pair_g,pair_h,model,participant,session,y,sev,t,proba
3,15,RF,3,4,0,0,0.0,0.0057592827301319064
3,15,RF,3,4,0,0,1.008661,0.020019990064768598
3,15,RF,3,4,0,0,2.002721,0.013941798969999366
3,15,RF,3,4,0,0,3.008869,0.019557961209627613
3,15,RF,3,4,0,0,4.00239,0.027099274415941985
3,15,RF,3,4,0,0,5.007593,0.04778061665799666
3,15,RF,3,4,0,0,6.002728,0.07223169842629372
3,15,RF,3,4,0,0,7.007195,0.058868602238005385
3,15,RF,3,4,0,0,8.00138,0.07630615781234487
3,15,RF,3,4,0,0,9.006776,0.06998060568930145
3,15,RF,3,4,0,0,10.00242,0.05469438471535187
3,15,RF,3,4,0,0,11.00579,0.0946218592602274
3,15,RF,3,4,0,0,12.00219,0.09410278020510103
3,15,RF,3,4,0,0,13.00505,0.09410278020510103
3,15,RF,3,4,0,0,14.01213,0.09925783075124714
3,15,RF,3,4,0,0,15.00486,0.10306345395248688
3,15,RF,3,4,0,0,16.00989,0.12165470183087225
3,15,RF,3,4,0,0,17.0052,0.13642261563797137
3,15,RF,3,4,0,0,18.01026,0.15740718430581369
3,15,RF,3,4,0,0,19.00413,0.1546583010450735
3,15,RF,3,4,0,0,20.01035,0.14780104650798986
3,15,RF,3,4,0,0,21.00403,0.1345182629495809
3,15,RF,3,4,0,0,22.0082,0.13459327692452847
3,15,RF,3,4,0,0,23.00246,0.1321567437097527
3,15,RF,3,4,0,0,24.00895,0.14364316254182607
3,15,RF,3,4,0,0,25.00289,0.1387103918261637
3,15,RF,3,4,0,0,26.00946,0.17672639410022156
3,15,RF,3,4,0,0,27.00454,0.15617394801126921
3,15,RF,3,4,0,0,28.00746,0.18371314629372582
3,15,RF,3,4,0,0,29.00091,0.19139100313765722
3,15,RF,3,4,0,0,30.00637,0.16619432226840952
3,15,RF,3,4,0,0,31.00367,0.16718613099101304
3,15,RF,3,4,0,0,32.00863,0.17206768761862634
3,15,RF,3,4,0,0,33.0014,0.17817376728990417
3,15,RF,3,4,0,0,34.00493,0.18282765611992932
3,15,RF,3,4,0,0,35.01046,0.16412205838776017
3,15,RF,3,4,0,0,36.00857,0.16175248292718233
3,15,RF,3,4,0,0,37.01118,0.15931780412856505
3,15,RF,3,4,0,0,38.00753,0.1626511374618984
3,15,RF,3,4,0,0,39.01064,0.17120585667081287
3,15,RF,3,4,0,0,40.00348,0.15355896095515678
3,15,RF,3,4,0,0,41.01133,0.1592308879122934
3,15,RF,3,4,0,0,42.00616,0.15915830802985062
3,15,RF,3,4,0,0,43.01037,0.09813614627316398
3,15,RF,3,4,0,0,44.00665,0.09824562922283059
3,15,RF,3,4,0,0,45.0107,0.10399944812918434
3,15,RF,3,4,0,0,46.00231,0.12980440855222664
3,15,RF,3,4,0,0,47.01059,0.12316890802828465
3,15,RF,3,4,0,0,48.00177,0.12271654288918053
3,15,RF,3,4,0,0,48.99564,0.12271654288918053
3,15,RF,3,4,0,0,50.01097,0.12604987622251385
3,15,RF,3,4,0,0,51.01345,0.12604987622251385
3,15,RF,3,4,0,0,52.01149,0.13938320955584718
3,15,RF,15,22,0,0,0.0,0.0
3,15,RF,15,22,0,0,1.000974,0.02100733777364865
3,15,RF,15,22,0,0,2.003568,0.009321634998096425
3,15,RF,15,22,0,0,2.999172,0.012381743044793742
3,15,RF,15,22,0,0,4.004295,0.007980811276590272
3,15,RF,15,22,0,0,4.999187,0.015225075640174156
3,15,RF,15,22,0,0,6.004433,0.018594568666519075
3,15,RF,15,22,0,0,7.008282,0.01716109512213121
3,15,RF,15,22,0,0,8.002911,0.025740535753818905
3,15,RF,15,22,0,0,9.006618,0.016790824410997433
3,15,RF,15,22,0,0,10.00285,0.013919824759889145
3,15,RF,15,22,0,0,11.00888,0.011917939635451258
3,15,RF,15,22,0,0,12.00174,0.01525127296878459
3,15,RF,15,22,0,0,13.00911,0.007122352593904509
3,15,RF,15,22,0,0,14.00245,0.0019179396354512583
3,15,RF,15,22,0,0,15.00674,0.0019179396354512583
3,15,RF,15,22,0,0,16.0,0.004346574730330812
3,15,RF,15,22,0,0,17.00529,0.0024286350948795536
3,15,RF,15,22,0,0,18.00072,0.0
3,15,RF,15,22,0,0,19.00576,0.0033333333333333335
3,15,RF,15,22,0,0,20.00023,0.002935432393694874
3,15,RF,15,22,0,0,21.00535,0.0082419264139921
3,15,RF,15,22,0,0,21.99837,0.008553243303077263
3,15,RF,15,22,0,0,23.00469,0.02539777134526109
3,15,RF,15,22,0,0,23.99946,0.02539777134526109
3,15,RF,15,22,0,0,25.00485,0.020891689658844352
3,15,RF,15,22,1,1,25.99836,0.037558356325511015
3,15,RF,15,22,1,1,27.00395,0.043725280752916935
3,15,RF,15,22,1,1,28.00946,0.055770795315232664
3,15,RF,15,22,1,1,29.00419,0.06750259436875362
3,15,RF,15,22,1,1,30.00806,0.06477413651020121
3,15,RF,15,22,1,1,31.00277,0.07100322398882633
3,15,RF,15,22,1,1,32.00785,0.07433655732215967
3,15,RF,15,22,1,1,33.00269,0.09245071863866769
3,15,RF,15,22,1,1,34.00766,0.11092156843761136
3,15,RF,15,22,1,1,35.00272,0.11102277974116935
3,15,RF,15,22,1,1,36.00747,0.10911738530533437
3,15,RF,15,22,1,1,36.9996,0.12447814122378555
3,15,RF,15,22,1,1,38.00627,0.14635364856641708
3,15,RF,15,22,1,1,38.99976,0.1454507389042755
3,15,RF,15,22,1,1,40.00533,0.14211740557094216
3,15,RF,15,22,1,1,40.99976,0.14154120865802364
3,15,RF,15,22,1,1,42.00514,0.13299903464872542
3,15,RF,15,22,1,1,42.99894,0.1392567310819746
3,15,RF,15,22,1,1,44.00431,0.14711631768619535
3,15,RF,15,22,1,1,44.99878,0.13780953042890898
3,15,RF,15,22,1,1,46.00489,0.14255936438950226
3,15,RF,15,22,1,1,47.0092,0.13203765594227923
3,15,RF,15,22,1,1,48.00323,0.12537098927561255
3,15,RF,15,22,1,1,49.00968,0.12729003584044174
3,15,RF,15,22,1,1,50.0032,0.14456566320306627
3,15,RF,15,22,1,1,51.00922,0.19258025211199145
3,15,RF,15,22,1,1,52.0018,0.21036089033542082
3,15,RF,15,22,1,1,53.0089,0.2212336758443027
3,15,RF,15,22,1,1,54.00255,0.21747982403914012
3,15,RF,15,22,1,1,55.00832,0.20606332341188013
3,15,RF,15,22,1,1,56.00201,0.26372663326487356
3,15,RF,15,22,1,1,57.00761,0.2606957318949258
3,15,RF,15,22,1,1,57.99846,0.26736239856159244
3,15,RF,15,22,1,1,59.00563,0.2512844853460906
3,15,RF,15,22,1,1,60.0009,0.251798463882843
3,15,RF,15,22,1,1,61.00551,0.2387822721081614
3,15,RF,15,22,1,1,61.99966,0.23596617294765798
3,15,RF,15,22,1,1,63.0064,0.23392751391978103
3,15,RF,15,22,1,1,63.99938,0.22492393085391052
3,15,RF,15,22,1,1,65.00513,0.23184974182560267
3,15,RF,15,22,1,1,65.9985,0.23194979174729005
3,15,RF,15,22,1,1,67.00328,0.22620398872875971
3,15,RF,15,22,1,1,68.00936,0.21672780090122756
3,15,RF,15,22,1,1,69.00479,0.2058175359761298
3,15,RF,15,22,1,1,70.00838,0.20348312382095435
3,15,RF,15,22,1,1,71.00202,0.20681645715428768
3,15,RF,15,22,1,1,72.00929,0.22156066291579662
3,15,RF,15,22,1,1,73.00296,0.21831636258005802
3,15,RF,15,22,1,1,74.00823,0.20388534900913946
3,15,RF,15,22,1,1,75.00237,0.2163186143584946
3,15,RF,15,22,1,1,76.00737,0.2196515787153686
3,15,RF,15,22,1,1,77.00177,0.351110018771205
3,15,RF,15,22,1,1,78.00689,0.33915861709688405
3,15,RF,15,22,1,1,79.00884,0.3548473921229085
3,15,RF,15,22,1,1,80.00656,0.2890765532406356
3,15,RF,15,22,1,1,80.99937,0.2705680990445656
3,15,RF,15,22,1,1,82.00517,0.24550166648515534
3,15,RF,15,22,1,1,82.99969,0.2521491463759383
3,15,RF,15,22,1,1,84.00191,0.25614677883551024
3,15,RF,15,22,1,1,84.99885,0.265491215775295
3,15,RF,15,22,1,1,86.0044,0.25790818820920225
3,15,RF,15,22,1,1,86.99889,0.25926139029464307
3,15,RF,15,22,1,1,88.00349,0.259832623154859
3,15,RF,15,22,1,1,89.00752,0.2393203072038681
3,15,RF,15,22,1,1,90.00366,0.23792594516416624
3,15,RF,15,22,1,1,91.008,0.2307482461013665
3,15,RF,15,22,1,1,92.0039,0.2394088615541006
3,15,RF,15,22,1,1,93.00881,0.23468607036842518
3,15,RF,15,22,1,1,94.0022,0.22509958548591374
3,15,RF,15,22,1,1,95.00798,0.2236716465884154
3,15,RF,15,22,1,1,96.00266,0.20700497992174874
3,15,RF,15,22,1,1,97.00711,0.21367164658841542
3,15,RF,15,22,1,1,98.00116,0.21367164658841542
3,15,RF,15,22,1,1,99.00732,0.20840561456125872
3,15,RF,15,22,1,1,100.0006,0.20615545384689327
3,15,RF,15,22,1,1,101.0059,0.36035673075402275
3,15,RF,15,22,1,1,101.9992,0.3484629208544881
3,15,RF,15,22,1,1,103.0059,0.288853704387025
3,15,RF,15,22,1,1,103.9993,0.24472967434048806
3,15,RF,15,22,1,1,105.0047,0.21606526752887978
3,15,RF,15,22,1,1,105.9986,0.19823834273593555
3,15,RF,15,22,1,1,107.0035,0.21879484343484146
3,15,RF,15,22,1,1,107.9985,0.21522150256473493
3,15,RF,15,22,1,1,109.0031,0.21945149741419887
3,15,RF,15,22,1,1,110.0076,0.22278483074753222
3,15,RF,15,22,1,1,111.0022,0.22755053069587547
3,15,RF,15,22,1,1,112.008,0.22421719736254214
3,15,RF,15,22,1,1,113.0031,0.2233205358464116
3,15,RF,15,22,1,1,114.0076,0.22998720251307825
3,15,RF,15,22,1,1,114.9989,0.22665386917974492
3,15,RF,15,22,1,1,116.0066,0.22665386917974492
3,15,RF,15,22,1,1,117.0013,0.22434833789954828
3,15,RF,15,22,1,1,118.0067,0.2081032087118828
3,15,RF,15,22,1,1,119.0003,0.21326774734705817
3,15,RF,15,22,1,1,120.0045,0.2041644088631887
3,15,RF,15,22,1,1,121.0003,0.2100687439191005
3,15,RF,15,22,1,1,122.0044,0.2000687439191005
3,15,RF,15,22,1,1,122.9991,0.20434912552579146
3,15,RF,15,22,1,1,124.0044,0.18765441664821783
3,15,RF,15,22,1,1,124.9989,0.19574976016530143
3,15,RF,15,22,1,1,126.0041,0.18765515460113644
3,15,RF,15,22,1,1,127.0092,0.1843162866209136
3,15,RF,15,22,1,1,128.0039,0.20432661796177404
3,15,RF,15,22,1,1,129.0084,0.20768245885912479
3,15,RF,15,22,1,1,130.0032,0.21628182421961478
3,15,RF,15,22,1,1,131.0085,0.45484254864615925
3,15,RF,15,22,1,1,132.0024,0.3391204617153054
3,15,RF,15,22,1,1,133.0067,0.3260766927356343
3,15,RF,15,22,1,1,134.0019,0.32933825581105264
3,15,RF,15,22,1,1,135.0055,0.2864147537297225
3,15,RF,15,22,1,1,136.001,0.3540692719722215
3,15,RF,15,22,1,1,137.007,0.30472690011889997
3,15,RF,15,22,1,1,138.0008,0.29268848361087096
3,15,RF,15,22,1,1,139.0064,0.29159633870713186
3,15,RF,15,22,1,1,140.0006,0.28581851318728513
3,15,RF,15,22,1,1,141.0053,0.2416791296993931
3,15,RF,15,22,1,1,141.9996,0.22573094236587707
3,15,RF,15,22,1,1,143.0043,0.2033263227806066
3,15,RF,15,22,1,1,143.9991,0.20187513836617224
3,15,RF,15,22,1,1,145.0036,0.20193860231717217
3,15,RF,15,22,1,1,146.009,0.19860526898383885
3,15,RF,15,22,1,1,147.0034,0.21193860231717215
3,15,RF,15,22,1,1,148.0084,0.1929532628316735
3,15,RF,15,22,1,1,149.0029,0.18994699792725725
3,15,RF,15,22,1,1,150.0071,0.21537654091807956
3,15,RF,15,22,1,1,151.0033,0.21151114353043293
3,15,RF,15,22,1,1,152.0067,0.2334287141894249
3,15,RF,15,22,1,1,153.0012,0.25276281749532525
3,15,RF,15,22,1,1,154.0069,0.25092288565494203
3,15,RF,15,22,1,1,155.0018,0.5167655032519188
3,15,RF,15,22,1,1,156.005,0.5164927238874776
3,15,RF,15,22,1,1,157.0015,0.5173981758073828
3,15,RF,15,22,1,1,158.0064,0.5155045886182454
3,15,RF,15,22,1,1,158.9998,0.5130897162803233
3,15,RF,15,22,1,1,160.0075,0.4994053310482182
3,15,RF,15,22,1,1,160.9989,0.4968639764825224
3,15,RF,15,22,1,1,162.0055,0.4879541466337839
3,15,RF,15,22,1,1,162.9993,0.4846208133004506
3,15,RF,15,22,1,1,164.0038,0.4750975308858686
3,15,RF,15,22,1,1,165.009,0.45796462137283206
3,15,RF,15,22,1,1,166.0014,0.4640073607346071
3,15,RF,15,22,1,1,167.0084,0.45876937091835734
3,15,RF,15,22,1,1,168.0029,0.4321019662987721
3,15,RF,15,22,1,1,168.9988,0.35831442294403815
3,15,RF,15,22,1,1,170.0026,0.32596809988883374
3,15,RF,15,22,1,1,171.0087,0.30512605310429985
3,15,RF,15,22,1,1,172.002,0.19666332112995402
3,15,RF,15,22,1,1,173.0081,0.23325699949932244
3,15,RF,15,22,1,1,174.0015,0.18366461689256985
3,15,RF,15,22,1,1,175.0074,0.170915430595528
3,15,RF,15,22,1,1,176.0012,0.15231274444690426
3,15,RF,15,22,1,1,177.0057,0.15424249132905318
3,15,RF,15,22,1,1,178.0003,0.15032501095942838
3,15,RF,15,22,1,1,179.0055,0.1436509647635757
3,15,RF,15,22,1,1,180.0004,0.1275924286030551
3,15,RF,15,22,1,1,181.0063,0.12381263375396646
3,15,RF,15,22,1,1,181.9992,0.09714596708729983
3,15,RF,15,22,1,1,183.0047,0.11047930042063316
3,15,RF,15,22,1,1,183.9991,0.10714596708729983
3,15,RF,15,22,1,1,185.0039,0.10036059305948401
3,15,RF,15,22,1,1,185.9996,0.07511854450218197
3,15,RF,15,22,1,1,187.0029,0.0784518778355153
3,15,RF,15,22,1,1,188.0091,0.07381263375396649
3,15,RF,15,22,1,1,189.0034,0.0638126337539665
3,15,RF,15,22,1,1,190.0086,0.06714596708729982
3,15,RF,15,22,1,1,191.0028,0.06380451627186186
3,15,RF,15,22,1,1,192.0077,0.07187993506014316
3,15,RF,15,22,1,1,193.0021,0.07291230644469096
3,15,RF,15,22,1,1,194.0079,0.0762456397780243
3,15,RF,15,22,1,1,195.0012,0.0762456397780243
3,15,RF,15,22,1,1,196.0064,0.08652573541504148
3,15,RF,15,22,1,1,197.0011,0.11689213864810573
3,15,RF,15,22,1,1,198.0061,0.12
3,15,RF,15,22,1,1,199.0004,0.15
3,15,RF,15,22,1,1,200.0061,0.15
3,15,RF,15,22,1,1,200.9999,0.1604995941258948
3,15,RF,15,22,1,1,202.0023,0.16464065943304698
3,15,RF,15,22,1,1,202.9989,0.2327422755499387
3,15,RF,15,22,1,1,204.004,0.29537790716299006
3,15,RF,15,22,1,1,204.9987,0.2989570185647166
3,15,RF,15,22,1,1,206.0042,0.3196950139877274
3,15,RF,15,22,1,1,207.0072,0.3269888352307598
3,15,RF,15,22,1,1,208.0036,0.3470999288149644
3,15,RF,15,22,1,1,208.9984,0.383766595481631
3,15,RF,15,22,1,1,210.0027,0.3946832562677434
3,15,RF,15,22,1,1,211.0065,0.4213499229344101
3,15,RF,15,22,1,1,212.0023,0.7232603296142122
3,15,RF,15,22,1,1,213.0079,0.7229542601098894
3,15,RF,15,22,1,1,214.0013,0.7229542601098894
3,15,RF,15,22,1,1,215.0067,0.7282099607961857
3,15,RF,15,22,1,1,216.0005,0.721543294129519
3,15,RF,15,22,1,1,217.0071,0.7262875934432228
3,15,RF,15,22,1,1,217.9998,0.7196209267765561
3,15,RF,15,22,1,1,219.0065,0.7129542601098894
3,15,RF,15,22,1,1,220.0002,0.6929520462511337
3,15,RF,15,22,1,1,221.005,0.687204499944588
3,15,RF,15,22,1,1,221.9992,0.6838711666112547
3,15,RF,15,22,1,1,223.004,0.6848750687041953
3,15,RF,15,22,1,1,223.9989,0.6948750687041954
3,15,RF,15,22,1,1,225.0036,0.692970412221279
3,15,RF,15,22,1,1,225.9981,0.6896370788879457
3,15,RF,15,22,1,1,227.003,0.6896370788879457
3,15,RF,15,22,1,1,227.9983,0.6776175315628428
3,15,RF,15,22,1,1,229.0027,0.662970412221279
3,15,RF,15,22,1,1,230.0077,0.6654109427103675
3,15,RF,15,22,1,1,231.0015,0.6854109427103675
3,15,RF,15,22,1,1,232.0083,0.6906596328439369
3,15,RF,15,22,1,1,232.9994,0.6896509856039464
3,15,RF,15,22,1,1,234.0069,0.7034245907060467
3,15,RF,15,22,1,1,235.0008,0.6924974071557731
3,15,RF,15,22,1,1,236.0067,0.7000912573727134
3,15,RF,15,22,1,1,237.0007,0.6934245907060467
3,15,RF,15,22,1,1,238.0053,0.6958412632532676
3,15,RF,15,22,1,1,238.9998,0.7000912573727134
3,15,RF,15,22,1,1,240.0057,0.6934245907060467
3,15,RF,15,22,1,1,240.9991,0.7034245907060467
3,15,RF,15,22,1,1,242.0057,0.7100912573727134
3,15,RF,15,22,1,1,242.9979,0.6962389303593292
3,15,RF,15,22,1,1,244.0028,0.7148279643789586
3,15,RF,15,22,1,1,244.9987,0.7171184562096709
3,15,RF,15,22,1,1,246.0038,0.7196625230382264
3,15,RF,15,22,1,1,247.0082,0.712475214276263
3,15,RF,15,22,1,1,248.0007,0.7224844386877456
3,15,RF,15,22,1,1,249.0081,0.7258177720210789
3,15,RF,15,22,1,1,250.0022,0.7401597525944028
3,15,RF,15,22,1,1,250.9977,0.7429838984138994
3,15,RF,15,22,1,1,252.0028,0.7415245965173605
3,15,RF,15,22,1,1,253.0074,0.751975251173909
3,15,RF,15,22,1,1,254.0015,0.7505159492773699
3,15,RF,15,22,1,1,255.0057,0.7534234837766689
3,15,RF,15,22,1,1,256.0016,0.7420055072435716
3,15,RF,15,22,1,1,257.0052,0.7386721739102383
3,15,RF,15,22,1,1,257.9996,0.7434164732239421
3,15,RF,15,22,1,1,259.0047,0.7420195283490251
3,15,RF,15,22,1,1,260.0,0.7353528616823585
3,15,RF,15,22,1,1,261.0054,0.733941895701988
3,15,RF,15,22,1,1,261.9995,0.732482593805449
3,15,RF,15,22,1,1,263.005,0.7472752290353213
3,15,RF,15,22,1,1,264.0086,0.743941895701988
3,15,RF,15,22,1,1,265.0041,0.7306085623686547
3,15,RF,15,22,1,1,265.9979,0.7372752290353213
3,15,RF,15,22,1,1,267.0028,0.738719402897029
3,15,RF,15,22,1,1,267.9983,0.7453860695636956
3,15,RF,15,22,1,1,269.0023,0.7453860695636956
3,15,RF,15,22,1,1,270.0084,0.7420527362303623
3,15,RF,15,22,1,1,271.0029,0.7401373794301261
3,15,RF,15,22,1,1,272.0079,0.7434707127634594
3,15,RF,15,22,1,1,273.0007,0.7401373794301261
3,15,RF,15,22,1,1,274.007,0.7453860695636956
3,15,RF,15,22,1,1,275.002,0.7453860695636956
3,15,RF,15,22,1,1,276.0071,0.7562780418640151
3,15,RF,15,22,1,1,276.9994,0.7596113751973484
3,15,RF,15,22,1,1,278.0064,0.7614854066341428
3,15,RF,15,22,1,1,278.9993,0.7648187399674762
3,15,RF,15,22,1,1,280.0048,0.7633712453176348
3,15,RF,15,22,1,1,280.9991,0.8138461180207565
3,15,RF,15,22,1,1,282.0041,0.805890312158939
3,15,RF,15,22,1,1,282.9991,0.7852598257860041
3,15,RF,15,22,1,1,284.0046,0.8033857943492098
3,15,RF,15,22,1,1,284.9987,0.8147967603295801
3,15,RF,15,22,1,1,286.0029,0.8233485277268202
3,15,RF,15,22,1,1,286.9979,0.8256212182755046
3,15,RF,15,22,1,1,288.0019,0.8274952497122989
3,15,RF,15,22,1,1,289.0057,0.8270687129253459
3,15,RF,15,22,1,1,290.0014,0.8237353795920126
3,15,RF,15,22,1,1,291.0084,0.8284866894584431
3,15,RF,15,22,1,1,292.0014,0.8332793246883154
3,15,RF,15,22,1,1,293.0075,0.8319277251821146
3,15,RF,15,22,1,1,293.9986,0.8318860308422135
3,15,RF,15,22,1,1,295.0063,0.8486784077742684
3,15,RF,15,22,1,1,296.0003,0.845345074440935
3,15,RF,15,22,1,1,297.0054,0.843885772544396
3,15,RF,15,22,1,1,298.001,0.8453325292413187
3,15,RF,15,22,1,1,299.0046,0.8490923993616051
3,15,RF,15,22,1,1,299.9992,0.8391267141723202
3,15,RF,15,22,1,1,301.0032,0.8424600475056535
3,15,RF,15,22,1,1,301.9981,0.8439075421554948
3,15,GB,3,4,0,0,0.0,0.0002575782376021426
3,15,GB,3,4,0,0,1.008661,0.0023903847756361575
3,15,GB,3,4,0,0,2.002721,0.002449658543053936
3,15,GB,3,4,0,0,3.008869,0.0016072391925644627
3,15,GB,3,4,0,0,4.00239,0.0010022508928145923
3,15,GB,3,4,0,0,5.007593,0.0009079093348456902
3,15,GB,3,4,0,0,6.002728,0.001477651032402173
3,15,GB,3,4,0,0,7.007195,0.00107934963923167
3,15,GB,3,4,0,0,8.00138,0.002022312896656326
3,15,GB,3,4,0,0,9.006776,0.0019661593844088688
3,15,GB,3,4,0,0,10.00242,0.0012927009723464025
3,15,GB,3,4,0,0,11.00579,0.009224203043320958
3,15,GB,3,4,0,0,12.00219,0.009115483607629857
3,15,GB,3,4,0,0,13.00505,0.00954313985907126
3,15,GB,3,4,0,0,14.01213,0.009735661697938845
3,15,GB,3,4,0,0,15.00486,0.014329369848986603
3,15,GB,3,4,0,0,16.00989,0.01457444137292909
3,15,GB,3,4,0,0,17.0052,0.013847298951613352
3,15,GB,3,4,0,0,18.01026,0.014212491418940675
3,15,GB,3,4,0,0,19.00413,0.01388079467272933
3,15,GB,3,4,0,0,20.01035,0.011789283085508305
3,15,GB,3,4,0,0,21.00403,0.005424649092729089
3,15,GB,3,4,0,0,22.0082,0.0047015731347159724
3,15,GB,3,4,0,0,23.00246,0.004645458819575532
3,15,GB,3,4,0,0,24.00895,0.004681850564412751
3,15,GB,3,4,0,0,25.00289,0.004838899381437961
3,15,GB,3,4,0,0,26.00946,0.004739930270137741
3,15,GB,3,4,0,0,27.00454,0.004763644556744251
3,15,GB,3,4,0,0,28.00746,0.0038817373734595273
3,15,GB,3,4,0,0,29.00091,0.004034315624200945
3,15,GB,3,4,0,0,30.00637,0.0031748426016306366
3,15,GB,3,4,0,0,31.00367,0.0036168865071350164
3,15,GB,3,4,0,0,32.00863,0.003584511975664366
3,15,GB,3,4,0,0,33.0014,0.002955534153515503
3,15,GB,3,4,0,0,34.00493,0.006895244773547257
3,15,GB,3,4,0,0,35.01046,0.007717313301665927
3,15,GB,3,4,0,0,36.00857,0.006814549959534017
3,15,GB,3,4,0,0,37.01118,0.0079425359119364
3,15,GB,3,4,0,0,38.00753,0.009848234699910786
3,15,GB,3,4,0,0,39.01064,0.01056048019304248
3,15,GB,3,4,0,0,40.00348,0.010163276719322009
3,15,GB,3,4,0,0,41.01133,0.016374078308809454
3,15,GB,3,4,0,0,42.00616,0.01959292728890772
3,15,GB,3,4,0,0,43.01037,0.005234186554698153
3,15,GB,3,4,0,0,44.00665,0.006444923352778948
3,15,GB,3,4,0,0,45.0107,0.006313628597656356
3,15,GB,3,4,0,0,46.00231,0.00521963990639553
3,15,GB,3,4,0,0,47.01059,0.0030698277060063114
3,15,GB,3,4,0,0,48.00177,0.0027344265591251788
3,15,GB,3,4,0,0,48.99564,0.0030558031050817768
3,15,GB,3,4,0,0,50.01097,0.0030224260698089415
3,15,GB,3,4,0,0,51.01345,0.0018565403503133851
3,15,GB,3,4,0,0,52.01149,0.003185546768425275
3,15,GB,15,22,0,0,0.0,0.00010415589318867634
3,15,GB,15,22,0,0,1.000974,0.00017532344072718092
3,15,GB,15,22,0,0,2.003568,0.00016396604023051576
3,15,GB,15,22,0,0,2.999172,0.0004792365343103857
3,15,GB,15,22,0,0,4.004295,0.000299259169968033
3,15,GB,15,22,0,0,4.999187,0.0006268043718070378
3,15,GB,15,22,0,0,6.004433,0.0008124970905578601
3,15,GB,15,22,0,0,7.008282,0.0012821658719132454
3,15,GB,15,22,0,0,8.002911,0.00124937747689821
3,15,GB,15,22,0,0,9.006618,0.00013627519038359888
3,15,GB,15,22,0,0,10.00285,9.561978244470497e-05
3,15,GB,15,22,0,0,11.00888,0.00010888631093540637
3,15,GB,15,22,0,0,12.00174,9.440172217857293e-05
3,15,GB,15,22,0,0,13.00911,9.231728643522275e-05
3,15,GB,15,22,0,0,14.00245,0.0001010661472476687
3,15,GB,15,22,0,0,15.00674,8.960810551830079e-05
3,15,GB,15,22,0,0,16.0,8.796701076125629e-05
3,15,GB,15,22,0,0,17.00529,0.00010456703831247552
3,15,GB,15,22,0,0,18.00072,0.00012430953627690975
3,15,GB,15,22,0,0,19.00576,0.0001603175718720636
3,15,GB,15,22,0,0,20.00023,0.00017526599688382426
3,15,GB,15,22,0,0,21.00535,0.00012007549088510292
3,15,GB,15,22,0,0,21.99837,0.0001257607062869489
3,15,GB,15,22,0,0,23.00469,0.00026040651827161885
3,15,GB,15,22,0,0,23.99946,0.0003476684458925431
3,15,GB,15,22,0,0,25.00485,0.00031384465867864735
3,15,GB,15,22,1,1,25.99836,0.0015207386536906728
3,15,GB,15,22,1,1,27.00395,0.0011707271187970123
3,15,GB,15,22,1,1,28.00946,0.0010443513318246747
3,15,GB,15,22,1,1,29.00419,0.001020542572311252
3,15,GB,15,22,1,1,30.00806,0.0010699484845985833
3,15,GB,15,22,1,1,31.00277,0.0011226408972799477
3,15,GB,15,22,1,1,32.00785,0.001144026673636747
3,15,GB,15,22,1,1,33.00269,0.001174246231081143
3,15,GB,15,22,1,1,34.00766,0.0010980451482834543
3,15,GB,15,22,1,1,35.00272,0.0011437297669840744
3,15,GB,15,22,1,1,36.00747,0.0009375364667300566
3,15,GB,15,22,1,1,36.9996,0.0010383224536123232
3,15,GB,15,22,1,1,38.00627,0.002442278824452003
3,15,GB,15,22,1,1,38.99976,0.001928325449958575
3,15,GB,15,22,1,1,40.00533,0.0024469033745375818
3,15,GB,15,22,1,1,40.99976,0.0024211475286529957
3,15,GB,15,22,1,1,42.00514,0.0023301434515460772
3,15,GB,15,22,1,1,42.99894,0.003465503055291712
3,15,GB,15,22,1,1,44.00431,0.0034298540459514275
3,15,GB,15,22,1,1,44.99878,0.002756765319034925
3,15,GB,15,22,1,1,46.00489,0.0028076871827084956
3,15,GB,15,22,1,1,47.0092,0.002366516791954948
3,15,GB,15,22,1,1,48.00323,0.0020740721892518067
3,15,GB,15,22,1,1,49.00968,0.0021414484815255016
3,15,GB,15,22,1,1,50.0032,0.001526727680521314
3,15,GB,15,22,1,1,51.00922,0.005108075275433535
3,15,GB,15,22,1,1,52.0018,0.005752468598041612
3,15,GB,15,22,1,1,53.0089,0.005803090116700785
3,15,GB,15,22,1,1,54.00255,0.008959179146400724
3,15,GB,15,22,1,1,55.00832,0.0077328731230252995
3,15,GB,15,22,1,1,56.00201,0.006061313697895869
3,15,GB,15,22,1,1,57.00761,0.00750391128648012
3,15,GB,15,22,1,1,57.99846,0.006974306421564999
3,15,GB,15,22,1,1,59.00563,0.017554756463852326
3,15,GB,15,22,1,1,60.0009,0.01737075325437745
3,15,GB,15,22,1,1,61.00551,0.020238412053763286
3,15,GB,15,22,1,1,61.99966,0.018235817966601592
3,15,GB,15,22,1,1,63.0064,0.01499342352230157
3,15,GB,15,22,1,1,63.99938,0.016075005269790603
3,15,GB,15,22,1,1,65.00513,0.022181264357141975
3,15,GB,15,22,1,1,65.9985,0.011634117492393552
3,15,GB,15,22,1,1,67.00328,0.010992740858869208
3,15,GB,15,22,1,1,68.00936,0.011139555049504193
3,15,GB,15,22,1,1,69.00479,0.009061461801343224
3,15,GB,15,22,1,1,70.00838,0.014055644440225768
3,15,GB,15,22,1,1,71.00202,0.016052486838817156
3,15,GB,15,22,1,1,72.00929,0.016159363003878602
3,15,GB,15,22,1,1,73.00296,0.012586124183674979
3,15,GB,15,22,1,1,74.00823,0.0062965967189515136
3,15,GB,15,22,1,1,75.00237,0.011985645237825839
3,15,GB,15,22,1,1,76.00737,0.018318231003691694
3,15,GB,15,22,1,1,77.00177,0.1627608393650532
3,15,GB,15,22,1,1,78.00689,0.09833777996768156
3,15,GB,15,22,1,1,79.00884,0.18500129923183228
3,15,GB,15,22,1,1,80.00656,0.05792354890827308
3,15,GB,15,22,1,1,80.99937,0.03703363032091833
3,15,GB,15,22,1,1,82.00517,0.010530077771762547
3,15,GB,15,22,1,1,82.99969,0.014171899118557072
3,15,GB,15,22,1,1,84.00191,0.017175570611926753
3,15,GB,15,22,1,1,84.99885,0.0218369125349659
3,15,GB,15,22,1,1,86.0044,0.01756077403979134
3,15,GB,15,22,1,1,86.99889,0.021034054875822036
3,15,GB,15,22,1,1,88.00349,0.022705241097037313
3,15,GB,15,22,1,1,89.00752,0.012621020744167127
3,15,GB,15,22,1,1,90.00366,0.018882530084277482
3,15,GB,15,22,1,1,91.008,0.008942438010902411
3,15,GB,15,22,1,1,92.0039,0.012741518539722805
3,15,GB,15,22,1,1,93.00881,0.011453286099712759
3,15,GB,15,22,1,1,94.0022,0.01049256176235779
3,15,GB,15,22,1,1,95.00798,0.01093413616316287
3,15,GB,15,22,1,1,96.00266,0.011320026203176289
3,15,GB,15,22,1,1,97.00711,0.010469696967335322
3,15,GB,15,22,1,1,98.00116,0.01204910912000076
3,15,GB,15,22,1,1,99.00732,0.008911435667431486
3,15,GB,15,22,1,1,100.0006,0.008833982263448963
3,15,GB,15,22,1,1,101.0059,0.13060978549338814
3,15,GB,15,22,1,1,101.9992,0.0828678498676373
3,15,GB,15,22,1,1,103.0059,0.043311743652415934
3,15,GB,15,22,1,1,103.9993,0.01822544895877704
3,15,GB,15,22,1,1,105.0047,0.008384575119088617
3,15,GB,15,22,1,1,105.9986,0.004103147381493239
3,15,GB,15,22,1,1,107.0035,0.004157889977273436
3,15,GB,15,22,1,1,107.9985,0.00296754356321632
3,15,GB,15,22,1,1,109.0031,0.004067546047192824
3,15,GB,15,22,1,1,110.0076,0.0044180019323772045
3,15,GB,15,22,1,1,111.0022,0.004024636682823182
3,15,GB,15,22,1,1,112.008,0.004311581806517642
3,15,GB,15,22,1,1,113.0031,0.004481578197136095
3,15,GB,15,22,1,1,114.0076,0.0053627122891389024
3,15,GB,15,22,1,1,114.9989,0.004794291315763787
3,15,GB,15,22,1,1,116.0066,0.004655198675772972
3,15,GB,15,22,1,1,117.0013,0.0046481031215051495
3,15,GB,15,22,1,1,118.0067,0.005092228388447917
3,15,GB,15,22,1,1,119.0003,0.006343239141951016
3,15,GB,15,22,1,1,120.0045,0.012627905826386274
3,15,GB,15,22,1,1,121.0003,0.012464954968378105
3,15,GB,15,22,1,1,122.0044,0.00527242198608299
3,15,GB,15,22,1,1,122.9991,0.005291999431974231
3,15,GB,15,22,1,1,124.0044,0.004959802896713175
3,15,GB,15,22,1,1,124.9989,0.0070954449564633055
3,15,GB,15,22,1,1,126.0041,0.006236459882666852
3,15,GB,15,22,1,1,127.0092,0.006245838544804797
3,15,GB,15,22,1,1,128.0039,0.009407230649270706
3,15,GB,15,22,1,1,129.0084,0.013130962064094016
3,15,GB,15,22,1,1,130.0032,0.012121748059861272
3,15,GB,15,22,1,1,131.0085,0.4141828514140475
3,15,GB,15,22,1,1,132.0024,0.06533997281235163
3,15,GB,15,22,1,1,133.0067,0.07561180251199678
3,15,GB,15,22,1,1,134.0019,0.041017624751049586
3,15,GB,15,22,1,1,135.0055,0.030263603821895246
3,15,GB,15,22,1,1,136.001,0.06996425849397708
3,15,GB,15,22,1,1,137.007,0.04393871707736207
3,15,GB,15,22,1,1,138.0008,0.019654840859807305
3,15,GB,15,22,1,1,139.0064,0.03307612636893892
3,15,GB,15,22,1,1,140.0006,0.022551120761888626
3,15,GB,15,22,1,1,141.0053,0.009702238224630622
3,15,GB,15,22,1,1,141.9996,0.011650127467101654
3,15,GB,15,22,1,1,143.0043,0.010718103540615248
3,15,GB,15,22,1,1,143.9991,0.01535474426403467
3,15,GB,15,22,1,1,145.0036,0.0200067215926921
3,15,GB,15,22,1,1,146.009,0.020454589806902557
3,15,GB,15,22,1,1,147.0034,0.020774823545771426
3,15,GB,15,22,1,1,148.0084,0.020760119612929274
3,15,GB,15,22,1,1,149.0029,0.007017279173626186
3,15,GB,15,22,1,1,150.0071,0.0073237463957515295
3,15,GB,15,22,1,1,151.0033,0.006809865910778224
3,15,GB,15,22,1,1,152.0067,0.007201673646684531
3,15,GB,15,22,1,1,153.0012,0.006966641688047375
3,15,GB,15,22,1,1,154.0069,0.006832201571959568
3,15,GB,15,22,1,1,155.0018,0.34320097899673174
3,15,GB,15,22,1,1,156.005,0.340559292632314
3,15,GB,15,22,1,1,157.0015,0.35212717708042157
3,15,GB,15,22,1,1,158.0064,0.4073910330337692
3,15,GB,15,22,1,1,158.9998,0.4490362401895628
3,15,GB,15,22,1,1,160.0075,0.5524986964900741
3,15,GB,15,22,1,1,160.9989,0.5542862167198978
3,15,GB,15,22,1,1,162.0055,0.5188197128939699
3,15,GB,15,22,1,1,162.9993,0.5390909139625956
3,15,GB,15,22,1,1,164.0038,0.4105451944688971
3,15,GB,15,22,1,1,165.009,0.4517869817788288
3,15,GB,15,22,1,1,166.0014,0.46236802962647106
3,15,GB,15,22,1,1,167.0084,0.43592517592526864
3,15,GB,15,22,1,1,168.0029,0.43592517592526864
3,15,GB,15,22,1,1,168.9988,0.06682118634135681
3,15,GB,15,22,1,1,170.0026,0.025558926002897307
3,15,GB,15,22,1,1,171.0087,0.025558926002897307
3,15,GB,15,22,1,1,172.002,0.02433352947152675
3,15,GB,15,22,1,1,173.0081,0.002910045958950503
3,15,GB,15,22,1,1,174.0015,0.002034833857392323
3,15,GB,15,22,1,1,175.0074,0.0007512607877188541
3,15,GB,15,22,1,1,176.0012,0.0006274265033405946
3,15,GB,15,22,1,1,177.0057,0.001496401750620794
3,15,GB,15,22,1,1,178.0003,0.000650487279807787
3,15,GB,15,22,1,1,179.0055,0.0006746138586857026
3,15,GB,15,22,1,1,180.0004,0.0006721415437478068
3,15,GB,15,22,1,1,181.0063,0.0006616443105520904
3,15,GB,15,22,1,1,181.9992,0.000855108518432117
3,15,GB,15,22,1,1,183.0047,0.0007252652000015457
3,15,GB,15,22,1,1,183.9991,0.0006495839776392136
3,15,GB,15,22,1,1,185.0039,0.0006292104550013526
3,15,GB,15,22,1,1,185.9996,0.0008948332821913277
3,15,GB,15,22,1,1,187.0029,0.0011912041314843715
3,15,GB,15,22,1,1,188.0091,0.0010798033957059518
3,15,GB,15,22,1,1,189.0034,0.0010470048130107414
3,15,GB,15,22,1,1,190.0086,0.0013469903187682344
3,15,GB,15,22,1,1,191.0028,0.001133767640337579
3,15,GB,15,22,1,1,192.0077,0.001302462498524974
3,15,GB,15,22,1,1,193.0021,0.0011626423622956308
3,15,GB,15,22,1,1,194.0079,0.0014672489814161248
3,15,GB,15,22,1,1,195.0012,0.0013570020277294938
3,15,GB,15,22,1,1,196.0064,0.0018727474540833604
3,15,GB,15,22,1,1,197.0011,0.0017852229130269597
3,15,GB,15,22,1,1,198.0061,0.0017943591565287166
3,15,GB,15,22,1,1,199.0004,0.002003097514851326
3,15,GB,15,22,1,1,200.0061,0.0018968135266582435
3,15,GB,15,22,1,1,200.9999,0.001762261742990488
3,15,GB,15,22,1,1,202.0023,0.02120252351679431
3,15,GB,15,22,1,1,202.9989,0.03838971022230345
3,15,GB,15,22,1,1,204.004,0.08568794724718984
3,15,GB,15,22,1,1,204.9987,0.0550336252708839
3,15,GB,15,22,1,1,206.0042,0.0668464532070724
3,15,GB,15,22,1,1,207.0072,0.06323090075221446
3,15,GB,15,22,1,1,208.0036,0.0715159091383827
3,15,GB,15,22,1,1,208.9984,0.13487379537123842
3,15,GB,15,22,1,1,210.0027,0.1525668998852557
3,15,GB,15,22,1,1,211.0065,0.15251910238944608
3,15,GB,15,22,1,1,212.0023,0.9677350985140475
3,15,GB,15,22,1,1,213.0079,0.9762096037063197
3,15,GB,15,22,1,1,214.0013,0.9687211988171173
3,15,GB,15,22,1,1,215.0067,0.9668542255366654
3,15,GB,15,22,1,1,216.0005,0.9661489940558281
3,15,GB,15,22,1,1,217.0071,0.9762981366267885
3,15,GB,15,22,1,1,217.9998,0.9754305210502079
3,15,GB,15,22,1,1,219.0065,0.9762895793294217
3,15,GB,15,22,1,1,220.0002,0.9632607941783381
3,15,GB,15,22,1,1,221.005,0.9517048935859627
3,15,GB,15,22,1,1,221.9992,0.9496585051328855
3,15,GB,15,22,1,1,223.004,0.9532707520251518
3,15,GB,15,22,1,1,223.9989,0.9540432195026297
3,15,GB,15,22,1,1,225.0036,0.9525149845337733
3,15,GB,15,22,1,1,225.9981,0.9524982583735011
3,15,GB,15,22,1,1,227.003,0.9311843264844429
3,15,GB,15,22,1,1,227.9983,0.9043473720345907
3,15,GB,15,22,1,1,229.0027,0.9002004073790374
3,15,GB,15,22,1,1,230.0077,0.8638394922503575
3,15,GB,15,22,1,1,231.0015,0.9291809115438542
3,15,GB,15,22,1,1,232.0083,0.9090928090181201
3,15,GB,15,22,1,1,232.9994,0.9124128842088834
3,15,GB,15,22,1,1,234.0069,0.9142461289686888
3,15,GB,15,22,1,1,235.0008,0.8871968785285826
3,15,GB,15,22,1,1,236.0067,0.9299760479794462
3,15,GB,15,22,1,1,237.0007,0.9008638574488573
3,15,GB,15,22,1,1,238.0053,0.9080042059476564
3,15,GB,15,22,1,1,238.9998,0.9267367088071009
3,15,GB,15,22,1,1,240.0057,0.888647331820232
3,15,GB,15,22,1,1,240.9991,0.9300909037081022
3,15,GB,15,22,1,1,242.0057,0.9266879401076049
3,15,GB,15,22,1,1,242.9979,0.9481332421337271
3,15,GB,15,22,1,1,244.0028,0.9401171083672142
3,15,GB,15,22,1,1,244.9987,0.9364940350931544
3,15,GB,15,22,1,1,246.0038,0.9686530614749159
3,15,GB,15,22,1,1,247.0082,0.9700156699831444
3,15,GB,15,22,1,1,248.0007,0.9705121073055447
3,15,GB,15,22,1,1,249.0081,0.9889982811914524
3,15,GB,15,22,1,1,250.0022,0.9939757290487633
3,15,GB,15,22,1,1,250.9977,0.9937057374506587
3,15,GB,15,22,1,1,252.0028,0.994285493805993
3,15,GB,15,22,1,1,253.0074,0.9941622361887261
3,15,GB,15,22,1,1,254.0015,0.9956108745515649
3,15,GB,15,22,1,1,255.0057,0.9959652414764996
3,15,GB,15,22,1,1,256.0016,0.9959765319372189
3,15,GB,15,22,1,1,257.0052,0.9959765319372189
3,15,GB,15,22,1,1,257.9996,0.9960129935805938
3,15,GB,15,22,1,1,259.0047,0.9959765319372189
3,15,GB,15,22,1,1,260.0,0.9959652414764996
3,15,GB,15,22,1,1,261.0054,0.9959756193769007
3,15,GB,15,22,1,1,261.9995,0.9959244435938457
3,15,GB,15,22,1,1,263.005,0.9959652414764996
3,15,GB,15,22,1,1,264.0086,0.9960506931024165
3,15,GB,15,22,1,1,265.0041,0.9947642269685077
3,15,GB,15,22,1,1,265.9979,0.9940638333139769
3,15,GB,15,22,1,1,267.0028,0.9965323538412862
3,15,GB,15,22,1,1,267.9983,0.9962959184645273
3,15,GB,15,22,1,1,269.0023,0.9964107021771181
3,15,GB,15,22,1,1,270.0084,0.9960604124220516
3,15,GB,15,22,1,1,271.0029,0.9980836491259545
3,15,GB,15,22,1,1,272.0079,0.9980420983484761
3,15,GB,15,22,1,1,273.0007,0.99804758853543
3,15,GB,15,22,1,1,274.007,0.9981778076000916
3,15,GB,15,22,1,1,275.002,0.9985583345637368
3,15,GB,15,22,1,1,276.0071,0.9984165495431093
3,15,GB,15,22,1,1,276.9994,0.9981623262105705
3,15,GB,15,22,1,1,278.0064,0.9989995560345604
3,15,GB,15,22,1,1,278.9993,0.9990095941472504
3,15,GB,15,22,1,1,280.0048,0.9988659288178027
3,15,GB,15,22,1,1,280.9991,0.9981333387104847
3,15,GB,15,22,1,1,282.0041,0.9988297171244851
3,15,GB,15,22,1,1,282.9991,0.9988084486899012
3,15,GB,15,22,1,1,284.0046,0.9988297171244851
3,15,GB,15,22,1,1,284.9987,0.9988297171244851
3,15,GB,15,22,1,1,286.0029,0.998833001318038
3,15,GB,15,22,1,1,286.9979,0.9989946749270175
3,15,GB,15,22,1,1,288.0019,0.9991385846228763
3,15,GB,15,22,1,1,289.0057,0.9991880722372805
3,15,GB,15,22,1,1,290.0014,0.9992100990518984
3,15,GB,15,22,1,1,291.0084,0.9992387844877358
3,15,GB,15,22,1,1,292.0014,0.9992273612754763
3,15,GB,15,22,1,1,293.0075,0.9992370325680526
3,15,GB,15,22,1,1,293.9986,0.9991922995531981
3,15,GB,15,22,1,1,295.0063,0.9992287535111379
3,15,GB,15,22,1,1,296.0003,0.9990236288943545
3,15,GB,15,22,1,1,297.0054,0.9991945297629414
3,15,GB,15,22,1,1,298.001,0.9992116428485968
3,15,GB,15,22,1,1,299.0046,0.9990662658732015
3,15,GB,15,22,1,1,299.9992,0.9991967909971092
3,15,GB,15,22,1,1,301.0032,0.9992265809887193
3,15,GB,15,22,1,1,301.9981,0.9991945297629414
3,15,LR,3,4,0,0,0.0,0.0014364880686820159
3,15,LR,3,4,0,0,1.008661,0.005791248324287296
3,15,LR,3,4,0,0,2.002721,0.023214109942008416
3,15,LR,3,4,0,0,3.008869,0.03302191177129346
3,15,LR,3,4,0,0,4.00239,0.03621166312610519
3,15,LR,3,4,0,0,5.007593,0.05371209398559452
3,15,LR,3,4,0,0,6.002728,0.08690771767351016
3,15,LR,3,4,0,0,7.007195,0.10336473078627514
3,15,LR,3,4,0,0,8.00138,0.11457438776657121
3,15,LR,3,4,0,0,9.006776,0.097682786680219
3,15,LR,3,4,0,0,10.00242,0.10742244406308604
3,15,LR,3,4,0,0,11.00579,0.12379771798890009
3,15,LR,3,4,0,0,12.00219,0.1301525190082293
3,15,LR,3,4,0,0,13.00505,0.1417832189869114
3,15,LR,3,4,0,0,14.01213,0.15026957989679662
3,15,LR,3,4,0,0,15.00486,0.1577269262173374
3,15,LR,3,4,0,0,16.00989,0.16625487809086023
3,15,LR,3,4,0,0,17.0052,0.13514366636740344
3,15,LR,3,4,0,0,18.01026,0.1340210440974101
3,15,LR,3,4,0,0,19.00413,0.09691014200459676
3,15,LR,3,4,0,0,20.01035,0.13461294481888483
3,15,LR,3,4,0,0,21.00403,0.13681897320124514
3,15,LR,3,4,0,0,22.0082,0.1394200029857603
3,15,LR,3,4,0,0,23.00246,0.14274469160116351
3,15,LR,3,4,0,0,24.00895,0.14903420572299636
3,15,LR,3,4,0,0,25.00289,0.1336603212715856
3,15,LR,3,4,0,0,26.00946,0.14545153298588262
3,15,LR,3,4,0,0,27.00454,0.14454236613276633
3,15,LR,3,4,0,0,28.00746,0.10680713282180668
3,15,LR,3,4,0,0,29.00091,0.1879014549796958
3,15,LR,3,4,0,0,30.00637,0.19503975516628066
3,15,LR,3,4,0,0,31.00367,0.18759585856968689
3,15,LR,3,4,0,0,32.00863,0.19725538833933648
3,15,LR,3,4,0,0,33.0014,0.2199682827469883
3,15,LR,3,4,0,0,34.00493,0.23554601479333848
3,15,LR,3,4,0,0,35.01046,0.26357233847117745
3,15,LR,3,4,0,0,36.00857,0.3033724798087681
3,15,LR,3,4,0,0,37.01118,0.32292606861175305
3,15,LR,3,4,0,0,38.00753,0.3480711541792419
3,15,LR,3,4,0,0,39.01064,0.3736943902982228
3,15,LR,3,4,0,0,40.00348,0.3682107952758219
3,15,LR,3,4,0,0,41.01133,0.3723820370715595
3,15,LR,3,4,0,0,42.00616,0.3712611186700599
3,15,LR,3,4,0,0,43.01037,0.35035582131974563
3,15,LR,3,4,0,0,44.00665,0.3434283162280575
3,15,LR,3,4,0,0,45.0107,0.34190274859468445
3,15,LR,3,4,0,0,46.00231,0.34733788801696597
3,15,LR,3,4,0,0,47.01059,0.3529598162497803
3,15,LR,3,4,0,0,48.00177,0.3149423103863463
3,15,LR,3,4,0,0,48.99564,0.3024143912477696
3,15,LR,3,4,0,0,50.01097,0.3226153410832353
3,15,LR,3,4,0,0,51.01345,0.3504321083509874
3,15,LR,3,4,0,0,52.01149,0.3613179280570659
3,15,LR,15,22,0,0,0.0,0.00018047724484011236
3,15,LR,15,22,0,0,1.000974,0.0007624306406893297
3,15,LR,15,22,0,0,2.003568,0.0017060938428255892
3,15,LR,15,22,0,0,2.999172,0.004003462496422955
3,15,LR,15,22,0,0,4.004295,0.0009754107002360447
3,15,LR,15,22,0,0,4.999187,0.0010425190955655618
3,15,LR,15,22,0,0,6.004433,0.0012253795352807897
3,15,LR,15,22,0,0,7.008282,0.0012707127153291677
3,15,LR,15,22,0,0,8.002911,0.0016364685131267747
3,15,LR,15,22,0,0,9.006618,0.002213008683293213
3,15,LR,15,22,0,0,10.00285,0.0026721146749764547
3,15,LR,15,22,0,0,11.00888,0.0032956653497679877
3,15,LR,15,22,0,0,12.00174,0.0039475391499880115
3,15,LR,15,22,0,0,13.00911,0.004769409551490483
3,15,LR,15,22,0,0,14.00245,0.005642718557504437
3,15,LR,15,22,0,0,15.00674,0.006494691204475077
3,15,LR,15,22,0,0,16.0,0.006816601555381799
3,15,LR,15,22,0,0,17.00529,0.008966374989239322
3,15,LR,15,22,0,0,18.00072,0.00604720124433514
3,15,LR,15,22,0,0,19.00576,0.007950295092583317
3,15,LR,15,22,0,0,20.00023,0.012942957224214059
3,15,LR,15,22,0,0,21.00535,0.01238890603639958
3,15,LR,15,22,0,0,21.99837,0.013751564404585496
3,15,LR,15,22,0,0,23.00469,0.016612932551625607
3,15,LR,15,22,0,0,23.99946,0.018330145817007575
3,15,LR,15,22,0,0,25.00485,0.019943688098303988
3,15,LR,15,22,1,1,25.99836,0.013672828599480595
3,15,LR,15,22,1,1,27.00395,0.016445916740577854
3,15,LR,15,22,1,1,28.00946,0.02553796878938553
3,15,LR,15,22,1,1,29.00419,0.026401838399668892
3,15,LR,15,22,1,1,30.00806,0.02690008943035221
3,15,LR,15,22,1,1,31.00277,0.027055223316897987
3,15,LR,15,22,1,1,32.00785,0.01866739374883318
3,15,LR,15,22,1,1,33.00269,0.027309935306666793
3,15,LR,15,22,1,1,34.00766,0.03018039527361504
3,15,LR,15,22,1,1,35.00272,0.02859403928802263
3,15,LR,15,22,1,1,36.00747,0.029310690744871574
3,15,LR,15,22,1,1,36.9996,0.024632822344540162
3,15,LR,15,22,1,1,38.00627,0.028680296619300605
3,15,LR,15,22,1,1,38.99976,0.02747569102027457
3,15,LR,15,22,1,1,40.00533,0.01682441445821148
3,15,LR,15,22,1,1,40.99976,0.025529387150309144
3,15,LR,15,22,1,1,42.00514,0.026369001604762195
3,15,LR,15,22,1,1,42.99894,0.015928158846861086
3,15,LR,15,22,1,1,44.00431,0.025079359557517854
3,15,LR,15,22,1,1,44.99878,0.025647349650788204
3,15,LR,15,22,1,1,46.00489,0.02810790999374717
3,15,LR,15,22,1,1,47.0092,0.023280791162370546
3,15,LR,15,22,1,1,48.00323,0.028569046085900468
3,15,LR,15,22,1,1,49.00968,0.027846147445620178
3,15,LR,15,22,1,1,50.0032,0.03005597313421411
3,15,LR,15,22,1,1,51.00922,0.020422522679143084
3,15,LR,15,22,1,1,52.0018,0.033257895179054246
3,15,LR,15,22,1,1,53.0089,0.03752806176412701
3,15,LR,15,22,1,1,54.00255,0.039499753323812635
3,15,LR,15,22,1,1,55.00832,0.04345051797163933
3,15,LR,15,22,1,1,56.00201,0.035117255515905214
3,15,LR,15,22,1,1,57.00761,0.033341962560126386
3,15,LR,15,22,1,1,57.99846,0.040367781699270924
3,15,LR,15,22,1,1,59.00563,0.04318011753517239
3,15,LR,15,22,1,1,60.0009,0.04461838545967128
3,15,LR,15,22,1,1,61.00551,0.03135708872907092
3,15,LR,15,22,1,1,61.99966,0.035700041901376725
3,15,LR,15,22,1,1,63.0064,0.054341400108381836
3,15,LR,15,22,1,1,63.99938,0.05468336631741021
3,15,LR,15,22,1,1,65.00513,0.058269963569592076
3,15,LR,15,22,1,1,65.9985,0.05848403552764235
3,15,LR,15,22,1,1,67.00328,0.0601661137223058
3,15,LR,15,22,1,1,68.00936,0.06803845374272868
3,15,LR,15,22,1,1,69.00479,0.06750615150481142
3,15,LR,15,22,1,1,70.00838,0.07184977014793607
3,15,LR,15,22,1,1,71.00202,0.07435859728238148
3,15,LR,15,22,1,1,72.00929,0.07758151354121441
3,15,LR,15,22,1,1,73.00296,0.056803728840289246
3,15,LR,15,22,1,1,74.00823,0.08583711950001183
3,15,LR,15,22,1,1,75.00237,0.08114422260897133
3,15,LR,15,22,1,1,76.00737,0.0881610438655501
3,15,LR,15,22,1,1,77.00177,0.09783219090295396
3,15,LR,15,22,1,1,78.00689,0.07834455850504521
3,15,LR,15,22,1,1,79.00884,0.0810154518365072
3,15,LR,15,22,1,1,80.00656,0.0866668276048032
3,15,LR,15,22,1,1,80.99937,0.07795103530260912
3,15,LR,15,22,1,1,82.00517,0.08492910144763563
3,15,LR,15,22,1,1,82.99969,0.07895052323212452
3,15,LR,15,22,1,1,84.00191,0.08148914582177329
3,15,LR,15,22,1,1,84.99885,0.08538659414367122
3,15,LR,15,22,1,1,86.0044,0.05472137650126863
3,15,LR,15,22,1,1,86.99889,0.08767125843519799
3,15,LR,15,22,1,1,88.00349,0.09497764723913704
3,15,LR,15,22,1,1,89.00752,0.10149401329110866
3,15,LR,15,22,1,1,90.00366,0.10624881736358231
3,15,LR,15,22,1,1,91.008,0.07994909217296928
3,15,LR,15,22,1,1,92.0039,0.1120775265255629
3,15,LR,15,22,1,1,93.00881,0.1252378224699873
3,15,LR,15,22,1,1,94.0022,0.07421002032085841
3,15,LR,15,22,1,1,95.00798,0.12700797257998203
3,15,LR,15,22,1,1,96.00266,0.13139639831112582
3,15,LR,15,22,1,1,97.00711,0.12790778632075858
3,15,LR,15,22,1,1,98.00116,0.13045001426899394
3,15,LR,15,22,1,1,99.00732,0.14756122938110663
3,15,LR,15,22,1,1,100.0006,0.14801270880158007
3,15,LR,15,22,1,1,101.0059,0.13912177228886854
3,15,LR,15,22,1,1,101.9992,0.13704393843541385
3,15,LR,15,22,1,1,103.0059,0.1453831460806822
3,15,LR,15,22,1,1,103.9993,0.15215511567820666
3,15,LR,15,22,1,1,105.0047,0.15230519947389806
3,15,LR,15,22,1,1,105.9986,0.15588832298958685
3,15,LR,15,22,1,1,107.0035,0.11066695735179982
3,15,LR,15,22,1,1,107.9985,0.12005566257155433
3,15,LR,15,22,1,1,109.0031,0.19002963763730857
3,15,LR,15,22,1,1,110.0076,0.20750610831543792
3,15,LR,15,22,1,1,111.0022,0.20753972335671247
3,15,LR,15,22,1,1,112.008,0.21428761949962918
3,15,LR,15,22,1,1,113.0031,0.1483652718579589
3,15,LR,15,22,1,1,114.0076,0.23005506182268376
3,15,LR,15,22,1,1,114.9989,0.23701724070933675
3,15,LR,15,22,1,1,116.0066,0.2316161127620445
3,15,LR,15,22,1,1,117.0013,0.22736205736575513
3,15,LR,15,22,1,1,118.0067,0.17049690349020769
3,15,LR,15,22,1,1,119.0003,0.24495866338696864
3,15,LR,15,22,1,1,120.0045,0.2517711364629919
3,15,LR,15,22,1,1,121.0003,0.1723589364325608
3,15,LR,15,22,1,1,122.0044,0.2452341071407157
3,15,LR,15,22,1,1,122.9991,0.2535587847865711
3,15,LR,15,22,1,1,124.0044,0.25508914484836237
3,15,LR,15,22,1,1,124.9989,0.25859055053998625
3,15,LR,15,22,1,1,126.0041,0.27393835953326173
3,15,LR,15,22,1,1,127.0092,0.2815215188683723
3,15,LR,15,22,1,1,128.0039,0.2867047638046918
3,15,LR,15,22,1,1,129.0084,0.3148302846867875
3,15,LR,15,22,1,1,130.0032,0.22027899812496757
3,15,LR,15,22,1,1,131.0085,0.2749534597877399
3,15,LR,15,22,1,1,132.0024,0.2679827110487823
3,15,LR,15,22,1,1,133.0067,0.2780306590101091
3,15,LR,15,22,1,1,134.0019,0.2672369882368069
3,15,LR,15,22,1,1,135.0055,0.18211168093188818
3,15,LR,15,22,1,1,136.001,0.2774556692241714
3,15,LR,15,22,1,1,137.007,0.285391120693855
3,15,LR,15,22,1,1,138.0008,0.2716968085471651
3,15,LR,15,22,1,1,139.0064,0.16932391353919232
3,15,LR,15,22,1,1,140.0006,0.17044795107591054
3,15,LR,15,22,1,1,141.0053,0.24784851672015099
3,15,LR,15,22,1,1,141.9996,0.23899693957173626
3,15,LR,15,22,1,1,143.0043,0.15673137195340708
3,15,LR,15,22,1,1,143.9991,0.22024770773436692
3,15,LR,15,22,1,1,145.0036,0.2439580989242071
3,15,LR,15,22,1,1,146.009,0.24355984767273262
3,15,LR,15,22,1,1,147.0034,0.25905454234297226
3,15,LR,15,22,1,1,148.0084,0.2596375948850439
3,15,LR,15,22,1,1,149.0029,0.24198250259101828
3,15,LR,15,22,1,1,150.0071,0.242543266398735
3,15,LR,15,22,1,1,151.0033,0.24607884890542636
3,15,LR,15,22,1,1,152.0067,0.16901555570367674
3,15,LR,15,22,1,1,153.0012,0.2615942281795126
3,15,LR,15,22,1,1,154.0069,0.2663569369860286
3,15,LR,15,22,1,1,155.0018,0.24064620035253317
3,15,LR,15,22,1,1,156.005,0.20438941303460134
3,15,LR,15,22,1,1,157.0015,0.2230202074964995
3,15,LR,15,22,1,1,158.0064,0.21231668160988368
3,15,LR,15,22,1,1,158.9998,0.13696932636337356
3,15,LR,15,22,1,1,160.0075,0.15250889789960623
3,15,LR,15,22,1,1,160.9989,0.21786819964643478
3,15,LR,15,22,1,1,162.0055,0.21840008682051468
3,15,LR,15,22,1,1,162.9993,0.19855604040738092
3,15,LR,15,22,1,1,164.0038,0.15236202801044127
3,15,LR,15,22,1,1,165.009,0.18276158877902635
3,15,LR,15,22,1,1,166.0014,0.18493376218956484
3,15,LR,15,22,1,1,167.0084,0.18293537421142422
3,15,LR,15,22,1,1,168.0029,0.17704434882234754
3,15,LR,15,22,1,1,168.9988,0.18258808507708418
3,15,LR,15,22,1,1,170.0026,0.18078478841820794
3,15,LR,15,22,1,1,171.0087,0.18174344860485425
3,15,LR,15,22,1,1,172.002,0.12336941983862364
3,15,LR,15,22,1,1,173.0081,0.18214716557025526
3,15,LR,15,22,1,1,174.0015,0.20183773812073083
3,15,LR,15,22,1,1,175.0074,0.18016730488531266
3,15,LR,15,22,1,1,176.0012,0.14162566293717851
3,15,LR,15,22,1,1,177.0057,0.18830930302890622
3,15,LR,15,22,1,1,178.0003,0.18349631460806512
3,15,LR,15,22,1,1,179.0055,0.16878035199683628
3,15,LR,15,22,1,1,180.0004,0.1562293099337046
3,15,LR,15,22,1,1,181.0063,0.10282958947467359
3,15,LR,15,22,1,1,181.9992,0.10904607496750643
3,15,LR,15,22,1,1,183.0047,0.15057005822625996
3,15,LR,15,22,1,1,183.9991,0.16324195390410837
3,15,LR,15,22,1,1,185.0039,0.1395739605647117
3,15,LR,15,22,1,1,185.9996,0.14708577111009144
3,15,LR,15,22,1,1,187.0029,0.15872734247216982
3,15,LR,15,22,1,1,188.0091,0.17073971035038213
3,15,LR,15,22,1,1,189.0034,0.17269440740214764
3,15,LR,15,22,1,1,190.0086,0.18559549830222125
3,15,LR,15,22,1,1,191.0028,0.19244988554681888
3,15,LR,15,22,1,1,192.0077,0.20031582760812405
3,15,LR,15,22,1,1,193.0021,0.14762858929434441
3,15,LR,15,22,1,1,194.0079,0.21375556316411654
3,15,LR,15,22,1,1,195.0012,0.2156977759220519
3,15,LR,15,22,1,1,196.0064,0.22202433265848068
3,15,LR,15,22,1,1,197.0011,0.2457925350623721
3,15,LR,15,22,1,1,198.0061,0.25057339613179813
3,15,LR,15,22,1,1,199.0004,0.2654847741103583
3,15,LR,15,22,1,1,200.0061,0.2671780368947685
3,15,LR,15,22,1,1,200.9999,0.24958694760208575
3,15,LR,15,22,1,1,202.0023,0.26852527522252245
3,15,LR,15,22,1,1,202.9989,0.19294137049640103
3,15,LR,15,22,1,1,204.004,0.30076902250386695
3,15,LR,15,22,1,1,204.9987,0.3147570268354236
3,15,LR,15,22,1,1,206.0042,0.30335104804520086
3,15,LR,15,22,1,1,207.0072,0.3404939367548065
3,15,LR,15,22,1,1,208.0036,0.3449013556875858
3,15,LR,15,22,1,1,208.9984,0.37050463257276595
3,15,LR,15,22,1,1,210.0027,0.3843384997228551
3,15,LR,15,22,1,1,211.0065,0.4213470783128764
3,15,LR,15,22,1,1,212.0023,0.3098966137061904
3,15,LR,15,22,1,1,213.0079,0.25547720735148205
3,15,LR,15,22,1,1,214.0013,0.31581049749081896
3,15,LR,15,22,1,1,215.0067,0.32880314539574995
3,15,LR,15,22,1,1,216.0005,0.23612105311180986
3,15,LR,15,22,1,1,217.0071,0.34707718297255474
3,15,LR,15,22,1,1,217.9998,0.36942098721672706
3,15,LR,15,22,1,1,219.0065,0.3567664627340505
3,15,LR,15,22,1,1,220.0002,0.34783471773660285
3,15,LR,15,22,1,1,221.005,0.37171605106334993
3,15,LR,15,22,1,1,221.9992,0.37204215151439135
3,15,LR,15,22,1,1,223.004,0.37775781095249
3,15,LR,15,22,1,1,223.9989,0.3699130622681683
3,15,LR,15,22,1,1,225.0036,0.3885920412625503
3,15,LR,15,22,1,1,225.9981,0.4090819399435076
3,15,LR,15,22,1,1,227.003,0.40984322291160197
3,15,LR,15,22,1,1,227.9983,0.4247021048487446
3,15,LR,15,22,1,1,229.0027,0.4234861620018256
3,15,LR,15,22,1,1,230.0077,0.44819164621089097
3,15,LR,15,22,1,1,231.0015,0.4417762008090147
3,15,LR,15,22,1,1,232.0083,0.4655808235500614
3,15,LR,15,22,1,1,232.9994,0.4676644938005553
3,15,LR,15,22,1,1,234.0069,0.4720183981425145
3,15,LR,15,22,1,1,235.0008,0.5139758060552542
3,15,LR,15,22,1,1,236.0067,0.504279342590447
3,15,LR,15,22,1,1,237.0007,0.5373919792565107
3,15,LR,15,22,1,1,238.0053,0.44169066366593224
3,15,LR,15,22,1,1,238.9998,0.5577085628708934
3,15,LR,15,22,1,1,240.0057,0.44630609145484
3,15,LR,15,22,1,1,240.9991,0.5852530277775183
3,15,LR,15,22,1,1,242.0057,0.4229301749400601
3,15,LR,15,22,1,1,242.9979,0.5591621425229859
3,15,LR,15,22,1,1,244.0028,0.5821832707961677
3,15,LR,15,22,1,1,244.9987,0.4417350830679031
3,15,LR,15,22,1,1,246.0038,0.4462282594137796
3,15,LR,15,22,1,1,247.0082,0.4723534454564734
3,15,LR,15,22,1,1,248.0007,0.49261281911054555
3,15,LR,15,22,1,1,249.0081,0.38499905809010865
3,15,LR,15,22,1,1,250.0022,0.5127196154914779
3,15,LR,15,22,1,1,250.9977,0.5443916442856823
3,15,LR,15,22,1,1,252.0028,0.5393141587444803
3,15,LR,15,22,1,1,253.0074,0.3911402159637294
3,15,LR,15,22,1,1,254.0015,0.5343093521354009
3,15,LR,15,22,1,1,255.0057,0.5343473420811921
3,15,LR,15,22,1,1,256.0016,0.530264617214307
3,15,LR,15,22,1,1,257.0052,0.5280099699118349
3,15,LR,15,22,1,1,257.9996,0.5283574221416467
3,15,LR,15,22,1,1,259.0047,0.5375269987748242
3,15,LR,15,22,1,1,260.0,0.5225288484575564
3,15,LR,15,22,1,1,261.0054,0.5168257704498485
3,15,LR,15,22,1,1,261.9995,0.5487790684537883
3,15,LR,15,22,1,1,263.005,0.5287587290851342
3,15,LR,15,22,1,1,264.0086,0.5256676172377255
3,15,LR,15,22,1,1,265.0041,0.5190265024288638
3,15,LR,15,22,1,1,265.9979,0.4053510212582741
3,15,LR,15,22,1,1,267.0028,0.5225788755387767
3,15,LR,15,22,1,1,267.9983,0.5407491168860741
3,15,LR,15,22,1,1,269.0023,0.5423695336599306
3,15,LR,15,22,1,1,270.0084,0.5691972733036553
3,15,LR,15,22,1,1,271.0029,0.5703264440219993
3,15,LR,15,22,1,1,272.0079,0.5998538568030856
3,15,LR,15,22,1,1,273.0007,0.5043109937744426
3,15,LR,15,22,1,1,274.007,0.6242926511847738
3,15,LR,15,22,1,1,275.002,0.48919171056002125
3,15,LR,15,22,1,1,276.0071,0.637121806222465
3,15,LR,15,22,1,1,276.9994,0.6419468955703093
3,15,LR,15,22,1,1,278.0064,0.6709107960651203
3,15,LR,15,22,1,1,278.9993,0.5997436750180015
3,15,LR,15,22,1,1,280.0048,0.7237380258203371
3,15,LR,15,22,1,1,280.9991,0.6943747853699167
3,15,LR,15,22,1,1,282.0041,0.5404289804373924
3,15,LR,15,22,1,1,282.9991,0.6409165492439725
3,15,LR,15,22,1,1,284.0046,0.642535297653342
3,15,LR,15,22,1,1,284.9987,0.5240199610214475
3,15,LR,15,22,1,1,286.0029,0.562440395647157
3,15,LR,15,22,1,1,286.9979,0.6794308107435753
3,15,LR,15,22,1,1,288.0019,0.6825620002928047
3,15,LR,15,22,1,1,289.0057,0.6837596362655306
3,15,LR,15,22,1,1,290.0014,0.5556504151365612
3,15,LR,15,22,1,1,291.0084,0.7126482325111754
3,15,LR,15,22,1,1,292.0014,0.6937668023416121
3,15,LR,15,22,1,1,293.0075,0.6672908460338293
3,15,LR,15,22,1,1,293.9986,0.5417607047939219
3,15,LR,15,22,1,1,295.0063,0.6378842065003077
3,15,LR,15,22,1,1,296.0003,0.6187223669799826
3,15,LR,15,22,1,1,297.0054,0.4836935206686947
3,15,LR,15,22,1,1,298.001,0.6012021401799692
3,15,LR,15,22,1,1,299.0046,0.6000082758140872
3,15,LR,15,22,1,1,299.9992,0.49542524991779574
3,15,LR,15,22,1,1,301.0032,0.6253267808667108
3,15,LR,15,22,1,1,301.9981,0.642869255401752
3,15,MLP,3,4,0,0,0.0,0.0003836602276371873
3,15,MLP,3,4,0,0,1.008661,0.0734381707641102
3,15,MLP,3,4,0,0,2.002721,0.14382511625058808
3,15,MLP,3,4,0,0,3.008869,0.1954095609234393
3,15,MLP,3,4,0,0,4.00239,0.2010434910093478
3,15,MLP,3,4,0,0,5.007593,0.29268240207521085
3,15,MLP,3,4,0,0,6.002728,0.324799293657482
3,15,MLP,3,4,0,0,7.007195,0.3625768154709364
3,15,MLP,3,4,0,0,8.00138,0.3838527486774112
3,15,MLP,3,4,0,0,9.006776,0.3681043257252621
3,15,MLP,3,4,0,0,10.00242,0.3548225067593394
3,15,MLP,3,4,0,0,11.00579,0.4078539300328068
3,15,MLP,3,4,0,0,12.00219,0.4131800373452892
3,15,MLP,3,4,0,0,13.00505,0.4277712013814527
3,15,MLP,3,4,0,0,14.01213,0.43356135485375896
3,15,MLP,3,4,0,0,15.00486,0.4125707672705546
3,15,MLP,3,4,0,0,16.00989,0.41425379256900197
3,15,MLP,3,4,0,0,17.0052,0.3714992018672047
3,15,MLP,3,4,0,0,18.01026,0.35316032752712195
3,15,MLP,3,4,0,0,19.00413,0.28027175750366445
3,15,MLP,3,4,0,0,20.01035,0.4020404260775171
3,15,MLP,3,4,0,0,21.00403,0.3988697736774576
3,15,MLP,3,4,0,0,22.0082,0.388742604988878
3,15,MLP,3,4,0,0,23.00246,0.3852417037207595
3,15,MLP,3,4,0,0,24.00895,0.3421314619681824
3,15,MLP,3,4,0,0,25.00289,0.40060894508956
3,15,MLP,3,4,0,0,26.00946,0.3591252063876793
3,15,MLP,3,4,0,0,27.00454,0.42536318926118366
3,15,MLP,3,4,0,0,28.00746,0.21221637376785793
3,15,MLP,3,4,0,0,29.00091,0.28685787276821145
3,15,MLP,3,4,0,0,30.00637,0.3453715463455649
3,15,MLP,3,4,0,0,31.00367,0.4286448618598128
3,15,MLP,3,4,0,0,32.00863,0.4226694789082476
3,15,MLP,3,4,0,0,33.0014,0.27461447067475536
3,15,MLP,3,4,0,0,34.00493,0.4207205041582433
3,15,MLP,3,4,0,0,35.01046,0.47093205997245685
3,15,MLP,3,4,0,0,36.00857,0.4801133865929285
3,15,MLP,3,4,0,0,37.01118,0.4720088598345562
3,15,MLP,3,4,0,0,38.00753,0.4877533346799557
3,15,MLP,3,4,0,0,39.01064,0.49065300045812077
3,15,MLP,3,4,0,0,40.00348,0.44708114972117513
3,15,MLP,3,4,0,0,41.01133,0.4450517822637184
3,15,MLP,3,4,0,0,42.00616,0.4598875776646665
3,15,MLP,3,4,0,0,43.01037,0.3884028923858666
3,15,MLP,3,4,0,0,44.00665,0.4180864100582948
3,15,MLP,3,4,0,0,45.0107,0.45071005838826694
3,15,MLP,3,4,0,0,46.00231,0.25148912030574083
3,15,MLP,3,4,0,0,47.01059,0.13490144098666865
3,15,MLP,3,4,0,0,48.00177,0.16609386599892195
3,15,MLP,3,4,0,0,48.99564,0.10296829034656187
3,15,MLP,3,4,0,0,50.01097,0.1550479678661354
3,15,MLP,3,4,0,0,51.01345,0.19609519610434392
3,15,MLP,3,4,0,0,52.01149,0.13483483626719858
3,15,MLP,15,22,0,0,0.0,0.00031436320247206007
3,15,MLP,15,22,0,0,1.000974,0.027295004475303142
3,15,MLP,15,22,0,0,2.003568,0.052395194296643945
3,15,MLP,15,22,0,0,2.999172,0.07301540698149195
3,15,MLP,15,22,0,0,4.004295,0.025850500733671976
3,15,MLP,15,22,0,0,4.999187,0.06707205428604329
3,15,MLP,15,22,0,0,6.004433,0.07219270855484834
3,15,MLP,15,22,0,0,7.008282,0.058036013230054265
3,15,MLP,15,22,0,0,8.002911,0.04914166994841403
3,15,MLP,15,22,0,0,9.006618,0.048639935986758934
3,15,MLP,15,22,0,0,10.00285,0.05634840263038771
3,15,MLP,15,22,0,0,11.00888,0.09925082198709716
3,15,MLP,15,22,0,0,12.00174,0.10053162399963866
3,15,MLP,15,22,0,0,13.00911,0.10312121471166255
3,15,MLP,15,22,0,0,14.00245,0.09768012580714305
3,15,MLP,15,22,0,0,15.00674,0.10893393571311998
3,15,MLP,15,22,0,0,16.0,0.07769554300583113
3,15,MLP,15,22,0,0,17.00529,0.05015038726495357
3,15,MLP,15,22,0,0,18.00072,0.09446024400077256
3,15,MLP,15,22,0,0,19.00576,0.051007363636777193
3,15,MLP,15,22,0,0,20.00023,0.024789005239337726
3,15,MLP,15,22,0,0,21.00535,0.09149178955569927
3,15,MLP,15,22,0,0,21.99837,0.09412244804056966
3,15,MLP,15,22,0,0,23.00469,0.10269082785957209
3,15,MLP,15,22,0,0,23.99946,0.09780548052492852
3,15,MLP,15,22,0,0,25.00485,0.11873012230131387
3,15,MLP,15,22,1,1,25.99836,0.08244298071521065
3,15,MLP,15,22,1,1,27.00395,0.08094560816883378
3,15,MLP,15,22,1,1,28.00946,0.06735172352747569
3,15,MLP,15,22,1,1,29.00419,0.12688075563500384
3,15,MLP,15,22,1,1,30.00806,0.11246898661484697
3,15,MLP,15,22,1,1,31.00277,0.1448446631392293
3,15,MLP,15,22,1,1,32.00785,0.10394452028950082
3,15,MLP,15,22,1,1,33.00269,0.13273191712620247
3,15,MLP,15,22,1,1,34.00766,0.08213229442138574
3,15,MLP,15,22,1,1,35.00272,0.09748003170409814
3,15,MLP,15,22,1,1,36.00747,0.12672827938799422
3,15,MLP,15,22,1,1,36.9996,0.1284964527678021
3,15,MLP,15,22,1,1,38.00627,0.08556300556644808
3,15,MLP,15,22,1,1,38.99976,0.14390334900933394
3,15,MLP,15,22,1,1,40.00533,0.1317235052214284
3,15,MLP,15,22,1,1,40.99976,0.16484138260284703
3,15,MLP,15,22,1,1,42.00514,0.132146428630076
3,15,MLP,15,22,1,1,42.99894,0.1271837762726881
3,15,MLP,15,22,1,1,44.00431,0.17411443843323673
3,15,MLP,15,22,1,1,44.99878,0.18224340046249027
3,15,MLP,15,22,1,1,46.00489,0.09032196752743132
3,15,MLP,15,22,1,1,47.0092,0.08197373454807688
3,15,MLP,15,22,1,1,48.00323,0.10900378655809997
3,15,MLP,15,22,1,1,49.00968,0.2027249824725546
3,15,MLP,15,22,1,1,50.0032,0.20995716884228266
3,15,MLP,15,22,1,1,51.00922,0.1836699164760211
3,15,MLP,15,22,1,1,52.0018,0.2374929453082907
3,15,MLP,15,22,1,1,53.0089,0.23744928221730618
3,15,MLP,15,22,1,1,54.00255,0.2174613672433343
3,15,MLP,15,22,1,1,55.00832,0.19765179254252882
3,15,MLP,15,22,1,1,56.00201,0.39746214765756355
3,15,MLP,15,22,1,1,57.00761,0.23085878419568925
3,15,MLP,15,22,1,1,57.99846,0.24198507957494853
3,15,MLP,15,22,1,1,59.00563,0.28899476861121665
3,15,MLP,15,22,1,1,60.0009,0.2532572141222184
3,15,MLP,15,22,1,1,61.00551,0.22712838681147338
3,15,MLP,15,22,1,1,61.99966,0.16808125868437637
3,15,MLP,15,22,1,1,63.0064,0.25876956458944605
3,15,MLP,15,22,1,1,63.99938,0.26245103551959864
3,15,MLP,15,22,1,1,65.00513,0.2999940780956135
3,15,MLP,15,22,1,1,65.9985,0.24259282992797743
3,15,MLP,15,22,1,1,67.00328,0.3048541764381638
3,15,MLP,15,22,1,1,68.00936,0.2899501379809736
3,15,MLP,15,22,1,1,69.00479,0.21919731254068447
3,15,MLP,15,22,1,1,70.00838,0.2747946516229171
3,15,MLP,15,22,1,1,71.00202,0.31496552300363784
3,15,MLP,15,22,1,1,72.00929,0.28161815713787713
3,15,MLP,15,22,1,1,73.00296,0.14004010644896514
3,15,MLP,15,22,1,1,74.00823,0.2382556495092584
3,15,MLP,15,22,1,1,75.00237,0.27661513675400323
3,15,MLP,15,22,1,1,76.00737,0.3315552676163938
3,15,MLP,15,22,1,1,77.00177,0.38858381857056196
3,15,MLP,15,22,1,1,78.00689,0.2965780371950498
3,15,MLP,15,22,1,1,79.00884,0.2109076764175742
3,15,MLP,15,22,1,1,80.00656,0.13773531735547764
3,15,MLP,15,22,1,1,80.99937,0.2214872181544375
3,15,MLP,15,22,1,1,82.00517,0.151300170082236
3,15,MLP,15,22,1,1,82.99969,0.2312675241089723
3,15,MLP,15,22,1,1,84.00191,0.20183533438284754
3,15,MLP,15,22,1,1,84.99885,0.19399993629954496
3,15,MLP,15,22,1,1,86.0044,0.1564123934140991
3,15,MLP,15,22,1,1,86.99889,0.1738283203636411
3,15,MLP,15,22,1,1,88.00349,0.18136992135461733
3,15,MLP,15,22,1,1,89.00752,0.16553294641191332
3,15,MLP,15,22,1,1,90.00366,0.18043203803636915
3,15,MLP,15,22,1,1,91.008,0.1312871339334969
3,15,MLP,15,22,1,1,92.0039,0.18139304236042736
3,15,MLP,15,22,1,1,93.00881,0.09492237221296909
3,15,MLP,15,22,1,1,94.0022,0.16724140072321905
3,15,MLP,15,22,1,1,95.00798,0.18911529377109842
3,15,MLP,15,22,1,1,96.00266,0.2124360113653004
3,15,MLP,15,22,1,1,97.00711,0.17750656744440715
3,15,MLP,15,22,1,1,98.00116,0.21598667456530735
3,15,MLP,15,22,1,1,99.00732,0.21756946082248807
3,15,MLP,15,22,1,1,100.0006,0.19094886654805893
3,15,MLP,15,22,1,1,101.0059,0.28947422324560895
3,15,MLP,15,22,1,1,101.9992,0.10474309774138463
3,15,MLP,15,22,1,1,103.0059,0.15127863276058892
3,15,MLP,15,22,1,1,103.9993,0.1858620267414906
3,15,MLP,15,22,1,1,105.0047,0.21464323954652778
3,15,MLP,15,22,1,1,105.9986,0.16832504763654008
3,15,MLP,15,22,1,1,107.0035,0.1367040170857025
3,15,MLP,15,22,1,1,107.9985,0.1339782522771685
3,15,MLP,15,22,1,1,109.0031,0.15441699694452274
3,15,MLP,15,22,1,1,110.0076,0.1995432641255945
3,15,MLP,15,22,1,1,111.0022,0.18253474523970506
3,15,MLP,15,22,1,1,112.008,0.16804969782847437
3,15,MLP,15,22,1,1,113.0031,0.14561280414932146
3,15,MLP,15,22,1,1,114.0076,0.18028350530701476
3,15,MLP,15,22,1,1,114.9989,0.1882839301325113
3,15,MLP,15,22,1,1,116.0066,0.196640258404712
3,15,MLP,15,22,1,1,117.0013,0.19047717575016473
3,15,MLP,15,22,1,1,118.0067,0.14031931940894599
3,15,MLP,15,22,1,1,119.0003,0.19815722391549837
3,15,MLP,15,22,1,1,120.0045,0.1965850266797602
3,15,MLP,15,22,1,1,121.0003,0.1640125593343659
3,15,MLP,15,22,1,1,122.0044,0.20364530383220786
3,15,MLP,15,22,1,1,122.9991,0.21862769298992238
3,15,MLP,15,22,1,1,124.0044,0.2202540408568443
3,15,MLP,15,22,1,1,124.9989,0.22696970213788922
3,15,MLP,15,22,1,1,126.0041,0.23342825276068463
3,15,MLP,15,22,1,1,127.0092,0.2281244484617373
3,15,MLP,15,22,1,1,128.0039,0.2369370817503439
3,15,MLP,15,22,1,1,129.0084,0.27529441310231373
3,15,MLP,15,22,1,1,130.0032,0.20632454112302337
3,15,MLP,15,22,1,1,131.0085,0.3665538754221643
3,15,MLP,15,22,1,1,132.0024,0.10579826529948913
3,15,MLP,15,22,1,1,133.0067,0.19550588410950398
3,15,MLP,15,22,1,1,134.0019,0.2569970709799841
3,15,MLP,15,22,1,1,135.0055,0.19833774565233522
3,15,MLP,15,22,1,1,136.001,0.20853604076552587
3,15,MLP,15,22,1,1,137.007,0.17131025530590224
3,15,MLP,15,22,1,1,138.0008,0.1926786256816545
3,15,MLP,15,22,1,1,139.0064,0.22227402360455423
3,15,MLP,15,22,1,1,140.0006,0.18281309877317886
3,15,MLP,15,22,1,1,141.0053,0.20762165027599433
3,15,MLP,15,22,1,1,141.9996,0.22801682746871516
3,15,MLP,15,22,1,1,143.0043,0.18471942361338528
3,15,MLP,15,22,1,1,143.9991,0.23429405670824352
3,15,MLP,15,22,1,1,145.0036,0.2689293812625794
3,15,MLP,15,22,1,1,146.009,0.21545741487067324
3,15,MLP,15,22,1,1,147.0034,0.234789856976749
3,15,MLP,15,22,1,1,148.0084,0.26448497094725165
3,15,MLP,15,22,1,1,149.0029,0.26516279591657677
3,15,MLP,15,22,1,1,150.0071,0.2777415860168551
3,15,MLP,15,22,1,1,151.0033,0.26974200933640063
3,15,MLP,15,22,1,1,152.0067,0.2193840777378115
3,15,MLP,15,22,1,1,153.0012,0.2910489835795072
3,15,MLP,15,22,1,1,154.0069,0.311196204113318
3,15,MLP,15,22,1,1,155.0018,0.4580447290513779
3,15,MLP,15,22,1,1,156.005,0.21135172943055586
3,15,MLP,15,22,1,1,157.0015,0.22837921485751222
3,15,MLP,15,22,1,1,158.0064,0.29399312534665945
3,15,MLP,15,22,1,1,158.9998,0.2165831456967797
3,15,MLP,15,22,1,1,160.0075,0.19698041385137113
3,15,MLP,15,22,1,1,160.9989,0.2545594761182692
3,15,MLP,15,22,1,1,162.0055,0.19537388179951398
3,15,MLP,15,22,1,1,162.9993,0.24150217531989318
3,15,MLP,15,22,1,1,164.0038,0.13426517537682445
3,15,MLP,15,22,1,1,165.009,0.22992978613904283
3,15,MLP,15,22,1,1,166.0014,0.11403355972288672
3,15,MLP,15,22,1,1,167.0084,0.2231126073716903
3,15,MLP,15,22,1,1,168.0029,0.20222594605971872
3,15,MLP,15,22,1,1,168.9988,0.20391124844755837
3,15,MLP,15,22,1,1,170.0026,0.21162147242368332
3,15,MLP,15,22,1,1,171.0087,0.22138537302574499
3,15,MLP,15,22,1,1,172.002,0.25151509626833685
3,15,MLP,15,22,1,1,173.0081,0.1467009446154441
3,15,MLP,15,22,1,1,174.0015,0.09206135687452374
3,15,MLP,15,22,1,1,175.0074,0.24581649500029895
3,15,MLP,15,22,1,1,176.0012,0.22975182718822243
3,15,MLP,15,22,1,1,177.0057,0.2827482848906652
3,15,MLP,15,22,1,1,178.0003,0.14457964410878213
3,15,MLP,15,22,1,1,179.0055,0.20620656010645472
3,15,MLP,15,22,1,1,180.0004,0.24471536007288958
3,15,MLP,15,22,1,1,181.0063,0.1743503474226182
3,15,MLP,15,22,1,1,181.9992,0.13680661843753114
3,15,MLP,15,22,1,1,183.0047,0.23591409584630682
3,15,MLP,15,22,1,1,183.9991,0.10267672944520147
3,15,MLP,15,22,1,1,185.0039,0.22272700057003195
3,15,MLP,15,22,1,1,185.9996,0.19277231414010948
3,15,MLP,15,22,1,1,187.0029,0.18989399162007659
3,15,MLP,15,22,1,1,188.0091,0.19802830711245176
3,15,MLP,15,22,1,1,189.0034,0.18997479998008662
3,15,MLP,15,22,1,1,190.0086,0.22162027087404323
3,15,MLP,15,22,1,1,191.0028,0.19449199804985792
3,15,MLP,15,22,1,1,192.0077,0.2020673198000477
3,15,MLP,15,22,1,1,193.0021,0.14336112978726864
3,15,MLP,15,22,1,1,194.0079,0.21625173131490744
3,15,MLP,15,22,1,1,195.0012,0.24770867371267755
3,15,MLP,15,22,1,1,196.0064,0.23320485178059258
3,15,MLP,15,22,1,1,197.0011,0.29088841624663336
3,15,MLP,15,22,1,1,198.0061,0.24147927653182596
3,15,MLP,15,22,1,1,199.0004,0.19726967193948536
3,15,MLP,15,22,1,1,200.0061,0.25676169827441775
3,15,MLP,15,22,1,1,200.9999,0.22876768358061353
3,15,MLP,15,22,1,1,202.0023,0.3607962910365451
3,15,MLP,15,22,1,1,202.9989,0.3361705591516834
3,15,MLP,15,22,1,1,204.004,0.33771850446806256
3,15,MLP,15,22,1,1,204.9987,0.30354049868832794
3,15,MLP,15,22,1,1,206.0042,0.2963390551274106
3,15,MLP,15,22,1,1,207.0072,0.32784705132589337
3,15,MLP,15,22,1,1,208.0036,0.49461114247074023
3,15,MLP,15,22,1,1,208.9984,0.5185057058012847
3,15,MLP,15,22,1,1,210.0027,0.5755977148113874
3,15,MLP,15,22,1,1,211.0065,0.6002526076852519
3,15,MLP,15,22,1,1,212.0023,0.5798664126136771
3,15,MLP,15,22,1,1,213.0079,0.38163652050577684
3,15,MLP,15,22,1,1,214.0013,0.4041724123314749
3,15,MLP,15,22,1,1,215.0067,0.4859212095293858
3,15,MLP,15,22,1,1,216.0005,0.3903258269756405
3,15,MLP,15,22,1,1,217.0071,0.4924338348305124
3,15,MLP,15,22,1,1,217.9998,0.42140407324146917
3,15,MLP,15,22,1,1,219.0065,0.5150138582375096
3,15,MLP,15,22,1,1,220.0002,0.48573911572334905
3,15,MLP,15,22,1,1,221.005,0.3827323204324039
3,15,MLP,15,22,1,1,221.9992,0.48270448641393515
3,15,MLP,15,22,1,1,223.004,0.5256254259939095
3,15,MLP,15,22,1,1,223.9989,0.5197847105401137
3,15,MLP,15,22,1,1,225.0036,0.5444554900266408
3,15,MLP,15,22,1,1,225.9981,0.5712669924272092
3,15,MLP,15,22,1,1,227.003,0.5544487139605675
3,15,MLP,15,22,1,1,227.9983,0.5333810822381704
3,15,MLP,15,22,1,1,229.0027,0.5638942797805802
3,15,MLP,15,22,1,1,230.0077,0.42715650819339995
3,15,MLP,15,22,1,1,231.0015,0.5861791006362471
3,15,MLP,15,22,1,1,232.0083,0.5860750419152325
3,15,MLP,15,22,1,1,232.9994,0.5945089705170176
3,15,MLP,15,22,1,1,234.0069,0.4629151532610525
3,15,MLP,15,22,1,1,235.0008,0.30316118555393967
3,15,MLP,15,22,1,1,236.0067,0.49753559535511716
3,15,MLP,15,22,1,1,237.0007,0.6198790481558657
3,15,MLP,15,22,1,1,238.0053,0.4731286536651418
3,15,MLP,15,22,1,1,238.9998,0.6494169340541206
3,15,MLP,15,22,1,1,240.0057,0.4827264329846375
3,15,MLP,15,22,1,1,240.9991,0.6644808067564947
3,15,MLP,15,22,1,1,242.0057,0.48263665587910426
3,15,MLP,15,22,1,1,242.9979,0.6067099351115196
3,15,MLP,15,22,1,1,244.0028,0.6395267633311696
3,15,MLP,15,22,1,1,244.9987,0.5467382807385026
3,15,MLP,15,22,1,1,246.0038,0.26047612823415395
3,15,MLP,15,22,1,1,247.0082,0.5326994512829125
3,15,MLP,15,22,1,1,248.0007,0.54985587242791
3,15,MLP,15,22,1,1,249.0081,0.4540874562707377
3,15,MLP,15,22,1,1,250.0022,0.5961236906001296
3,15,MLP,15,22,1,1,250.9977,0.608511941599435
3,15,MLP,15,22,1,1,252.0028,0.4415881643965608
3,15,MLP,15,22,1,1,253.0074,0.4199137648014497
3,15,MLP,15,22,1,1,254.0015,0.49569485339324076
3,15,MLP,15,22,1,1,255.0057,0.5802751071574417
3,15,MLP,15,22,1,1,256.0016,0.591404890057338
3,15,MLP,15,22,1,1,257.0052,0.6047818959228267
3,15,MLP,15,22,1,1,257.9996,0.6194220908308631
3,15,MLP,15,22,1,1,259.0047,0.6036788642438584
3,15,MLP,15,22,1,1,260.0,0.6038091054511229
3,15,MLP,15,22,1,1,261.0054,0.4661917462902296
3,15,MLP,15,22,1,1,261.9995,0.407144801537535
3,15,MLP,15,22,1,1,263.005,0.6020601834693496
3,15,MLP,15,22,1,1,264.0086,0.5456046382148735
3,15,MLP,15,22,1,1,265.0041,0.49248964612901713
3,15,MLP,15,22,1,1,265.9979,0.4205619984465803
3,15,MLP,15,22,1,1,267.0028,0.6293149501561616
3,15,MLP,15,22,1,1,267.9983,0.52672371511903
3,15,MLP,15,22,1,1,269.0023,0.6553226839746686
3,15,MLP,15,22,1,1,270.0084,0.649297348895416
3,15,MLP,15,22,1,1,271.0029,0.6765121656560026
3,15,MLP,15,22,1,1,272.0079,0.6519627105125725
3,15,MLP,15,22,1,1,273.0007,0.570003871591636
3,15,MLP,15,22,1,1,274.007,0.655514357817572
3,15,MLP,15,22,1,1,275.002,0.6131709157564753
3,15,MLP,15,22,1,1,276.0071,0.6609657780275193
3,15,MLP,15,22,1,1,276.9994,0.620839765795172
3,15,MLP,15,22,1,1,278.0064,0.7287638391303765
3,15,MLP,15,22,1,1,278.9993,0.641821877636993
3,15,MLP,15,22,1,1,280.0048,0.5506248305538398
3,15,MLP,15,22,1,1,280.9991,0.7274325012541224
3,15,MLP,15,22,1,1,282.0041,0.6365509878078445
3,15,MLP,15,22,1,1,282.9991,0.5064858111083961
3,15,MLP,15,22,1,1,284.0046,0.6756520586153527
3,15,MLP,15,22,1,1,284.9987,0.5320685509302165
3,15,MLP,15,22,1,1,286.0029,0.618623991180439
3,15,MLP,15,22,1,1,286.9979,0.7434465006034374
3,15,MLP,15,22,1,1,288.0019,0.6046239014919331
3,15,MLP,15,22,1,1,289.0057,0.743494589782338
3,15,MLP,15,22,1,1,290.0014,0.5499449667278711
3,15,MLP,15,22,1,1,291.0084,0.5221594302684582
3,15,MLP,15,22,1,1,292.0014,0.648598776251342
3,15,MLP,15,22,1,1,293.0075,0.7251000406836519
3,15,MLP,15,22,1,1,293.9986,0.6131302238174122
3,15,MLP,15,22,1,1,295.0063,0.7324400342825734
3,15,MLP,15,22,1,1,296.0003,0.6996800206028663
3,15,MLP,15,22,1,1,297.0054,0.628387223760024
3,15,MLP,15,22,1,1,298.001,0.7420664996311002
3,15,MLP,15,22,1,1,299.0046,0.5747179222226292
3,15,MLP,15,22,1,1,299.9992,0.6352740380689571
3,15,MLP,15,22,1,1,301.0032,0.7266384392271564
3,15,MLP,15,22,1,1,301.9981,0.7660170332332084
3,15,Clock,3,4,0,0,0.0,0.2030009383791282
3,15,Clock,3,4,0,0,1.008661,0.20448968430363973
3,15,Clock,3,4,0,0,2.002721,0.20596480096300068
3,15,Clock,3,4,0,0,3.008869,0.20746586527839717
3,15,Clock,3,4,0,0,4.00239,0.20895600111165485
3,15,Clock,3,4,0,0,5.007593,0.2104716586910578
3,15,Clock,3,4,0,0,6.002728,0.21198006199809508
3,15,Clock,3,4,0,0,7.007195,0.21351060926021612
3,15,Clock,3,4,0,0,8.00138,0.21503340155447323
3,15,Clock,3,4,0,0,9.006776,0.21658136944131304
3,15,Clock,3,4,0,0,10.00242,0.2181222536517737
3,15,Clock,3,4,0,0,11.00579,0.2196830737107007
3,15,Clock,3,4,0,0,12.00219,0.22124097729426767
3,15,Clock,3,4,0,0,13.00505,0.2228169519565557
3,15,Clock,3,4,0,0,14.01213,0.22440760013414884
3,15,Clock,3,4,0,0,15.00486,0.2259834649857491
3,15,Clock,3,4,0,0,16.00989,0.2275868193666614
3,15,Clock,3,4,0,0,17.0052,0.22918255887534592
3,15,Clock,3,4,0,0,18.01026,0.23080189200919615
3,15,Clock,3,4,0,0,19.00413,0.23241105404840273
3,15,Clock,3,4,0,0,20.01035,0.23404816374244597
3,15,Clock,3,4,0,0,21.00403,0.2356727149669793
3,15,Clock,3,4,0,0,22.0082,0.23732231990242753
3,15,Clock,3,4,0,0,23.00246,0.23896346655891065
3,15,Clock,3,4,0,0,24.00895,0.24063270941496764
3,15,Clock,3,4,0,0,25.00289,0.24228894063219406
3,15,Clock,3,4,0,0,26.00946,0.24397410374194822
3,15,Clock,3,4,0,0,27.00454,0.24564781320825663
3,15,Clock,3,4,0,0,28.00746,0.24734252854468564
3,15,Clock,3,4,0,0,29.00091,0.2490289629590391
3,15,Clock,3,4,0,0,30.00637,0.25074359364466314
3,15,Clock,3,4,0,0,31.00367,0.2524520479658303
3,15,Clock,3,4,0,0,32.00863,0.2541814049507493
3,15,Clock,3,4,0,0,33.0014,0.2558974384652247
3,15,Clock,3,4,0,0,34.00493,0.2576397736739542
3,15,Clock,3,4,0,0,35.01046,0.25939333682943805
3,15,Clock,3,4,0,0,36.00857,0.26114161200315267
3,15,Clock,3,4,0,0,37.01118,0.2629054167879041
3,15,Clock,3,4,0,0,38.00753,0.26466578317197226
3,15,Clock,3,4,0,0,39.01064,0.26644569578961597
3,15,Clock,3,4,0,0,40.00348,0.26821487427485174
3,15,Clock,3,4,0,0,41.01133,0.27001839373590253
3,15,Clock,3,4,0,0,42.00616,0.2718060905121137
3,15,Clock,3,4,0,0,43.01037,0.2736181412426377
3,15,Clock,3,4,0,0,44.00665,0.27542331053409436
3,15,Clock,3,4,0,0,45.0107,0.2772500096251163
3,15,Clock,3,4,0,0,46.00231,0.2790613878824963
3,15,Clock,3,4,0,0,47.01059,0.2809106291984092
3,15,Clock,3,4,0,0,48.00177,0.2827357724358536
3,15,Clock,3,4,0,0,48.99564,0.2845730626022839
3,15,Clock,3,4,0,0,50.01097,0.28645743231421883
3,15,Clock,3,4,0,0,51.01345,0.2883252583368591
3,15,Clock,3,4,0,0,52.01149,0.29019198904307686
3,15,Clock,15,22,0,0,0.0,0.2030009383791282
3,15,Clock,15,22,0,0,1.000974,0.20447830800825448
3,15,Clock,15,22,0,0,2.003568,0.20596606100226617
3,15,Clock,15,22,0,0,2.999172,0.20745135999142292
3,15,Clock,15,22,0,0,4.004295,0.2089588658293789
3,15,Clock,15,22,0,0,4.999187,0.21045895041086857
3,15,Clock,15,22,0,0,6.004433,0.21198265342547817
3,15,Clock,15,22,0,0,7.008282,0.2135122702072306
3,15,Clock,15,22,0,0,8.002911,0.21503575211387155
3,15,Clock,15,22,0,0,9.006618,0.21658112506434665
3,15,Clock,15,22,0,0,10.00285,0.21812291952137455
3,15,Clock,15,22,0,0,11.00888,0.21968789267184208
3,15,Clock,15,22,0,0,12.00174,0.22124027320708248
3,15,Clock,15,22,0,0,13.00911,0.22282334958509528
3,15,Clock,15,22,0,0,14.00245,0.22439227289351837
3,15,Clock,15,22,0,0,15.00674,0.2259864562372468
3,15,Clock,15,22,0,0,16.0,0.22757100316251366
3,15,Clock,15,22,0,0,17.00529,0.22918270295359244
3,15,Clock,15,22,0,0,18.00072,0.230786482866567
3,15,Clock,15,22,0,0,19.00576,0.232413700845774
3,15,Clock,15,22,0,0,20.00023,0.23403166127750344
3,15,Clock,15,22,0,0,21.00535,0.23567487800177
3,15,Clock,15,22,0,0,21.99837,0.23730613234967493
3,15,Clock,15,22,0,0,23.00469,0.23896715566538296
3,15,Clock,15,22,0,0,23.99946,0.24061693485434874
3,15,Clock,15,22,0,0,25.00485,0.24229221554462674
3,15,Clock,15,22,1,1,25.99836,0.24395547602965936
3,15,Clock,15,22,1,1,27.00395,0.24564681960660062
3,15,Clock,15,22,1,1,28.00946,0.24734591730632638
3,15,Clock,15,22,1,1,29.00419,0.24903454473127787
3,15,Clock,15,22,1,1,30.00806,0.25074648208273415
3,15,Clock,15,22,1,1,31.00277,0.25245050226145643
3,15,Clock,15,22,1,1,32.00785,0.25418006279241095
3,15,Clock,15,22,1,1,33.00269,0.2558996721096628
3,15,Clock,15,22,1,1,34.00766,0.2576445263761415
3,15,Clock,15,22,1,1,35.00272,0.25937980930027343
3,15,Clock,15,22,1,1,36.00747,0.2611396767782219
3,15,Clock,15,22,1,1,36.9996,0.2628849988898694
3,15,Clock,15,22,1,1,38.00627,0.26466355426110477
3,15,Clock,15,22,1,1,38.99976,0.266426350384929
3,15,Clock,15,22,1,1,40.00533,0.2682181780252509
3,15,Clock,15,22,1,1,40.99976,0.26999764629566414
3,15,Clock,15,22,1,1,42.00514,0.27180424958133964
3,15,Clock,15,22,1,1,42.99894,0.2735974760802273
3,15,Clock,15,22,1,1,44.00431,0.2754190649171195
3,15,Clock,15,22,1,1,44.99878,0.2772282777823954
3,15,Clock,15,22,1,1,46.00489,0.2790661079079671
3,15,Clock,15,22,1,1,47.0092,0.2809080773869541
3,15,Clock,15,22,1,1,48.00323,0.28273846804746844
3,15,Clock,15,22,1,1,49.00968,0.2845990722341
3,15,Clock,15,22,1,1,50.0032,0.2864429825149715
3,15,Clock,15,22,1,1,51.00922,0.28831736083731824
3,15,Clock,15,22,1,1,52.0018,0.2901738318229318
3,15,Clock,15,22,1,1,53.0089,0.29206466170855255
3,15,Clock,15,22,1,1,54.00255,0.2939373127072772
3,15,Clock,15,22,1,1,55.00832,0.2958399292269931
3,15,Clock,15,22,1,1,56.00201,0.29772668614429804
3,15,Clock,15,22,1,1,57.00761,0.29964309362945135
3,15,Clock,15,22,1,1,57.99846,0.3015382733406349
3,15,Clock,15,22,1,1,59.00563,0.30347163574639596
3,15,Clock,15,22,1,1,60.0009,0.3053890041276965
3,15,Clock,15,22,1,1,61.00551,0.3073312274565254
3,15,Clock,15,22,1,1,61.99966,0.3092599817406024
3,15,Clock,15,22,1,1,63.0064,0.31121995224788607
3,15,Clock,15,22,1,1,63.99938,0.31315977859109767
3,15,Clock,15,22,1,1,65.00513,0.31513124124047387
3,15,Clock,15,22,1,1,65.9985,0.31708499760445386
3,15,Clock,15,22,1,1,67.00328,0.3190677840315324
3,15,Clock,15,22,1,1,68.00936,0.32105971231792096
3,15,Clock,15,22,1,1,69.00479,0.32303698596902053
3,15,Clock,15,22,1,1,70.00838,0.32503688580045137
3,15,Clock,15,22,1,1,71.00202,0.3270232806780455
3,15,Clock,15,22,1,1,72.00929,0.32904326578783827
3,15,Clock,15,22,1,1,73.00296,0.3310421824441689
3,15,Clock,15,22,1,1,74.00823,0.33307066594830786
3,15,Clock,15,22,1,1,75.00237,0.33508278898554
3,15,Clock,15,22,1,1,76.00737,0.33712299574568844
3,15,Clock,15,22,1,1,77.00177,0.33914767945481933
3,15,Clock,15,22,1,1,78.00689,0.3412001853576726
3,15,Clock,15,22,1,1,79.00884,0.3432521672330574
3,15,Clock,15,22,1,1,80.00656,0.3453013125150822
3,15,Clock,15,22,1,1,80.99937,0.34734608716227416
3,15,Clock,15,22,1,1,82.00517,0.3494233951644087
3,15,Clock,15,22,1,1,82.99969,0.3514830190872535
3,15,Clock,15,22,1,1,84.00191,0.35356420851974985
3,15,Clock,15,22,1,1,84.99885,0.3556399558009812
3,15,Clock,15,22,1,1,86.0044,0.3577391509554187
3,15,Clock,15,22,1,1,86.99889,0.3598206331501206
3,15,Clock,15,22,1,1,88.00349,0.3619286246752884
3,15,Clock,15,22,1,1,89.00752,0.3640407700232659
3,15,Clock,15,22,1,1,90.00366,0.3661414951317979
3,15,Clock,15,22,1,1,91.008,0.3682646823382082
3,15,Clock,15,22,1,1,92.0039,0.3703750685050739
3,15,Clock,15,22,1,1,93.00881,0.3725095947942978
3,15,Clock,15,22,1,1,94.0022,0.3746245311277792
3,15,Clock,15,22,1,1,95.00798,0.3767707507095804
3,15,Clock,15,22,1,1,96.00266,0.37889804852091985
3,15,Clock,15,22,1,1,97.00711,0.38105096822846846
3,15,Clock,15,22,1,1,98.00116,0.38318621236379435
3,15,Clock,15,22,1,1,99.00732,0.3853520632262745
3,15,Clock,15,22,1,1,100.0006,0.38749467256196135
3,15,Clock,15,22,1,1,101.0059,0.3896676259000658
3,15,Clock,15,22,1,1,101.9992,0.39181896729028187
3,15,Clock,15,22,1,1,103.0059,0.3940036207259402
3,15,Clock,15,22,1,1,103.9993,0.39616357825671933
3,15,Clock,15,22,1,1,105.0047,0.3983537610436061
3,15,Clock,15,22,1,1,105.9986,0.40052288790192897
3,15,Clock,15,22,1,1,107.0035,0.402720012386562
3,15,Clock,15,22,1,1,107.9985,0.4048993225712255
3,15,Clock,15,22,1,1,109.0031,0.4071034809590316
3,15,Clock,15,22,1,1,110.0076,0.4093111671915474
3,15,Clock,15,22,1,1,111.0022,0.4115006974694148
3,15,Clock,15,22,1,1,112.008,0.41371846913340615
3,15,Clock,15,22,1,1,113.0031,0.4159160711402506
3,15,Clock,15,22,1,1,114.0076,0.41813784364091483
3,15,Clock,15,22,1,1,114.9989,0.4203336845572645
3,15,Clock,15,22,1,1,116.0066,0.42256907932081017
3,15,Clock,15,22,1,1,117.0013,0.4247787499755478
3,15,Clock,15,22,1,1,118.0067,0.42701525794205736
3,15,Clock,15,22,1,1,119.0003,0.4292284469892633
3,15,Clock,15,22,1,1,120.0045,0.4314681365634663
3,15,Clock,15,22,1,1,121.0003,0.43369184599427674
3,15,Clock,15,22,1,1,122.0044,0.4359368154738831
3,15,Clock,15,22,1,1,122.9991,0.4381633453563254
3,15,Clock,15,22,1,1,124.0044,0.44041614613249075
3,15,Clock,15,22,1,1,124.9989,0.4426471553105327
3,15,Clock,15,22,1,1,126.0041,0.4449045140613118
3,15,Clock,15,22,1,1,127.0092,0.4471639427897846
3,15,Clock,15,22,1,1,128.0039,0.44940214617655894
3,15,Clock,15,22,1,1,129.0084,0.45166447276848715
3,15,Clock,15,22,1,1,130.0032,0.4539069137335243
3,15,Clock,15,22,1,1,131.0085,0.4561749201944514
3,15,Clock,15,22,1,1,132.0024,0.45841899974524747
3,15,Clock,15,22,1,1,133.0067,0.4606882901087718
3,15,Clock,15,22,1,1,134.0019,0.4629386404064617
3,15,Clock,15,22,1,1,135.0055,0.46520946244575606
3,15,Clock,15,22,1,1,136.001,0.4674634461291234
3,15,Clock,15,22,1,1,137.007,0.46974251386445637
3,15,Clock,15,22,1,1,138.0008,0.4719951668889065
3,15,Clock,15,22,1,1,139.0064,0.47427575176281583
3,15,Clock,15,22,1,1,140.0006,0.47653154243069284
3,15,Clock,15,22,1,1,141.0053,0.4788121253927989
3,15,Clock,15,22,1,1,141.9996,0.4810699913188941
3,15,Clock,15,22,1,1,143.0043,0.48335223880915273
3,15,Clock,15,22,1,1,143.9991,0.48561267577976014
3,15,Clock,15,22,1,1,145.0036,0.48789576118656924
3,15,Clock,15,22,1,1,146.009,0.49018139857609516
3,15,Clock,15,22,1,1,147.0034,0.49244242963449497
3,15,Clock,15,22,1,1,148.0084,0.49472788747195373
3,15,Clock,15,22,1,1,149.0029,0.4969896544810173
3,15,Clock,15,22,1,1,150.0071,0.4992736173006897
3,15,Clock,15,22,1,1,151.0033,0.5015394249662132
3,15,Clock,15,22,1,1,152.0067,0.5038215494145355
3,15,Clock,15,22,1,1,153.0012,0.5060832843834185
3,15,Clock,15,22,1,1,154.0069,0.5083702023618213
3,15,Clock,15,22,1,1,155.0018,0.510632244472418
3,15,Clock,15,22,1,1,156.005,0.5129127184197775
3,15,Clock,15,22,1,1,157.0015,0.5151773986059769
3,15,Clock,15,22,1,1,158.0064,0.5174605550520098
3,15,Clock,15,22,1,1,158.9998,0.5197168902011453
3,15,Clock,15,22,1,1,160.0075,0.5220048774398822
3,15,Clock,15,22,1,1,160.9989,0.5242549290574214
3,15,Clock,15,22,1,1,162.0055,0.526538465768254
3,15,Clock,15,22,1,1,162.9993,0.5287919061919967
3,15,Clock,15,22,1,1,164.0038,0.5310684083380756
3,15,Clock,15,22,1,1,165.009,0.5333452074883649
3,15,Clock,15,22,1,1,166.0014,0.5355916482758234
3,15,Clock,15,22,1,1,167.0084,0.5378696685003254
3,15,Clock,15,22,1,1,168.0029,0.5401178334812549
3,15,Clock,15,22,1,1,168.9988,0.5423675369889593
3,15,Clock,15,22,1,1,170.0026,0.5446333481969688
3,15,Clock,15,22,1,1,171.0087,0.5469025074514775
3,15,Clock,15,22,1,1,172.002,0.5491408827599623
3,15,Clock,15,22,1,1,173.0081,0.5514060811666134
3,15,Clock,15,22,1,1,174.0015,0.5536405721547653
3,15,Clock,15,22,1,1,175.0074,0.555901000604216
3,15,Clock,15,22,1,1,176.0012,0.5581319682579564
3,15,Clock,15,22,1,1,177.0057,0.5603845657843702
3,15,Clock,15,22,1,1,178.0003,0.5626125080567044
3,15,Clock,15,22,1,1,179.0055,0.5648616076463631
3,15,Clock,15,22,1,1,180.0004,0.5670850704543048
3,15,Clock,15,22,1,1,181.0063,0.5693303763454709
3,15,Clock,15,22,1,1,181.9992,0.5715438714829069
3,15,Clock,15,22,1,1,183.0047,0.573782516172971
3,15,Clock,15,22,1,1,183.9991,0.5759934931671037
3,15,Clock,15,22,1,1,185.0039,0.578224522100781
3,15,Clock,15,22,1,1,185.9996,0.5804321797019543
3,15,Clock,15,22,1,1,187.0029,0.5826534337381344
3,15,Clock,15,22,1,1,188.0091,0.5848777427243629
3,15,Clock,15,22,1,1,189.0034,0.5870723825150769
3,15,Clock,15,22,1,1,190.0086,0.5892875574744394
3,15,Clock,15,22,1,1,191.0028,0.5914749329475366
3,15,Clock,15,22,1,1,192.0077,0.5936821664373451
3,15,Clock,15,22,1,1,193.0021,0.5958626228702146
3,15,Clock,15,22,1,1,194.0079,0.5980642285412786
3,15,Clock,15,22,1,1,195.0012,0.6002346054473869
3,15,Clock,15,22,1,1,196.0064,0.602426955313526
3,15,Clock,15,22,1,1,197.0011,0.604592402832766
3,15,Clock,15,22,1,1,198.0061,0.6067761130040641
3,15,Clock,15,22,1,1,199.0004,0.6089323569268159
3,15,Clock,15,22,1,1,200.0061,0.6111090336060989
3,15,Clock,15,22,1,1,200.9999,0.6132555751715453
3,15,Clock,15,22,1,1,202.0023,0.615416289150041
3,15,Clock,15,22,1,1,202.9989,0.6175599676297093
3,15,Clock,15,22,1,1,204.004,0.6197173039819078
3,15,Clock,15,22,1,1,204.9987,0.6218476916338458
3,15,Clock,15,22,1,1,206.0042,0.6239964142218686
3,15,Clock,15,22,1,1,207.0072,0.6261349708437495
3,15,Clock,15,22,1,1,208.0036,0.6282545716105963
3,15,Clock,15,22,1,1,208.9984,0.6303658531551453
3,15,Clock,15,22,1,1,210.0027,0.6324922620328113
3,15,Clock,15,22,1,1,211.0065,0.6346124665401227
3,15,Clock,15,22,1,1,212.0023,0.6367106386786179
3,15,Clock,15,22,1,1,213.0079,0.6388241834359655
3,15,Clock,15,22,1,1,214.0013,0.6409068074151689
3,15,Clock,15,22,1,1,215.0067,0.6430092130037103
3,15,Clock,15,22,1,1,216.0005,0.6450819704913007
3,15,Clock,15,22,1,1,217.0071,0.6471758610016224
3,15,Clock,15,22,1,1,217.9998,0.6492353469090759
3,15,Clock,15,22,1,1,219.0065,0.651318199350658
3,15,Clock,15,22,1,1,220.0002,0.6533685001672014
3,15,Clock,15,22,1,1,221.005,0.6554359475162417
3,15,Clock,15,22,1,1,221.9992,0.6574758005255634
3,15,Clock,15,22,1,1,223.004,0.6595314847499508
3,15,Clock,15,22,1,1,223.9989,0.6615610411822972
3,15,Clock,15,22,1,1,225.0036,0.6636045660818132
3,15,Clock,15,22,1,1,225.9981,0.6656213181119244
3,15,Clock,15,22,1,1,227.003,0.6676530741658567
3,15,Clock,15,22,1,1,227.9983,0.6696592646343031
3,15,Clock,15,22,1,1,229.0027,0.6716775466270734
3,15,Clock,15,22,1,1,230.0077,0.6736907268989167
3,15,Clock,15,22,1,1,231.0015,0.6756751638898102
3,15,Clock,15,22,1,1,232.0083,0.6776791729442976
3,15,Clock,15,22,1,1,232.9994,0.6796455685860705
3,15,Clock,15,22,1,1,234.0069,0.6816379595909174
3,15,Clock,15,22,1,1,235.0008,0.6835969748482297
3,15,Clock,15,22,1,1,236.0067,0.6855730477354292
3,15,Clock,15,22,1,1,237.0007,0.6875191579702552
3,15,Clock,15,22,1,1,238.0053,0.6894793060773184
3,15,Clock,15,22,1,1,238.9998,0.6914130990256147
3,15,Clock,15,22,1,1,240.0057,0.693362253587924
3,15,Clock,15,22,1,1,240.9991,0.6952804051559771
3,15,Clock,15,22,1,1,242.0057,0.6972171776595091
3,15,Clock,15,22,1,1,242.9979,0.6991193722577951
3,15,Clock,15,22,1,1,244.0028,0.7010390067193043
3,15,Clock,15,22,1,1,244.9987,0.7029344657207222
3,15,Clock,15,22,1,1,246.0038,0.704840382521096
3,15,Clock,15,22,1,1,247.0082,0.7067378492651075
3,15,Clock,15,22,1,1,248.0007,0.7086058313901454
3,15,Clock,15,22,1,1,249.0081,0.7104946595837263
3,15,Clock,15,22,1,1,250.0022,0.7123514100948606
3,15,Clock,15,22,1,1,250.9977,0.7142036493532575
3,15,Clock,15,22,1,1,252.0028,0.7160664976519752
3,15,Clock,15,22,1,1,253.0074,0.7179210435170559
3,15,Clock,15,22,1,1,254.0015,0.7197489518548242
3,15,Clock,15,22,1,1,255.0057,0.7215880998230482
3,15,Clock,15,22,1,1,256.0016,0.7234046504085715
3,15,Clock,15,22,1,1,257.0052,0.7252278599300073
3,15,Clock,15,22,1,1,257.9996,0.7270270011597648
3,15,Clock,15,22,1,1,259.0047,0.7288379724886578
3,15,Clock,15,22,1,1,260.0,0.7306238403711207
3,15,Clock,15,22,1,1,261.0054,0.7324202759603234
3,15,Clock,15,22,1,1,261.9995,0.7341890421182161
3,15,Clock,15,22,1,1,263.005,0.7359704557060226
3,15,Clock,15,22,1,1,264.0086,0.7377408646435538
3,15,Clock,15,22,1,1,265.0041,0.7394893770108842
3,15,Clock,15,22,1,1,265.9979,0.7412273918421436
3,15,Clock,15,22,1,1,267.0028,0.7429771413636016
3,15,Clock,15,22,1,1,267.9983,0.7447028238597114
3,15,Clock,15,22,1,1,269.0023,0.7464355359553778
3,15,Clock,15,22,1,1,270.0084,0.7481640745427142
3,15,Clock,15,22,1,1,271.0029,0.7498649894304152
3,15,Clock,15,22,1,1,272.0079,0.7515760639936078
3,15,Clock,15,22,1,1,273.0007,0.7532586443366985
3,15,Clock,15,22,1,1,274.007,0.7549562477534978
3,15,Clock,15,22,1,1,275.002,0.7566270798497131
3,15,Clock,15,22,1,1,276.0071,0.7583069595706249
3,15,Clock,15,22,1,1,276.9994,0.7599576506444126
3,15,Clock,15,22,1,1,278.0064,0.7616249596166413
3,15,Clock,15,22,1,1,278.9993,0.7632610677561322
3,15,Clock,15,22,1,1,280.0048,0.7649100331502052
3,15,Clock,15,22,1,1,280.9991,0.766532840907259
3,15,Clock,15,22,1,1,282.0041,0.7681650987139041
3,15,Clock,15,22,1,1,282.9991,0.7697733317261374
3,15,Clock,15,22,1,1,284.0046,0.7713905231410848
3,15,Clock,15,22,1,1,284.9987,0.7729814835369259
3,15,Clock,15,22,1,1,286.0029,0.7745807028218102
3,15,Clock,15,22,1,1,286.9979,0.7761573513923364
3,15,Clock,15,22,1,1,288.0019,0.7777402953000646
3,15,Clock,15,22,1,1,289.0057,0.7793149414435885
3,15,Clock,15,22,1,1,290.0014,0.7808689377646492
3,15,Clock,15,22,1,1,291.0084,0.7824325346401607
3,15,Clock,15,22,1,1,292.0014,0.783966525374884
3,15,Clock,15,22,1,1,293.0075,0.78551273410254
3,15,Clock,15,22,1,1,293.9986,0.7870279868421095
3,15,Clock,15,22,1,1,295.0063,0.7885606008387982
3,15,Clock,15,22,1,1,296.0003,0.7900644973968888
3,15,Clock,15,22,1,1,297.0054,0.7915771529025724
3,15,Clock,15,22,1,1,298.001,0.7930675935388052
3,15,Clock,15,22,1,1,299.0046,0.7945620165120516
3,15,Clock,15,22,1,1,299.9992,0.796035124531417
3,15,Clock,15,22,1,1,301.0032,0.7975141712170218
3,15,Clock,15,22,1,1,301.9981,0.7989719123173409
3,15,RF time only,3,4,0,0,0.0,0.0
3,15,RF time only,3,4,0,0,1.008661,0.0
3,15,RF time only,3,4,0,0,2.002721,0.0
3,15,RF time only,3,4,0,0,3.008869,0.0
3,15,RF time only,3,4,0,0,4.00239,0.0
3,15,RF time only,3,4,0,0,5.007593,0.13403401902820974
3,15,RF time only,3,4,0,0,6.002728,0.0
3,15,RF time only,3,4,0,0,7.007195,0.2021712369014542
3,15,RF time only,3,4,0,0,8.00138,0.2678497945873274
3,15,RF time only,3,4,0,0,9.006776,0.0
3,15,RF time only,3,4,0,0,10.00242,0.02954434955831265
3,15,RF time only,3,4,0,0,11.00579,0.02472073501270518
3,15,RF time only,3,4,0,0,12.00219,0.012141045997533167
3,15,RF time only,3,4,0,0,13.00505,0.03832476535660464
3,15,RF time only,3,4,0,0,14.01213,0.0
3,15,RF time only,3,4,0,0,15.00486,0.07402880679401427
3,15,RF time only,3,4,0,0,16.00989,0.03185966269968343
3,15,RF time only,3,4,0,0,17.0052,0.0039834444357605345
3,15,RF time only,3,4,0,0,18.01026,0.1394909690929648
3,15,RF time only,3,4,0,0,19.00413,0.017783066594210417
3,15,RF time only,3,4,0,0,20.01035,0.38619400267965065
3,15,RF time only,3,4,0,0,21.00403,0.3742418045181199
3,15,RF time only,3,4,0,0,22.0082,0.0019053944358349935
3,15,RF time only,3,4,0,0,23.00246,0.0
3,15,RF time only,3,4,0,0,24.00895,0.06309020454947983
3,15,RF time only,3,4,0,0,25.00289,0.26186315858579995
3,15,RF time only,3,4,0,0,26.00946,0.07664077782110813
3,15,RF time only,3,4,0,0,27.00454,0.3523346692875503
3,15,RF time only,3,4,0,0,28.00746,0.00855619511475168
3,15,RF time only,3,4,0,0,29.00091,0.0
3,15,RF time only,3,4,0,0,30.00637,0.02108723074972068
3,15,RF time only,3,4,0,0,31.00367,0.11735696392603846
3,15,RF time only,3,4,0,0,32.00863,0.34310462312119583
3,15,RF time only,3,4,0,0,33.0014,0.0
3,15,RF time only,3,4,0,0,34.00493,0.012377937306891022
3,15,RF time only,3,4,0,0,35.01046,0.016219046611891018
3,15,RF time only,3,4,0,0,36.00857,0.3121911540103011
3,15,RF time only,3,4,0,0,37.01118,0.011429144355412032
3,15,RF time only,3,4,0,0,38.00753,0.34702609848354354
3,15,RF time only,3,4,0,0,39.01064,0.09352803792206277
3,15,RF time only,3,4,0,0,40.00348,0.0
3,15,RF time only,3,4,0,0,41.01133,0.3754669710557421
3,15,RF time only,3,4,0,0,42.00616,0.357101501684362
3,15,RF time only,3,4,0,0,43.01037,0.33972488615458196
3,15,RF time only,3,4,0,0,44.00665,0.4805631953700701
3,15,RF time only,3,4,0,0,45.0107,0.018335161653183506
3,15,RF time only,3,4,0,0,46.00231,0.004583552156158397
3,15,RF time only,3,4,0,0,47.01059,0.0013220478730256884
3,15,RF time only,3,4,0,0,48.00177,0.0345859324588851
3,15,RF time only,3,4,0,0,48.99564,0.1299189204974748
3,15,RF time only,3,4,0,0,50.01097,0.36120631877423676
3,15,RF time only,3,4,0,0,51.01345,0.3123117539040982
3,15,RF time only,3,4,0,0,52.01149,0.3782463195411241
3,15,RF time only,15,22,0,0,0.0,0.0
3,15,RF time only,15,22,0,0,1.000974,0.0
3,15,RF time only,15,22,0,0,2.003568,0.0
3,15,RF time only,15,22,0,0,2.999172,0.0
3,15,RF time only,15,22,0,0,4.004295,0.0
3,15,RF time only,15,22,0,0,4.999187,0.0
3,15,RF time only,15,22,0,0,6.004433,0.0
3,15,RF time only,15,22,0,0,7.008282,0.2021712369014542
3,15,RF time only,15,22,0,0,8.002911,0.05128191931282438
3,15,RF time only,15,22,0,0,9.006618,0.0
3,15,RF time only,15,22,0,0,10.00285,0.004300053186866044
3,15,RF time only,15,22,0,0,11.00888,0.0
3,15,RF time only,15,22,0,0,12.00174,0.0
3,15,RF time only,15,22,0,0,13.00911,0.03642867755024898
3,15,RF time only,15,22,0,0,14.00245,0.21843562585118212
3,15,RF time only,15,22,0,0,15.00674,0.17348535514182445
3,15,RF time only,15,22,0,0,16.0,0.002225473321858864
3,15,RF time only,15,22,0,0,17.00529,0.007888850310731688
3,15,RF time only,15,22,0,0,18.00072,0.0
3,15,RF time only,15,22,0,0,19.00576,0.059031394984621705
3,15,RF time only,15,22,0,0,20.00023,0.0029404287972504585
3,15,RF time only,15,22,0,0,21.00535,0.31584490957609535
3,15,RF time only,15,22,0,0,21.99837,0.0
3,15,RF time only,15,22,0,0,23.00469,0.07509829552866086
3,15,RF time only,15,22,0,0,23.99946,0.0
3,15,RF time only,15,22,0,0,25.00485,0.016191668334181744
3,15,RF time only,15,22,1,1,25.99836,0.0
3,15,RF time only,15,22,1,1,27.00395,0.16513797197193864
3,15,RF time only,15,22,1,1,28.00946,0.64079332154154
3,15,RF time only,15,22,1,1,29.00419,0.5004437199580504
3,15,RF time only,15,22,1,1,30.00806,0.070064019919922
3,15,RF time only,15,22,1,1,31.00277,0.20958867765922343
3,15,RF time only,15,22,1,1,32.00785,0.10875568946725309
3,15,RF time only,15,22,1,1,33.00269,0.043704052488825605
3,15,RF time only,15,22,1,1,34.00766,0.062377453540832045
3,15,RF time only,15,22,1,1,35.00272,0.0
3,15,RF time only,15,22,1,1,36.00747,0.3487620170902614
3,15,RF time only,15,22,1,1,36.9996,0.0863195104871558
3,15,RF time only,15,22,1,1,38.00627,0.07712203501463352
3,15,RF time only,15,22,1,1,38.99976,0.050239979808497336
3,15,RF time only,15,22,1,1,40.00533,0.04821741090133465
3,15,RF time only,15,22,1,1,40.99976,0.030507766745843958
3,15,RF time only,15,22,1,1,42.00514,0.15626515560958906
3,15,RF time only,15,22,1,1,42.99894,0.012312549072129452
3,15,RF time only,15,22,1,1,44.00431,0.368144726791677
3,15,RF time only,15,22,1,1,44.99878,0.014637248547474994
3,15,RF time only,15,22,1,1,46.00489,0.3769650789321398
3,15,RF time only,15,22,1,1,47.0092,0.016016843393013278
3,15,RF time only,15,22,1,1,48.00323,0.3921570359282774
3,15,RF time only,15,22,1,1,49.00968,0.3823028802985616
3,15,RF time only,15,22,1,1,50.0032,0.07488869304954866
3,15,RF time only,15,22,1,1,51.00922,0.09270435952487532
3,15,RF time only,15,22,1,1,52.0018,0.008785037185692903
3,15,RF time only,15,22,1,1,53.0089,0.07203275511199886
3,15,RF time only,15,22,1,1,54.00255,0.5003681308517791
3,15,RF time only,15,22,1,1,55.00832,0.0396148704727691
3,15,RF time only,15,22,1,1,56.00201,0.06250555772218352
3,15,RF time only,15,22,1,1,57.00761,0.3540120581353105
3,15,RF time only,15,22,1,1,57.99846,0.03268717369029106
3,15,RF time only,15,22,1,1,59.00563,0.4346135466356979
3,15,RF time only,15,22,1,1,60.0009,0.04148079910567868
3,15,RF time only,15,22,1,1,61.00551,0.7290483368930584
3,15,RF time only,15,22,1,1,61.99966,0.014787927577684018
3,15,RF time only,15,22,1,1,63.0064,0.9581995912134383
3,15,RF time only,15,22,1,1,63.99938,0.03555343971992874
3,15,RF time only,15,22,1,1,65.00513,0.2444733317985056
3,15,RF time only,15,22,1,1,65.9985,0.13828753240085942
3,15,RF time only,15,22,1,1,67.00328,0.04266062060666307
3,15,RF time only,15,22,1,1,68.00936,0.06897218422973445
3,15,RF time only,15,22,1,1,69.00479,0.760392748604511
3,15,RF time only,15,22,1,1,70.00838,0.08736359145557941
3,15,RF time only,15,22,1,1,71.00202,0.09253470783418831
3,15,RF time only,15,22,1,1,72.00929,0.039361714581524106
3,15,RF time only,15,22,1,1,73.00296,0.3338446204741348
3,15,RF time only,15,22,1,1,74.00823,0.2297709981275762
3,15,RF time only,15,22,1,1,75.00237,0.005474017006905804
3,15,RF time only,15,22,1,1,76.00737,0.2793861616599104
3,15,RF time only,15,22,1,1,77.00177,0.0038222271419083463
3,15,RF time only,15,22,1,1,78.00689,0.7307313660289971
3,15,RF time only,15,22,1,1,79.00884,0.28352426655959134
3,15,RF time only,15,22,1,1,80.00656,0.45072053670031265
3,15,RF time only,15,22,1,1,80.99937,0.06830626839050784
3,15,RF time only,15,22,1,1,82.00517,0.7251223674988531
3,15,RF time only,15,22,1,1,82.99969,0.036531200467740395
3,15,RF time only,15,22,1,1,84.00191,0.4683238492687763
3,15,RF time only,15,22,1,1,84.99885,0.12938254391137877
3,15,RF time only,15,22,1,1,86.0044,0.006474321526142305
3,15,RF time only,15,22,1,1,86.99889,0.03751063550996343
3,15,RF time only,15,22,1,1,88.00349,0.18856551488433385
3,15,RF time only,15,22,1,1,89.00752,0.9143283826003183
3,15,RF time only,15,22,1,1,90.00366,0.23877209693982526
3,15,RF time only,15,22,1,1,91.008,0.18375678914848761
3,15,RF time only,15,22,1,1,92.0039,0.31511250439571575
3,15,RF time only,15,22,1,1,93.00881,0.6988935044209552
3,15,RF time only,15,22,1,1,94.0022,0.009545481685183743
3,15,RF time only,15,22,1,1,95.00798,0.1643766976783052
3,15,RF time only,15,22,1,1,96.00266,0.009916897198822782
3,15,RF time only,15,22,1,1,97.00711,0.6531902816776555
3,15,RF time only,15,22,1,1,98.00116,0.025518305490982954
3,15,RF time only,15,22,1,1,99.00732,0.5563931167441709
3,15,RF time only,15,22,1,1,100.0006,0.05185569682749311
3,15,RF time only,15,22,1,1,101.0059,0.3363145713357424
3,15,RF time only,15,22,1,1,101.9992,0.055963337946739244
3,15,RF time only,15,22,1,1,103.0059,0.0019326986938233341
3,15,RF time only,15,22,1,1,103.9993,0.2275226822920876
3,15,RF time only,15,22,1,1,105.0047,0.07911735828363145
3,15,RF time only,15,22,1,1,105.9986,0.10454744111493296
3,15,RF time only,15,22,1,1,107.0035,0.3882891688390587
3,15,RF time only,15,22,1,1,107.9985,0.047894610827543115
3,15,RF time only,15,22,1,1,109.0031,0.37135039360473
3,15,RF time only,15,22,1,1,110.0076,0.8415640637037662
3,15,RF time only,15,22,1,1,111.0022,0.012963987552370234
3,15,RF time only,15,22,1,1,112.008,0.29321062061305403
3,15,RF time only,15,22,1,1,113.0031,0.29088780695321037
3,15,RF time only,15,22,1,1,114.0076,0.17178612274304578
3,15,RF time only,15,22,1,1,114.9989,0.04680346624580581
3,15,RF time only,15,22,1,1,116.0066,0.40913578813051554
3,15,RF time only,15,22,1,1,117.0013,0.0
3,15,RF time only,15,22,1,1,118.0067,0.13714251053933263
3,15,RF time only,15,22,1,1,119.0003,0.024743553125171694
3,15,RF time only,15,22,1,1,120.0045,0.14614357501383413
3,15,RF time only,15,22,1,1,121.0003,0.22250843971930523
3,15,RF time only,15,22,1,1,122.0044,0.4506373495414582
3,15,RF time only,15,22,1,1,122.9991,0.06834780165041054
3,15,RF time only,15,22,1,1,124.0044,0.37212583086204454
3,15,RF time only,15,22,1,1,124.9989,0.4677575840554167
3,15,RF time only,15,22,1,1,126.0041,0.155726862444319
3,15,RF time only,15,22,1,1,127.0092,0.5102124964329978
3,15,RF time only,15,22,1,1,128.0039,0.20848373048845284
3,15,RF time only,15,22,1,1,129.0084,0.016997147017452027
3,15,RF time only,15,22,1,1,130.0032,0.2708352232014405
3,15,RF time only,15,22,1,1,131.0085,0.18446381942301843
3,15,RF time only,15,22,1,1,132.0024,0.07311583862496751
3,15,RF time only,15,22,1,1,133.0067,0.4942053831064978
3,15,RF time only,15,22,1,1,134.0019,0.0758998872030699
3,15,RF time only,15,22,1,1,135.0055,0.14900601108471587
3,15,RF time only,15,22,1,1,136.001,0.14393198277452796
3,15,RF time only,15,22,1,1,137.007,0.5331746841126598
3,15,RF time only,15,22,1,1,138.0008,0.050153996507725694
3,15,RF time only,15,22,1,1,139.0064,0.2300662546983314
3,15,RF time only,15,22,1,1,140.0006,0.5004004799611386
3,15,RF time only,15,22,1,1,141.0053,0.22575222343700715
3,15,RF time only,15,22,1,1,141.9996,0.23618020058475053
3,15,RF time only,15,22,1,1,143.0043,0.11948084311124164
3,15,RF time only,15,22,1,1,143.9991,0.09338492244874302
3,15,RF time only,15,22,1,1,145.0036,0.05213885714256245
3,15,RF time only,15,22,1,1,146.009,0.6230410314880058
3,15,RF time only,15,22,1,1,147.0034,0.05585942936973611
3,15,RF time only,15,22,1,1,148.0084,0.26788460516452706
3,15,RF time only,15,22,1,1,149.0029,0.05021798785692864
3,15,RF time only,15,22,1,1,150.0071,0.34067761916972655
3,15,RF time only,15,22,1,1,151.0033,0.04937363843003741
3,15,RF time only,15,22,1,1,152.0067,0.0679062202848054
3,15,RF time only,15,22,1,1,153.0012,0.546418475774929
3,15,RF time only,15,22,1,1,154.0069,0.44924001656891266
3,15,RF time only,15,22,1,1,155.0018,0.05694246145858263
3,15,RF time only,15,22,1,1,156.005,0.08094977886570609
3,15,RF time only,15,22,1,1,157.0015,0.2664885763184556
3,15,RF time only,15,22,1,1,158.0064,0.1801843037437213
3,15,RF time only,15,22,1,1,158.9998,0.8764641654506224
3,15,RF time only,15,22,1,1,160.0075,0.47335060488815695
3,15,RF time only,15,22,1,1,160.9989,0.22911165649444332
3,15,RF time only,15,22,1,1,162.0055,0.1581068236002454
3,15,RF time only,15,22,1,1,162.9993,0.2928833931616964
3,15,RF time only,15,22,1,1,164.0038,0.13212435937425784
3,15,RF time only,15,22,1,1,165.009,0.3350865829699147
3,15,RF time only,15,22,1,1,166.0014,0.8713452931136264
3,15,RF time only,15,22,1,1,167.0084,0.53948346560232
3,15,RF time only,15,22,1,1,168.0029,0.21126969044423083
3,15,RF time only,15,22,1,1,168.9988,0.9449370945302299
3,15,RF time only,15,22,1,1,170.0026,0.21269680541549868
3,15,RF time only,15,22,1,1,171.0087,0.9388696159345639
3,15,RF time only,15,22,1,1,172.002,0.47896610883166457
3,15,RF time only,15,22,1,1,173.0081,0.8136433412431062
3,15,RF time only,15,22,1,1,174.0015,0.1964939733730382
3,15,RF time only,15,22,1,1,175.0074,0.6780719339884255
3,15,RF time only,15,22,1,1,176.0012,0.48013170911735625
3,15,RF time only,15,22,1,1,177.0057,0.23258959100097717
3,15,RF time only,15,22,1,1,178.0003,0.42723164736256325
3,15,RF time only,15,22,1,1,179.0055,0.3516662948200424
3,15,RF time only,15,22,1,1,180.0004,0.16049622080300796
3,15,RF time only,15,22,1,1,181.0063,0.3600144411657216
3,15,RF time only,15,22,1,1,181.9992,0.2002325478791743
3,15,RF time only,15,22,1,1,183.0047,0.10979511630161759
3,15,RF time only,15,22,1,1,183.9991,0.08383889055510317
3,15,RF time only,15,22,1,1,185.0039,0.17303463138635725
3,15,RF time only,15,22,1,1,185.9996,0.7052497646973057
3,15,RF time only,15,22,1,1,187.0029,0.23886509279991452
3,15,RF time only,15,22,1,1,188.0091,0.7437232850990835
3,15,RF time only,15,22,1,1,189.0034,0.8800827181424947
3,15,RF time only,15,22,1,1,190.0086,0.5754579913373502
3,15,RF time only,15,22,1,1,191.0028,0.5184882353765773
3,15,RF time only,15,22,1,1,192.0077,0.45558268622044523
3,15,RF time only,15,22,1,1,193.0021,0.6633439219526679
3,15,RF time only,15,22,1,1,194.0079,0.7310677083341954
3,15,RF time only,15,22,1,1,195.0012,0.31218253855957484
3,15,RF time only,15,22,1,1,196.0064,0.624183033335892
3,15,RF time only,15,22,1,1,197.0011,0.6874421399244177
3,15,RF time only,15,22,1,1,198.0061,0.5832054527485656
3,15,RF time only,15,22,1,1,199.0004,0.24417662019830383
3,15,RF time only,15,22,1,1,200.0061,0.6565274237119938
3,15,RF time only,15,22,1,1,200.9999,0.31540636809113565
3,15,RF time only,15,22,1,1,202.0023,0.6589291345349458
3,15,RF time only,15,22,1,1,202.9989,0.08807899443539702
3,15,RF time only,15,22,1,1,204.004,0.15645855867875078
3,15,RF time only,15,22,1,1,204.9987,0.18826222568195136
3,15,RF time only,15,22,1,1,206.0042,0.38118855861292605
3,15,RF time only,15,22,1,1,207.0072,0.9273500030992964
3,15,RF time only,15,22,1,1,208.0036,0.5567945679982054
3,15,RF time only,15,22,1,1,208.9984,0.11620118308717584
3,15,RF time only,15,22,1,1,210.0027,0.2265491015308546
3,15,RF time only,15,22,1,1,211.0065,0.3568404574047304
3,15,RF time only,15,22,1,1,212.0023,0.17346266235636318
3,15,RF time only,15,22,1,1,213.0079,0.5099032124710974
3,15,RF time only,15,22,1,1,214.0013,0.699995233121122
3,15,RF time only,15,22,1,1,215.0067,0.4085355822902782
3,15,RF time only,15,22,1,1,216.0005,0.0769908953512861
3,15,RF time only,15,22,1,1,217.0071,0.8533261212111817
3,15,RF time only,15,22,1,1,217.9998,0.06660353285234889
3,15,RF time only,15,22,1,1,219.0065,0.8511415428914426
3,15,RF time only,15,22,1,1,220.0002,0.5669922718269085
3,15,RF time only,15,22,1,1,221.005,0.37369586170120256
3,15,RF time only,15,22,1,1,221.9992,0.2938179444546214
3,15,RF time only,15,22,1,1,223.004,0.027714620261868543
3,15,RF time only,15,22,1,1,223.9989,0.3811735885486336
3,15,RF time only,15,22,1,1,225.0036,0.2900158977373715
3,15,RF time only,15,22,1,1,225.9981,0.177987997729061
3,15,RF time only,15,22,1,1,227.003,0.4259296216557729
3,15,RF time only,15,22,1,1,227.9983,0.21804933978259153
3,15,RF time only,15,22,1,1,229.0027,0.32938985201732124
3,15,RF time only,15,22,1,1,230.0077,0.9103238110893755
3,15,RF time only,15,22,1,1,231.0015,0.6851722316387179
3,15,RF time only,15,22,1,1,232.0083,0.8739191223690761
3,15,RF time only,15,22,1,1,232.9994,0.38220956277041485
3,15,RF time only,15,22,1,1,234.0069,0.6836915393461137
3,15,RF time only,15,22,1,1,235.0008,0.8260423283218066
3,15,RF time only,15,22,1,1,236.0067,0.4750479974861342
3,15,RF time only,15,22,1,1,237.0007,0.5270786436218856
3,15,RF time only,15,22,1,1,238.0053,0.9166736290584003
3,15,RF time only,15,22,1,1,238.9998,0.6072522950153966
3,15,RF time only,15,22,1,1,240.0057,0.55063760052838
3,15,RF time only,15,22,1,1,240.9991,0.2860731520912323
3,15,RF time only,15,22,1,1,242.0057,0.5415563867246284
3,15,RF time only,15,22,1,1,242.9979,0.2779788117384603
3,15,RF time only,15,22,1,1,244.0028,0.23089618949128046
3,15,RF time only,15,22,1,1,244.9987,0.43374728890356656
3,15,RF time only,15,22,1,1,246.0038,0.17979080588717875
3,15,RF time only,15,22,1,1,247.0082,0.3417152833899661
3,15,RF time only,15,22,1,1,248.0007,0.6304576705976698
3,15,RF time only,15,22,1,1,249.0081,0.379173399044771
3,15,RF time only,15,22,1,1,250.0022,0.5527426098863714
3,15,RF time only,15,22,1,1,250.9977,0.5245770218051733
3,15,RF time only,15,22,1,1,252.0028,0.7323825197254297
3,15,RF time only,15,22,1,1,253.0074,0.9503292680542756
3,15,RF time only,15,22,1,1,254.0015,0.4269230625070408
3,15,RF time only,15,22,1,1,255.0057,0.3160036401515872
3,15,RF time only,15,22,1,1,256.0016,0.6711761181805965
3,15,RF time only,15,22,1,1,257.0052,0.34090151583169076
3,15,RF time only,15,22,1,1,257.9996,0.47695937440275715
3,15,RF time only,15,22,1,1,259.0047,0.41349553073035206
3,15,RF time only,15,22,1,1,260.0,0.19599865234935948
3,15,RF time only,15,22,1,1,261.0054,0.3913104186541808
3,15,RF time only,15,22,1,1,261.9995,0.26535407328848076
3,15,RF time only,15,22,1,1,263.005,0.20189290857497574
3,15,RF time only,15,22,1,1,264.0086,0.689218899388282
3,15,RF time only,15,22,1,1,265.0041,0.19210139080001074
3,15,RF time only,15,22,1,1,265.9979,0.45812657354183556
3,15,RF time only,15,22,1,1,267.0028,0.7183005206137252
3,15,RF time only,15,22,1,1,267.9983,0.6823792357674898
3,15,RF time only,15,22,1,1,269.0023,0.8917759979664897
3,15,RF time only,15,22,1,1,270.0084,0.9340989389350786
3,15,RF time only,15,22,1,1,271.0029,0.6682739573266698
3,15,RF time only,15,22,1,1,272.0079,0.6500768835957731
3,15,RF time only,15,22,1,1,273.0007,0.7170396428560376
3,15,RF time only,15,22,1,1,274.007,0.7074291740216639
3,15,RF time only,15,22,1,1,275.002,0.40095269997308935
3,15,RF time only,15,22,1,1,276.0071,0.8593084361393871
3,15,RF time only,15,22,1,1,276.9994,0.7968013135369468
3,15,RF time only,15,22,1,1,278.0064,0.6306588482553187
3,15,RF time only,15,22,1,1,278.9993,0.6332226429371522
3,15,RF time only,15,22,1,1,280.0048,0.5626595664477358
3,15,RF time only,15,22,1,1,280.9991,0.48278701915785044
3,15,RF time only,15,22,1,1,282.0041,0.3683918948836315
3,15,RF time only,15,22,1,1,282.9991,0.49468021585527083
3,15,RF time only,15,22,1,1,284.0046,0.3336477415087869
3,15,RF time only,15,22,1,1,284.9987,0.32735250621837514
3,15,RF time only,15,22,1,1,286.0029,0.3419737534799499
3,15,RF time only,15,22,1,1,286.9979,0.4713885196580922
3,15,RF time only,15,22,1,1,288.0019,0.28557412121951364
3,15,RF time only,15,22,1,1,289.0057,0.1810376947873777
3,15,RF time only,15,22,1,1,290.0014,0.5442476907612985
3,15,RF time only,15,22,1,1,291.0084,0.5786185805602706
3,15,RF time only,15,22,1,1,292.0014,0.8658819760449973
3,15,RF time only,15,22,1,1,293.0075,0.3124703622751154
3,15,RF time only,15,22,1,1,293.9986,0.9117576705097287
3,15,RF time only,15,22,1,1,295.0063,0.7131898873187121
3,15,RF time only,15,22,1,1,296.0003,0.7669223222012895
3,15,RF time only,15,22,1,1,297.0054,0.5281284266339675
3,15,RF time only,15,22,1,1,298.001,0.6774741582025172
3,15,RF time only,15,22,1,1,299.0046,0.09013113560881537
3,15,RF time only,15,22,1,1,299.9992,0.5822670084784444
3,15,RF time only,15,22,1,1,301.0032,0.34541835598745846
3,15,RF time only,15,22,1,1,301.9981,0.7148221858339884
3,15,GB time only,3,4,0,0,0.0,0.0009303678929362126
3,15,GB time only,3,4,0,0,1.008661,0.0009303678929362126
3,15,GB time only,3,4,0,0,2.002721,0.0009303678929362126
3,15,GB time only,3,4,0,0,3.008869,0.0009303678929362126
3,15,GB time only,3,4,0,0,4.00239,0.0009303678929362126
3,15,GB time only,3,4,0,0,5.007593,0.03739614960530916
3,15,GB time only,3,4,0,0,6.002728,0.03792732817785244
3,15,GB time only,3,4,0,0,7.007195,0.10996537514285931
3,15,GB time only,3,4,0,0,8.00138,0.10826424138210371
3,15,GB time only,3,4,0,0,9.006776,0.07649738312353654
3,15,GB time only,3,4,0,0,10.00242,0.1757698997854985
3,15,GB time only,3,4,0,0,11.00579,0.07635945163373808
3,15,GB time only,3,4,0,0,12.00219,0.14145745621829875
3,15,GB time only,3,4,0,0,13.00505,0.11080475064585059
3,15,GB time only,3,4,0,0,14.01213,0.11080475064585059
3,15,GB time only,3,4,0,0,15.00486,0.10960537799428888
3,15,GB time only,3,4,0,0,16.00989,0.11003542297327182
3,15,GB time only,3,4,0,0,17.0052,0.10957430372907277
3,15,GB time only,3,4,0,0,18.01026,0.11000427065326517
3,15,GB time only,3,4,0,0,19.00413,0.10951889764988305
3,15,GB time only,3,4,0,0,20.01035,0.1454356696992541
3,15,GB time only,3,4,0,0,21.00403,0.1454356696992541
3,15,GB time only,3,4,0,0,22.0082,0.07775901807701177
3,15,GB time only,3,4,0,0,23.00246,0.14141546991981355
3,15,GB time only,3,4,0,0,24.00895,0.11274887211893186
3,15,GB time only,3,4,0,0,25.00289,0.14137438766732566
3,15,GB time only,3,4,0,0,26.00946,0.1127020447181892
3,15,GB time only,3,4,0,0,27.00454,0.20920637474962173
3,15,GB time only,3,4,0,0,28.00746,0.11325451279421471
3,15,GB time only,3,4,0,0,29.00091,0.11325451279421471
3,15,GB time only,3,4,0,0,30.00637,0.17699517358822167
3,15,GB time only,3,4,0,0,31.00367,0.1488150469558265
3,15,GB time only,3,4,0,0,32.00863,0.20895702107551645
3,15,GB time only,3,4,0,0,33.0014,0.20895702107551645
3,15,GB time only,3,4,0,0,34.00493,0.18329995137658237
3,15,GB time only,3,4,0,0,35.01046,0.2141085461235158
3,15,GB time only,3,4,0,0,36.00857,0.1789249472855742
3,15,GB time only,3,4,0,0,37.01118,0.18257647096976695
3,15,GB time only,3,4,0,0,38.00753,0.24078871465043108
3,15,GB time only,3,4,0,0,39.01064,0.18376029951564063
3,15,GB time only,3,4,0,0,40.00348,0.2082602950801069
3,15,GB time only,3,4,0,0,41.01133,0.18422517391884916
3,15,GB time only,3,4,0,0,42.00616,0.2135567360328903
3,15,GB time only,3,4,0,0,43.01037,0.18068424072624648
3,15,GB time only,3,4,0,0,44.00665,0.18068424072624648
3,15,GB time only,3,4,0,0,45.0107,0.18306603404304625
3,15,GB time only,3,4,0,0,46.00231,0.2107067350893596
3,15,GB time only,3,4,0,0,47.01059,0.21395265572918998
3,15,GB time only,3,4,0,0,48.00177,0.21395265572918998
3,15,GB time only,3,4,0,0,48.99564,0.21395265572918998
3,15,GB time only,3,4,0,0,50.01097,0.21656202248467896
3,15,GB time only,3,4,0,0,51.01345,0.24380021132656554
3,15,GB time only,3,4,0,0,52.01149,0.3136619957509047
3,15,GB time only,15,22,0,0,0.0,0.0009303678929362126
3,15,GB time only,15,22,0,0,1.000974,0.0009303678929362126
3,15,GB time only,15,22,0,0,2.003568,0.0009303678929362126
3,15,GB time only,15,22,0,0,2.999172,0.0009303678929362126
3,15,GB time only,15,22,0,0,4.004295,0.03739614960530916
3,15,GB time only,15,22,0,0,4.999187,0.03739614960530916
3,15,GB time only,15,22,0,0,6.004433,0.03792732817785244
3,15,GB time only,15,22,0,0,7.008282,0.10996537514285931
3,15,GB time only,15,22,0,0,8.002911,0.10826424138210371
3,15,GB time only,15,22,0,0,9.006618,0.07649738312353654
3,15,GB time only,15,22,0,0,10.00285,0.1757698997854985
3,15,GB time only,15,22,0,0,11.00888,0.07635945163373808
3,15,GB time only,15,22,0,0,12.00174,0.14145745621829875
3,15,GB time only,15,22,0,0,13.00911,0.11080475064585059
3,15,GB time only,15,22,0,0,14.00245,0.11080475064585059
3,15,GB time only,15,22,0,0,15.00674,0.10960537799428888
3,15,GB time only,15,22,0,0,16.0,0.10960537799428888
3,15,GB time only,15,22,0,0,17.00529,0.10957430372907277
3,15,GB time only,15,22,0,0,18.00072,0.10957430372907277
3,15,GB time only,15,22,0,0,19.00576,0.10951889764988305
3,15,GB time only,15,22,0,0,20.00023,0.10951889764988305
3,15,GB time only,15,22,0,0,21.00535,0.1454356696992541
3,15,GB time only,15,22,0,0,21.99837,0.07775901807701177
3,15,GB time only,15,22,0,0,23.00469,0.14141546991981355
3,15,GB time only,15,22,0,0,23.99946,0.11274887211893186
3,15,GB time only,15,22,0,0,25.00485,0.14137438766732566
3,15,GB time only,15,22,1,1,25.99836,0.1127020447181892
3,15,GB time only,15,22,1,1,27.00395,0.20920637474962173
3,15,GB time only,15,22,1,1,28.00946,0.11325451279421471
3,15,GB time only,15,22,1,1,29.00419,0.1803865419218767
3,15,GB time only,15,22,1,1,30.00806,0.17699517358822167
3,15,GB time only,15,22,1,1,31.00277,0.17699517358822167
3,15,GB time only,15,22,1,1,32.00785,0.20895702107551645
3,15,GB time only,15,22,1,1,33.00269,0.20895702107551645
3,15,GB time only,15,22,1,1,34.00766,0.18329995137658237
3,15,GB time only,15,22,1,1,35.00272,0.2141085461235158
3,15,GB time only,15,22,1,1,36.00747,0.1789249472855742
3,15,GB time only,15,22,1,1,36.9996,0.18257647096976695
3,15,GB time only,15,22,1,1,38.00627,0.24078871465043108
3,15,GB time only,15,22,1,1,38.99976,0.24078871465043108
3,15,GB time only,15,22,1,1,40.00533,0.2082602950801069
3,15,GB time only,15,22,1,1,40.99976,0.2082602950801069
3,15,GB time only,15,22,1,1,42.00514,0.2135567360328903
3,15,GB time only,15,22,1,1,42.99894,0.2135567360328903
3,15,GB time only,15,22,1,1,44.00431,0.18068424072624648
3,15,GB time only,15,22,1,1,44.99878,0.18306603404304625
3,15,GB time only,15,22,1,1,46.00489,0.2107067350893596
3,15,GB time only,15,22,1,1,47.0092,0.21395265572918998
3,15,GB time only,15,22,1,1,48.00323,0.21395265572918998
3,15,GB time only,15,22,1,1,49.00968,0.21656202248467896
3,15,GB time only,15,22,1,1,50.0032,0.21656202248467896
3,15,GB time only,15,22,1,1,51.00922,0.24380021132656554
3,15,GB time only,15,22,1,1,52.0018,0.24380021132656554
3,15,GB time only,15,22,1,1,53.0089,0.3328195612745695
3,15,GB time only,15,22,1,1,54.00255,0.3328195612745695
3,15,GB time only,15,22,1,1,55.00832,0.25716214309645435
3,15,GB time only,15,22,1,1,56.00201,0.3033330833754766
3,15,GB time only,15,22,1,1,57.00761,0.2568340894531295
3,15,GB time only,15,22,1,1,57.99846,0.3157601755594128
3,15,GB time only,15,22,1,1,59.00563,0.3344502814586417
3,15,GB time only,15,22,1,1,60.0009,0.32110602966382146
3,15,GB time only,15,22,1,1,61.00551,0.33439031868576174
3,15,GB time only,15,22,1,1,61.99966,0.33439031868576174
3,15,GB time only,15,22,1,1,63.0064,0.4327358408395889
3,15,GB time only,15,22,1,1,63.99938,0.4327358408395889
3,15,GB time only,15,22,1,1,65.00513,0.36780012450192584
3,15,GB time only,15,22,1,1,65.9985,0.32178349788562743
3,15,GB time only,15,22,1,1,67.00328,0.33494039023123134
3,15,GB time only,15,22,1,1,68.00936,0.3224798578907384
3,15,GB time only,15,22,1,1,69.00479,0.3347373569422828
3,15,GB time only,15,22,1,1,70.00838,0.32042391806306464
3,15,GB time only,15,22,1,1,71.00202,0.32042391806306464
3,15,GB time only,15,22,1,1,72.00929,0.3987709011362746
3,15,GB time only,15,22,1,1,73.00296,0.3987709011362746
3,15,GB time only,15,22,1,1,74.00823,0.3706227950319092
3,15,GB time only,15,22,1,1,75.00237,0.3706227950319092
3,15,GB time only,15,22,1,1,76.00737,0.35622022310654433
3,15,GB time only,15,22,1,1,77.00177,0.42281092571612416
3,15,GB time only,15,22,1,1,78.00689,0.3551602558239265
3,15,GB time only,15,22,1,1,79.00884,0.40664123909745414
3,15,GB time only,15,22,1,1,80.00656,0.40477538969612237
3,15,GB time only,15,22,1,1,80.99937,0.40477538969612237
3,15,GB time only,15,22,1,1,82.00517,0.45217017159351985
3,15,GB time only,15,22,1,1,82.99969,0.45217017159351985
3,15,GB time only,15,22,1,1,84.00191,0.3875756352025533
3,15,GB time only,15,22,1,1,84.99885,0.45832829054630403
3,15,GB time only,15,22,1,1,86.0044,0.4640428494353434
3,15,GB time only,15,22,1,1,86.99889,0.4456866933739077
3,15,GB time only,15,22,1,1,88.00349,0.4550821820359606
3,15,GB time only,15,22,1,1,89.00752,0.44831610195487476
3,15,GB time only,15,22,1,1,90.00366,0.5078858284447658
3,15,GB time only,15,22,1,1,91.008,0.4697082878930624
3,15,GB time only,15,22,1,1,92.0039,0.4395048215603949
3,15,GB time only,15,22,1,1,93.00881,0.4910338828017402
3,15,GB time only,15,22,1,1,94.0022,0.4910338828017402
3,15,GB time only,15,22,1,1,95.00798,0.5171504300905609
3,15,GB time only,15,22,1,1,96.00266,0.5171504300905609
3,15,GB time only,15,22,1,1,97.00711,0.5233701698768449
3,15,GB time only,15,22,1,1,98.00116,0.5198598377176562
3,15,GB time only,15,22,1,1,99.00732,0.5491124396375663
3,15,GB time only,15,22,1,1,100.0006,0.5269388194527812
3,15,GB time only,15,22,1,1,101.0059,0.5196755014595152
3,15,GB time only,15,22,1,1,101.9992,0.5196755014595152
3,15,GB time only,15,22,1,1,103.0059,0.46669501651159134
3,15,GB time only,15,22,1,1,103.9993,0.46669501651159134
3,15,GB time only,15,22,1,1,105.0047,0.5216256549171435
3,15,GB time only,15,22,1,1,105.9986,0.5144679082962553
3,15,GB time only,15,22,1,1,107.0035,0.501320106695468
3,15,GB time only,15,22,1,1,107.9985,0.4720264052659609
3,15,GB time only,15,22,1,1,109.0031,0.4720264052659609
3,15,GB time only,15,22,1,1,110.0076,0.46667803793077844
3,15,GB time only,15,22,1,1,111.0022,0.4986634999643263
3,15,GB time only,15,22,1,1,112.008,0.5372001810313431
3,15,GB time only,15,22,1,1,113.0031,0.417543592378508
3,15,GB time only,15,22,1,1,114.0076,0.4615171591208397
3,15,GB time only,15,22,1,1,114.9989,0.4615171591208397
3,15,GB time only,15,22,1,1,116.0066,0.4687733690324953
3,15,GB time only,15,22,1,1,117.0013,0.5230371032820079
3,15,GB time only,15,22,1,1,118.0067,0.431777795075361
3,15,GB time only,15,22,1,1,119.0003,0.41976999746934657
3,15,GB time only,15,22,1,1,120.0045,0.41976999746934657
3,15,GB time only,15,22,1,1,121.0003,0.45607515601730153
3,15,GB time only,15,22,1,1,122.0044,0.446547745318869
3,15,GB time only,15,22,1,1,122.9991,0.5085975677234256
3,15,GB time only,15,22,1,1,124.0044,0.4494472481274037
3,15,GB time only,15,22,1,1,124.9989,0.4494472481274037
3,15,GB time only,15,22,1,1,126.0041,0.49363934075156235
3,15,GB time only,15,22,1,1,127.0092,0.487489888345047
3,15,GB time only,15,22,1,1,128.0039,0.4790966415205794
3,15,GB time only,15,22,1,1,129.0084,0.48797692299714074
3,15,GB time only,15,22,1,1,130.0032,0.5001072351464834
3,15,GB time only,15,22,1,1,131.0085,0.5001072351464834
3,15,GB time only,15,22,1,1,132.0024,0.5001072351464834
3,15,GB time only,15,22,1,1,133.0067,0.516177966905042
3,15,GB time only,15,22,1,1,134.0019,0.5547986976877862
3,15,GB time only,15,22,1,1,135.0055,0.5646284320783959
3,15,GB time only,15,22,1,1,136.001,0.5090295158545788
3,15,GB time only,15,22,1,1,137.007,0.5090295158545788
3,15,GB time only,15,22,1,1,138.0008,0.5452593161737234
3,15,GB time only,15,22,1,1,139.0064,0.5767703693065164
3,15,GB time only,15,22,1,1,140.0006,0.5553596049902759
3,15,GB time only,15,22,1,1,141.0053,0.5458533912752878
3,15,GB time only,15,22,1,1,141.9996,0.5458533912752878
3,15,GB time only,15,22,1,1,143.0043,0.5375177734894232
3,15,GB time only,15,22,1,1,143.9991,0.5456386630344197
3,15,GB time only,15,22,1,1,145.0036,0.5898426655804995
3,15,GB time only,15,22,1,1,146.009,0.5355337648048137
3,15,GB time only,15,22,1,1,147.0034,0.5647019232074475
3,15,GB time only,15,22,1,1,148.0084,0.5554467077578674
3,15,GB time only,15,22,1,1,149.0029,0.5554467077578674
3,15,GB time only,15,22,1,1,150.0071,0.5554467077578674
3,15,GB time only,15,22,1,1,151.0033,0.5514867053617093
3,15,GB time only,15,22,1,1,152.0067,0.5537353319401724
3,15,GB time only,15,22,1,1,153.0012,0.5537353319401724
3,15,GB time only,15,22,1,1,154.0069,0.5387039674682427
3,15,GB time only,15,22,1,1,155.0018,0.5449203179351232
3,15,GB time only,15,22,1,1,156.005,0.6042915447841297
3,15,GB time only,15,22,1,1,157.0015,0.5378402818341007
3,15,GB time only,15,22,1,1,158.0064,0.5993421998447183
3,15,GB time only,15,22,1,1,158.9998,0.5993421998447183
3,15,GB time only,15,22,1,1,160.0075,0.6131884370190099
3,15,GB time only,15,22,1,1,160.9989,0.6180743021539599
3,15,GB time only,15,22,1,1,162.0055,0.6155948320800243
3,15,GB time only,15,22,1,1,162.9993,0.65920619564956
3,15,GB time only,15,22,1,1,164.0038,0.5417413658417047
3,15,GB time only,15,22,1,1,165.009,0.5417413658417047
3,15,GB time only,15,22,1,1,166.0014,0.6490137896786101
3,15,GB time only,15,22,1,1,167.0084,0.6266842765278323
3,15,GB time only,15,22,1,1,168.0029,0.6266842765278323
3,15,GB time only,15,22,1,1,168.9988,0.6266842765278323
3,15,GB time only,15,22,1,1,170.0026,0.6321507846101799
3,15,GB time only,15,22,1,1,171.0087,0.6567455270142513
3,15,GB time only,15,22,1,1,172.002,0.6567455270142513
3,15,GB time only,15,22,1,1,173.0081,0.6004439471722838
3,15,GB time only,15,22,1,1,174.0015,0.5948868140873647
3,15,GB time only,15,22,1,1,175.0074,0.6454985697276069
3,15,GB time only,15,22,1,1,176.0012,0.6454985697276069
3,15,GB time only,15,22,1,1,177.0057,0.593574768010205
3,15,GB time only,15,22,1,1,178.0003,0.6452345356372882
3,15,GB time only,15,22,1,1,179.0055,0.5939439039980349
3,15,GB time only,15,22,1,1,180.0004,0.5939439039980349
3,15,GB time only,15,22,1,1,181.0063,0.624625520913566
3,15,GB time only,15,22,1,1,181.9992,0.624625520913566
3,15,GB time only,15,22,1,1,183.0047,0.594704645852615
3,15,GB time only,15,22,1,1,183.9991,0.6257371522566294
3,15,GB time only,15,22,1,1,185.0039,0.6331715783690652
3,15,GB time only,15,22,1,1,185.9996,0.6331715783690652
3,15,GB time only,15,22,1,1,187.0029,0.6069068928380961
3,15,GB time only,15,22,1,1,188.0091,0.6346521122641525
3,15,GB time only,15,22,1,1,189.0034,0.6202676089732667
3,15,GB time only,15,22,1,1,190.0086,0.6252156870485637
3,15,GB time only,15,22,1,1,191.0028,0.639835864083544
3,15,GB time only,15,22,1,1,192.0077,0.7187029765247142
3,15,GB time only,15,22,1,1,193.0021,0.7187029765247142
3,15,GB time only,15,22,1,1,194.0079,0.6177122622888621
3,15,GB time only,15,22,1,1,195.0012,0.6948465400931632
3,15,GB time only,15,22,1,1,196.0064,0.6428042014503715
3,15,GB time only,15,22,1,1,197.0011,0.6428042014503715
3,15,GB time only,15,22,1,1,198.0061,0.6428042014503715
3,15,GB time only,15,22,1,1,199.0004,0.6699369632367745
3,15,GB time only,15,22,1,1,200.0061,0.6212467647849083
3,15,GB time only,15,22,1,1,200.9999,0.6696646716759425
3,15,GB time only,15,22,1,1,202.0023,0.6650679914954457
3,15,GB time only,15,22,1,1,202.9989,0.6650679914954457
3,15,GB time only,15,22,1,1,204.004,0.5920121115619346
3,15,GB time only,15,22,1,1,204.9987,0.6714332418958574
3,15,GB time only,15,22,1,1,206.0042,0.5928126958697103
3,15,GB time only,15,22,1,1,207.0072,0.5999561094824418
3,15,GB time only,15,22,1,1,208.0036,0.6601891515735497
3,15,GB time only,15,22,1,1,208.9984,0.6601891515735497
3,15,GB time only,15,22,1,1,210.0027,0.6060374411146703
3,15,GB time only,15,22,1,1,211.0065,0.614931684907452
3,15,GB time only,15,22,1,1,212.0023,0.614931684907452
3,15,GB time only,15,22,1,1,213.0079,0.6690973489733809
3,15,GB time only,15,22,1,1,214.0013,0.6690973489733809
3,15,GB time only,15,22,1,1,215.0067,0.5933905281682342
3,15,GB time only,15,22,1,1,216.0005,0.6462521473529
3,15,GB time only,15,22,1,1,217.0071,0.5931367102730488
3,15,GB time only,15,22,1,1,217.9998,0.6243561478774835
3,15,GB time only,15,22,1,1,219.0065,0.6605593636591369
3,15,GB time only,15,22,1,1,220.0002,0.6605593636591369
3,15,GB time only,15,22,1,1,221.005,0.6189093136138828
3,15,GB time only,15,22,1,1,221.9992,0.6958720136231532
3,15,GB time only,15,22,1,1,223.004,0.6184191340221338
3,15,GB time only,15,22,1,1,223.9989,0.6184191340221338
3,15,GB time only,15,22,1,1,225.0036,0.670717815815497
3,15,GB time only,15,22,1,1,225.9981,0.6657338180436954
3,15,GB time only,15,22,1,1,227.003,0.6523654868269421
3,15,GB time only,15,22,1,1,227.9983,0.646441004863049
3,15,GB time only,15,22,1,1,229.0027,0.6499597536690693
3,15,GB time only,15,22,1,1,230.0077,0.7106370438173896
3,15,GB time only,15,22,1,1,231.0015,0.7106370438173896
3,15,GB time only,15,22,1,1,232.0083,0.6193916865154602
3,15,GB time only,15,22,1,1,232.9994,0.6521599965818701
3,15,GB time only,15,22,1,1,234.0069,0.6610877304639582
3,15,GB time only,15,22,1,1,235.0008,0.6231974067780429
3,15,GB time only,15,22,1,1,236.0067,0.6701766582018442
3,15,GB time only,15,22,1,1,237.0007,0.6701766582018442
3,15,GB time only,15,22,1,1,238.0053,0.6227204810146868
3,15,GB time only,15,22,1,1,238.9998,0.6692453179875144
3,15,GB time only,15,22,1,1,240.0057,0.6422145298061519
3,15,GB time only,15,22,1,1,240.9991,0.6422145298061519
3,15,GB time only,15,22,1,1,242.0057,0.6799155924999571
3,15,GB time only,15,22,1,1,242.9979,0.6799155924999571
3,15,GB time only,15,22,1,1,244.0028,0.6832703547267109
3,15,GB time only,15,22,1,1,244.9987,0.6514077949731497
3,15,GB time only,15,22,1,1,246.0038,0.6419596620124582
3,15,GB time only,15,22,1,1,247.0082,0.6332373824545036
3,15,GB time only,15,22,1,1,248.0007,0.6332373824545036
3,15,GB time only,15,22,1,1,249.0081,0.6614882172163226
3,15,GB time only,15,22,1,1,250.0022,0.6499753432127453
3,15,GB time only,15,22,1,1,250.9977,0.6422373993199254
3,15,GB time only,15,22,1,1,252.0028,0.6422373993199254
3,15,GB time only,15,22,1,1,253.0074,0.722507577858942
3,15,GB time only,15,22,1,1,254.0015,0.722507577858942
3,15,GB time only,15,22,1,1,255.0057,0.6931081973209021
3,15,GB time only,15,22,1,1,256.0016,0.6158819157433548
3,15,GB time only,15,22,1,1,257.0052,0.7041331970249741
3,15,GB time only,15,22,1,1,257.9996,0.7041331970249741
3,15,GB time only,15,22,1,1,259.0047,0.7020432958569118
3,15,GB time only,15,22,1,1,260.0,0.6677215437365341
3,15,GB time only,15,22,1,1,261.0054,0.6190422652254914
3,15,GB time only,15,22,1,1,261.9995,0.6190422652254914
3,15,GB time only,15,22,1,1,263.005,0.6756077939292654
3,15,GB time only,15,22,1,1,264.0086,0.7397719020933186
3,15,GB time only,15,22,1,1,265.0041,0.6292530009019308
3,15,GB time only,15,22,1,1,265.9979,0.6292530009019308
3,15,GB time only,15,22,1,1,267.0028,0.6668179426634845
3,15,GB time only,15,22,1,1,267.9983,0.6668179426634845
3,15,GB time only,15,22,1,1,269.0023,0.698464864985628
3,15,GB time only,15,22,1,1,270.0084,0.6926949625139631
3,15,GB time only,15,22,1,1,271.0029,0.6926949625139631
3,15,GB time only,15,22,1,1,272.0079,0.6667799604790218
3,15,GB time only,15,22,1,1,273.0007,0.6667799604790218
3,15,GB time only,15,22,1,1,274.007,0.6996958941554878
3,15,GB time only,15,22,1,1,275.002,0.6168588106084572
3,15,GB time only,15,22,1,1,276.0071,0.6927632394960317
3,15,GB time only,15,22,1,1,276.9994,0.6927632394960317
3,15,GB time only,15,22,1,1,278.0064,0.7239991047515821
3,15,GB time only,15,22,1,1,278.9993,0.7184418590584958
3,15,GB time only,15,22,1,1,280.0048,0.6781103326364403
3,15,GB time only,15,22,1,1,280.9991,0.6781103326364403
3,15,GB time only,15,22,1,1,282.0041,0.6696584322765863
3,15,GB time only,15,22,1,1,282.9991,0.7487055297418793
3,15,GB time only,15,22,1,1,284.0046,0.7188245780413711
3,15,GB time only,15,22,1,1,284.9987,0.7188245780413711
3,15,GB time only,15,22,1,1,286.0029,0.6956631082680829
3,15,GB time only,15,22,1,1,286.9979,0.7246557640902725
3,15,GB time only,15,22,1,1,288.0019,0.6936085856054152
3,15,GB time only,15,22,1,1,289.0057,0.6803508321250828
3,15,GB time only,15,22,1,1,290.0014,0.6803508321250828
3,15,GB time only,15,22,1,1,291.0084,0.7019620694201502
3,15,GB time only,15,22,1,1,292.0014,0.766855136692606
3,15,GB time only,15,22,1,1,293.0075,0.74455768371088
3,15,GB time only,15,22,1,1,293.9986,0.74455768371088
3,15,GB time only,15,22,1,1,295.0063,0.7207723812747385
3,15,GB time only,15,22,1,1,296.0003,0.7978607648578222
3,15,GB time only,15,22,1,1,297.0054,0.7443482607740557
3,15,GB time only,15,22,1,1,298.001,0.7443482607740557
3,15,GB time only,15,22,1,1,299.0046,0.7295257858059166
3,15,GB time only,15,22,1,1,299.9992,0.7690051430865608
3,15,GB time only,15,22,1,1,301.0032,0.7752390877509372
3,15,GB time only,15,22,1,1,301.9981,0.7752390877509372
3,15,RF+GB,3,4,0,0,0.0,0.0030084304838670244
3,15,RF+GB,3,4,0,0,1.008661,0.011205187420202378
3,15,RF+GB,3,4,0,0,2.002721,0.008195728756526651
3,15,RF+GB,3,4,0,0,3.008869,0.010582600201096038
3,15,RF+GB,3,4,0,0,4.00239,0.014050762654378289
3,15,RF+GB,3,4,0,0,5.007593,0.024344262996421177
3,15,RF+GB,3,4,0,0,6.002728,0.03685467472934795
3,15,RF+GB,3,4,0,0,7.007195,0.029973975938618527
3,15,RF+GB,3,4,0,0,8.00138,0.0391642353545006
3,15,RF+GB,3,4,0,0,9.006776,0.03597338253685516
3,15,RF+GB,3,4,0,0,10.00242,0.027993542843849136
3,15,RF+GB,3,4,0,0,11.00579,0.05192303115177418
3,15,RF+GB,3,4,0,0,12.00219,0.051609131906365444
3,15,RF+GB,3,4,0,0,13.00505,0.05182296003208615
3,15,RF+GB,3,4,0,0,14.01213,0.054496746224592996
3,15,RF+GB,3,4,0,0,15.00486,0.05869641190073674
3,15,RF+GB,3,4,0,0,16.00989,0.06811457160190067
3,15,RF+GB,3,4,0,0,17.0052,0.07513495729479236
3,15,RF+GB,3,4,0,0,18.01026,0.08580983786237718
3,15,RF+GB,3,4,0,0,19.00413,0.08426954785890141
3,15,RF+GB,3,4,0,0,20.01035,0.07979516479674909
3,15,RF+GB,3,4,0,0,21.00403,0.069971456021155
3,15,RF+GB,3,4,0,0,22.0082,0.06964742502962222
3,15,RF+GB,3,4,0,0,23.00246,0.06840110126466412
3,15,RF+GB,3,4,0,0,24.00895,0.07416250655311941
3,15,RF+GB,3,4,0,0,25.00289,0.07177464560380084
3,15,RF+GB,3,4,0,0,26.00946,0.09073316218517966
3,15,RF+GB,3,4,0,0,27.00454,0.08046879628400673
3,15,RF+GB,3,4,0,0,28.00746,0.09379744183359268
3,15,RF+GB,3,4,0,0,29.00091,0.09771265938092909
3,15,RF+GB,3,4,0,0,30.00637,0.08468458243502008
3,15,RF+GB,3,4,0,0,31.00367,0.08540150874907403
3,15,RF+GB,3,4,0,0,32.00863,0.08782609979714535
3,15,RF+GB,3,4,0,0,33.0014,0.09056465072170984
3,15,RF+GB,3,4,0,0,34.00493,0.09486145044673829
3,15,RF+GB,3,4,0,0,35.01046,0.08591968584471305
3,15,RF+GB,3,4,0,0,36.00857,0.08428351644335817
3,15,RF+GB,3,4,0,0,37.01118,0.08363017002025072
3,15,RF+GB,3,4,0,0,38.00753,0.0862496860809046
3,15,RF+GB,3,4,0,0,39.01064,0.09088316843192767
3,15,RF+GB,3,4,0,0,40.00348,0.0818611188372394
3,15,RF+GB,3,4,0,0,41.01133,0.08780248311055143
3,15,RF+GB,3,4,0,0,42.00616,0.08937561765937917
3,15,RF+GB,3,4,0,0,43.01037,0.05168516641393107
3,15,RF+GB,3,4,0,0,44.00665,0.05234527628780477
3,15,RF+GB,3,4,0,0,45.0107,0.05515653836342035
3,15,RF+GB,3,4,0,0,46.00231,0.06751202422931109
3,15,RF+GB,3,4,0,0,47.01059,0.06311936786714548
3,15,RF+GB,3,4,0,0,48.00177,0.06272548472415286
3,15,RF+GB,3,4,0,0,48.99564,0.06288617299713116
3,15,RF+GB,3,4,0,0,50.01097,0.06453615114616139
3,15,RF+GB,3,4,0,0,51.01345,0.06395320828641361
3,15,RF+GB,3,4,0,0,52.01149,0.07128437816213623
3,15,RF+GB,15,22,0,0,0.0,5.207794659433817e-05
3,15,RF+GB,15,22,0,0,1.000974,0.010591330607187916
3,15,RF+GB,15,22,0,0,2.003568,0.004742800519163471
3,15,RF+GB,15,22,0,0,2.999172,0.006430489789552064
3,15,RF+GB,15,22,0,0,4.004295,0.004140035223279152
3,15,RF+GB,15,22,0,0,4.999187,0.007925940005990596
3,15,RF+GB,15,22,0,0,6.004433,0.009703532878538467
3,15,RF+GB,15,22,0,0,7.008282,0.009221630497022227
3,15,RF+GB,15,22,0,0,8.002911,0.013494956615358558
3,15,RF+GB,15,22,0,0,9.006618,0.008463549800690516
3,15,RF+GB,15,22,0,0,10.00285,0.007007722271166925
3,15,RF+GB,15,22,0,0,11.00888,0.0060134129731933324
3,15,RF+GB,15,22,0,0,12.00174,0.007672837345481582
3,15,RF+GB,15,22,0,0,13.00911,0.003607334940169866
3,15,RF+GB,15,22,0,0,14.00245,0.0010095028913494634
3,15,RF+GB,15,22,0,0,15.00674,0.0010037738704847794
3,15,RF+GB,15,22,0,0,16.0,0.002217270870546034
3,15,RF+GB,15,22,0,0,17.00529,0.0012666010665960145
3,15,RF+GB,15,22,0,0,18.00072,6.215476813845488e-05
3,15,RF+GB,15,22,0,0,19.00576,0.0017468254526026986
3,15,RF+GB,15,22,0,0,20.00023,0.001555349195289349
3,15,RF+GB,15,22,0,0,21.00535,0.004181000952438601
3,15,RF+GB,15,22,0,0,21.99837,0.004339502004682106
3,15,RF+GB,15,22,0,0,23.00469,0.012829088931766354
3,15,RF+GB,15,22,0,0,23.99946,0.012872719895576817
3,15,RF+GB,15,22,0,0,25.00485,0.0106027671587615
3,15,RF+GB,15,22,1,1,25.99836,0.019539547489600843
3,15,RF+GB,15,22,1,1,27.00395,0.022448003935856973
3,15,RF+GB,15,22,1,1,28.00946,0.02840757332352867
3,15,RF+GB,15,22,1,1,29.00419,0.03426156847053244
3,15,RF+GB,15,22,1,1,30.00806,0.0329220424973999
3,15,RF+GB,15,22,1,1,31.00277,0.03606293244305314
3,15,RF+GB,15,22,1,1,32.00785,0.03774029199789821
3,15,RF+GB,15,22,1,1,33.00269,0.04681248243487442
3,15,RF+GB,15,22,1,1,34.00766,0.05600980679294741
3,15,RF+GB,15,22,1,1,35.00272,0.05608325475407671
3,15,RF+GB,15,22,1,1,36.00747,0.05502746088603221
3,15,RF+GB,15,22,1,1,36.9996,0.06275823183869894
3,15,RF+GB,15,22,1,1,38.00627,0.07439796369543454
3,15,RF+GB,15,22,1,1,38.99976,0.07368953217711705
3,15,RF+GB,15,22,1,1,40.00533,0.07228215447273986
3,15,RF+GB,15,22,1,1,40.99976,0.07198117809333832
3,15,RF+GB,15,22,1,1,42.00514,0.06766458905013575
3,15,RF+GB,15,22,1,1,42.99894,0.07136111706863316
3,15,RF+GB,15,22,1,1,44.00431,0.07527308586607338
3,15,RF+GB,15,22,1,1,44.99878,0.07028314787397195
3,15,RF+GB,15,22,1,1,46.00489,0.07268352578610537
3,15,RF+GB,15,22,1,1,47.0092,0.0672020863671171
3,15,RF+GB,15,22,1,1,48.00323,0.06372253073243218
3,15,RF+GB,15,22,1,1,49.00968,0.06471574216098362
3,15,RF+GB,15,22,1,1,50.0032,0.07304619544179379
3,15,RF+GB,15,22,1,1,51.00922,0.09884416369371249
3,15,RF+GB,15,22,1,1,52.0018,0.10805667946673121
3,15,RF+GB,15,22,1,1,53.0089,0.11351838298050174
3,15,RF+GB,15,22,1,1,54.00255,0.11321950159277043
3,15,RF+GB,15,22,1,1,55.00832,0.10689809826745272
3,15,RF+GB,15,22,1,1,56.00201,0.1348939734813847
3,15,RF+GB,15,22,1,1,57.00761,0.13409982159070297
3,15,RF+GB,15,22,1,1,57.99846,0.13716835249157872
3,15,RF+GB,15,22,1,1,59.00563,0.13441962090497148
3,15,RF+GB,15,22,1,1,60.0009,0.1345846085686102
3,15,RF+GB,15,22,1,1,61.00551,0.12951034208096235
3,15,RF+GB,15,22,1,1,61.99966,0.12710099545712977
3,15,RF+GB,15,22,1,1,63.0064,0.1244604687210413
3,15,RF+GB,15,22,1,1,63.99938,0.12049946806185056
3,15,RF+GB,15,22,1,1,65.00513,0.12701550309137233
3,15,RF+GB,15,22,1,1,65.9985,0.1217919546198418
3,15,RF+GB,15,22,1,1,67.00328,0.11859836479381446
3,15,RF+GB,15,22,1,1,68.00936,0.11393367797536588
3,15,RF+GB,15,22,1,1,69.00479,0.10743949888873652
3,15,RF+GB,15,22,1,1,70.00838,0.10876938413059006
3,15,RF+GB,15,22,1,1,71.00202,0.11143447199655242
3,15,RF+GB,15,22,1,1,72.00929,0.11886001295983761
3,15,RF+GB,15,22,1,1,73.00296,0.11545124338186649
3,15,RF+GB,15,22,1,1,74.00823,0.10509097286404549
3,15,RF+GB,15,22,1,1,75.00237,0.11415212979816021
3,15,RF+GB,15,22,1,1,76.00737,0.11898490485953016
3,15,RF+GB,15,22,1,1,77.00177,0.2569354290681291
3,15,RF+GB,15,22,1,1,78.00689,0.2187481985322828
3,15,RF+GB,15,22,1,1,79.00884,0.2699243456773704
3,15,RF+GB,15,22,1,1,80.00656,0.17350005107445432
3,15,RF+GB,15,22,1,1,80.99937,0.15380086468274196
3,15,RF+GB,15,22,1,1,82.00517,0.12801587212845894
3,15,RF+GB,15,22,1,1,82.99969,0.1331605227472477
3,15,RF+GB,15,22,1,1,84.00191,0.1366611747237185
3,15,RF+GB,15,22,1,1,84.99885,0.14366406415513044
3,15,RF+GB,15,22,1,1,86.0044,0.1377344811244968
3,15,RF+GB,15,22,1,1,86.99889,0.14014772258523256
3,15,RF+GB,15,22,1,1,88.00349,0.14126893212594815
3,15,RF+GB,15,22,1,1,89.00752,0.12597066397401763
3,15,RF+GB,15,22,1,1,90.00366,0.12840423762422187
3,15,RF+GB,15,22,1,1,91.008,0.11984534205613445
3,15,RF+GB,15,22,1,1,92.0039,0.1260751900469117
3,15,RF+GB,15,22,1,1,93.00881,0.12306967823406897
3,15,RF+GB,15,22,1,1,94.0022,0.11779607362413577
3,15,RF+GB,15,22,1,1,95.00798,0.11730289137578914
3,15,RF+GB,15,22,1,1,96.00266,0.10916250306246252
3,15,RF+GB,15,22,1,1,97.00711,0.11207067177787537
3,15,RF+GB,15,22,1,1,98.00116,0.11286037785420809
3,15,RF+GB,15,22,1,1,99.00732,0.10865852511434511
3,15,RF+GB,15,22,1,1,100.0006,0.10749471805517112
3,15,RF+GB,15,22,1,1,101.0059,0.24548325812370544
3,15,RF+GB,15,22,1,1,101.9992,0.2156653853610627
3,15,RF+GB,15,22,1,1,103.0059,0.16608272401972046
3,15,RF+GB,15,22,1,1,103.9993,0.13147756164963256
3,15,RF+GB,15,22,1,1,105.0047,0.11222492132398419
3,15,RF+GB,15,22,1,1,105.9986,0.10117074505871439
3,15,RF+GB,15,22,1,1,107.0035,0.11147636670605744
3,15,RF+GB,15,22,1,1,107.9985,0.10909452306397563
3,15,RF+GB,15,22,1,1,109.0031,0.11175952173069584
3,15,RF+GB,15,22,1,1,110.0076,0.11360141633995471
3,15,RF+GB,15,22,1,1,111.0022,0.11578758368934933
3,15,RF+GB,15,22,1,1,112.008,0.11426438958452989
3,15,RF+GB,15,22,1,1,113.0031,0.11390105702177385
3,15,RF+GB,15,22,1,1,114.0076,0.11767495740110857
3,15,RF+GB,15,22,1,1,114.9989,0.11572408024775435
3,15,RF+GB,15,22,1,1,116.0066,0.11565453392775894
3,15,RF+GB,15,22,1,1,117.0013,0.11449822051052672
3,15,RF+GB,15,22,1,1,118.0067,0.10659771855016535
3,15,RF+GB,15,22,1,1,119.0003,0.10980549324450459
3,15,RF+GB,15,22,1,1,120.0045,0.1083961573447875
3,15,RF+GB,15,22,1,1,121.0003,0.1112668494437393
3,15,RF+GB,15,22,1,1,122.0044,0.10267058295259175
3,15,RF+GB,15,22,1,1,122.9991,0.10482056247888284
3,15,RF+GB,15,22,1,1,124.0044,0.09630710977246551
3,15,RF+GB,15,22,1,1,124.9989,0.10142260256088237
3,15,RF+GB,15,22,1,1,126.0041,0.09694580724190165
3,15,RF+GB,15,22,1,1,127.0092,0.09528106258285919
3,15,RF+GB,15,22,1,1,128.0039,0.10686692430552237
3,15,RF+GB,15,22,1,1,129.0084,0.1104067104616094
3,15,RF+GB,15,22,1,1,130.0032,0.11420178613973803
3,15,RF+GB,15,22,1,1,131.0085,0.43451270003010334
3,15,RF+GB,15,22,1,1,132.0024,0.2022302172638285
3,15,RF+GB,15,22,1,1,133.0067,0.20084424762381553
3,15,RF+GB,15,22,1,1,134.0019,0.1851779402810511
3,15,RF+GB,15,22,1,1,135.0055,0.1583391787758089
3,15,RF+GB,15,22,1,1,136.001,0.21201676523309929
3,15,RF+GB,15,22,1,1,137.007,0.17433280859813102
3,15,RF+GB,15,22,1,1,138.0008,0.15617166223533913
3,15,RF+GB,15,22,1,1,139.0064,0.1623362325380354
3,15,RF+GB,15,22,1,1,140.0006,0.15418481697458689
3,15,RF+GB,15,22,1,1,141.0053,0.12569068396201186
3,15,RF+GB,15,22,1,1,141.9996,0.11869053491648936
3,15,RF+GB,15,22,1,1,143.0043,0.10702221316061093
3,15,RF+GB,15,22,1,1,143.9991,0.10861494131510345
3,15,RF+GB,15,22,1,1,145.0036,0.11097266195493213
3,15,RF+GB,15,22,1,1,146.009,0.1095299293953707
3,15,RF+GB,15,22,1,1,147.0034,0.11635671293147179
3,15,RF+GB,15,22,1,1,148.0084,0.10685669122230139
3,15,RF+GB,15,22,1,1,149.0029,0.09848213855044172
3,15,RF+GB,15,22,1,1,150.0071,0.11135014365691555
3,15,RF+GB,15,22,1,1,151.0033,0.10916050472060558
3,15,RF+GB,15,22,1,1,152.0067,0.12031519391805472
3,15,RF+GB,15,22,1,1,153.0012,0.12986472959168632
3,15,RF+GB,15,22,1,1,154.0069,0.1288775436134508
3,15,RF+GB,15,22,1,1,155.0018,0.4299832411243253
3,15,RF+GB,15,22,1,1,156.005,0.4285260082598958
3,15,RF+GB,15,22,1,1,157.0015,0.4347626764439022
3,15,RF+GB,15,22,1,1,158.0064,0.46144781082600733
3,15,RF+GB,15,22,1,1,158.9998,0.48106297823494304
3,15,RF+GB,15,22,1,1,160.0075,0.5259520137691461
3,15,RF+GB,15,22,1,1,160.9989,0.52557509660121
3,15,RF+GB,15,22,1,1,162.0055,0.5033869297638769
3,15,RF+GB,15,22,1,1,162.9993,0.5118558636315231
3,15,RF+GB,15,22,1,1,164.0038,0.4428213626773828
3,15,RF+GB,15,22,1,1,165.009,0.4548758015758304
3,15,RF+GB,15,22,1,1,166.0014,0.46318769518053904
3,15,RF+GB,15,22,1,1,167.0084,0.447347273421813
3,15,RF+GB,15,22,1,1,168.0029,0.4340135711120204
3,15,RF+GB,15,22,1,1,168.9988,0.21256780464269748
3,15,RF+GB,15,22,1,1,170.0026,0.17576351294586554
3,15,RF+GB,15,22,1,1,171.0087,0.1653424895535986
3,15,RF+GB,15,22,1,1,172.002,0.11049842530074039
3,15,RF+GB,15,22,1,1,173.0081,0.11808352272913647
3,15,RF+GB,15,22,1,1,174.0015,0.09284972537498108
3,15,RF+GB,15,22,1,1,175.0074,0.08583334569162343
3,15,RF+GB,15,22,1,1,176.0012,0.07647008547512243
3,15,RF+GB,15,22,1,1,177.0057,0.07786944653983699
3,15,RF+GB,15,22,1,1,178.0003,0.07548774911961809
3,15,RF+GB,15,22,1,1,179.0055,0.0721627893111307
3,15,RF+GB,15,22,1,1,180.0004,0.06413228507340146
3,15,RF+GB,15,22,1,1,181.0063,0.062237139032259275
3,15,RF+GB,15,22,1,1,181.9992,0.04900053780286598
3,15,RF+GB,15,22,1,1,183.0047,0.05560228281031735
3,15,RF+GB,15,22,1,1,183.9991,0.05389777553246952
3,15,RF+GB,15,22,1,1,185.0039,0.05049490175724268
3,15,RF+GB,15,22,1,1,185.9996,0.03800668889218665
3,15,RF+GB,15,22,1,1,187.0029,0.03982154098349983
3,15,RF+GB,15,22,1,1,188.0091,0.037446218574836224
3,15,RF+GB,15,22,1,1,189.0034,0.03242981928348862
3,15,RF+GB,15,22,1,1,190.0086,0.03424647870303403
3,15,RF+GB,15,22,1,1,191.0028,0.03246914195609972
3,15,RF+GB,15,22,1,1,192.0077,0.03659119877933407
3,15,RF+GB,15,22,1,1,193.0021,0.037037474403493295
3,15,RF+GB,15,22,1,1,194.0079,0.03885644437972021
3,15,RF+GB,15,22,1,1,195.0012,0.0388013209028769
3,15,RF+GB,15,22,1,1,196.0064,0.04419924143456242
3,15,RF+GB,15,22,1,1,197.0011,0.059338680780566345
3,15,RF+GB,15,22,1,1,198.0061,0.060897179578264356
3,15,RF+GB,15,22,1,1,199.0004,0.07600154875742567
3,15,RF+GB,15,22,1,1,200.0061,0.07594840676332912
3,15,RF+GB,15,22,1,1,200.9999,0.08113092793444264
3,15,RF+GB,15,22,1,1,202.0023,0.09292159147492064
3,15,RF+GB,15,22,1,1,202.9989,0.1355659928861211
3,15,RF+GB,15,22,1,1,204.004,0.19053292720508996
3,15,RF+GB,15,22,1,1,204.9987,0.17699532191780026
3,15,RF+GB,15,22,1,1,206.0042,0.1932707335973999
3,15,RF+GB,15,22,1,1,207.0072,0.1951098679914871
3,15,RF+GB,15,22,1,1,208.0036,0.20930791897667353
3,15,RF+GB,15,22,1,1,208.9984,0.2593201954264347
3,15,RF+GB,15,22,1,1,210.0027,0.27362507807649955
3,15,RF+GB,15,22,1,1,211.0065,0.2869345126619281
3,15,RF+GB,15,22,1,1,212.0023,0.8454977140641298
3,15,RF+GB,15,22,1,1,213.0079,0.8495819319081046
3,15,RF+GB,15,22,1,1,214.0013,0.8458377294635033
3,15,RF+GB,15,22,1,1,215.0067,0.8475320931664256
3,15,RF+GB,15,22,1,1,216.0005,0.8438461440926736
3,15,RF+GB,15,22,1,1,217.0071,0.8512928650350057
3,15,RF+GB,15,22,1,1,217.9998,0.847525723913382
3,15,RF+GB,15,22,1,1,219.0065,0.8446219197196556
3,15,RF+GB,15,22,1,1,220.0002,0.8281064202147359
3,15,RF+GB,15,22,1,1,221.005,0.8194546967652754
3,15,RF+GB,15,22,1,1,221.9992,0.81676483587207
3,15,RF+GB,15,22,1,1,223.004,0.8190729103646736
3,15,RF+GB,15,22,1,1,223.9989,0.8244591441034126
3,15,RF+GB,15,22,1,1,225.0036,0.8227426983775261
3,15,RF+GB,15,22,1,1,225.9981,0.8210676686307234
3,15,RF+GB,15,22,1,1,227.003,0.8104107026861943
3,15,RF+GB,15,22,1,1,227.9983,0.7909824517987167
3,15,RF+GB,15,22,1,1,229.0027,0.7815854098001582
3,15,RF+GB,15,22,1,1,230.0077,0.7646252174803625
3,15,RF+GB,15,22,1,1,231.0015,0.8072959271271108
3,15,RF+GB,15,22,1,1,232.0083,0.7998762209310285
3,15,RF+GB,15,22,1,1,232.9994,0.801031934906415
3,15,RF+GB,15,22,1,1,234.0069,0.8088353598373678
3,15,RF+GB,15,22,1,1,235.0008,0.7898471428421778
3,15,RF+GB,15,22,1,1,236.0067,0.8150336526760797
3,15,RF+GB,15,22,1,1,237.0007,0.797144224077452
3,15,RF+GB,15,22,1,1,238.0053,0.801922734600462
3,15,RF+GB,15,22,1,1,238.9998,0.8134139830899072
3,15,RF+GB,15,22,1,1,240.0057,0.7910359612631394
3,15,RF+GB,15,22,1,1,240.9991,0.8167577472070744
3,15,RF+GB,15,22,1,1,242.0057,0.8183895987401592
3,15,RF+GB,15,22,1,1,242.9979,0.8221860862465281
3,15,RF+GB,15,22,1,1,244.0028,0.8274725363730864
3,15,RF+GB,15,22,1,1,244.9987,0.8268062456514127
3,15,RF+GB,15,22,1,1,246.0038,0.8441577922565712
3,15,RF+GB,15,22,1,1,247.0082,0.8412454421297038
3,15,RF+GB,15,22,1,1,248.0007,0.8464982729966452
3,15,RF+GB,15,22,1,1,249.0081,0.8574080266062656
3,15,RF+GB,15,22,1,1,250.0022,0.867067740821583
3,15,RF+GB,15,22,1,1,250.9977,0.868344817932279
3,15,RF+GB,15,22,1,1,252.0028,0.8679050451616768
3,15,RF+GB,15,22,1,1,253.0074,0.8730687436813176
3,15,RF+GB,15,22,1,1,254.0015,0.8730634119144673
3,15,RF+GB,15,22,1,1,255.0057,0.8746943626265842
3,15,RF+GB,15,22,1,1,256.0016,0.8689910195903953
3,15,RF+GB,15,22,1,1,257.0052,0.8673243529237287
3,15,RF+GB,15,22,1,1,257.9996,0.8697147334022679
3,15,RF+GB,15,22,1,1,259.0047,0.8689980301431219
3,15,RF+GB,15,22,1,1,260.0,0.865659051579429
3,15,RF+GB,15,22,1,1,261.0054,0.8649587575394444
3,15,RF+GB,15,22,1,1,261.9995,0.8642035186996473
3,15,RF+GB,15,22,1,1,263.005,0.8716202352559104
3,15,RF+GB,15,22,1,1,264.0086,0.8699962944022022
3,15,RF+GB,15,22,1,1,265.0041,0.8626863946685812
3,15,RF+GB,15,22,1,1,265.9979,0.8656695311746491
3,15,RF+GB,15,22,1,1,267.0028,0.8676258783691576
3,15,RF+GB,15,22,1,1,267.9983,0.8708409940141114
3,15,RF+GB,15,22,1,1,269.0023,0.8708983858704069
3,15,RF+GB,15,22,1,1,270.0084,0.8690565743262069
3,15,RF+GB,15,22,1,1,271.0029,0.8691105142780403
3,15,RF+GB,15,22,1,1,272.0079,0.8707564055559678
3,15,RF+GB,15,22,1,1,273.0007,0.869092483982778
3,15,RF+GB,15,22,1,1,274.007,0.8717819385818936
3,15,RF+GB,15,22,1,1,275.002,0.8719722020637162
3,15,RF+GB,15,22,1,1,276.0071,0.8773472957035622
3,15,RF+GB,15,22,1,1,276.9994,0.8788868507039596
3,15,RF+GB,15,22,1,1,278.0064,0.8802424813343516
3,15,RF+GB,15,22,1,1,278.9993,0.8819141670573634
3,15,RF+GB,15,22,1,1,280.0048,0.8811185870677187
3,15,RF+GB,15,22,1,1,280.9991,0.9059897283656206
3,15,RF+GB,15,22,1,1,282.0041,0.9023600146417121
3,15,RF+GB,15,22,1,1,282.9991,0.8920341372379526
3,15,RF+GB,15,22,1,1,284.0046,0.9011077557368474
3,15,RF+GB,15,22,1,1,284.9987,0.9068132387270327
3,15,RF+GB,15,22,1,1,286.0029,0.9110907645224291
3,15,RF+GB,15,22,1,1,286.9979,0.9123079466012611
3,15,RF+GB,15,22,1,1,288.0019,0.9133169171675877
3,15,RF+GB,15,22,1,1,289.0057,0.9131283925813132
3,15,RF+GB,15,22,1,1,290.0014,0.9114727393219555
3,15,RF+GB,15,22,1,1,291.0084,0.9138627369730894
3,15,RF+GB,15,22,1,1,292.0014,0.9162533429818959
3,15,RF+GB,15,22,1,1,293.0075,0.9155823788750836
3,15,RF+GB,15,22,1,1,293.9986,0.9155391651977058
3,15,RF+GB,15,22,1,1,295.0063,0.9239535806427032
3,15,RF+GB,15,22,1,1,296.0003,0.9221843516676447
3,15,RF+GB,15,22,1,1,297.0054,0.9215401511536687
3,15,RF+GB,15,22,1,1,298.001,0.9222720860449578
3,15,RF+GB,15,22,1,1,299.0046,0.9240793326174033
3,15,RF+GB,15,22,1,1,299.9992,0.9191617525847147
3,15,RF+GB,15,22,1,1,301.0032,0.9208433142471864
3,15,RF+GB,15,22,1,1,301.9981,0.9215510359592181
