pair_g,pair_h,model,participant,session,y,sev,t,proba
6,14,RF,6,8,0,0,0.0111263,0.01407677491293108
6,14,RF,6,8,0,0,1.012533,0.05131672134584855
6,14,RF,6,8,0,0,2.006725,0.04932696478818084
6,14,RF,6,8,0,0,3.011544,0.02113607385354148
6,14,RF,6,8,0,0,4.002677,0.03286908143912853
6,14,RF,6,8,0,0,5.009711,0.053579958080918526
6,14,RF,6,8,0,0,6.004739,0.056024323384254705
6,14,RF,6,8,0,0,7.009674,0.0476021832430737
6,14,RF,6,8,0,0,8.003508,0.04066891310402247
6,14,RF,6,8,0,0,9.006954,0.09820973051962172
6,14,RF,6,8,0,0,10.00293,0.09726590218075527
6,14,RF,6,8,0,0,11.00604,0.04018010585044166
6,14,RF,6,8,1,1,12.00364,0.029344055217619194
6,14,RF,6,8,1,1,13.00802,0.037814530887384096
6,14,RF,6,8,1,1,14.00243,0.03962927482760644
6,14,RF,6,8,1,1,15.00691,0.05478828703828623
6,14,RF,6,8,1,1,16.01181,0.0462959414942731
6,14,RF,6,8,1,1,17.00746,0.05270041621590545
6,14,RF,6,8,1,1,18.01327,0.038778761804146654
6,14,RF,6,8,1,1,19.00703,0.03209717218455863
6,14,RF,6,8,1,1,20.01132,0.05243990393675933
6,14,RF,6,8,1,1,21.00361,0.0658208090519925
6,14,RF,6,8,1,1,22.01139,0.0772108039071426
6,14,RF,6,8,1,1,23.00565,0.1170130288906356
6,14,RF,6,8,1,1,24.01185,0.12684840578864723
6,14,RF,6,8,1,1,25.00333,0.12066211606848402
6,14,RF,6,8,1,1,26.01048,0.0951624980743801
6,14,RF,6,8,1,1,27.0047,0.1051401725777517
6,14,RF,6,8,1,1,28.00931,0.10517524067771883
6,14,RF,6,8,1,1,29.00375,0.10274099908408962
6,14,RF,6,8,1,1,30.00954,0.06188397390925975
6,14,RF,6,8,1,1,31.00254,0.05091974299249719
6,14,RF,6,8,1,1,32.00864,0.07632479885137988
6,14,RF,6,8,1,1,33.0032,0.0629796193361621
6,14,RF,6,8,1,1,34.00835,0.0644995755964136
6,14,RF,6,8,1,1,35.01365,0.03004646591986708
6,14,RF,6,8,1,1,36.00763,0.0645615326772065
6,14,RF,6,8,1,1,37.01249,0.077994437649077
6,14,RF,6,8,1,1,38.00724,0.06585620181893302
6,14,RF,6,8,1,1,39.01177,0.08397393083694381
6,14,RF,6,8,1,1,40.00622,0.09375030941040931
6,14,RF,6,8,1,1,41.01126,0.056690807089905364
6,14,RF,6,8,1,1,42.00632,0.08185037741537722
6,14,RF,6,8,1,1,43.01094,0.08819117338334798
6,14,RF,6,8,1,1,44.00538,0.07361262985237835
6,14,RF,6,8,1,1,45.00897,0.08577820302533261
6,14,RF,6,8,1,1,46.00489,0.08659272339928237
6,14,RF,6,8,1,1,47.00764,0.1812593853403652
6,14,RF,6,8,1,1,48.00322,0.2102194802431977
6,14,RF,6,8,1,1,49.0089,0.24333894931295003
6,14,RF,6,8,1,1,50.00442,0.32020304168540703
6,14,RF,6,8,1,1,51.00952,0.3589967473711969
6,14,RF,6,8,1,1,52.00426,0.3505071355614648
6,14,RF,6,8,1,1,53.00848,0.35471900047667015
6,14,RF,6,8,1,1,54.00241,0.36650185085028053
6,14,RF,6,8,1,1,55.00602,0.39194758043796524
6,14,RF,6,8,1,1,56.01323,0.3638501308114559
6,14,RF,6,8,1,1,57.00426,0.3704890045129321
6,14,RF,6,8,1,1,58.01067,0.37535049530936004
6,14,RF,6,8,1,1,59.0066,0.3967408159380556
6,14,RF,6,8,1,1,60.01128,0.4299510214362719
6,14,RF,6,8,1,1,61.00568,0.4442421679422268
6,14,RF,6,8,1,1,62.01031,0.4472834473298704
6,14,RF,6,8,1,1,63.005,0.46003690166075834
6,14,RF,6,8,1,1,64.01,0.46273959278751875
6,14,RF,6,8,1,1,65.00407,0.4703599379282999
6,14,RF,6,8,1,1,66.01032,0.470718277039529
6,14,RF,6,8,1,1,67.00389,0.4570243264830657
6,14,RF,6,8,1,1,68.00977,0.4513862194488601
6,14,RF,6,8,1,1,69.00293,0.4612529942893214
6,14,RF,6,8,1,1,70.00932,0.4940529425991002
6,14,RF,6,8,1,1,71.00261,0.5015195892462461
6,14,RF,6,8,1,1,72.00746,0.49725246372512744
6,14,RF,6,8,1,1,73.00294,0.4993180005806505
6,14,RF,6,8,1,1,74.00814,0.5034393407112657
6,14,RF,6,8,1,1,75.01319,0.5099907217980776
6,14,RF,6,8,1,1,76.00666,0.5144926805289358
6,14,RF,6,8,1,1,77.01159,0.5064276563171402
6,14,RF,6,8,1,1,78.00659,0.5046183798454799
6,14,RF,6,8,1,1,79.01199,0.49169883260324204
6,14,RF,6,8,1,1,80.0071,0.43667193709196267
6,14,RF,6,8,1,1,81.01176,0.42485400379507904
6,14,RF,6,8,1,1,82.00599,0.41302331307155066
6,14,RF,6,8,1,1,83.01203,0.3884380603373838
6,14,RF,6,8,1,1,84.00549,0.42274019788111966
6,14,RF,6,8,1,1,85.01128,0.42877763014564685
6,14,RF,6,8,1,1,86.00328,0.39820766644317546
6,14,RF,6,8,1,1,87.01077,0.48184196321385836
6,14,RF,6,8,1,1,88.00428,0.48114224382817367
6,14,RF,6,8,1,1,89.00924,0.48504243754635146
6,14,RF,6,8,1,1,90.00323,0.5047519127992534
6,14,RF,6,8,1,1,91.00959,0.5111895848332225
6,14,RF,6,8,1,1,92.0034,0.5115089761217226
6,14,RF,6,8,1,1,93.00835,0.47848546600690584
6,14,RF,6,8,1,1,94.01284,0.4969445511171664
6,14,RF,6,8,1,1,95.00739,0.4814547135643165
6,14,RF,6,8,1,1,96.01205,0.46198221393705113
6,14,RF,6,8,1,1,97.00794,0.47416282264855103
6,14,RF,6,8,1,1,98.01041,0.47645212424879524
6,14,RF,6,8,1,1,99.0069,0.4962521976885773
6,14,RF,6,8,1,1,100.0121,0.5065567733589463
6,14,RF,6,8,1,1,101.0061,0.5283268663059119
6,14,RF,6,8,1,1,102.0104,0.5318296911646689
6,14,RF,6,8,1,1,103.0028,0.5298457205316495
6,14,RF,6,8,1,1,104.0098,0.5292347309198396
6,14,RF,6,8,1,1,105.0038,0.5546675721810025
6,14,RF,6,8,1,1,106.0078,0.5649764422674473
6,14,RF,6,8,1,1,107.0034,0.5467889080957687
6,14,RF,6,8,1,1,108.0105,0.54317491137625
6,14,RF,6,8,1,1,109.0032,0.5439863102081794
6,14,RF,6,8,1,1,110.0085,0.5272686138349335
6,14,RF,6,8,1,1,111.0039,0.5354871303284636
6,14,RF,6,8,1,1,112.0084,0.5466163982884938
6,14,RF,6,8,1,1,113.0033,0.5550645484616303
6,14,RF,6,8,1,1,114.0078,0.5517571856039668
6,14,RF,6,8,1,1,115.0025,0.5477931426089636
6,14,RF,6,8,1,1,116.0068,0.5495523352597076
6,14,RF,6,8,1,1,117.013,0.5544083585875734
6,14,RF,6,8,1,1,118.0074,0.5638699412217236
6,14,RF,6,8,1,1,119.0124,0.5562257246169272
6,14,RF,6,8,1,1,120.0065,0.553837045261315
6,14,RF,6,8,1,1,121.0116,0.5568546887933233
6,14,RF,6,8,1,1,122.0045,0.5607669693882283
6,14,RF,6,8,1,1,123.0113,0.56083693759146
6,14,RF,6,8,1,1,124.0041,0.5451844139875487
6,14,RF,6,8,1,1,125.0098,0.5415139200928887
6,14,RF,6,8,1,1,126.0048,0.541844701940893
6,14,RF,6,8,1,1,127.0095,0.5303557280024931
6,14,RF,6,8,1,1,128.0036,0.5281600837524475
6,14,RF,6,8,1,1,129.009,0.5266820447511718
6,14,RF,6,8,1,1,130.0039,0.5266820447511718
6,14,RF,6,8,1,1,131.0088,0.5218278439128267
6,14,RF,6,8,1,1,132.0122,0.5236826826225041
6,14,RF,6,8,1,1,133.0076,0.5236826826225041
6,14,RF,6,8,1,1,134.0139,0.5318647493256204
6,14,RF,6,8,1,1,135.0082,0.5351876033442099
6,14,RF,6,8,1,1,136.0131,0.5251980826589538
6,14,RF,6,8,1,1,137.0078,0.5436826826225041
6,14,RF,6,8,1,1,138.013,0.5470160159558375
6,14,RF,6,8,1,1,139.0039,0.5536826826225041
6,14,RF,6,8,1,1,140.0123,0.5603256569254018
6,14,RF,6,8,1,1,141.0059,0.5546277944691377
6,14,RF,6,8,1,1,142.0129,0.5628098611722541
6,14,RF,6,8,1,1,143.0045,0.5731388205307378
6,14,RF,6,8,1,1,144.0114,0.561588793193395
6,14,RF,6,8,1,1,145.0053,0.5731041932298447
6,14,RF,6,8,1,1,146.01,0.5810640996359663
6,14,RF,6,8,1,1,147.0052,0.5910640996359663
6,14,RF,6,8,1,1,148.0087,0.5875388997919925
6,14,RF,6,8,1,1,149.0129,0.5846670729729113
6,14,RF,6,8,1,1,150.0087,0.59524507434882
6,14,RF,6,8,1,1,151.0138,0.5864922012487988
6,14,RF,6,8,1,1,152.0095,0.6046719898400144
6,14,RF,6,8,1,1,153.0142,0.607250555928478
6,14,RF,6,8,1,1,154.0081,0.6208239440897744
6,14,RF,6,8,1,1,155.0137,0.6193030765847626
6,14,RF,6,8,1,1,156.0075,0.6126364099180959
6,14,RF,6,8,1,1,157.0126,0.6189180756735178
6,14,RF,6,8,1,1,158.0068,0.6132771672046436
6,14,RF,6,8,1,1,159.0132,0.6182628336200228
6,14,RF,6,8,1,1,160.0063,0.6238223530421027
6,14,RF,6,8,1,1,161.0108,0.6330361858502872
6,14,RF,6,8,1,1,162.006,0.627899954758616
6,14,RF,6,8,1,1,163.0109,0.6297365685730866
6,14,RF,6,8,1,1,164.0049,0.6107808336121127
6,14,RF,6,8,1,1,165.01,0.6070962154236673
6,14,RF,6,8,1,1,166.0045,0.6104295487570006
6,14,RF,6,8,1,1,167.0095,0.6101628788455923
6,14,RF,6,8,1,1,168.0032,0.5967944310343974
6,14,RF,6,8,1,1,169.0091,0.6024987576119452
6,14,RF,6,8,1,1,170.0035,0.5976410824084344
6,14,RF,6,8,1,1,171.0077,0.6009744157417677
6,14,RF,6,8,1,1,172.0033,0.6109744157417677
6,14,RF,6,8,1,1,173.0079,0.6227500934992494
6,14,RF,6,8,1,1,174.0131,0.619416760165916
6,14,RF,6,8,1,1,175.0073,0.6184479559555136
6,14,RF,6,8,1,1,176.0123,0.6241567951836208
6,14,RF,6,8,1,1,177.0065,0.6284589327273565
6,14,RF,6,8,1,1,178.0104,0.6269535563832705
6,14,RF,6,8,1,1,179.0055,0.6169535563832705
6,14,RF,6,8,1,1,180.0111,0.603126881188997
6,14,RF,6,8,1,1,181.0053,0.5836985384924861
6,14,RF,6,8,1,1,182.0111,0.5731157968942345
6,14,RF,6,8,1,1,183.0054,0.5697824635609012
6,14,RF,6,8,1,1,184.0106,0.5627922038262813
6,14,RF,6,8,1,1,185.0048,0.5761255371596146
6,14,RF,6,8,1,1,186.01,0.5785216077746488
6,14,RF,6,8,1,1,187.0047,0.5821310482703659
6,14,RF,6,8,1,1,188.0081,0.5863299681760898
6,14,RF,6,8,1,1,189.0033,0.5909114577610997
6,14,RF,6,8,1,1,190.0063,0.5983017255895545
6,14,RF,6,8,1,1,191.0028,0.6189899524199735
6,14,RF,6,8,1,1,192.0089,0.6710853725877657
6,14,RF,6,8,1,1,193.0028,0.6634499017106964
6,14,RF,6,8,1,1,194.0075,0.6767572645683599
6,14,RF,6,8,1,1,195.0103,0.6588809204823384
6,14,RF,6,8,1,1,196.0071,0.6694445915105218
6,14,RF,6,8,1,1,197.013,0.6654531087130588
6,14,RF,6,8,1,1,198.0058,0.668442902771743
6,14,RF,6,8,1,1,199.0128,0.6602544573553041
6,14,RF,6,8,1,1,200.0057,0.669380051863844
6,14,RF,6,8,1,1,201.0118,0.6646566933232602
6,14,RF,6,8,1,1,202.0059,0.653849370225192
6,14,RF,6,8,1,1,203.0114,0.6546710025749818
6,14,RF,6,8,1,1,204.0047,0.657033095150704
6,14,RF,6,8,1,1,205.0115,0.6695675128884696
6,14,RF,6,8,1,1,206.0058,0.673252131076915
6,14,RF,6,8,1,1,207.0091,0.6742213276954337
6,14,RF,6,8,1,1,208.0048,0.6717942854426484
6,14,RF,6,8,1,1,209.0109,0.672125522913033
6,14,RF,6,8,1,1,210.0142,0.66397945037795
6,14,RF,6,8,1,1,211.0105,0.6584782657597616
6,14,RF,6,8,1,1,212.0143,0.6566557762390763
6,14,RF,6,8,1,1,213.0075,0.6566557762390763
6,14,RF,6,8,1,1,214.0034,0.6521305347592149
6,14,RF,6,8,1,1,215.0077,0.6512517483833039
6,14,RF,6,8,1,1,216.0128,0.6527635034407122
6,14,RF,6,8,1,1,217.0073,0.6260968367740456
6,14,RF,6,8,1,1,218.0133,0.6186995703956041
6,14,RF,6,8,1,1,219.0063,0.6184134395408564
6,14,RF,6,8,1,1,220.0116,0.627627272349041
6,14,RF,6,8,1,1,221.0034,0.627627272349041
6,14,RF,6,8,1,1,222.0124,0.6209606056823743
6,14,RF,6,8,1,1,223.0052,0.6219339505630517
6,14,RF,6,8,1,1,224.0106,0.6152479920133377
6,14,RF,6,8,1,1,225.0051,0.5849041020811548
6,14,RF,6,8,1,1,226.011,0.5882374354144881
6,14,RF,6,8,1,1,227.0034,0.6015707687478214
6,14,RF,6,8,1,1,228.0098,0.5982374354144882
6,14,RF,6,8,1,1,229.0035,0.6015707687478214
6,14,RF,6,8,1,1,230.0087,0.6049041020811549
6,14,RF,6,8,1,1,231.003,0.5876058953132839
6,14,RF,6,8,1,1,232.008,0.5953030267827524
6,14,RF,6,8,1,1,233.0139,0.6017324976138784
6,14,RF,6,8,1,1,234.0074,0.5965554683401294
6,14,RF,6,8,1,1,235.0029,0.621405568577053
6,14,RF,6,8,1,1,236.0081,0.6229360041520485
6,14,RF,6,8,1,1,237.012,0.6670590677914388
6,14,RF,6,8,1,1,238.0068,0.7143272034822183
6,14,RF,6,8,1,1,239.0122,0.7182118601620077
6,14,RF,6,8,1,1,240.0048,0.7338929605486779
6,14,RF,6,8,1,1,241.0114,0.7238929605486779
6,14,RF,6,8,1,1,242.0057,0.7156949470622554
6,14,RF,6,8,1,1,243.0114,0.6990282803955888
6,14,RF,6,8,1,1,244.005,0.7086892025038102
6,14,RF,6,8,1,1,245.0085,0.7120225358371435
6,14,RF,6,8,1,1,246.0043,0.7186892025038102
6,14,RF,6,8,1,1,247.0102,0.7150913477365454
6,14,RF,6,8,1,1,248.0034,0.7138450253578287
6,14,RF,6,8,1,1,249.0086,0.7120225358371435
6,14,RF,6,8,1,1,250.012,0.6823391509213557
6,14,RF,6,8,1,1,251.0087,0.6753813415537596
6,14,RF,6,8,1,1,252.0134,0.6828721740344702
6,14,RF,6,8,1,1,253.0077,0.6781389265362661
6,14,RF,6,8,1,1,254.0119,0.6797951703983132
6,14,RF,6,8,1,1,255.0081,0.6792907240679575
6,14,RF,6,8,1,1,256.0134,0.6817684961130216
6,14,RF,6,8,1,1,257.007,0.6787313173267998
6,14,RF,6,8,1,1,258.0121,0.689487546485473
6,14,RF,6,8,1,1,259.007,0.6874698441544462
6,14,RF,6,8,1,1,260.0117,0.6855686244249845
6,14,RF,6,8,1,1,261.005,0.6870990599999799
6,14,RF,6,8,1,1,262.0108,0.7004009553890814
6,14,RF,6,8,1,1,263.0057,0.7085866670712393
6,14,RF,6,8,1,1,264.01,0.7252583455840877
6,14,RF,6,8,1,1,265.0052,0.728591678917421
6,14,RF,6,8,1,1,266.0104,0.728591678917421
6,14,RF,6,8,1,1,267.0128,0.7319250122507545
6,14,RF,6,8,1,1,268.0097,0.7352583455840878
6,14,RF,6,8,1,1,269.0036,0.7373263574012981
6,14,RF,6,8,1,1,270.0091,0.7427290029538165
6,14,RF,6,8,1,1,271.014,0.747581381302641
6,14,RF,6,8,1,1,272.0055,0.7512418515049372
6,14,RF,6,8,1,1,273.0126,0.7215831126676857
6,14,RF,6,8,1,1,274.0073,0.7230825659208294
6,14,RF,6,8,1,1,275.0133,0.721552130345834
6,14,RF,6,8,1,1,276.007,0.721552130345834
6,14,RF,6,8,1,1,277.0134,0.7259050013676497
6,14,RF,6,8,1,1,278.0072,0.7288852273563503
6,14,RF,6,8,1,1,279.0129,0.7522272175149067
6,14,RF,6,8,1,1,280.0068,0.7455605508482402
6,14,RF,6,8,1,1,281.011,0.7422099038644603
6,14,RF,6,8,1,1,282.0045,0.7422099038644603
6,14,RF,6,8,1,1,283.0108,0.7470659271923261
6,14,RF,6,8,1,1,284.0054,0.7589025410067965
6,14,RF,6,8,1,1,285.0088,0.7507304979960441
6,14,RF,6,8,1,1,286.004,0.7440638313293774
6,14,RF,6,8,1,1,287.0099,0.7373971646627108
6,14,RF,6,8,1,1,288.0023,0.7373971646627108
6,14,RF,6,8,1,1,289.0085,0.7373971646627108
6,14,RF,6,8,1,1,290.0032,0.7407304979960441
6,14,RF,6,8,1,1,291.007,0.7322458980324938
6,14,RF,6,8,1,1,292.003,0.7355792313658273
6,14,RF,6,8,1,1,293.0081,0.7337512743765798
6,14,RF,6,8,1,1,294.0127,0.7370846077099131
6,14,RF,6,8,1,1,295.0076,0.7404179410432465
6,14,RF,6,8,1,1,296.0129,0.7404179410432465
6,14,RF,6,8,1,1,297.0052,0.7370846077099131
6,14,RF,6,8,1,1,298.0126,0.7337512743765798
6,14,RF,6,8,1,1,299.0057,0.7304179410432465
6,14,RF,6,8,1,1,300.0108,0.7370846077099131
6,14,RF,6,8,1,1,301.005,0.7337512743765798
6,14,RF,14,20,0,0,0.0,0.011059748781237992
6,14,RF,14,20,0,0,0.6838388,0.00818742516850595
6,14,RF,14,20,0,0,1.996385,0.014598916586450844
6,14,RF,14,20,0,0,2.997726,0.007685652701157627
6,14,RF,14,20,0,0,3.999298,0.00497792302466988
6,14,RF,14,20,0,0,4.999687,0.005482712862304436
6,14,RF,14,20,0,0,6.000605,0.005482712862304436
6,14,RF,14,20,1,3,7.000906,0.005482712862304436
6,14,RF,14,20,1,3,8.001806,0.005482712862304436
6,14,RF,14,20,1,3,9.001246,0.005482712862304436
6,14,RF,14,20,1,3,10.00166,0.005482712862304436
6,14,RF,14,20,1,3,11.0016,0.005482712862304436
6,14,RF,14,20,0,0,12.00146,0.005482712862304436
6,14,RF,14,20,0,0,13.00144,0.005482712862304436
6,14,RF,14,20,0,0,14.00173,0.005482712862304436
6,14,RF,14,20,0,0,15.00065,0.005482712862304436
6,14,RF,14,20,0,0,16.00011,0.005482712862304436
6,14,RF,14,20,0,0,17.00224,0.013363234652599537
6,14,RF,14,20,0,0,18.00202,0.09303280964209808
6,14,RF,14,20,0,0,19.00236,0.14484590276617398
6,14,RF,14,20,0,0,20.00108,0.1656586994393009
6,14,RF,14,20,0,0,21.00156,0.16535160995506543
6,14,RF,14,20,0,0,22.00247,0.18050561031956328
6,14,RF,14,20,0,0,23.00267,0.18050561031956328
6,14,RF,14,20,0,0,24.00306,0.1810323460491589
6,14,RF,14,21,0,0,0.0111566,0.0
6,14,RF,14,21,0,0,1.008044,0.0033333333333333335
6,14,RF,14,21,0,0,2.008584,0.005166302168762529
6,14,RF,14,21,0,0,3.009267,0.050555870871623894
6,14,RF,14,21,0,0,4.010024,0.06414345725192912
6,14,RF,14,21,0,0,5.011356,0.06218441437946095
6,14,RF,14,21,0,0,6.011967,0.035440410752609626
6,14,RF,14,21,0,0,7.012537,0.04544041075260963
6,14,RF,14,21,0,0,8.01291,0.07846608738370144
6,14,RF,14,21,0,0,9.01293,0.07174298249010125
6,14,RF,14,21,0,0,10.01203,0.04937552128097358
6,14,RF,14,21,0,0,11.01296,0.05479848776539934
6,14,RF,14,21,0,0,12.01133,0.052594974702931604
6,14,RF,14,21,0,0,13.01141,0.12267081040335304
6,14,RF,14,21,0,0,14.01271,0.10523156578861291
6,14,RF,14,21,0,0,15.01378,0.17848195893826385
6,14,RF,14,21,0,0,16.01327,0.16276569366796956
6,14,RF,14,21,0,0,17.00288,0.13651007504959597
6,14,RF,14,21,0,0,18.0029,0.14107568002660079
6,14,RF,14,21,0,0,19.00287,0.11267853054125662
6,14,RF,14,21,0,0,20.00299,0.11773591847655523
6,14,RF,14,21,0,0,21.00261,0.14522711062117366
6,14,RF,14,21,0,0,22.01272,0.14952167197833957
6,14,RF,14,21,0,0,23.01328,0.1481664069116833
6,14,RF,14,21,0,0,24.01357,0.15554832547407524
6,14,RF,14,21,0,0,25.0139,0.19771025988535704
6,14,RF,14,21,0,0,26.01383,0.1858832079235012
6,14,RF,14,21,0,0,27.01273,0.15581195908105736
6,14,RF,14,21,0,0,28.01382,0.14855251427683622
6,14,RF,14,21,0,0,29.01269,0.15606517226409078
6,14,RF,14,21,0,0,30.01339,0.16703549492063946
6,14,RF,14,21,0,0,31.01192,0.1566082694702091
6,14,RF,14,21,0,0,32.01183,0.11814830582517331
6,14,RF,14,21,0,0,33.00271,0.0780809689665342
6,14,RF,14,21,0,0,34.01265,0.15793636477174464
6,14,RF,14,21,0,0,35.01145,0.16446889895073596
6,14,RF,14,21,0,0,36.01286,0.15960919320689382
6,14,RF,14,21,0,0,37.01249,0.19411345160316573
6,14,RF,14,21,0,0,38.01188,0.2022913653222373
6,14,RF,14,21,0,0,39.01241,0.2183904876763932
6,14,RF,14,21,0,0,40.01308,0.21840451229844063
6,14,RF,14,21,0,0,41.01354,0.22733762639348887
6,14,RF,14,21,0,0,42.01328,0.23805619244929097
6,14,RF,14,21,0,0,43.01295,0.2677441962335085
6,14,RF,14,21,0,0,44.00275,0.2775770815509267
6,14,RF,14,21,0,0,45.00262,0.2729562067680434
6,14,RF,14,21,0,0,46.01408,0.2829562067680434
6,14,RF,14,21,0,0,47.01381,0.27962287343471004
6,14,RF,14,21,0,0,48.0031,0.2789114358236495
6,14,RF,14,21,0,0,49.00273,0.2789114358236495
6,14,RF,14,21,0,0,50.01266,0.2806524446227366
6,14,RF,14,21,0,0,51.0137,0.2911863843865865
6,14,RF,14,21,0,0,52.01368,0.30635223093296887
6,14,RF,14,21,0,0,53.01442,0.3002414030855083
6,14,RF,14,21,0,0,54.00314,0.31598855564893946
6,14,RF,14,21,0,0,55.00397,0.30598855564893945
6,14,RF,14,21,0,0,56.00494,0.2965465971147144
6,14,RF,14,21,0,0,57.00359,0.3032132637813811
6,14,RF,14,21,0,0,58.00418,0.31720243097404277
6,14,RF,14,21,0,0,59.0043,0.34416935278924227
6,14,RF,14,21,0,0,60.00469,0.3453606739077052
6,14,RF,14,21,0,0,61.00396,0.3514856554651205
6,14,RF,14,21,0,0,62.00404,0.3381523221317872
6,14,RF,14,21,0,0,63.0042,0.3264450486394635
6,14,RF,14,21,0,0,64.00417,0.3264193973312526
6,14,RF,14,21,0,0,65.00488,0.3141709568647487
6,14,RF,14,21,0,0,66.00522,0.3090100989559015
6,14,RF,14,21,0,0,67.00533,0.31125853942240544
6,14,RF,14,21,0,0,68.0047,0.32125853942240545
6,14,RF,14,21,0,0,69.00309,0.3179252060890721
6,14,RF,14,21,0,0,70.00442,0.32308923014593377
6,14,RF,14,21,0,0,71.00477,0.3243452421747204
6,14,RF,14,21,0,0,72.00478,0.33276542390691477
6,14,RF,14,21,0,0,73.00455,0.33051698344041086
6,14,RF,14,21,0,0,74.00511,0.3227654239069148
6,14,RF,14,21,0,0,75.00506,0.3294320905735814
6,14,RF,14,21,0,0,76.00513,0.3294207000140772
6,14,RF,14,21,0,0,77.00486,0.32480725569575203
6,14,RF,14,21,0,0,78.00437,0.33890932272547347
6,14,RF,14,21,0,0,79.00454,0.34407790300613683
6,14,RF,14,21,0,0,80.00353,0.3333068911978479
6,14,RF,14,21,0,0,81.00387,0.3257509455950217
6,14,RF,14,21,0,0,82.00471,0.3135025051285178
6,14,RF,14,21,0,0,83.00375,0.33202446612724207
6,14,RF,14,21,0,0,84.00348,0.3309395732604126
6,14,RF,14,21,0,0,85.00488,0.3246169014907754
6,14,RF,14,21,0,0,86.00269,0.32706753925169746
6,14,RF,14,21,0,0,87.00475,0.32747309753154685
6,14,RF,14,21,0,0,88.00514,0.31539254589387244
6,14,RF,14,21,0,0,89.00536,0.30384388542367013
6,14,RF,14,21,0,0,90.00529,0.30384388542367013
6,14,RF,14,21,0,0,91.00585,0.3305105520903368
6,14,RF,14,21,0,0,92.00555,0.37148848308417876
6,14,RF,14,21,0,0,93.00659,0.3832396040872967
6,14,RF,14,21,0,0,94.00609,0.41539560919026725
6,14,RF,14,21,0,0,95.00773,0.4011501673087302
6,14,RF,14,21,0,0,96.00613,0.3734671910687305
6,14,RF,14,21,0,0,97.00587,0.39766850341821375
6,14,RF,14,21,0,0,98.00389,0.3853203702071724
6,14,RF,14,21,0,0,99.00591,0.3986355576986628
6,14,RF,14,21,0,0,100.0061,0.3733135725080635
6,14,RF,14,21,0,0,101.0077,0.3700157777203836
6,14,RF,14,21,0,0,102.0086,0.4027019616151265
6,14,RF,14,21,0,0,103.0074,0.40737577313936557
6,14,RF,14,21,0,0,104.0066,0.430709106472699
6,14,RF,14,21,0,0,105.0075,0.43162532593078157
6,14,RF,14,21,0,0,106.0072,0.4264488831500755
6,14,RF,14,21,0,0,107.0075,0.43978905081911146
6,14,RF,14,21,0,0,108.0076,0.4364557174857781
6,14,RF,14,21,0,0,109.0074,0.4443946535890202
6,14,RF,14,21,0,0,110.0079,0.4891578650293394
6,14,RF,14,21,0,0,111.0082,0.5058640511680164
6,14,RF,14,21,0,0,112.0079,0.5210098503296711
6,14,RF,14,21,0,0,113.0091,0.5189882346349103
6,14,RF,14,21,0,0,114.0081,0.5241807692677458
6,14,RF,14,21,0,0,115.0096,0.5184753306249117
6,14,RF,14,21,0,0,116.0084,0.5172263000792925
6,14,RF,14,21,0,0,117.0071,0.5102024405964545
6,14,RF,14,21,0,0,118.0075,0.5004632978249128
6,14,RF,14,21,0,0,119.0076,0.514679607258023
6,14,RF,14,21,0,0,120.0074,0.5108788180568773
6,14,RF,14,21,0,0,121.0079,0.5115699643254655
6,14,RF,14,21,0,0,122.008,0.5140986731129215
6,14,RF,14,21,0,0,123.0081,0.5285849702275599
6,14,RF,14,21,0,0,124.0075,0.5309736495831721
6,14,RF,14,21,0,0,125.0076,0.5106861518612839
6,14,RF,14,21,0,0,126.0077,0.5240194851946172
6,14,RF,14,21,0,0,127.0081,0.5281310775329247
6,14,RF,14,21,0,0,128.009,0.5318452551964397
6,14,RF,14,21,0,0,129.0099,0.505503021610511
6,14,RF,14,21,0,0,130.0087,0.48114592286534313
6,14,RF,14,21,0,0,131.0082,0.48213187161962345
6,14,RF,14,21,0,0,132.0084,0.46660649524683684
6,14,RF,14,21,0,0,133.0092,0.4608355501520013
6,14,RF,14,21,0,0,134.0093,0.4711481071047988
6,14,RF,14,21,0,0,135.0094,0.46694605067610484
6,14,RF,14,21,0,0,136.0092,0.44744579560507663
6,14,RF,14,21,0,0,137.0081,0.4498019599886383
6,14,RF,14,21,0,0,138.0091,0.4702373737367757
6,14,RF,14,21,0,0,139.0077,0.4841080269120268
6,14,RF,14,21,0,0,140.009,0.49014232205491337
6,14,RF,14,21,0,0,141.0088,0.48165544397946236
6,14,RF,14,21,0,0,142.0087,0.49088685279256244
6,14,RF,14,21,0,0,143.0098,0.47606226740892843
6,14,RF,14,21,0,0,144.0079,0.4711796066668272
6,14,RF,14,21,0,0,145.009,0.4648186593569881
6,14,RF,14,21,0,0,146.0096,0.4781410610134647
6,14,RF,14,21,0,0,147.0088,0.4592556577331804
6,14,RF,14,21,0,0,148.0108,0.45351379335628944
6,14,RF,14,21,0,0,149.0104,0.44599412734996474
6,14,RF,14,21,0,0,150.0094,0.44079639049723784
6,14,RF,14,21,0,0,151.0105,0.44814158332590426
6,14,RF,14,21,0,0,152.0103,0.4414749166592376
6,14,RF,14,21,0,0,153.0096,0.4547800014050003
6,14,RF,14,21,0,0,154.0102,0.47364322356647287
6,14,RF,14,21,0,0,155.0106,0.491312436068597
6,14,RF,14,21,0,0,156.011,0.48105416627717745
6,14,RF,14,21,0,0,157.011,0.4968047092576463
6,14,RF,14,21,0,0,158.0114,0.49983960993196747
6,14,RF,14,21,0,0,159.0111,0.4941608054075884
6,14,RF,14,21,0,0,160.0118,0.4908648331094291
6,14,RF,14,21,0,0,161.0123,0.4934300915424561
6,14,RF,14,21,0,0,162.0113,0.48523116681127326
6,14,RF,14,21,0,0,163.0103,0.4818905435198572
6,14,RF,14,21,0,0,164.0104,0.4733562807168684
6,14,RF,14,21,0,0,165.0097,0.5070153840520241
6,14,RF,14,21,0,0,166.0093,0.5121794081088857
6,14,RF,14,21,0,0,167.0115,0.523695719390096
6,14,RF,14,21,0,0,168.0111,0.5235810721844872
6,14,RF,14,21,0,0,169.0128,0.5320975660431561
6,14,RF,14,21,0,0,170.0104,0.5580121627377668
6,14,RF,14,21,0,0,171.012,0.6006431341854482
6,14,RF,14,21,0,0,172.0118,0.5866607986083298
6,14,RF,14,21,0,0,173.0113,0.5827321958536951
6,14,RF,14,21,0,0,174.013,0.6130595226658561
6,14,RF,14,21,0,0,175.0134,0.5930500192505971
6,14,RF,14,21,0,0,176.0137,0.5838069472775642
6,14,RF,14,21,0,0,177.0136,0.5661474731173216
6,14,RF,14,21,0,0,178.0129,0.5522817922145226
6,14,RF,14,21,0,0,179.013,0.5519487322546173
6,14,RF,14,21,0,0,180.0129,0.5404429002881511
6,14,RF,14,21,0,0,181.0128,0.5394595888663085
6,14,RF,14,21,0,0,182.0122,0.5739032739401192
6,14,RF,14,21,0,0,183.0139,0.6036075750153881
6,14,RF,14,21,0,0,184.0133,0.614484186147655
6,14,RF,14,21,0,0,185.0027,0.6130653301014107
6,14,RF,14,21,0,0,186.0117,0.6097319967680774
6,14,RF,14,21,0,0,187.0128,0.5979131522264335
6,14,RF,14,21,0,0,188.0118,0.6045798188931002
6,14,RF,14,21,0,0,189.0127,0.6025014244120717
6,14,RF,14,21,0,0,190.0121,0.5973096073900195
6,14,RF,14,21,0,0,191.0132,0.5945027044770377
6,14,RF,14,21,0,0,192.0134,0.593248786927128
6,14,RF,14,21,0,0,193.013,0.5899154535937946
6,14,RF,14,21,0,0,194.0139,0.5883945860887828
6,14,RF,14,21,0,0,195.0132,0.5666510334736807
6,14,RF,14,21,0,0,196.0029,0.5587225967430757
6,14,RF,14,21,0,0,197.0136,0.5720486401183261
6,14,RF,14,21,0,0,198.0126,0.5447076055100529
6,14,RF,14,21,0,0,199.0025,0.5500972138536265
6,14,RF,14,21,0,0,200.0141,0.5429494753160823
6,14,RF,14,21,0,0,201.0126,0.5149330073334568
6,14,RF,14,21,0,0,202.0122,0.5427651946784298
6,14,RF,14,21,0,0,203.0119,0.5417434142172326
6,14,RF,14,21,0,0,204.0137,0.5406273828853123
6,14,RF,14,21,0,0,205.0121,0.5671198790092078
6,14,RF,14,21,0,0,206.0025,0.6064101883229851
6,14,RF,14,21,0,0,207.013,0.6025630361767778
6,14,RF,14,21,0,0,208.0023,0.6232548185932568
6,14,RF,14,21,0,0,209.012,0.615106012323893
6,14,RF,14,21,0,0,210.0123,0.6142788205897458
6,14,RF,14,21,0,0,211.0026,0.6294692707446574
6,14,RF,14,21,0,0,212.0024,0.6497981276859602
6,14,RF,14,21,0,0,213.0128,0.6397981276859602
6,14,RF,14,21,0,0,214.0122,0.6332114848288881
6,14,RF,14,21,0,0,215.012,0.6165448181622214
6,14,RF,14,21,0,0,216.0024,0.6273807026037153
6,14,RF,14,21,0,0,217.0024,0.6277214514288665
6,14,RF,14,21,0,0,218.0024,0.6356648966363263
6,14,RF,14,21,0,0,219.0037,0.6308334769169897
6,14,RF,14,21,0,0,220.0035,0.6030499379069069
6,14,RF,14,21,0,0,221.0034,0.5925488781167677
6,14,RF,14,21,0,0,222.0034,0.5843979668020183
6,14,RF,14,21,0,0,223.0045,0.5824736136129935
6,14,RF,14,21,0,0,224.0039,0.5915007698890808
6,14,RF,14,21,0,0,225.0049,0.6012708239695396
6,14,RF,14,21,0,0,226.0045,0.5947679608469775
6,14,RF,14,21,0,0,227.003,0.5820784219368261
6,14,RF,14,21,0,0,228.0028,0.5921588011030626
6,14,RF,14,21,0,0,229.0032,0.5946801427069803
6,14,RF,14,21,0,0,230.0022,0.5755110367292928
6,14,RF,14,21,0,0,231.0033,0.5688443700626261
6,14,RF,14,21,0,0,232.0036,0.5673107451309695
6,14,RF,14,21,0,0,233.0042,0.5557994456959412
6,14,RF,14,21,0,0,234.0034,0.5476223908390068
6,14,RF,14,21,0,0,235.0032,0.5509372753678476
6,14,RF,14,21,0,0,236.0034,0.5491002026707295
6,14,RF,14,21,0,0,237.003,0.5433538496430841
6,14,RF,14,21,0,0,238.004,0.5500205163097508
6,14,RF,14,21,0,0,239.0049,0.5485228855461276
6,14,RF,14,21,0,0,240.0044,0.5650690980615064
6,14,RF,14,21,0,0,241.0053,0.5809046875177001
6,14,RF,14,21,0,0,242.0053,0.5658242089673998
6,14,RF,14,21,0,0,243.0063,0.595507522294341
6,14,RF,14,21,0,0,244.0049,0.6052012488124279
6,14,RF,14,21,0,0,245.0067,0.6404172780828433
6,14,RF,14,21,0,0,246.007,0.6504172780828433
6,14,RF,14,21,0,0,247.008,0.6653387342873074
6,14,RF,14,21,0,0,248.0067,0.6698318437330324
6,14,RF,14,21,0,0,249.0064,0.6579795580474691
6,14,RF,14,21,0,0,250.0057,0.6579795580474691
6,14,RF,14,21,0,0,251.0063,0.6632401077753307
6,14,RF,14,21,0,0,252.0063,0.666573441108664
6,14,RF,14,21,0,0,253.006,0.6637949161603716
6,14,RF,14,21,0,0,254.0054,0.6580078032753834
6,14,RF,14,21,0,0,255.0051,0.6588695341119142
6,14,RF,14,21,0,0,256.0062,0.6702489906000269
6,14,RF,14,21,0,0,257.0051,0.670319558510045
6,14,RF,14,21,0,0,258.0047,0.6798810827662581
6,14,RF,14,21,0,0,259.0055,0.6632681866245004
6,14,RF,14,21,0,0,260.0052,0.669270791562843
6,14,RF,14,21,0,0,261.0052,0.6583159876834297
6,14,RF,14,21,0,0,262.006,0.6668647649740927
6,14,RF,14,21,0,0,263.0056,0.6444751617454156
6,14,RF,14,21,0,0,264.0062,0.6526207786581184
6,14,RF,14,21,0,0,265.0059,0.659287445324785
6,14,RF,14,21,0,0,266.0063,0.6623091183831734
6,14,RF,14,21,0,0,267.0061,0.6641184094217415
6,14,RF,14,21,0,0,268.0059,0.6767525653313903
6,14,RF,14,21,0,0,269.0059,0.683419231998057
6,14,RF,14,21,0,0,270.006,0.686136526724957
6,14,RF,14,21,0,0,271.006,0.6794698600582902
6,14,RF,14,21,0,0,272.006,0.648417575071667
6,14,RF,14,21,0,0,273.0071,0.6269299680004076
6,14,RF,14,21,0,0,274.0065,0.6102476889835472
6,14,RF,14,21,0,0,275.0058,0.6192075162640341
6,14,RF,14,21,0,0,276.0055,0.6406951233352935
6,14,RF,14,21,0,0,277.0069,0.6306951233352935
6,14,RF,14,21,0,0,278.0059,0.6406951233352935
6,14,RF,14,21,0,0,279.006,0.6286535089797375
6,14,RF,14,21,0,0,280.0074,0.6259619873895879
6,14,RF,14,21,0,0,281.0076,0.6612778257681468
6,14,RF,14,21,0,0,282.0067,0.645008586240079
6,14,RF,14,21,0,0,283.0073,0.6167229917004848
6,14,RF,14,21,0,0,284.0067,0.6110725105849792
6,14,RF,14,21,0,0,285.0068,0.6069446155890762
6,14,RF,14,21,0,0,286.007,0.6250526318932709
6,14,RF,14,21,0,0,287.0069,0.6437797192541348
6,14,RF,14,21,0,0,288.007,0.6395927079180701
6,14,RF,14,21,0,0,289.0068,0.6192699041588566
6,14,RF,14,21,0,0,290.0067,0.6325405302002248
6,14,RF,14,21,0,0,291.0067,0.6322575887021383
6,14,RF,14,21,0,0,292.007,0.6240750663766417
6,14,RF,14,21,0,0,293.0064,0.62350082480102
6,14,RF,14,21,1,3,294.0073,0.6340714213976003
6,14,RF,14,21,1,3,295.0069,0.6407558573370937
6,14,RF,14,21,1,3,296.0074,0.6356401292525301
6,14,RF,14,21,1,3,297.0061,0.6248071027762427
6,14,RF,14,21,1,3,298.008,0.6030707990980921
6,14,RF,14,21,1,3,299.0076,0.594411315693208
6,14,RF,14,21,1,3,300.0077,0.5851685820780935
6,14,RF,14,21,1,3,301.0084,0.5910515562618249
6,14,RF,14,23,0,0,0.0,0.005154455986878075
6,14,RF,14,23,0,0,0.9982342,0.011384583282775258
6,14,RF,14,23,0,0,2.000526,0.007353508636514372
6,14,RF,14,23,0,0,3.000793,0.015154460366673343
6,14,RF,14,23,0,0,3.999719,0.0
6,14,RF,14,23,0,0,5.000658,0.0
6,14,RF,14,23,0,0,6.000513,0.0
6,14,RF,14,23,0,0,7.001402,0.020327991246569126
6,14,RF,14,23,0,0,8.002209,0.0
6,14,RF,14,23,0,0,9.001521,0.0018329688354291962
6,14,RF,14,23,0,0,10.00158,0.022523522142547416
6,14,RF,14,23,0,0,11.00055,0.007757083175617894
6,14,RF,14,23,0,0,12.00204,0.008998251186622709
6,14,RF,14,23,0,0,13.00199,0.015664917853289377
6,14,RF,14,23,0,0,14.0019,0.02081937384016745
6,14,RF,14,23,0,0,15.00248,0.017486040506834118
6,14,RF,14,23,0,0,16.00356,0.036077337824826965
6,14,RF,14,23,0,0,16.99234,0.08957900863522594
6,14,RF,14,23,0,0,18.00213,0.10897774434658086
6,14,RF,14,23,0,0,19.00258,0.1430502757143182
6,14,RF,14,23,0,0,20.00245,0.1430236605532027
6,14,RF,14,23,0,0,21.00214,0.1500724394592824
6,14,RF,14,23,0,0,22.00294,0.138728957975784
6,14,RF,14,23,0,0,23.00375,0.1627647317205907
6,14,RF,14,23,0,0,23.99251,0.17646524929794982
6,14,RF,14,23,0,0,24.99268,0.1938890923063302
6,14,RF,14,23,0,0,25.99331,0.18029587792231191
6,14,RF,14,23,1,1,26.99233,0.16919869031673415
6,14,RF,14,23,1,1,27.99275,0.19257179430750715
6,14,RF,14,23,1,1,29.00434,0.222922081599629
6,14,RF,14,23,1,1,29.99229,0.22892775931377565
6,14,RF,14,23,1,1,30.99279,0.23281967707392742
6,14,RF,14,23,1,1,31.99316,0.23111260920202506
6,14,RF,14,23,1,1,33.00367,0.2065255138325635
6,14,RF,14,23,1,1,33.99289,0.21166857925993732
6,14,RF,14,23,1,1,34.99303,0.2268225796244352
6,14,RF,14,23,1,1,35.99273,0.2309410276301677
6,14,RF,14,23,1,1,36.99239,0.22990125678396492
6,14,RF,14,23,1,1,37.99338,0.22094739493946344
6,14,RF,14,23,1,1,38.99241,0.21697515625698632
6,14,RF,14,23,1,1,39.99234,0.18797295828927663
6,14,RF,14,23,1,1,40.99243,0.2199855714946911
6,14,RF,14,23,1,1,41.99356,0.2014354911865342
6,14,RF,14,23,1,1,42.99372,0.17451638631100996
6,14,RF,14,23,1,1,43.99422,0.17552461045025927
6,14,RF,14,23,1,1,44.99426,0.15850927788964778
6,14,RF,14,23,1,1,45.99385,0.15445679625232206
6,14,RF,14,23,1,1,46.99342,0.14818287607736305
6,14,RF,14,23,1,1,47.99352,0.1660979731828418
6,14,RF,14,23,1,1,48.99342,0.15477129042952786
6,14,RF,14,23,1,1,49.99279,0.15661792793636223
6,14,RF,14,23,1,1,50.99308,0.13717327345140384
6,14,RF,14,23,1,1,51.99316,0.14383994011807053
6,14,RF,14,23,1,1,52.99363,0.13768812710295358
6,14,RF,14,23,1,1,53.99338,0.13640888871949733
6,14,RF,14,23,1,1,54.99331,0.10943285445669435
6,14,RF,14,23,1,1,55.99312,0.11789239518933513
6,14,RF,14,23,1,1,56.99214,0.10609952112336102
6,14,RF,14,23,1,1,58.00339,0.11626366259159532
6,14,RF,14,23,1,1,58.99253,0.11614764075407669
6,14,RF,14,23,1,1,59.99322,0.11877459923616086
6,14,RF,14,23,1,1,60.99241,0.10154226177808236
6,14,RF,14,23,1,1,62.00363,0.10645284389817225
6,14,RF,14,23,1,1,62.99332,0.109417578725947
6,14,RF,14,23,1,1,63.99334,0.10094892554570278
6,14,RF,14,23,1,1,64.9931,0.0976830243246348
6,14,RF,14,23,1,1,65.99414,0.10313237293566793
6,14,RF,14,23,1,1,66.99364,0.12713578310784288
6,14,RF,14,23,1,1,67.99326,0.14494795118666376
6,14,RF,14,23,1,1,68.99331,0.1430973656127666
6,14,RF,14,23,1,1,69.99294,0.15073736300746227
6,14,RF,14,23,1,1,70.99304,0.1593863584792453
6,14,RF,14,23,1,1,71.99434,0.15534511683521307
6,14,RF,14,23,1,1,72.99424,0.14069831553890835
6,14,RF,14,23,1,1,73.99388,0.1506654675272369
6,14,RF,14,23,1,1,74.9944,0.14550007660323472
6,14,RF,14,23,1,1,75.99446,0.1281780084909732
6,14,RF,14,23,1,1,76.99354,0.1336671077678055
6,14,RF,14,23,1,1,77.99458,0.13689274458570208
6,14,RF,14,23,1,1,78.99346,0.15732619070262654
6,14,RF,14,23,1,1,79.99506,0.16215669917720282
6,14,RF,14,23,1,1,80.99474,0.15878579353119718
6,14,RF,14,23,1,1,81.99532,0.14377906475613714
6,14,RF,14,23,1,1,82.99506,0.15888813382334083
6,14,RF,14,23,1,1,83.99451,0.16792803992662722
6,14,RF,14,23,1,1,84.99424,0.18245623272916797
6,14,RF,14,23,1,1,85.99445,0.18103824265674617
6,14,RF,14,23,1,1,86.99361,0.16319878773862076
6,14,RF,14,23,1,1,87.99483,0.17024314997857426
6,14,RF,14,23,1,1,88.99535,0.16716701614302015
6,14,RF,14,23,1,1,89.99509,0.18662188099158258
6,14,RF,14,23,1,1,90.99504,0.1815790672298359
6,14,RF,14,23,1,1,91.995,0.17906233238092098
6,14,RF,14,23,1,1,92.99534,0.2063537936576677
6,14,RF,14,23,1,1,93.99495,0.2057227414004773
6,14,RF,14,23,1,1,94.99651,0.23334534861766723
6,14,RF,14,23,1,1,95.9971,0.24460531518058096
6,14,RF,14,23,1,1,96.99723,0.28356299688078657
6,14,RF,14,23,1,1,97.99645,0.2715849345298808
6,14,RF,14,23,1,1,98.99647,0.28412582489299304
6,14,RF,14,23,1,1,99.99609,0.2759071073649371
6,14,RF,14,23,1,1,100.9956,0.280777615903471
6,14,RF,14,23,1,1,101.9969,0.2877152418265851
6,14,RF,14,23,1,1,102.9967,0.3765038437429015
6,14,RF,14,23,1,1,103.9955,0.3983439407258511
6,14,RF,14,23,0,0,104.9961,0.3888014143815957
6,14,RF,14,23,0,0,105.9961,0.3859297310152692
6,14,RF,14,23,0,0,106.9959,0.4681417592789641
6,14,RF,14,23,0,0,107.9969,0.4524947946827776
6,14,RF,14,23,0,0,108.9957,0.43607314716061185
6,14,RF,14,23,0,0,109.9959,0.42483155006215334
6,14,RF,14,23,0,0,110.9962,0.4415114855988466
6,14,RF,14,23,0,0,111.9973,0.4402445724139512
6,14,RF,14,23,0,0,112.9961,0.4322937205749328
6,14,RF,14,23,0,0,113.9966,0.43412668941036203
6,14,RF,14,23,0,0,114.9973,0.45154052080086804
6,14,RF,14,23,0,0,115.9978,0.43856659841282164
6,14,RF,14,23,0,0,116.9979,0.4323382320595541
6,14,RF,14,23,0,0,117.998,0.42191070395399927
6,14,RF,14,23,0,0,118.9974,0.3929845584673718
6,14,RF,14,23,0,0,119.997,0.4127368022873318
6,14,RF,14,23,0,0,120.9973,0.39267290419414097
6,14,RF,14,23,0,0,121.998,0.38629874709554424
6,14,RF,14,23,0,0,122.9987,0.3890317972788293
6,14,RF,14,23,1,1,123.9988,0.3747025470273351
6,14,RF,14,23,1,1,124.9984,0.3680358803606684
6,14,RF,14,23,1,1,125.9981,0.37569734317897024
6,14,RF,14,23,1,1,126.9981,0.37569734317897024
6,14,RF,14,23,1,1,127.9989,0.37330978980703367
6,14,RF,14,23,1,1,128.9993,0.3748315685568059
6,14,RF,14,23,1,1,129.999,0.3792497947569685
6,14,RF,14,23,1,1,130.9996,0.36007593023205803
6,14,RF,14,23,1,1,131.999,0.37696303284204413
6,14,RF,14,23,1,1,132.9998,0.33818413470745046
6,14,RF,14,23,1,1,133.9991,0.3548508013741171
6,14,RF,14,23,1,1,135.0,0.34332902262434495
6,14,RF,14,23,1,1,135.9996,0.3190212585228514
6,14,RF,14,23,1,1,137.0003,0.3208706297639668
6,14,RF,14,23,1,1,137.9992,0.32270268735463564
6,14,RF,14,23,1,1,139.0002,0.3234370946518303
6,14,RF,14,23,1,1,140.0006,0.32010376131849694
6,14,RF,14,23,1,1,141.0006,0.32677042798516365
6,14,RF,14,23,1,1,142.001,0.31776634490332445
6,14,RF,14,23,1,1,143.0011,0.30776634490332444
6,14,RF,14,23,1,1,144.0009,0.30776634490332444
6,14,RF,14,23,1,1,144.9999,0.31776634490332445
6,14,RF,14,23,1,1,146.0004,0.31013960355620396
6,14,RF,14,23,1,1,147.001,0.30680627022287066
6,14,RF,14,23,1,1,148.0006,0.3134729368895373
6,14,RF,14,23,1,1,149.0018,0.3034729368895373
6,14,RF,14,23,1,1,150.0019,0.2890125042412439
6,14,RF,14,23,1,3,151.0009,0.27647093215106455
6,14,RF,14,23,1,3,152.0006,0.27381638745144965
6,14,RF,14,23,1,3,153.0009,0.2700606787094133
6,14,RF,14,23,1,3,154.0014,0.26824422592980435
6,14,RF,14,23,1,3,155.0004,0.26400041931826296
6,14,RF,14,23,1,3,155.9997,0.2691115911790248
6,14,RF,14,23,1,3,156.9989,0.2824449245123581
6,14,RF,14,23,1,3,157.9997,0.2870327651043375
6,14,RF,14,23,1,3,158.9994,0.3030142687052907
6,14,RF,14,23,1,3,159.999,0.31206241678185126
6,14,RF,14,23,1,3,161.0,0.31815422776736757
6,14,RF,14,23,1,3,161.9996,0.31401640486569693
6,14,RF,14,23,1,3,163.0005,0.3230476006552944
6,14,RF,14,23,1,3,163.9998,0.3081760825629395
6,14,RF,14,23,1,3,164.9999,0.3167877038926269
6,14,RF,14,23,1,3,166.0,0.31834584944144856
6,14,RF,14,23,1,3,167.0003,0.3080631485874818
6,14,RF,14,23,1,3,168.0001,0.31952490422322377
6,14,RF,14,23,1,3,169.0021,0.31969076921397943
6,14,RF,14,23,1,3,170.0007,0.33703598531523105
6,14,RF,14,23,1,3,171.0015,0.3258006532799609
6,14,RF,14,23,1,3,172.0013,0.32129852519520286
6,14,RF,14,23,1,3,173.0021,0.31286275564552896
6,14,RF,14,23,1,3,174.0025,0.3128636668902893
6,14,RF,14,23,1,3,175.0028,0.3143517295839289
6,14,RF,14,23,1,3,175.9926,0.2992443848115852
6,14,RF,14,23,1,3,177.0027,0.2986820999652617
6,14,RF,14,23,1,3,178.0038,0.3038652601620905
6,14,RF,14,23,1,3,179.0034,0.2971985934954238
6,14,RF,14,23,1,3,180.0034,0.2899570711476067
6,14,RF,14,23,1,3,180.9927,0.303878227373213
6,14,RF,14,23,1,3,182.0031,0.29661408675292555
6,14,RF,14,23,1,3,183.003,0.3172086648505745
6,14,RF,14,23,1,3,184.0024,0.3044510984431519
6,14,RF,14,23,1,3,185.0018,0.3117733304992503
6,14,RF,14,23,1,3,185.9999,0.3147229368550458
6,14,RF,14,23,1,3,187.0019,0.30952428549729116
6,14,RF,14,23,1,3,188.0031,0.3111236337459636
6,14,RF,14,23,1,3,189.0022,0.3083455643314333
6,14,RF,14,23,1,3,190.0024,0.3037740643470549
6,14,RF,14,23,1,3,191.0039,0.30584813842112896
6,14,RF,14,23,1,3,192.0037,0.31024950659322525
6,14,RF,14,23,1,3,193.0038,0.3087341065567755
6,14,RF,14,23,1,3,194.0028,0.33206743989010884
6,14,RF,14,23,1,3,194.9935,0.3237431981399091
6,14,RF,14,23,1,3,195.9927,0.32599163860641306
6,14,RF,14,23,1,3,197.0033,0.3326583052730797
6,14,RF,14,23,1,3,198.004,0.32893638202910175
6,14,RF,14,23,1,3,198.9929,0.3312714836812718
6,14,RF,14,23,1,3,200.0045,0.32130876172508155
6,14,RF,14,23,1,3,200.9928,0.3188100718209606
6,14,RF,14,23,1,3,202.0033,0.3201237709056203
6,14,RF,14,23,1,3,203.0034,0.31251655988365423
6,14,RF,14,23,1,3,204.0026,0.3226333718921896
6,14,RF,14,23,1,3,204.9932,0.3141915174410112
6,14,RF,14,23,1,3,205.9934,0.30686414155183467
6,14,RF,14,23,1,3,206.994,0.30384314141138336
6,14,RF,14,23,1,3,207.9929,0.3101260811005122
6,14,RF,14,23,1,3,208.9937,0.30531972061208495
6,14,RF,14,23,1,3,209.9931,0.29767091532863554
6,14,RF,14,23,1,3,210.9936,0.2991566999103742
6,14,RF,14,23,1,3,211.9932,0.30580423043707367
6,14,RF,14,23,1,3,212.9935,0.3091065814485553
6,14,RF,14,23,1,3,213.9937,0.31731325176020103
6,14,RF,14,23,1,3,214.9946,0.3344014678695652
6,14,RF,14,23,1,3,215.9942,0.33457646788513773
6,14,RF,14,23,1,3,216.9937,0.33996360714565754
6,14,RF,14,23,1,3,217.9947,0.34105811084386817
6,14,RF,14,23,1,3,218.9939,0.3497154440194035
6,14,RF,14,23,1,3,219.9934,0.36327034951138476
6,14,RF,14,23,1,3,220.994,0.3551583089729301
6,14,RF,14,23,1,3,221.9946,0.35516240957435163
6,14,RF,14,23,1,3,222.9935,0.35459797331936377
6,14,RF,14,23,1,3,223.9935,0.33585635000349673
6,14,RF,14,23,1,3,224.9933,0.32320872835232123
6,14,RF,14,23,1,3,226.0038,0.32673619784119423
6,14,RF,14,23,1,3,226.9932,0.3145158492873481
6,14,RF,14,23,1,3,227.993,0.31221668001596453
6,14,RF,14,23,1,3,228.9936,0.315217864634153
6,14,RF,14,23,1,3,229.994,0.307466305100657
6,14,RF,14,23,1,3,230.9936,0.2904766021664488
6,14,RF,14,23,1,3,231.994,0.29436387539739706
6,14,RF,14,23,1,3,232.9937,0.28920850816575866
6,14,RF,14,23,1,3,233.9941,0.3058780157534945
6,14,RF,14,23,1,3,234.9933,0.310204909568405
6,14,RF,14,23,1,3,235.9945,0.3037348323272175
6,14,RF,14,23,1,3,236.9939,0.3034089871883094
6,14,RF,14,23,1,3,237.9933,0.3031787031953489
6,14,RF,14,23,1,3,238.9939,0.30580214394378963
6,14,RF,14,23,1,3,239.9943,0.30656297733903426
6,14,RF,14,23,1,3,240.9942,0.30580214394378963
6,14,RF,14,23,1,3,241.9942,0.29900916706898184
6,14,RF,14,23,1,3,242.9944,0.2890091670689819
6,14,RF,14,23,1,3,243.9944,0.3023425004023152
6,14,RF,14,23,1,3,244.9943,0.30083120096728694
6,14,RF,14,23,1,3,245.9946,0.3052494271674497
6,14,RF,14,23,1,3,246.9949,0.3102885426603871
6,14,RF,14,23,1,3,247.9954,0.3021762594085565
6,14,RF,14,23,1,3,248.9957,0.2993439516947926
6,14,RF,14,23,1,3,249.9943,0.29358644719533566
6,14,RF,14,23,1,3,250.9944,0.29176851389845215
6,14,RF,14,23,1,3,251.9948,0.28843518056511885
6,14,RF,14,23,1,3,252.9941,0.27801014086406045
6,14,RF,14,23,1,3,253.9945,0.2802514662906519
6,14,RF,14,23,1,3,254.9945,0.2535847996239853
6,14,RF,14,23,1,3,255.995,0.25583324009048924
6,14,RF,14,23,1,3,256.9954,0.25583324009048924
6,14,RF,14,23,1,3,257.9954,0.25583324009048924
6,14,RF,14,23,1,3,258.9947,0.255837796314291
6,14,RF,14,23,1,3,259.9962,0.25434882237589107
6,14,RF,14,23,1,3,260.9958,0.26631714655326966
6,14,RF,14,23,1,3,261.9972,0.2615833929138484
6,14,RF,14,23,1,3,262.998,0.2660016191140111
6,14,RF,14,23,1,3,263.9974,0.2626682857806778
6,14,RF,14,23,1,3,264.9976,0.2615833929138484
6,14,RF,14,23,1,3,265.9971,0.26921315567445225
6,14,RF,14,23,1,3,266.9977,0.2802414256169128
6,14,RF,14,23,1,3,267.9981,0.27024142561691283
6,14,RF,14,23,1,3,268.9977,0.2859453742463933
6,14,RF,14,23,1,3,269.998,0.2768881529009027
6,14,RF,14,23,1,3,270.9981,0.2902260424580377
6,14,RF,14,23,1,3,271.9973,0.28205035446824367
6,14,RF,14,23,1,3,272.9978,0.28205035446824367
6,14,RF,14,23,1,3,273.9975,0.28205035446824367
6,14,RF,14,23,1,3,274.9981,0.2758398355737146
6,14,RF,14,23,1,3,275.9986,0.2758398355737146
6,14,RF,14,23,1,3,276.9987,0.274428163717131
6,14,RF,14,23,1,3,277.9982,0.2625951948817018
6,14,RF,14,23,1,3,278.9988,0.2633094186081619
6,14,RF,14,23,1,3,279.9991,0.26257802574945815
6,14,RF,14,23,1,3,280.9967,0.2689413768204585
6,14,RF,14,23,1,3,281.9972,0.2686856730954672
6,14,RF,14,23,1,3,282.9969,0.26200032591121347
6,14,RF,14,23,1,3,283.9963,0.24776775579276578
6,14,RF,14,23,1,3,284.9965,0.2545457399175807
6,14,RF,14,23,1,3,285.9962,0.24938171586071903
6,14,RF,14,23,1,3,287.0023,0.460893153221746
6,14,RF,14,24,0,0,0.0,0.0033333333333333335
6,14,RF,14,24,0,0,0.9972577,0.015002544692450482
6,14,RF,14,24,0,0,1.997322,0.014231745098856819
6,14,RF,14,24,0,0,2.997987,0.007280450355848263
6,14,RF,14,24,0,0,3.999626,0.012512056374882573
6,14,RF,14,24,0,0,4.999724,0.016250652683208095
6,14,RF,14,24,0,0,6.000389,0.0736479558082814
6,14,RF,14,24,0,0,7.00076,0.1236062627924849
6,14,RF,14,24,0,0,8.000076,0.11916477877923472
6,14,RF,14,24,0,0,9.000281,0.1307849253269915
6,14,RF,14,24,0,0,10.00013,0.11929291289961837
6,14,RF,14,24,0,0,11.00133,0.13089732274819885
6,14,RF,14,24,0,0,12.00118,0.14488576794074656
6,14,RF,14,24,0,0,13.00014,0.13238077231462914
6,14,RF,14,24,0,0,14.00016,0.1781455498201086
6,14,RF,14,24,0,0,15.00186,0.18759132413360616
6,14,RF,14,24,0,0,16.00245,0.19751025049987914
6,14,RF,14,24,0,0,17.002,0.223099420815702
6,14,RF,14,24,0,0,18.00234,0.2382866723572276
6,14,RF,14,24,0,0,19.00251,0.27158993973766676
6,14,RF,14,24,0,0,20.00308,0.29576562798523864
6,14,RF,14,24,0,0,21.00178,0.30758082754784116
6,14,RF,14,24,0,0,22.00285,0.2884778479606999
6,14,RF,14,24,0,0,23.00216,0.266030895003995
6,14,RF,14,24,0,0,24.00199,0.27749754344576644
6,14,RF,14,24,0,0,25.00317,0.2671280398120394
6,14,RF,14,24,0,0,26.00204,0.27516121193394655
6,14,RF,14,24,0,0,27.00143,0.21394516085640983
6,14,RF,14,24,0,0,28.00184,0.20433324591219199
6,14,RF,14,24,0,0,29.00246,0.21666525345664042
6,14,RF,14,24,0,0,30.00175,0.2608298059517686
6,14,RF,14,24,0,0,31.00178,0.255660770048725
6,14,RF,14,24,0,0,32.00206,0.2588692750948779
6,14,RF,14,24,0,0,33.00281,0.25775588736043353
6,14,RF,14,24,0,0,34.00353,0.2726936181652894
6,14,RF,14,24,0,0,35.00357,0.2708838860712489
6,14,RF,14,24,0,0,36.00293,0.2575257216400165
6,14,RF,14,24,0,0,37.00312,0.258610861628364
6,14,RF,14,24,0,0,38.00257,0.2451533698037263
6,14,RF,14,24,0,0,39.00232,0.2708810300958138
6,14,RF,14,24,0,0,40.00309,0.2688112845727224
6,14,RF,14,24,0,0,41.00271,0.25980664454318064
6,14,RF,14,24,0,0,42.00307,0.24166998218251565
6,14,RF,14,24,0,0,43.00212,0.2698006051783619
6,14,RF,14,24,0,0,44.00304,0.27819145820622254
6,14,RF,14,24,0,0,45.00259,0.2575472215806669
6,14,RF,14,24,0,0,46.004,0.24200145755501737
6,14,RF,14,24,0,0,47.00352,0.23504743514272464
6,14,RF,14,24,0,0,48.00317,0.2278799228757505
6,14,RF,14,24,0,0,49.00343,0.22412298295424202
6,14,RF,14,24,0,0,50.00389,0.23168160725178297
6,14,RF,14,24,0,0,51.00224,0.2750225121806476
6,14,RF,14,24,0,0,52.00346,0.2791831006627558
6,14,RF,14,24,1,1,53.00407,0.28170630348801873
6,14,RF,14,24,1,1,54.00354,0.27920842811908436
6,14,RF,14,24,1,1,55.00352,0.2890878030917238
6,14,RF,14,24,1,1,56.00364,0.26753924840548643
6,14,RF,14,24,1,1,57.00396,0.2720130816158403
6,14,RF,14,24,1,1,58.00496,0.2937158631746448
6,14,RF,14,24,1,1,59.00573,0.275131481795114
6,14,RF,14,24,1,1,60.00475,0.26398245025199824
6,14,RF,14,24,1,1,61.00447,0.26603261097736813
6,14,RF,14,24,1,1,62.00492,0.2851610968375123
6,14,RF,14,24,1,1,63.00469,0.2632246906294301
6,14,RF,14,24,1,1,64.00511,0.25750555217993
6,14,RF,14,24,1,1,64.99493,0.24900137078208298
6,14,RF,14,24,1,1,66.00532,0.25052679451089654
6,14,RF,14,24,1,1,67.00607,0.2446851498450729
6,14,RF,14,24,1,1,67.99484,0.2525931258793714
6,14,RF,14,24,1,1,69.00481,0.2508578902491227
6,14,RF,14,24,1,1,70.00437,0.3181322942647908
6,14,RF,14,24,1,1,71.00468,0.31132932054212814
6,14,RF,14,24,1,1,72.00489,0.3404855077203546
6,14,RF,14,24,1,1,73.00464,0.3257058219212884
6,14,RF,14,24,1,1,74.00573,0.326458482319879
6,14,RF,14,24,1,1,75.00567,0.3394701712929123
6,14,RF,14,24,1,1,75.99514,0.33103311421787146
6,14,RF,14,24,1,1,76.99528,0.3387428119657544
6,14,RF,14,24,1,1,78.00524,0.35269307396463073
6,14,RF,14,24,1,1,79.00544,0.3529556203568184
6,14,RF,14,24,1,1,79.99489,0.35988413941918435
6,14,RF,14,24,1,1,81.00591,0.33853439155544574
6,14,RF,14,24,1,1,82.00529,0.34578737580210206
6,14,RF,14,24,1,1,82.99491,0.34716774149571555
6,14,RF,14,24,1,1,83.99503,0.3489086474282122
6,14,RF,14,24,1,1,84.99577,0.3450062303310317
6,14,RF,14,24,1,1,85.99571,0.32367170148946117
6,14,RF,14,24,1,1,87.00577,0.3363636784361278
6,14,RF,14,24,1,1,87.99568,0.3584156201177063
6,14,RF,14,24,1,1,88.9959,0.366920296490403
6,14,RF,14,24,1,1,90.00615,0.3738511769546432
6,14,RF,14,24,1,1,90.99528,0.4024022416771575
6,14,RF,14,24,1,1,91.99603,0.3866737699145543
6,14,RF,14,24,1,1,92.99611,0.38770402744112875
6,14,RF,14,24,1,1,93.99627,0.38570581875263676
6,14,RF,14,24,1,1,94.99651,0.40162118886902803
6,14,RF,14,24,1,1,95.99587,0.401816923067973
6,14,RF,14,24,1,1,96.99593,0.4016861630646859
6,14,RF,14,24,1,1,97.99715,0.40053587157078185
6,14,RF,14,24,1,1,98.99685,0.3889643579803698
6,14,RF,14,24,1,1,99.99517,0.39684996517902543
6,14,RF,14,24,1,1,100.9969,0.4154114066010978
6,14,RF,14,24,0,0,101.995,0.4028549228459632
6,14,RF,14,24,0,0,102.996,0.3859525641109177
6,14,RF,14,24,0,0,103.996,0.3849302856184966
6,14,RF,14,24,0,0,104.9956,0.35277797863648896
6,14,RF,14,24,0,0,105.9973,0.36230909911152265
6,14,RF,14,24,0,0,106.9973,0.3977553548671323
6,14,RF,14,24,0,0,107.9975,0.38545688609919854
6,14,RF,14,24,0,0,108.9971,0.37865469887097397
6,14,RF,14,24,0,0,109.9962,0.37803983445763945
6,14,RF,14,24,0,0,110.9959,0.38259611222527584
6,14,RF,14,24,0,0,112.0059,0.3810519540129519
6,14,RF,14,24,0,0,112.9967,0.38828555685231264
6,14,RF,14,24,0,0,113.9967,0.377442643990134
6,14,RF,14,24,0,0,114.9986,0.369024163237632
6,14,RF,14,24,0,0,115.9968,0.37204585086292813
6,14,RF,14,24,0,0,116.9969,0.3748035629412373
6,14,RF,14,24,0,0,117.9978,0.3889726779086726
6,14,RF,14,24,0,0,118.9974,0.35550190827414874
6,14,RF,14,24,0,0,119.9981,0.3697123261003251
6,14,RF,14,24,0,0,120.9978,0.39637899276699173
6,14,RF,14,24,0,0,121.9984,0.40788573597821826
6,14,RF,14,24,0,0,122.9985,0.4015216025719854
6,14,RF,14,24,0,0,123.9979,0.3974568763799483
6,14,RF,14,24,0,0,124.998,0.40060943515586916
6,14,RF,14,24,0,0,125.998,0.4135404205416007
6,14,RF,14,24,0,0,126.997,0.4196499058342416
6,14,RF,14,24,0,0,127.9977,0.4161001404593137
6,14,RF,14,24,0,0,128.9973,0.41787833451981415
6,14,RF,14,24,0,0,129.9972,0.43653363109967214
6,14,RF,14,24,0,0,130.9967,0.41513238941398317
6,14,RF,14,24,0,0,131.9994,0.40438786905887264
6,14,RF,14,24,0,0,132.9988,0.38992562147981386
6,14,RF,14,24,0,0,134.0001,0.40309728075686074
6,14,RF,14,24,0,0,134.9995,0.4073805096499992
6,14,RF,14,24,0,0,135.9992,0.3973805096499992
6,14,RF,14,24,0,0,137.0005,0.4015751501792668
6,14,RF,14,24,0,0,137.999,0.40166200157080834
6,14,RF,14,24,0,0,138.999,0.3958689040626258
6,14,RF,14,24,0,0,139.9979,0.3797564275070834
6,14,RF,14,24,0,0,141.0,0.37157208269206604
6,14,RF,14,24,0,0,141.9993,0.3767260830565639
6,14,RF,14,24,0,0,143.001,0.38514382260999963
6,14,RF,14,24,0,0,144.0002,0.3827753765079706
6,14,RF,14,24,0,0,145.0008,0.39042076484416915
6,14,RF,14,24,0,0,146.0003,0.39191065002732933
6,14,RF,14,24,0,0,147.0005,0.4070705734827694
6,14,RF,14,24,0,0,148.0006,0.41072623788572715
6,14,RF,14,24,0,0,149.0002,0.4230349527303718
6,14,RF,14,24,0,0,150.0011,0.41402061496884063
6,14,RF,14,24,0,0,151.0014,0.3860735360324649
6,14,RF,14,24,0,0,152.0006,0.3858948139974922
6,14,RF,14,24,0,0,153.0003,0.40272500430171654
6,14,RF,14,24,0,0,153.9996,0.41271100190770715
6,14,RF,14,24,0,0,154.9993,0.41244462458727194
6,14,RF,14,24,1,1,155.9995,0.41485700561937594
6,14,RF,14,24,1,1,157.0002,0.4194389060463438
6,14,RF,14,24,1,1,157.9998,0.4373494218108782
6,14,RF,14,24,1,1,158.9987,0.4079187880141273
6,14,RF,14,24,1,1,160.0011,0.39620508768091883
6,14,RF,14,24,1,1,161.0008,0.3931856781675235
6,14,RF,14,24,1,1,162.0005,0.38802733703652076
6,14,RF,14,24,1,2,163.0013,0.39382335413160396
6,14,RF,14,24,1,2,164.0016,0.39435729876424086
6,14,RF,14,24,1,2,165.0016,0.387195342508965
6,14,RF,14,24,1,2,166.0018,0.398683826740709
6,14,RF,14,24,1,2,167.0019,0.40960891422669377
6,14,RF,14,24,1,2,168.001,0.42294224756002713
6,14,RF,14,24,1,2,169.0002,0.4180848573650207
6,14,RF,14,24,1,2,170.0,0.4281064875685387
6,14,RF,14,24,1,2,171.0013,0.4154930935881675
6,14,RF,14,24,1,2,172.0004,0.4272892627947677
6,14,RF,14,24,1,2,173.0014,0.42397779933568264
6,14,RF,14,24,1,2,174.0037,0.4499495699839136
6,14,RF,14,24,1,2,175.0031,0.4399058302354172
6,14,RF,14,24,1,2,176.002,0.4407167884852506
6,14,RF,14,24,1,2,177.0022,0.46032656863059335
6,14,RF,14,24,1,2,178.0022,0.47726878558999014
6,14,RF,14,24,1,3,179.0028,0.4689903177694806
6,14,RF,14,24,1,3,180.0025,0.45601103204995924
6,14,RF,14,24,1,3,181.0029,0.43818108283542473
6,14,RF,14,24,1,3,182.0028,0.45112722578283493
6,14,RF,14,24,1,3,183.0023,0.45078733148722716
6,14,RF,14,24,1,3,184.0016,0.4348575251478262
6,14,RF,14,24,1,3,185.0015,0.439471319141406
6,14,RF,14,24,1,3,186.0011,0.4289705416835281
6,14,RF,14,24,1,3,187.0017,0.44047438449641513
6,14,RF,14,24,1,3,188.0026,0.43549760555706657
6,14,RF,14,24,1,3,189.0025,0.4330461953797798
6,14,RF,14,24,1,3,190.0028,0.4494467830617962
6,14,RF,14,24,1,3,191.0029,0.4221850249975331
6,14,RF,14,24,1,3,192.0025,0.44034157684736
6,14,RF,14,24,1,3,193.0027,0.4420293812918762
6,14,RF,14,24,1,3,194.0041,0.44526936223370606
6,14,RF,14,24,1,3,195.0025,0.4519360289003727
6,14,RF,14,24,1,3,196.0031,0.495375655374436
6,14,RF,14,24,1,3,197.0018,0.4925623705554466
6,14,RF,14,24,1,3,198.0033,0.49014813037825355
6,14,RF,14,24,1,3,199.003,0.4831739186049714
6,14,RF,14,24,1,3,200.0043,0.47854820891472816
6,14,RF,14,24,1,3,201.0046,0.4697500123173509
6,14,RF,14,24,1,3,202.0056,0.47123019386452814
6,14,RF,14,24,1,3,203.0037,0.47308010319472565
6,14,RF,14,24,1,3,204.0036,0.49301376448067497
6,14,RF,14,24,1,3,205.0035,0.4970360491626704
6,14,RF,14,24,1,3,206.0032,0.5151994353482
6,14,RF,14,24,1,3,207.0051,0.5106124576999979
6,14,RF,14,24,1,3,208.0037,0.5083894265202704
6,14,RF,14,24,1,3,209.0046,0.5121631358286689
6,14,RF,14,24,1,3,210.0045,0.539315901988107
6,14,RF,14,24,1,3,211.0034,0.598033367528005
6,14,RF,14,24,1,3,212.0034,0.6285232436462985
6,14,RF,14,24,1,3,213.0024,0.6170785572375904
6,14,RF,14,24,1,3,214.004,0.6447400329197484
6,14,RF,14,24,1,3,215.0028,0.6941648626696884
6,14,RF,14,24,1,3,216.0035,0.6974251346502292
6,14,RF,14,24,1,3,217.0036,0.704699760970114
6,14,RF,14,24,1,3,218.0037,0.6964525516776462
6,14,RF,14,24,1,3,219.0036,0.7173045207316426
6,14,RF,14,24,1,3,220.0041,0.6901184893485045
6,14,RF,14,24,1,3,221.0049,0.6783874169676452
6,14,RF,14,24,1,3,222.0051,0.684150531807014
6,14,RF,14,24,1,3,223.0055,0.6889737503235076
6,14,RF,14,24,1,3,224.0052,0.7165997424163929
6,14,RF,14,24,1,3,225.0047,0.7118237442032078
6,14,RF,14,24,1,3,226.0028,0.7112961782838932
6,14,RF,14,24,1,3,227.0046,0.716438788088887
6,14,RF,14,24,1,3,228.0048,0.7156074554059529
6,14,RF,14,24,1,3,229.0058,0.6970061536054021
6,14,RF,14,24,1,3,229.996,0.6742621926760667
6,14,RF,14,24,1,3,231.0059,0.679116849136792
6,14,RF,14,24,1,3,231.9953,0.7156930635793378
6,14,RF,14,24,1,3,233.0062,0.7132434212006284
6,14,RF,14,24,1,3,234.0062,0.7250513940867154
6,14,RF,14,24,1,3,234.9954,0.6939641587859425
6,14,RF,14,24,1,3,235.9953,0.645499155189842
6,14,RF,14,24,1,3,237.0062,0.5901395931948235
6,14,RF,14,24,1,3,238.0056,0.5753245758811731
6,14,RF,14,24,1,3,239.0058,0.5595248300206768
6,14,RF,14,24,1,3,240.0071,0.5551362170146615
6,14,RF,14,24,1,3,240.9955,0.5623024361429502
6,14,RF,14,24,1,3,241.9959,0.5859687345299871
6,14,RF,14,24,1,3,242.9959,0.6590259809498437
6,14,RF,14,24,1,3,243.9962,0.7143434619538167
6,14,RF,14,24,1,3,244.996,0.7072572519571514
6,14,RF,14,24,1,3,246.0052,0.7077640143307111
6,14,RF,14,24,1,3,247.0047,0.7145147058972866
6,14,RF,14,24,1,3,248.005,0.7204009187125294
6,14,RF,14,24,1,3,249.0054,0.7255731662732963
6,14,RF,14,24,1,3,250.0056,0.7255731662732963
6,14,RF,14,27,0,0,0.0110925,0.011276077079095054
6,14,RF,14,27,0,0,1.01893,0.00125062656641604
6,14,RF,14,27,0,0,2.009226,0.009562734903934647
6,14,RF,14,27,0,0,3.010703,0.03682042771083731
6,14,RF,14,27,0,0,4.012049,0.009198442691828982
6,14,RF,14,27,0,0,5.011549,0.022977751423877354
6,14,RF,14,27,0,0,6.011959,0.0306451380003695
6,14,RF,14,27,0,0,7.011798,0.08763506782678918
6,14,RF,14,27,0,0,8.013364,0.1335862718357871
6,14,RF,14,27,0,0,9.012961,0.14818183921382458
6,14,RF,14,27,0,0,10.0135,0.10426775271176708
6,14,RF,14,27,0,0,11.01286,0.09920086446665356
6,14,RF,14,27,0,0,12.01302,0.06404059413887962
6,14,RF,14,27,0,0,13.01301,0.09094466665920975
6,14,RF,14,27,0,0,14.01287,0.1340125045847019
6,14,RF,14,27,0,0,15.01381,0.15933614601106835
6,14,RF,14,27,0,0,16.01416,0.06585246947330052
6,14,RF,14,27,0,0,17.01406,0.018811281210133042
6,14,RF,14,27,0,0,18.01282,0.030079864389429178
6,14,RF,14,27,0,0,19.01204,0.02343005575082885
6,14,RF,14,27,0,0,20.01213,0.032946701778287714
6,14,RF,14,27,0,0,21.01253,0.03471820100214929
6,14,RF,14,27,0,0,22.01254,0.049534129560560074
6,14,RF,14,27,0,0,23.01226,0.04816046540399173
6,14,RF,14,27,0,0,24.01391,0.05133389163920244
6,14,RF,14,27,0,0,25.01341,0.07849300967745078
6,14,RF,14,27,0,0,26.01408,0.06515694260983641
6,14,RF,14,27,0,0,27.01375,0.07365521124479175
6,14,RF,14,27,0,0,28.01477,0.09236725217589817
6,14,RF,14,27,0,0,29.01468,0.11483992056563219
6,14,RF,14,27,0,0,30.01326,0.1318187280517813
6,14,RF,14,27,0,0,31.01198,0.1456043570978557
6,14,RF,14,27,0,0,32.01356,0.12280938234701996
6,14,RF,14,27,0,0,33.01426,0.1308401954095249
6,14,RF,14,27,0,0,34.01423,0.13298500975802688
6,14,RF,14,27,0,0,35.01481,0.14822783654116847
6,14,RF,14,27,0,0,36.01467,0.15332136362582305
6,14,RF,14,27,0,0,37.01414,0.1594932975774495
6,14,RF,14,27,0,0,38.0146,0.10520687069644796
6,14,RF,14,27,0,0,39.01488,0.2533102304904206
6,14,RF,14,27,0,0,40.01426,0.12068027020367798
6,14,RF,14,27,0,0,41.01546,0.11196878672959436
6,14,RF,14,27,0,0,42.01442,0.0891961320327828
6,14,RF,14,27,0,0,43.01394,0.09584456752999704
6,14,RF,14,27,0,0,44.01429,0.10225139930678254
6,14,RF,14,27,0,0,45.01337,0.09894950391768101
6,14,RF,14,27,0,0,46.01431,0.08956244615219497
6,14,RF,14,27,0,0,47.01359,0.11849139358751538
6,14,RF,14,27,0,0,48.01471,0.09928350233859765
6,14,RF,14,27,0,0,49.01568,0.11444016661230885
6,14,RF,14,27,0,0,50.01482,0.11470304818440238
6,14,RF,14,27,0,0,51.01583,0.12834142033541396
6,14,RF,14,27,0,0,52.01593,0.14537194280330884
6,14,RF,14,27,0,0,53.0158,0.1406482270179596
6,14,RF,14,27,0,0,54.0154,0.1621663607886904
6,14,RF,14,27,0,0,55.01407,0.16669706973711396
6,14,RF,14,27,0,0,56.01479,0.15769811191342956
6,14,RF,14,27,0,0,57.0152,0.1378602399066304
6,14,RF,14,27,0,0,58.01595,0.37905670387045015
6,14,RF,14,27,0,0,59.01684,0.4370167411975323
6,14,RF,14,27,0,0,60.01731,0.3326985295821558
6,14,RF,14,27,0,0,61.01645,0.16982515629160513
6,14,RF,14,27,0,0,62.01598,0.1753213290636117
6,14,RF,14,27,0,0,63.01549,0.17349929516530663
6,14,RF,14,27,0,0,64.01623,0.3747563106122528
6,14,RF,14,27,0,0,65.01556,0.4915192058736477
6,14,RF,14,27,0,0,66.01579,0.5023621985696697
6,14,RF,14,27,0,0,67.01708,0.5275032521162984
6,14,RF,14,27,0,0,68.01788,0.4785658419610736
6,14,RF,14,27,0,0,69.01695,0.45390098048918
6,14,RF,14,27,0,0,70.01685,0.4457749654864779
6,14,RF,14,27,0,0,71.01693,0.38259347246768705
6,14,RF,14,27,0,0,72.01638,0.21756910684910413
6,14,RF,14,27,0,0,73.01495,0.21121090475189994
6,14,RF,14,27,0,0,74.01651,0.21787757141856665
6,14,RF,14,27,0,0,75.01495,0.22099639664097306
6,14,RF,14,27,0,0,76.01586,0.20486857217380613
6,14,RF,14,27,0,0,77.01755,0.3173227883019461
6,14,RF,14,27,0,0,78.01757,0.2355937071887882
6,14,RF,14,27,0,0,79.01694,0.2124477286186782
6,14,RF,14,27,0,0,80.01778,0.46726493033743016
6,14,RF,14,27,0,0,81.01844,0.40916950294242016
6,14,RF,14,27,0,0,82.01799,0.3731958228648252
6,14,RF,14,27,0,0,83.01645,0.24282036518341252
6,14,RF,14,27,0,0,84.01694,0.2733277431084752
6,14,RF,14,27,0,0,85.01832,0.3701364459551059
6,14,RF,14,27,0,0,86.01842,0.22793830222411113
6,14,RF,14,27,0,0,87.01836,0.22659109943868178
6,14,RF,14,27,0,0,88.01799,0.22608266965933443
6,14,RF,14,27,1,3,89.01899,0.2500538532853821
6,14,RF,14,27,1,3,90.0183,0.46030643762291956
6,14,RF,14,27,1,3,91.0181,0.4411824350551066
6,14,RF,14,27,1,3,92.01809,0.40153492803965224
6,14,RF,14,27,1,3,93.01811,0.3672510290782183
6,14,RF,14,27,1,3,94.01764,0.2575963065717307
6,14,RF,14,27,1,3,95.01756,0.2826404764068579
6,14,RF,14,27,1,3,96.01851,0.27900322814880407
6,14,RF,14,27,1,3,97.01912,0.27699999729630886
6,14,RF,14,27,1,3,98.01918,0.277222684929225
6,14,RF,14,27,1,3,99.01951,0.3154514624554399
6,14,RF,14,27,1,3,100.0196,0.30574049394093633
6,14,RF,14,27,1,3,101.0185,0.30904837424325354
6,14,RF,14,27,1,3,102.0171,0.34252319885815313
6,14,RF,14,27,1,3,103.0192,0.5245813375469643
6,14,RF,14,27,1,3,104.0182,0.5663357175059792
6,14,RF,14,27,1,3,105.0207,0.563840804874623
6,14,RF,14,27,1,3,106.02,0.539043361534178
6,14,RF,14,27,1,3,107.0095,0.5285156952009424
6,14,RF,14,27,1,3,108.0191,0.5149417439740406
6,14,RF,14,27,1,3,109.0198,0.5551877436994431
6,14,RF,14,27,1,3,110.0191,0.5778219320302379
6,14,RF,14,27,1,3,111.0197,0.5555790053866633
6,14,RF,14,27,1,3,112.0089,0.5729563798769958
6,14,RF,14,27,1,3,113.0193,0.5798539330842999
6,14,RF,14,27,1,3,114.0192,0.5677080614816395
6,14,RF,14,27,1,3,115.0193,0.574350124539777
6,14,RF,14,27,0,0,116.0173,0.5592585366767846
6,14,RF,14,27,0,0,117.0192,0.5252313182229392
6,14,RF,14,27,0,0,118.0198,0.5404574840571524
6,14,RF,14,27,0,0,119.0096,0.4902496734226023
6,14,RF,14,27,0,0,120.0098,0.5151681531134944
6,14,RF,14,27,0,0,121.0107,0.5298467959983951
6,14,RF,14,27,0,0,122.009,0.5350919474673648
6,14,RF,14,27,0,0,123.018,0.5224240500174901
6,14,RF,14,27,0,0,124.009,0.49849565875768626
6,14,RF,14,27,0,0,125.0098,0.5203687284291557
6,14,RF,14,27,0,0,126.0095,0.5552405867109412
6,14,RF,14,27,0,0,127.0099,0.5674509175093951
6,14,RF,14,27,0,0,128.0105,0.543431416871524
6,14,RF,14,27,0,0,129.0213,0.5595073920788342
6,14,RF,14,27,0,0,130.0093,0.5819404077033936
6,14,RF,14,27,0,0,131.0209,0.5738115659300653
6,14,RF,14,27,0,0,132.0093,0.5673290128927524
6,14,RF,14,27,0,0,133.009,0.5628288306438005
6,14,RF,14,27,0,0,134.0183,0.5732663480821203
6,14,RF,14,27,1,2,135.0096,0.6289513927281234
6,14,RF,14,27,1,2,136.0103,0.6441290854563904
6,14,RF,14,27,1,2,137.0105,0.6830055206668879
6,14,RF,14,27,1,2,138.0104,0.6921782480248508
6,14,RF,14,27,1,2,139.0104,0.6670490167355362
6,14,RF,14,27,1,2,140.019,0.6563234028055718
6,14,RF,14,27,1,2,141.0098,0.6532386713555017
6,14,RF,14,27,1,2,142.0099,0.6766020778078383
6,14,RF,14,27,1,2,143.0113,0.7038222997017943
6,14,RF,14,27,1,2,144.0116,0.6868937920867499
6,14,RF,14,27,1,2,145.0109,0.6868374167517892
6,14,RF,14,27,1,2,146.0108,0.6846207381353941
6,14,RF,14,27,1,2,147.0107,0.6585427797226986
6,14,RF,14,27,1,2,148.0109,0.6541474878009125
6,14,RF,14,27,1,2,149.0112,0.6373819999187099
6,14,RF,14,27,1,2,150.0111,0.6458583725674267
6,14,RF,14,27,1,2,151.0102,0.6622244572375352
6,14,RF,14,27,1,2,152.0108,0.6740533254715428
6,14,RF,14,27,1,2,153.0114,0.6797433662304848
6,14,RF,14,27,1,2,154.0109,0.6413631648629337
6,14,RF,14,27,1,2,155.0107,0.5600640009541913
6,14,RF,14,27,1,2,156.0103,0.557470291467884
6,14,RF,14,27,1,2,157.0111,0.5215868300618484
6,14,RF,14,27,1,2,158.0107,0.5115957948384923
6,14,RF,14,27,1,2,159.0117,0.5149238182939848
6,14,RF,14,27,1,2,160.0122,0.5105097682178121
6,14,RF,14,27,1,2,161.0119,0.5120470381285102
6,14,RF,14,27,1,2,162.011,0.5205091145717909
6,14,RF,14,27,1,2,163.0109,0.5246576302206584
6,14,RF,14,27,1,2,164.0102,0.5246576302206584
6,14,RF,14,27,1,2,165.0107,0.517954513763578
6,14,RF,14,27,1,2,166.01,0.5106652138911651
6,14,RF,14,27,1,2,167.011,0.5298348952880554
6,14,RF,14,27,1,2,168.0117,0.5278062055515359
6,14,RF,14,27,1,2,169.0114,0.5374753326890411
6,14,RF,14,27,1,2,170.0124,0.5541740579266112
6,14,RF,14,27,1,2,171.0132,0.5507201329999463
6,14,RF,14,27,1,2,172.0111,0.5632972946297818
6,14,RF,14,27,1,2,173.0098,0.5561443136988091
6,14,RF,14,27,1,2,174.0115,0.5666825338490838
6,14,RF,14,27,1,2,175.0128,0.5434481377449174
6,14,RF,14,27,1,2,176.0125,0.5258382150352303
6,14,RF,14,27,1,2,177.0113,0.5143278268449624
6,14,RF,14,27,1,2,178.0124,0.5115516991979757
6,14,RF,14,27,1,2,179.0121,0.5201465615245878
6,14,RF,14,27,1,2,180.0115,0.46969838151430776
6,14,RF,14,27,1,2,181.0128,0.40721311203900795
6,14,RF,14,27,1,2,182.0121,0.41539332727430217
6,14,RF,14,27,1,2,183.0128,0.4277645887286616
6,14,RF,14,27,1,2,184.0131,0.45240747752785854
6,14,RF,14,27,1,2,185.0134,0.47072851934933463
6,14,RF,14,27,1,2,186.0142,0.5042678233075474
6,14,RF,14,27,1,2,187.0148,0.5819387065485709
6,14,RF,14,27,1,2,188.013,0.6183683320737154
6,14,RF,14,27,1,2,189.0133,0.6222394270020075
6,14,RF,14,27,1,2,190.0127,0.5815664060740013
6,14,RF,14,27,1,2,191.0129,0.6093332647341606
6,14,RF,14,27,1,2,192.0126,0.6238238687981823
6,14,RF,14,27,1,2,193.0123,0.6134661833217321
6,14,RF,14,27,1,2,194.0129,0.5822067030046594
6,14,RF,14,27,0,0,195.0138,0.5491348969175444
6,14,RF,14,27,0,0,196.0139,0.556258124778447
6,14,RF,14,27,0,0,197.014,0.5145274989496902
6,14,RF,14,27,0,0,198.0153,0.5188550848425598
6,14,RF,14,27,0,0,199.0154,0.5469648665188834
6,14,RF,14,27,0,0,200.0137,0.5686156147939405
6,14,RF,14,27,0,0,201.0133,0.5477608132428159
6,14,RF,14,27,0,0,202.014,0.5730029002699527
6,14,RF,14,27,0,0,203.0149,0.5629710178118973
6,14,RF,14,27,0,0,204.0157,0.6014021233538452
6,14,RF,14,27,0,0,205.0156,0.5982741359513435
6,14,RF,14,27,0,0,206.0157,0.6092807775402789
6,14,RF,14,27,0,0,207.0146,0.5762576210965309
6,14,RF,14,27,0,0,208.0148,0.5836162976002445
6,14,RF,14,27,0,0,209.0162,0.5856660029260093
6,14,RF,14,27,0,0,210.0147,0.578732317269487
6,14,RF,14,27,0,0,211.0141,0.5705063202762314
6,14,RF,14,27,0,0,212.0139,0.5768923235567125
6,14,RF,14,27,0,0,213.0145,0.5884193097887888
6,14,RF,14,27,0,0,214.0139,0.585629159332154
6,14,RF,14,27,0,0,215.0152,0.5669876954638758
6,14,RF,14,27,0,0,216.0154,0.5672395153360742
6,14,RF,14,27,0,0,217.0155,0.6045226389653958
6,14,RF,14,27,0,0,218.0154,0.6097075576077561
6,14,RF,14,27,0,0,219.0161,0.6181156130114374
6,14,RF,14,27,0,0,220.0133,0.6114781355261514
6,14,RF,14,27,0,0,221.0157,0.6076041811962528
6,14,RF,14,27,0,0,222.016,0.6182740288923628
6,14,RF,14,27,0,0,223.0163,0.6292258445291437
6,14,RF,14,27,0,0,224.0161,0.6364013830369142
6,14,RF,14,27,0,0,225.0156,0.6354220233335174
6,14,RF,14,27,0,0,226.0158,0.6051089902737368
6,14,RF,14,27,0,0,227.0152,0.582954519760537
6,14,RF,14,27,0,0,228.0145,0.5895441148236515
6,14,RF,14,27,0,0,229.0143,0.5805179395127761
6,14,RF,14,27,0,0,230.015,0.467804578781347
6,14,RF,14,27,0,0,231.0147,0.450474915932562
6,14,RF,14,27,0,0,232.0167,0.4230303040795295
6,14,RF,14,27,0,0,233.0171,0.41408763945456767
6,14,RF,14,27,0,0,234.0177,0.4141436810073288
6,14,RF,14,27,0,0,235.0167,0.38574336858508723
6,14,RF,14,27,0,0,236.0168,0.37897864504558243
6,14,RF,14,27,0,0,237.0172,0.3881120986753107
6,14,RF,14,27,0,0,238.0165,0.390591332559292
6,14,RF,14,27,0,0,239.0155,0.3999504164650239
6,14,RF,14,27,0,0,240.0154,0.392750732586842
6,14,RF,14,27,0,0,241.0162,0.3963492120329434
6,14,RF,14,27,0,0,242.0153,0.40064667802686715
6,14,RF,14,27,0,0,243.0169,0.38513732105004245
6,14,RF,14,27,0,0,244.017,0.3872362391617731
6,14,RF,14,27,0,0,245.0175,0.4008936180685095
6,14,RF,14,27,0,0,246.0175,0.40606648759441283
6,14,RF,14,27,0,0,247.0189,0.4044131121748219
6,14,RF,14,27,0,0,248.0175,0.39707885927060327
6,14,RF,14,27,0,0,249.0157,0.39266323286991694
6,14,RF,14,27,0,0,250.0172,0.4011742589315171
6,14,RF,14,27,0,0,251.0182,0.4143065056919246
6,14,RF,14,27,0,0,252.019,0.43031452739770243
6,14,RF,14,27,0,0,253.0187,0.4369647916586829
6,14,RF,14,27,0,0,254.0191,0.451343988456844
6,14,RF,14,27,0,0,255.0179,0.44649933550059395
6,14,RF,14,27,0,0,256.0189,0.4348001846003888
6,14,RF,14,27,0,0,257.0168,0.45240050018451
6,14,RF,14,27,0,0,258.0172,0.4451936110062099
6,14,RF,14,27,0,0,259.0182,0.4475713903559394
6,14,RF,14,27,0,0,260.0174,0.4551623340045285
6,14,RF,14,27,0,0,261.0188,0.4327697852634659
6,14,RF,14,27,0,0,262.0185,0.4437569734411423
6,14,RF,14,27,0,0,263.0108,0.4425906006325067
6,14,RF,14,27,0,0,264.0196,0.4210873654849396
6,14,RF,14,27,0,0,265.0177,0.42878365626372406
6,14,RF,14,27,0,0,266.017,0.4303958158916028
6,14,RF,14,27,0,0,267.0185,0.4570671628921011
6,14,RF,14,27,0,0,268.0191,0.4677166855458582
6,14,RF,14,27,0,0,269.0094,0.4518638467342408
6,14,RF,14,27,0,0,270.0097,0.48073052406245664
6,14,RF,14,27,0,0,271.0201,0.4734558543719436
6,14,RF,14,27,0,0,272.0097,0.46784629210493556
6,14,RF,14,27,0,0,273.0197,0.4720185849870301
6,14,RF,14,27,0,0,274.0097,0.48261754776207366
6,14,RF,14,27,0,0,275.0197,0.48847346669220787
6,14,RF,14,27,0,0,276.0195,0.4909570637263086
6,14,RF,14,27,1,1,277.0191,0.5166553300664133
6,14,RF,14,27,1,1,278.0207,0.548096285965738
6,14,RF,14,27,1,1,279.0197,0.5368038235230259
6,14,RF,14,27,1,1,280.0204,0.5271547726926099
6,14,RF,14,27,1,1,281.0213,0.5180914854770501
6,14,RF,14,27,1,1,282.0106,0.4958771808973058
6,14,RF,14,27,1,1,283.0107,0.510823898375615
6,14,RF,14,27,1,1,284.0201,0.5122189816701792
6,14,RF,14,27,1,1,285.0201,0.5112803588945348
6,14,RF,14,27,1,1,286.0099,0.521022679396056
6,14,RF,14,27,1,1,287.02,0.538285948271836
6,14,RF,14,27,1,1,288.01,0.5595018441016477
6,14,RF,14,27,1,1,289.011,0.5566427067808205
6,14,RF,14,27,1,1,290.011,0.599100490160848
6,14,RF,14,27,1,1,291.0101,0.6050442441077717
6,14,RF,14,27,1,1,292.011,0.5917957579609259
6,14,RF,14,27,1,1,293.0103,0.5944842896846833
6,14,RF,14,27,1,1,294.011,0.6100314603654259
6,14,RF,14,27,1,1,295.0106,0.626902496236281
6,14,RF,14,27,1,1,296.0206,0.6214652991383306
6,14,RF,14,27,1,1,297.0204,0.6426603966415199
6,14,RF,14,27,1,1,298.0102,0.6326603966415199
6,14,RF,14,27,1,1,299.0202,0.6596888839637254
6,14,RF,14,27,1,1,300.0211,0.6807150973703002
6,14,RF,14,27,1,1,301.0101,0.6525111621692168
6,14,RF,14,28,0,0,0.0111128,0.0018211226535447423
6,14,RF,14,28,0,0,1.009833,0.012388299214911918
6,14,RF,14,28,0,0,2.010395,0.00433631572031605
6,14,RF,14,28,0,0,3.011393,0.058912985957160276
6,14,RF,14,28,0,0,4.0115,0.0861474189605908
6,14,RF,14,28,0,0,5.012748,0.04863927601652621
6,14,RF,14,28,0,0,6.014083,0.04662551186882513
6,14,RF,14,28,0,0,7.013341,0.036009680923729755
6,14,RF,14,28,0,0,8.015121,0.11548224342950245
6,14,RF,14,28,0,0,9.014697,0.10146792205428212
6,14,RF,14,28,0,0,10.01435,0.08855216683109243
6,14,RF,14,28,0,0,11.0154,0.08183886097464617
6,14,RF,14,28,0,0,12.0133,0.08699167816279547
6,14,RF,14,28,0,0,13.01444,0.09602023617658433
6,14,RF,14,28,0,0,14.01499,0.18647748071693457
6,14,RF,14,28,0,0,15.01424,0.18412684687907063
6,14,RF,14,28,0,0,16.01418,0.38657107191035545
6,14,RF,14,28,0,0,17.01338,0.40363139631349015
6,14,RF,14,28,0,0,18.01521,0.3920836470880481
6,14,RF,14,28,0,0,19.01558,0.34457378597922156
6,14,RF,14,28,0,0,20.01401,0.34779318043686447
6,14,RF,14,28,0,0,21.01581,0.3512600372400797
6,14,RF,14,28,0,0,22.01543,0.24014628330368556
6,14,RF,14,28,0,0,23.01588,0.3410406497511161
6,14,RF,14,28,0,0,24.01619,0.34775809751359127
6,14,RF,14,28,0,0,25.01628,0.33079208694315204
6,14,RF,14,28,0,0,26.0155,0.322255925567854
6,14,RF,14,28,0,0,27.01602,0.2592945679928226
6,14,RF,14,28,0,0,28.01654,0.23016033361108204
6,14,RF,14,28,0,0,29.01629,0.2072894184443844
6,14,RF,14,28,0,0,30.01612,0.2332907574073098
6,14,RF,14,28,0,0,31.01567,0.24162471656768203
6,14,RF,14,28,0,0,32.01504,0.2585771710456259
6,14,RF,14,28,0,0,33.01624,0.2633496974982451
6,14,RF,14,28,0,0,34.0147,0.25131172547366076
6,14,RF,14,28,0,0,35.01396,0.26289080972640205
6,14,RF,14,28,0,0,36.01606,0.19464831203685043
6,14,RF,14,28,0,0,37.01563,0.19530496050926832
6,14,RF,14,28,0,0,38.01526,0.21976757543486186
6,14,RF,14,28,0,0,39.01506,0.23795270340336894
6,14,RF,14,28,0,0,40.0174,0.22856855808029433
6,14,RF,14,28,0,0,41.01774,0.28510052796092694
6,14,RF,14,28,0,0,42.01627,0.30580455837884246
6,14,RF,14,28,0,0,43.01559,0.30784450948340825
6,14,RF,14,28,0,0,44.01618,0.2990752774470771
6,14,RF,14,28,0,0,45.01551,0.29834077794197017
6,14,RF,14,28,0,0,46.01629,0.28152176477738355
6,14,RF,14,28,0,0,47.01807,0.27182869171567037
6,14,RF,14,28,0,0,48.01582,0.283686719782009
6,14,RF,14,28,0,0,49.01778,0.29505466351925713
6,14,RF,14,28,0,0,50.01649,0.2875011120775628
6,14,RF,14,28,0,0,51.01685,0.30056818176170114
6,14,RF,14,28,0,0,52.01536,0.2704564847024458
6,14,RF,14,28,0,0,53.01762,0.296293332071842
6,14,RF,14,28,0,0,54.01741,0.2906818227141922
6,14,RF,14,28,0,0,55.01841,0.2979924192296743
6,14,RF,14,28,0,0,56.01595,0.300240006780533
6,14,RF,14,28,0,0,57.01751,0.3188541877041897
6,14,RF,14,28,0,0,58.01589,0.30826614747813524
6,14,RF,14,28,0,0,59.01643,0.30181348365614113
6,14,RF,14,28,0,0,60.01655,0.2892449134730871
6,14,RF,14,28,0,0,61.01838,0.30882537349004174
6,14,RF,14,28,0,0,62.01884,0.3052974295207032
6,14,RF,14,28,0,0,63.01641,0.30841689087861757
6,14,RF,14,28,0,0,64.0168,0.3152409871270689
6,14,RF,14,28,0,0,65.01732,0.3162270883091975
6,14,RF,14,28,0,0,66.01808,0.3315249115509902
6,14,RF,14,28,0,0,67.01823,0.38554011088242324
6,14,RF,14,28,0,0,68.01816,0.42322519561347594
6,14,RF,14,28,0,0,69.01759,0.4283707427021367
6,14,RF,14,28,0,0,70.01744,0.4273312690138918
6,14,RF,14,28,0,0,71.01709,0.4203525010168077
6,14,RF,14,28,0,0,72.01596,0.42002772886850676
6,14,RF,14,28,0,0,73.01692,0.40574565833397175
6,14,RF,14,28,0,0,74.0185,0.4151506319912999
6,14,RF,14,28,0,0,75.01855,0.4174506357554454
6,14,RF,14,28,0,0,76.01823,0.4353947153068764
6,14,RF,14,28,0,0,77.01774,0.45304147051021554
6,14,RF,14,28,0,0,78.01897,0.4506382157685127
6,14,RF,14,28,0,0,79.01764,0.4351165443382888
6,14,RF,14,28,0,0,80.01952,0.4251165443382888
6,14,RF,14,28,0,0,81.01741,0.4284498776716221
6,14,RF,14,28,0,0,82.01808,0.42255820882491923
6,14,RF,14,28,0,0,83.01849,0.4196086833443942
6,14,RF,14,28,0,0,84.01945,0.43500036541783005
6,14,RF,14,28,0,0,85.01937,0.4290569445371296
6,14,RF,14,28,0,0,86.01777,0.42420869379456394
6,14,RF,14,28,0,0,87.0088,0.4271258457462153
6,14,RF,14,28,0,0,88.00897,0.43561181257690595
6,14,RF,14,28,0,0,89.00903,0.4346208140049105
6,14,RF,14,28,0,0,90.00906,0.43455723396287294
6,14,RF,14,28,0,0,91.01865,0.433579731445967
6,14,RF,14,28,0,0,92.00906,0.45028820391132046
6,14,RF,14,28,0,0,93.01897,0.4457378219653661
6,14,RF,14,28,0,0,94.01846,0.43964025883808766
6,14,RF,14,28,0,0,95.01842,0.42188708157271804
6,14,RF,14,28,0,0,96.01799,0.416051029350341
6,14,RF,14,28,0,0,97.01869,0.41702059264985575
6,14,RF,14,28,0,0,98.02034,0.4207205716232815
6,14,RF,14,28,0,0,99.00938,0.41660893516742675
6,14,RF,14,28,0,0,100.0092,0.44512266225465374
6,14,RF,14,28,0,0,101.0099,0.44703178450577324
6,14,RF,14,28,0,0,102.0094,0.43448237914012916
6,14,RF,14,28,0,0,103.0204,0.4208941459795295
6,14,RF,14,28,0,0,104.0199,0.4458844335678735
6,14,RF,14,28,0,0,105.0094,0.4447699597305919
6,14,RF,14,28,0,0,106.0093,0.45723127662520124
6,14,RF,14,28,0,0,107.0091,0.46010451377749007
6,14,RF,14,28,0,0,108.0092,0.4348817357329038
6,14,RF,14,28,0,0,109.0197,0.44600420539656954
6,14,RF,14,28,0,0,110.0095,0.4561689556861385
6,14,RF,14,28,0,0,111.01,0.4494804191452236
6,14,RF,14,28,0,0,112.0107,0.4635924788989098
6,14,RF,14,28,0,0,113.0104,0.4774969521600345
6,14,RF,14,28,0,0,114.0103,0.4917772045505901
6,14,RF,14,28,0,0,115.0095,0.4899305451357399
6,14,RF,14,28,0,0,116.01,0.4999305451357399
6,14,RF,14,28,0,0,117.0105,0.5044675744017727
6,14,RF,14,28,0,0,118.0109,0.5163583785884749
6,14,RF,14,28,0,0,119.012,0.48502484625306425
6,14,RF,14,28,0,0,120.0113,0.49782396174286525
6,14,RF,14,28,0,0,121.0113,0.5047909749538559
6,14,RF,14,28,0,0,122.0116,0.4988441238752199
6,14,RF,14,28,0,0,123.0119,0.5021774572085532
6,14,RF,14,28,0,0,124.0118,0.49215409157451795
6,14,RF,14,28,0,0,125.0108,0.488275020171432
6,14,RF,14,28,0,0,126.011,0.49494168683809864
6,14,RF,14,28,0,0,127.0124,0.49213661631684197
6,14,RF,14,28,0,0,128.0108,0.4944211183898827
6,14,RF,14,28,0,0,129.0105,0.4945806723057734
6,14,RF,14,28,0,0,130.0117,0.5079613903666446
6,14,RF,14,28,0,0,131.0111,0.5049688625736795
6,14,RF,14,28,0,0,132.0108,0.5218075334596373
6,14,RF,14,28,0,0,133.0106,0.5249218958526368
6,14,RF,14,28,0,0,134.0097,0.5297432918796097
6,14,RF,14,28,0,0,135.0104,0.5156489830800685
6,14,RF,14,28,0,0,136.0105,0.5150184364264007
6,14,RF,14,28,0,0,137.011,0.512981678459642
6,14,RF,14,28,0,0,138.0112,0.5009474189184308
6,14,RF,14,28,0,0,139.0102,0.4779595737229264
6,14,RF,14,28,0,0,140.0111,0.4607510018573684
6,14,RF,14,28,0,0,141.0099,0.4574472839787461
6,14,RF,14,28,0,0,142.0102,0.48113283571301374
6,14,RF,14,28,0,0,143.0106,0.47779950237968044
6,14,RF,14,28,0,0,144.012,0.4829603370798809
6,14,RF,14,28,0,0,145.0106,0.4852559460320053
6,14,RF,14,28,0,0,146.012,0.486744919970405
6,14,RF,14,28,0,0,147.0115,0.49478449771757627
6,14,RF,14,28,0,0,148.0123,0.4950471646839175
6,14,RF,14,28,0,0,149.012,0.4932237639184719
6,14,RF,14,28,0,0,150.0118,0.48474508704586405
6,14,RF,14,28,0,0,151.0124,0.4965356247134425
6,14,RF,14,28,0,0,152.0128,0.5301821982804141
6,14,RF,14,28,0,0,153.0126,0.5409671574434739
6,14,RF,14,28,0,0,154.0121,0.531310493564202
6,14,RF,14,28,0,0,155.012,0.5453926853947179
6,14,RF,14,28,0,0,156.0126,0.5469331446620771
6,14,RF,14,28,0,0,157.013,0.5507896905538975
6,14,RF,14,28,0,0,158.0121,0.5544098388397212
6,14,RF,14,28,0,0,159.0126,0.5598078061449064
6,14,RF,14,28,0,0,160.0124,0.5559965892713424
6,14,RF,14,28,0,0,161.0119,0.5586707129576313
6,14,RF,14,28,0,0,162.013,0.5475668079266043
6,14,RF,14,28,0,0,163.0129,0.5285377257987427
6,14,RF,14,28,0,0,164.0133,0.5285358407921653
6,14,RF,14,28,0,0,165.0129,0.520855642743589
6,14,RF,14,28,0,0,166.0124,0.5275223094102557
6,14,RF,14,28,0,0,167.0136,0.5247680029136955
6,14,RF,14,28,0,0,168.0131,0.5304284119643846
6,14,RF,14,28,0,0,169.0124,0.5395234688145123
6,14,RF,14,28,0,0,170.0131,0.547449709995089
6,14,RF,14,28,0,0,171.0138,0.555603983733015
6,14,RF,14,28,0,0,172.0135,0.5589373170663484
6,14,RF,14,28,0,0,173.014,0.5576606945080623
6,14,RF,14,28,0,0,174.0137,0.5158321044460082
6,14,RF,14,28,0,0,175.0137,0.5054976776189626
6,14,RF,14,28,0,0,176.0139,0.5098487150227372
6,14,RF,14,28,0,0,177.0143,0.5111401181983141
6,14,RF,14,28,0,0,178.0135,0.5044734515316474
6,14,RF,14,28,0,0,179.0138,0.5044734515316474
6,14,RF,14,28,0,0,180.0135,0.5034382445673125
6,14,RF,14,28,0,0,181.0143,0.4967715779006458
6,14,RF,14,28,0,0,182.0144,0.48748147048553836
6,14,RF,14,28,0,0,183.0134,0.4644999601857537
6,14,RF,14,28,0,0,184.0142,0.45688464776027693
6,14,RF,14,28,0,0,185.0128,0.4150616803161496
6,14,RF,14,28,0,0,186.0135,0.4210209222683822
6,14,RF,14,28,0,0,187.0139,0.40322613848057814
6,14,RF,14,28,0,0,188.0138,0.4229591202118934
6,14,RF,14,28,0,0,189.015,0.43444991663981397
6,14,RF,14,28,0,0,190.0154,0.4294136792983479
6,14,RF,14,28,0,0,191.0153,0.4220410181741473
6,14,RF,14,28,0,0,192.015,0.42133112558925473
6,14,RF,14,28,0,0,193.0144,0.4255502090212516
6,14,RF,14,28,0,0,194.0154,0.4188771636412626
6,14,RF,14,28,0,0,195.0154,0.4207279017495184
6,14,RF,14,28,0,0,196.0153,0.4207279017495184
6,14,RF,14,28,0,0,197.0166,0.4300980779133747
6,14,RF,14,28,0,0,198.0156,0.42495091188457934
6,14,RF,14,28,0,0,199.0165,0.38934403358535713
6,14,RF,14,28,0,0,200.0164,0.39264775146397934
6,14,RF,14,28,0,0,201.0146,0.41963563190866676
6,14,RF,14,28,0,0,202.0159,0.43405655161582785
6,14,RF,14,28,0,0,203.0147,0.42258762506215564
6,14,RF,14,28,0,0,204.015,0.4089376341746032
6,14,RF,14,28,0,0,205.0149,0.41525939469948014
6,14,RF,14,28,0,0,206.0154,0.4243019580662903
6,14,RF,14,28,0,0,207.0155,0.45413946360783397
6,14,RF,14,28,0,0,208.0162,0.4608061302745007
6,14,RF,14,28,0,0,209.0153,0.4641344517616521
6,14,RF,14,28,0,0,210.0164,0.4656848537361098
6,14,RF,14,28,0,0,211.0156,0.46235152040277644
6,14,RF,14,28,0,0,212.0163,0.4649774290216757
6,14,RF,14,28,0,0,213.0176,0.4716440956883424
6,14,RF,14,28,0,0,214.0176,0.4668354570880143
6,14,RF,14,28,0,0,215.0165,0.4716522968911855
6,14,RF,14,28,0,0,216.0159,0.45769286558542055
6,14,RF,14,28,0,0,217.0159,0.465263355648662
6,14,RF,14,28,0,0,218.0158,0.46504144024419786
6,14,RF,14,28,0,0,219.0164,0.4691723952965768
6,14,RF,14,28,0,0,220.0166,0.4665623077492097
6,14,RF,14,28,0,0,221.016,0.46908219829196524
6,14,RF,14,28,0,0,222.0175,0.47391085525260196
6,14,RF,14,28,0,0,223.0178,0.48391085525260197
6,14,RF,14,28,0,0,224.0176,0.49056979863986766
6,14,RF,14,28,0,0,225.018,0.5172349976298114
6,14,RF,14,28,0,0,226.0181,0.530903082651841
6,14,RF,14,28,0,0,227.018,0.5242020773982835
6,14,RF,14,28,0,0,228.0176,0.4713778237183803
6,14,RF,14,28,0,0,229.0186,0.4772603438020579
6,14,RF,14,28,0,0,230.0179,0.4830604895237149
6,14,RF,14,28,0,0,231.0177,0.47356671746041695
6,14,RF,14,28,0,0,232.0178,0.5290599698807833
6,14,RF,14,28,0,0,233.018,0.4965881373749325
6,14,RF,14,28,0,0,234.017,0.49011224207598225
6,14,RF,14,28,0,0,235.0178,0.49225878764951325
6,14,RF,14,28,0,0,236.0177,0.5045093840104705
6,14,RF,14,28,0,0,237.0187,0.4955916653604664
6,14,RF,14,28,0,0,238.0185,0.5023183843970211
6,14,RF,14,28,0,0,239.0183,0.4972579218037618
6,14,RF,14,28,0,0,240.0186,0.49691893875291443
6,14,RF,14,28,0,0,241.0184,0.4899583956510372
6,14,RF,14,28,0,0,242.0192,0.47709148101698207
6,14,RF,14,28,0,0,243.018,0.4734679162274797
6,14,RF,14,28,0,0,244.0168,0.4690880297457546
6,14,RF,14,28,0,0,245.0174,0.4803511843337607
6,14,RF,14,28,0,0,246.0177,0.46590843952912914
6,14,RF,14,28,0,0,247.0178,0.4299812365266189
6,14,RF,14,28,0,0,248.0176,0.42662557769665715
6,14,RF,14,28,0,0,249.0175,0.4041527120835238
6,14,RF,14,28,0,0,250.0193,0.4074610598769892
6,14,RF,14,28,0,0,251.0192,0.40290645560885313
6,14,RF,14,28,0,0,252.0187,0.41082674239931466
6,14,RF,14,28,1,3,253.0184,0.4106122793277566
6,14,RF,14,28,1,3,254.0191,0.4126915369149149
6,14,RF,14,28,1,3,255.0188,0.4169808107987715
6,14,RF,14,28,1,3,256.019,0.3917886885121848
6,14,RF,14,28,1,3,257.009,0.4002518820250411
6,14,RF,14,28,1,3,258.009,0.398997806278866
6,14,RF,14,28,1,3,259.0089,0.39566447294553264
6,14,RF,14,28,1,3,260.0201,0.397653481036894
6,14,RF,14,28,1,3,261.0089,0.4123418365154082
6,14,RF,14,28,1,3,262.0198,0.4245842057281164
6,14,RF,14,28,1,3,263.0199,0.46935468352495185
6,14,RF,14,28,1,3,264.0095,0.4950646663132479
6,14,RF,14,28,1,3,265.0092,0.4911645682689731
6,14,RF,14,28,1,3,266.0198,0.49300380528819887
6,14,RF,14,28,1,3,267.02,0.4894124839037235
6,14,RF,14,28,1,3,268.0094,0.5048426972145702
6,14,RF,14,28,1,3,269.0094,0.5486316019031386
6,14,RF,14,28,1,3,270.0103,0.5434548204196322
6,14,RF,14,28,1,3,271.01,0.5367881537529655
6,14,RF,14,28,1,3,272.0204,0.5473649845556184
6,14,RF,14,28,1,3,273.0203,0.5461295457370297
6,14,RF,14,28,1,3,274.0092,0.5360940728884074
6,14,RF,14,28,1,3,275.0203,0.5438825429594673
6,14,RF,14,28,1,3,276.0095,0.5406368909290624
6,14,RF,14,28,1,3,277.0092,0.5539702242623957
6,14,RF,14,28,1,3,278.0089,0.5427950400826623
6,14,RF,14,28,1,3,279.011,0.5386672655065369
6,14,RF,14,28,1,3,280.0101,0.5355499047443151
6,14,RF,14,28,1,3,281.0095,0.5515595710458331
6,14,RF,14,28,1,3,282.0099,0.5548929043791664
6,14,RF,14,28,1,3,283.0117,0.5506870470807467
6,14,RF,14,28,1,3,284.0094,0.5603059845278104
6,14,RF,14,28,1,3,285.0087,0.5551606409885359
6,14,RF,14,28,1,3,286.0101,0.536645257232173
6,14,RF,14,28,1,3,287.0098,0.5556998130733614
6,14,RF,14,28,1,3,288.0103,0.5572211362007534
6,14,RF,14,28,1,3,289.0108,0.5569832942112455
6,14,RF,14,28,1,3,290.0102,0.563319634652288
6,14,RF,14,28,1,3,291.0107,0.5620598458781727
6,14,RF,14,28,1,3,292.0105,0.5656875112690967
6,14,RF,14,28,1,3,293.0114,0.5835425541654105
6,14,RF,14,28,1,2,294.0107,0.5837872547345163
6,14,RF,14,28,1,2,295.0113,0.5860142996034952
6,14,RF,14,28,1,2,296.0103,0.5987445695067471
6,14,RF,14,28,1,2,297.0109,0.5871996260292681
6,14,RF,14,28,1,2,298.0119,0.5808310734619874
6,14,RF,14,28,1,2,299.0108,0.5641795456038439
6,14,RF,14,28,1,2,300.0102,0.5778272583794954
6,14,RF,14,28,1,2,301.0107,0.5881730757660454
6,14,RF,6,29,0,0,0.0112192,0.0012532129647044074
6,14,RF,6,29,0,0,1.011824,0.007220312651170475
6,14,RF,6,29,0,0,2.016775,0.015770330344574868
6,14,RF,6,29,0,0,3.01134,0.006749841359091138
6,14,RF,6,29,0,0,4.016446,0.011409380142365411
6,14,RF,6,29,0,0,5.010691,0.0053664434013282
6,14,RF,6,29,0,0,6.014781,0.0033333333333333335
6,14,RF,6,29,0,0,7.021184,0.01
6,14,RF,6,29,0,0,8.014297,0.015578664771657244
6,14,RF,6,29,0,0,9.017834,0.013333333333333334
6,14,RF,6,29,0,0,10.0143,0.006666666666666667
6,14,RF,6,29,0,0,11.0198,0.018485966830690724
6,14,RF,6,29,0,0,12.01373,0.014593367769079026
6,14,RF,6,29,0,0,13.01924,0.014593367769079026
6,14,RF,6,29,0,0,14.01323,0.014593367769079026
6,14,RF,6,29,0,0,15.01874,0.008485966830690724
6,14,RF,6,29,0,0,16.02178,0.008485966830690724
6,14,RF,6,29,0,0,17.0179,0.008485966830690724
6,14,RF,6,29,0,0,18.01236,0.008485966830690724
6,14,RF,6,29,0,0,19.01663,0.008485966830690724
6,14,RF,6,29,0,0,20.01117,0.008485966830690724
6,14,RF,6,29,0,0,21.01589,0.008485966830690724
6,14,RF,6,29,0,0,22.01227,0.008485966830690724
6,14,RF,6,29,0,0,23.01739,0.006666666666666667
6,14,RF,6,29,0,0,24.01122,0.0033333333333333335
6,14,RF,6,29,0,0,25.01702,0.006666666666666667
6,14,RF,6,29,0,0,26.0217,0.0033333333333333335
6,14,RF,6,29,0,0,27.01569,0.0033333333333333335
6,14,RF,6,29,0,0,28.02129,0.008476854383087297
6,14,RF,6,29,0,0,29.01555,0.01185164935301622
6,14,RF,6,29,0,0,30.01976,0.008518316019682887
6,14,RF,6,29,0,0,31.01329,0.02703344268270457
6,14,RF,6,29,0,0,32.02007,0.03516402405686167
6,14,RF,6,29,0,0,33.01092,0.03120667721617177
6,14,RF,6,29,0,0,34.01912,0.03514306542737379
6,14,RF,6,29,0,0,35.01377,0.03
6,14,RF,6,29,0,0,36.01718,0.05619698221077406
6,14,RF,6,29,0,0,37.01274,0.06052530423307425
6,14,RF,6,29,0,0,38.01831,0.05035849140767491
6,14,RF,6,29,0,0,39.01217,0.04281765075945374
6,14,RF,6,29,0,0,40.01754,0.04712509132158677
6,14,RF,6,29,0,0,41.01052,0.04948431742612041
6,14,RF,6,29,0,0,42.01724,0.04737505436002685
6,14,RF,6,29,0,0,43.02027,0.046150984092787076
6,14,RF,6,29,0,0,44.01577,0.04741760674675294
6,14,RF,6,29,0,0,45.02153,0.048771125469254814
6,14,RF,6,29,0,0,46.01505,0.04974905646309671
6,14,RF,6,29,0,0,47.02,0.04641572312976337
6,14,RF,6,29,0,0,48.01451,0.048795001141952773
6,14,RF,6,29,0,0,49.02043,0.04641572312976337
6,14,RF,6,29,0,0,50.01405,0.04974905646309671
6,14,RF,6,29,0,0,51.02033,0.04948099312695009
6,14,RF,6,29,0,0,52.01211,0.05060336636885272
6,14,RF,6,29,0,0,53.01879,0.052375281805338965
6,14,RF,6,29,0,0,54.01346,0.050282093913456026
6,14,RF,6,29,0,0,55.01865,0.06214290401142719
6,14,RF,6,29,0,0,56.0123,0.054588611913133675
6,14,RF,6,29,0,0,57.01873,0.06205724700395498
6,14,RF,6,29,0,0,58.01094,0.05774598267677976
6,14,RF,6,29,0,0,59.01741,0.06539058033728833
6,14,RF,6,29,0,0,60.01103,0.0669519982341354
6,14,RF,6,29,0,0,61.01686,0.06234465520245834
6,14,RF,6,29,0,0,62.02135,0.0731979610016663
6,14,RF,6,29,0,0,63.01606,0.07899537508581901
6,14,RF,6,29,0,0,64.01111,0.07801744409197713
6,14,RF,6,29,0,0,65.01536,0.0808142196274629
6,14,RF,6,29,0,0,66.01973,0.06838726812391707
6,14,RF,6,29,0,0,67.01254,0.07224121247179197
6,14,RF,6,29,0,0,68.02018,0.07480451398562864
6,14,RF,6,29,0,0,69.01416,0.05578244497947052
6,14,RF,6,29,0,0,70.02119,0.06428390297108708
6,14,RF,6,29,0,0,71.01406,0.08373882968877541
6,14,RF,6,29,0,0,72.01811,0.08373882968877541
6,14,RF,6,29,0,0,73.01423,0.08222753025374716
6,14,RF,6,29,0,0,74.01737,0.08673819181744317
6,14,RF,6,29,0,0,75.01094,0.07673819181744318
6,14,RF,6,29,0,0,76.0176,0.08519773255008396
6,14,RF,6,29,0,0,77.02081,0.08824102358072632
6,14,RF,6,29,0,0,78.01769,0.08418350724085703
6,14,RF,6,29,0,0,79.01154,0.0852742681468004
6,14,RF,6,29,0,0,80.01762,0.08782926176188963
6,14,RF,6,29,0,0,81.01078,0.0782481787846476
6,14,RF,6,29,0,0,82.01668,0.08030837271488309
6,14,RF,6,29,0,0,83.01159,0.09063186460480473
6,14,RF,6,29,0,0,84.0154,0.08729853127147139
6,14,RF,6,29,0,0,85.0213,0.08212949536842783
6,14,RF,6,29,0,0,86.01613,0.08063186460480472
6,14,RF,6,29,0,0,87.02153,0.08093303099809795
6,14,RF,6,29,0,0,88.01397,0.07913013323976006
6,14,RF,6,29,0,0,89.02009,0.0724634665730934
6,14,RF,6,29,0,0,90.0147,0.07069155113660716
6,14,RF,6,29,0,0,91.01833,0.07402488446994049
6,14,RF,6,29,0,0,92.01338,0.07069155113660716
6,14,RF,6,29,0,0,93.01836,0.07013457638489093
6,14,RF,6,29,0,0,94.01306,0.07346790971822427
6,14,RF,6,29,0,0,95.01991,0.09164542019753902
6,14,RF,6,29,0,0,96.01231,0.10623369238317715
6,14,RF,6,29,0,0,97.01806,0.12471738110196699
6,14,RF,6,29,0,0,98.01287,0.12138404776863365
6,14,RF,6,29,0,0,99.0177,0.11884044719509475
6,14,RF,6,29,0,0,100.0129,0.1121737805284281
6,14,RF,6,29,0,0,101.0174,0.10884044719509475
6,14,RF,6,29,0,0,102.012,0.10940988564692415
6,14,RF,6,29,0,0,103.0166,0.11550711386176142
6,14,RF,6,29,0,0,104.0114,0.11679948585596518
6,14,RF,6,29,0,0,105.016,0.12013281918929851
6,14,RF,6,29,0,0,106.0215,0.12013281918929851
6,14,RF,6,29,0,0,107.0152,0.12013281918929851
6,14,RF,6,29,0,0,108.0193,0.12013281918929851
6,14,RF,6,29,0,0,109.015,0.12013281918929851
6,14,RF,6,29,0,0,110.0205,0.11772787668587888
6,14,RF,6,29,0,0,111.0144,0.13011843136470289
6,14,RF,6,29,0,0,112.0205,0.12678509803136953
6,14,RF,6,29,0,0,113.0114,0.11678509803136955
6,14,RF,6,29,0,0,114.0195,0.11484707314081405
6,14,RF,6,29,0,0,115.0128,0.11151373980748071
6,14,RF,6,29,0,0,116.0194,0.11249167080132262
6,14,RF,6,29,0,0,117.0126,0.11707668833637126
6,14,RF,6,29,0,0,118.0177,0.12221929814136487
6,14,RF,6,29,0,0,119.0121,0.13555263147469823
6,14,RF,6,29,0,0,120.0173,0.17558999250987226
6,14,RF,6,29,0,0,121.0209,0.16892332584320557
6,14,RF,6,29,0,0,122.0168,0.1822566591765389
6,14,RF,6,29,0,0,123.0214,0.19225665917653892
6,14,RF,6,29,0,0,124.0167,0.19014739611044534
6,14,RF,6,29,0,0,125.021,0.19529273964972002
6,14,RF,6,29,0,0,126.0145,0.1989233258432056
6,14,RF,6,29,0,0,127.0109,0.23100344621183452
6,14,RF,6,29,0,0,128.0153,0.25250489756362005
6,14,RF,6,29,0,0,129.0204,0.24009475112244866
6,14,RF,6,29,0,0,130.0143,0.2532353486260591
6,14,RF,6,29,0,0,131.0208,0.24601246457489595
6,14,RF,6,29,0,0,132.0134,0.2632459330454061
6,14,RF,6,29,0,0,133.019,0.2632459330454061
6,14,RF,6,29,0,0,134.0134,0.2717314442537167
6,14,RF,6,29,0,0,135.0182,0.27088005162214374
6,14,RF,6,29,0,0,136.0138,0.28559419437226086
6,14,RF,6,29,0,0,137.0193,0.3072567590121656
6,14,RF,6,29,0,0,138.0129,0.3089365837516697
6,14,RF,6,29,0,0,139.018,0.30989856819317857
6,14,RF,6,29,0,0,140.0114,0.31147597002177346
6,14,RF,6,29,0,0,141.0173,0.31510140210230175
6,14,RF,6,29,0,0,142.0123,0.304279790075109
6,14,RF,6,29,0,0,143.0174,0.3276131234084424
6,14,RF,6,29,0,0,144.0198,0.32852015837192416
6,14,RF,6,29,0,0,145.0158,0.3251936005235221
6,14,RF,6,29,0,0,146.022,0.3237023484732213
6,14,RF,6,29,0,0,147.0161,0.340369015139888
6,14,RF,6,29,0,0,148.0215,0.3270356818065547
6,14,RF,6,29,0,0,149.0159,0.3329335948129899
6,14,RF,6,29,0,0,150.0214,0.3129335948129899
6,14,RF,6,29,0,0,151.0148,0.306114861413318
6,14,RF,6,29,0,0,152.0203,0.2969778056238573
6,14,RF,6,29,0,0,153.015,0.29031113895719063
6,14,RF,6,29,0,0,154.0197,0.2969778056238573
6,14,RF,6,29,0,0,155.0137,0.27271552009267375
6,14,RF,6,29,0,0,156.0195,0.2699270216026406
6,14,RF,6,29,0,0,157.0139,0.2699270216026406
6,14,RF,6,29,0,0,158.0179,0.2699270216026406
6,14,RF,6,29,0,0,159.0134,0.27659368826930725
6,14,RF,6,29,0,0,160.0171,0.28304450701122363
6,14,RF,6,29,0,0,161.0113,0.28088667941873224
6,14,RF,6,29,0,0,162.0164,0.2927141807855994
6,14,RF,6,29,0,0,163.022,0.29118830143440566
6,14,RF,6,29,0,0,164.0161,0.30841583467355804
6,14,RF,6,29,0,0,165.022,0.3068899553223643
6,14,RF,6,29,0,0,166.0165,0.320224199900458
6,14,RF,6,29,0,0,167.0112,0.3407471373094437
6,14,RF,6,29,0,0,168.0158,0.342557788211155
6,14,RF,6,29,0,0,169.0202,0.34313293655124605
6,14,RF,6,29,0,0,170.0141,0.3592507462960169
6,14,RF,6,29,0,0,171.0207,0.3583299380431959
6,14,RF,6,29,0,0,172.0139,0.35499660470986255
6,14,RF,6,29,0,0,173.0192,0.3607847695922398
6,14,RF,6,29,0,0,174.013,0.36318915072772295
6,14,RF,6,29,0,0,175.0175,0.3607847695922398
6,14,RF,6,29,0,0,176.0135,0.3671815799565005
6,14,RF,6,29,0,0,177.0181,0.3647699088629347
6,14,RF,6,29,0,0,178.0124,0.3857121977804481
6,14,RF,6,29,0,0,179.0186,0.39330781664496495
6,14,RF,6,29,0,0,180.0117,0.40330781664496496
6,14,RF,6,29,0,0,181.0171,0.40330781664496496
6,14,RF,6,29,0,0,182.0113,0.3999166192693498
6,14,RF,6,29,0,0,183.0171,0.40659057589409925
6,14,RF,6,29,0,0,184.0217,0.4047758319538769
6,14,RF,6,29,0,0,185.0134,0.4156856726986372
6,14,RF,6,29,0,0,186.0216,0.41901900603197056
6,14,RF,6,29,0,0,187.0153,0.47545863486345963
6,14,RF,6,29,0,0,188.0214,0.4831055125795877
6,14,RF,6,29,0,0,189.0154,0.47856430807764655
6,14,RF,6,29,0,0,190.0175,0.47523097474431325
6,14,RF,6,29,0,0,191.0144,0.4667208599274735
6,14,RF,6,29,0,0,192.0198,0.4554695698005836
6,14,RF,6,29,0,0,193.0143,0.45698439266929236
6,14,RF,6,29,0,0,194.0198,0.4593838490389012
6,14,RF,6,29,0,0,195.0145,0.4360345689222619
6,14,RF,6,29,0,0,196.0186,0.4360434521850734
6,14,RF,6,29,0,0,197.0138,0.44117968327674467
6,14,RF,6,29,0,0,198.0177,0.44214545380708103
6,14,RF,6,29,0,0,199.0128,0.44065420175678033
6,14,RF,6,29,0,0,200.015,0.432145453807081
6,14,RF,6,29,0,0,201.0131,0.4306300537706313
6,14,RF,6,29,0,0,202.0175,0.428797084935202
6,14,RF,6,29,0,0,203.0224,0.42845309003817267
6,14,RF,6,29,0,0,204.0173,0.42845309003817267
6,14,RF,6,29,0,0,205.0222,0.42382958702050916
6,14,RF,6,29,0,0,206.0159,0.4187834580181398
6,14,RF,6,29,0,0,207.0197,0.42257464816820434
6,14,RF,6,29,0,0,208.0167,0.41590798150153774
6,14,RF,6,29,0,0,209.0206,0.4159079815015377
6,14,RF,6,29,0,0,210.0151,0.4110692718241184
6,14,RF,6,29,0,0,211.0197,0.41773593849078505
6,14,RF,6,29,0,0,212.0139,0.4062055029157896
6,14,RF,6,29,0,0,213.0196,0.4146750673407941
6,14,RF,6,29,0,0,214.0141,0.40953883624912296
6,14,RF,6,29,0,0,215.0178,0.40883663877901977
6,14,RF,6,29,0,0,216.012,0.4021699721123531
6,14,RF,6,29,0,0,217.0189,0.4059404747352253
6,14,RF,6,29,0,0,218.0127,0.40260714140189197
6,14,RF,6,29,0,0,219.0185,0.39927380806855867
6,14,RF,6,29,0,0,220.0132,0.4059404747352253
6,14,RF,6,29,0,0,221.0173,0.412607141401892
6,14,RF,6,29,0,0,222.0124,0.40260714140189197
6,14,RF,6,29,0,0,223.017,0.41108855200878097
6,14,RF,6,29,0,0,224.0219,0.3997862661628005
6,14,RF,6,29,0,0,225.0162,0.40803188672668694
6,14,RF,6,29,0,0,226.0217,0.39715513029957034
6,14,RF,6,29,0,0,227.0157,0.39351425185962136
6,14,RF,6,29,0,0,228.0207,0.40511871265558447
6,14,RF,6,29,0,0,229.0154,0.40664459200677816
6,14,RF,6,29,0,0,230.0205,0.4147881982841235
6,14,RF,6,29,0,0,231.0153,0.4140877781769237
6,14,RF,6,29,0,0,232.0194,0.4140877781769237
6,14,RF,6,29,0,0,233.0133,0.4050991208932371
6,14,RF,6,29,0,0,234.0184,0.4114236151523951
6,14,RF,6,29,0,0,235.0122,0.40323106913453466
6,14,RF,6,29,0,0,236.0163,0.4107214176822919
6,14,RF,6,29,0,0,237.0122,0.40809028181906176
6,14,RF,6,29,0,0,238.0178,0.4047569484857284
6,14,RF,6,29,0,0,239.0128,0.40405475101562527
6,14,RF,6,29,0,0,240.0172,0.4025288716644315
6,14,RF,6,29,0,0,241.0219,0.4098977358012013
6,14,RF,6,29,0,0,242.0162,0.41323106913453467
6,14,RF,6,29,0,0,243.0118,0.4165903729435378
6,14,RF,6,29,0,0,244.017,0.41992370627687114
6,14,RF,6,29,0,0,245.0216,0.4205250796700915
6,14,RF,6,29,0,0,246.0154,0.4095421736871855
6,14,RF,6,29,0,0,247.0208,0.3952324331788058
6,14,RF,6,29,0,0,248.0148,0.39634224591464395
6,14,RF,6,29,0,0,249.0202,0.39691741362101873
6,14,RF,6,29,0,0,250.0158,0.39578618663331255
6,14,RF,6,29,0,0,251.0202,0.3891195199666459
6,14,RF,6,29,0,0,252.0149,0.39175065582987606
6,14,RF,6,29,0,0,253.0197,0.39327562393630944
6,14,RF,6,29,0,0,254.0136,0.4079039531575405
6,14,RF,6,29,0,0,255.0182,0.4148573953516699
6,14,RF,6,29,0,0,256.0139,0.4010614889029447
6,14,RF,6,29,0,0,257.0173,0.39792243153264545
6,14,RF,6,29,0,0,258.013,0.3938971667734358
6,14,RF,6,29,0,0,259.0187,0.3938971667734358
6,14,RF,6,29,0,0,260.021,0.3866466802568942
6,14,RF,6,29,0,0,261.0178,0.37122543239852923
6,14,RF,6,29,0,0,262.0128,0.36960489473423186
6,14,RF,6,29,0,0,263.0165,0.3739146352426116
6,14,RF,6,29,0,0,264.022,0.3739146352426116
6,14,RF,6,29,0,0,265.0162,0.3739146352426116
6,14,RF,6,29,0,0,266.0201,0.3724406968427574
6,14,RF,6,29,0,0,267.0135,0.3761157469612192
6,14,RF,6,29,0,0,268.0216,0.3809494447924567
6,14,RF,6,29,0,0,269.0137,0.3861157469612192
6,14,RF,6,29,0,0,270.0212,0.37092210744964643
6,14,RF,6,29,0,0,271.0142,0.37577403017609073
6,14,RF,6,29,0,0,272.0176,0.3800591649887846
6,14,RF,6,29,0,0,273.0138,0.3867258316554513
6,14,RF,6,29,0,0,274.0176,0.3942517625622145
6,14,RF,6,29,0,0,275.0136,0.39751549909983186
6,14,RF,6,29,0,0,276.0194,0.40903408849294287
6,14,RF,6,29,0,0,277.011,0.4190340884929428
6,14,RF,6,29,0,0,278.0184,0.43903408849294284
6,14,RF,6,29,0,0,279.0128,0.45141636987264805
6,14,RF,6,29,0,0,280.0181,0.44990552605999995
6,14,RF,6,29,0,0,281.0127,0.4829305015792888
6,14,RF,6,29,0,0,282.0156,0.48959716824595545
6,14,RF,6,29,0,0,283.0111,0.5010993552333803
6,14,RF,6,29,0,0,284.0166,0.5098526027996619
6,14,RF,6,29,0,0,285.0219,0.5612039341752949
6,14,RF,6,29,0,0,286.016,0.5589983783860869
6,14,RF,6,29,0,0,287.0216,0.563976565960207
6,14,RF,6,29,0,0,288.0144,0.5725067281617743
6,14,RF,6,29,0,0,289.0197,0.5758400614951076
6,14,RF,6,29,0,0,290.0124,0.569173394828441
6,14,RF,6,29,0,0,291.018,0.569173394828441
6,14,RF,6,29,0,0,292.0144,0.5672304755302615
6,14,RF,6,29,0,0,293.0191,0.5588617491204038
6,14,RF,6,29,0,0,294.0126,0.5640585779886378
6,14,RF,6,29,0,0,295.0191,0.5707252446553045
6,14,RF,6,29,0,0,296.0124,0.5628118255549195
6,14,RF,6,29,0,0,297.0182,0.558902299512239
6,14,RF,6,29,0,0,298.0114,0.5609703113294495
6,14,RF,6,29,0,0,299.0173,0.5376369779961162
6,14,RF,6,29,0,0,300.0121,0.5228363749673097
6,14,RF,6,29,0,0,301.018,0.5395030416339763
6,14,GB,6,8,0,0,0.0111263,0.0008283284618910194
6,14,GB,6,8,0,0,1.012533,0.00193765233604168
6,14,GB,6,8,0,0,2.006725,0.002121633837813335
6,14,GB,6,8,0,0,3.011544,0.0021758156825593404
6,14,GB,6,8,0,0,4.002677,0.0021613004940353197
6,14,GB,6,8,0,0,5.009711,0.0009118345066212962
6,14,GB,6,8,0,0,6.004739,0.0008132277949892162
6,14,GB,6,8,0,0,7.009674,0.0012501010309427802
6,14,GB,6,8,0,0,8.003508,0.001167133690055708
6,14,GB,6,8,0,0,9.006954,0.002243969197576524
6,14,GB,6,8,0,0,10.00293,0.0025936954090893596
6,14,GB,6,8,0,0,11.00604,0.0003730294850461367
6,14,GB,6,8,1,1,12.00364,0.0003729757487786971
6,14,GB,6,8,1,1,13.00802,0.0006051668187873077
6,14,GB,6,8,1,1,14.00243,0.0004885849074687546
6,14,GB,6,8,1,1,15.00691,0.0004865447251653094
6,14,GB,6,8,1,1,16.01181,0.00048661481585284244
6,14,GB,6,8,1,1,17.00746,0.0007636688703803226
6,14,GB,6,8,1,1,18.01327,0.00046908499173497825
6,14,GB,6,8,1,1,19.00703,0.0005165247058094087
6,14,GB,6,8,1,1,20.01132,0.0014318552407745514
6,14,GB,6,8,1,1,21.00361,0.000902031836715637
6,14,GB,6,8,1,1,22.01139,0.00047769529175491546
6,14,GB,6,8,1,1,23.00565,0.0039925779591228235
6,14,GB,6,8,1,1,24.01185,0.0007038904326373487
6,14,GB,6,8,1,1,25.00333,0.0005135541603019508
6,14,GB,6,8,1,1,26.01048,0.0005269534402896107
6,14,GB,6,8,1,1,27.0047,0.0004763936657567795
6,14,GB,6,8,1,1,28.00931,0.0007021816632979157
6,14,GB,6,8,1,1,29.00375,0.00036311859292694875
6,14,GB,6,8,1,1,30.00954,0.00036602626833998736
6,14,GB,6,8,1,1,31.00254,0.00036602626833998736
6,14,GB,6,8,1,1,32.00864,0.0005812010314415881
6,14,GB,6,8,1,1,33.0032,0.0007205662134167926
6,14,GB,6,8,1,1,34.00835,0.0007382561112327183
6,14,GB,6,8,1,1,35.01365,0.0006405243674195672
6,14,GB,6,8,1,1,36.00763,0.0005032802784482803
6,14,GB,6,8,1,1,37.01249,0.0003771969245225952
6,14,GB,6,8,1,1,38.00724,0.0007816530125702555
6,14,GB,6,8,1,1,39.01177,0.0009713220186662355
6,14,GB,6,8,1,1,40.00622,0.0004109060163427948
6,14,GB,6,8,1,1,41.01126,0.0003073852067556236
6,14,GB,6,8,1,1,42.00632,0.0004029869893043772
6,14,GB,6,8,1,1,43.01094,0.0006161531234833347
6,14,GB,6,8,1,1,44.00538,0.00035878369330059103
6,14,GB,6,8,1,1,45.00897,0.0004696586297119847
6,14,GB,6,8,1,1,46.00489,0.0016564753855308068
6,14,GB,6,8,1,1,47.00764,0.04132656109150392
6,14,GB,6,8,1,1,48.00322,0.04148180587421259
6,14,GB,6,8,1,1,49.0089,0.043433954373826286
6,14,GB,6,8,1,1,50.00442,0.09389998600835515
6,14,GB,6,8,1,1,51.00952,0.1763951079956099
6,14,GB,6,8,1,1,52.00426,0.179529604862307
6,14,GB,6,8,1,1,53.00848,0.029552917923816945
6,14,GB,6,8,1,1,54.00241,0.10303467130826263
6,14,GB,6,8,1,1,55.00602,0.16574115667307213
6,14,GB,6,8,1,1,56.01323,0.1499854346292502
6,14,GB,6,8,1,1,57.00426,0.15436822060396957
6,14,GB,6,8,1,1,58.01067,0.14139278119154902
6,14,GB,6,8,1,1,59.0066,0.14026818468641492
6,14,GB,6,8,1,1,60.01128,0.36041191122718025
6,14,GB,6,8,1,1,61.00568,0.4575655350665085
6,14,GB,6,8,1,1,62.01031,0.6612600910218859
6,14,GB,6,8,1,1,63.005,0.6440107190554122
6,14,GB,6,8,1,1,64.01,0.6990226656880991
6,14,GB,6,8,1,1,65.00407,0.7237095505571933
6,14,GB,6,8,1,1,66.01032,0.6235042815664472
6,14,GB,6,8,1,1,67.00389,0.4951275461474532
6,14,GB,6,8,1,1,68.00977,0.557977047557583
6,14,GB,6,8,1,1,69.00293,0.5865970065136572
6,14,GB,6,8,1,1,70.00932,0.5705866405336998
6,14,GB,6,8,1,1,71.00261,0.7577522485141718
6,14,GB,6,8,1,1,72.00746,0.826453366951365
6,14,GB,6,8,1,1,73.00294,0.8775886748783872
6,14,GB,6,8,1,1,74.00814,0.8775886748783872
6,14,GB,6,8,1,1,75.01319,0.9178515744859175
6,14,GB,6,8,1,1,76.00666,0.9314575066636183
6,14,GB,6,8,1,1,77.01159,0.9497819942702848
6,14,GB,6,8,1,1,78.00659,0.9589197441654701
6,14,GB,6,8,1,1,79.01199,0.9301767529862291
6,14,GB,6,8,1,1,80.0071,0.932117166485213
6,14,GB,6,8,1,1,81.01176,0.5081123134845225
6,14,GB,6,8,1,1,82.00599,0.6004456119018223
6,14,GB,6,8,1,1,83.01203,0.5305857666715246
6,14,GB,6,8,1,1,84.00549,0.6592495867544259
6,14,GB,6,8,1,1,85.01128,0.6037968013995674
6,14,GB,6,8,1,1,86.00328,0.6348641456912666
6,14,GB,6,8,1,1,87.01077,0.9634545248266354
6,14,GB,6,8,1,1,88.00428,0.9513925399489667
6,14,GB,6,8,1,1,89.00924,0.9477450978329023
6,14,GB,6,8,1,1,90.00323,0.9505504372722597
6,14,GB,6,8,1,1,91.00959,0.9505504372722597
6,14,GB,6,8,1,1,92.0034,0.9381168980882786
6,14,GB,6,8,1,1,93.00835,0.9236963920488497
6,14,GB,6,8,1,1,94.01284,0.8895797071362715
6,14,GB,6,8,1,1,95.00739,0.9038177251694586
6,14,GB,6,8,1,1,96.01205,0.9319265836500907
6,14,GB,6,8,1,1,97.00794,0.9459677822173521
6,14,GB,6,8,1,1,98.01041,0.914779068593575
6,14,GB,6,8,1,1,99.0069,0.8730282385502658
6,14,GB,6,8,1,1,100.0121,0.9136611480051566
6,14,GB,6,8,1,1,101.0061,0.9519045413171371
6,14,GB,6,8,1,1,102.0104,0.942847778187672
6,14,GB,6,8,1,1,103.0028,0.9645775229517726
6,14,GB,6,8,1,1,104.0098,0.9645775229517726
6,14,GB,6,8,1,1,105.0038,0.9619083037116327
6,14,GB,6,8,1,1,106.0078,0.9720396000824894
6,14,GB,6,8,1,1,107.0034,0.9580280059040582
6,14,GB,6,8,1,1,108.0105,0.9602727771568045
6,14,GB,6,8,1,1,109.0032,0.9602727771568045
6,14,GB,6,8,1,1,110.0085,0.9684867671316667
6,14,GB,6,8,1,1,111.0039,0.9559295376038566
6,14,GB,6,8,1,1,112.0084,0.9615241712705408
6,14,GB,6,8,1,1,113.0033,0.9767465543594415
6,14,GB,6,8,1,1,114.0078,0.954868558716196
6,14,GB,6,8,1,1,115.0025,0.9623552037873506
6,14,GB,6,8,1,1,116.0068,0.9712606258414643
6,14,GB,6,8,1,1,117.013,0.9789030039115099
6,14,GB,6,8,1,1,118.0074,0.9789030039115099
6,14,GB,6,8,1,1,119.0124,0.977210423635997
6,14,GB,6,8,1,1,120.0065,0.9789030039115099
6,14,GB,6,8,1,1,121.0116,0.9785191600832979
6,14,GB,6,8,1,1,122.0045,0.9790979498164659
6,14,GB,6,8,1,1,123.0113,0.973574319704401
6,14,GB,6,8,1,1,124.0041,0.9733561366514749
6,14,GB,6,8,1,1,125.0098,0.9733561366514749
6,14,GB,6,8,1,1,126.0048,0.9671611442326028
6,14,GB,6,8,1,1,127.0095,0.965524666620821
6,14,GB,6,8,1,1,128.0036,0.9658357799710302
6,14,GB,6,8,1,1,129.009,0.9608751064420153
6,14,GB,6,8,1,1,130.0039,0.961890599560747
6,14,GB,6,8,1,1,131.0088,0.961890599560747
6,14,GB,6,8,1,1,132.0122,0.961890599560747
6,14,GB,6,8,1,1,133.0076,0.961890599560747
6,14,GB,6,8,1,1,134.0139,0.961890599560747
6,14,GB,6,8,1,1,135.0082,0.961890599560747
6,14,GB,6,8,1,1,136.0131,0.9571051190162517
6,14,GB,6,8,1,1,137.0078,0.961890599560747
6,14,GB,6,8,1,1,138.013,0.9602301488440117
6,14,GB,6,8,1,1,139.0039,0.9670163903766646
6,14,GB,6,8,1,1,140.0123,0.9644048416936674
6,14,GB,6,8,1,1,141.0059,0.9670163903766646
6,14,GB,6,8,1,1,142.0129,0.9656577542620168
6,14,GB,6,8,1,1,143.0045,0.9652772256899111
6,14,GB,6,8,1,1,144.0114,0.9697999876970991
6,14,GB,6,8,1,1,145.0053,0.9604795443888698
6,14,GB,6,8,1,1,146.01,0.9652398387301175
6,14,GB,6,8,1,1,147.0052,0.9652398387301175
6,14,GB,6,8,1,1,148.0087,0.9724959636185239
6,14,GB,6,8,1,1,149.0129,0.974739357704669
6,14,GB,6,8,1,1,150.0087,0.9733014155584326
6,14,GB,6,8,1,1,151.0138,0.9812914815348832
6,14,GB,6,8,1,1,152.0095,0.9821751310791572
6,14,GB,6,8,1,1,153.0142,0.9750148888069619
6,14,GB,6,8,1,1,154.0081,0.9750148888069619
6,14,GB,6,8,1,1,155.0137,0.9746738899298093
6,14,GB,6,8,1,1,156.0075,0.9725949373580681
6,14,GB,6,8,1,1,157.0126,0.9314595496207554
6,14,GB,6,8,1,1,158.0068,0.9085516200071441
6,14,GB,6,8,1,1,159.0132,0.9614303025623593
6,14,GB,6,8,1,1,160.0063,0.9617354161803894
6,14,GB,6,8,1,1,161.0108,0.9617354161803894
6,14,GB,6,8,1,1,162.006,0.9617354161803894
6,14,GB,6,8,1,1,163.0109,0.9622340703797724
6,14,GB,6,8,1,1,164.0049,0.9640251000506952
6,14,GB,6,8,1,1,165.01,0.9711429699174589
6,14,GB,6,8,1,1,166.0045,0.9734949422156773
6,14,GB,6,8,1,1,167.0095,0.9727746147316279
6,14,GB,6,8,1,1,168.0032,0.9863451626366759
6,14,GB,6,8,1,1,169.0091,0.9847063726853383
6,14,GB,6,8,1,1,170.0035,0.9897765269458334
6,14,GB,6,8,1,1,171.0077,0.9923187097599873
6,14,GB,6,8,1,1,172.0033,0.9898365717838018
6,14,GB,6,8,1,1,173.0079,0.9922151675175712
6,14,GB,6,8,1,1,174.0131,0.9924251433357759
6,14,GB,6,8,1,1,175.0073,0.9925259138300099
6,14,GB,6,8,1,1,176.0123,0.9925259138300099
6,14,GB,6,8,1,1,177.0065,0.99483004242068
6,14,GB,6,8,1,1,178.0104,0.9932127433429472
6,14,GB,6,8,1,1,179.0055,0.9920194958954829
6,14,GB,6,8,1,1,180.0111,0.9935065264755701
6,14,GB,6,8,1,1,181.0053,0.9912766488263022
6,14,GB,6,8,1,1,182.0111,0.9906533393863035
6,14,GB,6,8,1,1,183.0054,0.9935065264755701
6,14,GB,6,8,1,1,184.0106,0.9935065264755701
6,14,GB,6,8,1,1,185.0048,0.9933461531027495
6,14,GB,6,8,1,1,186.01,0.9934347521938698
6,14,GB,6,8,1,1,187.0047,0.9876143397749957
6,14,GB,6,8,1,1,188.0081,0.9891498464818367
6,14,GB,6,8,1,1,189.0033,0.9887439432219112
6,14,GB,6,8,1,1,190.0063,0.9886858718417194
6,14,GB,6,8,1,1,191.0028,0.9959601104846107
6,14,GB,6,8,1,1,192.0089,0.9956865828764149
6,14,GB,6,8,1,1,193.0028,0.9963913449572185
6,14,GB,6,8,1,1,194.0075,0.9974240235953735
6,14,GB,6,8,1,1,195.0103,0.9973268200290896
6,14,GB,6,8,1,1,196.0071,0.9973268200290896
6,14,GB,6,8,1,1,197.013,0.9965859447342247
6,14,GB,6,8,1,1,198.0058,0.9971689640478387
6,14,GB,6,8,1,1,199.0128,0.9974255041473963
6,14,GB,6,8,1,1,200.0057,0.9974263703379305
6,14,GB,6,8,1,1,201.0118,0.9973292550880392
6,14,GB,6,8,1,1,202.0059,0.9922079956402069
6,14,GB,6,8,1,1,203.0114,0.9971343817410648
6,14,GB,6,8,1,1,204.0047,0.997296333481225
6,14,GB,6,8,1,1,205.0115,0.9970875841432131
6,14,GB,6,8,1,1,206.0058,0.9971241186060593
6,14,GB,6,8,1,1,207.0091,0.9971521049149971
6,14,GB,6,8,1,1,208.0048,0.9971845403607604
6,14,GB,6,8,1,1,209.0109,0.9971521049149971
6,14,GB,6,8,1,1,210.0142,0.9976221857869482
6,14,GB,6,8,1,1,211.0105,0.9976476824090549
6,14,GB,6,8,1,1,212.0143,0.9967368708528674
6,14,GB,6,8,1,1,213.0075,0.9968614216706769
6,14,GB,6,8,1,1,214.0034,0.9971660315593264
6,14,GB,6,8,1,1,215.0077,0.9979536190321774
6,14,GB,6,8,1,1,216.0128,0.9979577135213968
6,14,GB,6,8,1,1,217.0073,0.9979577135213968
6,14,GB,6,8,1,1,218.0133,0.9960023496959689
6,14,GB,6,8,1,1,219.0063,0.9961167507294051
6,14,GB,6,8,1,1,220.0116,0.9972145864727174
6,14,GB,6,8,1,1,221.0034,0.9988910088148354
6,14,GB,6,8,1,1,222.0124,0.9988298597528372
6,14,GB,6,8,1,1,223.0052,0.9990678928607802
6,14,GB,6,8,1,1,224.0106,0.9982801101245032
6,14,GB,6,8,1,1,225.0051,0.9984884203968355
6,14,GB,6,8,1,1,226.011,0.9983513523678786
6,14,GB,6,8,1,1,227.0034,0.998486593504732
6,14,GB,6,8,1,1,228.0098,0.9985156666649977
6,14,GB,6,8,1,1,229.0035,0.9984661333012013
6,14,GB,6,8,1,1,230.0087,0.9985193500644195
6,14,GB,6,8,1,1,231.003,0.9948930332816214
6,14,GB,6,8,1,1,232.008,0.9946397350112512
6,14,GB,6,8,1,1,233.0139,0.9949218723752771
6,14,GB,6,8,1,1,234.0074,0.9975461995306185
6,14,GB,6,8,1,1,235.0029,0.9975461995306185
6,14,GB,6,8,1,1,236.0081,0.9986341343099957
6,14,GB,6,8,1,1,237.012,0.9993148449795968
6,14,GB,6,8,1,1,238.0068,0.9992311650131943
6,14,GB,6,8,1,1,239.0122,0.9996190921649422
6,14,GB,6,8,1,1,240.0048,0.9996190921649422
6,14,GB,6,8,1,1,241.0114,0.9994866475391009
6,14,GB,6,8,1,1,242.0057,0.9995522659931355
6,14,GB,6,8,1,1,243.0114,0.9995312857477223
6,14,GB,6,8,1,1,244.005,0.9994747193496581
6,14,GB,6,8,1,1,245.0085,0.9995087481614442
6,14,GB,6,8,1,1,246.0043,0.9995087481614442
6,14,GB,6,8,1,1,247.0102,0.999066378523902
6,14,GB,6,8,1,1,248.0034,0.9991032918132497
6,14,GB,6,8,1,1,249.0086,0.9990536129060041
6,14,GB,6,8,1,1,250.012,0.9990694796080435
6,14,GB,6,8,1,1,251.0087,0.999031175777783
6,14,GB,6,8,1,1,252.0134,0.9989626120808087
6,14,GB,6,8,1,1,253.0077,0.9989915936570253
6,14,GB,6,8,1,1,254.0119,0.9985291903109674
6,14,GB,6,8,1,1,255.0081,0.998489989841332
6,14,GB,6,8,1,1,256.0134,0.9985159318700795
6,14,GB,6,8,1,1,257.007,0.9985379962813893
6,14,GB,6,8,1,1,258.0121,0.9985608272749416
6,14,GB,6,8,1,1,259.007,0.9987060637714549
6,14,GB,6,8,1,1,260.0117,0.9991709901511123
6,14,GB,6,8,1,1,261.005,0.9994016934297623
6,14,GB,6,8,1,1,262.0108,0.9994328528859432
6,14,GB,6,8,1,1,263.0057,0.9994328528859432
6,14,GB,6,8,1,1,264.01,0.9994309030567902
6,14,GB,6,8,1,1,265.0052,0.9994325726776734
6,14,GB,6,8,1,1,266.0104,0.9994325726776734
6,14,GB,6,8,1,1,267.0128,0.9994501439846467
6,14,GB,6,8,1,1,268.0097,0.9994501439846467
6,14,GB,6,8,1,1,269.0036,0.9994501439846467
6,14,GB,6,8,1,1,270.0091,0.9994545891530962
6,14,GB,6,8,1,1,271.014,0.9994829952560348
6,14,GB,6,8,1,1,272.0055,0.9993594275729579
6,14,GB,6,8,1,1,273.0126,0.9994156478087198
6,14,GB,6,8,1,1,274.0073,0.9995481411137114
6,14,GB,6,8,1,1,275.0133,0.9995481411137114
6,14,GB,6,8,1,1,276.007,0.9995541948888911
6,14,GB,6,8,1,1,277.0134,0.9995541948888911
6,14,GB,6,8,1,1,278.0072,0.9995017931839918
6,14,GB,6,8,1,1,279.0129,0.999494180028628
6,14,GB,6,8,1,1,280.0068,0.999494180028628
6,14,GB,6,8,1,1,281.011,0.999494180028628
6,14,GB,6,8,1,1,282.0045,0.999492691591667
6,14,GB,6,8,1,1,283.0108,0.9996805119920974
6,14,GB,6,8,1,1,284.0054,0.9996805119920974
6,14,GB,6,8,1,1,285.0088,0.9996805119920974
6,14,GB,6,8,1,1,286.004,0.9996805119920974
6,14,GB,6,8,1,1,287.0099,0.9996805119920974
6,14,GB,6,8,1,1,288.0023,0.9996805119920974
6,14,GB,6,8,1,1,289.0085,0.9996838184769743
6,14,GB,6,8,1,1,290.0032,0.9996631790874423
6,14,GB,6,8,1,1,291.007,0.9996586047490801
6,14,GB,6,8,1,1,292.003,0.9996345048510507
6,14,GB,6,8,1,1,293.0081,0.9997049997241234
6,14,GB,6,8,1,1,294.0127,0.9997049997241234
6,14,GB,6,8,1,1,295.0076,0.999666607765817
6,14,GB,6,8,1,1,296.0129,0.999666607765817
6,14,GB,6,8,1,1,297.0052,0.9997186377221188
6,14,GB,6,8,1,1,298.0126,0.9997180512531938
6,14,GB,6,8,1,1,299.0057,0.9996848345506518
6,14,GB,6,8,1,1,300.0108,0.9996753087570842
6,14,GB,6,8,1,1,301.005,0.9997348166991542
6,14,GB,14,20,0,0,0.0,0.0008365273339486662
6,14,GB,14,20,0,0,0.6838388,0.0009732087536437411
6,14,GB,14,20,0,0,1.996385,0.0009054012423160292
6,14,GB,14,20,0,0,2.997726,0.0009054012423160292
6,14,GB,14,20,0,0,3.999298,0.0009054012423160292
6,14,GB,14,20,0,0,4.999687,0.0009857941811625328
6,14,GB,14,20,0,0,6.000605,0.0010497538817687288
6,14,GB,14,20,1,3,7.000906,0.0011004253430154213
6,14,GB,14,20,1,3,8.001806,0.0011139023221759393
6,14,GB,14,20,1,3,9.001246,0.0011139023221759393
6,14,GB,14,20,1,3,10.00166,0.0011139023221759393
6,14,GB,14,20,1,3,11.0016,0.0011139023221759393
6,14,GB,14,20,0,0,12.00146,0.0011139023221759393
6,14,GB,14,20,0,0,13.00144,0.0011139023221759393
6,14,GB,14,20,0,0,14.00173,0.0008116944966101206
6,14,GB,14,20,0,0,15.00065,0.0007271184950112312
6,14,GB,14,20,0,0,16.00011,0.0007743079647421381
6,14,GB,14,20,0,0,17.00224,0.004056112923833787
6,14,GB,14,20,0,0,18.00202,0.0053578565036540154
6,14,GB,14,20,0,0,19.00236,0.00335008723162796
6,14,GB,14,20,0,0,20.00108,0.004014443916950038
6,14,GB,14,20,0,0,21.00156,0.0034151778589206773
6,14,GB,14,20,0,0,22.00247,0.003258266293411556
6,14,GB,14,20,0,0,23.00267,0.0032735006284278444
6,14,GB,14,20,0,0,24.00306,0.004904971580702835
6,14,GB,14,21,0,0,0.0111566,0.00014643760677848696
6,14,GB,14,21,0,0,1.008044,9.022801352904753e-05
6,14,GB,14,21,0,0,2.008584,9.618251752752014e-05
6,14,GB,14,21,0,0,3.009267,9.96564346190728e-05
6,14,GB,14,21,0,0,4.010024,9.318081583195467e-05
6,14,GB,14,21,0,0,5.011356,0.00010869932593038676
6,14,GB,14,21,0,0,6.011967,0.00010869932593038676
6,14,GB,14,21,0,0,7.012537,0.00010869932593038676
6,14,GB,14,21,0,0,8.01291,0.00033027691287458366
6,14,GB,14,21,0,0,9.01293,0.00030516471640854145
6,14,GB,14,21,0,0,10.01203,0.0005089602456218685
6,14,GB,14,21,0,0,11.01296,0.0003467138131954825
6,14,GB,14,21,0,0,12.01133,0.0003206747163730987
6,14,GB,14,21,0,0,13.01141,0.0003646490123042329
6,14,GB,14,21,0,0,14.01271,0.0003691655217033723
6,14,GB,14,21,0,0,15.01378,0.000560986196791547
6,14,GB,14,21,0,0,16.01327,0.0010447734973901394
6,14,GB,14,21,0,0,17.00288,0.0020246254707476656
6,14,GB,14,21,0,0,18.0029,0.0023786578127025023
6,14,GB,14,21,0,0,19.00287,0.0003994350423981601
6,14,GB,14,21,0,0,20.00299,0.0003335451311389425
6,14,GB,14,21,0,0,21.00261,0.0003581176925394726
6,14,GB,14,21,0,0,22.01272,0.00035679260542513085
6,14,GB,14,21,0,0,23.01328,0.00040535045674942573
6,14,GB,14,21,0,0,24.01357,0.0002875314350609434
6,14,GB,14,21,0,0,25.0139,0.00040985357896738695
6,14,GB,14,21,0,0,26.01383,0.000582884270904682
6,14,GB,14,21,0,0,27.01273,0.0005632023251860008
6,14,GB,14,21,0,0,28.01382,0.0006033165178932889
6,14,GB,14,21,0,0,29.01269,0.000651834311343393
6,14,GB,14,21,0,0,30.01339,0.0006299367631077186
6,14,GB,14,21,0,0,31.01192,0.0012036149067879537
6,14,GB,14,21,0,0,32.01183,0.0010980987741374573
6,14,GB,14,21,0,0,33.00271,0.000702748133226491
6,14,GB,14,21,0,0,34.01265,0.0036075004234391752
6,14,GB,14,21,0,0,35.01145,0.003464119644802322
6,14,GB,14,21,0,0,36.01286,0.004053931536073284
6,14,GB,14,21,0,0,37.01249,0.002983234943169176
6,14,GB,14,21,0,0,38.01188,0.002431114657615447
6,14,GB,14,21,0,0,39.01241,0.001997779633653811
6,14,GB,14,21,0,0,40.01308,0.002007271143754782
6,14,GB,14,21,0,0,41.01354,0.002185157113228127
6,14,GB,14,21,0,0,42.01328,0.0021297187628203707
6,14,GB,14,21,0,0,43.01295,0.010847016667473109
6,14,GB,14,21,0,0,44.00275,0.03513840857456046
6,14,GB,14,21,0,0,45.00262,0.03719057914613726
6,14,GB,14,21,0,0,46.01408,0.02270794041032909
6,14,GB,14,21,0,0,47.01381,0.02073350540000544
6,14,GB,14,21,0,0,48.0031,0.02073350540000544
6,14,GB,14,21,0,0,49.00273,0.02956338676376471
6,14,GB,14,21,0,0,50.01266,0.03483043401820941
6,14,GB,14,21,0,0,51.0137,0.034359881785110714
6,14,GB,14,21,0,0,52.01368,0.03479776172573866
6,14,GB,14,21,0,0,53.01442,0.035297178598270605
6,14,GB,14,21,0,0,54.00314,0.037294768113651906
6,14,GB,14,21,0,0,55.00397,0.03814891003463802
6,14,GB,14,21,0,0,56.00494,0.03217711861821371
6,14,GB,14,21,0,0,57.00359,0.03622974911862463
6,14,GB,14,21,0,0,58.00418,0.04618615361073756
6,14,GB,14,21,0,0,59.0043,0.061803767557644905
6,14,GB,14,21,0,0,60.00469,0.07582118171820049
6,14,GB,14,21,0,0,61.00396,0.0757675016399499
6,14,GB,14,21,0,0,62.00404,0.03013856203439551
6,14,GB,14,21,0,0,63.0042,0.013881697009466471
6,14,GB,14,21,0,0,64.00417,0.0021279789427353754
6,14,GB,14,21,0,0,65.00488,0.0020855971334867163
6,14,GB,14,21,0,0,66.00522,0.0023125492224821435
6,14,GB,14,21,0,0,67.00533,0.003030541355023762
6,14,GB,14,21,0,0,68.0047,0.0030110198765334064
6,14,GB,14,21,0,0,69.00309,0.003256683154994103
6,14,GB,14,21,0,0,70.00442,0.003527092583003569
6,14,GB,14,21,0,0,71.00477,0.006381539296232077
6,14,GB,14,21,0,0,72.00478,0.008646852373032579
6,14,GB,14,21,0,0,73.00455,0.01083790084088314
6,14,GB,14,21,0,0,74.00511,0.011724934062905744
6,14,GB,14,21,0,0,75.00506,0.00823493302216082
6,14,GB,14,21,0,0,76.00513,0.005881432208085511
6,14,GB,14,21,0,0,77.00486,0.004813610107434506
6,14,GB,14,21,0,0,78.00437,0.004477336311619478
6,14,GB,14,21,0,0,79.00454,0.052911274532231586
6,14,GB,14,21,0,0,80.00353,0.05124396586071928
6,14,GB,14,21,0,0,81.00387,0.0137918756758386
6,14,GB,14,21,0,0,82.00471,0.012750488391866733
6,14,GB,14,21,0,0,83.00375,0.012724641496961042
6,14,GB,14,21,0,0,84.00348,0.023592956561700733
6,14,GB,14,21,0,0,85.00488,0.012888433216588481
6,14,GB,14,21,0,0,86.00269,0.008475563840131147
6,14,GB,14,21,0,0,87.00475,0.003259075129450057
6,14,GB,14,21,0,0,88.00514,0.00389847007075758
6,14,GB,14,21,0,0,89.00536,0.006059317544689398
6,14,GB,14,21,0,0,90.00529,0.0068602712649213325
6,14,GB,14,21,0,0,91.00585,0.0063696938473019465
6,14,GB,14,21,0,0,92.00555,0.013569045798336902
6,14,GB,14,21,0,0,93.00659,0.01586508800013341
6,14,GB,14,21,0,0,94.00609,0.01823264493047315
6,14,GB,14,21,0,0,95.00773,0.014662608366655786
6,14,GB,14,21,0,0,96.00613,0.013407063820986618
6,14,GB,14,21,0,0,97.00587,0.05616106214661642
6,14,GB,14,21,0,0,98.00389,0.035747656138227786
6,14,GB,14,21,0,0,99.00591,0.10717231408606356
6,14,GB,14,21,0,0,100.0061,0.1594608580524399
6,14,GB,14,21,0,0,101.0077,0.15934886589161715
6,14,GB,14,21,0,0,102.0086,0.15805960173382758
6,14,GB,14,21,0,0,103.0074,0.1562762817926917
6,14,GB,14,21,0,0,104.0066,0.16101318712647555
6,14,GB,14,21,0,0,105.0075,0.1756163819239325
6,14,GB,14,21,0,0,106.0072,0.2257877373658864
6,14,GB,14,21,0,0,107.0075,0.20400256139044864
6,14,GB,14,21,0,0,108.0076,0.22203713387722504
6,14,GB,14,21,0,0,109.0074,0.22715488297526057
6,14,GB,14,21,0,0,110.0079,0.7299546614817735
6,14,GB,14,21,0,0,111.0082,0.9215170294612016
6,14,GB,14,21,0,0,112.0079,0.920043861217936
6,14,GB,14,21,0,0,113.0091,0.9302132166279186
6,14,GB,14,21,0,0,114.0081,0.9312393169192857
6,14,GB,14,21,0,0,115.0096,0.9461152397363755
6,14,GB,14,21,0,0,116.0084,0.9405405254657775
6,14,GB,14,21,0,0,117.0071,0.9202144715477225
6,14,GB,14,21,0,0,118.0075,0.8774780472233341
6,14,GB,14,21,0,0,119.0076,0.8218244828229319
6,14,GB,14,21,0,0,120.0074,0.843495583485878
6,14,GB,14,21,0,0,121.0079,0.8016881739915818
6,14,GB,14,21,0,0,122.008,0.8079568191521671
6,14,GB,14,21,0,0,123.0081,0.7498064632287312
6,14,GB,14,21,0,0,124.0075,0.7393285021656979
6,14,GB,14,21,0,0,125.0076,0.7561936979474101
6,14,GB,14,21,0,0,126.0077,0.7442054184705228
6,14,GB,14,21,0,0,127.0081,0.6625420845304824
6,14,GB,14,21,0,0,128.009,0.4160773288354139
6,14,GB,14,21,0,0,129.0099,0.4538295697294807
6,14,GB,14,21,0,0,130.0087,0.15922385152880716
6,14,GB,14,21,0,0,131.0082,0.14194064539224485
6,14,GB,14,21,0,0,132.0084,0.16098314732899197
6,14,GB,14,21,0,0,133.0092,0.1191315471777093
6,14,GB,14,21,0,0,134.0093,0.09544283617544055
6,14,GB,14,21,0,0,135.0094,0.09771397568613399
6,14,GB,14,21,0,0,136.0092,0.07228228745124106
6,14,GB,14,21,0,0,137.0081,0.07228228745124106
6,14,GB,14,21,0,0,138.0091,0.08174815656852356
6,14,GB,14,21,0,0,139.0077,0.0964013610630559
6,14,GB,14,21,0,0,140.009,0.10487638494404089
6,14,GB,14,21,0,0,141.0088,0.1082423871090906
6,14,GB,14,21,0,0,142.0087,0.07581480101263487
6,14,GB,14,21,0,0,143.0098,0.09790220074264902
6,14,GB,14,21,0,0,144.0079,0.07990415028149017
6,14,GB,14,21,0,0,145.009,0.07990415028149017
6,14,GB,14,21,0,0,146.0096,0.07196434090133853
6,14,GB,14,21,0,0,147.0088,0.06831051919918694
6,14,GB,14,21,0,0,148.0108,0.040668979642329954
6,14,GB,14,21,0,0,149.0104,0.03672657213460287
6,14,GB,14,21,0,0,150.0094,0.03951559928238487
6,14,GB,14,21,0,0,151.0105,0.014755620006605574
6,14,GB,14,21,0,0,152.0103,0.016393607857310404
6,14,GB,14,21,0,0,153.0096,0.012728061772830035
6,14,GB,14,21,0,0,154.0102,0.009816471398323794
6,14,GB,14,21,0,0,155.0106,0.01981475430058491
6,14,GB,14,21,0,0,156.011,0.018823001169809592
6,14,GB,14,21,0,0,157.011,0.018796529646479994
6,14,GB,14,21,0,0,158.0114,0.019356549356910557
6,14,GB,14,21,0,0,159.0111,0.022262332550843342
6,14,GB,14,21,0,0,160.0118,0.022570222958211206
6,14,GB,14,21,0,0,161.0123,0.0205980512900787
6,14,GB,14,21,0,0,162.0113,0.02081329626920346
6,14,GB,14,21,0,0,163.0103,0.024549586915858422
6,14,GB,14,21,0,0,164.0104,0.024160146335552083
6,14,GB,14,21,0,0,165.0097,0.024160146335552083
6,14,GB,14,21,0,0,166.0093,0.01788174633779936
6,14,GB,14,21,0,0,167.0115,0.019139138768984317
6,14,GB,14,21,0,0,168.0111,0.017564358403381036
6,14,GB,14,21,0,0,169.0128,0.014061834427951166
6,14,GB,14,21,0,0,170.0104,0.021107886694581166
6,14,GB,14,21,0,0,171.012,0.03221266735941636
6,14,GB,14,21,0,0,172.0118,0.022608717419254836
6,14,GB,14,21,0,0,173.0113,0.024173759780605604
6,14,GB,14,21,0,0,174.013,0.027114971928254326
6,14,GB,14,21,0,0,175.0134,0.024291399993086826
6,14,GB,14,21,0,0,176.0137,0.031094924933676084
6,14,GB,14,21,0,0,177.0136,0.03765264821924021
6,14,GB,14,21,0,0,178.0129,0.037897174424384984
6,14,GB,14,21,0,0,179.013,0.04570720883135756
6,14,GB,14,21,0,0,180.0129,0.0350630222603989
6,14,GB,14,21,0,0,181.0128,0.19750885944453414
6,14,GB,14,21,0,0,182.0122,0.2073520246630269
6,14,GB,14,21,0,0,183.0139,0.20184198494452305
6,14,GB,14,21,0,0,184.0133,0.2719587313655043
6,14,GB,14,21,0,0,185.0027,0.8401193136637769
6,14,GB,14,21,0,0,186.0117,0.8860019459637107
6,14,GB,14,21,0,0,187.0128,0.9006280370362877
6,14,GB,14,21,0,0,188.0118,0.8793624691943338
6,14,GB,14,21,0,0,189.0127,0.8278485660357606
6,14,GB,14,21,0,0,190.0121,0.7946672393260592
6,14,GB,14,21,0,0,191.0132,0.8517618269069787
6,14,GB,14,21,0,0,192.0134,0.852789720494444
6,14,GB,14,21,0,0,193.013,0.852789720494444
6,14,GB,14,21,0,0,194.0139,0.8360993546282391
6,14,GB,14,21,0,0,195.0132,0.8558489369034239
6,14,GB,14,21,0,0,196.0029,0.8457159938455513
6,14,GB,14,21,0,0,197.0136,0.8165426725451563
6,14,GB,14,21,0,0,198.0126,0.8114264076724427
6,14,GB,14,21,0,0,199.0025,0.8265239428593969
6,14,GB,14,21,0,0,200.0141,0.8127171921815561
6,14,GB,14,21,0,0,201.0126,0.5968026526898415
6,14,GB,14,21,0,0,202.0122,0.6343866087734857
6,14,GB,14,21,0,0,203.0119,0.6552376276577933
6,14,GB,14,21,0,0,204.0137,0.597315879981322
6,14,GB,14,21,0,0,205.0121,0.5888557331158026
6,14,GB,14,21,0,0,206.0025,0.6071124063429063
6,14,GB,14,21,0,0,207.013,0.7088562245705702
6,14,GB,14,21,0,0,208.0023,0.6412500337453962
6,14,GB,14,21,0,0,209.012,0.844467983495887
6,14,GB,14,21,0,0,210.0123,0.8924139489549529
6,14,GB,14,21,0,0,211.0026,0.9010133329671024
6,14,GB,14,21,0,0,212.0024,0.984079126903585
6,14,GB,14,21,0,0,213.0128,0.9830169389178146
6,14,GB,14,21,0,0,214.0122,0.9837159252983186
6,14,GB,14,21,0,0,215.012,0.9841954678068315
6,14,GB,14,21,0,0,216.0024,0.9850326390718287
6,14,GB,14,21,0,0,217.0024,0.9814331857340713
6,14,GB,14,21,0,0,218.0024,0.9895839071512581
6,14,GB,14,21,0,0,219.0037,0.9885559672513049
6,14,GB,14,21,0,0,220.0035,0.9879343276339595
6,14,GB,14,21,0,0,221.0034,0.9883005889050537
6,14,GB,14,21,0,0,222.0034,0.9883005889050537
6,14,GB,14,21,0,0,223.0045,0.986339096097593
6,14,GB,14,21,0,0,224.0039,0.9840331581201366
6,14,GB,14,21,0,0,225.0049,0.9855972976862293
6,14,GB,14,21,0,0,226.0045,0.9862227837151533
6,14,GB,14,21,0,0,227.003,0.9853610075319584
6,14,GB,14,21,0,0,228.0028,0.9845839201629917
6,14,GB,14,21,0,0,229.0032,0.9634798303991194
6,14,GB,14,21,0,0,230.0022,0.9839529446822823
6,14,GB,14,21,0,0,231.0033,0.9719307683504141
6,14,GB,14,21,0,0,232.0036,0.9719307683504141
6,14,GB,14,21,0,0,233.0042,0.9405606430541774
6,14,GB,14,21,0,0,234.0034,0.9177332542900751
6,14,GB,14,21,0,0,235.0032,0.950041596509318
6,14,GB,14,21,0,0,236.0034,0.950041596509318
6,14,GB,14,21,0,0,237.003,0.9484160940190677
6,14,GB,14,21,0,0,238.004,0.9499052683213978
6,14,GB,14,21,0,0,239.0049,0.9499052683213978
6,14,GB,14,21,0,0,240.0044,0.9506919152149773
6,14,GB,14,21,0,0,241.0053,0.9557373274294932
6,14,GB,14,21,0,0,242.0053,0.9396538115096382
6,14,GB,14,21,0,0,243.0063,0.9598992919290769
6,14,GB,14,21,0,0,244.0049,0.9438535041532562
6,14,GB,14,21,0,0,245.0067,0.9759784422804721
6,14,GB,14,21,0,0,246.007,0.9887999204645123
6,14,GB,14,21,0,0,247.008,0.9928619686948097
6,14,GB,14,21,0,0,248.0067,0.990837868817621
6,14,GB,14,21,0,0,249.0064,0.9905785520866853
6,14,GB,14,21,0,0,250.0057,0.9862828175078352
6,14,GB,14,21,0,0,251.0063,0.9937054776195661
6,14,GB,14,21,0,0,252.0063,0.9937054776195661
6,14,GB,14,21,0,0,253.006,0.9925346030117392
6,14,GB,14,21,0,0,254.0054,0.9912559589652945
6,14,GB,14,21,0,0,255.0051,0.9914721276678468
6,14,GB,14,21,0,0,256.0062,0.9920241230156005
6,14,GB,14,21,0,0,257.0051,0.9939946076284076
6,14,GB,14,21,0,0,258.0047,0.9945390488408233
6,14,GB,14,21,0,0,259.0055,0.9924899966349162
6,14,GB,14,21,0,0,260.0052,0.9972367641064283
6,14,GB,14,21,0,0,261.0052,0.9970893861891341
6,14,GB,14,21,0,0,262.006,0.9972978256966633
6,14,GB,14,21,0,0,263.0056,0.9966577762351111
6,14,GB,14,21,0,0,264.0062,0.9956120101739642
6,14,GB,14,21,0,0,265.0059,0.9970182241046284
6,14,GB,14,21,0,0,266.0063,0.9972065048259616
6,14,GB,14,21,0,0,267.0061,0.9968648393039691
6,14,GB,14,21,0,0,268.0059,0.9969698841631618
6,14,GB,14,21,0,0,269.0059,0.9968635508071986
6,14,GB,14,21,0,0,270.006,0.9967674278883255
6,14,GB,14,21,0,0,271.006,0.9954574403249614
6,14,GB,14,21,0,0,272.006,0.9976626484585078
6,14,GB,14,21,0,0,273.0071,0.9985294976720553
6,14,GB,14,21,0,0,274.0065,0.9977472816912257
6,14,GB,14,21,0,0,275.0058,0.9984895343969502
6,14,GB,14,21,0,0,276.0055,0.9980432175721656
6,14,GB,14,21,0,0,277.0069,0.9982762033686713
6,14,GB,14,21,0,0,278.0059,0.9983116757695807
6,14,GB,14,21,0,0,279.006,0.9982783381782252
6,14,GB,14,21,0,0,280.0074,0.9982997408777692
6,14,GB,14,21,0,0,281.0076,0.9970166164632153
6,14,GB,14,21,0,0,282.0067,0.9978742070610227
6,14,GB,14,21,0,0,283.0073,0.9959189612845963
6,14,GB,14,21,0,0,284.0067,0.9961768166871368
6,14,GB,14,21,0,0,285.0068,0.994284003446406
6,14,GB,14,21,0,0,286.007,0.9983621274247396
6,14,GB,14,21,0,0,287.0069,0.9991321730464708
6,14,GB,14,21,0,0,288.007,0.9983521145479514
6,14,GB,14,21,0,0,289.0068,0.9983620118681846
6,14,GB,14,21,0,0,290.0067,0.9972739965859756
6,14,GB,14,21,0,0,291.0067,0.998283527214969
6,14,GB,14,21,0,0,292.007,0.9951121774372969
6,14,GB,14,21,0,0,293.0064,0.9973092836148546
6,14,GB,14,21,1,3,294.0073,0.9976731792248554
6,14,GB,14,21,1,3,295.0069,0.9976774249102881
6,14,GB,14,21,1,3,296.0074,0.9963163609103357
6,14,GB,14,21,1,3,297.0061,0.9974539720711757
6,14,GB,14,21,1,3,298.008,0.9972886095732397
6,14,GB,14,21,1,3,299.0076,0.9973105041675543
6,14,GB,14,21,1,3,300.0077,0.9972937274343231
6,14,GB,14,21,1,3,301.0084,0.9845987022647597
6,14,GB,14,23,0,0,0.0,0.0001649509942425645
6,14,GB,14,23,0,0,0.9982342,0.00015662031117855287
6,14,GB,14,23,0,0,2.000526,0.0001304664980660725
6,14,GB,14,23,0,0,3.000793,0.00015599130914076192
6,14,GB,14,23,0,0,3.999719,5.494489188812427e-05
6,14,GB,14,23,0,0,5.000658,5.494489188812427e-05
6,14,GB,14,23,0,0,6.000513,0.00012122527922083927
6,14,GB,14,23,0,0,7.001402,0.0001916680276017992
6,14,GB,14,23,0,0,8.002209,6.979449774262067e-05
6,14,GB,14,23,0,0,9.001521,0.00010395974291088216
6,14,GB,14,23,0,0,10.00158,0.000124288169997643
6,14,GB,14,23,0,0,11.00055,0.000124288169997643
6,14,GB,14,23,0,0,12.00204,0.00012680238074087608
6,14,GB,14,23,0,0,13.00199,0.0001422513065342309
6,14,GB,14,23,0,0,14.0019,0.000160351323761783
6,14,GB,14,23,0,0,15.00248,0.00014082858237298454
6,14,GB,14,23,0,0,16.00356,0.00014593499458772984
6,14,GB,14,23,0,0,16.99234,0.0003407182287269138
6,14,GB,14,23,0,0,18.00213,0.000547564099564553
6,14,GB,14,23,0,0,19.00258,0.0026426243823249843
6,14,GB,14,23,0,0,20.00245,0.0025426965367552593
6,14,GB,14,23,0,0,21.00214,0.002217477128485462
6,14,GB,14,23,0,0,22.00294,0.0018359064127856746
6,14,GB,14,23,0,0,23.00375,0.002059597582029311
6,14,GB,14,23,0,0,23.99251,0.0012507890143163228
6,14,GB,14,23,0,0,24.99268,0.000722455916263653
6,14,GB,14,23,0,0,25.99331,0.0006521933068267994
6,14,GB,14,23,1,1,26.99233,0.0019689096750689083
6,14,GB,14,23,1,1,27.99275,0.002181252440832057
6,14,GB,14,23,1,1,29.00434,0.0024410119820848734
6,14,GB,14,23,1,1,29.99229,0.0032682959091037394
6,14,GB,14,23,1,1,30.99279,0.003136095384783701
6,14,GB,14,23,1,1,31.99316,0.0008660097311793124
6,14,GB,14,23,1,1,33.00367,0.0008085662547285965
6,14,GB,14,23,1,1,33.99289,0.0008877807791855615
6,14,GB,14,23,1,1,34.99303,0.0010092562477085577
6,14,GB,14,23,1,1,35.99273,0.0012952361759369603
6,14,GB,14,23,1,1,36.99239,0.001268218726281177
6,14,GB,14,23,1,1,37.99338,0.0006181397592141755
6,14,GB,14,23,1,1,38.99241,0.0004763720069359274
6,14,GB,14,23,1,1,39.99234,0.0003401337668973416
6,14,GB,14,23,1,1,40.99243,0.0006123651039546216
6,14,GB,14,23,1,1,41.99356,0.0005653169527885639
6,14,GB,14,23,1,1,42.99372,0.0010601475936423892
6,14,GB,14,23,1,1,43.99422,0.0008802359048635765
6,14,GB,14,23,1,1,44.99426,0.0007335889578677575
6,14,GB,14,23,1,1,45.99385,0.0007537259363901579
6,14,GB,14,23,1,1,46.99342,0.0008649046621213723
6,14,GB,14,23,1,1,47.99352,0.0008268444962373331
6,14,GB,14,23,1,1,48.99342,0.0009155706383320321
6,14,GB,14,23,1,1,49.99279,0.0009910144335311016
6,14,GB,14,23,1,1,50.99308,0.0008338891882464915
6,14,GB,14,23,1,1,51.99316,0.0011046315459532295
6,14,GB,14,23,1,1,52.99363,0.0008987478250895487
6,14,GB,14,23,1,1,53.99338,0.0008803026099722031
6,14,GB,14,23,1,1,54.99331,0.0009187349202534532
6,14,GB,14,23,1,1,55.99312,0.0015842303456298497
6,14,GB,14,23,1,1,56.99214,0.0015626365549868898
6,14,GB,14,23,1,1,58.00339,0.0023290907068509586
6,14,GB,14,23,1,1,58.99253,0.0047179677581957865
6,14,GB,14,23,1,1,59.99322,0.0061460029682477435
6,14,GB,14,23,1,1,60.99241,0.015486218557024435
6,14,GB,14,23,1,1,62.00363,0.01854475992406827
6,14,GB,14,23,1,1,62.99332,0.028006700322035737
6,14,GB,14,23,1,1,63.99334,0.01422256182924484
6,14,GB,14,23,1,1,64.9931,0.017590668163200995
6,14,GB,14,23,1,1,65.99414,0.020853449561363865
6,14,GB,14,23,1,1,66.99364,0.019599173267531512
6,14,GB,14,23,1,1,67.99326,0.01248912332563306
6,14,GB,14,23,1,1,68.99331,0.01051341904945564
6,14,GB,14,23,1,1,69.99294,0.016023755480224857
6,14,GB,14,23,1,1,70.99304,0.009736261789108252
6,14,GB,14,23,1,1,71.99434,0.0033301404731760254
6,14,GB,14,23,1,1,72.99424,0.0032571970285024433
6,14,GB,14,23,1,1,73.99388,0.0037735598690868074
6,14,GB,14,23,1,1,74.9944,0.0030844054420889415
6,14,GB,14,23,1,1,75.99446,0.0020812501730072958
6,14,GB,14,23,1,1,76.99354,0.0019598391450618567
6,14,GB,14,23,1,1,77.99458,0.002104529895445362
6,14,GB,14,23,1,1,78.99346,0.0005864439628407251
6,14,GB,14,23,1,1,79.99506,0.0005148759894250078
6,14,GB,14,23,1,1,80.99474,0.0005055389761572918
6,14,GB,14,23,1,1,81.99532,0.00047204478651317265
6,14,GB,14,23,1,1,82.99506,0.00047447695098908234
6,14,GB,14,23,1,1,83.99451,0.0002930458565921357
6,14,GB,14,23,1,1,84.99424,0.0004902176294466112
6,14,GB,14,23,1,1,85.99445,0.00045690312684038237
6,14,GB,14,23,1,1,86.99361,0.0005295761290570629
6,14,GB,14,23,1,1,87.99483,0.00040043384568645403
6,14,GB,14,23,1,1,88.99535,0.0006025398692037282
6,14,GB,14,23,1,1,89.99509,0.0004684627732758939
6,14,GB,14,23,1,1,90.99504,0.0005319303454135994
6,14,GB,14,23,1,1,91.995,0.000551362580441892
6,14,GB,14,23,1,1,92.99534,0.0005710445405428973
6,14,GB,14,23,1,1,93.99495,0.000676203653981338
6,14,GB,14,23,1,1,94.99651,0.0007405891620407229
6,14,GB,14,23,1,1,95.9971,0.0008715163361226196
6,14,GB,14,23,1,1,96.99723,0.0009194322733817597
6,14,GB,14,23,1,1,97.99645,0.0009889721380301178
6,14,GB,14,23,1,1,98.99647,0.0012459250503434667
6,14,GB,14,23,1,1,99.99609,0.001723626547568417
6,14,GB,14,23,1,1,100.9956,0.001844135486601058
6,14,GB,14,23,1,1,101.9969,0.001944284659621676
6,14,GB,14,23,1,1,102.9967,0.0018714842051212413
6,14,GB,14,23,1,1,103.9955,0.0021562852313454736
6,14,GB,14,23,0,0,104.9961,0.0019966234592124397
6,14,GB,14,23,0,0,105.9961,0.0023752337515058255
6,14,GB,14,23,0,0,106.9959,0.03785780803131793
6,14,GB,14,23,0,0,107.9969,0.034623757836940335
6,14,GB,14,23,0,0,108.9957,0.032923628427070105
6,14,GB,14,23,0,0,109.9959,0.02691229409664605
6,14,GB,14,23,0,0,110.9962,0.024329761796963455
6,14,GB,14,23,0,0,111.9973,0.02640064442670417
6,14,GB,14,23,0,0,112.9961,0.0466287285030682
6,14,GB,14,23,0,0,113.9966,0.05604307745221509
6,14,GB,14,23,0,0,114.9973,0.05900809046767165
6,14,GB,14,23,0,0,115.9978,0.064350949416793
6,14,GB,14,23,0,0,116.9979,0.055641874262519854
6,14,GB,14,23,0,0,117.998,0.05303220329883011
6,14,GB,14,23,0,0,118.9974,0.04614368474455647
6,14,GB,14,23,0,0,119.997,0.047742679459208306
6,14,GB,14,23,0,0,120.9973,0.040853408960315946
6,14,GB,14,23,0,0,121.998,0.04051563229137735
6,14,GB,14,23,0,0,122.9987,0.03329346289714399
6,14,GB,14,23,1,1,123.9988,0.03311588954338079
6,14,GB,14,23,1,1,124.9984,0.03665062272156968
6,14,GB,14,23,1,1,125.9981,0.04431652710153509
6,14,GB,14,23,1,1,126.9981,0.045456488054197136
6,14,GB,14,23,1,1,127.9989,0.04896288972941963
6,14,GB,14,23,1,1,128.9993,0.05966073137593609
6,14,GB,14,23,1,1,129.999,0.04495791440757211
6,14,GB,14,23,1,1,130.9996,0.05496701728715022
6,14,GB,14,23,1,1,131.999,0.058814094986801055
6,14,GB,14,23,1,1,132.9998,0.05769749708021625
6,14,GB,14,23,1,1,133.9991,0.05094254457754243
6,14,GB,14,23,1,1,135.0,0.061781721319557434
6,14,GB,14,23,1,1,135.9996,0.05268192766703841
6,14,GB,14,23,1,1,137.0003,0.048517678828204305
6,14,GB,14,23,1,1,137.9992,0.04703074347459556
6,14,GB,14,23,1,1,139.0002,0.04624179195961719
6,14,GB,14,23,1,1,140.0006,0.04624179195961719
6,14,GB,14,23,1,1,141.0006,0.050930980570666494
6,14,GB,14,23,1,1,142.001,0.041815441184499404
6,14,GB,14,23,1,1,143.0011,0.03626737375581268
6,14,GB,14,23,1,1,144.0009,0.04154616453324472
6,14,GB,14,23,1,1,144.9999,0.043237178342552925
6,14,GB,14,23,1,1,146.0004,0.03051638816079726
6,14,GB,14,23,1,1,147.001,0.030492716668585433
6,14,GB,14,23,1,1,148.0006,0.02549100969575996
6,14,GB,14,23,1,1,149.0018,0.02325826775770068
6,14,GB,14,23,1,1,150.0019,0.012200703435992472
6,14,GB,14,23,1,3,151.0009,0.008708067913403676
6,14,GB,14,23,1,3,152.0006,0.01494364707175013
6,14,GB,14,23,1,3,153.0009,0.01494364707175013
6,14,GB,14,23,1,3,154.0014,0.013727841225384084
6,14,GB,14,23,1,3,155.0004,0.014518650365572667
6,14,GB,14,23,1,3,155.9997,0.012246813184140485
6,14,GB,14,23,1,3,156.9989,0.0116251242073807
6,14,GB,14,23,1,3,157.9997,0.013644654588381808
6,14,GB,14,23,1,3,158.9994,0.014275906835109878
6,14,GB,14,23,1,3,159.999,0.016357958052479936
6,14,GB,14,23,1,3,161.0,0.01616104259497871
6,14,GB,14,23,1,3,161.9996,0.01588680717168089
6,14,GB,14,23,1,3,163.0005,0.01659994292931311
6,14,GB,14,23,1,3,163.9998,0.011001411215810197
6,14,GB,14,23,1,3,164.9999,0.01538541186056917
6,14,GB,14,23,1,3,166.0,0.014278978973752353
6,14,GB,14,23,1,3,167.0003,0.003979485858504014
6,14,GB,14,23,1,3,168.0001,0.003922348227193172
6,14,GB,14,23,1,3,169.0021,0.003666498464009807
6,14,GB,14,23,1,3,170.0007,0.0013532878677764886
6,14,GB,14,23,1,3,171.0015,0.0011670705076715672
6,14,GB,14,23,1,3,172.0013,0.00075965978976648
6,14,GB,14,23,1,3,173.0021,0.0008688812955023364
6,14,GB,14,23,1,3,174.0025,0.0010124824190787158
6,14,GB,14,23,1,3,175.0028,0.00100330159127765
6,14,GB,14,23,1,3,175.9926,0.001257364415669906
6,14,GB,14,23,1,3,177.0027,0.0016106970209505786
6,14,GB,14,23,1,3,178.0038,0.002910215314447075
6,14,GB,14,23,1,3,179.0034,0.00236734521542945
6,14,GB,14,23,1,3,180.0034,0.0016101649618085042
6,14,GB,14,23,1,3,180.9927,0.001624529792436235
6,14,GB,14,23,1,3,182.0031,0.0016638300635213477
6,14,GB,14,23,1,3,183.003,0.0018307659410517702
6,14,GB,14,23,1,3,184.0024,0.00247791955308398
6,14,GB,14,23,1,3,185.0018,0.002600916428580326
6,14,GB,14,23,1,3,185.9999,0.002182963462911906
6,14,GB,14,23,1,3,187.0019,0.0012486290487831223
6,14,GB,14,23,1,3,188.0031,0.0012777247003017103
6,14,GB,14,23,1,3,189.0022,0.0012169230271635533
6,14,GB,14,23,1,3,190.0024,0.001034022231503812
6,14,GB,14,23,1,3,191.0039,0.0009043016975250122
6,14,GB,14,23,1,3,192.0037,0.0007574400932345116
6,14,GB,14,23,1,3,193.0038,0.0007574400932345116
6,14,GB,14,23,1,3,194.0028,0.0007960284133124075
6,14,GB,14,23,1,3,194.9935,0.0008173312319377844
6,14,GB,14,23,1,3,195.9927,0.0008315351022703444
6,14,GB,14,23,1,3,197.0033,0.0008832092483018273
6,14,GB,14,23,1,3,198.004,0.0008245948204961565
6,14,GB,14,23,1,3,198.9929,0.0011298576416595369
6,14,GB,14,23,1,3,200.0045,0.0010717308946695244
6,14,GB,14,23,1,3,200.9928,0.0010531004537346698
6,14,GB,14,23,1,3,202.0033,0.0011247196569428705
6,14,GB,14,23,1,3,203.0034,0.0010917670412102236
6,14,GB,14,23,1,3,204.0026,0.0011138299310006104
6,14,GB,14,23,1,3,204.9932,0.0011138299310006104
6,14,GB,14,23,1,3,205.9934,0.000833150053251196
6,14,GB,14,23,1,3,206.994,0.0007829787818643582
6,14,GB,14,23,1,3,207.9929,0.0008160562411591953
6,14,GB,14,23,1,3,208.9937,0.0008713610160564963
6,14,GB,14,23,1,3,209.9931,0.000987000427654735
6,14,GB,14,23,1,3,210.9936,0.0009988756845190944
6,14,GB,14,23,1,3,211.9932,0.0017835531517537936
6,14,GB,14,23,1,3,212.9935,0.0017042788478835215
6,14,GB,14,23,1,3,213.9937,0.001745836434031605
6,14,GB,14,23,1,3,214.9946,0.0016593577555776959
6,14,GB,14,23,1,3,215.9942,0.0015020036951393062
6,14,GB,14,23,1,3,216.9937,0.0013623817987186199
6,14,GB,14,23,1,3,217.9947,0.0013900013524562856
6,14,GB,14,23,1,3,218.9939,0.0020846565638118052
6,14,GB,14,23,1,3,219.9934,0.0021709754203309267
6,14,GB,14,23,1,3,220.994,0.0015827104645871853
6,14,GB,14,23,1,3,221.9946,0.0017509036725459853
6,14,GB,14,23,1,3,222.9935,0.0015510038998423565
6,14,GB,14,23,1,3,223.9935,0.0014523928822674764
6,14,GB,14,23,1,3,224.9933,0.0015323198528247016
6,14,GB,14,23,1,3,226.0038,0.0016663995610227396
6,14,GB,14,23,1,3,226.9932,0.001890501556270314
6,14,GB,14,23,1,3,227.993,0.001890501556270314
6,14,GB,14,23,1,3,228.9936,0.001890501556270314
6,14,GB,14,23,1,3,229.994,0.001670594997591633
6,14,GB,14,23,1,3,230.9936,0.001670594997591633
6,14,GB,14,23,1,3,231.994,0.001467178404816664
6,14,GB,14,23,1,3,232.9937,0.0018329738376359206
6,14,GB,14,23,1,3,233.9941,0.0043748645191282265
6,14,GB,14,23,1,3,234.9933,0.004410507522227053
6,14,GB,14,23,1,3,235.9945,0.004073525983462685
6,14,GB,14,23,1,3,236.9939,0.004453254084773384
6,14,GB,14,23,1,3,237.9933,0.00463811467890128
6,14,GB,14,23,1,3,238.9939,0.004588903724743831
6,14,GB,14,23,1,3,239.9943,0.004638315954798805
6,14,GB,14,23,1,3,240.9942,0.0038185950373663983
6,14,GB,14,23,1,3,241.9942,0.009075184707337631
6,14,GB,14,23,1,3,242.9944,0.009075184707337631
6,14,GB,14,23,1,3,243.9944,0.00834042554389129
6,14,GB,14,23,1,3,244.9943,0.008617513810503949
6,14,GB,14,23,1,3,245.9946,0.008131134183094942
6,14,GB,14,23,1,3,246.9949,0.007472418492753438
6,14,GB,14,23,1,3,247.9954,0.007525644444984514
6,14,GB,14,23,1,3,248.9957,0.007426505007111163
6,14,GB,14,23,1,3,249.9943,0.007187848075569022
6,14,GB,14,23,1,3,250.9944,0.007187848075569022
6,14,GB,14,23,1,3,251.9948,0.007187848075569022
6,14,GB,14,23,1,3,252.9941,0.008012301599545892
6,14,GB,14,23,1,3,253.9945,0.007815509412877031
6,14,GB,14,23,1,3,254.9945,0.007562622278457292
6,14,GB,14,23,1,3,255.995,0.0065047927004158864
6,14,GB,14,23,1,3,256.9954,0.0065047927004158864
6,14,GB,14,23,1,3,257.9954,0.007555716761030095
6,14,GB,14,23,1,3,258.9947,0.007964669807312448
6,14,GB,14,23,1,3,259.9962,0.007964669807312448
6,14,GB,14,23,1,3,260.9958,0.1511810385570536
6,14,GB,14,23,1,3,261.9972,0.1420085960899117
6,14,GB,14,23,1,3,262.998,0.12177394433732476
6,14,GB,14,23,1,3,263.9974,0.12177394433732476
6,14,GB,14,23,1,3,264.9976,0.13456100972599827
6,14,GB,14,23,1,3,265.9971,0.13456100972599827
6,14,GB,14,23,1,3,266.9977,0.5484414626996332
6,14,GB,14,23,1,3,267.9981,0.5489904208357143
6,14,GB,14,23,1,3,268.9977,0.6060642666381771
6,14,GB,14,23,1,3,269.998,0.5486319510204638
6,14,GB,14,23,1,3,270.9981,0.5539133251129117
6,14,GB,14,23,1,3,271.9973,0.5272861938972015
6,14,GB,14,23,1,3,272.9978,0.5731690982708629
6,14,GB,14,23,1,3,273.9975,0.5349023152960926
6,14,GB,14,23,1,3,274.9981,0.17858987192881728
6,14,GB,14,23,1,3,275.9986,0.13587951789399444
6,14,GB,14,23,1,3,276.9987,0.14067136981909514
6,14,GB,14,23,1,3,277.9982,0.00852516571050896
6,14,GB,14,23,1,3,278.9988,0.007789646199076791
6,14,GB,14,23,1,3,279.9991,0.006181988499977949
6,14,GB,14,23,1,3,280.9967,0.006829652741350787
6,14,GB,14,23,1,3,281.9972,0.008107097856295887
6,14,GB,14,23,1,3,282.9969,0.003663014803340987
6,14,GB,14,23,1,3,283.9963,0.0006572053235151211
6,14,GB,14,23,1,3,284.9965,0.0007072766211235477
6,14,GB,14,23,1,3,285.9962,0.0007005549486625074
6,14,GB,14,23,1,3,287.0023,0.3932893658115289
6,14,GB,14,24,0,0,0.0,0.000130366426640502
6,14,GB,14,24,0,0,0.9972577,0.00021572584472446808
6,14,GB,14,24,0,0,1.997322,0.00020395963251472715
6,14,GB,14,24,0,0,2.997987,0.00015316975284075765
6,14,GB,14,24,0,0,3.999626,0.00020444448274887023
6,14,GB,14,24,0,0,4.999724,0.00019747327048863
6,14,GB,14,24,0,0,6.000389,0.00018669223960772306
6,14,GB,14,24,0,0,7.00076,0.00038162095134946193
6,14,GB,14,24,0,0,8.000076,0.0003071347092356541
6,14,GB,14,24,0,0,9.000281,0.00039966338546545743
6,14,GB,14,24,0,0,10.00013,0.0003911252487208845
6,14,GB,14,24,0,0,11.00133,0.0008808939718140956
6,14,GB,14,24,0,0,12.00118,0.0010783553100805155
6,14,GB,14,24,0,0,13.00014,0.0018246375130111586
6,14,GB,14,24,0,0,14.00016,0.002212284107285932
6,14,GB,14,24,0,0,15.00186,0.0027893795101400177
6,14,GB,14,24,0,0,16.00245,0.002867904770950548
6,14,GB,14,24,0,0,17.002,0.001147695365865915
6,14,GB,14,24,0,0,18.00234,0.0077871550790767794
6,14,GB,14,24,0,0,19.00251,0.014902768440418504
6,14,GB,14,24,0,0,20.00308,0.014902768440418504
6,14,GB,14,24,0,0,21.00178,0.014902768440418504
6,14,GB,14,24,0,0,22.00285,0.009928700217555472
6,14,GB,14,24,0,0,23.00216,0.013248431908055856
6,14,GB,14,24,0,0,24.00199,0.013953425290674299
6,14,GB,14,24,0,0,25.00317,0.012798061863239082
6,14,GB,14,24,0,0,26.00204,0.00918520113787458
6,14,GB,14,24,0,0,27.00143,0.008222371568944646
6,14,GB,14,24,0,0,28.00184,0.020678060704796324
6,14,GB,14,24,0,0,29.00246,0.004271130773920416
6,14,GB,14,24,0,0,30.00175,0.018752399688263394
6,14,GB,14,24,0,0,31.00178,0.029907581657467687
6,14,GB,14,24,0,0,32.00206,0.03659182266901498
6,14,GB,14,24,0,0,33.00281,0.03654968853083664
6,14,GB,14,24,0,0,34.00353,0.050944135380755866
6,14,GB,14,24,0,0,35.00357,0.04199905223819694
6,14,GB,14,24,0,0,36.00293,0.04070105223651152
6,14,GB,14,24,0,0,37.00312,0.025701845951985644
6,14,GB,14,24,0,0,38.00257,0.024307126524901298
6,14,GB,14,24,0,0,39.00232,0.04341861928748005
6,14,GB,14,24,0,0,40.00309,0.05502327183436625
6,14,GB,14,24,0,0,41.00271,0.03556376274130412
6,14,GB,14,24,0,0,42.00307,0.04014399250088535
6,14,GB,14,24,0,0,43.00212,0.04851078634642259
6,14,GB,14,24,0,0,44.00304,0.07100616409936995
6,14,GB,14,24,0,0,45.00259,0.07955621213300129
6,14,GB,14,24,0,0,46.004,0.12818323241522536
6,14,GB,14,24,0,0,47.00352,0.029974838117869138
6,14,GB,14,24,0,0,48.00317,0.029633701168893457
6,14,GB,14,24,0,0,49.00343,0.04237211391336439
6,14,GB,14,24,0,0,50.00389,0.03519529746493698
6,14,GB,14,24,0,0,51.00224,0.026662177177730402
6,14,GB,14,24,0,0,52.00346,0.02397734911389571
6,14,GB,14,24,1,1,53.00407,0.032245231121404455
6,14,GB,14,24,1,1,54.00354,0.041674867124616065
6,14,GB,14,24,1,1,55.00352,0.029786791802607977
6,14,GB,14,24,1,1,56.00364,0.026773728976707104
6,14,GB,14,24,1,1,57.00396,0.02696419327296392
6,14,GB,14,24,1,1,58.00496,0.03480639931826203
6,14,GB,14,24,1,1,59.00573,0.015968282176263403
6,14,GB,14,24,1,1,60.00475,0.030873247586216363
6,14,GB,14,24,1,1,61.00447,0.011819370654716898
6,14,GB,14,24,1,1,62.00492,0.0471905688059116
6,14,GB,14,24,1,1,63.00469,0.03970270483084919
6,14,GB,14,24,1,1,64.00511,0.03987655355992234
6,14,GB,14,24,1,1,64.99493,0.025918339369266064
6,14,GB,14,24,1,1,66.00532,0.012066221061631351
6,14,GB,14,24,1,1,67.00607,0.016375831124778317
6,14,GB,14,24,1,1,67.99484,0.02233302458347333
6,14,GB,14,24,1,1,69.00481,0.022377672145028723
6,14,GB,14,24,1,1,70.00437,0.028306533269166524
6,14,GB,14,24,1,1,71.00468,0.03094391767352918
6,14,GB,14,24,1,1,72.00489,0.058129757610374984
6,14,GB,14,24,1,1,73.00464,0.19338707338205197
6,14,GB,14,24,1,1,74.00573,0.20345082677410195
6,14,GB,14,24,1,1,75.00567,0.2413347168017111
6,14,GB,14,24,1,1,75.99514,0.2974673836406603
6,14,GB,14,24,1,1,76.99528,0.42719436257355575
6,14,GB,14,24,1,1,78.00524,0.34651965912823196
6,14,GB,14,24,1,1,79.00544,0.06724178505963581
6,14,GB,14,24,1,1,79.99489,0.06857955147867364
6,14,GB,14,24,1,1,81.00591,0.1351975792141713
6,14,GB,14,24,1,1,82.00529,0.12108786453959121
6,14,GB,14,24,1,1,82.99491,0.10585370815685781
6,14,GB,14,24,1,1,83.99503,0.0867436918080381
6,14,GB,14,24,1,1,84.99577,0.061734465443055796
6,14,GB,14,24,1,1,85.99571,0.04594043626944301
6,14,GB,14,24,1,1,87.00577,0.05134410843384866
6,14,GB,14,24,1,1,87.99568,0.05804597276064585
6,14,GB,14,24,1,1,88.9959,0.06808131218469139
6,14,GB,14,24,1,1,90.00615,0.09798466195593439
6,14,GB,14,24,1,1,90.99528,0.09834746945328204
6,14,GB,14,24,1,1,91.99603,0.09504741839169838
6,14,GB,14,24,1,1,92.99611,0.10523238460328417
6,14,GB,14,24,1,1,93.99627,0.10348114899380857
6,14,GB,14,24,1,1,94.99651,0.0931821235947546
6,14,GB,14,24,1,1,95.99587,0.09439429021531719
6,14,GB,14,24,1,1,96.99593,0.07810910779550992
6,14,GB,14,24,1,1,97.99715,0.06628535216010115
6,14,GB,14,24,1,1,98.99685,0.047669149119087484
6,14,GB,14,24,1,1,99.99517,0.059957456173477655
6,14,GB,14,24,1,1,100.9969,0.07118163927519597
6,14,GB,14,24,0,0,101.995,0.06970167665415501
6,14,GB,14,24,0,0,102.996,0.07128173593983396
6,14,GB,14,24,0,0,103.996,0.06292480759658153
6,14,GB,14,24,0,0,104.9956,0.03164676060213523
6,14,GB,14,24,0,0,105.9973,0.0355932897850881
6,14,GB,14,24,0,0,106.9973,0.039526628752116454
6,14,GB,14,24,0,0,107.9975,0.03418353449796431
6,14,GB,14,24,0,0,108.9971,0.046143653988945814
6,14,GB,14,24,0,0,109.9962,0.049655157645500866
6,14,GB,14,24,0,0,110.9959,0.07176616770180205
6,14,GB,14,24,0,0,112.0059,0.04336572987236188
6,14,GB,14,24,0,0,112.9967,0.0513514577049183
6,14,GB,14,24,0,0,113.9967,0.03944062585080711
6,14,GB,14,24,0,0,114.9986,0.01718987611451553
6,14,GB,14,24,0,0,115.9968,0.01799144999132805
6,14,GB,14,24,0,0,116.9969,0.024076923434007386
6,14,GB,14,24,0,0,117.9978,0.028453827600214438
6,14,GB,14,24,0,0,118.9974,0.23813327652407945
6,14,GB,14,24,0,0,119.9981,0.06484938640934684
6,14,GB,14,24,0,0,120.9978,0.04865386347307986
6,14,GB,14,24,0,0,121.9984,0.04218641427146055
6,14,GB,14,24,0,0,122.9985,0.051343023699018844
6,14,GB,14,24,0,0,123.9979,0.0592341819733676
6,14,GB,14,24,0,0,124.998,0.07589435747838946
6,14,GB,14,24,0,0,125.998,0.011711884255192114
6,14,GB,14,24,0,0,126.997,0.012270080066221286
6,14,GB,14,24,0,0,127.9977,0.012977074050109082
6,14,GB,14,24,0,0,128.9973,0.012772811618310467
6,14,GB,14,24,0,0,129.9972,0.013133995320700153
6,14,GB,14,24,0,0,130.9967,0.011644984853707609
6,14,GB,14,24,0,0,131.9994,0.007646265111569275
6,14,GB,14,24,0,0,132.9988,0.005843903739183736
6,14,GB,14,24,0,0,134.0001,0.0103249074280912
6,14,GB,14,24,0,0,134.9995,0.010145096296506019
6,14,GB,14,24,0,0,135.9992,0.014390042379540854
6,14,GB,14,24,0,0,137.0005,0.010429224173601485
6,14,GB,14,24,0,0,137.999,0.0137442247388751
6,14,GB,14,24,0,0,138.999,0.011708157502858722
6,14,GB,14,24,0,0,139.9979,0.012511671781753662
6,14,GB,14,24,0,0,141.0,0.011025971750384259
6,14,GB,14,24,0,0,141.9993,0.006318826974402912
6,14,GB,14,24,0,0,143.001,0.020094594799322137
6,14,GB,14,24,0,0,144.0002,0.016478615965015545
6,14,GB,14,24,0,0,145.0008,0.01935006077478964
6,14,GB,14,24,0,0,146.0003,0.0207539880424028
6,14,GB,14,24,0,0,147.0005,0.02205105917282726
6,14,GB,14,24,0,0,148.0006,0.0231635905307967
6,14,GB,14,24,0,0,149.0002,0.029124082715972565
6,14,GB,14,24,0,0,150.0011,0.029921114384169934
6,14,GB,14,24,0,0,151.0014,0.023855363208100028
6,14,GB,14,24,0,0,152.0006,0.02591231097189571
6,14,GB,14,24,0,0,153.0003,0.025509706798691623
6,14,GB,14,24,0,0,153.9996,0.021747635956082395
6,14,GB,14,24,0,0,154.9993,0.028115326675798125
6,14,GB,14,24,1,1,155.9995,0.07803275186164768
6,14,GB,14,24,1,1,157.0002,0.08109867769603187
6,14,GB,14,24,1,1,157.9998,0.043470595803845144
6,14,GB,14,24,1,1,158.9987,0.04618762656792678
6,14,GB,14,24,1,1,160.0011,0.03561183630908486
6,14,GB,14,24,1,1,161.0008,0.029626576720108905
6,14,GB,14,24,1,1,162.0005,0.030409943174124317
6,14,GB,14,24,1,2,163.0013,0.057293085765787705
6,14,GB,14,24,1,2,164.0016,0.04341338496604956
6,14,GB,14,24,1,2,165.0016,0.03929414615173735
6,14,GB,14,24,1,2,166.0018,0.056298268341349975
6,14,GB,14,24,1,2,167.0019,0.04536219821635251
6,14,GB,14,24,1,2,168.001,0.033821637664396435
6,14,GB,14,24,1,2,169.0002,0.03400190556097364
6,14,GB,14,24,1,2,170.0,0.04080658419909677
6,14,GB,14,24,1,2,171.0013,0.03874572648594845
6,14,GB,14,24,1,2,172.0004,0.04069656257863911
6,14,GB,14,24,1,2,173.0014,0.029064515610197596
6,14,GB,14,24,1,2,174.0037,0.02899883266853763
6,14,GB,14,24,1,2,175.0031,0.03065363390413308
6,14,GB,14,24,1,2,176.002,0.03404033166993568
6,14,GB,14,24,1,2,177.0022,0.21589226114829982
6,14,GB,14,24,1,2,178.0022,0.22451879502011846
6,14,GB,14,24,1,3,179.0028,0.22240721362328958
6,14,GB,14,24,1,3,180.0025,0.18770951756316615
6,14,GB,14,24,1,3,181.0029,0.22053436175899974
6,14,GB,14,24,1,3,182.0028,0.2351452780703106
6,14,GB,14,24,1,3,183.0023,0.2591263681182343
6,14,GB,14,24,1,3,184.0016,0.24838476086977596
6,14,GB,14,24,1,3,185.0015,0.03878822370482207
6,14,GB,14,24,1,3,186.0011,0.04564988361106674
6,14,GB,14,24,1,3,187.0017,0.035340345593930046
6,14,GB,14,24,1,3,188.0026,0.03743127522449486
6,14,GB,14,24,1,3,189.0025,0.032209305545790747
6,14,GB,14,24,1,3,190.0028,0.02739911171383751
6,14,GB,14,24,1,3,191.0029,0.03888068579956172
6,14,GB,14,24,1,3,192.0025,0.03813369556113652
6,14,GB,14,24,1,3,193.0027,0.03545510414319223
6,14,GB,14,24,1,3,194.0041,0.026530535185875965
6,14,GB,14,24,1,3,195.0025,0.029697131391244504
6,14,GB,14,24,1,3,196.0031,0.03548932723257413
6,14,GB,14,24,1,3,197.0018,0.036402994713454526
6,14,GB,14,24,1,3,198.0033,0.01849519979342178
6,14,GB,14,24,1,3,199.003,0.012291521350998359
6,14,GB,14,24,1,3,200.0043,0.003118555211329546
6,14,GB,14,24,1,3,201.0046,0.003134748582597534
6,14,GB,14,24,1,3,202.0056,0.002571424249508305
6,14,GB,14,24,1,3,203.0037,0.02230671118598626
6,14,GB,14,24,1,3,204.0036,0.024350132741043366
6,14,GB,14,24,1,3,205.0035,0.013159204349148938
6,14,GB,14,24,1,3,206.0032,0.022107944373118034
6,14,GB,14,24,1,3,207.0051,0.01081586427934041
6,14,GB,14,24,1,3,208.0037,0.00852408529996529
6,14,GB,14,24,1,3,209.0046,0.008980575195941792
6,14,GB,14,24,1,3,210.0045,0.03843483684310875
6,14,GB,14,24,1,3,211.0034,0.039172501194376104
6,14,GB,14,24,1,3,212.0034,0.039420618344191305
6,14,GB,14,24,1,3,213.0024,0.03363241499549365
6,14,GB,14,24,1,3,214.004,0.055261880430398626
6,14,GB,14,24,1,3,215.0028,0.15424600615663506
6,14,GB,14,24,1,3,216.0035,0.1705414879059262
6,14,GB,14,24,1,3,217.0036,0.18029920963161905
6,14,GB,14,24,1,3,218.0037,0.2620203902561885
6,14,GB,14,24,1,3,219.0036,0.4534753613399381
6,14,GB,14,24,1,3,220.0041,0.4727196455825149
6,14,GB,14,24,1,3,221.0049,0.18639137036161968
6,14,GB,14,24,1,3,222.0051,0.21164788815265909
6,14,GB,14,24,1,3,223.0055,0.16924087644225883
6,14,GB,14,24,1,3,224.0052,0.1892645786058765
6,14,GB,14,24,1,3,225.0047,0.1892645786058765
6,14,GB,14,24,1,3,226.0028,0.16608906154366698
6,14,GB,14,24,1,3,227.0046,0.16840998138933014
6,14,GB,14,24,1,3,228.0048,0.16840998138933014
6,14,GB,14,24,1,3,229.0058,0.1379999547768777
6,14,GB,14,24,1,3,229.996,0.17453157238917302
6,14,GB,14,24,1,3,231.0059,0.09438045405234002
6,14,GB,14,24,1,3,231.9953,0.32075168689990896
6,14,GB,14,24,1,3,233.0062,0.42283387980346376
6,14,GB,14,24,1,3,234.0062,0.19649076517390474
6,14,GB,14,24,1,3,234.9954,0.2533647115109304
6,14,GB,14,24,1,3,235.9953,0.2619330737172712
6,14,GB,14,24,1,3,237.0062,0.35535134250966677
6,14,GB,14,24,1,3,238.0056,0.7723123182987449
6,14,GB,14,24,1,3,239.0058,0.7632194292493809
6,14,GB,14,24,1,3,240.0071,0.7644878034203023
6,14,GB,14,24,1,3,240.9955,0.7861856537468946
6,14,GB,14,24,1,3,241.9959,0.9248743694407552
6,14,GB,14,24,1,3,242.9959,0.9242377548914135
6,14,GB,14,24,1,3,243.9962,0.9176462497993675
6,14,GB,14,24,1,3,244.996,0.9316912138957454
6,14,GB,14,24,1,3,246.0052,0.8555930011246039
6,14,GB,14,24,1,3,247.0047,0.8356608951676799
6,14,GB,14,24,1,3,248.005,0.8298714578301015
6,14,GB,14,24,1,3,249.0054,0.7233137526501915
6,14,GB,14,24,1,3,250.0056,0.6756804133069034
6,14,GB,14,27,0,0,0.0110925,0.0003145589248279214
6,14,GB,14,27,0,0,1.01893,0.0002311123201299369
6,14,GB,14,27,0,0,2.009226,0.0002912522107215153
6,14,GB,14,27,0,0,3.010703,0.00036993666433130407
6,14,GB,14,27,0,0,4.012049,0.0002602693326967943
6,14,GB,14,27,0,0,5.011549,0.00023428186422170072
6,14,GB,14,27,0,0,6.011959,0.000362251140871693
6,14,GB,14,27,0,0,7.011798,0.00095293404867819
6,14,GB,14,27,0,0,8.013364,0.062327800720088
6,14,GB,14,27,0,0,9.012961,0.05875824705234257
6,14,GB,14,27,0,0,10.0135,0.010848834263712425
6,14,GB,14,27,0,0,11.01286,0.010747777462904397
6,14,GB,14,27,0,0,12.01302,0.0032140701069799677
6,14,GB,14,27,0,0,13.01301,0.004355300131184033
6,14,GB,14,27,0,0,14.01287,0.007907096294630236
6,14,GB,14,27,0,0,15.01381,0.01221151948382931
6,14,GB,14,27,0,0,16.01416,0.0008966660120069428
6,14,GB,14,27,0,0,17.01406,0.0008473204010277807
6,14,GB,14,27,0,0,18.01282,0.0004853915835594006
6,14,GB,14,27,0,0,19.01204,0.0004994304219129063
6,14,GB,14,27,0,0,20.01213,0.0005464039393533642
6,14,GB,14,27,0,0,21.01253,0.0010854144041528048
6,14,GB,14,27,0,0,22.01254,0.0007569346585401322
6,14,GB,14,27,0,0,23.01226,0.0030447684480858
6,14,GB,14,27,0,0,24.01391,0.0022148104821950905
6,14,GB,14,27,0,0,25.01341,0.0022187705688414506
6,14,GB,14,27,0,0,26.01408,0.001298439466285129
6,14,GB,14,27,0,0,27.01375,0.0005120720648795178
6,14,GB,14,27,0,0,28.01477,0.00033888504692732675
6,14,GB,14,27,0,0,29.01468,0.0008792505587835611
6,14,GB,14,27,0,0,30.01326,0.0007090941993051362
6,14,GB,14,27,0,0,31.01198,0.0007796958917524562
6,14,GB,14,27,0,0,32.01356,0.0021658090083957944
6,14,GB,14,27,0,0,33.01426,0.0014561741600832574
6,14,GB,14,27,0,0,34.01423,0.001326282692863177
6,14,GB,14,27,0,0,35.01481,0.0013430644264593836
6,14,GB,14,27,0,0,36.01467,0.00222777384064929
6,14,GB,14,27,0,0,37.01414,0.00202806948655007
6,14,GB,14,27,0,0,38.0146,0.0036245173473494754
6,14,GB,14,27,0,0,39.01488,0.0063408126524482885
6,14,GB,14,27,0,0,40.01426,0.003849064837531995
6,14,GB,14,27,0,0,41.01546,0.0013672322964377503
6,14,GB,14,27,0,0,42.01442,0.0007035902129035757
6,14,GB,14,27,0,0,43.01394,0.0006427339742980169
6,14,GB,14,27,0,0,44.01429,0.0012017296286361636
6,14,GB,14,27,0,0,45.01337,0.0017904870278801302
6,14,GB,14,27,0,0,46.01431,0.0016091243240338715
6,14,GB,14,27,0,0,47.01359,0.0026156313788046545
6,14,GB,14,27,0,0,48.01471,0.0013326415653103743
6,14,GB,14,27,0,0,49.01568,0.0007745164470543712
6,14,GB,14,27,0,0,50.01482,0.0009217141225710092
6,14,GB,14,27,0,0,51.01583,0.001928032718542625
6,14,GB,14,27,0,0,52.01593,0.0019433670668988206
6,14,GB,14,27,0,0,53.0158,0.001211044632448721
6,14,GB,14,27,0,0,54.0154,0.0039909684071143545
6,14,GB,14,27,0,0,55.01407,0.006447948817214429
6,14,GB,14,27,0,0,56.01479,0.008102847518817843
6,14,GB,14,27,0,0,57.0152,0.006910919789438528
6,14,GB,14,27,0,0,58.01595,0.049826985037089884
6,14,GB,14,27,0,0,59.01684,0.020814830461807408
6,14,GB,14,27,0,0,60.01731,0.011628079074567593
6,14,GB,14,27,0,0,61.01645,0.005858961602412688
6,14,GB,14,27,0,0,62.01598,0.006010944740365485
6,14,GB,14,27,0,0,63.01549,0.007219316506222916
6,14,GB,14,27,0,0,64.01623,0.013423423466838533
6,14,GB,14,27,0,0,65.01556,0.21059933181217455
6,14,GB,14,27,0,0,66.01579,0.19335207935016843
6,14,GB,14,27,0,0,67.01708,0.0833828762352024
6,14,GB,14,27,0,0,68.01788,0.021182557749102757
6,14,GB,14,27,0,0,69.01695,0.06805885775352567
6,14,GB,14,27,0,0,70.01685,0.09034080276519368
6,14,GB,14,27,0,0,71.01693,0.08418839099772121
6,14,GB,14,27,0,0,72.01638,0.033948254686160834
6,14,GB,14,27,0,0,73.01495,0.06285027107270663
6,14,GB,14,27,0,0,74.01651,0.06704237105979323
6,14,GB,14,27,0,0,75.01495,0.06338056837212773
6,14,GB,14,27,0,0,76.01586,0.03887772574517519
6,14,GB,14,27,0,0,77.01755,0.03491367632158578
6,14,GB,14,27,0,0,78.01757,0.0014148546836036649
6,14,GB,14,27,0,0,79.01694,0.002301038094042955
6,14,GB,14,27,0,0,80.01778,0.0017349129361373988
6,14,GB,14,27,0,0,81.01844,0.0034349800471274944
6,14,GB,14,27,0,0,82.01799,0.0036287712808407598
6,14,GB,14,27,0,0,83.01645,0.00427854321231559
6,14,GB,14,27,0,0,84.01694,0.0018900396029500465
6,14,GB,14,27,0,0,85.01832,0.004212536394506608
6,14,GB,14,27,0,0,86.01842,0.0014091955631050017
6,14,GB,14,27,0,0,87.01836,0.0019812473921996536
6,14,GB,14,27,0,0,88.01799,0.0022360770254766
6,14,GB,14,27,1,3,89.01899,0.010157081589390899
6,14,GB,14,27,1,3,90.0183,0.004327776200187567
6,14,GB,14,27,1,3,91.0181,0.0032844219082597626
6,14,GB,14,27,1,3,92.01809,0.004359886255588361
6,14,GB,14,27,1,3,93.01811,0.007073502962321349
6,14,GB,14,27,1,3,94.01764,0.009763333902397557
6,14,GB,14,27,1,3,95.01756,0.06991129744378424
6,14,GB,14,27,1,3,96.01851,0.07480356286344744
6,14,GB,14,27,1,3,97.01912,0.26813659836653325
6,14,GB,14,27,1,3,98.01918,0.32760409142562863
6,14,GB,14,27,1,3,99.01951,0.06188786343382826
6,14,GB,14,27,1,3,100.0196,0.07695556399891212
6,14,GB,14,27,1,3,101.0185,0.0916913791366171
6,14,GB,14,27,1,3,102.0171,0.09007959214586127
6,14,GB,14,27,1,3,103.0192,0.038206282127550846
6,14,GB,14,27,1,3,104.0182,0.1392377570336951
6,14,GB,14,27,1,3,105.0207,0.13178234492120616
6,14,GB,14,27,1,3,106.02,0.1296519789607457
6,14,GB,14,27,1,3,107.0095,0.09659561175999792
6,14,GB,14,27,1,3,108.0191,0.0982881494570719
6,14,GB,14,27,1,3,109.0198,0.09309987215471027
6,14,GB,14,27,1,3,110.0191,0.055205071997137305
6,14,GB,14,27,1,3,111.0197,0.12159231277788683
6,14,GB,14,27,1,3,112.0089,0.045722580479063864
6,14,GB,14,27,1,3,113.0193,0.0385056940998762
6,14,GB,14,27,1,3,114.0192,0.03411440929616208
6,14,GB,14,27,1,3,115.0193,0.03688221703171103
6,14,GB,14,27,0,0,116.0173,0.0403159735705769
6,14,GB,14,27,0,0,117.0192,0.08103824425056404
6,14,GB,14,27,0,0,118.0198,0.05365910122666013
6,14,GB,14,27,0,0,119.0096,0.007440601809948359
6,14,GB,14,27,0,0,120.0098,0.00674870187003865
6,14,GB,14,27,0,0,121.0107,0.011442829064588586
6,14,GB,14,27,0,0,122.009,0.0128489391595104
6,14,GB,14,27,0,0,123.018,0.013306620550043821
6,14,GB,14,27,0,0,124.009,0.011563401053611245
6,14,GB,14,27,0,0,125.0098,0.02124980500819407
6,14,GB,14,27,0,0,126.0095,0.0307387722859504
6,14,GB,14,27,0,0,127.0099,0.02860186693607848
6,14,GB,14,27,0,0,128.0105,0.027759953077213725
6,14,GB,14,27,0,0,129.0213,0.013956910258842598
6,14,GB,14,27,0,0,130.0093,0.010861968417635072
6,14,GB,14,27,0,0,131.0209,0.01629899732338069
6,14,GB,14,27,0,0,132.0093,0.01711796771010035
6,14,GB,14,27,0,0,133.009,0.011913662228455772
6,14,GB,14,27,0,0,134.0183,0.018593882028864177
6,14,GB,14,27,1,2,135.0096,0.06560992735358212
6,14,GB,14,27,1,2,136.0103,0.05475503071078222
6,14,GB,14,27,1,2,137.0105,0.1229165540611856
6,14,GB,14,27,1,2,138.0104,0.16335312166415217
6,14,GB,14,27,1,2,139.0104,0.11389452266627624
6,14,GB,14,27,1,2,140.019,0.029169275663625465
6,14,GB,14,27,1,2,141.0098,0.015593478507344303
6,14,GB,14,27,1,2,142.0099,0.08526239365649371
6,14,GB,14,27,1,2,143.0113,0.1256439258870534
6,14,GB,14,27,1,2,144.0116,0.17818089656865113
6,14,GB,14,27,1,2,145.0109,0.1524460641064139
6,14,GB,14,27,1,2,146.0108,0.16281067774217714
6,14,GB,14,27,1,2,147.0107,0.27314729814137567
6,14,GB,14,27,1,2,148.0109,0.23847856118644944
6,14,GB,14,27,1,2,149.0112,0.5527970201848418
6,14,GB,14,27,1,2,150.0111,0.5378041127221141
6,14,GB,14,27,1,2,151.0102,0.5817599508851916
6,14,GB,14,27,1,2,152.0108,0.8032283355893414
6,14,GB,14,27,1,2,153.0114,0.7322776901263913
6,14,GB,14,27,1,2,154.0109,0.37843332590265166
6,14,GB,14,27,1,2,155.0107,0.3618637704666035
6,14,GB,14,27,1,2,156.0103,0.34622338142339726
6,14,GB,14,27,1,2,157.0111,0.6192190698261184
6,14,GB,14,27,1,2,158.0107,0.6191484197972452
6,14,GB,14,27,1,2,159.0117,0.7063699241035899
6,14,GB,14,27,1,2,160.0122,0.7099904031239631
6,14,GB,14,27,1,2,161.0119,0.6974510418429776
6,14,GB,14,27,1,2,162.011,0.7460125774027939
6,14,GB,14,27,1,2,163.0109,0.7491729324468713
6,14,GB,14,27,1,2,164.0102,0.736866087860096
6,14,GB,14,27,1,2,165.0107,0.736866087860096
6,14,GB,14,27,1,2,166.01,0.75614596642262
6,14,GB,14,27,1,2,167.011,0.7654218009377289
6,14,GB,14,27,1,2,168.0117,0.7419754541601123
6,14,GB,14,27,1,2,169.0114,0.7081795128021644
6,14,GB,14,27,1,2,170.0124,0.7208628326477852
6,14,GB,14,27,1,2,171.0132,0.731688757545142
6,14,GB,14,27,1,2,172.0111,0.7542258645907748
6,14,GB,14,27,1,2,173.0098,0.7434932124012511
6,14,GB,14,27,1,2,174.0115,0.7306092516066112
6,14,GB,14,27,1,2,175.0128,0.6636020437222688
6,14,GB,14,27,1,2,176.0125,0.7837865950336144
6,14,GB,14,27,1,2,177.0113,0.8109470038629145
6,14,GB,14,27,1,2,178.0124,0.8375263668577074
6,14,GB,14,27,1,2,179.0121,0.7120916961108733
6,14,GB,14,27,1,2,180.0115,0.5583138495984693
6,14,GB,14,27,1,2,181.0128,0.36363646464250027
6,14,GB,14,27,1,2,182.0121,0.40683633509210076
6,14,GB,14,27,1,2,183.0128,0.4069004312721686
6,14,GB,14,27,1,2,184.0131,0.697221100876219
6,14,GB,14,27,1,2,185.0134,0.7752145177228685
6,14,GB,14,27,1,2,186.0142,0.9053908667513839
6,14,GB,14,27,1,2,187.0148,0.9140019682499334
6,14,GB,14,27,1,2,188.013,0.9140019682499334
6,14,GB,14,27,1,2,189.0133,0.8476512359275377
6,14,GB,14,27,1,2,190.0127,0.7760502042638432
6,14,GB,14,27,1,2,191.0129,0.755766559383449
6,14,GB,14,27,1,2,192.0126,0.8826615648602024
6,14,GB,14,27,1,2,193.0123,0.7531801997764291
6,14,GB,14,27,1,2,194.0129,0.7643795522849334
6,14,GB,14,27,0,0,195.0138,0.5184544337206909
6,14,GB,14,27,0,0,196.0139,0.500972686955077
6,14,GB,14,27,0,0,197.014,0.6351064044588944
6,14,GB,14,27,0,0,198.0153,0.8602578337004813
6,14,GB,14,27,0,0,199.0154,0.8886675322337796
6,14,GB,14,27,0,0,200.0137,0.9239591061425403
6,14,GB,14,27,0,0,201.0133,0.8294462720176135
6,14,GB,14,27,0,0,202.014,0.8445538961262121
6,14,GB,14,27,0,0,203.0149,0.9284676235708474
6,14,GB,14,27,0,0,204.0157,0.9324860884304956
6,14,GB,14,27,0,0,205.0156,0.960187362498152
6,14,GB,14,27,0,0,206.0157,0.9631231448335826
6,14,GB,14,27,0,0,207.0146,0.9555837362882736
6,14,GB,14,27,0,0,208.0148,0.9673340217387039
6,14,GB,14,27,0,0,209.0162,0.9660437948685946
6,14,GB,14,27,0,0,210.0147,0.9630941508666714
6,14,GB,14,27,0,0,211.0141,0.9460016056964025
6,14,GB,14,27,0,0,212.0139,0.941069821079314
6,14,GB,14,27,0,0,213.0145,0.9391098549503765
6,14,GB,14,27,0,0,214.0139,0.866418330647828
6,14,GB,14,27,0,0,215.0152,0.8856543504935537
6,14,GB,14,27,0,0,216.0154,0.8641778011966869
6,14,GB,14,27,0,0,217.0155,0.7762744623198388
6,14,GB,14,27,0,0,218.0154,0.8887168330999848
6,14,GB,14,27,0,0,219.0161,0.9296502585051816
6,14,GB,14,27,0,0,220.0133,0.9305754492967799
6,14,GB,14,27,0,0,221.0157,0.9314649085363961
6,14,GB,14,27,0,0,222.016,0.9345738859752308
6,14,GB,14,27,0,0,223.0163,0.9409434257195319
6,14,GB,14,27,0,0,224.0161,0.9635214195092315
6,14,GB,14,27,0,0,225.0156,0.9596306922636341
6,14,GB,14,27,0,0,226.0158,0.888256409083662
6,14,GB,14,27,0,0,227.0152,0.9076136878697667
6,14,GB,14,27,0,0,228.0145,0.9208137848055138
6,14,GB,14,27,0,0,229.0143,0.788440728283954
6,14,GB,14,27,0,0,230.015,0.6051711781066094
6,14,GB,14,27,0,0,231.0147,0.26178592267692985
6,14,GB,14,27,0,0,232.0167,0.2381316522433307
6,14,GB,14,27,0,0,233.0171,0.24537600465250328
6,14,GB,14,27,0,0,234.0177,0.2413314524984133
6,14,GB,14,27,0,0,235.0167,0.2242159126868563
6,14,GB,14,27,0,0,236.0168,0.2799523759067825
6,14,GB,14,27,0,0,237.0172,0.27680109844079315
6,14,GB,14,27,0,0,238.0165,0.20265746237849858
6,14,GB,14,27,0,0,239.0155,0.07622713773989952
6,14,GB,14,27,0,0,240.0154,0.06701502156118769
6,14,GB,14,27,0,0,241.0162,0.08380843775852835
6,14,GB,14,27,0,0,242.0153,0.14172967150312218
6,14,GB,14,27,0,0,243.0169,0.1320840879407981
6,14,GB,14,27,0,0,244.017,0.14303483218239132
6,14,GB,14,27,0,0,245.0175,0.14461585059779336
6,14,GB,14,27,0,0,246.0175,0.1341774306511563
6,14,GB,14,27,0,0,247.0189,0.10751532856892797
6,14,GB,14,27,0,0,248.0175,0.11443278930587955
6,14,GB,14,27,0,0,249.0157,0.12542176516847264
6,14,GB,14,27,0,0,250.0172,0.11411538571182651
6,14,GB,14,27,0,0,251.0182,0.11945020071743864
6,14,GB,14,27,0,0,252.019,0.11259215309418874
6,14,GB,14,27,0,0,253.0187,0.11603737354424767
6,14,GB,14,27,0,0,254.0191,0.11789368511722798
6,14,GB,14,27,0,0,255.0179,0.11580058295812115
6,14,GB,14,27,0,0,256.0189,0.136732635846202
6,14,GB,14,27,0,0,257.0168,0.09060971404742599
6,14,GB,14,27,0,0,258.0172,0.10962164231424962
6,14,GB,14,27,0,0,259.0182,0.1030918368523172
6,14,GB,14,27,0,0,260.0174,0.10587487642480575
6,14,GB,14,27,0,0,261.0188,0.12069421501236575
6,14,GB,14,27,0,0,262.0185,0.252055174465904
6,14,GB,14,27,0,0,263.0108,0.243728378606306
6,14,GB,14,27,0,0,264.0196,0.1535437027333485
6,14,GB,14,27,0,0,265.0177,0.15435395316126488
6,14,GB,14,27,0,0,266.017,0.17659127423265975
6,14,GB,14,27,0,0,267.0185,0.24948329356241866
6,14,GB,14,27,0,0,268.0191,0.1510338654375862
6,14,GB,14,27,0,0,269.0094,0.14040024539855597
6,14,GB,14,27,0,0,270.0097,0.15187724789399884
6,14,GB,14,27,0,0,271.0201,0.14487660248097958
6,14,GB,14,27,0,0,272.0097,0.13367937586124798
6,14,GB,14,27,0,0,273.0197,0.10427018017117934
6,14,GB,14,27,0,0,274.0097,0.13746220800878658
6,14,GB,14,27,0,0,275.0197,0.13299367035491222
6,14,GB,14,27,0,0,276.0195,0.29055684445990715
6,14,GB,14,27,1,1,277.0191,0.24524800655277723
6,14,GB,14,27,1,1,278.0207,0.36471505521523084
6,14,GB,14,27,1,1,279.0197,0.38385744772953256
6,14,GB,14,27,1,1,280.0204,0.40508211837244185
6,14,GB,14,27,1,1,281.0213,0.3780827126060275
6,14,GB,14,27,1,1,282.0106,0.3628850843533337
6,14,GB,14,27,1,1,283.0107,0.519422386289796
6,14,GB,14,27,1,1,284.0201,0.5213737889304464
6,14,GB,14,27,1,1,285.0201,0.4758138404308215
6,14,GB,14,27,1,1,286.0099,0.25347871795203897
6,14,GB,14,27,1,1,287.02,0.3616474311612009
6,14,GB,14,27,1,1,288.01,0.679195428127408
6,14,GB,14,27,1,1,289.011,0.6756228294092095
6,14,GB,14,27,1,1,290.011,0.6738976588780113
6,14,GB,14,27,1,1,291.0101,0.6767129041446993
6,14,GB,14,27,1,1,292.011,0.5478361893306094
6,14,GB,14,27,1,1,293.0103,0.6437453478143396
6,14,GB,14,27,1,1,294.011,0.7186521574762541
6,14,GB,14,27,1,1,295.0106,0.7443358231359136
6,14,GB,14,27,1,1,296.0206,0.6542231645091922
6,14,GB,14,27,1,1,297.0204,0.6881645206929622
6,14,GB,14,27,1,1,298.0102,0.8298353596769463
6,14,GB,14,27,1,1,299.0202,0.8260549122683103
6,14,GB,14,27,1,1,300.0211,0.8565377750866385
6,14,GB,14,27,1,1,301.0101,0.8703363384416108
6,14,GB,14,28,0,0,0.0111128,0.0001649509942425645
6,14,GB,14,28,0,0,1.009833,0.00026898604349863756
6,14,GB,14,28,0,0,2.010395,0.00017387232725819647
6,14,GB,14,28,0,0,3.011393,0.00024748618127626635
6,14,GB,14,28,0,0,4.0115,0.0005787731263944755
6,14,GB,14,28,0,0,5.012748,0.0002868660883105479
6,14,GB,14,28,0,0,6.014083,0.00028786580618506006
6,14,GB,14,28,0,0,7.013341,0.00037343021163466016
6,14,GB,14,28,0,0,8.015121,0.006075355044990635
6,14,GB,14,28,0,0,9.014697,0.00206724745958349
6,14,GB,14,28,0,0,10.01435,0.0016099427485887902
6,14,GB,14,28,0,0,11.0154,0.004416156243799557
6,14,GB,14,28,0,0,12.0133,0.004443849857974119
6,14,GB,14,28,0,0,13.01444,0.005792440780156943
6,14,GB,14,28,0,0,14.01499,0.010374334284697091
6,14,GB,14,28,0,0,15.01424,0.060947365339117716
6,14,GB,14,28,0,0,16.01418,0.08002495191502357
6,14,GB,14,28,0,0,17.01338,0.07868966071057634
6,14,GB,14,28,0,0,18.01521,0.026726780009536176
6,14,GB,14,28,0,0,19.01558,0.03645146240604479
6,14,GB,14,28,0,0,20.01401,0.018852414239882504
6,14,GB,14,28,0,0,21.01581,0.010443908390599202
6,14,GB,14,28,0,0,22.01543,0.014190430355641472
6,14,GB,14,28,0,0,23.01588,0.008780714531267364
6,14,GB,14,28,0,0,24.01619,0.0055825951722420965
6,14,GB,14,28,0,0,25.01628,0.00696371763992124
6,14,GB,14,28,0,0,26.0155,0.005999132345994234
6,14,GB,14,28,0,0,27.01602,0.0052090238118485035
6,14,GB,14,28,0,0,28.01654,0.004869295438158707
6,14,GB,14,28,0,0,29.01629,0.004891289669291266
6,14,GB,14,28,0,0,30.01612,0.007406734629354042
6,14,GB,14,28,0,0,31.01567,0.012449632075130791
6,14,GB,14,28,0,0,32.01504,0.015959952549467225
6,14,GB,14,28,0,0,33.01624,0.019670411719771005
6,14,GB,14,28,0,0,34.0147,0.015232903310555079
6,14,GB,14,28,0,0,35.01396,0.01645765993630959
6,14,GB,14,28,0,0,36.01606,0.006901788449397768
6,14,GB,14,28,0,0,37.01563,0.007050252821547964
6,14,GB,14,28,0,0,38.01526,0.017409143684523273
6,14,GB,14,28,0,0,39.01506,0.021498780160597628
6,14,GB,14,28,0,0,40.0174,0.016955512627859808
6,14,GB,14,28,0,0,41.01774,0.020554463900799087
6,14,GB,14,28,0,0,42.01627,0.1478958995589773
6,14,GB,14,28,0,0,43.01559,0.09663102244284615
6,14,GB,14,28,0,0,44.01618,0.20960282308231035
6,14,GB,14,28,0,0,45.01551,0.17277414242216546
6,14,GB,14,28,0,0,46.01629,0.19507613891160427
6,14,GB,14,28,0,0,47.01807,0.13272197148838333
6,14,GB,14,28,0,0,48.01582,0.12960193679666168
6,14,GB,14,28,0,0,49.01778,0.15169884747444953
6,14,GB,14,28,0,0,50.01649,0.1830115091003778
6,14,GB,14,28,0,0,51.01685,0.08739956660416212
6,14,GB,14,28,0,0,52.01536,0.07485926376416135
6,14,GB,14,28,0,0,53.01762,0.08415380387451923
6,14,GB,14,28,0,0,54.01741,0.1219015494139043
6,14,GB,14,28,0,0,55.01841,0.07745516245114789
6,14,GB,14,28,0,0,56.01595,0.08918255425254519
6,14,GB,14,28,0,0,57.01751,0.08504335703935367
6,14,GB,14,28,0,0,58.01589,0.05210029679927549
6,14,GB,14,28,0,0,59.01643,0.06804308429955726
6,14,GB,14,28,0,0,60.01655,0.07454939410202527
6,14,GB,14,28,0,0,61.01838,0.11498165872355608
6,14,GB,14,28,0,0,62.01884,0.11727901466486053
6,14,GB,14,28,0,0,63.01641,0.145214638149669
6,14,GB,14,28,0,0,64.0168,0.1535242320301965
6,14,GB,14,28,0,0,65.01732,0.1160699166881623
6,14,GB,14,28,0,0,66.01808,0.08347758863308963
6,14,GB,14,28,0,0,67.01823,0.07754206702895927
6,14,GB,14,28,0,0,68.01816,0.10229157397393472
6,14,GB,14,28,0,0,69.01759,0.10587136597396164
6,14,GB,14,28,0,0,70.01744,0.09231094688629199
6,14,GB,14,28,0,0,71.01709,0.09202582875910993
6,14,GB,14,28,0,0,72.01596,0.1070605488778298
6,14,GB,14,28,0,0,73.01692,0.14039150415666912
6,14,GB,14,28,0,0,74.0185,0.14039150415666912
6,14,GB,14,28,0,0,75.01855,0.13765775975524305
6,14,GB,14,28,0,0,76.01823,0.12140341337906226
6,14,GB,14,28,0,0,77.01774,0.10393164141032893
6,14,GB,14,28,0,0,78.01897,0.10266756775357962
6,14,GB,14,28,0,0,79.01764,0.06917540626927374
6,14,GB,14,28,0,0,80.01952,0.06995044039778535
6,14,GB,14,28,0,0,81.01741,0.08256389624876379
6,14,GB,14,28,0,0,82.01808,0.13753228513152033
6,14,GB,14,28,0,0,83.01849,0.017658500190162147
6,14,GB,14,28,0,0,84.01945,0.006873789183413347
6,14,GB,14,28,0,0,85.01937,0.0070804048827620165
6,14,GB,14,28,0,0,86.01777,0.007264502505808452
6,14,GB,14,28,0,0,87.0088,0.007264502505808452
6,14,GB,14,28,0,0,88.00897,0.007264502505808452
6,14,GB,14,28,0,0,89.00903,0.007264502505808452
6,14,GB,14,28,0,0,90.00906,0.0063954194321791166
6,14,GB,14,28,0,0,91.01865,0.009061955931252893
6,14,GB,14,28,0,0,92.00906,0.009488605539904842
6,14,GB,14,28,0,0,93.01897,0.009923765103958862
6,14,GB,14,28,0,0,94.01846,0.008512429967825714
6,14,GB,14,28,0,0,95.01842,0.0074307549330559245
6,14,GB,14,28,0,0,96.01799,0.0063410669102134274
6,14,GB,14,28,0,0,97.01869,0.006293534614989527
6,14,GB,14,28,0,0,98.02034,0.008043120078431236
6,14,GB,14,28,0,0,99.00938,0.007147046213786908
6,14,GB,14,28,0,0,100.0092,0.006673434016288392
6,14,GB,14,28,0,0,101.0099,0.01033531498304365
6,14,GB,14,28,0,0,102.0094,0.010027508899820884
6,14,GB,14,28,0,0,103.0204,0.01562729816795
6,14,GB,14,28,0,0,104.0199,0.014034619467358594
6,14,GB,14,28,0,0,105.0094,0.011690015389845092
6,14,GB,14,28,0,0,106.0093,0.01336292780010399
6,14,GB,14,28,0,0,107.0091,0.013818534508746533
6,14,GB,14,28,0,0,108.0092,0.011774703230601771
6,14,GB,14,28,0,0,109.0197,0.011774703230601771
6,14,GB,14,28,0,0,110.0095,0.012995977702400302
6,14,GB,14,28,0,0,111.01,0.015480657639821104
6,14,GB,14,28,0,0,112.0107,0.017761081096503137
6,14,GB,14,28,0,0,113.0104,0.14860737283852243
6,14,GB,14,28,0,0,114.0103,0.16190779909010036
6,14,GB,14,28,0,0,115.0095,0.16938818438168118
6,14,GB,14,28,0,0,116.01,0.1612750330377985
6,14,GB,14,28,0,0,117.0105,0.1619251193722435
6,14,GB,14,28,0,0,118.0109,0.18032101395470593
6,14,GB,14,28,0,0,119.012,0.17410490944655077
6,14,GB,14,28,0,0,120.0113,0.17377171759143004
6,14,GB,14,28,0,0,121.0113,0.20672967618549162
6,14,GB,14,28,0,0,122.0116,0.23301549907024804
6,14,GB,14,28,0,0,123.0119,0.24397351240337029
6,14,GB,14,28,0,0,124.0118,0.24397351240337029
6,14,GB,14,28,0,0,125.0108,0.24091547966562393
6,14,GB,14,28,0,0,126.011,0.35153841947699116
6,14,GB,14,28,0,0,127.0124,0.2747217199187047
6,14,GB,14,28,0,0,128.0108,0.23953901133746267
6,14,GB,14,28,0,0,129.0105,0.3760378578846657
6,14,GB,14,28,0,0,130.0117,0.3847142737001636
6,14,GB,14,28,0,0,131.0111,0.6519970978659517
6,14,GB,14,28,0,0,132.0108,0.9574650114588146
6,14,GB,14,28,0,0,133.0106,0.9599450452962079
6,14,GB,14,28,0,0,134.0097,0.9569277823985282
6,14,GB,14,28,0,0,135.0104,0.9521619769271965
6,14,GB,14,28,0,0,136.0105,0.9353339641197687
6,14,GB,14,28,0,0,137.011,0.9302483499710432
6,14,GB,14,28,0,0,138.0112,0.9370710982171506
6,14,GB,14,28,0,0,139.0102,0.8133573606106345
6,14,GB,14,28,0,0,140.0111,0.8147242992004455
6,14,GB,14,28,0,0,141.0099,0.8022353084906958
6,14,GB,14,28,0,0,142.0102,0.8252870040280486
6,14,GB,14,28,0,0,143.0106,0.8317473205089789
6,14,GB,14,28,0,0,144.012,0.8093510946279325
6,14,GB,14,28,0,0,145.0106,0.8350147838612563
6,14,GB,14,28,0,0,146.012,0.8286540810881634
6,14,GB,14,28,0,0,147.0115,0.8350147838612563
6,14,GB,14,28,0,0,148.0123,0.8350147838612563
6,14,GB,14,28,0,0,149.012,0.8546757529843878
6,14,GB,14,28,0,0,150.0118,0.8393935882580449
6,14,GB,14,28,0,0,151.0124,0.8480037737056899
6,14,GB,14,28,0,0,152.0128,0.8402601150366247
6,14,GB,14,28,0,0,153.0126,0.8602167809541019
6,14,GB,14,28,0,0,154.0121,0.8600131714722477
6,14,GB,14,28,0,0,155.012,0.8607935060846185
6,14,GB,14,28,0,0,156.0126,0.8575533303292318
6,14,GB,14,28,0,0,157.013,0.8625887740694284
6,14,GB,14,28,0,0,158.0121,0.8947641224022871
6,14,GB,14,28,0,0,159.0126,0.9031398686342963
6,14,GB,14,28,0,0,160.0124,0.8733347515428245
6,14,GB,14,28,0,0,161.0119,0.8804894588863701
6,14,GB,14,28,0,0,162.013,0.8602386295305312
6,14,GB,14,28,0,0,163.0129,0.8408461761513045
6,14,GB,14,28,0,0,164.0133,0.8075042256420485
6,14,GB,14,28,0,0,165.0129,0.8382998726049348
6,14,GB,14,28,0,0,166.0124,0.8265134093771315
6,14,GB,14,28,0,0,167.0136,0.791625440040125
6,14,GB,14,28,0,0,168.0131,0.7883059172919641
6,14,GB,14,28,0,0,169.0124,0.7055666329816996
6,14,GB,14,28,0,0,170.0131,0.7407255047992447
6,14,GB,14,28,0,0,171.0138,0.7770111122277504
6,14,GB,14,28,0,0,172.0135,0.7740091914615708
6,14,GB,14,28,0,0,173.014,0.7623126205602604
6,14,GB,14,28,0,0,174.0137,0.7378690837213289
6,14,GB,14,28,0,0,175.0137,0.7820676117922674
6,14,GB,14,28,0,0,176.0139,0.7495826872597118
6,14,GB,14,28,0,0,177.0143,0.735521509245023
6,14,GB,14,28,0,0,178.0135,0.7037445483106235
6,14,GB,14,28,0,0,179.0138,0.6708440278283057
6,14,GB,14,28,0,0,180.0135,0.6636209679762857
6,14,GB,14,28,0,0,181.0143,0.6033523599054431
6,14,GB,14,28,0,0,182.0144,0.6485087382935496
6,14,GB,14,28,0,0,183.0134,0.6485087382935496
6,14,GB,14,28,0,0,184.0142,0.6453166051189421
6,14,GB,14,28,0,0,185.0128,0.6440414001572078
6,14,GB,14,28,0,0,186.0135,0.6624450080670089
6,14,GB,14,28,0,0,187.0139,0.6692410723207767
6,14,GB,14,28,0,0,188.0138,0.7123738303168998
6,14,GB,14,28,0,0,189.015,0.677922269252167
6,14,GB,14,28,0,0,190.0154,0.6769738865628931
6,14,GB,14,28,0,0,191.0153,0.7495789160520956
6,14,GB,14,28,0,0,192.015,0.5557684792374961
6,14,GB,14,28,0,0,193.0144,0.6330463547100897
6,14,GB,14,28,0,0,194.0154,0.6244589379083356
6,14,GB,14,28,0,0,195.0154,0.6606929748028562
6,14,GB,14,28,0,0,196.0153,0.7238965502873433
6,14,GB,14,28,0,0,197.0166,0.730361943042493
6,14,GB,14,28,0,0,198.0156,0.6593235646396224
6,14,GB,14,28,0,0,199.0165,0.13430480100177808
6,14,GB,14,28,0,0,200.0164,0.045160682455455625
6,14,GB,14,28,0,0,201.0146,0.027874100843771635
6,14,GB,14,28,0,0,202.0159,0.03061007297398697
6,14,GB,14,28,0,0,203.0147,0.02961774963757268
6,14,GB,14,28,0,0,204.015,0.025752236292302395
6,14,GB,14,28,0,0,205.0149,0.02377178638774845
6,14,GB,14,28,0,0,206.0154,0.02343442246864769
6,14,GB,14,28,0,0,207.0155,0.023069405904194262
6,14,GB,14,28,0,0,208.0162,0.03064517943032032
6,14,GB,14,28,0,0,209.0153,0.02810208403572602
6,14,GB,14,28,0,0,210.0164,0.026628238815658123
6,14,GB,14,28,0,0,211.0156,0.026628238815658123
6,14,GB,14,28,0,0,212.0163,0.02704800611808381
6,14,GB,14,28,0,0,213.0176,0.02862382423666065
6,14,GB,14,28,0,0,214.0176,0.02704800611808381
6,14,GB,14,28,0,0,215.0165,0.028421478153913677
6,14,GB,14,28,0,0,216.0159,0.03673239996998223
6,14,GB,14,28,0,0,217.0159,0.04093093850590134
6,14,GB,14,28,0,0,218.0158,0.036405813425685656
6,14,GB,14,28,0,0,219.0164,0.035846169650192175
6,14,GB,14,28,0,0,220.0166,0.036405813425685656
6,14,GB,14,28,0,0,221.016,0.04128066642720888
6,14,GB,14,28,0,0,222.0175,0.04240076962543832
6,14,GB,14,28,0,0,223.0178,0.03755597803189529
6,14,GB,14,28,0,0,224.0176,0.12007486892725366
6,14,GB,14,28,0,0,225.018,0.6461376683615823
6,14,GB,14,28,0,0,226.0181,0.7446266709065839
6,14,GB,14,28,0,0,227.018,0.6590902979551071
6,14,GB,14,28,0,0,228.0176,0.6688501094643621
6,14,GB,14,28,0,0,229.0186,0.6607811676043698
6,14,GB,14,28,0,0,230.0179,0.6604567689991668
6,14,GB,14,28,0,0,231.0177,0.6564516290144768
6,14,GB,14,28,0,0,232.0178,0.6090747188419472
6,14,GB,14,28,0,0,233.018,0.09556468030704833
6,14,GB,14,28,0,0,234.017,0.0446914393685894
6,14,GB,14,28,0,0,235.0178,0.04284952499673946
6,14,GB,14,28,0,0,236.0177,0.02569399333992339
6,14,GB,14,28,0,0,237.0187,0.03516974464242819
6,14,GB,14,28,0,0,238.0185,0.055869879614748874
6,14,GB,14,28,0,0,239.0183,0.036632873381212634
6,14,GB,14,28,0,0,240.0186,0.03415119008761305
6,14,GB,14,28,0,0,241.0184,0.035551272630365616
6,14,GB,14,28,0,0,242.0192,0.03160272810099196
6,14,GB,14,28,0,0,243.018,0.040723372678203036
6,14,GB,14,28,0,0,244.0168,0.04337053384611504
6,14,GB,14,28,0,0,245.0174,0.0473674873655043
6,14,GB,14,28,0,0,246.0177,0.0576609314442088
6,14,GB,14,28,0,0,247.0178,0.05565585639759045
6,14,GB,14,28,0,0,248.0176,0.05482492064412367
6,14,GB,14,28,0,0,249.0175,0.037402959613732085
6,14,GB,14,28,0,0,250.0193,0.03585238161459518
6,14,GB,14,28,0,0,251.0192,0.04552085484680621
6,14,GB,14,28,0,0,252.0187,0.055130784398516264
6,14,GB,14,28,1,3,253.0184,0.04756485127245806
6,14,GB,14,28,1,3,254.0191,0.042090225619983754
6,14,GB,14,28,1,3,255.0188,0.05163720616747712
6,14,GB,14,28,1,3,256.019,0.05636919132379126
6,14,GB,14,28,1,3,257.009,0.03694838614230492
6,14,GB,14,28,1,3,258.009,0.036647198073464116
6,14,GB,14,28,1,3,259.0089,0.03488236059441403
6,14,GB,14,28,1,3,260.0201,0.034197131777661
6,14,GB,14,28,1,3,261.0089,0.09902914890321596
6,14,GB,14,28,1,3,262.0198,0.1545204054018038
6,14,GB,14,28,1,3,263.0199,0.1583203084987149
6,14,GB,14,28,1,3,264.0095,0.16040043094637102
6,14,GB,14,28,1,3,265.0092,0.1583203084987149
6,14,GB,14,28,1,3,266.0198,0.17611367016135507
6,14,GB,14,28,1,3,267.02,0.17149307568766803
6,14,GB,14,28,1,3,268.0094,0.25858323464966876
6,14,GB,14,28,1,3,269.0094,0.30213494555223436
6,14,GB,14,28,1,3,270.0103,0.26492589743841033
6,14,GB,14,28,1,3,271.01,0.26492589743841033
6,14,GB,14,28,1,3,272.0204,0.2375863000702528
6,14,GB,14,28,1,3,273.0203,0.136780761914629
6,14,GB,14,28,1,3,274.0092,0.12032103226331624
6,14,GB,14,28,1,3,275.0203,0.12032103226331624
6,14,GB,14,28,1,3,276.0095,0.1364332931059341
6,14,GB,14,28,1,3,277.0092,0.09432775716282141
6,14,GB,14,28,1,3,278.0089,0.09802956544123245
6,14,GB,14,28,1,3,279.011,0.09854142517750775
6,14,GB,14,28,1,3,280.0101,0.09050259716909698
6,14,GB,14,28,1,3,281.0095,0.08992547365944754
6,14,GB,14,28,1,3,282.0099,0.10291123769672825
6,14,GB,14,28,1,3,283.0117,0.10892534431332526
6,14,GB,14,28,1,3,284.0094,0.14468611759958594
6,14,GB,14,28,1,3,285.0087,0.12465308400058817
6,14,GB,14,28,1,3,286.0101,0.11615299146085512
6,14,GB,14,28,1,3,287.0098,0.08243158645206075
6,14,GB,14,28,1,3,288.0103,0.12673197999339172
6,14,GB,14,28,1,3,289.0108,0.08736316053925956
6,14,GB,14,28,1,3,290.0102,0.09944009786015688
6,14,GB,14,28,1,3,291.0107,0.1261951727664409
6,14,GB,14,28,1,3,292.0105,0.1079763758116271
6,14,GB,14,28,1,3,293.0114,0.1151764843281447
6,14,GB,14,28,1,2,294.0107,0.13873091984946442
6,14,GB,14,28,1,2,295.0113,0.1544244799359612
6,14,GB,14,28,1,2,296.0103,0.17241785265174955
6,14,GB,14,28,1,2,297.0109,0.1632039008557041
6,14,GB,14,28,1,2,298.0119,0.17462122276677308
6,14,GB,14,28,1,2,299.0108,0.17668476675166522
6,14,GB,14,28,1,2,300.0102,0.1657436270011495
6,14,GB,14,28,1,2,301.0107,0.20857349453394786
6,14,GB,6,29,0,0,0.0112192,0.00010141379389370991
6,14,GB,6,29,0,0,1.011824,0.00011123418427773341
6,14,GB,6,29,0,0,2.016775,0.0002916125739473393
6,14,GB,6,29,0,0,3.01134,0.00010185629225115562
6,14,GB,6,29,0,0,4.016446,0.0001965068745203156
6,14,GB,6,29,0,0,5.010691,0.0001275847407129943
6,14,GB,6,29,0,0,6.014781,8.080518278637997e-05
6,14,GB,6,29,0,0,7.021184,7.831133817996015e-05
6,14,GB,6,29,0,0,8.014297,7.271832331482481e-05
6,14,GB,6,29,0,0,9.017834,8.5926134893042e-05
6,14,GB,6,29,0,0,10.0143,8.82953085528811e-05
6,14,GB,6,29,0,0,11.0198,8.781668910738553e-05
6,14,GB,6,29,0,0,12.01373,8.082364165362651e-05
6,14,GB,6,29,0,0,13.01924,7.778554477885297e-05
6,14,GB,6,29,0,0,14.01323,9.571726821266649e-05
6,14,GB,6,29,0,0,15.01874,7.342615073121773e-05
6,14,GB,6,29,0,0,16.02178,7.454771024696007e-05
6,14,GB,6,29,0,0,17.0179,6.620594376216322e-05
6,14,GB,6,29,0,0,18.01236,6.620594376216322e-05
6,14,GB,6,29,0,0,19.01663,8.431559939984803e-05
6,14,GB,6,29,0,0,20.01117,7.780445097106945e-05
6,14,GB,6,29,0,0,21.01589,8.66118654583173e-05
6,14,GB,6,29,0,0,22.01227,0.000101381607595294
6,14,GB,6,29,0,0,23.01739,7.720031962887196e-05
6,14,GB,6,29,0,0,24.01122,6.481398789827582e-05
6,14,GB,6,29,0,0,25.01702,8.254292604960237e-05
6,14,GB,6,29,0,0,26.0217,7.821914208447025e-05
6,14,GB,6,29,0,0,27.01569,6.958755043267474e-05
6,14,GB,6,29,0,0,28.02129,9.077932859443094e-05
6,14,GB,6,29,0,0,29.01555,8.336360454572821e-05
6,14,GB,6,29,0,0,30.01976,8.123332382524583e-05
6,14,GB,6,29,0,0,31.01329,0.0004450521602010468
6,14,GB,6,29,0,0,32.02007,0.00041933269825068293
6,14,GB,6,29,0,0,33.01092,0.0003015718828012606
6,14,GB,6,29,0,0,34.01912,0.00027910980092960165
6,14,GB,6,29,0,0,35.01377,0.00042609968316394435
6,14,GB,6,29,0,0,36.01718,0.0004153087209282974
6,14,GB,6,29,0,0,37.01274,0.0003630064002532957
6,14,GB,6,29,0,0,38.01831,0.0004282920924055996
6,14,GB,6,29,0,0,39.01217,0.0001904129293657899
6,14,GB,6,29,0,0,40.01754,0.0002988378004814069
6,14,GB,6,29,0,0,41.01052,0.0002904184922705258
6,14,GB,6,29,0,0,42.01724,0.0002222271612303885
6,14,GB,6,29,0,0,43.02027,0.00021394004246674082
6,14,GB,6,29,0,0,44.01577,0.00019817208469692367
6,14,GB,6,29,0,0,45.02153,0.00021482767184133575
6,14,GB,6,29,0,0,46.01505,0.0002350373652752774
6,14,GB,6,29,0,0,47.02,0.0002360125060038757
6,14,GB,6,29,0,0,48.01451,0.00025014447946228427
6,14,GB,6,29,0,0,49.02043,0.000271523019394127
6,14,GB,6,29,0,0,50.01405,0.00034651160294093777
6,14,GB,6,29,0,0,51.02033,0.0002703836670716756
6,14,GB,6,29,0,0,52.01211,0.00048616855977180176
6,14,GB,6,29,0,0,53.01879,0.0004913230080972228
6,14,GB,6,29,0,0,54.01346,0.0004273126023734043
6,14,GB,6,29,0,0,55.01865,0.0003358905890831588
6,14,GB,6,29,0,0,56.0123,0.00024478359141029795
6,14,GB,6,29,0,0,57.01873,0.0002004149996889772
6,14,GB,6,29,0,0,58.01094,0.00022212032093779614
6,14,GB,6,29,0,0,59.01741,0.00035610989704997273
6,14,GB,6,29,0,0,60.01103,0.00035610989704997273
6,14,GB,6,29,0,0,61.01686,0.0013031911595502161
6,14,GB,6,29,0,0,62.02135,0.0008164575207203452
6,14,GB,6,29,0,0,63.01606,0.0006070597745702608
6,14,GB,6,29,0,0,64.01111,0.0005049387210754605
6,14,GB,6,29,0,0,65.01536,0.0006146990735236701
6,14,GB,6,29,0,0,66.01973,0.0006382258732536479
6,14,GB,6,29,0,0,67.01254,0.0005549587355401435
6,14,GB,6,29,0,0,68.02018,0.0006116909819154203
6,14,GB,6,29,0,0,69.01416,0.0006014601990564051
6,14,GB,6,29,0,0,70.02119,0.0005400887036162815
6,14,GB,6,29,0,0,71.01406,0.0005762407609761781
6,14,GB,6,29,0,0,72.01811,0.0005437986566827412
6,14,GB,6,29,0,0,73.01423,0.0004729053760109716
6,14,GB,6,29,0,0,74.01737,0.0004964263362824994
6,14,GB,6,29,0,0,75.01094,0.0004873398174349508
6,14,GB,6,29,0,0,76.0176,0.0005524526551920827
6,14,GB,6,29,0,0,77.02081,0.0006118181412758483
6,14,GB,6,29,0,0,78.01769,0.0023378221842460007
6,14,GB,6,29,0,0,79.01154,0.002739267031156759
6,14,GB,6,29,0,0,80.01762,0.0023537799505940803
6,14,GB,6,29,0,0,81.01078,0.0026957278642286745
6,14,GB,6,29,0,0,82.01668,0.0025314721659914076
6,14,GB,6,29,0,0,83.01159,0.004254655659368871
6,14,GB,6,29,0,0,84.0154,0.015287971898370898
6,14,GB,6,29,0,0,85.0213,0.015287971898370898
6,14,GB,6,29,0,0,86.01613,0.013664365414541973
6,14,GB,6,29,0,0,87.02153,0.010238241785761456
6,14,GB,6,29,0,0,88.01397,0.010026382537702088
6,14,GB,6,29,0,0,89.02009,0.012924317767114822
6,14,GB,6,29,0,0,90.0147,0.01058730618455623
6,14,GB,6,29,0,0,91.01833,0.01174224676016854
6,14,GB,6,29,0,0,92.01338,0.011740158506686617
6,14,GB,6,29,0,0,93.01836,0.010640969432830185
6,14,GB,6,29,0,0,94.01306,0.012878991311928337
6,14,GB,6,29,0,0,95.01991,0.013162164253277943
6,14,GB,6,29,0,0,96.01231,0.013225167065558263
6,14,GB,6,29,0,0,97.01806,0.012026976776582014
6,14,GB,6,29,0,0,98.01287,0.013340691633094414
6,14,GB,6,29,0,0,99.0177,0.013340691633094414
6,14,GB,6,29,0,0,100.0129,0.012044107279924122
6,14,GB,6,29,0,0,101.0174,0.012044107279924122
6,14,GB,6,29,0,0,102.012,0.013286291009893399
6,14,GB,6,29,0,0,103.0166,0.013340691633094414
6,14,GB,6,29,0,0,104.0114,0.013340691633094414
6,14,GB,6,29,0,0,105.016,0.013496230976346528
6,14,GB,6,29,0,0,106.0215,0.013496230976346528
6,14,GB,6,29,0,0,107.0152,0.012184716410503551
6,14,GB,6,29,0,0,108.0193,0.011660466706261141
6,14,GB,6,29,0,0,109.015,0.011708289394226412
6,14,GB,6,29,0,0,110.0205,0.011735841691750105
6,14,GB,6,29,0,0,111.0144,0.01749705708294366
6,14,GB,6,29,0,0,112.0205,0.01749705708294366
6,14,GB,6,29,0,0,113.0114,0.017810718094023112
6,14,GB,6,29,0,0,114.0195,0.017738417318540527
6,14,GB,6,29,0,0,115.0128,0.017738417318540527
6,14,GB,6,29,0,0,116.0194,0.019730872461800955
6,14,GB,6,29,0,0,117.0126,0.01972697084026783
6,14,GB,6,29,0,0,118.0177,0.019647046836589452
6,14,GB,6,29,0,0,119.0121,0.02564580969107559
6,14,GB,6,29,0,0,120.0173,0.014832999440795167
6,14,GB,6,29,0,0,121.0209,0.014832999440795167
6,14,GB,6,29,0,0,122.0168,0.016424825033365432
6,14,GB,6,29,0,0,123.0214,0.016135169761918575
6,14,GB,6,29,0,0,124.0167,0.004368376877213234
6,14,GB,6,29,0,0,125.021,0.004476575205399001
6,14,GB,6,29,0,0,126.0145,0.006382815467270881
6,14,GB,6,29,0,0,127.0109,0.00667912379028361
6,14,GB,6,29,0,0,128.0153,0.006246383630197739
6,14,GB,6,29,0,0,129.0204,0.005990817710490171
6,14,GB,6,29,0,0,130.0143,0.017138822756556264
6,14,GB,6,29,0,0,131.0208,0.019116341676613927
6,14,GB,6,29,0,0,132.0134,0.019116341676613927
6,14,GB,6,29,0,0,133.019,0.019116341676613927
6,14,GB,6,29,0,0,134.0134,0.020745484158220535
6,14,GB,6,29,0,0,135.0182,0.02346981648770714
6,14,GB,6,29,0,0,136.0138,0.02435254627010719
6,14,GB,6,29,0,0,137.0193,0.020377646857245343
6,14,GB,6,29,0,0,138.0129,0.0233646707719287
6,14,GB,6,29,0,0,139.018,0.02096249655175269
6,14,GB,6,29,0,0,140.0114,0.011090599548890207
6,14,GB,6,29,0,0,141.0173,0.011150982444850355
6,14,GB,6,29,0,0,142.0123,0.3013250509034201
6,14,GB,6,29,0,0,143.0174,0.3442579890084001
6,14,GB,6,29,0,0,144.0198,0.3528464731877917
6,14,GB,6,29,0,0,145.0158,0.3442579890084001
6,14,GB,6,29,0,0,146.022,0.3442579890084001
6,14,GB,6,29,0,0,147.0161,0.3285531618163586
6,14,GB,6,29,0,0,148.0215,0.339213960909001
6,14,GB,6,29,0,0,149.0159,0.1797574589241807
6,14,GB,6,29,0,0,150.0214,0.1797574589241807
6,14,GB,6,29,0,0,151.0148,0.15894147477305073
6,14,GB,6,29,0,0,152.0203,0.15894147477305073
6,14,GB,6,29,0,0,153.015,0.1602909666250306
6,14,GB,6,29,0,0,154.0197,0.1376950503437825
6,14,GB,6,29,0,0,155.0137,0.1307359434224835
6,14,GB,6,29,0,0,156.0195,0.1198589669290564
6,14,GB,6,29,0,0,157.0139,0.1198589669290564
6,14,GB,6,29,0,0,158.0179,0.11817634375849029
6,14,GB,6,29,0,0,159.0134,0.09409019442939939
6,14,GB,6,29,0,0,160.0171,0.09274142053227145
6,14,GB,6,29,0,0,161.0113,0.10145176237867701
6,14,GB,6,29,0,0,162.0164,0.10804798929711854
6,14,GB,6,29,0,0,163.022,0.10804798929711854
6,14,GB,6,29,0,0,164.0161,0.10804798929711854
6,14,GB,6,29,0,0,165.022,0.11141919019317789
6,14,GB,6,29,0,0,166.0165,0.1158931434833516
6,14,GB,6,29,0,0,167.0112,0.12964209972037188
6,14,GB,6,29,0,0,168.0158,0.1676505671437886
6,14,GB,6,29,0,0,169.0202,0.17339045061555722
6,14,GB,6,29,0,0,170.0141,0.17339045061555722
6,14,GB,6,29,0,0,171.0207,0.1621259964963879
6,14,GB,6,29,0,0,172.0139,0.14907058041507143
6,14,GB,6,29,0,0,173.0192,0.1621259964963879
6,14,GB,6,29,0,0,174.013,0.1621259964963879
6,14,GB,6,29,0,0,175.0175,0.1621259964963879
6,14,GB,6,29,0,0,176.0135,0.12817769690937175
6,14,GB,6,29,0,0,177.0181,0.16116567119925912
6,14,GB,6,29,0,0,178.0124,0.15130268022159093
6,14,GB,6,29,0,0,179.0186,0.16451578651834678
6,14,GB,6,29,0,0,180.0117,0.11878972958467218
6,14,GB,6,29,0,0,181.0171,0.17837794344487062
6,14,GB,6,29,0,0,182.0113,0.17837794344487062
6,14,GB,6,29,0,0,183.0171,0.1640439040603768
6,14,GB,6,29,0,0,184.0217,0.1909448599457079
6,14,GB,6,29,0,0,185.0134,0.16498723599492301
6,14,GB,6,29,0,0,186.0216,0.1539002238447168
6,14,GB,6,29,0,0,187.0153,0.11937536566584499
6,14,GB,6,29,0,0,188.0214,0.16899210777056445
6,14,GB,6,29,0,0,189.0154,0.057792762301165056
6,14,GB,6,29,0,0,190.0175,0.05997069625894783
6,14,GB,6,29,0,0,191.0144,0.058071058603155395
6,14,GB,6,29,0,0,192.0198,0.0580810201534912
6,14,GB,6,29,0,0,193.0143,0.055945098344185026
6,14,GB,6,29,0,0,194.0198,0.014029053061092622
6,14,GB,6,29,0,0,195.0145,0.013359629147114912
6,14,GB,6,29,0,0,196.0186,0.010702314653988633
6,14,GB,6,29,0,0,197.0138,0.020257007203083672
6,14,GB,6,29,0,0,198.0177,0.03879829487346471
6,14,GB,6,29,0,0,199.0128,0.04151764076107079
6,14,GB,6,29,0,0,200.015,0.03115976433395376
6,14,GB,6,29,0,0,201.0131,0.02740221164138714
6,14,GB,6,29,0,0,202.0175,0.03140930302489182
6,14,GB,6,29,0,0,203.0224,0.029719744430283357
6,14,GB,6,29,0,0,204.0173,0.027530438650674446
6,14,GB,6,29,0,0,205.0222,0.027292987839202906
6,14,GB,6,29,0,0,206.0159,0.029075911155150496
6,14,GB,6,29,0,0,207.0197,0.029075911155150496
6,14,GB,6,29,0,0,208.0167,0.029075911155150496
6,14,GB,6,29,0,0,209.0206,0.029075911155150496
6,14,GB,6,29,0,0,210.0151,0.02677975681970458
6,14,GB,6,29,0,0,211.0197,0.02677975681970458
6,14,GB,6,29,0,0,212.0139,0.022428175155447275
6,14,GB,6,29,0,0,213.0196,0.02422183931925274
6,14,GB,6,29,0,0,214.0141,0.01963695802209456
6,14,GB,6,29,0,0,215.0178,0.009345146998735636
6,14,GB,6,29,0,0,216.012,0.011268854018362666
6,14,GB,6,29,0,0,217.0189,0.012124080230267412
6,14,GB,6,29,0,0,218.0127,0.011711224749840803
6,14,GB,6,29,0,0,219.0185,0.011711224749840803
6,14,GB,6,29,0,0,220.0132,0.011711224749840803
6,14,GB,6,29,0,0,221.0173,0.011711224749840803
6,14,GB,6,29,0,0,222.0124,0.011711224749840803
6,14,GB,6,29,0,0,223.017,0.013062659500398302
6,14,GB,6,29,0,0,224.0219,0.009415185262853338
6,14,GB,6,29,0,0,225.0162,0.01133425101293397
6,14,GB,6,29,0,0,226.0217,0.01133425101293397
6,14,GB,6,29,0,0,227.0157,0.023764113669615144
6,14,GB,6,29,0,0,228.0207,0.027938829013968047
6,14,GB,6,29,0,0,229.0154,0.027492882670009686
6,14,GB,6,29,0,0,230.0205,0.027492882670009686
6,14,GB,6,29,0,0,231.0153,0.029679293030261393
6,14,GB,6,29,0,0,232.0194,0.02890190913045218
6,14,GB,6,29,0,0,233.0133,0.018797801914701
6,14,GB,6,29,0,0,234.0184,0.018797801914701
6,14,GB,6,29,0,0,235.0122,0.007953239479722752
6,14,GB,6,29,0,0,236.0163,0.002953272548782535
6,14,GB,6,29,0,0,237.0122,0.002953272548782535
6,14,GB,6,29,0,0,238.0178,0.006213877103267345
6,14,GB,6,29,0,0,239.0128,0.002936088983617331
6,14,GB,6,29,0,0,240.0172,0.002936088983617331
6,14,GB,6,29,0,0,241.0219,0.006719737364329252
6,14,GB,6,29,0,0,242.0162,0.006800074355690374
6,14,GB,6,29,0,0,243.0118,0.006461935832339626
6,14,GB,6,29,0,0,244.017,0.006110550280740097
6,14,GB,6,29,0,0,245.0216,0.006608054828145369
6,14,GB,6,29,0,0,246.0154,0.007049895668394564
6,14,GB,6,29,0,0,247.0208,0.006768964291221043
6,14,GB,6,29,0,0,248.0148,0.0030809233487624236
6,14,GB,6,29,0,0,249.0202,0.0030809233487624236
6,14,GB,6,29,0,0,250.0158,0.007049895668394564
6,14,GB,6,29,0,0,251.0202,0.0029623079278286763
6,14,GB,6,29,0,0,252.0149,0.0030809233487624236
6,14,GB,6,29,0,0,253.0197,0.003024576711973038
6,14,GB,6,29,0,0,254.0136,0.003737083122763197
6,14,GB,6,29,0,0,255.0182,0.0029021960885371708
6,14,GB,6,29,0,0,256.0139,0.0029039110310779977
6,14,GB,6,29,0,0,257.0173,0.0037533302249562923
6,14,GB,6,29,0,0,258.013,0.0029795041558175277
6,14,GB,6,29,0,0,259.0187,0.003125235793428167
6,14,GB,6,29,0,0,260.021,0.010401336241453892
6,14,GB,6,29,0,0,261.0178,0.01081459102043702
6,14,GB,6,29,0,0,262.0128,0.01081459102043702
6,14,GB,6,29,0,0,263.0165,0.01081459102043702
6,14,GB,6,29,0,0,264.022,0.01081459102043702
6,14,GB,6,29,0,0,265.0162,0.01145884159167367
6,14,GB,6,29,0,0,266.0201,0.01145884159167367
6,14,GB,6,29,0,0,267.0135,0.011456836055434048
6,14,GB,6,29,0,0,268.0216,0.011019312747948927
6,14,GB,6,29,0,0,269.0137,0.01145884159167367
6,14,GB,6,29,0,0,270.0212,0.012781528862654774
6,14,GB,6,29,0,0,271.0142,0.018011536953368695
6,14,GB,6,29,0,0,272.0176,0.017982363767142993
6,14,GB,6,29,0,0,273.0138,0.017951411215302533
6,14,GB,6,29,0,0,274.0176,0.00461949688116057
6,14,GB,6,29,0,0,275.0136,0.004308559459413714
6,14,GB,6,29,0,0,276.0194,0.004382586310236462
6,14,GB,6,29,0,0,277.011,0.005014789898009515
6,14,GB,6,29,0,0,278.0184,0.006023994233908912
6,14,GB,6,29,0,0,279.0128,0.006264434072647776
6,14,GB,6,29,0,0,280.0181,0.012312471094771186
6,14,GB,6,29,0,0,281.0127,0.013956791276225173
6,14,GB,6,29,0,0,282.0156,0.013425094126051246
6,14,GB,6,29,0,0,283.0111,0.013425094126051246
6,14,GB,6,29,0,0,284.0166,0.013736633616283318
6,14,GB,6,29,0,0,285.0219,0.03841618528484013
6,14,GB,6,29,0,0,286.016,0.03474734589979089
6,14,GB,6,29,0,0,287.0216,0.059144428670274744
6,14,GB,6,29,0,0,288.0144,0.07168575856161509
6,14,GB,6,29,0,0,289.0197,0.06496699928925964
6,14,GB,6,29,0,0,290.0124,0.07168575856161509
6,14,GB,6,29,0,0,291.018,0.06496699928925964
6,14,GB,6,29,0,0,292.0144,0.06496699928925964
6,14,GB,6,29,0,0,293.0191,0.07154291913254046
6,14,GB,6,29,0,0,294.0126,0.08127298328797924
6,14,GB,6,29,0,0,295.0191,0.0710824694391362
6,14,GB,6,29,0,0,296.0124,0.06140846855855332
6,14,GB,6,29,0,0,297.0182,0.06045689272048941
6,14,GB,6,29,0,0,298.0114,0.061712466557820644
6,14,GB,6,29,0,0,299.0173,0.05815147641758689
6,14,GB,6,29,0,0,300.0121,0.05146962647565622
6,14,GB,6,29,0,0,301.018,0.05864209006588158
6,14,LR,6,8,0,0,0.0111263,0.000996320479726854
6,14,LR,6,8,0,0,1.012533,0.0029099858721132856
6,14,LR,6,8,0,0,2.006725,0.005545570885278818
6,14,LR,6,8,0,0,3.011544,0.002765608483453428
6,14,LR,6,8,0,0,4.002677,0.005092780263828942
6,14,LR,6,8,0,0,5.009711,0.008800202242542838
6,14,LR,6,8,0,0,6.004739,0.013144067909548621
6,14,LR,6,8,0,0,7.009674,0.016122553556210256
6,14,LR,6,8,0,0,8.003508,0.01606568518038251
6,14,LR,6,8,0,0,9.006954,0.012952468470092834
6,14,LR,6,8,0,0,10.00293,0.013505595502310674
6,14,LR,6,8,0,0,11.00604,0.015290681865991154
6,14,LR,6,8,1,1,12.00364,0.015595130086521301
6,14,LR,6,8,1,1,13.00802,0.01568327164575359
6,14,LR,6,8,1,1,14.00243,0.018163238366539294
6,14,LR,6,8,1,1,15.00691,0.017672873436328247
6,14,LR,6,8,1,1,16.01181,0.022382798573070437
6,14,LR,6,8,1,1,17.00746,0.021092236115689444
6,14,LR,6,8,1,1,18.01327,0.027975619678328418
6,14,LR,6,8,1,1,19.00703,0.02667096914676362
6,14,LR,6,8,1,1,20.01132,0.02464381444418742
6,14,LR,6,8,1,1,21.00361,0.023045504819427534
6,14,LR,6,8,1,1,22.01139,0.0259892043687912
6,14,LR,6,8,1,1,23.00565,0.02877241864863088
6,14,LR,6,8,1,1,24.01185,0.028788051649338314
6,14,LR,6,8,1,1,25.00333,0.031083352043948333
6,14,LR,6,8,1,1,26.01048,0.03251672609097278
6,14,LR,6,8,1,1,27.0047,0.03015984865810124
6,14,LR,6,8,1,1,28.00931,0.03369148646044304
6,14,LR,6,8,1,1,29.00375,0.03656636765298537
6,14,LR,6,8,1,1,30.00954,0.04608744875406137
6,14,LR,6,8,1,1,31.00254,0.04892928495404034
6,14,LR,6,8,1,1,32.00864,0.02972675117547484
6,14,LR,6,8,1,1,33.0032,0.05482980633024331
6,14,LR,6,8,1,1,34.00835,0.05549040782452363
6,14,LR,6,8,1,1,35.01365,0.0484749948350482
6,14,LR,6,8,1,1,36.00763,0.056918499297456744
6,14,LR,6,8,1,1,37.01249,0.06302429687901806
6,14,LR,6,8,1,1,38.00724,0.06331839660408306
6,14,LR,6,8,1,1,39.01177,0.05975142266570126
6,14,LR,6,8,1,1,40.00622,0.06482296131383744
6,14,LR,6,8,1,1,41.01126,0.06806398278502036
6,14,LR,6,8,1,1,42.00632,0.06942326002753522
6,14,LR,6,8,1,1,43.01094,0.07265919293632599
6,14,LR,6,8,1,1,44.00538,0.06536414307235952
6,14,LR,6,8,1,1,45.00897,0.07818656404770227
6,14,LR,6,8,1,1,46.00489,0.07826754922765126
6,14,LR,6,8,1,1,47.00764,0.07903575196580201
6,14,LR,6,8,1,1,48.00322,0.09176618845632531
6,14,LR,6,8,1,1,49.0089,0.05840242986478596
6,14,LR,6,8,1,1,50.00442,0.07091861293511051
6,14,LR,6,8,1,1,51.00952,0.08016870539132424
6,14,LR,6,8,1,1,52.00426,0.09483823914734421
6,14,LR,6,8,1,1,53.00848,0.11589614500889601
6,14,LR,6,8,1,1,54.00241,0.12045174401444089
6,14,LR,6,8,1,1,55.00602,0.12811152489263977
6,14,LR,6,8,1,1,56.01323,0.13956852895571192
6,14,LR,6,8,1,1,57.00426,0.14398143421341755
6,14,LR,6,8,1,1,58.01067,0.14327778323821752
6,14,LR,6,8,1,1,59.0066,0.1465906543902123
6,14,LR,6,8,1,1,60.01128,0.1456809673945988
6,14,LR,6,8,1,1,61.00568,0.12760214116981647
6,14,LR,6,8,1,1,62.01031,0.12142075284235403
6,14,LR,6,8,1,1,63.005,0.13993965797246932
6,14,LR,6,8,1,1,64.01,0.1325880126867806
6,14,LR,6,8,1,1,65.00407,0.12611375343681336
6,14,LR,6,8,1,1,66.01032,0.12214650969894827
6,14,LR,6,8,1,1,67.00389,0.12076423209513817
6,14,LR,6,8,1,1,68.00977,0.11429155171186678
6,14,LR,6,8,1,1,69.00293,0.11233582444272666
6,14,LR,6,8,1,1,70.00932,0.11963439834750034
6,14,LR,6,8,1,1,71.00261,0.11509980173760087
6,14,LR,6,8,1,1,72.00746,0.10157097023350115
6,14,LR,6,8,1,1,73.00294,0.11559587655273175
6,14,LR,6,8,1,1,74.00814,0.11527522836322945
6,14,LR,6,8,1,1,75.01319,0.10900519600785101
6,14,LR,6,8,1,1,76.00666,0.09943289390135909
6,14,LR,6,8,1,1,77.01159,0.1071407806727601
6,14,LR,6,8,1,1,78.00659,0.11002904805842623
6,14,LR,6,8,1,1,79.01199,0.09800407771698315
6,14,LR,6,8,1,1,80.0071,0.08217763783054137
6,14,LR,6,8,1,1,81.01176,0.10734414059754482
6,14,LR,6,8,1,1,82.00599,0.10746940075843021
6,14,LR,6,8,1,1,83.01203,0.11608136485521842
6,14,LR,6,8,1,1,84.00549,0.1277028801957721
6,14,LR,6,8,1,1,85.01128,0.14183773667234756
6,14,LR,6,8,1,1,86.00328,0.13662263532493893
6,14,LR,6,8,1,1,87.01077,0.1716884440482945
6,14,LR,6,8,1,1,88.00428,0.19360409767185396
6,14,LR,6,8,1,1,89.00924,0.20456545686358504
6,14,LR,6,8,1,1,90.00323,0.23300578869713828
6,14,LR,6,8,1,1,91.00959,0.24707912532455745
6,14,LR,6,8,1,1,92.0034,0.25195586407228754
6,14,LR,6,8,1,1,93.00835,0.27454979405546165
6,14,LR,6,8,1,1,94.01284,0.2899817862707289
6,14,LR,6,8,1,1,95.00739,0.30015457710184473
6,14,LR,6,8,1,1,96.01205,0.20766214854297876
6,14,LR,6,8,1,1,97.00794,0.34839707546254167
6,14,LR,6,8,1,1,98.01041,0.3458874110971372
6,14,LR,6,8,1,1,99.0069,0.37632945137424184
6,14,LR,6,8,1,1,100.0121,0.28842452417430653
6,14,LR,6,8,1,1,101.0061,0.3164857676507542
6,14,LR,6,8,1,1,102.0104,0.3277317524897715
6,14,LR,6,8,1,1,103.0028,0.3311240404041446
6,14,LR,6,8,1,1,104.0098,0.3414664430065293
6,14,LR,6,8,1,1,105.0038,0.34272201905640554
6,14,LR,6,8,1,1,106.0078,0.35176918214063047
6,14,LR,6,8,1,1,107.0034,0.3481608344836075
6,14,LR,6,8,1,1,108.0105,0.36603223158955167
6,14,LR,6,8,1,1,109.0032,0.3405004976632181
6,14,LR,6,8,1,1,110.0085,0.36910222862262465
6,14,LR,6,8,1,1,111.0039,0.4004352114782563
6,14,LR,6,8,1,1,112.0084,0.3827490156951056
6,14,LR,6,8,1,1,113.0033,0.3770957105671939
6,14,LR,6,8,1,1,114.0078,0.35233491442769055
6,14,LR,6,8,1,1,115.0025,0.34847622513574683
6,14,LR,6,8,1,1,116.0068,0.34526920731267596
6,14,LR,6,8,1,1,117.013,0.3280669311699318
6,14,LR,6,8,1,1,118.0074,0.32308860182023436
6,14,LR,6,8,1,1,119.0124,0.31916482736613916
6,14,LR,6,8,1,1,120.0065,0.2867957073595327
6,14,LR,6,8,1,1,121.0116,0.27613005455915357
6,14,LR,6,8,1,1,122.0045,0.2752190919939462
6,14,LR,6,8,1,1,123.0113,0.28013979915313086
6,14,LR,6,8,1,1,124.0041,0.257570619575389
6,14,LR,6,8,1,1,125.0098,0.23586859582546055
6,14,LR,6,8,1,1,126.0048,0.2159386190110296
6,14,LR,6,8,1,1,127.0095,0.11930132935956843
6,14,LR,6,8,1,1,128.0036,0.17833428318236053
6,14,LR,6,8,1,1,129.009,0.17139012937766265
6,14,LR,6,8,1,1,130.0039,0.1737426330696204
6,14,LR,6,8,1,1,131.0088,0.15484285570213402
6,14,LR,6,8,1,1,132.0122,0.1862812715516813
6,14,LR,6,8,1,1,133.0076,0.19197383111448238
6,14,LR,6,8,1,1,134.0139,0.1925613415776013
6,14,LR,6,8,1,1,135.0082,0.1207978340963313
6,14,LR,6,8,1,1,136.0131,0.20710697184046437
6,14,LR,6,8,1,1,137.0078,0.20457973284275552
6,14,LR,6,8,1,1,138.013,0.18431598645191694
6,14,LR,6,8,1,1,139.0039,0.21276392732594865
6,14,LR,6,8,1,1,140.0123,0.21317653376745688
6,14,LR,6,8,1,1,141.0059,0.1362422242423897
6,14,LR,6,8,1,1,142.0129,0.24179170074812012
6,14,LR,6,8,1,1,143.0045,0.23664345037147627
6,14,LR,6,8,1,1,144.0114,0.24470599802799287
6,14,LR,6,8,1,1,145.0053,0.26699042202936074
6,14,LR,6,8,1,1,146.01,0.2458518832918631
6,14,LR,6,8,1,1,147.0052,0.30098849406766015
6,14,LR,6,8,1,1,148.0087,0.3190155509941419
6,14,LR,6,8,1,1,149.0129,0.34478708217107795
6,14,LR,6,8,1,1,150.0087,0.36352381495228103
6,14,LR,6,8,1,1,151.0138,0.3847207207469696
6,14,LR,6,8,1,1,152.0095,0.40247646307948054
6,14,LR,6,8,1,1,153.0142,0.4134747633909598
6,14,LR,6,8,1,1,154.0081,0.42453258442926944
6,14,LR,6,8,1,1,155.0137,0.4442123041661207
6,14,LR,6,8,1,1,156.0075,0.4701870890206462
6,14,LR,6,8,1,1,157.0126,0.47696173491189386
6,14,LR,6,8,1,1,158.0068,0.2750090901326149
6,14,LR,6,8,1,1,159.0132,0.2812583257700821
6,14,LR,6,8,1,1,160.0063,0.31510611724684257
6,14,LR,6,8,1,1,161.0108,0.310804427619956
6,14,LR,6,8,1,1,162.006,0.3053538211866982
6,14,LR,6,8,1,1,163.0109,0.28500370143600195
6,14,LR,6,8,1,1,164.0049,0.243658832855223
6,14,LR,6,8,1,1,165.01,0.27897331778446327
6,14,LR,6,8,1,1,166.0045,0.22686242634218196
6,14,LR,6,8,1,1,167.0095,0.23053997187005593
6,14,LR,6,8,1,1,168.0032,0.20854393161868104
6,14,LR,6,8,1,1,169.0091,0.1885914551897317
6,14,LR,6,8,1,1,170.0035,0.22308541905570142
6,14,LR,6,8,1,1,171.0077,0.22399342091911256
6,14,LR,6,8,1,1,172.0033,0.21848200077170102
6,14,LR,6,8,1,1,173.0079,0.19391387388043085
6,14,LR,6,8,1,1,174.0131,0.21152348725988382
6,14,LR,6,8,1,1,175.0073,0.21848497436994954
6,14,LR,6,8,1,1,176.0123,0.2095206171323548
6,14,LR,6,8,1,1,177.0065,0.17666279458142967
6,14,LR,6,8,1,1,178.0104,0.20292140043552406
6,14,LR,6,8,1,1,179.0055,0.19304772853001856
6,14,LR,6,8,1,1,180.0111,0.16928001494119782
6,14,LR,6,8,1,1,181.0053,0.1898704051601476
6,14,LR,6,8,1,1,182.0111,0.2057811924440239
6,14,LR,6,8,1,1,183.0054,0.16864166172409834
6,14,LR,6,8,1,1,184.0106,0.20433359708759713
6,14,LR,6,8,1,1,185.0048,0.20791128559700128
6,14,LR,6,8,1,1,186.01,0.1368497486733623
6,14,LR,6,8,1,1,187.0047,0.22194693391399567
6,14,LR,6,8,1,1,188.0081,0.21563842168390995
6,14,LR,6,8,1,1,189.0033,0.2495623814853102
6,14,LR,6,8,1,1,190.0063,0.2806465840267298
6,14,LR,6,8,1,1,191.0028,0.30488826982077494
6,14,LR,6,8,1,1,192.0089,0.3411215296262745
6,14,LR,6,8,1,1,193.0028,0.38673491001261573
6,14,LR,6,8,1,1,194.0075,0.4186366763397663
6,14,LR,6,8,1,1,195.0103,0.3022821738063019
6,14,LR,6,8,1,1,196.0071,0.48153598047319135
6,14,LR,6,8,1,1,197.013,0.38462736158150723
6,14,LR,6,8,1,1,198.0058,0.5400113083170951
6,14,LR,6,8,1,1,199.0128,0.5573612046243602
6,14,LR,6,8,1,1,200.0057,0.5668368930740991
6,14,LR,6,8,1,1,201.0118,0.599251838993659
6,14,LR,6,8,1,1,202.0059,0.3939029799339119
6,14,LR,6,8,1,1,203.0114,0.3926370961235485
6,14,LR,6,8,1,1,204.0047,0.4503621986230588
6,14,LR,6,8,1,1,205.0115,0.48171479235338693
6,14,LR,6,8,1,1,206.0058,0.4602348816737083
6,14,LR,6,8,1,1,207.0091,0.46928851480906025
6,14,LR,6,8,1,1,208.0048,0.5040889107728711
6,14,LR,6,8,1,1,209.0109,0.4809971945049247
6,14,LR,6,8,1,1,210.0142,0.45479100238301545
6,14,LR,6,8,1,1,211.0105,0.3454978158454892
6,14,LR,6,8,1,1,212.0143,0.3235255276254608
6,14,LR,6,8,1,1,213.0075,0.4564963002825057
6,14,LR,6,8,1,1,214.0034,0.30039975391132173
6,14,LR,6,8,1,1,215.0077,0.4243550853000817
6,14,LR,6,8,1,1,216.0128,0.4246901551438378
6,14,LR,6,8,1,1,217.0073,0.4059343199345928
6,14,LR,6,8,1,1,218.0133,0.39985314520845344
6,14,LR,6,8,1,1,219.0063,0.2669460666458803
6,14,LR,6,8,1,1,220.0116,0.38797586198910083
6,14,LR,6,8,1,1,221.0034,0.3711146731404171
6,14,LR,6,8,1,1,222.0124,0.3275781897302752
6,14,LR,6,8,1,1,223.0052,0.3450561089919939
6,14,LR,6,8,1,1,224.0106,0.3444973594664172
6,14,LR,6,8,1,1,225.0051,0.33151735555983974
6,14,LR,6,8,1,1,226.011,0.32343127046684245
6,14,LR,6,8,1,1,227.0034,0.33980701933497093
6,14,LR,6,8,1,1,228.0098,0.3357901552441584
6,14,LR,6,8,1,1,229.0035,0.34844648698753805
6,14,LR,6,8,1,1,230.0087,0.3787957663290047
6,14,LR,6,8,1,1,231.003,0.3218904644247732
6,14,LR,6,8,1,1,232.008,0.3496587935191825
6,14,LR,6,8,1,1,233.0139,0.38001122178791774
6,14,LR,6,8,1,1,234.0074,0.40279455921509566
6,14,LR,6,8,1,1,235.0029,0.43500508860868203
6,14,LR,6,8,1,1,236.0081,0.33750501064096056
6,14,LR,6,8,1,1,237.012,0.5284038036591946
6,14,LR,6,8,1,1,238.0068,0.5150598189737419
6,14,LR,6,8,1,1,239.0122,0.6090010321364415
6,14,LR,6,8,1,1,240.0048,0.6140090478491352
6,14,LR,6,8,1,1,241.0114,0.6671235918588776
6,14,LR,6,8,1,1,242.0057,0.6875229188876327
6,14,LR,6,8,1,1,243.0114,0.7294235356809766
6,14,LR,6,8,1,1,244.005,0.7266441242695448
6,14,LR,6,8,1,1,245.0085,0.7653263586076249
6,14,LR,6,8,1,1,246.0043,0.7593634286800645
6,14,LR,6,8,1,1,247.0102,0.8141070209628971
6,14,LR,6,8,1,1,248.0034,0.8345873508409538
6,14,LR,6,8,1,1,249.0086,0.8552014516308014
6,14,LR,6,8,1,1,250.012,0.8681971582635034
6,14,LR,6,8,1,1,251.0087,0.8880598702661638
6,14,LR,6,8,1,1,252.0134,0.9039993825325743
6,14,LR,6,8,1,1,253.0077,0.8934815219806498
6,14,LR,6,8,1,1,254.0119,0.9249415682891093
6,14,LR,6,8,1,1,255.0081,0.9351292996647892
6,14,LR,6,8,1,1,256.0134,0.9423296079857155
6,14,LR,6,8,1,1,257.007,0.9504969084664392
6,14,LR,6,8,1,1,258.0121,0.9589858714878505
6,14,LR,6,8,1,1,259.007,0.9618683001227681
6,14,LR,6,8,1,1,260.0117,0.9681456236911232
6,14,LR,6,8,1,1,261.005,0.9692693542917684
6,14,LR,6,8,1,1,262.0108,0.976171689190533
6,14,LR,6,8,1,1,263.0057,0.9793993204570579
6,14,LR,6,8,1,1,264.01,0.9808717372050934
6,14,LR,6,8,1,1,265.0052,0.9844315642385219
6,14,LR,6,8,1,1,266.0104,0.9873149554162366
6,14,LR,6,8,1,1,267.0128,0.9886493472809494
6,14,LR,6,8,1,1,268.0097,0.9895909314701484
6,14,LR,6,8,1,1,269.0036,0.9907078505379513
6,14,LR,6,8,1,1,270.0091,0.9923221581719891
6,14,LR,6,8,1,1,271.014,0.9929821052922467
6,14,LR,6,8,1,1,272.0055,0.9829079403668195
6,14,LR,6,8,1,1,273.0126,0.9641489849308512
6,14,LR,6,8,1,1,274.0073,0.9774412171404978
6,14,LR,6,8,1,1,275.0133,0.9812760761202448
6,14,LR,6,8,1,1,276.007,0.9810620243388584
6,14,LR,6,8,1,1,277.0134,0.9740851251023666
6,14,LR,6,8,1,1,278.0072,0.9869901603799223
6,14,LR,6,8,1,1,279.0129,0.9879959004988214
6,14,LR,6,8,1,1,280.0068,0.988125249725654
6,14,LR,6,8,1,1,281.011,0.9888737358826274
6,14,LR,6,8,1,1,282.0045,0.989441057019412
6,14,LR,6,8,1,1,283.0108,0.9901719920815276
6,14,LR,6,8,1,1,284.0054,0.9902654870846617
6,14,LR,6,8,1,1,285.0088,0.990130378649565
6,14,LR,6,8,1,1,286.004,0.9904472673967205
6,14,LR,6,8,1,1,287.0099,0.9900389250681263
6,14,LR,6,8,1,1,288.0023,0.9821759758300642
6,14,LR,6,8,1,1,289.0085,0.9901154632831741
6,14,LR,6,8,1,1,290.0032,0.9894558215218641
6,14,LR,6,8,1,1,291.007,0.9894903943941341
6,14,LR,6,8,1,1,292.003,0.9893409943910532
6,14,LR,6,8,1,1,293.0081,0.9876152442957872
6,14,LR,6,8,1,1,294.0127,0.988032721546143
6,14,LR,6,8,1,1,295.0076,0.9878967716737762
6,14,LR,6,8,1,1,296.0129,0.9865418727436233
6,14,LR,6,8,1,1,297.0052,0.9860890518107651
6,14,LR,6,8,1,1,298.0126,0.9850226401334327
6,14,LR,6,8,1,1,299.0057,0.9875661224919497
6,14,LR,6,8,1,1,300.0108,0.9881995544075772
6,14,LR,6,8,1,1,301.005,0.9878473704247434
6,14,LR,14,20,0,0,0.0,0.0555259815216378
6,14,LR,14,20,0,0,0.6838388,0.057453859945092056
6,14,LR,14,20,0,0,1.996385,0.041338550974297956
6,14,LR,14,20,0,0,2.997726,0.04939892773952538
6,14,LR,14,20,0,0,3.999298,0.04186576431274757
6,14,LR,14,20,0,0,4.999687,0.03151470406543855
6,14,LR,14,20,0,0,6.000605,0.03014515319384034
6,14,LR,14,20,1,3,7.000906,0.03140151016003205
6,14,LR,14,20,1,3,8.001806,0.031934364143077
6,14,LR,14,20,1,3,9.001246,0.0310482776334542
6,14,LR,14,20,1,3,10.00166,0.029141591859499962
6,14,LR,14,20,1,3,11.0016,0.027895925020586614
6,14,LR,14,20,0,0,12.00146,0.027355463477381218
6,14,LR,14,20,0,0,13.00144,0.02656358025293146
6,14,LR,14,20,0,0,14.00173,0.025181824073346924
6,14,LR,14,20,0,0,15.00065,0.022213211987941045
6,14,LR,14,20,0,0,16.00011,0.0236790559005675
6,14,LR,14,20,0,0,17.00224,0.01868137820568079
6,14,LR,14,20,0,0,18.00202,0.008159777278071859
6,14,LR,14,20,0,0,19.00236,0.007834955602935914
6,14,LR,14,20,0,0,20.00108,0.009057996902366165
6,14,LR,14,20,0,0,21.00156,0.009551543578770054
6,14,LR,14,20,0,0,22.00247,0.009204602249168447
6,14,LR,14,20,0,0,23.00267,0.01287554317470501
6,14,LR,14,20,0,0,24.00306,0.011337194204044167
6,14,LR,14,21,0,0,0.0111566,0.1526413735656822
6,14,LR,14,21,0,0,1.008044,0.1439109513342114
6,14,LR,14,21,0,0,2.008584,0.13938531335657234
6,14,LR,14,21,0,0,3.009267,0.003350017961661443
6,14,LR,14,21,0,0,4.010024,0.04112467407446231
6,14,LR,14,21,0,0,5.011356,0.05361988633251688
6,14,LR,14,21,0,0,6.011967,0.05963955165191014
6,14,LR,14,21,0,0,7.012537,0.07338433822188975
6,14,LR,14,21,0,0,8.01291,0.010532678137348423
6,14,LR,14,21,0,0,9.01293,0.06958526718472823
6,14,LR,14,21,0,0,10.01203,0.03113849675557848
6,14,LR,14,21,0,0,11.01296,0.006059157966225339
6,14,LR,14,21,0,0,12.01133,0.04006336583876348
6,14,LR,14,21,0,0,13.01141,0.10110419395156695
6,14,LR,14,21,0,0,14.01271,0.06662934976838691
6,14,LR,14,21,0,0,15.01378,0.18189118756228
6,14,LR,14,21,0,0,16.01327,0.10967953502083867
6,14,LR,14,21,0,0,17.00288,0.054661581605122245
6,14,LR,14,21,0,0,18.0029,0.034996105986142695
6,14,LR,14,21,0,0,19.00287,0.032528783395882714
6,14,LR,14,21,0,0,20.00299,0.014473627532008903
6,14,LR,14,21,0,0,21.00261,0.008217802690743431
6,14,LR,14,21,0,0,22.01272,0.02349022846603674
6,14,LR,14,21,0,0,23.01328,0.026603212994299824
6,14,LR,14,21,0,0,24.01357,0.01721297176588811
6,14,LR,14,21,0,0,25.0139,0.049003449995360535
6,14,LR,14,21,0,0,26.01383,0.039153852158036385
6,14,LR,14,21,0,0,27.01273,0.028038422859922377
6,14,LR,14,21,0,0,28.01382,0.017600574693458947
6,14,LR,14,21,0,0,29.01269,0.016665905882529614
6,14,LR,14,21,0,0,30.01339,0.015545292066838681
6,14,LR,14,21,0,0,31.01192,0.01874241517363478
6,14,LR,14,21,0,0,32.01183,0.016235427597288382
6,14,LR,14,21,0,0,33.00271,0.013578644281219965
6,14,LR,14,21,0,0,34.01265,0.0340419728397368
6,14,LR,14,21,0,0,35.01145,0.051124687441829283
6,14,LR,14,21,0,0,36.01286,0.06700618656844044
6,14,LR,14,21,0,0,37.01249,0.06550862390789078
6,14,LR,14,21,0,0,38.01188,0.05497700844092553
6,14,LR,14,21,0,0,39.01241,0.050198407143678354
6,14,LR,14,21,0,0,40.01308,0.04742084011588557
6,14,LR,14,21,0,0,41.01354,0.043529946080481725
6,14,LR,14,21,0,0,42.01328,0.050984577053172365
6,14,LR,14,21,0,0,43.01295,0.04880613961594275
6,14,LR,14,21,0,0,44.00275,0.08560211117310733
6,14,LR,14,21,0,0,45.00262,0.08392917826676531
6,14,LR,14,21,0,0,46.01408,0.07330673117592053
6,14,LR,14,21,0,0,47.01381,0.06340640486446666
6,14,LR,14,21,0,0,48.0031,0.05856648657823467
6,14,LR,14,21,0,0,49.00273,0.06498758055422069
6,14,LR,14,21,0,0,50.01266,0.06204043265738218
6,14,LR,14,21,0,0,51.0137,0.03535279986167037
6,14,LR,14,21,0,0,52.01368,0.05111449618858733
6,14,LR,14,21,0,0,53.01442,0.0642351352043563
6,14,LR,14,21,0,0,54.00314,0.06952156092583213
6,14,LR,14,21,0,0,55.00397,0.09000378389332497
6,14,LR,14,21,0,0,56.00494,0.09210893371290035
6,14,LR,14,21,0,0,57.00359,0.10671179894529778
6,14,LR,14,21,0,0,58.00418,0.11008309353189762
6,14,LR,14,21,0,0,59.0043,0.10017866920930761
6,14,LR,14,21,0,0,60.00469,0.09562418192502536
6,14,LR,14,21,0,0,61.00396,0.10617446146608121
6,14,LR,14,21,0,0,62.00404,0.09566987233145142
6,14,LR,14,21,0,0,63.0042,0.06243189675816811
6,14,LR,14,21,0,0,64.00417,0.05853224003984935
6,14,LR,14,21,0,0,65.00488,0.06756748773449042
6,14,LR,14,21,0,0,66.00522,0.07393608947025165
6,14,LR,14,21,0,0,67.00533,0.07975807748656748
6,14,LR,14,21,0,0,68.0047,0.10166302220785048
6,14,LR,14,21,0,0,69.00309,0.09690142863790682
6,14,LR,14,21,0,0,70.00442,0.10200448237595865
6,14,LR,14,21,0,0,71.00477,0.11219659869099707
6,14,LR,14,21,0,0,72.00478,0.11584380761474593
6,14,LR,14,21,0,0,73.00455,0.11462763799271962
6,14,LR,14,21,0,0,74.00511,0.1265039321870554
6,14,LR,14,21,0,0,75.00506,0.1501007371286233
6,14,LR,14,21,0,0,76.00513,0.17337163199088143
6,14,LR,14,21,0,0,77.00486,0.19920490348251685
6,14,LR,14,21,0,0,78.00437,0.2563305075041806
6,14,LR,14,21,0,0,79.00454,0.3307714206160142
6,14,LR,14,21,0,0,80.00353,0.4143981383521984
6,14,LR,14,21,0,0,81.00387,0.48179286778681224
6,14,LR,14,21,0,0,82.00471,0.564474606040482
6,14,LR,14,21,0,0,83.00375,0.6241324869596545
6,14,LR,14,21,0,0,84.00348,0.6783686962607441
6,14,LR,14,21,0,0,85.00488,0.7129827667819134
6,14,LR,14,21,0,0,86.00269,0.7304989662131991
6,14,LR,14,21,0,0,87.00475,0.7412809981319162
6,14,LR,14,21,0,0,88.00514,0.7565893880313184
6,14,LR,14,21,0,0,89.00536,0.7847867239050929
6,14,LR,14,21,0,0,90.00529,0.8234791813970174
6,14,LR,14,21,0,0,91.00585,0.8416723658908177
6,14,LR,14,21,0,0,92.00555,0.833149409847959
6,14,LR,14,21,0,0,93.00659,0.807485587513993
6,14,LR,14,21,0,0,94.00609,0.7685884909975484
6,14,LR,14,21,0,0,95.00773,0.6968236389952017
6,14,LR,14,21,0,0,96.00613,0.6458073941773904
6,14,LR,14,21,0,0,97.00587,0.5317486573747816
6,14,LR,14,21,0,0,98.00389,0.41491148408550693
6,14,LR,14,21,0,0,99.00591,0.2988079786597767
6,14,LR,14,21,0,0,100.0061,0.23812374767824052
6,14,LR,14,21,0,0,101.0077,0.16999122687259902
6,14,LR,14,21,0,0,102.0086,0.15299138281297212
6,14,LR,14,21,0,0,103.0074,0.17591197140684514
6,14,LR,14,21,0,0,104.0066,0.19795388226026753
6,14,LR,14,21,0,0,105.0075,0.17845967248232653
6,14,LR,14,21,0,0,106.0072,0.16340039508693155
6,14,LR,14,21,0,0,107.0075,0.15543815696799065
6,14,LR,14,21,0,0,108.0076,0.175590461450468
6,14,LR,14,21,0,0,109.0074,0.19800037125861522
6,14,LR,14,21,0,0,110.0079,0.20998727166197223
6,14,LR,14,21,0,0,111.0082,0.2068071185616877
6,14,LR,14,21,0,0,112.0079,0.18844760205825772
6,14,LR,14,21,0,0,113.0091,0.1661011062291747
6,14,LR,14,21,0,0,114.0081,0.14781211386786697
6,14,LR,14,21,0,0,115.0096,0.11828453363942895
6,14,LR,14,21,0,0,116.0084,0.11168549966854786
6,14,LR,14,21,0,0,117.0071,0.09713152905353757
6,14,LR,14,21,0,0,118.0075,0.11395141263870728
6,14,LR,14,21,0,0,119.0076,0.14097553961470136
6,14,LR,14,21,0,0,120.0074,0.18955933340927722
6,14,LR,14,21,0,0,121.0079,0.19706085389884448
6,14,LR,14,21,0,0,122.008,0.21444126664777885
6,14,LR,14,21,0,0,123.0081,0.2383407504099405
6,14,LR,14,21,0,0,124.0075,0.24230138912238167
6,14,LR,14,21,0,0,125.0076,0.2799513063164648
6,14,LR,14,21,0,0,126.0077,0.3254315627434924
6,14,LR,14,21,0,0,127.0081,0.4032352255362852
6,14,LR,14,21,0,0,128.009,0.5415412143685611
6,14,LR,14,21,0,0,129.0099,0.5297215044890257
6,14,LR,14,21,0,0,130.0087,0.48595168316940807
6,14,LR,14,21,0,0,131.0082,0.5166401013470207
6,14,LR,14,21,0,0,132.0084,0.5025870011414076
6,14,LR,14,21,0,0,133.0092,0.4307665024455915
6,14,LR,14,21,0,0,134.0093,0.32747879573409905
6,14,LR,14,21,0,0,135.0094,0.19282452752297355
6,14,LR,14,21,0,0,136.0092,0.12306932024508949
6,14,LR,14,21,0,0,137.0081,0.07879112585625378
6,14,LR,14,21,0,0,138.0091,0.0525621697889156
6,14,LR,14,21,0,0,139.0077,0.029478797634795058
6,14,LR,14,21,0,0,140.009,0.018995399437812817
6,14,LR,14,21,0,0,141.0088,0.013584142649749864
6,14,LR,14,21,0,0,142.0087,0.007556595833793956
6,14,LR,14,21,0,0,143.0098,0.005533177081609417
6,14,LR,14,21,0,0,144.0079,0.005770632283294232
6,14,LR,14,21,0,0,145.009,0.003928293194352476
6,14,LR,14,21,0,0,146.0096,0.003838819125134419
6,14,LR,14,21,0,0,147.0088,0.0039228877981907564
6,14,LR,14,21,0,0,148.0108,0.0056978762790806286
6,14,LR,14,21,0,0,149.0104,0.008357579707792431
6,14,LR,14,21,0,0,150.0094,0.01247845818188778
6,14,LR,14,21,0,0,151.0105,0.015527160358716608
6,14,LR,14,21,0,0,152.0103,0.02032378992580894
6,14,LR,14,21,0,0,153.0096,0.026695011297844354
6,14,LR,14,21,0,0,154.0102,0.06386073774893845
6,14,LR,14,21,0,0,155.0106,0.06259566769677959
6,14,LR,14,21,0,0,156.011,0.06704071064764071
6,14,LR,14,21,0,0,157.011,0.1091334951356748
6,14,LR,14,21,0,0,158.0114,0.1399330499885212
6,14,LR,14,21,0,0,159.0111,0.21414174250438478
6,14,LR,14,21,0,0,160.0118,0.2967111430520303
6,14,LR,14,21,0,0,161.0123,0.3354014480736557
6,14,LR,14,21,0,0,162.0113,0.3518668910512337
6,14,LR,14,21,0,0,163.0103,0.31333259607574676
6,14,LR,14,21,0,0,164.0104,0.25212499071055744
6,14,LR,14,21,0,0,165.0097,0.23649800317820677
6,14,LR,14,21,0,0,166.0093,0.24432617090968015
6,14,LR,14,21,0,0,167.0115,0.2659745226834409
6,14,LR,14,21,0,0,168.0111,0.23638574313927962
6,14,LR,14,21,0,0,169.0128,0.17666764444465433
6,14,LR,14,21,0,0,170.0104,0.16914768521504767
6,14,LR,14,21,0,0,171.012,0.19859154868488238
6,14,LR,14,21,0,0,172.0118,0.29762074717143217
6,14,LR,14,21,0,0,173.0113,0.32026335255568844
6,14,LR,14,21,0,0,174.013,0.3634764914193546
6,14,LR,14,21,0,0,175.0134,0.39368497198760766
6,14,LR,14,21,0,0,176.0137,0.43001784497359336
6,14,LR,14,21,0,0,177.0136,0.44750633847840066
6,14,LR,14,21,0,0,178.0129,0.4432997946310574
6,14,LR,14,21,0,0,179.013,0.44163458057378746
6,14,LR,14,21,0,0,180.0129,0.4327794084665928
6,14,LR,14,21,0,0,181.0128,0.4316369614129336
6,14,LR,14,21,0,0,182.0122,0.44279644760596637
6,14,LR,14,21,0,0,183.0139,0.47033515401503767
6,14,LR,14,21,0,0,184.0133,0.4419535370153039
6,14,LR,14,21,0,0,185.0027,0.46138441952635273
6,14,LR,14,21,0,0,186.0117,0.5352662557712163
6,14,LR,14,21,0,0,187.0128,0.6110251502632725
6,14,LR,14,21,0,0,188.0118,0.6146168082403837
6,14,LR,14,21,0,0,189.0127,0.6138780978440591
6,14,LR,14,21,0,0,190.0121,0.6218909979522103
6,14,LR,14,21,0,0,191.0132,0.6012213804764914
6,14,LR,14,21,0,0,192.0134,0.5969616709660909
6,14,LR,14,21,0,0,193.013,0.6315635221999987
6,14,LR,14,21,0,0,194.0139,0.6499231125330227
6,14,LR,14,21,0,0,195.0132,0.6847180092642154
6,14,LR,14,21,0,0,196.0029,0.7172963822840681
6,14,LR,14,21,0,0,197.0136,0.6953885282998877
6,14,LR,14,21,0,0,198.0126,0.5916438079360662
6,14,LR,14,21,0,0,199.0025,0.41414380683375696
6,14,LR,14,21,0,0,200.0141,0.2729781556169301
6,14,LR,14,21,0,0,201.0126,0.23004882191664144
6,14,LR,14,21,0,0,202.0122,0.16002546575283655
6,14,LR,14,21,0,0,203.0119,0.1592657172409633
6,14,LR,14,21,0,0,204.0137,0.23875690845421066
6,14,LR,14,21,0,0,205.0121,0.23122548526582487
6,14,LR,14,21,0,0,206.0025,0.22823511418733472
6,14,LR,14,21,0,0,207.013,0.19442398373767492
6,14,LR,14,21,0,0,208.0023,0.25419299704001097
6,14,LR,14,21,0,0,209.012,0.2743702223829961
6,14,LR,14,21,0,0,210.0123,0.28524423840811586
6,14,LR,14,21,0,0,211.0026,0.34064949636324965
6,14,LR,14,21,0,0,212.0024,0.38878285694552495
6,14,LR,14,21,0,0,213.0128,0.39242447400185926
6,14,LR,14,21,0,0,214.0122,0.4419282452345819
6,14,LR,14,21,0,0,215.012,0.5417147007560035
6,14,LR,14,21,0,0,216.0024,0.5885545119548637
6,14,LR,14,21,0,0,217.0024,0.6146323422101627
6,14,LR,14,21,0,0,218.0024,0.6315019083868563
6,14,LR,14,21,0,0,219.0037,0.6838527369744399
6,14,LR,14,21,0,0,220.0035,0.7429959569068758
6,14,LR,14,21,0,0,221.0034,0.7844590449477296
6,14,LR,14,21,0,0,222.0034,0.8341492089938625
6,14,LR,14,21,0,0,223.0045,0.8547105819345078
6,14,LR,14,21,0,0,224.0039,0.8742760314621681
6,14,LR,14,21,0,0,225.0049,0.9074221248793242
6,14,LR,14,21,0,0,226.0045,0.9258700924750172
6,14,LR,14,21,0,0,227.003,0.9314198057038394
6,14,LR,14,21,0,0,228.0028,0.8644440478672771
6,14,LR,14,21,0,0,229.0032,0.8515010388627374
6,14,LR,14,21,0,0,230.0022,0.8951154297394848
6,14,LR,14,21,0,0,231.0033,0.928005627059106
6,14,LR,14,21,0,0,232.0036,0.9459049053474993
6,14,LR,14,21,0,0,233.0042,0.9457858515898765
6,14,LR,14,21,0,0,234.0034,0.9436591132593171
6,14,LR,14,21,0,0,235.0032,0.952212700853961
6,14,LR,14,21,0,0,236.0034,0.9734956103958925
6,14,LR,14,21,0,0,237.003,0.9813010193772287
6,14,LR,14,21,0,0,238.004,0.9805575393131816
6,14,LR,14,21,0,0,239.0049,0.9792007373677449
6,14,LR,14,21,0,0,240.0044,0.9744651404314217
6,14,LR,14,21,0,0,241.0053,0.9592816161402826
6,14,LR,14,21,0,0,242.0053,0.9207881551250081
6,14,LR,14,21,0,0,243.0063,0.8776477906088553
6,14,LR,14,21,0,0,244.0049,0.879969600366945
6,14,LR,14,21,0,0,245.0067,0.9026020610190886
6,14,LR,14,21,0,0,246.007,0.8962079874071791
6,14,LR,14,21,0,0,247.008,0.9010876623791423
6,14,LR,14,21,0,0,248.0067,0.9302032638402468
6,14,LR,14,21,0,0,249.0064,0.9478510049859074
6,14,LR,14,21,0,0,250.0057,0.9496854198143775
6,14,LR,14,21,0,0,251.0063,0.9610411969607807
6,14,LR,14,21,0,0,252.0063,0.9688724162770848
6,14,LR,14,21,0,0,253.006,0.970608106947467
6,14,LR,14,21,0,0,254.0054,0.9728160436341917
6,14,LR,14,21,0,0,255.0051,0.9784955845047638
6,14,LR,14,21,0,0,256.0062,0.9783097030126905
6,14,LR,14,21,0,0,257.0051,0.9785401060829367
6,14,LR,14,21,0,0,258.0047,0.9787599674593167
6,14,LR,14,21,0,0,259.0055,0.9868487111046131
6,14,LR,14,21,0,0,260.0052,0.985201811867903
6,14,LR,14,21,0,0,261.0052,0.9890263381035866
6,14,LR,14,21,0,0,262.006,0.9895577125791477
6,14,LR,14,21,0,0,263.0056,0.9921999529552903
6,14,LR,14,21,0,0,264.0062,0.9930691298728197
6,14,LR,14,21,0,0,265.0059,0.9931376943978192
6,14,LR,14,21,0,0,266.0063,0.9935141164367517
6,14,LR,14,21,0,0,267.0061,0.9898446272531158
6,14,LR,14,21,0,0,268.0059,0.9814271613629401
6,14,LR,14,21,0,0,269.0059,0.9733144565855592
6,14,LR,14,21,0,0,270.006,0.9647829880662464
6,14,LR,14,21,0,0,271.006,0.9493996672657325
6,14,LR,14,21,0,0,272.006,0.9386549457542905
6,14,LR,14,21,0,0,273.0071,0.9182147517142308
6,14,LR,14,21,0,0,274.0065,0.8942050378510028
6,14,LR,14,21,0,0,275.0058,0.8862254322397867
6,14,LR,14,21,0,0,276.0055,0.8781881375882321
6,14,LR,14,21,0,0,277.0069,0.8762230135316404
6,14,LR,14,21,0,0,278.0059,0.8648864587009929
6,14,LR,14,21,0,0,279.006,0.8214746685821798
6,14,LR,14,21,0,0,280.0074,0.7633017477783751
6,14,LR,14,21,0,0,281.0076,0.7390316729104697
6,14,LR,14,21,0,0,282.0067,0.7376523714825515
6,14,LR,14,21,0,0,283.0073,0.8153333713041665
6,14,LR,14,21,0,0,284.0067,0.8565996159404747
6,14,LR,14,21,0,0,285.0068,0.8481635548101878
6,14,LR,14,21,0,0,286.007,0.8323273212445688
6,14,LR,14,21,0,0,287.0069,0.8356669568364894
6,14,LR,14,21,0,0,288.007,0.8177756880496083
6,14,LR,14,21,0,0,289.0068,0.8052219003648639
6,14,LR,14,21,0,0,290.0067,0.7586377072832431
6,14,LR,14,21,0,0,291.0067,0.723193717659145
6,14,LR,14,21,0,0,292.007,0.6394071327175632
6,14,LR,14,21,0,0,293.0064,0.5548756890468071
6,14,LR,14,21,1,3,294.0073,0.5408793659573142
6,14,LR,14,21,1,3,295.0069,0.470393390710564
6,14,LR,14,21,1,3,296.0074,0.33718532974026677
6,14,LR,14,21,1,3,297.0061,0.33300961680288677
6,14,LR,14,21,1,3,298.008,0.312468851484388
6,14,LR,14,21,1,3,299.0076,0.23335057865716793
6,14,LR,14,21,1,3,300.0077,0.16471505192303462
6,14,LR,14,21,1,3,301.0084,0.11400050874669665
6,14,LR,14,23,0,0,0.0,0.05234578581460079
6,14,LR,14,23,0,0,0.9982342,0.10235366491846389
6,14,LR,14,23,0,0,2.000526,0.07634776841695963
6,14,LR,14,23,0,0,3.000793,0.08714371601543891
6,14,LR,14,23,0,0,3.999719,0.04080684936179469
6,14,LR,14,23,0,0,5.000658,0.06630398024987694
6,14,LR,14,23,0,0,6.000513,0.07163521247514502
6,14,LR,14,23,0,0,7.001402,0.0807209685637362
6,14,LR,14,23,0,0,8.002209,0.09838642480248527
6,14,LR,14,23,0,0,9.001521,0.0964661825170611
6,14,LR,14,23,0,0,10.00158,0.029406698705503904
6,14,LR,14,23,0,0,11.00055,0.03521779218276582
6,14,LR,14,23,0,0,12.00204,0.03829318506536604
6,14,LR,14,23,0,0,13.00199,0.02732453110139325
6,14,LR,14,23,0,0,14.0019,0.03249843580804285
6,14,LR,14,23,0,0,15.00248,0.026231398775493752
6,14,LR,14,23,0,0,16.00356,0.016240969945022023
6,14,LR,14,23,0,0,16.99234,0.011954300924332441
6,14,LR,14,23,0,0,18.00213,0.019045206973112908
6,14,LR,14,23,0,0,19.00258,0.03348735038692637
6,14,LR,14,23,0,0,20.00245,0.027511718809835734
6,14,LR,14,23,0,0,21.00214,0.02544346764573497
6,14,LR,14,23,0,0,22.00294,0.020988096770446375
6,14,LR,14,23,0,0,23.00375,0.02368241317847215
6,14,LR,14,23,0,0,23.99251,0.044092642374403225
6,14,LR,14,23,0,0,24.99268,0.057864516533657456
6,14,LR,14,23,0,0,25.99331,0.040403282589254005
6,14,LR,14,23,1,1,26.99233,0.03965303064964575
6,14,LR,14,23,1,1,27.99275,0.05616682277549498
6,14,LR,14,23,1,1,29.00434,0.05635053607550103
6,14,LR,14,23,1,1,29.99229,0.07771735840148637
6,14,LR,14,23,1,1,30.99279,0.06122112607100946
6,14,LR,14,23,1,1,31.99316,0.06452492682715284
6,14,LR,14,23,1,1,33.00367,0.03661079209665587
6,14,LR,14,23,1,1,33.99289,0.030443851057570095
6,14,LR,14,23,1,1,34.99303,0.015884255155741746
6,14,LR,14,23,1,1,35.99273,0.04618648215235925
6,14,LR,14,23,1,1,36.99239,0.03186116345610135
6,14,LR,14,23,1,1,37.99338,0.022421036350157533
6,14,LR,14,23,1,1,38.99241,0.014336922842054104
6,14,LR,14,23,1,1,39.99234,0.008940777528682413
6,14,LR,14,23,1,1,40.99243,0.013782730774358863
6,14,LR,14,23,1,1,41.99356,0.02218606190732639
6,14,LR,14,23,1,1,42.99372,0.030833397402554582
6,14,LR,14,23,1,1,43.99422,0.03411792605924243
6,14,LR,14,23,1,1,44.99426,0.03689523676589937
6,14,LR,14,23,1,1,45.99385,0.06586079143564584
6,14,LR,14,23,1,1,46.99342,0.09839574197719372
6,14,LR,14,23,1,1,47.99352,0.1016102686528963
6,14,LR,14,23,1,1,48.99342,0.13899325083542136
6,14,LR,14,23,1,1,49.99279,0.16428012548249982
6,14,LR,14,23,1,1,50.99308,0.2813649995363971
6,14,LR,14,23,1,1,51.99316,0.29495938264062177
6,14,LR,14,23,1,1,52.99363,0.2887538770753799
6,14,LR,14,23,1,1,53.99338,0.28989808564159036
6,14,LR,14,23,1,1,54.99331,0.2786309897392681
6,14,LR,14,23,1,1,55.99312,0.23583637636684213
6,14,LR,14,23,1,1,56.99214,0.21667337858814253
6,14,LR,14,23,1,1,58.00339,0.21741876008033892
6,14,LR,14,23,1,1,58.99253,0.19616136854925803
6,14,LR,14,23,1,1,59.99322,0.1854905654883453
6,14,LR,14,23,1,1,60.99241,0.19041364317040813
6,14,LR,14,23,1,1,62.00363,0.24234718358674973
6,14,LR,14,23,1,1,62.99332,0.2888374260245038
6,14,LR,14,23,1,1,63.99334,0.3599553453040416
6,14,LR,14,23,1,1,64.9931,0.41894380326360703
6,14,LR,14,23,1,1,65.99414,0.4926617351283487
6,14,LR,14,23,1,1,66.99364,0.49375226389432136
6,14,LR,14,23,1,1,67.99326,0.4938802512491942
6,14,LR,14,23,1,1,68.99331,0.48322762329098773
6,14,LR,14,23,1,1,69.99294,0.4847416280468071
6,14,LR,14,23,1,1,70.99304,0.5483543615861569
6,14,LR,14,23,1,1,71.99434,0.5718314400575025
6,14,LR,14,23,1,1,72.99424,0.5927084950723792
6,14,LR,14,23,1,1,73.99388,0.639636377204538
6,14,LR,14,23,1,1,74.9944,0.6412523128733782
6,14,LR,14,23,1,1,75.99446,0.7153246209971957
6,14,LR,14,23,1,1,76.99354,0.7398033822853883
6,14,LR,14,23,1,1,77.99458,0.7674406456562337
6,14,LR,14,23,1,1,78.99346,0.801112334794037
6,14,LR,14,23,1,1,79.99506,0.8247032953238455
6,14,LR,14,23,1,1,80.99474,0.8267404075565669
6,14,LR,14,23,1,1,81.99532,0.8191026559404329
6,14,LR,14,23,1,1,82.99506,0.820388869607538
6,14,LR,14,23,1,1,83.99451,0.7827596596137225
6,14,LR,14,23,1,1,84.99424,0.7955871643312988
6,14,LR,14,23,1,1,85.99445,0.7755950974271213
6,14,LR,14,23,1,1,86.99361,0.7394484338944228
6,14,LR,14,23,1,1,87.99483,0.7400720741210981
6,14,LR,14,23,1,1,88.99535,0.693738026130867
6,14,LR,14,23,1,1,89.99509,0.7373022400657411
6,14,LR,14,23,1,1,90.99504,0.777314594315641
6,14,LR,14,23,1,1,91.995,0.7564665064641013
6,14,LR,14,23,1,1,92.99534,0.7639215212039352
6,14,LR,14,23,1,1,93.99495,0.8209086361178727
6,14,LR,14,23,1,1,94.99651,0.8294283791726386
6,14,LR,14,23,1,1,95.9971,0.8478687687990997
6,14,LR,14,23,1,1,96.99723,0.855404262708145
6,14,LR,14,23,1,1,97.99645,0.840827057318234
6,14,LR,14,23,1,1,98.99647,0.8637500916067801
6,14,LR,14,23,1,1,99.99609,0.8428858152766535
6,14,LR,14,23,1,1,100.9956,0.8297363422985143
6,14,LR,14,23,1,1,101.9969,0.7812988208526509
6,14,LR,14,23,1,1,102.9967,0.8202893530978685
6,14,LR,14,23,1,1,103.9955,0.8494713508987727
6,14,LR,14,23,0,0,104.9961,0.9085604025229881
6,14,LR,14,23,0,0,105.9961,0.9251296771165116
6,14,LR,14,23,0,0,106.9959,0.9273305960957323
6,14,LR,14,23,0,0,107.9969,0.897413847420772
6,14,LR,14,23,0,0,108.9957,0.9533646654896905
6,14,LR,14,23,0,0,109.9959,0.9630426550407988
6,14,LR,14,23,0,0,110.9962,0.9658222383881421
6,14,LR,14,23,0,0,111.9973,0.9724403012981941
6,14,LR,14,23,0,0,112.9961,0.971141706022196
6,14,LR,14,23,0,0,113.9966,0.9724262781679032
6,14,LR,14,23,0,0,114.9973,0.9693612372879391
6,14,LR,14,23,0,0,115.9978,0.9729274241018068
6,14,LR,14,23,0,0,116.9979,0.9715084876926512
6,14,LR,14,23,0,0,117.998,0.9712104129987523
6,14,LR,14,23,0,0,118.9974,0.9515336955827132
6,14,LR,14,23,0,0,119.997,0.969197139004203
6,14,LR,14,23,0,0,120.9973,0.9684948414071319
6,14,LR,14,23,0,0,121.998,0.9655167257380988
6,14,LR,14,23,0,0,122.9987,0.9611297721882295
6,14,LR,14,23,1,1,123.9988,0.9551761072797775
6,14,LR,14,23,1,1,124.9984,0.9489482477275862
6,14,LR,14,23,1,1,125.9981,0.9423366270513648
6,14,LR,14,23,1,1,126.9981,0.9486204728546463
6,14,LR,14,23,1,1,127.9989,0.950092348056806
6,14,LR,14,23,1,1,128.9993,0.9401582100339142
6,14,LR,14,23,1,1,129.999,0.9299780470070157
6,14,LR,14,23,1,1,130.9996,0.9179462488623533
6,14,LR,14,23,1,1,131.999,0.9060486404690157
6,14,LR,14,23,1,1,132.9998,0.9054382757957559
6,14,LR,14,23,1,1,133.9991,0.910674993764489
6,14,LR,14,23,1,1,135.0,0.9195711257673199
6,14,LR,14,23,1,1,135.9996,0.9244370609802082
6,14,LR,14,23,1,1,137.0003,0.9051276937116144
6,14,LR,14,23,1,1,137.9992,0.8897016635531912
6,14,LR,14,23,1,1,139.0002,0.8741239846868946
6,14,LR,14,23,1,1,140.0006,0.8629260066773858
6,14,LR,14,23,1,1,141.0006,0.8541285753415643
6,14,LR,14,23,1,1,142.001,0.8564701265462905
6,14,LR,14,23,1,1,143.0011,0.8275453306279328
6,14,LR,14,23,1,1,144.0009,0.7857124142423624
6,14,LR,14,23,1,1,144.9999,0.7809713717946671
6,14,LR,14,23,1,1,146.0004,0.7505569235750724
6,14,LR,14,23,1,1,147.001,0.7114258693713181
6,14,LR,14,23,1,1,148.0006,0.6705536855379698
6,14,LR,14,23,1,1,149.0018,0.6850712760495707
6,14,LR,14,23,1,1,150.0019,0.6437017610068777
6,14,LR,14,23,1,3,151.0009,0.6012388093316889
6,14,LR,14,23,1,3,152.0006,0.5246629850122665
6,14,LR,14,23,1,3,153.0009,0.5027091244780529
6,14,LR,14,23,1,3,154.0014,0.43920749932061803
6,14,LR,14,23,1,3,155.0004,0.3932327284622921
6,14,LR,14,23,1,3,155.9997,0.2952444478150742
6,14,LR,14,23,1,3,156.9989,0.2828331942709984
6,14,LR,14,23,1,3,157.9997,0.28218589801850047
6,14,LR,14,23,1,3,158.9994,0.2809493818793999
6,14,LR,14,23,1,3,159.999,0.22559114911861297
6,14,LR,14,23,1,3,161.0,0.2505143996522133
6,14,LR,14,23,1,3,161.9996,0.2517052649164955
6,14,LR,14,23,1,3,163.0005,0.27829784826308074
6,14,LR,14,23,1,3,163.9998,0.28943540560726905
6,14,LR,14,23,1,3,164.9999,0.3422323108796406
6,14,LR,14,23,1,3,166.0,0.3931311020414261
6,14,LR,14,23,1,3,167.0003,0.3693931853478779
6,14,LR,14,23,1,3,168.0001,0.35740793393668197
6,14,LR,14,23,1,3,169.0021,0.2984685856254966
6,14,LR,14,23,1,3,170.0007,0.3244966507230202
6,14,LR,14,23,1,3,171.0015,0.2979810256948885
6,14,LR,14,23,1,3,172.0013,0.3270592755682823
6,14,LR,14,23,1,3,173.0021,0.3919424145086028
6,14,LR,14,23,1,3,174.0025,0.3832704706240372
6,14,LR,14,23,1,3,175.0028,0.36401889136190807
6,14,LR,14,23,1,3,175.9926,0.3715932247417623
6,14,LR,14,23,1,3,177.0027,0.37597016071248046
6,14,LR,14,23,1,3,178.0038,0.3787560417224688
6,14,LR,14,23,1,3,179.0034,0.40527531746087087
6,14,LR,14,23,1,3,180.0034,0.35697710249244424
6,14,LR,14,23,1,3,180.9927,0.41324459852356427
6,14,LR,14,23,1,3,182.0031,0.37293009693103174
6,14,LR,14,23,1,3,183.003,0.35725769159937554
6,14,LR,14,23,1,3,184.0024,0.2998180048017172
6,14,LR,14,23,1,3,185.0018,0.397325893887493
6,14,LR,14,23,1,3,185.9999,0.42726034366511556
6,14,LR,14,23,1,3,187.0019,0.4073055221522307
6,14,LR,14,23,1,3,188.0031,0.5065699905541404
6,14,LR,14,23,1,3,189.0022,0.5078221577426768
6,14,LR,14,23,1,3,190.0024,0.5119913973122939
6,14,LR,14,23,1,3,191.0039,0.583155332186278
6,14,LR,14,23,1,3,192.0037,0.5374956607947874
6,14,LR,14,23,1,3,193.0038,0.5544540903995708
6,14,LR,14,23,1,3,194.0028,0.6875306506389497
6,14,LR,14,23,1,3,194.9935,0.7147048798702748
6,14,LR,14,23,1,3,195.9927,0.7065074683018466
6,14,LR,14,23,1,3,197.0033,0.7471922202920934
6,14,LR,14,23,1,3,198.004,0.710993086726826
6,14,LR,14,23,1,3,198.9929,0.7371594569668498
6,14,LR,14,23,1,3,200.0045,0.7155016418382865
6,14,LR,14,23,1,3,200.9928,0.7319775186497988
6,14,LR,14,23,1,3,202.0033,0.7309314471449239
6,14,LR,14,23,1,3,203.0034,0.7035717544845619
6,14,LR,14,23,1,3,204.0026,0.7199749194096314
6,14,LR,14,23,1,3,204.9932,0.7420898219536618
6,14,LR,14,23,1,3,205.9934,0.6422428263776768
6,14,LR,14,23,1,3,206.994,0.6394842590972768
6,14,LR,14,23,1,3,207.9929,0.6531864138547162
6,14,LR,14,23,1,3,208.9937,0.6799972952664851
6,14,LR,14,23,1,3,209.9931,0.6930660692563254
6,14,LR,14,23,1,3,210.9936,0.7193182475248313
6,14,LR,14,23,1,3,211.9932,0.8091068995886039
6,14,LR,14,23,1,3,212.9935,0.8389925021876459
6,14,LR,14,23,1,3,213.9937,0.875320436501303
6,14,LR,14,23,1,3,214.9946,0.8873545279043868
6,14,LR,14,23,1,3,215.9942,0.9306171048370273
6,14,LR,14,23,1,3,216.9937,0.9444079645719012
6,14,LR,14,23,1,3,217.9947,0.9081815125374085
6,14,LR,14,23,1,3,218.9939,0.9669023323597349
6,14,LR,14,23,1,3,219.9934,0.9806424677036627
6,14,LR,14,23,1,3,220.994,0.9823429708496255
6,14,LR,14,23,1,3,221.9946,0.9845050478728196
6,14,LR,14,23,1,3,222.9935,0.9847376229288838
6,14,LR,14,23,1,3,223.9935,0.9795095095629514
6,14,LR,14,23,1,3,224.9933,0.9684488326604416
6,14,LR,14,23,1,3,226.0038,0.9650171999685353
6,14,LR,14,23,1,3,226.9932,0.9711143624257869
6,14,LR,14,23,1,3,227.993,0.9726845884972884
6,14,LR,14,23,1,3,228.9936,0.966212686532565
6,14,LR,14,23,1,3,229.994,0.9677781030991178
6,14,LR,14,23,1,3,230.9936,0.9691178264611938
6,14,LR,14,23,1,3,231.994,0.9643175566258727
6,14,LR,14,23,1,3,232.9937,0.9644119311077665
6,14,LR,14,23,1,3,233.9941,0.9581374055456275
6,14,LR,14,23,1,3,234.9933,0.9522818993229158
6,14,LR,14,23,1,3,235.9945,0.9633366581642513
6,14,LR,14,23,1,3,236.9939,0.951631679087392
6,14,LR,14,23,1,3,237.9933,0.9225774074899319
6,14,LR,14,23,1,3,238.9939,0.912295020452865
6,14,LR,14,23,1,3,239.9943,0.910616241883217
6,14,LR,14,23,1,3,240.9942,0.9036609944543179
6,14,LR,14,23,1,3,241.9942,0.8832666688457619
6,14,LR,14,23,1,3,242.9944,0.8639994326061402
6,14,LR,14,23,1,3,243.9944,0.9116753875186224
6,14,LR,14,23,1,3,244.9943,0.9123075130286608
6,14,LR,14,23,1,3,245.9946,0.9027016996778584
6,14,LR,14,23,1,3,246.9949,0.8939634971947698
6,14,LR,14,23,1,3,247.9954,0.8473517967062465
6,14,LR,14,23,1,3,248.9957,0.8311809047995511
6,14,LR,14,23,1,3,249.9943,0.8042331830902714
6,14,LR,14,23,1,3,250.9944,0.7956213437488994
6,14,LR,14,23,1,3,251.9948,0.7960952291016227
6,14,LR,14,23,1,3,252.9941,0.7604848474236481
6,14,LR,14,23,1,3,253.9945,0.7362211131940168
6,14,LR,14,23,1,3,254.9945,0.7482675155142622
6,14,LR,14,23,1,3,255.995,0.750511488015738
6,14,LR,14,23,1,3,256.9954,0.7581609268781477
6,14,LR,14,23,1,3,257.9954,0.7486786437367831
6,14,LR,14,23,1,3,258.9947,0.8222823985536136
6,14,LR,14,23,1,3,259.9962,0.8028986163988797
6,14,LR,14,23,1,3,260.9958,0.8100088637819034
6,14,LR,14,23,1,3,261.9972,0.8379762407710468
6,14,LR,14,23,1,3,262.998,0.8231495352942223
6,14,LR,14,23,1,3,263.9974,0.8186112453870168
6,14,LR,14,23,1,3,264.9976,0.8196739750736179
6,14,LR,14,23,1,3,265.9971,0.8151105330943392
6,14,LR,14,23,1,3,266.9977,0.8049588361691495
6,14,LR,14,23,1,3,267.9981,0.779828215723474
6,14,LR,14,23,1,3,268.9977,0.7891133268019105
6,14,LR,14,23,1,3,269.998,0.784064600799467
6,14,LR,14,23,1,3,270.9981,0.7484891671830707
6,14,LR,14,23,1,3,271.9973,0.721237718076483
6,14,LR,14,23,1,3,272.9978,0.6434546694882173
6,14,LR,14,23,1,3,273.9975,0.6806539331131461
6,14,LR,14,23,1,3,274.9981,0.7195172931540402
6,14,LR,14,23,1,3,275.9986,0.6877926488136744
6,14,LR,14,23,1,3,276.9987,0.6320393387490104
6,14,LR,14,23,1,3,277.9982,0.6429136661079615
6,14,LR,14,23,1,3,278.9988,0.5722128068824629
6,14,LR,14,23,1,3,279.9991,0.4861460423383232
6,14,LR,14,23,1,3,280.9967,0.4766933888588237
6,14,LR,14,23,1,3,281.9972,0.5253304641476704
6,14,LR,14,23,1,3,282.9969,0.5189860946646452
6,14,LR,14,23,1,3,283.9963,0.4166770504346963
6,14,LR,14,23,1,3,284.9965,0.2995332515932422
6,14,LR,14,23,1,3,285.9962,0.3065601005046903
6,14,LR,14,23,1,3,287.0023,0.39513508401349434
6,14,LR,14,24,0,0,0.0,0.2172750992080365
6,14,LR,14,24,0,0,0.9972577,0.10186233432228828
6,14,LR,14,24,0,0,1.997322,0.1319908477376543
6,14,LR,14,24,0,0,2.997987,0.15818154081326222
6,14,LR,14,24,0,0,3.999626,0.11453804334521599
6,14,LR,14,24,0,0,4.999724,0.1039527141685212
6,14,LR,14,24,0,0,6.000389,0.1636032089570245
6,14,LR,14,24,0,0,7.00076,0.04831567994477423
6,14,LR,14,24,0,0,8.000076,0.09463430097967387
6,14,LR,14,24,0,0,9.000281,0.05136098618615957
6,14,LR,14,24,0,0,10.00013,0.042323703967690716
6,14,LR,14,24,0,0,11.00133,0.007363761857962308
6,14,LR,14,24,0,0,12.00118,0.0016865444774330845
6,14,LR,14,24,0,0,13.00014,0.003269254853874394
6,14,LR,14,24,0,0,14.00016,0.006305110497614521
6,14,LR,14,24,0,0,15.00186,0.02249995952197816
6,14,LR,14,24,0,0,16.00245,0.012589755360603146
6,14,LR,14,24,0,0,17.002,0.015026396891902266
6,14,LR,14,24,0,0,18.00234,0.03680818691761709
6,14,LR,14,24,0,0,19.00251,0.1081677891226196
6,14,LR,14,24,0,0,20.00308,0.08193246781164085
6,14,LR,14,24,0,0,21.00178,0.0740669099407238
6,14,LR,14,24,0,0,22.00285,0.03676945973165297
6,14,LR,14,24,0,0,23.00216,0.019805223056197405
6,14,LR,14,24,0,0,24.00199,0.00912083969505417
6,14,LR,14,24,0,0,25.00317,0.00463761380540401
6,14,LR,14,24,0,0,26.00204,0.003345707521867565
6,14,LR,14,24,0,0,27.00143,0.0021571691356338106
6,14,LR,14,24,0,0,28.00184,0.0024906645417934773
6,14,LR,14,24,0,0,29.00246,0.009077744426557411
6,14,LR,14,24,0,0,30.00175,0.011628708612136631
6,14,LR,14,24,0,0,31.00178,0.009282281775115609
6,14,LR,14,24,0,0,32.00206,0.010140525891403615
6,14,LR,14,24,0,0,33.00281,0.010726190830767358
6,14,LR,14,24,0,0,34.00353,0.01671580244049969
6,14,LR,14,24,0,0,35.00357,0.010989617602656099
6,14,LR,14,24,0,0,36.00293,0.019320717962203648
6,14,LR,14,24,0,0,37.00312,0.01815861190295928
6,14,LR,14,24,0,0,38.00257,0.01910751706637191
6,14,LR,14,24,0,0,39.00232,0.01870169687434301
6,14,LR,14,24,0,0,40.00309,0.017730052300349512
6,14,LR,14,24,0,0,41.00271,0.016473439192636993
6,14,LR,14,24,0,0,42.00307,0.015413349571256346
6,14,LR,14,24,0,0,43.00212,0.0162750726837149
6,14,LR,14,24,0,0,44.00304,0.01431823247044899
6,14,LR,14,24,0,0,45.00259,0.01594756884563812
6,14,LR,14,24,0,0,46.004,0.01536971993470461
6,14,LR,14,24,0,0,47.00352,0.01692886415324976
6,14,LR,14,24,0,0,48.00317,0.017420708558239312
6,14,LR,14,24,0,0,49.00343,0.020664294167814217
6,14,LR,14,24,0,0,50.00389,0.023645840084105384
6,14,LR,14,24,0,0,51.00224,0.02465218503097765
6,14,LR,14,24,0,0,52.00346,0.02689846616215379
6,14,LR,14,24,1,1,53.00407,0.07260397503887343
6,14,LR,14,24,1,1,54.00354,0.09584565963885688
6,14,LR,14,24,1,1,55.00352,0.0859877729196046
6,14,LR,14,24,1,1,56.00364,0.07317315179801738
6,14,LR,14,24,1,1,57.00396,0.06214753406174487
6,14,LR,14,24,1,1,58.00496,0.06144428253428854
6,14,LR,14,24,1,1,59.00573,0.08837437251513651
6,14,LR,14,24,1,1,60.00475,0.0976548207871275
6,14,LR,14,24,1,1,61.00447,0.11522808182351754
6,14,LR,14,24,1,1,62.00492,0.10510288157078533
6,14,LR,14,24,1,1,63.00469,0.09253786066594874
6,14,LR,14,24,1,1,64.00511,0.0784929736171356
6,14,LR,14,24,1,1,64.99493,0.05362455725674619
6,14,LR,14,24,1,1,66.00532,0.024705587301255567
6,14,LR,14,24,1,1,67.00607,0.027223759014526637
6,14,LR,14,24,1,1,67.99484,0.02594413511374447
6,14,LR,14,24,1,1,69.00481,0.02473471713757569
6,14,LR,14,24,1,1,70.00437,0.05314500456692738
6,14,LR,14,24,1,1,71.00468,0.09292646175999297
6,14,LR,14,24,1,1,72.00489,0.14772590162820629
6,14,LR,14,24,1,1,73.00464,0.16658420448820524
6,14,LR,14,24,1,1,74.00573,0.19211810311655747
6,14,LR,14,24,1,1,75.00567,0.15386958866578715
6,14,LR,14,24,1,1,75.99514,0.19547068157859454
6,14,LR,14,24,1,1,76.99528,0.2486916543416201
6,14,LR,14,24,1,1,78.00524,0.29870700411843804
6,14,LR,14,24,1,1,79.00544,0.3265170792218563
6,14,LR,14,24,1,1,79.99489,0.3522907364625109
6,14,LR,14,24,1,1,81.00591,0.4575280463641168
6,14,LR,14,24,1,1,82.00529,0.6031910012808792
6,14,LR,14,24,1,1,82.99491,0.6252185776118825
6,14,LR,14,24,1,1,83.99503,0.5513021687746699
6,14,LR,14,24,1,1,84.99577,0.5200036096460599
6,14,LR,14,24,1,1,85.99571,0.5036473020123163
6,14,LR,14,24,1,1,87.00577,0.5822471866694545
6,14,LR,14,24,1,1,87.99568,0.5866151607175625
6,14,LR,14,24,1,1,88.9959,0.6090411951038517
6,14,LR,14,24,1,1,90.00615,0.6191466512743715
6,14,LR,14,24,1,1,90.99528,0.6048311397307204
6,14,LR,14,24,1,1,91.99603,0.5835692522243089
6,14,LR,14,24,1,1,92.99611,0.5455119021587431
6,14,LR,14,24,1,1,93.99627,0.5635104402171346
6,14,LR,14,24,1,1,94.99651,0.5900983208406998
6,14,LR,14,24,1,1,95.99587,0.5646145110536444
6,14,LR,14,24,1,1,96.99593,0.46627583764132613
6,14,LR,14,24,1,1,97.99715,0.4400471936786091
6,14,LR,14,24,1,1,98.99685,0.35473121842002686
6,14,LR,14,24,1,1,99.99517,0.3284957240865177
6,14,LR,14,24,1,1,100.9969,0.40496847392628654
6,14,LR,14,24,0,0,101.995,0.447394920784782
6,14,LR,14,24,0,0,102.996,0.4218069456669779
6,14,LR,14,24,0,0,103.996,0.3946715681508648
6,14,LR,14,24,0,0,104.9956,0.3138850339103157
6,14,LR,14,24,0,0,105.9973,0.331088910374705
6,14,LR,14,24,0,0,106.9973,0.3383577791730008
6,14,LR,14,24,0,0,107.9975,0.44144568779849497
6,14,LR,14,24,0,0,108.9971,0.5368904162887825
6,14,LR,14,24,0,0,109.9962,0.6380546255518834
6,14,LR,14,24,0,0,110.9959,0.6497132584443368
6,14,LR,14,24,0,0,112.0059,0.5966932840952954
6,14,LR,14,24,0,0,112.9967,0.6001207698137448
6,14,LR,14,24,0,0,113.9967,0.5429907818257065
6,14,LR,14,24,0,0,114.9986,0.3933893489264268
6,14,LR,14,24,0,0,115.9968,0.3375745928446175
6,14,LR,14,24,0,0,116.9969,0.3559263929634897
6,14,LR,14,24,0,0,117.9978,0.33256806980716863
6,14,LR,14,24,0,0,118.9974,0.32905459437360496
6,14,LR,14,24,0,0,119.9981,0.3757255001547753
6,14,LR,14,24,0,0,120.9978,0.4393582330904908
6,14,LR,14,24,0,0,121.9984,0.4861444497280021
6,14,LR,14,24,0,0,122.9985,0.452175757584007
6,14,LR,14,24,0,0,123.9979,0.43820633224540534
6,14,LR,14,24,0,0,124.998,0.4114975375653062
6,14,LR,14,24,0,0,125.998,0.39779224102290767
6,14,LR,14,24,0,0,126.997,0.3865880677787567
6,14,LR,14,24,0,0,127.9977,0.37219590466277847
6,14,LR,14,24,0,0,128.9973,0.40941129280990696
6,14,LR,14,24,0,0,129.9972,0.39313898895696275
6,14,LR,14,24,0,0,130.9967,0.4648981598541124
6,14,LR,14,24,0,0,131.9994,0.4541684444547425
6,14,LR,14,24,0,0,132.9988,0.36750480293411003
6,14,LR,14,24,0,0,134.0001,0.31441104378627877
6,14,LR,14,24,0,0,134.9995,0.28601843614995553
6,14,LR,14,24,0,0,135.9992,0.290391348150858
6,14,LR,14,24,0,0,137.0005,0.3064454401820361
6,14,LR,14,24,0,0,137.999,0.4897915789846114
6,14,LR,14,24,0,0,138.999,0.4594720812712463
6,14,LR,14,24,0,0,139.9979,0.38831606822675035
6,14,LR,14,24,0,0,141.0,0.40353179968537123
6,14,LR,14,24,0,0,141.9993,0.46907832835223146
6,14,LR,14,24,0,0,143.001,0.3601583637523637
6,14,LR,14,24,0,0,144.0002,0.33035492083708273
6,14,LR,14,24,0,0,145.0008,0.34428823380403695
6,14,LR,14,24,0,0,146.0003,0.3238634794537936
6,14,LR,14,24,0,0,147.0005,0.284304139143387
6,14,LR,14,24,0,0,148.0006,0.2454090347383548
6,14,LR,14,24,0,0,149.0002,0.21609910403051102
6,14,LR,14,24,0,0,150.0011,0.22847655588749524
6,14,LR,14,24,0,0,151.0014,0.2886185071738424
6,14,LR,14,24,0,0,152.0006,0.28829737923305826
6,14,LR,14,24,0,0,153.0003,0.37337314497136415
6,14,LR,14,24,0,0,153.9996,0.38287494858583787
6,14,LR,14,24,0,0,154.9993,0.4404360413136672
6,14,LR,14,24,1,1,155.9995,0.5073966504226834
6,14,LR,14,24,1,1,157.0002,0.5221897611317807
6,14,LR,14,24,1,1,157.9998,0.4901840588170608
6,14,LR,14,24,1,1,158.9987,0.48411769444977804
6,14,LR,14,24,1,1,160.0011,0.5876950135113638
6,14,LR,14,24,1,1,161.0008,0.5780737163797525
6,14,LR,14,24,1,1,162.0005,0.5479345861633218
6,14,LR,14,24,1,2,163.0013,0.5933721071089968
6,14,LR,14,24,1,2,164.0016,0.6316924726542478
6,14,LR,14,24,1,2,165.0016,0.6688700512300196
6,14,LR,14,24,1,2,166.0018,0.6840571623336369
6,14,LR,14,24,1,2,167.0019,0.7629394342734487
6,14,LR,14,24,1,2,168.001,0.7725098466320719
6,14,LR,14,24,1,2,169.0002,0.6787891942255948
6,14,LR,14,24,1,2,170.0,0.8032829249489082
6,14,LR,14,24,1,2,171.0013,0.7293815299126433
6,14,LR,14,24,1,2,172.0004,0.6208626512383052
6,14,LR,14,24,1,2,173.0014,0.5435268987807823
6,14,LR,14,24,1,2,174.0037,0.3929094730614706
6,14,LR,14,24,1,2,175.0031,0.4339285003180031
6,14,LR,14,24,1,2,176.002,0.4010066866033026
6,14,LR,14,24,1,2,177.0022,0.3624765088012762
6,14,LR,14,24,1,2,178.0022,0.34989843403986015
6,14,LR,14,24,1,3,179.0028,0.31700927297020787
6,14,LR,14,24,1,3,180.0025,0.41357171509551655
6,14,LR,14,24,1,3,181.0029,0.4686005002974946
6,14,LR,14,24,1,3,182.0028,0.5316388312568651
6,14,LR,14,24,1,3,183.0023,0.46113652709869735
6,14,LR,14,24,1,3,184.0016,0.4960466059808647
6,14,LR,14,24,1,3,185.0015,0.45342163570163246
6,14,LR,14,24,1,3,186.0011,0.4221380115402139
6,14,LR,14,24,1,3,187.0017,0.33525986630907284
6,14,LR,14,24,1,3,188.0026,0.3309282214758063
6,14,LR,14,24,1,3,189.0025,0.25144321110078965
6,14,LR,14,24,1,3,190.0028,0.26273721990011006
6,14,LR,14,24,1,3,191.0029,0.26260432694176034
6,14,LR,14,24,1,3,192.0025,0.2955441875838489
6,14,LR,14,24,1,3,193.0027,0.37101760675956014
6,14,LR,14,24,1,3,194.0041,0.3491102921291766
6,14,LR,14,24,1,3,195.0025,0.46176542886687627
6,14,LR,14,24,1,3,196.0031,0.4584862139920995
6,14,LR,14,24,1,3,197.0018,0.5943550881188668
6,14,LR,14,24,1,3,198.0033,0.4820875785174447
6,14,LR,14,24,1,3,199.003,0.5118490199774968
6,14,LR,14,24,1,3,200.0043,0.5398141879373614
6,14,LR,14,24,1,3,201.0046,0.5156256112440666
6,14,LR,14,24,1,3,202.0056,0.5993507047323654
6,14,LR,14,24,1,3,203.0037,0.6140138888709155
6,14,LR,14,24,1,3,204.0036,0.6161471150729692
6,14,LR,14,24,1,3,205.0035,0.58672997107356
6,14,LR,14,24,1,3,206.0032,0.6500491959006869
6,14,LR,14,24,1,3,207.0051,0.686681221198054
6,14,LR,14,24,1,3,208.0037,0.7599999417867171
6,14,LR,14,24,1,3,209.0046,0.7597671147354577
6,14,LR,14,24,1,3,210.0045,0.8375445951507791
6,14,LR,14,24,1,3,211.0034,0.8309928354176074
6,14,LR,14,24,1,3,212.0034,0.869734713241617
6,14,LR,14,24,1,3,213.0024,0.8855880173415315
6,14,LR,14,24,1,3,214.004,0.8911037291221593
6,14,LR,14,24,1,3,215.0028,0.8970190866063469
6,14,LR,14,24,1,3,216.0035,0.8922935806257147
6,14,LR,14,24,1,3,217.0036,0.9110345523028309
6,14,LR,14,24,1,3,218.0037,0.915388855148608
6,14,LR,14,24,1,3,219.0036,0.9299779714230628
6,14,LR,14,24,1,3,220.0041,0.9436866303275873
6,14,LR,14,24,1,3,221.0049,0.9458661069804961
6,14,LR,14,24,1,3,222.0051,0.9554329294025158
6,14,LR,14,24,1,3,223.0055,0.9693374729400579
6,14,LR,14,24,1,3,224.0052,0.9766722679945666
6,14,LR,14,24,1,3,225.0047,0.9737733901085872
6,14,LR,14,24,1,3,226.0028,0.9660331156651546
6,14,LR,14,24,1,3,227.0046,0.9537083808175343
6,14,LR,14,24,1,3,228.0048,0.9439394756908416
6,14,LR,14,24,1,3,229.0058,0.9275625817223151
6,14,LR,14,24,1,3,229.996,0.9005290312821466
6,14,LR,14,24,1,3,231.0059,0.8717383943301992
6,14,LR,14,24,1,3,231.9953,0.8648323909384783
6,14,LR,14,24,1,3,233.0062,0.8623727936744952
6,14,LR,14,24,1,3,234.0062,0.8950584395905846
6,14,LR,14,24,1,3,234.9954,0.9487046195951713
6,14,LR,14,24,1,3,235.9953,0.933057741662443
6,14,LR,14,24,1,3,237.0062,0.9270150887947481
6,14,LR,14,24,1,3,238.0056,0.9215662168405975
6,14,LR,14,24,1,3,239.0058,0.9378568564981025
6,14,LR,14,24,1,3,240.0071,0.921633176785116
6,14,LR,14,24,1,3,240.9955,0.9182378364533721
6,14,LR,14,24,1,3,241.9959,0.93958019021456
6,14,LR,14,24,1,3,242.9959,0.9384574585257117
6,14,LR,14,24,1,3,243.9962,0.9564996777078519
6,14,LR,14,24,1,3,244.996,0.9676145116210826
6,14,LR,14,24,1,3,246.0052,0.9705737689256531
6,14,LR,14,24,1,3,247.0047,0.9739329721685631
6,14,LR,14,24,1,3,248.005,0.9630779426115453
6,14,LR,14,24,1,3,249.0054,0.965785511383429
6,14,LR,14,24,1,3,250.0056,0.9553053398668323
6,14,LR,14,27,0,0,0.0110925,0.07458477034021833
6,14,LR,14,27,0,0,1.01893,0.131267489271212
6,14,LR,14,27,0,0,2.009226,0.044548862921958025
6,14,LR,14,27,0,0,3.010703,0.00028090708759590395
6,14,LR,14,27,0,0,4.012049,8.841889522078684e-05
6,14,LR,14,27,0,0,5.011549,1.9948601846101733e-05
6,14,LR,14,27,0,0,6.011959,7.970176187400681e-06
6,14,LR,14,27,0,0,7.011798,6.908523495747651e-06
6,14,LR,14,27,0,0,8.013364,1.5657541219695175e-05
6,14,LR,14,27,0,0,9.012961,2.47913803471953e-05
6,14,LR,14,27,0,0,10.0135,2.5281500338337043e-05
6,14,LR,14,27,0,0,11.01286,2.043112440157738e-05
6,14,LR,14,27,0,0,12.01302,0.00013638010891542355
6,14,LR,14,27,0,0,13.01301,0.0038875830589322562
6,14,LR,14,27,0,0,14.01287,0.0020401988430083827
6,14,LR,14,27,0,0,15.01381,0.0015771149375037447
6,14,LR,14,27,0,0,16.01416,0.0020123593720757188
6,14,LR,14,27,0,0,17.01406,0.0029179422878128926
6,14,LR,14,27,0,0,18.01282,0.00441548041708019
6,14,LR,14,27,0,0,19.01204,0.006097279663444813
6,14,LR,14,27,0,0,20.01213,0.009113431974544698
6,14,LR,14,27,0,0,21.01253,0.12265855273137646
6,14,LR,14,27,0,0,22.01254,0.22248837907073632
6,14,LR,14,27,0,0,23.01226,0.30508682292483663
6,14,LR,14,27,0,0,24.01391,0.3190820394589515
6,14,LR,14,27,0,0,25.01341,0.34688604626544434
6,14,LR,14,27,0,0,26.01408,0.37328388804033613
6,14,LR,14,27,0,0,27.01375,0.3837274803403498
6,14,LR,14,27,0,0,28.01477,0.7600978246136091
6,14,LR,14,27,0,0,29.01468,0.6589303317821388
6,14,LR,14,27,0,0,30.01326,0.6732570561369219
6,14,LR,14,27,0,0,31.01198,0.5796162539582146
6,14,LR,14,27,0,0,32.01356,0.7440179484493676
6,14,LR,14,27,0,0,33.01426,0.7019716329772154
6,14,LR,14,27,0,0,34.01423,0.5891482241474396
6,14,LR,14,27,0,0,35.01481,0.5136944626232279
6,14,LR,14,27,0,0,36.01467,0.38283483924774997
6,14,LR,14,27,0,0,37.01414,0.3067892980119108
6,14,LR,14,27,0,0,38.0146,0.21045295768739924
6,14,LR,14,27,0,0,39.01488,0.6631249597101072
6,14,LR,14,27,0,0,40.01426,0.6410419509904566
6,14,LR,14,27,0,0,41.01546,0.6392903394314711
6,14,LR,14,27,0,0,42.01442,0.6226306127711605
6,14,LR,14,27,0,0,43.01394,0.5899656503807134
6,14,LR,14,27,0,0,44.01429,0.5094835077728233
6,14,LR,14,27,0,0,45.01337,0.42514156804330544
6,14,LR,14,27,0,0,46.01431,0.4439915165698466
6,14,LR,14,27,0,0,47.01359,0.4953339476096203
6,14,LR,14,27,0,0,48.01471,0.3862763298451243
6,14,LR,14,27,0,0,49.01568,0.4369322696911565
6,14,LR,14,27,0,0,50.01482,0.42707182122590603
6,14,LR,14,27,0,0,51.01583,0.49715367246756637
6,14,LR,14,27,0,0,52.01593,0.7304658260235893
6,14,LR,14,27,0,0,53.0158,0.7496382208859159
6,14,LR,14,27,0,0,54.0154,0.7050104394754472
6,14,LR,14,27,0,0,55.01407,0.6803166917112954
6,14,LR,14,27,0,0,56.01479,0.7580188293567989
6,14,LR,14,27,0,0,57.0152,0.7566708489236352
6,14,LR,14,27,0,0,58.01595,0.7811066694236597
6,14,LR,14,27,0,0,59.01684,0.7936503612602692
6,14,LR,14,27,0,0,60.01731,0.7643623667073426
6,14,LR,14,27,0,0,61.01645,0.7221954539896567
6,14,LR,14,27,0,0,62.01598,0.7333156280210806
6,14,LR,14,27,0,0,63.01549,0.7145829628614329
6,14,LR,14,27,0,0,64.01623,0.745229757418822
6,14,LR,14,27,0,0,65.01556,0.8528663755677934
6,14,LR,14,27,0,0,66.01579,0.8633619637913622
6,14,LR,14,27,0,0,67.01708,0.8718412723390383
6,14,LR,14,27,0,0,68.01788,0.8685961710563321
6,14,LR,14,27,0,0,69.01695,0.8537261962045827
6,14,LR,14,27,0,0,70.01685,0.8766283582307279
6,14,LR,14,27,0,0,71.01693,0.8616712641682436
6,14,LR,14,27,0,0,72.01638,0.8608589143707184
6,14,LR,14,27,0,0,73.01495,0.864887169969433
6,14,LR,14,27,0,0,74.01651,0.8676045258471047
6,14,LR,14,27,0,0,75.01495,0.8439527630180892
6,14,LR,14,27,0,0,76.01586,0.7411622071776124
6,14,LR,14,27,0,0,77.01755,0.873715578669882
6,14,LR,14,27,0,0,78.01757,0.8877760540270314
6,14,LR,14,27,0,0,79.01694,0.8996041801848126
6,14,LR,14,27,0,0,80.01778,0.925687942401486
6,14,LR,14,27,0,0,81.01844,0.9014748987541409
6,14,LR,14,27,0,0,82.01799,0.9370400388684386
6,14,LR,14,27,0,0,83.01645,0.9509413131794446
6,14,LR,14,27,0,0,84.01694,0.9061210052702273
6,14,LR,14,27,0,0,85.01832,0.8810396913367752
6,14,LR,14,27,0,0,86.01842,0.8968186798226633
6,14,LR,14,27,0,0,87.01836,0.8385442951969688
6,14,LR,14,27,0,0,88.01799,0.8390352623974985
6,14,LR,14,27,1,3,89.01899,0.8450760902403043
6,14,LR,14,27,1,3,90.0183,0.8825295010816084
6,14,LR,14,27,1,3,91.0181,0.8975277972477742
6,14,LR,14,27,1,3,92.01809,0.8799062315463722
6,14,LR,14,27,1,3,93.01811,0.8502385211110777
6,14,LR,14,27,1,3,94.01764,0.8678860984376695
6,14,LR,14,27,1,3,95.01756,0.8477139825653391
6,14,LR,14,27,1,3,96.01851,0.7159249581589434
6,14,LR,14,27,1,3,97.01912,0.6217283709888691
6,14,LR,14,27,1,3,98.01918,0.4434391830590297
6,14,LR,14,27,1,3,99.01951,0.5318886728028396
6,14,LR,14,27,1,3,100.0196,0.507343510572378
6,14,LR,14,27,1,3,101.0185,0.6123576881916991
6,14,LR,14,27,1,3,102.0171,0.7134753784734601
6,14,LR,14,27,1,3,103.0192,0.618718337304819
6,14,LR,14,27,1,3,104.0182,0.6706634941715048
6,14,LR,14,27,1,3,105.0207,0.6107150814499016
6,14,LR,14,27,1,3,106.02,0.5842038783792629
6,14,LR,14,27,1,3,107.0095,0.648910908586903
6,14,LR,14,27,1,3,108.0191,0.519342153030646
6,14,LR,14,27,1,3,109.0198,0.6189925367132164
6,14,LR,14,27,1,3,110.0191,0.7536315321048193
6,14,LR,14,27,1,3,111.0197,0.7059250083591408
6,14,LR,14,27,1,3,112.0089,0.7712977085884173
6,14,LR,14,27,1,3,113.0193,0.7350530917718527
6,14,LR,14,27,1,3,114.0192,0.753206491837374
6,14,LR,14,27,1,3,115.0193,0.7343151368544866
6,14,LR,14,27,0,0,116.0173,0.6994287892954
6,14,LR,14,27,0,0,117.0192,0.5383850288928042
6,14,LR,14,27,0,0,118.0198,0.6148120111989747
6,14,LR,14,27,0,0,119.0096,0.6138365764687399
6,14,LR,14,27,0,0,120.0098,0.6704715768545211
6,14,LR,14,27,0,0,121.0107,0.727758525319972
6,14,LR,14,27,0,0,122.009,0.8228999957420879
6,14,LR,14,27,0,0,123.018,0.8696002216095365
6,14,LR,14,27,0,0,124.009,0.8657957862927304
6,14,LR,14,27,0,0,125.0098,0.8538133009217308
6,14,LR,14,27,0,0,126.0095,0.7447054951984465
6,14,LR,14,27,0,0,127.0099,0.7430064640273336
6,14,LR,14,27,0,0,128.0105,0.6273759070364502
6,14,LR,14,27,0,0,129.0213,0.7482167078933825
6,14,LR,14,27,0,0,130.0093,0.8284050285024918
6,14,LR,14,27,0,0,131.0209,0.790050207180266
6,14,LR,14,27,0,0,132.0093,0.720959166939948
6,14,LR,14,27,0,0,133.009,0.5653773444454037
6,14,LR,14,27,0,0,134.0183,0.6219288737350634
6,14,LR,14,27,1,2,135.0096,0.41987553445106596
6,14,LR,14,27,1,2,136.0103,0.4775570136056083
6,14,LR,14,27,1,2,137.0105,0.47419062959949426
6,14,LR,14,27,1,2,138.0104,0.5124942280726259
6,14,LR,14,27,1,2,139.0104,0.6481003702169735
6,14,LR,14,27,1,2,140.019,0.7098616843553011
6,14,LR,14,27,1,2,141.0098,0.5827613955691789
6,14,LR,14,27,1,2,142.0099,0.6498873281547877
6,14,LR,14,27,1,2,143.0113,0.604376356146234
6,14,LR,14,27,1,2,144.0116,0.6235676770681031
6,14,LR,14,27,1,2,145.0109,0.7957832019709187
6,14,LR,14,27,1,2,146.0108,0.8412875734497525
6,14,LR,14,27,1,2,147.0107,0.7712029448574681
6,14,LR,14,27,1,2,148.0109,0.7808076868046858
6,14,LR,14,27,1,2,149.0112,0.8578215168505362
6,14,LR,14,27,1,2,150.0111,0.9119215472035842
6,14,LR,14,27,1,2,151.0102,0.9499511594793897
6,14,LR,14,27,1,2,152.0108,0.9426030675430159
6,14,LR,14,27,1,2,153.0114,0.9446490357881793
6,14,LR,14,27,1,2,154.0109,0.9587593931948184
6,14,LR,14,27,1,2,155.0107,0.9667111936226657
6,14,LR,14,27,1,2,156.0103,0.9802210754367323
6,14,LR,14,27,1,2,157.0111,0.984582277658297
6,14,LR,14,27,1,2,158.0107,0.9865826664508689
6,14,LR,14,27,1,2,159.0117,0.986297597450649
6,14,LR,14,27,1,2,160.0122,0.9869616402444299
6,14,LR,14,27,1,2,161.0119,0.9875894771043688
6,14,LR,14,27,1,2,162.011,0.9876244926466556
6,14,LR,14,27,1,2,163.0109,0.9881899928121911
6,14,LR,14,27,1,2,164.0102,0.9880891871048555
6,14,LR,14,27,1,2,165.0107,0.9808465028159983
6,14,LR,14,27,1,2,166.01,0.9731466331448545
6,14,LR,14,27,1,2,167.011,0.9685192581365157
6,14,LR,14,27,1,2,168.0117,0.9434000999386614
6,14,LR,14,27,1,2,169.0114,0.9443590666626852
6,14,LR,14,27,1,2,170.0124,0.964487248641716
6,14,LR,14,27,1,2,171.0132,0.9720631011913321
6,14,LR,14,27,1,2,172.0111,0.976773894149527
6,14,LR,14,27,1,2,173.0098,0.9801818214980528
6,14,LR,14,27,1,2,174.0115,0.9730685211423739
6,14,LR,14,27,1,2,175.0128,0.93669177656199
6,14,LR,14,27,1,2,176.0125,0.9297191356608018
6,14,LR,14,27,1,2,177.0113,0.9439240882562558
6,14,LR,14,27,1,2,178.0124,0.9434074671372246
6,14,LR,14,27,1,2,179.0121,0.9643068112984483
6,14,LR,14,27,1,2,180.0115,0.9595677318278971
6,14,LR,14,27,1,2,181.0128,0.9587234738084166
6,14,LR,14,27,1,2,182.0121,0.9605934385752543
6,14,LR,14,27,1,2,183.0128,0.9541067198737533
6,14,LR,14,27,1,2,184.0131,0.9215830347886517
6,14,LR,14,27,1,2,185.0134,0.8712014538911972
6,14,LR,14,27,1,2,186.0142,0.8745885640805942
6,14,LR,14,27,1,2,187.0148,0.851755685370776
6,14,LR,14,27,1,2,188.013,0.8359118618968577
6,14,LR,14,27,1,2,189.0133,0.8417383516734309
6,14,LR,14,27,1,2,190.0127,0.8687381153627133
6,14,LR,14,27,1,2,191.0129,0.9185462658559466
6,14,LR,14,27,1,2,192.0126,0.9082350212589153
6,14,LR,14,27,1,2,193.0123,0.9102807719211833
6,14,LR,14,27,1,2,194.0129,0.8937303449049133
6,14,LR,14,27,0,0,195.0138,0.86121058384331
6,14,LR,14,27,0,0,196.0139,0.8276190010711424
6,14,LR,14,27,0,0,197.014,0.8215968433494557
6,14,LR,14,27,0,0,198.0153,0.8687301274180929
6,14,LR,14,27,0,0,199.0154,0.9366951673860778
6,14,LR,14,27,0,0,200.0137,0.9578839455960821
6,14,LR,14,27,0,0,201.0133,0.9675786371761262
6,14,LR,14,27,0,0,202.014,0.9650208327539325
6,14,LR,14,27,0,0,203.0149,0.957236511253744
6,14,LR,14,27,0,0,204.0157,0.9555167160499298
6,14,LR,14,27,0,0,205.0156,0.9499056203355118
6,14,LR,14,27,0,0,206.0157,0.9528699562299577
6,14,LR,14,27,0,0,207.0146,0.950065407049364
6,14,LR,14,27,0,0,208.0148,0.9617893547249821
6,14,LR,14,27,0,0,209.0162,0.9601578434252581
6,14,LR,14,27,0,0,210.0147,0.9622985387684264
6,14,LR,14,27,0,0,211.0141,0.9371872364291846
6,14,LR,14,27,0,0,212.0139,0.9113017217526534
6,14,LR,14,27,0,0,213.0145,0.8773210367666444
6,14,LR,14,27,0,0,214.0139,0.7670132000074594
6,14,LR,14,27,0,0,215.0152,0.6152403802218882
6,14,LR,14,27,0,0,216.0154,0.5346706105007943
6,14,LR,14,27,0,0,217.0155,0.46738201975892274
6,14,LR,14,27,0,0,218.0154,0.3477474063053719
6,14,LR,14,27,0,0,219.0161,0.5554322994679554
6,14,LR,14,27,0,0,220.0133,0.5319428477870182
6,14,LR,14,27,0,0,221.0157,0.5082623943065705
6,14,LR,14,27,0,0,222.016,0.45715554050121915
6,14,LR,14,27,0,0,223.0163,0.26026150072164483
6,14,LR,14,27,0,0,224.0161,0.23548874788158136
6,14,LR,14,27,0,0,225.0156,0.23628537791073714
6,14,LR,14,27,0,0,226.0158,0.19152913939100147
6,14,LR,14,27,0,0,227.0152,0.3253537598229547
6,14,LR,14,27,0,0,228.0145,0.34660354887966244
6,14,LR,14,27,0,0,229.0143,0.43755553605659164
6,14,LR,14,27,0,0,230.015,0.4866927805533977
6,14,LR,14,27,0,0,231.0147,0.5615888340030698
6,14,LR,14,27,0,0,232.0167,0.5824413879068348
6,14,LR,14,27,0,0,233.0171,0.621061192517001
6,14,LR,14,27,0,0,234.0177,0.6283741360687845
6,14,LR,14,27,0,0,235.0167,0.5125914404830433
6,14,LR,14,27,0,0,236.0168,0.5744071541305776
6,14,LR,14,27,0,0,237.0172,0.6534541415439559
6,14,LR,14,27,0,0,238.0165,0.6706228439219011
6,14,LR,14,27,0,0,239.0155,0.6856871078009856
6,14,LR,14,27,0,0,240.0154,0.7175315054865491
6,14,LR,14,27,0,0,241.0162,0.7391300771339803
6,14,LR,14,27,0,0,242.0153,0.7117261059253602
6,14,LR,14,27,0,0,243.0169,0.6411467338934913
6,14,LR,14,27,0,0,244.017,0.589838137269053
6,14,LR,14,27,0,0,245.0175,0.6195265916723447
6,14,LR,14,27,0,0,246.0175,0.5820230025490066
6,14,LR,14,27,0,0,247.0189,0.7697170469091945
6,14,LR,14,27,0,0,248.0175,0.7969285080578825
6,14,LR,14,27,0,0,249.0157,0.8663463632196464
6,14,LR,14,27,0,0,250.0172,0.8410895106742079
6,14,LR,14,27,0,0,251.0182,0.765105586641234
6,14,LR,14,27,0,0,252.019,0.6223337917008733
6,14,LR,14,27,0,0,253.0187,0.6291303820931269
6,14,LR,14,27,0,0,254.0191,0.5137167222031018
6,14,LR,14,27,0,0,255.0179,0.7047560872499136
6,14,LR,14,27,0,0,256.0189,0.758548790527812
6,14,LR,14,27,0,0,257.0168,0.6829624779321997
6,14,LR,14,27,0,0,258.0172,0.6262251088751855
6,14,LR,14,27,0,0,259.0182,0.5300218652009787
6,14,LR,14,27,0,0,260.0174,0.3703184109069462
6,14,LR,14,27,0,0,261.0188,0.2261732808890999
6,14,LR,14,27,0,0,262.0185,0.18025931480438667
6,14,LR,14,27,0,0,263.0108,0.12508228762787932
6,14,LR,14,27,0,0,264.0196,0.07630661132089696
6,14,LR,14,27,0,0,265.0177,0.14141703710788137
6,14,LR,14,27,0,0,266.017,0.11051589662473336
6,14,LR,14,27,0,0,267.0185,0.08095192545698926
6,14,LR,14,27,0,0,268.0191,0.04917413270665676
6,14,LR,14,27,0,0,269.0094,0.03702799823050761
6,14,LR,14,27,0,0,270.0097,0.03232625041367324
6,14,LR,14,27,0,0,271.0201,0.029972180687231544
6,14,LR,14,27,0,0,272.0097,0.031211591479440963
6,14,LR,14,27,0,0,273.0197,0.044077280707117604
6,14,LR,14,27,0,0,274.0097,0.07838135433742993
6,14,LR,14,27,0,0,275.0197,0.09097928942106805
6,14,LR,14,27,0,0,276.0195,0.09050647717014161
6,14,LR,14,27,1,1,277.0191,0.11500739442772051
6,14,LR,14,27,1,1,278.0207,0.1437484652349534
6,14,LR,14,27,1,1,279.0197,0.07551571782307437
6,14,LR,14,27,1,1,280.0204,0.1130601002232768
6,14,LR,14,27,1,1,281.0213,0.1296178230075
6,14,LR,14,27,1,1,282.0106,0.1161765105904875
6,14,LR,14,27,1,1,283.0107,0.24023729827884627
6,14,LR,14,27,1,1,284.0201,0.29707591587307547
6,14,LR,14,27,1,1,285.0201,0.43177883860096655
6,14,LR,14,27,1,1,286.0099,0.4265598657330859
6,14,LR,14,27,1,1,287.02,0.4710307421189082
6,14,LR,14,27,1,1,288.01,0.48161111994259603
6,14,LR,14,27,1,1,289.011,0.4198150741642121
6,14,LR,14,27,1,1,290.011,0.4686140948651894
6,14,LR,14,27,1,1,291.0101,0.4045037605294415
6,14,LR,14,27,1,1,292.011,0.5176306163153815
6,14,LR,14,27,1,1,293.0103,0.6609652062986499
6,14,LR,14,27,1,1,294.011,0.7156254252942706
6,14,LR,14,27,1,1,295.0106,0.6946732976595752
6,14,LR,14,27,1,1,296.0206,0.6714933707758894
6,14,LR,14,27,1,1,297.0204,0.6833856781608321
6,14,LR,14,27,1,1,298.0102,0.6192380732576007
6,14,LR,14,27,1,1,299.0202,0.7291319039538338
6,14,LR,14,27,1,1,300.0211,0.5837948810501448
6,14,LR,14,27,1,1,301.0101,0.5573774864552345
6,14,LR,14,28,0,0,0.0111128,0.23436075506253537
6,14,LR,14,28,0,0,1.009833,0.14320864131505207
6,14,LR,14,28,0,0,2.010395,0.16869064362853564
6,14,LR,14,28,0,0,3.011393,0.0013968765556947075
6,14,LR,14,28,0,0,4.0115,0.0013154246499106315
6,14,LR,14,28,0,0,5.012748,6.1102571576956e-05
6,14,LR,14,28,0,0,6.014083,8.766418652728735e-06
6,14,LR,14,28,0,0,7.013341,4.297881254233674e-06
6,14,LR,14,28,0,0,8.015121,8.367853073061292e-06
6,14,LR,14,28,0,0,9.014697,5.716617801836042e-05
6,14,LR,14,28,0,0,10.01435,9.006482795867753e-05
6,14,LR,14,28,0,0,11.0154,6.387039416509379e-05
6,14,LR,14,28,0,0,12.0133,6.271782788558738e-05
6,14,LR,14,28,0,0,13.01444,0.00029445748200433746
6,14,LR,14,28,0,0,14.01499,0.0022779081351417285
6,14,LR,14,28,0,0,15.01424,0.11345513708432091
6,14,LR,14,28,0,0,16.01418,0.44130201157483556
6,14,LR,14,28,0,0,17.01338,0.5813023225288123
6,14,LR,14,28,0,0,18.01521,0.6512949872893883
6,14,LR,14,28,0,0,19.01558,0.8092536902200108
6,14,LR,14,28,0,0,20.01401,0.7920726362683844
6,14,LR,14,28,0,0,21.01581,0.7676390775724165
6,14,LR,14,28,0,0,22.01543,0.6407087604885442
6,14,LR,14,28,0,0,23.01588,0.6874551666333221
6,14,LR,14,28,0,0,24.01619,0.6249325842338426
6,14,LR,14,28,0,0,25.01628,0.6441765734419187
6,14,LR,14,28,0,0,26.0155,0.5749906482890168
6,14,LR,14,28,0,0,27.01602,0.41521910377751137
6,14,LR,14,28,0,0,28.01654,0.2822290700820448
6,14,LR,14,28,0,0,29.01629,0.18011492474971952
6,14,LR,14,28,0,0,30.01612,0.24967661839388927
6,14,LR,14,28,0,0,31.01567,0.1703499449058419
6,14,LR,14,28,0,0,32.01504,0.1772595081601276
6,14,LR,14,28,0,0,33.01624,0.20627045121373522
6,14,LR,14,28,0,0,34.0147,0.13938641453739548
6,14,LR,14,28,0,0,35.01396,0.13530163057590375
6,14,LR,14,28,0,0,36.01606,0.16084620032111682
6,14,LR,14,28,0,0,37.01563,0.19662730636341405
6,14,LR,14,28,0,0,38.01526,0.2505055719978278
6,14,LR,14,28,0,0,39.01506,0.39253400794198307
6,14,LR,14,28,0,0,40.0174,0.36329987933173824
6,14,LR,14,28,0,0,41.01774,0.4748482136334621
6,14,LR,14,28,0,0,42.01627,0.4678942215467359
6,14,LR,14,28,0,0,43.01559,0.545486396729192
6,14,LR,14,28,0,0,44.01618,0.5330183577277235
6,14,LR,14,28,0,0,45.01551,0.541068344598795
6,14,LR,14,28,0,0,46.01629,0.4979274059335273
6,14,LR,14,28,0,0,47.01807,0.48850929463938836
6,14,LR,14,28,0,0,48.01582,0.3568943376707045
6,14,LR,14,28,0,0,49.01778,0.2967424620632958
6,14,LR,14,28,0,0,50.01649,0.2540404248839151
6,14,LR,14,28,0,0,51.01685,0.2186705638089066
6,14,LR,14,28,0,0,52.01536,0.16852159876817174
6,14,LR,14,28,0,0,53.01762,0.2055479481108816
6,14,LR,14,28,0,0,54.01741,0.2906534701218759
6,14,LR,14,28,0,0,55.01841,0.22826935571975232
6,14,LR,14,28,0,0,56.01595,0.17670477961508096
6,14,LR,14,28,0,0,57.01751,0.14495140735478407
6,14,LR,14,28,0,0,58.01589,0.058911768167116484
6,14,LR,14,28,0,0,59.01643,0.042404868773674914
6,14,LR,14,28,0,0,60.01655,0.04098666916064164
6,14,LR,14,28,0,0,61.01838,0.0409158296474941
6,14,LR,14,28,0,0,62.01884,0.054327329511058065
6,14,LR,14,28,0,0,63.01641,0.09658082365849216
6,14,LR,14,28,0,0,64.0168,0.07282556415819873
6,14,LR,14,28,0,0,65.01732,0.08391308108733761
6,14,LR,14,28,0,0,66.01808,0.07403340828500947
6,14,LR,14,28,0,0,67.01823,0.07405743245663
6,14,LR,14,28,0,0,68.01816,0.10739173952926333
6,14,LR,14,28,0,0,69.01759,0.2058846023130773
6,14,LR,14,28,0,0,70.01744,0.27827365589942665
6,14,LR,14,28,0,0,71.01709,0.34908131181057345
6,14,LR,14,28,0,0,72.01596,0.31861800185589073
6,14,LR,14,28,0,0,73.01692,0.3243752450069063
6,14,LR,14,28,0,0,74.0185,0.31280611811006903
6,14,LR,14,28,0,0,75.01855,0.25384239739793313
6,14,LR,14,28,0,0,76.01823,0.4214234759520502
6,14,LR,14,28,0,0,77.01774,0.4785491765711346
6,14,LR,14,28,0,0,78.01897,0.5194351149637353
6,14,LR,14,28,0,0,79.01764,0.4163251721236584
6,14,LR,14,28,0,0,80.01952,0.44436953815484465
6,14,LR,14,28,0,0,81.01741,0.4796346550586771
6,14,LR,14,28,0,0,82.01808,0.4888044956883932
6,14,LR,14,28,0,0,83.01849,0.6286834425643671
6,14,LR,14,28,0,0,84.01945,0.6503426888759501
6,14,LR,14,28,0,0,85.01937,0.6655691953989062
6,14,LR,14,28,0,0,86.01777,0.6716884749614103
6,14,LR,14,28,0,0,87.0088,0.681608107175433
6,14,LR,14,28,0,0,88.00897,0.6677581462884752
6,14,LR,14,28,0,0,89.00903,0.6683795115036766
6,14,LR,14,28,0,0,90.00906,0.6626430037799447
6,14,LR,14,28,0,0,91.01865,0.6828618233730023
6,14,LR,14,28,0,0,92.00906,0.6873845782562982
6,14,LR,14,28,0,0,93.01897,0.7414552648142577
6,14,LR,14,28,0,0,94.01846,0.7826680425564765
6,14,LR,14,28,0,0,95.01842,0.7871130298241762
6,14,LR,14,28,0,0,96.01799,0.8249845058086394
6,14,LR,14,28,0,0,97.01869,0.8610364793366778
6,14,LR,14,28,0,0,98.02034,0.8859842136731733
6,14,LR,14,28,0,0,99.00938,0.9062897452135449
6,14,LR,14,28,0,0,100.0092,0.9106959466907881
6,14,LR,14,28,0,0,101.0099,0.8979671544643445
6,14,LR,14,28,0,0,102.0094,0.8737686435039174
6,14,LR,14,28,0,0,103.0204,0.884588740156472
6,14,LR,14,28,0,0,104.0199,0.866208782559697
6,14,LR,14,28,0,0,105.0094,0.8260269133037663
6,14,LR,14,28,0,0,106.0093,0.7828943536997851
6,14,LR,14,28,0,0,107.0091,0.7903775271613366
6,14,LR,14,28,0,0,108.0092,0.6825454564749953
6,14,LR,14,28,0,0,109.0197,0.7845909341220284
6,14,LR,14,28,0,0,110.0095,0.7629917813961139
6,14,LR,14,28,0,0,111.01,0.8007778264150385
6,14,LR,14,28,0,0,112.0107,0.81127452718986
6,14,LR,14,28,0,0,113.0104,0.8645477111617308
6,14,LR,14,28,0,0,114.0103,0.8660615583755819
6,14,LR,14,28,0,0,115.0095,0.8766861681843363
6,14,LR,14,28,0,0,116.01,0.8667951586987329
6,14,LR,14,28,0,0,117.0105,0.874773613038719
6,14,LR,14,28,0,0,118.0109,0.8620316851625883
6,14,LR,14,28,0,0,119.012,0.8607602780159639
6,14,LR,14,28,0,0,120.0113,0.8681310137124457
6,14,LR,14,28,0,0,121.0113,0.8732352857075192
6,14,LR,14,28,0,0,122.0116,0.9122606840132055
6,14,LR,14,28,0,0,123.0119,0.9416242401284782
6,14,LR,14,28,0,0,124.0118,0.945675415514861
6,14,LR,14,28,0,0,125.0108,0.9598482047602838
6,14,LR,14,28,0,0,126.011,0.9661506817900799
6,14,LR,14,28,0,0,127.0124,0.9666664816420432
6,14,LR,14,28,0,0,128.0108,0.9589344062378494
6,14,LR,14,28,0,0,129.0105,0.9426723610710774
6,14,LR,14,28,0,0,130.0117,0.9197732479357366
6,14,LR,14,28,0,0,131.0111,0.9051727380968937
6,14,LR,14,28,0,0,132.0108,0.8922874362149594
6,14,LR,14,28,0,0,133.0106,0.8641812818298041
6,14,LR,14,28,0,0,134.0097,0.8741265753888733
6,14,LR,14,28,0,0,135.0104,0.905185031311493
6,14,LR,14,28,0,0,136.0105,0.9089283624115786
6,14,LR,14,28,0,0,137.011,0.8663118928714459
6,14,LR,14,28,0,0,138.0112,0.7511798938018261
6,14,LR,14,28,0,0,139.0102,0.8157131774815308
6,14,LR,14,28,0,0,140.0111,0.8894768908471966
6,14,LR,14,28,0,0,141.0099,0.9537692246373819
6,14,LR,14,28,0,0,142.0102,0.973271300651354
6,14,LR,14,28,0,0,143.0106,0.9776338329337338
6,14,LR,14,28,0,0,144.012,0.9813852123194429
6,14,LR,14,28,0,0,145.0106,0.9817201104131928
6,14,LR,14,28,0,0,146.012,0.9828676988073333
6,14,LR,14,28,0,0,147.0115,0.9840455696754392
6,14,LR,14,28,0,0,148.0123,0.9834446483084485
6,14,LR,14,28,0,0,149.012,0.9847091019285666
6,14,LR,14,28,0,0,150.0118,0.9840824743813633
6,14,LR,14,28,0,0,151.0124,0.9863776001929242
6,14,LR,14,28,0,0,152.0128,0.9854924287448811
6,14,LR,14,28,0,0,153.0126,0.9868368264839718
6,14,LR,14,28,0,0,154.0121,0.9905475057936329
6,14,LR,14,28,0,0,155.012,0.9917599971512442
6,14,LR,14,28,0,0,156.0126,0.9915699457163071
6,14,LR,14,28,0,0,157.013,0.9908972915576477
6,14,LR,14,28,0,0,158.0121,0.9918242260372588
6,14,LR,14,28,0,0,159.0126,0.9920562506477967
6,14,LR,14,28,0,0,160.0124,0.9918795383553275
6,14,LR,14,28,0,0,161.0119,0.9909400868616397
6,14,LR,14,28,0,0,162.013,0.9941311441787476
6,14,LR,14,28,0,0,163.0129,0.9931895513635746
6,14,LR,14,28,0,0,164.0133,0.9944138711392712
6,14,LR,14,28,0,0,165.0129,0.9919384765567211
6,14,LR,14,28,0,0,166.0124,0.9907281210176021
6,14,LR,14,28,0,0,167.0136,0.9914335263929067
6,14,LR,14,28,0,0,168.0131,0.9917217502811126
6,14,LR,14,28,0,0,169.0124,0.9906162425998432
6,14,LR,14,28,0,0,170.0131,0.9867837336126554
6,14,LR,14,28,0,0,171.0138,0.9812963560082802
6,14,LR,14,28,0,0,172.0135,0.9753171320227269
6,14,LR,14,28,0,0,173.014,0.9726174240244068
6,14,LR,14,28,0,0,174.0137,0.9700705571242285
6,14,LR,14,28,0,0,175.0137,0.9668228215181293
6,14,LR,14,28,0,0,176.0139,0.9564980853659194
6,14,LR,14,28,0,0,177.0143,0.932565201663547
6,14,LR,14,28,0,0,178.0135,0.9095365690899645
6,14,LR,14,28,0,0,179.0138,0.8670048191950804
6,14,LR,14,28,0,0,180.0135,0.7804128205986907
6,14,LR,14,28,0,0,181.0143,0.6929210558361972
6,14,LR,14,28,0,0,182.0144,0.6457004857995664
6,14,LR,14,28,0,0,183.0134,0.5550998198191457
6,14,LR,14,28,0,0,184.0142,0.4574629376616422
6,14,LR,14,28,0,0,185.0128,0.3696576654488159
6,14,LR,14,28,0,0,186.0135,0.2964016703051609
6,14,LR,14,28,0,0,187.0139,0.2446149371502099
6,14,LR,14,28,0,0,188.0138,0.18799331340842196
6,14,LR,14,28,0,0,189.015,0.17687718410459718
6,14,LR,14,28,0,0,190.0154,0.14274167380403377
6,14,LR,14,28,0,0,191.0153,0.1266857356041369
6,14,LR,14,28,0,0,192.015,0.15321438909976215
6,14,LR,14,28,0,0,193.0144,0.13714087549816828
6,14,LR,14,28,0,0,194.0154,0.11974415764480957
6,14,LR,14,28,0,0,195.0154,0.139020463536975
6,14,LR,14,28,0,0,196.0153,0.142769805344237
6,14,LR,14,28,0,0,197.0166,0.15832314554592675
6,14,LR,14,28,0,0,198.0156,0.16176760271954174
6,14,LR,14,28,0,0,199.0165,0.16112013262391253
6,14,LR,14,28,0,0,200.0164,0.14400391755068964
6,14,LR,14,28,0,0,201.0146,0.15768366043852702
6,14,LR,14,28,0,0,202.0159,0.15327505107856196
6,14,LR,14,28,0,0,203.0147,0.16849635543650618
6,14,LR,14,28,0,0,204.015,0.16328566026226027
6,14,LR,14,28,0,0,205.0149,0.14617750795158224
6,14,LR,14,28,0,0,206.0154,0.12805362260487851
6,14,LR,14,28,0,0,207.0155,0.1148358624683599
6,14,LR,14,28,0,0,208.0162,0.10356104881169903
6,14,LR,14,28,0,0,209.0153,0.10077991598434921
6,14,LR,14,28,0,0,210.0164,0.11511929803463138
6,14,LR,14,28,0,0,211.0156,0.11494479606827987
6,14,LR,14,28,0,0,212.0163,0.09013619807513641
6,14,LR,14,28,0,0,213.0176,0.08325928785482017
6,14,LR,14,28,0,0,214.0176,0.08050251261416917
6,14,LR,14,28,0,0,215.0165,0.10081377959639369
6,14,LR,14,28,0,0,216.0159,0.11817536553928622
6,14,LR,14,28,0,0,217.0159,0.15027786006288235
6,14,LR,14,28,0,0,218.0158,0.16337973717362905
6,14,LR,14,28,0,0,219.0164,0.19049292668329063
6,14,LR,14,28,0,0,220.0166,0.22662792147317765
6,14,LR,14,28,0,0,221.016,0.1985436319707311
6,14,LR,14,28,0,0,222.0175,0.19716375251636628
6,14,LR,14,28,0,0,223.0178,0.17384661137510862
6,14,LR,14,28,0,0,224.0176,0.17109330044827115
6,14,LR,14,28,0,0,225.018,0.1694569836561351
6,14,LR,14,28,0,0,226.0181,0.1815680868250461
6,14,LR,14,28,0,0,227.018,0.18988568447095994
6,14,LR,14,28,0,0,228.0176,0.21294180692538034
6,14,LR,14,28,0,0,229.0186,0.222372869203706
6,14,LR,14,28,0,0,230.0179,0.21608262756522592
6,14,LR,14,28,0,0,231.0177,0.18045251613279834
6,14,LR,14,28,0,0,232.0178,0.19361753084561872
6,14,LR,14,28,0,0,233.018,0.1713709217289307
6,14,LR,14,28,0,0,234.017,0.22038808947803865
6,14,LR,14,28,0,0,235.0178,0.2792525865472332
6,14,LR,14,28,0,0,236.0177,0.32089461261519225
6,14,LR,14,28,0,0,237.0187,0.4081098795094451
6,14,LR,14,28,0,0,238.0185,0.4913357166842345
6,14,LR,14,28,0,0,239.0183,0.4238266912341128
6,14,LR,14,28,0,0,240.0186,0.4284428714159245
6,14,LR,14,28,0,0,241.0184,0.5361052977915441
6,14,LR,14,28,0,0,242.0192,0.5592271475518497
6,14,LR,14,28,0,0,243.018,0.5796150811781663
6,14,LR,14,28,0,0,244.0168,0.6333142664938232
6,14,LR,14,28,0,0,245.0174,0.622608065793237
6,14,LR,14,28,0,0,246.0177,0.6238271581065724
6,14,LR,14,28,0,0,247.0178,0.5925013588843527
6,14,LR,14,28,0,0,248.0176,0.6524183122363683
6,14,LR,14,28,0,0,249.0175,0.6420239368760318
6,14,LR,14,28,0,0,250.0193,0.6267625276427867
6,14,LR,14,28,0,0,251.0192,0.7757634675249019
6,14,LR,14,28,0,0,252.0187,0.8248353510089314
6,14,LR,14,28,1,3,253.0184,0.8690212242349361
6,14,LR,14,28,1,3,254.0191,0.8995164212231453
6,14,LR,14,28,1,3,255.0188,0.8923622799478498
6,14,LR,14,28,1,3,256.019,0.901206819735647
6,14,LR,14,28,1,3,257.009,0.8124342909383282
6,14,LR,14,28,1,3,258.009,0.7868472771135964
6,14,LR,14,28,1,3,259.0089,0.6587554034144317
6,14,LR,14,28,1,3,260.0201,0.5627528590734566
6,14,LR,14,28,1,3,261.0089,0.6038190033219656
6,14,LR,14,28,1,3,262.0198,0.6215342848400948
6,14,LR,14,28,1,3,263.0199,0.6529256320925959
6,14,LR,14,28,1,3,264.0095,0.610472807309561
6,14,LR,14,28,1,3,265.0092,0.5852080371300314
6,14,LR,14,28,1,3,266.0198,0.6127929089192797
6,14,LR,14,28,1,3,267.02,0.6297740096517155
6,14,LR,14,28,1,3,268.0094,0.6502502637048809
6,14,LR,14,28,1,3,269.0094,0.7086797294283993
6,14,LR,14,28,1,3,270.0103,0.7290071577750744
6,14,LR,14,28,1,3,271.01,0.692628767371687
6,14,LR,14,28,1,3,272.0204,0.5714162203029701
6,14,LR,14,28,1,3,273.0203,0.5568011376214503
6,14,LR,14,28,1,3,274.0092,0.5345648320677201
6,14,LR,14,28,1,3,275.0203,0.5037225728013535
6,14,LR,14,28,1,3,276.0095,0.4228116950695139
6,14,LR,14,28,1,3,277.0092,0.263057075520179
6,14,LR,14,28,1,3,278.0089,0.17989522103204603
6,14,LR,14,28,1,3,279.011,0.12228081564213503
6,14,LR,14,28,1,3,280.0101,0.11719057369407707
6,14,LR,14,28,1,3,281.0095,0.11098627770508633
6,14,LR,14,28,1,3,282.0099,0.11457872291288612
6,14,LR,14,28,1,3,283.0117,0.11935332991247116
6,14,LR,14,28,1,3,284.0094,0.19474992101963046
6,14,LR,14,28,1,3,285.0087,0.2483142499673575
6,14,LR,14,28,1,3,286.0101,0.27041137521317227
6,14,LR,14,28,1,3,287.0098,0.2814338148743511
6,14,LR,14,28,1,3,288.0103,0.29073699050615787
6,14,LR,14,28,1,3,289.0108,0.317255356760568
6,14,LR,14,28,1,3,290.0102,0.3568398810519266
6,14,LR,14,28,1,3,291.0107,0.4055443305015104
6,14,LR,14,28,1,3,292.0105,0.4801665100771704
6,14,LR,14,28,1,3,293.0114,0.4925536837033853
6,14,LR,14,28,1,2,294.0107,0.5846532358607663
6,14,LR,14,28,1,2,295.0113,0.6215128244395967
6,14,LR,14,28,1,2,296.0103,0.688875743048915
6,14,LR,14,28,1,2,297.0109,0.7976950681729322
6,14,LR,14,28,1,2,298.0119,0.8472171706193425
6,14,LR,14,28,1,2,299.0108,0.856977971814
6,14,LR,14,28,1,2,300.0102,0.8673593540139942
6,14,LR,14,28,1,2,301.0107,0.880643092827379
6,14,LR,6,29,0,0,0.0112192,0.06803912422780924
6,14,LR,6,29,0,0,1.011824,0.007764611139714734
6,14,LR,6,29,0,0,2.016775,0.019227119496998707
6,14,LR,6,29,0,0,3.01134,0.018933729172677348
6,14,LR,6,29,0,0,4.016446,0.03278794098824791
6,14,LR,6,29,0,0,5.010691,0.05039529553773702
6,14,LR,6,29,0,0,6.014781,0.03709673161926498
6,14,LR,6,29,0,0,7.021184,0.028152294917408935
6,14,LR,6,29,0,0,8.014297,0.027206641732089743
6,14,LR,6,29,0,0,9.017834,0.03083251365570609
6,14,LR,6,29,0,0,10.0143,0.04655425029165326
6,14,LR,6,29,0,0,11.0198,0.055939702349509485
6,14,LR,6,29,0,0,12.01373,0.060308953707684715
6,14,LR,6,29,0,0,13.01924,0.0578212196874481
6,14,LR,6,29,0,0,14.01323,0.05888991938485438
6,14,LR,6,29,0,0,15.01874,0.07186503162953803
6,14,LR,6,29,0,0,16.02178,0.07517412062240261
6,14,LR,6,29,0,0,17.0179,0.07953667935562989
6,14,LR,6,29,0,0,18.01236,0.04834367734572158
6,14,LR,6,29,0,0,19.01663,0.07277724048943018
6,14,LR,6,29,0,0,20.01117,0.07730816221975173
6,14,LR,6,29,0,0,21.01589,0.07007201986158226
6,14,LR,6,29,0,0,22.01227,0.07315049131978384
6,14,LR,6,29,0,0,23.01739,0.07898066011141007
6,14,LR,6,29,0,0,24.01122,0.08001840922650763
6,14,LR,6,29,0,0,25.01702,0.0717493133276422
6,14,LR,6,29,0,0,26.0217,0.08087678988899953
6,14,LR,6,29,0,0,27.01569,0.08140565386566526
6,14,LR,6,29,0,0,28.02129,0.0788387768052435
6,14,LR,6,29,0,0,29.01555,0.08735099716794514
6,14,LR,6,29,0,0,30.01976,0.0054924834555893235
6,14,LR,6,29,0,0,31.01329,0.006920641398095662
6,14,LR,6,29,0,0,32.02007,0.007539558475452642
6,14,LR,6,29,0,0,33.01092,0.007321302281010412
6,14,LR,6,29,0,0,34.01912,0.008138217002673835
6,14,LR,6,29,0,0,35.01377,0.008627572930150698
6,14,LR,6,29,0,0,36.01718,0.007228740938308317
6,14,LR,6,29,0,0,37.01274,0.007641026424089107
6,14,LR,6,29,0,0,38.01831,0.00860023434001866
6,14,LR,6,29,0,0,39.01217,0.008728607288878521
6,14,LR,6,29,0,0,40.01754,0.008702499359550364
6,14,LR,6,29,0,0,41.01052,0.01050851404397261
6,14,LR,6,29,0,0,42.01724,0.012363501092611471
6,14,LR,6,29,0,0,43.02027,0.012763577815984539
6,14,LR,6,29,0,0,44.01577,0.012118959560591148
6,14,LR,6,29,0,0,45.02153,0.014288731756853043
6,14,LR,6,29,0,0,46.01505,0.016199676415141622
6,14,LR,6,29,0,0,47.02,0.016919776259307386
6,14,LR,6,29,0,0,48.01451,0.01592477043951181
6,14,LR,6,29,0,0,49.02043,0.018904133916152584
6,14,LR,6,29,0,0,50.01405,0.02036487840677474
6,14,LR,6,29,0,0,51.02033,0.01827303569330557
6,14,LR,6,29,0,0,52.01211,0.022959061953473057
6,14,LR,6,29,0,0,53.01879,0.021897123892748272
6,14,LR,6,29,0,0,54.01346,0.02370314237286165
6,14,LR,6,29,0,0,55.01865,0.02067033865155961
6,14,LR,6,29,0,0,56.0123,0.018621004176741413
6,14,LR,6,29,0,0,57.01873,0.01607108112410718
6,14,LR,6,29,0,0,58.01094,0.0199297501659591
6,14,LR,6,29,0,0,59.01741,0.01638573127265699
6,14,LR,6,29,0,0,60.01103,0.017188521818965224
6,14,LR,6,29,0,0,61.01686,0.010114481185413143
6,14,LR,6,29,0,0,62.02135,0.016225252953780793
6,14,LR,6,29,0,0,63.01606,0.01521534890152071
6,14,LR,6,29,0,0,64.01111,0.015519643910344556
6,14,LR,6,29,0,0,65.01536,0.01575487468139019
6,14,LR,6,29,0,0,66.01973,0.015583299460097316
6,14,LR,6,29,0,0,67.01254,0.01672247665941544
6,14,LR,6,29,0,0,68.02018,0.016287484581637566
6,14,LR,6,29,0,0,69.01416,0.01837281563436194
6,14,LR,6,29,0,0,70.02119,0.018663086071734725
6,14,LR,6,29,0,0,71.01406,0.018978009077315786
6,14,LR,6,29,0,0,72.01811,0.02018189645021762
6,14,LR,6,29,0,0,73.01423,0.018041226967504986
6,14,LR,6,29,0,0,74.01737,0.023229707244092932
6,14,LR,6,29,0,0,75.01094,0.023909708503999615
6,14,LR,6,29,0,0,76.0176,0.025428945858871944
6,14,LR,6,29,0,0,77.02081,0.027540920724597164
6,14,LR,6,29,0,0,78.01769,0.01676155785248352
6,14,LR,6,29,0,0,79.01154,0.030261441643669684
6,14,LR,6,29,0,0,80.01762,0.029745496410689635
6,14,LR,6,29,0,0,81.01078,0.03824845927850099
6,14,LR,6,29,0,0,82.01668,0.038189028111333595
6,14,LR,6,29,0,0,83.01159,0.04610887469695949
6,14,LR,6,29,0,0,84.0154,0.0508430522040858
6,14,LR,6,29,0,0,85.0213,0.06208366117134036
6,14,LR,6,29,0,0,86.01613,0.06448976494877327
6,14,LR,6,29,0,0,87.02153,0.04058449648833528
6,14,LR,6,29,0,0,88.01397,0.04003030758874924
6,14,LR,6,29,0,0,89.02009,0.05051821208075016
6,14,LR,6,29,0,0,90.0147,0.055243987245040614
6,14,LR,6,29,0,0,91.01833,0.051334694258811694
6,14,LR,6,29,0,0,92.01338,0.06775540501695114
6,14,LR,6,29,0,0,93.01836,0.09133839532117957
6,14,LR,6,29,0,0,94.01306,0.08964147963383434
6,14,LR,6,29,0,0,95.01991,0.08893279161087943
6,14,LR,6,29,0,0,96.01231,0.10771277309463193
6,14,LR,6,29,0,0,97.01806,0.11753763548106362
6,14,LR,6,29,0,0,98.01287,0.11412702656204948
6,14,LR,6,29,0,0,99.0177,0.10300916807204713
6,14,LR,6,29,0,0,100.0129,0.12890701703746346
6,14,LR,6,29,0,0,101.0174,0.13430868435778676
6,14,LR,6,29,0,0,102.012,0.11902242929280818
6,14,LR,6,29,0,0,103.0166,0.14906215449417476
6,14,LR,6,29,0,0,104.0114,0.15021145696542823
6,14,LR,6,29,0,0,105.016,0.14073723634069873
6,14,LR,6,29,0,0,106.0215,0.16114584919870098
6,14,LR,6,29,0,0,107.0152,0.17230646659123527
6,14,LR,6,29,0,0,108.0193,0.1104204929885779
6,14,LR,6,29,0,0,109.015,0.18236906158853375
6,14,LR,6,29,0,0,110.0205,0.18515883044268275
6,14,LR,6,29,0,0,111.0144,0.19167348184686986
6,14,LR,6,29,0,0,112.0205,0.19855604263336055
6,14,LR,6,29,0,0,113.0114,0.11209129577655276
6,14,LR,6,29,0,0,114.0195,0.21783547318363572
6,14,LR,6,29,0,0,115.0128,0.2061911325145884
6,14,LR,6,29,0,0,116.0194,0.22197916654521374
6,14,LR,6,29,0,0,117.0126,0.13676655944221322
6,14,LR,6,29,0,0,118.0177,0.2514522631416267
6,14,LR,6,29,0,0,119.0121,0.16860406200366834
6,14,LR,6,29,0,0,120.0173,0.3695464199654023
6,14,LR,6,29,0,0,121.0209,0.3853571888324086
6,14,LR,6,29,0,0,122.0168,0.3997238450516389
6,14,LR,6,29,0,0,123.0214,0.4140396144037357
6,14,LR,6,29,0,0,124.0167,0.4681441501951947
6,14,LR,6,29,0,0,125.021,0.4883715816342934
6,14,LR,6,29,0,0,126.0145,0.49777962451373525
6,14,LR,6,29,0,0,127.0109,0.5349299628932214
6,14,LR,6,29,0,0,128.0153,0.5649496602354214
6,14,LR,6,29,0,0,129.0204,0.6068734916710145
6,14,LR,6,29,0,0,130.0143,0.541454373810617
6,14,LR,6,29,0,0,131.0208,0.37302704445755697
6,14,LR,6,29,0,0,132.0134,0.45738219061996865
6,14,LR,6,29,0,0,133.019,0.4769836006676763
6,14,LR,6,29,0,0,134.0134,0.47728161227068777
6,14,LR,6,29,0,0,135.0182,0.38695605011450857
6,14,LR,6,29,0,0,136.0138,0.5319244006043099
6,14,LR,6,29,0,0,137.0193,0.4820771017446503
6,14,LR,6,29,0,0,138.0129,0.4667602937777061
6,14,LR,6,29,0,0,139.018,0.41876157902338995
6,14,LR,6,29,0,0,140.0114,0.4552814436401683
6,14,LR,6,29,0,0,141.0173,0.3653289129490408
6,14,LR,6,29,0,0,142.0123,0.4010992530893675
6,14,LR,6,29,0,0,143.0174,0.3979166562074945
6,14,LR,6,29,0,0,144.0198,0.3466142613404178
6,14,LR,6,29,0,0,145.0158,0.3903715369621247
6,14,LR,6,29,0,0,146.022,0.39680805928403995
6,14,LR,6,29,0,0,147.0161,0.3797640884726845
6,14,LR,6,29,0,0,148.0215,0.3331296670803545
6,14,LR,6,29,0,0,149.0159,0.3588868233152815
6,14,LR,6,29,0,0,150.0214,0.34920522263578707
6,14,LR,6,29,0,0,151.0148,0.32681214941163356
6,14,LR,6,29,0,0,152.0203,0.2840052067542075
6,14,LR,6,29,0,0,153.015,0.3081869146290514
6,14,LR,6,29,0,0,154.0197,0.290621580918784
6,14,LR,6,29,0,0,155.0137,0.2689793357345554
6,14,LR,6,29,0,0,156.0195,0.25489661918878487
6,14,LR,6,29,0,0,157.0139,0.2509642336165368
6,14,LR,6,29,0,0,158.0179,0.23625046845564465
6,14,LR,6,29,0,0,159.0134,0.21066854274020375
6,14,LR,6,29,0,0,160.0171,0.19513518233951513
6,14,LR,6,29,0,0,161.0113,0.18199874703288962
6,14,LR,6,29,0,0,162.0164,0.2259300826839225
6,14,LR,6,29,0,0,163.022,0.23932519967212962
6,14,LR,6,29,0,0,164.0161,0.26844579398251034
6,14,LR,6,29,0,0,165.022,0.29073671591432126
6,14,LR,6,29,0,0,166.0165,0.3118073826486527
6,14,LR,6,29,0,0,167.0112,0.3743662093701328
6,14,LR,6,29,0,0,168.0158,0.4039039012656389
6,14,LR,6,29,0,0,169.0202,0.5298190694417456
6,14,LR,6,29,0,0,170.0141,0.519404123856487
6,14,LR,6,29,0,0,171.0207,0.7149349094121932
6,14,LR,6,29,0,0,172.0139,0.692580824333579
6,14,LR,6,29,0,0,173.0192,0.7595568426850547
6,14,LR,6,29,0,0,174.013,0.7479812156102161
6,14,LR,6,29,0,0,175.0175,0.7822711589382678
6,14,LR,6,29,0,0,176.0135,0.7001291666854321
6,14,LR,6,29,0,0,177.0181,0.8505313028255247
6,14,LR,6,29,0,0,178.0124,0.867751961818056
6,14,LR,6,29,0,0,179.0186,0.8791961582759977
6,14,LR,6,29,0,0,180.0117,0.8921941501925316
6,14,LR,6,29,0,0,181.0171,0.9090108360069984
6,14,LR,6,29,0,0,182.0113,0.9204795679323597
6,14,LR,6,29,0,0,183.0171,0.89163849772387
6,14,LR,6,29,0,0,184.0217,0.9415073168946404
6,14,LR,6,29,0,0,185.0134,0.9509889691175932
6,14,LR,6,29,0,0,186.0216,0.9589908904436495
6,14,LR,6,29,0,0,187.0153,0.9192124683250554
6,14,LR,6,29,0,0,188.0214,0.89029160496901
6,14,LR,6,29,0,0,189.0154,0.9283434056166137
6,14,LR,6,29,0,0,190.0175,0.9258445738515856
6,14,LR,6,29,0,0,191.0144,0.9326917962846385
6,14,LR,6,29,0,0,192.0198,0.9274669217790763
6,14,LR,6,29,0,0,193.0143,0.9343615362548354
6,14,LR,6,29,0,0,194.0198,0.9313694358532056
6,14,LR,6,29,0,0,195.0145,0.9335628155290582
6,14,LR,6,29,0,0,196.0186,0.9463890228975446
6,14,LR,6,29,0,0,197.0138,0.9317695428556143
6,14,LR,6,29,0,0,198.0177,0.934777351120142
6,14,LR,6,29,0,0,199.0128,0.9254806951688532
6,14,LR,6,29,0,0,200.015,0.9177528907851253
6,14,LR,6,29,0,0,201.0131,0.8983539093968534
6,14,LR,6,29,0,0,202.0175,0.9042770441783345
6,14,LR,6,29,0,0,203.0224,0.901303361760492
6,14,LR,6,29,0,0,204.0173,0.8924098137481764
6,14,LR,6,29,0,0,205.0222,0.8864117734435166
6,14,LR,6,29,0,0,206.0159,0.8032340947049403
6,14,LR,6,29,0,0,207.0197,0.8736434245979594
6,14,LR,6,29,0,0,208.0167,0.8637468575189341
6,14,LR,6,29,0,0,209.0206,0.8257493799340487
6,14,LR,6,29,0,0,210.0151,0.8289622575198248
6,14,LR,6,29,0,0,211.0197,0.8180085374861084
6,14,LR,6,29,0,0,212.0139,0.7993958041638932
6,14,LR,6,29,0,0,213.0196,0.7777812854231926
6,14,LR,6,29,0,0,214.0141,0.7765485104439986
6,14,LR,6,29,0,0,215.0178,0.7578756469496764
6,14,LR,6,29,0,0,216.012,0.7373765928478319
6,14,LR,6,29,0,0,217.0189,0.6994318505317345
6,14,LR,6,29,0,0,218.0127,0.6720034489931764
6,14,LR,6,29,0,0,219.0185,0.7329310727805125
6,14,LR,6,29,0,0,220.0132,0.7524671518948095
6,14,LR,6,29,0,0,221.0173,0.7640860615665782
6,14,LR,6,29,0,0,222.0124,0.7767204921472197
6,14,LR,6,29,0,0,223.017,0.6931556330130229
6,14,LR,6,29,0,0,224.0219,0.7244784655547511
6,14,LR,6,29,0,0,225.0162,0.753980167410318
6,14,LR,6,29,0,0,226.0217,0.7744905928337501
6,14,LR,6,29,0,0,227.0157,0.6316311369286459
6,14,LR,6,29,0,0,228.0207,0.6709801645363206
6,14,LR,6,29,0,0,229.0154,0.7627314538869215
6,14,LR,6,29,0,0,230.0205,0.7453722372438212
6,14,LR,6,29,0,0,231.0153,0.7196442228830372
6,14,LR,6,29,0,0,232.0194,0.6969933787258779
6,14,LR,6,29,0,0,233.0133,0.6743958321340897
6,14,LR,6,29,0,0,234.0184,0.70650580008277
6,14,LR,6,29,0,0,235.0122,0.6987007989318154
6,14,LR,6,29,0,0,236.0163,0.6952042791908317
6,14,LR,6,29,0,0,237.0122,0.6279294129119369
6,14,LR,6,29,0,0,238.0178,0.6704505970835601
6,14,LR,6,29,0,0,239.0128,0.645294760807507
6,14,LR,6,29,0,0,240.0172,0.6322801973312414
6,14,LR,6,29,0,0,241.0219,0.5958609142234728
6,14,LR,6,29,0,0,242.0162,0.6469205280792669
6,14,LR,6,29,0,0,243.0118,0.6356717820323429
6,14,LR,6,29,0,0,244.017,0.605076144203128
6,14,LR,6,29,0,0,245.0216,0.5832782809835331
6,14,LR,6,29,0,0,246.0154,0.5443484062709473
6,14,LR,6,29,0,0,247.0208,0.5004430358555811
6,14,LR,6,29,0,0,248.0148,0.5358691511709911
6,14,LR,6,29,0,0,249.0202,0.5227078223129223
6,14,LR,6,29,0,0,250.0158,0.621461593887375
6,14,LR,6,29,0,0,251.0202,0.6421669126793594
6,14,LR,6,29,0,0,252.0149,0.6531366712737948
6,14,LR,6,29,0,0,253.0197,0.6852749507509434
6,14,LR,6,29,0,0,254.0136,0.679389595687849
6,14,LR,6,29,0,0,255.0182,0.7029480251953336
6,14,LR,6,29,0,0,256.0139,0.7283044343440263
6,14,LR,6,29,0,0,257.0173,0.7416591200739865
6,14,LR,6,29,0,0,258.013,0.7576015286945672
6,14,LR,6,29,0,0,259.0187,0.7741891347415585
6,14,LR,6,29,0,0,260.021,0.7821061791938384
6,14,LR,6,29,0,0,261.0178,0.7850339964818951
6,14,LR,6,29,0,0,262.0128,0.8122455463087043
6,14,LR,6,29,0,0,263.0165,0.8349052764858106
6,14,LR,6,29,0,0,264.022,0.8431633789473144
6,14,LR,6,29,0,0,265.0162,0.8700886632419054
6,14,LR,6,29,0,0,266.0201,0.8869874980144378
6,14,LR,6,29,0,0,267.0135,0.9010094876872635
6,14,LR,6,29,0,0,268.0216,0.9133757172417011
6,14,LR,6,29,0,0,269.0137,0.926795403315589
6,14,LR,6,29,0,0,270.0212,0.8839241592845025
6,14,LR,6,29,0,0,271.0142,0.9380878771559653
6,14,LR,6,29,0,0,272.0176,0.9413069690532518
6,14,LR,6,29,0,0,273.0138,0.948303403088437
6,14,LR,6,29,0,0,274.0176,0.9561817339738592
6,14,LR,6,29,0,0,275.0136,0.9378344854101411
6,14,LR,6,29,0,0,276.0194,0.9725243597211598
6,14,LR,6,29,0,0,277.011,0.9754723592931519
6,14,LR,6,29,0,0,278.0184,0.9783056321396378
6,14,LR,6,29,0,0,279.0128,0.9802437293601411
6,14,LR,6,29,0,0,280.0181,0.9829960524877208
6,14,LR,6,29,0,0,281.0127,0.984596867271833
6,14,LR,6,29,0,0,282.0156,0.987935901394906
6,14,LR,6,29,0,0,283.0111,0.9888731850869068
6,14,LR,6,29,0,0,284.0166,0.9894952451732648
6,14,LR,6,29,0,0,285.0219,0.9390282927479282
6,14,LR,6,29,0,0,286.016,0.9398965253799345
6,14,LR,6,29,0,0,287.0216,0.9629723368042914
6,14,LR,6,29,0,0,288.0144,0.9643414191764529
6,14,LR,6,29,0,0,289.0197,0.9626085817618066
6,14,LR,6,29,0,0,290.0124,0.9680587098250996
6,14,LR,6,29,0,0,291.018,0.9681523629676173
6,14,LR,6,29,0,0,292.0144,0.9660832324595426
6,14,LR,6,29,0,0,293.0191,0.9625728154698298
6,14,LR,6,29,0,0,294.0126,0.9637008032698463
6,14,LR,6,29,0,0,295.0191,0.9590928302870799
6,14,LR,6,29,0,0,296.0124,0.9527331815891792
6,14,LR,6,29,0,0,297.0182,0.9476941057904156
6,14,LR,6,29,0,0,298.0114,0.937967437508721
6,14,LR,6,29,0,0,299.0173,0.9016324912850936
6,14,LR,6,29,0,0,300.0121,0.9794920098224621
6,14,LR,6,29,0,0,301.018,0.9772002102591159
6,14,MLP,6,8,0,0,0.0111263,0.0006813803841646549
6,14,MLP,6,8,0,0,1.012533,0.07505484017193721
6,14,MLP,6,8,0,0,2.006725,0.07551063312173564
6,14,MLP,6,8,0,0,3.011544,0.058466769817342855
6,14,MLP,6,8,0,0,4.002677,0.04567733791575419
6,14,MLP,6,8,0,0,5.009711,0.036888865845391645
6,14,MLP,6,8,0,0,6.004739,0.048566312204985515
6,14,MLP,6,8,0,0,7.009674,0.07072549264243437
6,14,MLP,6,8,0,0,8.003508,0.06400845911762837
6,14,MLP,6,8,0,0,9.006954,0.10298611429261118
6,14,MLP,6,8,0,0,10.00293,0.08758674067807715
6,14,MLP,6,8,0,0,11.00604,0.06160230244084159
6,14,MLP,6,8,1,1,12.00364,0.07362278043817944
6,14,MLP,6,8,1,1,13.00802,0.06648559521360972
6,14,MLP,6,8,1,1,14.00243,0.06561550106106669
6,14,MLP,6,8,1,1,15.00691,0.0705070753731074
6,14,MLP,6,8,1,1,16.01181,0.07342175365764453
6,14,MLP,6,8,1,1,17.00746,0.08490864918128276
6,14,MLP,6,8,1,1,18.01327,0.10375492930654973
6,14,MLP,6,8,1,1,19.00703,0.10262592178549283
6,14,MLP,6,8,1,1,20.01132,0.176308590855409
6,14,MLP,6,8,1,1,21.00361,0.08546350328980741
6,14,MLP,6,8,1,1,22.01139,0.0654521759223477
6,14,MLP,6,8,1,1,23.00565,0.20016751951726325
6,14,MLP,6,8,1,1,24.01185,0.09474988828085087
6,14,MLP,6,8,1,1,25.00333,0.10759328790469201
6,14,MLP,6,8,1,1,26.01048,0.10642209307630889
6,14,MLP,6,8,1,1,27.0047,0.12395087496735029
6,14,MLP,6,8,1,1,28.00931,0.11561428270880339
6,14,MLP,6,8,1,1,29.00375,0.07611765102648003
6,14,MLP,6,8,1,1,30.00954,0.1268333820505208
6,14,MLP,6,8,1,1,31.00254,0.08236632734746097
6,14,MLP,6,8,1,1,32.00864,0.08740913371647356
6,14,MLP,6,8,1,1,33.0032,0.12114757643744262
6,14,MLP,6,8,1,1,34.00835,0.1491675121633925
6,14,MLP,6,8,1,1,35.01365,0.1929607538822926
6,14,MLP,6,8,1,1,36.00763,0.12207661934264255
6,14,MLP,6,8,1,1,37.01249,0.11256503059932699
6,14,MLP,6,8,1,1,38.00724,0.13844544457046784
6,14,MLP,6,8,1,1,39.01177,0.14424292567376754
6,14,MLP,6,8,1,1,40.00622,0.12570835402745717
6,14,MLP,6,8,1,1,41.01126,0.12154877758147795
6,14,MLP,6,8,1,1,42.00632,0.1410117122227664
6,14,MLP,6,8,1,1,43.01094,0.2919381765316281
6,14,MLP,6,8,1,1,44.00538,0.17398616997348676
6,14,MLP,6,8,1,1,45.00897,0.14772340136155784
6,14,MLP,6,8,1,1,46.00489,0.23438591856801003
6,14,MLP,6,8,1,1,47.00764,0.18617655675844094
6,14,MLP,6,8,1,1,48.00322,0.2396487193691759
6,14,MLP,6,8,1,1,49.0089,0.198900986745608
6,14,MLP,6,8,1,1,50.00442,0.11501837416505446
6,14,MLP,6,8,1,1,51.00952,0.2375323343750641
6,14,MLP,6,8,1,1,52.00426,0.3873953831485327
6,14,MLP,6,8,1,1,53.00848,0.3291113754298808
6,14,MLP,6,8,1,1,54.00241,0.24530634891435957
6,14,MLP,6,8,1,1,55.00602,0.2589609989319897
6,14,MLP,6,8,1,1,56.01323,0.28709793477857826
6,14,MLP,6,8,1,1,57.00426,0.2807728792761336
6,14,MLP,6,8,1,1,58.01067,0.27725861706982263
6,14,MLP,6,8,1,1,59.0066,0.3350744379465794
6,14,MLP,6,8,1,1,60.01128,0.37534063529584144
6,14,MLP,6,8,1,1,61.00568,0.4034878475860129
6,14,MLP,6,8,1,1,62.01031,0.3516246095663113
6,14,MLP,6,8,1,1,63.005,0.31361776297633936
6,14,MLP,6,8,1,1,64.01,0.3918291746426252
6,14,MLP,6,8,1,1,65.00407,0.30868989464372165
6,14,MLP,6,8,1,1,66.01032,0.2512461583809854
6,14,MLP,6,8,1,1,67.00389,0.2488391802695534
6,14,MLP,6,8,1,1,68.00977,0.43125611688849647
6,14,MLP,6,8,1,1,69.00293,0.2599689176509571
6,14,MLP,6,8,1,1,70.00932,0.23492046648785847
6,14,MLP,6,8,1,1,71.00261,0.4378966736803276
6,14,MLP,6,8,1,1,72.00746,0.24926446490719797
6,14,MLP,6,8,1,1,73.00294,0.2776308158951758
6,14,MLP,6,8,1,1,74.00814,0.23844533736245274
6,14,MLP,6,8,1,1,75.01319,0.33127924391905017
6,14,MLP,6,8,1,1,76.00666,0.1888192483045929
6,14,MLP,6,8,1,1,77.01159,0.2791107210211987
6,14,MLP,6,8,1,1,78.00659,0.20637258079530948
6,14,MLP,6,8,1,1,79.01199,0.2292895967496588
6,14,MLP,6,8,1,1,80.0071,0.24926620703463442
6,14,MLP,6,8,1,1,81.01176,0.2186575776209415
6,14,MLP,6,8,1,1,82.00599,0.29809874578859674
6,14,MLP,6,8,1,1,83.01203,0.14277472511519426
6,14,MLP,6,8,1,1,84.00549,0.19711330436813865
6,14,MLP,6,8,1,1,85.01128,0.20781275655011694
6,14,MLP,6,8,1,1,86.00328,0.20456003676548257
6,14,MLP,6,8,1,1,87.01077,0.2222616033735924
6,14,MLP,6,8,1,1,88.00428,0.25623109209361594
6,14,MLP,6,8,1,1,89.00924,0.23261260339775058
6,14,MLP,6,8,1,1,90.00323,0.235128894180564
6,14,MLP,6,8,1,1,91.00959,0.245501121455451
6,14,MLP,6,8,1,1,92.0034,0.3980017887291157
6,14,MLP,6,8,1,1,93.00835,0.25556386196999803
6,14,MLP,6,8,1,1,94.01284,0.24138725026413702
6,14,MLP,6,8,1,1,95.00739,0.2791033605919609
6,14,MLP,6,8,1,1,96.01205,0.23851323496656415
6,14,MLP,6,8,1,1,97.00794,0.43071801697061846
6,14,MLP,6,8,1,1,98.01041,0.2716467689168535
6,14,MLP,6,8,1,1,99.0069,0.4756028816886958
6,14,MLP,6,8,1,1,100.0121,0.318172955427568
6,14,MLP,6,8,1,1,101.0061,0.29776237017862467
6,14,MLP,6,8,1,1,102.0104,0.3442340767524166
6,14,MLP,6,8,1,1,103.0028,0.31574818051978676
6,14,MLP,6,8,1,1,104.0098,0.36266904381637666
6,14,MLP,6,8,1,1,105.0038,0.4759177318407994
6,14,MLP,6,8,1,1,106.0078,0.5063471677377975
6,14,MLP,6,8,1,1,107.0034,0.5420258916388779
6,14,MLP,6,8,1,1,108.0105,0.34244329190238076
6,14,MLP,6,8,1,1,109.0032,0.3277099658940301
6,14,MLP,6,8,1,1,110.0085,0.5391799781097006
6,14,MLP,6,8,1,1,111.0039,0.3184558638620507
6,14,MLP,6,8,1,1,112.0084,0.3896795399820075
6,14,MLP,6,8,1,1,113.0033,0.5516451323724422
6,14,MLP,6,8,1,1,114.0078,0.5284260077114707
6,14,MLP,6,8,1,1,115.0025,0.2992585696134044
6,14,MLP,6,8,1,1,116.0068,0.29421506873676867
6,14,MLP,6,8,1,1,117.013,0.3283602651245459
6,14,MLP,6,8,1,1,118.0074,0.2969946885339442
6,14,MLP,6,8,1,1,119.0124,0.33561470394263193
6,14,MLP,6,8,1,1,120.0065,0.4958052546762825
6,14,MLP,6,8,1,1,121.0116,0.34704448121315257
6,14,MLP,6,8,1,1,122.0045,0.4615072811313648
6,14,MLP,6,8,1,1,123.0113,0.28250738202617176
6,14,MLP,6,8,1,1,124.0041,0.2939711974131915
6,14,MLP,6,8,1,1,125.0098,0.28945667535318914
6,14,MLP,6,8,1,1,126.0048,0.26764887557050654
6,14,MLP,6,8,1,1,127.0095,0.2099328387509416
6,14,MLP,6,8,1,1,128.0036,0.2827172346917627
6,14,MLP,6,8,1,1,129.009,0.26096286199175056
6,14,MLP,6,8,1,1,130.0039,0.24571330626977853
6,14,MLP,6,8,1,1,131.0088,0.24168999331792762
6,14,MLP,6,8,1,1,132.0122,0.22214796620720723
6,14,MLP,6,8,1,1,133.0076,0.20993657394842857
6,14,MLP,6,8,1,1,134.0139,0.20016601229554098
6,14,MLP,6,8,1,1,135.0082,0.1701262445305293
6,14,MLP,6,8,1,1,136.0131,0.26199814813376576
6,14,MLP,6,8,1,1,137.0078,0.2692215362523969
6,14,MLP,6,8,1,1,138.013,0.2740068062601417
6,14,MLP,6,8,1,1,139.0039,0.22884796562102144
6,14,MLP,6,8,1,1,140.0123,0.2619622878638727
6,14,MLP,6,8,1,1,141.0059,0.24708612907543717
6,14,MLP,6,8,1,1,142.0129,0.24213684776341243
6,14,MLP,6,8,1,1,143.0045,0.23298936039261164
6,14,MLP,6,8,1,1,144.0114,0.4225399202538631
6,14,MLP,6,8,1,1,145.0053,0.24066724083904767
6,14,MLP,6,8,1,1,146.01,0.2993397583136213
6,14,MLP,6,8,1,1,147.0052,0.30785563736400506
6,14,MLP,6,8,1,1,148.0087,0.3204196154385808
6,14,MLP,6,8,1,1,149.0129,0.3470877436648497
6,14,MLP,6,8,1,1,150.0087,0.42384872159204273
6,14,MLP,6,8,1,1,151.0138,0.3912020401440036
6,14,MLP,6,8,1,1,152.0095,0.42905002732009273
6,14,MLP,6,8,1,1,153.0142,0.4418501693184445
6,14,MLP,6,8,1,1,154.0081,0.4796594193256361
6,14,MLP,6,8,1,1,155.0137,0.4991210996023109
6,14,MLP,6,8,1,1,156.0075,0.5584742769113054
6,14,MLP,6,8,1,1,157.0126,0.5824791825948902
6,14,MLP,6,8,1,1,158.0068,0.3147456219193459
6,14,MLP,6,8,1,1,159.0132,0.4143698589241204
6,14,MLP,6,8,1,1,160.0063,0.4425048438926337
6,14,MLP,6,8,1,1,161.0108,0.5313353411807533
6,14,MLP,6,8,1,1,162.006,0.4783163362372807
6,14,MLP,6,8,1,1,163.0109,0.46348130710983604
6,14,MLP,6,8,1,1,164.0049,0.3991620509035142
6,14,MLP,6,8,1,1,165.01,0.7101738584476341
6,14,MLP,6,8,1,1,166.0045,0.4730733019395996
6,14,MLP,6,8,1,1,167.0095,0.5453590629215983
6,14,MLP,6,8,1,1,168.0032,0.7019246156455037
6,14,MLP,6,8,1,1,169.0091,0.5060251773766979
6,14,MLP,6,8,1,1,170.0035,0.49813493037814616
6,14,MLP,6,8,1,1,171.0077,0.5114899867307193
6,14,MLP,6,8,1,1,172.0033,0.4569342913623509
6,14,MLP,6,8,1,1,173.0079,0.5267489215030163
6,14,MLP,6,8,1,1,174.0131,0.450816423742402
6,14,MLP,6,8,1,1,175.0073,0.47451552954765264
6,14,MLP,6,8,1,1,176.0123,0.45562240718721747
6,14,MLP,6,8,1,1,177.0065,0.44533200790904887
6,14,MLP,6,8,1,1,178.0104,0.4572322759196921
6,14,MLP,6,8,1,1,179.0055,0.42085853804201495
6,14,MLP,6,8,1,1,180.0111,0.5168422094750769
6,14,MLP,6,8,1,1,181.0053,0.4769659658799361
6,14,MLP,6,8,1,1,182.0111,0.42200844338794247
6,14,MLP,6,8,1,1,183.0054,0.4586130821942146
6,14,MLP,6,8,1,1,184.0106,0.44996237585424353
6,14,MLP,6,8,1,1,185.0048,0.47752422830911323
6,14,MLP,6,8,1,1,186.01,0.38740543347411055
6,14,MLP,6,8,1,1,187.0047,0.40158714009896773
6,14,MLP,6,8,1,1,188.0081,0.4534391735684662
6,14,MLP,6,8,1,1,189.0033,0.46689187410538835
6,14,MLP,6,8,1,1,190.0063,0.5971346848150373
6,14,MLP,6,8,1,1,191.0028,0.4927461735108889
6,14,MLP,6,8,1,1,192.0089,0.4364062007544108
6,14,MLP,6,8,1,1,193.0028,0.5342147697037398
6,14,MLP,6,8,1,1,194.0075,0.5826414560235142
6,14,MLP,6,8,1,1,195.0103,0.5792384510864804
6,14,MLP,6,8,1,1,196.0071,0.6114363073967318
6,14,MLP,6,8,1,1,197.013,0.4965816502615845
6,14,MLP,6,8,1,1,198.0058,0.6360526936420153
6,14,MLP,6,8,1,1,199.0128,0.7167650921903577
6,14,MLP,6,8,1,1,200.0057,0.6633348231302768
6,14,MLP,6,8,1,1,201.0118,0.7315256921019301
6,14,MLP,6,8,1,1,202.0059,0.32306202949531176
6,14,MLP,6,8,1,1,203.0114,0.551152182237886
6,14,MLP,6,8,1,1,204.0047,0.58814797940378
6,14,MLP,6,8,1,1,205.0115,0.7223207849819498
6,14,MLP,6,8,1,1,206.0058,0.5464085537743485
6,14,MLP,6,8,1,1,207.0091,0.5195436915271285
6,14,MLP,6,8,1,1,208.0048,0.7383997525481086
6,14,MLP,6,8,1,1,209.0109,0.6189504752985375
6,14,MLP,6,8,1,1,210.0142,0.5028632092662945
6,14,MLP,6,8,1,1,211.0105,0.7097673525373287
6,14,MLP,6,8,1,1,212.0143,0.6131011818190045
6,14,MLP,6,8,1,1,213.0075,0.6965457201518299
6,14,MLP,6,8,1,1,214.0034,0.5247922740724207
6,14,MLP,6,8,1,1,215.0077,0.6802637091021368
6,14,MLP,6,8,1,1,216.0128,0.6586074761153063
6,14,MLP,6,8,1,1,217.0073,0.593294149377753
6,14,MLP,6,8,1,1,218.0133,0.688191268881605
6,14,MLP,6,8,1,1,219.0063,0.5669715708500935
6,14,MLP,6,8,1,1,220.0116,0.6277482554194803
6,14,MLP,6,8,1,1,221.0034,0.6080268171591484
6,14,MLP,6,8,1,1,222.0124,0.6157814091958711
6,14,MLP,6,8,1,1,223.0052,0.5615930223892728
6,14,MLP,6,8,1,1,224.0106,0.5670697228703007
6,14,MLP,6,8,1,1,225.0051,0.5433061466038953
6,14,MLP,6,8,1,1,226.011,0.5917587274674082
6,14,MLP,6,8,1,1,227.0034,0.5476512721984713
6,14,MLP,6,8,1,1,228.0098,0.5449030644675456
6,14,MLP,6,8,1,1,229.0035,0.552217333121299
6,14,MLP,6,8,1,1,230.0087,0.6096425518888796
6,14,MLP,6,8,1,1,231.003,0.5920050608919154
6,14,MLP,6,8,1,1,232.008,0.6207996094238938
6,14,MLP,6,8,1,1,233.0139,0.6246046521484652
6,14,MLP,6,8,1,1,234.0074,0.6093617631569007
6,14,MLP,6,8,1,1,235.0029,0.6418457888665603
6,14,MLP,6,8,1,1,236.0081,0.5915949428447429
6,14,MLP,6,8,1,1,237.012,0.7046189191072026
6,14,MLP,6,8,1,1,238.0068,0.7094962332884079
6,14,MLP,6,8,1,1,239.0122,0.7068210841117817
6,14,MLP,6,8,1,1,240.0048,0.71594562258078
6,14,MLP,6,8,1,1,241.0114,0.7568263986886048
6,14,MLP,6,8,1,1,242.0057,0.7497546431591142
6,14,MLP,6,8,1,1,243.0114,0.8024517901552413
6,14,MLP,6,8,1,1,244.005,0.8083521445381813
6,14,MLP,6,8,1,1,245.0085,0.8367132933064293
6,14,MLP,6,8,1,1,246.0043,0.7941922602033022
6,14,MLP,6,8,1,1,247.0102,0.8638366672598262
6,14,MLP,6,8,1,1,248.0034,0.8536707111037601
6,14,MLP,6,8,1,1,249.0086,0.8716737382016687
6,14,MLP,6,8,1,1,250.012,0.8699864750278459
6,14,MLP,6,8,1,1,251.0087,0.8348545934908139
6,14,MLP,6,8,1,1,252.0134,0.909941631555104
6,14,MLP,6,8,1,1,253.0077,0.9069536162478518
6,14,MLP,6,8,1,1,254.0119,0.917023890190657
6,14,MLP,6,8,1,1,255.0081,0.9115869143732742
6,14,MLP,6,8,1,1,256.0134,0.9295574814320163
6,14,MLP,6,8,1,1,257.007,0.9396562979345119
6,14,MLP,6,8,1,1,258.0121,0.9532067097298879
6,14,MLP,6,8,1,1,259.007,0.9467317211542352
6,14,MLP,6,8,1,1,260.0117,0.956346517265293
6,14,MLP,6,8,1,1,261.005,0.9569301581483686
6,14,MLP,6,8,1,1,262.0108,0.964473031902056
6,14,MLP,6,8,1,1,263.0057,0.9660311572572311
6,14,MLP,6,8,1,1,264.01,0.9695906652393573
6,14,MLP,6,8,1,1,265.0052,0.9720283601543266
6,14,MLP,6,8,1,1,266.0104,0.9692816100379934
6,14,MLP,6,8,1,1,267.0128,0.9731635829504219
6,14,MLP,6,8,1,1,268.0097,0.9752724201833977
6,14,MLP,6,8,1,1,269.0036,0.9761767600135492
6,14,MLP,6,8,1,1,270.0091,0.9763139071066285
6,14,MLP,6,8,1,1,271.014,0.9785783799327025
6,14,MLP,6,8,1,1,272.0055,0.9530335476739719
6,14,MLP,6,8,1,1,273.0126,0.888959488002288
6,14,MLP,6,8,1,1,274.0073,0.9368247535802722
6,14,MLP,6,8,1,1,275.0133,0.9480275310925508
6,14,MLP,6,8,1,1,276.007,0.9497986732908024
6,14,MLP,6,8,1,1,277.0134,0.9294138348850168
6,14,MLP,6,8,1,1,278.0072,0.9506923979763728
6,14,MLP,6,8,1,1,279.0129,0.9505066316192153
6,14,MLP,6,8,1,1,280.0068,0.9513228289932054
6,14,MLP,6,8,1,1,281.011,0.9482620920873543
6,14,MLP,6,8,1,1,282.0045,0.9514886818242945
6,14,MLP,6,8,1,1,283.0108,0.950467897475717
6,14,MLP,6,8,1,1,284.0054,0.9376241709366562
6,14,MLP,6,8,1,1,285.0088,0.942360557604781
6,14,MLP,6,8,1,1,286.004,0.9489237309366466
6,14,MLP,6,8,1,1,287.0099,0.9490743687289499
6,14,MLP,6,8,1,1,288.0023,0.9039238451506246
6,14,MLP,6,8,1,1,289.0085,0.9428661082129849
6,14,MLP,6,8,1,1,290.0032,0.938906171039271
6,14,MLP,6,8,1,1,291.007,0.939316106492305
6,14,MLP,6,8,1,1,292.003,0.9324422608284417
6,14,MLP,6,8,1,1,293.0081,0.9221288521512658
6,14,MLP,6,8,1,1,294.0127,0.9176995256474231
6,14,MLP,6,8,1,1,295.0076,0.9368022231187768
6,14,MLP,6,8,1,1,296.0129,0.9348011310602181
6,14,MLP,6,8,1,1,297.0052,0.9006646302132205
6,14,MLP,6,8,1,1,298.0126,0.9106792176368033
6,14,MLP,6,8,1,1,299.0057,0.8784330523895532
6,14,MLP,6,8,1,1,300.0108,0.9275564816904944
6,14,MLP,6,8,1,1,301.005,0.8907328553490309
6,14,MLP,14,20,0,0,0.0,0.004053876515913107
6,14,MLP,14,20,0,0,0.6838388,2.7751323356521345e-06
6,14,MLP,14,20,0,0,1.996385,7.5574082165709485e-06
6,14,MLP,14,20,0,0,2.997726,8.061621714459989e-06
6,14,MLP,14,20,0,0,3.999298,1.1570915065871068e-05
6,14,MLP,14,20,0,0,4.999687,1.6965618781749094e-05
6,14,MLP,14,20,0,0,6.000605,2.3582943356155526e-05
6,14,MLP,14,20,1,3,7.000906,3.374500412287584e-05
6,14,MLP,14,20,1,3,8.001806,4.345589585975904e-05
6,14,MLP,14,20,1,3,9.001246,5.464439243506489e-05
6,14,MLP,14,20,1,3,10.00166,7.273555286796506e-05
6,14,MLP,14,20,1,3,11.0016,8.816251217717529e-05
6,14,MLP,14,20,0,0,12.00146,0.00010939969887395193
6,14,MLP,14,20,0,0,13.00144,0.00012282408694816452
6,14,MLP,14,20,0,0,14.00173,0.00015733172128542549
6,14,MLP,14,20,0,0,15.00065,0.00015030936013461717
6,14,MLP,14,20,0,0,16.00011,0.00021271806033923264
6,14,MLP,14,20,0,0,17.00224,0.0002523987354599762
6,14,MLP,14,20,0,0,18.00202,0.0003512339117747354
6,14,MLP,14,20,0,0,19.00236,0.00042555281496733856
6,14,MLP,14,20,0,0,20.00108,0.00031296770299745565
6,14,MLP,14,20,0,0,21.00156,0.0010550460972511622
6,14,MLP,14,20,0,0,22.00247,0.0004110511583202494
6,14,MLP,14,20,0,0,23.00267,0.0005809927079141937
6,14,MLP,14,20,0,0,24.00306,0.0005877342525362
6,14,MLP,14,21,0,0,0.0111566,0.0003562885104826996
6,14,MLP,14,21,0,0,1.008044,0.0006599150987777032
6,14,MLP,14,21,0,0,2.008584,0.0006872301316820576
6,14,MLP,14,21,0,0,3.009267,0.0013051205455653007
6,14,MLP,14,21,0,0,4.010024,0.001984997150166962
6,14,MLP,14,21,0,0,5.011356,0.0019019620774767794
6,14,MLP,14,21,0,0,6.011967,0.001984290809496238
6,14,MLP,14,21,0,0,7.012537,0.0019018249201052065
6,14,MLP,14,21,0,0,8.01291,0.0009533627018489443
6,14,MLP,14,21,0,0,9.01293,0.002946921109920559
6,14,MLP,14,21,0,0,10.01203,0.0014877370157092527
6,14,MLP,14,21,0,0,11.01296,0.00078447160524261
6,14,MLP,14,21,0,0,12.01133,0.0022345487801850262
6,14,MLP,14,21,0,0,13.01141,0.002363507072575098
6,14,MLP,14,21,0,0,14.01271,0.001627557569483309
6,14,MLP,14,21,0,0,15.01378,0.0028222719675695955
6,14,MLP,14,21,0,0,16.01327,0.0017085444072421794
6,14,MLP,14,21,0,0,17.00288,0.001772561909575765
6,14,MLP,14,21,0,0,18.0029,0.0023261227502026994
6,14,MLP,14,21,0,0,19.00287,0.0015118414982600154
6,14,MLP,14,21,0,0,20.00299,0.0008019237371251247
6,14,MLP,14,21,0,0,21.00261,0.0006151045442722459
6,14,MLP,14,21,0,0,22.01272,0.0018724578010830312
6,14,MLP,14,21,0,0,23.01328,0.0018081201722363867
6,14,MLP,14,21,0,0,24.01357,0.001480540364814656
6,14,MLP,14,21,0,0,25.0139,0.0035149974645428046
6,14,MLP,14,21,0,0,26.01383,0.004241708422786693
6,14,MLP,14,21,0,0,27.01273,0.003279196951391745
6,14,MLP,14,21,0,0,28.01382,0.002392256445899061
6,14,MLP,14,21,0,0,29.01269,0.0021597555310830098
6,14,MLP,14,21,0,0,30.01339,0.0013437799804906971
6,14,MLP,14,21,0,0,31.01192,0.0018587964705623617
6,14,MLP,14,21,0,0,32.01183,0.0018442695292757777
6,14,MLP,14,21,0,0,33.00271,0.0032375104854052536
6,14,MLP,14,21,0,0,34.01265,0.14027928472803583
6,14,MLP,14,21,0,0,35.01145,0.05780097900356011
6,14,MLP,14,21,0,0,36.01286,0.06378280250404085
6,14,MLP,14,21,0,0,37.01249,0.09347541692539743
6,14,MLP,14,21,0,0,38.01188,0.10686033576729605
6,14,MLP,14,21,0,0,39.01241,0.08820437180178423
6,14,MLP,14,21,0,0,40.01308,0.08194488233428535
6,14,MLP,14,21,0,0,41.01354,0.11025241165037417
6,14,MLP,14,21,0,0,42.01328,0.1407238730975471
6,14,MLP,14,21,0,0,43.01295,0.13489400725253953
6,14,MLP,14,21,0,0,44.00275,0.27415053987298144
6,14,MLP,14,21,0,0,45.00262,0.3296663474394556
6,14,MLP,14,21,0,0,46.01408,0.3770290658520872
6,14,MLP,14,21,0,0,47.01381,0.4003673683878086
6,14,MLP,14,21,0,0,48.0031,0.38625763086263837
6,14,MLP,14,21,0,0,49.00273,0.44786970934186754
6,14,MLP,14,21,0,0,50.01266,0.482958295002144
6,14,MLP,14,21,0,0,51.0137,0.3793297099425533
6,14,MLP,14,21,0,0,52.01368,0.3350381317616741
6,14,MLP,14,21,0,0,53.01442,0.3986554786540306
6,14,MLP,14,21,0,0,54.00314,0.4463487114087919
6,14,MLP,14,21,0,0,55.00397,0.5266038782114774
6,14,MLP,14,21,0,0,56.00494,0.5650968828369219
6,14,MLP,14,21,0,0,57.00359,0.481820405307688
6,14,MLP,14,21,0,0,58.00418,0.5635727772226978
6,14,MLP,14,21,0,0,59.0043,0.5746879191250683
6,14,MLP,14,21,0,0,60.00469,0.49680803108087435
6,14,MLP,14,21,0,0,61.00396,0.5556570110858752
6,14,MLP,14,21,0,0,62.00404,0.5184172422300153
6,14,MLP,14,21,0,0,63.0042,0.37331781223540067
6,14,MLP,14,21,0,0,64.00417,0.42753918338066493
6,14,MLP,14,21,0,0,65.00488,0.4692244352414014
6,14,MLP,14,21,0,0,66.00522,0.5011653006577804
6,14,MLP,14,21,0,0,67.00533,0.5423134474789286
6,14,MLP,14,21,0,0,68.0047,0.4718177602516823
6,14,MLP,14,21,0,0,69.00309,0.5363926794237246
6,14,MLP,14,21,0,0,70.00442,0.5046117624022693
6,14,MLP,14,21,0,0,71.00477,0.3977087267071701
6,14,MLP,14,21,0,0,72.00478,0.5310159792416294
6,14,MLP,14,21,0,0,73.00455,0.4970066883047852
6,14,MLP,14,21,0,0,74.00511,0.5707805447196409
6,14,MLP,14,21,0,0,75.00506,0.4796325814232617
6,14,MLP,14,21,0,0,76.00513,0.40676251748885756
6,14,MLP,14,21,0,0,77.00486,0.3351588146798954
6,14,MLP,14,21,0,0,78.00437,0.2996587945543735
6,14,MLP,14,21,0,0,79.00454,0.28533200539566955
6,14,MLP,14,21,0,0,80.00353,0.3149274432762352
6,14,MLP,14,21,0,0,81.00387,0.33402826769092914
6,14,MLP,14,21,0,0,82.00471,0.33709294295818243
6,14,MLP,14,21,0,0,83.00375,0.31665171487355576
6,14,MLP,14,21,0,0,84.00348,0.3101649860668541
6,14,MLP,14,21,0,0,85.00488,0.3151515436594824
6,14,MLP,14,21,0,0,86.00269,0.27778835571163346
6,14,MLP,14,21,0,0,87.00475,0.2857238846496052
6,14,MLP,14,21,0,0,88.00514,0.21213229745176906
6,14,MLP,14,21,0,0,89.00536,0.19712203135228332
6,14,MLP,14,21,0,0,90.00529,0.19947494063866972
6,14,MLP,14,21,0,0,91.00585,0.3989597630004965
6,14,MLP,14,21,0,0,92.00555,0.3487498197661933
6,14,MLP,14,21,0,0,93.00659,0.35531949102648214
6,14,MLP,14,21,0,0,94.00609,0.4105127404564758
6,14,MLP,14,21,0,0,95.00773,0.5949340948590556
6,14,MLP,14,21,0,0,96.00613,0.45655671245927637
6,14,MLP,14,21,0,0,97.00587,0.5760923313303703
6,14,MLP,14,21,0,0,98.00389,0.44266976191822016
6,14,MLP,14,21,0,0,99.00591,0.29275083076802066
6,14,MLP,14,21,0,0,100.0061,0.14992153956384413
6,14,MLP,14,21,0,0,101.0077,0.20155913489697963
6,14,MLP,14,21,0,0,102.0086,0.3943842264266071
6,14,MLP,14,21,0,0,103.0074,0.4921286667301186
6,14,MLP,14,21,0,0,104.0066,0.5015753874364413
6,14,MLP,14,21,0,0,105.0075,0.4852358564091034
6,14,MLP,14,21,0,0,106.0072,0.4198747126064198
6,14,MLP,14,21,0,0,107.0075,0.4351163200401128
6,14,MLP,14,21,0,0,108.0076,0.44057488781032994
6,14,MLP,14,21,0,0,109.0074,0.4312956308168119
6,14,MLP,14,21,0,0,110.0079,0.39290727984226953
6,14,MLP,14,21,0,0,111.0082,0.4057582289079621
6,14,MLP,14,21,0,0,112.0079,0.4842649725769939
6,14,MLP,14,21,0,0,113.0091,0.46526011588473337
6,14,MLP,14,21,0,0,114.0081,0.433673791149536
6,14,MLP,14,21,0,0,115.0096,0.40701150507575984
6,14,MLP,14,21,0,0,116.0084,0.4088192844666631
6,14,MLP,14,21,0,0,117.0071,0.4648994731655787
6,14,MLP,14,21,0,0,118.0075,0.3449195936722743
6,14,MLP,14,21,0,0,119.0076,0.42630496473018564
6,14,MLP,14,21,0,0,120.0074,0.3053778456888363
6,14,MLP,14,21,0,0,121.0079,0.3852707082620005
6,14,MLP,14,21,0,0,122.008,0.4242393992222012
6,14,MLP,14,21,0,0,123.0081,0.4080799537279994
6,14,MLP,14,21,0,0,124.0075,0.40249788266255315
6,14,MLP,14,21,0,0,125.0076,0.4193884311462242
6,14,MLP,14,21,0,0,126.0077,0.3375794971679718
6,14,MLP,14,21,0,0,127.0081,0.32547991082774946
6,14,MLP,14,21,0,0,128.009,0.4337593337271822
6,14,MLP,14,21,0,0,129.0099,0.44228000915633703
6,14,MLP,14,21,0,0,130.0087,0.2735800567427628
6,14,MLP,14,21,0,0,131.0082,0.40955298305669857
6,14,MLP,14,21,0,0,132.0084,0.5592022583036921
6,14,MLP,14,21,0,0,133.0092,0.601650159419564
6,14,MLP,14,21,0,0,134.0093,0.5221186510358399
6,14,MLP,14,21,0,0,135.0094,0.3857769391023451
6,14,MLP,14,21,0,0,136.0092,0.4245855007670376
6,14,MLP,14,21,0,0,137.0081,0.31375340717591277
6,14,MLP,14,21,0,0,138.0091,0.3805015454022135
6,14,MLP,14,21,0,0,139.0077,0.44211197524831813
6,14,MLP,14,21,0,0,140.009,0.375927181067879
6,14,MLP,14,21,0,0,141.0088,0.40950628437608233
6,14,MLP,14,21,0,0,142.0087,0.3584073884544603
6,14,MLP,14,21,0,0,143.0098,0.41823248189238904
6,14,MLP,14,21,0,0,144.0079,0.45921488030093277
6,14,MLP,14,21,0,0,145.009,0.40418885179757547
6,14,MLP,14,21,0,0,146.0096,0.4151904296857011
6,14,MLP,14,21,0,0,147.0088,0.4272925275593978
6,14,MLP,14,21,0,0,148.0108,0.48392433552941355
6,14,MLP,14,21,0,0,149.0104,0.47441009865947353
6,14,MLP,14,21,0,0,150.0094,0.5193883691646145
6,14,MLP,14,21,0,0,151.0105,0.5508108943487753
6,14,MLP,14,21,0,0,152.0103,0.5815398129487013
6,14,MLP,14,21,0,0,153.0096,0.6294505397509235
6,14,MLP,14,21,0,0,154.0102,0.5066772628162532
6,14,MLP,14,21,0,0,155.0106,0.43271487990942104
6,14,MLP,14,21,0,0,156.011,0.5378662329553208
6,14,MLP,14,21,0,0,157.011,0.6253780935758326
6,14,MLP,14,21,0,0,158.0114,0.5501590500733348
6,14,MLP,14,21,0,0,159.0111,0.5810863903404186
6,14,MLP,14,21,0,0,160.0118,0.6062397492566456
6,14,MLP,14,21,0,0,161.0123,0.5262588227959766
6,14,MLP,14,21,0,0,162.0113,0.4712157855748642
6,14,MLP,14,21,0,0,163.0103,0.46749091176713314
6,14,MLP,14,21,0,0,164.0104,0.46064005313519385
6,14,MLP,14,21,0,0,165.0097,0.41497623596605504
6,14,MLP,14,21,0,0,166.0093,0.35344821041530794
6,14,MLP,14,21,0,0,167.0115,0.29448878102899056
6,14,MLP,14,21,0,0,168.0111,0.5277617367672468
6,14,MLP,14,21,0,0,169.0128,0.41313910189407654
6,14,MLP,14,21,0,0,170.0104,0.34475739385206056
6,14,MLP,14,21,0,0,171.012,0.5709037048417573
6,14,MLP,14,21,0,0,172.0118,0.3986180107050803
6,14,MLP,14,21,0,0,173.0113,0.5614434244548522
6,14,MLP,14,21,0,0,174.013,0.5427184245937521
6,14,MLP,14,21,0,0,175.0134,0.42943945269988054
6,14,MLP,14,21,0,0,176.0137,0.4165637805906611
6,14,MLP,14,21,0,0,177.0136,0.4004489358288194
6,14,MLP,14,21,0,0,178.0129,0.4023572928445896
6,14,MLP,14,21,0,0,179.013,0.39980112562799114
6,14,MLP,14,21,0,0,180.0129,0.33738388358759674
6,14,MLP,14,21,0,0,181.0128,0.3466083708986254
6,14,MLP,14,21,0,0,182.0122,0.3078453579038606
6,14,MLP,14,21,0,0,183.0139,0.2613331770994243
6,14,MLP,14,21,0,0,184.0133,0.2744778561132442
6,14,MLP,14,21,0,0,185.0027,0.34079024689572657
6,14,MLP,14,21,0,0,186.0117,0.27440774033895066
6,14,MLP,14,21,0,0,187.0128,0.2905660716692123
6,14,MLP,14,21,0,0,188.0118,0.276570424840793
6,14,MLP,14,21,0,0,189.0127,0.26860655193409316
6,14,MLP,14,21,0,0,190.0121,0.2638821974684546
6,14,MLP,14,21,0,0,191.0132,0.24498165228228613
6,14,MLP,14,21,0,0,192.0134,0.2603926438825108
6,14,MLP,14,21,0,0,193.013,0.2060077960541888
6,14,MLP,14,21,0,0,194.0139,0.21232021787233957
6,14,MLP,14,21,0,0,195.0132,0.21412639672557388
6,14,MLP,14,21,0,0,196.0029,0.2467692012145468
6,14,MLP,14,21,0,0,197.0136,0.25278435770856894
6,14,MLP,14,21,0,0,198.0126,0.1660804136767512
6,14,MLP,14,21,0,0,199.0025,0.17137232919206952
6,14,MLP,14,21,0,0,200.0141,0.13506217782431446
6,14,MLP,14,21,0,0,201.0126,0.15069438719304026
6,14,MLP,14,21,0,0,202.0122,0.13973096572009142
6,14,MLP,14,21,0,0,203.0119,0.1155476154164025
6,14,MLP,14,21,0,0,204.0137,0.1546071073808994
6,14,MLP,14,21,0,0,205.0121,0.20693588976447727
6,14,MLP,14,21,0,0,206.0025,0.1790144506659584
6,14,MLP,14,21,0,0,207.013,0.37349901814193975
6,14,MLP,14,21,0,0,208.0023,0.26420426162330135
6,14,MLP,14,21,0,0,209.012,0.2591417096876177
6,14,MLP,14,21,0,0,210.0123,0.24195200374974965
6,14,MLP,14,21,0,0,211.0026,0.2800869945525053
6,14,MLP,14,21,0,0,212.0024,0.2623454836042783
6,14,MLP,14,21,0,0,213.0128,0.30573557910041044
6,14,MLP,14,21,0,0,214.0122,0.24456752735874043
6,14,MLP,14,21,0,0,215.012,0.33909993632959606
6,14,MLP,14,21,0,0,216.0024,0.43331252911656837
6,14,MLP,14,21,0,0,217.0024,0.3256657978112146
6,14,MLP,14,21,0,0,218.0024,0.359020553476984
6,14,MLP,14,21,0,0,219.0037,0.4940988464992554
6,14,MLP,14,21,0,0,220.0035,0.5029346045291528
6,14,MLP,14,21,0,0,221.0034,0.4783583883313203
6,14,MLP,14,21,0,0,222.0034,0.5036014188130734
6,14,MLP,14,21,0,0,223.0045,0.49483889655760865
6,14,MLP,14,21,0,0,224.0039,0.6500295088927611
6,14,MLP,14,21,0,0,225.0049,0.8166122771206166
6,14,MLP,14,21,0,0,226.0045,0.8238777997523021
6,14,MLP,14,21,0,0,227.003,0.3672910551519996
6,14,MLP,14,21,0,0,228.0028,0.4451140808862098
6,14,MLP,14,21,0,0,229.0032,0.5409687206415302
6,14,MLP,14,21,0,0,230.0022,0.6028260148405236
6,14,MLP,14,21,0,0,231.0033,0.7121747305062592
6,14,MLP,14,21,0,0,232.0036,0.7392314541315752
6,14,MLP,14,21,0,0,233.0042,0.7291283610976792
6,14,MLP,14,21,0,0,234.0034,0.7194405797309095
6,14,MLP,14,21,0,0,235.0032,0.8328045296720028
6,14,MLP,14,21,0,0,236.0034,0.9387608746267643
6,14,MLP,14,21,0,0,237.003,0.9205877915595387
6,14,MLP,14,21,0,0,238.004,0.8410990999106557
6,14,MLP,14,21,0,0,239.0049,0.8206281096335719
6,14,MLP,14,21,0,0,240.0044,0.8659215619091392
6,14,MLP,14,21,0,0,241.0053,0.8256004118841079
6,14,MLP,14,21,0,0,242.0053,0.8020111277467977
6,14,MLP,14,21,0,0,243.0063,0.5558443814240653
6,14,MLP,14,21,0,0,244.0049,0.45830779304738994
6,14,MLP,14,21,0,0,245.0067,0.3964729390975952
6,14,MLP,14,21,0,0,246.007,0.7684076150348881
6,14,MLP,14,21,0,0,247.008,0.4813089375692048
6,14,MLP,14,21,0,0,248.0067,0.6075626072453636
6,14,MLP,14,21,0,0,249.0064,0.5276889976761483
6,14,MLP,14,21,0,0,250.0057,0.42011871455382555
6,14,MLP,14,21,0,0,251.0063,0.675185165484835
6,14,MLP,14,21,0,0,252.0063,0.6406681605212496
6,14,MLP,14,21,0,0,253.006,0.5381769898974889
6,14,MLP,14,21,0,0,254.0054,0.482836469978274
6,14,MLP,14,21,0,0,255.0051,0.5676261627714215
6,14,MLP,14,21,0,0,256.0062,0.46716438817490574
6,14,MLP,14,21,0,0,257.0051,0.4613459452232206
6,14,MLP,14,21,0,0,258.0047,0.7616973381971144
6,14,MLP,14,21,0,0,259.0055,0.6969963034160253
6,14,MLP,14,21,0,0,260.0052,0.5597815450789497
6,14,MLP,14,21,0,0,261.0052,0.5338411924292497
6,14,MLP,14,21,0,0,262.006,0.5781210875535288
6,14,MLP,14,21,0,0,263.0056,0.7098112916276451
6,14,MLP,14,21,0,0,264.0062,0.5202310402801301
6,14,MLP,14,21,0,0,265.0059,0.6280200835430988
6,14,MLP,14,21,0,0,266.0063,0.568188411930593
6,14,MLP,14,21,0,0,267.0061,0.40046784635110716
6,14,MLP,14,21,0,0,268.0059,0.5685486949502065
6,14,MLP,14,21,0,0,269.0059,0.5815037655846055
6,14,MLP,14,21,0,0,270.006,0.5792151780941676
6,14,MLP,14,21,0,0,271.006,0.5019267850022691
6,14,MLP,14,21,0,0,272.006,0.5352194715558868
6,14,MLP,14,21,0,0,273.0071,0.4253660078110322
6,14,MLP,14,21,0,0,274.0065,0.4622698886746814
6,14,MLP,14,21,0,0,275.0058,0.4918363481587994
6,14,MLP,14,21,0,0,276.0055,0.48676189148481463
6,14,MLP,14,21,0,0,277.0069,0.5421137471111162
6,14,MLP,14,21,0,0,278.0059,0.5733103104356874
6,14,MLP,14,21,0,0,279.006,0.5080566840535349
6,14,MLP,14,21,0,0,280.0074,0.7362879988317781
6,14,MLP,14,21,0,0,281.0076,0.6726267626578302
6,14,MLP,14,21,0,0,282.0067,0.6315038564372899
6,14,MLP,14,21,0,0,283.0073,0.728607350687172
6,14,MLP,14,21,0,0,284.0067,0.6521620528820321
6,14,MLP,14,21,0,0,285.0068,0.6567797278962447
6,14,MLP,14,21,0,0,286.007,0.66323829308667
6,14,MLP,14,21,0,0,287.0069,0.7618798225497663
6,14,MLP,14,21,0,0,288.007,0.6521382371765386
6,14,MLP,14,21,0,0,289.0068,0.7248553696168947
6,14,MLP,14,21,0,0,290.0067,0.7492522498929823
6,14,MLP,14,21,0,0,291.0067,0.7266426237899871
6,14,MLP,14,21,0,0,292.007,0.7075321313750186
6,14,MLP,14,21,0,0,293.0064,0.6835494800967437
6,14,MLP,14,21,1,3,294.0073,0.7116574450447921
6,14,MLP,14,21,1,3,295.0069,0.6569045904202101
6,14,MLP,14,21,1,3,296.0074,0.5550348346599029
6,14,MLP,14,21,1,3,297.0061,0.6201218923970442
6,14,MLP,14,21,1,3,298.008,0.6319049242939183
6,14,MLP,14,21,1,3,299.0076,0.6336331081099789
6,14,MLP,14,21,1,3,300.0077,0.6365286322402348
6,14,MLP,14,21,1,3,301.0084,0.5957507222593226
6,14,MLP,14,23,0,0,0.0,0.0024259516701409375
6,14,MLP,14,23,0,0,0.9982342,0.0054290686525531335
6,14,MLP,14,23,0,0,2.000526,0.0068084123464888695
6,14,MLP,14,23,0,0,3.000793,0.00875832348446718
6,14,MLP,14,23,0,0,3.999719,0.005617684197510867
6,14,MLP,14,23,0,0,5.000658,0.005746428232405667
6,14,MLP,14,23,0,0,6.000513,0.00884001015905589
6,14,MLP,14,23,0,0,7.001402,0.009458382465055216
6,14,MLP,14,23,0,0,8.002209,0.009918876611894068
6,14,MLP,14,23,0,0,9.001521,0.011863796676474785
6,14,MLP,14,23,0,0,10.00158,0.02575533229474859
6,14,MLP,14,23,0,0,11.00055,0.029108418114883128
6,14,MLP,14,23,0,0,12.00204,0.03253711647802207
6,14,MLP,14,23,0,0,13.00199,0.02292734468743242
6,14,MLP,14,23,0,0,14.0019,0.02327967993598065
6,14,MLP,14,23,0,0,15.00248,0.029305907650419235
6,14,MLP,14,23,0,0,16.00356,0.0256884676622761
6,14,MLP,14,23,0,0,16.99234,0.024392786516200977
6,14,MLP,14,23,0,0,18.00213,0.03254842343887769
6,14,MLP,14,23,0,0,19.00258,0.05178300257600297
6,14,MLP,14,23,0,0,20.00245,0.027709406919656693
6,14,MLP,14,23,0,0,21.00214,0.03259209296329514
6,14,MLP,14,23,0,0,22.00294,0.027482238701502473
6,14,MLP,14,23,0,0,23.00375,0.029447723582756297
6,14,MLP,14,23,0,0,23.99251,0.03032195426754747
6,14,MLP,14,23,0,0,24.99268,0.027458439313702888
6,14,MLP,14,23,0,0,25.99331,0.029697290984684894
6,14,MLP,14,23,1,1,26.99233,0.021645081239316213
6,14,MLP,14,23,1,1,27.99275,0.019318341704446008
6,14,MLP,14,23,1,1,29.00434,0.01918082521043128
6,14,MLP,14,23,1,1,29.99229,0.021911851316447125
6,14,MLP,14,23,1,1,30.99279,0.02175551645721617
6,14,MLP,14,23,1,1,31.99316,0.019755267875952758
6,14,MLP,14,23,1,1,33.00367,0.019362458916969506
6,14,MLP,14,23,1,1,33.99289,0.017232672353710732
6,14,MLP,14,23,1,1,34.99303,0.00892475740716761
6,14,MLP,14,23,1,1,35.99273,0.040220878333365274
6,14,MLP,14,23,1,1,36.99239,0.02423874997148892
6,14,MLP,14,23,1,1,37.99338,0.02438536729239226
6,14,MLP,14,23,1,1,38.99241,0.017332266869581253
6,14,MLP,14,23,1,1,39.99234,0.016008763455723937
6,14,MLP,14,23,1,1,40.99243,0.02317212016090665
6,14,MLP,14,23,1,1,41.99356,0.029457266011036345
6,14,MLP,14,23,1,1,42.99372,0.04037447879150109
6,14,MLP,14,23,1,1,43.99422,0.04405152097208281
6,14,MLP,14,23,1,1,44.99426,0.04751830610668455
6,14,MLP,14,23,1,1,45.99385,0.1673273698451779
6,14,MLP,14,23,1,1,46.99342,0.12878683454337433
6,14,MLP,14,23,1,1,47.99352,0.11924385645584008
6,14,MLP,14,23,1,1,48.99342,0.08368348815555582
6,14,MLP,14,23,1,1,49.99279,0.11083435590982442
6,14,MLP,14,23,1,1,50.99308,0.18405924202867008
6,14,MLP,14,23,1,1,51.99316,0.16305757560143322
6,14,MLP,14,23,1,1,52.99363,0.18489991082566953
6,14,MLP,14,23,1,1,53.99338,0.15850794441235916
6,14,MLP,14,23,1,1,54.99331,0.14498101798219293
6,14,MLP,14,23,1,1,55.99312,0.11548190011915513
6,14,MLP,14,23,1,1,56.99214,0.11566882082542584
6,14,MLP,14,23,1,1,58.00339,0.07612017344370713
6,14,MLP,14,23,1,1,58.99253,0.09864727405865667
6,14,MLP,14,23,1,1,59.99322,0.1645156201002866
6,14,MLP,14,23,1,1,60.99241,0.15743469411282893
6,14,MLP,14,23,1,1,62.00363,0.1358997525700512
6,14,MLP,14,23,1,1,62.99332,0.20632781890043297
6,14,MLP,14,23,1,1,63.99334,0.2662382622745151
6,14,MLP,14,23,1,1,64.9931,0.21590594489813597
6,14,MLP,14,23,1,1,65.99414,0.28813690103001677
6,14,MLP,14,23,1,1,66.99364,0.24170086413313402
6,14,MLP,14,23,1,1,67.99326,0.36793451751367773
6,14,MLP,14,23,1,1,68.99331,0.21750279220355276
6,14,MLP,14,23,1,1,69.99294,0.16698775832449733
6,14,MLP,14,23,1,1,70.99304,0.2655058048889166
6,14,MLP,14,23,1,1,71.99434,0.27285930203093295
6,14,MLP,14,23,1,1,72.99424,0.34996917748489653
6,14,MLP,14,23,1,1,73.99388,0.29800828790029665
6,14,MLP,14,23,1,1,74.9944,0.2938050072274485
6,14,MLP,14,23,1,1,75.99446,0.28462841117070015
6,14,MLP,14,23,1,1,76.99354,0.40004054948424783
6,14,MLP,14,23,1,1,77.99458,0.35782685330035435
6,14,MLP,14,23,1,1,78.99346,0.4050341585263782
6,14,MLP,14,23,1,1,79.99506,0.36765393965827464
6,14,MLP,14,23,1,1,80.99474,0.5586200907549155
6,14,MLP,14,23,1,1,81.99532,0.4832317025191435
6,14,MLP,14,23,1,1,82.99506,0.7124303827675238
6,14,MLP,14,23,1,1,83.99451,0.3551112467159338
6,14,MLP,14,23,1,1,84.99424,0.5171962816909821
6,14,MLP,14,23,1,1,85.99445,0.3075983372691937
6,14,MLP,14,23,1,1,86.99361,0.33172956510543167
6,14,MLP,14,23,1,1,87.99483,0.38453399776193137
6,14,MLP,14,23,1,1,88.99535,0.3604161808449794
6,14,MLP,14,23,1,1,89.99509,0.29105189146448324
6,14,MLP,14,23,1,1,90.99504,0.20867454693741797
6,14,MLP,14,23,1,1,91.995,0.24805001079152889
6,14,MLP,14,23,1,1,92.99534,0.2941513992426741
6,14,MLP,14,23,1,1,93.99495,0.261874629564623
6,14,MLP,14,23,1,1,94.99651,0.37364975463388134
6,14,MLP,14,23,1,1,95.9971,0.5190658015712311
6,14,MLP,14,23,1,1,96.99723,0.43744182437173496
6,14,MLP,14,23,1,1,97.99645,0.4299640338711907
6,14,MLP,14,23,1,1,98.99647,0.5479168568982917
6,14,MLP,14,23,1,1,99.99609,0.45015512912338757
6,14,MLP,14,23,1,1,100.9956,0.5593288902912195
6,14,MLP,14,23,1,1,101.9969,0.4192104676857211
6,14,MLP,14,23,1,1,102.9967,0.5748843804718696
6,14,MLP,14,23,1,1,103.9955,0.38608248019692054
6,14,MLP,14,23,0,0,104.9961,0.5129560774545939
6,14,MLP,14,23,0,0,105.9961,0.432677385414603
6,14,MLP,14,23,0,0,106.9959,0.5996031458325796
6,14,MLP,14,23,0,0,107.9969,0.5894468853484952
6,14,MLP,14,23,0,0,108.9957,0.5214297942639039
6,14,MLP,14,23,0,0,109.9959,0.6542533409864636
6,14,MLP,14,23,0,0,110.9962,0.676675654605982
6,14,MLP,14,23,0,0,111.9973,0.6233979175936436
6,14,MLP,14,23,0,0,112.9961,0.690672242592071
6,14,MLP,14,23,0,0,113.9966,0.6169085899537239
6,14,MLP,14,23,0,0,114.9973,0.6761726632368014
6,14,MLP,14,23,0,0,115.9978,0.6987593515462439
6,14,MLP,14,23,0,0,116.9979,0.7087437449051156
6,14,MLP,14,23,0,0,117.998,0.5259838077727806
6,14,MLP,14,23,0,0,118.9974,0.6354636738798877
6,14,MLP,14,23,0,0,119.997,0.5430953882337941
6,14,MLP,14,23,0,0,120.9973,0.5976205481421577
6,14,MLP,14,23,0,0,121.998,0.6127208586246742
6,14,MLP,14,23,0,0,122.9987,0.6041281128479626
6,14,MLP,14,23,1,1,123.9988,0.6312178913119504
6,14,MLP,14,23,1,1,124.9984,0.6238492482381168
6,14,MLP,14,23,1,1,125.9981,0.6063720101875469
6,14,MLP,14,23,1,1,126.9981,0.64342103937672
6,14,MLP,14,23,1,1,127.9989,0.7332381011580619
6,14,MLP,14,23,1,1,128.9993,0.7023901109480889
6,14,MLP,14,23,1,1,129.999,0.6533555733820633
6,14,MLP,14,23,1,1,130.9996,0.6848653512445967
6,14,MLP,14,23,1,1,131.999,0.7211575434606693
6,14,MLP,14,23,1,1,132.9998,0.7146331109997024
6,14,MLP,14,23,1,1,133.9991,0.7168440789303616
6,14,MLP,14,23,1,1,135.0,0.6949527009347696
6,14,MLP,14,23,1,1,135.9996,0.7257622324539573
6,14,MLP,14,23,1,1,137.0003,0.683503010095797
6,14,MLP,14,23,1,1,137.9992,0.6745219609723537
6,14,MLP,14,23,1,1,139.0002,0.645511383450088
6,14,MLP,14,23,1,1,140.0006,0.6381579400735201
6,14,MLP,14,23,1,1,141.0006,0.5533738023719778
6,14,MLP,14,23,1,1,142.001,0.6284646059946222
6,14,MLP,14,23,1,1,143.0011,0.5276847846108776
6,14,MLP,14,23,1,1,144.0009,0.416587316202257
6,14,MLP,14,23,1,1,144.9999,0.40651747384740083
6,14,MLP,14,23,1,1,146.0004,0.45599767279421605
6,14,MLP,14,23,1,1,147.001,0.39318117438293715
6,14,MLP,14,23,1,1,148.0006,0.35098712916045294
6,14,MLP,14,23,1,1,149.0018,0.35664497662336436
6,14,MLP,14,23,1,1,150.0019,0.2633642582819056
6,14,MLP,14,23,1,3,151.0009,0.3094109608746098
6,14,MLP,14,23,1,3,152.0006,0.22782024862833483
6,14,MLP,14,23,1,3,153.0009,0.2792530679719167
6,14,MLP,14,23,1,3,154.0014,0.18736178126953493
6,14,MLP,14,23,1,3,155.0004,0.2182670885244826
6,14,MLP,14,23,1,3,155.9997,0.13161928307369397
6,14,MLP,14,23,1,3,156.9989,0.14424500525143552
6,14,MLP,14,23,1,3,157.9997,0.15671237604042942
6,14,MLP,14,23,1,3,158.9994,0.36989568414720325
6,14,MLP,14,23,1,3,159.999,0.1558887618179279
6,14,MLP,14,23,1,3,161.0,0.2050151917275189
6,14,MLP,14,23,1,3,161.9996,0.21759094648998792
6,14,MLP,14,23,1,3,163.0005,0.23516815895040555
6,14,MLP,14,23,1,3,163.9998,0.35007789688319724
6,14,MLP,14,23,1,3,164.9999,0.2868498360081381
6,14,MLP,14,23,1,3,166.0,0.25771573525489033
6,14,MLP,14,23,1,3,167.0003,0.31091957318776897
6,14,MLP,14,23,1,3,168.0001,0.2314765185985684
6,14,MLP,14,23,1,3,169.0021,0.37030126304068506
6,14,MLP,14,23,1,3,170.0007,0.30485986891579375
6,14,MLP,14,23,1,3,171.0015,0.4214327632035886
6,14,MLP,14,23,1,3,172.0013,0.33471561501937286
6,14,MLP,14,23,1,3,173.0021,0.39981671475495556
6,14,MLP,14,23,1,3,174.0025,0.4720752102684333
6,14,MLP,14,23,1,3,175.0028,0.4299492041993073
6,14,MLP,14,23,1,3,175.9926,0.4270712809976707
6,14,MLP,14,23,1,3,177.0027,0.5005560167572951
6,14,MLP,14,23,1,3,178.0038,0.5351930168188928
6,14,MLP,14,23,1,3,179.0034,0.6055379158371159
6,14,MLP,14,23,1,3,180.0034,0.46552902303560195
6,14,MLP,14,23,1,3,180.9927,0.6018456175153932
6,14,MLP,14,23,1,3,182.0031,0.5403530937800436
6,14,MLP,14,23,1,3,183.003,0.34841564713327383
6,14,MLP,14,23,1,3,184.0024,0.48170179389952733
6,14,MLP,14,23,1,3,185.0018,0.39802140404749325
6,14,MLP,14,23,1,3,185.9999,0.5054397341268672
6,14,MLP,14,23,1,3,187.0019,0.5377511343316225
6,14,MLP,14,23,1,3,188.0031,0.3546399564037757
6,14,MLP,14,23,1,3,189.0022,0.43772036549380894
6,14,MLP,14,23,1,3,190.0024,0.44307807850750924
6,14,MLP,14,23,1,3,191.0039,0.47142375204876646
6,14,MLP,14,23,1,3,192.0037,0.395578496317942
6,14,MLP,14,23,1,3,193.0038,0.41333332085335395
6,14,MLP,14,23,1,3,194.0028,0.404252805100128
6,14,MLP,14,23,1,3,194.9935,0.38792407709216586
6,14,MLP,14,23,1,3,195.9927,0.38692695015991596
6,14,MLP,14,23,1,3,197.0033,0.376872427181993
6,14,MLP,14,23,1,3,198.004,0.3479054589785777
6,14,MLP,14,23,1,3,198.9929,0.29851933844245526
6,14,MLP,14,23,1,3,200.0045,0.36438461023166263
6,14,MLP,14,23,1,3,200.9928,0.2802287855609307
6,14,MLP,14,23,1,3,202.0033,0.26294199042464905
6,14,MLP,14,23,1,3,203.0034,0.26854205776677165
6,14,MLP,14,23,1,3,204.0026,0.23860889951130662
6,14,MLP,14,23,1,3,204.9932,0.5004555717160162
6,14,MLP,14,23,1,3,205.9934,0.20811830615377516
6,14,MLP,14,23,1,3,206.994,0.2156001747123718
6,14,MLP,14,23,1,3,207.9929,0.2298377146781409
6,14,MLP,14,23,1,3,208.9937,0.170703929631004
6,14,MLP,14,23,1,3,209.9931,0.17523643188467858
6,14,MLP,14,23,1,3,210.9936,0.19461061806990998
6,14,MLP,14,23,1,3,211.9932,0.2303326294701879
6,14,MLP,14,23,1,3,212.9935,0.25979833520440343
6,14,MLP,14,23,1,3,213.9937,0.2478445253162709
6,14,MLP,14,23,1,3,214.9946,0.13895319621517302
6,14,MLP,14,23,1,3,215.9942,0.17964036330207825
6,14,MLP,14,23,1,3,216.9937,0.2649714622042055
6,14,MLP,14,23,1,3,217.9947,0.23373737346999818
6,14,MLP,14,23,1,3,218.9939,0.31110757007606077
6,14,MLP,14,23,1,3,219.9934,0.4038244071654819
6,14,MLP,14,23,1,3,220.994,0.406883825719456
6,14,MLP,14,23,1,3,221.9946,0.4431893707263492
6,14,MLP,14,23,1,3,222.9935,0.4845115329586449
6,14,MLP,14,23,1,3,223.9935,0.34964563899314133
6,14,MLP,14,23,1,3,224.9933,0.3325472368325992
6,14,MLP,14,23,1,3,226.0038,0.3390203991595493
6,14,MLP,14,23,1,3,226.9932,0.46883391611024705
6,14,MLP,14,23,1,3,227.993,0.5233584856456281
6,14,MLP,14,23,1,3,228.9936,0.5512672266037618
6,14,MLP,14,23,1,3,229.994,0.5995195608058456
6,14,MLP,14,23,1,3,230.9936,0.6462422151072881
6,14,MLP,14,23,1,3,231.994,0.5247753713718027
6,14,MLP,14,23,1,3,232.9937,0.5714115606905553
6,14,MLP,14,23,1,3,233.9941,0.5882487176021531
6,14,MLP,14,23,1,3,234.9933,0.5969895260775411
6,14,MLP,14,23,1,3,235.9945,0.4912848916685111
6,14,MLP,14,23,1,3,236.9939,0.6218842265718314
6,14,MLP,14,23,1,3,237.9933,0.5399504464793173
6,14,MLP,14,23,1,3,238.9939,0.5200454059867976
6,14,MLP,14,23,1,3,239.9943,0.4225638001207399
6,14,MLP,14,23,1,3,240.9942,0.48461174511240057
6,14,MLP,14,23,1,3,241.9942,0.492093177747117
6,14,MLP,14,23,1,3,242.9944,0.5122746157794636
6,14,MLP,14,23,1,3,243.9944,0.6018560409965962
6,14,MLP,14,23,1,3,244.9943,0.5699626660819143
6,14,MLP,14,23,1,3,245.9946,0.6588300249003425
6,14,MLP,14,23,1,3,246.9949,0.6936037082226284
6,14,MLP,14,23,1,3,247.9954,0.5105646453649078
6,14,MLP,14,23,1,3,248.9957,0.45360531446453395
6,14,MLP,14,23,1,3,249.9943,0.4981965865627247
6,14,MLP,14,23,1,3,250.9944,0.4969029931757297
6,14,MLP,14,23,1,3,251.9948,0.5176378710878934
6,14,MLP,14,23,1,3,252.9941,0.4806542027772895
6,14,MLP,14,23,1,3,253.9945,0.4662028852390347
6,14,MLP,14,23,1,3,254.9945,0.468195763157976
6,14,MLP,14,23,1,3,255.995,0.49883297647376046
6,14,MLP,14,23,1,3,256.9954,0.521463050162102
6,14,MLP,14,23,1,3,257.9954,0.517821721653808
6,14,MLP,14,23,1,3,258.9947,0.6425798384073445
6,14,MLP,14,23,1,3,259.9962,0.6232308021954208
6,14,MLP,14,23,1,3,260.9958,0.5517955192081063
6,14,MLP,14,23,1,3,261.9972,0.5841197609622903
6,14,MLP,14,23,1,3,262.998,0.6066308724909827
6,14,MLP,14,23,1,3,263.9974,0.5941289187225666
6,14,MLP,14,23,1,3,264.9976,0.6318862082884189
6,14,MLP,14,23,1,3,265.9971,0.6956364381335086
6,14,MLP,14,23,1,3,266.9977,0.6953246246470631
6,14,MLP,14,23,1,3,267.9981,0.604891416939958
6,14,MLP,14,23,1,3,268.9977,0.5837118839013619
6,14,MLP,14,23,1,3,269.998,0.5122058495610161
6,14,MLP,14,23,1,3,270.9981,0.5030100535155652
6,14,MLP,14,23,1,3,271.9973,0.5444684527101001
6,14,MLP,14,23,1,3,272.9978,0.5313743789316039
6,14,MLP,14,23,1,3,273.9975,0.5555782296036004
6,14,MLP,14,23,1,3,274.9981,0.5572207632238327
6,14,MLP,14,23,1,3,275.9986,0.5840661091837643
6,14,MLP,14,23,1,3,276.9987,0.5551899503879528
6,14,MLP,14,23,1,3,277.9982,0.5771603145997173
6,14,MLP,14,23,1,3,278.9988,0.5350086336824122
6,14,MLP,14,23,1,3,279.9991,0.5054503640868571
6,14,MLP,14,23,1,3,280.9967,0.49255200285121525
6,14,MLP,14,23,1,3,281.9972,0.5798101296015232
6,14,MLP,14,23,1,3,282.9969,0.5898506638584887
6,14,MLP,14,23,1,3,283.9963,0.5689118135279846
6,14,MLP,14,23,1,3,284.9965,0.5035833445701626
6,14,MLP,14,23,1,3,285.9962,0.3918020928250676
6,14,MLP,14,23,1,3,287.0023,0.4944660360422185
6,14,MLP,14,24,0,0,0.0,2.042827498487607e-06
6,14,MLP,14,24,0,0,0.9972577,0.0004464347222589015
6,14,MLP,14,24,0,0,1.997322,0.0007965734391247502
6,14,MLP,14,24,0,0,2.997987,0.001006481833251304
6,14,MLP,14,24,0,0,3.999626,0.0015496966308505282
6,14,MLP,14,24,0,0,4.999724,0.0022400671461517553
6,14,MLP,14,24,0,0,6.000389,0.003046792961254948
6,14,MLP,14,24,0,0,7.00076,0.005114975124599195
6,14,MLP,14,24,0,0,8.000076,0.006799062759005258
6,14,MLP,14,24,0,0,9.000281,0.007926142025761435
6,14,MLP,14,24,0,0,10.00013,0.010615564230992955
6,14,MLP,14,24,0,0,11.00133,0.01077107149188523
6,14,MLP,14,24,0,0,12.00118,0.011510080396216418
6,14,MLP,14,24,0,0,13.00014,0.018439721366166104
6,14,MLP,14,24,0,0,14.00016,0.014921491233989642
6,14,MLP,14,24,0,0,15.00186,0.017586374398169288
6,14,MLP,14,24,0,0,16.00245,0.01583703651013619
6,14,MLP,14,24,0,0,17.002,0.017184281339848062
6,14,MLP,14,24,0,0,18.00234,0.02399280587071622
6,14,MLP,14,24,0,0,19.00251,0.021208644985474676
6,14,MLP,14,24,0,0,20.00308,0.018620736352694418
6,14,MLP,14,24,0,0,21.00178,0.019611509313530364
6,14,MLP,14,24,0,0,22.00285,0.018773465802091546
6,14,MLP,14,24,0,0,23.00216,0.019047928908778478
6,14,MLP,14,24,0,0,24.00199,0.013936295805616759
6,14,MLP,14,24,0,0,25.00317,0.00914400750627293
6,14,MLP,14,24,0,0,26.00204,0.010202786588110307
6,14,MLP,14,24,0,0,27.00143,0.009883650849787748
6,14,MLP,14,24,0,0,28.00184,0.01945756581353071
6,14,MLP,14,24,0,0,29.00246,0.022368827501388727
6,14,MLP,14,24,0,0,30.00175,0.03187022583457689
6,14,MLP,14,24,0,0,31.00178,0.017715968417776718
6,14,MLP,14,24,0,0,32.00206,0.02414680153080583
6,14,MLP,14,24,0,0,33.00281,0.022676190408203237
6,14,MLP,14,24,0,0,34.00353,0.026644046567259636
6,14,MLP,14,24,0,0,35.00357,0.023116487686699133
6,14,MLP,14,24,0,0,36.00293,0.03334200535467507
6,14,MLP,14,24,0,0,37.00312,0.03178443292752506
6,14,MLP,14,24,0,0,38.00257,0.033856590501503345
6,14,MLP,14,24,0,0,39.00232,0.04433752938734185
6,14,MLP,14,24,0,0,40.00309,0.032413588805896884
6,14,MLP,14,24,0,0,41.00271,0.0783232149097113
6,14,MLP,14,24,0,0,42.00307,0.04870120714166882
6,14,MLP,14,24,0,0,43.00212,0.06180517872968864
6,14,MLP,14,24,0,0,44.00304,0.052139844175633436
6,14,MLP,14,24,0,0,45.00259,0.05870540563662198
6,14,MLP,14,24,0,0,46.004,0.08254385932904643
6,14,MLP,14,24,0,0,47.00352,0.07351192390315314
6,14,MLP,14,24,0,0,48.00317,0.06787876367419853
6,14,MLP,14,24,0,0,49.00343,0.07109451862195879
6,14,MLP,14,24,0,0,50.00389,0.08235131954369661
6,14,MLP,14,24,0,0,51.00224,0.243714031485309
6,14,MLP,14,24,0,0,52.00346,0.3080961823322214
6,14,MLP,14,24,1,1,53.00407,0.3198653350911346
6,14,MLP,14,24,1,1,54.00354,0.2564227695510706
6,14,MLP,14,24,1,1,55.00352,0.2750269649303385
6,14,MLP,14,24,1,1,56.00364,0.2404304175867678
6,14,MLP,14,24,1,1,57.00396,0.19910092349078917
6,14,MLP,14,24,1,1,58.00496,0.17012087515243796
6,14,MLP,14,24,1,1,59.00573,0.3348143294412698
6,14,MLP,14,24,1,1,60.00475,0.398630330650253
6,14,MLP,14,24,1,1,61.00447,0.3001804586337318
6,14,MLP,14,24,1,1,62.00492,0.1885522133869823
6,14,MLP,14,24,1,1,63.00469,0.21817551182794453
6,14,MLP,14,24,1,1,64.00511,0.48351368981797194
6,14,MLP,14,24,1,1,64.99493,0.36232247621075786
6,14,MLP,14,24,1,1,66.00532,0.14137497951988037
6,14,MLP,14,24,1,1,67.00607,0.17016007127136745
6,14,MLP,14,24,1,1,67.99484,0.12356265424302347
6,14,MLP,14,24,1,1,69.00481,0.09696107243749057
6,14,MLP,14,24,1,1,70.00437,0.510265993049715
6,14,MLP,14,24,1,1,71.00468,0.4172759360369953
6,14,MLP,14,24,1,1,72.00489,0.42163171273041516
6,14,MLP,14,24,1,1,73.00464,0.4227062906954455
6,14,MLP,14,24,1,1,74.00573,0.5024017449083212
6,14,MLP,14,24,1,1,75.00567,0.40751202960965843
6,14,MLP,14,24,1,1,75.99514,0.4369678627229686
6,14,MLP,14,24,1,1,76.99528,0.3976640010323219
6,14,MLP,14,24,1,1,78.00524,0.5117718664065709
6,14,MLP,14,24,1,1,79.00544,0.5317283742423649
6,14,MLP,14,24,1,1,79.99489,0.47057169235575746
6,14,MLP,14,24,1,1,81.00591,0.542294285523673
6,14,MLP,14,24,1,1,82.00529,0.5578468794677296
6,14,MLP,14,24,1,1,82.99491,0.5559530230078658
6,14,MLP,14,24,1,1,83.99503,0.7055580566083335
6,14,MLP,14,24,1,1,84.99577,0.6169757586794933
6,14,MLP,14,24,1,1,85.99571,0.6227719445770374
6,14,MLP,14,24,1,1,87.00577,0.6213918377824571
6,14,MLP,14,24,1,1,87.99568,0.5938282257169851
6,14,MLP,14,24,1,1,88.9959,0.6532981507234452
6,14,MLP,14,24,1,1,90.00615,0.709410559006396
6,14,MLP,14,24,1,1,90.99528,0.6457860553239286
6,14,MLP,14,24,1,1,91.99603,0.7281233173873402
6,14,MLP,14,24,1,1,92.99611,0.6689988110467916
6,14,MLP,14,24,1,1,93.99627,0.6758554781349251
6,14,MLP,14,24,1,1,94.99651,0.7865093666717317
6,14,MLP,14,24,1,1,95.99587,0.6730615844065274
6,14,MLP,14,24,1,1,96.99593,0.6381889736981717
6,14,MLP,14,24,1,1,97.99715,0.6189958843884362
6,14,MLP,14,24,1,1,98.99685,0.6486947544404942
6,14,MLP,14,24,1,1,99.99517,0.5985108887657318
6,14,MLP,14,24,1,1,100.9969,0.7043783790672201
6,14,MLP,14,24,0,0,101.995,0.6600770673302713
6,14,MLP,14,24,0,0,102.996,0.666520494642575
6,14,MLP,14,24,0,0,103.996,0.5256015758907802
6,14,MLP,14,24,0,0,104.9956,0.5505332993075464
6,14,MLP,14,24,0,0,105.9973,0.588782394256155
6,14,MLP,14,24,0,0,106.9973,0.5163231083572907
6,14,MLP,14,24,0,0,107.9975,0.7115057455358977
6,14,MLP,14,24,0,0,108.9971,0.5575349306796119
6,14,MLP,14,24,0,0,109.9962,0.733508913714852
6,14,MLP,14,24,0,0,110.9959,0.6803849812542826
6,14,MLP,14,24,0,0,112.0059,0.7399859330653438
6,14,MLP,14,24,0,0,112.9967,0.6328358889949736
6,14,MLP,14,24,0,0,113.9967,0.6483840764482255
6,14,MLP,14,24,0,0,114.9986,0.6889874263424228
6,14,MLP,14,24,0,0,115.9968,0.6601509852164593
6,14,MLP,14,24,0,0,116.9969,0.5487265347177219
6,14,MLP,14,24,0,0,117.9978,0.5003265139020102
6,14,MLP,14,24,0,0,118.9974,0.7449297849596256
6,14,MLP,14,24,0,0,119.9981,0.7511246691456889
6,14,MLP,14,24,0,0,120.9978,0.7675929524391719
6,14,MLP,14,24,0,0,121.9984,0.8154680055766615
6,14,MLP,14,24,0,0,122.9985,0.6812863285167405
6,14,MLP,14,24,0,0,123.9979,0.8108677695571203
6,14,MLP,14,24,0,0,124.998,0.688388698604735
6,14,MLP,14,24,0,0,125.998,0.6913914247930941
6,14,MLP,14,24,0,0,126.997,0.6965027681155856
6,14,MLP,14,24,0,0,127.9977,0.7202953304973251
6,14,MLP,14,24,0,0,128.9973,0.6930873899986226
6,14,MLP,14,24,0,0,129.9972,0.850521942220584
6,14,MLP,14,24,0,0,130.9967,0.6208273094404896
6,14,MLP,14,24,0,0,131.9994,0.6867941370403131
6,14,MLP,14,24,0,0,132.9988,0.6646074394343598
6,14,MLP,14,24,0,0,134.0001,0.6526432097110745
6,14,MLP,14,24,0,0,134.9995,0.5469189246365938
6,14,MLP,14,24,0,0,135.9992,0.7264181073838311
6,14,MLP,14,24,0,0,137.0005,0.6678489785113633
6,14,MLP,14,24,0,0,137.999,0.6314935235541685
6,14,MLP,14,24,0,0,138.999,0.6475574446597265
6,14,MLP,14,24,0,0,139.9979,0.5189366572990959
6,14,MLP,14,24,0,0,141.0,0.5329412709677167
6,14,MLP,14,24,0,0,141.9993,0.6518061903728487
6,14,MLP,14,24,0,0,143.001,0.7446008110899177
6,14,MLP,14,24,0,0,144.0002,0.43467454722806276
6,14,MLP,14,24,0,0,145.0008,0.6007449519594231
6,14,MLP,14,24,0,0,146.0003,0.43387747358949125
6,14,MLP,14,24,0,0,147.0005,0.4629478522641535
6,14,MLP,14,24,0,0,148.0006,0.5629996795422271
6,14,MLP,14,24,0,0,149.0002,0.6443622224746325
6,14,MLP,14,24,0,0,150.0011,0.7806168295265236
6,14,MLP,14,24,0,0,151.0014,0.7384701411429951
6,14,MLP,14,24,0,0,152.0006,0.5603093241721337
6,14,MLP,14,24,0,0,153.0003,0.45882584771688634
6,14,MLP,14,24,0,0,153.9996,0.531261616016411
6,14,MLP,14,24,0,0,154.9993,0.4871110247862466
6,14,MLP,14,24,1,1,155.9995,0.6117323174412961
6,14,MLP,14,24,1,1,157.0002,0.6699784872602784
6,14,MLP,14,24,1,1,157.9998,0.646771411233378
6,14,MLP,14,24,1,1,158.9987,0.4839243232865301
6,14,MLP,14,24,1,1,160.0011,0.6323324333503458
6,14,MLP,14,24,1,1,161.0008,0.7047195863893387
6,14,MLP,14,24,1,1,162.0005,0.7095352839195773
6,14,MLP,14,24,1,2,163.0013,0.8274215070369862
6,14,MLP,14,24,1,2,164.0016,0.697531460595627
6,14,MLP,14,24,1,2,165.0016,0.7996131778134273
6,14,MLP,14,24,1,2,166.0018,0.8170345251403128
6,14,MLP,14,24,1,2,167.0019,0.7878880746343063
6,14,MLP,14,24,1,2,168.001,0.8007653212689781
6,14,MLP,14,24,1,2,169.0002,0.786340458624066
6,14,MLP,14,24,1,2,170.0,0.8608409428703814
6,14,MLP,14,24,1,2,171.0013,0.7375995945267017
6,14,MLP,14,24,1,2,172.0004,0.7305112918964556
6,14,MLP,14,24,1,2,173.0014,0.8921531230672575
6,14,MLP,14,24,1,2,174.0037,0.7752283441030685
6,14,MLP,14,24,1,2,175.0031,0.6635800469314163
6,14,MLP,14,24,1,2,176.002,0.6927758102665833
6,14,MLP,14,24,1,2,177.0022,0.7156707182660618
6,14,MLP,14,24,1,2,178.0022,0.7554914060233601
6,14,MLP,14,24,1,3,179.0028,0.7700670252469558
6,14,MLP,14,24,1,3,180.0025,0.8192371859956833
6,14,MLP,14,24,1,3,181.0029,0.6867388957530148
6,14,MLP,14,24,1,3,182.0028,0.7578179775073941
6,14,MLP,14,24,1,3,183.0023,0.7621348197889061
6,14,MLP,14,24,1,3,184.0016,0.7569584387955742
6,14,MLP,14,24,1,3,185.0015,0.752681505472253
6,14,MLP,14,24,1,3,186.0011,0.7871766144167904
6,14,MLP,14,24,1,3,187.0017,0.7205610298762969
6,14,MLP,14,24,1,3,188.0026,0.7211676711273302
6,14,MLP,14,24,1,3,189.0025,0.792864369963355
6,14,MLP,14,24,1,3,190.0028,0.6014036697320084
6,14,MLP,14,24,1,3,191.0029,0.5646655798294027
6,14,MLP,14,24,1,3,192.0025,0.690107315580741
6,14,MLP,14,24,1,3,193.0027,0.7069438073163029
6,14,MLP,14,24,1,3,194.0041,0.8466189889319364
6,14,MLP,14,24,1,3,195.0025,0.7087808774877724
6,14,MLP,14,24,1,3,196.0031,0.6504717797762732
6,14,MLP,14,24,1,3,197.0018,0.6389442056693758
6,14,MLP,14,24,1,3,198.0033,0.5623380080692312
6,14,MLP,14,24,1,3,199.003,0.6581162563219343
6,14,MLP,14,24,1,3,200.0043,0.6735390909935263
6,14,MLP,14,24,1,3,201.0046,0.6740512712648734
6,14,MLP,14,24,1,3,202.0056,0.6574303630078552
6,14,MLP,14,24,1,3,203.0037,0.7212177877451806
6,14,MLP,14,24,1,3,204.0036,0.6243020502362591
6,14,MLP,14,24,1,3,205.0035,0.7682205216727138
6,14,MLP,14,24,1,3,206.0032,0.7151884728339978
6,14,MLP,14,24,1,3,207.0051,0.9385981320637985
6,14,MLP,14,24,1,3,208.0037,0.9169387127362411
6,14,MLP,14,24,1,3,209.0046,0.9489708241850654
6,14,MLP,14,24,1,3,210.0045,0.7993365496694768
6,14,MLP,14,24,1,3,211.0034,0.7553148119019965
6,14,MLP,14,24,1,3,212.0034,0.8600501993818755
6,14,MLP,14,24,1,3,213.0024,0.9150151007489746
6,14,MLP,14,24,1,3,214.004,0.8632729884443393
6,14,MLP,14,24,1,3,215.0028,0.9163029322731554
6,14,MLP,14,24,1,3,216.0035,0.7894210585648275
6,14,MLP,14,24,1,3,217.0036,0.9487406219883682
6,14,MLP,14,24,1,3,218.0037,0.8597786034612808
6,14,MLP,14,24,1,3,219.0036,0.876838353572391
6,14,MLP,14,24,1,3,220.0041,0.916582357560279
6,14,MLP,14,24,1,3,221.0049,0.9169490577276761
6,14,MLP,14,24,1,3,222.0051,0.9189280513061275
6,14,MLP,14,24,1,3,223.0055,0.8712506899366865
6,14,MLP,14,24,1,3,224.0052,0.9342861855288692
6,14,MLP,14,24,1,3,225.0047,0.9431640149361625
6,14,MLP,14,24,1,3,226.0028,0.9221810089350828
6,14,MLP,14,24,1,3,227.0046,0.9313842280517638
6,14,MLP,14,24,1,3,228.0048,0.8926151022437481
6,14,MLP,14,24,1,3,229.0058,0.976047605348876
6,14,MLP,14,24,1,3,229.996,0.9478262246219737
6,14,MLP,14,24,1,3,231.0059,0.8026176784425296
6,14,MLP,14,24,1,3,231.9953,0.8887655024005687
6,14,MLP,14,24,1,3,233.0062,0.8676652072077476
6,14,MLP,14,24,1,3,234.0062,0.8870249359356256
6,14,MLP,14,24,1,3,234.9954,0.9570937690315098
6,14,MLP,14,24,1,3,235.9953,0.9633171911793802
6,14,MLP,14,24,1,3,237.0062,0.9649760248092959
6,14,MLP,14,24,1,3,238.0056,0.9687325245668558
6,14,MLP,14,24,1,3,239.0058,0.9656278148064713
6,14,MLP,14,24,1,3,240.0071,0.9340041350511652
6,14,MLP,14,24,1,3,240.9955,0.9593251675746449
6,14,MLP,14,24,1,3,241.9959,0.9461533546209123
6,14,MLP,14,24,1,3,242.9959,0.9623842368727299
6,14,MLP,14,24,1,3,243.9962,0.9050952553839913
6,14,MLP,14,24,1,3,244.996,0.9145363937453765
6,14,MLP,14,24,1,3,246.0052,0.8542833833637221
6,14,MLP,14,24,1,3,247.0047,0.946927581814023
6,14,MLP,14,24,1,3,248.005,0.9145967262696797
6,14,MLP,14,24,1,3,249.0054,0.8982299274912842
6,14,MLP,14,24,1,3,250.0056,0.8989467286840066
6,14,MLP,14,27,0,0,0.0110925,0.006410115399388578
6,14,MLP,14,27,0,0,1.01893,0.005363479674802613
6,14,MLP,14,27,0,0,2.009226,0.0074668363559315795
6,14,MLP,14,27,0,0,3.010703,0.001330886226643168
6,14,MLP,14,27,0,0,4.012049,0.00024307590163628428
6,14,MLP,14,27,0,0,5.011549,5.603395621196853e-05
6,14,MLP,14,27,0,0,6.011959,2.236884466063362e-05
6,14,MLP,14,27,0,0,7.011798,2.3659349405785712e-05
6,14,MLP,14,27,0,0,8.013364,3.6283110469705586e-05
6,14,MLP,14,27,0,0,9.012961,8.580306900727145e-05
6,14,MLP,14,27,0,0,10.0135,0.00012393909453132135
6,14,MLP,14,27,0,0,11.01286,0.00012015881359995027
6,14,MLP,14,27,0,0,12.01302,0.0005571705188428258
6,14,MLP,14,27,0,0,13.01301,0.019782585908210422
6,14,MLP,14,27,0,0,14.01287,0.016735590201609033
6,14,MLP,14,27,0,0,15.01381,0.007431503840171298
6,14,MLP,14,27,0,0,16.01416,0.005867128789434277
6,14,MLP,14,27,0,0,17.01406,0.006552635880886076
6,14,MLP,14,27,0,0,18.01282,0.006299721332900421
6,14,MLP,14,27,0,0,19.01204,0.0037930268290672212
6,14,MLP,14,27,0,0,20.01213,0.00324352796747435
6,14,MLP,14,27,0,0,21.01253,0.17419722800049897
6,14,MLP,14,27,0,0,22.01254,0.034044008740311896
6,14,MLP,14,27,0,0,23.01226,0.043277699383330474
6,14,MLP,14,27,0,0,24.01391,0.02323658582199887
6,14,MLP,14,27,0,0,25.01341,0.01699589777082111
6,14,MLP,14,27,0,0,26.01408,0.01640128833813253
6,14,MLP,14,27,0,0,27.01375,0.016286294849321044
6,14,MLP,14,27,0,0,28.01477,0.05339547205186562
6,14,MLP,14,27,0,0,29.01468,0.0900707368582687
6,14,MLP,14,27,0,0,30.01326,0.07614742781266566
6,14,MLP,14,27,0,0,31.01198,0.04676657969186048
6,14,MLP,14,27,0,0,32.01356,0.1610996082119695
6,14,MLP,14,27,0,0,33.01426,0.30342749788159723
6,14,MLP,14,27,0,0,34.01423,0.2512425290989368
6,14,MLP,14,27,0,0,35.01481,0.21456127871794392
6,14,MLP,14,27,0,0,36.01467,0.10557312084472877
6,14,MLP,14,27,0,0,37.01414,0.08746529359124772
6,14,MLP,14,27,0,0,38.0146,0.1196652868427499
6,14,MLP,14,27,0,0,39.01488,0.5580801805433486
6,14,MLP,14,27,0,0,40.01426,0.4159157770765532
6,14,MLP,14,27,0,0,41.01546,0.5247020402220547
6,14,MLP,14,27,0,0,42.01442,0.40256326090676786
6,14,MLP,14,27,0,0,43.01394,0.26001293860710034
6,14,MLP,14,27,0,0,44.01429,0.24410105462071247
6,14,MLP,14,27,0,0,45.01337,0.21002635807716105
6,14,MLP,14,27,0,0,46.01431,0.3570731329089503
6,14,MLP,14,27,0,0,47.01359,0.20412200858369187
6,14,MLP,14,27,0,0,48.01471,0.22773883506819478
6,14,MLP,14,27,0,0,49.01568,0.12293793321095535
6,14,MLP,14,27,0,0,50.01482,0.11385361423455599
6,14,MLP,14,27,0,0,51.01583,0.11841692585629578
6,14,MLP,14,27,0,0,52.01593,0.48336426107205993
6,14,MLP,14,27,0,0,53.0158,0.4592487283106042
6,14,MLP,14,27,0,0,54.0154,0.3059104869728795
6,14,MLP,14,27,0,0,55.01407,0.23419458333805404
6,14,MLP,14,27,0,0,56.01479,0.4521181638687536
6,14,MLP,14,27,0,0,57.0152,0.5016822879346247
6,14,MLP,14,27,0,0,58.01595,0.5343465936735236
6,14,MLP,14,27,0,0,59.01684,0.5437933153878184
6,14,MLP,14,27,0,0,60.01731,0.5158696380266118
6,14,MLP,14,27,0,0,61.01645,0.40032626358368767
6,14,MLP,14,27,0,0,62.01598,0.3398049577513708
6,14,MLP,14,27,0,0,63.01549,0.3157667929240344
6,14,MLP,14,27,0,0,64.01623,0.5679396878120488
6,14,MLP,14,27,0,0,65.01556,0.8372900263173562
6,14,MLP,14,27,0,0,66.01579,0.8008769259404771
6,14,MLP,14,27,0,0,67.01708,0.7489737301323077
6,14,MLP,14,27,0,0,68.01788,0.7719493146588312
6,14,MLP,14,27,0,0,69.01695,0.6419286092632115
6,14,MLP,14,27,0,0,70.01685,0.6740095741806503
6,14,MLP,14,27,0,0,71.01693,0.5998949716380287
6,14,MLP,14,27,0,0,72.01638,0.5829330142796452
6,14,MLP,14,27,0,0,73.01495,0.5576013750848512
6,14,MLP,14,27,0,0,74.01651,0.5680533740202179
6,14,MLP,14,27,0,0,75.01495,0.6195152659072369
6,14,MLP,14,27,0,0,76.01586,0.338037123225255
6,14,MLP,14,27,0,0,77.01755,0.5835795672845195
6,14,MLP,14,27,0,0,78.01757,0.42403098036606435
6,14,MLP,14,27,0,0,79.01694,0.5892463174622129
6,14,MLP,14,27,0,0,80.01778,0.6277421383471682
6,14,MLP,14,27,0,0,81.01844,0.5488998018125123
6,14,MLP,14,27,0,0,82.01799,0.651463222760244
6,14,MLP,14,27,0,0,83.01645,0.5586235451200087
6,14,MLP,14,27,0,0,84.01694,0.5418815211286343
6,14,MLP,14,27,0,0,85.01832,0.6605314916478906
6,14,MLP,14,27,0,0,86.01842,0.6164745185441967
6,14,MLP,14,27,0,0,87.01836,0.3915161125299467
6,14,MLP,14,27,0,0,88.01799,0.38169082657609327
6,14,MLP,14,27,1,3,89.01899,0.7054102311790272
6,14,MLP,14,27,1,3,90.0183,0.769321328555297
6,14,MLP,14,27,1,3,91.0181,0.6853750915613017
6,14,MLP,14,27,1,3,92.01809,0.6292271148028751
6,14,MLP,14,27,1,3,93.01811,0.6135310527213752
6,14,MLP,14,27,1,3,94.01764,0.6752223389701391
6,14,MLP,14,27,1,3,95.01756,0.7663777209247455
6,14,MLP,14,27,1,3,96.01851,0.7079515806434563
6,14,MLP,14,27,1,3,97.01912,0.5918756569179511
6,14,MLP,14,27,1,3,98.01918,0.45785092375962005
6,14,MLP,14,27,1,3,99.01951,0.505970780761325
6,14,MLP,14,27,1,3,100.0196,0.5781326502759266
6,14,MLP,14,27,1,3,101.0185,0.5768709232264075
6,14,MLP,14,27,1,3,102.0171,0.771289352791109
6,14,MLP,14,27,1,3,103.0192,0.6496114750838495
6,14,MLP,14,27,1,3,104.0182,0.7542423005614932
6,14,MLP,14,27,1,3,105.0207,0.8301195031986428
6,14,MLP,14,27,1,3,106.02,0.6957434600464995
6,14,MLP,14,27,1,3,107.0095,0.6705611796396126
6,14,MLP,14,27,1,3,108.0191,0.5028803578527672
6,14,MLP,14,27,1,3,109.0198,0.765844754628522
6,14,MLP,14,27,1,3,110.0191,0.7965196252240676
6,14,MLP,14,27,1,3,111.0197,0.6679078216484542
6,14,MLP,14,27,1,3,112.0089,0.6505119155844336
6,14,MLP,14,27,1,3,113.0193,0.6654133307322346
6,14,MLP,14,27,1,3,114.0192,0.6847564069357355
6,14,MLP,14,27,1,3,115.0193,0.7559506765009564
6,14,MLP,14,27,0,0,116.0173,0.8601230574491253
6,14,MLP,14,27,0,0,117.0192,0.6926217433001308
6,14,MLP,14,27,0,0,118.0198,0.7167458123206064
6,14,MLP,14,27,0,0,119.0096,0.7108604631397493
6,14,MLP,14,27,0,0,120.0098,0.768868735042747
6,14,MLP,14,27,0,0,121.0107,0.8172657796363999
6,14,MLP,14,27,0,0,122.009,0.8500810261241816
6,14,MLP,14,27,0,0,123.018,0.7711832764894205
6,14,MLP,14,27,0,0,124.009,0.8314312071522926
6,14,MLP,14,27,0,0,125.0098,0.7729248946877685
6,14,MLP,14,27,0,0,126.0095,0.6935671088118507
6,14,MLP,14,27,0,0,127.0099,0.7306863073200209
6,14,MLP,14,27,0,0,128.0105,0.7696887741724515
6,14,MLP,14,27,0,0,129.0213,0.9356416442087359
6,14,MLP,14,27,0,0,130.0093,0.9458058301573922
6,14,MLP,14,27,0,0,131.0209,0.6665925570715898
6,14,MLP,14,27,0,0,132.0093,0.7180991563350928
6,14,MLP,14,27,0,0,133.009,0.6906648630427064
6,14,MLP,14,27,0,0,134.0183,0.7965208291671262
6,14,MLP,14,27,1,2,135.0096,0.7011841200754276
6,14,MLP,14,27,1,2,136.0103,0.8012597233852439
6,14,MLP,14,27,1,2,137.0105,0.7903582162236162
6,14,MLP,14,27,1,2,138.0104,0.785423714460044
6,14,MLP,14,27,1,2,139.0104,0.7475901233135661
6,14,MLP,14,27,1,2,140.019,0.8699848047128447
6,14,MLP,14,27,1,2,141.0098,0.8463793401600669
6,14,MLP,14,27,1,2,142.0099,0.8615234666649773
6,14,MLP,14,27,1,2,143.0113,0.8862574483595581
6,14,MLP,14,27,1,2,144.0116,0.8393886629385766
6,14,MLP,14,27,1,2,145.0109,0.9135588304634947
6,14,MLP,14,27,1,2,146.0108,0.903952804032976
6,14,MLP,14,27,1,2,147.0107,0.8509390929824662
6,14,MLP,14,27,1,2,148.0109,0.8378915185268803
6,14,MLP,14,27,1,2,149.0112,0.9467689866865134
6,14,MLP,14,27,1,2,150.0111,0.8943382875240414
6,14,MLP,14,27,1,2,151.0102,0.9242569203755235
6,14,MLP,14,27,1,2,152.0108,0.9199267156999897
6,14,MLP,14,27,1,2,153.0114,0.9012961096408055
6,14,MLP,14,27,1,2,154.0109,0.9128864271734061
6,14,MLP,14,27,1,2,155.0107,0.9302982638620164
6,14,MLP,14,27,1,2,156.0103,0.9676478907610054
6,14,MLP,14,27,1,2,157.0111,0.97865171473603
6,14,MLP,14,27,1,2,158.0107,0.976841043863578
6,14,MLP,14,27,1,2,159.0117,0.9545020204802593
6,14,MLP,14,27,1,2,160.0122,0.9525697738868977
6,14,MLP,14,27,1,2,161.0119,0.9380920068698887
6,14,MLP,14,27,1,2,162.011,0.9262091690311507
6,14,MLP,14,27,1,2,163.0109,0.9336334158436951
6,14,MLP,14,27,1,2,164.0102,0.9475716448381827
6,14,MLP,14,27,1,2,165.0107,0.8912495925048973
6,14,MLP,14,27,1,2,166.01,0.8941291653628773
6,14,MLP,14,27,1,2,167.011,0.8454805821397601
6,14,MLP,14,27,1,2,168.0117,0.8225204645057668
6,14,MLP,14,27,1,2,169.0114,0.7887187410109026
6,14,MLP,14,27,1,2,170.0124,0.89261440386927
6,14,MLP,14,27,1,2,171.0132,0.9630473138950189
6,14,MLP,14,27,1,2,172.0111,0.8869291498882423
6,14,MLP,14,27,1,2,173.0098,0.8697569526595937
6,14,MLP,14,27,1,2,174.0115,0.9125195277044899
6,14,MLP,14,27,1,2,175.0128,0.9168374262327793
6,14,MLP,14,27,1,2,176.0125,0.8111382896170298
6,14,MLP,14,27,1,2,177.0113,0.8527633094088072
6,14,MLP,14,27,1,2,178.0124,0.8127053633823865
6,14,MLP,14,27,1,2,179.0121,0.8808262813988871
6,14,MLP,14,27,1,2,180.0115,0.9120472466254291
6,14,MLP,14,27,1,2,181.0128,0.8913533063836409
6,14,MLP,14,27,1,2,182.0121,0.8785087797263729
6,14,MLP,14,27,1,2,183.0128,0.8648554659543595
6,14,MLP,14,27,1,2,184.0131,0.794471748847246
6,14,MLP,14,27,1,2,185.0134,0.7330255622021666
6,14,MLP,14,27,1,2,186.0142,0.7324712772357806
6,14,MLP,14,27,1,2,187.0148,0.7056278850994666
6,14,MLP,14,27,1,2,188.013,0.7291953283624766
6,14,MLP,14,27,1,2,189.0133,0.8897756606994934
6,14,MLP,14,27,1,2,190.0127,0.9514683677175874
6,14,MLP,14,27,1,2,191.0129,0.8846377795818058
6,14,MLP,14,27,1,2,192.0126,0.7324136098774888
6,14,MLP,14,27,1,2,193.0123,0.7776014761237564
6,14,MLP,14,27,1,2,194.0129,0.8832615802522442
6,14,MLP,14,27,0,0,195.0138,0.8204630347627786
6,14,MLP,14,27,0,0,196.0139,0.7966197674428095
6,14,MLP,14,27,0,0,197.014,0.7675996657716225
6,14,MLP,14,27,0,0,198.0153,0.7516241080211119
6,14,MLP,14,27,0,0,199.0154,0.8401898820591833
6,14,MLP,14,27,0,0,200.0137,0.8415080832918372
6,14,MLP,14,27,0,0,201.0133,0.8852775830069984
6,14,MLP,14,27,0,0,202.014,0.9185508566791772
6,14,MLP,14,27,0,0,203.0149,0.9103023499755422
6,14,MLP,14,27,0,0,204.0157,0.95709087075423
6,14,MLP,14,27,0,0,205.0156,0.919313111048771
6,14,MLP,14,27,0,0,206.0157,0.8965739598960504
6,14,MLP,14,27,0,0,207.0146,0.9132600512418366
6,14,MLP,14,27,0,0,208.0148,0.9306370003218731
6,14,MLP,14,27,0,0,209.0162,0.8483340157432793
6,14,MLP,14,27,0,0,210.0147,0.8706641951663806
6,14,MLP,14,27,0,0,211.0141,0.892157064325059
6,14,MLP,14,27,0,0,212.0139,0.9176377422061277
6,14,MLP,14,27,0,0,213.0145,0.9295960829489573
6,14,MLP,14,27,0,0,214.0139,0.9310141438909673
6,14,MLP,14,27,0,0,215.0152,0.8829986402780867
6,14,MLP,14,27,0,0,216.0154,0.9215585952335675
6,14,MLP,14,27,0,0,217.0155,0.9274512787461272
6,14,MLP,14,27,0,0,218.0154,0.9533309179266395
6,14,MLP,14,27,0,0,219.0161,0.9697396341089497
6,14,MLP,14,27,0,0,220.0133,0.9289780486839885
6,14,MLP,14,27,0,0,221.0157,0.9130863861004194
6,14,MLP,14,27,0,0,222.016,0.8905826647132349
6,14,MLP,14,27,0,0,223.0163,0.772550395628616
6,14,MLP,14,27,0,0,224.0161,0.8058171990914743
6,14,MLP,14,27,0,0,225.0156,0.8981931251833322
6,14,MLP,14,27,0,0,226.0158,0.9307459205826988
6,14,MLP,14,27,0,0,227.0152,0.9658121141123331
6,14,MLP,14,27,0,0,228.0145,0.849460792790889
6,14,MLP,14,27,0,0,229.0143,0.8632726983548706
6,14,MLP,14,27,0,0,230.015,0.8424630591654612
6,14,MLP,14,27,0,0,231.0147,0.8710166349786823
6,14,MLP,14,27,0,0,232.0167,0.8826452771366823
6,14,MLP,14,27,0,0,233.0171,0.8835201387692562
6,14,MLP,14,27,0,0,234.0177,0.8855439293889189
6,14,MLP,14,27,0,0,235.0167,0.8224090800941042
6,14,MLP,14,27,0,0,236.0168,0.9403051811105839
6,14,MLP,14,27,0,0,237.0172,0.9307300052724573
6,14,MLP,14,27,0,0,238.0165,0.8657280799741823
6,14,MLP,14,27,0,0,239.0155,0.9212225287508753
6,14,MLP,14,27,0,0,240.0154,0.9222304885046433
6,14,MLP,14,27,0,0,241.0162,0.9237780034825235
6,14,MLP,14,27,0,0,242.0153,0.9527405723889746
6,14,MLP,14,27,0,0,243.0169,0.9110074554646019
6,14,MLP,14,27,0,0,244.017,0.8839459227977444
6,14,MLP,14,27,0,0,245.0175,0.8872411927983039
6,14,MLP,14,27,0,0,246.0175,0.7964532010962164
6,14,MLP,14,27,0,0,247.0189,0.9167992003545435
6,14,MLP,14,27,0,0,248.0175,0.8959012007371875
6,14,MLP,14,27,0,0,249.0157,0.9548814750333106
6,14,MLP,14,27,0,0,250.0172,0.9698680624220044
6,14,MLP,14,27,0,0,251.0182,0.9706937333176286
6,14,MLP,14,27,0,0,252.019,0.9155544479435292
6,14,MLP,14,27,0,0,253.0187,0.9074198205600369
6,14,MLP,14,27,0,0,254.0191,0.8344705188957969
6,14,MLP,14,27,0,0,255.0179,0.9469170436146533
6,14,MLP,14,27,0,0,256.0189,0.8301949871488067
6,14,MLP,14,27,0,0,257.0168,0.9276776739011
6,14,MLP,14,27,0,0,258.0172,0.9424020699821907
6,14,MLP,14,27,0,0,259.0182,0.9519799215361939
6,14,MLP,14,27,0,0,260.0174,0.9405621799302232
6,14,MLP,14,27,0,0,261.0188,0.8722778709314148
6,14,MLP,14,27,0,0,262.0185,0.9209594571275572
6,14,MLP,14,27,0,0,263.0108,0.8957591106262681
6,14,MLP,14,27,0,0,264.0196,0.9395068257743391
6,14,MLP,14,27,0,0,265.0177,0.9585537283551493
6,14,MLP,14,27,0,0,266.017,0.9160435645249461
6,14,MLP,14,27,0,0,267.0185,0.9341581827179242
6,14,MLP,14,27,0,0,268.0191,0.920116355272598
6,14,MLP,14,27,0,0,269.0094,0.7620427034365405
6,14,MLP,14,27,0,0,270.0097,0.7174647857401156
6,14,MLP,14,27,0,0,271.0201,0.7939524043600471
6,14,MLP,14,27,0,0,272.0097,0.896085323823242
6,14,MLP,14,27,0,0,273.0197,0.9267032857666043
6,14,MLP,14,27,0,0,274.0097,0.7830500718999147
6,14,MLP,14,27,0,0,275.0197,0.8398404215709349
6,14,MLP,14,27,0,0,276.0195,0.7949630920041532
6,14,MLP,14,27,1,1,277.0191,0.8095444141515075
6,14,MLP,14,27,1,1,278.0207,0.8376701009473315
6,14,MLP,14,27,1,1,279.0197,0.7844100451089607
6,14,MLP,14,27,1,1,280.0204,0.8349759209307681
6,14,MLP,14,27,1,1,281.0213,0.839481767410302
6,14,MLP,14,27,1,1,282.0106,0.7825811232268888
6,14,MLP,14,27,1,1,283.0107,0.8410198370645818
6,14,MLP,14,27,1,1,284.0201,0.8064622484253516
6,14,MLP,14,27,1,1,285.0201,0.9476371833394894
6,14,MLP,14,27,1,1,286.0099,0.9084105659943111
6,14,MLP,14,27,1,1,287.02,0.9411153172991359
6,14,MLP,14,27,1,1,288.01,0.9853949877971402
6,14,MLP,14,27,1,1,289.011,0.9384797545268285
6,14,MLP,14,27,1,1,290.011,0.9107315875192585
6,14,MLP,14,27,1,1,291.0101,0.8347305461543002
6,14,MLP,14,27,1,1,292.011,0.9416746604082914
6,14,MLP,14,27,1,1,293.0103,0.9377753546201802
6,14,MLP,14,27,1,1,294.011,0.8539500586430134
6,14,MLP,14,27,1,1,295.0106,0.8472392649940714
6,14,MLP,14,27,1,1,296.0206,0.8583301695067381
6,14,MLP,14,27,1,1,297.0204,0.8806777235167302
6,14,MLP,14,27,1,1,298.0102,0.8347310568147392
6,14,MLP,14,27,1,1,299.0202,0.896625328511767
6,14,MLP,14,27,1,1,300.0211,0.8312533255909426
6,14,MLP,14,27,1,1,301.0101,0.8703956481885513
6,14,MLP,14,28,0,0,0.0111128,0.0042644537569551805
6,14,MLP,14,28,0,0,1.009833,0.010625168769736218
6,14,MLP,14,28,0,0,2.010395,0.008622956161928983
6,14,MLP,14,28,0,0,3.011393,0.0056472981776648406
6,14,MLP,14,28,0,0,4.0115,0.0030336091547824386
6,14,MLP,14,28,0,0,5.012748,0.00026894280038310397
6,14,MLP,14,28,0,0,6.014083,6.118750680763985e-05
6,14,MLP,14,28,0,0,7.013341,2.9346900271943826e-05
6,14,MLP,14,28,0,0,8.015121,2.0820484471028826e-05
6,14,MLP,14,28,0,0,9.014697,9.753144590664329e-05
6,14,MLP,14,28,0,0,10.01435,0.00032135369355072745
6,14,MLP,14,28,0,0,11.0154,0.00020334308937635046
6,14,MLP,14,28,0,0,12.0133,0.00027944013424184485
6,14,MLP,14,28,0,0,13.01444,0.0008817027626551585
6,14,MLP,14,28,0,0,14.01499,0.016368783582950856
6,14,MLP,14,28,0,0,15.01424,0.1084498515655031
6,14,MLP,14,28,0,0,16.01418,0.14156211000837218
6,14,MLP,14,28,0,0,17.01338,0.16279459849885938
6,14,MLP,14,28,0,0,18.01521,0.15516369622879095
6,14,MLP,14,28,0,0,19.01558,0.19530421536428147
6,14,MLP,14,28,0,0,20.01401,0.11037000159372852
6,14,MLP,14,28,0,0,21.01581,0.11656027395735777
6,14,MLP,14,28,0,0,22.01543,0.0687090794700642
6,14,MLP,14,28,0,0,23.01588,0.10019964771908142
6,14,MLP,14,28,0,0,24.01619,0.0670796307477826
6,14,MLP,14,28,0,0,25.01628,0.15695294739581606
6,14,MLP,14,28,0,0,26.0155,0.11423639343535807
6,14,MLP,14,28,0,0,27.01602,0.08368127449669703
6,14,MLP,14,28,0,0,28.01654,0.07486670043659557
6,14,MLP,14,28,0,0,29.01629,0.04504211862440152
6,14,MLP,14,28,0,0,30.01612,0.09115383123028029
6,14,MLP,14,28,0,0,31.01567,0.03523481323520801
6,14,MLP,14,28,0,0,32.01504,0.09754052170727599
6,14,MLP,14,28,0,0,33.01624,0.08117422598708748
6,14,MLP,14,28,0,0,34.0147,0.03211470643457144
6,14,MLP,14,28,0,0,35.01396,0.042561769945849336
6,14,MLP,14,28,0,0,36.01606,0.049453179844443376
6,14,MLP,14,28,0,0,37.01563,0.05180586100700341
6,14,MLP,14,28,0,0,38.01526,0.10201499063645142
6,14,MLP,14,28,0,0,39.01506,0.19481753090597895
6,14,MLP,14,28,0,0,40.0174,0.09363545738234959
6,14,MLP,14,28,0,0,41.01774,0.18749855805429935
6,14,MLP,14,28,0,0,42.01627,0.2021346375562058
6,14,MLP,14,28,0,0,43.01559,0.33644997067021165
6,14,MLP,14,28,0,0,44.01618,0.22606795218579
6,14,MLP,14,28,0,0,45.01551,0.2166236505670925
6,14,MLP,14,28,0,0,46.01629,0.1699959363434221
6,14,MLP,14,28,0,0,47.01807,0.1129614943459704
6,14,MLP,14,28,0,0,48.01582,0.13319758565576525
6,14,MLP,14,28,0,0,49.01778,0.09496359313927885
6,14,MLP,14,28,0,0,50.01649,0.0970834403165129
6,14,MLP,14,28,0,0,51.01685,0.12978957241667774
6,14,MLP,14,28,0,0,52.01536,0.10959500498670798
6,14,MLP,14,28,0,0,53.01762,0.07255195316785527
6,14,MLP,14,28,0,0,54.01741,0.14172532814316577
6,14,MLP,14,28,0,0,55.01841,0.11056125777105487
6,14,MLP,14,28,0,0,56.01595,0.11224921366445553
6,14,MLP,14,28,0,0,57.01751,0.23288029862835785
6,14,MLP,14,28,0,0,58.01589,0.10179251474075231
6,14,MLP,14,28,0,0,59.01643,0.1489078940667762
6,14,MLP,14,28,0,0,60.01655,0.11920190127956647
6,14,MLP,14,28,0,0,61.01838,0.07918052576320514
6,14,MLP,14,28,0,0,62.01884,0.12705007437335203
6,14,MLP,14,28,0,0,63.01641,0.3105186836798095
6,14,MLP,14,28,0,0,64.0168,0.14949702275590926
6,14,MLP,14,28,0,0,65.01732,0.3352699627855595
6,14,MLP,14,28,0,0,66.01808,0.4676891659724211
6,14,MLP,14,28,0,0,67.01823,0.5269940629716824
6,14,MLP,14,28,0,0,68.01816,0.6668513322495064
6,14,MLP,14,28,0,0,69.01759,0.7331632863670748
6,14,MLP,14,28,0,0,70.01744,0.8012878285355842
6,14,MLP,14,28,0,0,71.01709,0.8194354238293908
6,14,MLP,14,28,0,0,72.01596,0.7930838438309081
6,14,MLP,14,28,0,0,73.01692,0.8294185895712795
6,14,MLP,14,28,0,0,74.0185,0.7756176986183001
6,14,MLP,14,28,0,0,75.01855,0.6969905839717179
6,14,MLP,14,28,0,0,76.01823,0.7833830496262438
6,14,MLP,14,28,0,0,77.01774,0.7416481917507054
6,14,MLP,14,28,0,0,78.01897,0.7630662833781348
6,14,MLP,14,28,0,0,79.01764,0.5892937735065129
6,14,MLP,14,28,0,0,80.01952,0.5709474314856962
6,14,MLP,14,28,0,0,81.01741,0.5428178362962542
6,14,MLP,14,28,0,0,82.01808,0.5255766566186882
6,14,MLP,14,28,0,0,83.01849,0.734343656594215
6,14,MLP,14,28,0,0,84.01945,0.7024774029138467
6,14,MLP,14,28,0,0,85.01937,0.6636574853913669
6,14,MLP,14,28,0,0,86.01777,0.6479593471437903
6,14,MLP,14,28,0,0,87.0088,0.6794775017650249
6,14,MLP,14,28,0,0,88.00897,0.6494118648003502
6,14,MLP,14,28,0,0,89.00903,0.642194195036794
6,14,MLP,14,28,0,0,90.00906,0.6892554240698937
6,14,MLP,14,28,0,0,91.01865,0.6978375398707314
6,14,MLP,14,28,0,0,92.00906,0.6133782610178073
6,14,MLP,14,28,0,0,93.01897,0.6430916126960612
6,14,MLP,14,28,0,0,94.01846,0.6620348347951739
6,14,MLP,14,28,0,0,95.01842,0.7164663929109696
6,14,MLP,14,28,0,0,96.01799,0.7628235202425664
6,14,MLP,14,28,0,0,97.01869,0.7252342941825826
6,14,MLP,14,28,0,0,98.02034,0.8492203066324386
6,14,MLP,14,28,0,0,99.00938,0.8734153383159534
6,14,MLP,14,28,0,0,100.0092,0.8405579993776646
6,14,MLP,14,28,0,0,101.0099,0.8140720983130546
6,14,MLP,14,28,0,0,102.0094,0.7415654290391688
6,14,MLP,14,28,0,0,103.0204,0.676822904539886
6,14,MLP,14,28,0,0,104.0199,0.5924857645446681
6,14,MLP,14,28,0,0,105.0094,0.7211450674801173
6,14,MLP,14,28,0,0,106.0093,0.7094405038584445
6,14,MLP,14,28,0,0,107.0091,0.6780818547967743
6,14,MLP,14,28,0,0,108.0092,0.6620108847785197
6,14,MLP,14,28,0,0,109.0197,0.8217216027621298
6,14,MLP,14,28,0,0,110.0095,0.6806800992075056
6,14,MLP,14,28,0,0,111.01,0.7853364657001579
6,14,MLP,14,28,0,0,112.0107,0.7793355094141758
6,14,MLP,14,28,0,0,113.0104,0.813734012177213
6,14,MLP,14,28,0,0,114.0103,0.8138865681847828
6,14,MLP,14,28,0,0,115.0095,0.8550118235038906
6,14,MLP,14,28,0,0,116.01,0.8489629035553249
6,14,MLP,14,28,0,0,117.0105,0.8606926583523221
6,14,MLP,14,28,0,0,118.0109,0.8590706798483999
6,14,MLP,14,28,0,0,119.012,0.8546339154190467
6,14,MLP,14,28,0,0,120.0113,0.8521763370662351
6,14,MLP,14,28,0,0,121.0113,0.8531052968194753
6,14,MLP,14,28,0,0,122.0116,0.8697060540402539
6,14,MLP,14,28,0,0,123.0119,0.8861019035418601
6,14,MLP,14,28,0,0,124.0118,0.8525491355743948
6,14,MLP,14,28,0,0,125.0108,0.9057189041129449
6,14,MLP,14,28,0,0,126.011,0.8952387821433198
6,14,MLP,14,28,0,0,127.0124,0.8419468796737976
6,14,MLP,14,28,0,0,128.0108,0.8579873048052845
6,14,MLP,14,28,0,0,129.0105,0.8750293772073499
6,14,MLP,14,28,0,0,130.0117,0.8646724735380367
6,14,MLP,14,28,0,0,131.0111,0.8637425040616182
6,14,MLP,14,28,0,0,132.0108,0.8785967196376605
6,14,MLP,14,28,0,0,133.0106,0.8596368706312186
6,14,MLP,14,28,0,0,134.0097,0.8607035127694658
6,14,MLP,14,28,0,0,135.0104,0.8769939937939246
6,14,MLP,14,28,0,0,136.0105,0.8477202592678734
6,14,MLP,14,28,0,0,137.011,0.5688641155175402
6,14,MLP,14,28,0,0,138.0112,0.8985700113501763
6,14,MLP,14,28,0,0,139.0102,0.7313230424069683
6,14,MLP,14,28,0,0,140.0111,0.7735031518538262
6,14,MLP,14,28,0,0,141.0099,0.8069301850777925
6,14,MLP,14,28,0,0,142.0102,0.8233400332716935
6,14,MLP,14,28,0,0,143.0106,0.8100122838880139
6,14,MLP,14,28,0,0,144.012,0.8595447322878843
6,14,MLP,14,28,0,0,145.0106,0.8471338225708579
6,14,MLP,14,28,0,0,146.012,0.8388930326278407
6,14,MLP,14,28,0,0,147.0115,0.835941930683655
6,14,MLP,14,28,0,0,148.0123,0.7857289918776181
6,14,MLP,14,28,0,0,149.012,0.7766238580182588
6,14,MLP,14,28,0,0,150.0118,0.7740751607168256
6,14,MLP,14,28,0,0,151.0124,0.8606776418621922
6,14,MLP,14,28,0,0,152.0128,0.8294568102161693
6,14,MLP,14,28,0,0,153.0126,0.7908285156869019
6,14,MLP,14,28,0,0,154.0121,0.8473533377240385
6,14,MLP,14,28,0,0,155.012,0.873952601955148
6,14,MLP,14,28,0,0,156.0126,0.8781268498312077
6,14,MLP,14,28,0,0,157.013,0.8679990034613373
6,14,MLP,14,28,0,0,158.0121,0.8825368791068361
6,14,MLP,14,28,0,0,159.0126,0.9000832423078726
6,14,MLP,14,28,0,0,160.0124,0.8948811883065831
6,14,MLP,14,28,0,0,161.0119,0.8983888943093188
6,14,MLP,14,28,0,0,162.013,0.9480717730588459
6,14,MLP,14,28,0,0,163.0129,0.899152104398586
6,14,MLP,14,28,0,0,164.0133,0.9343822620446159
6,14,MLP,14,28,0,0,165.0129,0.8975093783894207
6,14,MLP,14,28,0,0,166.0124,0.8619082695245409
6,14,MLP,14,28,0,0,167.0136,0.8824252893148391
6,14,MLP,14,28,0,0,168.0131,0.9094079333498798
6,14,MLP,14,28,0,0,169.0124,0.8987737978625019
6,14,MLP,14,28,0,0,170.0131,0.8395017268101778
6,14,MLP,14,28,0,0,171.0138,0.8333364998122352
6,14,MLP,14,28,0,0,172.0135,0.7786595824744096
6,14,MLP,14,28,0,0,173.014,0.7996784617671675
6,14,MLP,14,28,0,0,174.0137,0.7717576035518013
6,14,MLP,14,28,0,0,175.0137,0.767902972680473
6,14,MLP,14,28,0,0,176.0139,0.7382700461114425
6,14,MLP,14,28,0,0,177.0143,0.6855114023392355
6,14,MLP,14,28,0,0,178.0135,0.6685907881819751
6,14,MLP,14,28,0,0,179.0138,0.6454203031900543
6,14,MLP,14,28,0,0,180.0135,0.5566197869848774
6,14,MLP,14,28,0,0,181.0143,0.5105553016492427
6,14,MLP,14,28,0,0,182.0144,0.4932420289060367
6,14,MLP,14,28,0,0,183.0134,0.4739847103419193
6,14,MLP,14,28,0,0,184.0142,0.5438659521139952
6,14,MLP,14,28,0,0,185.0128,0.5054118344884386
6,14,MLP,14,28,0,0,186.0135,0.48020523490879513
6,14,MLP,14,28,0,0,187.0139,0.4499696600058901
6,14,MLP,14,28,0,0,188.0138,0.37841563300849906
6,14,MLP,14,28,0,0,189.015,0.3277583786284776
6,14,MLP,14,28,0,0,190.0154,0.3086872695058084
6,14,MLP,14,28,0,0,191.0153,0.32815808837580684
6,14,MLP,14,28,0,0,192.015,0.36864526062700076
6,14,MLP,14,28,0,0,193.0144,0.32362761735033
6,14,MLP,14,28,0,0,194.0154,0.3483854722614932
6,14,MLP,14,28,0,0,195.0154,0.35037599666572516
6,14,MLP,14,28,0,0,196.0153,0.3655942375888154
6,14,MLP,14,28,0,0,197.0166,0.35848803261574275
6,14,MLP,14,28,0,0,198.0156,0.40156129021070286
6,14,MLP,14,28,0,0,199.0165,0.33101675305743344
6,14,MLP,14,28,0,0,200.0164,0.3238618704875595
6,14,MLP,14,28,0,0,201.0146,0.33778992352580894
6,14,MLP,14,28,0,0,202.0159,0.34205864100239636
6,14,MLP,14,28,0,0,203.0147,0.2694080417112019
6,14,MLP,14,28,0,0,204.015,0.1895135975970628
6,14,MLP,14,28,0,0,205.0149,0.17710835405495048
6,14,MLP,14,28,0,0,206.0154,0.22485696435731356
6,14,MLP,14,28,0,0,207.0155,0.4009372695011323
6,14,MLP,14,28,0,0,208.0162,0.35422913170955717
6,14,MLP,14,28,0,0,209.0153,0.2442300837884031
6,14,MLP,14,28,0,0,210.0164,0.4667649319211998
6,14,MLP,14,28,0,0,211.0156,0.5313182235037749
6,14,MLP,14,28,0,0,212.0163,0.3752162497888295
6,14,MLP,14,28,0,0,213.0176,0.4911857390528644
6,14,MLP,14,28,0,0,214.0176,0.4504044352249341
6,14,MLP,14,28,0,0,215.0165,0.4449609213361356
6,14,MLP,14,28,0,0,216.0159,0.46110142273296645
6,14,MLP,14,28,0,0,217.0159,0.47283825933822016
6,14,MLP,14,28,0,0,218.0158,0.5568616802294756
6,14,MLP,14,28,0,0,219.0164,0.46776789278796793
6,14,MLP,14,28,0,0,220.0166,0.6071766442410551
6,14,MLP,14,28,0,0,221.016,0.5537000403588859
6,14,MLP,14,28,0,0,222.0175,0.5528018334566688
6,14,MLP,14,28,0,0,223.0178,0.5173612710165434
6,14,MLP,14,28,0,0,224.0176,0.5793013114574169
6,14,MLP,14,28,0,0,225.018,0.5782310791217461
6,14,MLP,14,28,0,0,226.0181,0.6572141500162351
6,14,MLP,14,28,0,0,227.018,0.4158637833519055
6,14,MLP,14,28,0,0,228.0176,0.6034249324996679
6,14,MLP,14,28,0,0,229.0186,0.7297101479863126
6,14,MLP,14,28,0,0,230.0179,0.7482816812174813
6,14,MLP,14,28,0,0,231.0177,0.6047798845617115
6,14,MLP,14,28,0,0,232.0178,0.6526043951194418
6,14,MLP,14,28,0,0,233.018,0.5859059544201195
6,14,MLP,14,28,0,0,234.017,0.6003045448464377
6,14,MLP,14,28,0,0,235.0178,0.761899740310092
6,14,MLP,14,28,0,0,236.0177,0.8073560281981305
6,14,MLP,14,28,0,0,237.0187,0.8221668075433806
6,14,MLP,14,28,0,0,238.0185,0.8636154405708351
6,14,MLP,14,28,0,0,239.0183,0.8007971085787319
6,14,MLP,14,28,0,0,240.0186,0.8020142176103762
6,14,MLP,14,28,0,0,241.0184,0.8609617121734029
6,14,MLP,14,28,0,0,242.0192,0.8720831885780488
6,14,MLP,14,28,0,0,243.018,0.8617092508300375
6,14,MLP,14,28,0,0,244.0168,0.827198977917368
6,14,MLP,14,28,0,0,245.0174,0.8152125462150676
6,14,MLP,14,28,0,0,246.0177,0.8301945482969263
6,14,MLP,14,28,0,0,247.0178,0.7724091851255934
6,14,MLP,14,28,0,0,248.0176,0.8669741932159848
6,14,MLP,14,28,0,0,249.0175,0.889175309307052
6,14,MLP,14,28,0,0,250.0193,0.8449617097296211
6,14,MLP,14,28,0,0,251.0192,0.9211686367348655
6,14,MLP,14,28,0,0,252.0187,0.933949269670084
6,14,MLP,14,28,1,3,253.0184,0.9125808608567012
6,14,MLP,14,28,1,3,254.0191,0.9446968941264572
6,14,MLP,14,28,1,3,255.0188,0.9114503021439182
6,14,MLP,14,28,1,3,256.019,0.9474194723676814
6,14,MLP,14,28,1,3,257.009,0.9215663094815407
6,14,MLP,14,28,1,3,258.009,0.8250297654121959
6,14,MLP,14,28,1,3,259.0089,0.8654249363457884
6,14,MLP,14,28,1,3,260.0201,0.813809053511592
6,14,MLP,14,28,1,3,261.0089,0.8323969576061134
6,14,MLP,14,28,1,3,262.0198,0.8108975026731412
6,14,MLP,14,28,1,3,263.0199,0.821941297108313
6,14,MLP,14,28,1,3,264.0095,0.8128327811766994
6,14,MLP,14,28,1,3,265.0092,0.8017471747980351
6,14,MLP,14,28,1,3,266.0198,0.8317268802774916
6,14,MLP,14,28,1,3,267.02,0.8458725653887507
6,14,MLP,14,28,1,3,268.0094,0.7209783886523438
6,14,MLP,14,28,1,3,269.0094,0.8136243520881985
6,14,MLP,14,28,1,3,270.0103,0.8034563370018333
6,14,MLP,14,28,1,3,271.01,0.8733730094075438
6,14,MLP,14,28,1,3,272.0204,0.8347694350708296
6,14,MLP,14,28,1,3,273.0203,0.8199132489245716
6,14,MLP,14,28,1,3,274.0092,0.8442968520313474
6,14,MLP,14,28,1,3,275.0203,0.7987913466881067
6,14,MLP,14,28,1,3,276.0095,0.7691935844836435
6,14,MLP,14,28,1,3,277.0092,0.7386189287506342
6,14,MLP,14,28,1,3,278.0089,0.6527032247998044
6,14,MLP,14,28,1,3,279.011,0.7429297337814837
6,14,MLP,14,28,1,3,280.0101,0.5317503782737159
6,14,MLP,14,28,1,3,281.0095,0.7299264074090284
6,14,MLP,14,28,1,3,282.0099,0.7064550894574345
6,14,MLP,14,28,1,3,283.0117,0.7017526574224312
6,14,MLP,14,28,1,3,284.0094,0.6912796693669395
6,14,MLP,14,28,1,3,285.0087,0.6893522338445163
6,14,MLP,14,28,1,3,286.0101,0.7508813337617167
6,14,MLP,14,28,1,3,287.0098,0.6489882643199792
6,14,MLP,14,28,1,3,288.0103,0.6098996422533614
6,14,MLP,14,28,1,3,289.0108,0.7503106396132392
6,14,MLP,14,28,1,3,290.0102,0.7622007122471651
6,14,MLP,14,28,1,3,291.0107,0.6905269793923544
6,14,MLP,14,28,1,3,292.0105,0.7677858606292715
6,14,MLP,14,28,1,3,293.0114,0.7862396890512111
6,14,MLP,14,28,1,2,294.0107,0.7268447908477664
6,14,MLP,14,28,1,2,295.0113,0.7198575874961832
6,14,MLP,14,28,1,2,296.0103,0.8000185727890115
6,14,MLP,14,28,1,2,297.0109,0.749355279129615
6,14,MLP,14,28,1,2,298.0119,0.8279060867214769
6,14,MLP,14,28,1,2,299.0108,0.6964998584257973
6,14,MLP,14,28,1,2,300.0102,0.83063616242765
6,14,MLP,14,28,1,2,301.0107,0.8490934080868605
6,14,MLP,6,29,0,0,0.0112192,5.591282085931378e-16
6,14,MLP,6,29,0,0,1.011824,1.1525712217511382e-09
6,14,MLP,6,29,0,0,2.016775,3.9698409548068085e-09
6,14,MLP,6,29,0,0,3.01134,9.046491828862717e-09
6,14,MLP,6,29,0,0,4.016446,2.5542055878049516e-08
6,14,MLP,6,29,0,0,5.010691,4.215043410035715e-08
6,14,MLP,6,29,0,0,6.014781,1.3180190877947412e-07
6,14,MLP,6,29,0,0,7.021184,2.2711479799491284e-07
6,14,MLP,6,29,0,0,8.014297,2.474419488988633e-07
6,14,MLP,6,29,0,0,9.017834,1.819352082862254e-06
6,14,MLP,6,29,0,0,10.0143,9.154414206990636e-07
6,14,MLP,6,29,0,0,11.0198,3.152961775234726e-06
6,14,MLP,6,29,0,0,12.01373,3.997951811264406e-06
6,14,MLP,6,29,0,0,13.01924,4.2125035083821986e-06
6,14,MLP,6,29,0,0,14.01323,7.056964875817046e-06
6,14,MLP,6,29,0,0,15.01874,1.1087127216146855e-05
6,14,MLP,6,29,0,0,16.02178,1.121867050738839e-05
6,14,MLP,6,29,0,0,17.0179,1.380762954204125e-05
6,14,MLP,6,29,0,0,18.01236,1.6198309840096434e-05
6,14,MLP,6,29,0,0,19.01663,2.220296234221752e-05
6,14,MLP,6,29,0,0,20.01117,3.598457675619118e-05
6,14,MLP,6,29,0,0,21.01589,3.5367423948270134e-05
6,14,MLP,6,29,0,0,22.01227,5.8761175996825975e-05
6,14,MLP,6,29,0,0,23.01739,6.497460059484516e-05
6,14,MLP,6,29,0,0,24.01122,7.145434980569908e-05
6,14,MLP,6,29,0,0,25.01702,6.694312619206235e-05
6,14,MLP,6,29,0,0,26.0217,0.00010111790587653783
6,14,MLP,6,29,0,0,27.01569,0.00011019205708930649
6,14,MLP,6,29,0,0,28.02129,0.0001489222155832548
6,14,MLP,6,29,0,0,29.01555,0.0001649716954290184
6,14,MLP,6,29,0,0,30.01976,0.0029746411695256224
6,14,MLP,6,29,0,0,31.01329,0.004651259016153418
6,14,MLP,6,29,0,0,32.02007,0.004521034826696026
6,14,MLP,6,29,0,0,33.01092,0.0040606108849331754
6,14,MLP,6,29,0,0,34.01912,0.006067824195022466
6,14,MLP,6,29,0,0,35.01377,0.006625639986322117
6,14,MLP,6,29,0,0,36.01718,0.015290164852667754
6,14,MLP,6,29,0,0,37.01274,0.006145853523990519
6,14,MLP,6,29,0,0,38.01831,0.008246789784150834
6,14,MLP,6,29,0,0,39.01217,0.011037440255337708
6,14,MLP,6,29,0,0,40.01754,0.007123943276736751
6,14,MLP,6,29,0,0,41.01052,0.007490022524810503
6,14,MLP,6,29,0,0,42.01724,0.011180388690469004
6,14,MLP,6,29,0,0,43.02027,0.01051659729537239
6,14,MLP,6,29,0,0,44.01577,0.011942567720839101
6,14,MLP,6,29,0,0,45.02153,0.008401276494972859
6,14,MLP,6,29,0,0,46.01505,0.011225751691251574
6,14,MLP,6,29,0,0,47.02,0.01131818728791542
6,14,MLP,6,29,0,0,48.01451,0.009338318921926445
6,14,MLP,6,29,0,0,49.02043,0.011416612566068518
6,14,MLP,6,29,0,0,50.01405,0.013304608014343161
6,14,MLP,6,29,0,0,51.02033,0.009469702023269173
6,14,MLP,6,29,0,0,52.01211,0.019175512066159618
6,14,MLP,6,29,0,0,53.01879,0.010588454121341791
6,14,MLP,6,29,0,0,54.01346,0.011732014954683978
6,14,MLP,6,29,0,0,55.01865,0.014768716945976403
6,14,MLP,6,29,0,0,56.0123,0.009986806953475954
6,14,MLP,6,29,0,0,57.01873,0.02459254483294049
6,14,MLP,6,29,0,0,58.01094,0.01758599331542115
6,14,MLP,6,29,0,0,59.01741,0.015516470581504944
6,14,MLP,6,29,0,0,60.01103,0.01889860787462819
6,14,MLP,6,29,0,0,61.01686,0.015401945949884534
6,14,MLP,6,29,0,0,62.02135,0.02159025222325858
6,14,MLP,6,29,0,0,63.01606,0.022489830910372047
6,14,MLP,6,29,0,0,64.01111,0.019840683884889906
6,14,MLP,6,29,0,0,65.01536,0.02090403034603948
6,14,MLP,6,29,0,0,66.01973,0.022192768686324846
6,14,MLP,6,29,0,0,67.01254,0.020476189231786377
6,14,MLP,6,29,0,0,68.02018,0.014149994084911804
6,14,MLP,6,29,0,0,69.01416,0.02493830639973151
6,14,MLP,6,29,0,0,70.02119,0.023002200791841315
6,14,MLP,6,29,0,0,71.01406,0.024540658502747673
6,14,MLP,6,29,0,0,72.01811,0.026610888012980387
6,14,MLP,6,29,0,0,73.01423,0.02259830472884664
6,14,MLP,6,29,0,0,74.01737,0.02482531494000978
6,14,MLP,6,29,0,0,75.01094,0.030373074745055732
6,14,MLP,6,29,0,0,76.0176,0.029098696965095112
6,14,MLP,6,29,0,0,77.02081,0.037103482093181823
6,14,MLP,6,29,0,0,78.01769,0.03286763472995501
6,14,MLP,6,29,0,0,79.01154,0.03623691738274053
6,14,MLP,6,29,0,0,80.01762,0.03170411031370601
6,14,MLP,6,29,0,0,81.01078,0.04117959404711502
6,14,MLP,6,29,0,0,82.01668,0.039270633075113026
6,14,MLP,6,29,0,0,83.01159,0.042502154059652214
6,14,MLP,6,29,0,0,84.0154,0.050409886170396496
6,14,MLP,6,29,0,0,85.0213,0.045414473746668176
6,14,MLP,6,29,0,0,86.01613,0.05561831437924917
6,14,MLP,6,29,0,0,87.02153,0.11689196510630526
6,14,MLP,6,29,0,0,88.01397,0.07671737256055766
6,14,MLP,6,29,0,0,89.02009,0.04517681931796311
6,14,MLP,6,29,0,0,90.0147,0.08046307791933975
6,14,MLP,6,29,0,0,91.01833,0.06132944783973954
6,14,MLP,6,29,0,0,92.01338,0.06420665406645143
6,14,MLP,6,29,0,0,93.01836,0.07626945361955519
6,14,MLP,6,29,0,0,94.01306,0.08367526613265011
6,14,MLP,6,29,0,0,95.01991,0.059836571864875274
6,14,MLP,6,29,0,0,96.01231,0.07452137023283921
6,14,MLP,6,29,0,0,97.01806,0.07117597471568744
6,14,MLP,6,29,0,0,98.01287,0.070175668623244
6,14,MLP,6,29,0,0,99.0177,0.056748767104881546
6,14,MLP,6,29,0,0,100.0129,0.06217658589248015
6,14,MLP,6,29,0,0,101.0174,0.07905995709128996
6,14,MLP,6,29,0,0,102.012,0.06115950819547753
6,14,MLP,6,29,0,0,103.0166,0.070368169231313
6,14,MLP,6,29,0,0,104.0114,0.07250484672672687
6,14,MLP,6,29,0,0,105.016,0.05392143501103269
6,14,MLP,6,29,0,0,106.0215,0.06439948640301131
6,14,MLP,6,29,0,0,107.0152,0.07709244290792401
6,14,MLP,6,29,0,0,108.0193,0.06579543591044985
6,14,MLP,6,29,0,0,109.015,0.06861044921896069
6,14,MLP,6,29,0,0,110.0205,0.06960076879441088
6,14,MLP,6,29,0,0,111.0144,0.06724906666651272
6,14,MLP,6,29,0,0,112.0205,0.07590558455637968
6,14,MLP,6,29,0,0,113.0114,0.11764630139645714
6,14,MLP,6,29,0,0,114.0195,0.06348175875454144
6,14,MLP,6,29,0,0,115.0128,0.06425734163938517
6,14,MLP,6,29,0,0,116.0194,0.09620866428991956
6,14,MLP,6,29,0,0,117.0126,0.0624924708345449
6,14,MLP,6,29,0,0,118.0177,0.0733855297598784
6,14,MLP,6,29,0,0,119.0121,0.07667995065532056
6,14,MLP,6,29,0,0,120.0173,0.25346724195610243
6,14,MLP,6,29,0,0,121.0209,0.2592725442133482
6,14,MLP,6,29,0,0,122.0168,0.3089774918231039
6,14,MLP,6,29,0,0,123.0214,0.3317739907878354
6,14,MLP,6,29,0,0,124.0167,0.38738488485605965
6,14,MLP,6,29,0,0,125.021,0.36292769212815806
6,14,MLP,6,29,0,0,126.0145,0.4338303278186047
6,14,MLP,6,29,0,0,127.0109,0.43464362173375976
6,14,MLP,6,29,0,0,128.0153,0.4640972288108007
6,14,MLP,6,29,0,0,129.0204,0.4563781294994647
6,14,MLP,6,29,0,0,130.0143,0.609004990374487
6,14,MLP,6,29,0,0,131.0208,0.320384513993488
6,14,MLP,6,29,0,0,132.0134,0.29815245038374794
6,14,MLP,6,29,0,0,133.019,0.3150948385954384
6,14,MLP,6,29,0,0,134.0134,0.3123529553303364
6,14,MLP,6,29,0,0,135.0182,0.28365670211161026
6,14,MLP,6,29,0,0,136.0138,0.39819341292823063
6,14,MLP,6,29,0,0,137.0193,0.47267683084677875
6,14,MLP,6,29,0,0,138.0129,0.37492028267299626
6,14,MLP,6,29,0,0,139.018,0.369751370091144
6,14,MLP,6,29,0,0,140.0114,0.4081646719302825
6,14,MLP,6,29,0,0,141.0173,0.5357681925124245
6,14,MLP,6,29,0,0,142.0123,0.36284897016277373
6,14,MLP,6,29,0,0,143.0174,0.4128526372538293
6,14,MLP,6,29,0,0,144.0198,0.3681655595766565
6,14,MLP,6,29,0,0,145.0158,0.3633721904867466
6,14,MLP,6,29,0,0,146.022,0.38505287823321466
6,14,MLP,6,29,0,0,147.0161,0.35147516636438403
6,14,MLP,6,29,0,0,148.0215,0.2384250553372056
6,14,MLP,6,29,0,0,149.0159,0.3512660833372624
6,14,MLP,6,29,0,0,150.0214,0.3255101055986194
6,14,MLP,6,29,0,0,151.0148,0.28934794946025494
6,14,MLP,6,29,0,0,152.0203,0.25985391510789374
6,14,MLP,6,29,0,0,153.015,0.2801576705880076
6,14,MLP,6,29,0,0,154.0197,0.28400243084453186
6,14,MLP,6,29,0,0,155.0137,0.23886465027655227
6,14,MLP,6,29,0,0,156.0195,0.27317778531247905
6,14,MLP,6,29,0,0,157.0139,0.23293004730750577
6,14,MLP,6,29,0,0,158.0179,0.2218386861124823
6,14,MLP,6,29,0,0,159.0134,0.16619898702150754
6,14,MLP,6,29,0,0,160.0171,0.17699516347413405
6,14,MLP,6,29,0,0,161.0113,0.12773900143577713
6,14,MLP,6,29,0,0,162.0164,0.1778639370963879
6,14,MLP,6,29,0,0,163.022,0.20424008265045468
6,14,MLP,6,29,0,0,164.0161,0.26316785005364873
6,14,MLP,6,29,0,0,165.022,0.24971491026113832
6,14,MLP,6,29,0,0,166.0165,0.23887407481515446
6,14,MLP,6,29,0,0,167.0112,0.2776754122693745
6,14,MLP,6,29,0,0,168.0158,0.22431190675670848
6,14,MLP,6,29,0,0,169.0202,0.32735977324391985
6,14,MLP,6,29,0,0,170.0141,0.275173957518628
6,14,MLP,6,29,0,0,171.0207,0.38444480699595734
6,14,MLP,6,29,0,0,172.0139,0.30354041865297504
6,14,MLP,6,29,0,0,173.0192,0.4219536544094926
6,14,MLP,6,29,0,0,174.013,0.35102106393712695
6,14,MLP,6,29,0,0,175.0175,0.4992871019485356
6,14,MLP,6,29,0,0,176.0135,0.4336053950298456
6,14,MLP,6,29,0,0,177.0181,0.5546807293295751
6,14,MLP,6,29,0,0,178.0124,0.572053461844157
6,14,MLP,6,29,0,0,179.0186,0.6330836453545933
6,14,MLP,6,29,0,0,180.0117,0.6551541859161725
6,14,MLP,6,29,0,0,181.0171,0.7046821393052777
6,14,MLP,6,29,0,0,182.0113,0.7176047467893192
6,14,MLP,6,29,0,0,183.0171,0.5985247671567555
6,14,MLP,6,29,0,0,184.0217,0.750139192709642
6,14,MLP,6,29,0,0,185.0134,0.7732627119166614
6,14,MLP,6,29,0,0,186.0216,0.7886525564650132
6,14,MLP,6,29,0,0,187.0153,0.7144139839291529
6,14,MLP,6,29,0,0,188.0214,0.46314887781208014
6,14,MLP,6,29,0,0,189.0154,0.6758106528667661
6,14,MLP,6,29,0,0,190.0175,0.518467830003893
6,14,MLP,6,29,0,0,191.0144,0.5292373146697914
6,14,MLP,6,29,0,0,192.0198,0.5885791480822938
6,14,MLP,6,29,0,0,193.0143,0.5663131034342427
6,14,MLP,6,29,0,0,194.0198,0.5709527414249418
6,14,MLP,6,29,0,0,195.0145,0.699734539626635
6,14,MLP,6,29,0,0,196.0186,0.6870415083502308
6,14,MLP,6,29,0,0,197.0138,0.8034126309720969
6,14,MLP,6,29,0,0,198.0177,0.5425801489257182
6,14,MLP,6,29,0,0,199.0128,0.5189955396508492
6,14,MLP,6,29,0,0,200.015,0.5141055318576819
6,14,MLP,6,29,0,0,201.0131,0.3965455844875283
6,14,MLP,6,29,0,0,202.0175,0.49691431407267195
6,14,MLP,6,29,0,0,203.0224,0.49012610852339733
6,14,MLP,6,29,0,0,204.0173,0.4770805415374107
6,14,MLP,6,29,0,0,205.0222,0.4489748644976309
6,14,MLP,6,29,0,0,206.0159,0.34485203829826044
6,14,MLP,6,29,0,0,207.0197,0.41434331436559824
6,14,MLP,6,29,0,0,208.0167,0.39700456032477033
6,14,MLP,6,29,0,0,209.0206,0.3141583516022786
6,14,MLP,6,29,0,0,210.0151,0.36098543838135955
6,14,MLP,6,29,0,0,211.0197,0.3808074080912378
6,14,MLP,6,29,0,0,212.0139,0.40602392890029837
6,14,MLP,6,29,0,0,213.0196,0.3645020378349131
6,14,MLP,6,29,0,0,214.0141,0.29676714406569
6,14,MLP,6,29,0,0,215.0178,0.23486546624317267
6,14,MLP,6,29,0,0,216.012,0.2688646641067088
6,14,MLP,6,29,0,0,217.0189,0.22093667841850095
6,14,MLP,6,29,0,0,218.0127,0.18469774666050826
6,14,MLP,6,29,0,0,219.0185,0.21645424346590195
6,14,MLP,6,29,0,0,220.0132,0.23579472458778278
6,14,MLP,6,29,0,0,221.0173,0.25710615503322654
6,14,MLP,6,29,0,0,222.0124,0.2916240949729534
6,14,MLP,6,29,0,0,223.017,0.23554433434828212
6,14,MLP,6,29,0,0,224.0219,0.26613616915036803
6,14,MLP,6,29,0,0,225.0162,0.2183960744561375
6,14,MLP,6,29,0,0,226.0217,0.18229131448218103
6,14,MLP,6,29,0,0,227.0157,0.2489324388320805
6,14,MLP,6,29,0,0,228.0207,0.21271610707139305
6,14,MLP,6,29,0,0,229.0154,0.6488027557892511
6,14,MLP,6,29,0,0,230.0205,0.32140314390449043
6,14,MLP,6,29,0,0,231.0153,0.2832056726205881
6,14,MLP,6,29,0,0,232.0194,0.250478854343847
6,14,MLP,6,29,0,0,233.0133,0.18600338109185025
6,14,MLP,6,29,0,0,234.0184,0.23681490205319056
6,14,MLP,6,29,0,0,235.0122,0.2593713051857907
6,14,MLP,6,29,0,0,236.0163,0.2203267763581979
6,14,MLP,6,29,0,0,237.0122,0.18420699055756998
6,14,MLP,6,29,0,0,238.0178,0.26379887495979437
6,14,MLP,6,29,0,0,239.0128,0.24970576133832612
6,14,MLP,6,29,0,0,240.0172,0.2434117596152785
6,14,MLP,6,29,0,0,241.0219,0.1806906700237296
6,14,MLP,6,29,0,0,242.0162,0.2317760673656772
6,14,MLP,6,29,0,0,243.0118,0.2651890375879847
6,14,MLP,6,29,0,0,244.017,0.27534064251951745
6,14,MLP,6,29,0,0,245.0216,0.3082752139858162
6,14,MLP,6,29,0,0,246.0154,0.29059507051904604
6,14,MLP,6,29,0,0,247.0208,0.2615634546430981
6,14,MLP,6,29,0,0,248.0148,0.3555173638735582
6,14,MLP,6,29,0,0,249.0202,0.30445987361586324
6,14,MLP,6,29,0,0,250.0158,0.2940042513212075
6,14,MLP,6,29,0,0,251.0202,0.30478282188619493
6,14,MLP,6,29,0,0,252.0149,0.34191733537592073
6,14,MLP,6,29,0,0,253.0197,0.3299067337746412
6,14,MLP,6,29,0,0,254.0136,0.37586140674047025
6,14,MLP,6,29,0,0,255.0182,0.3863981293509151
6,14,MLP,6,29,0,0,256.0139,0.447627000071339
6,14,MLP,6,29,0,0,257.0173,0.4158450418358012
6,14,MLP,6,29,0,0,258.013,0.49155956654982214
6,14,MLP,6,29,0,0,259.0187,0.5137894040377631
6,14,MLP,6,29,0,0,260.021,0.5742307647279355
6,14,MLP,6,29,0,0,261.0178,0.5362210597188736
6,14,MLP,6,29,0,0,262.0128,0.6204600304131294
6,14,MLP,6,29,0,0,263.0165,0.5778143221629444
6,14,MLP,6,29,0,0,264.022,0.6754474733293822
6,14,MLP,6,29,0,0,265.0162,0.6960277377587505
6,14,MLP,6,29,0,0,266.0201,0.7367607075176799
6,14,MLP,6,29,0,0,267.0135,0.750610764020735
6,14,MLP,6,29,0,0,268.0216,0.7694073767106403
6,14,MLP,6,29,0,0,269.0137,0.7791831664643862
6,14,MLP,6,29,0,0,270.0212,0.7183416404416658
6,14,MLP,6,29,0,0,271.0142,0.853446261985561
6,14,MLP,6,29,0,0,272.0176,0.8614228594352364
6,14,MLP,6,29,0,0,273.0138,0.8805622830675318
6,14,MLP,6,29,0,0,274.0176,0.8829621086657018
6,14,MLP,6,29,0,0,275.0136,0.8760897153389523
6,14,MLP,6,29,0,0,276.0194,0.8976218674198421
6,14,MLP,6,29,0,0,277.011,0.9280535868124995
6,14,MLP,6,29,0,0,278.0184,0.9140090317347492
6,14,MLP,6,29,0,0,279.0128,0.951386222849468
6,14,MLP,6,29,0,0,280.0181,0.943581226624799
6,14,MLP,6,29,0,0,281.0127,0.9585362641621661
6,14,MLP,6,29,0,0,282.0156,0.9616207885383897
6,14,MLP,6,29,0,0,283.0111,0.9552218325203332
6,14,MLP,6,29,0,0,284.0166,0.970007874565779
6,14,MLP,6,29,0,0,285.0219,0.8374701664703778
6,14,MLP,6,29,0,0,286.016,0.6921392017298305
6,14,MLP,6,29,0,0,287.0216,0.8404914460884216
6,14,MLP,6,29,0,0,288.0144,0.852891620008294
6,14,MLP,6,29,0,0,289.0197,0.7564978522458609
6,14,MLP,6,29,0,0,290.0124,0.856370784608787
6,14,MLP,6,29,0,0,291.018,0.8772450362429068
6,14,MLP,6,29,0,0,292.0144,0.7784105912137343
6,14,MLP,6,29,0,0,293.0191,0.8135678997299853
6,14,MLP,6,29,0,0,294.0126,0.754171199259469
6,14,MLP,6,29,0,0,295.0191,0.8389082863134291
6,14,MLP,6,29,0,0,296.0124,0.8762583952133044
6,14,MLP,6,29,0,0,297.0182,0.726047088673158
6,14,MLP,6,29,0,0,298.0114,0.8471275476564574
6,14,MLP,6,29,0,0,299.0173,0.7538724021133347
6,14,MLP,6,29,0,0,300.0121,0.9053316805553993
6,14,MLP,6,29,0,0,301.018,0.874518529965365
6,14,Clock,6,8,0,0,0.0111263,0.18245865777741552
6,14,Clock,6,8,0,0,1.012533,0.1839694361842172
6,14,Clock,6,8,0,0,2.006725,0.18547889724102964
6,14,Clock,6,8,0,0,3.011544,0.1870141933561027
6,14,Clock,6,8,0,0,4.002677,0.18853814599835714
6,14,Clock,6,8,0,0,5.009711,0.19009629294862113
6,14,Clock,6,8,0,0,6.004739,0.19164552407961288
6,14,Clock,6,8,0,0,7.009674,0.19321993849985197
6,14,Clock,6,8,0,0,8.003508,0.1947866151320115
6,14,Clock,6,8,0,0,9.006954,0.19637819687645777
6,14,Clock,6,8,0,0,10.00293,0.1979676265150769
6,14,Clock,6,8,0,0,11.00604,0.19957821555353228
6,14,Clock,6,8,1,1,12.00364,0.20118969409910809
6,14,Clock,6,8,1,1,13.00802,0.20282193832340634
6,14,Clock,6,8,1,1,14.00243,0.2044476855339738
6,14,Clock,6,8,1,1,15.00691,0.20609970723733442
6,14,Clock,6,8,1,1,16.01181,0.20776228811548644
6,14,Clock,6,8,1,1,17.00746,0.20941930184982957
6,14,Clock,6,8,1,1,18.01327,0.21110306842080634
6,14,Clock,6,8,1,1,19.00703,0.21277638174486427
6,14,Clock,6,8,1,1,20.01132,0.21447723517953754
6,14,Clock,6,8,1,1,21.00361,0.21616745322558514
6,14,Clock,6,8,1,1,22.01139,0.21789390764068878
6,14,Clock,6,8,1,1,23.00565,0.21960692473413174
6,14,Clock,6,8,1,1,24.01185,0.22135034740385517
6,14,Clock,6,8,1,1,25.00333,0.22307793150234165
6,14,Clock,6,8,1,1,26.01048,0.2248426397456387
6,14,Clock,6,8,1,1,27.0047,0.22659438767498638
6,14,Clock,6,8,1,1,28.00931,0.22837422299828525
6,14,Clock,6,8,1,1,29.00375,0.23014571157448352
6,14,Clock,6,8,1,1,30.00954,0.23194719635209074
6,14,Clock,6,8,1,1,31.00254,0.2337354046750139
6,14,Clock,6,8,1,1,32.00864,0.2355569515240683
6,14,Clock,6,8,1,1,33.0032,0.23736723614815608
6,14,Clock,6,8,1,1,34.00835,0.23920650821719472
6,14,Clock,6,8,1,1,35.01365,0.24105580175780927
6,14,Clock,6,8,1,1,36.00763,0.2428938432175151
6,14,Clock,6,8,1,1,37.01249,0.24476165467273497
6,14,Clock,6,8,1,1,38.00724,0.24662021439160628
6,14,Clock,6,8,1,1,39.01177,0.24850665058797033
6,14,Clock,6,8,1,1,40.00622,0.2503836565954374
6,14,Clock,6,8,1,1,41.01126,0.2522902119282202
6,14,Clock,6,8,1,1,42.00632,0.2541872887448264
6,14,Clock,6,8,1,1,43.01094,0.25611210558294856
6,14,Clock,6,8,1,1,44.00538,0.25802680333043976
6,14,Clock,6,8,1,1,45.00897,0.25996856239403193
6,14,Clock,6,8,1,1,46.00489,0.2619048324520967
6,14,Clock,6,8,1,1,47.00764,0.26386375335583
6,14,Clock,6,8,1,1,48.00322,0.2658179386807395
6,14,Clock,6,8,1,1,49.0089,0.267801300083494
6,14,Clock,6,8,1,1,50.00442,0.2697738464488973
6,14,Clock,6,8,1,1,51.00952,0.2717746411122559
6,14,Clock,6,8,1,1,52.00426,0.27376394390797837
6,14,Clock,6,8,1,1,53.00848,0.27578138079494446
6,14,Clock,6,8,1,1,54.00241,0.2777871884753592
6,14,Clock,6,8,1,1,55.00602,0.2798216100035521
6,14,Clock,6,8,1,1,56.01323,0.2818724646749095
6,14,Clock,6,8,1,1,57.00426,0.2838992648921649
6,14,Clock,6,8,1,1,58.01067,0.2859664892195706
6,14,Clock,6,8,1,1,59.0066,0.28802104708769316
6,14,Clock,6,8,1,1,60.01128,0.29010253769766997
6,14,Clock,6,8,1,1,61.00568,0.292171462733286
6,14,Clock,6,8,1,1,62.01031,0.2942704468900151
6,14,Clock,6,8,1,1,63.005,0.2963572968817497
6,14,Clock,6,8,1,1,64.01,0.2984744531685901
6,14,Clock,6,8,1,1,65.00407,0.3005770926011807
6,14,Clock,6,8,1,1,66.01032,0.3027140965460863
6,14,Clock,6,8,1,1,67.00389,0.3048325652537403
6,14,Clock,6,8,1,1,68.00977,0.3069857430462029
6,14,Clock,6,8,1,1,69.00293,0.3091199661373321
6,14,Clock,6,8,1,1,70.00932,0.3112909718185159
6,14,Clock,6,8,1,1,71.00261,0.31344186975233995
6,14,Clock,6,8,1,1,72.00746,0.31562600581366895
6,14,Clock,6,8,1,1,73.00294,0.3177978215042967
6,14,Clock,6,8,1,1,74.00814,0.3199989333711867
6,14,Clock,6,8,1,1,75.01319,0.3222077540915408
6,14,Clock,6,8,1,1,76.00666,0.32439895760036275
6,14,Clock,6,8,1,1,77.01159,0.32662329089583886
6,14,Clock,6,8,1,1,78.00659,0.3288333665579198
6,14,Clock,6,8,1,1,79.01199,0.33107426162217235
6,14,Clock,6,8,1,1,80.0071,0.3332997867370014
6,14,Clock,6,8,1,1,81.01176,0.3355542210631972
6,14,Clock,6,8,1,1,82.00599,0.3377926750225555
6,14,Clock,6,8,1,1,83.01203,0.34006513990209236
6,14,Clock,6,8,1,1,84.00549,0.3423164336688888
6,14,Clock,6,8,1,1,85.01128,0.34460290405881266
6,14,Clock,6,8,1,1,86.00328,0.34686512066331093
6,14,Clock,6,8,1,1,87.01077,0.3491697587349029
6,14,Clock,6,8,1,1,88.00428,0.3514493328062394
6,14,Clock,6,8,1,1,89.00924,0.35376209366769407
6,14,Clock,6,8,1,1,90.00323,0.356056357940261
6,14,Clock,6,8,1,1,91.00959,0.3583859372980835
6,14,Clock,6,8,1,1,92.0034,0.36069304365769916
6,14,Clock,6,8,1,1,93.00835,0.3630325485459911
6,14,Clock,6,8,1,1,94.01284,0.36537750303226263
6,14,Clock,6,8,1,1,95.00739,0.3677055583604455
6,14,Clock,6,8,1,1,96.01205,0.3700635374420496
6,14,Clock,6,8,1,1,97.00794,0.3724070935427361
6,14,Clock,6,8,1,1,98.01041,0.37477217916997435
6,14,Clock,6,8,1,1,99.0069,0.3771291116840314
6,14,Clock,6,8,1,1,100.0121,0.37951255409347445
6,14,Clock,6,8,1,1,101.0061,0.381875171083759
6,14,Clock,6,8,1,1,102.0104,0.38426793788276636
6,14,Clock,6,8,1,1,103.0028,0.3866378814065538
6,14,Clock,6,8,1,1,104.0098,0.38904819819622627
6,14,Clock,6,8,1,1,105.0038,0.3914327109546072
6,14,Clock,6,8,1,1,106.0078,0.3938464903812382
6,14,Clock,6,8,1,1,107.0034,0.3962452211765607
6,14,Clock,6,8,1,1,108.0105,0.39867672250028297
6,14,Clock,6,8,1,1,109.0032,0.4010783664450105
6,14,Clock,6,8,1,1,110.0085,0.40351535325823734
6,14,Clock,6,8,1,1,111.0039,0.40593303482029686
6,14,Clock,6,8,1,1,112.0084,0.4083774547519216
6,14,Clock,6,8,1,1,113.0033,0.4108029945939062
6,14,Clock,6,8,1,1,114.0078,0.41325632143257596
6,14,Clock,6,8,1,1,115.0025,0.4156899927314767
6,14,Clock,6,8,1,1,116.0068,0.4181513055693327
6,14,Clock,6,8,1,1,117.013,0.42062138721401865
6,14,Clock,6,8,1,1,118.0074,0.42306640677485025
6,14,Clock,6,8,1,1,119.0124,0.4255413172043265
6,14,Clock,6,8,1,1,120.0065,0.4279930749552947
6,14,Clock,6,8,1,1,121.0116,0.4304755468427631
6,14,Clock,6,8,1,1,122.0045,0.4329313436682595
6,14,Clock,6,8,1,1,123.0113,0.43542487163982346
6,14,Clock,6,8,1,1,124.0041,0.437886929554072
6,14,Clock,6,8,1,1,125.0098,0.44038412317809844
6,14,Clock,6,8,1,1,126.0048,0.4428576924612605
6,14,Clock,6,8,1,1,127.0095,0.44535826600411277
6,14,Clock,6,8,1,1,128.0036,0.44783519056098553
6,14,Clock,6,8,1,1,129.009,0.45034290332960975
6,14,Clock,6,8,1,1,130.0039,0.4528269180857058
6,14,Clock,6,8,1,1,131.0088,0.4553382733862087
6,14,Clock,6,8,1,1,132.0122,0.45784816019622243
6,14,Clock,6,8,1,1,133.0076,0.46034012490922804
6,14,Clock,6,8,1,1,134.0139,0.4628614195121516
6,14,Clock,6,8,1,1,135.0082,0.4653544935579072
6,14,Clock,6,8,1,1,136.0131,0.46787595591513964
6,14,Clock,6,8,1,1,137.0078,0.4703733836172655
6,14,Clock,6,8,1,1,138.013,0.47289871525209204
6,14,Clock,6,8,1,1,139.0039,0.4753894865251307
6,14,Clock,6,8,1,1,140.0123,0.4779254694837227
6,14,Clock,6,8,1,1,141.0059,0.48042538221662845
6,14,Clock,6,8,1,1,142.0129,0.4829599638123299
6,14,Clock,6,8,1,1,143.0045,0.4854566896283365
6,14,Clock,6,8,1,1,144.0114,0.48799265403642916
6,14,Clock,6,8,1,1,145.0053,0.4904964823964527
6,14,Clock,6,8,1,1,146.01,0.4930280105186644
6,14,Clock,6,8,1,1,147.0052,0.49553597730126764
6,14,Clock,6,8,1,1,148.0087,0.49806505106253884
6,14,Clock,6,8,1,1,149.0129,0.5005959929000913
6,14,Clock,6,8,1,1,150.0087,0.5031057531817884
6,14,Clock,6,8,1,1,151.0138,0.5056387748494034
6,14,Clock,6,8,1,1,152.0095,0.5081478617777887
6,14,Clock,6,8,1,1,153.0142,0.510679179686389
6,14,Clock,6,8,1,1,154.0081,0.5131827408277062
6,14,Clock,6,8,1,1,155.0137,0.5157151087800155
6,14,Clock,6,8,1,1,156.0075,0.5182169815405877
6,14,Clock,6,8,1,1,157.0126,0.5207463511127406
6,14,Clock,6,8,1,1,158.0068,0.5232472579677221
6,14,Clock,6,8,1,1,159.0132,0.5257776459125443
6,14,Clock,6,8,1,1,160.0063,0.5282733210415923
6,14,Clock,6,8,1,1,161.0108,0.5307962028292639
6,14,Clock,6,8,1,1,162.006,0.5332941562835188
6,14,Clock,6,8,1,1,163.0109,0.535814775271291
6,14,Clock,6,8,1,1,164.0049,0.5383062681546075
6,14,Clock,6,8,1,1,165.01,0.5408236216010956
6,14,Clock,6,8,1,1,166.0045,0.5433124038922293
6,14,Clock,6,8,1,1,167.0095,0.5458252625048814
6,14,Clock,6,8,1,1,168.0032,0.5483075576523464
6,14,Clock,6,8,1,1,169.0091,0.5508178620255422
6,14,Clock,6,8,1,1,170.0035,0.5532969508709216
6,14,Clock,6,8,1,1,171.0077,0.5557978125732596
6,14,Clock,6,8,1,1,172.0033,0.5582744170059809
6,14,Clock,6,8,1,1,173.0079,0.5607705189905933
6,14,Clock,6,8,1,1,174.0131,0.5632650261281422
6,14,Clock,6,8,1,1,175.0073,0.5657290502075861
6,14,Clock,6,8,1,1,176.0123,0.5682165891737305
6,14,Clock,6,8,1,1,177.0065,0.5706740079535467
6,14,Clock,6,8,1,1,178.0104,0.5731518835495484
6,14,Clock,6,8,1,1,179.0055,0.5756043725697841
6,14,Clock,6,8,1,1,180.0111,0.5780789957534453
6,14,Clock,6,8,1,1,181.0053,0.5805217217166158
6,14,Clock,6,8,1,1,182.0111,0.5829889310514311
6,14,Clock,6,8,1,1,183.0054,0.5854238783466282
6,14,Clock,6,8,1,1,184.0106,0.587881270067406
6,14,Clock,6,8,1,1,185.0048,0.5903074653614135
6,14,Clock,6,8,1,1,186.01,0.5927560095123298
6,14,Clock,6,8,1,1,187.0047,0.595174491881726
6,14,Clock,6,8,1,1,188.0081,0.5976094479439193
6,14,Clock,6,8,1,1,189.0033,0.6000197380101852
6,14,Clock,6,8,1,1,190.0063,0.6024440595023927
6,14,Clock,6,8,1,1,191.0028,0.6048477009990795
6,14,Clock,6,8,1,1,192.0089,0.607269324386309
6,14,Clock,6,8,1,1,193.0028,0.6096564711013979
6,14,Clock,6,8,1,1,194.0075,0.6120642019626789
6,14,Clock,6,8,1,1,195.0103,0.6144619178114379
6,14,Clock,6,8,1,1,196.0071,0.6168398024566484
6,14,Clock,6,8,1,1,197.013,0.6192337636974
6,14,Clock,6,8,1,1,198.0058,0.6215908614429649
6,14,Clock,6,8,1,1,199.0128,0.6239758327178255
6,14,Clock,6,8,1,1,200.0057,0.6263215417271241
6,14,Clock,6,8,1,1,201.0118,0.6286923530126246
6,14,Clock,6,8,1,1,202.0059,0.6310288673690752
6,14,Clock,6,8,1,1,203.0114,0.6333859014932488
6,14,Clock,6,8,1,1,204.0047,0.6357081065524773
6,14,Clock,6,8,1,1,205.0115,0.6380554496495737
6,14,Clock,6,8,1,1,206.0058,0.6403671738622398
6,14,Clock,6,8,1,1,207.0091,0.6426932443211136
6,14,Clock,6,8,1,1,208.0048,0.6449951040299196
6,14,Clock,6,8,1,1,209.0109,0.6473141544534002
6,14,Clock,6,8,1,1,210.0142,0.6496199125148762
6,14,Clock,6,8,1,1,211.0105,0.6519026445170812
6,14,Clock,6,8,1,1,212.0143,0.6541955434986443
6,14,Clock,6,8,1,1,213.0075,0.6564572218485741
6,14,Clock,6,8,1,1,214.0034,0.6587179115625509
6,14,Clock,6,8,1,1,215.0077,0.6609904014886808
6,14,Clock,6,8,1,1,216.0128,0.6632572817843004
6,14,Clock,6,8,1,1,217.0073,0.665492874791472
6,14,Clock,6,8,1,1,218.0133,0.667746829500347
6,14,Clock,6,8,1,1,219.0063,0.6699641146416145
6,14,Clock,6,8,1,1,220.0116,0.6722011882565998
6,14,Clock,6,8,1,1,221.0034,0.6744006071500804
6,14,Clock,6,8,1,1,222.0124,0.6766303031189312
6,14,Clock,6,8,1,1,223.0052,0.6788163837468113
6,14,Clock,6,8,1,1,224.0106,0.681022256376387
6,14,Clock,6,8,1,1,225.0051,0.6831962435159761
6,14,Clock,6,8,1,1,226.011,0.6853870717478753
6,14,Clock,6,8,1,1,227.0034,0.6875404317070705
6,14,Clock,6,8,1,1,228.0098,0.6897159155830956
6,14,Clock,6,8,1,1,229.0035,0.6918557554284231
6,14,Clock,6,8,1,1,230.0087,0.6940120174506066
6,14,Clock,6,8,1,1,231.003,0.6961365841892841
6,14,Clock,6,8,1,1,232.008,0.6982755008586828
6,14,Clock,6,8,1,1,233.0139,0.7004077779120943
6,14,Clock,6,8,1,1,234.0074,0.7025052687010761
6,14,Clock,6,8,1,1,235.0029,0.7045984625870673
6,14,Clock,6,8,1,1,236.0081,0.7067033573538871
6,14,Clock,6,8,1,1,237.012,0.7087967216682385
6,14,Clock,6,8,1,1,238.0068,0.7108624450300363
6,14,Clock,6,8,1,1,239.0122,0.7129412991788727
6,14,Clock,6,8,1,1,240.0048,0.7149848986227012
6,14,Clock,6,8,1,1,241.0114,0.7170483453518905
6,14,Clock,6,8,1,1,242.0057,0.7190777077691886
6,14,Clock,6,8,1,1,243.0114,0.7211212556831056
6,14,Clock,6,8,1,1,244.005,0.7231312690858611
6,14,Clock,6,8,1,1,245.0085,0.7251521852549239
6,14,Clock,6,8,1,1,246.0043,0.7271485337502187
6,14,Clock,6,8,1,1,247.0102,0.7291558796603403
6,14,Clock,6,8,1,1,248.0034,0.7311287889671532
6,14,Clock,6,8,1,1,249.0086,0.7331162454548694
6,14,Clock,6,8,1,1,250.012,0.7350907691108987
6,14,Clock,6,8,1,1,251.0087,0.7370428655012052
6,14,Clock,6,8,1,1,252.0134,0.7390012325678663
6,14,Clock,6,8,1,1,253.0077,0.7409300326017177
6,14,Clock,6,8,1,1,254.0119,0.7428685799839024
6,14,Clock,6,8,1,1,255.0081,0.7447822962586317
6,14,Clock,6,8,1,1,256.0134,0.7467039675032155
6,14,Clock,6,8,1,1,257.007,0.7485938482585586
6,14,Clock,6,8,1,1,258.0121,0.7504960601096134
6,14,Clock,6,8,1,1,259.007,0.7523694953411187
6,14,Clock,6,8,1,1,260.0117,0.7542517763490165
6,14,Clock,6,8,1,1,261.005,0.7561032254246708
6,14,Clock,6,8,1,1,262.0108,0.7579682875653843
6,14,Clock,6,8,1,1,263.0057,0.7598035733541499
6,14,Clock,6,8,1,1,264.01,0.7616465223818532
6,14,Clock,6,8,1,1,265.0052,0.7634631207896289
6,14,Clock,6,8,1,1,266.0104,0.7652883230210753
6,14,Clock,6,8,1,1,267.0128,0.767098625824118
6,14,Clock,6,8,1,1,268.0097,0.7688893963918635
6,14,Clock,6,8,1,1,269.0036,0.770665130949084
6,14,Clock,6,8,1,1,270.0091,0.7724518101242519
6,14,Clock,6,8,1,1,271.014,0.7742276258160257
6,14,Clock,6,8,1,1,272.0055,0.7759700695336544
6,14,Clock,6,8,1,1,273.0126,0.7777301583387367
6,14,Clock,6,8,1,1,274.0073,0.7794588240625987
6,14,Clock,6,8,1,1,275.0133,0.7811973389685302
6,14,Clock,6,8,1,1,276.007,0.782904840707516
6,14,Clock,6,8,1,1,277.0134,0.7846243727708597
6,14,Clock,6,8,1,1,278.0072,0.7863126527782539
6,14,Clock,6,8,1,1,279.0129,0.7880113193639143
6,14,Clock,6,8,1,1,280.0068,0.7896803198061456
6,14,Clock,6,8,1,1,281.011,0.7913567791822127
6,14,Clock,6,8,1,1,282.0045,0.7930057027721874
6,14,Clock,6,8,1,1,283.0108,0.7946660620804186
6,14,Clock,6,8,1,1,284.0054,0.7962973609698543
6,14,Clock,6,8,1,1,285.0088,0.7979332825036408
6,14,Clock,6,8,1,1,286.004,0.7995461584000931
6,14,Clock,6,8,1,1,287.0099,0.8011665229042588
6,14,Clock,6,8,1,1,288.0023,0.8027554889498759
6,14,Clock,6,8,1,1,289.0085,0.8043567914480543
6,14,Clock,6,8,1,1,290.0032,0.8059300475589775
6,14,Clock,6,8,1,1,291.007,0.8075079318195254
6,14,Clock,6,8,1,1,292.003,0.8090639070212791
6,14,Clock,6,8,1,1,293.0081,0.8106243296219982
6,14,Clock,6,8,1,1,294.0127,0.8121742092748566
6,14,Clock,6,8,1,1,295.0076,0.8136994885360851
6,14,Clock,6,8,1,1,296.0129,0.8152310030922658
6,14,Clock,6,8,1,1,297.0052,0.816733099912289
6,14,Clock,6,8,1,1,298.0126,0.8182484037064365
6,14,Clock,6,8,1,1,299.0057,0.819732622078236
6,14,Clock,6,8,1,1,300.0108,0.8212251206816976
6,14,Clock,6,8,1,1,301.005,0.8226919137531506
6,14,Clock,14,20,0,0,0.0,0.18244192627997255
6,14,Clock,14,20,0,0,0.6838388,0.18347248419892048
6,14,Clock,14,20,0,0,1.996385,0.1854631489866989
6,14,Clock,14,20,0,0,2.997726,0.1869930141395227
6,14,Clock,14,20,0,0,3.999298,0.1885329345399597
6,14,Clock,14,20,0,0,4.999687,0.19008073536299544
6,14,Clock,14,20,0,0,6.000605,0.19163906814171544
6,14,Clock,14,20,1,3,7.000906,0.19320615926164889
6,14,Clock,14,20,1,3,8.001806,0.19478392491036856
6,14,Clock,14,20,1,3,9.001246,0.19636911601738585
6,14,Clock,14,20,1,3,10.00166,0.19796559468286418
6,14,Clock,14,20,1,3,11.0016,0.19957106612596145
6,14,Clock,14,20,0,0,12.00146,0.20118616187579139
6,14,Clock,14,20,0,0,13.00144,0.2028112123630981
6,14,Clock,14,20,0,0,14.00173,0.20444653772005805
6,14,Clock,14,20,0,0,15.00065,0.2060893813057413
6,14,Clock,14,20,0,0,16.00011,0.20774287450024712
6,14,Clock,14,20,0,0,17.00224,0.20941058847382743
6,14,Clock,14,20,0,0,18.00202,0.2110841815183841
6,14,Clock,14,20,0,0,19.00236,0.2127684938732931
6,14,Clock,14,20,0,0,20.00108,0.21445984212073294
6,14,Clock,14,20,0,0,21.00156,0.21616395075174746
6,14,Clock,14,20,0,0,22.00247,0.21787858186400832
6,14,Clock,14,20,0,0,23.00267,0.21960177728344568
6,14,Clock,14,20,0,0,24.00306,0.2213350726693587
6,14,Clock,14,21,0,0,0.0111566,0.18245870334302006
6,14,Clock,14,21,0,0,1.008044,0.18396264234164458
6,14,Clock,14,21,0,0,2.008584,0.18548172858307402
6,14,Clock,14,21,0,0,3.009267,0.1870107033741461
6,14,Clock,14,21,0,0,4.010024,0.18854947832342495
6,14,Clock,14,21,0,0,5.011356,0.19009884637744054
6,14,Clock,14,21,0,0,6.011967,0.19165681361927694
6,14,Clock,14,21,0,0,7.012537,0.1932244378212717
6,14,Clock,14,21,0,0,8.01291,0.19480148273367368
6,14,Clock,14,21,0,0,9.01293,0.19638770442832068
6,14,Clock,14,21,0,0,10.01203,0.19798219327324668
6,14,Clock,14,21,0,0,11.01296,0.19958936167190747
6,14,Clock,14,21,0,0,12.01133,0.2012021530507163
6,14,Clock,14,21,0,0,13.01141,0.20282746313522892
6,14,Clock,14,21,0,0,14.01271,0.20446454206116652
6,14,Clock,14,21,0,0,15.01378,0.20611103883067872
6,14,Clock,14,21,0,0,16.01327,0.20776470937265024
6,14,Clock,14,21,0,0,17.00288,0.20941165813223409
6,14,Clock,14,21,0,0,18.0029,0.21108565771354015
6,14,Clock,14,21,0,0,19.00287,0.21276935705178093
6,14,Clock,14,21,0,0,20.00299,0.21446308805611322
6,14,Clock,14,21,0,0,21.00261,0.2161657427099717
6,14,Clock,14,21,0,0,22.01272,0.217896191664156
6,14,Clock,14,21,0,0,23.01328,0.21962011011692364
6,14,Clock,14,21,0,0,24.01357,0.22135333681964328
6,14,Clock,14,21,0,0,25.0139,0.22309640158288968
6,14,Clock,14,21,0,0,26.01383,0.22484852482714912
6,14,Clock,14,21,0,0,27.01273,0.22660857509942595
6,14,Clock,14,21,0,0,28.01382,0.22838223693124404
6,14,Clock,14,21,0,0,29.01269,0.2301616803759392
6,14,Clock,14,21,0,0,30.01339,0.2319541092679459
6,14,Clock,14,21,0,0,31.01192,0.23375234251813928
6,14,Clock,14,21,0,0,32.01183,0.23556274096212576
6,14,Clock,14,21,0,0,33.00271,0.2373663380769803
6,14,Clock,14,21,0,0,34.01265,0.23921439598261252
6,14,Clock,14,21,0,0,35.01145,0.24105174916651526
6,14,Clock,14,21,0,0,36.01286,0.242903539427395
6,14,Clock,14,21,0,0,37.01249,0.24476165467273497
6,14,Clock,14,21,0,0,38.01188,0.24662890333036055
6,14,Clock,14,21,0,0,39.01241,0.24850785717464774
6,14,Clock,14,21,0,0,40.01308,0.25039663518768956
6,14,Clock,14,21,0,0,41.01354,0.25229454300267284
6,14,Clock,14,21,0,0,42.01328,0.25420058720365735
6,14,Clock,14,21,0,0,43.01295,0.2561159669024708
6,14,Clock,14,21,0,0,44.00275,0.2580217304473087
6,14,Clock,14,21,0,0,45.00262,0.2599562511189879
6,14,Clock,14,21,0,0,46.01408,0.26192274212417876
6,14,Clock,14,21,0,0,47.01381,0.2638758325987825
6,14,Clock,14,21,0,0,48.0031,0.2658177060136226
6,14,Clock,14,21,0,0,49.00273,0.2677891065166288
6,14,Clock,14,21,0,0,50.01266,0.26979021102142553
6,14,Clock,14,21,0,0,51.0137,0.27178297559022907
6,14,Clock,14,21,0,0,52.01368,0.2737828225110635
6,14,Clock,14,21,0,0,53.01442,0.27579334033429154
6,14,Clock,14,21,0,0,54.00314,0.277788662133873
6,14,Clock,14,21,0,0,55.00397,0.27981744822441784
6,14,Clock,14,21,0,0,56.00494,0.28185554891849685
6,14,Clock,14,21,0,0,57.00359,0.2838978888371385
6,14,Clock,14,21,0,0,58.00418,0.28595313196042904
6,14,Clock,14,21,0,0,59.0043,0.2880162916342028
6,14,Clock,14,21,0,0,60.00469,0.2900888518969285
6,14,Clock,14,21,0,0,61.00396,0.2921678757758762
6,14,Clock,14,21,0,0,62.00404,0.2942573168364402
6,14,Clock,14,21,0,0,63.0042,0.2963556127666313
6,14,Clock,14,21,0,0,64.00417,0.29846214894404527
6,14,Clock,14,21,0,0,65.00488,0.30057882279835546
6,14,Clock,14,21,0,0,66.00522,0.30270323527592935
6,14,Clock,14,21,0,0,67.00533,0.3048356458103431
6,14,Clock,14,21,0,0,68.0047,0.3069748614373717
6,14,Clock,14,21,0,0,69.00309,0.3091203110939683
6,14,Clock,14,21,0,0,70.00442,0.31128036892017213
6,14,Clock,14,21,0,0,71.00477,0.31344655397897775
6,14,Clock,14,21,0,0,72.00478,0.31562017422868566
6,14,Clock,14,21,0,0,73.00455,0.31780134004949145
6,14,Clock,14,21,0,0,74.00511,0.3199922888816649
6,14,Clock,14,21,0,0,75.00506,0.3221898480810775
6,14,Clock,14,21,0,0,76.00513,0.32439556931471675
6,14,Clock,14,21,0,0,77.00486,0.3266083703711869
6,14,Clock,14,21,0,0,78.00437,0.3288284267172862
6,14,Clock,14,21,0,0,79.00454,0.33105761953651763
6,14,Clock,14,21,0,0,80.00353,0.3332917879477675
6,14,Clock,14,21,0,0,81.00387,0.33553648927690854
6,14,Clock,14,21,0,0,82.00471,0.3377897845559506
6,14,Clock,14,21,0,0,83.00375,0.3400464114233424
6,14,Clock,14,21,0,0,84.00348,0.3423118621275427
6,14,Clock,14,21,0,0,85.00488,0.3445883468372913
6,14,Clock,14,21,0,0,86.00269,0.3468637789206884
6,14,Clock,14,21,0,0,87.00475,0.34915596783038066
6,14,Clock,14,21,0,0,88.00514,0.35145131388168166
6,14,Clock,14,21,0,0,89.00536,0.3537531610174094
6,14,Clock,14,21,0,0,90.00529,0.35606111947594876
6,14,Clock,14,21,0,0,91.00585,0.3583772709930166
6,14,Clock,14,21,0,0,92.00555,0.36069802756780833
6,14,Clock,14,21,0,0,93.00659,0.36302845777690296
6,14,Clock,14,21,0,0,94.00609,0.3653617192189929
6,14,Clock,14,21,0,0,95.00773,0.3677063452029397
6,14,Clock,14,21,0,0,96.00613,0.37004962360948723
6,14,Clock,14,21,0,0,97.00587,0.37240220387788886
6,14,Clock,14,21,0,0,98.00389,0.3747567878696186
6,14,Clock,14,21,0,0,99.00591,0.37712678095036783
6,14,Clock,14,21,0,0,100.0061,0.37949831789924043
6,14,Clock,14,21,0,0,101.0077,0.3818789656321727
6,14,Clock,14,21,0,0,102.0086,0.384263642989401
6,14,Clock,14,21,0,0,103.0074,0.3866488804856413
6,14,Clock,14,21,0,0,104.0066,0.3890405197478535
6,14,Clock,14,21,0,0,105.0075,0.39144159732875544
6,14,Clock,14,21,0,0,106.0072,0.3938450581296698
6,14,Clock,14,21,0,0,107.0075,0.3962551025233712
6,14,Clock,14,21,0,0,108.0076,0.3986697155895898
6,14,Clock,14,21,0,0,109.0074,0.4010885469198278
6,14,Clock,14,21,0,0,110.0079,0.40351389073913724
6,14,Clock,14,21,0,0,111.0082,0.40594349612980163
6,14,Clock,14,21,0,0,112.0079,0.4083762282574819
6,14,Clock,14,21,0,0,113.0091,0.41081714358146915
6,14,Clock,14,21,0,0,114.0081,0.4132570674404453
6,14,Clock,14,21,0,0,115.0096,0.4157073672923892
6,14,Clock,14,21,0,0,116.0084,0.41815523544460426
6,14,Clock,14,21,0,0,117.0071,0.4206068979398048
6,14,Clock,14,21,0,0,118.0075,0.42306665083289724
6,14,Clock,14,21,0,0,119.0076,0.42552949046596755
6,14,Clock,14,21,0,0,120.0074,0.4279952969125318
6,14,Clock,14,21,0,0,121.0079,0.43046640114488033
6,14,Clock,14,21,0,0,122.008,0.4329400109669391
6,14,Clock,14,21,0,0,123.0081,0.4354169491175268
6,14,Clock,14,21,0,0,124.0075,0.43789537333246187
6,14,Clock,14,21,0,0,125.0076,0.4403786450229935
6,14,Clock,14,21,0,0,126.0077,0.4428649040346893
6,14,Clock,14,21,0,0,127.0081,0.4453547891361793
6,14,Clock,14,21,0,0,128.009,0.44784865650516104
6,14,Clock,14,21,0,0,129.0099,0.45034514996575875
6,14,Clock,14,21,0,0,130.0087,0.45283888639955683
6,14,Clock,14,21,0,0,131.0082,0.4553367473450079
6,14,Clock,14,21,0,0,132.0084,0.457838652256334
6,14,Clock,14,21,0,0,133.0092,0.460344137583517
6,14,Clock,14,21,0,0,134.0093,0.46284986932833694
6,14,Clock,14,21,0,0,135.0094,0.46535751714497625
6,14,Clock,14,21,0,0,136.0092,0.4678661513485939
6,14,Clock,14,21,0,0,137.0081,0.47037415007453715
6,14,Clock,14,21,0,0,138.0091,0.472888898968811
6,14,Clock,14,21,0,0,139.0077,0.47539903934725974
6,14,Clock,14,21,0,0,140.009,0.47791717877825474
6,14,Clock,14,21,0,0,141.0088,0.48043267801952816
6,14,Clock,14,21,0,0,142.0087,0.48294940018536364
6,14,Clock,14,21,0,0,143.0098,0.48547002323410854
6,14,Clock,14,21,0,0,144.0079,0.48798385226376423
6,14,Clock,14,21,0,0,145.009,0.4905058242893514
6,14,Clock,14,21,0,0,146.0096,0.49302701080813416
6,14,Clock,14,21,0,0,147.0088,0.4955450526398201
6,14,Clock,14,21,0,0,148.0108,0.4980703581712158
6,14,Clock,14,21,0,0,149.0104,0.5005897242738737
6,14,Clock,14,21,0,0,150.0094,0.5031075221761409
6,14,Clock,14,21,0,0,151.0105,0.5056304690014828
6,14,Clock,14,21,0,0,152.0103,0.5081498610565561
6,14,Clock,14,21,0,0,153.0096,0.5106675706979739
6,14,Clock,14,21,0,0,154.0102,0.5131880058938022
6,14,Clock,14,21,0,0,155.0106,0.5157073095379756
6,14,Clock,14,21,0,0,156.011,0.5182257766997763
6,14,Clock,14,21,0,0,157.011,0.5207423199857429
6,14,Clock,14,21,0,0,158.0114,0.523258808754338
6,14,Clock,14,21,0,0,159.0111,0.5257723528279379
6,14,Clock,14,21,0,0,160.0118,0.5282871215889009
6,14,Clock,14,21,0,0,161.0123,0.5307999574024288
6,14,Clock,14,21,0,0,162.0113,0.5333074802614789
6,14,Clock,14,21,0,0,163.0103,0.5358132831089664
6,14,Clock,14,21,0,0,164.0104,0.5383200699334942
6,14,Clock,14,21,0,0,165.0097,0.540822895772264
6,14,Clock,14,21,0,0,166.0093,0.5433243890277147
6,14,Clock,14,21,0,0,167.0115,0.545830258164881
6,14,Clock,14,21,0,0,168.0111,0.5483272547075785
6,14,Clock,14,21,0,0,169.0128,0.5508271107387763
6,14,Clock,14,21,0,0,170.0104,0.5533141742815122
6,14,Clock,14,21,0,0,171.012,0.5558084846311069
6,14,Clock,14,21,0,0,172.0118,0.5582955469661284
6,14,Clock,14,21,0,0,173.0113,0.560778968392838
6,14,Clock,14,21,0,0,174.013,0.5632647612328746
6,14,Clock,14,21,0,0,175.0134,0.5657441674600436
6,14,Clock,14,21,0,0,176.0137,0.5682200614369645
6,14,Clock,14,21,0,0,177.0136,0.5706915334933712
6,14,Clock,14,21,0,0,178.0129,0.5731580179944962
6,14,Clock,14,21,0,0,179.013,0.5756228611250068
6,14,Clock,14,21,0,0,180.0129,0.5780834231161255
6,14,Clock,14,21,0,0,181.0128,0.5805401521598422
6,14,Clock,14,21,0,0,182.0122,0.5829916611336069
6,14,Clock,14,21,0,0,183.0139,0.5854446739777538
6,14,Clock,14,21,0,0,184.0133,0.5878878668105728
6,14,Clock,14,21,0,0,185.0027,0.590302331293406
6,14,Clock,14,21,0,0,186.0117,0.5927601685547583
6,14,Clock,14,21,0,0,187.0128,0.5951941729512844
6,14,Clock,14,21,0,0,188.0118,0.5976184000328956
6,14,Clock,14,21,0,0,189.0127,0.600042479874571
6,14,Clock,14,21,0,0,190.0121,0.6024580599313312
6,14,Clock,14,21,0,0,191.0132,0.6048727389198516
6,14,Clock,14,21,0,0,192.0134,0.607280147231402
6,14,Clock,14,21,0,0,193.013,0.609680925056617
6,14,Clock,14,21,0,0,194.0139,0.6120795062494528
6,14,Clock,14,21,0,0,195.0132,0.6144688418547352
6,14,Clock,14,21,0,0,196.0029,0.6168298039994795
6,14,Clock,14,21,0,0,197.0136,0.6192351782618127
6,14,Clock,14,21,0,0,198.0126,0.6216069991878184
6,14,Clock,14,21,0,0,199.0025,0.6239514692972151
6,14,Clock,14,21,0,0,200.0141,0.6263413432609245
6,14,Clock,14,21,0,0,201.0126,0.6286942562495611
6,14,Clock,14,21,0,0,202.0122,0.6310436595913796
6,14,Clock,14,21,0,0,203.0119,0.6333870802836001
6,14,Clock,14,21,0,0,204.0137,0.6357291249349696
6,14,Clock,14,21,0,0,205.0121,0.6380568351609113
6,14,Clock,14,21,0,0,206.0025,0.640359521605438
6,14,Clock,14,21,0,0,207.013,0.642702287640296
6,14,Clock,14,21,0,0,208.0023,0.6449893273065689
6,14,Clock,14,21,0,0,209.012,0.6473166830543341
6,14,Clock,14,21,0,0,210.0123,0.6496155357281957
6,14,Clock,14,21,0,0,211.0026,0.651884561793009
6,14,Clock,14,21,0,0,212.0024,0.654168398727978
6,14,Clock,14,21,0,0,213.0128,0.6564692599631833
6,14,Clock,14,21,0,0,214.0122,0.6587378654737579
6,14,Clock,14,21,0,0,215.012,0.6610000877418832
6,14,Clock,14,21,0,0,216.0024,0.6632338493490824
6,14,Clock,14,21,0,0,217.0024,0.6654818821329653
6,14,Clock,14,21,0,0,218.0024,0.6677224266590742
6,14,Clock,14,21,0,0,219.0037,0.6699582982166541
6,14,Clock,14,21,0,0,220.0035,0.6721831890793918
6,14,Clock,14,21,0,0,221.0034,0.6744006071500804
6,14,Clock,14,21,0,0,222.0034,0.6766104442225715
6,14,Clock,14,21,0,0,223.0045,0.6788148409474414
6,14,Clock,14,21,0,0,224.0039,0.6810075861475485
6,14,Clock,14,21,0,0,225.0049,0.6831958106786793
6,14,Clock,14,21,0,0,226.0045,0.6853729407535978
6,14,Clock,14,21,0,0,227.003,0.6875395724737371
6,14,Clock,14,21,0,0,228.0028,0.689700837490626
6,14,Clock,14,21,0,0,229.0032,0.69185513231252
6,14,Clock,14,21,0,0,230.0022,0.6939981008919703
6,14,Clock,14,21,0,0,231.0033,0.696137202449922
6,14,Clock,14,21,0,0,232.0036,0.6982661666167105
6,14,Clock,14,21,0,0,233.0042,0.7003872477443746
6,14,Clock,14,21,0,0,234.0034,0.7024968454630642
6,14,Clock,14,21,0,0,235.0032,0.7045991029549425
6,14,Clock,14,21,0,0,236.0034,0.7066935366054127
6,14,Clock,14,21,0,0,237.003,0.7087780197203281
6,14,Clock,14,21,0,0,238.004,0.7108566272692173
6,14,Clock,14,21,0,0,239.0049,0.7129262188022447
6,14,Clock,14,21,0,0,240.0044,0.7149840522254102
6,14,Clock,14,21,0,0,241.0053,0.717035860832172
6,14,Clock,14,21,0,0,242.0053,0.7190768687506432
6,14,Clock,14,21,0,0,243.0063,0.7211109228245529
6,14,Clock,14,21,0,0,244.0049,0.7231310534929046
6,14,Clock,14,21,0,0,245.0067,0.725148567404538
6,14,Clock,14,21,0,0,246.007,0.7271539358845239
6,14,Clock,14,21,0,0,247.008,0.7291515049443547
6,14,Clock,14,21,0,0,248.0067,0.7311353207836668
6,14,Clock,14,21,0,0,249.0064,0.733111881194879
6,14,Clock,14,21,0,0,250.0057,0.7350784270660581
6,14,Clock,14,21,0,0,251.0063,0.7370381846459038
6,14,Clock,14,21,0,0,252.0063,0.7389874354184058
6,14,Clock,14,21,0,0,253.006,0.7409267254092755
6,14,Clock,14,21,0,0,254.0054,0.7428560621546996
6,14,Clock,14,21,0,0,255.0051,0.7447765358278604
6,14,Clock,14,21,0,0,256.0062,0.7466902342952624
6,14,Clock,14,21,0,0,257.0051,0.7485902582848247
6,14,Clock,14,21,0,0,258.0047,0.7504821181231042
6,14,Clock,14,21,0,0,259.0055,0.7523666866212799
6,14,Clock,14,21,0,0,260.0052,0.7542396293516795
6,14,Clock,14,21,0,0,261.0052,0.7561035658434897
6,14,Clock,14,21,0,0,262.006,0.757959426136814
6,14,Clock,14,21,0,0,263.0056,0.7598034049066379
6,14,Clock,14,21,0,0,264.0062,0.7616395406252069
6,14,Clock,14,21,0,0,265.0059,0.7634643986674131
6,14,Clock,14,21,0,0,266.0063,0.7652808624219517
6,14,Clock,14,21,0,0,267.0061,0.7670865879290256
6,14,Clock,14,21,0,0,268.0059,0.7688825624132496
6,14,Clock,14,21,0,0,269.0059,0.7706692091603516
6,14,Clock,14,21,0,0,270.006,0.7724463482059627
6,14,Clock,14,21,0,0,271.006,0.7742135353381379
6,14,Clock,14,21,0,0,272.006,0.7759709787655801
6,14,Clock,14,21,0,0,273.0071,0.777720584986623
6,14,Clock,14,21,0,0,274.0065,0.779457448968081
6,14,Clock,14,21,0,0,275.0058,0.7811844019835928
6,14,Clock,14,21,0,0,276.0055,0.78290227839311
6,14,Clock,14,21,0,0,277.0069,0.7846132983398626
6,14,Clock,14,21,0,0,278.0059,0.7863104298802279
6,14,Clock,14,21,0,0,279.006,0.7879997038713269
6,14,Clock,14,21,0,0,280.0074,0.7896812906725229
6,14,Clock,14,21,0,0,281.0076,0.791351140478523
6,14,Clock,14,21,0,0,282.0067,0.7930093894065023
6,14,Clock,14,21,0,0,283.0073,0.7946602887935436
6,14,Clock,14,21,0,0,284.0067,0.7962995068924512
6,14,Clock,14,21,0,0,285.0068,0.7979300580756767
6,14,Clock,14,21,0,0,286.007,0.7995509907174224
6,14,Clock,14,21,0,0,287.0069,0.8011617198478379
6,14,Clock,14,21,0,0,288.007,0.8027629909673114
6,14,Clock,14,21,0,0,289.0068,0.8043540801380161
6,14,Clock,14,21,0,0,290.0067,0.8059355813678417
6,14,Clock,14,21,0,0,291.0067,0.8075075014139558
6,14,Clock,14,21,0,0,292.007,0.809070133064235
6,14,Clock,14,21,0,0,293.0064,0.8106217319509286
6,14,Clock,14,21,1,3,294.0073,0.8121659019644709
6,14,Clock,14,21,1,3,295.0069,0.8136984158262605
6,14,Clock,14,21,1,3,296.0074,0.8152226148424695
6,14,Clock,14,21,1,3,297.0061,0.8167344814398191
6,14,Clock,14,21,1,3,298.008,0.8182414945959652
6,14,Clock,14,21,1,3,299.0076,0.8197354408101265
6,14,Clock,14,21,1,3,300.0077,0.8212205133589427
6,14,Clock,14,21,1,3,301.0084,0.8226968952439401
6,14,Clock,14,23,0,0,0.0,0.18244192627997255
6,14,Clock,14,23,0,0,0.9982342,0.18394779628171273
6,14,Clock,14,23,0,0,2.000526,0.18546945568100498
6,14,Clock,14,23,0,0,3.000793,0.18699771486936353
6,14,Clock,14,23,0,0,3.999719,0.18853358357599095
6,14,Clock,14,23,0,0,5.000658,0.19008224215850597
6,14,Clock,14,23,0,0,6.000513,0.19163892441352928
6,14,Clock,14,23,0,0,7.001402,0.19320693857647875
6,14,Clock,14,23,0,0,8.002209,0.19478456127191332
6,14,Clock,14,23,0,0,9.001521,0.19636955298378828
6,14,Clock,14,23,0,0,10.00158,0.1979654664535595
6,14,Clock,14,23,0,0,11.00055,0.19956937517238782
6,14,Clock,14,23,0,0,12.00204,0.20118710132523296
6,14,Clock,14,23,0,0,13.00199,0.20281210928589327
6,14,Clock,14,23,0,0,14.0019,0.20444681607231172
6,14,Clock,14,23,0,0,15.00248,0.20609239850208286
6,14,Clock,14,23,0,0,16.00356,0.2077485965353077
6,14,Clock,14,23,0,0,16.99234,0.20939406658182735
6,14,Clock,14,23,0,0,18.00213,0.2110843672431723
6,14,Clock,14,23,0,0,19.00258,0.21276886748754875
6,14,Clock,14,23,0,0,20.00245,0.2144621712863138
6,14,Clock,14,23,0,0,21.00214,0.21616494121459975
6,14,Clock,14,23,0,0,22.00294,0.21787938794706158
6,14,Clock,14,23,0,0,23.00375,0.2196036424828328
6,14,Clock,14,23,0,0,23.99251,0.22131674332108658
6,14,Clock,14,23,0,0,24.99268,0.2230593225489658
6,14,Clock,14,23,0,0,25.99331,0.2248124720416117
6,14,Clock,14,23,1,1,26.99233,0.22657253487821116
6,14,Clock,14,23,1,1,27.99275,0.22834480525983433
6,14,Clock,14,23,1,1,29.00434,0.23014676432625575
6,14,Clock,14,23,1,1,29.99229,0.2319162167454292
6,14,Clock,14,23,1,1,30.99279,0.23371779959008843
6,14,Clock,14,23,1,1,31.99316,0.23552885060262205
6,14,Clock,14,23,1,1,33.00367,0.23736809245075902
6,14,Clock,14,23,1,1,33.99289,0.23917814313081467
6,14,Clock,14,23,1,1,34.99303,0.2410177753644729
6,14,Clock,14,23,1,1,35.99273,0.24286622000842817
6,14,Clock,14,23,1,1,36.99239,0.24472419891999722
6,14,Clock,14,23,1,1,37.99338,0.24659425598458462
6,14,Clock,14,23,1,1,38.99241,0.2484702034637676
6,14,Clock,14,23,1,1,39.99234,0.2503573903928933
6,14,Clock,14,23,1,1,40.99243,0.2522544044631384
6,14,Clock,14,23,1,1,41.99356,0.2541629021378391
6,14,Clock,14,23,1,1,42.99372,0.25607903314993746
6,14,Clock,14,23,1,1,43.99422,0.2580052679539474
6,14,Clock,14,23,1,1,44.99426,0.2599400339589647
6,14,Clock,14,23,1,1,45.99385,0.2618833180999655
6,14,Clock,14,23,1,1,46.99342,0.2638359059644054
6,14,Clock,14,23,1,1,47.99352,0.2657988529035633
6,14,Clock,14,23,1,1,48.99342,0.2677706999500956
6,14,Clock,14,23,1,1,49.99279,0.26975074770794316
6,14,Clock,14,23,1,1,50.99308,0.27174183755432907
6,14,Clock,14,23,1,1,51.99316,0.2737416943478444
6,14,Clock,14,23,1,1,52.99363,0.27575147951128814
6,14,Clock,14,23,1,1,53.99338,0.27776892631070255
6,14,Clock,14,23,1,1,54.99331,0.27979578743395145
6,14,Clock,14,23,1,1,55.99312,0.2818314257658998
6,14,Clock,14,23,1,1,56.99214,0.28387442615476416
6,14,Clock,14,23,1,1,58.00339,0.28595150649939655
6,14,Clock,14,23,1,1,58.99253,0.28799196305555647
6,14,Clock,14,23,1,1,59.99322,0.29006504521589016
6,14,Clock,14,23,1,1,60.99241,0.29214379372484983
6,14,Clock,14,23,1,1,62.00363,0.2942564622766663
6,14,Clock,14,23,1,1,62.99332,0.2963327414278996
6,14,Clock,14,23,1,1,63.99334,0.298439280609834
6,14,Clock,14,23,1,1,64.9931,0.3005538567651443
6,14,Clock,14,23,1,1,65.99414,0.3026796626949663
6,14,Clock,14,23,1,1,66.99364,0.3048106595775797
6,14,Clock,14,23,1,1,67.99326,0.306950333606432
6,14,Clock,14,23,1,1,68.99331,0.3090992527025326
6,14,Clock,14,23,1,1,69.99294,0.31125556913459274
6,14,Clock,14,23,1,1,70.99304,0.31342111395498545
6,14,Clock,14,23,1,1,71.99434,0.3155974299406443
6,14,Clock,14,23,1,1,72.99424,0.31777881171483235
6,14,Clock,14,23,1,1,73.99388,0.3199676530240438
6,14,Clock,14,23,1,1,74.9944,0.32216638292722793
6,14,Clock,14,23,1,1,75.99446,0.32437200353845824
6,14,Clock,14,23,1,1,76.99354,0.326583266788528
6,14,Clock,14,23,1,1,77.99458,0.32880664773380885
6,14,Clock,14,23,1,1,78.99346,0.33103288714586515
6,14,Clock,14,23,1,1,79.99506,0.33327281684435295
6,14,Clock,14,23,1,1,80.99474,0.335515979975004
6,14,Clock,14,23,1,1,81.99532,0.33776862258029167
6,14,Clock,14,23,1,1,82.99506,0.34002675137391475
6,14,Clock,14,23,1,1,83.99451,0.34229149834449385
6,14,Clock,14,23,1,1,84.99424,0.3445641144005757
6,14,Clock,14,23,1,1,85.99445,0.3468449599299888
6,14,Clock,14,23,1,1,86.99361,0.3491304317270585
6,14,Clock,14,23,1,1,87.99483,0.35142761143850343
6,14,Clock,14,23,1,1,88.99535,0.353730091337809
6,14,Clock,14,23,1,1,89.99509,0.3560375413351822
6,14,Clock,14,23,1,1,90.99504,0.35835220997428724
6,14,Clock,14,23,1,1,91.995,0.36067351624213884
6,14,Clock,14,23,1,1,92.99534,0.3630022239681384
6,14,Clock,14,23,1,1,93.99495,0.36533568101814656
6,14,Clock,14,23,1,1,94.99651,0.36768005789198066
6,14,Clock,14,23,1,1,95.9971,0.37002841260224517
6,14,Clock,14,23,1,1,96.99723,0.3723818545237158
6,14,Clock,14,23,1,1,97.99645,0.3747392161442712
6,14,Clock,14,23,1,1,98.99647,0.37710441342326984
6,14,Clock,14,23,1,1,99.99609,0.379474555146527
6,14,Clock,14,23,1,1,100.9956,0.38185017099826163
6,14,Clock,14,23,1,1,101.9969,0.3842357448205869
6,14,Clock,14,23,1,1,102.9967,0.3866232891086663
6,14,Clock,14,23,1,1,103.9955,0.3890139198345333
6,14,Clock,14,23,0,0,104.9961,0.391414223862542
6,14,Clock,14,23,0,0,105.9961,0.39381834146369743
6,14,Clock,14,23,0,0,106.9959,0.39622713319501973
6,14,Clock,14,23,0,0,107.9969,0.3986438641360479
6,14,Clock,14,23,0,0,108.9957,0.4010602043943026
6,14,Clock,14,23,0,0,109.9959,0.4034847888169426
6,14,Clock,14,23,0,0,110.9962,0.4059143196764039
6,14,Clock,14,23,0,0,111.9973,0.40835041638919756
6,14,Clock,14,23,0,0,112.9961,0.4107854202674433
6,14,Clock,14,23,0,0,113.9966,0.4132289432192634
6,14,Clock,14,23,0,0,114.9973,0.4156772515199955
6,14,Clock,14,23,0,0,115.9978,0.41812924231968146
6,14,Clock,14,23,0,0,116.9979,0.42058429269591946
6,14,Clock,14,23,0,0,117.998,0.4230432777518852
6,14,Clock,14,23,0,0,118.9974,0.4255043518791455
6,14,Clock,14,23,0,0,119.997,0.4279696316004195
6,14,Clock,14,23,0,0,120.9973,0.4304402088829648
6,14,Clock,14,23,0,0,121.998,0.43291525545795045
6,14,Clock,14,23,0,0,122.9987,0.4353936544458929
6,14,Clock,14,23,1,1,123.9988,0.43787379065208426
6,14,Clock,14,23,1,1,124.9984,0.4403557847816146
6,14,Clock,14,23,1,1,125.9981,0.44284103002320857
6,14,Clock,14,23,1,1,126.9981,0.4453298812387232
6,14,Clock,14,23,1,1,127.9989,0.4478234744910036
6,14,Clock,14,23,1,1,128.9993,0.45031868548208637
6,14,Clock,14,23,1,1,129.999,0.45281464490330536
6,14,Clock,14,23,1,1,130.9996,0.45531526840410663
6,14,Clock,14,23,1,1,131.999,0.4578150925536914
6,14,Clock,14,23,1,1,132.9998,0.4603205966344223
6,14,Clock,14,23,1,1,133.9991,0.46282432138127544
6,14,Clock,14,23,1,1,135.0,0.465333940887975
6,14,Clock,14,23,1,1,135.9996,0.46784206132760137
6,14,Clock,14,23,1,1,137.0003,0.4703545671350776
6,14,Clock,14,23,1,1,137.9992,0.4728640515954523
6,14,Clock,14,23,1,1,139.0002,0.4753801639088514
6,14,Clock,14,23,1,1,140.0006,0.4778960298578473
6,14,Clock,14,23,1,1,141.0006,0.48041201939928374
6,14,Clock,14,23,1,1,142.001,0.482930039977688
6,14,Clock,14,23,1,1,143.0011,0.48544812078022154
6,14,Clock,14,23,1,1,144.0009,0.4879662103051875
6,14,Clock,14,23,1,1,144.9999,0.4904828732310229
6,14,Clock,14,23,1,1,146.0004,0.49300382522957226
6,14,Clock,14,23,1,1,147.001,0.49552540222827574
6,14,Clock,14,23,1,1,148.0006,0.49804463023540213
6,14,Clock,14,23,1,1,149.0018,0.5005680340565863
6,14,Clock,14,23,1,1,150.0019,0.5030886400802406
6,14,Clock,14,23,1,3,151.0009,0.5056062820470286
6,14,Clock,14,23,1,3,152.0006,0.5081254083214396
6,14,Clock,14,23,1,3,153.0009,0.5106456596620056
6,14,Clock,14,23,1,3,154.0014,0.5131658695378144
6,14,Clock,14,23,1,3,155.0004,0.5156816065630292
6,14,Clock,14,23,1,3,155.9997,0.5181973172137156
6,14,Clock,14,23,1,3,156.9989,0.5207118752917916
6,14,Clock,14,23,1,3,157.9997,0.52322937530551
6,14,Clock,14,23,1,3,158.9994,0.5257429722675369
6,14,Clock,14,23,1,3,159.999,0.5282549585796986
6,14,Clock,14,23,1,3,161.0,0.5307690778501993
6,14,Clock,14,23,1,3,161.9996,0.5332781138447381
6,14,Clock,14,23,1,3,163.0005,0.5357887197293335
6,14,Clock,14,23,1,3,163.9998,0.5382934985894342
6,14,Clock,14,23,1,3,164.9999,0.5407983320944408
6,14,Clock,14,23,1,3,166.0,0.5433011439262592
6,14,Clock,14,23,1,3,167.0003,0.5458022670959924
6,14,Clock,14,23,1,3,168.0001,0.54829982356413
6,14,Clock,14,23,1,3,169.0021,0.550800430198905
6,14,Clock,14,23,1,3,170.0007,0.5532899930330091
6,14,Clock,14,23,1,3,171.0015,0.5557823550885851
6,14,Clock,14,23,1,3,172.0013,0.5582694474514875
6,14,Clock,14,23,1,3,173.0021,0.5607561208248898
6,14,Clock,14,23,1,3,174.0025,0.5632387256362046
6,14,Clock,14,23,1,3,175.0028,0.5657179389490589
6,14,Clock,14,23,1,3,175.9926,0.5681678635554843
6,14,Clock,14,23,1,3,177.0027,0.5706646232367892
6,14,Clock,14,23,1,3,178.0038,0.5731355876447851
6,14,Clock,14,23,1,3,179.0034,0.5755992242962145
6,14,Clock,14,23,1,3,180.0034,0.5780600855207316
6,14,Clock,14,23,1,3,180.9927,0.5804908165058472
6,14,Clock,14,23,1,3,182.0031,0.5829693341478367
6,14,Clock,14,23,1,3,183.003,0.5854180166864451
6,14,Clock,14,23,1,3,184.0024,0.5878612187559519
6,14,Clock,14,23,1,3,185.0018,0.590300136287309
6,14,Clock,14,23,1,3,185.9999,0.5927314263293555
6,14,Clock,14,23,1,3,187.0019,0.5951677090693325
6,14,Clock,14,23,1,3,188.0031,0.5975973144302207
6,14,Clock,14,23,1,3,189.0022,0.6000170798420518
6,14,Clock,14,23,1,3,190.0024,0.6024346275399405
6,14,Clock,14,23,1,3,191.0039,0.6048503482061345
6,14,Clock,14,23,1,3,192.0037,0.6072568137798374
6,14,Clock,14,23,1,3,193.0038,0.6096588506272342
6,14,Clock,14,23,1,3,194.0028,0.6120529518925039
6,14,Clock,14,23,1,3,194.9935,0.6144217938906562
6,14,Clock,14,23,1,3,195.9927,0.6168055164264673
6,14,Clock,14,23,1,3,197.0033,0.6192106951306188
6,14,Clock,14,23,1,3,198.004,0.6215865917703594
6,14,Clock,14,23,1,3,198.9929,0.6239287656340979
6,14,Clock,14,23,1,3,200.0045,0.6263186974720482
6,14,Clock,14,23,1,3,200.9928,0.6286476437509484
6,14,Clock,14,23,1,3,202.0033,0.6310227426722469
6,14,Clock,14,23,1,3,203.0034,0.6333671835173869
6,14,Clock,14,23,1,3,204.0026,0.6357031903137182
6,14,Clock,14,23,1,3,204.9932,0.6380128174098371
6,14,Clock,14,23,1,3,205.9934,0.640338371246628
6,14,Clock,14,23,1,3,206.994,0.6426583064809431
6,14,Clock,14,23,1,3,207.9929,0.6449676289926103
6,14,Clock,14,23,1,3,208.9937,0.6472745737495393
6,14,Clock,14,23,1,3,209.9931,0.6495714863450673
6,14,Clock,14,23,1,3,210.9936,0.6518640000170283
6,14,Clock,14,23,1,3,211.9932,0.6541474130438832
6,14,Clock,14,23,1,3,212.9935,0.6564253736478182
6,14,Clock,14,23,1,3,213.9937,0.6586959166520068
6,14,Clock,14,23,1,3,214.9946,0.6609607903626885
6,14,Clock,14,23,1,3,215.9942,0.6632153983184512
6,14,Clock,14,23,1,3,216.9937,0.6654623620162464
6,14,Clock,14,23,1,3,217.9947,0.66770522467469
6,14,Clock,14,23,1,3,218.9939,0.6699364606482593
6,14,Clock,14,23,1,3,219.9934,0.6721607487181225
6,14,Clock,14,23,1,3,220.994,0.6743797989363339
6,14,Clock,14,23,1,3,221.9946,0.6765910222793444
6,14,Clock,14,23,1,3,222.9935,0.6787906587340992
6,14,Clock,14,23,1,3,223.9935,0.6809847947845276
6,14,Clock,14,23,1,3,224.9933,0.6831705057931937
6,14,Clock,14,23,1,3,226.0038,0.6853714148510482
6,14,Clock,14,23,1,3,226.9932,0.6875183225623406
6,14,Clock,14,23,1,3,227.993,0.6896796682221528
6,14,Clock,14,23,1,3,228.9936,0.6918345035020704
6,14,Clock,14,23,1,3,229.994,0.6939805576836127
6,14,Clock,14,23,1,3,230.9936,0.6961165391445684
6,14,Clock,14,23,1,3,231.994,0.6982457798027949
6,14,Clock,14,23,1,3,232.9937,0.7003650381030511
6,14,Clock,14,23,1,3,233.9941,0.7024772335746836
6,14,Clock,14,23,1,3,234.9933,0.7045783226060153
6,14,Clock,14,23,1,3,235.9945,0.7066749468048756
6,14,Clock,14,23,1,3,236.9939,0.7087590630340944
6,14,Clock,14,23,1,3,237.9933,0.7108344622289772
6,14,Clock,14,23,1,3,238.9939,0.7129035186374809
6,14,Clock,14,23,1,3,239.9943,0.7149632993448944
6,14,Clock,14,23,1,3,240.9942,0.7170131693637971
6,14,Clock,14,23,1,3,241.9942,0.7190542768253952
6,14,Clock,14,23,1,3,242.9944,0.7210867912824511
6,14,Clock,14,23,1,3,243.9944,0.7231098632797042
6,14,Clock,14,23,1,3,244.9943,0.7251236402248297
6,14,Clock,14,23,1,3,245.9946,0.7271291221399252
6,14,Clock,14,23,1,3,246.9949,0.7291254380075983
6,14,Clock,14,23,1,3,247.9954,0.7311129428472186
6,14,Clock,14,23,1,3,248.9957,0.7330907816151156
6,14,Clock,14,23,1,3,249.9943,0.7350560187242958
6,14,Clock,14,23,1,3,250.9944,0.7370149286466708
6,14,Clock,14,23,1,3,251.9948,0.7389650622637556
6,14,Clock,14,23,1,3,252.9941,0.740903692414769
6,14,Clock,14,23,1,3,253.9945,0.7428350806741699
6,14,Clock,14,23,1,3,254.9945,0.7447562420558824
6,14,Clock,14,23,1,3,255.995,0.7466688770156541
6,14,Clock,14,23,1,3,256.9954,0.7485718446585969
6,14,Clock,14,23,1,3,257.9954,0.7504645458704582
6,14,Clock,14,23,1,3,258.9947,0.7523463944185336
6,14,Clock,14,23,1,3,259.9962,0.7542228053770106
6,14,Clock,14,23,1,3,260.9958,0.7560860905949599
6,14,Clock,14,23,1,3,261.9972,0.7579431137577901
6,14,Clock,14,23,1,3,262.998,0.759789367330102
6,14,Clock,14,23,1,3,263.9974,0.761623454123109
6,14,Clock,14,23,1,3,264.9976,0.7634492860685993
6,14,Clock,14,23,1,3,265.9971,0.7652642274571506
6,14,Clock,14,23,1,3,266.9977,0.7670714712370912
6,14,Clock,14,23,1,3,267.9981,0.7688686206586198
6,14,Clock,14,23,1,3,268.9977,0.7706546361178757
6,14,Clock,14,23,1,3,269.998,0.7724321251531004
6,14,Clock,14,23,1,3,270.9981,0.77419960558934
6,14,Clock,14,23,1,3,271.9973,0.7759557354129166
6,14,Clock,14,23,1,3,272.9978,0.7777043628010812
6,14,Clock,14,23,1,3,273.9975,0.779441846503527
6,14,Clock,14,23,1,3,274.9981,0.7811711488914801
6,14,Clock,14,23,1,3,275.9986,0.7828904600886916
6,14,Clock,14,23,1,3,276.9987,0.7845993117310639
6,14,Clock,14,23,1,3,277.9982,0.786297402325366
6,14,Clock,14,23,1,3,278.9988,0.7879875739223449
6,14,Clock,14,23,1,3,279.9991,0.7896674427410836
6,14,Clock,14,23,1,3,280.9967,0.7913330044274833
6,14,Clock,14,23,1,3,281.9972,0.7929936324929636
6,14,Clock,14,23,1,3,282.9969,0.7946431690352013
6,14,Clock,14,23,1,3,283.9963,0.7962824887649084
6,14,Clock,14,23,1,3,284.9965,0.7979132904308891
6,14,Clock,14,23,1,3,285.9962,0.7995335347919761
6,14,Clock,14,23,1,3,287.0023,0.8011543190493424
6,14,Clock,14,24,0,0,0.0,0.18244192627997255
6,14,Clock,14,24,0,0,0.9972577,0.18394631850091814
6,14,Clock,14,24,0,0,1.997322,0.18546457599863497
6,14,Clock,14,24,0,0,2.997987,0.1869934142680675
6,14,Clock,14,24,0,0,3.999626,0.1885334401627826
6,14,Clock,14,24,0,0,4.999724,0.1900807923487104
6,14,Clock,14,24,0,0,6.000389,0.19163873079019603
6,14,Clock,14,24,0,0,7.00076,0.1932059299637022
6,14,Clock,14,24,0,0,8.000076,0.19478118947845413
6,14,Clock,14,24,0,0,9.000281,0.19636758057182654
6,14,Clock,14,24,0,0,10.00013,0.1979631445980423
6,14,Clock,14,24,0,0,11.00133,0.19957063148382517
6,14,Clock,14,24,0,0,12.00118,0.20118570760371884
6,14,Clock,14,24,0,0,13.00014,0.20280909364733854
6,14,Clock,14,24,0,0,14.00016,0.20444396375694096
6,14,Clock,14,24,0,0,15.00186,0.2060913759866245
6,14,Clock,14,24,0,0,16.00245,0.2077467577491937
6,14,Clock,14,24,0,0,17.002,0.20941019053645715
6,14,Clock,14,24,0,0,18.00234,0.21108471948016833
6,14,Clock,14,24,0,0,19.00251,0.21276874831743248
6,14,Clock,14,24,0,0,20.00308,0.2144632403114441
6,14,Clock,14,24,0,0,21.00178,0.21616432543303207
6,14,Clock,14,24,0,0,22.00285,0.2178792339391575
6,14,Clock,14,24,0,0,23.00216,0.2196008941188027
6,14,Clock,14,24,0,0,24.00199,0.22133321350497
6,14,Clock,14,24,0,0,25.00317,0.2230776515600305
6,14,Clock,14,24,0,0,26.00204,0.22482781022739246
6,14,Clock,14,24,0,0,27.00143,0.2265886117870612
6,14,Clock,14,24,0,0,28.00184,0.22836095385158878
6,14,Clock,14,24,0,0,29.00246,0.230143408478818
6,14,Clock,14,24,0,0,30.00175,0.23193320653028843
6,14,Clock,14,24,0,0,31.00178,0.23373403053604808
6,14,Clock,14,24,0,0,32.00206,0.23554500592533203
6,14,Clock,14,24,0,0,33.00281,0.23736652604517225
6,14,Clock,14,24,0,0,34.00353,0.23919766181400035
6,14,Clock,14,24,0,0,35.00357,0.2410372136919942
6,14,Clock,14,24,0,0,36.00293,0.24288513029036765
6,14,Clock,14,24,0,0,37.00312,0.2447441952176216
6,14,Clock,14,24,0,0,38.00257,0.2466114684967301
6,14,Clock,14,24,0,0,39.00232,0.2484888610716507
6,14,Clock,14,24,0,0,40.00309,0.2503777304795589
6,14,Clock,14,24,0,0,41.00271,0.2522739472610436
6,14,Clock,14,24,0,0,42.00307,0.2541810771218531
6,14,Clock,14,24,0,0,43.00212,0.2560951660516095
6,14,Clock,14,24,0,0,44.00304,0.2580222900074228
6,14,Clock,14,24,0,0,45.00259,0.25995619193107916
6,14,Clock,14,24,0,0,46.004,0.26190310025921715
6,14,Clock,14,24,0,0,47.00352,0.2638556857844767
6,14,Clock,14,24,0,0,48.00317,0.26581784111064244
6,14,Clock,14,24,0,0,49.00343,0.26779048647591214
6,14,Clock,14,24,0,0,50.00389,0.26977279337978577
6,14,Clock,14,24,0,0,51.00224,0.27176011134152406
6,14,Clock,14,24,0,0,52.00346,0.2737623382318977
6,14,Clock,14,24,1,1,53.00407,0.27577250160158473
6,14,Clock,14,24,1,1,54.00354,0.27778947226233036
6,14,Clock,14,24,1,1,55.00352,0.27981653372308807
6,14,Clock,14,24,1,1,56.00364,0.28185289445403194
6,14,Clock,14,24,1,1,57.00396,0.283898647230604
6,14,Clock,14,24,1,1,58.00496,0.28595473386947495
6,14,Clock,14,24,1,1,59.00573,0.2880192490002794
6,14,Clock,14,24,1,1,60.00475,0.2900889786155545
6,14,Clock,14,24,1,1,61.00447,0.2921689415210538
6,14,Clock,14,24,1,1,62.00492,0.2942591617321011
6,14,Clock,14,24,1,1,63.00469,0.2963566392742347
6,14,Clock,14,24,1,1,64.00511,0.2984641298400943
6,14,Clock,14,24,1,1,64.99493,0.3005577212486225
6,14,Clock,14,24,1,1,66.00532,0.30270344632990015
6,14,Clock,14,24,1,1,67.00607,0.3048372268435355
6,14,Clock,14,24,1,1,67.99484,0.3069537206401917
6,14,Clock,14,24,1,1,69.00481,0.30912400707127696
6,14,Clock,14,24,1,1,70.00437,0.31128026998270597
6,14,Clock,14,24,1,1,71.00468,0.31344635535375426
6,14,Clock,14,24,1,1,72.00489,0.3156204068264053
6,14,Clock,14,24,1,1,73.00464,0.31780154015695256
6,14,Clock,14,24,1,1,74.00573,0.3199936445524372
6,14,Clock,14,24,1,1,75.00567,0.32219119185361117
6,14,Clock,14,24,1,1,75.99514,0.32437350376521223
6,14,Clock,14,24,1,1,76.99528,0.3265871236085843
6,14,Clock,14,24,1,1,78.00524,0.3288303619080763
6,14,Clock,14,24,1,1,79.00544,0.33105962951009826
6,14,Clock,14,24,1,1,79.99489,0.3332724237551286
6,14,Clock,14,24,1,1,81.00591,0.3355410850918801
6,14,Clock,14,24,1,1,82.00529,0.33779109214648523
6,14,Clock,14,24,1,1,82.99491,0.3400264061628687
6,14,Clock,14,24,1,1,83.99503,0.34229269314225175
6,14,Clock,14,24,1,1,84.99577,0.34456760590613517
6,14,Clock,14,24,1,1,85.99571,0.3468478350225793
6,14,Clock,14,24,1,1,87.00577,0.3491582925152245
6,14,Clock,14,24,1,1,87.99568,0.35142957492668475
6,14,Clock,14,24,1,1,88.9959,0.3537313573391509
6,14,Clock,14,24,1,1,90.00615,0.3560631122752606
6,14,Clock,14,24,1,1,90.99528,0.3583527582310621
6,14,Clock,14,24,1,1,91.99603,0.360675910587109
6,14,Clock,14,24,1,1,92.99611,0.3630040202910715
6,14,Clock,14,24,1,1,93.99627,0.3653387663254769
6,14,Clock,14,24,1,1,94.99651,0.36768005789198066
6,14,Clock,14,24,1,1,95.99587,0.37002552593590077
6,14,Clock,14,24,1,1,96.99593,0.3723787985643521
6,14,Clock,14,24,1,1,97.99715,0.374740856158003
6,14,Clock,14,24,1,1,98.99685,0.37710531678659515
6,14,Clock,14,24,1,1,99.99517,0.3794723636412798
6,14,Clock,14,24,1,1,100.9969,0.3818532755500201
6,14,Clock,14,24,0,0,101.995,0.38423121348737127
6,14,Clock,14,24,0,0,102.996,0.3866216292476782
6,14,Clock,14,24,0,0,103.996,0.38901512641423386
6,14,Clock,14,24,0,0,104.9956,0.3914130146087045
6,14,Clock,14,24,0,0,105.9973,0.39382122426238925
6,14,Clock,14,24,0,0,106.9973,0.3962305005190148
6,14,Clock,14,24,0,0,107.9975,0.3986453023618435
6,14,Clock,14,24,0,0,108.9971,0.4010636039843455
6,14,Clock,14,24,0,0,109.9962,0.4034855108029799
6,14,Clock,14,24,0,0,110.9959,0.4059135963016996
6,14,Clock,14,24,0,0,112.0059,0.40837135945747605
6,14,Clock,14,24,0,0,112.9967,0.41078687237477246
6,14,Clock,14,24,0,0,113.9967,0.41322918566702727
6,14,Clock,14,24,0,0,114.9986,0.4156804274712559
6,14,Clock,14,24,0,0,115.9968,0.41812679086771914
6,14,Clock,14,24,0,0,116.9969,0.42058183725415593
6,14,Clock,14,24,0,0,117.9978,0.42304278964302183
6,14,Clock,14,24,0,0,118.9974,0.4255043518791455
6,14,Clock,14,24,0,0,119.9981,0.4279723431044456
6,14,Clock,14,24,0,0,120.9978,0.43044145343087825
6,14,Clock,14,24,0,0,121.9984,0.432916237363447
6,14,Clock,14,24,0,0,122.9985,0.43539314393274375
6,14,Clock,14,24,0,0,123.9979,0.4378715566687714
6,14,Clock,14,24,0,0,124.998,0.440354799105253
6,14,Clock,14,24,0,0,125.998,0.44284078331381654
6,14,Clock,14,24,0,0,126.997,0.4453271453765629
6,14,Clock,14,24,0,0,127.9977,0.4478204884239886
6,14,Clock,14,24,0,0,128.9973,0.4503136972439873
6,14,Clock,14,24,0,0,129.9972,0.4528101472918204
6,14,Clock,14,24,0,0,130.9967,0.45530801977595375
6,14,Clock,14,24,0,0,131.9994,0.45781612352538714
6,14,Clock,14,24,0,0,132.9988,0.46031807440037437
6,14,Clock,14,24,0,0,134.0001,0.4628268455709499
6,14,Clock,14,24,0,0,134.9995,0.46533267787857735
6,14,Clock,14,24,0,0,135.9992,0.46784106555889415
6,14,Clock,14,24,0,0,137.0005,0.47035506533005794
6,14,Clock,14,24,0,0,137.999,0.4728635147709677
6,14,Clock,14,24,0,0,138.999,0.4753771331031395
6,14,Clock,14,24,0,0,139.9979,0.47788923611982953
6,14,Clock,14,24,0,0,141.0,0.4804105218439134
6,14,Clock,14,24,0,0,141.9993,0.4829257377162729
6,14,Clock,14,24,0,0,143.001,0.4854478902283724
6,14,Clock,14,24,0,0,144.0002,0.487964442267418
6,14,Clock,14,24,0,0,145.0008,0.4904851414242821
6,14,Clock,14,24,0,0,146.0003,0.493003594527449
6,14,Clock,14,24,0,0,147.0005,0.4955241332197856
6,14,Clock,14,24,0,0,148.0006,0.49804463023540213
6,14,Clock,14,24,0,0,149.0002,0.5005639959839805
6,14,Clock,14,24,0,0,150.0011,0.5030866018901349
6,14,Clock,14,24,0,0,151.0014,0.5056075509975976
6,14,Clock,14,24,0,0,152.0006,0.5081254083214396
6,14,Clock,14,24,0,0,153.0003,0.5106441604843642
6,14,Clock,14,24,0,0,153.9996,0.513161334652954
6,14,Clock,14,24,0,0,154.9993,0.5156788403186259
6,14,Clock,14,24,1,1,155.9995,0.5181968179234321
6,14,Clock,14,24,1,1,157.0002,0.5207151386017873
6,14,Clock,14,24,1,1,157.9998,0.523229643929632
6,14,Clock,14,24,1,1,158.9987,0.5257412078940045
6,14,Clock,14,24,1,1,160.0011,0.5282602488166469
6,14,Clock,14,24,1,1,161.0008,0.530771070086488
6,14,Clock,14,24,1,1,162.0005,0.5332803728080621
6,14,Clock,14,24,1,2,163.0013,0.5357907092930264
6,14,Clock,14,24,1,2,164.0016,0.5382980099984401
6,14,Clock,14,24,1,2,165.0016,0.5408026106964421
6,14,Clock,14,24,1,2,166.0018,0.5433056479179581
6,14,Clock,14,24,1,2,167.0019,0.5458062712857225
6,14,Clock,14,24,1,2,168.001,0.5483020714049823
6,14,Clock,14,24,1,2,169.0002,0.5507956725826215
6,14,Clock,14,24,1,2,170.0,0.5532882440650045
6,14,Clock,14,24,1,2,171.0013,0.5557818613587938
6,14,Clock,14,24,1,2,172.0004,0.5582672092513771
6,14,Clock,14,24,1,2,173.0014,0.5607543778821015
6,14,Clock,14,24,1,2,174.0037,0.5632416773638108
6,14,Clock,14,24,1,2,175.0031,0.565718657025586
6,14,Clock,14,24,1,2,176.002,0.568191113124322
6,14,Clock,14,24,1,2,177.0022,0.5706633794753339
6,14,Clock,14,24,1,2,178.0022,0.5731316359580472
6,14,Clock,14,24,1,3,179.0028,0.575597758726286
6,14,Clock,14,24,1,3,180.0025,0.5780578718078875
6,14,Clock,14,24,1,3,181.0029,0.5805158404100114
6,14,Clock,14,24,1,3,182.0028,0.5829686235681629
6,14,Clock,14,24,1,3,183.0023,0.5854162992527657
6,14,Clock,14,24,1,3,184.0016,0.5878592806955228
6,14,Clock,14,24,1,3,185.0015,0.5902993922166291
6,14,Clock,14,24,1,3,186.0011,0.5927343599964368
6,14,Clock,14,24,1,3,187.0017,0.5951671901641554
6,14,Clock,14,24,1,3,188.0026,0.5975960936737503
6,14,Clock,14,24,1,3,189.0025,0.6000178182226795
6,14,Clock,14,24,1,3,190.0028,0.6024356223208203
6,14,Clock,14,24,1,3,191.0029,0.6048479215999023
6,14,Clock,14,24,1,3,192.0025,0.607253952096403
6,14,Clock,14,24,1,3,193.0027,0.609656214844458
6,14,Clock,14,24,1,3,194.0041,0.6120560566315973
6,14,Clock,14,24,1,3,195.0025,0.614443295549354
6,14,Clock,14,24,1,3,196.0031,0.6168302766560442
6,14,Clock,14,24,1,3,197.0018,0.6192071404922909
6,14,Clock,14,24,1,3,198.0033,0.621584927316611
6,14,Clock,14,24,1,3,199.003,0.6239526604123601
6,14,Clock,14,24,1,3,200.0043,0.626318229429237
6,14,Clock,14,24,1,3,201.0046,0.6286754032546913
6,14,Clock,14,24,1,3,202.0056,0.631028151032445
6,14,Clock,14,24,1,3,203.0037,0.6333678622296506
6,14,Clock,14,24,1,3,204.0036,0.6357055415618762
6,14,Clock,14,24,1,3,205.0035,0.6380367983120229
6,14,Clock,14,24,1,3,206.0032,0.6403611512587016
6,14,Clock,14,24,1,3,207.0051,0.6426839889439007
6,14,Clock,14,24,1,3,208.0037,0.6449925326887691
6,14,Clock,14,24,1,3,209.0046,0.6472996499580764
6,14,Clock,14,24,1,3,210.0045,0.6495976431623456
6,14,Clock,14,24,1,3,211.0034,0.6518864119759988
6,14,Clock,14,24,1,3,212.0034,0.6541706956320843
6,14,Clock,14,24,1,3,213.0024,0.6564455998468733
6,14,Clock,14,24,1,3,214.004,0.6587192602848384
6,14,Clock,14,24,1,3,215.0028,0.6609793362444323
6,14,Clock,14,24,1,3,216.0035,0.6632363231924543
6,14,Clock,14,24,1,3,217.0036,0.665484587507956
6,14,Clock,14,24,1,3,218.0037,0.6677253277433067
6,14,Clock,14,24,1,3,219.0036,0.6699580941306232
6,14,Clock,14,24,1,3,220.0041,0.6721845449672487
6,14,Clock,14,24,1,3,221.0049,0.6744039174843125
6,14,Clock,14,24,1,3,222.0051,0.6766141804364422
6,14,Clock,14,24,1,3,223.0055,0.67881702098889
6,14,Clock,14,24,1,3,224.0052,0.6810104266526581
6,14,Clock,14,24,1,3,225.0047,0.6831953778410654
6,14,Clock,14,24,1,3,226.0028,0.6853692586775773
6,14,Clock,14,24,1,3,227.0046,0.6875430093993367
6,14,Clock,14,24,1,3,228.0048,0.6897051502612872
6,14,Clock,14,24,1,3,229.0058,0.6918607075352269
6,14,Clock,14,24,1,3,229.996,0.6939848373635727
6,14,Clock,14,24,1,3,231.0059,0.696142766763765
6,14,Clock,14,24,1,3,231.9953,0.6982485348233556
6,14,Clock,14,24,1,3,233.0062,0.7003914765082739
6,14,Clock,14,24,1,3,234.0062,0.7025027288842458
6,14,Clock,14,24,1,3,234.9954,0.7045827413028886
6,14,Clock,14,24,1,3,235.9953,0.7066766049282855
6,14,Clock,14,24,1,3,237.0062,0.7087846559763865
6,14,Clock,14,24,1,3,238.0056,0.7108599471955833
6,14,Clock,14,24,1,3,239.0058,0.7129280763272168
6,14,Clock,14,24,1,3,240.0071,0.7149896008023489
6,14,Clock,14,24,1,3,240.9955,0.7170158224809244
6,14,Clock,14,24,1,3,241.9959,0.7190577262831104
6,14,Clock,14,24,1,3,242.9959,0.7210898232644793
6,14,Clock,14,24,1,3,243.9962,0.7231134977187686
6,14,Clock,14,24,1,3,244.996,0.7251270743108156
6,14,Clock,14,24,1,3,246.0052,0.7271503344690786
6,14,Clock,14,24,1,3,247.0047,0.7291449427871014
6,14,Clock,14,24,1,3,248.005,0.7311319641682676
6,14,Clock,14,24,1,3,249.0054,0.7331099247877367
6,14,Clock,14,24,1,3,250.0056,0.7350782173679442
6,14,Clock,14,27,0,0,0.0110925,0.1824586069471411
6,14,Clock,14,27,0,0,1.01893,0.18397911814260018
6,14,Clock,14,27,0,0,2.009226,0.18548270650594084
6,14,Clock,14,27,0,0,3.010703,0.18701290443231894
6,14,Clock,14,27,0,0,4.012049,0.1885526020124763
6,14,Clock,14,27,0,0,5.011549,0.19009914612950168
6,14,Clock,14,27,0,0,6.011959,0.19165680095838364
6,14,Clock,14,27,0,0,7.011798,0.19322327626330874
6,14,Clock,14,27,0,0,8.013364,0.19480220057453124
6,14,Clock,14,27,0,0,9.012961,0.19638775450093168
6,14,Clock,14,27,0,0,10.0135,0.1979845473566732
6,14,Clock,14,27,0,0,11.01286,0.1995892003977438
6,14,Clock,14,27,0,0,12.01302,0.20120489122336055
6,14,Clock,14,27,0,0,13.01301,0.2028300716813243
6,14,Clock,14,27,0,0,14.01287,0.20446480479283521
6,14,Clock,14,27,0,0,15.01381,0.20611108917336926
6,14,Clock,14,27,0,0,16.01416,0.20776618745751776
6,14,Clock,14,27,0,0,17.01406,0.20943031731380513
6,14,Clock,14,27,0,0,18.01282,0.21110231266475787
6,14,Clock,14,27,0,0,19.01204,0.21278483994467612
6,14,Clock,14,27,0,0,20.01213,0.2144786120253461
6,14,Clock,14,27,0,0,21.01253,0.21618268865044427
6,14,Clock,14,27,0,0,22.01254,0.21789588363128912
6,14,Clock,14,27,0,0,23.01226,0.21961834697980398
6,14,Clock,14,27,0,0,24.01391,0.22135392675211496
6,14,Clock,14,27,0,0,25.01341,0.2230955450429615
6,14,Clock,14,27,0,0,26.01408,0.22484896386665645
6,14,Clock,14,27,0,0,27.01375,0.22661037805938225
6,14,Clock,14,27,0,0,28.01477,0.22838392445694874
6,14,Clock,14,27,0,0,29.01468,0.23016523743258152
6,14,Clock,14,27,0,0,30.01326,0.23195387632294945
6,14,Clock,14,27,0,0,31.01198,0.23375244928642747
6,14,Clock,14,27,0,0,32.01356,0.23556588502834613
6,14,Clock,14,27,0,0,33.01426,0.23738741900058358
6,14,Clock,14,27,0,0,34.01423,0.23921729357387497
6,14,Clock,14,27,0,0,35.01481,0.2410579406441806
6,14,Clock,14,27,0,0,36.01467,0.24290689886120836
6,14,Clock,14,27,0,0,37.01414,0.24476473291314907
6,14,Clock,14,27,0,0,38.0146,0.24663399817393059
6,14,Clock,14,27,0,0,39.01488,0.24851251118856238
6,14,Clock,14,27,0,0,40.01426,0.25039886570277303
6,14,Clock,14,27,0,0,41.01546,0.25229819942548515
6,14,Clock,14,27,0,0,42.01442,0.2542027672031034
6,14,Clock,14,27,0,0,43.01394,0.2561178646048029
6,14,Clock,14,27,0,0,44.01429,0.25804400302358704
6,14,Clock,14,27,0,0,45.01337,0.2599771006037572
6,14,Clock,14,27,0,0,46.01431,0.26192318820330607
6,14,Clock,14,27,0,0,47.01359,0.26387540679383376
6,14,Clock,14,27,0,0,48.01471,0.2658405455375652
6,14,Clock,14,27,0,0,49.01568,0.2678147005937233
6,14,Clock,14,27,0,0,50.01482,0.26979449924901694
6,14,Clock,14,27,0,0,51.01583,0.271787230422029
6,14,Clock,14,27,0,0,52.01593,0.2737873339214535
6,14,Clock,14,27,0,0,53.0158,0.27579612095399686
6,14,Clock,14,27,0,0,54.0154,0.27781346043900795
6,14,Clock,14,27,0,0,55.01407,0.27983796298454844
6,14,Clock,14,27,0,0,56.01479,0.281875648611509
6,14,Clock,14,27,0,0,57.0152,0.2839216889015582
6,14,Clock,14,27,0,0,58.01595,0.2859773574830008
6,14,Clock,14,27,0,0,59.01684,0.2880422224357371
6,14,Clock,14,27,0,0,60.01731,0.2901150595894133
6,14,Clock,14,27,0,0,61.01645,0.2921939156063236
6,14,Clock,14,27,0,0,62.01598,0.2942823153467075
6,14,Clock,14,27,0,0,63.01549,0.2963793512814434
6,14,Clock,14,27,0,0,64.01623,0.29848759517529794
6,14,Clock,14,27,0,0,65.01556,0.3006014452447193
6,14,Clock,14,27,0,0,66.01579,0.3027257373450237
6,14,Clock,14,27,0,0,67.01708,0.30486074729338475
6,14,Clock,14,27,0,0,68.01788,0.30700313770323684
6,14,Clock,14,27,0,0,69.01695,0.30915015886164837
6,14,Clock,14,27,0,0,70.01685,0.3113072475700841
6,14,Clock,14,27,0,0,71.01693,0.31347293863747516
6,14,Clock,14,27,0,0,72.01638,0.31564542823472413
6,14,Clock,14,27,0,0,73.01495,0.31782408602851187
6,14,Clock,14,27,0,0,74.01651,0.3200172939650708
6,14,Clock,14,27,0,0,75.01495,0.32221163435587735
6,14,Clock,14,27,0,0,76.01586,0.324419287700569
6,14,Clock,14,27,0,0,77.01755,0.32663650312733683
6,14,Clock,14,27,0,0,78.01757,0.3288577947110832
6,14,Clock,14,27,0,0,79.01694,0.3310852997994505
6,14,Clock,14,27,0,0,80.01778,0.33332369821993274
6,14,Clock,14,27,0,0,81.01844,0.33556924371315056
6,14,Clock,14,27,0,0,82.01799,0.33781973932449644
6,14,Clock,14,27,0,0,83.01645,0.3400751343824348
6,14,Clock,14,27,0,0,84.01694,0.3423424088913229
6,14,Clock,14,27,0,0,85.01832,0.3446189381856365
6,14,Clock,14,27,0,0,86.01842,0.34689969315657165
6,14,Clock,14,27,0,0,87.01836,0.3491871331869294
6,14,Clock,14,27,0,0,88.01799,0.35148083777140715
6,14,Clock,14,27,1,3,89.01899,0.35378456641649936
6,14,Clock,14,27,1,3,90.0183,0.3560912059855155
6,14,Clock,14,27,1,3,91.0181,0.3584056579084433
6,14,Clock,14,27,1,3,92.01809,0.360727186703778
6,14,Clock,14,27,1,3,93.01811,0.36305531492740795
6,14,Clock,14,27,1,3,94.01764,0.3653887213081831
6,14,Clock,14,27,1,3,95.01756,0.3677293964241098
6,14,Clock,14,27,1,3,96.01851,0.3700787245649112
6,14,Clock,14,27,1,3,97.01912,0.37243342987033773
6,14,Clock,14,27,1,3,98.01918,0.37479290555997685
6,14,Clock,14,27,1,3,99.01951,0.37715897809973503
6,14,Clock,14,27,1,3,100.0196,0.3795303586842535
6,14,Clock,14,27,1,3,101.0185,0.3819046745311024
6,14,Clock,14,27,1,3,102.0171,0.3842839165004262
6,14,Clock,14,27,1,3,103.0192,0.38667709921580434
6,14,Clock,14,27,1,3,104.0182,0.3890683269614376
6,14,Clock,14,27,1,3,105.0207,0.39147329570316824
6,14,Clock,14,27,1,3,106.02,0.39387585194038693
6,14,Clock,14,27,1,3,107.0095,0.39625992362089596
6,14,Clock,14,27,1,3,108.0191,0.3986975037663148
6,14,Clock,14,27,1,3,109.0198,0.401118571503187
6,14,Clock,14,27,1,3,110.0191,0.40354106795645983
6,14,Clock,14,27,1,3,111.0197,0.40597144901918664
6,14,Clock,14,27,1,3,112.0089,0.40837868124750215
6,14,Clock,14,27,1,3,113.0193,0.41084203498736066
6,14,Clock,14,27,1,3,114.0192,0.4132842037473325
6,14,Clock,14,27,1,3,115.0193,0.41573113154721975
6,14,Clock,14,27,0,0,116.0173,0.41817707451219477
6,14,Clock,14,27,0,0,117.0192,0.4206366264041906
6,14,Clock,14,27,0,0,118.0198,0.42309691432169355
6,14,Clock,14,27,0,0,119.0096,0.42553441669639164
6,14,Clock,14,27,0,0,120.0098,0.42800122842276994
6,14,Clock,14,27,0,0,121.0107,0.4304733216995296
6,14,Clock,14,27,0,0,122.009,0.43294248464794655
6,14,Clock,14,27,0,0,123.018,0.43544147311806924
6,14,Clock,14,27,0,0,124.009,0.4378991029949106
6,14,Clock,14,27,0,0,125.0098,0.44038412317809844
6,14,Clock,14,27,0,0,126.0095,0.44286938281346966
6,14,Clock,14,27,0,0,127.0099,0.4453592729668628
6,14,Clock,14,27,0,0,128.0105,0.4478523843789317
6,14,Clock,14,27,0,0,129.0213,0.45037359483921297
6,14,Clock,14,27,0,0,130.0093,0.45284037291368306
6,14,Clock,14,27,0,0,131.0209,0.45536852732612165
6,14,Clock,14,27,0,0,132.0093,0.4578408669544483
6,14,Clock,14,27,0,0,133.009,0.46034364077594525
6,14,Clock,14,27,0,0,134.0183,0.46287243429410924
6,14,Clock,14,27,1,2,135.0096,0.46535801469752264
6,14,Clock,14,27,1,2,136.0103,0.4678689088804271
6,14,Clock,14,27,1,2,137.0105,0.47038016676897254
6,14,Clock,14,27,1,2,138.0104,0.4728921966241382
6,14,Clock,14,27,1,2,139.0104,0.47540582991851615
6,14,Clock,14,27,1,2,140.019,0.47794231961240174
6,14,Clock,14,27,1,2,141.0098,0.480435173954015
6,14,Clock,14,27,1,2,142.0099,0.48295243482573247
6,14,Clock,14,27,1,2,143.0113,0.4854738273502112
6,14,Clock,14,27,1,2,144.0116,0.4879931537006029
6,14,Clock,14,27,1,2,145.0109,0.4905105913483656
6,14,Clock,14,27,1,2,146.0108,0.49303004839030257
6,14,Clock,14,27,1,2,147.0107,0.49554982103921935
6,14,Clock,14,27,1,2,148.0109,0.49807058891508116
6,14,Clock,14,27,1,2,149.0112,0.5005917240810308
6,14,Clock,14,27,1,2,150.0111,0.5031117908361057
6,14,Clock,14,27,1,2,151.0102,0.5056296999413329
6,14,Clock,14,27,1,2,152.0108,0.5081511298294848
6,14,Clock,14,27,1,2,153.0114,0.510672106661705
6,14,Clock,14,27,1,2,154.0109,0.5131897737255576
6,14,Clock,14,27,1,2,155.0107,0.5157075400575546
6,14,Clock,14,27,1,2,156.0103,0.5182240099874832
6,14,Clock,14,27,1,2,157.0111,0.52074255033593
6,14,Clock,14,27,1,2,158.0107,0.5232570435194553
6,14,Clock,14,27,1,2,159.0117,0.5257738870559562
6,14,Clock,14,27,1,2,160.0122,0.5282881566282063
6,14,Clock,14,27,1,2,161.0119,0.5307989612915208
6,14,Clock,14,27,1,2,162.011,0.5333067145169059
6,14,Clock,14,27,1,2,163.0109,0.535814775271291
6,14,Clock,14,27,1,2,164.0102,0.5383195346855463
6,14,Clock,14,27,1,2,165.0107,0.5408253788701813
6,14,Clock,14,27,1,2,166.01,0.5433261448076818
6,14,Clock,14,27,1,2,167.011,0.5458289997170482
6,14,Clock,14,27,1,2,168.0117,0.5483287786513834
6,14,Clock,14,27,1,2,169.0114,0.5508236091724675
6,14,Clock,14,27,1,2,170.0124,0.5533191549790432
6,14,Clock,14,27,1,2,171.0132,0.5558114849512646
6,14,Clock,14,27,1,2,172.0111,0.5582938019504852
6,14,Clock,14,27,1,2,173.0098,0.5607752173172663
6,14,Clock,14,27,1,2,174.0115,0.5632610526953375
6,14,Clock,14,27,1,2,175.0128,0.5657426935333099
6,14,Clock,14,27,1,2,176.0125,0.568217079820029
6,14,Clock,14,27,1,2,177.0113,0.5706858801127913
6,14,Clock,14,27,1,2,178.0124,0.573156813688061
6,14,Clock,14,27,1,2,179.0121,0.5756206440126818
6,14,Clock,14,27,1,2,180.0115,0.5780800087951659
6,14,Clock,14,27,1,2,181.0128,0.5805401521598422
6,14,Clock,14,27,1,2,182.0121,0.5829913993451258
6,14,Clock,14,27,1,2,183.0128,0.5854419858702189
6,14,Clock,14,27,1,2,184.0131,0.5878873823050867
6,14,Clock,14,27,1,2,185.0134,0.5903284106667622
6,14,Clock,14,27,1,2,186.0142,0.5927662585571868
6,14,Clock,14,27,1,2,187.0148,0.5951990283093253
6,14,Clock,14,27,1,2,188.013,0.5976213223949624
6,14,Clock,14,27,1,2,189.0133,0.6000439566041041
6,14,Clock,14,27,1,2,190.0127,0.6024594968079704
6,14,Clock,14,27,1,2,191.0129,0.6048720035996227
6,14,Clock,14,27,1,2,192.0126,0.6072782394833071
6,14,Clock,14,27,1,2,193.0123,0.6096792411192878
6,14,Clock,14,27,1,2,194.0129,0.6120770955650141
6,14,Clock,14,27,0,0,195.0138,0.6144702630999969
6,14,Clock,14,27,0,0,196.0139,0.6168560179261335
6,14,Clock,14,27,0,0,197.014,0.6192361575744515
6,14,Clock,14,27,0,0,198.0153,0.6216134035545237
6,14,Clock,14,27,0,0,199.0154,0.6239819685915459
6,14,Clock,14,27,0,0,200.0137,0.6263404071979501
6,14,Clock,14,27,0,0,201.0133,0.6286959081123441
6,14,Clock,14,27,0,0,202.014,0.6310478858953711
6,14,Clock,14,27,0,0,203.0149,0.6333940815509703
6,14,Clock,14,27,0,0,204.0157,0.6357337916581195
6,14,Clock,14,27,0,0,205.0156,0.6380649705529728
6,14,Clock,14,27,0,0,206.0157,0.6403901656303045
6,14,Clock,14,27,0,0,207.0146,0.6427059967847858
6,14,Clock,14,27,0,0,208.0148,0.6450181752779223
6,14,Clock,14,27,0,0,209.0162,0.6473263759481372
6,14,Clock,14,27,0,0,210.0147,0.6496210329682177
6,14,Clock,14,27,0,0,211.0141,0.6519108828330922
6,14,Clock,14,27,0,0,212.0139,0.6541946386891371
6,14,Clock,14,27,0,0,213.0145,0.6564731107297289
6,14,Clock,14,27,0,0,214.0139,0.6587417040299709
6,14,Clock,14,27,0,0,215.0152,0.661007326490769
6,14,Clock,14,27,0,0,216.0154,0.6632631225889261
6,14,Clock,14,27,0,0,217.0155,0.6655112982212076
6,14,Clock,14,27,0,0,218.0154,0.6677515051867188
6,14,Clock,14,27,0,0,219.0161,0.6699859512816613
6,14,Clock,14,27,0,0,220.0133,0.672204984628561
6,14,Clock,14,27,0,0,221.0157,0.6744278324430304
6,14,Clock,14,27,0,0,222.016,0.6766382464991996
6,14,Clock,14,27,0,0,223.0163,0.678840766166201
6,14,Clock,14,27,0,0,224.0161,0.6810342863647166
6,14,Clock,14,27,0,0,225.0156,0.6832191501449801
6,14,Clock,14,27,0,0,226.0158,0.6853974873313615
6,14,Clock,14,27,0,0,227.0152,0.687565976786155
6,14,Clock,14,27,0,0,228.0145,0.6897260552089994
6,14,Clock,14,27,0,0,229.0143,0.6918789741964918
6,14,Clock,14,27,0,0,230.015,0.6940255089876952
6,14,Clock,14,27,0,0,231.0147,0.6961615092932018
6,14,Clock,14,27,0,0,232.0167,0.6982939743957898
6,14,Clock,14,27,0,0,233.0171,0.7004145565642633
6,14,Clock,14,27,0,0,234.0177,0.702526969157934
6,14,Clock,14,27,0,0,235.0167,0.7046274064096907
6,14,Clock,14,27,0,0,236.0168,0.7067215316082686
6,14,Clock,14,27,0,0,237.0172,0.7088075487883458
6,14,Clock,14,27,0,0,238.0165,0.7108825220951267
6,14,Clock,14,27,0,0,239.0155,0.7129480993609096
6,14,Clock,14,27,0,0,240.0154,0.715006653649128
6,14,Clock,14,27,0,0,241.0162,0.7170581766764632
6,14,Clock,14,27,0,0,242.0153,0.7190972533616892
6,14,Clock,14,27,0,0,243.0169,0.7211324235685989
6,14,Clock,14,27,0,0,244.017,0.7231554764360263
6,14,Clock,14,27,0,0,245.0175,0.7251702740632665
6,14,Clock,14,27,0,0,246.0175,0.727174933376395
6,14,Clock,14,27,0,0,247.0189,0.7291732261871952
6,14,Clock,14,27,0,0,248.0175,0.7311567299232904
6,14,Clock,14,27,0,0,249.0157,0.7331302408790265
6,14,Clock,14,27,0,0,250.0172,0.7351009839717817
6,14,Clock,14,27,0,0,251.0182,0.7370614393222856
6,14,Clock,14,27,0,0,252.019,0.7390121215978978
6,14,Clock,14,27,0,0,253.0187,0.7409513219957689
6,14,Clock,14,27,0,0,254.0191,0.7428824490382666
6,14,Clock,14,27,0,0,255.0179,0.7448010682369017
6,14,Clock,14,27,0,0,256.0189,0.7467144416531314
6,14,Clock,14,27,0,0,257.0168,0.7486124924132659
6,14,Clock,14,27,0,0,258.0172,0.7505057385382269
6,14,Clock,14,27,0,0,259.0182,0.7523905314000096
6,14,Clock,14,27,0,0,260.0174,0.75426244028061
6,14,Clock,14,27,0,0,261.0188,0.7561288694078147
6,14,Clock,14,27,0,0,262.0185,0.7579825105431673
6,14,Clock,14,27,0,0,263.0108,0.7598129501382315
6,14,Clock,14,27,0,0,264.0196,0.7616640599347704
6,14,Clock,14,27,0,0,265.0177,0.7634858996355436
6,14,Clock,14,27,0,0,266.017,0.7653002596377015
6,14,Clock,14,27,0,0,267.0185,0.7671089044144345
6,14,Clock,14,27,0,0,268.0191,0.7689062347119873
6,14,Clock,14,27,0,0,269.0094,0.7706754623186889
6,14,Clock,14,27,0,0,270.0097,0.7724528916812602
6,14,Clock,14,27,0,0,271.0201,0.7742383814867664
6,14,Clock,14,27,0,0,272.0097,0.775977450281694
6,14,Clock,14,27,0,0,273.0197,0.7777425500738852
6,14,Clock,14,27,0,0,274.0097,0.7794630021966827
6,14,Clock,14,27,0,0,275.0197,0.781208382300488
6,14,Clock,14,27,0,0,276.0195,0.7829262796245775
6,14,Clock,14,27,1,1,277.0191,0.7846340950528268
6,14,Clock,14,27,1,1,278.0207,0.7863355011259711
6,14,Clock,14,27,1,1,279.0197,0.7880227802125556
6,14,Clock,14,27,1,1,280.0204,0.7897030576553457
6,14,Clock,14,27,1,1,281.0213,0.7913739485978847
6,14,Clock,14,27,1,1,282.0106,0.7930158030245373
6,14,Clock,14,27,1,1,283.0107,0.7946659114744641
6,14,Clock,14,27,1,1,284.0201,0.7963214143023767
6,14,Clock,14,27,1,1,285.0201,0.7979516858108133
6,14,Clock,14,27,1,1,286.0099,0.7995556750233496
6,14,Clock,14,27,1,1,287.02,0.8011827448275315
6,14,Clock,14,27,1,1,288.01,0.8027678135791514
6,14,Clock,14,27,1,1,289.011,0.8043607131140494
6,14,Clock,14,27,1,1,290.011,0.8059423180169386
6,14,Clock,14,27,1,1,291.0101,0.8075128096980899
6,14,Clock,14,27,1,1,292.011,0.8090763589520807
6,14,Clock,14,27,1,1,293.0103,0.8106277773977876
6,14,Clock,14,27,1,1,294.011,0.8121715810038097
6,14,Clock,14,27,1,1,295.0106,0.8137040591593518
6,14,Clock,14,27,1,1,296.0206,0.8152426812700603
6,14,Clock,14,27,1,1,297.0204,0.816756032223412
6,14,Clock,14,27,1,1,298.0102,0.8182447890317386
6,14,Clock,14,27,1,1,299.0202,0.8197542163242538
6,14,Clock,14,27,1,1,300.0211,0.8212403422542999
6,14,Clock,14,27,1,1,301.0101,0.8226994083868141
6,14,Clock,14,28,0,0,0.0111128,0.18245863747499613
6,14,Clock,14,28,0,0,1.009833,0.18396534986019228
6,14,Clock,14,28,0,0,2.010395,0.1854844869676376
6,14,Clock,14,28,0,0,3.011393,0.18701396202904533
6,14,Clock,14,28,0,0,4.0115,0.18855175470697547
6,14,Clock,14,28,0,0,5.012748,0.19010100682075792
6,14,Clock,14,28,0,0,6.014083,0.1916601181342528
6,14,Clock,14,28,0,0,7.013341,0.19322570130260805
6,14,Clock,14,28,0,0,8.015121,0.19480497996466353
6,14,Clock,14,28,0,0,9.014697,0.19639051609623367
6,14,Clock,14,28,0,0,10.01435,0.19798590760515003
6,14,Clock,14,28,0,0,11.0154,0.19959329064794265
6,14,Clock,14,28,0,0,12.0133,0.2012053455278387
6,14,Clock,14,28,0,0,13.01444,0.20283240198292776
6,14,Clock,14,28,0,0,14.01499,0.20446828131942751
6,14,Clock,14,28,0,0,15.01424,0.2061117986916326
6,14,Clock,14,28,0,0,16.01418,0.20776621910824217
6,14,Clock,14,28,0,0,17.01338,0.2094291839111497
6,14,Clock,14,28,0,0,18.01521,0.21110632523966777
6,14,Clock,14,28,0,0,19.01558,0.2127908181653332
6,14,Clock,14,28,0,0,20.01401,0.21448180309268752
6,14,Clock,14,28,0,0,21.01581,0.2161882929801056
6,14,Clock,14,28,0,0,22.01543,0.21790084824182648
6,14,Clock,14,28,0,0,23.01588,0.21962460204306436
6,14,Clock,14,28,0,0,24.01619,0.22135788728295727
6,14,Clock,14,28,0,0,25.01628,0.2231005576678857
6,14,Clock,14,28,0,0,26.0155,0.2248514573544863
6,14,Clock,14,28,0,0,27.01602,0.226614388417895
6,14,Clock,14,28,0,0,28.01654,0.22838706910658224
6,14,Clock,14,28,0,0,29.01629,0.23016811308891857
6,14,Clock,14,28,0,0,30.01612,0.2319590148534449
6,14,Clock,14,28,0,0,31.01567,0.23375911376117034
6,14,Clock,14,28,0,0,32.01504,0.2355685720506793
6,14,Clock,14,28,0,0,33.01624,0.23739103240590181
6,14,Clock,14,28,0,0,34.0147,0.23921816145613403
6,14,Clock,14,28,0,0,35.01396,0.24105637869298924
6,14,Clock,14,28,0,0,36.01606,0.2429094732697389
6,14,Clock,14,28,0,0,37.01563,0.24476750548464965
6,14,Clock,14,28,0,0,38.01526,0.2466352343808688
6,14,Clock,14,28,0,0,39.01506,0.24851284875048257
6,14,Clock,14,28,0,0,40.0174,0.25040480658905434
6,14,Clock,14,28,0,0,41.01774,0.25230253059079
6,14,Clock,14,28,0,0,42.01627,0.2542063033488126
6,14,Clock,14,28,0,0,43.01559,0.256121037231996
6,14,Clock,14,28,0,0,44.01618,0.25804764774635797
6,14,Clock,14,28,0,0,45.01551,0.2599812513936058
6,14,Clock,14,28,0,0,46.01629,0.2619270468082127
6,14,Clock,14,28,0,0,47.01807,0.26388417697068256
6,14,Clock,14,28,0,0,48.01582,0.26584272973113116
6,14,Clock,14,28,0,0,49.01778,0.2678188558186126
6,14,Clock,14,28,0,0,50.01649,0.26979781773025396
6,14,Clock,14,28,0,0,51.01685,0.2717892627088381
6,14,Clock,14,28,0,0,52.01536,0.2737861945947975
6,14,Clock,14,28,0,0,53.01762,0.2757997849462471
6,14,Clock,14,28,0,0,54.01741,0.2778175267503274
6,14,Clock,14,28,0,0,55.01841,0.2798467829865227
6,14,Clock,14,28,0,0,56.01595,0.2818780151702264
6,14,Clock,14,28,0,0,57.01751,0.28392641934689733
6,14,Clock,14,28,0,0,58.01589,0.28597723183692203
6,14,Clock,14,28,0,0,59.01643,0.2880413706720013
6,14,Clock,14,28,0,0,60.01655,0.290113475524729
6,14,Clock,14,28,0,0,61.01838,0.2921979402099469
6,14,Clock,14,28,0,0,62.01884,0.29428830558895996
6,14,Clock,14,28,0,0,63.01641,0.2963812840941058
6,14,Clock,14,28,0,0,64.0168,0.29848880309700787
6,14,Clock,14,28,0,0,65.01732,0.30060518070987696
6,14,Clock,14,28,0,0,66.01808,0.3027306080473564
6,14,Clock,14,28,0,0,67.01823,0.30486319230505243
6,14,Clock,14,28,0,0,68.01816,0.3070037268075356
6,14,Clock,14,28,0,0,69.01759,0.3091515387639347
6,14,Clock,14,28,0,0,70.01744,0.3113085173291765
6,14,Clock,14,28,0,0,71.01709,0.3134732862476804
6,14,Clock,14,28,0,0,72.01596,0.31564451441946934
6,14,Clock,14,28,0,0,73.01692,0.31782838851822603
6,14,Clock,14,28,0,0,74.0185,0.32002166242915103
6,14,Clock,14,28,0,0,75.01855,0.32221954613962994
6,14,Clock,14,28,0,0,76.01823,0.3244245136210493
6,14,Clock,14,28,0,0,77.01774,0.3266369260586269
6,14,Clock,14,28,0,0,78.01897,0.32886090134588597
6,14,Clock,14,28,0,0,79.01764,0.33108686696314366
6,14,Clock,14,28,0,0,80.01952,0.33332761233278535
6,14,Clock,14,28,0,0,81.01741,0.33556692855704245
6,14,Clock,14,28,0,0,82.01808,0.33781994579496366
6,14,Clock,14,28,0,0,83.01849,0.34007976054588734
6,14,Clock,14,28,0,0,84.01945,0.34234810624980944
6,14,Clock,14,28,0,0,85.01937,0.3446213355177713
6,14,Clock,14,28,0,0,86.01777,0.3468982119430393
6,14,Clock,14,28,0,0,87.0088,0.3491652316547582
6,14,Clock,14,28,0,0,88.00897,0.3514601148273463
6,14,Clock,14,28,0,0,89.00903,0.35376161889827956
6,14,Clock,14,28,0,0,90.00906,0.3560698490319764
6,14,Clock,14,28,0,0,91.01865,0.3584069313634229
6,14,Clock,14,28,0,0,92.00906,0.3607062040832049
6,14,Clock,14,28,0,0,93.01897,0.3630573070149916
6,14,Clock,14,28,0,0,94.01846,0.3653906475133418
6,14,Clock,14,28,0,0,95.01842,0.36773139935162846
6,14,Clock,14,28,0,0,96.01799,0.3700775052822734
6,14,Clock,14,28,0,0,97.01869,0.37243242314355496
6,14,Clock,14,28,0,0,98.02034,0.3747956450823984
6,14,Clock,14,28,0,0,99.00938,0.3771349837126418
6,14,Clock,14,28,0,0,100.0092,0.3795056714291429
6,14,Clock,14,28,0,0,101.0099,0.38188421266304945
6,14,Clock,14,28,0,0,102.0094,0.3842655538507463
6,14,Clock,14,28,0,0,103.0204,0.3866799630855154
6,14,Clock,14,28,0,0,104.0199,0.38907238566836083
6,14,Clock,14,28,0,0,105.0094,0.39144615963952734
6,14,Clock,14,28,0,0,106.0093,0.3938501077426806
6,14,Clock,14,28,0,0,107.0091,0.3962589667602418
6,14,Clock,14,28,0,0,108.0092,0.39867358782457935
6,14,Clock,14,28,0,0,109.0197,0.40111833130357505
6,14,Clock,14,28,0,0,110.0095,0.40351777845191716
6,14,Clock,14,28,0,0,111.01,0.4059478735825182
6,14,Clock,14,28,0,0,112.0107,0.40838304832436295
6,14,Clock,14,28,0,0,113.0104,0.41082030850677304
6,14,Clock,14,28,0,0,114.0103,0.4132624387088582
6,14,Clock,14,28,0,0,115.0095,0.4157071244207388
6,14,Clock,14,28,0,0,116.01,0.4181591653302663
6,14,Clock,14,28,0,0,117.0105,0.4206152390964825
6,14,Clock,14,28,0,0,118.0109,0.42307502392402035
6,14,Clock,14,28,0,0,119.012,0.42554033947391784
6,14,Clock,14,28,0,0,120.0113,0.4280049191506956
6,14,Clock,14,28,0,0,121.0113,0.43047481141375665
6,14,Clock,14,28,0,0,122.0116,0.43294890490432586
6,14,Clock,14,28,0,0,123.0119,0.4354263653887724
6,14,Clock,14,28,0,0,124.0118,0.4379060511665152
6,14,Clock,14,28,0,0,125.0108,0.44038660636045446
6,14,Clock,14,28,0,0,126.011,0.4428731214621922
6,14,Clock,14,28,0,0,127.0124,0.445365485746959
6,14,Clock,14,28,0,0,128.0108,0.4478531451702173
6,14,Clock,14,28,0,0,129.0105,0.45034663503144357
6,14,Clock,14,28,0,0,130.0117,0.4528463952102884
6,14,Clock,14,28,0,0,131.0111,0.4553439960481818
6,14,Clock,14,28,0,0,132.0108,0.4578446472188717
6,14,Clock,14,28,0,0,133.0106,0.4603476534547382
6,14,Clock,14,28,0,0,134.0097,0.4628509019590421
6,14,Clock,14,28,0,0,135.0104,0.46536004318169466
6,14,Clock,14,28,0,0,136.0105,0.4678694067683283
6,14,Clock,14,28,0,0,137.011,0.47038143142558564
6,14,Clock,14,28,0,0,138.0112,0.4728941905564135
6,14,Clock,14,28,0,0,139.0102,0.4754052928108539
6,14,Clock,14,28,0,0,140.0111,0.4779224372335526
6,14,Clock,14,28,0,0,141.0099,0.480435442747018
6,14,Clock,14,28,0,0,142.0102,0.48295316467613536
6,14,Clock,14,28,0,0,143.0106,0.4854720597809037
6,14,Clock,14,28,0,0,144.012,0.48799415302902255
6,14,Clock,14,28,0,0,145.0106,0.49050986091179183
6,14,Clock,14,28,0,0,146.012,0.4930330475225689
6,14,Clock,14,28,0,0,147.0115,0.49555185914566136
6,14,Clock,14,28,0,0,148.0123,0.49807412698778686
6,14,Clock,14,28,0,0,149.012,0.500593723888169
6,14,Clock,14,28,0,0,150.0118,0.5031135598301925
6,14,Clock,14,28,0,0,151.0124,0.505635275626816
6,14,Clock,14,28,0,0,152.0128,0.5081561664724995
6,14,Clock,14,28,0,0,153.0126,0.5106751434500006
6,14,Clock,14,28,0,0,154.0121,0.513192809783672
6,14,Clock,14,28,0,0,155.012,0.5157108057508709
6,14,Clock,14,28,0,0,156.0126,0.5182298094109122
6,14,Clock,14,28,0,0,157.013,0.5207473492961513
6,14,Clock,14,28,0,0,158.0121,0.5232605739886395
6,14,Clock,14,28,0,0,159.0126,0.5257761500413949
6,14,Clock,14,28,0,0,160.0124,0.5282886549803777
6,14,Clock,14,28,0,0,161.0119,0.5307989612915208
6,14,Clock,14,28,0,0,162.013,0.5333117301410067
6,14,Clock,14,28,0,0,163.0129,0.5358197874015841
6,14,Clock,14,28,0,0,164.0133,0.5383273340040524
6,14,Clock,14,28,0,0,165.0129,0.5408308798798855
6,14,Clock,14,28,0,0,166.0124,0.5433321755219777
6,14,Clock,14,28,0,0,167.0136,0.5458354826238639
6,14,Clock,14,28,0,0,168.0131,0.5483322837186951
6,14,Clock,14,28,0,0,169.0124,0.5508261211661997
6,14,Clock,14,28,0,0,170.0131,0.5533209039237288
6,14,Clock,14,28,0,0,171.0138,0.5558129661204749
6,14,Clock,14,28,0,0,172.0135,0.5582997956938484
6,14,Clock,14,28,0,0,173.014,0.5607856748439779
6,14,Clock,14,28,0,0,174.0137,0.5632665019725444
6,14,Clock,14,28,0,0,175.0137,0.5657449233194561
6,14,Clock,14,28,0,0,176.0139,0.5682205520823156
6,14,Clock,14,28,0,0,177.0143,0.5706932671930537
6,14,Clock,14,28,0,0,178.0135,0.5731595233763204
6,14,Clock,14,28,0,0,179.0138,0.5756248151875838
6,14,Clock,14,28,0,0,180.0135,0.5780849239141859
6,14,Clock,14,28,0,0,181.0143,0.5805438232375537
6,14,Clock,14,28,0,0,182.0144,0.5829970464862667
6,14,Clock,14,28,0,0,183.0134,0.5854434419290985
6,14,Clock,14,28,0,0,184.0142,0.5878900657179458
6,14,Clock,14,28,0,0,185.0128,0.5903269597591931
6,14,Clock,14,28,0,0,186.0135,0.5927645503886502
6,14,Clock,14,28,0,0,187.0139,0.5951968415473226
6,14,Clock,14,28,0,0,188.0138,0.5976232459712727
6,14,Clock,14,28,0,0,189.015,0.6000480545190352
6,14,Clock,14,28,0,0,190.0154,0.6024660179951309
6,14,Clock,14,28,0,0,191.0153,0.6048778126164989
6,14,Clock,14,28,0,0,192.015,0.6072839994050743
6,14,Clock,14,28,0,0,193.0144,0.6096842929234334
6,14,Clock,14,28,0,0,194.0154,0.6120830857404679
6,14,Clock,14,28,0,0,195.0154,0.6144740895198445
6,14,Clock,14,28,0,0,196.0153,0.6168593627888366
6,14,Clock,14,28,0,0,197.0166,0.6192423235947104
6,14,Clock,14,28,0,0,198.0156,0.621614091026395
6,14,Clock,14,28,0,0,199.0165,0.623984567302539
6,14,Clock,14,28,0,0,200.0164,0.6263467796079593
6,14,Clock,14,28,0,0,201.0146,0.6286989604595703
6,14,Clock,14,28,0,0,202.0159,0.6310523270745091
6,14,Clock,14,28,0,0,203.0147,0.6333936171829395
6,14,Clock,14,28,0,0,204.015,0.6357321529643493
6,14,Clock,14,28,0,0,205.0149,0.6380633363757661
6,14,Clock,14,28,0,0,206.0154,0.6403894571108666
6,14,Clock,14,28,0,0,207.0155,0.6427080809632336
6,14,Clock,14,28,0,0,208.0162,0.6450214157656278
6,14,Clock,14,28,0,0,209.0153,0.6473243039266808
6,14,Clock,14,28,0,0,210.0164,0.6496249545419149
6,14,Clock,14,28,0,0,211.0156,0.6519143038020229
6,14,Clock,14,28,0,0,212.0163,0.6542001023295683
6,14,Clock,14,28,0,0,213.0176,0.656480153069373
6,14,Clock,14,28,0,0,214.0176,0.6587500727020077
6,14,Clock,14,28,0,0,215.0165,0.6610102564391482
6,14,Clock,14,28,0,0,216.0159,0.6632642563863965
6,14,Clock,14,28,0,0,217.0159,0.6655121885600456
6,14,Clock,14,28,0,0,218.0158,0.6677523925395239
6,14,Clock,14,28,0,0,219.0164,0.6699866315390461
6,14,Clock,14,28,0,0,220.0166,0.6722123061394412
6,14,Clock,14,28,0,0,221.016,0.6744285079936402
6,14,Clock,14,28,0,0,222.0175,0.6766415449915786
6,14,Clock,14,28,0,0,223.0178,0.6788440863927054
6,14,Clock,14,28,0,0,224.0176,0.6810375611531044
6,14,Clock,14,28,0,0,225.018,0.6832244105535374
6,14,Clock,14,28,0,0,226.0181,0.6854024960327924
6,14,Clock,14,28,0,0,227.018,0.6875720572062959
6,14,Clock,14,28,0,0,228.0176,0.6897327380445866
6,14,Clock,14,28,0,0,229.0186,0.6918882220796366
6,14,Clock,14,28,0,0,230.0179,0.6940317156363929
6,14,Clock,14,28,0,0,231.0177,0.6961679193490627
6,14,Clock,14,28,0,0,232.0178,0.6982963402585248
6,14,Clock,14,28,0,0,233.018,0.7004164610269356
6,14,Clock,14,28,0,0,234.017,0.7025254903409641
6,14,Clock,14,28,0,0,235.0178,0.7046297436155254
6,14,Clock,14,28,0,0,236.0177,0.7067234127653933
6,14,Clock,14,28,0,0,237.0187,0.7088106921013712
6,14,Clock,14,28,0,0,238.0185,0.7108866638749267
6,14,Clock,14,28,0,0,239.0183,0.7129538605509445
6,14,Clock,14,28,0,0,240.0186,0.7150132363853764
6,14,Clock,14,28,0,0,241.0184,0.7170626709273882
6,14,Clock,14,28,0,0,242.0192,0.7191051770144605
6,14,Clock,14,28,0,0,243.018,0.7211346509256958
6,14,Clock,14,28,0,0,244.0168,0.7231550760706296
6,14,Clock,14,28,0,0,245.0174,0.72517005945462
6,14,Clock,14,28,0,0,246.0177,0.7271753301216094
6,14,Clock,14,28,0,0,247.0178,0.7291710389228117
6,14,Clock,14,28,0,0,248.0176,0.7311569113520708
6,14,Clock,14,28,0,0,249.0175,0.7331337923317632
6,14,Clock,14,28,0,0,250.0193,0.7351051177734891
6,14,Clock,14,28,0,0,251.0192,0.7370633771522703
6,14,Clock,14,28,0,0,252.0187,0.7390115578678612
6,14,Clock,14,28,1,3,253.0184,0.7409507314592666
6,14,Clock,14,28,1,3,254.0191,0.7428824490382666
6,14,Clock,14,28,1,3,255.0188,0.7448027933420132
6,14,Clock,14,28,1,3,256.019,0.7467146744087676
6,14,Clock,14,28,1,3,257.009,0.7485976698060884
6,14,Clock,14,28,1,3,258.009,0.7504902414098776
6,14,Clock,14,28,1,3,259.0089,0.7523731065209364
6,14,Clock,14,28,1,3,260.0201,0.7542675155181534
6,14,Clock,14,28,1,3,261.0089,0.756110487622998
6,14,Clock,14,28,1,3,262.0198,0.7579849374230281
6,14,Clock,14,28,1,3,263.0199,0.7598296817417934
6,14,Clock,14,28,1,3,264.0095,0.7616455728712043
6,14,Clock,14,28,1,3,265.0092,0.7634703990732921
6,14,Clock,14,28,1,3,266.0198,0.7653053436243789
6,14,Clock,14,28,1,3,267.02,0.7671115976826575
6,14,Clock,14,28,1,3,268.0094,0.7688888496787757
6,14,Clock,14,28,1,3,269.0094,0.7706754623186889
6,14,Clock,14,28,1,3,270.0103,0.7724539732346419
6,14,Clock,14,28,1,3,271.01,0.7742205806549469
6,14,Clock,14,28,1,3,272.0204,0.7759961687945712
6,14,Clock,14,28,1,3,273.0203,0.7777435605369665
6,14,Clock,14,28,1,3,274.0092,0.779462103109331
6,14,Clock,14,28,1,3,275.0203,0.7812093814392982
6,14,Clock,14,28,1,3,276.0095,0.7829091286133444
6,14,Clock,14,28,1,3,277.0092,0.7846171978345184
6,14,Clock,14,28,1,3,278.0089,0.7863155476899725
6,14,Clock,14,28,1,3,279.011,0.788008081463632
6,14,Clock,14,28,1,3,280.0101,0.7896858383712524
6,14,Clock,14,28,1,3,281.0095,0.7913542900385617
6,14,Clock,14,28,1,3,282.0099,0.7930146415140509
6,14,Clock,14,28,1,3,283.0117,0.7946675179337551
6,14,Clock,14,28,1,3,284.0094,0.7963038984955534
6,14,Clock,14,28,1,3,285.0087,0.7979331336847343
6,14,Clock,14,28,1,3,286.0101,0.799556020179489
6,14,Clock,14,28,1,3,287.0098,0.8011663758732137
6,14,Clock,14,28,1,3,288.0103,0.8027683007067145
6,14,Clock,14,28,1,3,289.0108,0.8043604226223122
6,14,Clock,14,28,1,3,290.0102,0.8059410669383882
6,14,Clock,14,28,1,3,291.0107,0.8075137661338274
6,14,Clock,14,28,1,3,292.0105,0.8090755985466136
6,14,Clock,14,28,1,3,293.0114,0.810629477653068
6,14,Clock,14,28,1,2,294.0107,0.8121711586004687
6,14,Clock,14,28,1,2,295.0113,0.813705131844122
6,14,Clock,14,28,1,2,296.0103,0.8152270638956121
6,14,Clock,14,28,1,2,297.0109,0.8167417113021435
6,14,Clock,14,28,1,2,298.0119,0.8182473513385606
6,14,Clock,14,28,1,2,299.0108,0.8197402143905526
6,14,Clock,14,28,1,2,300.0102,0.8212242172924001
6,14,Clock,14,28,1,2,301.0107,0.8227003059310681
6,14,Clock,6,29,0,0,0.0112192,0.1824587974826459
6,14,Clock,6,29,0,0,1.011824,0.18396836322191712
6,14,Clock,6,29,0,0,2.016775,0.1854942043885898
6,14,Clock,6,29,0,0,3.01134,0.1870138805347316
6,14,Clock,6,29,0,0,4.016446,0.18855938423935428
6,14,Clock,6,29,0,0,5.010691,0.19009781464101247
6,14,Clock,6,29,0,0,6.014781,0.19166120847733153
6,14,Clock,6,29,0,0,7.021184,0.1932380276945341
6,14,Clock,6,29,0,0,8.014297,0.19480367547233376
6,14,Clock,6,29,0,0,9.017834,0.19639550676788511
6,14,Clock,6,29,0,0,10.0143,0.19798582821896243
6,14,Clock,6,29,0,0,11.0198,0.1996003776967889
6,14,Clock,6,29,0,0,12.01373,0.20120604243858076
6,14,Clock,6,29,0,0,13.01924,0.20284022783831993
6,14,Clock,6,29,0,0,14.01323,0.20446539594000696
6,14,Clock,6,29,0,0,15.01874,0.20611922121060855
6,14,Clock,6,29,0,0,16.02178,0.20777883220506396
6,14,Clock,6,29,0,0,17.0179,0.2094367294013761
6,14,Clock,6,29,0,0,18.01236,0.2111015408989737
6,14,Clock,6,29,0,0,19.01663,0.21279259297318354
6,14,Clock,6,29,0,0,20.01117,0.21447697924890718
6,14,Clock,6,29,0,0,21.01589,0.21618842983133185
6,14,Clock,6,29,0,0,22.01227,0.2178954183056391
6,14,Clock,6,29,0,0,23.01739,0.21962720890648302
6,14,Clock,6,29,0,0,24.01122,0.22134925372237185
6,14,Clock,6,29,0,0,25.01702,0.22310185083149173
6,14,Clock,6,29,0,0,26.0217,0.22486235318819184
6,14,Clock,6,29,0,0,27.01569,0.2266138053962715
6,14,Clock,6,29,0,0,28.02129,0.22839550694857527
6,14,Clock,6,29,0,0,29.01555,0.2301667911015979
6,14,Clock,6,29,0,0,30.01976,0.2319655511790467
6,14,Clock,6,29,0,0,31.01329,0.23375481541815626
6,14,Clock,6,29,0,0,32.02007,0.23557769977458945
6,14,Clock,6,29,0,0,33.01092,0.23738132712170013
6,14,Clock,6,29,0,0,34.01912,0.23922626646079237
6,14,Clock,6,29,0,0,35.01377,0.2410560269031332
6,14,Clock,6,29,0,0,36.01718,0.24291155261323355
6,14,Clock,6,29,0,0,37.01274,0.2447621238716621
6,14,Clock,6,29,0,0,38.01831,0.24664095099894254
6,14,Clock,6,29,0,0,39.01217,0.24850740470418417
6,14,Clock,6,29,0,0,40.01754,0.2504050736784918
6,14,Clock,6,29,0,0,41.01052,0.2522888045209967
6,14,Clock,6,29,0,0,42.01724,0.25420815528135793
6,14,Clock,6,29,0,0,43.02027,0.2561300277035298
6,14,Clock,6,29,0,0,44.01577,0.258046859894349
6,14,Clock,6,29,0,0,45.02153,0.2599929271078753
6,14,Clock,6,29,0,0,46.01505,0.261924630529172
6,14,Clock,6,29,0,0,47.02,0.26388795701939194
6,14,Clock,6,29,0,0,48.01451,0.2658401552361404
6,14,Clock,6,29,0,0,49.02043,0.2678240970408051
6,14,Clock,6,29,0,0,50.01405,0.26979296881657
6,14,Clock,6,29,0,0,51.02033,0.27179620452437525
6,14,Clock,6,29,0,0,52.01211,0.2737796798440752
6,14,Clock,6,29,0,0,53.01879,0.27580214312910795
6,14,Clock,6,29,0,0,54.01346,0.2778095330497492
6,14,Clock,6,29,0,0,55.01865,0.2798472712692772
6,14,Clock,6,29,0,0,56.0123,0.28187056522191517
6,14,Clock,6,29,0,0,57.01873,0.2839289214198626
6,14,Clock,6,29,0,0,58.01094,0.28596704676174106
6,14,Clock,6,29,0,0,59.01741,0.2880433975566864
6,14,Clock,6,29,0,0,60.01103,0.2901020149691009
6,14,Clock,6,29,0,0,61.01686,0.2921947746098983
6,14,Clock,6,29,0,0,62.02135,0.2942935610867036
6,14,Clock,6,29,0,0,63.01606,0.29638054625604604
6,14,Clock,6,29,0,0,64.01111,0.29847678842735664
6,14,Clock,6,29,0,0,65.01536,0.3006010248044107
6,14,Clock,6,29,0,0,66.01973,0.30273411498049285
6,14,Clock,6,29,0,0,67.01254,0.3048510488555517
6,14,Clock,6,29,0,0,68.02018,0.30700806328911096
6,14,Clock,6,29,0,0,69.01416,0.3091441464699746
6,14,Clock,6,29,0,0,70.02119,0.3113166141714337
6,14,Clock,6,29,0,0,71.01406,0.3134667147949633
6,14,Clock,6,29,0,0,72.01811,0.3156491998145842
6,14,Clock,6,29,0,0,73.01423,0.3178225017862595
6,14,Clock,6,29,0,0,74.01737,0.3200191852885562
6,14,Clock,6,29,0,0,75.01094,0.32220279881125696
6,14,Clock,6,29,0,0,76.0176,0.3244231312765369
6,14,Clock,6,29,0,0,77.02081,0.32664374374993094
6,14,Clock,6,29,0,0,78.01769,0.32885806632882947
6,14,Clock,6,29,0,0,79.01154,0.3310732566121768
6,14,Clock,6,29,0,0,80.01762,0.33332333928497004
6,14,Clock,6,29,0,0,81.01078,0.3355520260006678
6,14,Clock,6,29,0,0,82.01668,0.3378167799212588
6,14,Clock,6,29,0,0,83.01159,0.3400641387357408
6,14,Clock,6,29,0,0,84.0154,0.34233892815668493
6,14,Clock,6,29,0,0,85.0213,0.34462573064722285
6,14,Clock,6,29,0,0,86.01613,0.34689446535734075
6,14,Clock,6,29,0,0,87.02153,0.34919440470630847
6,14,Clock,6,29,0,0,88.01397,0.35147159828474006
6,14,Clock,6,29,0,0,89.02009,0.3537870985977064
6,14,Clock,6,29,0,0,90.0147,0.3560828818199223
6,14,Clock,6,29,0,0,91.01833,0.35840620620131475
6,14,Clock,6,29,0,0,92.01338,0.36071624303903177
6,14,Clock,6,29,0,0,93.01836,0.3630558840948094
6,14,Clock,6,29,0,0,94.01306,0.3653780202468581
6,14,Clock,6,29,0,0,95.01991,0.36773490448576923
6,14,Clock,6,29,0,0,96.01231,0.3700641470736694
6,14,Clock,6,29,0,0,97.01806,0.3724309310326798
6,14,Clock,6,29,0,0,98.01287,0.3747780005357549
6,14,Clock,6,29,0,0,99.0177,0.37715469592476125
6,14,Clock,6,29,0,0,100.0129,0.37951445589085103
6,14,Clock,6,29,0,0,101.0174,0.38190206003659416
6,14,Clock,6,29,0,0,102.012,0.3842717596250863
6,14,Clock,6,29,0,0,103.0166,0.38667087899075747
6,14,Clock,6,29,0,0,104.0114,0.38905201915890325
6,14,Clock,6,29,0,0,105.016,0.3914620087781757
6,14,Clock,6,29,0,0,106.0215,0.39387946939626983
6,14,Clock,6,29,0,0,107.0152,0.3962736693798467
6,14,Clock,6,29,0,0,108.0193,0.39869800163608277
6,14,Clock,6,29,0,0,109.015,0.4011069495917946
6,14,Clock,6,29,0,0,110.0205,0.403544474406925
6,14,Clock,6,29,0,0,111.0144,0.40595855759766847
6,14,Clock,6,29,0,0,112.0205,0.4084069281280638
6,14,Clock,6,29,0,0,113.0114,0.41082274736601315
6,14,Clock,6,29,0,0,114.0195,0.41328493111950815
6,14,Clock,6,29,0,0,115.0128,0.4157152139369662
6,14,Clock,6,29,0,0,116.0194,0.41818222086874535
6,14,Clock,6,29,0,0,117.0126,0.4206204125108155
6,14,Clock,6,29,0,0,118.0177,0.4230917514648407
6,14,Clock,6,29,0,0,119.0121,0.42554058390646543
6,14,Clock,6,29,0,0,120.0173,0.4280197386337965
6,14,Clock,6,29,0,0,121.0209,0.43049853386812637
6,14,Clock,6,29,0,0,122.0168,0.4329617832511746
6,14,Clock,6,29,0,0,123.0214,0.4354499062706643
6,14,Clock,6,29,0,0,124.0167,0.4379182057923075
6,14,Clock,6,29,0,0,125.021,0.4404119501555262
6,14,Clock,6,29,0,0,126.0145,0.44288183234904444
6,14,Clock,6,29,0,0,127.0109,0.4453617618767166
6,14,Clock,6,29,0,0,128.0153,0.4478643668700342
6,14,Clock,6,29,0,0,129.0204,0.4503713481774322
6,14,Clock,6,29,0,0,130.0143,0.4528528749119258
6,14,Clock,6,29,0,0,131.0208,0.455368260265942
6,14,Clock,6,29,0,0,132.0134,0.4578511385933464
6,14,Clock,6,29,0,0,133.019,0.4603686723323819
6,14,Clock,6,29,0,0,134.0134,0.46286015740403336
6,14,Clock,6,29,0,0,135.0182,0.4653796008897443
6,14,Clock,6,29,0,0,136.0138,0.4678776793766664
6,14,Clock,6,29,0,0,137.0193,0.47040227915303495
6,14,Clock,6,29,0,0,138.0129,0.47289844683781745
6,14,Clock,6,29,0,0,139.018,0.47542493564236016
6,14,Clock,6,29,0,0,140.0114,0.4779232048916697
6,14,Clock,6,29,0,0,141.0173,0.48045406628979326
6,14,Clock,6,29,0,0,142.0123,0.48295846569703316
6,14,Clock,6,29,0,0,143.0174,0.4854891591079247
6,14,Clock,6,29,0,0,144.0198,0.48801383213129046
6,14,Clock,6,29,0,0,145.0158,0.4905229318881828
6,14,Clock,6,29,0,0,146.022,0.4930582710137571
6,14,Clock,6,29,0,0,147.0161,0.4955634340548595
6,14,Clock,6,29,0,0,148.0215,0.49809731675169167
6,14,Clock,6,29,0,0,149.0159,0.5006035690922634
6,14,Clock,6,29,0,0,150.0214,0.5031377488936699
6,14,Clock,6,29,0,0,151.0148,0.5056413127467585
6,14,Clock,6,29,0,0,152.0203,0.5081750442571493
6,14,Clock,6,29,0,0,153.015,0.5106811785838944
6,14,Clock,6,29,0,0,154.0197,0.5132119484567068
6,14,Clock,6,29,0,0,155.0137,0.5157151087800155
6,14,Clock,6,29,0,0,156.0195,0.5182471692450599
6,14,Clock,6,29,0,0,157.0139,0.5207496144040457
6,14,Clock,6,29,0,0,158.0179,0.5232751563367237
6,14,Clock,6,29,0,0,159.0134,0.5257781445361579
6,14,Clock,6,29,0,0,160.0171,0.5283004620768663
6,14,Clock,6,29,0,0,161.0113,0.5307974671246986
6,14,Clock,6,29,0,0,162.0164,0.5333202681726514
6,14,Clock,6,29,0,0,163.022,0.5358426288502849
6,14,Clock,6,29,0,0,164.0161,0.538334330435572
6,14,Clock,6,29,0,0,165.022,0.5408536860431227
6,14,Clock,6,29,0,0,166.0165,0.5433424048057853
6,14,Clock,6,29,0,0,167.0112,0.5458294954692947
6,14,Clock,6,29,0,0,168.0158,0.5483389890514954
6,14,Clock,6,29,0,0,169.0202,0.550845569999618
6,14,Clock,6,29,0,0,170.0141,0.5533233752563606
6,14,Clock,6,29,0,0,171.0207,0.5558301703978515
6,14,Clock,6,29,0,0,172.0139,0.5583007820044198
6,14,Clock,6,29,0,0,173.0192,0.5607985572302152
6,14,Clock,6,29,0,0,174.013,0.5632647612328746
6,14,Clock,6,29,0,0,175.0175,0.5657543337435383
6,14,Clock,6,29,0,0,176.0135,0.5682195707914796
6,14,Clock,6,29,0,0,177.0181,0.5707026517547065
6,14,Clock,6,29,0,0,178.0124,0.573156813688061
6,14,Clock,6,29,0,0,179.0186,0.5756366522468842
6,14,Clock,6,29,0,0,180.0117,0.57808049655576
6,14,Clock,6,29,0,0,181.0171,0.5805507158491736
6,14,Clock,6,29,0,0,182.0113,0.5829894546292291
6,14,Clock,6,29,0,0,183.0171,0.5854525142623355
6,14,Clock,6,29,0,0,184.0217,0.5879083649635586
6,14,Clock,6,29,0,0,185.0134,0.5903284106667622
6,14,Clock,6,29,0,0,186.0216,0.5927842684585378
6,14,Clock,6,29,0,0,187.0153,0.5952002514118484
6,14,Clock,6,29,0,0,188.0214,0.5976416677614634
6,14,Clock,6,29,0,0,189.0154,0.6000490143889773
6,14,Clock,6,29,0,0,190.0175,0.6024711022852999
6,14,Clock,6,29,0,0,191.0144,0.6048756434301172
6,14,Clock,6,29,0,0,192.0198,0.607295555845985
6,14,Clock,6,29,0,0,193.0143,0.6096840366730648
6,14,Clock,6,29,0,0,194.0198,0.6120936415159839
6,14,Clock,6,29,0,0,195.0145,0.6144719394380527
6,14,Clock,6,29,0,0,196.0186,0.6168672159012661
6,14,Clock,6,29,0,0,197.0138,0.619235649782834
6,14,Clock,6,29,0,0,198.0177,0.6216190842284784
6,14,Clock,6,29,0,0,199.0128,0.6239758327178255
6,14,Clock,6,29,0,0,200.015,0.626343467400319
6,14,Clock,6,29,0,0,201.0131,0.6286954412818626
6,14,Clock,6,29,0,0,202.0175,0.6310560877330305
6,14,Clock,6,29,0,0,203.0224,0.6334116559127784
6,14,Clock,6,29,0,0,204.0173,0.6357375321429756
6,14,Clock,6,29,0,0,205.0222,0.6380803529775753
6,14,Clock,6,29,0,0,206.0159,0.6403906261676109
6,14,Clock,6,29,0,0,207.0197,0.6427177952830742
6,14,Clock,6,29,0,0,208.0167,0.6450225428886682
6,14,Clock,6,29,0,0,209.0206,0.6473364901428234
6,14,Clock,6,29,0,0,210.0151,0.6496219783494407
6,14,Clock,6,29,0,0,211.0197,0.6519236939321233
6,14,Clock,6,29,0,0,212.0139,0.6541946386891371
6,14,Clock,6,29,0,0,213.0196,0.6564847322877815
6,14,Clock,6,29,0,0,214.0141,0.6587421535892473
6,14,Clock,6,29,0,0,215.0178,0.661013220844953
6,14,Clock,6,29,0,0,216.012,0.6632554608173659
6,14,Clock,6,29,0,0,217.0189,0.6655189345506308
6,14,Clock,6,29,0,0,218.0127,0.6677454643302076
6,14,Clock,6,29,0,0,219.0185,0.6699912912830023
6,14,Clock,6,29,0,0,220.0132,0.6722047473559736
6,14,Clock,6,29,0,0,221.0173,0.6744313790756425
6,14,Clock,6,29,0,0,222.0124,0.6766303031189312
6,14,Clock,6,29,0,0,223.017,0.6788423088999576
6,14,Clock,6,29,0,0,224.0219,0.6810469844240453
6,14,Clock,6,29,0,0,225.0162,0.6832204818984112
6,14,Clock,6,29,0,0,226.0217,0.6854103241155123
6,14,Clock,6,29,0,0,227.0157,0.6875670673010403
6,14,Clock,6,29,0,0,228.0207,0.6897394537207697
6,14,Clock,6,29,0,0,229.0154,0.6918813353727818
6,14,Clock,6,29,0,0,230.0205,0.6940372688939769
6,14,Clock,6,29,0,0,231.0153,0.696162810833553
6,14,Clock,6,29,0,0,232.0194,0.6982997107844967
6,14,Clock,6,29,0,0,233.0133,0.7004065190098847
6,14,Clock,6,29,0,0,234.0184,0.7025284479706653
6,14,Clock,6,29,0,0,235.0122,0.7046179934445737
6,14,Clock,6,29,0,0,236.0163,0.7067204794325613
6,14,Clock,6,29,0,0,237.0122,0.7087971661881024
6,14,Clock,6,29,0,0,238.0178,0.7108852411301098
6,14,Clock,6,29,0,0,239.0128,0.7129425269966373
6,14,Clock,6,29,0,0,240.0172,0.7150103525312277
6,14,Clock,6,29,0,0,241.0219,0.7170698179457456
6,14,Clock,6,29,0,0,242.0162,0.7190990866895396
6,14,Clock,6,29,0,0,243.0118,0.7211220600275146
6,14,Clock,6,29,0,0,244.017,0.7231554764360263
6,14,Clock,6,29,0,0,245.0216,0.7251785210881261
6,14,Clock,6,29,0,0,246.0154,0.727170721751125
6,14,Clock,6,29,0,0,247.0208,0.7291769931164935
6,14,Clock,6,29,0,0,248.0148,0.7311513777394416
6,14,Clock,6,29,0,0,249.0202,0.7331391194545087
6,14,Clock,6,29,0,0,250.0158,0.735098228081053
6,14,Clock,6,29,0,0,251.0202,0.737065344785624
6,14,Clock,6,29,0,0,252.0149,0.7390041402940168
6,14,Clock,6,29,0,0,253.0197,0.7409532412333544
6,14,Clock,6,29,0,0,254.0136,0.7428718416063561
6,14,Clock,6,29,0,0,255.0182,0.7448016530191544
6,14,Clock,6,29,0,0,256.0139,0.7467048985503533
6,14,Clock,6,29,0,0,257.0173,0.7486134188069411
6,14,Clock,6,29,0,0,258.013,0.7504977884188189
6,14,Clock,6,29,0,0,259.0187,0.7523915057933017
6,14,Clock,6,29,0,0,260.021,0.7542691692319752
6,14,Clock,6,29,0,0,261.0178,0.7561269972319214
6,14,Clock,6,29,0,0,262.0128,0.7579719562450561
6,14,Clock,6,29,0,0,263.0165,0.7598234495933597
6,14,Clock,6,29,0,0,264.022,0.7616684721094457
6,14,Clock,6,29,0,0,265.0162,0.7634831773653309
6,14,Clock,6,29,0,0,266.0201,0.7653058962270255
6,14,Clock,6,29,0,0,267.0135,0.7670998900527992
6,14,Clock,6,29,0,0,268.0216,0.7689107174967301
6,14,Clock,6,29,0,0,269.0137,0.7706831290711147
6,14,Clock,6,29,0,0,270.0212,0.7724732783524136
6,14,Clock,6,29,0,0,271.0142,0.7742279484914294
6,14,Clock,6,29,0,0,272.0176,0.7759913020882538
6,14,Clock,6,29,0,0,273.0138,0.7777322325262137
6,14,Clock,6,29,0,0,274.0176,0.7794766997318668
6,14,Clock,6,29,0,0,275.0136,0.7811978648505798
6,14,Clock,6,29,0,0,276.0194,0.78292612276001
6,14,Clock,6,29,0,0,277.011,0.7846202654009866
6,14,Clock,6,29,0,0,278.0184,0.7863316242692333
6,14,Clock,6,29,0,0,279.0128,0.7880111137840187
6,14,Clock,6,29,0,0,280.0181,0.789699225559946
6,14,Clock,6,29,0,0,281.0127,0.7913596238910388
6,14,Clock,6,29,0,0,282.0156,0.7930240849596913
6,14,Clock,6,29,0,0,283.0111,0.7946665640996753
6,14,Clock,6,29,0,0,284.0166,0.7963156756287385
6,14,Clock,6,29,0,0,285.0219,0.797954612366946
6,14,Clock,6,29,0,0,286.016,0.7995655364519225
6,14,Clock,6,29,0,0,287.0216,0.8011853422031865
6,14,Clock,6,29,0,0,288.0144,0.8027748281285021
6,14,Clock,6,29,0,0,289.0197,0.8043745595082487
6,14,Clock,6,29,0,0,290.0124,0.8059445314486039
6,14,Clock,6,29,0,0,291.018,0.8075251952608261
6,14,Clock,6,29,0,0,292.0144,0.8090816817255638
6,14,Clock,6,29,0,0,293.0191,0.810641379112449
6,14,Clock,6,29,0,0,294.0126,0.8121740684753387
6,14,Clock,6,29,0,0,295.0191,0.8137170709704964
6,14,Clock,6,29,0,0,296.0124,0.8152302152581308
6,14,Clock,6,29,0,0,297.0182,0.8167527168461907
6,14,Clock,6,29,0,0,298.0114,0.8182466192537644
6,14,Clock,6,29,0,0,299.0173,0.8197498976364964
6,14,Clock,6,29,0,0,300.0121,0.8212270177875983
6,14,Clock,6,29,0,0,301.018,0.8227110313091028
6,14,RF time only,6,8,0,0,0.0111263,0.0
6,14,RF time only,6,8,0,0,1.012533,0.0
6,14,RF time only,6,8,0,0,2.006725,0.0
6,14,RF time only,6,8,0,0,3.011544,0.0
6,14,RF time only,6,8,0,0,4.002677,0.0
6,14,RF time only,6,8,0,0,5.009711,0.05846618770672697
6,14,RF time only,6,8,0,0,6.004739,0.0
6,14,RF time only,6,8,0,0,7.009674,0.03557023356910876
6,14,RF time only,6,8,0,0,8.003508,0.003678854822458831
6,14,RF time only,6,8,0,0,9.006954,0.0
6,14,RF time only,6,8,0,0,10.00293,0.0
6,14,RF time only,6,8,0,0,11.00604,0.0
6,14,RF time only,6,8,1,1,12.00364,0.0
6,14,RF time only,6,8,1,1,13.00802,0.0
6,14,RF time only,6,8,1,1,14.00243,0.0
6,14,RF time only,6,8,1,1,15.00691,0.0
6,14,RF time only,6,8,1,1,16.01181,0.04949448242578207
6,14,RF time only,6,8,1,1,17.00746,0.005453344268270457
6,14,RF time only,6,8,1,1,18.01327,0.0395099163324193
6,14,RF time only,6,8,1,1,19.00703,0.0
6,14,RF time only,6,8,1,1,20.01132,0.028855532565970298
6,14,RF time only,6,8,1,1,21.00361,0.0
6,14,RF time only,6,8,1,1,22.01139,0.3355356649612424
6,14,RF time only,6,8,1,1,23.00565,0.0
6,14,RF time only,6,8,1,1,24.01185,0.037331188165763377
6,14,RF time only,6,8,1,1,25.00333,0.0
6,14,RF time only,6,8,1,1,26.01048,0.12046397257534856
6,14,RF time only,6,8,1,1,27.0047,0.25844793386960946
6,14,RF time only,6,8,1,1,28.00931,0.5708391763893454
6,14,RF time only,6,8,1,1,29.00375,0.05252003235642306
6,14,RF time only,6,8,1,1,30.00954,0.0979858150806645
6,14,RF time only,6,8,1,1,31.00254,0.21335264612528776
6,14,RF time only,6,8,1,1,32.00864,0.09617309704718903
6,14,RF time only,6,8,1,1,33.0032,0.31087935382087917
6,14,RF time only,6,8,1,1,34.00835,0.12750498158882453
6,14,RF time only,6,8,1,1,35.01365,0.02710229766822682
6,14,RF time only,6,8,1,1,36.00763,0.3024041430139857
6,14,RF time only,6,8,1,1,37.01249,0.2861078972728957
6,14,RF time only,6,8,1,1,38.00724,0.013943611566539515
6,14,RF time only,6,8,1,1,39.01177,0.19519671765906701
6,14,RF time only,6,8,1,1,40.00622,0.7580303836985275
6,14,RF time only,6,8,1,1,41.01126,0.005114492763907185
6,14,RF time only,6,8,1,1,42.00632,0.022442157413076355
6,14,RF time only,6,8,1,1,43.01094,0.0069810461089848735
6,14,RF time only,6,8,1,1,44.00538,0.17232169679552453
6,14,RF time only,6,8,1,1,45.00897,0.006579588712132395
6,14,RF time only,6,8,1,1,46.00489,0.38922456696434826
6,14,RF time only,6,8,1,1,47.00764,0.23811930536999346
6,14,RF time only,6,8,1,1,48.00322,0.3772548206623854
6,14,RF time only,6,8,1,1,49.0089,0.13013093879604865
6,14,RF time only,6,8,1,1,50.00442,0.3832934652661594
6,14,RF time only,6,8,1,1,51.00952,0.1601326027047708
6,14,RF time only,6,8,1,1,52.00426,0.3798131928625196
6,14,RF time only,6,8,1,1,53.00848,0.03857917032701702
6,14,RF time only,6,8,1,1,54.00241,0.6139349116808145
6,14,RF time only,6,8,1,1,55.00602,0.5112402600705251
6,14,RF time only,6,8,1,1,56.01323,0.0023713488918244534
6,14,RF time only,6,8,1,1,57.00426,0.0
6,14,RF time only,6,8,1,1,58.01067,0.22692598693093435
6,14,RF time only,6,8,1,1,59.0066,0.9025588342611927
6,14,RF time only,6,8,1,1,60.01128,0.33495052051796614
6,14,RF time only,6,8,1,1,61.00568,0.9157468080968177
6,14,RF time only,6,8,1,1,62.01031,0.14269575617858934
6,14,RF time only,6,8,1,1,63.005,0.0
6,14,RF time only,6,8,1,1,64.01,0.08981948594874196
6,14,RF time only,6,8,1,1,65.00407,0.0006464401294498382
6,14,RF time only,6,8,1,1,66.01032,0.019739325262173354
6,14,RF time only,6,8,1,1,67.00389,0.3187495129515251
6,14,RF time only,6,8,1,1,68.00977,0.14391746582032308
6,14,RF time only,6,8,1,1,69.00293,0.007713829134067393
6,14,RF time only,6,8,1,1,70.00932,0.020515700800286783
6,14,RF time only,6,8,1,1,71.00261,0.07440501617452225
6,14,RF time only,6,8,1,1,72.00746,0.12730085952701412
6,14,RF time only,6,8,1,1,73.00294,0.3622817831388252
6,14,RF time only,6,8,1,1,74.00814,0.3065828843614753
6,14,RF time only,6,8,1,1,75.01319,0.3423115229374924
6,14,RF time only,6,8,1,1,76.00666,0.07680018142569368
6,14,RF time only,6,8,1,1,77.01159,0.2998369938768847
6,14,RF time only,6,8,1,1,78.00659,0.912187608188242
6,14,RF time only,6,8,1,1,79.01199,0.5099786775176786
6,14,RF time only,6,8,1,1,80.0071,0.7128441330879834
6,14,RF time only,6,8,1,1,81.01176,0.440978354629088
6,14,RF time only,6,8,1,1,82.00599,0.3687600042425087
6,14,RF time only,6,8,1,1,83.01203,0.012326552820628433
6,14,RF time only,6,8,1,1,84.00549,0.4408400713859911
6,14,RF time only,6,8,1,1,85.01128,0.8451516870108013
6,14,RF time only,6,8,1,1,86.00328,0.0363273737499527
6,14,RF time only,6,8,1,1,87.01077,0.01640174681922954
6,14,RF time only,6,8,1,1,88.00428,0.1614774864933649
6,14,RF time only,6,8,1,1,89.00924,0.23991000064594142
6,14,RF time only,6,8,1,1,90.00323,0.3190398834886833
6,14,RF time only,6,8,1,1,91.00959,0.20688201912076665
6,14,RF time only,6,8,1,1,92.0034,0.1730300609255036
6,14,RF time only,6,8,1,1,93.00835,0.05898801780817744
6,14,RF time only,6,8,1,1,94.01284,0.4808036914202042
6,14,RF time only,6,8,1,1,95.00739,0.18011113031473902
6,14,RF time only,6,8,1,1,96.01205,0.7180060450115102
6,14,RF time only,6,8,1,1,97.00794,0.5572525944840142
6,14,RF time only,6,8,1,1,98.01041,0.8976053216686789
6,14,RF time only,6,8,1,1,99.0069,0.5374593149771373
6,14,RF time only,6,8,1,1,100.0121,0.6247326003929958
6,14,RF time only,6,8,1,1,101.0061,0.31226811493034745
6,14,RF time only,6,8,1,1,102.0104,0.7169490814168069
6,14,RF time only,6,8,1,1,103.0028,0.006247313676398356
6,14,RF time only,6,8,1,1,104.0098,0.8679044539355364
6,14,RF time only,6,8,1,1,105.0038,0.044596813735526646
6,14,RF time only,6,8,1,1,106.0078,0.40044985088590124
6,14,RF time only,6,8,1,1,107.0034,0.33694092407328297
6,14,RF time only,6,8,1,1,108.0105,0.917091913306615
6,14,RF time only,6,8,1,1,109.0032,0.1507595558153349
6,14,RF time only,6,8,1,1,110.0085,0.30262096381824355
6,14,RF time only,6,8,1,1,111.0039,0.025127151738429467
6,14,RF time only,6,8,1,1,112.0084,0.6302549069226017
6,14,RF time only,6,8,1,1,113.0033,0.300295961779054
6,14,RF time only,6,8,1,1,114.0078,0.48754023741360775
6,14,RF time only,6,8,1,1,115.0025,0.007630897583429229
6,14,RF time only,6,8,1,1,116.0068,0.36186042892587067
6,14,RF time only,6,8,1,1,117.013,0.33930553134265923
6,14,RF time only,6,8,1,1,118.0074,0.20608612182839886
6,14,RF time only,6,8,1,1,119.0124,0.38548957663144007
6,14,RF time only,6,8,1,1,120.0065,0.11701465714222815
6,14,RF time only,6,8,1,1,121.0116,0.6229075874112472
6,14,RF time only,6,8,1,1,122.0045,0.45730167175405323
6,14,RF time only,6,8,1,1,123.0113,0.37793786558726544
6,14,RF time only,6,8,1,1,124.0041,0.35062556854353105
6,14,RF time only,6,8,1,1,125.0098,0.4844645289996872
6,14,RF time only,6,8,1,1,126.0048,0.41581998151825067
6,14,RF time only,6,8,1,1,127.0095,0.4963912694215432
6,14,RF time only,6,8,1,1,128.0036,0.10610250238007189
6,14,RF time only,6,8,1,1,129.009,0.6044577728794548
6,14,RF time only,6,8,1,1,130.0039,0.3728898956252141
6,14,RF time only,6,8,1,1,131.0088,0.6674272810936736
6,14,RF time only,6,8,1,1,132.0122,0.1931009793514793
6,14,RF time only,6,8,1,1,133.0076,0.04570339849438972
6,14,RF time only,6,8,1,1,134.0139,0.6969456619869554
6,14,RF time only,6,8,1,1,135.0082,0.30120318791281303
6,14,RF time only,6,8,1,1,136.0131,0.6267256853428753
6,14,RF time only,6,8,1,1,137.0078,0.39089072720096324
6,14,RF time only,6,8,1,1,138.013,0.6542124879083451
6,14,RF time only,6,8,1,1,139.0039,0.10319235237903156
6,14,RF time only,6,8,1,1,140.0123,0.813547986168179
6,14,RF time only,6,8,1,1,141.0059,0.3736237612835464
6,14,RF time only,6,8,1,1,142.0129,0.8345731659507536
6,14,RF time only,6,8,1,1,143.0045,0.2711295082135385
6,14,RF time only,6,8,1,1,144.0114,0.846167185999058
6,14,RF time only,6,8,1,1,145.0053,0.17830008496540864
6,14,RF time only,6,8,1,1,146.01,0.25016013027855
6,14,RF time only,6,8,1,1,147.0052,0.32109516392042015
6,14,RF time only,6,8,1,1,148.0087,0.09738555564587506
6,14,RF time only,6,8,1,1,149.0129,0.9708331040720102
6,14,RF time only,6,8,1,1,150.0087,0.5088423521673959
6,14,RF time only,6,8,1,1,151.0138,0.7206337805625318
6,14,RF time only,6,8,1,1,152.0095,0.7092418675999346
6,14,RF time only,6,8,1,1,153.0142,0.1558237232223681
6,14,RF time only,6,8,1,1,154.0081,0.5259730127438519
6,14,RF time only,6,8,1,1,155.0137,0.543426387510214
6,14,RF time only,6,8,1,1,156.0075,0.04789955826574977
6,14,RF time only,6,8,1,1,157.0126,0.23053218287547447
6,14,RF time only,6,8,1,1,158.0068,0.27666074216026804
6,14,RF time only,6,8,1,1,159.0132,0.7358847555680692
6,14,RF time only,6,8,1,1,160.0063,0.05664773955416197
6,14,RF time only,6,8,1,1,161.0108,0.29473312901841586
6,14,RF time only,6,8,1,1,162.006,0.41911343765608366
6,14,RF time only,6,8,1,1,163.0109,0.819300634317571
6,14,RF time only,6,8,1,1,164.0049,0.08904410783564762
6,14,RF time only,6,8,1,1,165.01,0.6230587865029492
6,14,RF time only,6,8,1,1,166.0045,0.037908999750557185
6,14,RF time only,6,8,1,1,167.0095,0.3777416512504593
6,14,RF time only,6,8,1,1,168.0032,0.2734516890776068
6,14,RF time only,6,8,1,1,169.0091,0.49878834171544195
6,14,RF time only,6,8,1,1,170.0035,0.15902162528225597
6,14,RF time only,6,8,1,1,171.0077,0.34832892850650327
6,14,RF time only,6,8,1,1,172.0033,0.3098470484528896
6,14,RF time only,6,8,1,1,173.0079,0.6058432325808071
6,14,RF time only,6,8,1,1,174.0131,0.77813535046344
6,14,RF time only,6,8,1,1,175.0073,0.6716718236593389
6,14,RF time only,6,8,1,1,176.0123,0.518535783625969
6,14,RF time only,6,8,1,1,177.0065,0.256744997861833
6,14,RF time only,6,8,1,1,178.0104,0.4211726781723165
6,14,RF time only,6,8,1,1,179.0055,0.33999551762453006
6,14,RF time only,6,8,1,1,180.0111,0.39614272041392107
6,14,RF time only,6,8,1,1,181.0053,0.390616783260725
6,14,RF time only,6,8,1,1,182.0111,0.585785841903935
6,14,RF time only,6,8,1,1,183.0054,0.28863790550878304
6,14,RF time only,6,8,1,1,184.0106,0.6572928172499987
6,14,RF time only,6,8,1,1,185.0048,0.2024730341856242
6,14,RF time only,6,8,1,1,186.01,0.26448167156903896
6,14,RF time only,6,8,1,1,187.0047,0.09662660849945083
6,14,RF time only,6,8,1,1,188.0081,0.44049703375459054
6,14,RF time only,6,8,1,1,189.0033,0.8099504839858664
6,14,RF time only,6,8,1,1,190.0063,0.21789840196926463
6,14,RF time only,6,8,1,1,191.0028,0.5199066822709277
6,14,RF time only,6,8,1,1,192.0089,0.5576117325466253
6,14,RF time only,6,8,1,1,193.0028,0.18263194090120077
6,14,RF time only,6,8,1,1,194.0075,0.649870020402627
6,14,RF time only,6,8,1,1,195.0103,0.6372272704429666
6,14,RF time only,6,8,1,1,196.0071,0.6943180581336578
6,14,RF time only,6,8,1,1,197.013,0.6224768247441621
6,14,RF time only,6,8,1,1,198.0058,0.5511214873324136
6,14,RF time only,6,8,1,1,199.0128,0.8210825562968287
6,14,RF time only,6,8,1,1,200.0057,0.5000391642309888
6,14,RF time only,6,8,1,1,201.0118,0.642707360449316
6,14,RF time only,6,8,1,1,202.0059,0.0628351299321149
6,14,RF time only,6,8,1,1,203.0114,0.9207254861488108
6,14,RF time only,6,8,1,1,204.0047,0.15518496596896464
6,14,RF time only,6,8,1,1,205.0115,0.7716224256105757
6,14,RF time only,6,8,1,1,206.0058,0.5332869693387414
6,14,RF time only,6,8,1,1,207.0091,0.4332871952389065
6,14,RF time only,6,8,1,1,208.0048,0.5332158032342988
6,14,RF time only,6,8,1,1,209.0109,0.33011703451754554
6,14,RF time only,6,8,1,1,210.0142,0.7818946705835508
6,14,RF time only,6,8,1,1,211.0105,0.7945452438169156
6,14,RF time only,6,8,1,1,212.0143,0.49324435442596876
6,14,RF time only,6,8,1,1,213.0075,0.6666118651805293
6,14,RF time only,6,8,1,1,214.0034,0.677206668173271
6,14,RF time only,6,8,1,1,215.0077,0.5719895167049753
6,14,RF time only,6,8,1,1,216.0128,0.33407203973105887
6,14,RF time only,6,8,1,1,217.0073,0.7306114742817101
6,14,RF time only,6,8,1,1,218.0133,0.7315104292764018
6,14,RF time only,6,8,1,1,219.0063,0.8198784847150455
6,14,RF time only,6,8,1,1,220.0116,0.9669024296956019
6,14,RF time only,6,8,1,1,221.0034,0.660247943544006
6,14,RF time only,6,8,1,1,222.0124,0.5890011983894619
6,14,RF time only,6,8,1,1,223.0052,0.103170626133111
6,14,RF time only,6,8,1,1,224.0106,0.28173614841913436
6,14,RF time only,6,8,1,1,225.0051,0.3941262977348646
6,14,RF time only,6,8,1,1,226.011,0.7948942904918292
6,14,RF time only,6,8,1,1,227.0034,0.5578361905037588
6,14,RF time only,6,8,1,1,228.0098,0.9310413633347429
6,14,RF time only,6,8,1,1,229.0035,0.466999290675105
6,14,RF time only,6,8,1,1,230.0087,0.6964324827325197
6,14,RF time only,6,8,1,1,231.003,0.6535301594596183
6,14,RF time only,6,8,1,1,232.008,0.7946023692938862
6,14,RF time only,6,8,1,1,233.0139,0.7240584376480409
6,14,RF time only,6,8,1,1,234.0074,0.9538010532174348
6,14,RF time only,6,8,1,1,235.0029,0.5204257430585819
6,14,RF time only,6,8,1,1,236.0081,0.5860332255032401
6,14,RF time only,6,8,1,1,237.012,0.5884474014559938
6,14,RF time only,6,8,1,1,238.0068,0.5344779402136082
6,14,RF time only,6,8,1,1,239.0122,0.9425195405034629
6,14,RF time only,6,8,1,1,240.0048,0.26612700762839947
6,14,RF time only,6,8,1,1,241.0114,0.8079140896427844
6,14,RF time only,6,8,1,1,242.0057,0.5540154622029861
6,14,RF time only,6,8,1,1,243.0114,0.9420247119949712
6,14,RF time only,6,8,1,1,244.005,0.3749537622748083
6,14,RF time only,6,8,1,1,245.0085,0.5324249818280414
6,14,RF time only,6,8,1,1,246.0043,0.6440796206746505
6,14,RF time only,6,8,1,1,247.0102,0.9749078860784351
6,14,RF time only,6,8,1,1,248.0034,0.06615102800734723
6,14,RF time only,6,8,1,1,249.0086,0.5660530677914544
6,14,RF time only,6,8,1,1,250.012,0.5995396666982046
6,14,RF time only,6,8,1,1,251.0087,0.5377813869546285
6,14,RF time only,6,8,1,1,252.0134,0.8950341958606803
6,14,RF time only,6,8,1,1,253.0077,0.8408359101155327
6,14,RF time only,6,8,1,1,254.0119,0.6100287882768191
6,14,RF time only,6,8,1,1,255.0081,0.8529987531750441
6,14,RF time only,6,8,1,1,256.0134,0.4491700659873276
6,14,RF time only,6,8,1,1,257.007,0.3812231281843749
6,14,RF time only,6,8,1,1,258.0121,0.7256350094732791
6,14,RF time only,6,8,1,1,259.007,0.3515030734581203
6,14,RF time only,6,8,1,1,260.0117,0.8989679914859015
6,14,RF time only,6,8,1,1,261.005,0.11836222763068055
6,14,RF time only,6,8,1,1,262.0108,0.9770128965344134
6,14,RF time only,6,8,1,1,263.0057,0.6864279879226701
6,14,RF time only,6,8,1,1,264.01,0.906005375707738
6,14,RF time only,6,8,1,1,265.0052,0.7678186268467128
6,14,RF time only,6,8,1,1,266.0104,0.8089833276406379
6,14,RF time only,6,8,1,1,267.0128,0.9988101374570446
6,14,RF time only,6,8,1,1,268.0097,0.9622017484742613
6,14,RF time only,6,8,1,1,269.0036,0.535095749450815
6,14,RF time only,6,8,1,1,270.0091,0.8419347569008523
6,14,RF time only,6,8,1,1,271.014,0.9678981302983926
6,14,RF time only,6,8,1,1,272.0055,0.3180569085925645
6,14,RF time only,6,8,1,1,273.0126,0.807141050044639
6,14,RF time only,6,8,1,1,274.0073,0.8755215573338383
6,14,RF time only,6,8,1,1,275.0133,0.9044411993577963
6,14,RF time only,6,8,1,1,276.007,0.842378637634255
6,14,RF time only,6,8,1,1,277.0134,0.6442847097897382
6,14,RF time only,6,8,1,1,278.0072,0.9344284793811791
6,14,RF time only,6,8,1,1,279.0129,0.5324373848845264
6,14,RF time only,6,8,1,1,280.0068,0.5166411945219764
6,14,RF time only,6,8,1,1,281.011,0.8565169148574965
6,14,RF time only,6,8,1,1,282.0045,0.06475370762476057
6,14,RF time only,6,8,1,1,283.0108,0.5838561223812715
6,14,RF time only,6,8,1,1,284.0054,0.35518201932188365
6,14,RF time only,6,8,1,1,285.0088,0.9959477848789182
6,14,RF time only,6,8,1,1,286.004,0.2602504616530791
6,14,RF time only,6,8,1,1,287.0099,0.29966169887396765
6,14,RF time only,6,8,1,1,288.0023,0.23300321856391523
6,14,RF time only,6,8,1,1,289.0085,0.9120969437479188
6,14,RF time only,6,8,1,1,290.0032,0.0486535155431999
6,14,RF time only,6,8,1,1,291.007,0.35548947854173146
6,14,RF time only,6,8,1,1,292.003,0.7198282613757279
6,14,RF time only,6,8,1,1,293.0081,0.8235686442838169
6,14,RF time only,6,8,1,1,294.0127,0.7874097423313567
6,14,RF time only,6,8,1,1,295.0076,0.3399238574190905
6,14,RF time only,6,8,1,1,296.0129,0.5824304220223246
6,14,RF time only,6,8,1,1,297.0052,0.2649725431547711
6,14,RF time only,6,8,1,1,298.0126,0.4118265515574443
6,14,RF time only,6,8,1,1,299.0057,0.3075860090970896
6,14,RF time only,6,8,1,1,300.0108,0.8106241887296749
6,14,RF time only,6,8,1,1,301.005,0.4481592733805701
6,14,RF time only,14,20,0,0,0.0,0.0
6,14,RF time only,14,20,0,0,0.6838388,0.0
6,14,RF time only,14,20,0,0,1.996385,0.0
6,14,RF time only,14,20,0,0,2.997726,0.0
6,14,RF time only,14,20,0,0,3.999298,0.0
6,14,RF time only,14,20,0,0,4.999687,0.0
6,14,RF time only,14,20,0,0,6.000605,0.0
6,14,RF time only,14,20,1,3,7.000906,0.0023527330620909254
6,14,RF time only,14,20,1,3,8.001806,0.0
6,14,RF time only,14,20,1,3,9.001246,0.0
6,14,RF time only,14,20,1,3,10.00166,0.0018147439402223437
6,14,RF time only,14,20,1,3,11.0016,0.0
6,14,RF time only,14,20,0,0,12.00146,0.0
6,14,RF time only,14,20,0,0,13.00144,0.0
6,14,RF time only,14,20,0,0,14.00173,0.0
6,14,RF time only,14,20,0,0,15.00065,0.0
6,14,RF time only,14,20,0,0,16.00011,0.002611336032388664
6,14,RF time only,14,20,0,0,17.00224,0.0
6,14,RF time only,14,20,0,0,18.00202,0.0
6,14,RF time only,14,20,0,0,19.00236,0.0
6,14,RF time only,14,20,0,0,20.00108,0.004925005731800423
6,14,RF time only,14,20,0,0,21.00156,0.0
6,14,RF time only,14,20,0,0,22.00247,0.0
6,14,RF time only,14,20,0,0,23.00267,0.0
6,14,RF time only,14,20,0,0,24.00306,0.0
6,14,RF time only,14,21,0,0,0.0111566,0.0
6,14,RF time only,14,21,0,0,1.008044,0.0
6,14,RF time only,14,21,0,0,2.008584,0.0
6,14,RF time only,14,21,0,0,3.009267,0.0
6,14,RF time only,14,21,0,0,4.010024,0.0
6,14,RF time only,14,21,0,0,5.011356,0.0
6,14,RF time only,14,21,0,0,6.011967,0.004879885293204404
6,14,RF time only,14,21,0,0,7.012537,0.3341575102419329
6,14,RF time only,14,21,0,0,8.01291,0.28931613910054077
6,14,RF time only,14,21,0,0,9.01293,0.04587150029229552
6,14,RF time only,14,21,0,0,10.01203,0.20628673216310778
6,14,RF time only,14,21,0,0,11.01296,0.4188110007047024
6,14,RF time only,14,21,0,0,12.01133,0.013202970593776472
6,14,RF time only,14,21,0,0,13.01141,0.019409324095807475
6,14,RF time only,14,21,0,0,14.01271,0.016350082735402706
6,14,RF time only,14,21,0,0,15.01378,0.2868414070597539
6,14,RF time only,14,21,0,0,16.01327,0.04546743935816934
6,14,RF time only,14,21,0,0,17.00288,0.0
6,14,RF time only,14,21,0,0,18.0029,0.0
6,14,RF time only,14,21,0,0,19.00287,0.0
6,14,RF time only,14,21,0,0,20.00299,0.01666773741272272
6,14,RF time only,14,21,0,0,21.00261,0.0
6,14,RF time only,14,21,0,0,22.01272,0.2814226447199152
6,14,RF time only,14,21,0,0,23.01328,0.016846341728890296
6,14,RF time only,14,21,0,0,24.01357,0.16925648343175118
6,14,RF time only,14,21,0,0,25.0139,0.015175110792949758
6,14,RF time only,14,21,0,0,26.01383,0.13693722015771728
6,14,RF time only,14,21,0,0,27.01273,0.02421725725390711
6,14,RF time only,14,21,0,0,28.01382,0.26233263847346816
6,14,RF time only,14,21,0,0,29.01269,0.026667270361351778
6,14,RF time only,14,21,0,0,30.01339,0.09824915409491465
6,14,RF time only,14,21,0,0,31.01192,0.016363348358338616
6,14,RF time only,14,21,0,0,32.01183,0.005719828032674378
6,14,RF time only,14,21,0,0,33.00271,0.46808576307074246
6,14,RF time only,14,21,0,0,34.01265,0.0709455557086706
6,14,RF time only,14,21,0,0,35.01145,0.1698547273627467
6,14,RF time only,14,21,0,0,36.01286,0.12118100973517536
6,14,RF time only,14,21,0,0,37.01249,0.2861078972728957
6,14,RF time only,14,21,0,0,38.01188,0.0
6,14,RF time only,14,21,0,0,39.01241,0.11885618157620217
6,14,RF time only,14,21,0,0,40.01308,0.5297363307385068
6,14,RF time only,14,21,0,0,41.01354,0.018097203632055903
6,14,RF time only,14,21,0,0,42.01328,0.006768285977181515
6,14,RF time only,14,21,0,0,43.01295,0.015882566200547656
6,14,RF time only,14,21,0,0,44.00275,0.012641341485173879
6,14,RF time only,14,21,0,0,45.00262,0.3326784760730705
6,14,RF time only,14,21,0,0,46.01408,0.13906517607694305
6,14,RF time only,14,21,0,0,47.01381,0.12324485217397656
6,14,RF time only,14,21,0,0,48.0031,0.18255190596723617
6,14,RF time only,14,21,0,0,49.00273,0.05754570074894968
6,14,RF time only,14,21,0,0,50.01266,0.31441410676142667
6,14,RF time only,14,21,0,0,51.0137,0.06304918233465755
6,14,RF time only,14,21,0,0,52.01368,0.008466555923445898
6,14,RF time only,14,21,0,0,53.01442,0.5329574749118179
6,14,RF time only,14,21,0,0,54.00314,0.6537657461365203
6,14,RF time only,14,21,0,0,55.00397,0.39553697851213965
6,14,RF time only,14,21,0,0,56.00494,0.5857079759853974
6,14,RF time only,14,21,0,0,57.00359,0.0
6,14,RF time only,14,21,0,0,58.00418,0.07731107707912732
6,14,RF time only,14,21,0,0,59.0043,0.001801986513577547
6,14,RF time only,14,21,0,0,60.00469,0.17539217012742933
6,14,RF time only,14,21,0,0,61.00396,0.001481233990422096
6,14,RF time only,14,21,0,0,62.00404,0.10005482379169967
6,14,RF time only,14,21,0,0,63.0042,0.0
6,14,RF time only,14,21,0,0,64.00417,0.22079527671797464
6,14,RF time only,14,21,0,0,65.00488,0.435864014371892
6,14,RF time only,14,21,0,0,66.00522,0.11463419587832199
6,14,RF time only,14,21,0,0,67.00533,0.48952591839407167
6,14,RF time only,14,21,0,0,68.0047,0.3467276439953012
6,14,RF time only,14,21,0,0,69.00309,0.0031170254105272873
6,14,RF time only,14,21,0,0,70.00442,0.08429581972013803
6,14,RF time only,14,21,0,0,71.00477,0.21671303136974213
6,14,RF time only,14,21,0,0,72.00478,0.4070739163454063
6,14,RF time only,14,21,0,0,73.00455,0.3815409870474257
6,14,RF time only,14,21,0,0,74.00511,0.5402600222364883
6,14,RF time only,14,21,0,0,75.00506,0.30111904462362316
6,14,RF time only,14,21,0,0,76.00513,0.3557902093371934
6,14,RF time only,14,21,0,0,77.00486,0.6700291503169992
6,14,RF time only,14,21,0,0,78.00437,0.05656837963824231
6,14,RF time only,14,21,0,0,79.00454,0.47875317265962924
6,14,RF time only,14,21,0,0,80.00353,0.12667773029222626
6,14,RF time only,14,21,0,0,81.00387,0.840549100904336
6,14,RF time only,14,21,0,0,82.00471,0.08628471649806366
6,14,RF time only,14,21,0,0,83.00375,0.5526016783043066
6,14,RF time only,14,21,0,0,84.00348,0.04850906940727764
6,14,RF time only,14,21,0,0,85.00488,0.30487389068706516
6,14,RF time only,14,21,0,0,86.00269,0.041105992149515054
6,14,RF time only,14,21,0,0,87.00475,0.545062256607948
6,14,RF time only,14,21,0,0,88.00514,0.15821336938849448
6,14,RF time only,14,21,0,0,89.00536,0.610126657416202
6,14,RF time only,14,21,0,0,90.00529,0.2119000229625917
6,14,RF time only,14,21,0,0,91.00585,0.3431986146329185
6,14,RF time only,14,21,0,0,92.00555,0.4489804611103421
6,14,RF time only,14,21,0,0,93.00659,0.8683500249283865
6,14,RF time only,14,21,0,0,94.00609,0.6854968740747945
6,14,RF time only,14,21,0,0,95.00773,0.19510405309308435
6,14,RF time only,14,21,0,0,96.00613,0.5544795306337731
6,14,RF time only,14,21,0,0,97.00587,0.06563887581187033
6,14,RF time only,14,21,0,0,98.00389,0.321683248768321
6,14,RF time only,14,21,0,0,99.00591,0.04391960826946299
6,14,RF time only,14,21,0,0,100.0061,0.23067121805421134
6,14,RF time only,14,21,0,0,101.0077,0.3441951130880074
6,14,RF time only,14,21,0,0,102.0086,0.7357971934583386
6,14,RF time only,14,21,0,0,103.0074,0.7484204549087234
6,14,RF time only,14,21,0,0,104.0066,0.09562546120885121
6,14,RF time only,14,21,0,0,105.0075,0.6832356659596419
6,14,RF time only,14,21,0,0,106.0072,0.05131184110557838
6,14,RF time only,14,21,0,0,107.0075,0.39155090948040183
6,14,RF time only,14,21,0,0,108.0076,0.24840495320832526
6,14,RF time only,14,21,0,0,109.0074,0.40830739286245277
6,14,RF time only,14,21,0,0,110.0079,0.8778945930904941
6,14,RF time only,14,21,0,0,111.0082,0.8612937859414753
6,14,RF time only,14,21,0,0,112.0079,0.5859757633831603
6,14,RF time only,14,21,0,0,113.0091,0.8661348173477695
6,14,RF time only,14,21,0,0,114.0081,0.5730474881026646
6,14,RF time only,14,21,0,0,115.0096,0.9730994247521111
6,14,RF time only,14,21,0,0,116.0084,0.7373489125393785
6,14,RF time only,14,21,0,0,117.0071,0.45576420335409334
6,14,RF time only,14,21,0,0,118.0075,0.20608612182839886
6,14,RF time only,14,21,0,0,119.0076,0.4151866374573391
6,14,RF time only,14,21,0,0,120.0074,0.11158393216613459
6,14,RF time only,14,21,0,0,121.0079,0.24614592946306615
6,14,RF time only,14,21,0,0,122.008,0.8194865655466819
6,14,RF time only,14,21,0,0,123.0081,0.35951090398271174
6,14,RF time only,14,21,0,0,124.0075,0.1624084826686713
6,14,RF time only,14,21,0,0,125.0076,0.2493664707396481
6,14,RF time only,14,21,0,0,126.0077,0.43347378986845037
6,14,RF time only,14,21,0,0,127.0081,0.22490890152746934
6,14,RF time only,14,21,0,0,128.009,0.26071547371733217
6,14,RF time only,14,21,0,0,129.0099,0.704702123187213
6,14,RF time only,14,21,0,0,130.0087,0.2323916454775744
6,14,RF time only,14,21,0,0,131.0082,0.3294735420076542
6,14,RF time only,14,21,0,0,132.0084,0.22144935134053345
6,14,RF time only,14,21,0,0,133.0092,0.7405420598389459
6,14,RF time only,14,21,0,0,134.0093,0.3228440137514696
6,14,RF time only,14,21,0,0,135.0094,0.41525468417057915
6,14,RF time only,14,21,0,0,136.0092,0.3889318034536073
6,14,RF time only,14,21,0,0,137.0081,0.3911489401726667
6,14,RF time only,14,21,0,0,138.0091,0.5442504519594002
6,14,RF time only,14,21,0,0,139.0077,0.8269465529626056
6,14,RF time only,14,21,0,0,140.009,0.42257485400588
6,14,RF time only,14,21,0,0,141.0088,0.48455529363508426
6,14,RF time only,14,21,0,0,142.0087,0.5784654928221474
6,14,RF time only,14,21,0,0,143.0098,0.4112480189664987
6,14,RF time only,14,21,0,0,144.0079,0.4566877921886052
6,14,RF time only,14,21,0,0,145.009,0.714860276751487
6,14,RF time only,14,21,0,0,146.0096,0.18865328204819184
6,14,RF time only,14,21,0,0,147.0088,0.8224532328649573
6,14,RF time only,14,21,0,0,148.0108,0.862925371877329
6,14,RF time only,14,21,0,0,149.0104,0.6051533600520181
6,14,RF time only,14,21,0,0,150.0094,0.33029439021802703
6,14,RF time only,14,21,0,0,151.0105,0.7378286729912304
6,14,RF time only,14,21,0,0,152.0103,0.6953685674873313
6,14,RF time only,14,21,0,0,153.0096,0.7939551004547386
6,14,RF time only,14,21,0,0,154.0102,0.6970943571540886
6,14,RF time only,14,21,0,0,155.0106,0.8980607830112323
6,14,RF time only,14,21,0,0,156.011,0.8993834243835667
6,14,RF time only,14,21,0,0,157.011,0.6768955792025652
6,14,RF time only,14,21,0,0,158.0114,0.8983212789675231
6,14,RF time only,14,21,0,0,159.0111,0.591123378040796
6,14,RF time only,14,21,0,0,160.0118,0.8875379855175934
6,14,RF time only,14,21,0,0,161.0123,0.7229610158247953
6,14,RF time only,14,21,0,0,162.0113,0.8581553794735021
6,14,RF time only,14,21,0,0,163.0103,0.5105423165168723
6,14,RF time only,14,21,0,0,164.0104,0.3174939129421153
6,14,RF time only,14,21,0,0,165.0097,0.13291405359555053
6,14,RF time only,14,21,0,0,166.0093,0.24964900196214562
6,14,RF time only,14,21,0,0,167.0115,0.8706469601579878
6,14,RF time only,14,21,0,0,168.0111,0.6349575153632163
6,14,RF time only,14,21,0,0,169.0128,0.8742613289598652
6,14,RF time only,14,21,0,0,170.0104,0.5381361051284992
6,14,RF time only,14,21,0,0,171.012,0.43724145530588393
6,14,RF time only,14,21,0,0,172.0118,0.2711792739204158
6,14,RF time only,14,21,0,0,173.0113,0.37159581841592476
6,14,RF time only,14,21,0,0,174.013,0.7613667372966059
6,14,RF time only,14,21,0,0,175.0134,0.9334146210233282
6,14,RF time only,14,21,0,0,176.0137,0.8649144236918613
6,14,RF time only,14,21,0,0,177.0136,0.6854048472102735
6,14,RF time only,14,21,0,0,178.0129,0.6237911644710051
6,14,RF time only,14,21,0,0,179.013,0.7447447320247452
6,14,RF time only,14,21,0,0,180.0129,0.8862043831514201
6,14,RF time only,14,21,0,0,181.0128,0.8020823539157604
6,14,RF time only,14,21,0,0,182.0122,0.7589470559557295
6,14,RF time only,14,21,0,0,183.0139,0.8516226623595315
6,14,RF time only,14,21,0,0,184.0133,0.8546872474195774
6,14,RF time only,14,21,0,0,185.0027,0.6622729989930544
6,14,RF time only,14,21,0,0,186.0117,0.2721389454466275
6,14,RF time only,14,21,0,0,187.0128,0.716952194298523
6,14,RF time only,14,21,0,0,188.0118,0.7548707374072895
6,14,RF time only,14,21,0,0,189.0127,0.506631495160075
6,14,RF time only,14,21,0,0,190.0121,0.5440410389020194
6,14,RF time only,14,21,0,0,191.0132,0.29063432160010494
6,14,RF time only,14,21,0,0,192.0134,0.8754262329041631
6,14,RF time only,14,21,0,0,193.013,0.6827809612318678
6,14,RF time only,14,21,0,0,194.0139,0.6287110387107874
6,14,RF time only,14,21,0,0,195.0132,0.9468579401531969
6,14,RF time only,14,21,0,0,196.0029,0.7288990328094005
6,14,RF time only,14,21,0,0,197.0136,0.8477131350370173
6,14,RF time only,14,21,0,0,198.0126,0.5267509027854548
6,14,RF time only,14,21,0,0,199.0025,0.8039314335714013
6,14,RF time only,14,21,0,0,200.0141,0.6954751980909661
6,14,RF time only,14,21,0,0,201.0126,0.8021714589060878
6,14,RF time only,14,21,0,0,202.0122,0.23386884416785828
6,14,RF time only,14,21,0,0,203.0119,0.9090522379553255
6,14,RF time only,14,21,0,0,204.0137,0.9267793200431473
6,14,RF time only,14,21,0,0,205.0121,0.48991765038442064
6,14,RF time only,14,21,0,0,206.0025,0.33421493649883405
6,14,RF time only,14,21,0,0,207.013,0.519312109162949
6,14,RF time only,14,21,0,0,208.0023,0.4802353330914561
6,14,RF time only,14,21,0,0,209.012,0.3134336297887752
6,14,RF time only,14,21,0,0,210.0123,0.34341796004154734
6,14,RF time only,14,21,0,0,211.0026,0.8208105293998186
6,14,RF time only,14,21,0,0,212.0024,0.7541611764693826
6,14,RF time only,14,21,0,0,213.0128,0.3013990843284432
6,14,RF time only,14,21,0,0,214.0122,0.7965029109659154
6,14,RF time only,14,21,0,0,215.012,0.5274244319466577
6,14,RF time only,14,21,0,0,216.0024,0.5439913315155728
6,14,RF time only,14,21,0,0,217.0024,0.8645914059762466
6,14,RF time only,14,21,0,0,218.0024,0.7005004985805473
6,14,RF time only,14,21,0,0,219.0037,0.8584995613898722
6,14,RF time only,14,21,0,0,220.0035,0.7705017289571127
6,14,RF time only,14,21,0,0,221.0034,0.660247943544006
6,14,RF time only,14,21,0,0,222.0034,0.8273616855839511
6,14,RF time only,14,21,0,0,223.0045,0.01746738835185211
6,14,RF time only,14,21,0,0,224.0039,0.674279238733644
6,14,RF time only,14,21,0,0,225.0049,0.3437540201144326
6,14,RF time only,14,21,0,0,226.0045,0.8272638014906576
6,14,RF time only,14,21,0,0,227.003,0.7420102740435867
6,14,RF time only,14,21,0,0,228.0028,0.8828013522753739
6,14,RF time only,14,21,0,0,229.0032,0.4751124906796781
6,14,RF time only,14,21,0,0,230.0022,0.5754242412648761
6,14,RF time only,14,21,0,0,231.0033,0.6535301594596183
6,14,RF time only,14,21,0,0,232.0036,0.5191758627140117
6,14,RF time only,14,21,0,0,233.0042,0.5674325693030474
6,14,RF time only,14,21,0,0,234.0034,0.8844282380396349
6,14,RF time only,14,21,0,0,235.0032,0.6698218055818205
6,14,RF time only,14,21,0,0,236.0034,0.5831131407078275
6,14,RF time only,14,21,0,0,237.003,0.4719158841717925
6,14,RF time only,14,21,0,0,238.004,0.9385779158552937
6,14,RF time only,14,21,0,0,239.0049,0.8217595488148934
6,14,RF time only,14,21,0,0,240.0044,0.2639616757165009
6,14,RF time only,14,21,0,0,241.0053,0.7625643258695665
6,14,RF time only,14,21,0,0,242.0053,0.5480540402786167
6,14,RF time only,14,21,0,0,243.0063,0.525524080464257
6,14,RF time only,14,21,0,0,244.0049,0.3749537622748083
6,14,RF time only,14,21,0,0,245.0067,0.7004447477696494
6,14,RF time only,14,21,0,0,246.007,0.6049307571588151
6,14,RF time only,14,21,0,0,247.008,0.6936093095937386
6,14,RF time only,14,21,0,0,248.0067,0.7831151812962516
6,14,RF time only,14,21,0,0,249.0064,0.7778140108553586
6,14,RF time only,14,21,0,0,250.0057,0.3662723271373202
6,14,RF time only,14,21,0,0,251.0063,0.8668524174592064
6,14,RF time only,14,21,0,0,252.0063,0.7162979326791764
6,14,RF time only,14,21,0,0,253.006,0.4698188582407813
6,14,RF time only,14,21,0,0,254.0054,0.7147553745423145
6,14,RF time only,14,21,0,0,255.0051,0.16049106782221037
6,14,RF time only,14,21,0,0,256.0062,0.6814654503429355
6,14,RF time only,14,21,0,0,257.0051,0.7348053316334467
6,14,RF time only,14,21,0,0,258.0047,0.12529245991771035
6,14,RF time only,14,21,0,0,259.0055,0.5463952531301679
6,14,RF time only,14,21,0,0,260.0052,0.7043437038349907
6,14,RF time only,14,21,0,0,261.0052,0.24062645300816182
6,14,RF time only,14,21,0,0,262.006,0.3604982178974473
6,14,RF time only,14,21,0,0,263.0056,0.6864279879226701
6,14,RF time only,14,21,0,0,264.0062,0.31062681442112505
6,14,RF time only,14,21,0,0,265.0059,0.7809573439209336
6,14,RF time only,14,21,0,0,266.0063,0.5469179284985445
6,14,RF time only,14,21,0,0,267.0061,0.11194852101763741
6,14,RF time only,14,21,0,0,268.0059,0.5157177715688154
6,14,RF time only,14,21,0,0,269.0059,0.5034184047959261
6,14,RF time only,14,21,0,0,270.006,0.5012710790421444
6,14,RF time only,14,21,0,0,271.006,0.509795764312337
6,14,RF time only,14,21,0,0,272.006,0.7081940780839068
6,14,RF time only,14,21,0,0,273.0071,0.7180708558875087
6,14,RF time only,14,21,0,0,274.0065,0.410137276469534
6,14,RF time only,14,21,0,0,275.0058,0.6008780958350464
6,14,RF time only,14,21,0,0,276.0055,0.17473505929066946
6,14,RF time only,14,21,0,0,277.0069,0.7845316909584681
6,14,RF time only,14,21,0,0,278.0059,0.3542003254392239
6,14,RF time only,14,21,0,0,279.006,0.5283565340900557
6,14,RF time only,14,21,0,0,280.0074,0.5166411945219764
6,14,RF time only,14,21,0,0,281.0076,0.8159802754968947
6,14,RF time only,14,21,0,0,282.0067,0.49158684791301527
6,14,RF time only,14,21,0,0,283.0073,0.8188224969553002
6,14,RF time only,14,21,0,0,284.0067,0.7071989772653932
6,14,RF time only,14,21,0,0,285.0068,0.7574966557023908
6,14,RF time only,14,21,0,0,286.007,0.41909680369306607
6,14,RF time only,14,21,0,0,287.0069,0.9369907224094084
6,14,RF time only,14,21,0,0,288.007,0.4926004483927158
6,14,RF time only,14,21,0,0,289.0068,0.6998119853435716
6,14,RF time only,14,21,0,0,290.0067,0.1101165343689102
6,14,RF time only,14,21,0,0,291.0067,0.35548947854173146
6,14,RF time only,14,21,0,0,292.007,0.3051488018116245
6,14,RF time only,14,21,0,0,293.0064,0.28931153824138234
6,14,RF time only,14,21,1,3,294.0073,0.3999646108259644
6,14,RF time only,14,21,1,3,295.0069,0.36516945812890594
6,14,RF time only,14,21,1,3,296.0074,0.46974585740924085
6,14,RF time only,14,21,1,3,297.0061,0.7189368691050106
6,14,RF time only,14,21,1,3,298.008,0.6265866926571952
6,14,RF time only,14,21,1,3,299.0076,0.6863471389917025
6,14,RF time only,14,21,1,3,300.0077,0.7416412938829641
6,14,RF time only,14,21,1,3,301.0084,0.37432624372661427
6,14,RF time only,14,23,0,0,0.0,0.0
6,14,RF time only,14,23,0,0,0.9982342,0.0
6,14,RF time only,14,23,0,0,2.000526,0.0
6,14,RF time only,14,23,0,0,3.000793,0.0
6,14,RF time only,14,23,0,0,3.999719,0.0
6,14,RF time only,14,23,0,0,5.000658,0.0
6,14,RF time only,14,23,0,0,6.000513,0.0
6,14,RF time only,14,23,0,0,7.001402,0.0023527330620909254
6,14,RF time only,14,23,0,0,8.002209,0.0
6,14,RF time only,14,23,0,0,9.001521,0.0
6,14,RF time only,14,23,0,0,10.00158,0.0018147439402223437
6,14,RF time only,14,23,0,0,11.00055,0.0
6,14,RF time only,14,23,0,0,12.00204,0.0
6,14,RF time only,14,23,0,0,13.00199,0.0
6,14,RF time only,14,23,0,0,14.0019,0.0
6,14,RF time only,14,23,0,0,15.00248,0.0
6,14,RF time only,14,23,0,0,16.00356,0.0
6,14,RF time only,14,23,0,0,16.99234,0.10731353688625206
6,14,RF time only,14,23,0,0,18.00213,0.0
6,14,RF time only,14,23,0,0,19.00258,0.0
6,14,RF time only,14,23,0,0,20.00245,0.01483112359825215
6,14,RF time only,14,23,0,0,21.00214,0.0
6,14,RF time only,14,23,0,0,22.00294,0.0
6,14,RF time only,14,23,0,0,23.00375,0.0
6,14,RF time only,14,23,0,0,23.99251,0.0018156551849826863
6,14,RF time only,14,23,0,0,24.99268,0.05070986506106314
6,14,RF time only,14,23,0,0,25.99331,0.020198718297362386
6,14,RF time only,14,23,1,1,26.99233,0.04272164513615041
6,14,RF time only,14,23,1,1,27.99275,0.006038721485097939
6,14,RF time only,14,23,1,1,29.00434,0.33899398946800596
6,14,RF time only,14,23,1,1,29.99229,0.06733657441066405
6,14,RF time only,14,23,1,1,30.99279,0.030797261254718857
6,14,RF time only,14,23,1,1,31.99316,0.1608421601823403
6,14,RF time only,14,23,1,1,33.00367,0.31087935382087917
6,14,RF time only,14,23,1,1,33.99289,0.23863862899926283
6,14,RF time only,14,23,1,1,34.99303,0.03197573019728392
6,14,RF time only,14,23,1,1,35.99273,0.08797273480559437
6,14,RF time only,14,23,1,1,36.99239,0.1446748769592351
6,14,RF time only,14,23,1,1,37.99338,0.16268347498696925
6,14,RF time only,14,23,1,1,38.99241,0.45680866453122243
6,14,RF time only,14,23,1,1,39.99234,0.04386003176685929
6,14,RF time only,14,23,1,1,40.99243,0.10819033571585787
6,14,RF time only,14,23,1,1,41.99356,0.08006841811729926
6,14,RF time only,14,23,1,1,42.99372,0.12151939392258579
6,14,RF time only,14,23,1,1,43.99422,0.07648392503321731
6,14,RF time only,14,23,1,1,44.99426,0.04326177986730504
6,14,RF time only,14,23,1,1,45.99385,0.05638484064326988
6,14,RF time only,14,23,1,1,46.99342,0.01320874794625656
6,14,RF time only,14,23,1,1,47.99352,0.07711970737572299
6,14,RF time only,14,23,1,1,48.99342,0.049571706543908155
6,14,RF time only,14,23,1,1,49.99279,0.002611336032388664
6,14,RF time only,14,23,1,1,50.99308,0.08742290010984945
6,14,RF time only,14,23,1,1,51.99316,0.038970260447616915
6,14,RF time only,14,23,1,1,52.99363,0.2147793416961303
6,14,RF time only,14,23,1,1,53.99338,0.12439340045332277
6,14,RF time only,14,23,1,1,54.99331,0.03143924410382643
6,14,RF time only,14,23,1,1,55.99312,0.04477948040811857
6,14,RF time only,14,23,1,1,56.99214,0.0
6,14,RF time only,14,23,1,1,58.00339,0.016634910142949814
6,14,RF time only,14,23,1,1,58.99253,0.0
6,14,RF time only,14,23,1,1,59.99322,0.041992296234612314
6,14,RF time only,14,23,1,1,60.99241,0.0533112705983545
6,14,RF time only,14,23,1,1,62.00363,0.10044233754444067
6,14,RF time only,14,23,1,1,62.99332,0.019186407599294505
6,14,RF time only,14,23,1,1,63.99334,0.01587300354228467
6,14,RF time only,14,23,1,1,64.9931,0.10010211529627959
6,14,RF time only,14,23,1,1,65.99414,0.23774032719900337
6,14,RF time only,14,23,1,1,66.99364,0.20245825116809224
6,14,RF time only,14,23,1,1,67.99326,0.0031275275093305935
6,14,RF time only,14,23,1,1,68.99331,0.07145635119810204
6,14,RF time only,14,23,1,1,69.99294,0.011486396449175347
6,14,RF time only,14,23,1,1,70.99304,0.2669157566804072
6,14,RF time only,14,23,1,1,71.99434,0.00582835981593929
6,14,RF time only,14,23,1,1,72.99424,0.023908559164534857
6,14,RF time only,14,23,1,1,73.99388,0.010680770994827208
6,14,RF time only,14,23,1,1,74.9944,0.06189747729718841
6,14,RF time only,14,23,1,1,75.99446,0.0038357118920797776
6,14,RF time only,14,23,1,1,76.99354,0.009898594519584346
6,14,RF time only,14,23,1,1,77.99458,0.026469258283475725
6,14,RF time only,14,23,1,1,78.99346,0.07289788006046427
6,14,RF time only,14,23,1,1,79.99506,0.08108432612302995
6,14,RF time only,14,23,1,1,80.99474,0.22427287552574493
6,14,RF time only,14,23,1,1,81.99532,0.36015967643650176
6,14,RF time only,14,23,1,1,82.99506,0.00674202090856807
6,14,RF time only,14,23,1,1,83.99451,0.12517061921524508
6,14,RF time only,14,23,1,1,84.99424,0.2641647156424453
6,14,RF time only,14,23,1,1,85.99445,0.5453818388466324
6,14,RF time only,14,23,1,1,86.99361,0.39790091706720876
6,14,RF time only,14,23,1,1,87.99483,0.571718556969826
6,14,RF time only,14,23,1,1,88.99535,0.09335733703997286
6,14,RF time only,14,23,1,1,89.99509,0.5444238596823509
6,14,RF time only,14,23,1,1,90.99504,0.08128898457532802
6,14,RF time only,14,23,1,1,91.995,0.8657779974776368
6,14,RF time only,14,23,1,1,92.99534,0.1436959872365622
6,14,RF time only,14,23,1,1,93.99495,0.8388430395976773
6,14,RF time only,14,23,1,1,94.99651,0.12133810289942931
6,14,RF time only,14,23,1,1,95.9971,0.8477236032830903
6,14,RF time only,14,23,1,1,96.99723,0.26063046974195575
6,14,RF time only,14,23,1,1,97.99645,0.21854350356179045
6,14,RF time only,14,23,1,1,98.99647,0.15673727828539677
6,14,RF time only,14,23,1,1,99.99609,0.5269067755120467
6,14,RF time only,14,23,1,1,100.9956,0.21924649853847336
6,14,RF time only,14,23,1,1,101.9969,0.45430335282520484
6,14,RF time only,14,23,1,1,102.9967,0.6696137055959288
6,14,RF time only,14,23,1,1,103.9955,0.5264356307982796
6,14,RF time only,14,23,0,0,104.9961,0.722069575792259
6,14,RF time only,14,23,0,0,105.9961,0.4175988490913501
6,14,RF time only,14,23,0,0,106.9959,0.46000892335214094
6,14,RF time only,14,23,0,0,107.9969,0.29180641941436203
6,14,RF time only,14,23,0,0,108.9957,0.5036467284015077
6,14,RF time only,14,23,0,0,109.9959,0.21560398255823893
6,14,RF time only,14,23,0,0,110.9962,0.7113119625294057
6,14,RF time only,14,23,0,0,111.9973,0.2635671867791525
6,14,RF time only,14,23,0,0,112.9961,0.6252517561591623
6,14,RF time only,14,23,0,0,113.9966,0.13710459168626657
6,14,RF time only,14,23,0,0,114.9973,0.8896028742464047
6,14,RF time only,14,23,0,0,115.9978,0.25809814202982473
6,14,RF time only,14,23,0,0,116.9979,0.6669184720587777
6,14,RF time only,14,23,0,0,117.998,0.27405299706349195
6,14,RF time only,14,23,0,0,118.9974,0.283990198527891
6,14,RF time only,14,23,0,0,119.997,0.229429773036978
6,14,RF time only,14,23,0,0,120.9973,0.6735908576405691
6,14,RF time only,14,23,0,0,121.998,0.2907924737376077
6,14,RF time only,14,23,0,0,122.9987,0.47689154025412744
6,14,RF time only,14,23,1,1,123.9988,0.3487094004867999
6,14,RF time only,14,23,1,1,124.9984,0.4254164867517923
6,14,RF time only,14,23,1,1,125.9981,0.4478739666846054
6,14,RF time only,14,23,1,1,126.9981,0.4468626365348241
6,14,RF time only,14,23,1,1,127.9989,0.4042096302595786
6,14,RF time only,14,23,1,1,128.9993,0.6440956127686686
6,14,RF time only,14,23,1,1,129.999,0.4798559662051191
6,14,RF time only,14,23,1,1,130.9996,0.6256211473225061
6,14,RF time only,14,23,1,1,131.999,0.8745037250349136
6,14,RF time only,14,23,1,1,132.9998,0.6708587501684562
6,14,RF time only,14,23,1,1,133.9991,0.6957219083898426
6,14,RF time only,14,23,1,1,135.0,0.6183775647664514
6,14,RF time only,14,23,1,1,135.9996,0.5712956425487659
6,14,RF time only,14,23,1,1,137.0003,0.39378748307586514
6,14,RF time only,14,23,1,1,137.9992,0.18784460218861712
6,14,RF time only,14,23,1,1,139.0002,0.4841725869811404
6,14,RF time only,14,23,1,1,140.0006,0.45696674041205776
6,14,RF time only,14,23,1,1,141.0006,0.49258334528651687
6,14,RF time only,14,23,1,1,142.001,0.5504708119815104
6,14,RF time only,14,23,1,1,143.0011,0.6892690168436922
6,14,RF time only,14,23,1,1,144.0009,0.45413818665900074
6,14,RF time only,14,23,1,1,144.9999,0.5330710145668567
6,14,RF time only,14,23,1,1,146.0004,0.10201456273681024
6,14,RF time only,14,23,1,1,147.001,0.4830416012410544
6,14,RF time only,14,23,1,1,148.0006,0.5719633158265987
6,14,RF time only,14,23,1,1,149.0018,0.15742243383878615
6,14,RF time only,14,23,1,1,150.0019,0.49629251291327353
6,14,RF time only,14,23,1,3,151.0009,0.2845699751176826
6,14,RF time only,14,23,1,3,152.0006,0.5776387463012181
6,14,RF time only,14,23,1,3,153.0009,0.31726287411137477
6,14,RF time only,14,23,1,3,154.0014,0.33512502663943255
6,14,RF time only,14,23,1,3,155.0004,0.48244075170075207
6,14,RF time only,14,23,1,3,155.9997,0.27976389883538827
6,14,RF time only,14,23,1,3,156.9989,0.2163446492179048
6,14,RF time only,14,23,1,3,157.9997,0.6096445454614648
6,14,RF time only,14,23,1,3,158.9994,0.8195082237240263
6,14,RF time only,14,23,1,3,159.999,0.6154123498575881
6,14,RF time only,14,23,1,3,161.0,0.6480661302880361
6,14,RF time only,14,23,1,3,161.9996,0.833182416338155
6,14,RF time only,14,23,1,3,163.0005,0.6198674680551518
6,14,RF time only,14,23,1,3,163.9998,0.7964884654291245
6,14,RF time only,14,23,1,3,164.9999,0.7049351285591908
6,14,RF time only,14,23,1,3,166.0,0.8917114927982622
6,14,RF time only,14,23,1,3,167.0003,0.707622117513544
6,14,RF time only,14,23,1,3,168.0001,0.5958874076548235
6,14,RF time only,14,23,1,3,169.0021,0.5080395600502524
6,14,RF time only,14,23,1,3,170.0007,0.37654525108242265
6,14,RF time only,14,23,1,3,171.0015,0.6144588314415724
6,14,RF time only,14,23,1,3,172.0013,0.2804431240234456
6,14,RF time only,14,23,1,3,173.0021,0.8553459850208903
6,14,RF time only,14,23,1,3,174.0025,0.16457122410301392
6,14,RF time only,14,23,1,3,175.0028,0.7496052266268987
6,14,RF time only,14,23,1,3,175.9926,0.7312526432202626
6,14,RF time only,14,23,1,3,177.0027,0.592700975624523
6,14,RF time only,14,23,1,3,178.0038,0.7240256481220309
6,14,RF time only,14,23,1,3,179.0034,0.4901433306351578
6,14,RF time only,14,23,1,3,180.0034,0.8711720431565881
6,14,RF time only,14,23,1,3,180.9927,0.16698654243103792
6,14,RF time only,14,23,1,3,182.0031,0.8662238370385463
6,14,RF time only,14,23,1,3,183.003,0.8052965938728482
6,14,RF time only,14,23,1,3,184.0024,0.9138921151598445
6,14,RF time only,14,23,1,3,185.0018,0.6739893763362037
6,14,RF time only,14,23,1,3,185.9999,0.7441364730328012
6,14,RF time only,14,23,1,3,187.0019,0.7040230755215369
6,14,RF time only,14,23,1,3,188.0031,0.7144740191114891
6,14,RF time only,14,23,1,3,189.0022,0.6790073819827207
6,14,RF time only,14,23,1,3,190.0024,0.8388116634786809
6,14,RF time only,14,23,1,3,191.0039,0.7720018978044514
6,14,RF time only,14,23,1,3,192.0037,0.58248588393285
6,14,RF time only,14,23,1,3,193.0038,0.18263194090120077
6,14,RF time only,14,23,1,3,194.0028,0.8605653154542403
6,14,RF time only,14,23,1,3,194.9935,0.9088798819980252
6,14,RF time only,14,23,1,3,195.9927,0.1497084136857737
6,14,RF time only,14,23,1,3,197.0033,0.9003201630301464
6,14,RF time only,14,23,1,3,198.004,0.6094698774245686
6,14,RF time only,14,23,1,3,198.9929,0.37687340445989115
6,14,RF time only,14,23,1,3,200.0045,0.2582326343237792
6,14,RF time only,14,23,1,3,200.9928,0.3635590098501678
6,14,RF time only,14,23,1,3,202.0033,0.8165856505205121
6,14,RF time only,14,23,1,3,203.0034,0.8265554435604512
6,14,RF time only,14,23,1,3,204.0026,0.8746491514635314
6,14,RF time only,14,23,1,3,204.9932,0.43508190572577843
6,14,RF time only,14,23,1,3,205.9934,0.36588251558900997
6,14,RF time only,14,23,1,3,206.994,0.12061001590390769
6,14,RF time only,14,23,1,3,207.9929,0.5878234607250835
6,14,RF time only,14,23,1,3,208.9937,0.19063070028164117
6,14,RF time only,14,23,1,3,209.9931,0.5471762138219131
6,14,RF time only,14,23,1,3,210.9936,0.07047076463334133
6,14,RF time only,14,23,1,3,211.9932,0.685259199406761
6,14,RF time only,14,23,1,3,212.9935,0.12055753544867304
6,14,RF time only,14,23,1,3,213.9937,0.7708167514072254
6,14,RF time only,14,23,1,3,214.9946,0.15488755367139198
6,14,RF time only,14,23,1,3,215.9942,0.45262728439913447
6,14,RF time only,14,23,1,3,216.9937,0.13919020224538403
6,14,RF time only,14,23,1,3,217.9947,0.48940873036269816
6,14,RF time only,14,23,1,3,218.9939,0.22041481243490638
6,14,RF time only,14,23,1,3,219.9934,0.8181655869042376
6,14,RF time only,14,23,1,3,220.994,0.6840139202831342
6,14,RF time only,14,23,1,3,221.9946,0.543672793020749
6,14,RF time only,14,23,1,3,222.9935,0.6632492070803091
6,14,RF time only,14,23,1,3,223.9935,0.4553785142790498
6,14,RF time only,14,23,1,3,224.9933,0.9006013053073736
6,14,RF time only,14,23,1,3,226.0038,0.7121706537611768
6,14,RF time only,14,23,1,3,226.9932,0.9078880477395976
6,14,RF time only,14,23,1,3,227.993,0.634247511682592
6,14,RF time only,14,23,1,3,228.9936,0.7724929359005666
6,14,RF time only,14,23,1,3,229.994,0.3233379301347692
6,14,RF time only,14,23,1,3,230.9936,0.8806212826401084
6,14,RF time only,14,23,1,3,231.994,0.4497213319342431
6,14,RF time only,14,23,1,3,232.9937,0.917999686506046
6,14,RF time only,14,23,1,3,233.9941,0.5710711147214964
6,14,RF time only,14,23,1,3,234.9933,0.9676355118247887
6,14,RF time only,14,23,1,3,235.9945,0.5977885740671586
6,14,RF time only,14,23,1,3,236.9939,0.8406978331790941
6,14,RF time only,14,23,1,3,237.9933,0.28564956783100964
6,14,RF time only,14,23,1,3,238.9939,0.8678371487121179
6,14,RF time only,14,23,1,3,239.9943,0.42873325514324717
6,14,RF time only,14,23,1,3,240.9942,0.3805464441512411
6,14,RF time only,14,23,1,3,241.9942,0.5916625897829862
6,14,RF time only,14,23,1,3,242.9944,0.5187472536958264
6,14,RF time only,14,23,1,3,243.9944,0.8362787626421255
6,14,RF time only,14,23,1,3,244.9943,0.3186520253369624
6,14,RF time only,14,23,1,3,245.9946,0.8242521181733908
6,14,RF time only,14,23,1,3,246.9949,0.22942795109301736
6,14,RF time only,14,23,1,3,247.9954,0.6478342886998772
6,14,RF time only,14,23,1,3,248.9957,0.32060842997798894
6,14,RF time only,14,23,1,3,249.9943,0.9513236185504532
6,14,RF time only,14,23,1,3,250.9944,0.3303941687025632
6,14,RF time only,14,23,1,3,251.9948,0.7284444498148371
6,14,RF time only,14,23,1,3,252.9941,0.3952748461798149
6,14,RF time only,14,23,1,3,253.9945,0.7709616033277324
6,14,RF time only,14,23,1,3,254.9945,0.4957424595712655
6,14,RF time only,14,23,1,3,255.995,0.4022656221968132
6,14,RF time only,14,23,1,3,256.9954,0.39772360633495063
6,14,RF time only,14,23,1,3,257.9954,0.9342661681692406
6,14,RF time only,14,23,1,3,258.9947,0.32052723614963224
6,14,RF time only,14,23,1,3,259.9962,0.83664990946939
6,14,RF time only,14,23,1,3,260.9958,0.49750831658184685
6,14,RF time only,14,23,1,3,261.9972,0.5457715475819138
6,14,RF time only,14,23,1,3,262.998,0.7317723435534642
6,14,RF time only,14,23,1,3,263.9974,0.4878391396171338
6,14,RF time only,14,23,1,3,264.9976,0.8258588964591264
6,14,RF time only,14,23,1,3,265.9971,0.5409703691404275
6,14,RF time only,14,23,1,3,266.9977,0.8118880782904244
6,14,RF time only,14,23,1,3,267.9981,0.6587769565642394
6,14,RF time only,14,23,1,3,268.9977,0.603602749658606
6,14,RF time only,14,23,1,3,269.998,0.33999117925101796
6,14,RF time only,14,23,1,3,270.9981,0.8571528209029549
6,14,RF time only,14,23,1,3,271.9973,0.18952007587757821
6,14,RF time only,14,23,1,3,272.9978,0.7147455995092943
6,14,RF time only,14,23,1,3,273.9975,0.16024985746448686
6,14,RF time only,14,23,1,3,274.9981,0.5345349590302414
6,14,RF time only,14,23,1,3,275.9986,0.4696011667320711
6,14,RF time only,14,23,1,3,276.9987,0.9382616537581665
6,14,RF time only,14,23,1,3,277.9982,0.3388955574190855
6,14,RF time only,14,23,1,3,278.9988,0.6505566941840012
6,14,RF time only,14,23,1,3,279.9991,0.6702477925750437
6,14,RF time only,14,23,1,3,280.9967,0.7929637673715432
6,14,RF time only,14,23,1,3,281.9972,0.9347842830127472
6,14,RF time only,14,23,1,3,282.9969,0.6815982188233798
6,14,RF time only,14,23,1,3,283.9963,0.7485658224685304
6,14,RF time only,14,23,1,3,284.9965,0.8119085603883551
6,14,RF time only,14,23,1,3,285.9962,0.7662900345955855
6,14,RF time only,14,23,1,3,287.0023,0.37599697622943107
6,14,RF time only,14,24,0,0,0.0,0.0
6,14,RF time only,14,24,0,0,0.9972577,0.0
6,14,RF time only,14,24,0,0,1.997322,0.0
6,14,RF time only,14,24,0,0,2.997987,0.0
6,14,RF time only,14,24,0,0,3.999626,0.0
6,14,RF time only,14,24,0,0,4.999724,0.0
6,14,RF time only,14,24,0,0,6.000389,0.0
6,14,RF time only,14,24,0,0,7.00076,0.0023527330620909254
6,14,RF time only,14,24,0,0,8.000076,0.0
6,14,RF time only,14,24,0,0,9.000281,0.0
6,14,RF time only,14,24,0,0,10.00013,0.0018147439402223437
6,14,RF time only,14,24,0,0,11.00133,0.0
6,14,RF time only,14,24,0,0,12.00118,0.0007667725478871883
6,14,RF time only,14,24,0,0,13.00014,0.0
6,14,RF time only,14,24,0,0,14.00016,0.017605892934220244
6,14,RF time only,14,24,0,0,15.00186,0.0
6,14,RF time only,14,24,0,0,16.00245,0.0
6,14,RF time only,14,24,0,0,17.002,0.0
6,14,RF time only,14,24,0,0,18.00234,0.0
6,14,RF time only,14,24,0,0,19.00251,0.0
6,14,RF time only,14,24,0,0,20.00308,0.01666773741272272
6,14,RF time only,14,24,0,0,21.00178,0.0
6,14,RF time only,14,24,0,0,22.00285,0.0
6,14,RF time only,14,24,0,0,23.00216,0.0
6,14,RF time only,14,24,0,0,24.00199,0.0
6,14,RF time only,14,24,0,0,25.00317,0.0
6,14,RF time only,14,24,0,0,26.00204,0.0457330223011934
6,14,RF time only,14,24,0,0,27.00143,0.005837063501683317
6,14,RF time only,14,24,0,0,28.00184,0.0
6,14,RF time only,14,24,0,0,29.00246,0.0036827956989247315
6,14,RF time only,14,24,0,0,30.00175,0.0
6,14,RF time only,14,24,0,0,31.00178,0.02870526187673691
6,14,RF time only,14,24,0,0,32.00206,0.20402983327080063
6,14,RF time only,14,24,0,0,33.00281,0.46808576307074246
6,14,RF time only,14,24,0,0,34.00353,0.12221402217054696
6,14,RF time only,14,24,0,0,35.00357,0.06213490351029364
6,14,RF time only,14,24,0,0,36.00293,0.0
6,14,RF time only,14,24,0,0,37.00312,0.03225594497168758
6,14,RF time only,14,24,0,0,38.00257,0.10064788952455285
6,14,RF time only,14,24,0,0,39.00232,0.3527946626009346
6,14,RF time only,14,24,0,0,40.00309,0.003421075077968512
6,14,RF time only,14,24,0,0,41.00271,0.26775146057716503
6,14,RF time only,14,24,0,0,42.00307,0.15181657547580027
6,14,RF time only,14,24,0,0,43.00212,0.07418753818396151
6,14,RF time only,14,24,0,0,44.00304,0.04392883434732852
6,14,RF time only,14,24,0,0,45.00259,0.3326784760730705
6,14,RF time only,14,24,0,0,46.004,0.3363252687809627
6,14,RF time only,14,24,0,0,47.00352,0.34485257013248793
6,14,RF time only,14,24,0,0,48.00317,0.3772548206623854
6,14,RF time only,14,24,0,0,49.00343,0.18403501149055498
6,14,RF time only,14,24,0,0,50.00389,0.6469018303294942
6,14,RF time only,14,24,0,0,51.00224,0.09087734039988053
6,14,RF time only,14,24,0,0,52.00346,0.42020986747751854
6,14,RF time only,14,24,1,1,53.00407,0.3199187109484274
6,14,RF time only,14,24,1,1,54.00354,0.7993281617332418
6,14,RF time only,14,24,1,1,55.00352,0.16389216401969656
6,14,RF time only,14,24,1,1,56.00364,0.5877590896728574
6,14,RF time only,14,24,1,1,57.00396,0.0
6,14,RF time only,14,24,1,1,58.00496,0.17031849981729708
6,14,RF time only,14,24,1,1,59.00573,0.47939064702318046
6,14,RF time only,14,24,1,1,60.00475,0.1641812057037708
6,14,RF time only,14,24,1,1,61.00447,0.001481233990422096
6,14,RF time only,14,24,1,1,62.00492,0.4738087816358784
6,14,RF time only,14,24,1,1,63.00469,0.0
6,14,RF time only,14,24,1,1,64.00511,0.5409725972993933
6,14,RF time only,14,24,1,1,64.99493,0.10010211529627959
6,14,RF time only,14,24,1,1,66.00532,0.1177845779630332
6,14,RF time only,14,24,1,1,67.00607,0.42455583368981464
6,14,RF time only,14,24,1,1,67.99484,0.0031275275093305935
6,14,RF time only,14,24,1,1,69.00481,0.7430273038650771
6,14,RF time only,14,24,1,1,70.00437,0.04341230608966675
6,14,RF time only,14,24,1,1,71.00468,0.21337969803640883
6,14,RF time only,14,24,1,1,72.00489,0.4070739163454063
6,14,RF time only,14,24,1,1,73.00464,0.38487432038075897
6,14,RF time only,14,24,1,1,74.00573,0.6778365961365862
6,14,RF time only,14,24,1,1,75.00567,0.30111904462362316
6,14,RF time only,14,24,1,1,75.99514,0.0047984299292659
6,14,RF time only,14,24,1,1,76.99528,0.009898594519584346
6,14,RF time only,14,24,1,1,78.00524,0.281713763618636
6,14,RF time only,14,24,1,1,79.00544,0.5131498325967033
6,14,RF time only,14,24,1,1,79.99489,0.08108432612302995
6,14,RF time only,14,24,1,1,81.00591,0.42124817341866283
6,14,RF time only,14,24,1,1,82.00529,0.7396944203039146
6,14,RF time only,14,24,1,1,82.99491,0.00674202090856807
6,14,RF time only,14,24,1,1,83.99503,0.12517061921524508
6,14,RF time only,14,24,1,1,84.99577,0.21474022793433856
6,14,RF time only,14,24,1,1,85.99571,0.4543001054767048
6,14,RF time only,14,24,1,1,87.00577,0.6630853489432064
6,14,RF time only,14,24,1,1,87.99568,0.5590230334395587
6,14,RF time only,14,24,1,1,88.9959,0.09335733703997286
6,14,RF time only,14,24,1,1,90.00615,0.3599858567439627
6,14,RF time only,14,24,1,1,90.99528,0.07017434006778048
6,14,RF time only,14,24,1,1,91.99603,0.8657779974776368
6,14,RF time only,14,24,1,1,92.99611,0.10038286201394561
6,14,RF time only,14,24,1,1,93.99627,0.8388430395976773
6,14,RF time only,14,24,1,1,94.99651,0.12133810289942931
6,14,RF time only,14,24,1,1,95.99587,0.8477236032830903
6,14,RF time only,14,24,1,1,96.99593,0.2491037563383066
6,14,RF time only,14,24,1,1,97.99715,0.1812163932575465
6,14,RF time only,14,24,1,1,98.99685,0.15673727828539677
6,14,RF time only,14,24,1,1,99.99517,0.5269067755120467
6,14,RF time only,14,24,1,1,100.9969,0.21023073725861036
6,14,RF time only,14,24,0,0,101.995,0.6373064253447793
6,14,RF time only,14,24,0,0,102.996,0.7864259080996127
6,14,RF time only,14,24,0,0,103.996,0.3491021994098684
6,14,RF time only,14,24,0,0,104.9956,0.7188192174292408
6,14,RF time only,14,24,0,0,105.9973,0.4175988490913501
6,14,RF time only,14,24,0,0,106.9973,0.46000892335214094
6,14,RF time only,14,24,0,0,107.9975,0.29398771766718834
6,14,RF time only,14,24,0,0,108.9971,0.32776935750823744
6,14,RF time only,14,24,0,0,109.9962,0.21560398255823893
6,14,RF time only,14,24,0,0,110.9959,0.7113119625294057
6,14,RF time only,14,24,0,0,112.0059,0.020129412908935794
6,14,RF time only,14,24,0,0,112.9967,0.6252517561591623
6,14,RF time only,14,24,0,0,113.9967,0.13710459168626657
6,14,RF time only,14,24,0,0,114.9986,0.6781590167136471
6,14,RF time only,14,24,0,0,115.9968,0.22571480476819622
6,14,RF time only,14,24,0,0,116.9969,0.6669184720587777
6,14,RF time only,14,24,0,0,117.9978,0.25214314123514353
6,14,RF time only,14,24,0,0,118.9974,0.283990198527891
6,14,RF time only,14,24,0,0,119.9981,0.38049253178067605
6,14,RF time only,14,24,0,0,120.9978,0.6735908576405691
6,14,RF time only,14,24,0,0,121.9984,0.46658605519115165
6,14,RF time only,14,24,0,0,122.9985,0.43853570907409806
6,14,RF time only,14,24,0,0,123.9979,0.662307409638951
6,14,RF time only,14,24,0,0,124.998,0.2500314379357605
6,14,RF time only,14,24,0,0,125.998,0.4478739666846054
6,14,RF time only,14,24,0,0,126.997,0.3223232263297077
6,14,RF time only,14,24,0,0,127.9977,0.44266335095427595
6,14,RF time only,14,24,0,0,128.9973,0.25689883149534565
6,14,RF time only,14,24,0,0,129.9972,0.5022357181082953
6,14,RF time only,14,24,0,0,130.9967,0.1477260912578349
6,14,RF time only,14,24,0,0,131.9994,0.710782822301138
6,14,RF time only,14,24,0,0,132.9988,0.5843342465222379
6,14,RF time only,14,24,0,0,134.0001,0.3666932306622846
6,14,RF time only,14,24,0,0,134.9995,0.6601885224593105
6,14,RF time only,14,24,0,0,135.9992,0.5534566495753476
6,14,RF time only,14,24,0,0,137.0005,0.39378748307586514
6,14,RF time only,14,24,0,0,137.999,0.542157998046299
6,14,RF time only,14,24,0,0,138.999,0.49151282455685014
6,14,RF time only,14,24,0,0,139.9979,0.47819220826687675
6,14,RF time only,14,24,0,0,141.0,0.4450926430674509
6,14,RF time only,14,24,0,0,141.9993,0.36469026081167694
6,14,RF time only,14,24,0,0,143.001,0.6892690168436922
6,14,RF time only,14,24,0,0,144.0002,0.4862919507242705
6,14,RF time only,14,24,0,0,145.0008,0.44990823466878915
6,14,RF time only,14,24,0,0,146.0003,0.10201456273681024
6,14,RF time only,14,24,0,0,147.0005,0.4822984645556997
6,14,RF time only,14,24,0,0,148.0006,0.5719633158265987
6,14,RF time only,14,24,0,0,149.0002,0.630451434625082
6,14,RF time only,14,24,0,0,150.0011,0.46977799302475964
6,14,RF time only,14,24,0,0,151.0014,0.21234323823597687
6,14,RF time only,14,24,0,0,152.0006,0.5776387463012181
6,14,RF time only,14,24,0,0,153.0003,0.21601336442810548
6,14,RF time only,14,24,0,0,153.9996,0.6482952868879327
6,14,RF time only,14,24,0,0,154.9993,0.4765028056467193
6,14,RF time only,14,24,1,1,155.9995,0.27976389883538827
6,14,RF time only,14,24,1,1,157.0002,0.4014848550812535
6,14,RF time only,14,24,1,1,157.9998,0.6096445454614648
6,14,RF time only,14,24,1,1,158.9987,0.7180334463057865
6,14,RF time only,14,24,1,1,160.0011,0.6917308711622406
6,14,RF time only,14,24,1,1,161.0008,0.6480661302880361
6,14,RF time only,14,24,1,1,162.0005,0.833182416338155
6,14,RF time only,14,24,1,2,163.0013,0.616533651299612
6,14,RF time only,14,24,1,2,164.0016,0.44792640256055305
6,14,RF time only,14,24,1,2,165.0016,0.7113738173420029
6,14,RF time only,14,24,1,2,166.0018,0.8231827500021776
6,14,RF time only,14,24,1,2,167.0019,0.5904323979632831
6,14,RF time only,14,24,1,2,168.001,0.48189175637024456
6,14,RF time only,14,24,1,2,169.0002,0.9105314192801461
6,14,RF time only,14,24,1,2,170.0,0.6469546208588134
6,14,RF time only,14,24,1,2,171.0013,0.6144588314415724
6,14,RF time only,14,24,1,2,172.0004,0.28003842259215955
6,14,RF time only,14,24,1,2,173.0014,0.8520126516875569
6,14,RF time only,14,24,1,2,174.0037,0.16385016231015057
6,14,RF time only,14,24,1,2,175.0031,0.7453943651116278
6,14,RF time only,14,24,1,2,176.002,0.38487953953574605
6,14,RF time only,14,24,1,2,177.0022,0.622455924882594
6,14,RF time only,14,24,1,2,178.0022,0.6289834479768156
6,14,RF time only,14,24,1,3,179.0028,0.5495790808698393
6,14,RF time only,14,24,1,3,180.0025,0.5780700329326175
6,14,RF time only,14,24,1,3,181.0029,0.8630939435767189
6,14,RF time only,14,24,1,3,182.0028,0.8656530186175752
6,14,RF time only,14,24,1,3,183.0023,0.8239355212498908
6,14,RF time only,14,24,1,3,184.0016,0.9160914344092943
6,14,RF time only,14,24,1,3,185.0015,0.7736131628469192
6,14,RF time only,14,24,1,3,186.0011,0.9485765086537081
6,14,RF time only,14,24,1,3,187.0017,0.7398575793606635
6,14,RF time only,14,24,1,3,188.0026,0.7144740191114891
6,14,RF time only,14,24,1,3,189.0025,0.8280145687624864
6,14,RF time only,14,24,1,3,190.0028,0.8320082515445556
6,14,RF time only,14,24,1,3,191.0029,0.5199066822709277
6,14,RF time only,14,24,1,3,192.0025,0.5866317821180076
6,14,RF time only,14,24,1,3,193.0027,0.5580743247638621
6,14,RF time only,14,24,1,3,194.0041,0.7396443867493682
6,14,RF time only,14,24,1,3,195.0025,0.7881184151340895
6,14,RF time only,14,24,1,3,196.0031,0.7171562938987359
6,14,RF time only,14,24,1,3,197.0018,0.921248489816375
6,14,RF time only,14,24,1,3,198.0033,0.8231197867850423
6,14,RF time only,14,24,1,3,199.003,0.8238207787166538
6,14,RF time only,14,24,1,3,200.0043,0.3043165135303507
6,14,RF time only,14,24,1,3,201.0046,0.7760915288864219
6,14,RF time only,14,24,1,3,202.0056,0.0628351299321149
6,14,RF time only,14,24,1,3,203.0037,0.57678984883614
6,14,RF time only,14,24,1,3,204.0036,0.7508495773741073
6,14,RF time only,14,24,1,3,205.0035,0.5244631278535585
6,14,RF time only,14,24,1,3,206.0032,0.3900076793112517
6,14,RF time only,14,24,1,3,207.0051,0.9753264604108103
6,14,RF time only,14,24,1,3,208.0037,0.5860410979642855
6,14,RF time only,14,24,1,3,209.0046,0.7616814123142253
6,14,RF time only,14,24,1,3,210.0045,0.6313819171161855
6,14,RF time only,14,24,1,3,211.0034,0.8875516848928119
6,14,RF time only,14,24,1,3,212.0034,0.889032502454988
6,14,RF time only,14,24,1,3,213.0024,0.6685719387616508
6,14,RF time only,14,24,1,3,214.004,0.6593534413164222
6,14,RF time only,14,24,1,3,215.0028,0.871069925825719
6,14,RF time only,14,24,1,3,216.0035,0.6673045868968477
6,14,RF time only,14,24,1,3,217.0036,0.8600547511708314
6,14,RF time only,14,24,1,3,218.0037,0.7423191012488171
6,14,RF time only,14,24,1,3,219.0036,0.8584995613898722
6,14,RF time only,14,24,1,3,220.0041,0.5463697616264898
6,14,RF time only,14,24,1,3,221.0049,0.2225283749470322
6,14,RF time only,14,24,1,3,222.0051,0.3685524188082445
6,14,RF time only,14,24,1,3,223.0055,0.2531193462372591
6,14,RF time only,14,24,1,3,224.0052,0.4550438627028976
6,14,RF time only,14,24,1,3,225.0047,0.3948113533016284
6,14,RF time only,14,24,1,3,226.0028,0.7017365144838071
6,14,RF time only,14,24,1,3,227.0046,0.5913829349365417
6,14,RF time only,14,24,1,3,228.0048,0.8886655508922566
6,14,RF time only,14,24,1,3,229.0058,0.8453044678557557
6,14,RF time only,14,24,1,3,229.996,0.3233379301347692
6,14,RF time only,14,24,1,3,231.0059,0.8267358252185526
6,14,RF time only,14,24,1,3,231.9953,0.4497213319342431
6,14,RF time only,14,24,1,3,233.0062,0.4855611676168655
6,14,RF time only,14,24,1,3,234.0062,0.5477272219135182
6,14,RF time only,14,24,1,3,234.9954,0.9676355118247887
6,14,RF time only,14,24,1,3,235.9953,0.2464027380476961
6,14,RF time only,14,24,1,3,237.0062,0.7866697907236581
6,14,RF time only,14,24,1,3,238.0056,0.36112292642704447
6,14,RF time only,14,24,1,3,239.0058,0.9617663978522709
6,14,RF time only,14,24,1,3,240.0071,0.7829626456752011
6,14,RF time only,14,24,1,3,240.9955,0.3805464441512411
6,14,RF time only,14,24,1,3,241.9959,0.5916625897829862
6,14,RF time only,14,24,1,3,242.9959,0.5187472536958264
6,14,RF time only,14,24,1,3,243.9962,0.6471556911504114
6,14,RF time only,14,24,1,3,244.996,0.3186520253369624
6,14,RF time only,14,24,1,3,246.0052,0.8177344523604144
6,14,RF time only,14,24,1,3,247.0047,0.8701708827940858
6,14,RF time only,14,24,1,3,248.005,0.7091279530384268
6,14,RF time only,14,24,1,3,249.0054,0.8094006626656868
6,14,RF time only,14,24,1,3,250.0056,0.3662723271373202
6,14,RF time only,14,27,0,0,0.0110925,0.0
6,14,RF time only,14,27,0,0,1.01893,0.0
6,14,RF time only,14,27,0,0,2.009226,0.0
6,14,RF time only,14,27,0,0,3.010703,0.0
6,14,RF time only,14,27,0,0,4.012049,0.0
6,14,RF time only,14,27,0,0,5.011549,0.0
6,14,RF time only,14,27,0,0,6.011959,0.004879885293204404
6,14,RF time only,14,27,0,0,7.011798,0.14426204927899652
6,14,RF time only,14,27,0,0,8.013364,0.2688499359867498
6,14,RF time only,14,27,0,0,9.012961,0.04587150029229552
6,14,RF time only,14,27,0,0,10.0135,0.34974257759835403
6,14,RF time only,14,27,0,0,11.01286,0.41376997400777726
6,14,RF time only,14,27,0,0,12.01302,0.18546162090268026
6,14,RF time only,14,27,0,0,13.01301,0.07267962032705326
6,14,RF time only,14,27,0,0,14.01287,0.023216073623622997
6,14,RF time only,14,27,0,0,15.01381,0.2868414070597539
6,14,RF time only,14,27,0,0,16.01416,0.19493755655847808
6,14,RF time only,14,27,0,0,17.01406,0.3906813582648899
6,14,RF time only,14,27,0,0,18.01282,0.016010303824303847
6,14,RF time only,14,27,0,0,19.01204,0.006342781880588494
6,14,RF time only,14,27,0,0,20.01213,0.0053855703187468545
6,14,RF time only,14,27,0,0,21.01253,0.04526792702879378
6,14,RF time only,14,27,0,0,22.01254,0.2814226447199152
6,14,RF time only,14,27,0,0,23.01226,0.0036636595589575357
6,14,RF time only,14,27,0,0,24.01391,0.27030013556442267
6,14,RF time only,14,27,0,0,25.01341,0.012708900841003885
6,14,RF time only,14,27,0,0,26.01408,0.21872444557431606
6,14,RF time only,14,27,0,0,27.01375,0.0095158394485066
6,14,RF time only,14,27,0,0,28.01477,0.33555367536121067
6,14,RF time only,14,27,0,0,29.01468,0.6052493773017182
6,14,RF time only,14,27,0,0,30.01326,0.09824915409491465
6,14,RF time only,14,27,0,0,31.01198,0.016363348358338616
6,14,RF time only,14,27,0,0,32.01356,0.028828065139717907
6,14,RF time only,14,27,0,0,33.01426,0.02096322942060364
6,14,RF time only,14,27,0,0,34.01423,0.11090110691975727
6,14,RF time only,14,27,0,0,35.01481,0.04319383063743161
6,14,RF time only,14,27,0,0,36.01467,0.31318742110518344
6,14,RF time only,14,27,0,0,37.01414,0.09235030975917997
6,14,RF time only,14,27,0,0,38.0146,0.00842620796455018
6,14,RF time only,14,27,0,0,39.01488,0.14544999234759892
6,14,RF time only,14,27,0,0,40.01426,0.08441190872848811
6,14,RF time only,14,27,0,0,41.01546,0.1591124400205175
6,14,RF time only,14,27,0,0,42.01442,0.007821125305346252
6,14,RF time only,14,27,0,0,43.01394,0.03821020643503386
6,14,RF time only,14,27,0,0,44.01429,0.0009657455382843984
6,14,RF time only,14,27,0,0,45.01337,0.0009484319893241827
6,14,RF time only,14,27,0,0,46.01431,0.14144445408913245
6,14,RF time only,14,27,0,0,47.01359,0.12324485217397656
6,14,RF time only,14,27,0,0,48.01471,0.2162571995903664
6,14,RF time only,14,27,0,0,49.01568,0.5201621447530594
6,14,RF time only,14,27,0,0,50.01482,0.2501742517103264
6,14,RF time only,14,27,0,0,51.01583,0.8266055332801434
6,14,RF time only,14,27,0,0,52.01593,0.3073930181561728
6,14,RF time only,14,27,0,0,53.0158,0.5326823838004864
6,14,RF time only,14,27,0,0,54.0154,0.24088205643607077
6,14,RF time only,14,27,0,0,55.01407,0.021691158144877414
6,14,RF time only,14,27,0,0,56.01479,0.0
6,14,RF time only,14,27,0,0,57.0152,0.03503661893868311
6,14,RF time only,14,27,0,0,58.01595,0.0
6,14,RF time only,14,27,0,0,59.01684,0.6124714235633067
6,14,RF time only,14,27,0,0,60.01731,0.6077585546638337
6,14,RF time only,14,27,0,0,61.01645,0.06117495177853981
6,14,RF time only,14,27,0,0,62.01598,0.3279147843630692
6,14,RF time only,14,27,0,0,63.01549,0.4855658464086372
6,14,RF time only,14,27,0,0,64.01623,0.2438261399557859
6,14,RF time only,14,27,0,0,65.01556,0.08133847303920216
6,14,RF time only,14,27,0,0,66.01579,0.136768462460541
6,14,RF time only,14,27,0,0,67.01708,0.02636707818395546
6,14,RF time only,14,27,0,0,68.01788,0.6050402583302508
6,14,RF time only,14,27,0,0,69.01695,0.1910122992313293
6,14,RF time only,14,27,0,0,70.01685,0.8391207752955592
6,14,RF time only,14,27,0,0,71.01693,0.02798207340171698
6,14,RF time only,14,27,0,0,72.01638,0.2374017534571654
6,14,RF time only,14,27,0,0,73.01495,0.09576089938949457
6,14,RF time only,14,27,0,0,74.01651,0.4532900569936699
6,14,RF time only,14,27,0,0,75.01495,0.05576474604532585
6,14,RF time only,14,27,0,0,76.01586,0.27664261447949123
6,14,RF time only,14,27,0,0,77.01755,0.3559496449817126
6,14,RF time only,14,27,0,0,78.01757,0.4000104682855658
6,14,RF time only,14,27,0,0,79.01694,0.3431849539383058
6,14,RF time only,14,27,0,0,80.01778,0.4717275077205979
6,14,RF time only,14,27,0,0,81.01844,0.12785756589170988
6,14,RF time only,14,27,0,0,82.01799,0.09816065987710566
6,14,RF time only,14,27,0,0,83.01645,0.012843949778886189
6,14,RF time only,14,27,0,0,84.01694,0.5608503182328696
6,14,RF time only,14,27,0,0,85.01832,0.36762536445051597
6,14,RF time only,14,27,0,0,86.01842,0.3345229337884781
6,14,RF time only,14,27,0,0,87.01836,0.2462264838217131
6,14,RF time only,14,27,0,0,88.01799,0.26989951169907556
6,14,RF time only,14,27,1,3,89.01899,0.496815379954463
6,14,RF time only,14,27,1,3,90.0183,0.37985931276416474
6,14,RF time only,14,27,1,3,91.0181,0.7444317339873695
6,14,RF time only,14,27,1,3,92.01809,0.21466310451735712
6,14,RF time only,14,27,1,3,93.01811,0.4145759881588002
6,14,RF time only,14,27,1,3,94.01764,0.2277718312136864
6,14,RF time only,14,27,1,3,95.01756,0.911546343584377
6,14,RF time only,14,27,1,3,96.01851,0.17453756961366457
6,14,RF time only,14,27,1,3,97.01912,0.36074024340341293
6,14,RF time only,14,27,1,3,98.01918,0.6194476671269034
6,14,RF time only,14,27,1,3,99.01951,0.55949781586007
6,14,RF time only,14,27,1,3,100.0196,0.7084268999872666
6,14,RF time only,14,27,1,3,101.0185,0.7146012706288406
6,14,RF time only,14,27,1,3,102.0171,0.7151489979494076
6,14,RF time only,14,27,1,3,103.0192,0.46637383458575193
6,14,RF time only,14,27,1,3,104.0182,0.7295142350369598
6,14,RF time only,14,27,1,3,105.0207,0.9279865489341114
6,14,RF time only,14,27,1,3,106.02,0.896488664693026
6,14,RF time only,14,27,1,3,107.0095,0.8568634558999996
6,14,RF time only,14,27,1,3,108.0191,0.7846754965352646
6,14,RF time only,14,27,1,3,109.0198,0.8665648891316653
6,14,RF time only,14,27,1,3,110.0191,0.9771165100121777
6,14,RF time only,14,27,1,3,111.0197,0.8192055327218158
6,14,RF time only,14,27,1,3,112.0089,0.9575666388993237
6,14,RF time only,14,27,1,3,113.0193,0.751411477082425
6,14,RF time only,14,27,1,3,114.0192,0.9778351031915737
6,14,RF time only,14,27,1,3,115.0193,0.5090184464667514
6,14,RF time only,14,27,0,0,116.0173,0.9769145855894322
6,14,RF time only,14,27,0,0,117.0192,0.39149817521458874
6,14,RF time only,14,27,0,0,118.0198,0.9795007169360671
6,14,RF time only,14,27,0,0,119.0096,0.9533303208072493
6,14,RF time only,14,27,0,0,120.0098,0.7517441321615385
6,14,RF time only,14,27,0,0,121.0107,0.816433214522667
6,14,RF time only,14,27,0,0,122.009,0.69667610837034
6,14,RF time only,14,27,0,0,123.018,0.8345606252780715
6,14,RF time only,14,27,0,0,124.009,0.5126291280907211
6,14,RF time only,14,27,0,0,125.0098,0.4844645289996872
6,14,RF time only,14,27,0,0,126.0095,0.7115269190232328
6,14,RF time only,14,27,0,0,127.0099,0.23256862359714067
6,14,RF time only,14,27,0,0,128.0105,0.9494618538717481
6,14,RF time only,14,27,0,0,129.0213,0.9798978459530141
6,14,RF time only,14,27,0,0,130.0093,0.37831767680503453
6,14,RF time only,14,27,0,0,131.0209,0.9773513935025846
6,14,RF time only,14,27,0,0,132.0093,0.3881689342881537
6,14,RF time only,14,27,0,0,133.009,0.7405420598389459
6,14,RF time only,14,27,0,0,134.0183,0.7255919042078566
6,14,RF time only,14,27,1,2,135.0096,0.7843650209895556
6,14,RF time only,14,27,1,2,136.0103,0.9179823871236099
6,14,RF time only,14,27,1,2,137.0105,0.7220682653737636
6,14,RF time only,14,27,1,2,138.0104,0.35425973309787356
6,14,RF time only,14,27,1,2,139.0104,0.7068820759126315
6,14,RF time only,14,27,1,2,140.019,0.8423114313192602
6,14,RF time only,14,27,1,2,141.0098,0.6273024785055926
6,14,RF time only,14,27,1,2,142.0099,0.20328902417331526
6,14,RF time only,14,27,1,2,143.0113,0.9697766756422255
6,14,RF time only,14,27,1,2,144.0116,0.9146885471609763
6,14,RF time only,14,27,1,2,145.0109,0.6409069871776532
6,14,RF time only,14,27,1,2,146.0108,0.9262098257473642
6,14,RF time only,14,27,1,2,147.0107,0.852711247920233
6,14,RF time only,14,27,1,2,148.0109,0.862925371877329
6,14,RF time only,14,27,1,2,149.0112,0.9514211239465593
6,14,RF time only,14,27,1,2,150.0111,0.8657410798745571
6,14,RF time only,14,27,1,2,151.0102,0.7401859799359204
6,14,RF time only,14,27,1,2,152.0108,0.9420439562895425
6,14,RF time only,14,27,1,2,153.0114,0.7846424755264879
6,14,RF time only,14,27,1,2,154.0109,0.7962816354887088
6,14,RF time only,14,27,1,2,155.0107,0.8965371817719394
6,14,RF time only,14,27,1,2,156.0103,0.9129615769661956
6,14,RF time only,14,27,1,2,157.0111,0.6768955792025652
6,14,RF time only,14,27,1,2,158.0107,0.9024719840479931
6,14,RF time only,14,27,1,2,159.0117,0.8888826849263908
6,14,RF time only,14,27,1,2,160.0122,0.7018270946783357
6,14,RF time only,14,27,1,2,161.0119,0.7058182739887564
6,14,RF time only,14,27,1,2,162.011,0.8443897960623352
6,14,RF time only,14,27,1,2,163.0109,0.819300634317571
6,14,RF time only,14,27,1,2,164.0102,0.3174939129421153
6,14,RF time only,14,27,1,2,165.0107,0.6279557988406045
6,14,RF time only,14,27,1,2,166.01,0.24964900196214562
6,14,RF time only,14,27,1,2,167.011,0.882835931777252
6,14,RF time only,14,27,1,2,168.0117,0.767850400076827
6,14,RF time only,14,27,1,2,169.0114,0.5778617122274196
6,14,RF time only,14,27,1,2,170.0124,0.42541647374867786
6,14,RF time only,14,27,1,2,171.0132,0.8422350035766805
6,14,RF time only,14,27,1,2,172.0111,0.40567451443566277
6,14,RF time only,14,27,1,2,173.0098,0.7029612075911296
6,14,RF time only,14,27,1,2,174.0115,0.3231486529748025
6,14,RF time only,14,27,1,2,175.0128,0.716477246391593
6,14,RF time only,14,27,1,2,176.0125,0.5162634612681194
6,14,RF time only,14,27,1,2,177.0113,0.6853635186794251
6,14,RF time only,14,27,1,2,178.0124,0.5835572831009507
6,14,RF time only,14,27,1,2,179.0121,0.7370720497902422
6,14,RF time only,14,27,1,2,180.0115,0.7724824350960656
6,14,RF time only,14,27,1,2,181.0128,0.8020823539157604
6,14,RF time only,14,27,1,2,182.0121,0.7589470559557295
6,14,RF time only,14,27,1,2,183.0128,0.908171802959597
6,14,RF time only,14,27,1,2,184.0131,0.8546872474195774
6,14,RF time only,14,27,1,2,185.0134,0.8750256030516671
6,14,RF time only,14,27,1,2,186.0142,0.9157347299861948
6,14,RF time only,14,27,1,2,187.0148,0.8697185720839777
6,14,RF time only,14,27,1,2,188.013,0.7482075901406992
6,14,RF time only,14,27,1,2,189.0133,0.5488075618628613
6,14,RF time only,14,27,1,2,190.0127,0.6301443435799098
6,14,RF time only,14,27,1,2,191.0129,0.5569198013078308
6,14,RF time only,14,27,1,2,192.0126,0.5779129757620922
6,14,RF time only,14,27,1,2,193.0123,0.8441585507266322
6,14,RF time only,14,27,1,2,194.0129,0.61085521313985
6,14,RF time only,14,27,0,0,195.0138,0.6578906825968984
6,14,RF time only,14,27,0,0,196.0139,0.745625087164445
6,14,RF time only,14,27,0,0,197.014,0.6785479016278855
6,14,RF time only,14,27,0,0,198.0153,0.989277617607534
6,14,RF time only,14,27,0,0,199.0154,0.7013720313525665
6,14,RF time only,14,27,0,0,200.0137,0.6954751980909661
6,14,RF time only,14,27,0,0,201.0133,0.6738456963070807
6,14,RF time only,14,27,0,0,202.014,0.6706623812837449
6,14,RF time only,14,27,0,0,203.0149,0.2772710476655129
6,14,RF time only,14,27,0,0,204.0157,0.5413066962704015
6,14,RF time only,14,27,0,0,205.0156,0.28368719434194856
6,14,RF time only,14,27,0,0,206.0157,0.6788051743328931
6,14,RF time only,14,27,0,0,207.0146,0.30865988117601534
6,14,RF time only,14,27,0,0,208.0148,0.9538260108479746
6,14,RF time only,14,27,0,0,209.0162,0.35619973340430067
6,14,RF time only,14,27,0,0,210.0147,0.9167635767960476
6,14,RF time only,14,27,0,0,211.0141,0.24517157718307567
6,14,RF time only,14,27,0,0,212.0139,0.2679832140511582
6,14,RF time only,14,27,0,0,213.0145,0.28877774916162463
6,14,RF time only,14,27,0,0,214.0139,0.4957246071414666
6,14,RF time only,14,27,0,0,215.0152,0.16680981996953875
6,14,RF time only,14,27,0,0,216.0154,0.34328324346621053
6,14,RF time only,14,27,0,0,217.0155,0.9792587975773674
6,14,RF time only,14,27,0,0,218.0154,0.5332646015144568
6,14,RF time only,14,27,0,0,219.0161,0.8196354522886815
6,14,RF time only,14,27,0,0,220.0133,0.7491655105177896
6,14,RF time only,14,27,0,0,221.0157,0.9901510029930956
6,14,RF time only,14,27,0,0,222.016,0.7301286934477915
6,14,RF time only,14,27,0,0,223.0163,0.9833736372962354
6,14,RF time only,14,27,0,0,224.0161,0.8951257073311499
6,14,RF time only,14,27,0,0,225.0156,0.6633657469489922
6,14,RF time only,14,27,0,0,226.0158,0.8672672840825597
6,14,RF time only,14,27,0,0,227.0152,0.9521957634753703
6,14,RF time only,14,27,0,0,228.0145,0.2836493640188994
6,14,RF time only,14,27,0,0,229.0143,0.9019432752193202
6,14,RF time only,14,27,0,0,230.015,0.48617834700049495
6,14,RF time only,14,27,0,0,231.0147,0.703497487391373
6,14,RF time only,14,27,0,0,232.0167,0.9604452855910159
6,14,RF time only,14,27,0,0,233.0171,0.7223000403390858
6,14,RF time only,14,27,0,0,234.0177,0.9582637507098433
6,14,RF time only,14,27,0,0,235.0167,0.6604216374706336
6,14,RF time only,14,27,0,0,236.0168,0.9534890894848141
6,14,RF time only,14,27,0,0,237.0172,0.4177765026102738
6,14,RF time only,14,27,0,0,238.0165,0.9584773260028914
6,14,RF time only,14,27,0,0,239.0155,0.6066492887376782
6,14,RF time only,14,27,0,0,240.0154,0.8638173262575088
6,14,RF time only,14,27,0,0,241.0162,0.5359827718233496
6,14,RF time only,14,27,0,0,242.0153,1.0
6,14,RF time only,14,27,0,0,243.0169,0.9706408620036128
6,14,RF time only,14,27,0,0,244.017,0.5505678887873908
6,14,RF time only,14,27,0,0,245.0175,0.7144997297798439
6,14,RF time only,14,27,0,0,246.0175,0.6186295576828271
6,14,RF time only,14,27,0,0,247.0189,0.7109255126840018
6,14,RF time only,14,27,0,0,248.0175,0.9550372377499601
6,14,RF time only,14,27,0,0,249.0157,0.8278405363940393
6,14,RF time only,14,27,0,0,250.0172,0.7235927839405042
6,14,RF time only,14,27,0,0,251.0182,0.9582746883222063
6,14,RF time only,14,27,0,0,252.019,0.5429582957716925
6,14,RF time only,14,27,0,0,253.0187,0.9842835884818179
6,14,RF time only,14,27,0,0,254.0191,0.8526677826901896
6,14,RF time only,14,27,0,0,255.0179,0.9748304363118797
6,14,RF time only,14,27,0,0,256.0189,0.6556390527279486
6,14,RF time only,14,27,0,0,257.0168,0.9988345287799308
6,14,RF time only,14,27,0,0,258.0172,0.8766058218570822
6,14,RF time only,14,27,0,0,259.0182,0.992457237857795
6,14,RF time only,14,27,0,0,260.0174,0.6532871111060942
6,14,RF time only,14,27,0,0,261.0188,0.9756446260159439
6,14,RF time only,14,27,0,0,262.0185,0.9878269372699929
6,14,RF time only,14,27,0,0,263.0108,0.5029580407259949
6,14,RF time only,14,27,0,0,264.0196,0.9744831924366938
6,14,RF time only,14,27,0,0,265.0177,0.9949366175158383
6,14,RF time only,14,27,0,0,266.017,0.8934175069997328
6,14,RF time only,14,27,0,0,267.0185,0.9802737308409056
6,14,RF time only,14,27,0,0,268.0191,0.9302859845381142
6,14,RF time only,14,27,0,0,269.0094,0.6273551570749979
6,14,RF time only,14,27,0,0,270.0097,0.7522703487820881
6,14,RF time only,14,27,0,0,271.0201,0.989175080455681
6,14,RF time only,14,27,0,0,272.0097,0.8319226338020905
6,14,RF time only,14,27,0,0,273.0197,0.8995528546255567
6,14,RF time only,14,27,0,0,274.0097,0.7601456577250753
6,14,RF time only,14,27,0,0,275.0197,0.9111647809091299
6,14,RF time only,14,27,0,0,276.0195,1.0
6,14,RF time only,14,27,1,1,277.0191,0.7289373723844119
6,14,RF time only,14,27,1,1,278.0207,0.9635773926268528
6,14,RF time only,14,27,1,1,279.0197,0.6216368317650774
6,14,RF time only,14,27,1,1,280.0204,0.9959951948080665
6,14,RF time only,14,27,1,1,281.0213,0.9835539965132187
6,14,RF time only,14,27,1,1,282.0106,0.7723003315003166
6,14,RF time only,14,27,1,1,283.0107,0.5684717496485502
6,14,RF time only,14,27,1,1,284.0201,0.9920907803963204
6,14,RF time only,14,27,1,1,285.0201,0.9315266189482982
6,14,RF time only,14,27,1,1,286.0099,0.8983679489416075
6,14,RF time only,14,27,1,1,287.02,0.9413403170686013
6,14,RF time only,14,27,1,1,288.01,0.6105138763929234
6,14,RF time only,14,27,1,1,289.011,0.9178492654102094
6,14,RF time only,14,27,1,1,290.011,0.9248301298451056
6,14,RF time only,14,27,1,1,291.0101,0.48515727849143625
6,14,RF time only,14,27,1,1,292.011,0.652120681525023
6,14,RF time only,14,27,1,1,293.0103,0.5810747519867855
6,14,RF time only,14,27,1,1,294.011,0.7091994740291347
6,14,RF time only,14,27,1,1,295.0106,0.7982562523192664
6,14,RF time only,14,27,1,1,296.0206,0.5824304220223246
6,14,RF time only,14,27,1,1,297.0204,0.9552716776268022
6,14,RF time only,14,27,1,1,298.0102,0.8849311890740604
6,14,RF time only,14,27,1,1,299.0202,0.9990444366279752
6,14,RF time only,14,27,1,1,300.0211,0.9492580948152912
6,14,RF time only,14,27,1,1,301.0101,0.75732691406715
6,14,RF time only,14,28,0,0,0.0111128,0.0
6,14,RF time only,14,28,0,0,1.009833,0.0
6,14,RF time only,14,28,0,0,2.010395,0.0
6,14,RF time only,14,28,0,0,3.011393,0.0
6,14,RF time only,14,28,0,0,4.0115,0.0
6,14,RF time only,14,28,0,0,5.012748,0.0
6,14,RF time only,14,28,0,0,6.014083,0.33839054205492275
6,14,RF time only,14,28,0,0,7.013341,0.09939646776855521
6,14,RF time only,14,28,0,0,8.015121,0.036940478623718735
6,14,RF time only,14,28,0,0,9.014697,0.3840125926089992
6,14,RF time only,14,28,0,0,10.01435,0.008545955931154082
6,14,RF time only,14,28,0,0,11.0154,0.39458471578406434
6,14,RF time only,14,28,0,0,12.0133,0.18311273249602092
6,14,RF time only,14,28,0,0,13.01444,0.5169606980543211
6,14,RF time only,14,28,0,0,14.01499,0.3457236530790419
6,14,RF time only,14,28,0,0,15.01424,0.565289780015253
6,14,RF time only,14,28,0,0,16.01418,0.19493755655847808
6,14,RF time only,14,28,0,0,17.01338,0.18171668078573305
6,14,RF time only,14,28,0,0,18.01521,0.35537892804800714
6,14,RF time only,14,28,0,0,19.01558,0.17574450163218458
6,14,RF time only,14,28,0,0,20.01401,0.12769052090659702
6,14,RF time only,14,28,0,0,21.01581,0.592090315653349
6,14,RF time only,14,28,0,0,22.01543,0.34225284331892203
6,14,RF time only,14,28,0,0,23.01588,0.08334944283234379
6,14,RF time only,14,28,0,0,24.01619,0.36799543076041785
6,14,RF time only,14,28,0,0,25.01628,0.2739030572295125
6,14,RF time only,14,28,0,0,26.0155,0.3434489559339437
6,14,RF time only,14,28,0,0,27.01602,0.13082124234197526
6,14,RF time only,14,28,0,0,28.01654,0.33555367536121067
6,14,RF time only,14,28,0,0,29.01629,0.3447920603195557
6,14,RF time only,14,28,0,0,30.01612,0.3537503579551352
6,14,RF time only,14,28,0,0,31.01567,0.2994927787783274
6,14,RF time only,14,28,0,0,32.01504,0.12564155758166567
6,14,RF time only,14,28,0,0,33.01624,0.3507824162522122
6,14,RF time only,14,28,0,0,34.0147,0.37805905136182
6,14,RF time only,14,28,0,0,35.01396,0.023118127700920817
6,14,RF time only,14,28,0,0,36.01606,0.5158158132876888
6,14,RF time only,14,28,0,0,37.01563,0.23886160662316575
6,14,RF time only,14,28,0,0,38.01526,0.03211988259492232
6,14,RF time only,14,28,0,0,39.01506,0.2255447920484571
6,14,RF time only,14,28,0,0,40.0174,0.24617180835397567
6,14,RF time only,14,28,0,0,41.01774,0.36066318467682695
6,14,RF time only,14,28,0,0,42.01627,0.6316265985081814
6,14,RF time only,14,28,0,0,43.01559,0.12132080289435564
6,14,RF time only,14,28,0,0,44.01618,0.23887435532735532
6,14,RF time only,14,28,0,0,45.01551,0.1164865191033217
6,14,RF time only,14,28,0,0,46.01629,0.39703443844369957
6,14,RF time only,14,28,0,0,47.01807,0.3478981047787141
6,14,RF time only,14,28,0,0,48.01582,0.2568582355285037
6,14,RF time only,14,28,0,0,49.01778,0.21431187721943962
6,14,RF time only,14,28,0,0,50.01649,0.32210172670982723
6,14,RF time only,14,28,0,0,51.01685,0.8502344352553537
6,14,RF time only,14,28,0,0,52.01536,0.08489688861136235
6,14,RF time only,14,28,0,0,53.01762,0.21519322458614898
6,14,RF time only,14,28,0,0,54.01741,0.15391460060431902
6,14,RF time only,14,28,0,0,55.01841,0.14823635185631606
6,14,RF time only,14,28,0,0,56.01595,0.0
6,14,RF time only,14,28,0,0,57.01751,0.1570266355435235
6,14,RF time only,14,28,0,0,58.01589,0.0
6,14,RF time only,14,28,0,0,59.01643,0.615095134623299
6,14,RF time only,14,28,0,0,60.01655,0.25878189003408913
6,14,RF time only,14,28,0,0,61.01838,0.02282414033170186
6,14,RF time only,14,28,0,0,62.01884,0.3471011919623636
6,14,RF time only,14,28,0,0,63.01641,0.0033333333333333335
6,14,RF time only,14,28,0,0,64.0168,0.2438261399557859
6,14,RF time only,14,28,0,0,65.01732,0.08132500856391459
6,14,RF time only,14,28,0,0,66.01808,0.3253848096889719
6,14,RF time only,14,28,0,0,67.01823,0.02636707818395546
6,14,RF time only,14,28,0,0,68.01816,0.6335624436961849
6,14,RF time only,14,28,0,0,69.01759,0.1910122992313293
6,14,RF time only,14,28,0,0,70.01744,0.8391207752955592
6,14,RF time only,14,28,0,0,71.01709,0.02798207340171698
6,14,RF time only,14,28,0,0,72.01596,0.23684586374746974
6,14,RF time only,14,28,0,0,73.01692,0.05567814992729358
6,14,RF time only,14,28,0,0,74.0185,0.5711519204410072
6,14,RF time only,14,28,0,0,75.01855,0.05576474604532585
6,14,RF time only,14,28,0,0,76.01823,0.9199026445628675
6,14,RF time only,14,28,0,0,77.01774,0.3559496449817126
6,14,RF time only,14,28,0,0,78.01897,0.6913529313288798
6,14,RF time only,14,28,0,0,79.01764,0.19159770453426578
6,14,RF time only,14,28,0,0,80.01952,0.29667640370693005
6,14,RF time only,14,28,0,0,81.01741,0.12785756589170988
6,14,RF time only,14,28,0,0,82.01808,0.09816065987710566
6,14,RF time only,14,28,0,0,83.01849,0.012843949778886189
6,14,RF time only,14,28,0,0,84.01945,0.31520255713771334
6,14,RF time only,14,28,0,0,85.01937,0.36762536445051597
6,14,RF time only,14,28,0,0,86.01777,0.3345229337884781
6,14,RF time only,14,28,0,0,87.0088,0.9114163983425753
6,14,RF time only,14,28,0,0,88.00897,0.8726311356292048
6,14,RF time only,14,28,0,0,89.00903,0.20828354730699503
6,14,RF time only,14,28,0,0,90.00906,0.5493774155398078
6,14,RF time only,14,28,0,0,91.01865,0.9018273048421787
6,14,RF time only,14,28,0,0,92.00906,0.9383176274804114
6,14,RF time only,14,28,0,0,93.01897,0.7660253131487204
6,14,RF time only,14,28,0,0,94.01846,0.2277718312136864
6,14,RF time only,14,28,0,0,95.01842,0.911546343584377
6,14,RF time only,14,28,0,0,96.01799,0.17453756961366457
6,14,RF time only,14,28,0,0,97.01869,0.36074024340341293
6,14,RF time only,14,28,0,0,98.02034,0.6194476671269034
6,14,RF time only,14,28,0,0,99.00938,0.9576025527394498
6,14,RF time only,14,28,0,0,100.0092,0.5564058974287686
6,14,RF time only,14,28,0,0,101.0099,0.9474095789502095
6,14,RF time only,14,28,0,0,102.0094,0.37104896788348396
6,14,RF time only,14,28,0,0,103.0204,0.46637383458575193
6,14,RF time only,14,28,0,0,104.0199,0.7383026308677245
6,14,RF time only,14,28,0,0,105.0094,0.7627192921460761
6,14,RF time only,14,28,0,0,106.0093,0.8516277915892461
6,14,RF time only,14,28,0,0,107.0091,0.857820151006576
6,14,RF time only,14,28,0,0,108.0092,0.8165533866748408
6,14,RF time only,14,28,0,0,109.0197,0.8665648891316653
6,14,RF time only,14,28,0,0,110.0095,0.9573914626189279
6,14,RF time only,14,28,0,0,111.01,0.9414009438230663
6,14,RF time only,14,28,0,0,112.0107,0.9982862815167759
6,14,RF time only,14,28,0,0,113.0104,0.9441107016030469
6,14,RF time only,14,28,0,0,114.0103,0.9154215590494075
6,14,RF time only,14,28,0,0,115.0095,0.9715840247156613
6,14,RF time only,14,28,0,0,116.01,0.8062937720707604
6,14,RF time only,14,28,0,0,117.0105,0.8982764419494259
6,14,RF time only,14,28,0,0,118.0109,0.8626657124371927
6,14,RF time only,14,28,0,0,119.012,0.3044378501087838
6,14,RF time only,14,28,0,0,120.0113,0.7517441321615385
6,14,RF time only,14,28,0,0,121.0113,0.7589623032561602
6,14,RF time only,14,28,0,0,122.0116,0.8316687384966953
6,14,RF time only,14,28,0,0,123.0119,0.8293733286217131
6,14,RF time only,14,28,0,0,124.0118,0.7730882942942691
6,14,RF time only,14,28,0,0,125.0108,0.8897751280648456
6,14,RF time only,14,28,0,0,126.011,0.694125154821738
6,14,RF time only,14,28,0,0,127.0124,0.901554556778316
6,14,RF time only,14,28,0,0,128.0108,0.9458849351211662
6,14,RF time only,14,28,0,0,129.0105,0.9405361577509033
6,14,RF time only,14,28,0,0,130.0117,0.8775180133808753
6,14,RF time only,14,28,0,0,131.0111,0.5780081231971751
6,14,RF time only,14,28,0,0,132.0108,0.9169800736466953
6,14,RF time only,14,28,0,0,133.0106,0.9665597103078957
6,14,RF time only,14,28,0,0,134.0097,0.3152079375703434
6,14,RF time only,14,28,0,0,135.0104,0.9247654736140332
6,14,RF time only,14,28,0,0,136.0105,0.9152440757567446
6,14,RF time only,14,28,0,0,137.011,0.5659657974257303
6,14,RF time only,14,28,0,0,138.0112,0.41307635594773123
6,14,RF time only,14,28,0,0,139.0102,0.8380195382615574
6,14,RF time only,14,28,0,0,140.0111,0.8249590788392523
6,14,RF time only,14,28,0,0,141.0099,0.6278309004128928
6,14,RF time only,14,28,0,0,142.0102,0.7533579138528105
6,14,RF time only,14,28,0,0,143.0106,0.9390622705608981
6,14,RF time only,14,28,0,0,144.012,0.9437919577511169
6,14,RF time only,14,28,0,0,145.0106,0.6409069871776532
6,14,RF time only,14,28,0,0,146.012,0.9573802585619156
6,14,RF time only,14,28,0,0,147.0115,0.9221075455365584
6,14,RF time only,14,28,0,0,148.0123,0.959710112855605
6,14,RF time only,14,28,0,0,149.012,0.9699193871734818
6,14,RF time only,14,28,0,0,150.0118,0.9129003585409408
6,14,RF time only,14,28,0,0,151.0124,0.5185876887502339
6,14,RF time only,14,28,0,0,152.0128,0.9720455925858946
6,14,RF time only,14,28,0,0,153.0126,0.8672339462696652
6,14,RF time only,14,28,0,0,154.0121,0.7866409563706699
6,14,RF time only,14,28,0,0,155.012,0.19859069472989144
6,14,RF time only,14,28,0,0,156.0126,0.7330313459093061
6,14,RF time only,14,28,0,0,157.013,0.14613759125039005
6,14,RF time only,14,28,0,0,158.0121,0.7119854962450523
6,14,RF time only,14,28,0,0,159.0126,0.5231369468535163
6,14,RF time only,14,28,0,0,160.0124,0.7038872886085712
6,14,RF time only,14,28,0,0,161.0119,0.7058182739887564
6,14,RF time only,14,28,0,0,162.013,0.6180623138571189
6,14,RF time only,14,28,0,0,163.0129,0.5833544454122569
6,14,RF time only,14,28,0,0,164.0133,0.7444468601978805
6,14,RF time only,14,28,0,0,165.0129,0.731868498840848
6,14,RF time only,14,28,0,0,166.0124,0.6837716748986808
6,14,RF time only,14,28,0,0,167.0136,0.7897470691575061
6,14,RF time only,14,28,0,0,168.0131,0.9457067064598336
6,14,RF time only,14,28,0,0,169.0124,0.8742613289598652
6,14,RF time only,14,28,0,0,170.0131,0.9524672368772275
6,14,RF time only,14,28,0,0,171.0138,0.8747055660749076
6,14,RF time only,14,28,0,0,172.0135,0.9396332041406242
6,14,RF time only,14,28,0,0,173.014,0.8834487662505577
6,14,RF time only,14,28,0,0,174.0137,0.5268381555701045
6,14,RF time only,14,28,0,0,175.0137,0.9377432411736557
6,14,RF time only,14,28,0,0,176.0139,0.9175319394007884
6,14,RF time only,14,28,0,0,177.0143,0.9121314503991749
6,14,RF time only,14,28,0,0,178.0135,0.673874296358952
6,14,RF time only,14,28,0,0,179.0138,0.6745483400479332
6,14,RF time only,14,28,0,0,180.0135,0.5595209968646065
6,14,RF time only,14,28,0,0,181.0143,0.7167954620958323
6,14,RF time only,14,28,0,0,182.0144,0.33420134398528356
6,14,RF time only,14,28,0,0,183.0134,0.9007010613375519
6,14,RF time only,14,28,0,0,184.0142,0.6551855698043495
6,14,RF time only,14,28,0,0,185.0128,0.9136410822197221
6,14,RF time only,14,28,0,0,186.0135,0.5639511044555613
6,14,RF time only,14,28,0,0,187.0139,0.5152141405536355
6,14,RF time only,14,28,0,0,188.0138,0.6323356589981164
6,14,RF time only,14,28,0,0,189.015,0.909336787462708
6,14,RF time only,14,28,0,0,190.0154,0.8373820352181203
6,14,RF time only,14,28,0,0,191.0153,0.9593405356202827
6,14,RF time only,14,28,0,0,192.015,0.9907339156536058
6,14,RF time only,14,28,0,0,193.0144,0.7824332553378432
6,14,RF time only,14,28,0,0,194.0154,0.9498836602476901
6,14,RF time only,14,28,0,0,195.0154,0.5056402105250658
6,14,RF time only,14,28,0,0,196.0153,0.9387010968315789
6,14,RF time only,14,28,0,0,197.0166,0.6852275097214267
6,14,RF time only,14,28,0,0,198.0156,0.989277617607534
6,14,RF time only,14,28,0,0,199.0165,0.7146561375574499
6,14,RF time only,14,28,0,0,200.0164,0.993648780767424
6,14,RF time only,14,28,0,0,201.0146,0.8275061743406332
6,14,RF time only,14,28,0,0,202.0159,0.9856562511473266
6,14,RF time only,14,28,0,0,203.0147,0.2682069896433075
6,14,RF time only,14,28,0,0,204.015,0.968949981697132
6,14,RF time only,14,28,0,0,205.0149,0.2731098390689444
6,14,RF time only,14,28,0,0,206.0154,0.6700092387423495
6,14,RF time only,14,28,0,0,207.0155,0.6693332966531523
6,14,RF time only,14,28,0,0,208.0162,0.5963930545965194
6,14,RF time only,14,28,0,0,209.0153,0.29936429284023464
6,14,RF time only,14,28,0,0,210.0164,0.9116490573444986
6,14,RF time only,14,28,0,0,211.0156,0.27346940831974775
6,14,RF time only,14,28,0,0,212.0163,0.5245117360470818
6,14,RF time only,14,28,0,0,213.0176,0.9811499592692788
6,14,RF time only,14,28,0,0,214.0176,0.7276601528076506
6,14,RF time only,14,28,0,0,215.0165,0.9055647435664823
6,14,RF time only,14,28,0,0,216.0159,0.3448660722521787
6,14,RF time only,14,28,0,0,217.0159,0.9856100659959888
6,14,RF time only,14,28,0,0,218.0158,0.5332646015144568
6,14,RF time only,14,28,0,0,219.0164,0.8972424396126852
6,14,RF time only,14,28,0,0,220.0166,0.7627611723842148
6,14,RF time only,14,28,0,0,221.016,0.9871233922768571
6,14,RF time only,14,28,0,0,222.0175,0.7303945255643285
6,14,RF time only,14,28,0,0,223.0178,0.9833736372962354
6,14,RF time only,14,28,0,0,224.0176,0.9210819723066312
6,14,RF time only,14,28,0,0,225.018,0.9126006943232325
6,14,RF time only,14,28,0,0,226.0181,0.9177822205163187
6,14,RF time only,14,28,0,0,227.018,0.9513779859831012
6,14,RF time only,14,28,0,0,228.0176,0.509174447168706
6,14,RF time only,14,28,0,0,229.0186,0.8328627995979283
6,14,RF time only,14,28,0,0,230.0179,0.8559160676814095
6,14,RF time only,14,28,0,0,231.0177,0.44217370616385715
6,14,RF time only,14,28,0,0,232.0178,0.9729640583329143
6,14,RF time only,14,28,0,0,233.018,0.7223000403390858
6,14,RF time only,14,28,0,0,234.017,0.9338244155312829
6,14,RF time only,14,28,0,0,235.0178,0.6604216374706336
6,14,RF time only,14,28,0,0,236.0177,0.9732483261473539
6,14,RF time only,14,28,0,0,237.0187,0.4177765026102738
6,14,RF time only,14,28,0,0,238.0185,0.9876648600705557
6,14,RF time only,14,28,0,0,239.0183,0.6066492887376782
6,14,RF time only,14,28,0,0,240.0186,0.9613266267384787
6,14,RF time only,14,28,0,0,241.0184,0.5359827718233496
6,14,RF time only,14,28,0,0,242.0192,0.997606527005843
6,14,RF time only,14,28,0,0,243.018,0.9696594984744786
6,14,RF time only,14,28,0,0,244.0168,0.5505678887873908
6,14,RF time only,14,28,0,0,245.0174,0.7144997297798439
6,14,RF time only,14,28,0,0,246.0177,0.6186295576828271
6,14,RF time only,14,28,0,0,247.0178,0.7109255126840018
6,14,RF time only,14,28,0,0,248.0176,0.9550372377499601
6,14,RF time only,14,28,0,0,249.0175,0.9797684760103523
6,14,RF time only,14,28,0,0,250.0193,0.7235927839405042
6,14,RF time only,14,28,0,0,251.0192,0.9486241036480573
6,14,RF time only,14,28,0,0,252.0187,0.5429582957716925
6,14,RF time only,14,28,1,3,253.0184,0.9842835884818179
6,14,RF time only,14,28,1,3,254.0191,0.8526677826901896
6,14,RF time only,14,28,1,3,255.0188,0.9615362785989591
6,14,RF time only,14,28,1,3,256.019,0.6556390527279486
6,14,RF time only,14,28,1,3,257.009,0.9184013983816118
6,14,RF time only,14,28,1,3,258.009,0.863390390700924
6,14,RF time only,14,28,1,3,259.0089,0.6853563478932666
6,14,RF time only,14,28,1,3,260.0201,0.6532871111060942
6,14,RF time only,14,28,1,3,261.0089,0.6726105828316619
6,14,RF time only,14,28,1,3,262.0198,0.9878269372699929
6,14,RF time only,14,28,1,3,263.0199,0.9758752828916883
6,14,RF time only,14,28,1,3,264.0095,0.6666008364537233
6,14,RF time only,14,28,1,3,265.0092,0.8823103626929342
6,14,RF time only,14,28,1,3,266.0198,0.8944435023264877
6,14,RF time only,14,28,1,3,267.02,0.9802737308409056
6,14,RF time only,14,28,1,3,268.0094,0.9429721721448842
6,14,RF time only,14,28,1,3,269.0094,0.6273551570749979
6,14,RF time only,14,28,1,3,270.0103,0.8454906667576494
6,14,RF time only,14,28,1,3,271.01,0.5456619946527186
6,14,RF time only,14,28,1,3,272.0204,0.9659413150226098
6,14,RF time only,14,28,1,3,273.0203,0.8995528546255567
6,14,RF time only,14,28,1,3,274.0092,0.3961831816832982
6,14,RF time only,14,28,1,3,275.0203,0.9111647809091299
6,14,RF time only,14,28,1,3,276.0095,0.9714641384305177
6,14,RF time only,14,28,1,3,277.0092,0.7155270305375944
6,14,RF time only,14,28,1,3,278.0089,0.5372350624948335
6,14,RF time only,14,28,1,3,279.011,0.928272600998284
6,14,RF time only,14,28,1,3,280.0101,0.7104555662317098
6,14,RF time only,14,28,1,3,281.0095,0.6288884866642773
6,14,RF time only,14,28,1,3,282.0099,0.7723003315003166
6,14,RF time only,14,28,1,3,283.0117,0.7961428048038611
6,14,RF time only,14,28,1,3,284.0094,0.4189086100838538
6,14,RF time only,14,28,1,3,285.0087,0.9992811182122515
6,14,RF time only,14,28,1,3,286.0101,0.8983679489416075
6,14,RF time only,14,28,1,3,287.0098,0.29966169887396765
6,14,RF time only,14,28,1,3,288.0103,0.8489939312040116
6,14,RF time only,14,28,1,3,289.0108,0.9178492654102094
6,14,RF time only,14,28,1,3,290.0102,0.7508077807318388
6,14,RF time only,14,28,1,3,291.0107,0.5536379649365333
6,14,RF time only,14,28,1,3,292.0105,0.6557833107568789
6,14,RF time only,14,28,1,3,293.0114,0.6021470274129048
6,14,RF time only,14,28,1,2,294.0107,0.6782531209364131
6,14,RF time only,14,28,1,2,295.0113,0.9004979440738803
6,14,RF time only,14,28,1,2,296.0103,0.9059296596682809
6,14,RF time only,14,28,1,2,297.0109,0.7322933652161114
6,14,RF time only,14,28,1,2,298.0119,0.434044840969244
6,14,RF time only,14,28,1,2,299.0108,0.7738422358094205
6,14,RF time only,14,28,1,2,300.0102,0.4197269056729559
6,14,RF time only,14,28,1,2,301.0107,0.7606602474004833
6,14,RF time only,6,29,0,0,0.0112192,0.0
6,14,RF time only,6,29,0,0,1.011824,0.0
6,14,RF time only,6,29,0,0,2.016775,0.0
6,14,RF time only,6,29,0,0,3.01134,0.0
6,14,RF time only,6,29,0,0,4.016446,0.28976285494195947
6,14,RF time only,6,29,0,0,5.010691,0.0042173197771883655
6,14,RF time only,6,29,0,0,6.014781,0.17582560431303415
6,14,RF time only,6,29,0,0,7.021184,0.06517560527332067
6,14,RF time only,6,29,0,0,8.014297,0.33376067373120505
6,14,RF time only,6,29,0,0,9.017834,0.3660216080657823
6,14,RF time only,6,29,0,0,10.0143,0.015328435616409048
6,14,RF time only,6,29,0,0,11.0198,0.2058861536974691
6,14,RF time only,6,29,0,0,12.01373,0.29854919952889686
6,14,RF time only,6,29,0,0,13.01924,0.29569384255991377
6,14,RF time only,6,29,0,0,14.01323,0.08928462321393295
6,14,RF time only,6,29,0,0,15.01874,0.1371137861283544
6,14,RF time only,6,29,0,0,16.02178,0.30225109344473
6,14,RF time only,6,29,0,0,17.0179,0.3142330426374299
6,14,RF time only,6,29,0,0,18.01236,0.020155573351317103
6,14,RF time only,6,29,0,0,19.01663,0.22331595684712824
6,14,RF time only,6,29,0,0,20.01117,0.0339373604623735
6,14,RF time only,6,29,0,0,21.01589,0.592090315653349
6,14,RF time only,6,29,0,0,22.01227,0.33739505989472157
6,14,RF time only,6,29,0,0,23.01739,0.013343305154841513
6,14,RF time only,6,29,0,0,24.01122,0.031069689114123347
6,14,RF time only,6,29,0,0,25.01702,0.06291005160556519
6,14,RF time only,6,29,0,0,26.0217,0.20722939858145903
6,14,RF time only,6,29,0,0,27.01569,0.29378180380572144
6,14,RF time only,6,29,0,0,28.02129,0.1651760166618684
6,14,RF time only,6,29,0,0,29.01555,0.6217907575977976
6,14,RF time only,6,29,0,0,30.01976,0.11307639769383836
6,14,RF time only,6,29,0,0,31.01329,0.12083859819886676
6,14,RF time only,6,29,0,0,32.02007,0.544419040996539
6,14,RF time only,6,29,0,0,33.01092,0.3410949987935028
6,14,RF time only,6,29,0,0,34.01912,0.15730398765786152
6,14,RF time only,6,29,0,0,35.01377,0.026448795748762185
6,14,RF time only,6,29,0,0,36.01718,0.4486160744496028
6,14,RF time only,6,29,0,0,37.01274,0.2028341978738132
6,14,RF time only,6,29,0,0,38.01831,0.5874815128045703
6,14,RF time only,6,29,0,0,39.01217,0.18699990682382636
6,14,RF time only,6,29,0,0,40.01754,0.24617180835397567
6,14,RF time only,6,29,0,0,41.01052,0.028489648424927995
6,14,RF time only,6,29,0,0,42.01724,0.19557392258324177
6,14,RF time only,6,29,0,0,43.02027,0.23847867635234313
6,14,RF time only,6,29,0,0,44.01577,0.015564576466731142
6,14,RF time only,6,29,0,0,45.02153,0.35743083565792344
6,14,RF time only,6,29,0,0,46.01505,0.4536263277053675
6,14,RF time only,6,29,0,0,47.02,0.22392787927392868
6,14,RF time only,6,29,0,0,48.01451,0.21444200002776384
6,14,RF time only,6,29,0,0,49.02043,0.0394270507070915
6,14,RF time only,6,29,0,0,50.01405,0.11679186756996583
6,14,RF time only,6,29,0,0,51.02033,0.1348698382309233
6,14,RF time only,6,29,0,0,52.01211,0.3791152351387565
6,14,RF time only,6,29,0,0,53.01879,0.3534756498997767
6,14,RF time only,6,29,0,0,54.01346,0.18448906434136497
6,14,RF time only,6,29,0,0,55.01865,0.14823635185631606
6,14,RF time only,6,29,0,0,56.0123,0.010875301701672722
6,14,RF time only,6,29,0,0,57.01873,0.4003850693516009
6,14,RF time only,6,29,0,0,58.01094,0.3091306648695245
6,14,RF time only,6,29,0,0,59.01741,0.3287712217435459
6,14,RF time only,6,29,0,0,60.01103,0.20954284621406014
6,14,RF time only,6,29,0,0,61.01686,0.034459136218708206
6,14,RF time only,6,29,0,0,62.02135,0.3471011919623636
6,14,RF time only,6,29,0,0,63.01606,0.022929152290822933
6,14,RF time only,6,29,0,0,64.01111,0.24386176140761562
6,14,RF time only,6,29,0,0,65.01536,0.08133847303920216
6,14,RF time only,6,29,0,0,66.01973,0.3253848096889719
6,14,RF time only,6,29,0,0,67.01254,0.36043072052667113
6,14,RF time only,6,29,0,0,68.02018,0.6335624436961849
6,14,RF time only,6,29,0,0,69.01416,0.08184265133064793
6,14,RF time only,6,29,0,0,70.02119,0.8391207752955592
6,14,RF time only,6,29,0,0,71.01406,0.4011919421386754
6,14,RF time only,6,29,0,0,72.01811,0.3968573804927091
6,14,RF time only,6,29,0,0,73.01423,0.278271365302829
6,14,RF time only,6,29,0,0,74.01737,0.380139848129364
6,14,RF time only,6,29,0,0,75.01094,0.14428239351420066
6,14,RF time only,6,29,0,0,76.0176,0.9199026445628675
6,14,RF time only,6,29,0,0,77.02081,0.3559496449817126
6,14,RF time only,6,29,0,0,78.01769,0.4782895181397268
6,14,RF time only,6,29,0,0,79.01154,0.6306403241074564
6,14,RF time only,6,29,0,0,80.01762,0.563023011715611
6,14,RF time only,6,29,0,0,81.01078,0.6973501318154487
6,14,RF time only,6,29,0,0,82.01668,0.6011769024247487
6,14,RF time only,6,29,0,0,83.01159,0.01987799363932316
6,14,RF time only,6,29,0,0,84.0154,0.7611220468218081
6,14,RF time only,6,29,0,0,85.0213,0.36762536445051597
6,14,RF time only,6,29,0,0,86.01613,0.35876234804163304
6,14,RF time only,6,29,0,0,87.02153,0.624534370833815
6,14,RF time only,6,29,0,0,88.01397,0.05615100824128691
6,14,RF time only,6,29,0,0,89.02009,0.496815379954463
6,14,RF time only,6,29,0,0,90.0147,0.7714365837225223
6,14,RF time only,6,29,0,0,91.01833,0.9018273048421787
6,14,RF time only,6,29,0,0,92.01338,0.4963184015421592
6,14,RF time only,6,29,0,0,93.01836,0.7660253131487204
6,14,RF time only,6,29,0,0,94.01306,0.4495921294481283
6,14,RF time only,6,29,0,0,95.01991,0.917633067993436
6,14,RF time only,6,29,0,0,96.01231,0.8200292999155032
6,14,RF time only,6,29,0,0,97.01806,0.35422624050944135
6,14,RF time only,6,29,0,0,98.01287,0.47850565375326254
6,14,RF time only,6,29,0,0,99.0177,0.7611570953734016
6,14,RF time only,6,29,0,0,100.0129,0.6247326003929958
6,14,RF time only,6,29,0,0,101.0174,0.7015618857108152
6,14,RF time only,6,29,0,0,102.012,0.3820702714948973
6,14,RF time only,6,29,0,0,103.0166,0.6817412442345739
6,14,RF time only,6,29,0,0,104.0114,0.4663079595098151
6,14,RF time only,6,29,0,0,105.016,0.9115146331103998
6,14,RF time only,6,29,0,0,106.0215,0.896488664693026
6,14,RF time only,6,29,0,0,107.0152,0.9353379065018983
6,14,RF time only,6,29,0,0,108.0193,0.7846754965352646
6,14,RF time only,6,29,0,0,109.015,0.8645554087100754
6,14,RF time only,6,29,0,0,110.0205,0.9771165100121777
6,14,RF time only,6,29,0,0,111.0144,0.8143892932188975
6,14,RF time only,6,29,0,0,112.0205,0.9982862815167759
6,14,RF time only,6,29,0,0,113.0114,0.871315675873678
6,14,RF time only,6,29,0,0,114.0195,0.9778351031915737
6,14,RF time only,6,29,0,0,115.0128,0.4871101945626098
6,14,RF time only,6,29,0,0,116.0194,0.9856448719113746
6,14,RF time only,6,29,0,0,117.0126,0.6311012635077365
6,14,RF time only,6,29,0,0,118.0177,0.9818503764057094
6,14,RF time only,6,29,0,0,119.0121,0.31212295872169205
6,14,RF time only,6,29,0,0,120.0173,0.8114566556278507
6,14,RF time only,6,29,0,0,121.0209,0.7283689256385047
6,14,RF time only,6,29,0,0,122.0168,0.36538807333695983
6,14,RF time only,6,29,0,0,123.0214,0.8345606252780715
6,14,RF time only,6,29,0,0,124.0167,0.4192517498733151
6,14,RF time only,6,29,0,0,125.021,0.8937771705817721
6,14,RF time only,6,29,0,0,126.0145,0.2747838216125613
6,14,RF time only,6,29,0,0,127.0109,0.8264914104133566
6,14,RF time only,6,29,0,0,128.0153,0.7447377702876008
6,14,RF time only,6,29,0,0,129.0204,0.9798978459530141
6,14,RF time only,6,29,0,0,130.0143,0.42805809637954934
6,14,RF time only,6,29,0,0,131.0208,0.9773513935025846
6,14,RF time only,6,29,0,0,132.0134,0.3924498878794418
6,14,RF time only,6,29,0,0,133.019,0.9935800090307997
6,14,RF time only,6,29,0,0,134.0134,0.5175858328870152
6,14,RF time only,6,29,0,0,135.0182,0.8793280289033409
6,14,RF time only,6,29,0,0,136.0138,0.24452029492570054
6,14,RF time only,6,29,0,0,137.0193,0.7007511186123595
6,14,RF time only,6,29,0,0,138.0129,0.6542124879083451
6,14,RF time only,6,29,0,0,139.018,0.8673611430447586
6,14,RF time only,6,29,0,0,140.0114,0.39375547221591567
6,14,RF time only,6,29,0,0,141.0173,0.4587621516867678
6,14,RF time only,6,29,0,0,142.0123,0.8345731659507536
6,14,RF time only,6,29,0,0,143.0174,0.7122581592679225
6,14,RF time only,6,29,0,0,144.0198,0.9571405545467488
6,14,RF time only,6,29,0,0,145.0158,0.7843336313712705
6,14,RF time only,6,29,0,0,146.022,0.9636571899130382
6,14,RF time only,6,29,0,0,147.0161,0.46777868151429697
6,14,RF time only,6,29,0,0,148.0215,0.9879162666905738
6,14,RF time only,6,29,0,0,149.0159,0.25639362093876944
6,14,RF time only,6,29,0,0,150.0214,0.7847861689170841
6,14,RF time only,6,29,0,0,151.0148,0.7235710181099504
6,14,RF time only,6,29,0,0,152.0203,0.9935260234449877
6,14,RF time only,6,29,0,0,153.015,0.1558237232223681
6,14,RF time only,6,29,0,0,154.0197,0.9139646969830089
6,14,RF time only,6,29,0,0,155.0137,0.543426387510214
6,14,RF time only,6,29,0,0,156.0195,0.32681690568616134
6,14,RF time only,6,29,0,0,157.0139,0.1524611455936316
6,14,RF time only,6,29,0,0,158.0179,0.8076017258221353
6,14,RF time only,6,29,0,0,159.0134,0.7358847555680692
6,14,RF time only,6,29,0,0,160.0171,0.8332736593499186
6,14,RF time only,6,29,0,0,161.0113,0.2803989233573606
6,14,RF time only,6,29,0,0,162.0164,0.9643538689852748
6,14,RF time only,6,29,0,0,163.022,0.5833544454122569
6,14,RF time only,6,29,0,0,164.0161,0.9089621318220473
6,14,RF time only,6,29,0,0,165.022,0.8954183368476932
6,14,RF time only,6,29,0,0,166.0165,0.710534341619319
6,14,RF time only,6,29,0,0,167.0112,0.8806010791021398
6,14,RF time only,6,29,0,0,168.0158,0.38499944832363375
6,14,RF time only,6,29,0,0,169.0202,0.980691101624327
6,14,RF time only,6,29,0,0,170.0141,0.9899540211871579
6,14,RF time only,6,29,0,0,171.0207,0.938630782578432
6,14,RF time only,6,29,0,0,172.0139,0.4777902039837654
6,14,RF time only,6,29,0,0,173.0192,0.6961549608433951
6,14,RF time only,6,29,0,0,174.013,0.7613667372966059
6,14,RF time only,6,29,0,0,175.0175,0.9901500809046371
6,14,RF time only,6,29,0,0,176.0135,0.7269781501514124
6,14,RF time only,6,29,0,0,177.0181,0.5966056287830054
6,14,RF time only,6,29,0,0,178.0124,0.5835572831009507
6,14,RF time only,6,29,0,0,179.0186,0.8327802284039055
6,14,RF time only,6,29,0,0,180.0117,0.8787285748642756
6,14,RF time only,6,29,0,0,181.0171,0.8576082605835947
6,14,RF time only,6,29,0,0,182.0113,0.5917330643569986
6,14,RF time only,6,29,0,0,183.0171,0.6601053883117423
6,14,RF time only,6,29,0,0,184.0217,0.7383570902162433
6,14,RF time only,6,29,0,0,185.0134,0.8750256030516671
6,14,RF time only,6,29,0,0,186.0216,0.9341097513746965
6,14,RF time only,6,29,0,0,187.0153,0.7318201300932895
6,14,RF time only,6,29,0,0,188.0214,0.786105356847328
6,14,RF time only,6,29,0,0,189.0154,0.9138753597288619
6,14,RF time only,6,29,0,0,190.0175,0.9855268796520621
6,14,RF time only,6,29,0,0,191.0144,0.9698009757100594
6,14,RF time only,6,29,0,0,192.0198,0.9985365409148897
6,14,RF time only,6,29,0,0,193.0143,0.8333496100820512
6,14,RF time only,6,29,0,0,194.0198,0.9956820227813609
6,14,RF time only,6,29,0,0,195.0145,0.6145938961480122
6,14,RF time only,6,29,0,0,196.0186,0.9936027576348669
6,14,RF time only,6,29,0,0,197.0138,0.6785479016278855
6,14,RF time only,6,29,0,0,198.0177,0.9918714207570857
6,14,RF time only,6,29,0,0,199.0128,0.8210825562968287
6,14,RF time only,6,29,0,0,200.015,0.8746260563076301
6,14,RF time only,6,29,0,0,201.0131,0.7706975648034357
6,14,RF time only,6,29,0,0,202.0175,0.9860362026950072
6,14,RF time only,6,29,0,0,203.0224,0.6613372813440135
6,14,RF time only,6,29,0,0,204.0173,0.7015454729185171
6,14,RF time only,6,29,0,0,205.0222,0.6859392891507934
6,14,RF time only,6,29,0,0,206.0159,0.6894905249488542
6,14,RF time only,6,29,0,0,207.0197,0.846298986307369
6,14,RF time only,6,29,0,0,208.0167,0.5963930545965194
6,14,RF time only,6,29,0,0,209.0206,0.7203953726168767
6,14,RF time only,6,29,0,0,210.0151,0.9173244948228927
6,14,RF time only,6,29,0,0,211.0197,0.9382895985341014
6,14,RF time only,6,29,0,0,212.0139,0.2679832140511582
6,14,RF time only,6,29,0,0,213.0196,0.9767931069592989
6,14,RF time only,6,29,0,0,214.0141,0.2659411364455245
6,14,RF time only,6,29,0,0,215.0178,0.9798782473703224
6,14,RF time only,6,29,0,0,216.012,0.9926946266933965
6,14,RF time only,6,29,0,0,217.0189,0.9816832357536039
6,14,RF time only,6,29,0,0,218.0127,0.8594176986483275
6,14,RF time only,6,29,0,0,219.0185,0.959806864353994
6,14,RF time only,6,29,0,0,220.0132,0.7491655105177896
6,14,RF time only,6,29,0,0,221.0173,0.9770318967252996
6,14,RF time only,6,29,0,0,222.0124,0.5890011983894619
6,14,RF time only,6,29,0,0,223.017,0.9833736372962354
6,14,RF time only,6,29,0,0,224.0219,0.9210819723066312
6,14,RF time only,6,29,0,0,225.0162,0.8776636068879964
6,14,RF time only,6,29,0,0,226.0217,0.9177822205163187
6,14,RF time only,6,29,0,0,227.0157,0.970234457234108
6,14,RF time only,6,29,0,0,228.0207,0.8325512746540943
6,14,RF time only,6,29,0,0,229.0154,0.8328627995979283
6,14,RF time only,6,29,0,0,230.0205,0.8723836559199375
6,14,RF time only,6,29,0,0,231.0153,0.44217370616385715
6,14,RF time only,6,29,0,0,232.0194,0.984865201546887
6,14,RF time only,6,29,0,0,233.0133,0.7322063639268079
6,14,RF time only,6,29,0,0,234.0184,0.9609742394803333
6,14,RF time only,6,29,0,0,235.0122,0.9058704157592511
6,14,RF time only,6,29,0,0,236.0163,0.9022186188156688
6,14,RF time only,6,29,0,0,237.0122,0.5993763105892828
6,14,RF time only,6,29,0,0,238.0178,0.9907416780038525
6,14,RF time only,6,29,0,0,239.0128,0.9598650505248382
6,14,RF time only,6,29,0,0,240.0172,0.9746573741016522
6,14,RF time only,6,29,0,0,241.0219,0.5359827718233496
6,14,RF time only,6,29,0,0,242.0162,1.0
6,14,RF time only,6,29,0,0,243.0118,0.9514151503965511
6,14,RF time only,6,29,0,0,244.017,0.5505678887873908
6,14,RF time only,6,29,0,0,245.0216,0.7673311374351406
6,14,RF time only,6,29,0,0,246.0154,0.6137890327512405
6,14,RF time only,6,29,0,0,247.0208,0.7109255126840018
6,14,RF time only,6,29,0,0,248.0148,0.8857506077187202
6,14,RF time only,6,29,0,0,249.0202,0.982563008778817
6,14,RF time only,6,29,0,0,250.0158,0.7124605938806474
6,14,RF time only,6,29,0,0,251.0202,0.9486241036480573
6,14,RF time only,6,29,0,0,252.0149,0.501213065103289
6,14,RF time only,6,29,0,0,253.0197,0.9857848642244824
6,14,RF time only,6,29,0,0,254.0136,0.5984665763484961
6,14,RF time only,6,29,0,0,255.0182,0.9696821923550326
6,14,RF time only,6,29,0,0,256.0139,0.4491700659873276
6,14,RF time only,6,29,0,0,257.0173,0.9988345287799308
6,14,RF time only,6,29,0,0,258.013,0.6810367526761045
6,14,RF time only,6,29,0,0,259.0187,0.992457237857795
6,14,RF time only,6,29,0,0,260.021,0.6532871111060942
6,14,RF time only,6,29,0,0,261.0178,0.9756446260159439
6,14,RF time only,6,29,0,0,262.0128,0.9770128965344134
6,14,RF time only,6,29,0,0,263.0165,0.9917316503982586
6,14,RF time only,6,29,0,0,264.022,0.9744831924366938
6,14,RF time only,6,29,0,0,265.0162,0.9949366175158383
6,14,RF time only,6,29,0,0,266.0201,0.8944435023264877
6,14,RF time only,6,29,0,0,267.0135,0.9978401945125119
6,14,RF time only,6,29,0,0,268.0216,0.9302859845381142
6,14,RF time only,6,29,0,0,269.0137,0.6402709334315789
6,14,RF time only,6,29,0,0,270.0212,0.9668974608622442
6,14,RF time only,6,29,0,0,271.0142,0.976323410958366
6,14,RF time only,6,29,0,0,272.0176,0.9681827315322455
6,14,RF time only,6,29,0,0,273.0138,0.8812788238624254
6,14,RF time only,6,29,0,0,274.0176,0.9828238716907814
6,14,RF time only,6,29,0,0,275.0136,0.9044411993577963
6,14,RF time only,6,29,0,0,276.0194,1.0
6,14,RF time only,6,29,0,0,277.011,0.7725120714855936
6,14,RF time only,6,29,0,0,278.0184,0.9635773926268528
6,14,RF time only,6,29,0,0,279.0128,0.5324373848845264
6,14,RF time only,6,29,0,0,280.0181,0.9959951948080665
6,14,RF time only,6,29,0,0,281.0127,0.9397816386204486
6,14,RF time only,6,29,0,0,282.0156,0.9887572719007494
6,14,RF time only,6,29,0,0,283.0111,0.5838561223812715
6,14,RF time only,6,29,0,0,284.0166,0.996538925420029
6,14,RF time only,6,29,0,0,285.0219,0.9315266189482982
6,14,RF time only,6,29,0,0,286.016,0.9797580413332747
6,14,RF time only,6,29,0,0,287.0216,0.9413403170686013
6,14,RF time only,6,29,0,0,288.0144,0.7164654980162175
6,14,RF time only,6,29,0,0,289.0197,0.9892304311414386
6,14,RF time only,6,29,0,0,290.0124,0.974589406691437
6,14,RF time only,6,29,0,0,291.018,0.9955343285472935
6,14,RF time only,6,29,0,0,292.0144,0.8292899044344172
6,14,RF time only,6,29,0,0,293.0191,1.0
6,14,RF time only,6,29,0,0,294.0126,0.8127472279011981
6,14,RF time only,6,29,0,0,295.0191,0.9376181421626427
6,14,RF time only,6,29,0,0,296.0124,0.5824304220223246
6,14,RF time only,6,29,0,0,297.0182,0.9674557676035778
6,14,RF time only,6,29,0,0,298.0114,0.6953036514735511
6,14,RF time only,6,29,0,0,299.0173,0.9990444366279752
6,14,RF time only,6,29,0,0,300.0121,0.9261883265942881
6,14,RF time only,6,29,0,0,301.018,0.9535329304793069
6,14,GB time only,6,8,0,0,0.0111263,0.0010881448536645777
6,14,GB time only,6,8,0,0,1.012533,0.0010881448536645777
6,14,GB time only,6,8,0,0,2.006725,0.0010881448536645777
6,14,GB time only,6,8,0,0,3.011544,0.0010881448536645777
6,14,GB time only,6,8,0,0,4.002677,0.0010881448536645777
6,14,GB time only,6,8,0,0,5.009711,0.042287806852780004
6,14,GB time only,6,8,0,0,6.004739,0.043240793202196426
6,14,GB time only,6,8,0,0,7.009674,0.08268669247843854
6,14,GB time only,6,8,0,0,8.003508,0.08268669247843854
6,14,GB time only,6,8,0,0,9.006954,0.08268669247843854
6,14,GB time only,6,8,0,0,10.00293,0.1258432350352317
6,14,GB time only,6,8,0,0,11.00604,0.044047764624898456
6,14,GB time only,6,8,1,1,12.00364,0.12257220410287104
6,14,GB time only,6,8,1,1,13.00802,0.04515022460472112
6,14,GB time only,6,8,1,1,14.00243,0.11950928135744349
6,14,GB time only,6,8,1,1,15.00691,0.12566230672208034
6,14,GB time only,6,8,1,1,16.01181,0.08528646138120999
6,14,GB time only,6,8,1,1,17.00746,0.08355519672220008
6,14,GB time only,6,8,1,1,18.01327,0.08355519672220008
6,14,GB time only,6,8,1,1,19.00703,0.08355519672220008
6,14,GB time only,6,8,1,1,20.01132,0.08418882298039501
6,14,GB time only,6,8,1,1,21.00361,0.08391647003645533
6,14,GB time only,6,8,1,1,22.01139,0.08391647003645533
6,14,GB time only,6,8,1,1,23.00565,0.08439579479779073
6,14,GB time only,6,8,1,1,24.01185,0.08439579479779073
6,14,GB time only,6,8,1,1,25.00333,0.08439579479779073
6,14,GB time only,6,8,1,1,26.01048,0.12660230845048143
6,14,GB time only,6,8,1,1,27.0047,0.12660230845048143
6,14,GB time only,6,8,1,1,28.00931,0.15909171637614103
6,14,GB time only,6,8,1,1,29.00375,0.08787536978785114
6,14,GB time only,6,8,1,1,30.00954,0.16591460799121188
6,14,GB time only,6,8,1,1,31.00254,0.12598551810257153
6,14,GB time only,6,8,1,1,32.00864,0.16320587267407202
6,14,GB time only,6,8,1,1,33.0032,0.20583238284997438
6,14,GB time only,6,8,1,1,34.00835,0.16392516382905778
6,14,GB time only,6,8,1,1,35.01365,0.16392516382905778
6,14,GB time only,6,8,1,1,36.00763,0.1999838757755698
6,14,GB time only,6,8,1,1,37.01249,0.1305650829847547
6,14,GB time only,6,8,1,1,38.00724,0.23839992389520637
6,14,GB time only,6,8,1,1,39.01177,0.08850370629007961
6,14,GB time only,6,8,1,1,40.00622,0.2456664931334351
6,14,GB time only,6,8,1,1,41.01126,0.16544629286469056
6,14,GB time only,6,8,1,1,42.00632,0.19921370949180717
6,14,GB time only,6,8,1,1,43.01094,0.13214390932866363
6,14,GB time only,6,8,1,1,44.00538,0.13214390932866363
6,14,GB time only,6,8,1,1,45.00897,0.16382705287027843
6,14,GB time only,6,8,1,1,46.00489,0.16382705287027843
6,14,GB time only,6,8,1,1,47.00764,0.20429859356518132
6,14,GB time only,6,8,1,1,48.00322,0.16816623803314418
6,14,GB time only,6,8,1,1,49.0089,0.2356155982267626
6,14,GB time only,6,8,1,1,50.00442,0.20849552434792648
6,14,GB time only,6,8,1,1,51.00952,0.20560835054749524
6,14,GB time only,6,8,1,1,52.00426,0.20560835054749524
6,14,GB time only,6,8,1,1,53.00848,0.31151397140551185
6,14,GB time only,6,8,1,1,54.00241,0.31151397140551185
6,14,GB time only,6,8,1,1,55.00602,0.3096245454657961
6,14,GB time only,6,8,1,1,56.01323,0.2116281334456745
6,14,GB time only,6,8,1,1,57.00426,0.2116281334456745
6,14,GB time only,6,8,1,1,58.01067,0.3567682737356251
6,14,GB time only,6,8,1,1,59.0066,0.24580565544173594
6,14,GB time only,6,8,1,1,60.01128,0.24580565544173594
6,14,GB time only,6,8,1,1,61.00568,0.3563478574432262
6,14,GB time only,6,8,1,1,62.01031,0.2853945065100326
6,14,GB time only,6,8,1,1,63.005,0.3107584937870833
6,14,GB time only,6,8,1,1,64.01,0.2596720824004564
6,14,GB time only,6,8,1,1,65.00407,0.31702192059087114
6,14,GB time only,6,8,1,1,66.01032,0.34314821858985345
6,14,GB time only,6,8,1,1,67.00389,0.34314821858985345
6,14,GB time only,6,8,1,1,68.00977,0.3192787239151414
6,14,GB time only,6,8,1,1,69.00293,0.3192787239151414
6,14,GB time only,6,8,1,1,70.00932,0.25381017438888814
6,14,GB time only,6,8,1,1,71.00261,0.3948643542323257
6,14,GB time only,6,8,1,1,72.00746,0.31985736302924145
6,14,GB time only,6,8,1,1,73.00294,0.31985736302924145
6,14,GB time only,6,8,1,1,74.00814,0.31985736302924145
6,14,GB time only,6,8,1,1,75.01319,0.3662099763912708
6,14,GB time only,6,8,1,1,76.00666,0.38172292649961165
6,14,GB time only,6,8,1,1,77.01159,0.3270516196268408
6,14,GB time only,6,8,1,1,78.00659,0.39853554149612946
6,14,GB time only,6,8,1,1,79.01199,0.3950734296322896
6,14,GB time only,6,8,1,1,80.0071,0.3950734296322896
6,14,GB time only,6,8,1,1,81.01176,0.4532341991525272
6,14,GB time only,6,8,1,1,82.00599,0.3657724588724084
6,14,GB time only,6,8,1,1,83.01203,0.36403778869808734
6,14,GB time only,6,8,1,1,84.00549,0.42883407280531866
6,14,GB time only,6,8,1,1,85.01128,0.43323140126059273
6,14,GB time only,6,8,1,1,86.00328,0.43323140126059273
6,14,GB time only,6,8,1,1,87.01077,0.4586672480204951
6,14,GB time only,6,8,1,1,88.00428,0.4586672480204951
6,14,GB time only,6,8,1,1,89.00924,0.39641060419354895
6,14,GB time only,6,8,1,1,90.00323,0.39641060419354895
6,14,GB time only,6,8,1,1,91.00959,0.4897357869687865
6,14,GB time only,6,8,1,1,92.0034,0.4897357869687865
6,14,GB time only,6,8,1,1,93.00835,0.37850210357251507
6,14,GB time only,6,8,1,1,94.01284,0.4549072261456495
6,14,GB time only,6,8,1,1,95.00739,0.43406063538317147
6,14,GB time only,6,8,1,1,96.01205,0.4430856217099424
6,14,GB time only,6,8,1,1,97.00794,0.46254269555033684
6,14,GB time only,6,8,1,1,98.01041,0.46254269555033684
6,14,GB time only,6,8,1,1,99.0069,0.46254269555033684
6,14,GB time only,6,8,1,1,100.0121,0.5091549893534949
6,14,GB time only,6,8,1,1,101.0061,0.5091549893534949
6,14,GB time only,6,8,1,1,102.0104,0.5417259525882867
6,14,GB time only,6,8,1,1,103.0028,0.535065246420868
6,14,GB time only,6,8,1,1,104.0098,0.5557191397909755
6,14,GB time only,6,8,1,1,105.0038,0.47461918767699063
6,14,GB time only,6,8,1,1,106.0078,0.481303309087402
6,14,GB time only,6,8,1,1,107.0034,0.481303309087402
6,14,GB time only,6,8,1,1,108.0105,0.5294976908807756
6,14,GB time only,6,8,1,1,109.0032,0.5294976908807756
6,14,GB time only,6,8,1,1,110.0085,0.5000645581064682
6,14,GB time only,6,8,1,1,111.0039,0.45315955161353083
6,14,GB time only,6,8,1,1,112.0084,0.6203853453544523
6,14,GB time only,6,8,1,1,113.0033,0.6203853453544523
6,14,GB time only,6,8,1,1,114.0078,0.5962479730814555
6,14,GB time only,6,8,1,1,115.0025,0.4174439529871996
6,14,GB time only,6,8,1,1,116.0068,0.5591900880506072
6,14,GB time only,6,8,1,1,117.013,0.5060442646324316
6,14,GB time only,6,8,1,1,118.0074,0.5060442646324316
6,14,GB time only,6,8,1,1,119.0124,0.5729284239724064
6,14,GB time only,6,8,1,1,120.0065,0.5322320004652399
6,14,GB time only,6,8,1,1,121.0116,0.47698664877375646
6,14,GB time only,6,8,1,1,122.0045,0.47698664877375646
6,14,GB time only,6,8,1,1,123.0113,0.531508931184059
6,14,GB time only,6,8,1,1,124.0041,0.531508931184059
6,14,GB time only,6,8,1,1,125.0098,0.5087257326252682
6,14,GB time only,6,8,1,1,126.0048,0.514607572983474
6,14,GB time only,6,8,1,1,127.0095,0.5566628138031748
6,14,GB time only,6,8,1,1,128.0036,0.5566628138031748
6,14,GB time only,6,8,1,1,129.009,0.5334299914087607
6,14,GB time only,6,8,1,1,130.0039,0.5207392395364749
6,14,GB time only,6,8,1,1,131.0088,0.5935440339183079
6,14,GB time only,6,8,1,1,132.0122,0.5045062060291604
6,14,GB time only,6,8,1,1,133.0076,0.5045062060291604
6,14,GB time only,6,8,1,1,134.0139,0.6236107799649903
6,14,GB time only,6,8,1,1,135.0082,0.584439196815469
6,14,GB time only,6,8,1,1,136.0131,0.5099898694237562
6,14,GB time only,6,8,1,1,137.0078,0.5099898694237562
6,14,GB time only,6,8,1,1,138.013,0.5817917740346074
6,14,GB time only,6,8,1,1,139.0039,0.5817917740346074
6,14,GB time only,6,8,1,1,140.0123,0.5460336654013294
6,14,GB time only,6,8,1,1,141.0059,0.588055832329912
6,14,GB time only,6,8,1,1,142.0129,0.5594356235342339
6,14,GB time only,6,8,1,1,143.0045,0.5594356235342339
6,14,GB time only,6,8,1,1,144.0114,0.5906730697633127
6,14,GB time only,6,8,1,1,145.0053,0.5138131643557127
6,14,GB time only,6,8,1,1,146.01,0.5507600211478241
6,14,GB time only,6,8,1,1,147.0052,0.5507600211478241
6,14,GB time only,6,8,1,1,148.0087,0.5976256333850984
6,14,GB time only,6,8,1,1,149.0129,0.6182514876048509
6,14,GB time only,6,8,1,1,150.0087,0.5512798605088852
6,14,GB time only,6,8,1,1,151.0138,0.5096881425070088
6,14,GB time only,6,8,1,1,152.0095,0.6527775261808723
6,14,GB time only,6,8,1,1,153.0142,0.5670611746421933
6,14,GB time only,6,8,1,1,154.0081,0.5670611746421933
6,14,GB time only,6,8,1,1,155.0137,0.4909030678562214
6,14,GB time only,6,8,1,1,156.0075,0.5510326033234131
6,14,GB time only,6,8,1,1,157.0126,0.5510326033234131
6,14,GB time only,6,8,1,1,158.0068,0.5510326033234131
6,14,GB time only,6,8,1,1,159.0132,0.6053634438729125
6,14,GB time only,6,8,1,1,160.0063,0.5990683080024224
6,14,GB time only,6,8,1,1,161.0108,0.5784129873842613
6,14,GB time only,6,8,1,1,162.006,0.5784129873842613
6,14,GB time only,6,8,1,1,163.0109,0.6345440639299239
6,14,GB time only,6,8,1,1,164.0049,0.6345440639299239
6,14,GB time only,6,8,1,1,165.01,0.6318854703841468
6,14,GB time only,6,8,1,1,166.0045,0.5886568091308267
6,14,GB time only,6,8,1,1,167.0095,0.5787002281116255
6,14,GB time only,6,8,1,1,168.0032,0.5787002281116255
6,14,GB time only,6,8,1,1,169.0091,0.6545607821674607
6,14,GB time only,6,8,1,1,170.0035,0.6193581627651684
6,14,GB time only,6,8,1,1,171.0077,0.6052255254372705
6,14,GB time only,6,8,1,1,172.0033,0.6052255254372705
6,14,GB time only,6,8,1,1,173.0079,0.6052255254372705
6,14,GB time only,6,8,1,1,174.0131,0.6226349079374942
6,14,GB time only,6,8,1,1,175.0073,0.6208542021323233
6,14,GB time only,6,8,1,1,176.0123,0.5796297072518635
6,14,GB time only,6,8,1,1,177.0065,0.6241368459005666
6,14,GB time only,6,8,1,1,178.0104,0.6241368459005666
6,14,GB time only,6,8,1,1,179.0055,0.6195256376104068
6,14,GB time only,6,8,1,1,180.0111,0.6065681604986953
6,14,GB time only,6,8,1,1,181.0053,0.6395093315645627
6,14,GB time only,6,8,1,1,182.0111,0.5786228327744615
6,14,GB time only,6,8,1,1,183.0054,0.5786228327744615
6,14,GB time only,6,8,1,1,184.0106,0.6280929865191345
6,14,GB time only,6,8,1,1,185.0048,0.6052387189489098
6,14,GB time only,6,8,1,1,186.01,0.6443994800144386
6,14,GB time only,6,8,1,1,187.0047,0.6041753118364034
6,14,GB time only,6,8,1,1,188.0081,0.6041753118364034
6,14,GB time only,6,8,1,1,189.0033,0.6041753118364034
6,14,GB time only,6,8,1,1,190.0063,0.646660664769138
6,14,GB time only,6,8,1,1,191.0028,0.6031196464637549
6,14,GB time only,6,8,1,1,192.0089,0.7127359630598451
6,14,GB time only,6,8,1,1,193.0028,0.7127359630598451
6,14,GB time only,6,8,1,1,194.0075,0.6743908099660891
6,14,GB time only,6,8,1,1,195.0103,0.6723317441515688
6,14,GB time only,6,8,1,1,196.0071,0.7504223975856726
6,14,GB time only,6,8,1,1,197.013,0.610360356070247
6,14,GB time only,6,8,1,1,198.0058,0.610360356070247
6,14,GB time only,6,8,1,1,199.0128,0.7708028186932014
6,14,GB time only,6,8,1,1,200.0057,0.6699704918568996
6,14,GB time only,6,8,1,1,201.0118,0.7229789061219336
6,14,GB time only,6,8,1,1,202.0059,0.6576723396328307
6,14,GB time only,6,8,1,1,203.0114,0.6615079253724235
6,14,GB time only,6,8,1,1,204.0047,0.6615079253724235
6,14,GB time only,6,8,1,1,205.0115,0.6426525335680584
6,14,GB time only,6,8,1,1,206.0058,0.6488743671376956
6,14,GB time only,6,8,1,1,207.0091,0.642035808066592
6,14,GB time only,6,8,1,1,208.0048,0.642035808066592
6,14,GB time only,6,8,1,1,209.0109,0.6886327026868024
6,14,GB time only,6,8,1,1,210.0142,0.629349461047166
6,14,GB time only,6,8,1,1,211.0105,0.6619033813705458
6,14,GB time only,6,8,1,1,212.0143,0.6619033813705458
6,14,GB time only,6,8,1,1,213.0075,0.6619033813705458
6,14,GB time only,6,8,1,1,214.0034,0.6587051169663264
6,14,GB time only,6,8,1,1,215.0077,0.6603055944265771
6,14,GB time only,6,8,1,1,216.0128,0.6410303512347746
6,14,GB time only,6,8,1,1,217.0073,0.6410303512347746
6,14,GB time only,6,8,1,1,218.0133,0.6867697536239632
6,14,GB time only,6,8,1,1,219.0063,0.6867697536239632
6,14,GB time only,6,8,1,1,220.0116,0.7175849963254848
6,14,GB time only,6,8,1,1,221.0034,0.6977133870398109
6,14,GB time only,6,8,1,1,222.0124,0.6448536889013712
6,14,GB time only,6,8,1,1,223.0052,0.6448536889013712
6,14,GB time only,6,8,1,1,224.0106,0.7401361158876011
6,14,GB time only,6,8,1,1,225.0051,0.6979376645468333
6,14,GB time only,6,8,1,1,226.011,0.6979376645468333
6,14,GB time only,6,8,1,1,227.0034,0.6950828889778118
6,14,GB time only,6,8,1,1,228.0098,0.6965074133764017
6,14,GB time only,6,8,1,1,229.0035,0.6965074133764017
6,14,GB time only,6,8,1,1,230.0087,0.7106879631916645
6,14,GB time only,6,8,1,1,231.003,0.6488224448827434
6,14,GB time only,6,8,1,1,232.008,0.7196882707102594
6,14,GB time only,6,8,1,1,233.0139,0.6937513441031813
6,14,GB time only,6,8,1,1,234.0074,0.6937513441031813
6,14,GB time only,6,8,1,1,235.0029,0.7221445479489285
6,14,GB time only,6,8,1,1,236.0081,0.657543487133162
6,14,GB time only,6,8,1,1,237.012,0.6865214436252586
6,14,GB time only,6,8,1,1,238.0068,0.7225722296996453
6,14,GB time only,6,8,1,1,239.0122,0.6681097536344782
6,14,GB time only,6,8,1,1,240.0048,0.6681097536344782
6,14,GB time only,6,8,1,1,241.0114,0.6625440099724079
6,14,GB time only,6,8,1,1,242.0057,0.719532490154239
6,14,GB time only,6,8,1,1,243.0114,0.7243871954260436
6,14,GB time only,6,8,1,1,244.005,0.7243871954260436
6,14,GB time only,6,8,1,1,245.0085,0.7243871954260436
6,14,GB time only,6,8,1,1,246.0043,0.6611514548268101
6,14,GB time only,6,8,1,1,247.0102,0.668584472008869
6,14,GB time only,6,8,1,1,248.0034,0.668584472008869
6,14,GB time only,6,8,1,1,249.0086,0.7220754105965951
6,14,GB time only,6,8,1,1,250.012,0.7187204728346438
6,14,GB time only,6,8,1,1,251.0087,0.6996873480610826
6,14,GB time only,6,8,1,1,252.0134,0.6115656161878688
6,14,GB time only,6,8,1,1,253.0077,0.7730655737972241
6,14,GB time only,6,8,1,1,254.0119,0.6983938168323414
6,14,GB time only,6,8,1,1,255.0081,0.6983938168323414
6,14,GB time only,6,8,1,1,256.0134,0.6417815066733066
6,14,GB time only,6,8,1,1,257.007,0.7142802234584793
6,14,GB time only,6,8,1,1,258.0121,0.6823869259629359
6,14,GB time only,6,8,1,1,259.007,0.6823869259629359
6,14,GB time only,6,8,1,1,260.0117,0.7471535975647599
6,14,GB time only,6,8,1,1,261.005,0.6725184753372234
6,14,GB time only,6,8,1,1,262.0108,0.6888139872395147
6,14,GB time only,6,8,1,1,263.0057,0.6888139872395147
6,14,GB time only,6,8,1,1,264.01,0.7232052956924607
6,14,GB time only,6,8,1,1,265.0052,0.7232052956924607
6,14,GB time only,6,8,1,1,266.0104,0.719290709186938
6,14,GB time only,6,8,1,1,267.0128,0.6404634370683884
6,14,GB time only,6,8,1,1,268.0097,0.7254522764008872
6,14,GB time only,6,8,1,1,269.0036,0.7254522764008872
6,14,GB time only,6,8,1,1,270.0091,0.687840644445839
6,14,GB time only,6,8,1,1,271.014,0.6698518693491144
6,14,GB time only,6,8,1,1,272.0055,0.7276218737825512
6,14,GB time only,6,8,1,1,273.0126,0.6241085507617705
6,14,GB time only,6,8,1,1,274.0073,0.6241085507617705
6,14,GB time only,6,8,1,1,275.0133,0.756609315188351
6,14,GB time only,6,8,1,1,276.007,0.7293595137429209
6,14,GB time only,6,8,1,1,277.0134,0.5916754799584415
6,14,GB time only,6,8,1,1,278.0072,0.7572255912733147
6,14,GB time only,6,8,1,1,279.0129,0.6971433938682513
6,14,GB time only,6,8,1,1,280.0068,0.6971433938682513
6,14,GB time only,6,8,1,1,281.011,0.6971433938682513
6,14,GB time only,6,8,1,1,282.0045,0.6971433938682513
6,14,GB time only,6,8,1,1,283.0108,0.6389772379236279
6,14,GB time only,6,8,1,1,284.0054,0.6389772379236279
6,14,GB time only,6,8,1,1,285.0088,0.7562873005157521
6,14,GB time only,6,8,1,1,286.004,0.687319663094323
6,14,GB time only,6,8,1,1,287.0099,0.6707962645608784
6,14,GB time only,6,8,1,1,288.0023,0.6707962645608784
6,14,GB time only,6,8,1,1,289.0085,0.7090122162004312
6,14,GB time only,6,8,1,1,290.0032,0.7090122162004312
6,14,GB time only,6,8,1,1,291.007,0.7580658834195337
6,14,GB time only,6,8,1,1,292.003,0.6691684295581829
6,14,GB time only,6,8,1,1,293.0081,0.7813444698663986
6,14,GB time only,6,8,1,1,294.0127,0.7326310086851768
6,14,GB time only,6,8,1,1,295.0076,0.7326310086851768
6,14,GB time only,6,8,1,1,296.0129,0.7589874054686628
6,14,GB time only,6,8,1,1,297.0052,0.7209755416589633
6,14,GB time only,6,8,1,1,298.0126,0.6686273359874921
6,14,GB time only,6,8,1,1,299.0057,0.6686273359874921
6,14,GB time only,6,8,1,1,300.0108,0.7905177422843026
6,14,GB time only,6,8,1,1,301.005,0.7624950099951628
6,14,GB time only,14,20,0,0,0.0,0.0010881448536645777
6,14,GB time only,14,20,0,0,0.6838388,0.0010881448536645777
6,14,GB time only,14,20,0,0,1.996385,0.0010881448536645777
6,14,GB time only,14,20,0,0,2.997726,0.0010881448536645777
6,14,GB time only,14,20,0,0,3.999298,0.0010881448536645777
6,14,GB time only,14,20,0,0,4.999687,0.042287806852780004
6,14,GB time only,14,20,0,0,6.000605,0.042287806852780004
6,14,GB time only,14,20,1,3,7.000906,0.043240793202196426
6,14,GB time only,14,20,1,3,8.001806,0.08268669247843854
6,14,GB time only,14,20,1,3,9.001246,0.08268669247843854
6,14,GB time only,14,20,1,3,10.00166,0.1258432350352317
6,14,GB time only,14,20,1,3,11.0016,0.044047764624898456
6,14,GB time only,14,20,0,0,12.00146,0.12257220410287104
6,14,GB time only,14,20,0,0,13.00144,0.04515022460472112
6,14,GB time only,14,20,0,0,14.00173,0.11950928135744349
6,14,GB time only,14,20,0,0,15.00065,0.12566230672208034
6,14,GB time only,14,20,0,0,16.00011,0.08528646138120999
6,14,GB time only,14,20,0,0,17.00224,0.08355519672220008
6,14,GB time only,14,20,0,0,18.00202,0.08355519672220008
6,14,GB time only,14,20,0,0,19.00236,0.08355519672220008
6,14,GB time only,14,20,0,0,20.00108,0.08418882298039501
6,14,GB time only,14,20,0,0,21.00156,0.08391647003645533
6,14,GB time only,14,20,0,0,22.00247,0.08391647003645533
6,14,GB time only,14,20,0,0,23.00267,0.08391647003645533
6,14,GB time only,14,20,0,0,24.00306,0.08439579479779073
6,14,GB time only,14,21,0,0,0.0111566,0.0010881448536645777
6,14,GB time only,14,21,0,0,1.008044,0.0010881448536645777
6,14,GB time only,14,21,0,0,2.008584,0.0010881448536645777
6,14,GB time only,14,21,0,0,3.009267,0.0010881448536645777
6,14,GB time only,14,21,0,0,4.010024,0.042287806852780004
6,14,GB time only,14,21,0,0,5.011356,0.042287806852780004
6,14,GB time only,14,21,0,0,6.011967,0.043240793202196426
6,14,GB time only,14,21,0,0,7.012537,0.08268669247843854
6,14,GB time only,14,21,0,0,8.01291,0.08268669247843854
6,14,GB time only,14,21,0,0,9.01293,0.1258432350352317
6,14,GB time only,14,21,0,0,10.01203,0.1258432350352317
6,14,GB time only,14,21,0,0,11.01296,0.12257220410287104
6,14,GB time only,14,21,0,0,12.01133,0.12257220410287104
6,14,GB time only,14,21,0,0,13.01141,0.04515022460472112
6,14,GB time only,14,21,0,0,14.01271,0.11950928135744349
6,14,GB time only,14,21,0,0,15.01378,0.12566230672208034
6,14,GB time only,14,21,0,0,16.01327,0.08528646138120999
6,14,GB time only,14,21,0,0,17.00288,0.08355519672220008
6,14,GB time only,14,21,0,0,18.0029,0.08355519672220008
6,14,GB time only,14,21,0,0,19.00287,0.08355519672220008
6,14,GB time only,14,21,0,0,20.00299,0.08418882298039501
6,14,GB time only,14,21,0,0,21.00261,0.08391647003645533
6,14,GB time only,14,21,0,0,22.01272,0.08391647003645533
6,14,GB time only,14,21,0,0,23.01328,0.08439579479779073
6,14,GB time only,14,21,0,0,24.01357,0.08439579479779073
6,14,GB time only,14,21,0,0,25.0139,0.12350306584713867
6,14,GB time only,14,21,0,0,26.01383,0.12660230845048143
6,14,GB time only,14,21,0,0,27.01273,0.12660230845048143
6,14,GB time only,14,21,0,0,28.01382,0.08787536978785114
6,14,GB time only,14,21,0,0,29.01269,0.08787536978785114
6,14,GB time only,14,21,0,0,30.01339,0.12598551810257153
6,14,GB time only,14,21,0,0,31.01192,0.12598551810257153
6,14,GB time only,14,21,0,0,32.01183,0.16320587267407202
6,14,GB time only,14,21,0,0,33.00271,0.20583238284997438
6,14,GB time only,14,21,0,0,34.01265,0.16392516382905778
6,14,GB time only,14,21,0,0,35.01145,0.16392516382905778
6,14,GB time only,14,21,0,0,36.01286,0.1999838757755698
6,14,GB time only,14,21,0,0,37.01249,0.1305650829847547
6,14,GB time only,14,21,0,0,38.01188,0.23839992389520637
6,14,GB time only,14,21,0,0,39.01241,0.08850370629007961
6,14,GB time only,14,21,0,0,40.01308,0.2456664931334351
6,14,GB time only,14,21,0,0,41.01354,0.16544629286469056
6,14,GB time only,14,21,0,0,42.01328,0.19921370949180717
6,14,GB time only,14,21,0,0,43.01295,0.13214390932866363
6,14,GB time only,14,21,0,0,44.00275,0.13214390932866363
6,14,GB time only,14,21,0,0,45.00262,0.16382705287027843
6,14,GB time only,14,21,0,0,46.01408,0.16382705287027843
6,14,GB time only,14,21,0,0,47.01381,0.16816623803314418
6,14,GB time only,14,21,0,0,48.0031,0.16816623803314418
6,14,GB time only,14,21,0,0,49.00273,0.2356155982267626
6,14,GB time only,14,21,0,0,50.01266,0.20849552434792648
6,14,GB time only,14,21,0,0,51.0137,0.20560835054749524
6,14,GB time only,14,21,0,0,52.01368,0.20560835054749524
6,14,GB time only,14,21,0,0,53.01442,0.31151397140551185
6,14,GB time only,14,21,0,0,54.00314,0.31151397140551185
6,14,GB time only,14,21,0,0,55.00397,0.2169453204903717
6,14,GB time only,14,21,0,0,56.00494,0.3096245454657961
6,14,GB time only,14,21,0,0,57.00359,0.2116281334456745
6,14,GB time only,14,21,0,0,58.00418,0.3567682737356251
6,14,GB time only,14,21,0,0,59.0043,0.24580565544173594
6,14,GB time only,14,21,0,0,60.00469,0.24580565544173594
6,14,GB time only,14,21,0,0,61.00396,0.3563478574432262
6,14,GB time only,14,21,0,0,62.00404,0.2853945065100326
6,14,GB time only,14,21,0,0,63.0042,0.3107584937870833
6,14,GB time only,14,21,0,0,64.00417,0.2596720824004564
6,14,GB time only,14,21,0,0,65.00488,0.31702192059087114
6,14,GB time only,14,21,0,0,66.00522,0.31702192059087114
6,14,GB time only,14,21,0,0,67.00533,0.34314821858985345
6,14,GB time only,14,21,0,0,68.0047,0.3253963143053333
6,14,GB time only,14,21,0,0,69.00309,0.3192787239151414
6,14,GB time only,14,21,0,0,70.00442,0.25381017438888814
6,14,GB time only,14,21,0,0,71.00477,0.3948643542323257
6,14,GB time only,14,21,0,0,72.00478,0.31985736302924145
6,14,GB time only,14,21,0,0,73.00455,0.31985736302924145
6,14,GB time only,14,21,0,0,74.00511,0.31985736302924145
6,14,GB time only,14,21,0,0,75.00506,0.3662099763912708
6,14,GB time only,14,21,0,0,76.00513,0.3662099763912708
6,14,GB time only,14,21,0,0,77.00486,0.38172292649961165
6,14,GB time only,14,21,0,0,78.00437,0.3270516196268408
6,14,GB time only,14,21,0,0,79.00454,0.39853554149612946
6,14,GB time only,14,21,0,0,80.00353,0.3950734296322896
6,14,GB time only,14,21,0,0,81.00387,0.4532341991525272
6,14,GB time only,14,21,0,0,82.00471,0.3657724588724084
6,14,GB time only,14,21,0,0,83.00375,0.36403778869808734
6,14,GB time only,14,21,0,0,84.00348,0.42883407280531866
6,14,GB time only,14,21,0,0,85.00488,0.43323140126059273
6,14,GB time only,14,21,0,0,86.00269,0.43323140126059273
6,14,GB time only,14,21,0,0,87.00475,0.43323140126059273
6,14,GB time only,14,21,0,0,88.00514,0.4586672480204951
6,14,GB time only,14,21,0,0,89.00536,0.4666985357851387
6,14,GB time only,14,21,0,0,90.00529,0.39641060419354895
6,14,GB time only,14,21,0,0,91.00585,0.39641060419354895
6,14,GB time only,14,21,0,0,92.00555,0.4897357869687865
6,14,GB time only,14,21,0,0,93.00659,0.37850210357251507
6,14,GB time only,14,21,0,0,94.00609,0.4549072261456495
6,14,GB time only,14,21,0,0,95.00773,0.43406063538317147
6,14,GB time only,14,21,0,0,96.00613,0.4430856217099424
6,14,GB time only,14,21,0,0,97.00587,0.46254269555033684
6,14,GB time only,14,21,0,0,98.00389,0.46254269555033684
6,14,GB time only,14,21,0,0,99.00591,0.46254269555033684
6,14,GB time only,14,21,0,0,100.0061,0.5705882048177978
6,14,GB time only,14,21,0,0,101.0077,0.5091549893534949
6,14,GB time only,14,21,0,0,102.0086,0.5417259525882867
6,14,GB time only,14,21,0,0,103.0074,0.535065246420868
6,14,GB time only,14,21,0,0,104.0066,0.5557191397909755
6,14,GB time only,14,21,0,0,105.0075,0.47461918767699063
6,14,GB time only,14,21,0,0,106.0072,0.47461918767699063
6,14,GB time only,14,21,0,0,107.0075,0.481303309087402
6,14,GB time only,14,21,0,0,108.0076,0.5875908122077549
6,14,GB time only,14,21,0,0,109.0074,0.5294976908807756
6,14,GB time only,14,21,0,0,110.0079,0.5000645581064682
6,14,GB time only,14,21,0,0,111.0082,0.45315955161353083
6,14,GB time only,14,21,0,0,112.0079,0.6203853453544523
6,14,GB time only,14,21,0,0,113.0091,0.6203853453544523
6,14,GB time only,14,21,0,0,114.0081,0.5962479730814555
6,14,GB time only,14,21,0,0,115.0096,0.4174439529871996
6,14,GB time only,14,21,0,0,116.0084,0.5591900880506072
6,14,GB time only,14,21,0,0,117.0071,0.5591900880506072
6,14,GB time only,14,21,0,0,118.0075,0.5060442646324316
6,14,GB time only,14,21,0,0,119.0076,0.5729284239724064
6,14,GB time only,14,21,0,0,120.0074,0.5322320004652399
6,14,GB time only,14,21,0,0,121.0079,0.47698664877375646
6,14,GB time only,14,21,0,0,122.008,0.47698664877375646
6,14,GB time only,14,21,0,0,123.0081,0.5723922707420598
6,14,GB time only,14,21,0,0,124.0075,0.531508931184059
6,14,GB time only,14,21,0,0,125.0076,0.5087257326252682
6,14,GB time only,14,21,0,0,126.0077,0.514607572983474
6,14,GB time only,14,21,0,0,127.0081,0.514607572983474
6,14,GB time only,14,21,0,0,128.009,0.5566628138031748
6,14,GB time only,14,21,0,0,129.0099,0.5334299914087607
6,14,GB time only,14,21,0,0,130.0087,0.5207392395364749
6,14,GB time only,14,21,0,0,131.0082,0.5935440339183079
6,14,GB time only,14,21,0,0,132.0084,0.5935440339183079
6,14,GB time only,14,21,0,0,133.0092,0.5045062060291604
6,14,GB time only,14,21,0,0,134.0093,0.6236107799649903
6,14,GB time only,14,21,0,0,135.0094,0.584439196815469
6,14,GB time only,14,21,0,0,136.0092,0.5099898694237562
6,14,GB time only,14,21,0,0,137.0081,0.5099898694237562
6,14,GB time only,14,21,0,0,138.0091,0.6205027222689802
6,14,GB time only,14,21,0,0,139.0077,0.5817917740346074
6,14,GB time only,14,21,0,0,140.009,0.5460336654013294
6,14,GB time only,14,21,0,0,141.0088,0.588055832329912
6,14,GB time only,14,21,0,0,142.0087,0.588055832329912
6,14,GB time only,14,21,0,0,143.0098,0.5594356235342339
6,14,GB time only,14,21,0,0,144.0079,0.5906730697633127
6,14,GB time only,14,21,0,0,145.009,0.5138131643557127
6,14,GB time only,14,21,0,0,146.0096,0.5507600211478241
6,14,GB time only,14,21,0,0,147.0088,0.5976256333850984
6,14,GB time only,14,21,0,0,148.0108,0.6182514876048509
6,14,GB time only,14,21,0,0,149.0104,0.6182514876048509
6,14,GB time only,14,21,0,0,150.0094,0.5512798605088852
6,14,GB time only,14,21,0,0,151.0105,0.5096881425070088
6,14,GB time only,14,21,0,0,152.0103,0.6527775261808723
6,14,GB time only,14,21,0,0,153.0096,0.6527775261808723
6,14,GB time only,14,21,0,0,154.0102,0.5670611746421933
6,14,GB time only,14,21,0,0,155.0106,0.4909030678562214
6,14,GB time only,14,21,0,0,156.011,0.5510326033234131
6,14,GB time only,14,21,0,0,157.011,0.5510326033234131
6,14,GB time only,14,21,0,0,158.0114,0.5510326033234131
6,14,GB time only,14,21,0,0,159.0111,0.6053634438729125
6,14,GB time only,14,21,0,0,160.0118,0.5990683080024224
6,14,GB time only,14,21,0,0,161.0123,0.5784129873842613
6,14,GB time only,14,21,0,0,162.0113,0.6349238626273395
6,14,GB time only,14,21,0,0,163.0103,0.6349238626273395
6,14,GB time only,14,21,0,0,164.0104,0.6345440639299239
6,14,GB time only,14,21,0,0,165.0097,0.6318854703841468
6,14,GB time only,14,21,0,0,166.0093,0.5886568091308267
6,14,GB time only,14,21,0,0,167.0115,0.5787002281116255
6,14,GB time only,14,21,0,0,168.0111,0.5787002281116255
6,14,GB time only,14,21,0,0,169.0128,0.6545607821674607
6,14,GB time only,14,21,0,0,170.0104,0.6193581627651684
6,14,GB time only,14,21,0,0,171.012,0.6052255254372705
6,14,GB time only,14,21,0,0,172.0118,0.6052255254372705
6,14,GB time only,14,21,0,0,173.0113,0.6052255254372705
6,14,GB time only,14,21,0,0,174.013,0.6226349079374942
6,14,GB time only,14,21,0,0,175.0134,0.6208542021323233
6,14,GB time only,14,21,0,0,176.0137,0.5796297072518635
6,14,GB time only,14,21,0,0,177.0136,0.6241368459005666
6,14,GB time only,14,21,0,0,178.0129,0.6195256376104068
6,14,GB time only,14,21,0,0,179.013,0.6195256376104068
6,14,GB time only,14,21,0,0,180.0129,0.6065681604986953
6,14,GB time only,14,21,0,0,181.0128,0.6395093315645627
6,14,GB time only,14,21,0,0,182.0122,0.5786228327744615
6,14,GB time only,14,21,0,0,183.0139,0.6280929865191345
6,14,GB time only,14,21,0,0,184.0133,0.6280929865191345
6,14,GB time only,14,21,0,0,185.0027,0.6052387189489098
6,14,GB time only,14,21,0,0,186.0117,0.6443994800144386
6,14,GB time only,14,21,0,0,187.0128,0.6041753118364034
6,14,GB time only,14,21,0,0,188.0118,0.6041753118364034
6,14,GB time only,14,21,0,0,189.0127,0.6041753118364034
6,14,GB time only,14,21,0,0,190.0121,0.646660664769138
6,14,GB time only,14,21,0,0,191.0132,0.6031196464637549
6,14,GB time only,14,21,0,0,192.0134,0.7127359630598451
6,14,GB time only,14,21,0,0,193.013,0.6743908099660891
6,14,GB time only,14,21,0,0,194.0139,0.6743908099660891
6,14,GB time only,14,21,0,0,195.0132,0.6723317441515688
6,14,GB time only,14,21,0,0,196.0029,0.7504223975856726
6,14,GB time only,14,21,0,0,197.0136,0.610360356070247
6,14,GB time only,14,21,0,0,198.0126,0.610360356070247
6,14,GB time only,14,21,0,0,199.0025,0.7708028186932014
6,14,GB time only,14,21,0,0,200.0141,0.6699704918568996
6,14,GB time only,14,21,0,0,201.0126,0.7229789061219336
6,14,GB time only,14,21,0,0,202.0122,0.6576723396328307
6,14,GB time only,14,21,0,0,203.0119,0.6615079253724235
6,14,GB time only,14,21,0,0,204.0137,0.6615079253724235
6,14,GB time only,14,21,0,0,205.0121,0.6426525335680584
6,14,GB time only,14,21,0,0,206.0025,0.6488743671376956
6,14,GB time only,14,21,0,0,207.013,0.642035808066592
6,14,GB time only,14,21,0,0,208.0023,0.642035808066592
6,14,GB time only,14,21,0,0,209.012,0.6886327026868024
6,14,GB time only,14,21,0,0,210.0123,0.629349461047166
6,14,GB time only,14,21,0,0,211.0026,0.6619033813705458
6,14,GB time only,14,21,0,0,212.0024,0.6619033813705458
6,14,GB time only,14,21,0,0,213.0128,0.6587051169663264
6,14,GB time only,14,21,0,0,214.0122,0.6587051169663264
6,14,GB time only,14,21,0,0,215.012,0.6603055944265771
6,14,GB time only,14,21,0,0,216.0024,0.6410303512347746
6,14,GB time only,14,21,0,0,217.0024,0.6410303512347746
6,14,GB time only,14,21,0,0,218.0024,0.6410303512347746
6,14,GB time only,14,21,0,0,219.0037,0.6867697536239632
6,14,GB time only,14,21,0,0,220.0035,0.7175849963254848
6,14,GB time only,14,21,0,0,221.0034,0.6977133870398109
6,14,GB time only,14,21,0,0,222.0034,0.6977133870398109
6,14,GB time only,14,21,0,0,223.0045,0.6448536889013712
6,14,GB time only,14,21,0,0,224.0039,0.7401361158876011
6,14,GB time only,14,21,0,0,225.0049,0.6979376645468333
6,14,GB time only,14,21,0,0,226.0045,0.6979376645468333
6,14,GB time only,14,21,0,0,227.003,0.6979376645468333
6,14,GB time only,14,21,0,0,228.0028,0.6950828889778118
6,14,GB time only,14,21,0,0,229.0032,0.6965074133764017
6,14,GB time only,14,21,0,0,230.0022,0.7106879631916645
6,14,GB time only,14,21,0,0,231.0033,0.6488224448827434
6,14,GB time only,14,21,0,0,232.0036,0.6488224448827434
6,14,GB time only,14,21,0,0,233.0042,0.7196882707102594
6,14,GB time only,14,21,0,0,234.0034,0.6937513441031813
6,14,GB time only,14,21,0,0,235.0032,0.7221445479489285
6,14,GB time only,14,21,0,0,236.0034,0.657543487133162
6,14,GB time only,14,21,0,0,237.003,0.657543487133162
6,14,GB time only,14,21,0,0,238.004,0.6865214436252586
6,14,GB time only,14,21,0,0,239.0049,0.7225722296996453
6,14,GB time only,14,21,0,0,240.0044,0.6681097536344782
6,14,GB time only,14,21,0,0,241.0053,0.6625440099724079
6,14,GB time only,14,21,0,0,242.0053,0.719532490154239
6,14,GB time only,14,21,0,0,243.0063,0.719532490154239
6,14,GB time only,14,21,0,0,244.0049,0.7243871954260436
6,14,GB time only,14,21,0,0,245.0067,0.7243871954260436
6,14,GB time only,14,21,0,0,246.007,0.6611514548268101
6,14,GB time only,14,21,0,0,247.008,0.668584472008869
6,14,GB time only,14,21,0,0,248.0067,0.7220754105965951
6,14,GB time only,14,21,0,0,249.0064,0.7220754105965951
6,14,GB time only,14,21,0,0,250.0057,0.7187204728346438
6,14,GB time only,14,21,0,0,251.0063,0.6996873480610826
6,14,GB time only,14,21,0,0,252.0063,0.6115656161878688
6,14,GB time only,14,21,0,0,253.006,0.6115656161878688
6,14,GB time only,14,21,0,0,254.0054,0.7730655737972241
6,14,GB time only,14,21,0,0,255.0051,0.6983938168323414
6,14,GB time only,14,21,0,0,256.0062,0.6417815066733066
6,14,GB time only,14,21,0,0,257.0051,0.7142802234584793
6,14,GB time only,14,21,0,0,258.0047,0.7142802234584793
6,14,GB time only,14,21,0,0,259.0055,0.6823869259629359
6,14,GB time only,14,21,0,0,260.0052,0.7471535975647599
6,14,GB time only,14,21,0,0,261.0052,0.6725184753372234
6,14,GB time only,14,21,0,0,262.006,0.6888139872395147
6,14,GB time only,14,21,0,0,263.0056,0.6888139872395147
6,14,GB time only,14,21,0,0,264.0062,0.6965397780177678
6,14,GB time only,14,21,0,0,265.0059,0.7232052956924607
6,14,GB time only,14,21,0,0,266.0063,0.719290709186938
6,14,GB time only,14,21,0,0,267.0061,0.6404634370683884
6,14,GB time only,14,21,0,0,268.0059,0.6404634370683884
6,14,GB time only,14,21,0,0,269.0059,0.7254522764008872
6,14,GB time only,14,21,0,0,270.006,0.687840644445839
6,14,GB time only,14,21,0,0,271.006,0.6698518693491144
6,14,GB time only,14,21,0,0,272.006,0.7276218737825512
6,14,GB time only,14,21,0,0,273.0071,0.7276218737825512
6,14,GB time only,14,21,0,0,274.0065,0.6241085507617705
6,14,GB time only,14,21,0,0,275.0058,0.756609315188351
6,14,GB time only,14,21,0,0,276.0055,0.7293595137429209
6,14,GB time only,14,21,0,0,277.0069,0.5916754799584415
6,14,GB time only,14,21,0,0,278.0059,0.5916754799584415
6,14,GB time only,14,21,0,0,279.006,0.7572255912733147
6,14,GB time only,14,21,0,0,280.0074,0.6971433938682513
6,14,GB time only,14,21,0,0,281.0076,0.6971433938682513
6,14,GB time only,14,21,0,0,282.0067,0.6889723911162621
6,14,GB time only,14,21,0,0,283.0073,0.6889723911162621
6,14,GB time only,14,21,0,0,284.0067,0.6389772379236279
6,14,GB time only,14,21,0,0,285.0068,0.7562873005157521
6,14,GB time only,14,21,0,0,286.007,0.687319663094323
6,14,GB time only,14,21,0,0,287.0069,0.6707962645608784
6,14,GB time only,14,21,0,0,288.007,0.6707962645608784
6,14,GB time only,14,21,0,0,289.0068,0.7090122162004312
6,14,GB time only,14,21,0,0,290.0067,0.7090122162004312
6,14,GB time only,14,21,0,0,291.0067,0.7580658834195337
6,14,GB time only,14,21,0,0,292.007,0.6691684295581829
6,14,GB time only,14,21,0,0,293.0064,0.6691684295581829
6,14,GB time only,14,21,1,3,294.0073,0.7813444698663986
6,14,GB time only,14,21,1,3,295.0069,0.7326310086851768
6,14,GB time only,14,21,1,3,296.0074,0.7589874054686628
6,14,GB time only,14,21,1,3,297.0061,0.7209755416589633
6,14,GB time only,14,21,1,3,298.008,0.7209755416589633
6,14,GB time only,14,21,1,3,299.0076,0.6686273359874921
6,14,GB time only,14,21,1,3,300.0077,0.7905177422843026
6,14,GB time only,14,21,1,3,301.0084,0.7624950099951628
6,14,GB time only,14,23,0,0,0.0,0.0010881448536645777
6,14,GB time only,14,23,0,0,0.9982342,0.0010881448536645777
6,14,GB time only,14,23,0,0,2.000526,0.0010881448536645777
6,14,GB time only,14,23,0,0,3.000793,0.0010881448536645777
6,14,GB time only,14,23,0,0,3.999719,0.0010881448536645777
6,14,GB time only,14,23,0,0,5.000658,0.042287806852780004
6,14,GB time only,14,23,0,0,6.000513,0.042287806852780004
6,14,GB time only,14,23,0,0,7.001402,0.043240793202196426
6,14,GB time only,14,23,0,0,8.002209,0.08268669247843854
6,14,GB time only,14,23,0,0,9.001521,0.08268669247843854
6,14,GB time only,14,23,0,0,10.00158,0.1258432350352317
6,14,GB time only,14,23,0,0,11.00055,0.044047764624898456
6,14,GB time only,14,23,0,0,12.00204,0.12257220410287104
6,14,GB time only,14,23,0,0,13.00199,0.04515022460472112
6,14,GB time only,14,23,0,0,14.0019,0.11950928135744349
6,14,GB time only,14,23,0,0,15.00248,0.12566230672208034
6,14,GB time only,14,23,0,0,16.00356,0.08528646138120999
6,14,GB time only,14,23,0,0,16.99234,0.08355519672220008
6,14,GB time only,14,23,0,0,18.00213,0.08355519672220008
6,14,GB time only,14,23,0,0,19.00258,0.08355519672220008
6,14,GB time only,14,23,0,0,20.00245,0.08418882298039501
6,14,GB time only,14,23,0,0,21.00214,0.08391647003645533
6,14,GB time only,14,23,0,0,22.00294,0.08391647003645533
6,14,GB time only,14,23,0,0,23.00375,0.08439579479779073
6,14,GB time only,14,23,0,0,23.99251,0.08439579479779073
6,14,GB time only,14,23,0,0,24.99268,0.08439579479779073
6,14,GB time only,14,23,0,0,25.99331,0.12350306584713867
6,14,GB time only,14,23,1,1,26.99233,0.12660230845048143
6,14,GB time only,14,23,1,1,27.99275,0.15909171637614103
6,14,GB time only,14,23,1,1,29.00434,0.08787536978785114
6,14,GB time only,14,23,1,1,29.99229,0.16591460799121188
6,14,GB time only,14,23,1,1,30.99279,0.12598551810257153
6,14,GB time only,14,23,1,1,31.99316,0.16320587267407202
6,14,GB time only,14,23,1,1,33.00367,0.20583238284997438
6,14,GB time only,14,23,1,1,33.99289,0.16392516382905778
6,14,GB time only,14,23,1,1,34.99303,0.16392516382905778
6,14,GB time only,14,23,1,1,35.99273,0.16392516382905778
6,14,GB time only,14,23,1,1,36.99239,0.1999838757755698
6,14,GB time only,14,23,1,1,37.99338,0.1305650829847547
6,14,GB time only,14,23,1,1,38.99241,0.23839992389520637
6,14,GB time only,14,23,1,1,39.99234,0.08850370629007961
6,14,GB time only,14,23,1,1,40.99243,0.2456664931334351
6,14,GB time only,14,23,1,1,41.99356,0.16544629286469056
6,14,GB time only,14,23,1,1,42.99372,0.19921370949180717
6,14,GB time only,14,23,1,1,43.99422,0.13214390932866363
6,14,GB time only,14,23,1,1,44.99426,0.16382705287027843
6,14,GB time only,14,23,1,1,45.99385,0.16382705287027843
6,14,GB time only,14,23,1,1,46.99342,0.20429859356518132
6,14,GB time only,14,23,1,1,47.99352,0.16816623803314418
6,14,GB time only,14,23,1,1,48.99342,0.2356155982267626
6,14,GB time only,14,23,1,1,49.99279,0.20849552434792648
6,14,GB time only,14,23,1,1,50.99308,0.20560835054749524
6,14,GB time only,14,23,1,1,51.99316,0.20560835054749524
6,14,GB time only,14,23,1,1,52.99363,0.20560835054749524
6,14,GB time only,14,23,1,1,53.99338,0.31151397140551185
6,14,GB time only,14,23,1,1,54.99331,0.2169453204903717
6,14,GB time only,14,23,1,1,55.99312,0.3096245454657961
6,14,GB time only,14,23,1,1,56.99214,0.2116281334456745
6,14,GB time only,14,23,1,1,58.00339,0.3567682737356251
6,14,GB time only,14,23,1,1,58.99253,0.24580565544173594
6,14,GB time only,14,23,1,1,59.99322,0.24580565544173594
6,14,GB time only,14,23,1,1,60.99241,0.3563478574432262
6,14,GB time only,14,23,1,1,62.00363,0.2853945065100326
6,14,GB time only,14,23,1,1,62.99332,0.2853945065100326
6,14,GB time only,14,23,1,1,63.99334,0.3107584937870833
6,14,GB time only,14,23,1,1,64.9931,0.2596720824004564
6,14,GB time only,14,23,1,1,65.99414,0.31702192059087114
6,14,GB time only,14,23,1,1,66.99364,0.34314821858985345
6,14,GB time only,14,23,1,1,67.99326,0.3253963143053333
6,14,GB time only,14,23,1,1,68.99331,0.3192787239151414
6,14,GB time only,14,23,1,1,69.99294,0.25381017438888814
6,14,GB time only,14,23,1,1,70.99304,0.3948643542323257
6,14,GB time only,14,23,1,1,71.99434,0.31985736302924145
6,14,GB time only,14,23,1,1,72.99424,0.31985736302924145
6,14,GB time only,14,23,1,1,73.99388,0.31985736302924145
6,14,GB time only,14,23,1,1,74.9944,0.31985736302924145
6,14,GB time only,14,23,1,1,75.99446,0.3662099763912708
6,14,GB time only,14,23,1,1,76.99354,0.38172292649961165
6,14,GB time only,14,23,1,1,77.99458,0.3270516196268408
6,14,GB time only,14,23,1,1,78.99346,0.39853554149612946
6,14,GB time only,14,23,1,1,79.99506,0.3950734296322896
6,14,GB time only,14,23,1,1,80.99474,0.4532341991525272
6,14,GB time only,14,23,1,1,81.99532,0.3657724588724084
6,14,GB time only,14,23,1,1,82.99506,0.36403778869808734
6,14,GB time only,14,23,1,1,83.99451,0.42883407280531866
6,14,GB time only,14,23,1,1,84.99424,0.42883407280531866
6,14,GB time only,14,23,1,1,85.99445,0.43323140126059273
6,14,GB time only,14,23,1,1,86.99361,0.43323140126059273
6,14,GB time only,14,23,1,1,87.99483,0.4586672480204951
6,14,GB time only,14,23,1,1,88.99535,0.4666985357851387
6,14,GB time only,14,23,1,1,89.99509,0.39641060419354895
6,14,GB time only,14,23,1,1,90.99504,0.39641060419354895
6,14,GB time only,14,23,1,1,91.995,0.4897357869687865
6,14,GB time only,14,23,1,1,92.99534,0.37850210357251507
6,14,GB time only,14,23,1,1,93.99495,0.4549072261456495
6,14,GB time only,14,23,1,1,94.99651,0.43406063538317147
6,14,GB time only,14,23,1,1,95.9971,0.43406063538317147
6,14,GB time only,14,23,1,1,96.99723,0.4430856217099424
6,14,GB time only,14,23,1,1,97.99645,0.46254269555033684
6,14,GB time only,14,23,1,1,98.99647,0.46254269555033684
6,14,GB time only,14,23,1,1,99.99609,0.5705882048177978
6,14,GB time only,14,23,1,1,100.9956,0.5091549893534949
6,14,GB time only,14,23,1,1,101.9969,0.5417259525882867
6,14,GB time only,14,23,1,1,102.9967,0.535065246420868
6,14,GB time only,14,23,1,1,103.9955,0.5557191397909755
6,14,GB time only,14,23,0,0,104.9961,0.5557191397909755
6,14,GB time only,14,23,0,0,105.9961,0.47461918767699063
6,14,GB time only,14,23,0,0,106.9959,0.481303309087402
6,14,GB time only,14,23,0,0,107.9969,0.5875908122077549
6,14,GB time only,14,23,0,0,108.9957,0.5294976908807756
6,14,GB time only,14,23,0,0,109.9959,0.5294976908807756
6,14,GB time only,14,23,0,0,110.9962,0.5000645581064682
6,14,GB time only,14,23,0,0,111.9973,0.45315955161353083
6,14,GB time only,14,23,0,0,112.9961,0.6203853453544523
6,14,GB time only,14,23,0,0,113.9966,0.5962479730814555
6,14,GB time only,14,23,0,0,114.9973,0.5962479730814555
6,14,GB time only,14,23,0,0,115.9978,0.4174439529871996
6,14,GB time only,14,23,0,0,116.9979,0.5591900880506072
6,14,GB time only,14,23,0,0,117.998,0.5060442646324316
6,14,GB time only,14,23,0,0,118.9974,0.5729284239724064
6,14,GB time only,14,23,0,0,119.997,0.5322320004652399
6,14,GB time only,14,23,0,0,120.9973,0.5322320004652399
6,14,GB time only,14,23,0,0,121.998,0.47698664877375646
6,14,GB time only,14,23,0,0,122.9987,0.5723922707420598
6,14,GB time only,14,23,1,1,123.9988,0.531508931184059
6,14,GB time only,14,23,1,1,124.9984,0.5087257326252682
6,14,GB time only,14,23,1,1,125.9981,0.5087257326252682
6,14,GB time only,14,23,1,1,126.9981,0.514607572983474
6,14,GB time only,14,23,1,1,127.9989,0.5566628138031748
6,14,GB time only,14,23,1,1,128.9993,0.5334299914087607
6,14,GB time only,14,23,1,1,129.999,0.5207392395364749
6,14,GB time only,14,23,1,1,130.9996,0.5207392395364749
6,14,GB time only,14,23,1,1,131.999,0.5935440339183079
6,14,GB time only,14,23,1,1,132.9998,0.5045062060291604
6,14,GB time only,14,23,1,1,133.9991,0.6236107799649903
6,14,GB time only,14,23,1,1,135.0,0.584439196815469
6,14,GB time only,14,23,1,1,135.9996,0.584439196815469
6,14,GB time only,14,23,1,1,137.0003,0.5099898694237562
6,14,GB time only,14,23,1,1,137.9992,0.6205027222689802
6,14,GB time only,14,23,1,1,139.0002,0.5817917740346074
6,14,GB time only,14,23,1,1,140.0006,0.5460336654013294
6,14,GB time only,14,23,1,1,141.0006,0.5460336654013294
6,14,GB time only,14,23,1,1,142.001,0.588055832329912
6,14,GB time only,14,23,1,1,143.0011,0.5594356235342339
6,14,GB time only,14,23,1,1,144.0009,0.5906730697633127
6,14,GB time only,14,23,1,1,144.9999,0.5138131643557127
6,14,GB time only,14,23,1,1,146.0004,0.5138131643557127
6,14,GB time only,14,23,1,1,147.001,0.5507600211478241
6,14,GB time only,14,23,1,1,148.0006,0.5976256333850984
6,14,GB time only,14,23,1,1,149.0018,0.6182514876048509
6,14,GB time only,14,23,1,1,150.0019,0.5512798605088852
6,14,GB time only,14,23,1,3,151.0009,0.5512798605088852
6,14,GB time only,14,23,1,3,152.0006,0.5096881425070088
6,14,GB time only,14,23,1,3,153.0009,0.6527775261808723
6,14,GB time only,14,23,1,3,154.0014,0.5670611746421933
6,14,GB time only,14,23,1,3,155.0004,0.4909030678562214
6,14,GB time only,14,23,1,3,155.9997,0.4909030678562214
6,14,GB time only,14,23,1,3,156.9989,0.5510326033234131
6,14,GB time only,14,23,1,3,157.9997,0.5510326033234131
6,14,GB time only,14,23,1,3,158.9994,0.6053634438729125
6,14,GB time only,14,23,1,3,159.999,0.5990683080024224
6,14,GB time only,14,23,1,3,161.0,0.5784129873842613
6,14,GB time only,14,23,1,3,161.9996,0.5784129873842613
6,14,GB time only,14,23,1,3,163.0005,0.6349238626273395
6,14,GB time only,14,23,1,3,163.9998,0.6345440639299239
6,14,GB time only,14,23,1,3,164.9999,0.6318854703841468
6,14,GB time only,14,23,1,3,166.0,0.6318854703841468
6,14,GB time only,14,23,1,3,167.0003,0.5886568091308267
6,14,GB time only,14,23,1,3,168.0001,0.5787002281116255
6,14,GB time only,14,23,1,3,169.0021,0.6545607821674607
6,14,GB time only,14,23,1,3,170.0007,0.6193581627651684
6,14,GB time only,14,23,1,3,171.0015,0.6052255254372705
6,14,GB time only,14,23,1,3,172.0013,0.6052255254372705
6,14,GB time only,14,23,1,3,173.0021,0.6052255254372705
6,14,GB time only,14,23,1,3,174.0025,0.6226349079374942
6,14,GB time only,14,23,1,3,175.0028,0.6208542021323233
6,14,GB time only,14,23,1,3,175.9926,0.6208542021323233
6,14,GB time only,14,23,1,3,177.0027,0.5796297072518635
6,14,GB time only,14,23,1,3,178.0038,0.6241368459005666
6,14,GB time only,14,23,1,3,179.0034,0.6195256376104068
6,14,GB time only,14,23,1,3,180.0034,0.6065681604986953
6,14,GB time only,14,23,1,3,180.9927,0.6065681604986953
6,14,GB time only,14,23,1,3,182.0031,0.6395093315645627
6,14,GB time only,14,23,1,3,183.003,0.5786228327744615
6,14,GB time only,14,23,1,3,184.0024,0.6280929865191345
6,14,GB time only,14,23,1,3,185.0018,0.6052387189489098
6,14,GB time only,14,23,1,3,185.9999,0.6052387189489098
6,14,GB time only,14,23,1,3,187.0019,0.6443994800144386
6,14,GB time only,14,23,1,3,188.0031,0.6041753118364034
6,14,GB time only,14,23,1,3,189.0022,0.6041753118364034
6,14,GB time only,14,23,1,3,190.0024,0.646660664769138
6,14,GB time only,14,23,1,3,191.0039,0.6031196464637549
6,14,GB time only,14,23,1,3,192.0037,0.6031196464637549
6,14,GB time only,14,23,1,3,193.0038,0.7127359630598451
6,14,GB time only,14,23,1,3,194.0028,0.6743908099660891
6,14,GB time only,14,23,1,3,194.9935,0.6723317441515688
6,14,GB time only,14,23,1,3,195.9927,0.6723317441515688
6,14,GB time only,14,23,1,3,197.0033,0.7504223975856726
6,14,GB time only,14,23,1,3,198.004,0.610360356070247
6,14,GB time only,14,23,1,3,198.9929,0.7708028186932014
6,14,GB time only,14,23,1,3,200.0045,0.6699704918568996
6,14,GB time only,14,23,1,3,200.9928,0.6699704918568996
6,14,GB time only,14,23,1,3,202.0033,0.7229789061219336
6,14,GB time only,14,23,1,3,203.0034,0.6576723396328307
6,14,GB time only,14,23,1,3,204.0026,0.6615079253724235
6,14,GB time only,14,23,1,3,204.9932,0.6426525335680584
6,14,GB time only,14,23,1,3,205.9934,0.6426525335680584
6,14,GB time only,14,23,1,3,206.994,0.6488743671376956
6,14,GB time only,14,23,1,3,207.9929,0.642035808066592
6,14,GB time only,14,23,1,3,208.9937,0.6886327026868024
6,14,GB time only,14,23,1,3,209.9931,0.629349461047166
6,14,GB time only,14,23,1,3,210.9936,0.629349461047166
6,14,GB time only,14,23,1,3,211.9932,0.6619033813705458
6,14,GB time only,14,23,1,3,212.9935,0.6619033813705458
6,14,GB time only,14,23,1,3,213.9937,0.6587051169663264
6,14,GB time only,14,23,1,3,214.9946,0.6603055944265771
6,14,GB time only,14,23,1,3,215.9942,0.6603055944265771
6,14,GB time only,14,23,1,3,216.9937,0.6410303512347746
6,14,GB time only,14,23,1,3,217.9947,0.6410303512347746
6,14,GB time only,14,23,1,3,218.9939,0.6867697536239632
6,14,GB time only,14,23,1,3,219.9934,0.7175849963254848
6,14,GB time only,14,23,1,3,220.994,0.7175849963254848
6,14,GB time only,14,23,1,3,221.9946,0.6977133870398109
6,14,GB time only,14,23,1,3,222.9935,0.6448536889013712
6,14,GB time only,14,23,1,3,223.9935,0.7401361158876011
6,14,GB time only,14,23,1,3,224.9933,0.6979376645468333
6,14,GB time only,14,23,1,3,226.0038,0.6979376645468333
6,14,GB time only,14,23,1,3,226.9932,0.6979376645468333
6,14,GB time only,14,23,1,3,227.993,0.6950828889778118
6,14,GB time only,14,23,1,3,228.9936,0.6965074133764017
6,14,GB time only,14,23,1,3,229.994,0.7106879631916645
6,14,GB time only,14,23,1,3,230.9936,0.7106879631916645
6,14,GB time only,14,23,1,3,231.994,0.6488224448827434
6,14,GB time only,14,23,1,3,232.9937,0.7196882707102594
6,14,GB time only,14,23,1,3,233.9941,0.6937513441031813
6,14,GB time only,14,23,1,3,234.9933,0.7221445479489285
6,14,GB time only,14,23,1,3,235.9945,0.7221445479489285
6,14,GB time only,14,23,1,3,236.9939,0.657543487133162
6,14,GB time only,14,23,1,3,237.9933,0.6865214436252586
6,14,GB time only,14,23,1,3,238.9939,0.7225722296996453
6,14,GB time only,14,23,1,3,239.9943,0.6681097536344782
6,14,GB time only,14,23,1,3,240.9942,0.6681097536344782
6,14,GB time only,14,23,1,3,241.9942,0.6625440099724079
6,14,GB time only,14,23,1,3,242.9944,0.719532490154239
6,14,GB time only,14,23,1,3,243.9944,0.7243871954260436
6,14,GB time only,14,23,1,3,244.9943,0.7243871954260436
6,14,GB time only,14,23,1,3,245.9946,0.7243871954260436
6,14,GB time only,14,23,1,3,246.9949,0.6611514548268101
6,14,GB time only,14,23,1,3,247.9954,0.668584472008869
6,14,GB time only,14,23,1,3,248.9957,0.7220754105965951
6,14,GB time only,14,23,1,3,249.9943,0.7187204728346438
6,14,GB time only,14,23,1,3,250.9944,0.6996873480610826
6,14,GB time only,14,23,1,3,251.9948,0.6996873480610826
6,14,GB time only,14,23,1,3,252.9941,0.6115656161878688
6,14,GB time only,14,23,1,3,253.9945,0.7730655737972241
6,14,GB time only,14,23,1,3,254.9945,0.6983938168323414
6,14,GB time only,14,23,1,3,255.995,0.6417815066733066
6,14,GB time only,14,23,1,3,256.9954,0.6417815066733066
6,14,GB time only,14,23,1,3,257.9954,0.7142802234584793
6,14,GB time only,14,23,1,3,258.9947,0.6823869259629359
6,14,GB time only,14,23,1,3,259.9962,0.7471535975647599
6,14,GB time only,14,23,1,3,260.9958,0.6725184753372234
6,14,GB time only,14,23,1,3,261.9972,0.6725184753372234
6,14,GB time only,14,23,1,3,262.998,0.6888139872395147
6,14,GB time only,14,23,1,3,263.9974,0.6965397780177678
6,14,GB time only,14,23,1,3,264.9976,0.7232052956924607
6,14,GB time only,14,23,1,3,265.9971,0.719290709186938
6,14,GB time only,14,23,1,3,266.9977,0.719290709186938
6,14,GB time only,14,23,1,3,267.9981,0.6404634370683884
6,14,GB time only,14,23,1,3,268.9977,0.7254522764008872
6,14,GB time only,14,23,1,3,269.998,0.687840644445839
6,14,GB time only,14,23,1,3,270.9981,0.6698518693491144
6,14,GB time only,14,23,1,3,271.9973,0.6698518693491144
6,14,GB time only,14,23,1,3,272.9978,0.7276218737825512
6,14,GB time only,14,23,1,3,273.9975,0.6241085507617705
6,14,GB time only,14,23,1,3,274.9981,0.756609315188351
6,14,GB time only,14,23,1,3,275.9986,0.7293595137429209
6,14,GB time only,14,23,1,3,276.9987,0.7293595137429209
6,14,GB time only,14,23,1,3,277.9982,0.5916754799584415
6,14,GB time only,14,23,1,3,278.9988,0.7572255912733147
6,14,GB time only,14,23,1,3,279.9991,0.6971433938682513
6,14,GB time only,14,23,1,3,280.9967,0.6971433938682513
6,14,GB time only,14,23,1,3,281.9972,0.6971433938682513
6,14,GB time only,14,23,1,3,282.9969,0.6889723911162621
6,14,GB time only,14,23,1,3,283.9963,0.6389772379236279
6,14,GB time only,14,23,1,3,284.9965,0.7562873005157521
6,14,GB time only,14,23,1,3,285.9962,0.687319663094323
6,14,GB time only,14,23,1,3,287.0023,0.6707962645608784
6,14,GB time only,14,24,0,0,0.0,0.0010881448536645777
6,14,GB time only,14,24,0,0,0.9972577,0.0010881448536645777
6,14,GB time only,14,24,0,0,1.997322,0.0010881448536645777
6,14,GB time only,14,24,0,0,2.997987,0.0010881448536645777
6,14,GB time only,14,24,0,0,3.999626,0.0010881448536645777
6,14,GB time only,14,24,0,0,4.999724,0.042287806852780004
6,14,GB time only,14,24,0,0,6.000389,0.042287806852780004
6,14,GB time only,14,24,0,0,7.00076,0.043240793202196426
6,14,GB time only,14,24,0,0,8.000076,0.08268669247843854
6,14,GB time only,14,24,0,0,9.000281,0.08268669247843854
6,14,GB time only,14,24,0,0,10.00013,0.1258432350352317
6,14,GB time only,14,24,0,0,11.00133,0.044047764624898456
6,14,GB time only,14,24,0,0,12.00118,0.12257220410287104
6,14,GB time only,14,24,0,0,13.00014,0.04515022460472112
6,14,GB time only,14,24,0,0,14.00016,0.11950928135744349
6,14,GB time only,14,24,0,0,15.00186,0.12566230672208034
6,14,GB time only,14,24,0,0,16.00245,0.08528646138120999
6,14,GB time only,14,24,0,0,17.002,0.08355519672220008
6,14,GB time only,14,24,0,0,18.00234,0.08355519672220008
6,14,GB time only,14,24,0,0,19.00251,0.08355519672220008
6,14,GB time only,14,24,0,0,20.00308,0.08418882298039501
6,14,GB time only,14,24,0,0,21.00178,0.08391647003645533
6,14,GB time only,14,24,0,0,22.00285,0.08391647003645533
6,14,GB time only,14,24,0,0,23.00216,0.08391647003645533
6,14,GB time only,14,24,0,0,24.00199,0.08439579479779073
6,14,GB time only,14,24,0,0,25.00317,0.08439579479779073
6,14,GB time only,14,24,0,0,26.00204,0.12350306584713867
6,14,GB time only,14,24,0,0,27.00143,0.12660230845048143
6,14,GB time only,14,24,0,0,28.00184,0.15909171637614103
6,14,GB time only,14,24,0,0,29.00246,0.08787536978785114
6,14,GB time only,14,24,0,0,30.00175,0.16591460799121188
6,14,GB time only,14,24,0,0,31.00178,0.12598551810257153
6,14,GB time only,14,24,0,0,32.00206,0.16320587267407202
6,14,GB time only,14,24,0,0,33.00281,0.20583238284997438
6,14,GB time only,14,24,0,0,34.00353,0.16392516382905778
6,14,GB time only,14,24,0,0,35.00357,0.16392516382905778
6,14,GB time only,14,24,0,0,36.00293,0.1999838757755698
6,14,GB time only,14,24,0,0,37.00312,0.1305650829847547
6,14,GB time only,14,24,0,0,38.00257,0.1305650829847547
6,14,GB time only,14,24,0,0,39.00232,0.23839992389520637
6,14,GB time only,14,24,0,0,40.00309,0.08850370629007961
6,14,GB time only,14,24,0,0,41.00271,0.2456664931334351
6,14,GB time only,14,24,0,0,42.00307,0.16544629286469056
6,14,GB time only,14,24,0,0,43.00212,0.19921370949180717
6,14,GB time only,14,24,0,0,44.00304,0.13214390932866363
6,14,GB time only,14,24,0,0,45.00259,0.16382705287027843
6,14,GB time only,14,24,0,0,46.004,0.16382705287027843
6,14,GB time only,14,24,0,0,47.00352,0.20429859356518132
6,14,GB time only,14,24,0,0,48.00317,0.16816623803314418
6,14,GB time only,14,24,0,0,49.00343,0.2356155982267626
6,14,GB time only,14,24,0,0,50.00389,0.20849552434792648
6,14,GB time only,14,24,0,0,51.00224,0.20560835054749524
6,14,GB time only,14,24,0,0,52.00346,0.20560835054749524
6,14,GB time only,14,24,1,1,53.00407,0.31151397140551185
6,14,GB time only,14,24,1,1,54.00354,0.31151397140551185
6,14,GB time only,14,24,1,1,55.00352,0.2169453204903717
6,14,GB time only,14,24,1,1,56.00364,0.3096245454657961
6,14,GB time only,14,24,1,1,57.00396,0.2116281334456745
6,14,GB time only,14,24,1,1,58.00496,0.3567682737356251
6,14,GB time only,14,24,1,1,59.00573,0.24580565544173594
6,14,GB time only,14,24,1,1,60.00475,0.24580565544173594
6,14,GB time only,14,24,1,1,61.00447,0.3563478574432262
6,14,GB time only,14,24,1,1,62.00492,0.2853945065100326
6,14,GB time only,14,24,1,1,63.00469,0.3107584937870833
6,14,GB time only,14,24,1,1,64.00511,0.2596720824004564
6,14,GB time only,14,24,1,1,64.99493,0.2596720824004564
6,14,GB time only,14,24,1,1,66.00532,0.31702192059087114
6,14,GB time only,14,24,1,1,67.00607,0.34314821858985345
6,14,GB time only,14,24,1,1,67.99484,0.3253963143053333
6,14,GB time only,14,24,1,1,69.00481,0.3192787239151414
6,14,GB time only,14,24,1,1,70.00437,0.25381017438888814
6,14,GB time only,14,24,1,1,71.00468,0.3948643542323257
6,14,GB time only,14,24,1,1,72.00489,0.31985736302924145
6,14,GB time only,14,24,1,1,73.00464,0.31985736302924145
6,14,GB time only,14,24,1,1,74.00573,0.31985736302924145
6,14,GB time only,14,24,1,1,75.00567,0.3662099763912708
6,14,GB time only,14,24,1,1,75.99514,0.3662099763912708
6,14,GB time only,14,24,1,1,76.99528,0.38172292649961165
6,14,GB time only,14,24,1,1,78.00524,0.3270516196268408
6,14,GB time only,14,24,1,1,79.00544,0.39853554149612946
6,14,GB time only,14,24,1,1,79.99489,0.3950734296322896
6,14,GB time only,14,24,1,1,81.00591,0.4532341991525272
6,14,GB time only,14,24,1,1,82.00529,0.3657724588724084
6,14,GB time only,14,24,1,1,82.99491,0.36403778869808734
6,14,GB time only,14,24,1,1,83.99503,0.42883407280531866
6,14,GB time only,14,24,1,1,84.99577,0.42883407280531866
6,14,GB time only,14,24,1,1,85.99571,0.43323140126059273
6,14,GB time only,14,24,1,1,87.00577,0.4586672480204951
6,14,GB time only,14,24,1,1,87.99568,0.4586672480204951
6,14,GB time only,14,24,1,1,88.9959,0.4666985357851387
6,14,GB time only,14,24,1,1,90.00615,0.39641060419354895
6,14,GB time only,14,24,1,1,90.99528,0.39641060419354895
6,14,GB time only,14,24,1,1,91.99603,0.4897357869687865
6,14,GB time only,14,24,1,1,92.99611,0.37850210357251507
6,14,GB time only,14,24,1,1,93.99627,0.4549072261456495
6,14,GB time only,14,24,1,1,94.99651,0.43406063538317147
6,14,GB time only,14,24,1,1,95.99587,0.43406063538317147
6,14,GB time only,14,24,1,1,96.99593,0.4430856217099424
6,14,GB time only,14,24,1,1,97.99715,0.46254269555033684
6,14,GB time only,14,24,1,1,98.99685,0.46254269555033684
6,14,GB time only,14,24,1,1,99.99517,0.5705882048177978
6,14,GB time only,14,24,1,1,100.9969,0.5091549893534949
6,14,GB time only,14,24,0,0,101.995,0.5417259525882867
6,14,GB time only,14,24,0,0,102.996,0.535065246420868
6,14,GB time only,14,24,0,0,103.996,0.5557191397909755
6,14,GB time only,14,24,0,0,104.9956,0.5557191397909755
6,14,GB time only,14,24,0,0,105.9973,0.47461918767699063
6,14,GB time only,14,24,0,0,106.9973,0.481303309087402
6,14,GB time only,14,24,0,0,107.9975,0.5875908122077549
6,14,GB time only,14,24,0,0,108.9971,0.5294976908807756
6,14,GB time only,14,24,0,0,109.9962,0.5294976908807756
6,14,GB time only,14,24,0,0,110.9959,0.5000645581064682
6,14,GB time only,14,24,0,0,112.0059,0.45315955161353083
6,14,GB time only,14,24,0,0,112.9967,0.6203853453544523
6,14,GB time only,14,24,0,0,113.9967,0.5962479730814555
6,14,GB time only,14,24,0,0,114.9986,0.5962479730814555
6,14,GB time only,14,24,0,0,115.9968,0.4174439529871996
6,14,GB time only,14,24,0,0,116.9969,0.5591900880506072
6,14,GB time only,14,24,0,0,117.9978,0.5060442646324316
6,14,GB time only,14,24,0,0,118.9974,0.5729284239724064
6,14,GB time only,14,24,0,0,119.9981,0.5322320004652399
6,14,GB time only,14,24,0,0,120.9978,0.5322320004652399
6,14,GB time only,14,24,0,0,121.9984,0.47698664877375646
6,14,GB time only,14,24,0,0,122.9985,0.5723922707420598
6,14,GB time only,14,24,0,0,123.9979,0.531508931184059
6,14,GB time only,14,24,0,0,124.998,0.5087257326252682
6,14,GB time only,14,24,0,0,125.998,0.5087257326252682
6,14,GB time only,14,24,0,0,126.997,0.514607572983474
6,14,GB time only,14,24,0,0,127.9977,0.5566628138031748
6,14,GB time only,14,24,0,0,128.9973,0.5334299914087607
6,14,GB time only,14,24,0,0,129.9972,0.5207392395364749
6,14,GB time only,14,24,0,0,130.9967,0.5207392395364749
6,14,GB time only,14,24,0,0,131.9994,0.5935440339183079
6,14,GB time only,14,24,0,0,132.9988,0.5045062060291604
6,14,GB time only,14,24,0,0,134.0001,0.6236107799649903
6,14,GB time only,14,24,0,0,134.9995,0.584439196815469
6,14,GB time only,14,24,0,0,135.9992,0.584439196815469
6,14,GB time only,14,24,0,0,137.0005,0.5099898694237562
6,14,GB time only,14,24,0,0,137.999,0.6205027222689802
6,14,GB time only,14,24,0,0,138.999,0.5817917740346074
6,14,GB time only,14,24,0,0,139.9979,0.5460336654013294
6,14,GB time only,14,24,0,0,141.0,0.5460336654013294
6,14,GB time only,14,24,0,0,141.9993,0.588055832329912
6,14,GB time only,14,24,0,0,143.001,0.5594356235342339
6,14,GB time only,14,24,0,0,144.0002,0.5906730697633127
6,14,GB time only,14,24,0,0,145.0008,0.5138131643557127
6,14,GB time only,14,24,0,0,146.0003,0.5138131643557127
6,14,GB time only,14,24,0,0,147.0005,0.5507600211478241
6,14,GB time only,14,24,0,0,148.0006,0.5976256333850984
6,14,GB time only,14,24,0,0,149.0002,0.6182514876048509
6,14,GB time only,14,24,0,0,150.0011,0.5512798605088852
6,14,GB time only,14,24,0,0,151.0014,0.5096881425070088
6,14,GB time only,14,24,0,0,152.0006,0.5096881425070088
6,14,GB time only,14,24,0,0,153.0003,0.6527775261808723
6,14,GB time only,14,24,0,0,153.9996,0.5670611746421933
6,14,GB time only,14,24,0,0,154.9993,0.4909030678562214
6,14,GB time only,14,24,1,1,155.9995,0.4909030678562214
6,14,GB time only,14,24,1,1,157.0002,0.5510326033234131
6,14,GB time only,14,24,1,1,157.9998,0.5510326033234131
6,14,GB time only,14,24,1,1,158.9987,0.6053634438729125
6,14,GB time only,14,24,1,1,160.0011,0.5990683080024224
6,14,GB time only,14,24,1,1,161.0008,0.5784129873842613
6,14,GB time only,14,24,1,1,162.0005,0.5784129873842613
6,14,GB time only,14,24,1,2,163.0013,0.6349238626273395
6,14,GB time only,14,24,1,2,164.0016,0.6345440639299239
6,14,GB time only,14,24,1,2,165.0016,0.6318854703841468
6,14,GB time only,14,24,1,2,166.0018,0.5886568091308267
6,14,GB time only,14,24,1,2,167.0019,0.5886568091308267
6,14,GB time only,14,24,1,2,168.001,0.5787002281116255
6,14,GB time only,14,24,1,2,169.0002,0.6545607821674607
6,14,GB time only,14,24,1,2,170.0,0.6193581627651684
6,14,GB time only,14,24,1,2,171.0013,0.6052255254372705
6,14,GB time only,14,24,1,2,172.0004,0.6052255254372705
6,14,GB time only,14,24,1,2,173.0014,0.6052255254372705
6,14,GB time only,14,24,1,2,174.0037,0.6226349079374942
6,14,GB time only,14,24,1,2,175.0031,0.6208542021323233
6,14,GB time only,14,24,1,2,176.002,0.5796297072518635
6,14,GB time only,14,24,1,2,177.0022,0.5796297072518635
6,14,GB time only,14,24,1,2,178.0022,0.6241368459005666
6,14,GB time only,14,24,1,3,179.0028,0.6195256376104068
6,14,GB time only,14,24,1,3,180.0025,0.6065681604986953
6,14,GB time only,14,24,1,3,181.0029,0.6395093315645627
6,14,GB time only,14,24,1,3,182.0028,0.6395093315645627
6,14,GB time only,14,24,1,3,183.0023,0.5786228327744615
6,14,GB time only,14,24,1,3,184.0016,0.6280929865191345
6,14,GB time only,14,24,1,3,185.0015,0.6052387189489098
6,14,GB time only,14,24,1,3,186.0011,0.6443994800144386
6,14,GB time only,14,24,1,3,187.0017,0.6443994800144386
6,14,GB time only,14,24,1,3,188.0026,0.6041753118364034
6,14,GB time only,14,24,1,3,189.0025,0.6041753118364034
6,14,GB time only,14,24,1,3,190.0028,0.646660664769138
6,14,GB time only,14,24,1,3,191.0029,0.6031196464637549
6,14,GB time only,14,24,1,3,192.0025,0.6031196464637549
6,14,GB time only,14,24,1,3,193.0027,0.7127359630598451
6,14,GB time only,14,24,1,3,194.0041,0.6743908099660891
6,14,GB time only,14,24,1,3,195.0025,0.6723317441515688
6,14,GB time only,14,24,1,3,196.0031,0.7504223975856726
6,14,GB time only,14,24,1,3,197.0018,0.7504223975856726
6,14,GB time only,14,24,1,3,198.0033,0.610360356070247
6,14,GB time only,14,24,1,3,199.003,0.7708028186932014
6,14,GB time only,14,24,1,3,200.0043,0.6699704918568996
6,14,GB time only,14,24,1,3,201.0046,0.7229789061219336
6,14,GB time only,14,24,1,3,202.0056,0.6576723396328307
6,14,GB time only,14,24,1,3,203.0037,0.6576723396328307
6,14,GB time only,14,24,1,3,204.0036,0.6615079253724235
6,14,GB time only,14,24,1,3,205.0035,0.6426525335680584
6,14,GB time only,14,24,1,3,206.0032,0.6488743671376956
6,14,GB time only,14,24,1,3,207.0051,0.6488743671376956
6,14,GB time only,14,24,1,3,208.0037,0.642035808066592
6,14,GB time only,14,24,1,3,209.0046,0.6886327026868024
6,14,GB time only,14,24,1,3,210.0045,0.629349461047166
6,14,GB time only,14,24,1,3,211.0034,0.6619033813705458
6,14,GB time only,14,24,1,3,212.0034,0.6619033813705458
6,14,GB time only,14,24,1,3,213.0024,0.6619033813705458
6,14,GB time only,14,24,1,3,214.004,0.6587051169663264
6,14,GB time only,14,24,1,3,215.0028,0.6603055944265771
6,14,GB time only,14,24,1,3,216.0035,0.6410303512347746
6,14,GB time only,14,24,1,3,217.0036,0.6410303512347746
6,14,GB time only,14,24,1,3,218.0037,0.6410303512347746
6,14,GB time only,14,24,1,3,219.0036,0.6867697536239632
6,14,GB time only,14,24,1,3,220.0041,0.7175849963254848
6,14,GB time only,14,24,1,3,221.0049,0.6977133870398109
6,14,GB time only,14,24,1,3,222.0051,0.6448536889013712
6,14,GB time only,14,24,1,3,223.0055,0.6448536889013712
6,14,GB time only,14,24,1,3,224.0052,0.7401361158876011
6,14,GB time only,14,24,1,3,225.0047,0.6979376645468333
6,14,GB time only,14,24,1,3,226.0028,0.6979376645468333
6,14,GB time only,14,24,1,3,227.0046,0.6950828889778118
6,14,GB time only,14,24,1,3,228.0048,0.6950828889778118
6,14,GB time only,14,24,1,3,229.0058,0.6965074133764017
6,14,GB time only,14,24,1,3,229.996,0.7106879631916645
6,14,GB time only,14,24,1,3,231.0059,0.6488224448827434
6,14,GB time only,14,24,1,3,231.9953,0.6488224448827434
6,14,GB time only,14,24,1,3,233.0062,0.7196882707102594
6,14,GB time only,14,24,1,3,234.0062,0.6937513441031813
6,14,GB time only,14,24,1,3,234.9954,0.7221445479489285
6,14,GB time only,14,24,1,3,235.9953,0.657543487133162
6,14,GB time only,14,24,1,3,237.0062,0.6865214436252586
6,14,GB time only,14,24,1,3,238.0056,0.6865214436252586
6,14,GB time only,14,24,1,3,239.0058,0.7225722296996453
6,14,GB time only,14,24,1,3,240.0071,0.6681097536344782
6,14,GB time only,14,24,1,3,240.9955,0.6681097536344782
6,14,GB time only,14,24,1,3,241.9959,0.6625440099724079
6,14,GB time only,14,24,1,3,242.9959,0.719532490154239
6,14,GB time only,14,24,1,3,243.9962,0.7243871954260436
6,14,GB time only,14,24,1,3,244.996,0.7243871954260436
6,14,GB time only,14,24,1,3,246.0052,0.6611514548268101
6,14,GB time only,14,24,1,3,247.0047,0.668584472008869
6,14,GB time only,14,24,1,3,248.005,0.668584472008869
6,14,GB time only,14,24,1,3,249.0054,0.7220754105965951
6,14,GB time only,14,24,1,3,250.0056,0.7187204728346438
6,14,GB time only,14,27,0,0,0.0110925,0.0010881448536645777
6,14,GB time only,14,27,0,0,1.01893,0.0010881448536645777
6,14,GB time only,14,27,0,0,2.009226,0.0010881448536645777
6,14,GB time only,14,27,0,0,3.010703,0.0010881448536645777
6,14,GB time only,14,27,0,0,4.012049,0.042287806852780004
6,14,GB time only,14,27,0,0,5.011549,0.042287806852780004
6,14,GB time only,14,27,0,0,6.011959,0.043240793202196426
6,14,GB time only,14,27,0,0,7.011798,0.08268669247843854
6,14,GB time only,14,27,0,0,8.013364,0.08268669247843854
6,14,GB time only,14,27,0,0,9.012961,0.1258432350352317
6,14,GB time only,14,27,0,0,10.0135,0.044047764624898456
6,14,GB time only,14,27,0,0,11.01286,0.12257220410287104
6,14,GB time only,14,27,0,0,12.01302,0.12257220410287104
6,14,GB time only,14,27,0,0,13.01301,0.04515022460472112
6,14,GB time only,14,27,0,0,14.01287,0.11950928135744349
6,14,GB time only,14,27,0,0,15.01381,0.12566230672208034
6,14,GB time only,14,27,0,0,16.01416,0.08528646138120999
6,14,GB time only,14,27,0,0,17.01406,0.08355519672220008
6,14,GB time only,14,27,0,0,18.01282,0.08355519672220008
6,14,GB time only,14,27,0,0,19.01204,0.08355519672220008
6,14,GB time only,14,27,0,0,20.01213,0.08418882298039501
6,14,GB time only,14,27,0,0,21.01253,0.08391647003645533
6,14,GB time only,14,27,0,0,22.01254,0.08391647003645533
6,14,GB time only,14,27,0,0,23.01226,0.08439579479779073
6,14,GB time only,14,27,0,0,24.01391,0.08439579479779073
6,14,GB time only,14,27,0,0,25.01341,0.12350306584713867
6,14,GB time only,14,27,0,0,26.01408,0.12660230845048143
6,14,GB time only,14,27,0,0,27.01375,0.15909171637614103
6,14,GB time only,14,27,0,0,28.01477,0.08787536978785114
6,14,GB time only,14,27,0,0,29.01468,0.16591460799121188
6,14,GB time only,14,27,0,0,30.01326,0.12598551810257153
6,14,GB time only,14,27,0,0,31.01198,0.12598551810257153
6,14,GB time only,14,27,0,0,32.01356,0.16320587267407202
6,14,GB time only,14,27,0,0,33.01426,0.20583238284997438
6,14,GB time only,14,27,0,0,34.01423,0.16392516382905778
6,14,GB time only,14,27,0,0,35.01481,0.16392516382905778
6,14,GB time only,14,27,0,0,36.01467,0.1999838757755698
6,14,GB time only,14,27,0,0,37.01414,0.1305650829847547
6,14,GB time only,14,27,0,0,38.0146,0.23839992389520637
6,14,GB time only,14,27,0,0,39.01488,0.08850370629007961
6,14,GB time only,14,27,0,0,40.01426,0.2456664931334351
6,14,GB time only,14,27,0,0,41.01546,0.16544629286469056
6,14,GB time only,14,27,0,0,42.01442,0.19921370949180717
6,14,GB time only,14,27,0,0,43.01394,0.13214390932866363
6,14,GB time only,14,27,0,0,44.01429,0.13214390932866363
6,14,GB time only,14,27,0,0,45.01337,0.16382705287027843
6,14,GB time only,14,27,0,0,46.01431,0.16382705287027843
6,14,GB time only,14,27,0,0,47.01359,0.16816623803314418
6,14,GB time only,14,27,0,0,48.01471,0.16816623803314418
6,14,GB time only,14,27,0,0,49.01568,0.2356155982267626
6,14,GB time only,14,27,0,0,50.01482,0.20849552434792648
6,14,GB time only,14,27,0,0,51.01583,0.20560835054749524
6,14,GB time only,14,27,0,0,52.01593,0.20560835054749524
6,14,GB time only,14,27,0,0,53.0158,0.31151397140551185
6,14,GB time only,14,27,0,0,54.0154,0.2169453204903717
6,14,GB time only,14,27,0,0,55.01407,0.3096245454657961
6,14,GB time only,14,27,0,0,56.01479,0.2116281334456745
6,14,GB time only,14,27,0,0,57.0152,0.3567682737356251
6,14,GB time only,14,27,0,0,58.01595,0.24580565544173594
6,14,GB time only,14,27,0,0,59.01684,0.24580565544173594
6,14,GB time only,14,27,0,0,60.01731,0.3563478574432262
6,14,GB time only,14,27,0,0,61.01645,0.3563478574432262
6,14,GB time only,14,27,0,0,62.01598,0.2853945065100326
6,14,GB time only,14,27,0,0,63.01549,0.3107584937870833
6,14,GB time only,14,27,0,0,64.01623,0.2596720824004564
6,14,GB time only,14,27,0,0,65.01556,0.31702192059087114
6,14,GB time only,14,27,0,0,66.01579,0.34314821858985345
6,14,GB time only,14,27,0,0,67.01708,0.3253963143053333
6,14,GB time only,14,27,0,0,68.01788,0.3192787239151414
6,14,GB time only,14,27,0,0,69.01695,0.25381017438888814
6,14,GB time only,14,27,0,0,70.01685,0.3948643542323257
6,14,GB time only,14,27,0,0,71.01693,0.31985736302924145
6,14,GB time only,14,27,0,0,72.01638,0.31985736302924145
6,14,GB time only,14,27,0,0,73.01495,0.31985736302924145
6,14,GB time only,14,27,0,0,74.01651,0.31985736302924145
6,14,GB time only,14,27,0,0,75.01495,0.3662099763912708
6,14,GB time only,14,27,0,0,76.01586,0.38172292649961165
6,14,GB time only,14,27,0,0,77.01755,0.3270516196268408
6,14,GB time only,14,27,0,0,78.01757,0.39853554149612946
6,14,GB time only,14,27,0,0,79.01694,0.3950734296322896
6,14,GB time only,14,27,0,0,80.01778,0.4532341991525272
6,14,GB time only,14,27,0,0,81.01844,0.3657724588724084
6,14,GB time only,14,27,0,0,82.01799,0.36403778869808734
6,14,GB time only,14,27,0,0,83.01645,0.36403778869808734
6,14,GB time only,14,27,0,0,84.01694,0.42883407280531866
6,14,GB time only,14,27,0,0,85.01832,0.43323140126059273
6,14,GB time only,14,27,0,0,86.01842,0.43323140126059273
6,14,GB time only,14,27,0,0,87.01836,0.4586672480204951
6,14,GB time only,14,27,0,0,88.01799,0.4666985357851387
6,14,GB time only,14,27,1,3,89.01899,0.39641060419354895
6,14,GB time only,14,27,1,3,90.0183,0.39641060419354895
6,14,GB time only,14,27,1,3,91.0181,0.4897357869687865
6,14,GB time only,14,27,1,3,92.01809,0.37850210357251507
6,14,GB time only,14,27,1,3,93.01811,0.37850210357251507
6,14,GB time only,14,27,1,3,94.01764,0.4549072261456495
6,14,GB time only,14,27,1,3,95.01756,0.43406063538317147
6,14,GB time only,14,27,1,3,96.01851,0.4430856217099424
6,14,GB time only,14,27,1,3,97.01912,0.46254269555033684
6,14,GB time only,14,27,1,3,98.01918,0.46254269555033684
6,14,GB time only,14,27,1,3,99.01951,0.5705882048177978
6,14,GB time only,14,27,1,3,100.0196,0.5091549893534949
6,14,GB time only,14,27,1,3,101.0185,0.5417259525882867
6,14,GB time only,14,27,1,3,102.0171,0.535065246420868
6,14,GB time only,14,27,1,3,103.0192,0.5557191397909755
6,14,GB time only,14,27,1,3,104.0182,0.5557191397909755
6,14,GB time only,14,27,1,3,105.0207,0.47461918767699063
6,14,GB time only,14,27,1,3,106.02,0.481303309087402
6,14,GB time only,14,27,1,3,107.0095,0.5875908122077549
6,14,GB time only,14,27,1,3,108.0191,0.5294976908807756
6,14,GB time only,14,27,1,3,109.0198,0.5294976908807756
6,14,GB time only,14,27,1,3,110.0191,0.5000645581064682
6,14,GB time only,14,27,1,3,111.0197,0.45315955161353083
6,14,GB time only,14,27,1,3,112.0089,0.6203853453544523
6,14,GB time only,14,27,1,3,113.0193,0.5962479730814555
6,14,GB time only,14,27,1,3,114.0192,0.5962479730814555
6,14,GB time only,14,27,1,3,115.0193,0.4174439529871996
6,14,GB time only,14,27,0,0,116.0173,0.5591900880506072
6,14,GB time only,14,27,0,0,117.0192,0.5060442646324316
6,14,GB time only,14,27,0,0,118.0198,0.5729284239724064
6,14,GB time only,14,27,0,0,119.0096,0.5729284239724064
6,14,GB time only,14,27,0,0,120.0098,0.5322320004652399
6,14,GB time only,14,27,0,0,121.0107,0.47698664877375646
6,14,GB time only,14,27,0,0,122.009,0.5723922707420598
6,14,GB time only,14,27,0,0,123.018,0.531508931184059
6,14,GB time only,14,27,0,0,124.009,0.531508931184059
6,14,GB time only,14,27,0,0,125.0098,0.5087257326252682
6,14,GB time only,14,27,0,0,126.0095,0.514607572983474
6,14,GB time only,14,27,0,0,127.0099,0.5566628138031748
6,14,GB time only,14,27,0,0,128.0105,0.5566628138031748
6,14,GB time only,14,27,0,0,129.0213,0.5334299914087607
6,14,GB time only,14,27,0,0,130.0093,0.5207392395364749
6,14,GB time only,14,27,0,0,131.0209,0.5935440339183079
6,14,GB time only,14,27,0,0,132.0093,0.5935440339183079
6,14,GB time only,14,27,0,0,133.009,0.5045062060291604
6,14,GB time only,14,27,0,0,134.0183,0.6236107799649903
6,14,GB time only,14,27,1,2,135.0096,0.584439196815469
6,14,GB time only,14,27,1,2,136.0103,0.5099898694237562
6,14,GB time only,14,27,1,2,137.0105,0.6205027222689802
6,14,GB time only,14,27,1,2,138.0104,0.6205027222689802
6,14,GB time only,14,27,1,2,139.0104,0.5817917740346074
6,14,GB time only,14,27,1,2,140.019,0.5460336654013294
6,14,GB time only,14,27,1,2,141.0098,0.588055832329912
6,14,GB time only,14,27,1,2,142.0099,0.5594356235342339
6,14,GB time only,14,27,1,2,143.0113,0.5594356235342339
6,14,GB time only,14,27,1,2,144.0116,0.5906730697633127
6,14,GB time only,14,27,1,2,145.0109,0.5138131643557127
6,14,GB time only,14,27,1,2,146.0108,0.5507600211478241
6,14,GB time only,14,27,1,2,147.0107,0.5976256333850984
6,14,GB time only,14,27,1,2,148.0109,0.6182514876048509
6,14,GB time only,14,27,1,2,149.0112,0.6182514876048509
6,14,GB time only,14,27,1,2,150.0111,0.5512798605088852
6,14,GB time only,14,27,1,2,151.0102,0.5096881425070088
6,14,GB time only,14,27,1,2,152.0108,0.6527775261808723
6,14,GB time only,14,27,1,2,153.0114,0.6527775261808723
6,14,GB time only,14,27,1,2,154.0109,0.5670611746421933
6,14,GB time only,14,27,1,2,155.0107,0.4909030678562214
6,14,GB time only,14,27,1,2,156.0103,0.5510326033234131
6,14,GB time only,14,27,1,2,157.0111,0.5510326033234131
6,14,GB time only,14,27,1,2,158.0107,0.5510326033234131
6,14,GB time only,14,27,1,2,159.0117,0.6053634438729125
6,14,GB time only,14,27,1,2,160.0122,0.5990683080024224
6,14,GB time only,14,27,1,2,161.0119,0.5784129873842613
6,14,GB time only,14,27,1,2,162.011,0.6349238626273395
6,14,GB time only,14,27,1,2,163.0109,0.6345440639299239
6,14,GB time only,14,27,1,2,164.0102,0.6345440639299239
6,14,GB time only,14,27,1,2,165.0107,0.6318854703841468
6,14,GB time only,14,27,1,2,166.01,0.5886568091308267
6,14,GB time only,14,27,1,2,167.011,0.5787002281116255
6,14,GB time only,14,27,1,2,168.0117,0.5787002281116255
6,14,GB time only,14,27,1,2,169.0114,0.6545607821674607
6,14,GB time only,14,27,1,2,170.0124,0.6193581627651684
6,14,GB time only,14,27,1,2,171.0132,0.6052255254372705
6,14,GB time only,14,27,1,2,172.0111,0.6052255254372705
6,14,GB time only,14,27,1,2,173.0098,0.6052255254372705
6,14,GB time only,14,27,1,2,174.0115,0.6226349079374942
6,14,GB time only,14,27,1,2,175.0128,0.6208542021323233
6,14,GB time only,14,27,1,2,176.0125,0.5796297072518635
6,14,GB time only,14,27,1,2,177.0113,0.6241368459005666
6,14,GB time only,14,27,1,2,178.0124,0.6195256376104068
6,14,GB time only,14,27,1,2,179.0121,0.6195256376104068
6,14,GB time only,14,27,1,2,180.0115,0.6065681604986953
6,14,GB time only,14,27,1,2,181.0128,0.6395093315645627
6,14,GB time only,14,27,1,2,182.0121,0.5786228327744615
6,14,GB time only,14,27,1,2,183.0128,0.5786228327744615
6,14,GB time only,14,27,1,2,184.0131,0.6280929865191345
6,14,GB time only,14,27,1,2,185.0134,0.6052387189489098
6,14,GB time only,14,27,1,2,186.0142,0.6443994800144386
6,14,GB time only,14,27,1,2,187.0148,0.6041753118364034
6,14,GB time only,14,27,1,2,188.013,0.6041753118364034
6,14,GB time only,14,27,1,2,189.0133,0.6041753118364034
6,14,GB time only,14,27,1,2,190.0127,0.646660664769138
6,14,GB time only,14,27,1,2,191.0129,0.6031196464637549
6,14,GB time only,14,27,1,2,192.0126,0.7127359630598451
6,14,GB time only,14,27,1,2,193.0123,0.7127359630598451
6,14,GB time only,14,27,1,2,194.0129,0.6743908099660891
6,14,GB time only,14,27,0,0,195.0138,0.6723317441515688
6,14,GB time only,14,27,0,0,196.0139,0.7504223975856726
6,14,GB time only,14,27,0,0,197.014,0.610360356070247
6,14,GB time only,14,27,0,0,198.0153,0.7708028186932014
6,14,GB time only,14,27,0,0,199.0154,0.6699704918568996
6,14,GB time only,14,27,0,0,200.0137,0.6699704918568996
6,14,GB time only,14,27,0,0,201.0133,0.7229789061219336
6,14,GB time only,14,27,0,0,202.014,0.6576723396328307
6,14,GB time only,14,27,0,0,203.0149,0.6615079253724235
6,14,GB time only,14,27,0,0,204.0157,0.6426525335680584
6,14,GB time only,14,27,0,0,205.0156,0.6426525335680584
6,14,GB time only,14,27,0,0,206.0157,0.6488743671376956
6,14,GB time only,14,27,0,0,207.0146,0.642035808066592
6,14,GB time only,14,27,0,0,208.0148,0.6886327026868024
6,14,GB time only,14,27,0,0,209.0162,0.629349461047166
6,14,GB time only,14,27,0,0,210.0147,0.629349461047166
6,14,GB time only,14,27,0,0,211.0141,0.6619033813705458
6,14,GB time only,14,27,0,0,212.0139,0.6619033813705458
6,14,GB time only,14,27,0,0,213.0145,0.6587051169663264
6,14,GB time only,14,27,0,0,214.0139,0.6587051169663264
6,14,GB time only,14,27,0,0,215.0152,0.6603055944265771
6,14,GB time only,14,27,0,0,216.0154,0.6410303512347746
6,14,GB time only,14,27,0,0,217.0155,0.6410303512347746
6,14,GB time only,14,27,0,0,218.0154,0.6867697536239632
6,14,GB time only,14,27,0,0,219.0161,0.6867697536239632
6,14,GB time only,14,27,0,0,220.0133,0.7175849963254848
6,14,GB time only,14,27,0,0,221.0157,0.6977133870398109
6,14,GB time only,14,27,0,0,222.016,0.6448536889013712
6,14,GB time only,14,27,0,0,223.0163,0.7401361158876011
6,14,GB time only,14,27,0,0,224.0161,0.6979376645468333
6,14,GB time only,14,27,0,0,225.0156,0.6979376645468333
6,14,GB time only,14,27,0,0,226.0158,0.6979376645468333
6,14,GB time only,14,27,0,0,227.0152,0.6950828889778118
6,14,GB time only,14,27,0,0,228.0145,0.6965074133764017
6,14,GB time only,14,27,0,0,229.0143,0.6965074133764017
6,14,GB time only,14,27,0,0,230.015,0.7106879631916645
6,14,GB time only,14,27,0,0,231.0147,0.6488224448827434
6,14,GB time only,14,27,0,0,232.0167,0.7196882707102594
6,14,GB time only,14,27,0,0,233.0171,0.6937513441031813
6,14,GB time only,14,27,0,0,234.0177,0.7221445479489285
6,14,GB time only,14,27,0,0,235.0167,0.7221445479489285
6,14,GB time only,14,27,0,0,236.0168,0.657543487133162
6,14,GB time only,14,27,0,0,237.0172,0.6865214436252586
6,14,GB time only,14,27,0,0,238.0165,0.7225722296996453
6,14,GB time only,14,27,0,0,239.0155,0.6681097536344782
6,14,GB time only,14,27,0,0,240.0154,0.6681097536344782
6,14,GB time only,14,27,0,0,241.0162,0.6625440099724079
6,14,GB time only,14,27,0,0,242.0153,0.719532490154239
6,14,GB time only,14,27,0,0,243.0169,0.7243871954260436
6,14,GB time only,14,27,0,0,244.017,0.7243871954260436
6,14,GB time only,14,27,0,0,245.0175,0.7243871954260436
6,14,GB time only,14,27,0,0,246.0175,0.6611514548268101
6,14,GB time only,14,27,0,0,247.0189,0.668584472008869
6,14,GB time only,14,27,0,0,248.0175,0.7220754105965951
6,14,GB time only,14,27,0,0,249.0157,0.7187204728346438
6,14,GB time only,14,27,0,0,250.0172,0.7187204728346438
6,14,GB time only,14,27,0,0,251.0182,0.6996873480610826
6,14,GB time only,14,27,0,0,252.019,0.6115656161878688
6,14,GB time only,14,27,0,0,253.0187,0.7730655737972241
6,14,GB time only,14,27,0,0,254.0191,0.6983938168323414
6,14,GB time only,14,27,0,0,255.0179,0.6983938168323414
6,14,GB time only,14,27,0,0,256.0189,0.6417815066733066
6,14,GB time only,14,27,0,0,257.0168,0.7142802234584793
6,14,GB time only,14,27,0,0,258.0172,0.6823869259629359
6,14,GB time only,14,27,0,0,259.0182,0.7471535975647599
6,14,GB time only,14,27,0,0,260.0174,0.7471535975647599
6,14,GB time only,14,27,0,0,261.0188,0.6725184753372234
6,14,GB time only,14,27,0,0,262.0185,0.6888139872395147
6,14,GB time only,14,27,0,0,263.0108,0.6965397780177678
6,14,GB time only,14,27,0,0,264.0196,0.7232052956924607
6,14,GB time only,14,27,0,0,265.0177,0.7232052956924607
6,14,GB time only,14,27,0,0,266.017,0.719290709186938
6,14,GB time only,14,27,0,0,267.0185,0.6404634370683884
6,14,GB time only,14,27,0,0,268.0191,0.7254522764008872
6,14,GB time only,14,27,0,0,269.0094,0.7254522764008872
6,14,GB time only,14,27,0,0,270.0097,0.687840644445839
6,14,GB time only,14,27,0,0,271.0201,0.6698518693491144
6,14,GB time only,14,27,0,0,272.0097,0.7276218737825512
6,14,GB time only,14,27,0,0,273.0197,0.6241085507617705
6,14,GB time only,14,27,0,0,274.0097,0.756609315188351
6,14,GB time only,14,27,0,0,275.0197,0.7293595137429209
6,14,GB time only,14,27,0,0,276.0195,0.7293595137429209
6,14,GB time only,14,27,1,1,277.0191,0.5916754799584415
6,14,GB time only,14,27,1,1,278.0207,0.7572255912733147
6,14,GB time only,14,27,1,1,279.0197,0.6971433938682513
6,14,GB time only,14,27,1,1,280.0204,0.6971433938682513
6,14,GB time only,14,27,1,1,281.0213,0.6971433938682513
6,14,GB time only,14,27,1,1,282.0106,0.6889723911162621
6,14,GB time only,14,27,1,1,283.0107,0.6389772379236279
6,14,GB time only,14,27,1,1,284.0201,0.7562873005157521
6,14,GB time only,14,27,1,1,285.0201,0.687319663094323
6,14,GB time only,14,27,1,1,286.0099,0.687319663094323
6,14,GB time only,14,27,1,1,287.02,0.6707962645608784
6,14,GB time only,14,27,1,1,288.01,0.7090122162004312
6,14,GB time only,14,27,1,1,289.011,0.7090122162004312
6,14,GB time only,14,27,1,1,290.011,0.7090122162004312
6,14,GB time only,14,27,1,1,291.0101,0.7580658834195337
6,14,GB time only,14,27,1,1,292.011,0.6691684295581829
6,14,GB time only,14,27,1,1,293.0103,0.7813444698663986
6,14,GB time only,14,27,1,1,294.011,0.7813444698663986
6,14,GB time only,14,27,1,1,295.0106,0.7326310086851768
6,14,GB time only,14,27,1,1,296.0206,0.7589874054686628
6,14,GB time only,14,27,1,1,297.0204,0.7209755416589633
6,14,GB time only,14,27,1,1,298.0102,0.6686273359874921
6,14,GB time only,14,27,1,1,299.0202,0.7905177422843026
6,14,GB time only,14,27,1,1,300.0211,0.7624950099951628
6,14,GB time only,14,27,1,1,301.0101,0.7624950099951628
6,14,GB time only,14,28,0,0,0.0111128,0.0010881448536645777
6,14,GB time only,14,28,0,0,1.009833,0.0010881448536645777
6,14,GB time only,14,28,0,0,2.010395,0.0010881448536645777
6,14,GB time only,14,28,0,0,3.011393,0.0010881448536645777
6,14,GB time only,14,28,0,0,4.0115,0.042287806852780004
6,14,GB time only,14,28,0,0,5.012748,0.042287806852780004
6,14,GB time only,14,28,0,0,6.014083,0.043240793202196426
6,14,GB time only,14,28,0,0,7.013341,0.08268669247843854
6,14,GB time only,14,28,0,0,8.015121,0.08268669247843854
6,14,GB time only,14,28,0,0,9.014697,0.1258432350352317
6,14,GB time only,14,28,0,0,10.01435,0.044047764624898456
6,14,GB time only,14,28,0,0,11.0154,0.12257220410287104
6,14,GB time only,14,28,0,0,12.0133,0.04515022460472112
6,14,GB time only,14,28,0,0,13.01444,0.11950928135744349
6,14,GB time only,14,28,0,0,14.01499,0.12566230672208034
6,14,GB time only,14,28,0,0,15.01424,0.12566230672208034
6,14,GB time only,14,28,0,0,16.01418,0.08528646138120999
6,14,GB time only,14,28,0,0,17.01338,0.08355519672220008
6,14,GB time only,14,28,0,0,18.01521,0.08355519672220008
6,14,GB time only,14,28,0,0,19.01558,0.08355519672220008
6,14,GB time only,14,28,0,0,20.01401,0.08418882298039501
6,14,GB time only,14,28,0,0,21.01581,0.08391647003645533
6,14,GB time only,14,28,0,0,22.01543,0.08391647003645533
6,14,GB time only,14,28,0,0,23.01588,0.08439579479779073
6,14,GB time only,14,28,0,0,24.01619,0.08439579479779073
6,14,GB time only,14,28,0,0,25.01628,0.12350306584713867
6,14,GB time only,14,28,0,0,26.0155,0.12660230845048143
6,14,GB time only,14,28,0,0,27.01602,0.15909171637614103
6,14,GB time only,14,28,0,0,28.01654,0.08787536978785114
6,14,GB time only,14,28,0,0,29.01629,0.16591460799121188
6,14,GB time only,14,28,0,0,30.01612,0.12598551810257153
6,14,GB time only,14,28,0,0,31.01567,0.16320587267407202
6,14,GB time only,14,28,0,0,32.01504,0.16320587267407202
6,14,GB time only,14,28,0,0,33.01624,0.20583238284997438
6,14,GB time only,14,28,0,0,34.0147,0.16392516382905778
6,14,GB time only,14,28,0,0,35.01396,0.16392516382905778
6,14,GB time only,14,28,0,0,36.01606,0.1999838757755698
6,14,GB time only,14,28,0,0,37.01563,0.1305650829847547
6,14,GB time only,14,28,0,0,38.01526,0.23839992389520637
6,14,GB time only,14,28,0,0,39.01506,0.08850370629007961
6,14,GB time only,14,28,0,0,40.0174,0.2456664931334351
6,14,GB time only,14,28,0,0,41.01774,0.16544629286469056
6,14,GB time only,14,28,0,0,42.01627,0.19921370949180717
6,14,GB time only,14,28,0,0,43.01559,0.13214390932866363
6,14,GB time only,14,28,0,0,44.01618,0.16382705287027843
6,14,GB time only,14,28,0,0,45.01551,0.16382705287027843
6,14,GB time only,14,28,0,0,46.01629,0.20429859356518132
6,14,GB time only,14,28,0,0,47.01807,0.16816623803314418
6,14,GB time only,14,28,0,0,48.01582,0.2356155982267626
6,14,GB time only,14,28,0,0,49.01778,0.2356155982267626
6,14,GB time only,14,28,0,0,50.01649,0.20849552434792648
6,14,GB time only,14,28,0,0,51.01685,0.20560835054749524
6,14,GB time only,14,28,0,0,52.01536,0.20560835054749524
6,14,GB time only,14,28,0,0,53.01762,0.31151397140551185
6,14,GB time only,14,28,0,0,54.01741,0.2169453204903717
6,14,GB time only,14,28,0,0,55.01841,0.3096245454657961
6,14,GB time only,14,28,0,0,56.01595,0.2116281334456745
6,14,GB time only,14,28,0,0,57.01751,0.3567682737356251
6,14,GB time only,14,28,0,0,58.01589,0.24580565544173594
6,14,GB time only,14,28,0,0,59.01643,0.24580565544173594
6,14,GB time only,14,28,0,0,60.01655,0.3563478574432262
6,14,GB time only,14,28,0,0,61.01838,0.2853945065100326
6,14,GB time only,14,28,0,0,62.01884,0.2853945065100326
6,14,GB time only,14,28,0,0,63.01641,0.3107584937870833
6,14,GB time only,14,28,0,0,64.0168,0.2596720824004564
6,14,GB time only,14,28,0,0,65.01732,0.31702192059087114
6,14,GB time only,14,28,0,0,66.01808,0.34314821858985345
6,14,GB time only,14,28,0,0,67.01823,0.3253963143053333
6,14,GB time only,14,28,0,0,68.01816,0.3192787239151414
6,14,GB time only,14,28,0,0,69.01759,0.25381017438888814
6,14,GB time only,14,28,0,0,70.01744,0.3948643542323257
6,14,GB time only,14,28,0,0,71.01709,0.31985736302924145
6,14,GB time only,14,28,0,0,72.01596,0.31985736302924145
6,14,GB time only,14,28,0,0,73.01692,0.31985736302924145
6,14,GB time only,14,28,0,0,74.0185,0.31985736302924145
6,14,GB time only,14,28,0,0,75.01855,0.3662099763912708
6,14,GB time only,14,28,0,0,76.01823,0.38172292649961165
6,14,GB time only,14,28,0,0,77.01774,0.3270516196268408
6,14,GB time only,14,28,0,0,78.01897,0.39853554149612946
6,14,GB time only,14,28,0,0,79.01764,0.3950734296322896
6,14,GB time only,14,28,0,0,80.01952,0.4532341991525272
6,14,GB time only,14,28,0,0,81.01741,0.3657724588724084
6,14,GB time only,14,28,0,0,82.01808,0.36403778869808734
6,14,GB time only,14,28,0,0,83.01849,0.36403778869808734
6,14,GB time only,14,28,0,0,84.01945,0.42883407280531866
6,14,GB time only,14,28,0,0,85.01937,0.43323140126059273
6,14,GB time only,14,28,0,0,86.01777,0.43323140126059273
6,14,GB time only,14,28,0,0,87.0088,0.4586672480204951
6,14,GB time only,14,28,0,0,88.00897,0.4666985357851387
6,14,GB time only,14,28,0,0,89.00903,0.39641060419354895
6,14,GB time only,14,28,0,0,90.00906,0.39641060419354895
6,14,GB time only,14,28,0,0,91.01865,0.4897357869687865
6,14,GB time only,14,28,0,0,92.00906,0.4897357869687865
6,14,GB time only,14,28,0,0,93.01897,0.4549072261456495
6,14,GB time only,14,28,0,0,94.01846,0.4549072261456495
6,14,GB time only,14,28,0,0,95.01842,0.43406063538317147
6,14,GB time only,14,28,0,0,96.01799,0.4430856217099424
6,14,GB time only,14,28,0,0,97.01869,0.46254269555033684
6,14,GB time only,14,28,0,0,98.02034,0.46254269555033684
6,14,GB time only,14,28,0,0,99.00938,0.5705882048177978
6,14,GB time only,14,28,0,0,100.0092,0.5091549893534949
6,14,GB time only,14,28,0,0,101.0099,0.5091549893534949
6,14,GB time only,14,28,0,0,102.0094,0.5417259525882867
6,14,GB time only,14,28,0,0,103.0204,0.5557191397909755
6,14,GB time only,14,28,0,0,104.0199,0.5557191397909755
6,14,GB time only,14,28,0,0,105.0094,0.47461918767699063
6,14,GB time only,14,28,0,0,106.0093,0.481303309087402
6,14,GB time only,14,28,0,0,107.0091,0.5875908122077549
6,14,GB time only,14,28,0,0,108.0092,0.5875908122077549
6,14,GB time only,14,28,0,0,109.0197,0.5294976908807756
6,14,GB time only,14,28,0,0,110.0095,0.5000645581064682
6,14,GB time only,14,28,0,0,111.01,0.45315955161353083
6,14,GB time only,14,28,0,0,112.0107,0.6203853453544523
6,14,GB time only,14,28,0,0,113.0104,0.6203853453544523
6,14,GB time only,14,28,0,0,114.0103,0.5962479730814555
6,14,GB time only,14,28,0,0,115.0095,0.4174439529871996
6,14,GB time only,14,28,0,0,116.01,0.5591900880506072
6,14,GB time only,14,28,0,0,117.0105,0.5060442646324316
6,14,GB time only,14,28,0,0,118.0109,0.5060442646324316
6,14,GB time only,14,28,0,0,119.012,0.5729284239724064
6,14,GB time only,14,28,0,0,120.0113,0.5322320004652399
6,14,GB time only,14,28,0,0,121.0113,0.47698664877375646
6,14,GB time only,14,28,0,0,122.0116,0.5723922707420598
6,14,GB time only,14,28,0,0,123.0119,0.531508931184059
6,14,GB time only,14,28,0,0,124.0118,0.531508931184059
6,14,GB time only,14,28,0,0,125.0108,0.5087257326252682
6,14,GB time only,14,28,0,0,126.011,0.514607572983474
6,14,GB time only,14,28,0,0,127.0124,0.5566628138031748
6,14,GB time only,14,28,0,0,128.0108,0.5566628138031748
6,14,GB time only,14,28,0,0,129.0105,0.5334299914087607
6,14,GB time only,14,28,0,0,130.0117,0.5207392395364749
6,14,GB time only,14,28,0,0,131.0111,0.5935440339183079
6,14,GB time only,14,28,0,0,132.0108,0.5935440339183079
6,14,GB time only,14,28,0,0,133.0106,0.6236107799649903
6,14,GB time only,14,28,0,0,134.0097,0.6236107799649903
6,14,GB time only,14,28,0,0,135.0104,0.584439196815469
6,14,GB time only,14,28,0,0,136.0105,0.5099898694237562
6,14,GB time only,14,28,0,0,137.011,0.6205027222689802
6,14,GB time only,14,28,0,0,138.0112,0.6205027222689802
6,14,GB time only,14,28,0,0,139.0102,0.5817917740346074
6,14,GB time only,14,28,0,0,140.0111,0.5460336654013294
6,14,GB time only,14,28,0,0,141.0099,0.588055832329912
6,14,GB time only,14,28,0,0,142.0102,0.5594356235342339
6,14,GB time only,14,28,0,0,143.0106,0.5594356235342339
6,14,GB time only,14,28,0,0,144.012,0.5906730697633127
6,14,GB time only,14,28,0,0,145.0106,0.5138131643557127
6,14,GB time only,14,28,0,0,146.012,0.5507600211478241
6,14,GB time only,14,28,0,0,147.0115,0.5976256333850984
6,14,GB time only,14,28,0,0,148.0123,0.6182514876048509
6,14,GB time only,14,28,0,0,149.012,0.6182514876048509
6,14,GB time only,14,28,0,0,150.0118,0.5512798605088852
6,14,GB time only,14,28,0,0,151.0124,0.5096881425070088
6,14,GB time only,14,28,0,0,152.0128,0.6527775261808723
6,14,GB time only,14,28,0,0,153.0126,0.6527775261808723
6,14,GB time only,14,28,0,0,154.0121,0.5670611746421933
6,14,GB time only,14,28,0,0,155.012,0.4909030678562214
6,14,GB time only,14,28,0,0,156.0126,0.5510326033234131
6,14,GB time only,14,28,0,0,157.013,0.5510326033234131
6,14,GB time only,14,28,0,0,158.0121,0.5510326033234131
6,14,GB time only,14,28,0,0,159.0126,0.6053634438729125
6,14,GB time only,14,28,0,0,160.0124,0.5990683080024224
6,14,GB time only,14,28,0,0,161.0119,0.5784129873842613
6,14,GB time only,14,28,0,0,162.013,0.6349238626273395
6,14,GB time only,14,28,0,0,163.0129,0.6345440639299239
6,14,GB time only,14,28,0,0,164.0133,0.6345440639299239
6,14,GB time only,14,28,0,0,165.0129,0.6318854703841468
6,14,GB time only,14,28,0,0,166.0124,0.5886568091308267
6,14,GB time only,14,28,0,0,167.0136,0.5787002281116255
6,14,GB time only,14,28,0,0,168.0131,0.6545607821674607
6,14,GB time only,14,28,0,0,169.0124,0.6545607821674607
6,14,GB time only,14,28,0,0,170.0131,0.6193581627651684
6,14,GB time only,14,28,0,0,171.0138,0.6052255254372705
6,14,GB time only,14,28,0,0,172.0135,0.6052255254372705
6,14,GB time only,14,28,0,0,173.014,0.6226349079374942
6,14,GB time only,14,28,0,0,174.0137,0.6208542021323233
6,14,GB time only,14,28,0,0,175.0137,0.6208542021323233
6,14,GB time only,14,28,0,0,176.0139,0.5796297072518635
6,14,GB time only,14,28,0,0,177.0143,0.6241368459005666
6,14,GB time only,14,28,0,0,178.0135,0.6195256376104068
6,14,GB time only,14,28,0,0,179.0138,0.6195256376104068
6,14,GB time only,14,28,0,0,180.0135,0.6065681604986953
6,14,GB time only,14,28,0,0,181.0143,0.6395093315645627
6,14,GB time only,14,28,0,0,182.0144,0.5786228327744615
6,14,GB time only,14,28,0,0,183.0134,0.5786228327744615
6,14,GB time only,14,28,0,0,184.0142,0.6280929865191345
6,14,GB time only,14,28,0,0,185.0128,0.6052387189489098
6,14,GB time only,14,28,0,0,186.0135,0.6443994800144386
6,14,GB time only,14,28,0,0,187.0139,0.6041753118364034
6,14,GB time only,14,28,0,0,188.0138,0.6041753118364034
6,14,GB time only,14,28,0,0,189.015,0.6041753118364034
6,14,GB time only,14,28,0,0,190.0154,0.646660664769138
6,14,GB time only,14,28,0,0,191.0153,0.6031196464637549
6,14,GB time only,14,28,0,0,192.015,0.7127359630598451
6,14,GB time only,14,28,0,0,193.0144,0.6743908099660891
6,14,GB time only,14,28,0,0,194.0154,0.6743908099660891
6,14,GB time only,14,28,0,0,195.0154,0.6723317441515688
6,14,GB time only,14,28,0,0,196.0153,0.7504223975856726
6,14,GB time only,14,28,0,0,197.0166,0.610360356070247
6,14,GB time only,14,28,0,0,198.0156,0.7708028186932014
6,14,GB time only,14,28,0,0,199.0165,0.6699704918568996
6,14,GB time only,14,28,0,0,200.0164,0.6699704918568996
6,14,GB time only,14,28,0,0,201.0146,0.7229789061219336
6,14,GB time only,14,28,0,0,202.0159,0.6576723396328307
6,14,GB time only,14,28,0,0,203.0147,0.6615079253724235
6,14,GB time only,14,28,0,0,204.015,0.6615079253724235
6,14,GB time only,14,28,0,0,205.0149,0.6426525335680584
6,14,GB time only,14,28,0,0,206.0154,0.6488743671376956
6,14,GB time only,14,28,0,0,207.0155,0.642035808066592
6,14,GB time only,14,28,0,0,208.0162,0.6886327026868024
6,14,GB time only,14,28,0,0,209.0153,0.629349461047166
6,14,GB time only,14,28,0,0,210.0164,0.629349461047166
6,14,GB time only,14,28,0,0,211.0156,0.6619033813705458
6,14,GB time only,14,28,0,0,212.0163,0.6619033813705458
6,14,GB time only,14,28,0,0,213.0176,0.6587051169663264
6,14,GB time only,14,28,0,0,214.0176,0.6603055944265771
6,14,GB time only,14,28,0,0,215.0165,0.6603055944265771
6,14,GB time only,14,28,0,0,216.0159,0.6410303512347746
6,14,GB time only,14,28,0,0,217.0159,0.6410303512347746
6,14,GB time only,14,28,0,0,218.0158,0.6867697536239632
6,14,GB time only,14,28,0,0,219.0164,0.6867697536239632
6,14,GB time only,14,28,0,0,220.0166,0.7175849963254848
6,14,GB time only,14,28,0,0,221.016,0.6977133870398109
6,14,GB time only,14,28,0,0,222.0175,0.6448536889013712
6,14,GB time only,14,28,0,0,223.0178,0.7401361158876011
6,14,GB time only,14,28,0,0,224.0176,0.6979376645468333
6,14,GB time only,14,28,0,0,225.018,0.6979376645468333
6,14,GB time only,14,28,0,0,226.0181,0.6979376645468333
6,14,GB time only,14,28,0,0,227.018,0.6950828889778118
6,14,GB time only,14,28,0,0,228.0176,0.6965074133764017
6,14,GB time only,14,28,0,0,229.0186,0.7106879631916645
6,14,GB time only,14,28,0,0,230.0179,0.7106879631916645
6,14,GB time only,14,28,0,0,231.0177,0.6488224448827434
6,14,GB time only,14,28,0,0,232.0178,0.7196882707102594
6,14,GB time only,14,28,0,0,233.018,0.6937513441031813
6,14,GB time only,14,28,0,0,234.017,0.7221445479489285
6,14,GB time only,14,28,0,0,235.0178,0.7221445479489285
6,14,GB time only,14,28,0,0,236.0177,0.657543487133162
6,14,GB time only,14,28,0,0,237.0187,0.6865214436252586
6,14,GB time only,14,28,0,0,238.0185,0.7225722296996453
6,14,GB time only,14,28,0,0,239.0183,0.6681097536344782
6,14,GB time only,14,28,0,0,240.0186,0.6681097536344782
6,14,GB time only,14,28,0,0,241.0184,0.6625440099724079
6,14,GB time only,14,28,0,0,242.0192,0.719532490154239
6,14,GB time only,14,28,0,0,243.018,0.7243871954260436
6,14,GB time only,14,28,0,0,244.0168,0.7243871954260436
6,14,GB time only,14,28,0,0,245.0174,0.7243871954260436
6,14,GB time only,14,28,0,0,246.0177,0.6611514548268101
6,14,GB time only,14,28,0,0,247.0178,0.668584472008869
6,14,GB time only,14,28,0,0,248.0176,0.7220754105965951
6,14,GB time only,14,28,0,0,249.0175,0.7187204728346438
6,14,GB time only,14,28,0,0,250.0193,0.7187204728346438
6,14,GB time only,14,28,0,0,251.0192,0.6996873480610826
6,14,GB time only,14,28,0,0,252.0187,0.6115656161878688
6,14,GB time only,14,28,1,3,253.0184,0.7730655737972241
6,14,GB time only,14,28,1,3,254.0191,0.6983938168323414
6,14,GB time only,14,28,1,3,255.0188,0.6983938168323414
6,14,GB time only,14,28,1,3,256.019,0.6417815066733066
6,14,GB time only,14,28,1,3,257.009,0.7142802234584793
6,14,GB time only,14,28,1,3,258.009,0.6823869259629359
6,14,GB time only,14,28,1,3,259.0089,0.6823869259629359
6,14,GB time only,14,28,1,3,260.0201,0.7471535975647599
6,14,GB time only,14,28,1,3,261.0089,0.6725184753372234
6,14,GB time only,14,28,1,3,262.0198,0.6888139872395147
6,14,GB time only,14,28,1,3,263.0199,0.6965397780177678
6,14,GB time only,14,28,1,3,264.0095,0.7232052956924607
6,14,GB time only,14,28,1,3,265.0092,0.7232052956924607
6,14,GB time only,14,28,1,3,266.0198,0.719290709186938
6,14,GB time only,14,28,1,3,267.02,0.6404634370683884
6,14,GB time only,14,28,1,3,268.0094,0.7254522764008872
6,14,GB time only,14,28,1,3,269.0094,0.7254522764008872
6,14,GB time only,14,28,1,3,270.0103,0.687840644445839
6,14,GB time only,14,28,1,3,271.01,0.6698518693491144
6,14,GB time only,14,28,1,3,272.0204,0.7276218737825512
6,14,GB time only,14,28,1,3,273.0203,0.6241085507617705
6,14,GB time only,14,28,1,3,274.0092,0.6241085507617705
6,14,GB time only,14,28,1,3,275.0203,0.7293595137429209
6,14,GB time only,14,28,1,3,276.0095,0.7293595137429209
6,14,GB time only,14,28,1,3,277.0092,0.5916754799584415
6,14,GB time only,14,28,1,3,278.0089,0.7572255912733147
6,14,GB time only,14,28,1,3,279.011,0.6971433938682513
6,14,GB time only,14,28,1,3,280.0101,0.6971433938682513
6,14,GB time only,14,28,1,3,281.0095,0.6971433938682513
6,14,GB time only,14,28,1,3,282.0099,0.6889723911162621
6,14,GB time only,14,28,1,3,283.0117,0.6389772379236279
6,14,GB time only,14,28,1,3,284.0094,0.6389772379236279
6,14,GB time only,14,28,1,3,285.0087,0.7562873005157521
6,14,GB time only,14,28,1,3,286.0101,0.687319663094323
6,14,GB time only,14,28,1,3,287.0098,0.6707962645608784
6,14,GB time only,14,28,1,3,288.0103,0.7090122162004312
6,14,GB time only,14,28,1,3,289.0108,0.7090122162004312
6,14,GB time only,14,28,1,3,290.0102,0.7090122162004312
6,14,GB time only,14,28,1,3,291.0107,0.7580658834195337
6,14,GB time only,14,28,1,3,292.0105,0.6691684295581829
6,14,GB time only,14,28,1,3,293.0114,0.7813444698663986
6,14,GB time only,14,28,1,2,294.0107,0.7813444698663986
6,14,GB time only,14,28,1,2,295.0113,0.7326310086851768
6,14,GB time only,14,28,1,2,296.0103,0.7589874054686628
6,14,GB time only,14,28,1,2,297.0109,0.7209755416589633
6,14,GB time only,14,28,1,2,298.0119,0.6686273359874921
6,14,GB time only,14,28,1,2,299.0108,0.7905177422843026
6,14,GB time only,14,28,1,2,300.0102,0.7905177422843026
6,14,GB time only,14,28,1,2,301.0107,0.7624950099951628
6,14,GB time only,6,29,0,0,0.0112192,0.0010881448536645777
6,14,GB time only,6,29,0,0,1.011824,0.0010881448536645777
6,14,GB time only,6,29,0,0,2.016775,0.0010881448536645777
6,14,GB time only,6,29,0,0,3.01134,0.0010881448536645777
6,14,GB time only,6,29,0,0,4.016446,0.042287806852780004
6,14,GB time only,6,29,0,0,5.010691,0.042287806852780004
6,14,GB time only,6,29,0,0,6.014781,0.043240793202196426
6,14,GB time only,6,29,0,0,7.021184,0.08268669247843854
6,14,GB time only,6,29,0,0,8.014297,0.08268669247843854
6,14,GB time only,6,29,0,0,9.017834,0.1258432350352317
6,14,GB time only,6,29,0,0,10.0143,0.044047764624898456
6,14,GB time only,6,29,0,0,11.0198,0.12257220410287104
6,14,GB time only,6,29,0,0,12.01373,0.04515022460472112
6,14,GB time only,6,29,0,0,13.01924,0.11950928135744349
6,14,GB time only,6,29,0,0,14.01323,0.11950928135744349
6,14,GB time only,6,29,0,0,15.01874,0.12566230672208034
6,14,GB time only,6,29,0,0,16.02178,0.08528646138120999
6,14,GB time only,6,29,0,0,17.0179,0.08355519672220008
6,14,GB time only,6,29,0,0,18.01236,0.08355519672220008
6,14,GB time only,6,29,0,0,19.01663,0.08355519672220008
6,14,GB time only,6,29,0,0,20.01117,0.08418882298039501
6,14,GB time only,6,29,0,0,21.01589,0.08391647003645533
6,14,GB time only,6,29,0,0,22.01227,0.08391647003645533
6,14,GB time only,6,29,0,0,23.01739,0.08439579479779073
6,14,GB time only,6,29,0,0,24.01122,0.08439579479779073
6,14,GB time only,6,29,0,0,25.01702,0.12350306584713867
6,14,GB time only,6,29,0,0,26.0217,0.12660230845048143
6,14,GB time only,6,29,0,0,27.01569,0.15909171637614103
6,14,GB time only,6,29,0,0,28.02129,0.08787536978785114
6,14,GB time only,6,29,0,0,29.01555,0.16591460799121188
6,14,GB time only,6,29,0,0,30.01976,0.12598551810257153
6,14,GB time only,6,29,0,0,31.01329,0.12598551810257153
6,14,GB time only,6,29,0,0,32.02007,0.20583238284997438
6,14,GB time only,6,29,0,0,33.01092,0.20583238284997438
6,14,GB time only,6,29,0,0,34.01912,0.16392516382905778
6,14,GB time only,6,29,0,0,35.01377,0.16392516382905778
6,14,GB time only,6,29,0,0,36.01718,0.1999838757755698
6,14,GB time only,6,29,0,0,37.01274,0.1305650829847547
6,14,GB time only,6,29,0,0,38.01831,0.23839992389520637
6,14,GB time only,6,29,0,0,39.01217,0.08850370629007961
6,14,GB time only,6,29,0,0,40.01754,0.2456664931334351
6,14,GB time only,6,29,0,0,41.01052,0.16544629286469056
6,14,GB time only,6,29,0,0,42.01724,0.19921370949180717
6,14,GB time only,6,29,0,0,43.02027,0.13214390932866363
6,14,GB time only,6,29,0,0,44.01577,0.16382705287027843
6,14,GB time only,6,29,0,0,45.02153,0.16382705287027843
6,14,GB time only,6,29,0,0,46.01505,0.20429859356518132
6,14,GB time only,6,29,0,0,47.02,0.16816623803314418
6,14,GB time only,6,29,0,0,48.01451,0.16816623803314418
6,14,GB time only,6,29,0,0,49.02043,0.20849552434792648
6,14,GB time only,6,29,0,0,50.01405,0.20849552434792648
6,14,GB time only,6,29,0,0,51.02033,0.20560835054749524
6,14,GB time only,6,29,0,0,52.01211,0.20560835054749524
6,14,GB time only,6,29,0,0,53.01879,0.31151397140551185
6,14,GB time only,6,29,0,0,54.01346,0.2169453204903717
6,14,GB time only,6,29,0,0,55.01865,0.3096245454657961
6,14,GB time only,6,29,0,0,56.0123,0.2116281334456745
6,14,GB time only,6,29,0,0,57.01873,0.3567682737356251
6,14,GB time only,6,29,0,0,58.01094,0.3567682737356251
6,14,GB time only,6,29,0,0,59.01741,0.24580565544173594
6,14,GB time only,6,29,0,0,60.01103,0.24580565544173594
6,14,GB time only,6,29,0,0,61.01686,0.3563478574432262
6,14,GB time only,6,29,0,0,62.02135,0.2853945065100326
6,14,GB time only,6,29,0,0,63.01606,0.3107584937870833
6,14,GB time only,6,29,0,0,64.01111,0.2596720824004564
6,14,GB time only,6,29,0,0,65.01536,0.31702192059087114
6,14,GB time only,6,29,0,0,66.01973,0.34314821858985345
6,14,GB time only,6,29,0,0,67.01254,0.3253963143053333
6,14,GB time only,6,29,0,0,68.02018,0.3192787239151414
6,14,GB time only,6,29,0,0,69.01416,0.25381017438888814
6,14,GB time only,6,29,0,0,70.02119,0.3948643542323257
6,14,GB time only,6,29,0,0,71.01406,0.3948643542323257
6,14,GB time only,6,29,0,0,72.01811,0.31985736302924145
6,14,GB time only,6,29,0,0,73.01423,0.31985736302924145
6,14,GB time only,6,29,0,0,74.01737,0.31985736302924145
6,14,GB time only,6,29,0,0,75.01094,0.3662099763912708
6,14,GB time only,6,29,0,0,76.0176,0.38172292649961165
6,14,GB time only,6,29,0,0,77.02081,0.3270516196268408
6,14,GB time only,6,29,0,0,78.01769,0.39853554149612946
6,14,GB time only,6,29,0,0,79.01154,0.3950734296322896
6,14,GB time only,6,29,0,0,80.01762,0.4532341991525272
6,14,GB time only,6,29,0,0,81.01078,0.4532341991525272
6,14,GB time only,6,29,0,0,82.01668,0.3657724588724084
6,14,GB time only,6,29,0,0,83.01159,0.36403778869808734
6,14,GB time only,6,29,0,0,84.0154,0.42883407280531866
6,14,GB time only,6,29,0,0,85.0213,0.43323140126059273
6,14,GB time only,6,29,0,0,86.01613,0.43323140126059273
6,14,GB time only,6,29,0,0,87.02153,0.4586672480204951
6,14,GB time only,6,29,0,0,88.01397,0.4666985357851387
6,14,GB time only,6,29,0,0,89.02009,0.39641060419354895
6,14,GB time only,6,29,0,0,90.0147,0.39641060419354895
6,14,GB time only,6,29,0,0,91.01833,0.4897357869687865
6,14,GB time only,6,29,0,0,92.01338,0.4897357869687865
6,14,GB time only,6,29,0,0,93.01836,0.4549072261456495
6,14,GB time only,6,29,0,0,94.01306,0.4549072261456495
6,14,GB time only,6,29,0,0,95.01991,0.43406063538317147
6,14,GB time only,6,29,0,0,96.01231,0.4430856217099424
6,14,GB time only,6,29,0,0,97.01806,0.46254269555033684
6,14,GB time only,6,29,0,0,98.01287,0.46254269555033684
6,14,GB time only,6,29,0,0,99.0177,0.5705882048177978
6,14,GB time only,6,29,0,0,100.0129,0.5091549893534949
6,14,GB time only,6,29,0,0,101.0174,0.5417259525882867
6,14,GB time only,6,29,0,0,102.012,0.535065246420868
6,14,GB time only,6,29,0,0,103.0166,0.535065246420868
6,14,GB time only,6,29,0,0,104.0114,0.5557191397909755
6,14,GB time only,6,29,0,0,105.016,0.47461918767699063
6,14,GB time only,6,29,0,0,106.0215,0.481303309087402
6,14,GB time only,6,29,0,0,107.0152,0.5875908122077549
6,14,GB time only,6,29,0,0,108.0193,0.5294976908807756
6,14,GB time only,6,29,0,0,109.015,0.5294976908807756
6,14,GB time only,6,29,0,0,110.0205,0.5000645581064682
6,14,GB time only,6,29,0,0,111.0144,0.45315955161353083
6,14,GB time only,6,29,0,0,112.0205,0.6203853453544523
6,14,GB time only,6,29,0,0,113.0114,0.6203853453544523
6,14,GB time only,6,29,0,0,114.0195,0.5962479730814555
6,14,GB time only,6,29,0,0,115.0128,0.4174439529871996
6,14,GB time only,6,29,0,0,116.0194,0.5591900880506072
6,14,GB time only,6,29,0,0,117.0126,0.5060442646324316
6,14,GB time only,6,29,0,0,118.0177,0.5729284239724064
6,14,GB time only,6,29,0,0,119.0121,0.5729284239724064
6,14,GB time only,6,29,0,0,120.0173,0.5322320004652399
6,14,GB time only,6,29,0,0,121.0209,0.47698664877375646
6,14,GB time only,6,29,0,0,122.0168,0.5723922707420598
6,14,GB time only,6,29,0,0,123.0214,0.531508931184059
6,14,GB time only,6,29,0,0,124.0167,0.531508931184059
6,14,GB time only,6,29,0,0,125.021,0.5087257326252682
6,14,GB time only,6,29,0,0,126.0145,0.514607572983474
6,14,GB time only,6,29,0,0,127.0109,0.5566628138031748
6,14,GB time only,6,29,0,0,128.0153,0.5334299914087607
6,14,GB time only,6,29,0,0,129.0204,0.5334299914087607
6,14,GB time only,6,29,0,0,130.0143,0.5207392395364749
6,14,GB time only,6,29,0,0,131.0208,0.5935440339183079
6,14,GB time only,6,29,0,0,132.0134,0.5045062060291604
6,14,GB time only,6,29,0,0,133.019,0.6236107799649903
6,14,GB time only,6,29,0,0,134.0134,0.6236107799649903
6,14,GB time only,6,29,0,0,135.0182,0.584439196815469
6,14,GB time only,6,29,0,0,136.0138,0.5099898694237562
6,14,GB time only,6,29,0,0,137.0193,0.6205027222689802
6,14,GB time only,6,29,0,0,138.0129,0.5817917740346074
6,14,GB time only,6,29,0,0,139.018,0.5817917740346074
6,14,GB time only,6,29,0,0,140.0114,0.5460336654013294
6,14,GB time only,6,29,0,0,141.0173,0.588055832329912
6,14,GB time only,6,29,0,0,142.0123,0.5594356235342339
6,14,GB time only,6,29,0,0,143.0174,0.5906730697633127
6,14,GB time only,6,29,0,0,144.0198,0.5906730697633127
6,14,GB time only,6,29,0,0,145.0158,0.5138131643557127
6,14,GB time only,6,29,0,0,146.022,0.5507600211478241
6,14,GB time only,6,29,0,0,147.0161,0.5976256333850984
6,14,GB time only,6,29,0,0,148.0215,0.6182514876048509
6,14,GB time only,6,29,0,0,149.0159,0.6182514876048509
6,14,GB time only,6,29,0,0,150.0214,0.5512798605088852
6,14,GB time only,6,29,0,0,151.0148,0.5096881425070088
6,14,GB time only,6,29,0,0,152.0203,0.6527775261808723
6,14,GB time only,6,29,0,0,153.015,0.5670611746421933
6,14,GB time only,6,29,0,0,154.0197,0.5670611746421933
6,14,GB time only,6,29,0,0,155.0137,0.4909030678562214
6,14,GB time only,6,29,0,0,156.0195,0.5510326033234131
6,14,GB time only,6,29,0,0,157.0139,0.5510326033234131
6,14,GB time only,6,29,0,0,158.0179,0.6053634438729125
6,14,GB time only,6,29,0,0,159.0134,0.6053634438729125
6,14,GB time only,6,29,0,0,160.0171,0.5990683080024224
6,14,GB time only,6,29,0,0,161.0113,0.5784129873842613
6,14,GB time only,6,29,0,0,162.0164,0.6349238626273395
6,14,GB time only,6,29,0,0,163.022,0.6345440639299239
6,14,GB time only,6,29,0,0,164.0161,0.6345440639299239
6,14,GB time only,6,29,0,0,165.022,0.6318854703841468
6,14,GB time only,6,29,0,0,166.0165,0.5886568091308267
6,14,GB time only,6,29,0,0,167.0112,0.5787002281116255
6,14,GB time only,6,29,0,0,168.0158,0.6545607821674607
6,14,GB time only,6,29,0,0,169.0202,0.6193581627651684
6,14,GB time only,6,29,0,0,170.0141,0.6193581627651684
6,14,GB time only,6,29,0,0,171.0207,0.6052255254372705
6,14,GB time only,6,29,0,0,172.0139,0.6052255254372705
6,14,GB time only,6,29,0,0,173.0192,0.6226349079374942
6,14,GB time only,6,29,0,0,174.013,0.6226349079374942
6,14,GB time only,6,29,0,0,175.0175,0.6208542021323233
6,14,GB time only,6,29,0,0,176.0135,0.5796297072518635
6,14,GB time only,6,29,0,0,177.0181,0.6241368459005666
6,14,GB time only,6,29,0,0,178.0124,0.6195256376104068
6,14,GB time only,6,29,0,0,179.0186,0.6065681604986953
6,14,GB time only,6,29,0,0,180.0117,0.6065681604986953
6,14,GB time only,6,29,0,0,181.0171,0.6395093315645627
6,14,GB time only,6,29,0,0,182.0113,0.5786228327744615
6,14,GB time only,6,29,0,0,183.0171,0.6280929865191345
6,14,GB time only,6,29,0,0,184.0217,0.6052387189489098
6,14,GB time only,6,29,0,0,185.0134,0.6052387189489098
6,14,GB time only,6,29,0,0,186.0216,0.6443994800144386
6,14,GB time only,6,29,0,0,187.0153,0.6041753118364034
6,14,GB time only,6,29,0,0,188.0214,0.6041753118364034
6,14,GB time only,6,29,0,0,189.0154,0.646660664769138
6,14,GB time only,6,29,0,0,190.0175,0.646660664769138
6,14,GB time only,6,29,0,0,191.0144,0.6031196464637549
6,14,GB time only,6,29,0,0,192.0198,0.7127359630598451
6,14,GB time only,6,29,0,0,193.0143,0.6743908099660891
6,14,GB time only,6,29,0,0,194.0198,0.6723317441515688
6,14,GB time only,6,29,0,0,195.0145,0.6723317441515688
6,14,GB time only,6,29,0,0,196.0186,0.7504223975856726
6,14,GB time only,6,29,0,0,197.0138,0.610360356070247
6,14,GB time only,6,29,0,0,198.0177,0.7708028186932014
6,14,GB time only,6,29,0,0,199.0128,0.7708028186932014
6,14,GB time only,6,29,0,0,200.015,0.6699704918568996
6,14,GB time only,6,29,0,0,201.0131,0.7229789061219336
6,14,GB time only,6,29,0,0,202.0175,0.6576723396328307
6,14,GB time only,6,29,0,0,203.0224,0.6615079253724235
6,14,GB time only,6,29,0,0,204.0173,0.6426525335680584
6,14,GB time only,6,29,0,0,205.0222,0.6426525335680584
6,14,GB time only,6,29,0,0,206.0159,0.6488743671376956
6,14,GB time only,6,29,0,0,207.0197,0.642035808066592
6,14,GB time only,6,29,0,0,208.0167,0.6886327026868024
6,14,GB time only,6,29,0,0,209.0206,0.629349461047166
6,14,GB time only,6,29,0,0,210.0151,0.629349461047166
6,14,GB time only,6,29,0,0,211.0197,0.6619033813705458
6,14,GB time only,6,29,0,0,212.0139,0.6619033813705458
6,14,GB time only,6,29,0,0,213.0196,0.6587051169663264
6,14,GB time only,6,29,0,0,214.0141,0.6587051169663264
6,14,GB time only,6,29,0,0,215.0178,0.6603055944265771
6,14,GB time only,6,29,0,0,216.012,0.6410303512347746
6,14,GB time only,6,29,0,0,217.0189,0.6410303512347746
6,14,GB time only,6,29,0,0,218.0127,0.6867697536239632
6,14,GB time only,6,29,0,0,219.0185,0.7175849963254848
6,14,GB time only,6,29,0,0,220.0132,0.7175849963254848
6,14,GB time only,6,29,0,0,221.0173,0.6977133870398109
6,14,GB time only,6,29,0,0,222.0124,0.6448536889013712
6,14,GB time only,6,29,0,0,223.017,0.7401361158876011
6,14,GB time only,6,29,0,0,224.0219,0.6979376645468333
6,14,GB time only,6,29,0,0,225.0162,0.6979376645468333
6,14,GB time only,6,29,0,0,226.0217,0.6979376645468333
6,14,GB time only,6,29,0,0,227.0157,0.6950828889778118
6,14,GB time only,6,29,0,0,228.0207,0.6965074133764017
6,14,GB time only,6,29,0,0,229.0154,0.7106879631916645
6,14,GB time only,6,29,0,0,230.0205,0.7106879631916645
6,14,GB time only,6,29,0,0,231.0153,0.6488224448827434
6,14,GB time only,6,29,0,0,232.0194,0.7196882707102594
6,14,GB time only,6,29,0,0,233.0133,0.6937513441031813
6,14,GB time only,6,29,0,0,234.0184,0.7221445479489285
6,14,GB time only,6,29,0,0,235.0122,0.7221445479489285
6,14,GB time only,6,29,0,0,236.0163,0.657543487133162
6,14,GB time only,6,29,0,0,237.0122,0.6865214436252586
6,14,GB time only,6,29,0,0,238.0178,0.7225722296996453
6,14,GB time only,6,29,0,0,239.0128,0.6681097536344782
6,14,GB time only,6,29,0,0,240.0172,0.6681097536344782
6,14,GB time only,6,29,0,0,241.0219,0.6625440099724079
6,14,GB time only,6,29,0,0,242.0162,0.719532490154239
6,14,GB time only,6,29,0,0,243.0118,0.7243871954260436
6,14,GB time only,6,29,0,0,244.017,0.7243871954260436
6,14,GB time only,6,29,0,0,245.0216,0.7243871954260436
6,14,GB time only,6,29,0,0,246.0154,0.6611514548268101
6,14,GB time only,6,29,0,0,247.0208,0.668584472008869
6,14,GB time only,6,29,0,0,248.0148,0.7220754105965951
6,14,GB time only,6,29,0,0,249.0202,0.7187204728346438
6,14,GB time only,6,29,0,0,250.0158,0.7187204728346438
6,14,GB time only,6,29,0,0,251.0202,0.6996873480610826
6,14,GB time only,6,29,0,0,252.0149,0.6115656161878688
6,14,GB time only,6,29,0,0,253.0197,0.7730655737972241
6,14,GB time only,6,29,0,0,254.0136,0.6983938168323414
6,14,GB time only,6,29,0,0,255.0182,0.6983938168323414
6,14,GB time only,6,29,0,0,256.0139,0.6417815066733066
6,14,GB time only,6,29,0,0,257.0173,0.7142802234584793
6,14,GB time only,6,29,0,0,258.013,0.6823869259629359
6,14,GB time only,6,29,0,0,259.0187,0.7471535975647599
6,14,GB time only,6,29,0,0,260.021,0.7471535975647599
6,14,GB time only,6,29,0,0,261.0178,0.6725184753372234
6,14,GB time only,6,29,0,0,262.0128,0.6888139872395147
6,14,GB time only,6,29,0,0,263.0165,0.6965397780177678
6,14,GB time only,6,29,0,0,264.022,0.7232052956924607
6,14,GB time only,6,29,0,0,265.0162,0.7232052956924607
6,14,GB time only,6,29,0,0,266.0201,0.719290709186938
6,14,GB time only,6,29,0,0,267.0135,0.6404634370683884
6,14,GB time only,6,29,0,0,268.0216,0.7254522764008872
6,14,GB time only,6,29,0,0,269.0137,0.687840644445839
6,14,GB time only,6,29,0,0,270.0212,0.6698518693491144
6,14,GB time only,6,29,0,0,271.0142,0.6698518693491144
6,14,GB time only,6,29,0,0,272.0176,0.7276218737825512
6,14,GB time only,6,29,0,0,273.0138,0.6241085507617705
6,14,GB time only,6,29,0,0,274.0176,0.756609315188351
6,14,GB time only,6,29,0,0,275.0136,0.756609315188351
6,14,GB time only,6,29,0,0,276.0194,0.7293595137429209
6,14,GB time only,6,29,0,0,277.011,0.5916754799584415
6,14,GB time only,6,29,0,0,278.0184,0.7572255912733147
6,14,GB time only,6,29,0,0,279.0128,0.6971433938682513
6,14,GB time only,6,29,0,0,280.0181,0.6971433938682513
6,14,GB time only,6,29,0,0,281.0127,0.6971433938682513
6,14,GB time only,6,29,0,0,282.0156,0.6889723911162621
6,14,GB time only,6,29,0,0,283.0111,0.6389772379236279
6,14,GB time only,6,29,0,0,284.0166,0.7562873005157521
6,14,GB time only,6,29,0,0,285.0219,0.687319663094323
6,14,GB time only,6,29,0,0,286.016,0.687319663094323
6,14,GB time only,6,29,0,0,287.0216,0.6707962645608784
6,14,GB time only,6,29,0,0,288.0144,0.7090122162004312
6,14,GB time only,6,29,0,0,289.0197,0.7090122162004312
6,14,GB time only,6,29,0,0,290.0124,0.7090122162004312
6,14,GB time only,6,29,0,0,291.018,0.7580658834195337
6,14,GB time only,6,29,0,0,292.0144,0.6691684295581829
6,14,GB time only,6,29,0,0,293.0191,0.7813444698663986
6,14,GB time only,6,29,0,0,294.0126,0.7326310086851768
6,14,GB time only,6,29,0,0,295.0191,0.7589874054686628
6,14,GB time only,6,29,0,0,296.0124,0.7589874054686628
6,14,GB time only,6,29,0,0,297.0182,0.7209755416589633
6,14,GB time only,6,29,0,0,298.0114,0.6686273359874921
6,14,GB time only,6,29,0,0,299.0173,0.7905177422843026
6,14,GB time only,6,29,0,0,300.0121,0.7624950099951628
6,14,GB time only,6,29,0,0,301.018,0.7624950099951628
6,14,RF+GB,6,8,0,0,0.0111263,0.00745255168741105
6,14,RF+GB,6,8,0,0,1.012533,0.026627186840945113
6,14,RF+GB,6,8,0,0,2.006725,0.02572429931299709
6,14,RF+GB,6,8,0,0,3.011544,0.01165594476805041
6,14,RF+GB,6,8,0,0,4.002677,0.017515190966581922
6,14,RF+GB,6,8,0,0,5.009711,0.02724589629376991
6,14,RF+GB,6,8,0,0,6.004739,0.02841877558962196
6,14,RF+GB,6,8,0,0,7.009674,0.02442614213700824
6,14,RF+GB,6,8,0,0,8.003508,0.02091802339703909
6,14,RF+GB,6,8,0,0,9.006954,0.05022684985859912
6,14,RF+GB,6,8,0,0,10.00293,0.04992979879492232
6,14,RF+GB,6,8,0,0,11.00604,0.0202765676677439
6,14,RF+GB,6,8,1,1,12.00364,0.014858515483198945
6,14,RF+GB,6,8,1,1,13.00802,0.0192098488530857
6,14,RF+GB,6,8,1,1,14.00243,0.020058929867537597
6,14,RF+GB,6,8,1,1,15.00691,0.02763741588172577
6,14,RF+GB,6,8,1,1,16.01181,0.02339127815506297
6,14,RF+GB,6,8,1,1,17.00746,0.02673204254314289
6,14,RF+GB,6,8,1,1,18.01327,0.019623923397940817
6,14,RF+GB,6,8,1,1,19.00703,0.01630684844518402
6,14,RF+GB,6,8,1,1,20.01132,0.02693587958876694
6,14,RF+GB,6,8,1,1,21.00361,0.03336142044435407
6,14,RF+GB,6,8,1,1,22.01139,0.03884424959944876
6,14,RF+GB,6,8,1,1,23.00565,0.06050280342487921
6,14,RF+GB,6,8,1,1,24.01185,0.06377614811064229
6,14,RF+GB,6,8,1,1,25.00333,0.06058783511439299
6,14,RF+GB,6,8,1,1,26.01048,0.04784472575733485
6,14,RF+GB,6,8,1,1,27.0047,0.052808283121754236
6,14,RF+GB,6,8,1,1,28.00931,0.05293871117050837
6,14,RF+GB,6,8,1,1,29.00375,0.05155205883850829
6,14,RF+GB,6,8,1,1,30.00954,0.03112500008879987
6,14,RF+GB,6,8,1,1,31.00254,0.02564288463041859
6,14,RF+GB,6,8,1,1,32.00864,0.038452999941410736
6,14,RF+GB,6,8,1,1,33.0032,0.031850092774789444
6,14,RF+GB,6,8,1,1,34.00835,0.03261891585382316
6,14,RF+GB,6,8,1,1,35.01365,0.015343495143643323
6,14,RF+GB,6,8,1,1,36.00763,0.032532406477827396
6,14,RF+GB,6,8,1,1,37.01249,0.0391858172867998
6,14,RF+GB,6,8,1,1,38.00724,0.03331892741575164
6,14,RF+GB,6,8,1,1,39.01177,0.04247262642780502
6,14,RF+GB,6,8,1,1,40.00622,0.04708060771337605
6,14,RF+GB,6,8,1,1,41.01126,0.028499096148330495
6,14,RF+GB,6,8,1,1,42.00632,0.0411266822023408
6,14,RF+GB,6,8,1,1,43.01094,0.04440366325341565
6,14,RF+GB,6,8,1,1,44.00538,0.036985706772839466
6,14,RF+GB,6,8,1,1,45.00897,0.0431239308275223
6,14,RF+GB,6,8,1,1,46.00489,0.04412459939240659
6,14,RF+GB,6,8,1,1,47.00764,0.11129297321593457
6,14,RF+GB,6,8,1,1,48.00322,0.12585064305870514
6,14,RF+GB,6,8,1,1,49.0089,0.14338645184338816
6,14,RF+GB,6,8,1,1,50.00442,0.20705151384688109
6,14,RF+GB,6,8,1,1,51.00952,0.2676959276834034
6,14,RF+GB,6,8,1,1,52.00426,0.2650183702118859
6,14,RF+GB,6,8,1,1,53.00848,0.19213595920024354
6,14,RF+GB,6,8,1,1,54.00241,0.23476826107927157
6,14,RF+GB,6,8,1,1,55.00602,0.2788443685555187
6,14,RF+GB,6,8,1,1,56.01323,0.25691778272035304
6,14,RF+GB,6,8,1,1,57.00426,0.26242861255845085
6,14,RF+GB,6,8,1,1,58.01067,0.2583716382504545
6,14,RF+GB,6,8,1,1,59.0066,0.2685045003122353
6,14,RF+GB,6,8,1,1,60.01128,0.3951814663317261
6,14,RF+GB,6,8,1,1,61.00568,0.4509038515043676
6,14,RF+GB,6,8,1,1,62.01031,0.5542717691758782
6,14,RF+GB,6,8,1,1,63.005,0.5520238103580852
6,14,RF+GB,6,8,1,1,64.01,0.5808811292378089
6,14,RF+GB,6,8,1,1,65.00407,0.5970347442427466
6,14,RF+GB,6,8,1,1,66.01032,0.5471112793029881
6,14,RF+GB,6,8,1,1,67.00389,0.47607593631525946
6,14,RF+GB,6,8,1,1,68.00977,0.5046816335032216
6,14,RF+GB,6,8,1,1,69.00293,0.5239250004014893
6,14,RF+GB,6,8,1,1,70.00932,0.5323197915664
6,14,RF+GB,6,8,1,1,71.00261,0.629635918880209
6,14,RF+GB,6,8,1,1,72.00746,0.6618529153382462
6,14,RF+GB,6,8,1,1,73.00294,0.6884533377295189
6,14,RF+GB,6,8,1,1,74.00814,0.6905140077948264
6,14,RF+GB,6,8,1,1,75.01319,0.7139211481419976
6,14,RF+GB,6,8,1,1,76.00666,0.7229750935962771
6,14,RF+GB,6,8,1,1,77.01159,0.7281048252937125
6,14,RF+GB,6,8,1,1,78.00659,0.731769062005475
6,14,RF+GB,6,8,1,1,79.01199,0.7109377927947356
6,14,RF+GB,6,8,1,1,80.0071,0.6843945517885879
6,14,RF+GB,6,8,1,1,81.01176,0.4664831586398007
6,14,RF+GB,6,8,1,1,82.00599,0.5067344624866865
6,14,RF+GB,6,8,1,1,83.01203,0.4595119135044542
6,14,RF+GB,6,8,1,1,84.00549,0.5409948923177728
6,14,RF+GB,6,8,1,1,85.01128,0.516287215772607
6,14,RF+GB,6,8,1,1,86.00328,0.516535906067221
6,14,RF+GB,6,8,1,1,87.01077,0.7226482440202469
6,14,RF+GB,6,8,1,1,88.00428,0.7162673918885701
6,14,RF+GB,6,8,1,1,89.00924,0.7163937676896268
6,14,RF+GB,6,8,1,1,90.00323,0.7276511750357566
6,14,RF+GB,6,8,1,1,91.00959,0.7308700110527411
6,14,RF+GB,6,8,1,1,92.0034,0.7248129371050006
6,14,RF+GB,6,8,1,1,93.00835,0.7010909290278777
6,14,RF+GB,6,8,1,1,94.01284,0.6932621291267189
6,14,RF+GB,6,8,1,1,95.00739,0.6926362193668876
6,14,RF+GB,6,8,1,1,96.01205,0.6969543987935709
6,14,RF+GB,6,8,1,1,97.00794,0.7100653024329515
6,14,RF+GB,6,8,1,1,98.01041,0.6956155964211852
6,14,RF+GB,6,8,1,1,99.0069,0.6846402181194216
6,14,RF+GB,6,8,1,1,100.0121,0.7101089606820514
6,14,RF+GB,6,8,1,1,101.0061,0.7401157038115245
6,14,RF+GB,6,8,1,1,102.0104,0.7373387346761704
6,14,RF+GB,6,8,1,1,103.0028,0.7472116217417111
6,14,RF+GB,6,8,1,1,104.0098,0.7469061269358062
6,14,RF+GB,6,8,1,1,105.0038,0.7582879379463177
6,14,RF+GB,6,8,1,1,106.0078,0.7685080211749683
6,14,RF+GB,6,8,1,1,107.0034,0.7524084569999134
6,14,RF+GB,6,8,1,1,108.0105,0.7517238442665273
6,14,RF+GB,6,8,1,1,109.0032,0.752129543682492
6,14,RF+GB,6,8,1,1,110.0085,0.7478776904833001
6,14,RF+GB,6,8,1,1,111.0039,0.7457083339661601
6,14,RF+GB,6,8,1,1,112.0084,0.7540702847795173
6,14,RF+GB,6,8,1,1,113.0033,0.765905551410536
6,14,RF+GB,6,8,1,1,114.0078,0.7533128721600815
6,14,RF+GB,6,8,1,1,115.0025,0.7550741731981572
6,14,RF+GB,6,8,1,1,116.0068,0.7604064805505859
6,14,RF+GB,6,8,1,1,117.013,0.7666556812495416
6,14,RF+GB,6,8,1,1,118.0074,0.7713864725666167
6,14,RF+GB,6,8,1,1,119.0124,0.7667180741264621
6,14,RF+GB,6,8,1,1,120.0065,0.7663700245864125
6,14,RF+GB,6,8,1,1,121.0116,0.7676869244383107
6,14,RF+GB,6,8,1,1,122.0045,0.7699324596023471
6,14,RF+GB,6,8,1,1,123.0113,0.7672056286479305
6,14,RF+GB,6,8,1,1,124.0041,0.7592702753195117
6,14,RF+GB,6,8,1,1,125.0098,0.7574350283721818
6,14,RF+GB,6,8,1,1,126.0048,0.7545029230867479
6,14,RF+GB,6,8,1,1,127.0095,0.7479401973116571
6,14,RF+GB,6,8,1,1,128.0036,0.7469979318617388
6,14,RF+GB,6,8,1,1,129.009,0.7437785755965935
6,14,RF+GB,6,8,1,1,130.0039,0.7442863221559594
6,14,RF+GB,6,8,1,1,131.0088,0.7418592217367868
6,14,RF+GB,6,8,1,1,132.0122,0.7427866410916255
6,14,RF+GB,6,8,1,1,133.0076,0.7427866410916255
6,14,RF+GB,6,8,1,1,134.0139,0.7468776744431838
6,14,RF+GB,6,8,1,1,135.0082,0.7485391014524785
6,14,RF+GB,6,8,1,1,136.0131,0.7411516008376028
6,14,RF+GB,6,8,1,1,137.0078,0.7527866410916255
6,14,RF+GB,6,8,1,1,138.013,0.7536230823999246
6,14,RF+GB,6,8,1,1,139.0039,0.7603495364995844
6,14,RF+GB,6,8,1,1,140.0123,0.7623652493095345
6,14,RF+GB,6,8,1,1,141.0059,0.7608220924229012
6,14,RF+GB,6,8,1,1,142.0129,0.7642338077171354
6,14,RF+GB,6,8,1,1,143.0045,0.7692080231103244
6,14,RF+GB,6,8,1,1,144.0114,0.7656943904452471
6,14,RF+GB,6,8,1,1,145.0053,0.7667918688093573
6,14,RF+GB,6,8,1,1,146.01,0.773151969183042
6,14,RF+GB,6,8,1,1,147.0052,0.7781519691830419
6,14,RF+GB,6,8,1,1,148.0087,0.7800174317052582
6,14,RF+GB,6,8,1,1,149.0129,0.7797032153387902
6,14,RF+GB,6,8,1,1,150.0087,0.7842732449536263
6,14,RF+GB,6,8,1,1,151.0138,0.783891841391841
6,14,RF+GB,6,8,1,1,152.0095,0.7934235604595858
6,14,RF+GB,6,8,1,1,153.0142,0.7911327223677199
6,14,RF+GB,6,8,1,1,154.0081,0.7979194164483681
6,14,RF+GB,6,8,1,1,155.0137,0.796988483257286
6,14,RF+GB,6,8,1,1,156.0075,0.792615673638082
6,14,RF+GB,6,8,1,1,157.0126,0.7751888126471366
6,14,RF+GB,6,8,1,1,158.0068,0.7609143936058939
6,14,RF+GB,6,8,1,1,159.0132,0.789846568091191
6,14,RF+GB,6,8,1,1,160.0063,0.792778884611246
6,14,RF+GB,6,8,1,1,161.0108,0.7973858010153383
6,14,RF+GB,6,8,1,1,162.006,0.7948176854695027
6,14,RF+GB,6,8,1,1,163.0109,0.7959853194764295
6,14,RF+GB,6,8,1,1,164.0049,0.787402966831404
6,14,RF+GB,6,8,1,1,165.01,0.7891195926705631
6,14,RF+GB,6,8,1,1,166.0045,0.791962245486339
6,14,RF+GB,6,8,1,1,167.0095,0.7914687467886101
6,14,RF+GB,6,8,1,1,168.0032,0.7915697968355366
6,14,RF+GB,6,8,1,1,169.0091,0.7936025651486418
6,14,RF+GB,6,8,1,1,170.0035,0.7937088046771339
6,14,RF+GB,6,8,1,1,171.0077,0.7966465627508774
6,14,RF+GB,6,8,1,1,172.0033,0.8004054937627847
6,14,RF+GB,6,8,1,1,173.0079,0.8074826305084103
6,14,RF+GB,6,8,1,1,174.0131,0.8059209517508459
6,14,RF+GB,6,8,1,1,175.0073,0.8054869348927618
6,14,RF+GB,6,8,1,1,176.0123,0.8083413545068153
6,14,RF+GB,6,8,1,1,177.0065,0.8116444875740183
6,14,RF+GB,6,8,1,1,178.0104,0.8100831498631089
6,14,RF+GB,6,8,1,1,179.0055,0.8044865261393768
6,14,RF+GB,6,8,1,1,180.0111,0.7983167038322836
6,14,RF+GB,6,8,1,1,181.0053,0.7874875936593941
6,14,RF+GB,6,8,1,1,182.0111,0.7818845681402691
6,14,RF+GB,6,8,1,1,183.0054,0.7816444950182357
6,14,RF+GB,6,8,1,1,184.0106,0.7781493651509257
6,14,RF+GB,6,8,1,1,185.0048,0.7847358451311821
6,14,RF+GB,6,8,1,1,186.01,0.7859781799842593
6,14,RF+GB,6,8,1,1,187.0047,0.7848726940226808
6,14,RF+GB,6,8,1,1,188.0081,0.7877399073289633
6,14,RF+GB,6,8,1,1,189.0033,0.7898277004915054
6,14,RF+GB,6,8,1,1,190.0063,0.793493798715637
6,14,RF+GB,6,8,1,1,191.0028,0.807475031452292
6,14,RF+GB,6,8,1,1,192.0089,0.8333859777320902
6,14,RF+GB,6,8,1,1,193.0028,0.8299206233339574
6,14,RF+GB,6,8,1,1,194.0075,0.8370906440818667
6,14,RF+GB,6,8,1,1,195.0103,0.828103870255714
6,14,RF+GB,6,8,1,1,196.0071,0.8333857057698058
6,14,RF+GB,6,8,1,1,197.013,0.8310195267236418
6,14,RF+GB,6,8,1,1,198.0058,0.8328059334097908
6,14,RF+GB,6,8,1,1,199.0128,0.8288399807513502
6,14,RF+GB,6,8,1,1,200.0057,0.8334032111008872
6,14,RF+GB,6,8,1,1,201.0118,0.8309929742056497
6,14,RF+GB,6,8,1,1,202.0059,0.8230286829326994
6,14,RF+GB,6,8,1,1,203.0114,0.8259026921580233
6,14,RF+GB,6,8,1,1,204.0047,0.8271647143159645
6,14,RF+GB,6,8,1,1,205.0115,0.8333275485158413
6,14,RF+GB,6,8,1,1,206.0058,0.8351881248414872
6,14,RF+GB,6,8,1,1,207.0091,0.8356867163052154
6,14,RF+GB,6,8,1,1,208.0048,0.8344894129017044
6,14,RF+GB,6,8,1,1,209.0109,0.8346388139140151
6,14,RF+GB,6,8,1,1,210.0142,0.8308008180824491
6,14,RF+GB,6,8,1,1,211.0105,0.8280629740844083
6,14,RF+GB,6,8,1,1,212.0143,0.8266963235459719
6,14,RF+GB,6,8,1,1,213.0075,0.8267585989548767
6,14,RF+GB,6,8,1,1,214.0034,0.8246482831592706
6,14,RF+GB,6,8,1,1,215.0077,0.8246026837077407
6,14,RF+GB,6,8,1,1,216.0128,0.8253606084810545
6,14,RF+GB,6,8,1,1,217.0073,0.8120272751477212
6,14,RF+GB,6,8,1,1,218.0133,0.8073509600457864
6,14,RF+GB,6,8,1,1,219.0063,0.8072650951351308
6,14,RF+GB,6,8,1,1,220.0116,0.8124209294108793
6,14,RF+GB,6,8,1,1,221.0034,0.8132591405819383
6,14,RF+GB,6,8,1,1,222.0124,0.8098952327176058
6,14,RF+GB,6,8,1,1,223.0052,0.8105009217119159
6,14,RF+GB,6,8,1,1,224.0106,0.8067640510689205
6,14,RF+GB,6,8,1,1,225.0051,0.7916962612389952
6,14,RF+GB,6,8,1,1,226.011,0.7932943938911834
6,14,RF+GB,6,8,1,1,227.0034,0.8000286811262767
6,14,RF+GB,6,8,1,1,228.0098,0.7983765510397429
6,14,RF+GB,6,8,1,1,229.0035,0.8000184510245114
6,14,RF+GB,6,8,1,1,230.0087,0.8017117260727872
6,14,RF+GB,6,8,1,1,231.003,0.7912494642974526
6,14,RF+GB,6,8,1,1,232.008,0.7949713808970018
6,14,RF+GB,6,8,1,1,233.0139,0.7983271849945777
6,14,RF+GB,6,8,1,1,234.0074,0.7970508339353739
6,14,RF+GB,6,8,1,1,235.0029,0.8094758840538357
6,14,RF+GB,6,8,1,1,236.0081,0.8107850692310221
6,14,RF+GB,6,8,1,1,237.012,0.8331869563855178
6,14,RF+GB,6,8,1,1,238.0068,0.8567791842477064
6,14,RF+GB,6,8,1,1,239.0122,0.858915476163475
6,14,RF+GB,6,8,1,1,240.0048,0.86675602635681
6,14,RF+GB,6,8,1,1,241.0114,0.8616898040438894
6,14,RF+GB,6,8,1,1,242.0057,0.8576236065276954
6,14,RF+GB,6,8,1,1,243.0114,0.8492797830716556
6,14,RF+GB,6,8,1,1,244.005,0.8540819609267342
6,14,RF+GB,6,8,1,1,245.0085,0.8557656419992938
6,14,RF+GB,6,8,1,1,246.0043,0.8590989753326272
6,14,RF+GB,6,8,1,1,247.0102,0.8570788631302237
6,14,RF+GB,6,8,1,1,248.0034,0.8564741585855392
6,14,RF+GB,6,8,1,1,249.0086,0.8555380743715738
6,14,RF+GB,6,8,1,1,250.012,0.8407043152646996
6,14,RF+GB,6,8,1,1,251.0087,0.8372062586657714
6,14,RF+GB,6,8,1,1,252.0134,0.8409173930576395
6,14,RF+GB,6,8,1,1,253.0077,0.8385652600966457
6,14,RF+GB,6,8,1,1,254.0119,0.8391621803546403
6,14,RF+GB,6,8,1,1,255.0081,0.8388903569546448
6,14,RF+GB,6,8,1,1,256.0134,0.8401422139915505
6,14,RF+GB,6,8,1,1,257.007,0.8386346568040945
6,14,RF+GB,6,8,1,1,258.0121,0.8440241868802072
6,14,RF+GB,6,8,1,1,259.007,0.8430879539629506
6,14,RF+GB,6,8,1,1,260.0117,0.8423698072880483
6,14,RF+GB,6,8,1,1,261.005,0.8432503767148711
6,14,RF+GB,6,8,1,1,262.0108,0.8499169041375123
6,14,RF+GB,6,8,1,1,263.0057,0.8540097599785912
6,14,RF+GB,6,8,1,1,264.01,0.8623446243204389
6,14,RF+GB,6,8,1,1,265.0052,0.8640121257975473
6,14,RF+GB,6,8,1,1,266.0104,0.8640121257975473
6,14,RF+GB,6,8,1,1,267.0128,0.8656875781177006
6,14,RF+GB,6,8,1,1,268.0097,0.8673542447843672
6,14,RF+GB,6,8,1,1,269.0036,0.8683882506929724
6,14,RF+GB,6,8,1,1,270.0091,0.8710917960534563
6,14,RF+GB,6,8,1,1,271.014,0.8735321882793379
6,14,RF+GB,6,8,1,1,272.0055,0.8753006395389475
6,14,RF+GB,6,8,1,1,273.0126,0.8604993802382028
6,14,RF+GB,6,8,1,1,274.0073,0.8613153535172704
6,14,RF+GB,6,8,1,1,275.0133,0.8605501357297727
6,14,RF+GB,6,8,1,1,276.007,0.8605531626173626
6,14,RF+GB,6,8,1,1,277.0134,0.8627295981282703
6,14,RF+GB,6,8,1,1,278.0072,0.864193510270171
6,14,RF+GB,6,8,1,1,279.0129,0.8758606987717674
6,14,RF+GB,6,8,1,1,280.0068,0.8725273654384341
6,14,RF+GB,6,8,1,1,281.011,0.8708520419465442
6,14,RF+GB,6,8,1,1,282.0045,0.8708512977280636
6,14,RF+GB,6,8,1,1,283.0108,0.8733732195922117
6,14,RF+GB,6,8,1,1,284.0054,0.879291526499447
6,14,RF+GB,6,8,1,1,285.0088,0.8752055049940708
6,14,RF+GB,6,8,1,1,286.004,0.8718721716607374
6,14,RF+GB,6,8,1,1,287.0099,0.8685388383274041
6,14,RF+GB,6,8,1,1,288.0023,0.8685388383274041
6,14,RF+GB,6,8,1,1,289.0085,0.8685404915698425
6,14,RF+GB,6,8,1,1,290.0032,0.8701968385417431
6,14,RF+GB,6,8,1,1,291.007,0.8659522513907869
6,14,RF+GB,6,8,1,1,292.003,0.867606868108439
6,14,RF+GB,6,8,1,1,293.0081,0.8667281370503517
6,14,RF+GB,6,8,1,1,294.0127,0.8683948037170183
6,14,RF+GB,6,8,1,1,295.0076,0.8700422744045317
6,14,RF+GB,6,8,1,1,296.0129,0.8700422744045317
6,14,RF+GB,6,8,1,1,297.0052,0.868401622716016
6,14,RF+GB,6,8,1,1,298.0126,0.8667346628148869
6,14,RF+GB,6,8,1,1,299.0057,0.8650513877969492
6,14,RF+GB,6,8,1,1,300.0108,0.8683799582334987
6,14,RF+GB,6,8,1,1,301.005,0.8667430455378671
6,14,RF+GB,14,20,0,0,0.0,0.005948138057593329
6,14,RF+GB,14,20,0,0,0.6838388,0.004580316961074846
6,14,RF+GB,14,20,0,0,1.996385,0.0077521589143834365
6,14,RF+GB,14,20,0,0,2.997726,0.004295526971736828
6,14,RF+GB,14,20,0,0,3.999298,0.002941662133492955
6,14,RF+GB,14,20,0,0,4.999687,0.0032342535217334844
6,14,RF+GB,14,20,0,0,6.000605,0.0032662333720365824
6,14,RF+GB,14,20,1,3,7.000906,0.0032915691026599286
6,14,RF+GB,14,20,1,3,8.001806,0.0032983075922401878
6,14,RF+GB,14,20,1,3,9.001246,0.0032983075922401878
6,14,RF+GB,14,20,1,3,10.00166,0.0032983075922401878
6,14,RF+GB,14,20,1,3,11.0016,0.0032983075922401878
6,14,RF+GB,14,20,0,0,12.00146,0.0032983075922401878
6,14,RF+GB,14,20,0,0,13.00144,0.0032983075922401878
6,14,RF+GB,14,20,0,0,14.00173,0.003147203679457278
6,14,RF+GB,14,20,0,0,15.00065,0.0031049156786578337
6,14,RF+GB,14,20,0,0,16.00011,0.003128510413523287
6,14,RF+GB,14,20,0,0,17.00224,0.008709673788216661
6,14,RF+GB,14,20,0,0,18.00202,0.049195333072876046
6,14,RF+GB,14,20,0,0,19.00236,0.07409799499890098
6,14,RF+GB,14,20,0,0,20.00108,0.08483657167812547
6,14,RF+GB,14,20,0,0,21.00156,0.08438339390699305
6,14,RF+GB,14,20,0,0,22.00247,0.09188193830648742
6,14,RF+GB,14,20,0,0,23.00267,0.09188955547399556
6,14,RF+GB,14,20,0,0,24.00306,0.09296865881493087
6,14,RF+GB,14,21,0,0,0.0111566,7.321880338924348e-05
6,14,RF+GB,14,21,0,0,1.008044,0.0017117806734311906
6,14,RF+GB,14,21,0,0,2.008584,0.0026312423431450248
6,14,RF+GB,14,21,0,0,3.009267,0.025327763653121484
6,14,RF+GB,14,21,0,0,4.010024,0.03211831903388054
6,14,RF+GB,14,21,0,0,5.011356,0.031146556852695666
6,14,RF+GB,14,21,0,0,6.011967,0.017774555039270005
6,14,RF+GB,14,21,0,0,7.012537,0.022774555039270006
6,14,RF+GB,14,21,0,0,8.01291,0.03939818214828801
6,14,RF+GB,14,21,0,0,9.01293,0.036024073603254894
6,14,RF+GB,14,21,0,0,10.01203,0.024942240763297725
6,14,RF+GB,14,21,0,0,11.01296,0.02757260078929741
6,14,RF+GB,14,21,0,0,12.01133,0.026457824709652352
6,14,RF+GB,14,21,0,0,13.01141,0.061517729707828636
6,14,RF+GB,14,21,0,0,14.01271,0.05280036565515814
6,14,RF+GB,14,21,0,0,15.01378,0.0895214725675277
6,14,RF+GB,14,21,0,0,16.01327,0.08190523358267984
6,14,RF+GB,14,21,0,0,17.00288,0.06926735026017182
6,14,RF+GB,14,21,0,0,18.0029,0.07172716891965164
6,14,RF+GB,14,21,0,0,19.00287,0.05653898279182739
6,14,RF+GB,14,21,0,0,20.00299,0.059034731803847086
6,14,RF+GB,14,21,0,0,21.00261,0.07279261415685656
6,14,RF+GB,14,21,0,0,22.01272,0.07493923229188235
6,14,RF+GB,14,21,0,0,23.01328,0.07428587868421636
6,14,RF+GB,14,21,0,0,24.01357,0.07791792845456809
6,14,RF+GB,14,21,0,0,25.0139,0.09906005673216221
6,14,RF+GB,14,21,0,0,26.01383,0.09323304609720294
6,14,RF+GB,14,21,0,0,27.01273,0.07818758070312168
6,14,RF+GB,14,21,0,0,28.01382,0.07457791539736475
6,14,RF+GB,14,21,0,0,29.01269,0.07835850328771708
6,14,RF+GB,14,21,0,0,30.01339,0.08383271584187359
6,14,RF+GB,14,21,0,0,31.01192,0.07890594218849852
6,14,RF+GB,14,21,0,0,32.01183,0.059623202299655384
6,14,RF+GB,14,21,0,0,33.00271,0.039391858549880344
6,14,RF+GB,14,21,0,0,34.01265,0.08077193259759191
6,14,RF+GB,14,21,0,0,35.01145,0.08396650929776914
6,14,RF+GB,14,21,0,0,36.01286,0.08183156237148355
6,14,RF+GB,14,21,0,0,37.01249,0.09854834327316746
6,14,RF+GB,14,21,0,0,38.01188,0.10236123998992637
6,14,RF+GB,14,21,0,0,39.01241,0.11019413365502351
6,14,RF+GB,14,21,0,0,40.01308,0.11020589172109771
6,14,RF+GB,14,21,0,0,41.01354,0.11476139175335849
6,14,RF+GB,14,21,0,0,42.01328,0.12009295560605567
6,14,RF+GB,14,21,0,0,43.01295,0.1392956064504908
6,14,RF+GB,14,21,0,0,44.00275,0.15635774506274358
6,14,RF+GB,14,21,0,0,45.00262,0.15507339295709033
6,14,RF+GB,14,21,0,0,46.01408,0.15283207358918624
6,14,RF+GB,14,21,0,0,47.01381,0.15017818941735775
6,14,RF+GB,14,21,0,0,48.0031,0.1498224706118275
6,14,RF+GB,14,21,0,0,49.00273,0.1542374112937071
6,14,RF+GB,14,21,0,0,50.01266,0.157741439320473
6,14,RF+GB,14,21,0,0,51.0137,0.16277313308584862
6,14,RF+GB,14,21,0,0,52.01368,0.17057499632935377
6,14,RF+GB,14,21,0,0,53.01442,0.16776929084188943
6,14,RF+GB,14,21,0,0,54.00314,0.17664166188129568
6,14,RF+GB,14,21,0,0,55.00397,0.17206873284178875
6,14,RF+GB,14,21,0,0,56.00494,0.16436185786646407
6,14,RF+GB,14,21,0,0,57.00359,0.16972150645000286
6,14,RF+GB,14,21,0,0,58.00418,0.18169429229239017
6,14,RF+GB,14,21,0,0,59.0043,0.20298656017344358
6,14,RF+GB,14,21,0,0,60.00469,0.21059092781295286
6,14,RF+GB,14,21,0,0,61.00396,0.2136265785525352
6,14,RF+GB,14,21,0,0,62.00404,0.18414544208309136
6,14,RF+GB,14,21,0,0,63.0042,0.17016337282446498
6,14,RF+GB,14,21,0,0,64.00417,0.16427368813699397
6,14,RF+GB,14,21,0,0,65.00488,0.15812827699911772
6,14,RF+GB,14,21,0,0,66.00522,0.1556613240891918
6,14,RF+GB,14,21,0,0,67.00533,0.15714454038871462
6,14,RF+GB,14,21,0,0,68.0047,0.16213477964946943
6,14,RF+GB,14,21,0,0,69.00309,0.1605909446220331
6,14,RF+GB,14,21,0,0,70.00442,0.16330816136446866
6,14,RF+GB,14,21,0,0,71.00477,0.16536339073547623
6,14,RF+GB,14,21,0,0,72.00478,0.17070613813997368
6,14,RF+GB,14,21,0,0,73.00455,0.170677442140647
6,14,RF+GB,14,21,0,0,74.00511,0.1672451789849103
6,14,RF+GB,14,21,0,0,75.00506,0.16883351179787112
6,14,RF+GB,14,21,0,0,76.00513,0.16765106611108135
6,14,RF+GB,14,21,0,0,77.00486,0.16481043290159328
6,14,RF+GB,14,21,0,0,78.00437,0.17169332951854646
6,14,RF+GB,14,21,0,0,79.00454,0.19849458876918422
6,14,RF+GB,14,21,0,0,80.00353,0.1922754285292836
6,14,RF+GB,14,21,0,0,81.00387,0.16977141063543016
6,14,RF+GB,14,21,0,0,82.00471,0.16312649676019225
6,14,RF+GB,14,21,0,0,83.00375,0.17237455381210157
6,14,RF+GB,14,21,0,0,84.00348,0.17726626491105668
6,14,RF+GB,14,21,0,0,85.00488,0.16875266735368194
6,14,RF+GB,14,21,0,0,86.00269,0.1677715515459143
6,14,RF+GB,14,21,0,0,87.00475,0.16536608633049846
6,14,RF+GB,14,21,0,0,88.00514,0.159645507982315
6,14,RF+GB,14,21,0,0,89.00536,0.15495160148417977
6,14,RF+GB,14,21,0,0,90.00529,0.15535207834429574
6,14,RF+GB,14,21,0,0,91.00585,0.16844012296881938
6,14,RF+GB,14,21,0,0,92.00555,0.19252876444125783
6,14,RF+GB,14,21,0,0,93.00659,0.19955234604371505
6,14,RF+GB,14,21,0,0,94.00609,0.2168141270603702
6,14,RF+GB,14,21,0,0,95.00773,0.207906387837693
6,14,RF+GB,14,21,0,0,96.00613,0.19343712744485855
6,14,RF+GB,14,21,0,0,97.00587,0.2269147827824151
6,14,RF+GB,14,21,0,0,98.00389,0.2105340131727001
6,14,RF+GB,14,21,0,0,99.00591,0.2529039358923632
6,14,RF+GB,14,21,0,0,100.0061,0.2663872152802517
6,14,RF+GB,14,21,0,0,101.0077,0.2646823218060004
6,14,RF+GB,14,21,0,0,102.0086,0.28038078167447705
6,14,RF+GB,14,21,0,0,103.0074,0.28182602746602864
6,14,RF+GB,14,21,0,0,104.0066,0.2958611467995873
6,14,RF+GB,14,21,0,0,105.0075,0.30362085392735705
6,14,RF+GB,14,21,0,0,106.0072,0.32611831025798094
6,14,RF+GB,14,21,0,0,107.0075,0.3218958061047801
6,14,RF+GB,14,21,0,0,108.0076,0.3292464256815016
6,14,RF+GB,14,21,0,0,109.0074,0.33577476828214037
6,14,RF+GB,14,21,0,0,110.0079,0.6095562632555565
6,14,RF+GB,14,21,0,0,111.0082,0.713690540314609
6,14,RF+GB,14,21,0,0,112.0079,0.7205268557738036
6,14,RF+GB,14,21,0,0,113.0091,0.7246007256314144
6,14,RF+GB,14,21,0,0,114.0081,0.7277100430935157
6,14,RF+GB,14,21,0,0,115.0096,0.7322952851806436
6,14,RF+GB,14,21,0,0,116.0084,0.728883412772535
6,14,RF+GB,14,21,0,0,117.0071,0.7152084560720885
6,14,RF+GB,14,21,0,0,118.0075,0.6889706725241235
6,14,RF+GB,14,21,0,0,119.0076,0.6682520450404774
6,14,RF+GB,14,21,0,0,120.0074,0.6771872007713777
6,14,RF+GB,14,21,0,0,121.0079,0.6566290691585237
6,14,RF+GB,14,21,0,0,122.008,0.6610277461325442
6,14,RF+GB,14,21,0,0,123.0081,0.6391957167281456
6,14,RF+GB,14,21,0,0,124.0075,0.635151075874435
6,14,RF+GB,14,21,0,0,125.0076,0.633439924904347
6,14,RF+GB,14,21,0,0,126.0077,0.63411245183257
6,14,RF+GB,14,21,0,0,127.0081,0.5953365810317035
6,14,RF+GB,14,21,0,0,128.009,0.47396129201592674
6,14,RF+GB,14,21,0,0,129.0099,0.47966629566999586
6,14,RF+GB,14,21,0,0,130.0087,0.32018488719707516
6,14,RF+GB,14,21,0,0,131.0082,0.31203625850593414
6,14,RF+GB,14,21,0,0,132.0084,0.3137948212879144
6,14,RF+GB,14,21,0,0,133.0092,0.2899835486648553
6,14,RF+GB,14,21,0,0,134.0093,0.2832954716401197
6,14,RF+GB,14,21,0,0,135.0094,0.2823300131811194
6,14,RF+GB,14,21,0,0,136.0092,0.25986404152815884
6,14,RF+GB,14,21,0,0,137.0081,0.2610421237199397
6,14,RF+GB,14,21,0,0,138.0091,0.27599276515264964
6,14,RF+GB,14,21,0,0,139.0077,0.29025469398754133
6,14,RF+GB,14,21,0,0,140.009,0.29750935349947716
6,14,RF+GB,14,21,0,0,141.0088,0.2949489155442765
6,14,RF+GB,14,21,0,0,142.0087,0.28335082690259866
6,14,RF+GB,14,21,0,0,143.0098,0.2869822340757887
6,14,RF+GB,14,21,0,0,144.0079,0.2755418784741587
6,14,RF+GB,14,21,0,0,145.009,0.2723614048192391
6,14,RF+GB,14,21,0,0,146.0096,0.27505270095740164
6,14,RF+GB,14,21,0,0,147.0088,0.26378308846618365
6,14,RF+GB,14,21,0,0,148.0108,0.2470913864993097
6,14,RF+GB,14,21,0,0,149.0104,0.24136034974228382
6,14,RF+GB,14,21,0,0,150.0094,0.24015599488981135
6,14,RF+GB,14,21,0,0,151.0105,0.23144860166625492
6,14,RF+GB,14,21,0,0,152.0103,0.228934262258274
6,14,RF+GB,14,21,0,0,153.0096,0.23375403158891517
6,14,RF+GB,14,21,0,0,154.0102,0.24172984748239834
6,14,RF+GB,14,21,0,0,155.0106,0.25556359518459093
6,14,RF+GB,14,21,0,0,156.011,0.24993858372349353
6,14,RF+GB,14,21,0,0,157.011,0.2578006194520632
6,14,RF+GB,14,21,0,0,158.0114,0.25959807964443904
6,14,RF+GB,14,21,0,0,159.0111,0.2582115689792159
6,14,RF+GB,14,21,0,0,160.0118,0.25671752803382014
6,14,RF+GB,14,21,0,0,161.0123,0.2570140714162674
6,14,RF+GB,14,21,0,0,162.0113,0.25302223154023834
6,14,RF+GB,14,21,0,0,163.0103,0.25322006521785784
6,14,RF+GB,14,21,0,0,164.0104,0.24875821352621025
6,14,RF+GB,14,21,0,0,165.0097,0.2655877651937881
6,14,RF+GB,14,21,0,0,166.0093,0.26503057722334256
6,14,RF+GB,14,21,0,0,167.0115,0.27141742907954014
6,14,RF+GB,14,21,0,0,168.0111,0.2705727152939341
6,14,RF+GB,14,21,0,0,169.0128,0.2730797002355536
6,14,RF+GB,14,21,0,0,170.0104,0.289560024716174
6,14,RF+GB,14,21,0,0,171.012,0.3164279007724323
6,14,RF+GB,14,21,0,0,172.0118,0.3046347580137923
6,14,RF+GB,14,21,0,0,173.0113,0.30345297781715036
6,14,RF+GB,14,21,0,0,174.013,0.3200872472970552
6,14,RF+GB,14,21,0,0,175.0134,0.30867070962184195
6,14,RF+GB,14,21,0,0,176.0137,0.30745093610562013
6,14,RF+GB,14,21,0,0,177.0136,0.3019000606682809
6,14,RF+GB,14,21,0,0,178.0129,0.2950894833194538
6,14,RF+GB,14,21,0,0,179.013,0.29882797054298743
6,14,RF+GB,14,21,0,0,180.0129,0.287752961274275
6,14,RF+GB,14,21,0,0,181.0128,0.3684842241554213
6,14,RF+GB,14,21,0,0,182.0122,0.39062764930157307
6,14,RF+GB,14,21,0,0,183.0139,0.4027247799799556
6,14,RF+GB,14,21,0,0,184.0133,0.44322145875657964
6,14,RF+GB,14,21,0,0,185.0027,0.7265923218825938
6,14,RF+GB,14,21,0,0,186.0117,0.7478669713658941
6,14,RF+GB,14,21,0,0,187.0128,0.7492705946313606
6,14,RF+GB,14,21,0,0,188.0118,0.741971144043717
6,14,RF+GB,14,21,0,0,189.0127,0.7151749952239161
6,14,RF+GB,14,21,0,0,190.0121,0.6959884233580393
6,14,RF+GB,14,21,0,0,191.0132,0.7231322656920082
6,14,RF+GB,14,21,0,0,192.0134,0.723019253710786
6,14,RF+GB,14,21,0,0,193.013,0.7213525870441193
6,14,RF+GB,14,21,0,0,194.0139,0.712246970358511
6,14,RF+GB,14,21,0,0,195.0132,0.7112499851885523
6,14,RF+GB,14,21,0,0,196.0029,0.7022192952943135
6,14,RF+GB,14,21,0,0,197.0136,0.6942956563317413
6,14,RF+GB,14,21,0,0,198.0126,0.6780670065912477
6,14,RF+GB,14,21,0,0,199.0025,0.6883105783565118
6,14,RF+GB,14,21,0,0,200.0141,0.6778333337488192
6,14,RF+GB,14,21,0,0,201.0126,0.5558678300116491
6,14,RF+GB,14,21,0,0,202.0122,0.5885759017259578
6,14,RF+GB,14,21,0,0,203.0119,0.5984905209375129
6,14,RF+GB,14,21,0,0,204.0137,0.5689716314333171
6,14,RF+GB,14,21,0,0,205.0121,0.5779878060625052
6,14,RF+GB,14,21,0,0,206.0025,0.6067612973329457
6,14,RF+GB,14,21,0,0,207.013,0.655709630373674
6,14,RF+GB,14,21,0,0,208.0023,0.6322524261693265
6,14,RF+GB,14,21,0,0,209.012,0.72978699790989
6,14,RF+GB,14,21,0,0,210.0123,0.7533463847723494
6,14,RF+GB,14,21,0,0,211.0026,0.7652413018558799
6,14,RF+GB,14,21,0,0,212.0024,0.8169386272947726
6,14,RF+GB,14,21,0,0,213.0128,0.8114075333018874
6,14,RF+GB,14,21,0,0,214.0122,0.8084637050636034
6,14,RF+GB,14,21,0,0,215.012,0.8003701429845265
6,14,RF+GB,14,21,0,0,216.0024,0.806206670837772
6,14,RF+GB,14,21,0,0,217.0024,0.8045773185814689
6,14,RF+GB,14,21,0,0,218.0024,0.8126244018937923
6,14,RF+GB,14,21,0,0,219.0037,0.8096947220841473
6,14,RF+GB,14,21,0,0,220.0035,0.7954921327704332
6,14,RF+GB,14,21,0,0,221.0034,0.7904247335109107
6,14,RF+GB,14,21,0,0,222.0034,0.7863492778535359
6,14,RF+GB,14,21,0,0,223.0045,0.7844063548552933
6,14,RF+GB,14,21,0,0,224.0039,0.7877669640046088
6,14,RF+GB,14,21,0,0,225.0049,0.7934340608278845
6,14,RF+GB,14,21,0,0,226.0045,0.7904953722810654
6,14,RF+GB,14,21,0,0,227.003,0.7837197147343923
6,14,RF+GB,14,21,0,0,228.0028,0.7883713606330272
6,14,RF+GB,14,21,0,0,229.0032,0.7790799865530499
6,14,RF+GB,14,21,0,0,230.0022,0.7797319907057876
6,14,RF+GB,14,21,0,0,231.0033,0.7703875692065201
6,14,RF+GB,14,21,0,0,232.0036,0.7696207567406919
6,14,RF+GB,14,21,0,0,233.0042,0.7481800443750592
6,14,RF+GB,14,21,0,0,234.0034,0.732677822564541
6,14,RF+GB,14,21,0,0,235.0032,0.7504894359385827
6,14,RF+GB,14,21,0,0,236.0034,0.7495708995900237
6,14,RF+GB,14,21,0,0,237.003,0.7458849718310758
6,14,RF+GB,14,21,0,0,238.004,0.7499628923155743
6,14,RF+GB,14,21,0,0,239.0049,0.7492140769337627
6,14,RF+GB,14,21,0,0,240.0044,0.7578805066382419
6,14,RF+GB,14,21,0,0,241.0053,0.7683210074735967
6,14,RF+GB,14,21,0,0,242.0053,0.752739010238519
6,14,RF+GB,14,21,0,0,243.0063,0.7777034071117089
6,14,RF+GB,14,21,0,0,244.0049,0.774527376482842
6,14,RF+GB,14,21,0,0,245.0067,0.8081978601816577
6,14,RF+GB,14,21,0,0,246.007,0.8196085992736778
6,14,RF+GB,14,21,0,0,247.008,0.8291003514910585
6,14,RF+GB,14,21,0,0,248.0067,0.8303348562753268
6,14,RF+GB,14,21,0,0,249.0064,0.8242790550670772
6,14,RF+GB,14,21,0,0,250.0057,0.8221311877776522
6,14,RF+GB,14,21,0,0,251.0063,0.8284727926974484
6,14,RF+GB,14,21,0,0,252.0063,0.830139459364115
6,14,RF+GB,14,21,0,0,253.006,0.8281647595860554
6,14,RF+GB,14,21,0,0,254.0054,0.824631881120339
6,14,RF+GB,14,21,0,0,255.0051,0.8251708308898804
6,14,RF+GB,14,21,0,0,256.0062,0.8311365568078137
6,14,RF+GB,14,21,0,0,257.0051,0.8321570830692263
6,14,RF+GB,14,21,0,0,258.0047,0.8372100658035407
6,14,RF+GB,14,21,0,0,259.0055,0.8278790916297083
6,14,RF+GB,14,21,0,0,260.0052,0.8332537778346356
6,14,RF+GB,14,21,0,0,261.0052,0.8277026869362819
6,14,RF+GB,14,21,0,0,262.006,0.832081295335378
6,14,RF+GB,14,21,0,0,263.0056,0.8205664689902634
6,14,RF+GB,14,21,0,0,264.0062,0.8241163944160412
6,14,RF+GB,14,21,0,0,265.0059,0.8281528347147067
6,14,RF+GB,14,21,0,0,266.0063,0.8297578116045675
6,14,RF+GB,14,21,0,0,267.0061,0.8304916243628553
6,14,RF+GB,14,21,0,0,268.0059,0.836861224747276
6,14,RF+GB,14,21,0,0,269.0059,0.8401413914026278
6,14,RF+GB,14,21,0,0,270.006,0.8414519773066412
6,14,RF+GB,14,21,0,0,271.006,0.8374636501916258
6,14,RF+GB,14,21,0,0,272.006,0.8230401117650874
6,14,RF+GB,14,21,0,0,273.0071,0.8127297328362315
6,14,RF+GB,14,21,0,0,274.0065,0.8039974853373865
6,14,RF+GB,14,21,0,0,275.0058,0.8088485253304922
6,14,RF+GB,14,21,0,0,276.0055,0.8193691704537296
6,14,RF+GB,14,21,0,0,277.0069,0.8144856633519824
6,14,RF+GB,14,21,0,0,278.0059,0.8195033995524371
6,14,RF+GB,14,21,0,0,279.006,0.8134659235789814
6,14,RF+GB,14,21,0,0,280.0074,0.8121308641336785
6,14,RF+GB,14,21,0,0,281.0076,0.829147221115681
6,14,RF+GB,14,21,0,0,282.0067,0.8214413966505508
6,14,RF+GB,14,21,0,0,283.0073,0.8063209764925405
6,14,RF+GB,14,21,0,0,284.0067,0.803624663636058
6,14,RF+GB,14,21,0,0,285.0068,0.8006143095177412
6,14,RF+GB,14,21,0,0,286.007,0.8117073796590053
6,14,RF+GB,14,21,0,0,287.0069,0.8214559461503028
6,14,RF+GB,14,21,0,0,288.007,0.8189724112330108
6,14,RF+GB,14,21,0,0,289.0068,0.8088159580135206
6,14,RF+GB,14,21,0,0,290.0067,0.8149072633931003
6,14,RF+GB,14,21,0,0,291.0067,0.8152705579585537
6,14,RF+GB,14,21,0,0,292.007,0.8095936219069693
6,14,RF+GB,14,21,0,0,293.0064,0.8104050542079373
6,14,RF+GB,14,21,1,3,294.0073,0.8158723003112278
6,14,RF+GB,14,21,1,3,295.0069,0.819216641123691
6,14,RF+GB,14,21,1,3,296.0074,0.8159782450814329
6,14,RF+GB,14,21,1,3,297.0061,0.8111305374237092
6,14,RF+GB,14,21,1,3,298.008,0.800179704335666
6,14,RF+GB,14,21,1,3,299.0076,0.7958609099303812
6,14,RF+GB,14,21,1,3,300.0077,0.7912311547562083
6,14,RF+GB,14,21,1,3,301.0084,0.7878251292632923
6,14,RF+GB,14,23,0,0,0.0,0.00265970349056032
6,14,RF+GB,14,23,0,0,0.9982342,0.005770601796976906
6,14,RF+GB,14,23,0,0,2.000526,0.0037419875672902226
6,14,RF+GB,14,23,0,0,3.000793,0.007655225837907053
6,14,RF+GB,14,23,0,0,3.999719,2.7472445944062134e-05
6,14,RF+GB,14,23,0,0,5.000658,2.7472445944062134e-05
6,14,RF+GB,14,23,0,0,6.000513,6.0612639610419636e-05
6,14,RF+GB,14,23,0,0,7.001402,0.010259829637085462
6,14,RF+GB,14,23,0,0,8.002209,3.4897248871310334e-05
6,14,RF+GB,14,23,0,0,9.001521,0.0009684642891700392
6,14,RF+GB,14,23,0,0,10.00158,0.01132390515627253
6,14,RF+GB,14,23,0,0,11.00055,0.003940685672807769
6,14,RF+GB,14,23,0,0,12.00204,0.004562526783681793
6,14,RF+GB,14,23,0,0,13.00199,0.007903584579911804
6,14,RF+GB,14,23,0,0,14.0019,0.010489862581964618
6,14,RF+GB,14,23,0,0,15.00248,0.008813434544603552
6,14,RF+GB,14,23,0,0,16.00356,0.01811163640970735
6,14,RF+GB,14,23,0,0,16.99234,0.04495986343197643
6,14,RF+GB,14,23,0,0,18.00213,0.05476265422307271
6,14,RF+GB,14,23,0,0,19.00258,0.07284645004832159
6,14,RF+GB,14,23,0,0,20.00245,0.07278317854497898
6,14,RF+GB,14,23,0,0,21.00214,0.07614495829388393
6,14,RF+GB,14,23,0,0,22.00294,0.07028243219428483
6,14,RF+GB,14,23,0,0,23.00375,0.08241216465131
6,14,RF+GB,14,23,0,0,23.99251,0.08885801915613308
6,14,RF+GB,14,23,0,0,24.99268,0.09730577411129693
6,14,RF+GB,14,23,0,0,25.99331,0.09047403561456936
6,14,RF+GB,14,23,1,1,26.99233,0.08558379999590153
6,14,RF+GB,14,23,1,1,27.99275,0.0973765233741696
6,14,RF+GB,14,23,1,1,29.00434,0.11268154679085694
6,14,RF+GB,14,23,1,1,29.99229,0.1160980276114397
6,14,RF+GB,14,23,1,1,30.99279,0.11797788622935557
6,14,RF+GB,14,23,1,1,31.99316,0.11598930946660219
6,14,RF+GB,14,23,1,1,33.00367,0.10366704004364606
6,14,RF+GB,14,23,1,1,33.99289,0.10627818001956144
6,14,RF+GB,14,23,1,1,34.99303,0.11391591793607188
6,14,RF+GB,14,23,1,1,35.99273,0.11611813190305233
6,14,RF+GB,14,23,1,1,36.99239,0.11558473775512305
6,14,RF+GB,14,23,1,1,37.99338,0.11078276734933881
6,14,RF+GB,14,23,1,1,38.99241,0.10872576413196113
6,14,RF+GB,14,23,1,1,39.99234,0.09415654602808698
6,14,RF+GB,14,23,1,1,40.99243,0.11029896829932287
6,14,RF+GB,14,23,1,1,41.99356,0.10100040406966138
6,14,RF+GB,14,23,1,1,42.99372,0.08778826695232618
6,14,RF+GB,14,23,1,1,43.99422,0.08820242317756143
6,14,RF+GB,14,23,1,1,44.99426,0.07962143342375777
6,14,RF+GB,14,23,1,1,45.99385,0.07760526109435611
6,14,RF+GB,14,23,1,1,46.99342,0.07452389036974222
6,14,RF+GB,14,23,1,1,47.99352,0.08346240883953956
6,14,RF+GB,14,23,1,1,48.99342,0.07784343053392995
6,14,RF+GB,14,23,1,1,49.99279,0.07880447118494667
6,14,RF+GB,14,23,1,1,50.99308,0.06900358131982516
6,14,RF+GB,14,23,1,1,51.99316,0.07247228583201187
6,14,RF+GB,14,23,1,1,52.99363,0.06929343746402157
6,14,RF+GB,14,23,1,1,53.99338,0.06864459566473477
6,14,RF+GB,14,23,1,1,54.99331,0.055175794688473896
6,14,RF+GB,14,23,1,1,55.99312,0.05973831276748249
6,14,RF+GB,14,23,1,1,56.99214,0.05383107883917396
6,14,RF+GB,14,23,1,1,58.00339,0.05929637664922314
6,14,RF+GB,14,23,1,1,58.99253,0.06043280425613624
6,14,RF+GB,14,23,1,1,59.99322,0.0624603011022043
6,14,RF+GB,14,23,1,1,60.99241,0.0585142401675534
6,14,RF+GB,14,23,1,1,62.00363,0.06249880191112026
6,14,RF+GB,14,23,1,1,62.99332,0.06871213952399137
6,14,RF+GB,14,23,1,1,63.99334,0.05758574368747381
6,14,RF+GB,14,23,1,1,64.9931,0.0576368462439179
6,14,RF+GB,14,23,1,1,65.99414,0.0619929112485159
6,14,RF+GB,14,23,1,1,66.99364,0.0733674781876872
6,14,RF+GB,14,23,1,1,67.99326,0.07871853725614841
6,14,RF+GB,14,23,1,1,68.99331,0.07680539233111111
6,14,RF+GB,14,23,1,1,69.99294,0.08338055924384356
6,14,RF+GB,14,23,1,1,70.99304,0.08456131013417677
6,14,RF+GB,14,23,1,1,71.99434,0.07933762865419455
6,14,RF+GB,14,23,1,1,72.99424,0.0719777562837054
6,14,RF+GB,14,23,1,1,73.99388,0.07721951369816185
6,14,RF+GB,14,23,1,1,74.9944,0.07429224102266183
6,14,RF+GB,14,23,1,1,75.99446,0.06512962933199024
6,14,RF+GB,14,23,1,1,76.99354,0.06781347345643368
6,14,RF+GB,14,23,1,1,77.99458,0.06949863724057372
6,14,RF+GB,14,23,1,1,78.99346,0.07895631733273363
6,14,RF+GB,14,23,1,1,79.99506,0.08133578758331392
6,14,RF+GB,14,23,1,1,80.99474,0.07964566625367724
6,14,RF+GB,14,23,1,1,81.99532,0.07212555477132515
6,14,RF+GB,14,23,1,1,82.99506,0.07968130538716496
6,14,RF+GB,14,23,1,1,83.99451,0.08411054289160967
6,14,RF+GB,14,23,1,1,84.99424,0.0914732251793073
6,14,RF+GB,14,23,1,1,85.99445,0.09074757289179328
6,14,RF+GB,14,23,1,1,86.99361,0.08186418193383892
6,14,RF+GB,14,23,1,1,87.99483,0.08532179191213035
6,14,RF+GB,14,23,1,1,88.99535,0.08388477800611194
6,14,RF+GB,14,23,1,1,89.99509,0.09354517188242924
6,14,RF+GB,14,23,1,1,90.99504,0.09105549878762476
6,14,RF+GB,14,23,1,1,91.995,0.08980684748068143
6,14,RF+GB,14,23,1,1,92.99534,0.10346241909910531
6,14,RF+GB,14,23,1,1,93.99495,0.10319947252722932
6,14,RF+GB,14,23,1,1,94.99651,0.11704296888985398
6,14,RF+GB,14,23,1,1,95.9971,0.12273841575835179
6,14,RF+GB,14,23,1,1,96.99723,0.14224121457708416
6,14,RF+GB,14,23,1,1,97.99645,0.13628695333395546
6,14,RF+GB,14,23,1,1,98.99647,0.14268587497166826
6,14,RF+GB,14,23,1,1,99.99609,0.13881536695625277
6,14,RF+GB,14,23,1,1,100.9956,0.14131087569503603
6,14,RF+GB,14,23,1,1,101.9969,0.14482976324310337
6,14,RF+GB,14,23,1,1,102.9967,0.18918766397401138
6,14,RF+GB,14,23,1,1,103.9955,0.2002501129785983
6,14,RF+GB,14,23,0,0,104.9961,0.19539901892040407
6,14,RF+GB,14,23,0,0,105.9961,0.1941524823833875
6,14,RF+GB,14,23,0,0,106.9959,0.25299978365514103
6,14,RF+GB,14,23,0,0,107.9969,0.24355927625985896
6,14,RF+GB,14,23,0,0,108.9957,0.23449838779384097
6,14,RF+GB,14,23,0,0,109.9959,0.22587192207939968
6,14,RF+GB,14,23,0,0,110.9962,0.23292062369790503
6,14,RF+GB,14,23,0,0,111.9973,0.23332260842032768
6,14,RF+GB,14,23,0,0,112.9961,0.2394612245390005
6,14,RF+GB,14,23,0,0,113.9966,0.24508488343128856
6,14,RF+GB,14,23,0,0,114.9973,0.25527430563426984
6,14,RF+GB,14,23,0,0,115.9978,0.2514587739148073
6,14,RF+GB,14,23,0,0,116.9979,0.24399005316103697
6,14,RF+GB,14,23,0,0,117.998,0.2374714536264147
6,14,RF+GB,14,23,0,0,118.9974,0.21956412160596414
6,14,RF+GB,14,23,0,0,119.997,0.23023974087327004
6,14,RF+GB,14,23,0,0,120.9973,0.21676315657722844
6,14,RF+GB,14,23,0,0,121.998,0.21340718969346079
6,14,RF+GB,14,23,0,0,122.9987,0.21116263008798664
6,14,RF+GB,14,23,1,1,123.9988,0.20390921828535793
6,14,RF+GB,14,23,1,1,124.9984,0.20234325154111904
6,14,RF+GB,14,23,1,1,125.9981,0.21000693514025268
6,14,RF+GB,14,23,1,1,126.9981,0.2105769156165837
6,14,RF+GB,14,23,1,1,127.9989,0.21113633976822666
6,14,RF+GB,14,23,1,1,128.9993,0.21724614996637098
6,14,RF+GB,14,23,1,1,129.999,0.21210385458227032
6,14,RF+GB,14,23,1,1,130.9996,0.2075214737596041
6,14,RF+GB,14,23,1,1,131.999,0.2178885639144226
6,14,RF+GB,14,23,1,1,132.9998,0.19794081589383336
6,14,RF+GB,14,23,1,1,133.9991,0.20289667297582978
6,14,RF+GB,14,23,1,1,135.0,0.2025553719719512
6,14,RF+GB,14,23,1,1,135.9996,0.1858515930949449
6,14,RF+GB,14,23,1,1,137.0003,0.18469415429608554
6,14,RF+GB,14,23,1,1,137.9992,0.1848667154146156
6,14,RF+GB,14,23,1,1,139.0002,0.18483944330572374
6,14,RF+GB,14,23,1,1,140.0006,0.18317277663905707
6,14,RF+GB,14,23,1,1,141.0006,0.18885070427791506
6,14,RF+GB,14,23,1,1,142.001,0.17979089304391194
6,14,RF+GB,14,23,1,1,143.0011,0.17201685932956856
6,14,RF+GB,14,23,1,1,144.0009,0.17465625471828458
6,14,RF+GB,14,23,1,1,144.9999,0.18050176162293868
6,14,RF+GB,14,23,1,1,146.0004,0.1703279958585006
6,14,RF+GB,14,23,1,1,147.001,0.16864949344572805
6,14,RF+GB,14,23,1,1,148.0006,0.16948197329264864
6,14,RF+GB,14,23,1,1,149.0018,0.163365602323619
6,14,RF+GB,14,23,1,1,150.0019,0.15060660383861818
6,14,RF+GB,14,23,1,3,151.0009,0.1425895000322341
6,14,RF+GB,14,23,1,3,152.0006,0.14438001726159988
6,14,RF+GB,14,23,1,3,153.0009,0.1425021628905817
6,14,RF+GB,14,23,1,3,154.0014,0.1409860335775942
6,14,RF+GB,14,23,1,3,155.0004,0.1392595348419178
6,14,RF+GB,14,23,1,3,155.9997,0.14067920218158264
6,14,RF+GB,14,23,1,3,156.9989,0.1470350243598694
6,14,RF+GB,14,23,1,3,157.9997,0.15033870984635966
6,14,RF+GB,14,23,1,3,158.9994,0.15864508777020028
6,14,RF+GB,14,23,1,3,159.999,0.1642101874171656
6,14,RF+GB,14,23,1,3,161.0,0.16715763518117313
6,14,RF+GB,14,23,1,3,161.9996,0.1649516060186889
6,14,RF+GB,14,23,1,3,163.0005,0.16982377179230376
6,14,RF+GB,14,23,1,3,163.9998,0.15958874688937486
6,14,RF+GB,14,23,1,3,164.9999,0.16608655787659804
6,14,RF+GB,14,23,1,3,166.0,0.16631241420760046
6,14,RF+GB,14,23,1,3,167.0003,0.1560213172229929
6,14,RF+GB,14,23,1,3,168.0001,0.16172362622520847
6,14,RF+GB,14,23,1,3,169.0021,0.1616786338389946
6,14,RF+GB,14,23,1,3,170.0007,0.16919463659150377
6,14,RF+GB,14,23,1,3,171.0015,0.16348386189381622
6,14,RF+GB,14,23,1,3,172.0013,0.16102909249248468
6,14,RF+GB,14,23,1,3,173.0021,0.15686581847051564
6,14,RF+GB,14,23,1,3,174.0025,0.156938074654684
6,14,RF+GB,14,23,1,3,175.0028,0.15767751558760326
6,14,RF+GB,14,23,1,3,175.9926,0.15025087461362757
6,14,RF+GB,14,23,1,3,177.0027,0.15014639849310613
6,14,RF+GB,14,23,1,3,178.0038,0.15338773773826878
6,14,RF+GB,14,23,1,3,179.0034,0.14978296935542665
6,14,RF+GB,14,23,1,3,180.0034,0.1457836180547076
6,14,RF+GB,14,23,1,3,180.9927,0.15275137858282462
6,14,RF+GB,14,23,1,3,182.0031,0.14913895840822344
6,14,RF+GB,14,23,1,3,183.003,0.1595197153958131
6,14,RF+GB,14,23,1,3,184.0024,0.15346450899811792
6,14,RF+GB,14,23,1,3,185.0018,0.15718712346391533
6,14,RF+GB,14,23,1,3,185.9999,0.15845295015897887
6,14,RF+GB,14,23,1,3,187.0019,0.15538645727303715
6,14,RF+GB,14,23,1,3,188.0031,0.15620067922313263
6,14,RF+GB,14,23,1,3,189.0022,0.1547812436792984
6,14,RF+GB,14,23,1,3,190.0024,0.15240404328927937
6,14,RF+GB,14,23,1,3,191.0039,0.153376220059327
6,14,RF+GB,14,23,1,3,192.0037,0.1555034733432299
6,14,RF+GB,14,23,1,3,193.0038,0.15474577332500503
6,14,RF+GB,14,23,1,3,194.0028,0.16643173415171061
6,14,RF+GB,14,23,1,3,194.9935,0.16228026468592344
6,14,RF+GB,14,23,1,3,195.9927,0.1634115868543417
6,14,RF+GB,14,23,1,3,197.0033,0.16677075726069077
6,14,RF+GB,14,23,1,3,198.004,0.16488048842479897
6,14,RF+GB,14,23,1,3,198.9929,0.16620067066146565
6,14,RF+GB,14,23,1,3,200.0045,0.16119024630987552
6,14,RF+GB,14,23,1,3,200.9928,0.15993158613734765
6,14,RF+GB,14,23,1,3,202.0033,0.16062424528128158
6,14,RF+GB,14,23,1,3,203.0034,0.15680416346243223
6,14,RF+GB,14,23,1,3,204.0026,0.1618736009115951
6,14,RF+GB,14,23,1,3,204.9932,0.1576526736860059
6,14,RF+GB,14,23,1,3,205.9934,0.15384864580254293
6,14,RF+GB,14,23,1,3,206.994,0.15231306009662385
6,14,RF+GB,14,23,1,3,207.9929,0.1554710686708357
6,14,RF+GB,14,23,1,3,208.9937,0.15309554081407073
6,14,RF+GB,14,23,1,3,209.9931,0.14932895787814515
6,14,RF+GB,14,23,1,3,210.9936,0.15007778779744665
6,14,RF+GB,14,23,1,3,211.9932,0.15379389179441372
6,14,RF+GB,14,23,1,3,212.9935,0.15540543014821942
6,14,RF+GB,14,23,1,3,213.9937,0.1595295440971163
6,14,RF+GB,14,23,1,3,214.9946,0.16803041281257144
6,14,RF+GB,14,23,1,3,215.9942,0.16803923579013852
6,14,RF+GB,14,23,1,3,216.9937,0.17066299447218808
6,14,RF+GB,14,23,1,3,217.9947,0.17122405609816221
6,14,RF+GB,14,23,1,3,218.9939,0.17590005029160766
6,14,RF+GB,14,23,1,3,219.9934,0.18272066246585783
6,14,RF+GB,14,23,1,3,220.994,0.17837050971875865
6,14,RF+GB,14,23,1,3,221.9946,0.1784566566234488
6,14,RF+GB,14,23,1,3,222.9935,0.17807448860960307
6,14,RF+GB,14,23,1,3,223.9935,0.1686543714428821
6,14,RF+GB,14,23,1,3,224.9933,0.16237052410257297
6,14,RF+GB,14,23,1,3,226.0038,0.16420129870110847
6,14,RF+GB,14,23,1,3,226.9932,0.1582031754218092
6,14,RF+GB,14,23,1,3,227.993,0.15705359078611741
6,14,RF+GB,14,23,1,3,228.9936,0.15855418309521166
6,14,RF+GB,14,23,1,3,229.994,0.1545684500491243
6,14,RF+GB,14,23,1,3,230.9936,0.14607359858202024
6,14,RF+GB,14,23,1,3,231.994,0.14791552690110685
6,14,RF+GB,14,23,1,3,232.9937,0.1455207410016973
6,14,RF+GB,14,23,1,3,233.9941,0.15512644013631136
6,14,RF+GB,14,23,1,3,234.9933,0.15730770854531603
6,14,RF+GB,14,23,1,3,235.9945,0.15390417915534008
6,14,RF+GB,14,23,1,3,236.9939,0.15393112063654138
6,14,RF+GB,14,23,1,3,237.9933,0.1539084089371251
6,14,RF+GB,14,23,1,3,238.9939,0.15519552383426674
6,14,RF+GB,14,23,1,3,239.9943,0.15560064664691653
6,14,RF+GB,14,23,1,3,240.9942,0.15481036949057803
6,14,RF+GB,14,23,1,3,241.9942,0.15404217588815974
6,14,RF+GB,14,23,1,3,242.9944,0.14904217588815977
6,14,RF+GB,14,23,1,3,243.9944,0.15534146297310325
6,14,RF+GB,14,23,1,3,244.9943,0.15472435738889545
6,14,RF+GB,14,23,1,3,245.9946,0.15669028067527233
6,14,RF+GB,14,23,1,3,246.9949,0.15888048057657025
6,14,RF+GB,14,23,1,3,247.9954,0.1548509519267705
6,14,RF+GB,14,23,1,3,248.9957,0.1533852283509519
6,14,RF+GB,14,23,1,3,249.9943,0.15038714763545236
6,14,RF+GB,14,23,1,3,250.9944,0.1494781809870106
6,14,RF+GB,14,23,1,3,251.9948,0.14781151432034395
6,14,RF+GB,14,23,1,3,252.9941,0.14301122123180318
6,14,RF+GB,14,23,1,3,253.9945,0.14403348785176445
6,14,RF+GB,14,23,1,3,254.9945,0.13057371095122128
6,14,RF+GB,14,23,1,3,255.995,0.13116901639545256
6,14,RF+GB,14,23,1,3,256.9954,0.13116901639545256
6,14,RF+GB,14,23,1,3,257.9954,0.13169447842575968
6,14,RF+GB,14,23,1,3,258.9947,0.13190123306080173
6,14,RF+GB,14,23,1,3,259.9962,0.13115674609160177
6,14,RF+GB,14,23,1,3,260.9958,0.2087490925551616
6,14,RF+GB,14,23,1,3,261.9972,0.20179599450188007
6,14,RF+GB,14,23,1,3,262.998,0.19388778172566792
6,14,RF+GB,14,23,1,3,263.9974,0.19222111505900127
6,14,RF+GB,14,23,1,3,264.9976,0.19807220131992334
6,14,RF+GB,14,23,1,3,265.9971,0.20188708270022526
6,14,RF+GB,14,23,1,3,266.9977,0.414341444158273
6,14,RF+GB,14,23,1,3,267.9981,0.40961592322631357
6,14,RF+GB,14,23,1,3,268.9977,0.44600482044228523
6,14,RF+GB,14,23,1,3,269.998,0.4127600519606832
6,14,RF+GB,14,23,1,3,270.9981,0.4220696837854747
6,14,RF+GB,14,23,1,3,271.9973,0.4046682741827226
6,14,RF+GB,14,23,1,3,272.9978,0.4276097263695533
6,14,RF+GB,14,23,1,3,273.9975,0.4084763348821681
6,14,RF+GB,14,23,1,3,274.9981,0.22721485375126593
6,14,RF+GB,14,23,1,3,275.9986,0.20585967673385452
6,14,RF+GB,14,23,1,3,276.9987,0.2075497667681131
6,14,RF+GB,14,23,1,3,277.9982,0.1355601802961054
6,14,RF+GB,14,23,1,3,278.9988,0.13554953240361936
6,14,RF+GB,14,23,1,3,279.9991,0.13438000712471806
6,14,RF+GB,14,23,1,3,280.9967,0.13788551478090463
6,14,RF+GB,14,23,1,3,281.9972,0.13839638547588154
6,14,RF+GB,14,23,1,3,282.9969,0.13283167035727722
6,14,RF+GB,14,23,1,3,283.9963,0.12421248055814045
6,14,RF+GB,14,23,1,3,284.9965,0.12762650826935212
6,14,RF+GB,14,23,1,3,285.9962,0.12504113540469078
6,14,RF+GB,14,23,1,3,287.0023,0.42709125951663746
6,14,RF+GB,14,24,0,0,0.0,0.0017318498799869177
6,14,RF+GB,14,24,0,0,0.9972577,0.007609135268587475
6,14,RF+GB,14,24,0,0,1.997322,0.007217852365685773
6,14,RF+GB,14,24,0,0,2.997987,0.0037168100543445103
6,14,RF+GB,14,24,0,0,3.999626,0.006358250428815722
6,14,RF+GB,14,24,0,0,4.999724,0.008224062976848363
6,14,RF+GB,14,24,0,0,6.000389,0.03691732402394456
6,14,RF+GB,14,24,0,0,7.00076,0.06199394187191718
6,14,RF+GB,14,24,0,0,8.000076,0.05973595674423519
6,14,RF+GB,14,24,0,0,9.000281,0.06559229435622849
6,14,RF+GB,14,24,0,0,10.00013,0.059842019074169625
6,14,RF+GB,14,24,0,0,11.00133,0.06588910836000647
6,14,RF+GB,14,24,0,0,12.00118,0.07298206162541354
6,14,RF+GB,14,24,0,0,13.00014,0.06710270491382014
6,14,RF+GB,14,24,0,0,14.00016,0.09017891696369727
6,14,RF+GB,14,24,0,0,15.00186,0.09519035182187309
6,14,RF+GB,14,24,0,0,16.00245,0.10018907763541485
6,14,RF+GB,14,24,0,0,17.002,0.11212355809078396
6,14,RF+GB,14,24,0,0,18.00234,0.1230369137181522
6,14,RF+GB,14,24,0,0,19.00251,0.14324635408904263
6,14,RF+GB,14,24,0,0,20.00308,0.15533419821282857
6,14,RF+GB,14,24,0,0,21.00178,0.16124179799412983
6,14,RF+GB,14,24,0,0,22.00285,0.1492032740891277
6,14,RF+GB,14,24,0,0,23.00216,0.13963966345602544
6,14,RF+GB,14,24,0,0,24.00199,0.14572548436822036
6,14,RF+GB,14,24,0,0,25.00317,0.13996305083763924
6,14,RF+GB,14,24,0,0,26.00204,0.14217320653591056
6,14,RF+GB,14,24,0,0,27.00143,0.11108376621267724
6,14,RF+GB,14,24,0,0,28.00184,0.11250565330849416
6,14,RF+GB,14,24,0,0,29.00246,0.11046819211528042
6,14,RF+GB,14,24,0,0,30.00175,0.139791102820016
6,14,RF+GB,14,24,0,0,31.00178,0.14278417585309636
6,14,RF+GB,14,24,0,0,32.00206,0.14773054888194642
6,14,RF+GB,14,24,0,0,33.00281,0.14715278794563508
6,14,RF+GB,14,24,0,0,34.00353,0.16181887677302265
6,14,RF+GB,14,24,0,0,35.00357,0.15644146915472293
6,14,RF+GB,14,24,0,0,36.00293,0.14911338693826404
6,14,RF+GB,14,24,0,0,37.00312,0.14215635379017483
6,14,RF+GB,14,24,0,0,38.00257,0.13473024816431378
6,14,RF+GB,14,24,0,0,39.00232,0.15714982469164693
6,14,RF+GB,14,24,0,0,40.00309,0.16191727820354432
6,14,RF+GB,14,24,0,0,41.00271,0.14768520364224239
6,14,RF+GB,14,24,0,0,42.00307,0.14090698734170048
6,14,RF+GB,14,24,0,0,43.00212,0.15915569576239225
6,14,RF+GB,14,24,0,0,44.00304,0.17459881115279624
6,14,RF+GB,14,24,0,0,45.00259,0.1685517168568341
6,14,RF+GB,14,24,0,0,46.004,0.18509234498512137
6,14,RF+GB,14,24,0,0,47.00352,0.1325111366302969
6,14,RF+GB,14,24,0,0,48.00317,0.12875681202232198
6,14,RF+GB,14,24,0,0,49.00343,0.1332475484338032
6,14,RF+GB,14,24,0,0,50.00389,0.13343845235835997
6,14,RF+GB,14,24,0,0,51.00224,0.150842344679189
6,14,RF+GB,14,24,0,0,52.00346,0.15158022488832576
6,14,RF+GB,14,24,1,1,53.00407,0.15697576730471158
6,14,RF+GB,14,24,1,1,54.00354,0.1604416476218502
6,14,RF+GB,14,24,1,1,55.00352,0.1594372974471659
6,14,RF+GB,14,24,1,1,56.00364,0.14715648869109677
6,14,RF+GB,14,24,1,1,57.00396,0.1494886374444021
6,14,RF+GB,14,24,1,1,58.00496,0.16426113124645342
6,14,RF+GB,14,24,1,1,59.00573,0.1455498819856887
6,14,RF+GB,14,24,1,1,60.00475,0.1474278489191073
6,14,RF+GB,14,24,1,1,61.00447,0.1389259908160425
6,14,RF+GB,14,24,1,1,62.00492,0.16617583282171194
6,14,RF+GB,14,24,1,1,63.00469,0.15146369773013965
6,14,RF+GB,14,24,1,1,64.00511,0.14869105286992618
6,14,RF+GB,14,24,1,1,64.99493,0.13745985507567451
6,14,RF+GB,14,24,1,1,66.00532,0.13129650778626395
6,14,RF+GB,14,24,1,1,67.00607,0.1305304904849256
6,14,RF+GB,14,24,1,1,67.99484,0.13746307523142234
6,14,RF+GB,14,24,1,1,69.00481,0.1366177811970757
6,14,RF+GB,14,24,1,1,70.00437,0.17321941376697866
6,14,RF+GB,14,24,1,1,71.00468,0.17113661910782865
6,14,RF+GB,14,24,1,1,72.00489,0.19930763266536478
6,14,RF+GB,14,24,1,1,73.00464,0.2595464476516702
6,14,RF+GB,14,24,1,1,74.00573,0.26495465454699046
6,14,RF+GB,14,24,1,1,75.00567,0.2904024440473117
6,14,RF+GB,14,24,1,1,75.99514,0.3142502489292659
6,14,RF+GB,14,24,1,1,76.99528,0.3829685872696551
6,14,RF+GB,14,24,1,1,78.00524,0.34960636654643135
6,14,RF+GB,14,24,1,1,79.00544,0.2100987027082271
6,14,RF+GB,14,24,1,1,79.99489,0.21423184544892898
6,14,RF+GB,14,24,1,1,81.00591,0.23686598538480852
6,14,RF+GB,14,24,1,1,82.00529,0.23343762017084663
6,14,RF+GB,14,24,1,1,82.99491,0.22651072482628667
6,14,RF+GB,14,24,1,1,83.99503,0.21782616961812515
6,14,RF+GB,14,24,1,1,84.99577,0.20337034788704375
6,14,RF+GB,14,24,1,1,85.99571,0.18480606887945208
6,14,RF+GB,14,24,1,1,87.00577,0.19385389343498824
6,14,RF+GB,14,24,1,1,87.99568,0.20823079643917608
6,14,RF+GB,14,24,1,1,88.9959,0.21750080433754718
6,14,RF+GB,14,24,1,1,90.00615,0.23591791945528878
6,14,RF+GB,14,24,1,1,90.99528,0.25037485556521977
6,14,RF+GB,14,24,1,1,91.99603,0.24086059415312636
6,14,RF+GB,14,24,1,1,92.99611,0.24646820602220645
6,14,RF+GB,14,24,1,1,93.99627,0.24459348387322266
6,14,RF+GB,14,24,1,1,94.99651,0.2474016562318913
6,14,RF+GB,14,24,1,1,95.99587,0.2481056066416451
6,14,RF+GB,14,24,1,1,96.99593,0.2398976354300979
6,14,RF+GB,14,24,1,1,97.99715,0.2334106118654415
6,14,RF+GB,14,24,1,1,98.99685,0.21831675354972865
6,14,RF+GB,14,24,1,1,99.99517,0.22840371067625154
6,14,RF+GB,14,24,1,1,100.9969,0.2432965229381469
6,14,RF+GB,14,24,0,0,101.995,0.2362782997500591
6,14,RF+GB,14,24,0,0,102.996,0.22861715002537583
6,14,RF+GB,14,24,0,0,103.996,0.22392754660753908
6,14,RF+GB,14,24,0,0,104.9956,0.1922123696193121
6,14,RF+GB,14,24,0,0,105.9973,0.19895119444830536
6,14,RF+GB,14,24,0,0,106.9973,0.21864099180962437
6,14,RF+GB,14,24,0,0,107.9975,0.20982021029858142
6,14,RF+GB,14,24,0,0,108.9971,0.2123991764299599
6,14,RF+GB,14,24,0,0,109.9962,0.21384749605157016
6,14,RF+GB,14,24,0,0,110.9959,0.22718113996353895
6,14,RF+GB,14,24,0,0,112.0059,0.21220884194265688
6,14,RF+GB,14,24,0,0,112.9967,0.21981850727861546
6,14,RF+GB,14,24,0,0,113.9967,0.20844163492047055
6,14,RF+GB,14,24,0,0,114.9986,0.19310701967607374
6,14,RF+GB,14,24,0,0,115.9968,0.1950186504271281
6,14,RF+GB,14,24,0,0,116.9969,0.19944024318762232
6,14,RF+GB,14,24,0,0,117.9978,0.20871325275444352
6,14,RF+GB,14,24,0,0,118.9974,0.2968175923991141
6,14,RF+GB,14,24,0,0,119.9981,0.21728085625483598
6,14,RF+GB,14,24,0,0,120.9978,0.2225164281200358
6,14,RF+GB,14,24,0,0,121.9984,0.2250360751248394
6,14,RF+GB,14,24,0,0,122.9985,0.2264323131355021
6,14,RF+GB,14,24,0,0,123.9979,0.22834552917665796
6,14,RF+GB,14,24,0,0,124.998,0.2382518963171293
6,14,RF+GB,14,24,0,0,125.998,0.21262615239839638
6,14,RF+GB,14,24,0,0,126.997,0.21595999295023144
6,14,RF+GB,14,24,0,0,127.9977,0.21453860725471138
6,14,RF+GB,14,24,0,0,128.9973,0.2153255730690623
6,14,RF+GB,14,24,0,0,129.9972,0.22483381321018614
6,14,RF+GB,14,24,0,0,130.9967,0.2133886871338454
6,14,RF+GB,14,24,0,0,131.9994,0.20601706708522097
6,14,RF+GB,14,24,0,0,132.9988,0.1978847626094988
6,14,RF+GB,14,24,0,0,134.0001,0.20671109409247598
6,14,RF+GB,14,24,0,0,134.9995,0.20876280297325261
6,14,RF+GB,14,24,0,0,135.9992,0.20588527601477002
6,14,RF+GB,14,24,0,0,137.0005,0.20600218717643415
6,14,RF+GB,14,24,0,0,137.999,0.20770311315484172
6,14,RF+GB,14,24,0,0,138.999,0.20378853078274226
6,14,RF+GB,14,24,0,0,139.9979,0.19613404964441852
6,14,RF+GB,14,24,0,0,141.0,0.19129902722122516
6,14,RF+GB,14,24,0,0,141.9993,0.1915224550154834
6,14,RF+GB,14,24,0,0,143.001,0.20261920870466088
6,14,RF+GB,14,24,0,0,144.0002,0.19962699623649308
6,14,RF+GB,14,24,0,0,145.0008,0.2048854128094794
6,14,RF+GB,14,24,0,0,146.0003,0.20633231903486607
6,14,RF+GB,14,24,0,0,147.0005,0.21456081632779833
6,14,RF+GB,14,24,0,0,148.0006,0.21694491420826192
6,14,RF+GB,14,24,0,0,149.0002,0.22607951772317217
6,14,RF+GB,14,24,0,0,150.0011,0.2219708646765053
6,14,RF+GB,14,24,0,0,151.0014,0.20496444962028249
6,14,RF+GB,14,24,0,0,152.0006,0.20590356248469396
6,14,RF+GB,14,24,0,0,153.0003,0.21411735555020409
6,14,RF+GB,14,24,0,0,153.9996,0.2172293189318948
6,14,RF+GB,14,24,0,0,154.9993,0.22027997563153504
6,14,RF+GB,14,24,1,1,155.9995,0.2464448787405118
6,14,RF+GB,14,24,1,1,157.0002,0.25026879187118783
6,14,RF+GB,14,24,1,1,157.9998,0.24041000880736169
6,14,RF+GB,14,24,1,1,158.9987,0.22705320729102704
6,14,RF+GB,14,24,1,1,160.0011,0.21590846199500185
6,14,RF+GB,14,24,1,1,161.0008,0.2114061274438162
6,14,RF+GB,14,24,1,1,162.0005,0.20921864010532254
6,14,RF+GB,14,24,1,2,163.0013,0.22555821994869585
6,14,RF+GB,14,24,1,2,164.0016,0.21888534186514522
6,14,RF+GB,14,24,1,2,165.0016,0.21324474433035118
6,14,RF+GB,14,24,1,2,166.0018,0.2274910475410295
6,14,RF+GB,14,24,1,2,167.0019,0.22748555622152314
6,14,RF+GB,14,24,1,2,168.001,0.22838194261221179
6,14,RF+GB,14,24,1,2,169.0002,0.22604338146299718
6,14,RF+GB,14,24,1,2,170.0,0.23445653588381773
6,14,RF+GB,14,24,1,2,171.0013,0.22711941003705796
6,14,RF+GB,14,24,1,2,172.0004,0.2339929126867034
6,14,RF+GB,14,24,1,2,173.0014,0.2265211574729401
6,14,RF+GB,14,24,1,2,174.0037,0.23947420132622563
6,14,RF+GB,14,24,1,2,175.0031,0.23527973206977512
6,14,RF+GB,14,24,1,2,176.002,0.23737856007759314
6,14,RF+GB,14,24,1,2,177.0022,0.33810941488944657
6,14,RF+GB,14,24,1,2,178.0022,0.3508937903050543
6,14,RF+GB,14,24,1,3,179.0028,0.3456987656963851
6,14,RF+GB,14,24,1,3,180.0025,0.3218602748065627
6,14,RF+GB,14,24,1,3,181.0029,0.3293577222972122
6,14,RF+GB,14,24,1,3,182.0028,0.34313625192657277
6,14,RF+GB,14,24,1,3,183.0023,0.35495684980273073
6,14,RF+GB,14,24,1,3,184.0016,0.3416211430088011
6,14,RF+GB,14,24,1,3,185.0015,0.23912977142311403
6,14,RF+GB,14,24,1,3,186.0011,0.23731021264729743
6,14,RF+GB,14,24,1,3,187.0017,0.2379073650451726
6,14,RF+GB,14,24,1,3,188.0026,0.2364644403907807
6,14,RF+GB,14,24,1,3,189.0025,0.23262775046278528
6,14,RF+GB,14,24,1,3,190.0028,0.23842294738781686
6,14,RF+GB,14,24,1,3,191.0029,0.2305328553985474
6,14,RF+GB,14,24,1,3,192.0025,0.23923763620424826
6,14,RF+GB,14,24,1,3,193.0027,0.23874224271753422
6,14,RF+GB,14,24,1,3,194.0041,0.235899948709791
6,14,RF+GB,14,24,1,3,195.0025,0.24081658014580862
6,14,RF+GB,14,24,1,3,196.0031,0.26543249130350505
6,14,RF+GB,14,24,1,3,197.0018,0.26448268263445057
6,14,RF+GB,14,24,1,3,198.0033,0.25432166508583764
6,14,RF+GB,14,24,1,3,199.003,0.24773271997798488
6,14,RF+GB,14,24,1,3,200.0043,0.24083338206302884
6,14,RF+GB,14,24,1,3,201.0046,0.23644238044997423
6,14,RF+GB,14,24,1,3,202.0056,0.2369008090570182
6,14,RF+GB,14,24,1,3,203.0037,0.24769340719035596
6,14,RF+GB,14,24,1,3,204.0036,0.2586819486108592
6,14,RF+GB,14,24,1,3,205.0035,0.2550976267559097
6,14,RF+GB,14,24,1,3,206.0032,0.268653689860659
6,14,RF+GB,14,24,1,3,207.0051,0.26071416098966915
6,14,RF+GB,14,24,1,3,208.0037,0.25845675591011785
6,14,RF+GB,14,24,1,3,209.0046,0.26057185551230533
6,14,RF+GB,14,24,1,3,210.0045,0.2888753694156079
6,14,RF+GB,14,24,1,3,211.0034,0.3186029343611905
6,14,RF+GB,14,24,1,3,212.0034,0.3339719309952449
6,14,RF+GB,14,24,1,3,213.0024,0.325355486116542
6,14,RF+GB,14,24,1,3,214.004,0.35000095667507347
6,14,RF+GB,14,24,1,3,215.0028,0.4242054344131617
6,14,RF+GB,14,24,1,3,216.0035,0.43398331127807765
6,14,RF+GB,14,24,1,3,217.0036,0.4424994853008665
6,14,RF+GB,14,24,1,3,218.0037,0.47923647096691735
6,14,RF+GB,14,24,1,3,219.0036,0.5853899410357903
6,14,RF+GB,14,24,1,3,220.0041,0.5814190674655098
6,14,RF+GB,14,24,1,3,221.0049,0.4323893936646324
6,14,RF+GB,14,24,1,3,222.0051,0.44789920997983657
6,14,RF+GB,14,24,1,3,223.0055,0.4291073133828832
6,14,RF+GB,14,24,1,3,224.0052,0.4529321605111347
6,14,RF+GB,14,24,1,3,225.0047,0.4505441614045422
6,14,RF+GB,14,24,1,3,226.0028,0.4386926199137801
6,14,RF+GB,14,24,1,3,227.0046,0.44242438473910856
6,14,RF+GB,14,24,1,3,228.0048,0.44200871839764155
6,14,RF+GB,14,24,1,3,229.0058,0.41750305419113987
6,14,RF+GB,14,24,1,3,229.996,0.42439688253261987
6,14,RF+GB,14,24,1,3,231.0059,0.38674865159456606
6,14,RF+GB,14,24,1,3,231.9953,0.5182223752396233
6,14,RF+GB,14,24,1,3,233.0062,0.568038650502046
6,14,RF+GB,14,24,1,3,234.0062,0.46077107963031005
6,14,RF+GB,14,24,1,3,234.9954,0.4736644351484365
6,14,RF+GB,14,24,1,3,235.9953,0.45371611445355664
6,14,RF+GB,14,24,1,3,237.0062,0.47274546785224514
6,14,RF+GB,14,24,1,3,238.0056,0.6738184470899591
6,14,RF+GB,14,24,1,3,239.0058,0.6613721296350288
6,14,RF+GB,14,24,1,3,240.0071,0.6598120102174819
6,14,RF+GB,14,24,1,3,240.9955,0.6742440449449224
6,14,RF+GB,14,24,1,3,241.9959,0.7554215519853711
6,14,RF+GB,14,24,1,3,242.9959,0.7916318679206286
6,14,RF+GB,14,24,1,3,243.9962,0.8159948558765922
6,14,RF+GB,14,24,1,3,244.996,0.8194742329264484
6,14,RF+GB,14,24,1,3,246.0052,0.7816785077276576
6,14,RF+GB,14,24,1,3,247.0047,0.7750878005324833
6,14,RF+GB,14,24,1,3,248.005,0.7751361882713155
6,14,RF+GB,14,24,1,3,249.0054,0.7244434594617439
6,14,RF+GB,14,24,1,3,250.0056,0.7006267897900998
6,14,RF+GB,14,27,0,0,0.0110925,0.005795318001961488
6,14,RF+GB,14,27,0,0,1.01893,0.0007408694432729885
6,14,RF+GB,14,27,0,0,2.009226,0.004926993557328081
6,14,RF+GB,14,27,0,0,3.010703,0.018595182187584307
6,14,RF+GB,14,27,0,0,4.012049,0.004729356012262888
6,14,RF+GB,14,27,0,0,5.011549,0.011606016644049528
6,14,RF+GB,14,27,0,0,6.011959,0.015503694570620596
6,14,RF+GB,14,27,0,0,7.011798,0.04429400093773368
6,14,RF+GB,14,27,0,0,8.013364,0.09795703627793756
6,14,RF+GB,14,27,0,0,9.012961,0.10347004313308357
6,14,RF+GB,14,27,0,0,10.0135,0.057558293487739755
6,14,RF+GB,14,27,0,0,11.01286,0.05497432096477898
6,14,RF+GB,14,27,0,0,12.01302,0.033627332122929794
6,14,RF+GB,14,27,0,0,13.01301,0.04764998339519689
6,14,RF+GB,14,27,0,0,14.01287,0.07095980043966607
6,14,RF+GB,14,27,0,0,15.01381,0.08577383274744883
6,14,RF+GB,14,27,0,0,16.01416,0.03337456774265373
6,14,RF+GB,14,27,0,0,17.01406,0.00982930080558041
6,14,RF+GB,14,27,0,0,18.01282,0.015282627986494289
6,14,RF+GB,14,27,0,0,19.01204,0.011964743086370877
6,14,RF+GB,14,27,0,0,20.01213,0.01674655285882054
6,14,RF+GB,14,27,0,0,21.01253,0.01790180770315105
6,14,RF+GB,14,27,0,0,22.01254,0.025145532109550103
6,14,RF+GB,14,27,0,0,23.01226,0.025602616926038765
6,14,RF+GB,14,27,0,0,24.01391,0.026774351060698767
6,14,RF+GB,14,27,0,0,25.01341,0.04035589012314612
6,14,RF+GB,14,27,0,0,26.01408,0.03322769103806077
6,14,RF+GB,14,27,0,0,27.01375,0.03708364165483564
6,14,RF+GB,14,27,0,0,28.01477,0.046353068611412744
6,14,RF+GB,14,27,0,0,29.01468,0.057859585562207876
6,14,RF+GB,14,27,0,0,30.01326,0.06626391112554322
6,14,RF+GB,14,27,0,0,31.01198,0.07319202649480408
6,14,RF+GB,14,27,0,0,32.01356,0.062487595677707876
6,14,RF+GB,14,27,0,0,33.01426,0.06614818478480408
6,14,RF+GB,14,27,0,0,34.01423,0.06715564622544502
6,14,RF+GB,14,27,0,0,35.01481,0.07478545048381392
6,14,RF+GB,14,27,0,0,36.01467,0.07777456873323617
6,14,RF+GB,14,27,0,0,37.01414,0.08076068353199979
6,14,RF+GB,14,27,0,0,38.0146,0.05441569402189872
6,14,RF+GB,14,27,0,0,39.01488,0.12982552157143445
6,14,RF+GB,14,27,0,0,40.01426,0.06226466752060499
6,14,RF+GB,14,27,0,0,41.01546,0.05666800951301605
6,14,RF+GB,14,27,0,0,42.01442,0.04494986112284319
6,14,RF+GB,14,27,0,0,43.01394,0.04824365075214753
6,14,RF+GB,14,27,0,0,44.01429,0.05172656446770935
6,14,RF+GB,14,27,0,0,45.01337,0.05036999547278057
6,14,RF+GB,14,27,0,0,46.01431,0.04558578523811442
6,14,RF+GB,14,27,0,0,47.01359,0.060553512483160016
6,14,RF+GB,14,27,0,0,48.01471,0.05030807195195401
6,14,RF+GB,14,27,0,0,49.01568,0.05760734152968161
6,14,RF+GB,14,27,0,0,50.01482,0.0578123811534867
6,14,RF+GB,14,27,0,0,51.01583,0.0651347265269783
6,14,RF+GB,14,27,0,0,52.01593,0.07365765493510383
6,14,RF+GB,14,27,0,0,53.0158,0.07092963582520416
6,14,RF+GB,14,27,0,0,54.0154,0.08307866459790238
6,14,RF+GB,14,27,0,0,55.01407,0.08657250927716419
6,14,RF+GB,14,27,0,0,56.01479,0.0829004797161237
6,14,RF+GB,14,27,0,0,57.0152,0.07238557984803447
6,14,RF+GB,14,27,0,0,58.01595,0.21444184445377001
6,14,RF+GB,14,27,0,0,59.01684,0.22891578582966987
6,14,RF+GB,14,27,0,0,60.01731,0.1721633043283617
6,14,RF+GB,14,27,0,0,61.01645,0.08784205894700892
6,14,RF+GB,14,27,0,0,62.01598,0.09066613690198859
6,14,RF+GB,14,27,0,0,63.01549,0.09035930583576478
6,14,RF+GB,14,27,0,0,64.01623,0.19408986703954567
6,14,RF+GB,14,27,0,0,65.01556,0.35105926884291117
6,14,RF+GB,14,27,0,0,66.01579,0.34785713895991904
6,14,RF+GB,14,27,0,0,67.01708,0.3054430641757504
6,14,RF+GB,14,27,0,0,68.01788,0.24987419985508819
6,14,RF+GB,14,27,0,0,69.01695,0.2609799191213528
6,14,RF+GB,14,27,0,0,70.01685,0.26805788412583575
6,14,RF+GB,14,27,0,0,71.01693,0.23339093173270414
6,14,RF+GB,14,27,0,0,72.01638,0.12575868076763247
6,14,RF+GB,14,27,0,0,73.01495,0.13703058791230327
6,14,RF+GB,14,27,0,0,74.01651,0.14245997123917994
6,14,RF+GB,14,27,0,0,75.01495,0.1421884825065504
6,14,RF+GB,14,27,0,0,76.01586,0.12187314895949067
6,14,RF+GB,14,27,0,0,77.01755,0.17611823231176593
6,14,RF+GB,14,27,0,0,78.01757,0.11850428093619593
6,14,RF+GB,14,27,0,0,79.01694,0.10737438335636057
6,14,RF+GB,14,27,0,0,80.01778,0.2344999216367838
6,14,RF+GB,14,27,0,0,81.01844,0.20630224149477383
6,14,RF+GB,14,27,0,0,82.01799,0.188412297072833
6,14,RF+GB,14,27,0,0,83.01645,0.12354945419786405
6,14,RF+GB,14,27,0,0,84.01694,0.1376088913557126
6,14,RF+GB,14,27,0,0,85.01832,0.18717449117480625
6,14,RF+GB,14,27,0,0,86.01842,0.11467374889360807
6,14,RF+GB,14,27,0,0,87.01836,0.11428617341544071
6,14,RF+GB,14,27,0,0,88.01799,0.11415937334240552
6,14,RF+GB,14,27,1,3,89.01899,0.1301054674373865
6,14,RF+GB,14,27,1,3,90.0183,0.23231710691155358
6,14,RF+GB,14,27,1,3,91.0181,0.2222334284816832
6,14,RF+GB,14,27,1,3,92.01809,0.2029474071476203
6,14,RF+GB,14,27,1,3,93.01811,0.18716226602026984
6,14,RF+GB,14,27,1,3,94.01764,0.13367982023706412
6,14,RF+GB,14,27,1,3,95.01756,0.1762758869253211
6,14,RF+GB,14,27,1,3,96.01851,0.17690339550612577
6,14,RF+GB,14,27,1,3,97.01912,0.27256829783142106
6,14,RF+GB,14,27,1,3,98.01918,0.3024133881774268
6,14,RF+GB,14,27,1,3,99.01951,0.18866966294463408
6,14,RF+GB,14,27,1,3,100.0196,0.19134802896992423
6,14,RF+GB,14,27,1,3,101.0185,0.20036987668993533
6,14,RF+GB,14,27,1,3,102.0171,0.2163013955020072
6,14,RF+GB,14,27,1,3,103.0192,0.2813938098372576
6,14,RF+GB,14,27,1,3,104.0182,0.35278673726983717
6,14,RF+GB,14,27,1,3,105.0207,0.3478115748979146
6,14,RF+GB,14,27,1,3,106.02,0.3343476702474618
6,14,RF+GB,14,27,1,3,107.0095,0.3125556534804702
6,14,RF+GB,14,27,1,3,108.0191,0.3066149467155562
6,14,RF+GB,14,27,1,3,109.0198,0.3241438079270767
6,14,RF+GB,14,27,1,3,110.0191,0.3165135020136876
6,14,RF+GB,14,27,1,3,111.0197,0.33858565908227506
6,14,RF+GB,14,27,1,3,112.0089,0.3093394801780298
6,14,RF+GB,14,27,1,3,113.0193,0.309179813592088
6,14,RF+GB,14,27,1,3,114.0192,0.3009112353889008
6,14,RF+GB,14,27,1,3,115.0193,0.305616170785744
6,14,RF+GB,14,27,0,0,116.0173,0.29978725512368076
6,14,RF+GB,14,27,0,0,117.0192,0.30313478123675164
6,14,RF+GB,14,27,0,0,118.0198,0.2970582926419063
6,14,RF+GB,14,27,0,0,119.0096,0.24884513761627533
6,14,RF+GB,14,27,0,0,120.0098,0.2609584274917665
6,14,RF+GB,14,27,0,0,121.0107,0.27064481253149186
6,14,RF+GB,14,27,0,0,122.009,0.27397044331343756
6,14,RF+GB,14,27,0,0,123.018,0.267865335283767
6,14,RF+GB,14,27,0,0,124.009,0.25502952990564876
6,14,RF+GB,14,27,0,0,125.0098,0.2708092667186749
6,14,RF+GB,14,27,0,0,126.0095,0.2929896794984458
6,14,RF+GB,14,27,0,0,127.0099,0.2980263922227368
6,14,RF+GB,14,27,0,0,128.0105,0.2855956849743688
6,14,RF+GB,14,27,0,0,129.0213,0.2867321511688384
6,14,RF+GB,14,27,0,0,130.0093,0.29640118806051435
6,14,RF+GB,14,27,0,0,131.0209,0.295055281626723
6,14,RF+GB,14,27,0,0,132.0093,0.29222349030142636
6,14,RF+GB,14,27,0,0,133.009,0.28737124643612816
6,14,RF+GB,14,27,0,0,134.0183,0.2959301150554922
6,14,RF+GB,14,27,1,2,135.0096,0.3472806600408528
6,14,RF+GB,14,27,1,2,136.0103,0.3494420580835863
6,14,RF+GB,14,27,1,2,137.0105,0.40296103736403677
6,14,RF+GB,14,27,1,2,138.0104,0.4277656848445015
6,14,RF+GB,14,27,1,2,139.0104,0.3904717697009062
6,14,RF+GB,14,27,1,2,140.019,0.34274633923459863
6,14,RF+GB,14,27,1,2,141.0098,0.334416074931423
6,14,RF+GB,14,27,1,2,142.0099,0.380932235732166
6,14,RF+GB,14,27,1,2,143.0113,0.4147331127944239
6,14,RF+GB,14,27,1,2,144.0116,0.4325373443277005
6,14,RF+GB,14,27,1,2,145.0109,0.4196417404291016
6,14,RF+GB,14,27,1,2,146.0108,0.42371570793878566
6,14,RF+GB,14,27,1,2,147.0107,0.4658450389320371
6,14,RF+GB,14,27,1,2,148.0109,0.44631302449368093
6,14,RF+GB,14,27,1,2,149.0112,0.5950895100517759
6,14,RF+GB,14,27,1,2,150.0111,0.5918312426447705
6,14,RF+GB,14,27,1,2,151.0102,0.6219922040613635
6,14,RF+GB,14,27,1,2,152.0108,0.7386408305304422
6,14,RF+GB,14,27,1,2,153.0114,0.7060105281784381
6,14,RF+GB,14,27,1,2,154.0109,0.5098982453827927
6,14,RF+GB,14,27,1,2,155.0107,0.46096388571039737
6,14,RF+GB,14,27,1,2,156.0103,0.4518468364456406
6,14,RF+GB,14,27,1,2,157.0111,0.5704029499439833
6,14,RF+GB,14,27,1,2,158.0107,0.5653721073178688
6,14,RF+GB,14,27,1,2,159.0117,0.6106468711987874
6,14,RF+GB,14,27,1,2,160.0122,0.6102500856708877
6,14,RF+GB,14,27,1,2,161.0119,0.6047490399857438
6,14,RF+GB,14,27,1,2,162.011,0.6332608459872924
6,14,RF+GB,14,27,1,2,163.0109,0.6369152813337648
6,14,RF+GB,14,27,1,2,164.0102,0.6307618590403772
6,14,RF+GB,14,27,1,2,165.0107,0.627410300811837
6,14,RF+GB,14,27,1,2,166.01,0.6334055901568926
6,14,RF+GB,14,27,1,2,167.011,0.6476283481128922
6,14,RF+GB,14,27,1,2,168.0117,0.6348908298558241
6,14,RF+GB,14,27,1,2,169.0114,0.6228274227456028
6,14,RF+GB,14,27,1,2,170.0124,0.6375184452871983
6,14,RF+GB,14,27,1,2,171.0132,0.641204445272544
6,14,RF+GB,14,27,1,2,172.0111,0.6587615796102784
6,14,RF+GB,14,27,1,2,173.0098,0.6498187630500301
6,14,RF+GB,14,27,1,2,174.0115,0.6486458927278476
6,14,RF+GB,14,27,1,2,175.0128,0.6035250907335932
6,14,RF+GB,14,27,1,2,176.0125,0.6548124050344224
6,14,RF+GB,14,27,1,2,177.0113,0.6626374153539385
6,14,RF+GB,14,27,1,2,178.0124,0.6745390330278416
6,14,RF+GB,14,27,1,2,179.0121,0.6161191288177306
6,14,RF+GB,14,27,1,2,180.0115,0.5140061155563885
6,14,RF+GB,14,27,1,2,181.0128,0.3854247883407541
6,14,RF+GB,14,27,1,2,182.0121,0.41111483118320147
6,14,RF+GB,14,27,1,2,183.0128,0.41733251000041505
6,14,RF+GB,14,27,1,2,184.0131,0.5748142892020388
6,14,RF+GB,14,27,1,2,185.0134,0.6229715185361016
6,14,RF+GB,14,27,1,2,186.0142,0.7048293450294656
6,14,RF+GB,14,27,1,2,187.0148,0.7479703373992521
6,14,RF+GB,14,27,1,2,188.013,0.7661851501618244
6,14,RF+GB,14,27,1,2,189.0133,0.7349453314647726
6,14,RF+GB,14,27,1,2,190.0127,0.6788083051689222
6,14,RF+GB,14,27,1,2,191.0129,0.6825499120588048
6,14,RF+GB,14,27,1,2,192.0126,0.7532427168291924
6,14,RF+GB,14,27,1,2,193.0123,0.6833231915490806
6,14,RF+GB,14,27,1,2,194.0129,0.6732931276447964
6,14,RF+GB,14,27,0,0,195.0138,0.5337946653191177
6,14,RF+GB,14,27,0,0,196.0139,0.528615405866762
6,14,RF+GB,14,27,0,0,197.014,0.5748169517042923
6,14,RF+GB,14,27,0,0,198.0153,0.6895564592715205
6,14,RF+GB,14,27,0,0,199.0154,0.7178161993763315
6,14,RF+GB,14,27,0,0,200.0137,0.7462873604682404
6,14,RF+GB,14,27,0,0,201.0133,0.6886035426302146
6,14,RF+GB,14,27,0,0,202.014,0.7087783981980824
6,14,RF+GB,14,27,0,0,203.0149,0.7457193206913724
6,14,RF+GB,14,27,0,0,204.0157,0.7669441058921704
6,14,RF+GB,14,27,0,0,205.0156,0.7792307492247477
6,14,RF+GB,14,27,0,0,206.0157,0.7862019611869308
6,14,RF+GB,14,27,0,0,207.0146,0.7659206786924022
6,14,RF+GB,14,27,0,0,208.0148,0.7754751596694742
6,14,RF+GB,14,27,0,0,209.0162,0.775854898897302
6,14,RF+GB,14,27,0,0,210.0147,0.7709132340680792
6,14,RF+GB,14,27,0,0,211.0141,0.758253962986317
6,14,RF+GB,14,27,0,0,212.0139,0.7589810723180133
6,14,RF+GB,14,27,0,0,213.0145,0.7637645823695827
6,14,RF+GB,14,27,0,0,214.0139,0.726023744989991
6,14,RF+GB,14,27,0,0,215.0152,0.7263210229787147
6,14,RF+GB,14,27,0,0,216.0154,0.7157086582663805
6,14,RF+GB,14,27,0,0,217.0155,0.6903985506426173
6,14,RF+GB,14,27,0,0,218.0154,0.7492121953538704
6,14,RF+GB,14,27,0,0,219.0161,0.7738829357583095
6,14,RF+GB,14,27,0,0,220.0133,0.7710267924114657
6,14,RF+GB,14,27,0,0,221.0157,0.7695345448663244
6,14,RF+GB,14,27,0,0,222.016,0.7764239574337968
6,14,RF+GB,14,27,0,0,223.0163,0.7850846351243378
6,14,RF+GB,14,27,0,0,224.0161,0.7999614012730729
6,14,RF+GB,14,27,0,0,225.0156,0.7975263577985757
6,14,RF+GB,14,27,0,0,226.0158,0.7466826996786994
6,14,RF+GB,14,27,0,0,227.0152,0.7452841038151519
6,14,RF+GB,14,27,0,0,228.0145,0.7551789498145827
6,14,RF+GB,14,27,0,0,229.0143,0.684479333898365
6,14,RF+GB,14,27,0,0,230.015,0.5364878784439782
6,14,RF+GB,14,27,0,0,231.0147,0.3561304193047459
6,14,RF+GB,14,27,0,0,232.0167,0.3305809781614301
6,14,RF+GB,14,27,0,0,233.0171,0.32973182205353546
6,14,RF+GB,14,27,0,0,234.0177,0.327737566752871
6,14,RF+GB,14,27,0,0,235.0167,0.30497964063597177
6,14,RF+GB,14,27,0,0,236.0168,0.32946551047618244
6,14,RF+GB,14,27,0,0,237.0172,0.33245659855805193
6,14,RF+GB,14,27,0,0,238.0165,0.2966243974688953
6,14,RF+GB,14,27,0,0,239.0155,0.2380887771024617
6,14,RF+GB,14,27,0,0,240.0154,0.22988287707401484
6,14,RF+GB,14,27,0,0,241.0162,0.24007882489573587
6,14,RF+GB,14,27,0,0,242.0153,0.2711881747649947
6,14,RF+GB,14,27,0,0,243.0169,0.2586107044954203
6,14,RF+GB,14,27,0,0,244.017,0.2651355356720822
6,14,RF+GB,14,27,0,0,245.0175,0.27275473433315145
6,14,RF+GB,14,27,0,0,246.0175,0.2701219591227846
6,14,RF+GB,14,27,0,0,247.0189,0.25596422037187494
6,14,RF+GB,14,27,0,0,248.0175,0.2557558242882414
6,14,RF+GB,14,27,0,0,249.0157,0.2590424990191948
6,14,RF+GB,14,27,0,0,250.0172,0.2576448223216718
6,14,RF+GB,14,27,0,0,251.0182,0.2668783532046816
6,14,RF+GB,14,27,0,0,252.019,0.2714533402459456
6,14,RF+GB,14,27,0,0,253.0187,0.2765010826014653
6,14,RF+GB,14,27,0,0,254.0191,0.284618836787036
6,14,RF+GB,14,27,0,0,255.0179,0.28114995922935754
6,14,RF+GB,14,27,0,0,256.0189,0.2857664102232954
6,14,RF+GB,14,27,0,0,257.0168,0.271505107115968
6,14,RF+GB,14,27,0,0,258.0172,0.2774076266602298
6,14,RF+GB,14,27,0,0,259.0182,0.2753316136041283
6,14,RF+GB,14,27,0,0,260.0174,0.2805186052146671
6,14,RF+GB,14,27,0,0,261.0188,0.2767320001379158
6,14,RF+GB,14,27,0,0,262.0185,0.34790607395352313
6,14,RF+GB,14,27,0,0,263.0108,0.34315948961940634
6,14,RF+GB,14,27,0,0,264.0196,0.287315534109144
6,14,RF+GB,14,27,0,0,265.0177,0.29156880471249447
6,14,RF+GB,14,27,0,0,266.017,0.3034935450621313
6,14,RF+GB,14,27,0,0,267.0185,0.3532752282272599
6,14,RF+GB,14,27,0,0,268.0191,0.3093752754917222
6,14,RF+GB,14,27,0,0,269.0094,0.29613204606639837
6,14,RF+GB,14,27,0,0,270.0097,0.31630388597822773
6,14,RF+GB,14,27,0,0,271.0201,0.3091662284264616
6,14,RF+GB,14,27,0,0,272.0097,0.3007628339830918
6,14,RF+GB,14,27,0,0,273.0197,0.2881443825791047
6,14,RF+GB,14,27,0,0,274.0097,0.31003987788543014
6,14,RF+GB,14,27,0,0,275.0197,0.31073356852356004
6,14,RF+GB,14,27,0,0,276.0195,0.39075695409310784
6,14,RF+GB,14,27,1,1,277.0191,0.38095166830959526
6,14,RF+GB,14,27,1,1,278.0207,0.4564056705904844
6,14,RF+GB,14,27,1,1,279.0197,0.46033063562627924
6,14,RF+GB,14,27,1,1,280.0204,0.4661184455325259
6,14,RF+GB,14,27,1,1,281.0213,0.44808709904153876
6,14,RF+GB,14,27,1,1,282.0106,0.42938113262531974
6,14,RF+GB,14,27,1,1,283.0107,0.5151231423327055
6,14,RF+GB,14,27,1,1,284.0201,0.5167963853003128
6,14,RF+GB,14,27,1,1,285.0201,0.4935470996626782
6,14,RF+GB,14,27,1,1,286.0099,0.3872506986740475
6,14,RF+GB,14,27,1,1,287.02,0.44996668971651843
6,14,RF+GB,14,27,1,1,288.01,0.6193486361145278
6,14,RF+GB,14,27,1,1,289.011,0.616132768095015
6,14,RF+GB,14,27,1,1,290.011,0.6364990745194297
6,14,RF+GB,14,27,1,1,291.0101,0.6408785741262355
6,14,RF+GB,14,27,1,1,292.011,0.5698159736457676
6,14,RF+GB,14,27,1,1,293.0103,0.6191148187495115
6,14,RF+GB,14,27,1,1,294.011,0.6643418089208399
6,14,RF+GB,14,27,1,1,295.0106,0.6856191596860973
6,14,RF+GB,14,27,1,1,296.0206,0.6378442318237614
6,14,RF+GB,14,27,1,1,297.0204,0.665412458667241
6,14,RF+GB,14,27,1,1,298.0102,0.7312478781592331
6,14,RF+GB,14,27,1,1,299.0202,0.7428718981160178
6,14,RF+GB,14,27,1,1,300.0211,0.7686264362284694
6,14,RF+GB,14,27,1,1,301.0101,0.7614237503054138
6,14,RF+GB,14,28,0,0,0.0111128,0.0009930368238936535
6,14,RF+GB,14,28,0,0,1.009833,0.006328642629205278
6,14,RF+GB,14,28,0,0,2.010395,0.0022550940237871233
6,14,RF+GB,14,28,0,0,3.011393,0.02958023606921827
6,14,RF+GB,14,28,0,0,4.0115,0.04336309604349264
6,14,RF+GB,14,28,0,0,5.012748,0.02446307105241838
6,14,RF+GB,14,28,0,0,6.014083,0.023456688837505096
6,14,RF+GB,14,28,0,0,7.013341,0.01819155556768221
6,14,RF+GB,14,28,0,0,8.015121,0.06077879923724654
6,14,RF+GB,14,28,0,0,9.014697,0.05176758475693281
6,14,RF+GB,14,28,0,0,10.01435,0.04508105478984061
6,14,RF+GB,14,28,0,0,11.0154,0.04312750860922286
6,14,RF+GB,14,28,0,0,12.0133,0.0457177640103848
6,14,RF+GB,14,28,0,0,13.01444,0.05090633847837064
6,14,RF+GB,14,28,0,0,14.01499,0.09842590750081583
6,14,RF+GB,14,28,0,0,15.01424,0.12253710610909417
6,14,RF+GB,14,28,0,0,16.01418,0.2332980119126895
6,14,RF+GB,14,28,0,0,17.01338,0.24116052851203323
6,14,RF+GB,14,28,0,0,18.01521,0.20940521354879213
6,14,RF+GB,14,28,0,0,19.01558,0.19051262419263318
6,14,RF+GB,14,28,0,0,20.01401,0.18332279733837348
6,14,RF+GB,14,28,0,0,21.01581,0.18085197281533946
6,14,RF+GB,14,28,0,0,22.01543,0.12716835682966351
6,14,RF+GB,14,28,0,0,23.01588,0.17491068214119174
6,14,RF+GB,14,28,0,0,24.01619,0.17667034634291667
6,14,RF+GB,14,28,0,0,25.01628,0.16887790229153665
6,14,RF+GB,14,28,0,0,26.0155,0.16412752895692412
6,14,RF+GB,14,28,0,0,27.01602,0.13225179590233554
6,14,RF+GB,14,28,0,0,28.01654,0.11751481452462037
6,14,RF+GB,14,28,0,0,29.01629,0.10609035405683782
6,14,RF+GB,14,28,0,0,30.01612,0.12034874601833193
6,14,RF+GB,14,28,0,0,31.01567,0.1270371743214064
6,14,RF+GB,14,28,0,0,32.01504,0.13726856179754657
6,14,RF+GB,14,28,0,0,33.01624,0.14151005460900806
6,14,RF+GB,14,28,0,0,34.0147,0.13327231439210793
6,14,RF+GB,14,28,0,0,35.01396,0.13967423483135583
6,14,RF+GB,14,28,0,0,36.01606,0.1007750502431241
6,14,RF+GB,14,28,0,0,37.01563,0.10117760666540815
6,14,RF+GB,14,28,0,0,38.01526,0.11858835955969257
6,14,RF+GB,14,28,0,0,39.01506,0.1297257417819833
6,14,RF+GB,14,28,0,0,40.0174,0.12276203535407706
6,14,RF+GB,14,28,0,0,41.01774,0.152827495930863
6,14,RF+GB,14,28,0,0,42.01627,0.22685022896890988
6,14,RF+GB,14,28,0,0,43.01559,0.2022377659631272
6,14,RF+GB,14,28,0,0,44.01618,0.2543390502646937
6,14,RF+GB,14,28,0,0,45.01551,0.2355574601820678
6,14,RF+GB,14,28,0,0,46.01629,0.2382989518444939
6,14,RF+GB,14,28,0,0,47.01807,0.20227533160202685
6,14,RF+GB,14,28,0,0,48.01582,0.20664432828933532
6,14,RF+GB,14,28,0,0,49.01778,0.22337675549685332
6,14,RF+GB,14,28,0,0,50.01649,0.23525631058897029
6,14,RF+GB,14,28,0,0,51.01685,0.19398387418293161
6,14,RF+GB,14,28,0,0,52.01536,0.1726578742333036
6,14,RF+GB,14,28,0,0,53.01762,0.19022356797318063
6,14,RF+GB,14,28,0,0,54.01741,0.20629168606404824
6,14,RF+GB,14,28,0,0,55.01841,0.18772379084041108
6,14,RF+GB,14,28,0,0,56.01595,0.19471128051653908
6,14,RF+GB,14,28,0,0,57.01751,0.2019487723717717
6,14,RF+GB,14,28,0,0,58.01589,0.18018322213870536
6,14,RF+GB,14,28,0,0,59.01643,0.1849282839778492
6,14,RF+GB,14,28,0,0,60.01655,0.1818971537875562
6,14,RF+GB,14,28,0,0,61.01838,0.21190351610679892
6,14,RF+GB,14,28,0,0,62.01884,0.21128822209278186
6,14,RF+GB,14,28,0,0,63.01641,0.2268157645141433
6,14,RF+GB,14,28,0,0,64.0168,0.2343826095786327
6,14,RF+GB,14,28,0,0,65.01732,0.2161485024986799
6,14,RF+GB,14,28,0,0,66.01808,0.2075012500920399
6,14,RF+GB,14,28,0,0,67.01823,0.23154108895569125
6,14,RF+GB,14,28,0,0,68.01816,0.26275838479370534
6,14,RF+GB,14,28,0,0,69.01759,0.26712105433804917
6,14,RF+GB,14,28,0,0,70.01744,0.2598211079500919
6,14,RF+GB,14,28,0,0,71.01709,0.25618916488795884
6,14,RF+GB,14,28,0,0,72.01596,0.2635441388731683
6,14,RF+GB,14,28,0,0,73.01692,0.2730685812453204
6,14,RF+GB,14,28,0,0,74.0185,0.27777106807398455
6,14,RF+GB,14,28,0,0,75.01855,0.27755419775534423
6,14,RF+GB,14,28,0,0,76.01823,0.27839906434296935
6,14,RF+GB,14,28,0,0,77.01774,0.2784865559602722
6,14,RF+GB,14,28,0,0,78.01897,0.2766528917610462
6,14,RF+GB,14,28,0,0,79.01764,0.25214597530378124
6,14,RF+GB,14,28,0,0,80.01952,0.2475334923680371
6,14,RF+GB,14,28,0,0,81.01741,0.25550688696019297
6,14,RF+GB,14,28,0,0,82.01808,0.28004524697821975
6,14,RF+GB,14,28,0,0,83.01849,0.21863359176727817
6,14,RF+GB,14,28,0,0,84.01945,0.2209370773006217
6,14,RF+GB,14,28,0,0,85.01937,0.21806867470994581
6,14,RF+GB,14,28,0,0,86.01777,0.2157365981501862
6,14,RF+GB,14,28,0,0,87.0088,0.2171951741260119
6,14,RF+GB,14,28,0,0,88.00897,0.2214381575413572
6,14,RF+GB,14,28,0,0,89.00903,0.22094265825535947
6,14,RF+GB,14,28,0,0,90.00906,0.22047632669752604
6,14,RF+GB,14,28,0,0,91.01865,0.22132084368860996
6,14,RF+GB,14,28,0,0,92.00906,0.22988840472561264
6,14,RF+GB,14,28,0,0,93.01897,0.22783079353466248
6,14,RF+GB,14,28,0,0,94.01846,0.22407634440295668
6,14,RF+GB,14,28,0,0,95.01842,0.214658918252887
6,14,RF+GB,14,28,0,0,96.01799,0.2111960481302772
6,14,RF+GB,14,28,0,0,97.01869,0.21165706363242265
6,14,RF+GB,14,28,0,0,98.02034,0.21438184585085637
6,14,RF+GB,14,28,0,0,99.00938,0.21187799069060684
6,14,RF+GB,14,28,0,0,100.0092,0.22589804813547107
6,14,RF+GB,14,28,0,0,101.0099,0.22868354974440844
6,14,RF+GB,14,28,0,0,102.0094,0.22225494401997503
6,14,RF+GB,14,28,0,0,103.0204,0.21826072207373975
6,14,RF+GB,14,28,0,0,104.0199,0.22995952651761603
6,14,RF+GB,14,28,0,0,105.0094,0.2282299875602185
6,14,RF+GB,14,28,0,0,106.0093,0.23529710221265263
6,14,RF+GB,14,28,0,0,107.0091,0.2369615241431183
6,14,RF+GB,14,28,0,0,108.0092,0.22332821948175277
6,14,RF+GB,14,28,0,0,109.0197,0.22888945431358565
6,14,RF+GB,14,28,0,0,110.0095,0.2345824666942694
6,14,RF+GB,14,28,0,0,111.01,0.23248053839252233
6,14,RF+GB,14,28,0,0,112.0107,0.24067677999770648
6,14,RF+GB,14,28,0,0,113.0104,0.3130521624992785
6,14,RF+GB,14,28,0,0,114.0103,0.32684250182034524
6,14,RF+GB,14,28,0,0,115.0095,0.32965936475871055
6,14,RF+GB,14,28,0,0,116.01,0.3306027890867692
6,14,RF+GB,14,28,0,0,117.0105,0.3331963468870081
6,14,RF+GB,14,28,0,0,118.0109,0.3483396962715904
6,14,RF+GB,14,28,0,0,119.012,0.3295648778498075
6,14,RF+GB,14,28,0,0,120.0113,0.33579783966714766
6,14,RF+GB,14,28,0,0,121.0113,0.3557603255696738
6,14,RF+GB,14,28,0,0,122.0116,0.36592981147273396
6,14,RF+GB,14,28,0,0,123.0119,0.37307548480596175
6,14,RF+GB,14,28,0,0,124.0118,0.3680638019889441
6,14,RF+GB,14,28,0,0,125.0108,0.364595249918528
6,14,RF+GB,14,28,0,0,126.011,0.42324005315754487
6,14,RF+GB,14,28,0,0,127.0124,0.38342916811777333
6,14,RF+GB,14,28,0,0,128.0108,0.3669800648636727
6,14,RF+GB,14,28,0,0,129.0105,0.43530926509521956
6,14,RF+GB,14,28,0,0,130.0117,0.44633783203340405
6,14,RF+GB,14,28,0,0,131.0111,0.5784829802198156
6,14,RF+GB,14,28,0,0,132.0108,0.7396362724592259
6,14,RF+GB,14,28,0,0,133.0106,0.7424334705744224
6,14,RF+GB,14,28,0,0,134.0097,0.7433355371390689
6,14,RF+GB,14,28,0,0,135.0104,0.7339054800036324
6,14,RF+GB,14,28,0,0,136.0105,0.7251762002730846
6,14,RF+GB,14,28,0,0,137.011,0.7216150142153426
6,14,RF+GB,14,28,0,0,138.0112,0.7190092585677907
6,14,RF+GB,14,28,0,0,139.0102,0.6456584671667804
6,14,RF+GB,14,28,0,0,140.0111,0.637737650528907
6,14,RF+GB,14,28,0,0,141.0099,0.629841296234721
6,14,RF+GB,14,28,0,0,142.0102,0.6532099198705311
6,14,RF+GB,14,28,0,0,143.0106,0.6547734114443297
6,14,RF+GB,14,28,0,0,144.012,0.6461557158539067
6,14,RF+GB,14,28,0,0,145.0106,0.6601353649466308
6,14,RF+GB,14,28,0,0,146.012,0.6576995005292842
6,14,RF+GB,14,28,0,0,147.0115,0.6648996407894163
6,14,RF+GB,14,28,0,0,148.0123,0.6650309742725868
6,14,RF+GB,14,28,0,0,149.012,0.6739497584514298
6,14,RF+GB,14,28,0,0,150.0118,0.6620693376519544
6,14,RF+GB,14,28,0,0,151.0124,0.6722696992095663
6,14,RF+GB,14,28,0,0,152.0128,0.6852211566585193
6,14,RF+GB,14,28,0,0,153.0126,0.7005919691987879
6,14,RF+GB,14,28,0,0,154.0121,0.6956618325182249
6,14,RF+GB,14,28,0,0,155.012,0.7030930957396682
6,14,RF+GB,14,28,0,0,156.0126,0.7022432374956544
6,14,RF+GB,14,28,0,0,157.013,0.7066892323116629
6,14,RF+GB,14,28,0,0,158.0121,0.7245869806210041
6,14,RF+GB,14,28,0,0,159.0126,0.7314738373896014
6,14,RF+GB,14,28,0,0,160.0124,0.7146656704070835
6,14,RF+GB,14,28,0,0,161.0119,0.7195800859220007
6,14,RF+GB,14,28,0,0,162.013,0.7039027187285678
6,14,RF+GB,14,28,0,0,163.0129,0.6846919509750236
6,14,RF+GB,14,28,0,0,164.0133,0.6680200332171069
6,14,RF+GB,14,28,0,0,165.0129,0.6795777576742619
6,14,RF+GB,14,28,0,0,166.0124,0.6770178593936935
6,14,RF+GB,14,28,0,0,167.0136,0.6581967214769102
6,14,RF+GB,14,28,0,0,168.0131,0.6593671646281744
6,14,RF+GB,14,28,0,0,169.0124,0.622545050898106
6,14,RF+GB,14,28,0,0,170.0131,0.6440876073971669
6,14,RF+GB,14,28,0,0,171.0138,0.6663075479803827
6,14,RF+GB,14,28,0,0,172.0135,0.6664732542639595
6,14,RF+GB,14,28,0,0,173.014,0.6599866575341613
6,14,RF+GB,14,28,0,0,174.0137,0.6268505940836686
6,14,RF+GB,14,28,0,0,175.0137,0.643782644705615
6,14,RF+GB,14,28,0,0,176.0139,0.6297157011412244
6,14,RF+GB,14,28,0,0,177.0143,0.6233308137216685
6,14,RF+GB,14,28,0,0,178.0135,0.6041089999211354
6,14,RF+GB,14,28,0,0,179.0138,0.5876587396799765
6,14,RF+GB,14,28,0,0,180.0135,0.5835296062717991
6,14,RF+GB,14,28,0,0,181.0143,0.5500619689030445
6,14,RF+GB,14,28,0,0,182.0144,0.5679951043895439
6,14,RF+GB,14,28,0,0,183.0134,0.5565043492396516
6,14,RF+GB,14,28,0,0,184.0142,0.5511006264396094
6,14,RF+GB,14,28,0,0,185.0128,0.5295515402366787
6,14,RF+GB,14,28,0,0,186.0135,0.5417329651676955
6,14,RF+GB,14,28,0,0,187.0139,0.5362336054006774
6,14,RF+GB,14,28,0,0,188.0138,0.5676664752643966
6,14,RF+GB,14,28,0,0,189.015,0.5561860929459905
6,14,RF+GB,14,28,0,0,190.0154,0.5531937829306205
6,14,RF+GB,14,28,0,0,191.0153,0.5858099671131214
6,14,RF+GB,14,28,0,0,192.015,0.4885498024133754
6,14,RF+GB,14,28,0,0,193.0144,0.5292982818656706
6,14,RF+GB,14,28,0,0,194.0154,0.521668050774799
6,14,RF+GB,14,28,0,0,195.0154,0.5407104382761873
6,14,RF+GB,14,28,0,0,196.0153,0.5723122260184309
6,14,RF+GB,14,28,0,0,197.0166,0.5802300104779339
6,14,RF+GB,14,28,0,0,198.0156,0.5421372382621008
6,14,RF+GB,14,28,0,0,199.0165,0.2618244172935676
6,14,RF+GB,14,28,0,0,200.0164,0.21890421695971748
6,14,RF+GB,14,28,0,0,201.0146,0.2237548663762192
6,14,RF+GB,14,28,0,0,202.0159,0.23233331229490742
6,14,RF+GB,14,28,0,0,203.0147,0.22610268734986416
6,14,RF+GB,14,28,0,0,204.015,0.2173449352334528
6,14,RF+GB,14,28,0,0,205.0149,0.2195155905436143
6,14,RF+GB,14,28,0,0,206.0154,0.22386819026746899
6,14,RF+GB,14,28,0,0,207.0155,0.23860443475601412
6,14,RF+GB,14,28,0,0,208.0162,0.2457256548524105
6,14,RF+GB,14,28,0,0,209.0153,0.24611826789868904
6,14,RF+GB,14,28,0,0,210.0164,0.24615654627588396
6,14,RF+GB,14,28,0,0,211.0156,0.24448987960921728
6,14,RF+GB,14,28,0,0,212.0163,0.24601271756987977
6,14,RF+GB,14,28,0,0,213.0176,0.25013395996250154
6,14,RF+GB,14,28,0,0,214.0176,0.24694173160304908
6,14,RF+GB,14,28,0,0,215.0165,0.2500368875225496
6,14,RF+GB,14,28,0,0,216.0159,0.2472126327777014
6,14,RF+GB,14,28,0,0,217.0159,0.25309714707728165
6,14,RF+GB,14,28,0,0,218.0158,0.25072362683494176
6,14,RF+GB,14,28,0,0,219.0164,0.2525092824733845
6,14,RF+GB,14,28,0,0,220.0166,0.25148406058744766
6,14,RF+GB,14,28,0,0,221.016,0.25518143235958707
6,14,RF+GB,14,28,0,0,222.0175,0.25815581243902014
6,14,RF+GB,14,28,0,0,223.0178,0.26073341664224864
6,14,RF+GB,14,28,0,0,224.0176,0.30532233378356066
6,14,RF+GB,14,28,0,0,225.018,0.5816863329956968
6,14,RF+GB,14,28,0,0,226.0181,0.6377648767792125
6,14,RF+GB,14,28,0,0,227.018,0.5916461876766953
6,14,RF+GB,14,28,0,0,228.0176,0.5701139665913711
6,14,RF+GB,14,28,0,0,229.0186,0.5690207557032139
6,14,RF+GB,14,28,0,0,230.0179,0.5717586292614408
6,14,RF+GB,14,28,0,0,231.0177,0.5650091732374469
6,14,RF+GB,14,28,0,0,232.0178,0.5690673443613652
6,14,RF+GB,14,28,0,0,233.018,0.2960764088409904
6,14,RF+GB,14,28,0,0,234.017,0.26740184072228584
6,14,RF+GB,14,28,0,0,235.0178,0.26755415632312635
6,14,RF+GB,14,28,0,0,236.0177,0.26510168867519696
6,14,RF+GB,14,28,0,0,237.0187,0.2653807050014473
6,14,RF+GB,14,28,0,0,238.0185,0.279094132005885
6,14,RF+GB,14,28,0,0,239.0183,0.26694539759248725
6,14,RF+GB,14,28,0,0,240.0186,0.26553506442026376
6,14,RF+GB,14,28,0,0,241.0184,0.26275483414070144
6,14,RF+GB,14,28,0,0,242.0192,0.254347104558987
6,14,RF+GB,14,28,0,0,243.018,0.2570956444528414
6,14,RF+GB,14,28,0,0,244.0168,0.2562292817959348
6,14,RF+GB,14,28,0,0,245.0174,0.2638593358496325
6,14,RF+GB,14,28,0,0,246.0177,0.26178468548666894
6,14,RF+GB,14,28,0,0,247.0178,0.24281854646210468
6,14,RF+GB,14,28,0,0,248.0176,0.2407252491703904
6,14,RF+GB,14,28,0,0,249.0175,0.22077783584862795
6,14,RF+GB,14,28,0,0,250.0193,0.2216567207457922
6,14,RF+GB,14,28,0,0,251.0192,0.22421365522782966
6,14,RF+GB,14,28,0,0,252.0187,0.23297876339891546
6,14,RF+GB,14,28,1,3,253.0184,0.22908856530010735
6,14,RF+GB,14,28,1,3,254.0191,0.22739088126744933
6,14,RF+GB,14,28,1,3,255.0188,0.2343090084831243
6,14,RF+GB,14,28,1,3,256.019,0.22407893991798802
6,14,RF+GB,14,28,1,3,257.009,0.21860013408367301
6,14,RF+GB,14,28,1,3,258.009,0.21782250217616506
6,14,RF+GB,14,28,1,3,259.0089,0.21527341676997333
6,14,RF+GB,14,28,1,3,260.0201,0.2159253064072775
6,14,RF+GB,14,28,1,3,261.0089,0.25568549270931207
6,14,RF+GB,14,28,1,3,262.0198,0.2895523055649601
6,14,RF+GB,14,28,1,3,263.0199,0.31383749601183336
6,14,RF+GB,14,28,1,3,264.0095,0.3277325486298095
6,14,RF+GB,14,28,1,3,265.0092,0.324742438383844
6,14,RF+GB,14,28,1,3,266.0198,0.33455873772477696
6,14,RF+GB,14,28,1,3,267.02,0.33045277979569576
6,14,RF+GB,14,28,1,3,268.0094,0.38171296593211945
6,14,RF+GB,14,28,1,3,269.0094,0.4253832737276865
6,14,RF+GB,14,28,1,3,270.0103,0.4041903589290213
6,14,RF+GB,14,28,1,3,271.01,0.4008570255956879
6,14,RF+GB,14,28,1,3,272.0204,0.39247564231293564
6,14,RF+GB,14,28,1,3,273.0203,0.34145515382582936
6,14,RF+GB,14,28,1,3,274.0092,0.3282075525758618
6,14,RF+GB,14,28,1,3,275.0203,0.33210178761139175
6,14,RF+GB,14,28,1,3,276.0095,0.33853509201749826
6,14,RF+GB,14,28,1,3,277.0092,0.32414899071260855
6,14,RF+GB,14,28,1,3,278.0089,0.3204123027619474
6,14,RF+GB,14,28,1,3,279.011,0.3186043453420223
6,14,RF+GB,14,28,1,3,280.0101,0.313026250956706
6,14,RF+GB,14,28,1,3,281.0095,0.32074252235264034
6,14,RF+GB,14,28,1,3,282.0099,0.32890207103794733
6,14,RF+GB,14,28,1,3,283.0117,0.32980619569703595
6,14,RF+GB,14,28,1,3,284.0094,0.3524960510636982
6,14,RF+GB,14,28,1,3,285.0087,0.33990686249456203
6,14,RF+GB,14,28,1,3,286.0101,0.3263991243465141
6,14,RF+GB,14,28,1,3,287.0098,0.31906569976271104
6,14,RF+GB,14,28,1,3,288.0103,0.34197655809707256
6,14,RF+GB,14,28,1,3,289.0108,0.3221732273752525
6,14,RF+GB,14,28,1,3,290.0102,0.3313798662562224
6,14,RF+GB,14,28,1,3,291.0107,0.3441275093223068
6,14,RF+GB,14,28,1,3,292.0105,0.3368319435403619
6,14,RF+GB,14,28,1,3,293.0114,0.34935951924677755
6,14,RF+GB,14,28,1,2,294.0107,0.36125908729199036
6,14,RF+GB,14,28,1,2,295.0113,0.3702193897697282
6,14,RF+GB,14,28,1,2,296.0103,0.38558121107924836
6,14,RF+GB,14,28,1,2,297.0109,0.3752017634424861
6,14,RF+GB,14,28,1,2,298.0119,0.3777261481143802
6,14,RF+GB,14,28,1,2,299.0108,0.37043215617775455
6,14,RF+GB,14,28,1,2,300.0102,0.3717854426903225
6,14,RF+GB,14,28,1,2,301.0107,0.3983732851499966
6,14,RF+GB,6,29,0,0,0.0112192,0.0006773133792990587
6,14,RF+GB,6,29,0,0,1.011824,0.003665773417724104
6,14,RF+GB,6,29,0,0,2.016775,0.008030971459261103
6,14,RF+GB,6,29,0,0,3.01134,0.003425848825671147
6,14,RF+GB,6,29,0,0,4.016446,0.005802943508442864
6,14,RF+GB,6,29,0,0,5.010691,0.0027470140710205973
6,14,RF+GB,6,29,0,0,6.014781,0.0017070692580598568
6,14,RF+GB,6,29,0,0,7.021184,0.0050391556690899805
6,14,RF+GB,6,29,0,0,8.014297,0.007825691547486035
6,14,RF+GB,6,29,0,0,9.017834,0.006709629734113188
6,14,RF+GB,6,29,0,0,10.0143,0.003377480987609774
6,14,RF+GB,6,29,0,0,11.0198,0.009286891759899055
6,14,RF+GB,6,29,0,0,12.01373,0.007337095705366326
6,14,RF+GB,6,29,0,0,13.01924,0.007335576656928939
6,14,RF+GB,6,29,0,0,14.01323,0.007344542518645846
6,14,RF+GB,6,29,0,0,15.01874,0.0042796964907109705
6,14,RF+GB,6,29,0,0,16.02178,0.004280257270468842
6,14,RF+GB,6,29,0,0,17.0179,0.004276086387226444
6,14,RF+GB,6,29,0,0,18.01236,0.004276086387226444
6,14,RF+GB,6,29,0,0,19.01663,0.0042851412150452855
6,14,RF+GB,6,29,0,0,20.01117,0.004281885640830897
6,14,RF+GB,6,29,0,0,21.01589,0.00428628934807452
6,14,RF+GB,6,29,0,0,22.01227,0.004293674219143009
6,14,RF+GB,6,29,0,0,23.01739,0.0033719334931477697
6,14,RF+GB,6,29,0,0,24.01122,0.0016990736606158046
6,14,RF+GB,6,29,0,0,25.01702,0.0033746047963581346
6,14,RF+GB,6,29,0,0,26.0217,0.0017057762377089018
6,14,RF+GB,6,29,0,0,27.01569,0.001701460441883004
6,14,RF+GB,6,29,0,0,28.02129,0.004283816855840864
6,14,RF+GB,6,29,0,0,29.01555,0.005967506478780974
6,14,RF+GB,6,29,0,0,30.01976,0.0042997746717540666
6,14,RF+GB,6,29,0,0,31.01329,0.01373924742145281
6,14,RF+GB,6,29,0,0,32.02007,0.017791678377556176
6,14,RF+GB,6,29,0,0,33.01092,0.015754124549486517
6,14,RF+GB,6,29,0,0,34.01912,0.017711087614151695
6,14,RF+GB,6,29,0,0,35.01377,0.015213049841581972
6,14,RF+GB,6,29,0,0,36.01718,0.02830614546585118
6,14,RF+GB,6,29,0,0,37.01274,0.030444155316663772
6,14,RF+GB,6,29,0,0,38.01831,0.025393391750040257
6,14,RF+GB,6,29,0,0,39.01217,0.021504031844409764
6,14,RF+GB,6,29,0,0,40.01754,0.02371196456103409
6,14,RF+GB,6,29,0,0,41.01052,0.024887367959195467
6,14,RF+GB,6,29,0,0,42.01724,0.02379864076062862
6,14,RF+GB,6,29,0,0,43.02027,0.02318246206762691
6,14,RF+GB,6,29,0,0,44.01577,0.023807889415724932
6,14,RF+GB,6,29,0,0,45.02153,0.024492976570548074
6,14,RF+GB,6,29,0,0,46.01505,0.02499204691418599
6,14,RF+GB,6,29,0,0,47.02,0.023325867817883626
6,14,RF+GB,6,29,0,0,48.01451,0.02452257281070753
6,14,RF+GB,6,29,0,0,49.02043,0.02334362307457875
6,14,RF+GB,6,29,0,0,50.01405,0.025047784033018824
6,14,RF+GB,6,29,0,0,51.02033,0.024875688397010882
6,14,RF+GB,6,29,0,0,52.01211,0.02554476746431226
6,14,RF+GB,6,29,0,0,53.01879,0.026433302406718096
6,14,RF+GB,6,29,0,0,54.01346,0.025354703257914717
6,14,RF+GB,6,29,0,0,55.01865,0.031239397300255174
6,14,RF+GB,6,29,0,0,56.0123,0.027416697752271988
6,14,RF+GB,6,29,0,0,57.01873,0.03112883100182198
6,14,RF+GB,6,29,0,0,58.01094,0.028984051498858777
6,14,RF+GB,6,29,0,0,59.01741,0.03287334511716915
6,14,RF+GB,6,29,0,0,60.01103,0.03365405406559269
6,14,RF+GB,6,29,0,0,61.01686,0.03182392318100428
6,14,RF+GB,6,29,0,0,62.02135,0.03700720926119332
6,14,RF+GB,6,29,0,0,63.01606,0.03980121743019464
6,14,RF+GB,6,29,0,0,64.01111,0.03926119140652629
6,14,RF+GB,6,29,0,0,65.01536,0.04071445935049328
6,14,RF+GB,6,29,0,0,66.01973,0.03451274699858536
6,14,RF+GB,6,29,0,0,67.01254,0.03639808560366605
6,14,RF+GB,6,29,0,0,68.02018,0.03770810248377203
6,14,RF+GB,6,29,0,0,69.01416,0.028191952589263464
6,14,RF+GB,6,29,0,0,70.02119,0.03241199583735168
6,14,RF+GB,6,29,0,0,71.01406,0.042157535224875795
6,14,RF+GB,6,29,0,0,72.01811,0.04214131417272908
6,14,RF+GB,6,29,0,0,73.01423,0.04135021781487906
6,14,RF+GB,6,29,0,0,74.01737,0.043617309076862835
6,14,RF+GB,6,29,0,0,75.01094,0.03861276581743907
6,14,RF+GB,6,29,0,0,76.0176,0.04287509260263802
6,14,RF+GB,6,29,0,0,77.02081,0.044426420861001084
6,14,RF+GB,6,29,0,0,78.01769,0.043260664712551515
6,14,RF+GB,6,29,0,0,79.01154,0.04400676758897858
6,14,RF+GB,6,29,0,0,80.01762,0.04509152085624185
6,14,RF+GB,6,29,0,0,81.01078,0.040471953324438134
6,14,RF+GB,6,29,0,0,82.01668,0.04141992244043725
6,14,RF+GB,6,29,0,0,83.01159,0.0474432601320868
6,14,RF+GB,6,29,0,0,84.0154,0.051293251584921144
6,14,RF+GB,6,29,0,0,85.0213,0.048708733633399365
6,14,RF+GB,6,29,0,0,86.01613,0.04714811500967334
6,14,RF+GB,6,29,0,0,87.02153,0.0455856363919297
6,14,RF+GB,6,29,0,0,88.01397,0.04457825788873108
6,14,RF+GB,6,29,0,0,89.02009,0.04269389217010411
6,14,RF+GB,6,29,0,0,90.0147,0.0406394286605817
6,14,RF+GB,6,29,0,0,91.01833,0.04288356561505451
6,14,RF+GB,6,29,0,0,92.01338,0.041215854821646886
6,14,RF+GB,6,29,0,0,93.01836,0.04038777290886056
6,14,RF+GB,6,29,0,0,94.01306,0.0431734505150763
6,14,RF+GB,6,29,0,0,95.01991,0.05240379222540848
6,14,RF+GB,6,29,0,0,96.01231,0.059729429724367705
6,14,RF+GB,6,29,0,0,97.01806,0.0683721789392745
6,14,RF+GB,6,29,0,0,98.01287,0.06736236970086404
6,14,RF+GB,6,29,0,0,99.0177,0.06609056941409458
6,14,RF+GB,6,29,0,0,100.0129,0.06210894390417611
6,14,RF+GB,6,29,0,0,101.0174,0.06044227723750944
6,14,RF+GB,6,29,0,0,102.012,0.061348088328408774
6,14,RF+GB,6,29,0,0,103.0166,0.06442390274742792
6,14,RF+GB,6,29,0,0,104.0114,0.0650700887445298
6,14,RF+GB,6,29,0,0,105.016,0.06681452508282251
6,14,RF+GB,6,29,0,0,106.0215,0.06681452508282251
6,14,RF+GB,6,29,0,0,107.0152,0.06615876779990103
6,14,RF+GB,6,29,0,0,108.0193,0.06589664294777983
6,14,RF+GB,6,29,0,0,109.015,0.06592055429176247
6,14,RF+GB,6,29,0,0,110.0205,0.0647318591888145
6,14,RF+GB,6,29,0,0,111.0144,0.07380774422382327
6,14,RF+GB,6,29,0,0,112.0205,0.0721410775571566
6,14,RF+GB,6,29,0,0,113.0114,0.06729790806269634
6,14,RF+GB,6,29,0,0,114.0195,0.06629274522967729
6,14,RF+GB,6,29,0,0,115.0128,0.06462607856301061
6,14,RF+GB,6,29,0,0,116.0194,0.06611127163156179
6,14,RF+GB,6,29,0,0,117.0126,0.06840182958831954
6,14,RF+GB,6,29,0,0,118.0177,0.07093317248897715
6,14,RF+GB,6,29,0,0,119.0121,0.0805992205828869
6,14,RF+GB,6,29,0,0,120.0173,0.09521149597533371
6,14,RF+GB,6,29,0,0,121.0209,0.09187816264200037
6,14,RF+GB,6,29,0,0,122.0168,0.09934074210495217
6,14,RF+GB,6,29,0,0,123.0214,0.10419591446922874
6,14,RF+GB,6,29,0,0,124.0167,0.09725788649382928
6,14,RF+GB,6,29,0,0,125.021,0.09988465742755952
6,14,RF+GB,6,29,0,0,126.0145,0.10265307065523824
6,14,RF+GB,6,29,0,0,127.0109,0.11884128500105906
6,14,RF+GB,6,29,0,0,128.0153,0.1293756405969089
6,14,RF+GB,6,29,0,0,129.0204,0.12304278441646942
6,14,RF+GB,6,29,0,0,130.0143,0.1351870856913077
6,14,RF+GB,6,29,0,0,131.0208,0.13256440312575493
6,14,RF+GB,6,29,0,0,132.0134,0.14118113736101
6,14,RF+GB,6,29,0,0,133.019,0.14118113736101
6,14,RF+GB,6,29,0,0,134.0134,0.14623846420596862
6,14,RF+GB,6,29,0,0,135.0182,0.14717493405492543
6,14,RF+GB,6,29,0,0,136.0138,0.15497337032118402
6,14,RF+GB,6,29,0,0,137.0193,0.16381720293470547
6,14,RF+GB,6,29,0,0,138.0129,0.16615062726179922
6,14,RF+GB,6,29,0,0,139.018,0.16543053237246563
6,14,RF+GB,6,29,0,0,140.0114,0.16128328478533183
6,14,RF+GB,6,29,0,0,141.0173,0.16312619227357605
6,14,RF+GB,6,29,0,0,142.0123,0.30280242048926453
6,14,RF+GB,6,29,0,0,143.0174,0.33593555620842125
6,14,RF+GB,6,29,0,0,144.0198,0.34068331577985794
6,14,RF+GB,6,29,0,0,145.0158,0.3347257947659611
6,14,RF+GB,6,29,0,0,146.022,0.3339801687408107
6,14,RF+GB,6,29,0,0,147.0161,0.3344610884781233
6,14,RF+GB,6,29,0,0,148.0215,0.3331248213577779
6,14,RF+GB,6,29,0,0,149.0159,0.2563455268685853
6,14,RF+GB,6,29,0,0,150.0214,0.2463455268685853
6,14,RF+GB,6,29,0,0,151.0148,0.23252816809318438
6,14,RF+GB,6,29,0,0,152.0203,0.227959640198454
6,14,RF+GB,6,29,0,0,153.015,0.22530105279111062
6,14,RF+GB,6,29,0,0,154.0197,0.21733642798381989
6,14,RF+GB,6,29,0,0,155.0137,0.20172573175757863
6,14,RF+GB,6,29,0,0,156.0195,0.1948929942658485
6,14,RF+GB,6,29,0,0,157.0139,0.1948929942658485
6,14,RF+GB,6,29,0,0,158.0179,0.19405168268056544
6,14,RF+GB,6,29,0,0,159.0134,0.18534194134935333
6,14,RF+GB,6,29,0,0,160.0171,0.18789296377174755
6,14,RF+GB,6,29,0,0,161.0113,0.19116922089870464
6,14,RF+GB,6,29,0,0,162.0164,0.200381085041359
6,14,RF+GB,6,29,0,0,163.022,0.1996181453657621
6,14,RF+GB,6,29,0,0,164.0161,0.2082319119853383
6,14,RF+GB,6,29,0,0,165.022,0.2091545727577711
6,14,RF+GB,6,29,0,0,166.0165,0.2180586716919048
6,14,RF+GB,6,29,0,0,167.0112,0.2351946185149078
6,14,RF+GB,6,29,0,0,168.0158,0.2551041776774718
6,14,RF+GB,6,29,0,0,169.0202,0.2582616935834016
6,14,RF+GB,6,29,0,0,170.0141,0.26632059845578704
6,14,RF+GB,6,29,0,0,171.0207,0.2602279672697919
6,14,RF+GB,6,29,0,0,172.0139,0.252033592562467
6,14,RF+GB,6,29,0,0,173.0192,0.26145538304431387
6,14,RF+GB,6,29,0,0,174.013,0.26265757361205544
6,14,RF+GB,6,29,0,0,175.0175,0.26145538304431387
6,14,RF+GB,6,29,0,0,176.0135,0.24767963843293614
6,14,RF+GB,6,29,0,0,177.0181,0.26296779003109694
6,14,RF+GB,6,29,0,0,178.0124,0.2685074390010195
6,14,RF+GB,6,29,0,0,179.0186,0.27891180158165585
6,14,RF+GB,6,29,0,0,180.0117,0.26104877311481856
6,14,RF+GB,6,29,0,0,181.0171,0.29084288004491776
6,14,RF+GB,6,29,0,0,182.0113,0.2891472813571102
6,14,RF+GB,6,29,0,0,183.0171,0.285317239977238
6,14,RF+GB,6,29,0,0,184.0217,0.2978603459497924
6,14,RF+GB,6,29,0,0,185.0134,0.2903364543467801
6,14,RF+GB,6,29,0,0,186.0216,0.2864596149383437
6,14,RF+GB,6,29,0,0,187.0153,0.2974170002646523
6,14,RF+GB,6,29,0,0,188.0214,0.3260488101750761
6,14,RF+GB,6,29,0,0,189.0154,0.2681785351894058
6,14,RF+GB,6,29,0,0,190.0175,0.26760083550163055
6,14,RF+GB,6,29,0,0,191.0144,0.26239595926531445
6,14,RF+GB,6,29,0,0,192.0198,0.25677529497703744
6,14,RF+GB,6,29,0,0,193.0143,0.2564647455067387
6,14,RF+GB,6,29,0,0,194.0198,0.23670645104999694
6,14,RF+GB,6,29,0,0,195.0145,0.2246970990346884
6,14,RF+GB,6,29,0,0,196.0186,0.22337288341953102
6,14,RF+GB,6,29,0,0,197.0138,0.23071834523991416
6,14,RF+GB,6,29,0,0,198.0177,0.24047187434027287
6,14,RF+GB,6,29,0,0,199.0128,0.24108592125892556
6,14,RF+GB,6,29,0,0,200.015,0.23165260907051738
6,14,RF+GB,6,29,0,0,201.0131,0.2290161327060092
6,14,RF+GB,6,29,0,0,202.0175,0.23010319398004692
6,14,RF+GB,6,29,0,0,203.0224,0.229086417234228
6,14,RF+GB,6,29,0,0,204.0173,0.22799176434442356
6,14,RF+GB,6,29,0,0,205.0222,0.22556128742985604
6,14,RF+GB,6,29,0,0,206.0159,0.22392968458664517
6,14,RF+GB,6,29,0,0,207.0197,0.22582527966167742
6,14,RF+GB,6,29,0,0,208.0167,0.22249194632834413
6,14,RF+GB,6,29,0,0,209.0206,0.2224919463283441
6,14,RF+GB,6,29,0,0,210.0151,0.21892451432191148
6,14,RF+GB,6,29,0,0,211.0197,0.2222578476552448
6,14,RF+GB,6,29,0,0,212.0139,0.21431683903561843
6,14,RF+GB,6,29,0,0,213.0196,0.21944845333002344
6,14,RF+GB,6,29,0,0,214.0141,0.21458789713560877
6,14,RF+GB,6,29,0,0,215.0178,0.2090908928888777
6,14,RF+GB,6,29,0,0,216.012,0.20671941306535788
6,14,RF+GB,6,29,0,0,217.0189,0.20903227748274636
6,14,RF+GB,6,29,0,0,218.0127,0.2071591830758664
6,14,RF+GB,6,29,0,0,219.0185,0.20549251640919974
6,14,RF+GB,6,29,0,0,220.0132,0.20882584974253307
6,14,RF+GB,6,29,0,0,221.0173,0.2121591830758664
6,14,RF+GB,6,29,0,0,222.0124,0.2071591830758664
6,14,RF+GB,6,29,0,0,223.017,0.21207560575458964
6,14,RF+GB,6,29,0,0,224.0219,0.20460072571282692
6,14,RF+GB,6,29,0,0,225.0162,0.20968306886981045
6,14,RF+GB,6,29,0,0,226.0217,0.20424469065625214
6,14,RF+GB,6,29,0,0,227.0157,0.20863918276461824
6,14,RF+GB,6,29,0,0,228.0207,0.21652877083477626
6,14,RF+GB,6,29,0,0,229.0154,0.21706873733839394
6,14,RF+GB,6,29,0,0,230.0205,0.2211405404770666
6,14,RF+GB,6,29,0,0,231.0153,0.22188353560359256
6,14,RF+GB,6,29,0,0,232.0194,0.22149484365368793
6,14,RF+GB,6,29,0,0,233.0133,0.21194846140396903
6,14,RF+GB,6,29,0,0,234.0184,0.21511070853354805
6,14,RF+GB,6,29,0,0,235.0122,0.2055921543071287
6,14,RF+GB,6,29,0,0,236.0163,0.20683734511553722
6,14,RF+GB,6,29,0,0,237.0122,0.20552177718392214
6,14,RF+GB,6,29,0,0,238.0178,0.20548541279449786
6,14,RF+GB,6,29,0,0,239.0128,0.2034954199996213
6,14,RF+GB,6,29,0,0,240.0172,0.20273248032402444
6,14,RF+GB,6,29,0,0,241.0219,0.20830873658276527
6,14,RF+GB,6,29,0,0,242.0162,0.2100155717451125
6,14,RF+GB,6,29,0,0,243.0118,0.2115261543879387
6,14,RF+GB,6,29,0,0,244.017,0.21301712827880562
6,14,RF+GB,6,29,0,0,245.0216,0.21356656724911843
6,14,RF+GB,6,29,0,0,246.0154,0.20829603467779004
6,14,RF+GB,6,29,0,0,247.0208,0.20100069873501342
6,14,RF+GB,6,29,0,0,248.0148,0.1997115846317032
6,14,RF+GB,6,29,0,0,249.0202,0.19999916848489058
6,14,RF+GB,6,29,0,0,250.0158,0.20141804115085357
6,14,RF+GB,6,29,0,0,251.0202,0.1960409139472373
6,14,RF+GB,6,29,0,0,252.0149,0.19741578958931924
6,14,RF+GB,6,29,0,0,253.0197,0.19815010032414124
6,14,RF+GB,6,29,0,0,254.0136,0.20582051814015187
6,14,RF+GB,6,29,0,0,255.0182,0.2088797957201035
6,14,RF+GB,6,29,0,0,256.0139,0.20198269996701135
6,14,RF+GB,6,29,0,0,257.0173,0.20083788087880086
6,14,RF+GB,6,29,0,0,258.013,0.19843833546462666
6,14,RF+GB,6,29,0,0,259.0187,0.19851120128343197
6,14,RF+GB,6,29,0,0,260.021,0.19852400824917404
6,14,RF+GB,6,29,0,0,261.0178,0.19102001170948313
6,14,RF+GB,6,29,0,0,262.0128,0.19020974287733444
6,14,RF+GB,6,29,0,0,263.0165,0.1923646131315243
6,14,RF+GB,6,29,0,0,264.022,0.1923646131315243
6,14,RF+GB,6,29,0,0,265.0162,0.19268673841714262
6,14,RF+GB,6,29,0,0,266.0201,0.19194976921721552
6,14,RF+GB,6,29,0,0,267.0135,0.19378629150832663
6,14,RF+GB,6,29,0,0,268.0216,0.1959843787702028
6,14,RF+GB,6,29,0,0,269.0137,0.19878729427644642
6,14,RF+GB,6,29,0,0,270.0212,0.1918518181561506
6,14,RF+GB,6,29,0,0,271.0142,0.19689278356472972
6,14,RF+GB,6,29,0,0,272.0176,0.19902076437796382
6,14,RF+GB,6,29,0,0,273.0138,0.20233862143537693
6,14,RF+GB,6,29,0,0,274.0176,0.19943562972168755
6,14,RF+GB,6,29,0,0,275.0136,0.2009120292796228
6,14,RF+GB,6,29,0,0,276.0194,0.20670833740158967
6,14,RF+GB,6,29,0,0,277.011,0.21202443919547617
6,14,RF+GB,6,29,0,0,278.0184,0.22252904136342588
6,14,RF+GB,6,29,0,0,279.0128,0.2288404019726479
6,14,RF+GB,6,29,0,0,280.0181,0.23110899857738557
6,14,RF+GB,6,29,0,0,281.0127,0.248443646427757
6,14,RF+GB,6,29,0,0,282.0156,0.2515111311860033
6,14,RF+GB,6,29,0,0,283.0111,0.25726222467971577
6,14,RF+GB,6,29,0,0,284.0166,0.2617946182079726
6,14,RF+GB,6,29,0,0,285.0219,0.2998100597300675
6,14,RF+GB,6,29,0,0,286.016,0.2968728621429389
6,14,RF+GB,6,29,0,0,287.0216,0.3115604973152408
6,14,RF+GB,6,29,0,0,288.0144,0.3220962433616947
6,14,RF+GB,6,29,0,0,289.0197,0.3204035303921836
6,14,RF+GB,6,29,0,0,290.0124,0.32042957669502803
6,14,RF+GB,6,29,0,0,291.018,0.3170701970588503
6,14,RF+GB,6,29,0,0,292.0144,0.3160987374097606
6,14,RF+GB,6,29,0,0,293.0191,0.31520233412647214
6,14,RF+GB,6,29,0,0,294.0126,0.32266578063830853
6,14,RF+GB,6,29,0,0,295.0191,0.32090385704722035
6,14,RF+GB,6,29,0,0,296.0124,0.3121101470567364
6,14,RF+GB,6,29,0,0,297.0182,0.3096795961163642
6,14,RF+GB,6,29,0,0,298.0114,0.31134138894363506
6,14,RF+GB,6,29,0,0,299.0173,0.29789422720685155
6,14,RF+GB,6,29,0,0,300.0121,0.287153000721483
6,14,RF+GB,6,29,0,0,301.018,0.299072565849929
