pair_g,pair_h,model,participant,session,y,sev,t,proba
4,8,RF,4,5,0,0,0.0112268,0.030907680200996972
4,8,RF,4,5,0,0,1.010952,0.0073322332233223325
4,8,RF,4,5,0,0,2.01688,0.0019794122269369795
4,8,RF,4,5,0,0,3.010709,0.005942165645135942
4,8,RF,4,5,0,0,4.015441,0.007390136777217951
4,8,RF,4,5,0,0,5.010154,0.0033333333333333335
4,8,RF,4,5,0,0,6.01441,0.0
4,8,RF,4,5,0,0,7.008793,0.0
4,8,RF,4,5,0,0,8.014668,0.0
4,8,RF,4,5,0,0,9.007746,0.001124122807017544
4,8,RF,4,5,0,0,10.01372,0.0
4,8,RF,4,5,0,0,11.00726,0.00779078947368421
4,8,RF,4,5,0,0,12.01249,0.02643233533892119
4,8,RF,4,5,0,0,13.00669,0.05253473192408664
4,8,RF,4,5,0,0,14.01282,0.05876834102137662
4,8,RF,4,5,0,0,15.00744,0.06069456751789507
4,8,RF,4,5,0,0,16.01075,0.05394089248995596
4,8,RF,4,5,0,0,17.01668,0.03830489176413488
4,8,RF,4,5,0,0,18.0118,0.0418121658124565
4,8,RF,4,5,0,0,19.01557,0.03592761679997713
4,8,RF,4,5,0,0,20.00926,0.03791056509480661
4,8,RF,4,5,0,0,21.01652,0.045927616799977124
4,8,RF,4,5,0,0,22.00971,0.0671876734921914
4,8,RF,4,5,0,0,23.01418,0.05219204064457913
4,8,RF,4,5,0,0,24.00919,0.05417577473227361
4,8,RF,4,5,0,0,25.01588,0.07615636564850808
4,8,RF,4,5,0,0,26.00942,0.10145699589781364
4,8,RF,4,5,0,0,27.01412,0.09146799699792366
4,8,RF,4,5,0,0,28.00889,0.07076864134807295
4,8,RF,4,5,0,0,29.01367,0.07484487735682177
4,8,RF,4,5,0,0,30.00709,0.07037289800852074
4,8,RF,4,5,0,0,31.01377,0.0674694255259244
4,8,RF,4,5,0,0,32.00727,0.06328785658878912
4,8,RF,4,5,0,0,33.01159,0.06328785658878912
4,8,RF,4,5,0,0,34.00792,0.05681603875867625
4,8,RF,4,5,0,0,35.01075,0.047896658014447674
4,8,RF,4,5,0,0,36.00707,0.036721165434515805
4,8,RF,4,5,0,0,37.01272,0.036740024463275824
4,8,RF,4,5,0,0,38.01709,0.036740024463275824
4,8,RF,4,5,0,0,39.01067,0.036740024463275824
4,8,RF,4,5,0,0,40.01581,0.04007335779660915
4,8,RF,4,5,0,0,41.01084,0.04007335779660915
4,8,RF,4,5,0,0,42.01547,0.040067464350121644
4,8,RF,4,5,0,0,43.01104,0.048739474408270325
4,8,RF,4,5,0,0,44.01458,0.048739474408270325
4,8,RF,4,5,0,0,45.00882,0.048739474408270325
4,8,RF,4,5,0,0,46.01222,0.048739474408270325
4,8,RF,4,5,0,0,47.00699,0.04673413101678831
4,8,RF,4,5,0,0,48.01369,0.04673413101678831
4,8,RF,4,5,0,0,49.00858,0.04673413101678831
4,8,RF,4,5,0,0,50.01452,0.04340079768345498
4,8,RF,4,5,0,0,51.00806,0.04340079768345498
4,8,RF,4,5,0,0,52.01318,0.050067464350121646
4,8,RF,4,5,0,0,53.00839,0.04340079768345498
4,8,RF,4,5,0,0,54.01276,0.03807233626588465
4,8,RF,4,5,0,0,55.0175,0.03473900293255132
4,8,RF,4,5,0,0,56.01182,0.04140566959921799
4,8,RF,4,5,0,0,57.00686,0.03807233626588465
4,8,RF,4,5,0,0,58.01109,0.04140566959921799
4,8,RF,4,5,0,0,59.01705,0.03807233626588465
4,8,RF,4,5,0,0,60.01059,0.03807233626588465
4,8,RF,4,5,0,0,61.01579,0.04283488257777418
4,8,RF,4,5,0,0,62.00929,0.04140566959921799
4,8,RF,4,5,0,0,63.01626,0.04140566959921799
4,8,RF,4,5,0,0,64.01065,0.03807233626588465
4,8,RF,4,5,0,0,65.01405,0.03807233626588465
4,8,RF,4,5,0,0,66.00948,0.03807233626588465
4,8,RF,4,5,0,0,67.01539,0.03807233626588465
4,8,RF,4,5,0,0,68.00793,0.052012301690998596
4,8,RF,4,5,0,0,69.014,0.05400546529307308
4,8,RF,4,5,0,0,70.00879,0.057338798626406416
4,8,RF,4,5,0,0,71.01364,0.05400546529307308
4,8,RF,4,5,0,0,72.00794,0.05400546529307308
4,8,RF,4,5,0,0,73.01243,0.05400546529307308
4,8,RF,4,5,0,0,74.01789,0.06067213195973975
4,8,RF,4,5,0,0,75.01195,0.06067213195973975
4,8,RF,4,5,0,0,76.01669,0.06400546529307308
4,8,RF,4,5,0,0,77.01137,0.06400546529307308
4,8,RF,4,5,0,0,78.01778,0.06535899350303694
4,8,RF,4,5,0,0,79.00958,0.06869232683637028
4,8,RF,4,5,0,0,80.01713,0.06202566016970361
4,8,RF,4,5,0,0,81.01,0.058692326836370275
4,8,RF,4,5,0,0,82.01595,0.058692326836370275
4,8,RF,4,5,0,0,83.00983,0.06202566016970361
4,8,RF,4,5,0,0,84.01365,0.06202566016970361
4,8,RF,4,5,0,0,85.00916,0.06535899350303694
4,8,RF,4,5,0,0,86.01279,0.06535899350303694
4,8,RF,4,5,0,0,87.00995,0.06535899350303694
4,8,RF,4,5,0,0,88.01443,0.06738083854468398
4,8,RF,4,5,0,0,89.00826,0.07404750521135063
4,8,RF,4,5,0,0,90.01387,0.07404750521135063
4,8,RF,4,5,0,0,91.00777,0.08605049122423764
4,8,RF,4,5,0,0,92.01324,0.0807141718780173
4,8,RF,4,5,0,0,93.00788,0.07404750521135063
4,8,RF,4,5,0,0,94.01026,0.09010395994598995
4,8,RF,4,5,0,0,95.00691,0.09007532227877166
4,8,RF,4,5,1,1,96.01107,0.09140566959921799
4,8,RF,4,5,1,1,97.01478,0.09140566959921799
4,8,RF,4,5,1,1,98.00982,0.093408655612105
4,8,RF,4,5,1,1,99.0165,0.09140566959921799
4,8,RF,4,5,1,1,100.0108,0.09140566959921799
4,8,RF,4,5,1,1,101.0142,0.09807233626588466
4,8,RF,4,5,1,1,102.0099,0.09473900293255132
4,8,RF,4,5,1,1,103.0166,0.09140566959921799
4,8,RF,4,5,1,1,104.0105,0.09473900293255132
4,8,RF,4,5,1,1,105.0166,0.09473900293255132
4,8,RF,4,5,1,1,106.0182,0.09473900293255132
4,8,RF,4,5,1,1,107.0155,0.09473900293255132
4,8,RF,4,5,1,1,108.0081,0.09473900293255132
4,8,RF,4,5,1,1,109.0137,0.08807233626588465
4,8,RF,4,5,1,1,110.0078,0.09473900293255132
4,8,RF,4,5,1,1,111.0129,0.09140566959921799
4,8,RF,4,5,1,1,112.0085,0.09473900293255132
4,8,RF,4,5,1,1,113.0132,0.09947760883067465
4,8,RF,4,5,1,1,114.0183,0.09281094216400798
4,8,RF,4,5,1,1,115.0109,0.09813351013509079
4,8,RF,4,5,1,1,116.0171,0.09281094216400798
4,8,RF,4,5,1,1,117.0108,0.08947760883067464
4,8,RF,4,5,1,1,118.017,0.0948300369306275
4,8,RF,4,5,1,1,119.0105,0.0948300369306275
4,8,RF,4,5,1,1,120.017,0.11941788857293457
4,8,RF,4,5,1,1,121.0103,0.11272764812031791
4,8,RF,4,5,1,1,122.0142,0.11138747838905905
4,8,RF,4,5,1,1,123.0111,0.13803803630199318
4,8,RF,4,5,1,1,124.0154,0.12266411687251676
4,8,RF,4,5,1,1,125.0098,0.11266411687251676
4,8,RF,4,5,1,1,126.016,0.10599745020585008
4,8,RF,4,5,1,1,127.0077,0.11459178060663211
4,8,RF,4,5,1,1,128.0149,0.12409561692376765
4,8,RF,4,5,1,1,129.0092,0.12125844727329876
4,8,RF,4,5,1,1,130.0139,0.12125844727329876
4,8,RF,4,5,1,1,131.0076,0.13637967833740652
4,8,RF,4,5,1,1,132.0115,0.14316624292736932
4,8,RF,4,5,1,1,133.0071,0.15701263449016464
4,8,RF,4,5,1,1,134.0139,0.18096968823386111
4,8,RF,4,5,1,1,135.0174,0.17679880349291355
4,8,RF,4,5,1,1,136.0132,0.19000081638785654
4,8,RF,4,5,1,1,137.0163,0.18642308073447864
4,8,RF,4,5,1,1,138.0116,0.1889063154484826
4,8,RF,4,5,1,1,139.0176,0.21223964878181592
4,8,RF,4,5,1,1,140.0102,0.2217456487055615
4,8,RF,4,5,1,1,141.0144,0.2130897474011453
4,8,RF,4,5,1,1,142.0095,0.22451815846922638
4,8,RF,4,5,1,1,143.0164,0.2292148424233361
4,8,RF,4,5,1,1,144.0101,0.24319488328456507
4,8,RF,4,5,1,1,145.0154,0.24651446524276086
4,8,RF,4,5,1,1,146.0091,0.24693674084997697
4,8,RF,4,5,1,1,147.0136,0.24593993682217685
4,8,RF,4,5,1,1,148.0082,0.24453426722295893
4,8,RF,4,5,1,1,149.0152,0.24453426722295893
4,8,RF,4,5,1,1,150.0077,0.23693674084997696
4,8,RF,4,5,1,1,151.0137,0.23585243475399773
4,8,RF,4,5,1,1,152.0168,0.24518254633658454
4,8,RF,4,5,1,1,153.0125,0.24094428446148095
4,8,RF,4,5,1,1,154.0174,0.23985997836550169
4,8,RF,4,5,1,1,155.0128,0.24325538933517013
4,8,RF,4,5,1,1,156.0177,0.23462699078102897
4,8,RF,4,5,1,1,157.0102,0.24129365744769563
4,8,RF,4,5,1,1,158.0163,0.23523618935833995
4,8,RF,4,5,1,1,159.0115,0.23129365744769562
4,8,RF,4,5,1,1,160.0177,0.23328839263550008
4,8,RF,4,5,1,1,161.0104,0.23589979143283316
4,8,RF,4,5,1,1,162.0165,0.2363202459956798
4,8,RF,4,5,1,1,163.0099,0.23348349687466144
4,8,RF,4,5,1,1,164.0155,0.24077997652262625
4,8,RF,4,5,1,1,165.0094,0.25077997652262624
4,8,RF,4,5,1,1,166.0161,0.2601643078128981
4,8,RF,4,5,1,1,167.0091,0.26548098233749345
4,8,RF,4,5,1,1,168.0139,0.26156997741211613
4,8,RF,4,5,1,1,169.0086,0.26551897945517755
4,8,RF,4,5,1,1,170.0137,0.2668689715972489
4,8,RF,4,5,1,1,171.0075,0.276352742563309
4,8,RF,4,5,1,1,172.0139,0.27436940137204696
4,8,RF,4,5,1,1,173.0076,0.27301940922997564
4,8,RF,4,5,1,1,174.0126,0.2710360680387136
4,8,RF,4,5,1,1,175.0179,0.27374823211226385
4,8,RF,4,5,1,1,176.0124,0.26907080008334666
4,8,RF,4,5,1,1,177.0172,0.2804148987789305
4,8,RF,4,5,1,1,178.0104,0.28703509980374603
4,8,RF,4,5,1,1,179.0168,0.27820125030826465
4,8,RF,4,5,1,1,180.0106,0.28377126536661107
4,8,RF,4,5,1,1,181.0163,0.2925021398257206
4,8,RF,4,5,1,1,182.0099,0.2958354731590539
4,8,RF,4,5,1,1,183.0135,0.2925127480293981
4,8,RF,4,5,1,1,184.0087,0.29249899665426055
4,8,RF,4,5,1,1,185.0154,0.29492740144582363
4,8,RF,4,5,1,1,186.0081,0.28917941469606473
4,8,RF,4,5,1,1,187.016,0.27780174460637036
4,8,RF,4,5,1,1,188.0089,0.2611350779397037
4,8,RF,4,5,1,1,189.0137,0.2652107678313783
4,8,RF,4,5,1,1,190.0086,0.26513856076361125
4,8,RF,4,5,1,1,191.0144,0.27545693448499053
4,8,RF,4,5,1,1,192.0072,0.2927569502008478
4,8,RF,4,5,1,1,193.0135,0.2946555395989581
4,8,RF,4,5,1,1,194.0179,0.29336133875030185
4,8,RF,4,5,1,1,195.013,0.29322712853087707
4,8,RF,4,5,1,1,196.0172,0.2952301145437641
4,8,RF,4,5,1,1,197.0123,0.2952163631686266
4,8,RF,4,5,1,1,198.0175,0.29322712853087707
4,8,RF,4,5,1,1,199.0116,0.2865604618642104
4,8,RF,4,5,1,1,200.0164,0.28459519390884347
4,8,RF,4,5,1,1,201.0108,0.2832349864595271
4,8,RF,4,5,1,1,202.0157,0.28672478142908936
4,8,RF,4,5,1,1,203.0093,0.27811971754044734
4,8,RF,4,5,1,1,204.016,0.27091844634098877
4,8,RF,4,5,1,1,205.009,0.25670967616730633
4,8,RF,4,5,1,1,206.0156,0.2467096761673063
4,8,RF,4,5,1,1,207.0176,0.23920617399227131
4,8,RF,4,5,1,1,208.0142,0.22850171068879807
4,8,RF,4,5,1,1,209.008,0.22183504402213136
4,8,RF,4,5,1,1,210.014,0.24240141688829983
4,8,RF,4,5,1,1,211.0073,0.26601149061460405
4,8,RF,4,5,1,1,212.0144,0.28079579107137953
4,8,RF,4,5,1,1,213.0071,0.2941948807382041
4,8,RF,4,5,1,1,214.0131,0.27220328872185956
4,8,RF,4,5,1,1,215.0179,0.2655366220551929
4,8,RF,4,5,1,1,216.013,0.26689682950450927
4,8,RF,4,5,1,1,217.0178,0.25616940301060304
4,8,RF,4,5,1,1,218.0116,0.26133506207763635
4,8,RF,4,5,1,1,219.016,0.2660784367841107
4,8,RF,4,5,1,1,220.0108,0.268977827308334
4,8,RF,4,5,1,1,221.0161,0.2580924884184288
4,8,RF,4,5,1,1,222.0095,0.24809248841842882
4,8,RF,4,5,1,1,223.0147,0.2569806551031909
4,8,RF,4,5,1,1,224.0093,0.2594385515961752
4,8,RF,4,5,1,1,225.0162,0.24057091300749875
4,8,RF,4,5,1,1,226.0088,0.23655865463880474
4,8,RF,4,5,1,1,227.0151,0.2552644537901485
4,8,RF,4,5,1,1,228.0091,0.24177435418202928
4,8,RF,4,5,1,1,229.0138,0.258510956413681
4,8,RF,4,5,1,1,230.0083,0.25042043307563294
4,8,RF,4,5,1,1,231.0125,0.2570870997422996
4,8,RF,4,5,1,1,232.0183,0.26386960693345096
4,8,RF,4,5,1,1,233.0139,0.2678116007638303
4,8,RF,4,5,1,1,234.0073,0.26447826743049696
4,8,RF,4,5,1,1,235.0123,0.26579289889364327
4,8,RF,4,5,1,1,236.016,0.27517762308034766
4,8,RF,4,5,1,1,237.0108,0.27517762308034766
4,8,RF,4,5,1,1,238.017,0.29047622436904796
4,8,RF,4,5,1,1,239.0087,0.2913130598774163
4,8,RF,4,5,1,1,240.0161,0.3107851470892787
4,8,RF,4,5,1,1,241.01,0.3180871403535997
4,8,RF,4,5,1,1,242.016,0.33339988591387004
4,8,RF,4,5,1,1,243.0107,0.3452828313642597
4,8,RF,4,5,1,1,244.0154,0.35407488198490566
4,8,RF,4,5,1,1,245.0092,0.3818632902517716
4,8,RF,4,5,1,1,246.0161,0.38799716707055715
4,8,RF,4,5,1,1,247.0085,0.3693738761700385
4,8,RF,4,5,1,1,248.0154,0.38740821531823905
4,8,RF,4,5,1,1,249.0085,0.38074154865157234
4,8,RF,4,5,1,1,250.0141,0.3941848691379674
4,8,RF,4,5,1,1,251.0076,0.3755949105111084
4,8,RF,4,5,1,1,252.0128,0.37503094909067564
4,8,RF,4,5,1,1,253.0088,0.3822924609561479
4,8,RF,4,5,1,1,254.0108,0.38895912762281454
4,8,RF,4,5,1,1,255.0078,0.38562579428948124
4,8,RF,4,5,1,1,256.012,0.3802839743932058
4,8,RF,4,5,1,1,257.0182,0.370758842952617
4,8,RF,4,5,1,1,258.0112,0.36879750396157507
4,8,RF,4,5,1,1,259.0172,0.3741200719326579
4,8,RF,4,5,1,1,260.0108,0.3879535847099749
4,8,RF,4,5,1,1,261.017,0.38711120744899297
4,8,RF,4,5,1,1,262.0099,0.3646217933672598
4,8,RF,4,5,1,1,263.0157,0.3790768683007924
4,8,RF,4,5,1,1,264.0089,0.3704869096739334
4,8,RF,4,5,1,1,265.0158,0.3813580359750935
4,8,RF,4,5,1,1,266.0085,0.3746913693084268
4,8,RF,4,5,1,1,267.0144,0.3660590417899606
4,8,RF,4,5,1,1,268.0078,0.3660590417899606
4,8,RF,4,5,1,1,269.0122,0.3753129277871397
4,8,RF,4,5,1,1,270.0178,0.36885940148591567
4,8,RF,4,5,1,1,271.0129,0.3655260681525823
4,8,RF,4,5,1,1,272.0069,0.36046159054622123
4,8,RF,4,5,1,1,273.0135,0.3771282572128879
4,8,RF,4,5,1,1,274.0166,0.3537949238795546
4,8,RF,4,5,1,1,275.0122,0.36806343002661773
4,8,RF,4,5,1,1,276.0172,0.3599867219868101
4,8,RF,4,5,1,1,277.0125,0.36513548650724587
4,8,RF,4,5,1,1,278.0169,0.3904588402711937
4,8,RF,4,5,1,1,279.0107,0.403792173604527
4,8,RF,4,5,1,1,280.0169,0.3990228001329021
4,8,RF,4,5,1,1,281.0101,0.39568946679956873
4,8,RF,4,5,1,1,282.0158,0.41733515010595845
4,8,RF,4,5,1,1,283.0089,0.42709950817270975
4,8,RF,4,5,1,1,284.0149,0.4237661748393764
4,8,RF,4,5,1,1,285.0083,0.4223561334662354
4,8,RF,4,5,1,1,286.0139,0.42709950817270975
4,8,RF,4,5,1,1,287.0074,0.40431668666441234
4,8,RF,4,5,1,1,288.0117,0.42484319173200125
4,8,RF,4,5,1,1,289.007,0.3968422487805633
4,8,RF,4,5,1,1,290.0117,0.41219428398408364
4,8,RF,4,5,1,1,291.008,0.395527617317417
4,8,RF,4,5,1,1,292.0127,0.405527617317417
4,8,RF,4,5,1,1,293.017,0.4005852169211428
4,8,RF,4,5,1,1,294.0127,0.4002969907890419
4,8,RF,4,5,1,1,295.0174,0.40696365745570856
4,8,RF,4,5,1,1,296.0103,0.4243785389469989
4,8,RF,4,5,1,1,297.017,0.40558033711372315
4,8,RF,4,5,1,1,298.0103,0.4177558966050881
4,8,RF,4,5,1,1,299.0154,0.449104452283713
4,8,RF,4,5,1,1,300.0082,0.5372347959172943
4,8,RF,4,5,1,1,301.0146,0.5375692966217172
4,8,RF,4,6,0,0,0.0,0.002013987112997014
4,8,RF,4,6,0,0,1.00495,0.016241860030311393
4,8,RF,4,6,0,0,1.998281,0.010272977427765425
4,8,RF,4,6,0,0,3.004618,0.0
4,8,RF,4,6,0,0,3.999141,0.01196055319817696
4,8,RF,4,6,0,0,5.003382,0.01
4,8,RF,4,6,0,0,5.998161,0.01
4,8,RF,4,6,0,0,7.000859,0.006666666666666667
4,8,RF,4,6,0,0,7.997983,0.016666666666666666
4,8,RF,4,6,0,0,9.002149,0.023484307216931684
4,8,RF,4,6,0,0,9.996326,0.015314317146000315
4,8,RF,4,6,0,0,11.00007,0.0033333333333333335
4,8,RF,4,6,0,0,11.99659,0.00617029742365463
4,8,RF,4,6,0,0,13.00098,0.01596181046676096
4,8,RF,4,6,0,0,13.99541,0.0053272827282728275
4,8,RF,4,6,0,0,14.99912,0.0228106377213332
4,8,RF,4,6,0,0,15.99681,0.07247503971176339
4,8,RF,4,6,0,0,16.99845,0.12011650057198857
4,8,RF,4,6,0,0,18.00539,0.1228432018135413
4,8,RF,4,6,0,0,18.9994,0.055204637540673146
4,8,RF,4,6,0,0,20.00367,0.04456787135373468
4,8,RF,4,6,0,0,20.99707,0.039314430601804506
4,8,RF,4,6,0,0,22.00514,0.032550428386571614
4,8,RF,4,6,0,0,22.99883,0.025901754742073523
4,8,RF,4,6,0,0,24.00393,0.017274534877229897
4,8,RF,4,6,0,0,24.99814,0.02976913709386876
4,8,RF,4,6,0,0,26.00431,0.021137202471835127
4,8,RF,4,6,0,0,26.99778,0.017842765885319332
4,8,RF,4,6,0,0,28.00385,0.011176099218652667
4,8,RF,4,6,0,0,28.99657,0.025103099061494095
4,8,RF,4,6,0,0,30.00375,0.022597831211692596
4,8,RF,4,6,0,0,30.99679,0.03392699984284143
4,8,RF,4,6,0,0,32.00263,0.03059366650950809
4,8,RF,4,6,0,0,32.99657,0.0352997799779978
4,8,RF,4,6,0,0,34.00122,0.04062902718843313
4,8,RF,4,6,0,0,35.00551,0.03176607923416041
4,8,RF,4,6,0,0,36.00011,0.0834854370501892
4,8,RF,4,6,0,0,36.99636,0.08767134587197721
4,8,RF,4,6,0,0,38.00019,0.08433801253864388
4,8,RF,4,6,0,0,39.00475,0.12158355705625092
4,8,RF,4,6,0,0,39.99985,0.12451284678383882
4,8,RF,4,6,0,0,41.00478,0.2231465815035696
4,8,RF,4,6,0,0,41.99879,0.22115734686582017
4,8,RF,4,6,0,0,42.99495,0.22826535026644
4,8,RF,4,6,0,0,43.99932,0.23872739469233498
4,8,RF,4,6,0,0,45.00479,0.2610402050927965
4,8,RF,4,6,0,0,45.99848,0.2695604200704314
4,8,RF,4,6,0,0,47.00407,0.26397791151594757
4,8,RF,4,6,0,0,47.99735,0.2599845121760136
4,8,RF,4,6,0,0,49.00396,0.26385671413080963
4,8,RF,4,6,0,0,49.99818,0.3284627954172106
4,8,RF,4,6,0,0,51.00159,0.31195575333524256
4,8,RF,4,6,0,0,51.99651,0.35791418414230985
4,8,RF,4,6,0,0,53.00211,0.3326825679820563
4,8,RF,4,6,0,0,53.99723,0.3741468257957009
4,8,RF,4,6,0,0,55.00178,0.3788030574977238
4,8,RF,4,6,0,0,55.99569,0.41694081099590297
4,8,RF,4,6,0,0,56.99967,0.43157927028184767
4,8,RF,4,6,0,0,57.99514,0.4371566173248264
4,8,RF,4,6,0,0,59.0001,0.4291391727232233
4,8,RF,4,6,0,0,60.00412,0.4330520076760241
4,8,RF,4,6,0,0,60.99954,0.4396910867184215
4,8,RF,4,6,0,0,62.00455,0.45438423460463867
4,8,RF,4,6,0,0,62.99667,0.4618766500125112
4,8,RF,4,6,0,0,64.00391,0.6671523564764409
4,8,RF,4,6,0,0,64.99876,0.6690970566105366
4,8,RF,4,6,0,0,66.00466,0.6849287398435796
4,8,RF,4,6,0,0,66.99519,0.6885134377384736
4,8,RF,4,6,0,0,68.00278,0.6873660475338288
4,8,RF,4,6,0,0,68.99691,0.6886550676963493
4,8,RF,4,6,0,0,70.00152,0.6977830280920159
4,8,RF,4,6,0,0,70.99718,0.6982695014543333
4,8,RF,4,6,0,0,72.00053,0.7110129695176346
4,8,RF,4,6,0,0,72.99554,0.7043463028509679
4,8,RF,4,6,0,0,74.00175,0.7139503634924459
4,8,RF,4,6,0,0,74.99531,0.721780464074628
4,8,RF,4,6,0,0,76.00156,0.7219701654726438
4,8,RF,4,6,0,0,76.9957,0.7239888673428309
4,8,RF,4,6,0,0,77.99854,0.7286611917181256
4,8,RF,4,6,1,1,79.00594,0.7299758231812719
4,8,RF,4,6,1,1,79.99966,0.7199758231812718
4,8,RF,4,6,1,1,81.0055,0.7155499526639483
4,8,RF,4,6,1,1,81.99766,0.7242211769292319
4,8,RF,4,6,1,1,83.00455,0.7201255057377456
4,8,RF,4,6,1,1,83.99812,0.7167921724044123
4,8,RF,4,6,1,1,85.00332,0.7275273929418051
4,8,RF,4,6,1,1,85.9983,0.7261607878373841
4,8,RF,4,6,1,1,87.00482,0.7329200864637809
4,8,RF,4,6,1,1,87.99602,0.7240248819688117
4,8,RF,4,6,1,1,89.00328,0.7220466484311722
4,8,RF,4,6,1,1,89.99747,0.7200633072399103
4,8,RF,4,6,1,1,91.00337,0.7200633072399103
4,8,RF,4,6,1,1,91.99653,0.7246864893777405
4,8,RF,4,6,1,1,93.00198,0.7039913442764626
4,8,RF,4,6,1,1,93.99605,0.705221342695313
4,8,RF,4,6,1,1,95.0014,0.705221342695313
4,8,RF,4,6,1,1,95.99513,0.715221342695313
4,8,RF,4,6,1,1,97.00123,0.7091978474886496
4,8,RF,4,6,1,1,98.00561,0.7248951874458462
4,8,RF,4,6,1,1,99.00047,0.7154315715498611
4,8,RF,4,6,1,1,100.0045,0.7120982382165277
4,8,RF,4,6,1,1,100.9993,0.7154315715498611
4,8,RF,4,6,1,1,102.0045,0.7168309697649498
4,8,RF,4,6,1,1,102.9964,0.7268309697649498
4,8,RF,4,6,1,1,104.0036,0.7295571917578191
4,8,RF,4,6,1,1,104.998,0.7108718232209654
4,8,RF,4,6,1,1,106.0024,0.7055618279357225
4,8,RF,4,6,1,1,106.9969,0.7136553026593943
4,8,RF,4,6,1,1,108.0033,0.7027791939051682
4,8,RF,4,6,1,1,108.9968,0.7101763498519995
4,8,RF,4,6,1,1,110.0023,0.7093345890685542
4,8,RF,4,6,1,1,110.9956,0.7269987205390875
4,8,RF,4,6,1,1,112.0019,0.7197814864105779
4,8,RF,4,6,1,1,112.9961,0.7250177367264206
4,8,RF,4,6,1,1,114.0015,0.7381412361315342
4,8,RF,4,6,1,1,114.9951,0.7423129428729415
4,8,RF,4,6,1,1,115.9994,0.7436417186076578
4,8,RF,4,6,1,1,116.9956,0.7018945642821017
4,8,RF,4,6,1,1,118.0012,0.7118795293352862
4,8,RF,4,6,1,1,119.0061,0.7013730071763761
4,8,RF,4,6,1,1,119.9999,0.7137683986294938
4,8,RF,4,6,1,1,121.005,0.6910163539417905
4,8,RF,4,6,1,1,121.9982,0.6842712449417995
4,8,RF,4,6,1,1,123.0025,0.6842712449417995
4,8,RF,4,6,1,1,123.9976,0.6985168336518958
4,8,RF,4,6,1,1,125.0031,0.7104308126022044
4,8,RF,4,6,1,1,125.9979,0.7334098420606596
4,8,RF,4,6,1,1,127.0042,0.7514013554977175
4,8,RF,4,6,1,1,127.9954,0.7500336830161837
4,8,RF,4,6,1,1,129.0022,0.7566881698934428
4,8,RF,4,6,1,1,129.9973,0.7533626944887595
4,8,RF,4,6,1,1,131.0019,0.7566960278220929
4,8,RF,4,6,1,1,131.9967,0.7500293611554262
4,8,RF,4,6,1,1,133.0011,0.7492206710686039
4,8,RF,4,6,1,1,133.9959,0.7150225932088364
4,8,RF,4,6,1,1,135.0006,0.682878819985018
4,8,RF,4,6,1,1,135.9956,0.6862121533183514
4,8,RF,4,6,1,1,137.0,0.6875802186963178
4,8,RF,4,6,1,1,137.9949,0.7031753711987335
4,8,RF,4,6,1,1,139.0005,0.7189413320946634
4,8,RF,4,6,1,1,140.005,0.7278280862057226
4,8,RF,4,6,1,1,141.0011,0.727004950532763
4,8,RF,4,6,1,1,142.0049,0.7330329836889979
4,8,RF,4,6,1,1,143.0005,0.7455932813428092
4,8,RF,4,6,1,1,144.0034,0.7373456692961862
4,8,RF,4,6,1,1,144.9979,0.7320093499499658
4,8,RF,4,6,1,1,146.0038,0.7382665683944641
4,8,RF,4,6,1,1,146.9981,0.7329623689640288
4,8,RF,4,6,1,1,148.0031,0.7276677144636055
4,8,RF,4,6,1,1,148.9964,0.7545520557087284
4,8,RF,4,6,1,1,150.0031,0.7329382220311279
4,8,RF,4,6,1,1,150.998,0.7446584765080001
4,8,RF,4,6,1,1,152.0034,0.742328344258594
4,8,RF,4,6,1,1,152.9952,0.7383620547725026
4,8,RF,4,6,1,1,154.0003,0.7325479635942906
4,8,RF,4,6,1,1,154.9953,0.7400715473350917
4,8,RF,4,6,1,1,156.0001,0.7387550817636841
4,8,RF,4,6,1,1,156.995,0.754072703559287
4,8,RF,4,6,1,1,157.9995,0.7507393702259537
4,8,RF,4,6,1,1,158.9955,0.7607393702259537
4,8,RF,4,6,1,1,160.0004,0.7554285891478459
4,8,RF,4,6,1,1,161.0052,0.7607393702259537
4,8,RF,4,6,1,1,161.9997,0.7707393702259537
4,8,RF,4,6,1,1,163.0055,0.7803401373110306
4,8,RF,4,6,1,1,163.9982,0.7836734706443639
4,8,RF,4,6,1,1,165.0044,0.7816881649709393
4,8,RF,4,6,1,1,165.9982,0.7754207312191959
4,8,RF,4,6,1,1,167.0028,0.7667766168077548
4,8,RF,4,6,1,1,167.9974,0.7687540645525293
4,8,RF,4,6,1,1,169.0004,0.7687540645525293
4,8,RF,4,6,1,1,169.9961,0.7620873978858625
4,8,RF,4,6,1,1,171.0027,0.7648167630501919
4,8,RF,4,6,1,1,171.9965,0.7628393153054174
4,8,RF,4,6,1,1,173.0008,0.7701099501410881
4,8,RF,4,6,1,1,173.9957,0.7701099501410881
4,8,RF,4,6,1,1,175.0005,0.7641430320207047
4,8,RF,4,6,1,1,176.0067,0.7661283376941292
4,8,RF,4,6,1,1,176.9993,0.7681057854389036
4,8,RF,4,6,1,1,178.0047,0.7681057854389036
4,8,RF,4,6,1,1,178.9991,0.761439118772237
4,8,RF,4,6,1,1,180.0038,0.761439118772237
4,8,RF,4,6,1,1,180.9995,0.7647724521055703
4,8,RF,4,6,1,1,182.0041,0.7547724521055703
4,8,RF,4,6,1,1,183.0005,0.7461283376941292
4,8,RF,4,6,1,1,184.0035,0.7527871464321457
4,8,RF,4,6,1,1,184.9995,0.7663671685855865
4,8,RF,4,6,1,1,186.0027,0.786013823181541
4,8,RF,4,6,1,1,186.9969,0.8031758506611606
4,8,RF,4,6,1,1,188.0041,0.812538572647645
4,8,RF,4,6,1,1,188.9965,0.8138477035607363
4,8,RF,4,6,1,1,190.0023,0.7954997443521632
4,8,RF,4,6,1,1,190.997,0.8021664110188299
4,8,RF,4,6,1,1,192.0012,0.7968269485011495
4,8,RF,4,6,1,1,192.9953,0.7803775635165067
4,8,RF,4,6,1,1,194.0018,0.7707767964314299
4,8,RF,4,6,1,1,194.9951,0.7707767964314299
4,8,RF,4,6,1,1,196.0017,0.7793671528255599
4,8,RF,4,6,1,1,196.9955,0.7807403258571488
4,8,RF,4,6,1,1,197.9992,0.7720765666240826
4,8,RF,4,6,1,1,199.0046,0.7687432332907493
4,8,RF,4,6,1,1,199.9997,0.7673936340451105
4,8,RF,4,6,1,1,201.0053,0.7765469363386094
4,8,RF,4,6,1,1,201.9996,0.7840603007117771
4,8,RF,4,6,1,1,203.0045,0.785408328371686
4,8,RF,4,6,1,1,203.9994,0.7780403415730061
4,8,RF,4,6,1,1,205.0027,0.7754691409664726
4,8,RF,4,6,1,1,205.9978,0.7801970520255714
4,8,RF,4,6,1,1,207.0028,0.7688608112586376
4,8,RF,4,6,1,1,207.9981,0.7701970520255714
4,8,RF,4,6,1,1,209.0018,0.7655274779253043
4,8,RF,4,6,1,1,209.9971,0.768897641838018
4,8,RF,4,6,1,1,211.0018,0.7697451549230782
4,8,RF,4,6,1,1,211.9965,0.7790345850018761
4,8,RF,4,6,1,1,213.0005,0.7537779597083504
4,8,RF,4,6,1,1,213.9955,0.7409589818131944
4,8,RF,4,6,1,1,215.0018,0.7590360876869958
4,8,RF,4,6,1,1,216.0054,0.766365661965049
4,8,RF,4,6,1,1,216.999,0.7616222872585746
4,8,RF,4,6,1,1,218.0052,0.7582889539252413
4,8,RF,4,6,1,1,219.0004,0.7549556205919079
4,8,RF,4,6,1,1,219.9952,0.7529899597401084
4,8,RF,4,6,1,1,220.9994,0.7563232930734418
4,8,RF,4,6,1,1,222.004,0.7496566264067751
4,8,RF,4,6,1,1,222.9986,0.7496566264067751
4,8,RF,4,6,1,1,224.0039,0.7463307581056592
4,8,RF,4,6,1,1,224.9971,0.7430001750473536
4,8,RF,4,6,1,1,226.0025,0.7363335083806869
4,8,RF,4,6,1,1,226.997,0.7330001750473536
4,8,RF,4,6,1,1,228.0032,0.7330001750473536
4,8,RF,4,6,1,1,228.9982,0.7310129048917666
4,8,RF,4,6,1,1,230.0016,0.7315173461381815
4,8,RF,4,6,1,1,230.9958,0.7310129048917666
4,8,RF,4,6,1,1,232.0021,0.7276795715584332
4,8,RF,4,6,1,1,232.996,0.7210129048917666
4,8,RF,4,6,1,1,234.0009,0.7210756487610567
4,8,RF,4,6,1,1,234.9951,0.7249764441028306
4,8,RF,4,6,1,1,236.0014,0.7297401937869878
4,8,RF,4,6,1,1,236.9952,0.7322016521636873
4,8,RF,4,6,1,1,238.0005,0.7199597796019188
4,8,RF,4,6,1,1,239.0048,0.7086455410352049
4,8,RF,4,6,1,1,239.998,0.7160268863125897
4,8,RF,4,6,1,1,241.0045,0.7209772957692725
4,8,RF,4,6,1,1,241.9997,0.7159514501975498
4,8,RF,4,6,1,1,243.0043,0.7373595596511869
4,8,RF,4,6,1,1,243.9979,0.7276254595592252
4,8,RF,4,6,1,1,245.0045,0.7142921262258919
4,8,RF,4,6,1,1,245.9983,0.7042921262258919
4,8,RF,4,6,1,1,247.0034,0.6935041110934839
4,8,RF,4,6,1,1,247.9966,0.6957785802490313
4,8,RF,4,6,1,1,249.0038,0.6897081171956588
4,8,RF,4,6,1,1,249.9967,0.6823845276938514
4,8,RF,4,6,1,1,251.0027,0.6738354948172935
4,8,RF,4,6,1,1,251.9969,0.5892961350642295
4,8,RF,4,6,1,1,253.0018,0.5831622353618153
4,8,RF,4,6,1,1,254.0059,0.5764955686951487
4,8,RF,4,6,1,1,255.0009,0.5764955686951487
4,8,RF,4,6,1,1,256.006,0.570432870197486
4,8,RF,4,6,1,1,257.0001,0.569828902028482
4,8,RF,4,6,1,1,257.9961,0.5664955686951487
4,8,RF,4,6,1,1,259.0005,0.579828902028482
4,8,RF,4,6,1,1,260.0055,0.579828902028482
4,8,RF,4,6,1,1,260.9998,0.581196614063348
4,8,RF,4,6,1,1,262.0056,0.5622880748349127
4,8,RF,4,6,1,1,262.9988,0.5490493016866819
4,8,RF,4,6,1,1,264.0048,0.5557159683533486
4,8,RF,4,6,1,1,264.9983,0.5543392592538672
4,8,RF,4,6,1,1,266.0038,0.5390221918328393
4,8,RF,4,6,1,1,266.9969,0.5309917420956317
4,8,RF,4,6,1,1,268.0023,0.5287313442656136
4,8,RF,4,6,1,1,268.9973,0.5353980109322803
4,8,RF,4,6,1,1,270.0033,0.5207217575926606
4,8,RF,4,6,1,1,270.9977,0.5226250757668226
4,8,RF,4,6,1,1,272.0032,0.5259411216571259
4,8,RF,4,6,1,1,272.9963,0.5278624237797872
4,8,RF,4,6,1,1,274.0013,0.5278797112228172
4,8,RF,4,6,1,1,275.0058,0.5212130445561506
4,8,RF,4,6,1,1,276.0016,0.5178797112228172
4,8,RF,4,6,1,1,276.9961,0.5212130445561506
4,8,RF,4,6,1,1,278.0005,0.5165690087239958
4,8,RF,4,6,1,1,279.0054,0.518829406554014
4,8,RF,4,6,1,1,280.0003,0.5266275780679163
4,8,RF,4,6,1,1,281.0043,0.5446371647408693
4,8,RF,4,6,1,1,281.9992,0.5349757191284757
4,8,RF,4,6,1,1,283.0033,0.5422666982263857
4,8,RF,4,6,1,1,283.9978,0.540354570900674
4,8,RF,4,6,1,1,285.0029,0.5336787294370577
4,8,RF,4,6,1,1,285.9962,0.5350999354446793
4,8,RF,4,6,1,1,287.0033,0.535600031559719
4,8,RF,4,6,1,1,287.9975,0.5370651433421106
4,8,RF,4,6,1,1,289.0008,0.5337318100087773
4,8,RF,4,6,1,1,289.995,0.5370651433421106
4,8,RF,4,6,1,1,291.0015,0.5298562736621075
4,8,RF,4,6,1,1,291.9957,0.5279222653503902
4,8,RF,4,6,1,1,292.9995,0.5365229403287741
4,8,RF,4,6,1,1,293.9948,0.5317751857749254
4,8,RF,4,6,1,1,295.0001,0.5318330411617707
4,8,RF,4,6,1,1,296.0042,0.5284997078284374
4,8,RF,4,6,1,1,297.0004,0.5337451684874824
4,8,RF,4,6,1,1,298.0045,0.540903122117639
4,8,RF,4,6,1,1,299.0001,0.540903122117639
4,8,RF,4,6,1,1,300.0042,0.548942568919462
4,8,RF,4,6,1,1,300.9987,0.5456092355861287
4,8,RF,8,12,0,0,0.0110377,0.0004373157858660634
4,8,RF,8,12,0,0,1.010147,0.002008093666509508
4,8,RF,8,12,0,0,2.016094,0.01010798691893942
4,8,RF,8,12,0,0,3.009745,0.005315102938865315
4,8,RF,8,12,1,1,4.01616,0.005315102938865315
4,8,RF,8,12,1,1,5.009424,0.01
4,8,RF,8,12,1,1,6.01379,0.006666666666666667
4,8,RF,8,12,1,1,7.008862,0.04531156687097281
4,8,RF,8,12,1,1,8.014355,0.13086448987997365
4,8,RF,8,12,1,1,9.019238,0.143061465658337
4,8,RF,8,12,1,1,10.01213,0.16724256463684536
4,8,RF,8,12,1,1,11.0166,0.1564799782322053
4,8,RF,8,12,1,1,12.01287,0.1804812627634462
4,8,RF,8,12,1,1,13.01876,0.20551867716855196
4,8,RF,8,12,1,1,14.01381,0.223972324759656
4,8,RF,8,12,1,1,15.01681,0.2372813245296416
4,8,RF,8,12,1,1,16.01281,0.2131208171613713
4,8,RF,8,12,1,1,17.01839,0.1865883765267222
4,8,RF,8,12,1,1,18.01066,0.23105174620559657
4,8,RF,8,12,1,1,19.01831,0.24544623977875857
4,8,RF,8,12,1,1,20.01064,0.25666779187437544
4,8,RF,8,12,1,1,21.0165,0.30389376711940375
4,8,RF,8,12,1,1,22.01155,0.30793918566745854
4,8,RF,8,12,1,1,23.01568,0.2921036379542664
4,8,RF,8,12,1,1,24.0096,0.31653350031651567
4,8,RF,8,12,1,1,25.01568,0.3095836685039321
4,8,RF,8,12,1,1,26.00962,0.3010431418209118
4,8,RF,8,12,1,1,27.01536,0.32136779967592466
4,8,RF,8,12,1,1,28.0098,0.3314853307513887
4,8,RF,8,12,1,1,29.01463,0.32639493919027246
4,8,RF,8,12,1,1,30.0086,0.31013010251395323
4,8,RF,8,12,1,1,31.01355,0.3073976102640487
4,8,RF,8,12,1,1,32.01867,0.3261921548598568
4,8,RF,8,12,1,1,33.01118,0.31946477083053526
4,8,RF,8,12,1,1,34.01851,0.30564762483788477
4,8,RF,8,12,1,1,35.01208,0.38878232973173193
4,8,RF,8,12,1,1,36.01853,0.38928353625223727
4,8,RF,8,12,1,1,37.01241,0.4009048728666189
4,8,RF,8,12,1,1,38.01729,0.38423820619995225
4,8,RF,8,12,1,1,39.01123,0.37808518169230104
4,8,RF,8,12,1,1,40.0166,0.36940960993743216
4,8,RF,8,12,1,1,41.00916,0.3794822015087808
4,8,RF,8,12,1,1,42.01604,0.3893235895084357
4,8,RF,8,12,1,1,43.00914,0.3793133742011907
4,8,RF,8,12,1,1,44.01637,0.3793133742011907
4,8,RF,8,12,1,1,45.01945,0.3739966996765953
4,8,RF,8,12,1,1,46.01505,0.3692425599775116
4,8,RF,8,12,1,1,47.0084,0.362638756740045
4,8,RF,8,12,1,1,48.01484,0.35597209007337827
4,8,RF,8,12,1,1,49.00824,0.37333261183984057
4,8,RF,8,12,1,1,50.01454,0.3708539622664984
4,8,RF,8,12,1,1,51.01845,0.3733418332183516
4,8,RF,8,12,1,1,52.01202,0.3747710461969078
4,8,RF,8,12,1,1,53.01875,0.357934034499377
4,8,RF,8,12,1,1,54.01386,0.3493620447134803
4,8,RF,8,12,1,1,55.01745,0.3360308546294476
4,8,RF,8,12,1,1,56.01162,0.34235056391281604
4,8,RF,8,12,1,1,57.01839,0.34509769020337816
4,8,RF,8,12,1,1,58.01215,0.35028376345728324
4,8,RF,8,12,1,1,59.01632,0.342785593920143
4,8,RF,8,12,1,1,60.01164,0.34945226058680967
4,8,RF,8,12,1,1,61.01605,0.34754733832155743
4,8,RF,8,12,1,1,62.01088,0.3614521113857819
4,8,RF,8,12,1,1,63.01574,0.35757909800929305
4,8,RF,8,12,1,1,64.0106,0.3677216971288801
4,8,RF,8,12,1,1,65.01489,0.3972154551805706
4,8,RF,8,12,1,1,66.00845,0.4045327583394579
4,8,RF,8,12,1,1,67.01373,0.41337643688584463
4,8,RF,8,12,1,1,68.01971,0.4181105395026614
4,8,RF,8,12,1,1,69.01488,0.4467715484607001
4,8,RF,8,12,1,1,70.01777,0.46750620488801414
4,8,RF,8,12,1,1,71.01369,0.47473559440248814
4,8,RF,8,12,1,1,72.01964,0.4887542034068101
4,8,RF,8,12,1,1,73.01192,0.47549493571338286
4,8,RF,8,12,1,1,74.01961,0.480368715189951
4,8,RF,8,12,1,1,75.01247,0.4784315409557619
4,8,RF,8,12,1,1,76.01733,0.470782312769264
4,8,RF,8,12,1,1,77.01091,0.48997540092389147
4,8,RF,8,12,1,1,78.01698,0.48598789503044504
4,8,RF,8,12,1,1,79.01109,0.5000154763600065
4,8,RF,8,12,1,1,80.01685,0.5066821430266731
4,8,RF,8,12,1,1,81.01129,0.5067192733657986
4,8,RF,8,12,1,1,82.0164,0.5062100573038675
4,8,RF,8,12,1,1,83.00986,0.5088892180770876
4,8,RF,8,12,1,1,84.01507,0.5250560424250278
4,8,RF,8,12,1,1,85.0094,0.5250560424250278
4,8,RF,8,12,1,1,86.01546,0.5364028913956391
4,8,RF,8,12,1,1,87.00921,0.533641417193556
4,8,RF,8,12,1,1,88.01216,0.5365825952172962
4,8,RF,8,12,1,1,89.00884,0.5260757595102818
4,8,RF,8,12,1,1,90.01527,0.5327404786507461
4,8,RF,8,12,1,1,91.01823,0.5232339838227313
4,8,RF,8,12,1,1,92.01326,0.4957292514186701
4,8,RF,8,12,1,1,93.0173,0.4912333551884394
4,8,RF,8,12,1,1,94.012,0.4903952894510447
4,8,RF,8,12,1,1,95.01615,0.4843224576119218
4,8,RF,8,12,1,1,96.01204,0.4862369251621202
4,8,RF,8,12,1,1,97.01764,0.5001421176267037
4,8,RF,8,12,1,1,98.0108,0.49478693925172335
4,8,RF,8,12,1,1,99.01787,0.4945039934106082
4,8,RF,8,12,1,1,100.0112,0.5025296888372938
4,8,RF,8,12,1,1,101.0159,0.5111781251094925
4,8,RF,8,12,1,1,102.0096,0.5070067260387645
4,8,RF,8,12,1,1,103.0159,0.5059127643192697
4,8,RF,8,12,1,1,104.0102,0.5091723888215779
4,8,RF,8,12,1,1,105.0157,0.5192508124097931
4,8,RF,8,12,1,1,106.0086,0.5259127643192697
4,8,RF,8,12,1,1,107.0142,0.5339274586458451
4,8,RF,8,12,1,1,108.009,0.5372607919791786
4,8,RF,8,12,1,1,109.0137,0.5358594861027346
4,8,RF,8,12,1,1,110.0089,0.5425261527694012
4,8,RF,8,12,1,1,111.0139,0.5491928194360679
4,8,RF,8,12,1,1,112.0085,0.5558594861027346
4,8,RF,8,12,1,1,113.0106,0.5525261527694012
4,8,RF,8,12,1,1,114.017,0.5491928194360679
4,8,RF,8,12,1,1,115.0134,0.555824518320242
4,8,RF,8,12,1,1,116.0167,0.5424837199546911
4,8,RF,8,12,1,1,117.0123,0.5358115527379695
4,8,RF,8,12,1,1,118.0174,0.5286674240541895
4,8,RF,8,12,1,1,119.0114,0.5333311047079693
4,8,RF,8,12,1,1,120.0172,0.5466644380413026
4,8,RF,8,12,1,1,121.0105,0.5494897290346482
4,8,RF,8,12,1,1,122.0162,0.5528230623679816
4,8,RF,8,12,1,1,123.0094,0.5594897290346482
4,8,RF,8,12,1,1,124.015,0.5674678839930012
4,8,RF,8,12,1,1,125.0093,0.5674678839930012
4,8,RF,8,12,1,1,126.0151,0.57881591165291
4,8,RF,8,12,1,1,127.0096,0.574527878127206
4,8,RF,8,12,1,1,128.0141,0.5698972889959328
4,8,RF,8,12,1,1,129.0185,0.5770444673086365
4,8,RF,8,12,1,1,130.014,0.5870444673086365
4,8,RF,8,12,1,1,131.0189,0.5877269284118896
4,8,RF,8,12,1,1,132.0128,0.5870727558517763
4,8,RF,8,12,1,1,133.019,0.5957424085313301
4,8,RF,8,12,1,1,134.0107,0.583739422518443
4,8,RF,8,12,1,1,135.0182,0.5757424085313301
4,8,RF,8,12,1,1,136.0107,0.5770727558517763
4,8,RF,8,12,1,1,137.0173,0.5790757418646634
4,8,RF,8,12,1,1,138.0118,0.5823094073592717
4,8,RF,8,12,1,1,139.0185,0.585642740692605
4,8,RF,8,12,1,1,140.011,0.5802875623176248
4,8,RF,8,12,1,1,141.0155,0.5836208956509581
4,8,RF,8,12,1,1,142.0092,0.5823094073592717
4,8,RF,8,12,1,1,143.0148,0.5836208956509581
4,8,RF,8,12,1,1,144.0097,0.5814316398507005
4,8,RF,8,12,1,1,145.0158,0.5828672778495761
4,8,RF,8,12,1,1,146.009,0.5862006111829094
4,8,RF,8,12,1,1,147.0147,0.5962006111829095
4,8,RF,8,12,1,1,148.0176,0.6028672778495762
4,8,RF,8,12,1,1,149.0135,0.5995339445162429
4,8,RF,8,12,1,1,150.0089,0.5995339445162429
4,8,RF,8,12,1,1,151.0133,0.6028672778495762
4,8,RF,8,12,1,1,152.0182,0.6095339445162428
4,8,RF,8,12,1,1,153.0136,0.6095339445162428
4,8,RF,8,12,1,1,154.0181,0.6162006111829095
4,8,RF,8,12,1,1,155.0128,0.6095339445162428
4,8,RF,8,12,1,1,156.0166,0.6062006111829095
4,8,RF,8,12,1,1,157.0118,0.6131909044055665
4,8,RF,8,12,1,1,158.0165,0.6256925679090282
4,8,RF,8,12,1,1,159.0093,0.6381952060105767
4,8,RF,8,12,1,1,160.0144,0.6348618726772433
4,8,RF,8,12,1,1,161.0088,0.6390289691187079
4,8,RF,8,12,1,1,162.0157,0.6323623024520413
4,8,RF,8,12,1,1,163.0096,0.6297914284903222
4,8,RF,8,12,1,1,164.0156,0.6362166437076349
4,8,RF,8,12,1,1,165.0181,0.6355950815514191
4,8,RF,8,12,1,1,166.015,0.6409345440690996
4,8,RF,8,12,1,1,167.0088,0.6403111812031822
4,8,RF,8,12,1,1,168.0134,0.6423436344485067
4,8,RF,8,12,1,1,169.0189,0.6523436344485067
4,8,RF,8,12,1,1,170.0132,0.6490103011151734
4,8,RF,8,12,1,1,171.0085,0.6456769677818401
4,8,RF,8,12,1,1,172.0134,0.6523436344485067
4,8,RF,8,12,1,1,173.0177,0.6556769677818401
4,8,RF,8,12,1,1,174.0111,0.6456664262970823
4,8,RF,8,12,1,1,175.0181,0.6556664262970823
4,8,RF,8,12,1,1,176.0109,0.6556664262970823
4,8,RF,8,12,1,1,177.017,0.6556664262970823
4,8,RF,8,12,1,1,178.011,0.6498267793680642
4,8,RF,8,12,1,1,179.0166,0.6531601127013976
4,8,RF,8,12,1,1,180.0093,0.6531601127013976
4,8,RF,8,12,1,1,181.0153,0.6598267793680642
4,8,RF,8,12,1,1,182.0092,0.6578828915925131
4,8,RF,8,12,1,1,183.0143,0.6578414736946397
4,8,RF,8,12,1,1,184.0083,0.6618144424200837
4,8,RF,8,12,1,1,185.0125,0.6664749799024033
4,8,RF,8,12,1,1,186.0095,0.6664749799024033
4,8,RF,8,12,1,1,187.0145,0.6698083132357368
4,8,RF,8,12,1,1,188.0086,0.67314164656907
4,8,RF,8,12,1,1,189.0136,0.6732038879778659
4,8,RF,8,12,1,1,190.0171,0.6724208440204839
4,8,RF,8,12,1,1,191.013,0.6790875106871505
4,8,RF,8,12,1,1,192.0174,0.698900154468919
4,8,RF,8,12,1,1,193.0106,0.6856072894681332
4,8,RF,8,12,1,1,194.0183,0.6956072894681332
4,8,RF,8,12,1,1,195.011,0.6936489312434992
4,8,RF,8,12,1,1,196.0152,0.6941797566635352
4,8,RF,8,12,1,1,197.0104,0.6901864773653437
4,8,RF,8,12,1,1,198.0171,0.696090684660396
4,8,RF,8,12,1,1,199.0101,0.6894240179937294
4,8,RF,8,12,1,1,200.0164,0.6927573513270627
4,8,RF,8,12,1,1,201.0086,0.6927573513270627
4,8,RF,8,12,1,1,202.0159,0.6967593276695921
4,8,RF,8,12,1,1,203.0097,0.6934259943362587
4,8,RF,8,12,1,1,204.015,0.6947106018980742
4,8,RF,8,12,1,1,205.0092,0.6947106018980742
4,8,RF,8,12,1,1,206.0141,0.6952730277182078
4,8,RF,8,12,1,1,207.008,0.6952730277182078
4,8,RF,8,12,1,1,208.0141,0.6952730277182078
4,8,RF,8,12,1,1,209.0079,0.7019396943848745
4,8,RF,8,12,1,1,210.0141,0.7005502488270922
4,8,RF,8,12,1,1,211.0173,0.6952107863094119
4,8,RF,8,12,1,1,212.0122,0.6913847054696519
4,8,RF,8,12,1,1,213.0178,0.6880513721363186
4,8,RF,8,12,1,1,214.0104,0.6913847054696519
4,8,RF,8,12,1,1,215.0173,0.6980513721363185
4,8,RF,8,12,1,1,216.0121,0.6913847054696519
4,8,RF,8,12,1,1,217.016,0.6913847054696519
4,8,RF,8,12,1,1,218.0118,0.6880513721363186
4,8,RF,8,12,1,1,219.017,0.6834586531329525
4,8,RF,8,12,1,1,220.0112,0.6907305329095386
4,8,RF,8,12,1,1,221.0145,0.6877537206760516
4,8,RF,8,12,1,1,222.0105,0.6746431152861613
4,8,RF,8,12,1,1,223.0154,0.6760731304453326
4,8,RF,8,12,1,1,224.0105,0.6735022564836135
4,8,RF,8,12,1,1,225.0148,0.6789199024747664
4,8,RF,8,12,1,1,226.0095,0.6822532358080997
4,8,RF,8,12,1,1,227.0143,0.6822532358080997
4,8,RF,8,12,1,1,228.0086,0.675586569141433
4,8,RF,8,12,1,1,229.0141,0.6764203322495643
4,8,RF,8,12,1,1,230.0186,0.6784264614339114
4,8,RF,8,12,1,1,231.0125,0.6784264614339114
4,8,RF,8,12,1,1,232.0178,0.6842661083629294
4,8,RF,8,12,1,1,233.0099,0.680829964019411
4,8,RF,8,12,1,1,234.0176,0.6828360932037582
4,8,RF,8,12,1,1,235.0116,0.680829964019411
4,8,RF,8,12,1,1,236.0172,0.6769964462747401
4,8,RF,8,12,1,1,237.0101,0.6736631129414067
4,8,RF,8,12,1,1,238.0155,0.6697233780076733
4,8,RF,8,12,1,1,239.008,0.674383915489993
4,8,RF,8,12,1,1,240.0153,0.6763900446743399
4,8,RF,8,12,1,1,241.0105,0.674383915489993
4,8,RF,8,12,1,1,242.0131,0.674383915489993
4,8,RF,8,12,1,1,243.0095,0.674383915489993
4,8,RF,8,12,1,1,244.014,0.6710505821566596
4,8,RF,8,12,1,1,245.0085,0.6616013111244935
4,8,RF,8,12,1,1,246.0148,0.6674938936368905
4,8,RF,8,12,1,1,247.009,0.6563412001656056
4,8,RF,8,12,1,1,248.0144,0.6541070159390991
4,8,RF,8,12,1,1,249.0175,0.6533445565674848
4,8,RF,8,12,1,1,250.0134,0.6541070159390991
4,8,RF,8,12,1,1,251.0181,0.6553506857518319
4,8,RF,8,12,1,1,252.0121,0.6620173524184985
4,8,RF,8,12,1,1,253.0182,0.6620173524184985
4,8,RF,8,12,1,1,254.0107,0.658597598951035
4,8,RF,8,12,1,1,255.0149,0.658597598951035
4,8,RF,8,12,1,1,256.0111,0.659729823812476
4,8,RF,8,12,1,1,257.0152,0.6619309322843683
4,8,RF,8,12,1,1,258.0106,0.658597598951035
4,8,RF,8,12,1,1,259.0168,0.6652642656177017
4,8,RF,8,12,1,1,260.0113,0.6652642656177017
4,8,RF,8,12,1,1,261.0168,0.6724174935882679
4,8,RF,8,12,1,1,262.0091,0.6711107200537716
4,8,RF,8,12,1,1,263.015,0.6700050370316243
4,8,RF,8,12,1,1,264.0086,0.6700050370316243
4,8,RF,8,12,1,1,265.0153,0.6700050370316243
4,8,RF,8,12,1,1,266.0085,0.6700050370316243
4,8,RF,8,12,1,1,267.0125,0.656671703698291
4,8,RF,8,12,1,1,268.0091,0.6524854850616246
4,8,RF,8,12,1,1,269.0128,0.6516517219534933
4,8,RF,8,12,1,1,270.0084,0.6483183886201599
4,8,RF,8,12,1,1,271.0146,0.6478059588205541
4,8,RF,8,12,1,1,272.0173,0.6469530735172211
4,8,RF,8,12,1,1,273.0097,0.6444473720532322
4,8,RF,8,12,1,1,274.0183,0.6388721661581304
4,8,RF,8,12,1,1,275.0115,0.6486335906898987
4,8,RF,8,12,1,1,276.0151,0.6466117456482516
4,8,RF,8,12,1,1,277.0096,0.6499450789815849
4,8,RF,8,12,1,1,278.0158,0.654105432052567
4,8,RF,8,12,1,1,279.0106,0.6582725284940316
4,8,RF,8,12,1,1,280.0164,0.6549391951606983
4,8,RF,8,12,1,1,281.0103,0.6549391951606983
4,8,RF,8,12,1,1,282.0149,0.6582725284940316
4,8,RF,8,12,1,1,283.009,0.6582725284940316
4,8,RF,8,12,1,1,284.0134,0.6582725284940316
4,8,RF,8,12,1,1,285.0092,0.6602904445713537
4,8,RF,8,12,1,1,286.0143,0.6549391951606983
4,8,RF,8,12,1,1,287.0086,0.6549391951606983
4,8,RF,8,12,1,1,288.0116,0.6549391951606983
4,8,RF,8,12,1,1,289.0082,0.6549391951606983
4,8,RF,8,12,1,1,290.0127,0.6582725284940316
4,8,RF,8,12,1,1,291.0188,0.6549391951606983
4,8,RF,8,12,1,1,292.0116,0.6582725284940316
4,8,RF,8,12,1,1,293.0168,0.6582725284940316
4,8,RF,8,12,1,1,294.0131,0.6582725284940316
4,8,RF,8,12,1,1,295.0175,0.6602904445713537
4,8,RF,8,12,1,1,296.0116,0.6616058618273649
4,8,RF,8,12,1,1,297.0178,0.6576685603250275
4,8,RF,8,12,1,1,298.0087,0.6576685603250275
4,8,RF,8,12,1,1,299.016,0.6543352269916942
4,8,RF,8,12,1,1,300.0092,0.6557005420946331
4,8,RF,8,12,1,1,301.0147,0.6518824731368993
4,8,GB,4,5,0,0,0.0112268,0.0013574392893631443
4,8,GB,4,5,0,0,1.010952,0.0009658422128084923
4,8,GB,4,5,0,0,2.01688,0.0004311512998972032
4,8,GB,4,5,0,0,3.010709,0.00040048413603135154
4,8,GB,4,5,0,0,4.015441,0.0003236045127936124
4,8,GB,4,5,0,0,5.010154,0.00021500678252306559
4,8,GB,4,5,0,0,6.01441,0.00022656063696752058
4,8,GB,4,5,0,0,7.008793,0.0003231281519688337
4,8,GB,4,5,0,0,8.014668,0.00039308636364065227
4,8,GB,4,5,0,0,9.007746,0.0003808145507724715
4,8,GB,4,5,0,0,10.01372,0.0007491280241320223
4,8,GB,4,5,0,0,11.00726,0.000569439776180463
4,8,GB,4,5,0,0,12.01249,0.008042182838753721
4,8,GB,4,5,0,0,13.00669,0.012546017376152834
4,8,GB,4,5,0,0,14.01282,0.008597400506832541
4,8,GB,4,5,0,0,15.00744,0.01328107993947348
4,8,GB,4,5,0,0,16.01075,0.005588566857494687
4,8,GB,4,5,0,0,17.01668,0.005852611583874177
4,8,GB,4,5,0,0,18.0118,0.0013383308613230365
4,8,GB,4,5,0,0,19.01557,0.00023177250786789072
4,8,GB,4,5,0,0,20.00926,0.00024213030244883718
4,8,GB,4,5,0,0,21.01652,0.00025235662625643817
4,8,GB,4,5,0,0,22.00971,0.0002663659865278974
4,8,GB,4,5,0,0,23.01418,0.00011888632803408919
4,8,GB,4,5,0,0,24.00919,0.00010753790139149877
4,8,GB,4,5,0,0,25.01588,0.0001002696322523187
4,8,GB,4,5,0,0,26.00942,0.0001394183928992047
4,8,GB,4,5,0,0,27.01412,0.00014093462982155925
4,8,GB,4,5,0,0,28.00889,0.00013127667067751246
4,8,GB,4,5,0,0,29.01367,0.00013494648841442264
4,8,GB,4,5,0,0,30.00709,0.0001196992467604527
4,8,GB,4,5,0,0,31.01377,0.00012060917856494724
4,8,GB,4,5,0,0,32.00727,0.00010499787189180783
4,8,GB,4,5,0,0,33.01159,9.061349377980583e-05
4,8,GB,4,5,0,0,34.00792,9.148407614437116e-05
4,8,GB,4,5,0,0,35.01075,0.0001226808270310509
4,8,GB,4,5,0,0,36.00707,0.00013779247064452823
4,8,GB,4,5,0,0,37.01272,0.00013802834632298703
4,8,GB,4,5,0,0,38.01709,0.00013561181022040127
4,8,GB,4,5,0,0,39.01067,0.00014052279218983583
4,8,GB,4,5,0,0,40.01581,0.00014238872971787157
4,8,GB,4,5,0,0,41.01084,0.00013121621238678413
4,8,GB,4,5,0,0,42.01547,0.00013621175320570285
4,8,GB,4,5,0,0,43.01104,0.0001446899677652002
4,8,GB,4,5,0,0,44.01458,0.00014802751449595727
4,8,GB,4,5,0,0,45.00882,0.00015814451731703224
4,8,GB,4,5,0,0,46.01222,0.00015370752408592182
4,8,GB,4,5,0,0,47.00699,0.00012494546497499647
4,8,GB,4,5,0,0,48.01369,0.00013504586670266047
4,8,GB,4,5,0,0,49.00858,0.00015443017306292673
4,8,GB,4,5,0,0,50.01452,0.00012891681834677156
4,8,GB,4,5,0,0,51.00806,0.00016889417005196876
4,8,GB,4,5,0,0,52.01318,0.00018330058454825137
4,8,GB,4,5,0,0,53.00839,0.00020139290957270608
4,8,GB,4,5,0,0,54.01276,0.0001725242856053935
4,8,GB,4,5,0,0,55.0175,0.00015220348841703967
4,8,GB,4,5,0,0,56.01182,0.0002601484524872587
4,8,GB,4,5,0,0,57.00686,0.0002581533508183248
4,8,GB,4,5,0,0,58.01109,0.0002784789680515529
4,8,GB,4,5,0,0,59.01705,0.0005993734722135778
4,8,GB,4,5,0,0,60.01059,0.0005296186676026358
4,8,GB,4,5,0,0,61.01579,0.0005842115199130661
4,8,GB,4,5,0,0,62.00929,0.0005453022427520248
4,8,GB,4,5,0,0,63.01626,0.0004819115545131718
4,8,GB,4,5,0,0,64.01065,0.0005330894631361048
4,8,GB,4,5,0,0,65.01405,0.0005444178008013322
4,8,GB,4,5,0,0,66.00948,0.0005671204742869144
4,8,GB,4,5,0,0,67.01539,0.0005839139400446134
4,8,GB,4,5,0,0,68.00793,0.0006380504570677701
4,8,GB,4,5,0,0,69.014,0.0004789975271861562
4,8,GB,4,5,0,0,70.00879,0.0006728359960087462
4,8,GB,4,5,0,0,71.01364,0.0007877461461472917
4,8,GB,4,5,0,0,72.00794,0.0007247176784836299
4,8,GB,4,5,0,0,73.01243,0.0006188774099692787
4,8,GB,4,5,0,0,74.01789,0.0007181027877964864
4,8,GB,4,5,0,0,75.01195,0.0006974527208510413
4,8,GB,4,5,0,0,76.01669,0.0007746143101235751
4,8,GB,4,5,0,0,77.01137,0.0007181027877964864
4,8,GB,4,5,0,0,78.01778,0.000543590200541383
4,8,GB,4,5,0,0,79.00958,0.0004888480330707411
4,8,GB,4,5,0,0,80.01713,0.0006467128265825405
4,8,GB,4,5,0,0,81.01,0.000690500466595752
4,8,GB,4,5,0,0,82.01595,0.0005317891329193033
4,8,GB,4,5,0,0,83.00983,0.0006511533342624329
4,8,GB,4,5,0,0,84.01365,0.00047823482149181475
4,8,GB,4,5,0,0,85.00916,0.000690500466595752
4,8,GB,4,5,0,0,86.01279,0.0006324272756276774
4,8,GB,4,5,0,0,87.00995,0.0007108744923574746
4,8,GB,4,5,0,0,88.01443,0.0007652978544795876
4,8,GB,4,5,0,0,89.00826,0.0016251129205206237
4,8,GB,4,5,0,0,90.01387,0.0013667247590454174
4,8,GB,4,5,0,0,91.00777,0.0014295268588929088
4,8,GB,4,5,0,0,92.01324,0.0020621443125034863
4,8,GB,4,5,0,0,93.00788,0.0018159547554829748
4,8,GB,4,5,0,0,94.01026,0.0019218902248960316
4,8,GB,4,5,0,0,95.00691,0.0019857939828726223
4,8,GB,4,5,1,1,96.01107,0.0016833188929266912
4,8,GB,4,5,1,1,97.01478,0.0014695453845962104
4,8,GB,4,5,1,1,98.00982,0.001404691377110505
4,8,GB,4,5,1,1,99.0165,0.0012490939296796277
4,8,GB,4,5,1,1,100.0108,0.0010247347834330346
4,8,GB,4,5,1,1,101.0142,0.0010061753713913786
4,8,GB,4,5,1,1,102.0099,0.0011863044529701145
4,8,GB,4,5,1,1,103.0166,0.001274474175550061
4,8,GB,4,5,1,1,104.0105,0.001358527485555781
4,8,GB,4,5,1,1,105.0166,0.001121966981466482
4,8,GB,4,5,1,1,106.0182,0.0013828957431967813
4,8,GB,4,5,1,1,107.0155,0.0013885276460266097
4,8,GB,4,5,1,1,108.0081,0.0012624782544741048
4,8,GB,4,5,1,1,109.0137,0.0013299381590445318
4,8,GB,4,5,1,1,110.0078,0.0008487056654103806
4,8,GB,4,5,1,1,111.0129,0.0011374181087601951
4,8,GB,4,5,1,1,112.0085,0.0012202534734005019
4,8,GB,4,5,1,1,113.0132,0.0012202534734005019
4,8,GB,4,5,1,1,114.0183,0.0012202534734005019
4,8,GB,4,5,1,1,115.0109,0.0011775964783337846
4,8,GB,4,5,1,1,116.0171,0.0012188017330013498
4,8,GB,4,5,1,1,117.0108,0.0012188017330013498
4,8,GB,4,5,1,1,118.017,0.0011239115573265207
4,8,GB,4,5,1,1,119.0105,0.0013052843756876104
4,8,GB,4,5,1,1,120.017,0.0019627330654300576
4,8,GB,4,5,1,1,121.0103,0.0022084231566238646
4,8,GB,4,5,1,1,122.0142,0.0022084231566238646
4,8,GB,4,5,1,1,123.0111,0.0020852797300895693
4,8,GB,4,5,1,1,124.0154,0.0021932961205947004
4,8,GB,4,5,1,1,125.0098,0.0026298894855540183
4,8,GB,4,5,1,1,126.016,0.0020745024557583054
4,8,GB,4,5,1,1,127.0077,0.002636856034795609
4,8,GB,4,5,1,1,128.0149,0.0026204737492656217
4,8,GB,4,5,1,1,129.0092,0.0026952452034498878
4,8,GB,4,5,1,1,130.0139,0.004055725304045009
4,8,GB,4,5,1,1,131.0076,0.0028189215631789924
4,8,GB,4,5,1,1,132.0115,0.00403099228203447
4,8,GB,4,5,1,1,133.0071,0.0031487922821117633
4,8,GB,4,5,1,1,134.0139,0.004816007883892135
4,8,GB,4,5,1,1,135.0174,0.0030281268565257734
4,8,GB,4,5,1,1,136.0132,0.003906739360138228
4,8,GB,4,5,1,1,137.0163,0.004799344651742148
4,8,GB,4,5,1,1,138.0116,0.005298392582858127
4,8,GB,4,5,1,1,139.0176,0.005460758092188702
4,8,GB,4,5,1,1,140.0102,0.004687191667699142
4,8,GB,4,5,1,1,141.0144,0.004756090137118215
4,8,GB,4,5,1,1,142.0095,0.006108901293698486
4,8,GB,4,5,1,1,143.0164,0.006479927337854331
4,8,GB,4,5,1,1,144.0101,0.006479927337854331
4,8,GB,4,5,1,1,145.0154,0.0056030596465487725
4,8,GB,4,5,1,1,146.0091,0.006233696747305692
4,8,GB,4,5,1,1,147.0136,0.007104905565284852
4,8,GB,4,5,1,1,148.0082,0.007933620934731185
4,8,GB,4,5,1,1,149.0152,0.006457860921379499
4,8,GB,4,5,1,1,150.0077,0.008019849908230407
4,8,GB,4,5,1,1,151.0137,0.008682912998549208
4,8,GB,4,5,1,1,152.0168,0.00698877696010461
4,8,GB,4,5,1,1,153.0125,0.008682912998549208
4,8,GB,4,5,1,1,154.0174,0.008682912998549208
4,8,GB,4,5,1,1,155.0128,0.007729731509349447
4,8,GB,4,5,1,1,156.0177,0.008919664661052316
4,8,GB,4,5,1,1,157.0102,0.007634995568088203
4,8,GB,4,5,1,1,158.0163,0.009263815911037154
4,8,GB,4,5,1,1,159.0115,0.008753553073531824
4,8,GB,4,5,1,1,160.0177,0.01039276106093687
4,8,GB,4,5,1,1,161.0104,0.00827761127340953
4,8,GB,4,5,1,1,162.0165,0.00807509078409779
4,8,GB,4,5,1,1,163.0099,0.00925663176692538
4,8,GB,4,5,1,1,164.0155,0.010284679290007155
4,8,GB,4,5,1,1,165.0094,0.008909851315875815
4,8,GB,4,5,1,1,166.0161,0.009641640658439619
4,8,GB,4,5,1,1,167.0091,0.009641640658439619
4,8,GB,4,5,1,1,168.0139,0.01034134377749538
4,8,GB,4,5,1,1,169.0086,0.010288551795833316
4,8,GB,4,5,1,1,170.0137,0.01103700293516087
4,8,GB,4,5,1,1,171.0075,0.010288551795833316
4,8,GB,4,5,1,1,172.0139,0.008354914246795441
4,8,GB,4,5,1,1,173.0076,0.010288551795833316
4,8,GB,4,5,1,1,174.0126,0.008361347540543452
4,8,GB,4,5,1,1,175.0179,0.009372823470532381
4,8,GB,4,5,1,1,176.0124,0.010096776910990497
4,8,GB,4,5,1,1,177.0172,0.009294903173263522
4,8,GB,4,5,1,1,178.0104,0.010328895599502612
4,8,GB,4,5,1,1,179.0168,0.0008752264833394006
4,8,GB,4,5,1,1,180.0106,0.010644534222974629
4,8,GB,4,5,1,1,181.0163,0.009795063095648801
4,8,GB,4,5,1,1,182.0099,0.008573605709736327
4,8,GB,4,5,1,1,183.0135,0.01045806219635675
4,8,GB,4,5,1,1,184.0087,0.010549212826734234
4,8,GB,4,5,1,1,185.0154,0.00993672892636049
4,8,GB,4,5,1,1,186.0081,0.009815584852548123
4,8,GB,4,5,1,1,187.016,0.008573605709736327
4,8,GB,4,5,1,1,188.0089,0.008264810768175663
4,8,GB,4,5,1,1,189.0137,0.012945782585939385
4,8,GB,4,5,1,1,190.0086,0.013173379278909138
4,8,GB,4,5,1,1,191.0144,0.014761098686465645
4,8,GB,4,5,1,1,192.0072,0.013360133409857167
4,8,GB,4,5,1,1,193.0135,0.013360133409857167
4,8,GB,4,5,1,1,194.0179,0.012845387748061043
4,8,GB,4,5,1,1,195.013,0.012845387748061043
4,8,GB,4,5,1,1,196.0172,0.01241310223826868
4,8,GB,4,5,1,1,197.0123,0.012845387748061043
4,8,GB,4,5,1,1,198.0175,0.012133672990929056
4,8,GB,4,5,1,1,199.0116,0.012405365564851329
4,8,GB,4,5,1,1,200.0164,0.012746784435990777
4,8,GB,4,5,1,1,201.0108,0.012746784435990777
4,8,GB,4,5,1,1,202.0157,0.010907703189896426
4,8,GB,4,5,1,1,203.0093,0.011116608529762683
4,8,GB,4,5,1,1,204.016,0.010411035433591637
4,8,GB,4,5,1,1,205.009,0.01176072946378414
4,8,GB,4,5,1,1,206.0156,0.008457964840416762
4,8,GB,4,5,1,1,207.0176,0.0007997208251764488
4,8,GB,4,5,1,1,208.0142,0.0006177800114908097
4,8,GB,4,5,1,1,209.008,0.00032582518194912923
4,8,GB,4,5,1,1,210.014,0.0003747100265499823
4,8,GB,4,5,1,1,211.0073,0.0022866217068697927
4,8,GB,4,5,1,1,212.0144,0.002641723301770355
4,8,GB,4,5,1,1,213.0071,0.004981378889991017
4,8,GB,4,5,1,1,214.0131,0.004765445848990299
4,8,GB,4,5,1,1,215.0179,0.004776623998255689
4,8,GB,4,5,1,1,216.013,0.004917455183903657
4,8,GB,4,5,1,1,217.0178,0.0038781628240710645
4,8,GB,4,5,1,1,218.0116,0.004533873891233181
4,8,GB,4,5,1,1,219.016,0.004641586831547614
4,8,GB,4,5,1,1,220.0108,0.0039184852955051405
4,8,GB,4,5,1,1,221.0161,0.002918256470751573
4,8,GB,4,5,1,1,222.0095,0.006359110319938527
4,8,GB,4,5,1,1,223.0147,0.008279339659332334
4,8,GB,4,5,1,1,224.0093,0.014703241286422319
4,8,GB,4,5,1,1,225.0162,0.0008545332178379116
4,8,GB,4,5,1,1,226.0088,0.001132467192684209
4,8,GB,4,5,1,1,227.0151,0.0016597403356495635
4,8,GB,4,5,1,1,228.0091,0.001482154514721774
4,8,GB,4,5,1,1,229.0138,0.0020667049500225276
4,8,GB,4,5,1,1,230.0083,0.0020534916543549124
4,8,GB,4,5,1,1,231.0125,0.0016347523812685833
4,8,GB,4,5,1,1,232.0183,0.0020963958041216486
4,8,GB,4,5,1,1,233.0139,0.001768857683035234
4,8,GB,4,5,1,1,234.0073,0.002223271351313254
4,8,GB,4,5,1,1,235.0123,0.0022988580664830734
4,8,GB,4,5,1,1,236.016,0.0020821885195907498
4,8,GB,4,5,1,1,237.0108,0.0020821885195907498
4,8,GB,4,5,1,1,238.017,0.0015944249694732977
4,8,GB,4,5,1,1,239.0087,0.002069192701424958
4,8,GB,4,5,1,1,240.0161,0.026436651087250497
4,8,GB,4,5,1,1,241.01,0.01789776899640269
4,8,GB,4,5,1,1,242.016,0.02212566753431171
4,8,GB,4,5,1,1,243.0107,0.025569215956099033
4,8,GB,4,5,1,1,244.0154,0.02877372486627395
4,8,GB,4,5,1,1,245.0092,0.022049262325577336
4,8,GB,4,5,1,1,246.0161,0.02487834951203069
4,8,GB,4,5,1,1,247.0085,0.025906052444912578
4,8,GB,4,5,1,1,248.0154,0.02382810737515472
4,8,GB,4,5,1,1,249.0085,0.018822535630369053
4,8,GB,4,5,1,1,250.0141,0.017479061686565763
4,8,GB,4,5,1,1,251.0076,0.016035647824050387
4,8,GB,4,5,1,1,252.0128,0.013729353369352342
4,8,GB,4,5,1,1,253.0088,0.024340933613179145
4,8,GB,4,5,1,1,254.0108,0.015903981869776453
4,8,GB,4,5,1,1,255.0078,0.01067847404638746
4,8,GB,4,5,1,1,256.012,0.008448262836329446
4,8,GB,4,5,1,1,257.0182,0.004427801657020164
4,8,GB,4,5,1,1,258.0112,0.003788657043734951
4,8,GB,4,5,1,1,259.0172,0.004831532393166707
4,8,GB,4,5,1,1,260.0108,0.004212887979411683
4,8,GB,4,5,1,1,261.017,0.0053086734111213695
4,8,GB,4,5,1,1,262.0099,0.0049467338629582665
4,8,GB,4,5,1,1,263.0157,0.010428373591388861
4,8,GB,4,5,1,1,264.0089,0.007725512895042951
4,8,GB,4,5,1,1,265.0158,0.005917824524773299
4,8,GB,4,5,1,1,266.0085,0.007616491098679022
4,8,GB,4,5,1,1,267.0144,0.008148636968855523
4,8,GB,4,5,1,1,268.0078,0.007733255707154679
4,8,GB,4,5,1,1,269.0122,0.00993372504245354
4,8,GB,4,5,1,1,270.0178,0.007110178607881953
4,8,GB,4,5,1,1,271.0129,0.009429339309749676
4,8,GB,4,5,1,1,272.0069,0.008293099802151477
4,8,GB,4,5,1,1,273.0135,0.008505566522485387
4,8,GB,4,5,1,1,274.0166,0.005164567409872434
4,8,GB,4,5,1,1,275.0122,0.006002742536228519
4,8,GB,4,5,1,1,276.0172,0.004788626122199864
4,8,GB,4,5,1,1,277.0125,0.00954128172383021
4,8,GB,4,5,1,1,278.0169,0.014190331069948804
4,8,GB,4,5,1,1,279.0107,0.02074804018923969
4,8,GB,4,5,1,1,280.0169,0.01769800325698868
4,8,GB,4,5,1,1,281.0101,0.021577775326840427
4,8,GB,4,5,1,1,282.0158,0.01510886958418938
4,8,GB,4,5,1,1,283.0089,0.02045630518357695
4,8,GB,4,5,1,1,284.0149,0.02167187726708648
4,8,GB,4,5,1,1,285.0083,0.018257029457510003
4,8,GB,4,5,1,1,286.0139,0.022423789171156675
4,8,GB,4,5,1,1,287.0074,0.019433815639625065
4,8,GB,4,5,1,1,288.0117,0.021274776680222717
4,8,GB,4,5,1,1,289.007,0.021769384953176266
4,8,GB,4,5,1,1,290.0117,0.010305816944207723
4,8,GB,4,5,1,1,291.008,0.011936556074547813
4,8,GB,4,5,1,1,292.0127,0.013647121258577616
4,8,GB,4,5,1,1,293.017,0.006887000817341412
4,8,GB,4,5,1,1,294.0127,0.0066642898607174985
4,8,GB,4,5,1,1,295.0174,0.006878771090820322
4,8,GB,4,5,1,1,296.0103,0.007383415481655737
4,8,GB,4,5,1,1,297.017,0.006219531707575703
4,8,GB,4,5,1,1,298.0103,0.006016779112914685
4,8,GB,4,5,1,1,299.0154,0.006530486543566432
4,8,GB,4,5,1,1,300.0082,0.7914149055918329
4,8,GB,4,5,1,1,301.0146,0.8179637091486226
4,8,GB,4,6,0,0,0.0,0.00015285335451786268
4,8,GB,4,6,0,0,1.00495,0.0006677128347271442
4,8,GB,4,6,0,0,1.998281,0.0003205475531180825
4,8,GB,4,6,0,0,3.004618,0.0003402516536665839
4,8,GB,4,6,0,0,3.999141,0.00018696955310565868
4,8,GB,4,6,0,0,5.003382,0.00023975651994270568
4,8,GB,4,6,0,0,5.998161,9.192825673845244e-05
4,8,GB,4,6,0,0,7.000859,0.00040339289985428687
4,8,GB,4,6,0,0,7.997983,0.0006105607346255668
4,8,GB,4,6,0,0,9.002149,0.0002427322999791941
4,8,GB,4,6,0,0,9.996326,0.00021958753564399388
4,8,GB,4,6,0,0,11.00007,0.00018869816821108818
4,8,GB,4,6,0,0,11.99659,0.00014043739748716933
4,8,GB,4,6,0,0,13.00098,0.00021610541386415827
4,8,GB,4,6,0,0,13.99541,0.00021065617929893728
4,8,GB,4,6,0,0,14.99912,0.0007138846988244794
4,8,GB,4,6,0,0,15.99681,0.010904143038596333
4,8,GB,4,6,0,0,16.99845,0.03443837806440963
4,8,GB,4,6,0,0,18.00539,0.005214350638697433
4,8,GB,4,6,0,0,18.9994,0.00115076494954268
4,8,GB,4,6,0,0,20.00367,0.0009663765067446523
4,8,GB,4,6,0,0,20.99707,0.0008565835373970854
4,8,GB,4,6,0,0,22.00514,0.0008220292046965692
4,8,GB,4,6,0,0,22.99883,0.0007389191574796028
4,8,GB,4,6,0,0,24.00393,0.0006627849184616799
4,8,GB,4,6,0,0,24.99814,0.0007128084631838898
4,8,GB,4,6,0,0,26.00431,0.0006877191967653053
4,8,GB,4,6,0,0,26.99778,0.0005677532344761459
4,8,GB,4,6,0,0,28.00385,0.00036080650997437575
4,8,GB,4,6,0,0,28.99657,0.0007104029252360123
4,8,GB,4,6,0,0,30.00375,0.00039075126884197705
4,8,GB,4,6,0,0,30.99679,0.0009653874530660525
4,8,GB,4,6,0,0,32.00263,0.0013969811732493476
4,8,GB,4,6,0,0,32.99657,0.0012833315113712656
4,8,GB,4,6,0,0,34.00122,0.001686411620332529
4,8,GB,4,6,0,0,35.00551,0.001052974457576576
4,8,GB,4,6,0,0,36.00011,0.0006911176960060293
4,8,GB,4,6,0,0,36.99636,0.000988533879055385
4,8,GB,4,6,0,0,38.00019,0.0007451374531429451
4,8,GB,4,6,0,0,39.00475,0.01290645836981606
4,8,GB,4,6,0,0,39.99985,0.04141020641818722
4,8,GB,4,6,0,0,41.00478,0.0482052534815125
4,8,GB,4,6,0,0,41.99879,0.05629306754931764
4,8,GB,4,6,0,0,42.99495,0.047792703811578525
4,8,GB,4,6,0,0,43.99932,0.05524216232852483
4,8,GB,4,6,0,0,45.00479,0.051046168420273
4,8,GB,4,6,0,0,45.99848,0.05346390914022401
4,8,GB,4,6,0,0,47.00407,0.0614694659956211
4,8,GB,4,6,0,0,47.99735,0.054956445588219986
4,8,GB,4,6,0,0,49.00396,0.04526234251938662
4,8,GB,4,6,0,0,49.99818,0.06026881423837889
4,8,GB,4,6,0,0,51.00159,0.06412487315033848
4,8,GB,4,6,0,0,51.99651,0.11834848081186329
4,8,GB,4,6,0,0,53.00211,0.15591142542582298
4,8,GB,4,6,0,0,53.99723,0.21671349282213434
4,8,GB,4,6,0,0,55.00178,0.21095116124827726
4,8,GB,4,6,0,0,55.99569,0.4002998810802073
4,8,GB,4,6,0,0,56.99967,0.46409614130318966
4,8,GB,4,6,0,0,57.99514,0.4676574763519306
4,8,GB,4,6,0,0,59.0001,0.4680015353063739
4,8,GB,4,6,0,0,60.00412,0.5688520324990675
4,8,GB,4,6,0,0,60.99954,0.584751227076084
4,8,GB,4,6,0,0,62.00455,0.8618820270359936
4,8,GB,4,6,0,0,62.99667,0.826031706531523
4,8,GB,4,6,0,0,64.00391,0.698319788281283
4,8,GB,4,6,0,0,64.99876,0.739569876597473
4,8,GB,4,6,0,0,66.00466,0.6218634409020769
4,8,GB,4,6,0,0,66.99519,0.6333360733008839
4,8,GB,4,6,0,0,68.00278,0.5435078237051109
4,8,GB,4,6,0,0,68.99691,0.7251538960749064
4,8,GB,4,6,0,0,70.00152,0.8232893499648805
4,8,GB,4,6,0,0,70.99718,0.7695803540815407
4,8,GB,4,6,0,0,72.00053,0.7829792973383652
4,8,GB,4,6,0,0,72.99554,0.9197291933975225
4,8,GB,4,6,0,0,74.00175,0.9661936167201585
4,8,GB,4,6,0,0,74.99531,0.9731295375515937
4,8,GB,4,6,0,0,76.00156,0.9681852648884627
4,8,GB,4,6,0,0,76.9957,0.9718202469460079
4,8,GB,4,6,0,0,77.99854,0.968412442222573
4,8,GB,4,6,1,1,79.00594,0.9735399588734445
4,8,GB,4,6,1,1,79.99966,0.9764078534352004
4,8,GB,4,6,1,1,81.0055,0.9748393633858581
4,8,GB,4,6,1,1,81.99766,0.9798995565638835
4,8,GB,4,6,1,1,83.00455,0.9793933241919841
4,8,GB,4,6,1,1,83.99812,0.9788314845317114
4,8,GB,4,6,1,1,85.00332,0.96749037965361
4,8,GB,4,6,1,1,85.9983,0.9797190785059088
4,8,GB,4,6,1,1,87.00482,0.9789192934432434
4,8,GB,4,6,1,1,87.99602,0.9748995905376335
4,8,GB,4,6,1,1,89.00328,0.9847843901793701
4,8,GB,4,6,1,1,89.99747,0.9848676023020801
4,8,GB,4,6,1,1,91.00337,0.9850788293566302
4,8,GB,4,6,1,1,91.99653,0.9817599156543287
4,8,GB,4,6,1,1,93.00198,0.9782021031401418
4,8,GB,4,6,1,1,93.99605,0.9853701504964738
4,8,GB,4,6,1,1,95.0014,0.98429985251872
4,8,GB,4,6,1,1,95.99513,0.9850899959947442
4,8,GB,4,6,1,1,97.00123,0.9809094219550109
4,8,GB,4,6,1,1,98.00561,0.9795824519056145
4,8,GB,4,6,1,1,99.00047,0.9871153701035185
4,8,GB,4,6,1,1,100.0045,0.9874246140107931
4,8,GB,4,6,1,1,100.9993,0.9874263084203506
4,8,GB,4,6,1,1,102.0045,0.986694529972768
4,8,GB,4,6,1,1,102.9964,0.9823969724663737
4,8,GB,4,6,1,1,104.0036,0.9874512829414488
4,8,GB,4,6,1,1,104.998,0.9798449690530195
4,8,GB,4,6,1,1,106.0024,0.9837092154691521
4,8,GB,4,6,1,1,106.9969,0.9798391172428912
4,8,GB,4,6,1,1,108.0033,0.984519050781066
4,8,GB,4,6,1,1,108.9968,0.9854396347654153
4,8,GB,4,6,1,1,110.0023,0.9844051669510512
4,8,GB,4,6,1,1,110.9956,0.9783408254795132
4,8,GB,4,6,1,1,112.0019,0.9874014695842043
4,8,GB,4,6,1,1,112.9961,0.9862150104391436
4,8,GB,4,6,1,1,114.0015,0.989785298073493
4,8,GB,4,6,1,1,114.9951,0.9883199092412864
4,8,GB,4,6,1,1,115.9994,0.9851584135235691
4,8,GB,4,6,1,1,116.9956,0.9192281339523062
4,8,GB,4,6,1,1,118.0012,0.8864276850606276
4,8,GB,4,6,1,1,119.0061,0.878798424501292
4,8,GB,4,6,1,1,119.9999,0.8954964401560611
4,8,GB,4,6,1,1,121.005,0.8878487093879965
4,8,GB,4,6,1,1,121.9982,0.8745699473586624
4,8,GB,4,6,1,1,123.0025,0.8844636678392668
4,8,GB,4,6,1,1,123.9976,0.8989885855475338
4,8,GB,4,6,1,1,125.0031,0.901799493030992
4,8,GB,4,6,1,1,125.9979,0.9027691934332671
4,8,GB,4,6,1,1,127.0042,0.9027691934332671
4,8,GB,4,6,1,1,127.9954,0.8721000634232143
4,8,GB,4,6,1,1,129.0022,0.8628797482307149
4,8,GB,4,6,1,1,129.9973,0.8801448358644943
4,8,GB,4,6,1,1,131.0019,0.8801448358644943
4,8,GB,4,6,1,1,131.9967,0.885343820549209
4,8,GB,4,6,1,1,133.0011,0.8792941150688783
4,8,GB,4,6,1,1,133.9959,0.8691817463280697
4,8,GB,4,6,1,1,135.0006,0.9000946020242683
4,8,GB,4,6,1,1,135.9956,0.9121939084469429
4,8,GB,4,6,1,1,137.0,0.9095947890964353
4,8,GB,4,6,1,1,137.9949,0.896071022808889
4,8,GB,4,6,1,1,139.0005,0.905551766398585
4,8,GB,4,6,1,1,140.005,0.92952022867975
4,8,GB,4,6,1,1,141.0011,0.896641345271828
4,8,GB,4,6,1,1,142.0049,0.9099508493011357
4,8,GB,4,6,1,1,143.0005,0.9066294555517749
4,8,GB,4,6,1,1,144.0034,0.9265466486459603
4,8,GB,4,6,1,1,144.9979,0.9517231588036356
4,8,GB,4,6,1,1,146.0038,0.9424162750526516
4,8,GB,4,6,1,1,146.9981,0.9348623982016988
4,8,GB,4,6,1,1,148.0031,0.9602127351576879
4,8,GB,4,6,1,1,148.9964,0.9718138222761452
4,8,GB,4,6,1,1,150.0031,0.9614795504156654
4,8,GB,4,6,1,1,150.998,0.9684652972488894
4,8,GB,4,6,1,1,152.0034,0.9650117249039304
4,8,GB,4,6,1,1,152.9952,0.9650117249039304
4,8,GB,4,6,1,1,154.0003,0.9606512923423428
4,8,GB,4,6,1,1,154.9953,0.9526206239206717
4,8,GB,4,6,1,1,156.0001,0.9398647220726121
4,8,GB,4,6,1,1,156.995,0.9617497307883579
4,8,GB,4,6,1,1,157.9995,0.9883498312969403
4,8,GB,4,6,1,1,158.9955,0.9912030156579722
4,8,GB,4,6,1,1,160.0004,0.9944035160874949
4,8,GB,4,6,1,1,161.0052,0.9943286362170327
4,8,GB,4,6,1,1,161.9997,0.9933414048864487
4,8,GB,4,6,1,1,163.0055,0.9948150457683507
4,8,GB,4,6,1,1,163.9982,0.9957903337769474
4,8,GB,4,6,1,1,165.0044,0.9957903337769474
4,8,GB,4,6,1,1,165.9982,0.9958547398128152
4,8,GB,4,6,1,1,167.0028,0.9952160915829483
4,8,GB,4,6,1,1,167.9974,0.9952160915829483
4,8,GB,4,6,1,1,169.0004,0.9952160915829483
4,8,GB,4,6,1,1,169.9961,0.9952160915829483
4,8,GB,4,6,1,1,171.0027,0.9949708691768941
4,8,GB,4,6,1,1,171.9965,0.9949708691768941
4,8,GB,4,6,1,1,173.0008,0.9949708691768941
4,8,GB,4,6,1,1,173.9957,0.9945172582800131
4,8,GB,4,6,1,1,175.0005,0.9949708691768941
4,8,GB,4,6,1,1,176.0067,0.9941611242564916
4,8,GB,4,6,1,1,176.9993,0.992054282874471
4,8,GB,4,6,1,1,178.0047,0.9947838880254974
4,8,GB,4,6,1,1,178.9991,0.9948928006311681
4,8,GB,4,6,1,1,180.0038,0.9955178086094275
4,8,GB,4,6,1,1,180.9995,0.9931567383830374
4,8,GB,4,6,1,1,182.0041,0.9933456124687936
4,8,GB,4,6,1,1,183.0005,0.9941531325703089
4,8,GB,4,6,1,1,184.0035,0.9942316806202532
4,8,GB,4,6,1,1,184.9995,0.994190015651523
4,8,GB,4,6,1,1,186.0027,0.9941040964609859
4,8,GB,4,6,1,1,186.9969,0.9958766229823299
4,8,GB,4,6,1,1,188.0041,0.995450915414138
4,8,GB,4,6,1,1,188.9965,0.994804898783931
4,8,GB,4,6,1,1,190.0023,0.994804898783931
4,8,GB,4,6,1,1,190.997,0.9938442613286569
4,8,GB,4,6,1,1,192.0012,0.992243477238518
4,8,GB,4,6,1,1,192.9953,0.9938422496418146
4,8,GB,4,6,1,1,194.0018,0.9953501747525545
4,8,GB,4,6,1,1,194.9951,0.9930980246434625
4,8,GB,4,6,1,1,196.0017,0.9938307869535633
4,8,GB,4,6,1,1,196.9955,0.9928592662749048
4,8,GB,4,6,1,1,197.9992,0.9951889470445363
4,8,GB,4,6,1,1,199.0046,0.9928717489808708
4,8,GB,4,6,1,1,199.9997,0.9931867287052047
4,8,GB,4,6,1,1,201.0053,0.9948699441390199
4,8,GB,4,6,1,1,201.9996,0.9945934018736714
4,8,GB,4,6,1,1,203.0045,0.9927026949722271
4,8,GB,4,6,1,1,203.9994,0.9905187931879703
4,8,GB,4,6,1,1,205.0027,0.9889099071125683
4,8,GB,4,6,1,1,205.9978,0.9887347777910156
4,8,GB,4,6,1,1,207.0028,0.9908180195397023
4,8,GB,4,6,1,1,207.9981,0.9871465140643592
4,8,GB,4,6,1,1,209.0018,0.9883365063260042
4,8,GB,4,6,1,1,209.9971,0.9846737298136624
4,8,GB,4,6,1,1,211.0018,0.987763927588011
4,8,GB,4,6,1,1,211.9965,0.9928485452743243
4,8,GB,4,6,1,1,213.0005,0.9930568845498676
4,8,GB,4,6,1,1,213.9955,0.991678019162038
4,8,GB,4,6,1,1,215.0018,0.989558294099871
4,8,GB,4,6,1,1,216.0054,0.9918365513051188
4,8,GB,4,6,1,1,216.999,0.9917106284752997
4,8,GB,4,6,1,1,218.0052,0.9934547125964761
4,8,GB,4,6,1,1,219.0004,0.9934547125964761
4,8,GB,4,6,1,1,219.9952,0.9926628584496564
4,8,GB,4,6,1,1,220.9994,0.9923244891781529
4,8,GB,4,6,1,1,222.004,0.992204902421009
4,8,GB,4,6,1,1,222.9986,0.9900287221318772
4,8,GB,4,6,1,1,224.0039,0.9908801407319874
4,8,GB,4,6,1,1,224.9971,0.9882020981265791
4,8,GB,4,6,1,1,226.0025,0.989425883858755
4,8,GB,4,6,1,1,226.997,0.9902102010647998
4,8,GB,4,6,1,1,228.0032,0.9879577517758587
4,8,GB,4,6,1,1,228.9982,0.9885298134268873
4,8,GB,4,6,1,1,230.0016,0.988325412826771
4,8,GB,4,6,1,1,230.9958,0.9893913325234958
4,8,GB,4,6,1,1,232.0021,0.9868773261881261
4,8,GB,4,6,1,1,232.996,0.987721393276431
4,8,GB,4,6,1,1,234.0009,0.9892515543030358
4,8,GB,4,6,1,1,234.9951,0.9905501206447012
4,8,GB,4,6,1,1,236.0014,0.9906251684321236
4,8,GB,4,6,1,1,236.9952,0.9887572466364072
4,8,GB,4,6,1,1,238.0005,0.989939306716218
4,8,GB,4,6,1,1,239.0048,0.9874943524211144
4,8,GB,4,6,1,1,239.998,0.9854140828038579
4,8,GB,4,6,1,1,241.0045,0.9835703064459159
4,8,GB,4,6,1,1,241.9997,0.9857278995405312
4,8,GB,4,6,1,1,243.0043,0.9887371115504425
4,8,GB,4,6,1,1,243.9979,0.9866710306149103
4,8,GB,4,6,1,1,245.0045,0.9853336650568856
4,8,GB,4,6,1,1,245.9983,0.9787462477547033
4,8,GB,4,6,1,1,247.0034,0.9807407658418835
4,8,GB,4,6,1,1,247.9966,0.9877166701260817
4,8,GB,4,6,1,1,249.0038,0.9846556595288563
4,8,GB,4,6,1,1,249.9967,0.982514849704447
4,8,GB,4,6,1,1,251.0027,0.25695485494486864
4,8,GB,4,6,1,1,251.9969,0.3393334564296195
4,8,GB,4,6,1,1,253.0018,0.28218249496550646
4,8,GB,4,6,1,1,254.0059,0.29809295926547696
4,8,GB,4,6,1,1,255.0009,0.3005772108519669
4,8,GB,4,6,1,1,256.006,0.27597112629589354
4,8,GB,4,6,1,1,257.0001,0.27334688322030465
4,8,GB,4,6,1,1,257.9961,0.27334688322030465
4,8,GB,4,6,1,1,259.0005,0.2646135689985277
4,8,GB,4,6,1,1,260.0055,0.28754206421331163
4,8,GB,4,6,1,1,260.9998,0.24320620905648221
4,8,GB,4,6,1,1,262.0056,0.24385341401932506
4,8,GB,4,6,1,1,262.9988,0.19196499145724566
4,8,GB,4,6,1,1,264.0048,0.22268628565498186
4,8,GB,4,6,1,1,264.9983,0.20857183203028035
4,8,GB,4,6,1,1,266.0038,0.21343265983849002
4,8,GB,4,6,1,1,266.9969,0.21022055531474315
4,8,GB,4,6,1,1,268.0023,0.1847164269151383
4,8,GB,4,6,1,1,268.9973,0.21955762533343604
4,8,GB,4,6,1,1,270.0033,0.20023993916614713
4,8,GB,4,6,1,1,270.9977,0.27102273971810625
4,8,GB,4,6,1,1,272.0032,0.20002846759420045
4,8,GB,4,6,1,1,272.9963,0.20692595254077412
4,8,GB,4,6,1,1,274.0013,0.2735882053773454
4,8,GB,4,6,1,1,275.0058,0.2416690070653764
4,8,GB,4,6,1,1,276.0016,0.23715516594065886
4,8,GB,4,6,1,1,276.9961,0.25333436043855406
4,8,GB,4,6,1,1,278.0005,0.23269386064920392
4,8,GB,4,6,1,1,279.0054,0.2529504616426467
4,8,GB,4,6,1,1,280.0003,0.2466414869929875
4,8,GB,4,6,1,1,281.0043,0.24685086470118037
4,8,GB,4,6,1,1,281.9992,0.2357948503410157
4,8,GB,4,6,1,1,283.0033,0.33403358126743576
4,8,GB,4,6,1,1,283.9978,0.3440914788858034
4,8,GB,4,6,1,1,285.0029,0.33753188801367945
4,8,GB,4,6,1,1,285.9962,0.3231587417207756
4,8,GB,4,6,1,1,287.0033,0.34632024196033334
4,8,GB,4,6,1,1,287.9975,0.35727254698197713
4,8,GB,4,6,1,1,289.0008,0.3443837587348179
4,8,GB,4,6,1,1,289.995,0.33256636054261274
4,8,GB,4,6,1,1,291.0015,0.2936911134946325
4,8,GB,4,6,1,1,291.9957,0.33464302202128554
4,8,GB,4,6,1,1,292.9995,0.33665133246780693
4,8,GB,4,6,1,1,293.9948,0.34563748966984303
4,8,GB,4,6,1,1,295.0001,0.3591024296067578
4,8,GB,4,6,1,1,296.0042,0.3190210885567998
4,8,GB,4,6,1,1,297.0004,0.3702493331234299
4,8,GB,4,6,1,1,298.0045,0.3768291702543066
4,8,GB,4,6,1,1,299.0001,0.358684622365246
4,8,GB,4,6,1,1,300.0042,0.3668160051944194
4,8,GB,4,6,1,1,300.9987,0.3732214288031813
4,8,GB,8,12,0,0,0.0110377,0.00012859712575356876
4,8,GB,8,12,0,0,1.010147,0.00013698799861263953
4,8,GB,8,12,0,0,2.016094,0.00017099898203291465
4,8,GB,8,12,0,0,3.009745,0.00013885162933676947
4,8,GB,8,12,1,1,4.01616,0.0001301251871118868
4,8,GB,8,12,1,1,5.009424,0.0002396699076738583
4,8,GB,8,12,1,1,6.01379,0.00024198782167607184
4,8,GB,8,12,1,1,7.008862,0.0008246369871183732
4,8,GB,8,12,1,1,8.014355,0.002629889840625427
4,8,GB,8,12,1,1,9.019238,0.003364721370388337
4,8,GB,8,12,1,1,10.01213,0.0068678746527599125
4,8,GB,8,12,1,1,11.0166,0.005945555316331823
4,8,GB,8,12,1,1,12.01287,0.019500951802136395
4,8,GB,8,12,1,1,13.01876,0.020125409301218165
4,8,GB,8,12,1,1,14.01381,0.03307847170568776
4,8,GB,8,12,1,1,15.01681,0.035489289472217384
4,8,GB,8,12,1,1,16.01281,0.03276390646894602
4,8,GB,8,12,1,1,17.01839,0.03492038586822788
4,8,GB,8,12,1,1,18.01066,0.050185527479349595
4,8,GB,8,12,1,1,19.01831,0.04772177998632881
4,8,GB,8,12,1,1,20.01064,0.04458395123833887
4,8,GB,8,12,1,1,21.0165,0.03596187759264219
4,8,GB,8,12,1,1,22.01155,0.03535906414244751
4,8,GB,8,12,1,1,23.01568,0.03441643239259688
4,8,GB,8,12,1,1,24.0096,0.04157349184781888
4,8,GB,8,12,1,1,25.01568,0.04039659248399847
4,8,GB,8,12,1,1,26.00962,0.01755076564368187
4,8,GB,8,12,1,1,27.01536,0.01930348994067416
4,8,GB,8,12,1,1,28.0098,0.017863868343289967
4,8,GB,8,12,1,1,29.01463,0.02032480412953474
4,8,GB,8,12,1,1,30.0086,0.04244102842979957
4,8,GB,8,12,1,1,31.01355,0.047796221820108356
4,8,GB,8,12,1,1,32.01867,0.04558635170043264
4,8,GB,8,12,1,1,33.01118,0.033679017578132665
4,8,GB,8,12,1,1,34.01851,0.0459392495251165
4,8,GB,8,12,1,1,35.01208,0.09587557132222355
4,8,GB,8,12,1,1,36.01853,0.13890966333548482
4,8,GB,8,12,1,1,37.01241,0.09022146183888728
4,8,GB,8,12,1,1,38.01729,0.09179377729078408
4,8,GB,8,12,1,1,39.01123,0.09021247853059862
4,8,GB,8,12,1,1,40.0166,0.09179377729078408
4,8,GB,8,12,1,1,41.00916,0.07227226635686408
4,8,GB,8,12,1,1,42.01604,0.07446264481662024
4,8,GB,8,12,1,1,43.00914,0.07046239539781195
4,8,GB,8,12,1,1,44.01637,0.07046239539781195
4,8,GB,8,12,1,1,45.01945,0.06836676575063215
4,8,GB,8,12,1,1,46.01505,0.05086801521129481
4,8,GB,8,12,1,1,47.0084,0.05313808049207031
4,8,GB,8,12,1,1,48.01484,0.05086801521129481
4,8,GB,8,12,1,1,49.00824,0.048850198294676114
4,8,GB,8,12,1,1,50.01454,0.0540142972919832
4,8,GB,8,12,1,1,51.01845,0.0540142972919832
4,8,GB,8,12,1,1,52.01202,0.04479530923843731
4,8,GB,8,12,1,1,53.01875,0.1339911516603625
4,8,GB,8,12,1,1,54.01386,0.1326343975587202
4,8,GB,8,12,1,1,55.01745,0.1339911516603625
4,8,GB,8,12,1,1,56.01162,0.16266923801077615
4,8,GB,8,12,1,1,57.01839,0.13603353436239196
4,8,GB,8,12,1,1,58.01215,0.12169680925292678
4,8,GB,8,12,1,1,59.01632,0.1419118313060841
4,8,GB,8,12,1,1,60.01164,0.0979793966248674
4,8,GB,8,12,1,1,61.01605,0.1398147139197223
4,8,GB,8,12,1,1,62.01088,0.12428054933227932
4,8,GB,8,12,1,1,63.01574,0.053557356002496954
4,8,GB,8,12,1,1,64.0106,0.04660691689991254
4,8,GB,8,12,1,1,65.01489,0.046276999253140105
4,8,GB,8,12,1,1,66.00845,0.04712806393608097
4,8,GB,8,12,1,1,67.01373,0.04712806393608097
4,8,GB,8,12,1,1,68.01971,0.050792135830176395
4,8,GB,8,12,1,1,69.01488,0.11311211034612925
4,8,GB,8,12,1,1,70.01777,0.1006380341069915
4,8,GB,8,12,1,1,71.01369,0.09184182122330761
4,8,GB,8,12,1,1,72.01964,0.15069723107307964
4,8,GB,8,12,1,1,73.01192,0.2902775781726544
4,8,GB,8,12,1,1,74.01961,0.2030682600685131
4,8,GB,8,12,1,1,75.01247,0.19800921811735056
4,8,GB,8,12,1,1,76.01733,0.16792386854766111
4,8,GB,8,12,1,1,77.01091,0.3743493632712387
4,8,GB,8,12,1,1,78.01698,0.2947588081560203
4,8,GB,8,12,1,1,79.01109,0.3855233383977064
4,8,GB,8,12,1,1,80.01685,0.5094475918496038
4,8,GB,8,12,1,1,81.01129,0.54452270749422
4,8,GB,8,12,1,1,82.0164,0.54452270749422
4,8,GB,8,12,1,1,83.00986,0.5243996518660893
4,8,GB,8,12,1,1,84.01507,0.543999831183475
4,8,GB,8,12,1,1,85.0094,0.5243996518660893
4,8,GB,8,12,1,1,86.01546,0.5231235559007305
4,8,GB,8,12,1,1,87.00921,0.584160228650847
4,8,GB,8,12,1,1,88.01216,0.45229547378063306
4,8,GB,8,12,1,1,89.00884,0.487973082694161
4,8,GB,8,12,1,1,90.01527,0.4436506205773929
4,8,GB,8,12,1,1,91.01823,0.39471674382699096
4,8,GB,8,12,1,1,92.01326,0.39567912965268925
4,8,GB,8,12,1,1,93.0173,0.39988051595151897
4,8,GB,8,12,1,1,94.012,0.3975381130574888
4,8,GB,8,12,1,1,95.01615,0.3492942156503935
4,8,GB,8,12,1,1,96.01204,0.35785352492526346
4,8,GB,8,12,1,1,97.01764,0.3197891681805181
4,8,GB,8,12,1,1,98.0108,0.36480373745584926
4,8,GB,8,12,1,1,99.01787,0.37130555548471716
4,8,GB,8,12,1,1,100.0112,0.37130555548471716
4,8,GB,8,12,1,1,101.0159,0.37130555548471716
4,8,GB,8,12,1,1,102.0096,0.37130555548471716
4,8,GB,8,12,1,1,103.0159,0.37130555548471716
4,8,GB,8,12,1,1,104.0102,0.3582867794508586
4,8,GB,8,12,1,1,105.0157,0.3467773631981815
4,8,GB,8,12,1,1,106.0086,0.35788001521132684
4,8,GB,8,12,1,1,107.0142,0.37130555548471716
4,8,GB,8,12,1,1,108.009,0.37130555548471716
4,8,GB,8,12,1,1,109.0137,0.37130555548471716
4,8,GB,8,12,1,1,110.0089,0.39623984917941885
4,8,GB,8,12,1,1,111.0139,0.40314793891174733
4,8,GB,8,12,1,1,112.0085,0.4197026924273929
4,8,GB,8,12,1,1,113.0106,0.41530939187112503
4,8,GB,8,12,1,1,114.017,0.40342737758919267
4,8,GB,8,12,1,1,115.0134,0.41320753721799286
4,8,GB,8,12,1,1,116.0167,0.4051018029366375
4,8,GB,8,12,1,1,117.0123,0.42771255185480045
4,8,GB,8,12,1,1,118.0174,0.4456108494226549
4,8,GB,8,12,1,1,119.0114,0.4536649756923114
4,8,GB,8,12,1,1,120.0172,0.4533414907092727
4,8,GB,8,12,1,1,121.0105,0.45145404314558346
4,8,GB,8,12,1,1,122.0162,0.4490355833465856
4,8,GB,8,12,1,1,123.0094,0.48085602752278206
4,8,GB,8,12,1,1,124.015,0.4779758675323301
4,8,GB,8,12,1,1,125.0093,0.4416761831788694
4,8,GB,8,12,1,1,126.0151,0.4532077391360945
4,8,GB,8,12,1,1,127.0096,0.4779954109137753
4,8,GB,8,12,1,1,128.0141,0.4714332632490655
4,8,GB,8,12,1,1,129.0185,0.5083507745753278
4,8,GB,8,12,1,1,130.014,0.4973507116166627
4,8,GB,8,12,1,1,131.0189,0.5070482985439553
4,8,GB,8,12,1,1,132.0128,0.4973507116166627
4,8,GB,8,12,1,1,133.019,0.5070482985439553
4,8,GB,8,12,1,1,134.0107,0.5070482985439553
4,8,GB,8,12,1,1,135.0182,0.5070482985439553
4,8,GB,8,12,1,1,136.0107,0.506187184202077
4,8,GB,8,12,1,1,137.0173,0.48363645036127234
4,8,GB,8,12,1,1,138.0118,0.5102102049162137
4,8,GB,8,12,1,1,139.0185,0.4771531538703692
4,8,GB,8,12,1,1,140.011,0.5056482367662772
4,8,GB,8,12,1,1,141.0155,0.5087932070969636
4,8,GB,8,12,1,1,142.0092,0.5037447773471806
4,8,GB,8,12,1,1,143.0148,0.506187184202077
4,8,GB,8,12,1,1,144.0097,0.505697789824727
4,8,GB,8,12,1,1,145.0158,0.508859967975773
4,8,GB,8,12,1,1,146.009,0.5091525386605535
4,8,GB,8,12,1,1,147.0147,0.5032135022173988
4,8,GB,8,12,1,1,148.0176,0.5067105055142175
4,8,GB,8,12,1,1,149.0135,0.5075549797842088
4,8,GB,8,12,1,1,150.0089,0.5113171669225146
4,8,GB,8,12,1,1,151.0133,0.5067105055142175
4,8,GB,8,12,1,1,152.0182,0.41025177406984814
4,8,GB,8,12,1,1,153.0136,0.5087102748637023
4,8,GB,8,12,1,1,154.0181,0.4778097239388981
4,8,GB,8,12,1,1,155.0128,0.6441484166477338
4,8,GB,8,12,1,1,156.0166,0.6584508783050692
4,8,GB,8,12,1,1,157.0118,0.6663787350045396
4,8,GB,8,12,1,1,158.0165,0.7138930074900601
4,8,GB,8,12,1,1,159.0093,0.7298814598443518
4,8,GB,8,12,1,1,160.0144,0.4047376006489616
4,8,GB,8,12,1,1,161.0088,0.476802397938435
4,8,GB,8,12,1,1,162.0157,0.46886218796365486
4,8,GB,8,12,1,1,163.0096,0.4423065320651786
4,8,GB,8,12,1,1,164.0156,0.4614953012926226
4,8,GB,8,12,1,1,165.0181,0.4650811134346334
4,8,GB,8,12,1,1,166.015,0.46454476001541245
4,8,GB,8,12,1,1,167.0088,0.4626512227114767
4,8,GB,8,12,1,1,168.0134,0.4626512227114767
4,8,GB,8,12,1,1,169.0189,0.4479793394680665
4,8,GB,8,12,1,1,170.0132,0.4664597311975121
4,8,GB,8,12,1,1,171.0085,0.4684750371133499
4,8,GB,8,12,1,1,172.0134,0.4709087097740714
4,8,GB,8,12,1,1,173.0177,0.47949927387047353
4,8,GB,8,12,1,1,174.0111,0.4972323643637601
4,8,GB,8,12,1,1,175.0181,0.47949927387047353
4,8,GB,8,12,1,1,176.0109,0.5305398338505017
4,8,GB,8,12,1,1,177.017,0.55059139302658
4,8,GB,8,12,1,1,178.011,0.55059139302658
4,8,GB,8,12,1,1,179.0166,0.5305398338505017
4,8,GB,8,12,1,1,180.0093,0.5100434432221134
4,8,GB,8,12,1,1,181.0153,0.5285230200135563
4,8,GB,8,12,1,1,182.0092,0.5279857183016851
4,8,GB,8,12,1,1,183.0143,0.5409001003021287
4,8,GB,8,12,1,1,184.0083,0.5410629599094772
4,8,GB,8,12,1,1,185.0125,0.5429097583560784
4,8,GB,8,12,1,1,186.0095,0.5453333855139696
4,8,GB,8,12,1,1,187.0145,0.5453333855139696
4,8,GB,8,12,1,1,188.0086,0.5453333855139696
4,8,GB,8,12,1,1,189.0136,0.5429097583560784
4,8,GB,8,12,1,1,190.0171,0.5429097583560784
4,8,GB,8,12,1,1,191.013,0.5517521212185835
4,8,GB,8,12,1,1,192.0174,0.5870528958817394
4,8,GB,8,12,1,1,193.0106,0.5870528958817394
4,8,GB,8,12,1,1,194.0183,0.586530114279005
4,8,GB,8,12,1,1,195.011,0.5225203527008854
4,8,GB,8,12,1,1,196.0152,0.5592345768973961
4,8,GB,8,12,1,1,197.0104,0.5661247630883014
4,8,GB,8,12,1,1,198.0171,0.5589243545387784
4,8,GB,8,12,1,1,199.0101,0.5589243545387784
4,8,GB,8,12,1,1,200.0164,0.5589243545387784
4,8,GB,8,12,1,1,201.0086,0.5432586089163414
4,8,GB,8,12,1,1,202.0159,0.5523559157729707
4,8,GB,8,12,1,1,203.0097,0.5523559157729707
4,8,GB,8,12,1,1,204.015,0.5291945720278817
4,8,GB,8,12,1,1,205.0092,0.5523559157729707
4,8,GB,8,12,1,1,206.0141,0.5438238398513652
4,8,GB,8,12,1,1,207.008,0.5438238398513652
4,8,GB,8,12,1,1,208.0141,0.530228842892242
4,8,GB,8,12,1,1,209.0079,0.5387995507088205
4,8,GB,8,12,1,1,210.0141,0.5387995507088205
4,8,GB,8,12,1,1,211.0173,0.5387995507088205
4,8,GB,8,12,1,1,212.0122,0.5387995507088205
4,8,GB,8,12,1,1,213.0178,0.5283944340116659
4,8,GB,8,12,1,1,214.0104,0.5251681364170695
4,8,GB,8,12,1,1,215.0173,0.5283944340116659
4,8,GB,8,12,1,1,216.0121,0.5199364361025689
4,8,GB,8,12,1,1,217.016,0.5199364361025689
4,8,GB,8,12,1,1,218.0118,0.5283334918449089
4,8,GB,8,12,1,1,219.017,0.5283334918449089
4,8,GB,8,12,1,1,220.0112,0.5283334918449089
4,8,GB,8,12,1,1,221.0145,0.4877729901120263
4,8,GB,8,12,1,1,222.0105,0.512506191574344
4,8,GB,8,12,1,1,223.0154,0.5002833521414835
4,8,GB,8,12,1,1,224.0105,0.5417582723642954
4,8,GB,8,12,1,1,225.0148,0.5612642613845763
4,8,GB,8,12,1,1,226.0095,0.5494098356677214
4,8,GB,8,12,1,1,227.0143,0.5536857865050085
4,8,GB,8,12,1,1,228.0086,0.5442384303350047
4,8,GB,8,12,1,1,229.0141,0.5418138704368652
4,8,GB,8,12,1,1,230.0186,0.5442384303350047
4,8,GB,8,12,1,1,231.0125,0.5507774704043018
4,8,GB,8,12,1,1,232.0178,0.5488927540246552
4,8,GB,8,12,1,1,233.0099,0.5513108756298554
4,8,GB,8,12,1,1,234.0176,0.5533046108127798
4,8,GB,8,12,1,1,235.0116,0.5488927540246552
4,8,GB,8,12,1,1,236.0172,0.5488927540246552
4,8,GB,8,12,1,1,237.0101,0.5513108756298554
4,8,GB,8,12,1,1,238.0155,0.5513108756298554
4,8,GB,8,12,1,1,239.008,0.5647965319788913
4,8,GB,8,12,1,1,240.0153,0.5623933997967804
4,8,GB,8,12,1,1,241.0105,0.5667774319110858
4,8,GB,8,12,1,1,242.0131,0.51612976810124
4,8,GB,8,12,1,1,243.0095,0.5138389181161219
4,8,GB,8,12,1,1,244.014,0.5162793501609976
4,8,GB,8,12,1,1,245.0085,0.48036427506410195
4,8,GB,8,12,1,1,246.0148,0.5055599363142658
4,8,GB,8,12,1,1,247.009,0.493032029233001
4,8,GB,8,12,1,1,248.0144,0.4825372895488592
4,8,GB,8,12,1,1,249.0175,0.4694005371660628
4,8,GB,8,12,1,1,250.0134,0.4949359159262524
4,8,GB,8,12,1,1,251.0181,0.49047036748738737
4,8,GB,8,12,1,1,252.0121,0.49047036748738737
4,8,GB,8,12,1,1,253.0182,0.48767308055321756
4,8,GB,8,12,1,1,254.0107,0.4662949911061935
4,8,GB,8,12,1,1,255.0149,0.46185155202370404
4,8,GB,8,12,1,1,256.0111,0.45227312539412545
4,8,GB,8,12,1,1,257.0152,0.4585138290702742
4,8,GB,8,12,1,1,258.0106,0.4617288269788656
4,8,GB,8,12,1,1,259.0168,0.47167938806094817
4,8,GB,8,12,1,1,260.0113,0.4599535473586591
4,8,GB,8,12,1,1,261.0168,0.4625444983781846
4,8,GB,8,12,1,1,262.0091,0.43229723090994404
4,8,GB,8,12,1,1,263.015,0.49573253595974986
4,8,GB,8,12,1,1,264.0086,0.5001989617431968
4,8,GB,8,12,1,1,265.0153,0.5001989617431968
4,8,GB,8,12,1,1,266.0085,0.5001989617431968
4,8,GB,8,12,1,1,267.0125,0.4765501316035103
4,8,GB,8,12,1,1,268.0091,0.46715187722464846
4,8,GB,8,12,1,1,269.0128,0.4643168634207066
4,8,GB,8,12,1,1,270.0084,0.40553359958465557
4,8,GB,8,12,1,1,271.0146,0.37686278713427007
4,8,GB,8,12,1,1,272.0173,0.3831217076360568
4,8,GB,8,12,1,1,273.0097,0.3804794843264663
4,8,GB,8,12,1,1,274.0183,0.39769800475979405
4,8,GB,8,12,1,1,275.0115,0.46764808149958204
4,8,GB,8,12,1,1,276.0151,0.47661765996288796
4,8,GB,8,12,1,1,277.0096,0.4658090293815738
4,8,GB,8,12,1,1,278.0158,0.45739583565858866
4,8,GB,8,12,1,1,279.0106,0.4658090293815738
4,8,GB,8,12,1,1,280.0164,0.44266281230577836
4,8,GB,8,12,1,1,281.0103,0.4531151593744407
4,8,GB,8,12,1,1,282.0149,0.4728059218972155
4,8,GB,8,12,1,1,283.009,0.4728059218972155
4,8,GB,8,12,1,1,284.0134,0.4728059218972155
4,8,GB,8,12,1,1,285.0092,0.4574418436317128
4,8,GB,8,12,1,1,286.0143,0.4671750370620155
4,8,GB,8,12,1,1,287.0086,0.4671750370620155
4,8,GB,8,12,1,1,288.0116,0.4671750370620155
4,8,GB,8,12,1,1,289.0082,0.4671750370620155
4,8,GB,8,12,1,1,290.0127,0.47084508816492926
4,8,GB,8,12,1,1,291.0188,0.47084508816492926
4,8,GB,8,12,1,1,292.0116,0.4671750370620155
4,8,GB,8,12,1,1,293.0168,0.47084508816492926
4,8,GB,8,12,1,1,294.0131,0.4909509213319213
4,8,GB,8,12,1,1,295.0175,0.4811063434575796
4,8,GB,8,12,1,1,296.0116,0.4909509213319213
4,8,GB,8,12,1,1,297.0178,0.4946343599850438
4,8,GB,8,12,1,1,298.0087,0.4946343599850438
4,8,GB,8,12,1,1,299.016,0.4909509213319213
4,8,GB,8,12,1,1,300.0092,0.47971525518608615
4,8,GB,8,12,1,1,301.0147,0.48529620677742735
4,8,LR,4,5,0,0,0.0112268,0.018332933999204635
4,8,LR,4,5,0,0,1.010952,7.902749381857926e-05
4,8,LR,4,5,0,0,2.01688,0.000281941968399339
4,8,LR,4,5,0,0,3.010709,0.0006412180339451584
4,8,LR,4,5,0,0,4.015441,0.0005078999966791779
4,8,LR,4,5,0,0,5.010154,0.0007663483370048608
4,8,LR,4,5,0,0,6.01441,0.0010992549145929294
4,8,LR,4,5,0,0,7.008793,0.0015263960371609089
4,8,LR,4,5,0,0,8.014668,0.0012961004498995567
4,8,LR,4,5,0,0,9.007746,0.001495874751901858
4,8,LR,4,5,0,0,10.01372,0.0018856562991627671
4,8,LR,4,5,0,0,11.00726,0.002540983378574281
4,8,LR,4,5,0,0,12.01249,0.0021153448547123156
4,8,LR,4,5,0,0,13.00669,0.0026230518870890224
4,8,LR,4,5,0,0,14.01282,0.003100975074615797
4,8,LR,4,5,0,0,15.00744,0.0033936622293827446
4,8,LR,4,5,0,0,16.01075,0.002544771248026772
4,8,LR,4,5,0,0,17.01668,0.003214518282819008
4,8,LR,4,5,0,0,18.0118,0.003929763272720465
4,8,LR,4,5,0,0,19.01557,0.002948243735227226
4,8,LR,4,5,0,0,20.00926,0.004005091847712737
4,8,LR,4,5,0,0,21.01652,0.0043923302625135194
4,8,LR,4,5,0,0,22.00971,0.0033589900849511777
4,8,LR,4,5,0,0,23.01418,0.004040024084907545
4,8,LR,4,5,0,0,24.00919,0.004425165236430802
4,8,LR,4,5,0,0,25.01588,0.00357256396998983
4,8,LR,4,5,0,0,26.00942,0.004692097024437357
4,8,LR,4,5,0,0,27.01412,0.0052326359070897005
4,8,LR,4,5,0,0,28.00889,0.004791209094896715
4,8,LR,4,5,0,0,29.01367,0.005540632663452056
4,8,LR,4,5,0,0,30.00709,8.190806013179875e-05
4,8,LR,4,5,0,0,31.01377,9.805169553783708e-05
4,8,LR,4,5,0,0,32.00727,9.968440100889019e-05
4,8,LR,4,5,0,0,33.01159,0.00011576739758185693
4,8,LR,4,5,0,0,34.00792,9.119998493775919e-05
4,8,LR,4,5,0,0,35.01075,0.0001178900220796073
4,8,LR,4,5,0,0,36.00707,0.00010022622810176497
4,8,LR,4,5,0,0,37.01272,0.00018360831430753243
4,8,LR,4,5,0,0,38.01709,0.00021054422051397005
4,8,LR,4,5,0,0,39.01067,0.00021118150334438745
4,8,LR,4,5,0,0,40.01581,0.00022954389488372175
4,8,LR,4,5,0,0,41.01084,0.0002322580128848151
4,8,LR,4,5,0,0,42.01547,0.00021016910892416853
4,8,LR,4,5,0,0,43.01104,0.0002294795432568757
4,8,LR,4,5,0,0,44.01458,0.000245307640059487
4,8,LR,4,5,0,0,45.00882,0.00018311084205418268
4,8,LR,4,5,0,0,46.01222,0.0002711052097298862
4,8,LR,4,5,0,0,47.00699,0.00029841031643972066
4,8,LR,4,5,0,0,48.01369,0.0003152573823993395
4,8,LR,4,5,0,0,49.00858,0.0003477332675143529
4,8,LR,4,5,0,0,50.01452,0.00026104092532595896
4,8,LR,4,5,0,0,51.00806,0.0003811405466332543
4,8,LR,4,5,0,0,52.01318,0.00040614609046229913
4,8,LR,4,5,0,0,53.00839,0.00038914816957045877
4,8,LR,4,5,0,0,54.01276,0.00038989590148638805
4,8,LR,4,5,0,0,55.0175,0.0004097335755007865
4,8,LR,4,5,0,0,56.01182,0.0004062124617139271
4,8,LR,4,5,0,0,57.00686,0.00039721424780797895
4,8,LR,4,5,0,0,58.01109,0.00042333463025610537
4,8,LR,4,5,0,0,59.01705,0.00043407796101033224
4,8,LR,4,5,0,0,60.01059,0.000448702334934152
4,8,LR,4,5,0,0,61.01579,0.000498997322877407
4,8,LR,4,5,0,0,62.00929,0.00035070510986916166
4,8,LR,4,5,0,0,63.01626,0.0005581157917165618
4,8,LR,4,5,0,0,64.01065,0.0006433990055211749
4,8,LR,4,5,0,0,65.01405,0.0005660367591131198
4,8,LR,4,5,0,0,66.00948,0.0006760768229334159
4,8,LR,4,5,0,0,67.01539,0.0004921836339953844
4,8,LR,4,5,0,0,68.00793,0.0008171222884621796
4,8,LR,4,5,0,0,69.014,0.0008915795662608687
4,8,LR,4,5,0,0,70.00879,0.0009569063152292332
4,8,LR,4,5,0,0,71.01364,0.0011126339413694037
4,8,LR,4,5,0,0,72.00794,0.0011079774178003896
4,8,LR,4,5,0,0,73.01243,0.0012071584043364084
4,8,LR,4,5,0,0,74.01789,0.0013056433696222085
4,8,LR,4,5,0,0,75.01195,0.001470901196149897
4,8,LR,4,5,0,0,76.01669,0.0015620576593680143
4,8,LR,4,5,0,0,77.01137,0.0012012567058032081
4,8,LR,4,5,0,0,78.01778,0.0019147168225151425
4,8,LR,4,5,0,0,79.00958,0.0020809830379630496
4,8,LR,4,5,0,0,80.01713,0.002439372009988834
4,8,LR,4,5,0,0,81.01,0.002632037221824111
4,8,LR,4,5,0,0,82.01595,0.002777305585993363
4,8,LR,4,5,0,0,83.00983,0.003180088261712562
4,8,LR,4,5,0,0,84.01365,0.0034568375265113037
4,8,LR,4,5,0,0,85.00916,0.003926121103506149
4,8,LR,4,5,0,0,86.01279,0.004478683146971094
4,8,LR,4,5,0,0,87.00995,0.005131915356512965
4,8,LR,4,5,0,0,88.01443,0.005540093330047373
4,8,LR,4,5,0,0,89.00826,0.004308324897727729
4,8,LR,4,5,0,0,90.01387,0.006506146605652624
4,8,LR,4,5,0,0,91.00777,0.007200907168670908
4,8,LR,4,5,0,0,92.01324,0.00843221853876742
4,8,LR,4,5,0,0,93.00788,0.008979387492399134
4,8,LR,4,5,0,0,94.01026,0.0032232084179488816
4,8,LR,4,5,0,0,95.00691,0.0016674838605098422
4,8,LR,4,5,1,1,96.01107,0.003673616656404609
4,8,LR,4,5,1,1,97.01478,0.004117191008307153
4,8,LR,4,5,1,1,98.00982,0.004122405364401199
4,8,LR,4,5,1,1,99.0165,0.0046043566438159385
4,8,LR,4,5,1,1,100.0108,0.005390923030464699
4,8,LR,4,5,1,1,101.0142,0.005654654458091358
4,8,LR,4,5,1,1,102.0099,0.0064758013833022396
4,8,LR,4,5,1,1,103.0166,0.005253329197974035
4,8,LR,4,5,1,1,104.0105,0.008257354522833757
4,8,LR,4,5,1,1,105.0166,0.00891887287365289
4,8,LR,4,5,1,1,106.0182,0.008924443619990721
4,8,LR,4,5,1,1,107.0155,0.009565409534136048
4,8,LR,4,5,1,1,108.0081,0.009766790818805614
4,8,LR,4,5,1,1,109.0137,0.01010081852623822
4,8,LR,4,5,1,1,110.0078,0.007187054600826755
4,8,LR,4,5,1,1,111.0129,0.010402902028012796
4,8,LR,4,5,1,1,112.0085,0.01052476027344264
4,8,LR,4,5,1,1,113.0132,0.01062691746299144
4,8,LR,4,5,1,1,114.0183,0.011023056577677633
4,8,LR,4,5,1,1,115.0109,0.007783823526454672
4,8,LR,4,5,1,1,116.0171,0.011375254625576247
4,8,LR,4,5,1,1,117.0108,0.012112164564721606
4,8,LR,4,5,1,1,118.017,0.011687387676138715
4,8,LR,4,5,1,1,119.0105,0.012625370262061758
4,8,LR,4,5,1,1,120.017,0.01141668004238537
4,8,LR,4,5,1,1,121.0103,0.018970959399959117
4,8,LR,4,5,1,1,122.0142,0.021720358699166963
4,8,LR,4,5,1,1,123.0111,0.0283439682006628
4,8,LR,4,5,1,1,124.0154,0.019259193829034457
4,8,LR,4,5,1,1,125.0098,0.025590339510868376
4,8,LR,4,5,1,1,126.016,0.028409803011019412
4,8,LR,4,5,1,1,127.0077,0.03386020216388188
4,8,LR,4,5,1,1,128.0149,0.04869220689461132
4,8,LR,4,5,1,1,129.0092,0.05169819594477363
4,8,LR,4,5,1,1,130.0139,0.05926266706845756
4,8,LR,4,5,1,1,131.0076,0.06373078074646814
4,8,LR,4,5,1,1,132.0115,0.04994297666280008
4,8,LR,4,5,1,1,133.0071,0.08315914937728193
4,8,LR,4,5,1,1,134.0139,0.0926008024275601
4,8,LR,4,5,1,1,135.0174,0.09459151928775375
4,8,LR,4,5,1,1,136.0132,0.09841009318024982
4,8,LR,4,5,1,1,137.0163,0.07948875067201408
4,8,LR,4,5,1,1,138.0116,0.12050394823880149
4,8,LR,4,5,1,1,139.0176,0.12679493344981976
4,8,LR,4,5,1,1,140.0102,0.09383254484552857
4,8,LR,4,5,1,1,141.0144,0.10271867957567792
4,8,LR,4,5,1,1,142.0095,0.1466211436124577
4,8,LR,4,5,1,1,143.0164,0.14386414309110715
4,8,LR,4,5,1,1,144.0101,0.14573061936473256
4,8,LR,4,5,1,1,145.0154,0.09974775212031978
4,8,LR,4,5,1,1,146.0091,0.14785167916084563
4,8,LR,4,5,1,1,147.0136,0.14746917471212154
4,8,LR,4,5,1,1,148.0082,0.14167393461093752
4,8,LR,4,5,1,1,149.0152,0.10335237931096067
4,8,LR,4,5,1,1,150.0077,0.15572348609334402
4,8,LR,4,5,1,1,151.0137,0.1461597080436473
4,8,LR,4,5,1,1,152.0168,0.10082462348137346
4,8,LR,4,5,1,1,153.0125,0.14107536877035662
4,8,LR,4,5,1,1,154.0174,0.1398077405805858
4,8,LR,4,5,1,1,155.0128,0.10382001489134297
4,8,LR,4,5,1,1,156.0177,0.13349181974764623
4,8,LR,4,5,1,1,157.0102,0.13586545348804852
4,8,LR,4,5,1,1,158.0163,0.12185880136520635
4,8,LR,4,5,1,1,159.0115,0.12846187268904327
4,8,LR,4,5,1,1,160.0177,0.08671806163011316
4,8,LR,4,5,1,1,161.0104,0.12820014039408634
4,8,LR,4,5,1,1,162.0165,0.12535715689192345
4,8,LR,4,5,1,1,163.0099,0.13039536720057232
4,8,LR,4,5,1,1,164.0155,0.13297675064919962
4,8,LR,4,5,1,1,165.0094,0.15658221825680088
4,8,LR,4,5,1,1,166.0161,0.1354902467789201
4,8,LR,4,5,1,1,167.0091,0.1335979467919648
4,8,LR,4,5,1,1,168.0139,0.14402527309037283
4,8,LR,4,5,1,1,169.0086,0.1436383129413455
4,8,LR,4,5,1,1,170.0137,0.15431572560991366
4,8,LR,4,5,1,1,171.0075,0.1678771445019731
4,8,LR,4,5,1,1,172.0139,0.17772061881984524
4,8,LR,4,5,1,1,173.0076,0.1789130554586083
4,8,LR,4,5,1,1,174.0126,0.19320053420766253
4,8,LR,4,5,1,1,175.0179,0.21416003428604274
4,8,LR,4,5,1,1,176.0124,0.1584282462651848
4,8,LR,4,5,1,1,177.0172,0.2453018957072023
4,8,LR,4,5,1,1,178.0104,0.24206520164462536
4,8,LR,4,5,1,1,179.0168,0.24297831988659782
4,8,LR,4,5,1,1,180.0106,0.20354811224245029
4,8,LR,4,5,1,1,181.0163,0.1410118332278801
4,8,LR,4,5,1,1,182.0099,0.21691578637649347
4,8,LR,4,5,1,1,183.0135,0.2083885125872614
4,8,LR,4,5,1,1,184.0087,0.14822681570772142
4,8,LR,4,5,1,1,185.0154,0.20899417543983725
4,8,LR,4,5,1,1,186.0081,0.2173538880262136
4,8,LR,4,5,1,1,187.016,0.1991482272195924
4,8,LR,4,5,1,1,188.0089,0.18932394892130916
4,8,LR,4,5,1,1,189.0137,0.13697796836036724
4,8,LR,4,5,1,1,190.0086,0.17219901014356936
4,8,LR,4,5,1,1,191.0144,0.16540459821862757
4,8,LR,4,5,1,1,192.0072,0.11362154638529275
4,8,LR,4,5,1,1,193.0135,0.13896424412236036
4,8,LR,4,5,1,1,194.0179,0.12120761495269462
4,8,LR,4,5,1,1,195.013,0.10319988502572952
4,8,LR,4,5,1,1,196.0172,0.08811381322389153
4,8,LR,4,5,1,1,197.0123,0.05430713323305167
4,8,LR,4,5,1,1,198.0175,0.053152381025873045
4,8,LR,4,5,1,1,199.0116,0.06925553509693361
4,8,LR,4,5,1,1,200.0164,0.06144771555285758
4,8,LR,4,5,1,1,201.0108,0.05236091514564851
4,8,LR,4,5,1,1,202.0157,0.035194997511097684
4,8,LR,4,5,1,1,203.0093,0.05021057076561534
4,8,LR,4,5,1,1,204.016,0.046811841537790805
4,8,LR,4,5,1,1,205.009,0.04325443710650245
4,8,LR,4,5,1,1,206.0156,0.04228630351698178
4,8,LR,4,5,1,1,207.0176,0.03940985641700953
4,8,LR,4,5,1,1,208.0142,0.03758989778235122
4,8,LR,4,5,1,1,209.008,0.025760795176200484
4,8,LR,4,5,1,1,210.014,0.026612576825162867
4,8,LR,4,5,1,1,211.0073,0.02938947875689671
4,8,LR,4,5,1,1,212.0144,0.0304806320173008
4,8,LR,4,5,1,1,213.0071,0.033619916614611334
4,8,LR,4,5,1,1,214.0131,0.07797819232223578
4,8,LR,4,5,1,1,215.0179,0.07807179557938065
4,8,LR,4,5,1,1,216.013,0.08337448347158141
4,8,LR,4,5,1,1,217.0178,0.06412640354063953
4,8,LR,4,5,1,1,218.0116,0.09300688212602327
4,8,LR,4,5,1,1,219.016,0.09718708616604833
4,8,LR,4,5,1,1,220.0108,0.10915797259219771
4,8,LR,4,5,1,1,221.0161,0.11640877124334677
4,8,LR,4,5,1,1,222.0095,0.12281299395744223
4,8,LR,4,5,1,1,223.0147,0.12936135329971632
4,8,LR,4,5,1,1,224.0093,0.14323373087700925
4,8,LR,4,5,1,1,225.0162,0.16173053051885222
4,8,LR,4,5,1,1,226.0088,0.17517195699841048
4,8,LR,4,5,1,1,227.0151,0.17906458560514835
4,8,LR,4,5,1,1,228.0091,0.1864737602125526
4,8,LR,4,5,1,1,229.0138,0.18888531703143527
4,8,LR,4,5,1,1,230.0083,0.2046254312012313
4,8,LR,4,5,1,1,231.0125,0.15440477898866242
4,8,LR,4,5,1,1,232.0183,0.21652098889233828
4,8,LR,4,5,1,1,233.0139,0.22398243919415686
4,8,LR,4,5,1,1,234.0073,0.22401390168653398
4,8,LR,4,5,1,1,235.0123,0.232675971226828
4,8,LR,4,5,1,1,236.016,0.25709717115957714
4,8,LR,4,5,1,1,237.0108,0.2626862170113015
4,8,LR,4,5,1,1,238.017,0.21288318556165908
4,8,LR,4,5,1,1,239.0087,0.24101829972572905
4,8,LR,4,5,1,1,240.0161,0.20556598188900985
4,8,LR,4,5,1,1,241.01,0.11808431279544707
4,8,LR,4,5,1,1,242.016,0.12432346480336268
4,8,LR,4,5,1,1,243.0107,0.18849491304000376
4,8,LR,4,5,1,1,244.0154,0.19016021513698694
4,8,LR,4,5,1,1,245.0092,0.19073152381565023
4,8,LR,4,5,1,1,246.0161,0.17818327395381217
4,8,LR,4,5,1,1,247.0085,0.16558442040110144
4,8,LR,4,5,1,1,248.0154,0.1605175346679795
4,8,LR,4,5,1,1,249.0085,0.14074105473168072
4,8,LR,4,5,1,1,250.0141,0.11827064607064987
4,8,LR,4,5,1,1,251.0076,0.11787769460996209
4,8,LR,4,5,1,1,252.0128,0.10445821143376917
4,8,LR,4,5,1,1,253.0088,0.09910340032869641
4,8,LR,4,5,1,1,254.0108,0.08885868705807437
4,8,LR,4,5,1,1,255.0078,0.06283095604074225
4,8,LR,4,5,1,1,256.012,0.11415492742297244
4,8,LR,4,5,1,1,257.0182,0.093986828733723
4,8,LR,4,5,1,1,258.0112,0.08954906234668508
4,8,LR,4,5,1,1,259.0172,0.05812843805627981
4,8,LR,4,5,1,1,260.0108,0.09057230735247673
4,8,LR,4,5,1,1,261.017,0.09525810901347773
4,8,LR,4,5,1,1,262.0099,0.08469562818930623
4,8,LR,4,5,1,1,263.0157,0.08129318138229538
4,8,LR,4,5,1,1,264.0089,0.09068921312786019
4,8,LR,4,5,1,1,265.0158,0.050797483822666065
4,8,LR,4,5,1,1,266.0085,0.04648315415416197
4,8,LR,4,5,1,1,267.0144,0.0614449813809783
4,8,LR,4,5,1,1,268.0078,0.05768019007006785
4,8,LR,4,5,1,1,269.0122,0.06701586050755148
4,8,LR,4,5,1,1,270.0178,0.036487685459068976
4,8,LR,4,5,1,1,271.0129,0.034514618394189074
4,8,LR,4,5,1,1,272.0069,0.03530067594725979
4,8,LR,4,5,1,1,273.0135,0.035779009927699695
4,8,LR,4,5,1,1,274.0166,0.024120339491975236
4,8,LR,4,5,1,1,275.0122,0.035907303654519225
4,8,LR,4,5,1,1,276.0172,0.024132126467150558
4,8,LR,4,5,1,1,277.0125,0.03922439739231057
4,8,LR,4,5,1,1,278.0169,0.04375582402338207
4,8,LR,4,5,1,1,279.0107,0.04859663732707404
4,8,LR,4,5,1,1,280.0169,0.06034555276277513
4,8,LR,4,5,1,1,281.0101,0.05929019326270218
4,8,LR,4,5,1,1,282.0158,0.05418291692438109
4,8,LR,4,5,1,1,283.0089,0.04102988888013667
4,8,LR,4,5,1,1,284.0149,0.0574749773863713
4,8,LR,4,5,1,1,285.0083,0.04257044431844003
4,8,LR,4,5,1,1,286.0139,0.058453151579384105
4,8,LR,4,5,1,1,287.0074,0.06440873275701102
4,8,LR,4,5,1,1,288.0117,0.043791263273061
4,8,LR,4,5,1,1,289.007,0.06884941603622256
4,8,LR,4,5,1,1,290.0117,0.05321637275124843
4,8,LR,4,5,1,1,291.008,0.06984341470857569
4,8,LR,4,5,1,1,292.0127,0.08167334356170407
4,8,LR,4,5,1,1,293.017,0.05187208252486301
4,8,LR,4,5,1,1,294.0127,0.06076040703333566
4,8,LR,4,5,1,1,295.0174,0.04641503046419871
4,8,LR,4,5,1,1,296.0103,0.028715306589508223
4,8,LR,4,5,1,1,297.017,0.024885837678609413
4,8,LR,4,5,1,1,298.0103,0.03229677600804236
4,8,LR,4,5,1,1,299.0154,0.06521255997833993
4,8,LR,4,5,1,1,300.0082,0.5814226968900502
4,8,LR,4,5,1,1,301.0146,0.6043339561065054
4,8,LR,4,6,0,0,0.0,6.993912077601705e-06
4,8,LR,4,6,0,0,1.00495,3.2889113582256545e-05
4,8,LR,4,6,0,0,1.998281,0.00041584499626707346
4,8,LR,4,6,0,0,3.004618,0.0005893533364778918
4,8,LR,4,6,0,0,3.999141,0.0002700085807705691
4,8,LR,4,6,0,0,5.003382,0.0006321063132041841
4,8,LR,4,6,0,0,5.998161,0.001484906313632333
4,8,LR,4,6,0,0,7.000859,0.0023260825878932473
4,8,LR,4,6,0,0,7.997983,0.003193057055545702
4,8,LR,4,6,0,0,9.002149,0.0049620484753399195
4,8,LR,4,6,0,0,9.996326,0.007737154860458144
4,8,LR,4,6,0,0,11.00007,0.009501592780038357
4,8,LR,4,6,0,0,11.99659,0.008566120609394134
4,8,LR,4,6,0,0,13.00098,0.010371024247439057
4,8,LR,4,6,0,0,13.99541,0.013296229441546301
4,8,LR,4,6,0,0,14.99912,0.017688398415548326
4,8,LR,4,6,0,0,15.99681,0.013548052061834126
4,8,LR,4,6,0,0,16.99845,0.042717983560896344
4,8,LR,4,6,0,0,18.00539,0.04420991325719248
4,8,LR,4,6,0,0,18.9994,0.0499696343815746
4,8,LR,4,6,0,0,20.00367,0.053176343652821985
4,8,LR,4,6,0,0,20.99707,0.03847045024531551
4,8,LR,4,6,0,0,22.00514,0.04819935428965414
4,8,LR,4,6,0,0,22.99883,0.05272344764026626
4,8,LR,4,6,0,0,24.00393,0.05375695593359037
4,8,LR,4,6,0,0,24.99814,0.040060959678378985
4,8,LR,4,6,0,0,26.00431,0.050596963951559416
4,8,LR,4,6,0,0,26.99778,0.054478516350191984
4,8,LR,4,6,0,0,28.00385,0.05398931386075518
4,8,LR,4,6,0,0,28.99657,0.03846134444488719
4,8,LR,4,6,0,0,30.00375,0.05071052321674427
4,8,LR,4,6,0,0,30.99679,0.048434533621475456
4,8,LR,4,6,0,0,32.00263,0.04916013569675127
4,8,LR,4,6,0,0,32.99657,0.04375639134217201
4,8,LR,4,6,0,0,34.00122,0.042898717650079396
4,8,LR,4,6,0,0,35.00551,0.04378103060864324
4,8,LR,4,6,0,0,36.00011,0.04374097745244
4,8,LR,4,6,0,0,36.99636,0.04537669225169984
4,8,LR,4,6,0,0,38.00019,0.03334293912710217
4,8,LR,4,6,0,0,39.00475,0.05460492233429401
4,8,LR,4,6,0,0,39.99985,0.06196582650765289
4,8,LR,4,6,0,0,41.00478,0.057197008816070205
4,8,LR,4,6,0,0,41.99879,0.06677371541588484
4,8,LR,4,6,0,0,42.99495,0.04408739461677824
4,8,LR,4,6,0,0,43.99932,0.06757675166587428
4,8,LR,4,6,0,0,45.00479,0.05370701078107761
4,8,LR,4,6,0,0,45.99848,0.08033339188671011
4,8,LR,4,6,0,0,47.00407,0.058690287192538375
4,8,LR,4,6,0,0,47.99735,0.08392413133341306
4,8,LR,4,6,0,0,49.00396,0.09390482042705656
4,8,LR,4,6,0,0,49.99818,0.0881128034618638
4,8,LR,4,6,0,0,51.00159,0.06773061373829704
4,8,LR,4,6,0,0,51.99651,0.09496168549731934
4,8,LR,4,6,0,0,53.00211,0.07657712456174948
4,8,LR,4,6,0,0,53.99723,0.10168707702754728
4,8,LR,4,6,0,0,55.00178,0.11124747629097163
4,8,LR,4,6,0,0,55.99569,0.11279198132001139
4,8,LR,4,6,0,0,56.99967,0.11738514072857183
4,8,LR,4,6,0,0,57.99514,0.12695397303034867
4,8,LR,4,6,0,0,59.0001,0.13962859556679175
4,8,LR,4,6,0,0,60.00412,0.11662751447380015
4,8,LR,4,6,0,0,60.99954,0.1666877583828128
4,8,LR,4,6,0,0,62.00455,0.18212663481132474
4,8,LR,4,6,0,0,62.99667,0.1913848711795391
4,8,LR,4,6,0,0,64.00391,0.04436517960447746
4,8,LR,4,6,0,0,64.99876,0.04012122485301841
4,8,LR,4,6,0,0,66.00466,0.0714537844481913
4,8,LR,4,6,0,0,66.99519,0.08031275131287538
4,8,LR,4,6,0,0,68.00278,0.06159235994373761
4,8,LR,4,6,0,0,68.99691,0.08826334503827878
4,8,LR,4,6,0,0,70.00152,0.09713613087618579
4,8,LR,4,6,0,0,70.99718,0.0946634921020799
4,8,LR,4,6,0,0,72.00053,0.06967737186239467
4,8,LR,4,6,0,0,72.99554,0.10521295104904249
4,8,LR,4,6,0,0,74.00175,0.11658263518364785
4,8,LR,4,6,0,0,74.99531,0.11850997746367
4,8,LR,4,6,0,0,76.00156,0.0827034513703924
4,8,LR,4,6,0,0,76.9957,0.12589158646603674
4,8,LR,4,6,0,0,77.99854,0.13242463981600605
4,8,LR,4,6,1,1,79.00594,0.09113489776307716
4,8,LR,4,6,1,1,79.99966,0.13195828796398756
4,8,LR,4,6,1,1,81.0055,0.1362339530979544
4,8,LR,4,6,1,1,81.99766,0.09601725140333947
4,8,LR,4,6,1,1,83.00455,0.14056151579508208
4,8,LR,4,6,1,1,83.99812,0.14917956181435396
4,8,LR,4,6,1,1,85.00332,0.1120069812213867
4,8,LR,4,6,1,1,85.9983,0.15549732071221647
4,8,LR,4,6,1,1,87.00482,0.16096251559012992
4,8,LR,4,6,1,1,87.99602,0.162048641743278
4,8,LR,4,6,1,1,89.00328,0.16840938625636626
4,8,LR,4,6,1,1,89.99747,0.16559696094749465
4,8,LR,4,6,1,1,91.00337,0.1863628413543243
4,8,LR,4,6,1,1,91.99653,0.1396562580006315
4,8,LR,4,6,1,1,93.00198,0.20064659179746316
4,8,LR,4,6,1,1,93.99605,0.11397699281788998
4,8,LR,4,6,1,1,95.0014,0.1947735108334842
4,8,LR,4,6,1,1,95.99513,0.15450851193723636
4,8,LR,4,6,1,1,97.00123,0.23146814075970698
4,8,LR,4,6,1,1,98.00561,0.1985893250372701
4,8,LR,4,6,1,1,99.00047,0.27932660933645537
4,8,LR,4,6,1,1,100.0045,0.30490883685198683
4,8,LR,4,6,1,1,100.9993,0.33507222306396217
4,8,LR,4,6,1,1,102.0045,0.3538566382503516
4,8,LR,4,6,1,1,102.9964,0.3690104189510766
4,8,LR,4,6,1,1,104.0036,0.3955489254025766
4,8,LR,4,6,1,1,104.998,0.3190756111761354
4,8,LR,4,6,1,1,106.0024,0.44918733017596296
4,8,LR,4,6,1,1,106.9969,0.4606860236419156
4,8,LR,4,6,1,1,108.0033,0.4872886976527004
4,8,LR,4,6,1,1,108.9968,0.5032063175558571
4,8,LR,4,6,1,1,110.0023,0.5407529404694124
4,8,LR,4,6,1,1,110.9956,0.41550311698979653
4,8,LR,4,6,1,1,112.0019,0.4127332553781454
4,8,LR,4,6,1,1,112.9961,0.5559490443707095
4,8,LR,4,6,1,1,114.0015,0.5726609170708333
4,8,LR,4,6,1,1,114.9951,0.4968543423476168
4,8,LR,4,6,1,1,115.9994,0.6121377175085444
4,8,LR,4,6,1,1,116.9956,0.6359409569890042
4,8,LR,4,6,1,1,118.0012,0.6998790898438388
4,8,LR,4,6,1,1,119.0061,0.5881238544533118
4,8,LR,4,6,1,1,119.9999,0.7244271783477785
4,8,LR,4,6,1,1,121.005,0.7229303311801661
4,8,LR,4,6,1,1,121.9982,0.7292409263348432
4,8,LR,4,6,1,1,123.0025,0.6357211394906683
4,8,LR,4,6,1,1,123.9976,0.7180181015535574
4,8,LR,4,6,1,1,125.0031,0.7162501892476779
4,8,LR,4,6,1,1,125.9979,0.6285901076869086
4,8,LR,4,6,1,1,127.0042,0.7146815524501303
4,8,LR,4,6,1,1,127.9954,0.7338977019635367
4,8,LR,4,6,1,1,129.0022,0.636868047883351
4,8,LR,4,6,1,1,129.9973,0.7215055834266034
4,8,LR,4,6,1,1,131.0019,0.7196981245244543
4,8,LR,4,6,1,1,131.9967,0.7170407863048824
4,8,LR,4,6,1,1,133.0011,0.7289706312726769
4,8,LR,4,6,1,1,133.9959,0.6290231523196738
4,8,LR,4,6,1,1,135.0006,0.7424028549652275
4,8,LR,4,6,1,1,135.9956,0.7435541644800256
4,8,LR,4,6,1,1,137.0,0.7878240199578521
4,8,LR,4,6,1,1,137.9949,0.7894381024643818
4,8,LR,4,6,1,1,139.0005,0.8082044222934723
4,8,LR,4,6,1,1,140.005,0.8278676253203648
4,8,LR,4,6,1,1,141.0011,0.7343529148496905
4,8,LR,4,6,1,1,142.0049,0.8064841590137529
4,8,LR,4,6,1,1,143.0005,0.7615907638328864
4,8,LR,4,6,1,1,144.0034,0.8221251440613845
4,8,LR,4,6,1,1,144.9979,0.8289949879228806
4,8,LR,4,6,1,1,146.0038,0.8407681464119238
4,8,LR,4,6,1,1,146.9981,0.8208059184051562
4,8,LR,4,6,1,1,148.0031,0.8308837287884911
4,8,LR,4,6,1,1,148.9964,0.8438434926748982
4,8,LR,4,6,1,1,150.0031,0.8500214546736766
4,8,LR,4,6,1,1,150.998,0.8575650320299845
4,8,LR,4,6,1,1,152.0034,0.8109816215761315
4,8,LR,4,6,1,1,152.9952,0.8742223125921628
4,8,LR,4,6,1,1,154.0003,0.8855126282743024
4,8,LR,4,6,1,1,154.9953,0.891378835876407
4,8,LR,4,6,1,1,156.0001,0.8695806279179884
4,8,LR,4,6,1,1,156.995,0.8184385674239996
4,8,LR,4,6,1,1,157.9995,0.8792127189059554
4,8,LR,4,6,1,1,158.9955,0.8834833777306423
4,8,LR,4,6,1,1,160.0004,0.8428604730698658
4,8,LR,4,6,1,1,161.0052,0.8926704104427349
4,8,LR,4,6,1,1,161.9997,0.8959724103226507
4,8,LR,4,6,1,1,163.0055,0.8928657602734643
4,8,LR,4,6,1,1,163.9982,0.8437272363802416
4,8,LR,4,6,1,1,165.0044,0.8816750348440713
4,8,LR,4,6,1,1,165.9982,0.8811706813010474
4,8,LR,4,6,1,1,167.0028,0.8667793127843753
4,8,LR,4,6,1,1,167.9974,0.8142829746505142
4,8,LR,4,6,1,1,169.0004,0.8544494844416378
4,8,LR,4,6,1,1,169.9961,0.8500589448502222
4,8,LR,4,6,1,1,171.0027,0.8284480682072443
4,8,LR,4,6,1,1,171.9965,0.8334621098269399
4,8,LR,4,6,1,1,173.0008,0.8215260505867978
4,8,LR,4,6,1,1,173.9957,0.8200288947577381
4,8,LR,4,6,1,1,175.0005,0.823666217840991
4,8,LR,4,6,1,1,176.0067,0.8258318673922437
4,8,LR,4,6,1,1,176.9993,0.7406982769525218
4,8,LR,4,6,1,1,178.0047,0.8028566437464092
4,8,LR,4,6,1,1,178.9991,0.7844970327577169
4,8,LR,4,6,1,1,180.0038,0.7701702874528747
4,8,LR,4,6,1,1,180.9995,0.7669091504511563
4,8,LR,4,6,1,1,182.0041,0.7641602787167449
4,8,LR,4,6,1,1,183.0005,0.7593140374189908
4,8,LR,4,6,1,1,184.0035,0.768854688147279
4,8,LR,4,6,1,1,184.9995,0.8414377828285526
4,8,LR,4,6,1,1,186.0027,0.7225628343690581
4,8,LR,4,6,1,1,186.9969,0.8015255335372761
4,8,LR,4,6,1,1,188.0041,0.8121041475343574
4,8,LR,4,6,1,1,188.9965,0.840936856731284
4,8,LR,4,6,1,1,190.0023,0.8505551786530954
4,8,LR,4,6,1,1,190.997,0.8589137627198485
4,8,LR,4,6,1,1,192.0012,0.8302348264392027
4,8,LR,4,6,1,1,192.9953,0.869746989942724
4,8,LR,4,6,1,1,194.0018,0.8813261873815975
4,8,LR,4,6,1,1,194.9951,0.8968701917771532
4,8,LR,4,6,1,1,196.0017,0.9076952494208318
4,8,LR,4,6,1,1,196.9955,0.9164935350445509
4,8,LR,4,6,1,1,197.9992,0.9293126844822339
4,8,LR,4,6,1,1,199.0046,0.9158152267507804
4,8,LR,4,6,1,1,199.9997,0.943079359251459
4,8,LR,4,6,1,1,201.0053,0.9491849015102588
4,8,LR,4,6,1,1,201.9996,0.9526952388915183
4,8,LR,4,6,1,1,203.0045,0.9581092372934826
4,8,LR,4,6,1,1,203.9994,0.9622505336472041
4,8,LR,4,6,1,1,205.0027,0.9644073384607923
4,8,LR,4,6,1,1,205.9978,0.9686867562040392
4,8,LR,4,6,1,1,207.0028,0.9732080185093213
4,8,LR,4,6,1,1,207.9981,0.971752791969821
4,8,LR,4,6,1,1,209.0018,0.9749240060113044
4,8,LR,4,6,1,1,209.9971,0.9699591015659876
4,8,LR,4,6,1,1,211.0018,0.9235206926708114
4,8,LR,4,6,1,1,211.9965,0.9608568406209916
4,8,LR,4,6,1,1,213.0005,0.9609811638805037
4,8,LR,4,6,1,1,213.9955,0.9376290556637737
4,8,LR,4,6,1,1,215.0018,0.9374148326289906
4,8,LR,4,6,1,1,216.0054,0.9520952200213397
4,8,LR,4,6,1,1,216.999,0.9535930712790658
4,8,LR,4,6,1,1,218.0052,0.9511857514055986
4,8,LR,4,6,1,1,219.0004,0.9479193642235136
4,8,LR,4,6,1,1,219.9952,0.9462254837912691
4,8,LR,4,6,1,1,220.9994,0.9425694416615135
4,8,LR,4,6,1,1,222.004,0.9405730962779234
4,8,LR,4,6,1,1,222.9986,0.9326625088763302
4,8,LR,4,6,1,1,224.0039,0.925530783525565
4,8,LR,4,6,1,1,224.9971,0.9123144309440586
4,8,LR,4,6,1,1,226.0025,0.9054516305177458
4,8,LR,4,6,1,1,226.997,0.9056681329277066
4,8,LR,4,6,1,1,228.0032,0.8959856662496667
4,8,LR,4,6,1,1,228.9982,0.8941279896091336
4,8,LR,4,6,1,1,230.0016,0.8826692110603598
4,8,LR,4,6,1,1,230.9958,0.9042254512320756
4,8,LR,4,6,1,1,232.0021,0.9036950228723186
4,8,LR,4,6,1,1,232.996,0.891247164646263
4,8,LR,4,6,1,1,234.0009,0.8834136752397433
4,8,LR,4,6,1,1,234.9951,0.8890908048606915
4,8,LR,4,6,1,1,236.0014,0.8973827381487683
4,8,LR,4,6,1,1,236.9952,0.8640982063706438
4,8,LR,4,6,1,1,238.0005,0.878770285433199
4,8,LR,4,6,1,1,239.0048,0.8780754859392526
4,8,LR,4,6,1,1,239.998,0.8228296714959966
4,8,LR,4,6,1,1,241.0045,0.8353524327589229
4,8,LR,4,6,1,1,241.9997,0.8480803574265957
4,8,LR,4,6,1,1,243.0043,0.8632256266051098
4,8,LR,4,6,1,1,243.9979,0.8513861777838281
4,8,LR,4,6,1,1,245.0045,0.8992451214265547
4,8,LR,4,6,1,1,245.9983,0.9167686158182968
4,8,LR,4,6,1,1,247.0034,0.904827847424668
4,8,LR,4,6,1,1,247.9966,0.897248624595426
4,8,LR,4,6,1,1,249.0038,0.9214652320528844
4,8,LR,4,6,1,1,249.9967,0.9242302069322901
4,8,LR,4,6,1,1,251.0027,0.9205396992080686
4,8,LR,4,6,1,1,251.9969,0.9356115733922706
4,8,LR,4,6,1,1,253.0018,0.8986262246637728
4,8,LR,4,6,1,1,254.0059,0.9414934616411703
4,8,LR,4,6,1,1,255.0009,0.9400190449378522
4,8,LR,4,6,1,1,256.006,0.9323780204239469
4,8,LR,4,6,1,1,257.0001,0.927089472852377
4,8,LR,4,6,1,1,257.9961,0.9261891957542804
4,8,LR,4,6,1,1,259.0005,0.8957283608119598
4,8,LR,4,6,1,1,260.0055,0.9265999282942893
4,8,LR,4,6,1,1,260.9998,0.9242981546994083
4,8,LR,4,6,1,1,262.0056,0.9141640118624047
4,8,LR,4,6,1,1,262.9988,0.8698205187416215
4,8,LR,4,6,1,1,264.0048,0.9056684565923419
4,8,LR,4,6,1,1,264.9983,0.9015156099501018
4,8,LR,4,6,1,1,266.0038,0.8915798308328572
4,8,LR,4,6,1,1,266.9969,0.8587776249078527
4,8,LR,4,6,1,1,268.0023,0.8862650725704329
4,8,LR,4,6,1,1,268.9973,0.8784330901169973
4,8,LR,4,6,1,1,270.0033,0.8175929822648521
4,8,LR,4,6,1,1,270.9977,0.8865621132474363
4,8,LR,4,6,1,1,272.0032,0.8745086653938146
4,8,LR,4,6,1,1,272.9963,0.8248230456668227
4,8,LR,4,6,1,1,274.0013,0.8665130889572387
4,8,LR,4,6,1,1,275.0058,0.8541978520604893
4,8,LR,4,6,1,1,276.0016,0.8986971096853874
4,8,LR,4,6,1,1,276.9961,0.8938884505009246
4,8,LR,4,6,1,1,278.0005,0.8631938679497049
4,8,LR,4,6,1,1,279.0054,0.9072253535668108
4,8,LR,4,6,1,1,280.0003,0.9113791104008847
4,8,LR,4,6,1,1,281.0043,0.9183314243866155
4,8,LR,4,6,1,1,281.9992,0.9130839329653476
4,8,LR,4,6,1,1,283.0033,0.9149278701411742
4,8,LR,4,6,1,1,283.9978,0.9039645010168965
4,8,LR,4,6,1,1,285.0029,0.9109094312962477
4,8,LR,4,6,1,1,285.9962,0.9137402029929774
4,8,LR,4,6,1,1,287.0033,0.919076123584257
4,8,LR,4,6,1,1,287.9975,0.9281635040938171
4,8,LR,4,6,1,1,289.0008,0.9336354569769123
4,8,LR,4,6,1,1,289.995,0.9389812309093851
4,8,LR,4,6,1,1,291.0015,0.9415955208808339
4,8,LR,4,6,1,1,291.9957,0.9442166722243127
4,8,LR,4,6,1,1,292.9995,0.9469465083625807
4,8,LR,4,6,1,1,293.9948,0.9409344117754834
4,8,LR,4,6,1,1,295.0001,0.9586976304071263
4,8,LR,4,6,1,1,296.0042,0.9603877415227237
4,8,LR,4,6,1,1,297.0004,0.9622400642636456
4,8,LR,4,6,1,1,298.0045,0.9698278354830024
4,8,LR,4,6,1,1,299.0001,0.9562899202908876
4,8,LR,4,6,1,1,300.0042,0.9758941278235689
4,8,LR,4,6,1,1,300.9987,0.9753511840581676
4,8,LR,8,12,0,0,0.0110377,1.9305231004210024e-06
4,8,LR,8,12,0,0,1.010147,6.222052537231641e-06
4,8,LR,8,12,0,0,2.016094,4.957730295071944e-05
4,8,LR,8,12,0,0,3.009745,0.00015523581774239793
4,8,LR,8,12,1,1,4.01616,0.00018550011352978617
4,8,LR,8,12,1,1,5.009424,0.00040195821312222126
4,8,LR,8,12,1,1,6.01379,0.0006996270185977873
4,8,LR,8,12,1,1,7.008862,0.0009237824867087865
4,8,LR,8,12,1,1,8.014355,0.001160183854801116
4,8,LR,8,12,1,1,9.019238,0.0014647830151271446
4,8,LR,8,12,1,1,10.01213,0.001992571427155882
4,8,LR,8,12,1,1,11.0166,0.0023207339868829184
4,8,LR,8,12,1,1,12.01287,0.0027556705743676355
4,8,LR,8,12,1,1,13.01876,0.002484619421902195
4,8,LR,8,12,1,1,14.01381,0.0032862981881568026
4,8,LR,8,12,1,1,15.01681,0.0039827694672673625
4,8,LR,8,12,1,1,16.01281,0.00338230103923144
4,8,LR,8,12,1,1,17.01839,0.004861818831583245
4,8,LR,8,12,1,1,18.01066,0.0058555607749995195
4,8,LR,8,12,1,1,19.01831,0.0073884673617883
4,8,LR,8,12,1,1,20.01064,0.0063873042638981315
4,8,LR,8,12,1,1,21.0165,0.007700447715527321
4,8,LR,8,12,1,1,22.01155,0.008180461868711254
4,8,LR,8,12,1,1,23.01568,0.009126533061922007
4,8,LR,8,12,1,1,24.0096,0.009835478317242042
4,8,LR,8,12,1,1,25.01568,0.007890771022088905
4,8,LR,8,12,1,1,26.00962,0.010107025598416933
4,8,LR,8,12,1,1,27.01536,0.011204733280182393
4,8,LR,8,12,1,1,28.0098,0.010208573582624982
4,8,LR,8,12,1,1,29.01463,0.01190364264618255
4,8,LR,8,12,1,1,30.0086,0.010029295120327431
4,8,LR,8,12,1,1,31.01355,0.008170773930968864
4,8,LR,8,12,1,1,32.01867,0.007882672631723113
4,8,LR,8,12,1,1,33.01118,0.009166220112881315
4,8,LR,8,12,1,1,34.01851,0.007221944121682249
4,8,LR,8,12,1,1,35.01208,0.009091060297502406
4,8,LR,8,12,1,1,36.01853,0.009550796237300057
4,8,LR,8,12,1,1,37.01241,0.012785867364234978
4,8,LR,8,12,1,1,38.01729,0.013961665441855597
4,8,LR,8,12,1,1,39.01123,0.013897085614071878
4,8,LR,8,12,1,1,40.0166,0.01586621145378475
4,8,LR,8,12,1,1,41.00916,0.01601766066966073
4,8,LR,8,12,1,1,42.01604,0.018087543955962213
4,8,LR,8,12,1,1,43.00914,0.01824119850188308
4,8,LR,8,12,1,1,44.01637,0.020384273618741875
4,8,LR,8,12,1,1,45.01945,0.02115143076837266
4,8,LR,8,12,1,1,46.01505,0.02240815178631118
4,8,LR,8,12,1,1,47.0084,0.022038391947087767
4,8,LR,8,12,1,1,48.01484,0.0233449577215964
4,8,LR,8,12,1,1,49.00824,0.024031780998546918
4,8,LR,8,12,1,1,50.01454,0.023282658087348185
4,8,LR,8,12,1,1,51.01845,0.023600238283770735
4,8,LR,8,12,1,1,52.01202,0.02187586052515281
4,8,LR,8,12,1,1,53.01875,0.02444076288447695
4,8,LR,8,12,1,1,54.01386,0.02352344004065434
4,8,LR,8,12,1,1,55.01745,0.024149586970670846
4,8,LR,8,12,1,1,56.01162,0.021810139068702074
4,8,LR,8,12,1,1,57.01839,0.022961131101564454
4,8,LR,8,12,1,1,58.01215,0.021187286688870786
4,8,LR,8,12,1,1,59.01632,0.021523603864498274
4,8,LR,8,12,1,1,60.01164,0.021704390077853616
4,8,LR,8,12,1,1,61.01605,0.02187867835847158
4,8,LR,8,12,1,1,62.01088,0.022236307444406102
4,8,LR,8,12,1,1,63.01574,0.0258383840736596
4,8,LR,8,12,1,1,64.0106,0.018145623014667277
4,8,LR,8,12,1,1,65.01489,0.027433022660134403
4,8,LR,8,12,1,1,66.00845,0.02912055841371919
4,8,LR,8,12,1,1,67.01373,0.03311994626539796
4,8,LR,8,12,1,1,68.01971,0.037338412901155624
4,8,LR,8,12,1,1,69.01488,0.03914655399534378
4,8,LR,8,12,1,1,70.01777,0.042879936534577605
4,8,LR,8,12,1,1,71.01369,0.03145924717066738
4,8,LR,8,12,1,1,72.01964,0.05142721456615712
4,8,LR,8,12,1,1,73.01192,0.037934576807317294
4,8,LR,8,12,1,1,74.01961,0.05432255524617353
4,8,LR,8,12,1,1,75.01247,0.04078393981164426
4,8,LR,8,12,1,1,76.01733,0.06831353747541538
4,8,LR,8,12,1,1,77.01091,0.07025644130967695
4,8,LR,8,12,1,1,78.01698,0.07543251804030363
4,8,LR,8,12,1,1,79.01109,0.058393403715261125
4,8,LR,8,12,1,1,80.01685,0.08445049094186197
4,8,LR,8,12,1,1,81.01129,0.08719904240341307
4,8,LR,8,12,1,1,82.0164,0.0973439854934729
4,8,LR,8,12,1,1,83.00986,0.0995754582138402
4,8,LR,8,12,1,1,84.01507,0.12148771042917476
4,8,LR,8,12,1,1,85.0094,0.12511648904733402
4,8,LR,8,12,1,1,86.01546,0.10105459373054752
4,8,LR,8,12,1,1,87.00921,0.14843474145047147
4,8,LR,8,12,1,1,88.01216,0.09461488742708965
4,8,LR,8,12,1,1,89.00884,0.0629286195723775
4,8,LR,8,12,1,1,90.01527,0.10875326653190269
4,8,LR,8,12,1,1,91.01823,0.11287237178463422
4,8,LR,8,12,1,1,92.01326,0.11301712218257258
4,8,LR,8,12,1,1,93.0173,0.12097789217081906
4,8,LR,8,12,1,1,94.012,0.1268821753763297
4,8,LR,8,12,1,1,95.01615,0.1268449916664107
4,8,LR,8,12,1,1,96.01204,0.1276066829065552
4,8,LR,8,12,1,1,97.01764,0.09872752897881903
4,8,LR,8,12,1,1,98.0108,0.13769060616112053
4,8,LR,8,12,1,1,99.01787,0.14790314247934253
4,8,LR,8,12,1,1,100.0112,0.14868469153150995
4,8,LR,8,12,1,1,101.0159,0.16539104894881476
4,8,LR,8,12,1,1,102.0096,0.1649138389112293
4,8,LR,8,12,1,1,103.0159,0.1809169542681506
4,8,LR,8,12,1,1,104.0102,0.18899987329290946
4,8,LR,8,12,1,1,105.0157,0.19851940144704758
4,8,LR,8,12,1,1,106.0086,0.19400622752223354
4,8,LR,8,12,1,1,107.0142,0.210815859516404
4,8,LR,8,12,1,1,108.009,0.2132203528855709
4,8,LR,8,12,1,1,109.0137,0.22376567063664193
4,8,LR,8,12,1,1,110.0089,0.2279501227952905
4,8,LR,8,12,1,1,111.0139,0.231768482891885
4,8,LR,8,12,1,1,112.0085,0.2354005630802985
4,8,LR,8,12,1,1,113.0106,0.24903205742654216
4,8,LR,8,12,1,1,114.017,0.1815931114409103
4,8,LR,8,12,1,1,115.0134,0.252617443022767
4,8,LR,8,12,1,1,116.0167,0.2669354155814158
4,8,LR,8,12,1,1,117.0123,0.2747783332099472
4,8,LR,8,12,1,1,118.0174,0.2434402078216964
4,8,LR,8,12,1,1,119.0114,0.2581276574709119
4,8,LR,8,12,1,1,120.0172,0.2902715923115024
4,8,LR,8,12,1,1,121.0105,0.26477239225425286
4,8,LR,8,12,1,1,122.0162,0.3073052347742229
4,8,LR,8,12,1,1,123.0094,0.3119021328934724
4,8,LR,8,12,1,1,124.015,0.34928712666550243
4,8,LR,8,12,1,1,125.0093,0.3690784246691724
4,8,LR,8,12,1,1,126.0151,0.335186460477621
4,8,LR,8,12,1,1,127.0096,0.30632310483181036
4,8,LR,8,12,1,1,128.0141,0.3055880570191277
4,8,LR,8,12,1,1,129.0185,0.4098987112975925
4,8,LR,8,12,1,1,130.014,0.4242209090629003
4,8,LR,8,12,1,1,131.0189,0.42880298494039204
4,8,LR,8,12,1,1,132.0128,0.46371725585782264
4,8,LR,8,12,1,1,133.019,0.4827463501763048
4,8,LR,8,12,1,1,134.0107,0.4753440375149084
4,8,LR,8,12,1,1,135.0182,0.4872147601861833
4,8,LR,8,12,1,1,136.0107,0.498404997686648
4,8,LR,8,12,1,1,137.0173,0.5017088283443185
4,8,LR,8,12,1,1,138.0118,0.4920237200546179
4,8,LR,8,12,1,1,139.0185,0.41816599740438104
4,8,LR,8,12,1,1,140.011,0.4982601206047248
4,8,LR,8,12,1,1,141.0155,0.49351624570571667
4,8,LR,8,12,1,1,142.0092,0.3744921744155826
4,8,LR,8,12,1,1,143.0148,0.47389951901502103
4,8,LR,8,12,1,1,144.0097,0.48606522403501334
4,8,LR,8,12,1,1,145.0158,0.3750363812722444
4,8,LR,8,12,1,1,146.009,0.47664913642203
4,8,LR,8,12,1,1,147.0147,0.47441383234151974
4,8,LR,8,12,1,1,148.0176,0.4672907483685243
4,8,LR,8,12,1,1,149.0135,0.4427511591471502
4,8,LR,8,12,1,1,150.0089,0.4402798837255083
4,8,LR,8,12,1,1,151.0133,0.4470427359705579
4,8,LR,8,12,1,1,152.0182,0.45376979474745677
4,8,LR,8,12,1,1,153.0136,0.43765717383021135
4,8,LR,8,12,1,1,154.0181,0.45010283711851135
4,8,LR,8,12,1,1,155.0128,0.47657632851417453
4,8,LR,8,12,1,1,156.0166,0.4982980263737322
4,8,LR,8,12,1,1,157.0118,0.4990876248443853
4,8,LR,8,12,1,1,158.0165,0.53904080328219
4,8,LR,8,12,1,1,159.0093,0.5746008254636059
4,8,LR,8,12,1,1,160.0144,0.6100739118098643
4,8,LR,8,12,1,1,161.0088,0.6291722004725444
4,8,LR,8,12,1,1,162.0157,0.6607944759327885
4,8,LR,8,12,1,1,163.0096,0.6670199372173863
4,8,LR,8,12,1,1,164.0156,0.7037156652245579
4,8,LR,8,12,1,1,165.0181,0.7146206458405502
4,8,LR,8,12,1,1,166.015,0.7409727678801175
4,8,LR,8,12,1,1,167.0088,0.7576431239006396
4,8,LR,8,12,1,1,168.0134,0.7936298852672483
4,8,LR,8,12,1,1,169.0189,0.8056935496565775
4,8,LR,8,12,1,1,170.0132,0.8021993163102278
4,8,LR,8,12,1,1,171.0085,0.8221180951225247
4,8,LR,8,12,1,1,172.0134,0.8477865827554368
4,8,LR,8,12,1,1,173.0177,0.8625695557492126
4,8,LR,8,12,1,1,174.0111,0.8736061048150681
4,8,LR,8,12,1,1,175.0181,0.8867539209727642
4,8,LR,8,12,1,1,176.0109,0.8542966593740817
4,8,LR,8,12,1,1,177.017,0.9090614314042902
4,8,LR,8,12,1,1,178.011,0.9214397559995834
4,8,LR,8,12,1,1,179.0166,0.9357202054637961
4,8,LR,8,12,1,1,180.0093,0.9398917259639418
4,8,LR,8,12,1,1,181.0153,0.9448271143385009
4,8,LR,8,12,1,1,182.0092,0.9483685586469689
4,8,LR,8,12,1,1,183.0143,0.9534907129548721
4,8,LR,8,12,1,1,184.0083,0.9576928678085809
4,8,LR,8,12,1,1,185.0125,0.9636198640529576
4,8,LR,8,12,1,1,186.0095,0.9671542990898139
4,8,LR,8,12,1,1,187.0145,0.9703575117489853
4,8,LR,8,12,1,1,188.0086,0.9733116644190489
4,8,LR,8,12,1,1,189.0136,0.9775833109101638
4,8,LR,8,12,1,1,190.0171,0.9795937191217583
4,8,LR,8,12,1,1,191.013,0.9814046903913803
4,8,LR,8,12,1,1,192.0174,0.9839756239944235
4,8,LR,8,12,1,1,193.0106,0.9846901072829464
4,8,LR,8,12,1,1,194.0183,0.9880530000138621
4,8,LR,8,12,1,1,195.011,0.9650015082649405
4,8,LR,8,12,1,1,196.0152,0.9490578661814157
4,8,LR,8,12,1,1,197.0104,0.9758346687854371
4,8,LR,8,12,1,1,198.0171,0.9765087605177453
4,8,LR,8,12,1,1,199.0101,0.9788941043565524
4,8,LR,8,12,1,1,200.0164,0.9809293125240929
4,8,LR,8,12,1,1,201.0086,0.9819904493057278
4,8,LR,8,12,1,1,202.0159,0.9803496280317242
4,8,LR,8,12,1,1,203.0097,0.9794415932532886
4,8,LR,8,12,1,1,204.015,0.9726093252442021
4,8,LR,8,12,1,1,205.0092,0.9797154880462207
4,8,LR,8,12,1,1,206.0141,0.9795873302366553
4,8,LR,8,12,1,1,207.008,0.9768569188366475
4,8,LR,8,12,1,1,208.0141,0.9845624699240192
4,8,LR,8,12,1,1,209.0079,0.9849047747424852
4,8,LR,8,12,1,1,210.0141,0.9845889986051978
4,8,LR,8,12,1,1,211.0173,0.9857932380304893
4,8,LR,8,12,1,1,212.0122,0.9881462532004899
4,8,LR,8,12,1,1,213.0178,0.9893514280921547
4,8,LR,8,12,1,1,214.0104,0.9901721305200397
4,8,LR,8,12,1,1,215.0173,0.9905746484967431
4,8,LR,8,12,1,1,216.0121,0.987017732173493
4,8,LR,8,12,1,1,217.016,0.9920487301306621
4,8,LR,8,12,1,1,218.0118,0.992500726804993
4,8,LR,8,12,1,1,219.017,0.9927133535350433
4,8,LR,8,12,1,1,220.0112,0.9930924632637455
4,8,LR,8,12,1,1,221.0145,0.991375446135416
4,8,LR,8,12,1,1,222.0105,0.9946580329163849
4,8,LR,8,12,1,1,223.0154,0.994954953407885
4,8,LR,8,12,1,1,224.0105,0.9954229240123236
4,8,LR,8,12,1,1,225.0148,0.9931756698687695
4,8,LR,8,12,1,1,226.0095,0.993953071042998
4,8,LR,8,12,1,1,227.0143,0.994605149211571
4,8,LR,8,12,1,1,228.0086,0.9950553108472133
4,8,LR,8,12,1,1,229.0141,0.9954760808185082
4,8,LR,8,12,1,1,230.0186,0.9959393795001595
4,8,LR,8,12,1,1,231.0125,0.9942216477498556
4,8,LR,8,12,1,1,232.0178,0.9965162617285139
4,8,LR,8,12,1,1,233.0099,0.9966455459679355
4,8,LR,8,12,1,1,234.0176,0.9973159268217718
4,8,LR,8,12,1,1,235.0116,0.9976438888865757
4,8,LR,8,12,1,1,236.0172,0.997902768323643
4,8,LR,8,12,1,1,237.0101,0.9982849263118352
4,8,LR,8,12,1,1,238.0155,0.9976803770279897
4,8,LR,8,12,1,1,239.008,0.9985114041042861
4,8,LR,8,12,1,1,240.0153,0.9987344307187171
4,8,LR,8,12,1,1,241.0105,0.9989288706744784
4,8,LR,8,12,1,1,242.0131,0.9990241466847576
4,8,LR,8,12,1,1,243.0095,0.9991396538174134
4,8,LR,8,12,1,1,244.014,0.9992616875170688
4,8,LR,8,12,1,1,245.0085,0.9979221296859814
4,8,LR,8,12,1,1,246.0148,0.9971684104052094
4,8,LR,8,12,1,1,247.009,0.998691630119579
4,8,LR,8,12,1,1,248.0144,0.998698534447861
4,8,LR,8,12,1,1,249.0175,0.9986284947170154
4,8,LR,8,12,1,1,250.0134,0.9986069623353742
4,8,LR,8,12,1,1,251.0181,0.9979793472136792
4,8,LR,8,12,1,1,252.0121,0.9986108334699514
4,8,LR,8,12,1,1,253.0182,0.9986623032084835
4,8,LR,8,12,1,1,254.0107,0.9985167867994343
4,8,LR,8,12,1,1,255.0149,0.9985216989735684
4,8,LR,8,12,1,1,256.0111,0.997743788713227
4,8,LR,8,12,1,1,257.0152,0.9983560441842564
4,8,LR,8,12,1,1,258.0106,0.9983600136894474
4,8,LR,8,12,1,1,259.0168,0.9982347098936302
4,8,LR,8,12,1,1,260.0113,0.9981987443785957
4,8,LR,8,12,1,1,261.0168,0.9982303097497328
4,8,LR,8,12,1,1,262.0091,0.9979786144847118
4,8,LR,8,12,1,1,263.015,0.9979537872179735
4,8,LR,8,12,1,1,264.0086,0.9978135673629303
4,8,LR,8,12,1,1,265.0153,0.9974402731281139
4,8,LR,8,12,1,1,266.0085,0.9973464414193025
4,8,LR,8,12,1,1,267.0125,0.9970567564050629
4,8,LR,8,12,1,1,268.0091,0.9951374435851491
4,8,LR,8,12,1,1,269.0128,0.9968727234451517
4,8,LR,8,12,1,1,270.0084,0.99646185319811
4,8,LR,8,12,1,1,271.0146,0.9962319364340909
4,8,LR,8,12,1,1,272.0173,0.995906545948081
4,8,LR,8,12,1,1,273.0097,0.9929081396327611
4,8,LR,8,12,1,1,274.0183,0.9953595403230949
4,8,LR,8,12,1,1,275.0115,0.9933081192637621
4,8,LR,8,12,1,1,276.0151,0.9931588237181738
4,8,LR,8,12,1,1,277.0096,0.9922232372396785
4,8,LR,8,12,1,1,278.0158,0.9931820086956087
4,8,LR,8,12,1,1,279.0106,0.9925572581711752
4,8,LR,8,12,1,1,280.0164,0.9932019965296328
4,8,LR,8,12,1,1,281.0103,0.9930479722815759
4,8,LR,8,12,1,1,282.0149,0.9930184001532035
4,8,LR,8,12,1,1,283.009,0.9928614060775314
4,8,LR,8,12,1,1,284.0134,0.9931505403099982
4,8,LR,8,12,1,1,285.0092,0.9907373702737433
4,8,LR,8,12,1,1,286.0143,0.9937705262747887
4,8,LR,8,12,1,1,287.0086,0.9933283101676984
4,8,LR,8,12,1,1,288.0116,0.9929311567807803
4,8,LR,8,12,1,1,289.0082,0.9926362895535535
4,8,LR,8,12,1,1,290.0127,0.9927254751955115
4,8,LR,8,12,1,1,291.0188,0.9930355673473363
4,8,LR,8,12,1,1,292.0116,0.9922743809874933
4,8,LR,8,12,1,1,293.0168,0.9923377235505778
4,8,LR,8,12,1,1,294.0131,0.9928153023329077
4,8,LR,8,12,1,1,295.0175,0.9909450993430711
4,8,LR,8,12,1,1,296.0116,0.9930952825481589
4,8,LR,8,12,1,1,297.0178,0.9935858211386541
4,8,LR,8,12,1,1,298.0087,0.9936409225162189
4,8,LR,8,12,1,1,299.016,0.9939733266704968
4,8,LR,8,12,1,1,300.0092,0.9945434076673295
4,8,LR,8,12,1,1,301.0147,0.9954281344457669
4,8,MLP,4,5,0,0,0.0112268,4.629409924110095e-08
4,8,MLP,4,5,0,0,1.010952,1.9363482725840988e-09
4,8,MLP,4,5,0,0,2.01688,1.9069401596650057e-08
4,8,MLP,4,5,0,0,3.010709,5.335310693075398e-08
4,8,MLP,4,5,0,0,4.015441,8.559325520499252e-08
4,8,MLP,4,5,0,0,5.010154,1.6271990237945306e-07
4,8,MLP,4,5,0,0,6.01441,4.31796786772548e-07
4,8,MLP,4,5,0,0,7.008793,5.075419681380783e-07
4,8,MLP,4,5,0,0,8.014668,7.349093529021766e-07
4,8,MLP,4,5,0,0,9.007746,8.119099520042319e-07
4,8,MLP,4,5,0,0,10.01372,1.3644869175143482e-06
4,8,MLP,4,5,0,0,11.00726,1.6235838764356277e-06
4,8,MLP,4,5,0,0,12.01249,2.672786186837901e-06
4,8,MLP,4,5,0,0,13.00669,1.9492674412228515e-06
4,8,MLP,4,5,0,0,14.01282,6.092279535845422e-06
4,8,MLP,4,5,0,0,15.00744,3.541135492032862e-06
4,8,MLP,4,5,0,0,16.01075,9.719249392690603e-06
4,8,MLP,4,5,0,0,17.01668,4.937711056187049e-06
4,8,MLP,4,5,0,0,18.0118,2.2691780982241348e-05
4,8,MLP,4,5,0,0,19.01557,1.2391043458521636e-05
4,8,MLP,4,5,0,0,20.00926,1.1492403082394896e-05
4,8,MLP,4,5,0,0,21.01652,1.5155441583045413e-05
4,8,MLP,4,5,0,0,22.00971,2.4848027763915014e-05
4,8,MLP,4,5,0,0,23.01418,5.219220489164932e-05
4,8,MLP,4,5,0,0,24.00919,2.777469568055536e-05
4,8,MLP,4,5,0,0,25.01588,3.8273647217490055e-05
4,8,MLP,4,5,0,0,26.00942,3.731780126572417e-05
4,8,MLP,4,5,0,0,27.01412,4.1747130275292e-05
4,8,MLP,4,5,0,0,28.00889,4.477140409391466e-05
4,8,MLP,4,5,0,0,29.01367,5.3569369694888365e-05
4,8,MLP,4,5,0,0,30.00709,4.491377134941565e-07
4,8,MLP,4,5,0,0,31.01377,6.898322495136892e-07
4,8,MLP,4,5,0,0,32.00727,6.064307502408157e-07
4,8,MLP,4,5,0,0,33.01159,1.017606368899809e-06
4,8,MLP,4,5,0,0,34.00792,8.825559902557669e-07
4,8,MLP,4,5,0,0,35.01075,4.563661616963716e-06
4,8,MLP,4,5,0,0,36.00707,2.8551259489381136e-06
4,8,MLP,4,5,0,0,37.01272,4.392511402533986e-06
4,8,MLP,4,5,0,0,38.01709,2.596071563247681e-06
4,8,MLP,4,5,0,0,39.01067,3.667851431776595e-06
4,8,MLP,4,5,0,0,40.01581,3.253376499489649e-06
4,8,MLP,4,5,0,0,41.01084,4.0698951212180764e-06
4,8,MLP,4,5,0,0,42.01547,5.432400936211354e-06
4,8,MLP,4,5,0,0,43.01104,6.972672456933072e-06
4,8,MLP,4,5,0,0,44.01458,4.5521649946886065e-06
4,8,MLP,4,5,0,0,45.00882,7.975471996762232e-06
4,8,MLP,4,5,0,0,46.01222,5.374079280903453e-06
4,8,MLP,4,5,0,0,47.00699,8.457220128114725e-06
4,8,MLP,4,5,0,0,48.01369,8.402018730177675e-06
4,8,MLP,4,5,0,0,49.00858,9.954610819244836e-06
4,8,MLP,4,5,0,0,50.01452,8.15315416148695e-06
4,8,MLP,4,5,0,0,51.00806,2.2010455284102835e-05
4,8,MLP,4,5,0,0,52.01318,7.731114036803152e-06
4,8,MLP,4,5,0,0,53.00839,1.5137753859166168e-05
4,8,MLP,4,5,0,0,54.01276,1.5072532867793402e-05
4,8,MLP,4,5,0,0,55.0175,1.8353420066620104e-05
4,8,MLP,4,5,0,0,56.01182,1.692353363601267e-05
4,8,MLP,4,5,0,0,57.00686,1.8677684020500083e-05
4,8,MLP,4,5,0,0,58.01109,3.382243547851399e-05
4,8,MLP,4,5,0,0,59.01705,2.3986914669622622e-05
4,8,MLP,4,5,0,0,60.01059,1.9863449341315546e-05
4,8,MLP,4,5,0,0,61.01579,3.394925951542903e-05
4,8,MLP,4,5,0,0,62.00929,2.2980613977510672e-05
4,8,MLP,4,5,0,0,63.01626,3.5619309932725384e-05
4,8,MLP,4,5,0,0,64.01065,3.582333552031919e-05
4,8,MLP,4,5,0,0,65.01405,3.287333340844688e-05
4,8,MLP,4,5,0,0,66.00948,3.36907284801628e-05
4,8,MLP,4,5,0,0,67.01539,2.5769900757487066e-05
4,8,MLP,4,5,0,0,68.00793,5.082214857265232e-05
4,8,MLP,4,5,0,0,69.014,4.521551933947896e-05
4,8,MLP,4,5,0,0,70.00879,3.867234705256854e-05
4,8,MLP,4,5,0,0,71.01364,7.25456904786537e-05
4,8,MLP,4,5,0,0,72.00794,5.2439325668914e-05
4,8,MLP,4,5,0,0,73.01243,7.579001658799746e-05
4,8,MLP,4,5,0,0,74.01789,6.227587636862126e-05
4,8,MLP,4,5,0,0,75.01195,7.740152146734493e-05
4,8,MLP,4,5,0,0,76.01669,9.612709424560712e-05
4,8,MLP,4,5,0,0,77.01137,7.104734918171485e-05
4,8,MLP,4,5,0,0,78.01778,8.763450687776328e-05
4,8,MLP,4,5,0,0,79.00958,0.00010621517389200945
4,8,MLP,4,5,0,0,80.01713,0.00012950163129967445
4,8,MLP,4,5,0,0,81.01,0.0001450684054831715
4,8,MLP,4,5,0,0,82.01595,0.00013659183197257214
4,8,MLP,4,5,0,0,83.00983,0.00019749445116275732
4,8,MLP,4,5,0,0,84.01365,0.0001677042514762676
4,8,MLP,4,5,0,0,85.00916,0.00020524776066167436
4,8,MLP,4,5,0,0,86.01279,0.00021875917034021352
4,8,MLP,4,5,0,0,87.00995,0.0002961355537446314
4,8,MLP,4,5,0,0,88.01443,0.0002998670409624057
4,8,MLP,4,5,0,0,89.00826,0.00020785769286031997
4,8,MLP,4,5,0,0,90.01387,0.00027890792085199465
4,8,MLP,4,5,0,0,91.00777,0.00034548266491543926
4,8,MLP,4,5,0,0,92.01324,0.00048421364253821485
4,8,MLP,4,5,0,0,93.00788,0.0003240387503353064
4,8,MLP,4,5,0,0,94.01026,0.012664992694877681
4,8,MLP,4,5,0,0,95.00691,0.0009336335813679911
4,8,MLP,4,5,1,1,96.01107,0.0004708580801457016
4,8,MLP,4,5,1,1,97.01478,0.0004624539983038302
4,8,MLP,4,5,1,1,98.00982,0.0007472662466587533
4,8,MLP,4,5,1,1,99.0165,0.0006299921369783229
4,8,MLP,4,5,1,1,100.0108,0.0006753324773006827
4,8,MLP,4,5,1,1,101.0142,0.0006686880259077066
4,8,MLP,4,5,1,1,102.0099,0.0009427832174028327
4,8,MLP,4,5,1,1,103.0166,0.00043891846280443437
4,8,MLP,4,5,1,1,104.0105,0.0008326822896371476
4,8,MLP,4,5,1,1,105.0166,0.0006571417797094746
4,8,MLP,4,5,1,1,106.0182,0.0006276563953291324
4,8,MLP,4,5,1,1,107.0155,0.00046110865435723577
4,8,MLP,4,5,1,1,108.0081,0.0007469046193746206
4,8,MLP,4,5,1,1,109.0137,0.0005386707101817101
4,8,MLP,4,5,1,1,110.0078,0.0005495344569971877
4,8,MLP,4,5,1,1,111.0129,0.0006924229319170543
4,8,MLP,4,5,1,1,112.0085,0.0005164449631307438
4,8,MLP,4,5,1,1,113.0132,0.0007840666978388611
4,8,MLP,4,5,1,1,114.0183,0.0005127489526600724
4,8,MLP,4,5,1,1,115.0109,0.0006323457838542705
4,8,MLP,4,5,1,1,116.0171,0.0005063223999938485
4,8,MLP,4,5,1,1,117.0108,0.0008038595160172171
4,8,MLP,4,5,1,1,118.017,0.0004983810875614699
4,8,MLP,4,5,1,1,119.0105,0.000845064574891494
4,8,MLP,4,5,1,1,120.017,0.023521445977770148
4,8,MLP,4,5,1,1,121.0103,0.06317475964102234
4,8,MLP,4,5,1,1,122.0142,0.044899517587753845
4,8,MLP,4,5,1,1,123.0111,0.050089310325370784
4,8,MLP,4,5,1,1,124.0154,0.038784985963699364
4,8,MLP,4,5,1,1,125.0098,0.026987182778334035
4,8,MLP,4,5,1,1,126.016,0.027474550954006194
4,8,MLP,4,5,1,1,127.0077,0.029590424122351223
4,8,MLP,4,5,1,1,128.0149,0.034841270212101025
4,8,MLP,4,5,1,1,129.0092,0.04100422171482557
4,8,MLP,4,5,1,1,130.0139,0.036370800999397074
4,8,MLP,4,5,1,1,131.0076,0.03805509490907902
4,8,MLP,4,5,1,1,132.0115,0.03553939182108877
4,8,MLP,4,5,1,1,133.0071,0.03769187839568206
4,8,MLP,4,5,1,1,134.0139,0.06637235607424077
4,8,MLP,4,5,1,1,135.0174,0.05518932819231359
4,8,MLP,4,5,1,1,136.0132,0.15856414324998636
4,8,MLP,4,5,1,1,137.0163,0.038995270409725113
4,8,MLP,4,5,1,1,138.0116,0.025633390594766305
4,8,MLP,4,5,1,1,139.0176,0.027539350501825963
4,8,MLP,4,5,1,1,140.0102,0.0172793132280265
4,8,MLP,4,5,1,1,141.0144,0.012662225244757304
4,8,MLP,4,5,1,1,142.0095,0.05433324426388759
4,8,MLP,4,5,1,1,143.0164,0.032606803162838184
4,8,MLP,4,5,1,1,144.0101,0.03461973584213318
4,8,MLP,4,5,1,1,145.0154,0.021981659014181795
4,8,MLP,4,5,1,1,146.0091,0.03700360089810469
4,8,MLP,4,5,1,1,147.0136,0.0370908972592192
4,8,MLP,4,5,1,1,148.0082,0.03713116062672292
4,8,MLP,4,5,1,1,149.0152,0.0188815324996406
4,8,MLP,4,5,1,1,150.0077,0.03760243200365784
4,8,MLP,4,5,1,1,151.0137,0.039924826750384806
4,8,MLP,4,5,1,1,152.0168,0.02212458306002468
4,8,MLP,4,5,1,1,153.0125,0.04346029918025986
4,8,MLP,4,5,1,1,154.0174,0.04088636671559515
4,8,MLP,4,5,1,1,155.0128,0.035367787047932114
4,8,MLP,4,5,1,1,156.0177,0.04395014952766388
4,8,MLP,4,5,1,1,157.0102,0.06370481589981795
4,8,MLP,4,5,1,1,158.0163,0.08166322229001804
4,8,MLP,4,5,1,1,159.0115,0.13763690759642974
4,8,MLP,4,5,1,1,160.0177,0.033468622414049146
4,8,MLP,4,5,1,1,161.0104,0.1913225735586804
4,8,MLP,4,5,1,1,162.0165,0.06912844332456548
4,8,MLP,4,5,1,1,163.0099,0.07899300215287726
4,8,MLP,4,5,1,1,164.0155,0.0862298624370636
4,8,MLP,4,5,1,1,165.0094,0.1005214377296671
4,8,MLP,4,5,1,1,166.0161,0.05799221230650042
4,8,MLP,4,5,1,1,167.0091,0.04362031238486632
4,8,MLP,4,5,1,1,168.0139,0.09023431423351794
4,8,MLP,4,5,1,1,169.0086,0.05807788671753525
4,8,MLP,4,5,1,1,170.0137,0.1596448034401924
4,8,MLP,4,5,1,1,171.0075,0.10091807120974247
4,8,MLP,4,5,1,1,172.0139,0.1942855209440394
4,8,MLP,4,5,1,1,173.0076,0.1403354227948555
4,8,MLP,4,5,1,1,174.0126,0.17372846845716336
4,8,MLP,4,5,1,1,175.0179,0.17967967704122434
4,8,MLP,4,5,1,1,176.0124,0.10954540031020019
4,8,MLP,4,5,1,1,177.0172,0.3033545218330335
4,8,MLP,4,5,1,1,178.0104,0.13882148915725556
4,8,MLP,4,5,1,1,179.0168,0.18821189461619756
4,8,MLP,4,5,1,1,180.0106,0.3556934190389575
4,8,MLP,4,5,1,1,181.0163,0.15435511538301627
4,8,MLP,4,5,1,1,182.0099,0.09133276998303703
4,8,MLP,4,5,1,1,183.0135,0.10425204790359806
4,8,MLP,4,5,1,1,184.0087,0.07208886958950315
4,8,MLP,4,5,1,1,185.0154,0.15905994921614983
4,8,MLP,4,5,1,1,186.0081,0.12633452051910826
4,8,MLP,4,5,1,1,187.016,0.13387769546694203
4,8,MLP,4,5,1,1,188.0089,0.16136224995449822
4,8,MLP,4,5,1,1,189.0137,0.06991002404578023
4,8,MLP,4,5,1,1,190.0086,0.16239654961943895
4,8,MLP,4,5,1,1,191.0144,0.16022671377792558
4,8,MLP,4,5,1,1,192.0072,0.09330226054110882
4,8,MLP,4,5,1,1,193.0135,0.13866919763419877
4,8,MLP,4,5,1,1,194.0179,0.12008674148718355
4,8,MLP,4,5,1,1,195.013,0.17000085253863892
4,8,MLP,4,5,1,1,196.0172,0.07739867684617187
4,8,MLP,4,5,1,1,197.0123,0.05291422738789052
4,8,MLP,4,5,1,1,198.0175,0.050734056409804634
4,8,MLP,4,5,1,1,199.0116,0.08921389501699462
4,8,MLP,4,5,1,1,200.0164,0.08883927826170528
4,8,MLP,4,5,1,1,201.0108,0.15177487670735035
4,8,MLP,4,5,1,1,202.0157,0.014502392016476283
4,8,MLP,4,5,1,1,203.0093,0.3712357919715624
4,8,MLP,4,5,1,1,204.016,0.09499224803400586
4,8,MLP,4,5,1,1,205.009,0.09934992546879433
4,8,MLP,4,5,1,1,206.0156,0.10102602896129415
4,8,MLP,4,5,1,1,207.0176,0.09091351131115158
4,8,MLP,4,5,1,1,208.0142,0.10163448401611389
4,8,MLP,4,5,1,1,209.008,0.032847302332109564
4,8,MLP,4,5,1,1,210.014,0.0991226123038506
4,8,MLP,4,5,1,1,211.0073,0.07930021694026819
4,8,MLP,4,5,1,1,212.0144,0.08327267415338763
4,8,MLP,4,5,1,1,213.0071,0.07687687482510733
4,8,MLP,4,5,1,1,214.0131,0.11654114438628113
4,8,MLP,4,5,1,1,215.0179,0.09692697782998058
4,8,MLP,4,5,1,1,216.013,0.11667433430992144
4,8,MLP,4,5,1,1,217.0178,0.052730345650437924
4,8,MLP,4,5,1,1,218.0116,0.13417674065791435
4,8,MLP,4,5,1,1,219.016,0.1479052233392289
4,8,MLP,4,5,1,1,220.0108,0.14628419607047172
4,8,MLP,4,5,1,1,221.0161,0.09651716317198374
4,8,MLP,4,5,1,1,222.0095,0.18871692410239044
4,8,MLP,4,5,1,1,223.0147,0.19514225957166956
4,8,MLP,4,5,1,1,224.0093,0.21282956586770865
4,8,MLP,4,5,1,1,225.0162,0.17846402009550263
4,8,MLP,4,5,1,1,226.0088,0.23221453731383046
4,8,MLP,4,5,1,1,227.0151,0.3061628894695063
4,8,MLP,4,5,1,1,228.0091,0.2720261129217216
4,8,MLP,4,5,1,1,229.0138,0.252191985485851
4,8,MLP,4,5,1,1,230.0083,0.25704292316392435
4,8,MLP,4,5,1,1,231.0125,0.2141777162823337
4,8,MLP,4,5,1,1,232.0183,0.3258765908145544
4,8,MLP,4,5,1,1,233.0139,0.3912503875863536
4,8,MLP,4,5,1,1,234.0073,0.26365102126917633
4,8,MLP,4,5,1,1,235.0123,0.5467217847923517
4,8,MLP,4,5,1,1,236.016,0.4331264633981105
4,8,MLP,4,5,1,1,237.0108,0.5280668522547062
4,8,MLP,4,5,1,1,238.017,0.4120427128145863
4,8,MLP,4,5,1,1,239.0087,0.7051446212081153
4,8,MLP,4,5,1,1,240.0161,0.5286363654488077
4,8,MLP,4,5,1,1,241.01,0.34213899051572094
4,8,MLP,4,5,1,1,242.016,0.06918427729322396
4,8,MLP,4,5,1,1,243.0107,0.5070527729347699
4,8,MLP,4,5,1,1,244.0154,0.32465325154317737
4,8,MLP,4,5,1,1,245.0092,0.23880678868145996
4,8,MLP,4,5,1,1,246.0161,0.4305756046032553
4,8,MLP,4,5,1,1,247.0085,0.3633287578336168
4,8,MLP,4,5,1,1,248.0154,0.335087617331928
4,8,MLP,4,5,1,1,249.0085,0.1971093132474646
4,8,MLP,4,5,1,1,250.0141,0.3708359682257011
4,8,MLP,4,5,1,1,251.0076,0.3866215088529798
4,8,MLP,4,5,1,1,252.0128,0.47909320841400144
4,8,MLP,4,5,1,1,253.0088,0.29494932529678025
4,8,MLP,4,5,1,1,254.0108,0.4739444245301176
4,8,MLP,4,5,1,1,255.0078,0.24016643655636116
4,8,MLP,4,5,1,1,256.012,0.4277101618466689
4,8,MLP,4,5,1,1,257.0182,0.480619194011498
4,8,MLP,4,5,1,1,258.0112,0.3555884368057913
4,8,MLP,4,5,1,1,259.0172,0.1883930856590556
4,8,MLP,4,5,1,1,260.0108,0.48907899994175974
4,8,MLP,4,5,1,1,261.017,0.4572104381360634
4,8,MLP,4,5,1,1,262.0099,0.43558888581732436
4,8,MLP,4,5,1,1,263.0157,0.4947231868110125
4,8,MLP,4,5,1,1,264.0089,0.43300093596846945
4,8,MLP,4,5,1,1,265.0158,0.21958251836950657
4,8,MLP,4,5,1,1,266.0085,0.14990874404672447
4,8,MLP,4,5,1,1,267.0144,0.33336644821178113
4,8,MLP,4,5,1,1,268.0078,0.2764932668851296
4,8,MLP,4,5,1,1,269.0122,0.3705162795638404
4,8,MLP,4,5,1,1,270.0178,0.2487276571280881
4,8,MLP,4,5,1,1,271.0129,0.28472204576986565
4,8,MLP,4,5,1,1,272.0069,0.2888973974092546
4,8,MLP,4,5,1,1,273.0135,0.3103349085123349
4,8,MLP,4,5,1,1,274.0166,0.13579101428027546
4,8,MLP,4,5,1,1,275.0122,0.4166108469840376
4,8,MLP,4,5,1,1,276.0172,0.17908630656367178
4,8,MLP,4,5,1,1,277.0125,0.40029101948404383
4,8,MLP,4,5,1,1,278.0169,0.33996074350800076
4,8,MLP,4,5,1,1,279.0107,0.373442563037645
4,8,MLP,4,5,1,1,280.0169,0.33082906667185974
4,8,MLP,4,5,1,1,281.0101,0.45133623496474745
4,8,MLP,4,5,1,1,282.0158,0.5144242440829825
4,8,MLP,4,5,1,1,283.0089,0.25726949192381393
4,8,MLP,4,5,1,1,284.0149,0.6463055013261358
4,8,MLP,4,5,1,1,285.0083,0.3047323696458601
4,8,MLP,4,5,1,1,286.0139,0.678316628491315
4,8,MLP,4,5,1,1,287.0074,0.6585500853831471
4,8,MLP,4,5,1,1,288.0117,0.6173614631174206
4,8,MLP,4,5,1,1,289.007,0.6358586791798146
4,8,MLP,4,5,1,1,290.0117,0.6460547722185302
4,8,MLP,4,5,1,1,291.008,0.501871369250869
4,8,MLP,4,5,1,1,292.0127,0.8202520598452161
4,8,MLP,4,5,1,1,293.017,0.8693736311642315
4,8,MLP,4,5,1,1,294.0127,0.4916368726319051
4,8,MLP,4,5,1,1,295.0174,0.6920360549971998
4,8,MLP,4,5,1,1,296.0103,0.6762215249114628
4,8,MLP,4,5,1,1,297.017,0.40908243957354046
4,8,MLP,4,5,1,1,298.0103,0.5873132572138754
4,8,MLP,4,5,1,1,299.0154,0.5133506665758761
4,8,MLP,4,5,1,1,300.0082,0.9679019530947813
4,8,MLP,4,5,1,1,301.0146,0.9701878089194435
4,8,MLP,4,6,0,0,0.0,8.648304369722879e-06
4,8,MLP,4,6,0,0,1.00495,0.0022756776738006752
4,8,MLP,4,6,0,0,1.998281,0.006214251820185022
4,8,MLP,4,6,0,0,3.004618,0.010756127029962377
4,8,MLP,4,6,0,0,3.999141,0.0054956634976273625
4,8,MLP,4,6,0,0,5.003382,0.005688590171035008
4,8,MLP,4,6,0,0,5.998161,0.009655578215794677
4,8,MLP,4,6,0,0,7.000859,0.02396741912778052
4,8,MLP,4,6,0,0,7.997983,0.02027717968767079
4,8,MLP,4,6,0,0,9.002149,0.06266872762150476
4,8,MLP,4,6,0,0,9.996326,0.04219351242674334
4,8,MLP,4,6,0,0,11.00007,0.0997656936794455
4,8,MLP,4,6,0,0,11.99659,0.03595977766124396
4,8,MLP,4,6,0,0,13.00098,0.10126313542455792
4,8,MLP,4,6,0,0,13.99541,0.061572279123727314
4,8,MLP,4,6,0,0,14.99912,0.18173817847354273
4,8,MLP,4,6,0,0,15.99681,0.10286089102789618
4,8,MLP,4,6,0,0,16.99845,0.048251979449063086
4,8,MLP,4,6,0,0,18.00539,0.22639806407464108
4,8,MLP,4,6,0,0,18.9994,0.14758038996854136
4,8,MLP,4,6,0,0,20.00367,0.14503810820907218
4,8,MLP,4,6,0,0,20.99707,0.08565042448470525
4,8,MLP,4,6,0,0,22.00514,0.1964451634658874
4,8,MLP,4,6,0,0,22.99883,0.1421537779674722
4,8,MLP,4,6,0,0,24.00393,0.1489420835971112
4,8,MLP,4,6,0,0,24.99814,0.0774598277693984
4,8,MLP,4,6,0,0,26.00431,0.2640753371661166
4,8,MLP,4,6,0,0,26.99778,0.18260401415040675
4,8,MLP,4,6,0,0,28.00385,0.19553750300810416
4,8,MLP,4,6,0,0,28.99657,0.08274390883187731
4,8,MLP,4,6,0,0,30.00375,0.22352940049685507
4,8,MLP,4,6,0,0,30.99679,0.1371532805408562
4,8,MLP,4,6,0,0,32.00263,0.27999808714270963
4,8,MLP,4,6,0,0,32.99657,0.2298711827447172
4,8,MLP,4,6,0,0,34.00122,0.21174310971962398
4,8,MLP,4,6,0,0,35.00551,0.2189638545915315
4,8,MLP,4,6,0,0,36.00011,0.20383251920302203
4,8,MLP,4,6,0,0,36.99636,0.23602784673647229
4,8,MLP,4,6,0,0,38.00019,0.20012237442504235
4,8,MLP,4,6,0,0,39.00475,0.28394867419091047
4,8,MLP,4,6,0,0,39.99985,0.26643040983006494
4,8,MLP,4,6,0,0,41.00478,0.29852282194844415
4,8,MLP,4,6,0,0,41.99879,0.288558408377265
4,8,MLP,4,6,0,0,42.99495,0.17243907501639844
4,8,MLP,4,6,0,0,43.99932,0.2532407194253555
4,8,MLP,4,6,0,0,45.00479,0.2021858176485055
4,8,MLP,4,6,0,0,45.99848,0.34350555683812284
4,8,MLP,4,6,0,0,47.00407,0.20311116037250623
4,8,MLP,4,6,0,0,47.99735,0.24588644422136138
4,8,MLP,4,6,0,0,49.00396,0.24957653500555485
4,8,MLP,4,6,0,0,49.99818,0.2871941938692858
4,8,MLP,4,6,0,0,51.00159,0.35982772782197275
4,8,MLP,4,6,0,0,51.99651,0.31344004626135596
4,8,MLP,4,6,0,0,53.00211,0.28443051485958526
4,8,MLP,4,6,0,0,53.99723,0.35084454806066123
4,8,MLP,4,6,0,0,55.00178,0.278544055287328
4,8,MLP,4,6,0,0,55.99569,0.3269483925281477
4,8,MLP,4,6,0,0,56.99967,0.5271413065305329
4,8,MLP,4,6,0,0,57.99514,0.4487671809766319
4,8,MLP,4,6,0,0,59.0001,0.5454519996531434
4,8,MLP,4,6,0,0,60.00412,0.29303688512378406
4,8,MLP,4,6,0,0,60.99954,0.4727083138190762
4,8,MLP,4,6,0,0,62.00455,0.6176171975121912
4,8,MLP,4,6,0,0,62.99667,0.5509564868351025
4,8,MLP,4,6,0,0,64.00391,0.7494343789360566
4,8,MLP,4,6,0,0,64.99876,0.6923325074169908
4,8,MLP,4,6,0,0,66.00466,0.7089364218677472
4,8,MLP,4,6,0,0,66.99519,0.7353678504127641
4,8,MLP,4,6,0,0,68.00278,0.5699109476005279
4,8,MLP,4,6,0,0,68.99691,0.6451693574643464
4,8,MLP,4,6,0,0,70.00152,0.7523133391843467
4,8,MLP,4,6,0,0,70.99718,0.6879514603095856
4,8,MLP,4,6,0,0,72.00053,0.7053635302652458
4,8,MLP,4,6,0,0,72.99554,0.7422971469924741
4,8,MLP,4,6,0,0,74.00175,0.811398534077514
4,8,MLP,4,6,0,0,74.99531,0.7435858810860608
4,8,MLP,4,6,0,0,76.00156,0.6591152221332076
4,8,MLP,4,6,0,0,76.9957,0.8103764114059393
4,8,MLP,4,6,0,0,77.99854,0.8193669686782166
4,8,MLP,4,6,1,1,79.00594,0.7326066064272392
4,8,MLP,4,6,1,1,79.99966,0.7988044392271182
4,8,MLP,4,6,1,1,81.0055,0.7897964602916854
4,8,MLP,4,6,1,1,81.99766,0.7570039866455738
4,8,MLP,4,6,1,1,83.00455,0.8103234143097446
4,8,MLP,4,6,1,1,83.99812,0.7910794326907115
4,8,MLP,4,6,1,1,85.00332,0.5275444498637598
4,8,MLP,4,6,1,1,85.9983,0.7269920102164008
4,8,MLP,4,6,1,1,87.00482,0.7468078393486189
4,8,MLP,4,6,1,1,87.99602,0.6571116156669354
4,8,MLP,4,6,1,1,89.00328,0.7776158377518533
4,8,MLP,4,6,1,1,89.99747,0.7033863203175544
4,8,MLP,4,6,1,1,91.00337,0.8268243326269655
4,8,MLP,4,6,1,1,91.99653,0.6019480073140105
4,8,MLP,4,6,1,1,93.00198,0.8147203790344558
4,8,MLP,4,6,1,1,93.99605,0.7843296431985604
4,8,MLP,4,6,1,1,95.0014,0.8188567675228351
4,8,MLP,4,6,1,1,95.99513,0.759803844775835
4,8,MLP,4,6,1,1,97.00123,0.740573564957439
4,8,MLP,4,6,1,1,98.00561,0.46573736432195867
4,8,MLP,4,6,1,1,99.00047,0.8254589075687303
4,8,MLP,4,6,1,1,100.0045,0.8265844606300798
4,8,MLP,4,6,1,1,100.9993,0.8301603590338018
4,8,MLP,4,6,1,1,102.0045,0.7624080784795055
4,8,MLP,4,6,1,1,102.9964,0.7928210149870647
4,8,MLP,4,6,1,1,104.0036,0.8430139346132665
4,8,MLP,4,6,1,1,104.998,0.7067595150313633
4,8,MLP,4,6,1,1,106.0024,0.8116208539694283
4,8,MLP,4,6,1,1,106.9969,0.5452715336189269
4,8,MLP,4,6,1,1,108.0033,0.7927781996989641
4,8,MLP,4,6,1,1,108.9968,0.8448776788531772
4,8,MLP,4,6,1,1,110.0023,0.8525294619139366
4,8,MLP,4,6,1,1,110.9956,0.8135332141707136
4,8,MLP,4,6,1,1,112.0019,0.6818328651966397
4,8,MLP,4,6,1,1,112.9961,0.7694283889299542
4,8,MLP,4,6,1,1,114.0015,0.7811035009010963
4,8,MLP,4,6,1,1,114.9951,0.7465504333371471
4,8,MLP,4,6,1,1,115.9994,0.8228165514743726
4,8,MLP,4,6,1,1,116.9956,0.9000384457724254
4,8,MLP,4,6,1,1,118.0012,0.444850362947433
4,8,MLP,4,6,1,1,119.0061,0.6982502721913638
4,8,MLP,4,6,1,1,119.9999,0.7937395168213804
4,8,MLP,4,6,1,1,121.005,0.7794828013229171
4,8,MLP,4,6,1,1,121.9982,0.7941477500363361
4,8,MLP,4,6,1,1,123.0025,0.7044014741485264
4,8,MLP,4,6,1,1,123.9976,0.7681704471082611
4,8,MLP,4,6,1,1,125.0031,0.7996738726184822
4,8,MLP,4,6,1,1,125.9979,0.6613768741313453
4,8,MLP,4,6,1,1,127.0042,0.7939947553852396
4,8,MLP,4,6,1,1,127.9954,0.7977685126310424
4,8,MLP,4,6,1,1,129.0022,0.7279592047528031
4,8,MLP,4,6,1,1,129.9973,0.7526231717378185
4,8,MLP,4,6,1,1,131.0019,0.7800222706455804
4,8,MLP,4,6,1,1,131.9967,0.7312722366291041
4,8,MLP,4,6,1,1,133.0011,0.7131047873964508
4,8,MLP,4,6,1,1,133.9959,0.6442854333876968
4,8,MLP,4,6,1,1,135.0006,0.8194263023462454
4,8,MLP,4,6,1,1,135.9956,0.7649056111868469
4,8,MLP,4,6,1,1,137.0,0.8162794417887199
4,8,MLP,4,6,1,1,137.9949,0.7452529393608636
4,8,MLP,4,6,1,1,139.0005,0.7941552709375514
4,8,MLP,4,6,1,1,140.005,0.7341781968121232
4,8,MLP,4,6,1,1,141.0011,0.5998468480802969
4,8,MLP,4,6,1,1,142.0049,0.7079921046714412
4,8,MLP,4,6,1,1,143.0005,0.5967272812559428
4,8,MLP,4,6,1,1,144.0034,0.7214249662715734
4,8,MLP,4,6,1,1,144.9979,0.7550702033086237
4,8,MLP,4,6,1,1,146.0038,0.8470578171036439
4,8,MLP,4,6,1,1,146.9981,0.7670319562208987
4,8,MLP,4,6,1,1,148.0031,0.8852431375561497
4,8,MLP,4,6,1,1,148.9964,0.8989368181037716
4,8,MLP,4,6,1,1,150.0031,0.8976857889923681
4,8,MLP,4,6,1,1,150.998,0.8883566135608937
4,8,MLP,4,6,1,1,152.0034,0.848568949773189
4,8,MLP,4,6,1,1,152.9952,0.9055761084842623
4,8,MLP,4,6,1,1,154.0003,0.9139450230798933
4,8,MLP,4,6,1,1,154.9953,0.889395830952065
4,8,MLP,4,6,1,1,156.0001,0.8252386565798124
4,8,MLP,4,6,1,1,156.995,0.6670394479134633
4,8,MLP,4,6,1,1,157.9995,0.8340912547872126
4,8,MLP,4,6,1,1,158.9955,0.8585018409884169
4,8,MLP,4,6,1,1,160.0004,0.7419875935123367
4,8,MLP,4,6,1,1,161.0052,0.8576390037109481
4,8,MLP,4,6,1,1,161.9997,0.8545777634345231
4,8,MLP,4,6,1,1,163.0055,0.8140024011094752
4,8,MLP,4,6,1,1,163.9982,0.7773795579115973
4,8,MLP,4,6,1,1,165.0044,0.8323683661484974
4,8,MLP,4,6,1,1,165.9982,0.8447786602469386
4,8,MLP,4,6,1,1,167.0028,0.8194976217872322
4,8,MLP,4,6,1,1,167.9974,0.7372259723727641
4,8,MLP,4,6,1,1,169.0004,0.8173206936538566
4,8,MLP,4,6,1,1,169.9961,0.8190230049907745
4,8,MLP,4,6,1,1,171.0027,0.8375451559751362
4,8,MLP,4,6,1,1,171.9965,0.8142000976494964
4,8,MLP,4,6,1,1,173.0008,0.8141610978841984
4,8,MLP,4,6,1,1,173.9957,0.8199035230654221
4,8,MLP,4,6,1,1,175.0005,0.7850858914666291
4,8,MLP,4,6,1,1,176.0067,0.8019240881753119
4,8,MLP,4,6,1,1,176.9993,0.7350752427911976
4,8,MLP,4,6,1,1,178.0047,0.8578722062689983
4,8,MLP,4,6,1,1,178.9991,0.815435754525403
4,8,MLP,4,6,1,1,180.0038,0.8231328785386762
4,8,MLP,4,6,1,1,180.9995,0.8536876609711685
4,8,MLP,4,6,1,1,182.0041,0.8631085476015067
4,8,MLP,4,6,1,1,183.0005,0.8697043594399099
4,8,MLP,4,6,1,1,184.0035,0.7983796790437301
4,8,MLP,4,6,1,1,184.9995,0.890426378071811
4,8,MLP,4,6,1,1,186.0027,0.8434323777745042
4,8,MLP,4,6,1,1,186.9969,0.8104230050198906
4,8,MLP,4,6,1,1,188.0041,0.8838412280096481
4,8,MLP,4,6,1,1,188.9965,0.8816195740299163
4,8,MLP,4,6,1,1,190.0023,0.8721013946894947
4,8,MLP,4,6,1,1,190.997,0.8134870135192724
4,8,MLP,4,6,1,1,192.0012,0.7631280304859391
4,8,MLP,4,6,1,1,192.9953,0.9069456204045718
4,8,MLP,4,6,1,1,194.0018,0.9259507144207765
4,8,MLP,4,6,1,1,194.9951,0.901675807880423
4,8,MLP,4,6,1,1,196.0017,0.930838757983128
4,8,MLP,4,6,1,1,196.9955,0.9470716458852269
4,8,MLP,4,6,1,1,197.9992,0.958786280378966
4,8,MLP,4,6,1,1,199.0046,0.9156272552429425
4,8,MLP,4,6,1,1,199.9997,0.9441602490220258
4,8,MLP,4,6,1,1,201.0053,0.9725782379274056
4,8,MLP,4,6,1,1,201.9996,0.9735201164520942
4,8,MLP,4,6,1,1,203.0045,0.9731608033494563
4,8,MLP,4,6,1,1,203.9994,0.9742041563968713
4,8,MLP,4,6,1,1,205.0027,0.9711240800868187
4,8,MLP,4,6,1,1,205.9978,0.9814040262497655
4,8,MLP,4,6,1,1,207.0028,0.9851070756596262
4,8,MLP,4,6,1,1,207.9981,0.9742704721157296
4,8,MLP,4,6,1,1,209.0018,0.9875854295869196
4,8,MLP,4,6,1,1,209.9971,0.9347862654209298
4,8,MLP,4,6,1,1,211.0018,0.8699183923344528
4,8,MLP,4,6,1,1,211.9965,0.9558740932261144
4,8,MLP,4,6,1,1,213.0005,0.9321727893474134
4,8,MLP,4,6,1,1,213.9955,0.5813828987272959
4,8,MLP,4,6,1,1,215.0018,0.8401250516590532
4,8,MLP,4,6,1,1,216.0054,0.9069115482347745
4,8,MLP,4,6,1,1,216.999,0.9350901763096381
4,8,MLP,4,6,1,1,218.0052,0.9659427332866138
4,8,MLP,4,6,1,1,219.0004,0.9639237447797091
4,8,MLP,4,6,1,1,219.9952,0.951829371933393
4,8,MLP,4,6,1,1,220.9994,0.9567113849203104
4,8,MLP,4,6,1,1,222.004,0.9579785759635049
4,8,MLP,4,6,1,1,222.9986,0.9494325019072295
4,8,MLP,4,6,1,1,224.0039,0.9398551806576703
4,8,MLP,4,6,1,1,224.9971,0.9237330596553577
4,8,MLP,4,6,1,1,226.0025,0.9278436248143804
4,8,MLP,4,6,1,1,226.997,0.9315839093735943
4,8,MLP,4,6,1,1,228.0032,0.9312687249702645
4,8,MLP,4,6,1,1,228.9982,0.8055333028085466
4,8,MLP,4,6,1,1,230.0016,0.7579331214209234
4,8,MLP,4,6,1,1,230.9958,0.9276144736302179
4,8,MLP,4,6,1,1,232.0021,0.8738481103199133
4,8,MLP,4,6,1,1,232.996,0.8518339313937123
4,8,MLP,4,6,1,1,234.0009,0.9135944418377538
4,8,MLP,4,6,1,1,234.9951,0.9152305802363689
4,8,MLP,4,6,1,1,236.0014,0.9122982564697912
4,8,MLP,4,6,1,1,236.9952,0.8362670805996183
4,8,MLP,4,6,1,1,238.0005,0.9192801717345294
4,8,MLP,4,6,1,1,239.0048,0.8789230793143138
4,8,MLP,4,6,1,1,239.998,0.863003087592587
4,8,MLP,4,6,1,1,241.0045,0.861736601092535
4,8,MLP,4,6,1,1,241.9997,0.8752715390009254
4,8,MLP,4,6,1,1,243.0043,0.8895896384771433
4,8,MLP,4,6,1,1,243.9979,0.8039905970862523
4,8,MLP,4,6,1,1,245.0045,0.9095031629414148
4,8,MLP,4,6,1,1,245.9983,0.8958017145605337
4,8,MLP,4,6,1,1,247.0034,0.777661459533545
4,8,MLP,4,6,1,1,247.9966,0.8181336965221406
4,8,MLP,4,6,1,1,249.0038,0.8559940237359968
4,8,MLP,4,6,1,1,249.9967,0.8389791675435234
4,8,MLP,4,6,1,1,251.0027,0.7992830930887149
4,8,MLP,4,6,1,1,251.9969,0.8592390024755545
4,8,MLP,4,6,1,1,253.0018,0.685768157704073
4,8,MLP,4,6,1,1,254.0059,0.851460662161825
4,8,MLP,4,6,1,1,255.0009,0.8165575859844603
4,8,MLP,4,6,1,1,256.006,0.8337526744001623
4,8,MLP,4,6,1,1,257.0001,0.8129851951352816
4,8,MLP,4,6,1,1,257.9961,0.7906822485902429
4,8,MLP,4,6,1,1,259.0005,0.6419082646790295
4,8,MLP,4,6,1,1,260.0055,0.7265257402284016
4,8,MLP,4,6,1,1,260.9998,0.7239158779528017
4,8,MLP,4,6,1,1,262.0056,0.7204307558442383
4,8,MLP,4,6,1,1,262.9988,0.560402994548752
4,8,MLP,4,6,1,1,264.0048,0.6610251334656719
4,8,MLP,4,6,1,1,264.9983,0.6792681678574336
4,8,MLP,4,6,1,1,266.0038,0.6636836779032949
4,8,MLP,4,6,1,1,266.9969,0.4828396035657374
4,8,MLP,4,6,1,1,268.0023,0.6520281715984433
4,8,MLP,4,6,1,1,268.9973,0.6510718955309616
4,8,MLP,4,6,1,1,270.0033,0.5092173465496517
4,8,MLP,4,6,1,1,270.9977,0.6940100682731323
4,8,MLP,4,6,1,1,272.0032,0.5407687554369338
4,8,MLP,4,6,1,1,272.9963,0.5708318412496836
4,8,MLP,4,6,1,1,274.0013,0.6959645609977694
4,8,MLP,4,6,1,1,275.0058,0.6593468359443404
4,8,MLP,4,6,1,1,276.0016,0.6176942727406627
4,8,MLP,4,6,1,1,276.9961,0.6398467835665055
4,8,MLP,4,6,1,1,278.0005,0.41831289459802795
4,8,MLP,4,6,1,1,279.0054,0.6010445854968962
4,8,MLP,4,6,1,1,280.0003,0.591560201802706
4,8,MLP,4,6,1,1,281.0043,0.6330339242248857
4,8,MLP,4,6,1,1,281.9992,0.618275062368166
4,8,MLP,4,6,1,1,283.0033,0.6956500142662976
4,8,MLP,4,6,1,1,283.9978,0.6495715666999281
4,8,MLP,4,6,1,1,285.0029,0.726454602448007
4,8,MLP,4,6,1,1,285.9962,0.7338380911444419
4,8,MLP,4,6,1,1,287.0033,0.7554104088377226
4,8,MLP,4,6,1,1,287.9975,0.8006217283027953
4,8,MLP,4,6,1,1,289.0008,0.8096249129648878
4,8,MLP,4,6,1,1,289.995,0.8486430329215842
4,8,MLP,4,6,1,1,291.0015,0.8355437788322087
4,8,MLP,4,6,1,1,291.9957,0.8439632862523854
4,8,MLP,4,6,1,1,292.9995,0.8573293030575468
4,8,MLP,4,6,1,1,293.9948,0.7977003004506322
4,8,MLP,4,6,1,1,295.0001,0.8563973513824027
4,8,MLP,4,6,1,1,296.0042,0.8551623805379697
4,8,MLP,4,6,1,1,297.0004,0.8774818052102393
4,8,MLP,4,6,1,1,298.0045,0.9137566481513848
4,8,MLP,4,6,1,1,299.0001,0.8067175839407987
4,8,MLP,4,6,1,1,300.0042,0.9284162511870967
4,8,MLP,4,6,1,1,300.9987,0.8580218801770798
4,8,MLP,8,12,0,0,0.0110377,1.4902460998827856e-07
4,8,MLP,8,12,0,0,1.010147,6.512194852176053e-05
4,8,MLP,8,12,0,0,2.016094,0.00023957872901557979
4,8,MLP,8,12,0,0,3.009745,0.000879572751127397
4,8,MLP,8,12,1,1,4.01616,0.0011724379906213136
4,8,MLP,8,12,1,1,5.009424,0.0029551947262829665
4,8,MLP,8,12,1,1,6.01379,0.0055894984893107135
4,8,MLP,8,12,1,1,7.008862,0.0094815129003182
4,8,MLP,8,12,1,1,8.014355,0.00596497849780556
4,8,MLP,8,12,1,1,9.019238,0.013934500085488053
4,8,MLP,8,12,1,1,10.01213,0.013818997781151695
4,8,MLP,8,12,1,1,11.0166,0.026157610741082825
4,8,MLP,8,12,1,1,12.01287,0.01925383982122511
4,8,MLP,8,12,1,1,13.01876,0.029321168280987568
4,8,MLP,8,12,1,1,14.01381,0.020658252478105817
4,8,MLP,8,12,1,1,15.01681,0.04774779030914182
4,8,MLP,8,12,1,1,16.01281,0.02171582717095199
4,8,MLP,8,12,1,1,17.01839,0.06080701928728319
4,8,MLP,8,12,1,1,18.01066,0.04276145130664355
4,8,MLP,8,12,1,1,19.01831,0.09376962463528055
4,8,MLP,8,12,1,1,20.01064,0.07951673189312754
4,8,MLP,8,12,1,1,21.0165,0.05557275603713836
4,8,MLP,8,12,1,1,22.01155,0.08091085296339366
4,8,MLP,8,12,1,1,23.01568,0.045710801297638
4,8,MLP,8,12,1,1,24.0096,0.07866384616711518
4,8,MLP,8,12,1,1,25.01568,0.03464035464496701
4,8,MLP,8,12,1,1,26.00962,0.07982250387330883
4,8,MLP,8,12,1,1,27.01536,0.07973315507049449
4,8,MLP,8,12,1,1,28.0098,0.07667795764156896
4,8,MLP,8,12,1,1,29.01463,0.056429025305986605
4,8,MLP,8,12,1,1,30.0086,0.0748245698961752
4,8,MLP,8,12,1,1,31.01355,0.07459855227663394
4,8,MLP,8,12,1,1,32.01867,0.0698308810395663
4,8,MLP,8,12,1,1,33.01118,0.04907479655255176
4,8,MLP,8,12,1,1,34.01851,0.0457290082300796
4,8,MLP,8,12,1,1,35.01208,0.19739640852543275
4,8,MLP,8,12,1,1,36.01853,0.3354107718453967
4,8,MLP,8,12,1,1,37.01241,0.2351076377940603
4,8,MLP,8,12,1,1,38.01729,0.30490259515280205
4,8,MLP,8,12,1,1,39.01123,0.24663624454296287
4,8,MLP,8,12,1,1,40.0166,0.37454519610892784
4,8,MLP,8,12,1,1,41.00916,0.37302034807309836
4,8,MLP,8,12,1,1,42.01604,0.32291318475887715
4,8,MLP,8,12,1,1,43.00914,0.3653265215970131
4,8,MLP,8,12,1,1,44.01637,0.39115462257136635
4,8,MLP,8,12,1,1,45.01945,0.39533029094856376
4,8,MLP,8,12,1,1,46.01505,0.244081393683889
4,8,MLP,8,12,1,1,47.0084,0.45362015603720063
4,8,MLP,8,12,1,1,48.01484,0.24069763645316591
4,8,MLP,8,12,1,1,49.00824,0.30582104879141087
4,8,MLP,8,12,1,1,50.01454,0.3540172196728622
4,8,MLP,8,12,1,1,51.01845,0.37051712289967864
4,8,MLP,8,12,1,1,52.01202,0.2790137628941509
4,8,MLP,8,12,1,1,53.01875,0.4318997439925841
4,8,MLP,8,12,1,1,54.01386,0.2919563479601258
4,8,MLP,8,12,1,1,55.01745,0.3896161412829778
4,8,MLP,8,12,1,1,56.01162,0.2754640159852132
4,8,MLP,8,12,1,1,57.01839,0.4527012383483377
4,8,MLP,8,12,1,1,58.01215,0.27446832542475474
4,8,MLP,8,12,1,1,59.01632,0.45330125395914955
4,8,MLP,8,12,1,1,60.01164,0.3720598385270967
4,8,MLP,8,12,1,1,61.01605,0.3220643512120058
4,8,MLP,8,12,1,1,62.01088,0.3562802561932994
4,8,MLP,8,12,1,1,63.01574,0.37533438439221095
4,8,MLP,8,12,1,1,64.0106,0.2703999573694288
4,8,MLP,8,12,1,1,65.01489,0.43975152742857887
4,8,MLP,8,12,1,1,66.00845,0.41243736632132266
4,8,MLP,8,12,1,1,67.01373,0.4219029399605062
4,8,MLP,8,12,1,1,68.01971,0.41613244643725833
4,8,MLP,8,12,1,1,69.01488,0.3372915871955785
4,8,MLP,8,12,1,1,70.01777,0.525983360825847
4,8,MLP,8,12,1,1,71.01369,0.2489060191041271
4,8,MLP,8,12,1,1,72.01964,0.5413539891781192
4,8,MLP,8,12,1,1,73.01192,0.1461752027712407
4,8,MLP,8,12,1,1,74.01961,0.4363442611657142
4,8,MLP,8,12,1,1,75.01247,0.4467824962512687
4,8,MLP,8,12,1,1,76.01733,0.610376356742176
4,8,MLP,8,12,1,1,77.01091,0.45791400615178257
4,8,MLP,8,12,1,1,78.01698,0.6717284973365966
4,8,MLP,8,12,1,1,79.01109,0.279948342240491
4,8,MLP,8,12,1,1,80.01685,0.6891814895602866
4,8,MLP,8,12,1,1,81.01129,0.6655638215368966
4,8,MLP,8,12,1,1,82.0164,0.6529754602375251
4,8,MLP,8,12,1,1,83.00986,0.6827605077636089
4,8,MLP,8,12,1,1,84.01507,0.6323342454380448
4,8,MLP,8,12,1,1,85.0094,0.6999413678012024
4,8,MLP,8,12,1,1,86.01546,0.45250598846583234
4,8,MLP,8,12,1,1,87.00921,0.6927075454964127
4,8,MLP,8,12,1,1,88.01216,0.6662451733886297
4,8,MLP,8,12,1,1,89.00884,0.5383137520415056
4,8,MLP,8,12,1,1,90.01527,0.6916242251926202
4,8,MLP,8,12,1,1,91.01823,0.6879455345833803
4,8,MLP,8,12,1,1,92.01326,0.628861108245047
4,8,MLP,8,12,1,1,93.0173,0.7149676160868257
4,8,MLP,8,12,1,1,94.012,0.6767483870247472
4,8,MLP,8,12,1,1,95.01615,0.7053471808878016
4,8,MLP,8,12,1,1,96.01204,0.5836378020448589
4,8,MLP,8,12,1,1,97.01764,0.5243860486547326
4,8,MLP,8,12,1,1,98.0108,0.7270655238899053
4,8,MLP,8,12,1,1,99.01787,0.6945161603397361
4,8,MLP,8,12,1,1,100.0112,0.7367156460306757
4,8,MLP,8,12,1,1,101.0159,0.7447088796196477
4,8,MLP,8,12,1,1,102.0096,0.6660565936498478
4,8,MLP,8,12,1,1,103.0159,0.7450142162270078
4,8,MLP,8,12,1,1,104.0102,0.5864941674782831
4,8,MLP,8,12,1,1,105.0157,0.6523857394900162
4,8,MLP,8,12,1,1,106.0086,0.6493929080300884
4,8,MLP,8,12,1,1,107.0142,0.7437725867712351
4,8,MLP,8,12,1,1,108.009,0.7378633626318392
4,8,MLP,8,12,1,1,109.0137,0.7428484564530349
4,8,MLP,8,12,1,1,110.0089,0.7446438789721976
4,8,MLP,8,12,1,1,111.0139,0.694504335504193
4,8,MLP,8,12,1,1,112.0085,0.7341046352095393
4,8,MLP,8,12,1,1,113.0106,0.6772444521227455
4,8,MLP,8,12,1,1,114.017,0.5800737318178866
4,8,MLP,8,12,1,1,115.0134,0.7595807761784737
4,8,MLP,8,12,1,1,116.0167,0.7600254122019694
4,8,MLP,8,12,1,1,117.0123,0.6939511756964531
4,8,MLP,8,12,1,1,118.0174,0.7888846347076363
4,8,MLP,8,12,1,1,119.0114,0.8362769918503095
4,8,MLP,8,12,1,1,120.0172,0.8200847332169067
4,8,MLP,8,12,1,1,121.0105,0.8104413034429448
4,8,MLP,8,12,1,1,122.0162,0.8523045193603133
4,8,MLP,8,12,1,1,123.0094,0.8728192973248681
4,8,MLP,8,12,1,1,124.015,0.854803501487655
4,8,MLP,8,12,1,1,125.0093,0.7870391894801732
4,8,MLP,8,12,1,1,126.0151,0.7611012091853974
4,8,MLP,8,12,1,1,127.0096,0.6911344317071046
4,8,MLP,8,12,1,1,128.0141,0.64913513601731
4,8,MLP,8,12,1,1,129.0185,0.6712471515177797
4,8,MLP,8,12,1,1,130.014,0.7551094627043795
4,8,MLP,8,12,1,1,131.0189,0.726690613314141
4,8,MLP,8,12,1,1,132.0128,0.7756209974978442
4,8,MLP,8,12,1,1,133.019,0.7630651836389905
4,8,MLP,8,12,1,1,134.0107,0.7361659229081298
4,8,MLP,8,12,1,1,135.0182,0.7649011011797432
4,8,MLP,8,12,1,1,136.0107,0.6818340497358835
4,8,MLP,8,12,1,1,137.0173,0.7845429687049748
4,8,MLP,8,12,1,1,138.0118,0.7899612415096993
4,8,MLP,8,12,1,1,139.0185,0.6649317057862002
4,8,MLP,8,12,1,1,140.011,0.7632358724092153
4,8,MLP,8,12,1,1,141.0155,0.8244799052764967
4,8,MLP,8,12,1,1,142.0092,0.7056036470548013
4,8,MLP,8,12,1,1,143.0148,0.8330962513002175
4,8,MLP,8,12,1,1,144.0097,0.7629495840427845
4,8,MLP,8,12,1,1,145.0158,0.7201292764278918
4,8,MLP,8,12,1,1,146.009,0.8233327793378008
4,8,MLP,8,12,1,1,147.0147,0.7496412902810119
4,8,MLP,8,12,1,1,148.0176,0.7726049214478015
4,8,MLP,8,12,1,1,149.0135,0.7553934457044346
4,8,MLP,8,12,1,1,150.0089,0.7805689369414162
4,8,MLP,8,12,1,1,151.0133,0.7963914580915346
4,8,MLP,8,12,1,1,152.0182,0.7311391814548687
4,8,MLP,8,12,1,1,153.0136,0.7590105761696335
4,8,MLP,8,12,1,1,154.0181,0.8225848235017583
4,8,MLP,8,12,1,1,155.0128,0.7771739475577745
4,8,MLP,8,12,1,1,156.0166,0.8398314181805138
4,8,MLP,8,12,1,1,157.0118,0.8533251298067355
4,8,MLP,8,12,1,1,158.0165,0.8393561954168727
4,8,MLP,8,12,1,1,159.0093,0.8560097718178862
4,8,MLP,8,12,1,1,160.0144,0.8565708463306734
4,8,MLP,8,12,1,1,161.0088,0.8781755168283392
4,8,MLP,8,12,1,1,162.0157,0.8534676893148113
4,8,MLP,8,12,1,1,163.0096,0.9040347181378195
4,8,MLP,8,12,1,1,164.0156,0.8576459836862182
4,8,MLP,8,12,1,1,165.0181,0.8832098929694524
4,8,MLP,8,12,1,1,166.015,0.8373522935600425
4,8,MLP,8,12,1,1,167.0088,0.9076835657460571
4,8,MLP,8,12,1,1,168.0134,0.8998799712492395
4,8,MLP,8,12,1,1,169.0189,0.8972933255512712
4,8,MLP,8,12,1,1,170.0132,0.8894040855558185
4,8,MLP,8,12,1,1,171.0085,0.9154535785472653
4,8,MLP,8,12,1,1,172.0134,0.9240950403060924
4,8,MLP,8,12,1,1,173.0177,0.9318170509398368
4,8,MLP,8,12,1,1,174.0111,0.923787088261276
4,8,MLP,8,12,1,1,175.0181,0.9485219730069229
4,8,MLP,8,12,1,1,176.0109,0.9184673416606394
4,8,MLP,8,12,1,1,177.017,0.9589112342768283
4,8,MLP,8,12,1,1,178.011,0.9582453150564738
4,8,MLP,8,12,1,1,179.0166,0.9609894188953639
4,8,MLP,8,12,1,1,180.0093,0.962326414169593
4,8,MLP,8,12,1,1,181.0153,0.9633313685653919
4,8,MLP,8,12,1,1,182.0092,0.9675075065777599
4,8,MLP,8,12,1,1,183.0143,0.9644875164169424
4,8,MLP,8,12,1,1,184.0083,0.9581231530980107
4,8,MLP,8,12,1,1,185.0125,0.9604250245751766
4,8,MLP,8,12,1,1,186.0095,0.9623496124951036
4,8,MLP,8,12,1,1,187.0145,0.962312006933177
4,8,MLP,8,12,1,1,188.0086,0.9634899105771394
4,8,MLP,8,12,1,1,189.0136,0.963022261017908
4,8,MLP,8,12,1,1,190.0171,0.9591020500873746
4,8,MLP,8,12,1,1,191.013,0.9638716935948244
4,8,MLP,8,12,1,1,192.0174,0.9640438974040604
4,8,MLP,8,12,1,1,193.0106,0.963606898578954
4,8,MLP,8,12,1,1,194.0183,0.9684525170545498
4,8,MLP,8,12,1,1,195.011,0.9049757780482056
4,8,MLP,8,12,1,1,196.0152,0.7613271302113065
4,8,MLP,8,12,1,1,197.0104,0.8761521932671222
4,8,MLP,8,12,1,1,198.0171,0.8851414385956825
4,8,MLP,8,12,1,1,199.0101,0.8871201621498723
4,8,MLP,8,12,1,1,200.0164,0.881855340143655
4,8,MLP,8,12,1,1,201.0086,0.891007760805513
4,8,MLP,8,12,1,1,202.0159,0.8926001221084484
4,8,MLP,8,12,1,1,203.0097,0.8903132314539643
4,8,MLP,8,12,1,1,204.015,0.8026226884691225
4,8,MLP,8,12,1,1,205.0092,0.8879785757733067
4,8,MLP,8,12,1,1,206.0141,0.8970314214231011
4,8,MLP,8,12,1,1,207.008,0.8751859177421101
4,8,MLP,8,12,1,1,208.0141,0.8710283590155521
4,8,MLP,8,12,1,1,209.0079,0.8813415708057664
4,8,MLP,8,12,1,1,210.0141,0.8710140992529463
4,8,MLP,8,12,1,1,211.0173,0.8683758307087709
4,8,MLP,8,12,1,1,212.0122,0.8732466595838541
4,8,MLP,8,12,1,1,213.0178,0.8826079078188641
4,8,MLP,8,12,1,1,214.0104,0.861327553587759
4,8,MLP,8,12,1,1,215.0173,0.9038608586851271
4,8,MLP,8,12,1,1,216.0121,0.8586673909454933
4,8,MLP,8,12,1,1,217.016,0.9119882744299804
4,8,MLP,8,12,1,1,218.0118,0.8927326543080207
4,8,MLP,8,12,1,1,219.017,0.8895625867914007
4,8,MLP,8,12,1,1,220.0112,0.9051807475019977
4,8,MLP,8,12,1,1,221.0145,0.8082122725821228
4,8,MLP,8,12,1,1,222.0105,0.9028599097746141
4,8,MLP,8,12,1,1,223.0154,0.9004842058610018
4,8,MLP,8,12,1,1,224.0105,0.8951134905961663
4,8,MLP,8,12,1,1,225.0148,0.8906099089607707
4,8,MLP,8,12,1,1,226.0095,0.9017086911113249
4,8,MLP,8,12,1,1,227.0143,0.8829016744307302
4,8,MLP,8,12,1,1,228.0086,0.9151790290134817
4,8,MLP,8,12,1,1,229.0141,0.9181372231803584
4,8,MLP,8,12,1,1,230.0186,0.9305842146958683
4,8,MLP,8,12,1,1,231.0125,0.893409155391706
4,8,MLP,8,12,1,1,232.0178,0.9494343067740802
4,8,MLP,8,12,1,1,233.0099,0.9411949600002837
4,8,MLP,8,12,1,1,234.0176,0.9596117909114636
4,8,MLP,8,12,1,1,235.0116,0.9572213048064817
4,8,MLP,8,12,1,1,236.0172,0.9566401985345314
4,8,MLP,8,12,1,1,237.0101,0.9638901090430023
4,8,MLP,8,12,1,1,238.0155,0.9517530278953003
4,8,MLP,8,12,1,1,239.008,0.9593021407675076
4,8,MLP,8,12,1,1,240.0153,0.9754809600184083
4,8,MLP,8,12,1,1,241.0105,0.9752488145899431
4,8,MLP,8,12,1,1,242.0131,0.9768077233293537
4,8,MLP,8,12,1,1,243.0095,0.9782372403915066
4,8,MLP,8,12,1,1,244.014,0.9808736757519445
4,8,MLP,8,12,1,1,245.0085,0.9056228149144102
4,8,MLP,8,12,1,1,246.0148,0.9200211282606658
4,8,MLP,8,12,1,1,247.009,0.9257167836875234
4,8,MLP,8,12,1,1,248.0144,0.9301470627650429
4,8,MLP,8,12,1,1,249.0175,0.9627172301985576
4,8,MLP,8,12,1,1,250.0134,0.9396555114625622
4,8,MLP,8,12,1,1,251.0181,0.9145270793548258
4,8,MLP,8,12,1,1,252.0121,0.9387832707112956
4,8,MLP,8,12,1,1,253.0182,0.9558765445379327
4,8,MLP,8,12,1,1,254.0107,0.9582092339463663
4,8,MLP,8,12,1,1,255.0149,0.9494787990315917
4,8,MLP,8,12,1,1,256.0111,0.8824386173863283
4,8,MLP,8,12,1,1,257.0152,0.9490635513440708
4,8,MLP,8,12,1,1,258.0106,0.9549670928082785
4,8,MLP,8,12,1,1,259.0168,0.955213189625267
4,8,MLP,8,12,1,1,260.0113,0.95653740983263
4,8,MLP,8,12,1,1,261.0168,0.965837144193505
4,8,MLP,8,12,1,1,262.0091,0.9322904136052855
4,8,MLP,8,12,1,1,263.015,0.9456584579573997
4,8,MLP,8,12,1,1,264.0086,0.9452502148545784
4,8,MLP,8,12,1,1,265.0153,0.9452984245968482
4,8,MLP,8,12,1,1,266.0085,0.9408055679861894
4,8,MLP,8,12,1,1,267.0125,0.9508058933275664
4,8,MLP,8,12,1,1,268.0091,0.9066634104039516
4,8,MLP,8,12,1,1,269.0128,0.9367181448385293
4,8,MLP,8,12,1,1,270.0084,0.9357317640017353
4,8,MLP,8,12,1,1,271.0146,0.9284878342295885
4,8,MLP,8,12,1,1,272.0173,0.9348531567964038
4,8,MLP,8,12,1,1,273.0097,0.910714951763525
4,8,MLP,8,12,1,1,274.0183,0.9488408416734718
4,8,MLP,8,12,1,1,275.0115,0.9272429836596462
4,8,MLP,8,12,1,1,276.0151,0.9475367753861184
4,8,MLP,8,12,1,1,277.0096,0.9340851439056971
4,8,MLP,8,12,1,1,278.0158,0.9579633973354902
4,8,MLP,8,12,1,1,279.0106,0.9447692351920092
4,8,MLP,8,12,1,1,280.0164,0.9631396639363993
4,8,MLP,8,12,1,1,281.0103,0.9574164803347912
4,8,MLP,8,12,1,1,282.0149,0.9639492223325168
4,8,MLP,8,12,1,1,283.009,0.9631228149846035
4,8,MLP,8,12,1,1,284.0134,0.97045215458887
4,8,MLP,8,12,1,1,285.0092,0.948325507081807
4,8,MLP,8,12,1,1,286.0143,0.973488305726311
4,8,MLP,8,12,1,1,287.0086,0.9774033106500115
4,8,MLP,8,12,1,1,288.0116,0.9763855876650114
4,8,MLP,8,12,1,1,289.0082,0.9828566546774543
4,8,MLP,8,12,1,1,290.0127,0.9795925772399979
4,8,MLP,8,12,1,1,291.0188,0.985514166871476
4,8,MLP,8,12,1,1,292.0116,0.9838015832754249
4,8,MLP,8,12,1,1,293.0168,0.9896654641345028
4,8,MLP,8,12,1,1,294.0131,0.9900266234277242
4,8,MLP,8,12,1,1,295.0175,0.9839517761061979
4,8,MLP,8,12,1,1,296.0116,0.9914026369563446
4,8,MLP,8,12,1,1,297.0178,0.993353420336354
4,8,MLP,8,12,1,1,298.0087,0.9929120926219297
4,8,MLP,8,12,1,1,299.016,0.9951150524244291
4,8,MLP,8,12,1,1,300.0092,0.9949876151236614
4,8,MLP,8,12,1,1,301.0147,0.9960098731845388
4,8,Clock,4,5,0,0,0.0112268,0.20983399508308143
4,8,Clock,4,5,0,0,1.010952,0.21129606959647496
4,8,Clock,4,5,0,0,2.01688,0.21277472931488306
4,8,Clock,4,5,0,0,3.010709,0.21424300533722446
4,8,Clock,4,5,0,0,4.015441,0.21573486627280303
4,8,Clock,4,5,0,0,5.010154,0.21721925489967472
4,8,Clock,4,5,0,0,6.01441,0.218725356518973
4,8,Clock,4,5,0,0,7.008793,0.22022404508757157
4,8,Clock,4,5,0,0,8.014668,0.22174753747732182
4,8,Clock,4,5,0,0,9.007746,0.22325902429041805
4,8,Clock,4,5,0,0,10.01372,0.2247976102753474
4,8,Clock,4,5,0,0,11.00726,0.22632455521126185
4,8,Clock,4,5,0,0,12.01249,0.22787691783443997
4,8,Clock,4,5,0,0,13.00669,0.22941961393252042
4,8,Clock,4,5,0,0,14.01282,0.23098827446067485
4,8,Clock,4,5,0,0,15.00744,0.23254634906689187
4,8,Clock,4,5,0,0,16.01075,0.2341254441084973
4,8,Clock,4,5,0,0,17.01668,0.2357161208719301
4,8,Clock,4,5,0,0,18.0118,0.23729704421702627
4,8,Clock,4,5,0,0,19.01557,0.23889909052617322
4,8,Clock,4,5,0,0,20.00926,0.24049234539401493
4,8,Clock,4,5,0,0,21.01652,0.24211475107137256
4,8,Clock,4,5,0,0,22.00971,0.24372177384869978
4,8,Clock,4,5,0,0,23.01418,0.24535438206627602
4,8,Clock,4,5,0,0,24.00919,0.24697887782104874
4,8,Clock,4,5,0,0,25.01588,0.24862978367738509
4,8,Clock,4,5,0,0,26.00942,0.25026634623824584
4,8,Clock,4,5,0,0,27.01412,0.25192857322113793
4,8,Clock,4,5,0,0,28.00889,0.25358157003556786
4,8,Clock,4,5,0,0,29.01367,0.25525845340098585
4,8,Clock,4,5,0,0,30.00709,0.25692352663724294
4,8,Clock,4,5,0,0,31.01377,0.2586180573270774
4,8,Clock,4,5,0,0,32.00727,0.26029752489955577
4,8,Clock,4,5,0,0,33.01159,0.26200244532143624
4,8,Clock,4,5,0,0,34.00792,0.2637009058217933
4,8,Clock,4,5,0,0,35.01075,0.26541756726222027
4,8,Clock,4,5,0,0,36.00707,0.26713013342734804
4,8,Clock,4,5,0,0,37.01272,0.2688658426672606
4,8,Clock,4,5,0,0,38.01709,0.2706064463572086
4,8,Clock,4,5,0,0,39.01067,0.2723353049825959
4,8,Clock,4,5,0,0,40.01581,0.2740912915440545
4,8,Clock,4,5,0,0,41.01084,0.275836548897483
4,8,Clock,4,5,0,0,42.01547,0.27760559650829514
4,8,Clock,4,5,0,0,43.01104,0.279365571868483
4,8,Clock,4,5,0,0,44.01458,0.28114653231450576
4,8,Clock,4,5,0,0,45.00882,0.2829177883677871
4,8,Clock,4,5,0,0,46.01222,0.28471219447036833
4,8,Clock,4,5,0,0,47.00699,0.28649791524274504
4,8,Clock,4,5,0,0,48.01369,0.2883118625661591
4,8,Clock,4,5,0,0,49.00858,0.2901112178004173
4,8,Clock,4,5,0,0,50.01452,0.291937294443068
4,8,Clock,4,5,0,0,51.00806,0.2937474791067007
4,8,Clock,4,5,0,0,52.01318,0.29558541114284415
4,8,Clock,4,5,0,0,53.00839,0.2974117796688226
4,8,Clock,4,5,0,0,54.01276,0.2992615442722903
4,8,Clock,4,5,0,0,55.0175,0.30111856795026176
4,8,Clock,4,5,0,0,56.01182,0.3029627692471025
4,8,Clock,4,5,0,0,57.00686,0.3048146762177168
4,8,Clock,4,5,0,0,58.01109,0.3066901210939241
4,8,Clock,4,5,0,0,59.01705,0.3085752341556556
4,8,Clock,4,5,0,0,60.01059,0.31044334498482984
4,8,Clock,4,5,0,0,61.01579,0.31233969296830266
4,8,Clock,4,5,0,0,62.00929,0.3142201644805428
4,8,Clock,4,5,0,0,63.01626,0.31613237308383774
4,8,Clock,4,5,0,0,64.01065,0.318026821879847
4,8,Clock,4,5,0,0,65.01405,0.31994456038564684
4,8,Clock,4,5,0,0,66.00948,0.32185309496777836
4,8,Clock,4,5,0,0,67.01539,0.3237877724645836
4,8,Clock,4,5,0,0,68.00793,0.3257026653798146
4,8,Clock,4,5,0,0,69.014,0.32764962800677866
4,8,Clock,4,5,0,0,70.00879,0.3295806038851322
4,8,Clock,4,5,0,0,71.01364,0.3315369698170048
4,8,Clock,4,5,0,0,72.00794,0.3334785375509978
4,8,Clock,4,5,0,0,73.01243,0.3354457459896455
4,8,Clock,4,5,0,0,74.01789,0.33742060523502504
4,8,Clock,4,5,0,0,75.01195,0.3393786541158748
4,8,Clock,4,5,0,0,76.01669,0.34136335514828775
4,8,Clock,4,5,0,0,77.01137,0.3433336538606951
4,8,Clock,4,5,0,0,78.01778,0.3453327017762824
4,8,Clock,4,5,0,0,79.00958,0.3473081085176261
4,8,Clock,4,5,0,0,80.01713,0.3493202607697832
4,8,Clock,4,5,0,0,81.01,0.3513083788397502
4,8,Clock,4,5,0,0,82.01595,0.353327955377788
4,8,Clock,4,5,0,0,83.00983,0.35532844122371926
4,8,Clock,4,5,0,0,84.01365,0.35735409593808964
4,8,Clock,4,5,0,0,85.00916,0.35936803192992645
4,8,Clock,4,5,0,0,86.01279,0.36140340271889265
4,8,Clock,4,5,0,0,87.00995,0.36343060815182343
4,8,Clock,4,5,0,0,88.01443,0.36547760507751925
4,8,Clock,4,5,0,0,89.00826,0.3675077088423921
4,8,Clock,4,5,0,0,90.01387,0.3695666524380624
4,8,Clock,4,5,0,0,91.00777,0.3716062929078631
4,8,Clock,4,5,0,0,92.01324,0.3736743498890396
4,8,Clock,4,5,0,0,93.00788,0.37572469268778225
4,8,Clock,4,5,0,0,94.01026,0.3777954992593197
4,8,Clock,4,5,0,0,95.00691,0.3798588991454741
4,8,Clock,4,5,1,1,96.01107,0.38194224284705275
4,8,Clock,4,5,1,1,97.01478,0.3840290000962969
4,8,Clock,4,5,1,1,98.00982,0.38610196165680083
4,8,Clock,4,5,1,1,99.0165,0.3882033885625282
4,8,Clock,4,5,1,1,100.0108,0.3902830566585228
4,8,Clock,4,5,1,1,101.0142,0.3923857968622638
4,8,Clock,4,5,1,1,102.0099,0.3944763741583962
4,8,Clock,4,5,1,1,103.0166,0.3965939670516395
4,8,Clock,4,5,1,1,104.0105,0.39868843960692985
4,8,Clock,4,5,1,1,105.0166,0.40081241915749244
4,8,Clock,4,5,1,1,106.0182,0.40293060394495245
4,8,Clock,4,5,1,1,107.0155,0.4050432924101807
4,8,Clock,4,5,1,1,108.0081,0.40714952362848145
4,8,Clock,4,5,1,1,109.0137,0.4092868266316356
4,8,Clock,4,5,1,1,110.0078,0.4114030516204399
4,8,Clock,4,5,1,1,111.0129,0.41354604959335833
4,8,Clock,4,5,1,1,112.0085,0.4156720122331658
4,8,Clock,4,5,1,1,113.0132,0.4178205966838962
4,8,Clock,4,5,1,1,114.0183,0.41997317153546954
4,8,Clock,4,5,1,1,115.0109,0.4221019584814971
4,8,Clock,4,5,1,1,116.0171,0.4242628610726615
4,8,Clock,4,5,1,1,117.0108,0.4263997877468138
4,8,Clock,4,5,1,1,118.017,0.4285663758249486
4,8,Clock,4,5,1,1,119.0105,0.43070831828980227
4,8,Clock,4,5,1,1,120.017,0.43288093626116303
4,8,Clock,4,5,1,1,121.0103,0.43502759724364
4,8,Clock,4,5,1,1,122.0142,0.4371996383170119
4,8,Clock,4,5,1,1,123.0111,0.43935892839155166
4,8,Clock,4,5,1,1,124.0154,0.4415365715662125
4,8,Clock,4,5,1,1,125.0098,0.44369496011422377
4,8,Clock,4,5,1,1,126.016,0.4458811154876508
4,8,Clock,4,5,1,1,127.0077,0.4480378268419028
4,8,Clock,4,5,1,1,128.0149,0.4502302389411753
4,8,Clock,4,5,1,1,129.0092,0.4523964993710799
4,8,Clock,4,5,1,1,130.0139,0.454587231836209
4,8,Clock,4,5,1,1,131.0076,0.4567557065274677
4,8,Clock,4,5,1,1,132.0115,0.4589481230288982
4,8,Clock,4,5,1,1,133.0071,0.4611239492261643
4,8,Clock,4,5,1,1,134.0139,0.4633257930319749
4,8,Clock,4,5,1,1,135.0174,0.46552181953825766
4,8,Clock,4,5,1,1,136.0132,0.4677023386894137
4,8,Clock,4,5,1,1,137.0163,0.4699000766654588
4,8,Clock,4,5,1,1,138.0116,0.4720818858235581
4,8,Clock,4,5,1,1,139.0176,0.47428822670104376
4,8,Clock,4,5,1,1,140.0102,0.47646616976729256
4,8,Clock,4,5,1,1,141.0144,0.47867050237636194
4,8,Clock,4,5,1,1,142.0095,0.4808556587780169
4,8,Clock,4,5,1,1,143.0164,0.483067461420557
4,8,Clock,4,5,1,1,144.0101,0.4852509217922113
4,8,Clock,4,5,1,1,145.0154,0.4874604363676159
4,8,Clock,4,5,1,1,146.0091,0.4896449448993745
4,8,Clock,4,5,1,1,147.0136,0.4918536045581676
4,8,Clock,4,5,1,1,148.0082,0.4940408036130953
4,8,Clock,4,5,1,1,149.0152,0.4962555151455932
4,8,Clock,4,5,1,1,150.0077,0.4984384900395792
4,8,Clock,4,5,1,1,151.0137,0.5006511932188473
4,8,Clock,4,5,1,1,152.0168,0.5028574943222454
4,8,Clock,4,5,1,1,153.0125,0.505047408248356
4,8,Clock,4,5,1,1,154.0174,0.5072573621539629
4,8,Clock,4,5,1,1,155.0128,0.5094461643904301
4,8,Clock,4,5,1,1,156.0177,0.5116554687519476
4,8,Clock,4,5,1,1,157.0102,0.513837052872831
4,8,Clock,4,5,1,1,158.0163,0.5160480163937607
4,8,Clock,4,5,1,1,159.0115,0.5182344205077104
4,8,Clock,4,5,1,1,160.0177,0.5204442508610897
4,8,Clock,4,5,1,1,161.0104,0.5226236734944503
4,8,Clock,4,5,1,1,162.0165,0.5248315963829495
4,8,Clock,4,5,1,1,163.0099,0.5270107403464224
4,8,Clock,4,5,1,1,164.0155,0.5292155802326403
4,8,Clock,4,5,1,1,165.0094,0.5313936401213463
4,8,Clock,4,5,1,1,166.0161,0.5335985359832527
4,8,Clock,4,5,1,1,167.0091,0.535772135694064
4,8,Clock,4,5,1,1,168.0139,0.5379702045204453
4,8,Clock,4,5,1,1,169.0086,0.54014472346412
4,8,Clock,4,5,1,1,170.0137,0.5423404069334905
4,8,Clock,4,5,1,1,171.0075,0.5445098078919283
4,8,Clock,4,5,1,1,172.0139,0.546704968157415
4,8,Clock,4,5,1,1,173.0076,0.5488706569449644
4,8,Clock,4,5,1,1,174.0126,0.5510591061384343
4,8,Clock,4,5,1,1,175.0179,0.5532462106437918
4,8,Clock,4,5,1,1,176.0124,0.5554078193029709
4,8,Clock,4,5,1,1,177.0172,0.5575896538826051
4,8,Clock,4,5,1,1,178.0104,0.559744158336095
4,8,Clock,4,5,1,1,179.0168,0.5619249673761852
4,8,Clock,4,5,1,1,180.0106,0.5640761525309314
4,8,Clock,4,5,1,1,181.0163,0.5662506145863474
4,8,Clock,4,5,1,1,182.0099,0.5683964453175844
4,8,Clock,4,5,1,1,183.0135,0.5705612570051997
4,8,Clock,4,5,1,1,184.0087,0.5727052713188723
4,8,Clock,4,5,1,1,185.0154,0.5748712961657649
4,8,Clock,4,5,1,1,186.0081,0.5770044041106831
4,8,Clock,4,5,1,1,187.016,0.5791672348252667
4,8,Clock,4,5,1,1,188.0089,0.5812948793438384
4,8,Clock,4,5,1,1,189.0137,0.5834449861993061
4,8,Clock,4,5,1,1,190.0086,0.5855707796139271
4,8,Clock,4,5,1,1,191.0144,0.5877166168485897
4,8,Clock,4,5,1,1,192.0072,0.5898314539104931
4,8,Clock,4,5,1,1,193.0135,0.5919716724676891
4,8,Clock,4,5,1,1,194.0179,0.5941043618026741
4,8,Clock,4,5,1,1,195.013,0.5962138248569484
4,8,Clock,4,5,1,1,196.0172,0.5983389664522496
4,8,Clock,4,5,1,1,197.0123,0.6004412229292628
4,8,Clock,4,5,1,1,198.0175,0.6025610688005373
4,8,Clock,4,5,1,1,199.0116,0.604653710146386
4,8,Clock,4,5,1,1,200.0164,0.606765010673585
4,8,Clock,4,5,1,1,201.0108,0.6088505252657516
4,8,Clock,4,5,1,1,202.0157,0.6109540253594753
4,8,Clock,4,5,1,1,203.0093,0.6130298043420147
4,8,Clock,4,5,1,1,204.016,0.6151288187483618
4,8,Clock,4,5,1,1,205.009,0.6171950425560639
4,8,Clock,4,5,1,1,206.0156,0.6192852417729258
4,8,Clock,4,5,1,1,207.0176,0.6213615225626319
4,8,Clock,4,5,1,1,208.0142,0.623422239946581
4,8,Clock,4,5,1,1,209.008,0.6254726840153443
4,8,Clock,4,5,1,1,210.014,0.627543768336065
4,8,Clock,4,5,1,1,211.0073,0.6295840716840571
4,8,Clock,4,5,1,1,212.0144,0.6316480589092163
4,8,Clock,4,5,1,1,213.0071,0.6336777880047316
4,8,Clock,4,5,1,1,214.0131,0.635729924144062
4,8,Clock,4,5,1,1,215.0179,0.6377746545061992
4,8,Clock,4,5,1,1,216.013,0.6397947644859654
4,8,Clock,4,5,1,1,217.0178,0.6418295638729464
4,8,Clock,4,5,1,1,218.0116,0.6438370410023656
4,8,Clock,4,5,1,1,219.016,0.6458608467179536
4,8,Clock,4,5,1,1,220.0108,0.6478601472434786
4,8,Clock,4,5,1,1,221.0161,0.6498752960742372
4,8,Clock,4,5,1,1,222.0095,0.6518613768429173
4,8,Clock,4,5,1,1,223.0147,0.6538656490670234
4,8,Clock,4,5,1,1,224.0093,0.6558434452060395
4,8,Clock,4,5,1,1,225.0162,0.6578402402800758
4,8,Clock,4,5,1,1,226.0088,0.6598031941575189
4,8,Clock,4,5,1,1,227.0151,0.6617876605295381
4,8,Clock,4,5,1,1,228.0091,0.6637422706212411
4,8,Clock,4,5,1,1,229.0138,0.6657122638290168
4,8,Clock,4,5,1,1,230.0083,0.6676565958332453
4,8,Clock,4,5,1,1,231.0125,0.6696140914029777
4,8,Clock,4,5,1,1,232.0183,0.6715688381086132
4,8,Clock,4,5,1,1,233.0139,0.6734979386787927
4,8,Clock,4,5,1,1,234.0073,0.6754169172360853
4,8,Clock,4,5,1,1,235.0123,0.6773523484043008
4,8,Clock,4,5,1,1,236.016,0.6792792329506123
4,8,Clock,4,5,1,1,237.0108,0.6811829997682484
4,8,Clock,4,5,1,1,238.017,0.6831024473820849
4,8,Clock,4,5,1,1,239.0087,0.6849881636323739
4,8,Clock,4,5,1,1,240.0161,0.6868975132182854
4,8,Clock,4,5,1,1,241.01,0.6887750797086483
4,8,Clock,4,5,1,1,242.016,0.690669231306411
4,8,Clock,4,5,1,1,243.0107,0.6925357905760491
4,8,Clock,4,5,1,1,244.0154,0.6944147586732738
4,8,Clock,4,5,1,1,245.0092,0.6962670092731565
4,8,Clock,4,5,1,1,246.0161,0.698137188385187
4,8,Clock,4,5,1,1,247.0085,0.6999740306721899
4,8,Clock,4,5,1,1,248.0154,0.701831159177863
4,8,Clock,4,5,1,1,249.0085,0.7036563526962674
4,8,Clock,4,5,1,1,250.0141,0.7054979069055222
4,8,Clock,4,5,1,1,251.0076,0.7073107381902017
4,8,Clock,4,5,1,1,252.0128,0.7091382502116927
4,8,Clock,4,5,1,1,253.0088,0.7109423789460695
4,8,Clock,4,5,1,1,254.0108,0.7127506522244441
4,8,Clock,4,5,1,1,255.0078,0.7145431738265154
4,8,Clock,4,5,1,1,256.012,0.7163418371897382
4,8,Clock,4,5,1,1,257.0182,0.7181371976635518
4,8,Clock,4,5,1,1,258.0112,0.7199022495633737
4,8,Clock,4,5,1,1,259.0172,0.7216835068844338
4,8,Clock,4,5,1,1,260.0108,0.723435924496928
4,8,Clock,4,5,1,1,261.017,0.7252036086728587
4,8,Clock,4,5,1,1,262.0099,0.7269410223198725
4,8,Clock,4,5,1,1,263.0157,0.7286940149916405
4,8,Clock,4,5,1,1,264.0089,0.7304181454437121
4,8,Clock,4,5,1,1,265.0158,0.7321589358591356
4,8,Clock,4,5,1,1,266.0085,0.7338681973415333
4,8,Clock,4,5,1,1,267.0144,0.7355930507320877
4,8,Clock,4,5,1,1,268.0078,0.7372894566965261
4,8,Clock,4,5,1,1,269.0122,0.738997484767334
4,8,Clock,4,5,1,1,270.0178,0.7407003246877274
4,8,Clock,4,5,1,1,271.0129,0.7423783147235278
4,8,Clock,4,5,1,1,272.0069,0.744047306424725
4,8,Clock,4,5,1,1,273.0135,0.7457302162338272
4,8,Clock,4,5,1,1,274.0166,0.7474000386451922
4,8,Clock,4,5,1,1,275.0122,0.7490501696646918
4,8,Clock,4,5,1,1,276.0172,0.750708593392514
4,8,Clock,4,5,1,1,277.0125,0.7523437724676474
4,8,Clock,4,5,1,1,278.0169,0.753986582747808
4,8,Clock,4,5,1,1,279.0107,0.7556048307150703
4,8,Clock,4,5,1,1,280.0169,0.7572359013343036
4,8,Clock,4,5,1,1,281.0101,0.7588386292471084
4,8,Clock,4,5,1,1,282.0158,0.7604541772729201
4,8,Clock,4,5,1,1,283.0089,0.7620421888554321
4,8,Clock,4,5,1,1,284.0149,0.7636433967070166
4,8,Clock,4,5,1,1,285.0083,0.7652172759521234
4,8,Clock,4,5,1,1,286.0139,0.7668030326497516
4,8,Clock,4,5,1,1,287.0074,0.7683623975390432
4,8,Clock,4,5,1,1,288.0117,0.7699313007938802
4,8,Clock,4,5,1,1,289.007,0.7714787742248855
4,8,Clock,4,5,1,1,290.0117,0.7730334173419061
4,8,Clock,4,5,1,1,291.008,0.7745676819424135
4,8,Clock,4,5,1,1,292.0127,0.776107409566959
4,8,Clock,4,5,1,1,293.017,0.7776390361714999
4,8,Clock,4,5,1,1,294.0127,0.7791501378966221
4,8,Clock,4,5,1,1,295.0174,0.7806674296171449
4,8,Clock,4,5,1,1,296.0103,0.7821595532133357
4,8,Clock,4,5,1,1,297.017,0.7836648690065708
4,8,Clock,4,5,1,1,298.0103,0.7851428020343373
4,8,Clock,4,5,1,1,299.0154,0.7866307832228654
4,8,Clock,4,5,1,1,300.0082,0.788093170770222
4,8,Clock,4,5,1,1,301.0146,0.7895680693481056
4,8,Clock,4,6,0,0,0.0,0.20981761842048255
4,8,Clock,4,6,0,0,1.00495,0.2112872696751778
4,8,Clock,4,6,0,0,1.998281,0.21274732135585275
4,8,Clock,4,6,0,0,3.004618,0.21423398395836493
4,8,Clock,4,6,0,0,3.999141,0.21571060353397079
4,8,Clock,4,6,0,0,5.003382,0.21720912493763897
4,8,Clock,4,6,0,0,5.998161,0.2187009275855574
4,8,Clock,4,6,0,0,7.000859,0.22021205807204722
4,8,Clock,4,6,0,0,7.997983,0.2217222043918922
4,8,Clock,4,6,0,0,9.002149,0.22325048481528156
4,8,Clock,4,6,0,0,9.996326,0.224770944546225
4,8,Clock,4,6,0,0,11.00007,0.22631347770347515
4,8,Clock,4,6,0,0,11.99659,0.22785230442150287
4,8,Clock,4,6,0,0,13.00098,0.22941073338793821
4,8,Clock,4,6,0,0,13.99541,0.23096106635059863
4,8,Clock,4,6,0,0,14.99912,0.23253328565605935
4,8,Clock,4,6,0,0,15.99681,0.2341034534573228
4,8,Clock,4,6,0,0,16.99845,0.23568722669384215
4,8,Clock,4,6,0,0,18.00539,0.23728683652449445
4,8,Clock,4,6,0,0,18.9994,0.2388732231868022
4,8,Clock,4,6,0,0,20.00367,0.24048336156593325
4,8,Clock,4,6,0,0,20.99707,0.24208335352556581
4,8,Clock,4,6,0,0,22.00514,0.2437143628624035
4,8,Clock,4,6,0,0,22.99883,0.2453293801276402
4,8,Clock,4,6,0,0,24.00393,0.24697027038327413
4,8,Clock,4,6,0,0,24.99814,0.2486006270372063
4,8,Clock,4,6,0,0,26.00431,0.25025791104491285
4,8,Clock,4,6,0,0,26.99778,0.2519014805692837
4,8,Clock,4,6,0,0,28.00385,0.25357317841471566
4,8,Clock,4,6,0,0,28.99657,0.2552298552626115
4,8,Clock,4,6,0,0,30.00375,0.2569179169561254
4,8,Clock,4,6,0,0,30.99679,0.25858941617239467
4,8,Clock,4,6,0,0,32.00263,0.2602896605795563
4,8,Clock,4,6,0,0,32.99657,0.26197689715337
4,8,Clock,4,6,0,0,34.00122,0.26368946302748614
4,8,Clock,4,6,0,0,35.00551,0.2654085764282651
4,8,Clock,4,6,0,0,36.00011,0.26711814903195313
4,8,Clock,4,6,0,0,36.99636,0.26883755346010374
4,8,Clock,4,6,0,0,38.00019,0.2705771011816243
4,8,Clock,4,6,0,0,39.00475,0.27232498284706713
4,8,Clock,4,6,0,0,39.99985,0.27406335973437707
4,8,Clock,4,6,0,0,41.00478,0.2758258963161717
4,8,Clock,4,6,0,0,41.99879,0.277576171519198
4,8,Clock,4,6,0,0,42.99495,0.27933707293282933
4,8,Clock,4,6,0,0,43.99932,0.2811194011725068
4,8,Clock,4,6,0,0,45.00479,0.28291059822490755
4,8,Clock,4,6,0,0,45.99848,0.28468758249617765
4,8,Clock,4,6,0,0,47.00407,0.2864926668840728
4,8,Clock,4,6,0,0,47.99735,0.2882823616011799
4,8,Clock,4,6,0,0,49.00396,0.2901028474620627
4,8,Clock,4,6,0,0,49.99818,0.29190758160582875
4,8,Clock,4,6,0,0,51.00159,0.2937356703915023
4,8,Clock,4,6,0,0,51.99651,0.2955548740638039
4,8,Clock,4,6,0,0,53.00211,0.29740023632210927
4,8,Clock,4,6,0,0,53.99723,0.29923289300772776
4,8,Clock,4,6,0,0,55.00178,0.30108946215658244
4,8,Clock,4,6,0,0,55.99569,0.30293279705437726
4,8,Clock,4,6,0,0,56.99967,0.3048012704959851
4,8,Clock,4,6,0,0,57.99514,0.30666028490819697
4,8,Clock,4,6,0,0,59.0001,0.30854341304097804
4,8,Clock,4,6,0,0,60.00412,0.3104311601061216
4,8,Clock,4,6,0,0,60.99954,0.3123089853013252
4,8,Clock,4,6,0,0,62.00455,0.31421118223888034
4,8,Clock,4,6,0,0,62.99667,0.31609511543524965
4,8,Clock,4,6,0,0,64.00391,0.31801395253748055
4,8,Clock,4,6,0,0,64.99876,0.3199152783922956
4,8,Clock,4,6,0,0,66.00466,0.3218438357775748
4,8,Clock,4,6,0,0,66.99519,0.32374887139500075
4,8,Clock,4,6,0,0,68.00278,0.3256927147439385
4,8,Clock,4,6,0,0,68.99691,0.327616505757017
4,8,Clock,4,6,0,0,70.00152,0.3295664695912366
4,8,Clock,4,6,0,0,70.99718,0.3315048681241866
4,8,Clock,4,6,0,0,72.00053,0.33346403577111394
4,8,Clock,4,6,0,0,72.99554,0.3354126178184299
4,8,Clock,4,6,0,0,74.00175,0.3373888516404325
4,8,Clock,4,6,0,0,74.99531,0.3393458324731394
4,8,Clock,4,6,0,0,76.00156,0.34133341368532794
4,8,Clock,4,6,0,0,76.9957,0.3433025703596862
4,8,Clock,4,6,0,0,77.99854,0.34529444595164854
4,8,Clock,4,6,1,1,79.00594,0.34730085051482135
4,8,Clock,4,6,1,1,79.99966,0.34928532307729254
4,8,Clock,4,6,1,1,81.0055,0.35129935369894427
4,8,Clock,4,6,1,1,81.99766,0.35329117817049027
4,8,Clock,4,6,1,1,83.00455,0.35531780103347654
4,8,Clock,4,6,1,1,83.99812,0.3573227266838122
4,8,Clock,4,6,1,1,85.00332,0.35935619466376945
4,8,Clock,4,6,1,1,85.9983,0.36137398467004717
4,8,Clock,4,6,1,1,87.00482,0.36342017269208704
4,8,Clock,4,6,1,1,87.99602,0.36544004440849653
4,8,Clock,4,6,1,1,89.00328,0.3674975203462636
4,8,Clock,4,6,1,1,89.99747,0.36953302916608183
4,8,Clock,4,6,1,1,91.00337,0.37159726446299673
4,8,Clock,4,6,1,1,91.99653,0.3736399460212187
4,8,Clock,4,6,1,1,93.00198,0.3757125224146755
4,8,Clock,4,6,1,1,93.99605,0.3777661042311105
4,8,Clock,4,6,1,1,95.0014,0.37984748284933934
4,8,Clock,4,6,1,1,95.99513,0.38190914225657335
4,8,Clock,4,6,1,1,97.00123,0.3840008007539543
4,8,Clock,4,6,1,1,98.00561,0.3860931792563779
4,8,Clock,4,6,1,1,99.00047,0.3881698948468492
4,8,Clock,4,6,1,1,100.0045,0.39026986306492284
4,8,Clock,4,6,1,1,100.9993,0.3923545421829254
4,8,Clock,4,6,1,1,102.0045,0.3944650224583781
4,8,Clock,4,6,1,1,102.9964,0.39655143234080953
4,8,Clock,4,6,1,1,104.0036,0.3986738924979431
4,8,Clock,4,6,1,1,104.998,0.400773117726861
4,8,Clock,4,6,1,1,106.0024,0.4028971608055215
4,8,Clock,4,6,1,1,106.9969,0.4050038565337528
4,8,Clock,4,6,1,1,108.0033,0.40713933241773126
4,8,Clock,4,6,1,1,108.9968,0.4092508806762652
4,8,Clock,4,6,1,1,110.0023,0.411391332455867
4,8,Clock,4,6,1,1,110.9956,0.41350912864381467
4,8,Clock,4,6,1,1,112.0019,0.41565790963313654
4,8,Clock,4,6,1,1,112.9961,0.4177840068107039
4,8,Clock,4,6,1,1,114.0015,0.41993716680681287
4,8,Clock,4,6,1,1,114.9951,0.4220680489553587
4,8,Clock,4,6,1,1,115.9994,0.4242248228812804
4,8,Clock,4,6,1,1,116.9956,0.42636706821799975
4,8,Clock,4,6,1,1,118.0012,0.4285323320738068
4,8,Clock,4,6,1,1,119.0061,0.430698838097366
4,8,Clock,4,6,1,1,119.9999,0.4328440080803794
4,8,Clock,4,6,1,1,121.005,0.4350161314197544
4,8,Clock,4,6,1,1,121.9982,0.43716500401112385
4,8,Clock,4,6,1,1,123.0025,0.4393402944801673
4,8,Clock,4,6,1,1,123.9976,0.4414979405593129
4,8,Clock,4,6,1,1,125.0031,0.44368039671824966
4,8,Clock,4,6,1,1,125.9979,0.44584177762971905
4,8,Clock,4,6,1,1,127.0042,0.4480302241652884
4,8,Clock,4,6,1,1,127.9954,0.45018778867271153
4,8,Clock,4,6,1,1,129.0022,0.45238123409741887
4,8,Clock,4,6,1,1,129.9973,0.4545510178543892
4,8,Clock,4,6,1,1,131.0019,0.45674328157381044
4,8,Clock,4,6,1,1,131.9967,0.4589157875237871
4,8,Clock,4,6,1,1,133.0011,0.4611108391277398
4,8,Clock,4,6,1,1,133.9959,0.46328640317393327
4,8,Clock,4,6,1,1,135.0006,0.46548504367649396
4,8,Clock,4,6,1,1,135.9956,0.46766380336972296
4,8,Clock,4,6,1,1,137.0,0.46986436251150915
4,8,Clock,4,6,1,1,137.9949,0.4720452836250234
4,8,Clock,4,6,1,1,139.0005,0.47425073681488494
4,8,Clock,4,6,1,1,140.005,0.47645478398166685
4,8,Clock,4,6,1,1,141.0011,0.47864128964968095
4,8,Clock,4,6,1,1,142.0049,0.4808455379232479
4,8,Clock,4,6,1,1,143.0005,0.4830325300137901
4,8,Clock,4,6,1,1,144.0034,0.48523620091057984
4,8,Clock,4,6,1,1,144.9979,0.4874219650485172
4,8,Clock,4,6,1,1,146.0038,0.4896333038885616
4,8,Clock,4,6,1,1,146.9981,0.4918195146631493
4,8,Clock,4,6,1,1,148.0031,0.4940295955028102
4,8,Clock,4,6,1,1,148.9964,0.4962141691151595
4,8,Clock,4,6,1,1,150.0031,0.4984283544172494
4,8,Clock,4,6,1,1,150.998,0.5006166579837714
4,8,Clock,4,6,1,1,152.0034,0.5028280278451046
4,8,Clock,4,6,1,1,152.9952,0.5050093527977843
4,8,Clock,4,6,1,1,154.0003,0.5072197806003126
4,8,Clock,4,6,1,1,154.9953,0.5094076824686324
4,8,Clock,4,6,1,1,156.0001,0.5116167927324666
4,8,Clock,4,6,1,1,156.995,0.513803650667084
4,8,Clock,4,6,1,1,157.9995,0.5160111026182285
4,8,Clock,4,6,1,1,158.9955,0.5181992607108762
4,8,Clock,4,6,1,1,160.0004,0.5204062550732427
4,8,Clock,4,6,1,1,161.0052,0.5226122522739418
4,8,Clock,4,6,1,1,161.9997,0.5247947356326566
4,8,Clock,4,6,1,1,163.0055,0.5270010692263691
4,8,Clock,4,6,1,1,163.9982,0.529177650706247
4,8,Clock,4,6,1,1,165.0044,0.5313826751700695
4,8,Clock,4,6,1,1,165.9982,0.5335593453234928
4,8,Clock,4,6,1,1,167.0028,0.5357583789032236
4,8,Clock,4,6,1,1,167.9974,0.5379341330352704
4,8,Clock,4,6,1,1,169.0004,0.540126783458362
4,8,Clock,4,6,1,1,169.9961,0.5423019538721435
4,8,Clock,4,6,1,1,171.0027,0.5444993196224018
4,8,Clock,4,6,1,1,171.9965,0.546667041054872
4,8,Clock,4,6,1,1,173.0008,0.5488558312537503
4,8,Clock,4,6,1,1,173.9957,0.5510223069585718
4,8,Clock,4,6,1,1,175.0005,0.5532083835641536
4,8,Clock,4,6,1,1,176.0067,0.5553954212253341
4,8,Clock,4,6,1,1,176.9993,0.5575508075823468
4,8,Clock,4,6,1,1,178.0047,0.5597317853269673
4,8,Clock,4,6,1,1,178.9991,0.5618866322639724
4,8,Clock,4,6,1,1,180.0038,0.564061429655975
4,8,Clock,4,6,1,1,180.9995,0.5662143112231032
4,8,Clock,4,6,1,1,182.0041,0.5683839303649766
4,8,Clock,4,6,1,1,183.0005,0.5705332314430918
4,8,Clock,4,6,1,1,184.0035,0.5726940686300832
4,8,Clock,4,6,1,1,184.9995,0.5748371083738973
4,8,Clock,4,6,1,1,186.0027,0.5769928049235178
4,8,Clock,4,6,1,1,186.9969,0.5791262680887708
4,8,Clock,4,6,1,1,188.0041,0.581284619431807
4,8,Clock,4,6,1,1,188.9965,0.5834082148634212
4,8,Clock,4,6,1,1,190.0023,0.5855573244309148
4,8,Clock,4,6,1,1,190.997,0.5876795006908863
4,8,Clock,4,6,1,1,192.0012,0.5898186897392597
4,8,Clock,4,6,1,1,192.9953,0.5919329871817277
4,8,Clock,4,6,1,1,194.0018,0.594070207682364
4,8,Clock,4,6,1,1,194.9951,0.5961759138071878
4,8,Clock,4,6,1,1,196.0017,0.5983061860519816
4,8,Clock,4,6,1,1,196.9955,0.6004057617908957
4,8,Clock,4,6,1,1,197.9992,0.6025225204714331
4,8,Clock,4,6,1,1,199.0046,0.6046389799815438
4,8,Clock,4,6,1,1,199.9997,0.6067299353772722
4,8,Clock,4,6,1,1,201.0053,0.6088389835423911
4,8,Clock,4,6,1,1,201.9996,0.6109203605259033
4,8,Clock,4,6,1,1,203.0045,0.6130198043752799
4,8,Clock,4,6,1,1,203.9994,0.6150942387159457
4,8,Clock,4,6,1,1,205.0027,0.6171819428790641
4,8,Clock,4,6,1,1,205.9978,0.619248335105361
4,8,Clock,4,6,1,1,207.0028,0.6213309164997849
4,8,Clock,4,6,1,1,207.9981,0.6233889574261816
4,8,Clock,4,6,1,1,209.0018,0.6254599158475642
4,8,Clock,4,6,1,1,209.9971,0.6275090007133179
4,8,Clock,4,6,1,1,211.0018,0.6295728008426859
4,8,Clock,4,6,1,1,211.9965,0.6316114191277514
4,8,Clock,4,6,1,1,213.0005,0.6336643254778883
4,8,Clock,4,6,1,1,213.9955,0.635694046920888
4,8,Clock,4,6,1,1,215.0018,0.6377419343961003
4,8,Clock,4,6,1,1,216.0054,0.6397793569980519
4,8,Clock,4,6,1,1,216.999,0.6417915107366813
4,8,Clock,4,6,1,1,218.0052,0.643824142182507
4,8,Clock,4,6,1,1,219.0004,0.6458294340396725
4,8,Clock,4,6,1,1,219.9952,0.6478288152067359
4,8,Clock,4,6,1,1,220.9994,0.6498418775401782
4,8,Clock,4,6,1,1,222.004,0.6518503785422899
4,8,Clock,4,6,1,1,222.9986,0.6538335935431819
4,8,Clock,4,6,1,1,224.0039,0.6558327487016926
4,8,Clock,4,6,1,1,224.9971,0.6578024070911477
4,8,Clock,4,6,1,1,226.0025,0.6597907488315498
4,8,Clock,4,6,1,1,226.997,0.6617519926115072
4,8,Clock,4,6,1,1,228.0032,0.6637307049598387
4,8,Clock,4,6,1,1,228.9982,0.6656817304054414
4,8,Clock,4,6,1,1,230.0016,0.6676435185734837
4,8,Clock,4,6,1,1,230.9958,0.6695815989894717
4,8,Clock,4,6,1,1,232.0021,0.67153742082587
4,8,Clock,4,6,1,1,232.996,0.6734633096902628
4,8,Clock,4,6,1,1,234.0009,0.6754045855104278
4,8,Clock,4,6,1,1,234.9951,0.6773192820397517
4,8,Clock,4,6,1,1,236.0014,0.6792512428092958
4,8,Clock,4,6,1,1,236.9952,0.681153173464046
4,8,Clock,4,6,1,1,238.0005,0.683071031468667
4,8,Clock,4,6,1,1,239.0048,0.6849807767598984
4,8,Clock,4,6,1,1,239.998,0.6868632692722294
4,8,Clock,4,6,1,1,241.0045,0.6887647195600565
4,8,Clock,4,6,1,1,241.9997,0.6906385700074674
4,8,Clock,4,6,1,1,243.0043,0.6925238131568627
4,8,Clock,4,6,1,1,243.9979,0.6943820821781582
4,8,Clock,4,6,1,1,245.0045,0.6962582648783723
4,8,Clock,4,6,1,1,245.9983,0.6981041993103416
4,8,Clock,4,6,1,1,247.0034,0.6999646139693091
4,8,Clock,4,6,1,1,247.9966,0.701796547086734
4,8,Clock,4,6,1,1,249.0038,0.703647730491362
4,8,Clock,4,6,1,1,249.9967,0.7054661081329948
4,8,Clock,4,6,1,1,251.0027,0.7073018167763857
4,8,Clock,4,6,1,1,251.9969,0.7091093962348288
4,8,Clock,4,6,1,1,253.0018,0.7109297157045779
4,8,Clock,4,6,1,1,254.0059,0.7127418292825295
4,8,Clock,4,6,1,1,255.0009,0.7145307966744291
4,8,Clock,4,6,1,1,256.006,0.7163311438258724
4,8,Clock,4,6,1,1,257.0001,0.7181049682286003
4,8,Clock,4,6,1,1,257.9961,0.719875449318029
4,8,Clock,4,6,1,1,259.0005,0.7216539527547757
4,8,Clock,4,6,1,1,260.0055,0.7234265771718579
4,8,Clock,4,6,1,1,260.9998,0.725173429827277
4,8,Clock,4,6,1,1,262.0056,0.7269335608377154
4,8,Clock,4,6,1,1,262.9988,0.7286646599850872
4,8,Clock,4,6,1,1,264.0048,0.7304110080881427
4,8,Clock,4,6,1,1,264.9983,0.7321287121551739
4,8,Clock,4,6,1,1,266.0038,0.7338601216914855
4,8,Clock,4,6,1,1,266.9969,0.7355630745808925
4,8,Clock,4,6,1,1,268.0023,0.7372800435062806
4,8,Clock,4,6,1,1,268.9973,0.7389722116507165
4,8,Clock,4,6,1,1,270.0033,0.7406758290259912
4,8,Clock,4,6,1,1,270.9977,0.7423527413019166
4,8,Clock,4,6,1,1,272.0032,0.7440411193295922
4,8,Clock,4,6,1,1,272.9963,0.7457015521049553
4,8,Clock,4,6,1,1,274.0013,0.7473746420029442
4,8,Clock,4,6,1,1,275.0058,0.7490395707613055
4,8,Clock,4,6,1,1,276.0016,0.7506828656695356
4,8,Clock,4,6,1,1,276.9961,0.7523168570318246
4,8,Clock,4,6,1,1,278.0005,0.7539597874648766
4,8,Clock,4,6,1,1,279.0054,0.7555962033236037
4,8,Clock,4,6,1,1,280.0003,0.757209049831246
4,8,Clock,4,6,1,1,281.0043,0.7588292933891141
4,8,Clock,4,6,1,1,281.9992,0.7604275691155991
4,8,Clock,4,6,1,1,283.0033,0.7620332302552749
4,8,Clock,4,6,1,1,283.9978,0.7636162572402685
4,8,Clock,4,6,1,1,285.0029,0.7652087377315356
4,8,Clock,4,6,1,1,285.9962,0.7667751848758315
4,8,Clock,4,6,1,1,287.0033,0.7683559939731504
4,8,Clock,4,6,1,1,287.9975,0.7699091843738878
4,8,Clock,4,6,1,1,289.0008,0.7714691649477723
4,8,Clock,4,6,1,1,289.995,0.7730076480399125
4,8,Clock,4,6,1,1,291.0015,0.7745576957553018
4,8,Clock,4,6,1,1,291.9957,0.7760814215940289
4,8,Clock,4,6,1,1,292.9995,0.7776124321371284
4,8,Clock,4,6,1,1,293.9948,0.7791230626325218
4,8,Clock,4,6,1,1,295.0001,0.7806413615680238
4,8,Clock,4,6,1,1,296.0042,0.7821504034854954
4,8,Clock,4,6,1,1,297.0004,0.783640105505272
4,8,Clock,4,6,1,1,298.0045,0.7851341508412328
4,8,Clock,4,6,1,1,299.0001,0.786608159664056
4,8,Clock,4,6,1,1,300.0042,0.788087296743191
4,8,Clock,4,6,1,1,300.9987,0.789544826236991
4,8,Clock,8,12,0,0,0.0110377,0.20983371923239283
4,8,Clock,8,12,0,0,1.010147,0.21129488927842904
4,8,Clock,8,12,0,0,2.016094,0.21277357089790117
4,8,Clock,8,12,0,0,3.009745,0.21424157732225793
4,8,Clock,8,12,1,1,4.01616,0.2157359366654655
4,8,Clock,8,12,1,1,5.009424,0.2172181634923866
4,8,Clock,8,12,1,1,6.01379,0.21872442454603544
4,8,Clock,8,12,1,1,7.008862,0.2202241495500689
4,8,Clock,8,12,1,1,8.014355,0.22174706108733752
4,8,Clock,8,12,1,1,9.019238,0.22327655938958144
4,8,Clock,8,12,1,1,10.01213,0.22479517286601403
4,8,Clock,8,12,1,1,11.0166,0.22633894332154736
4,8,Clock,8,12,1,1,12.01287,0.2278775054023757
4,8,Clock,8,12,1,1,13.01876,0.22943838742998446
4,8,Clock,8,12,1,1,14.01381,0.23098982152729605
4,8,Clock,8,12,1,1,15.01681,0.23256106323680148
4,8,Clock,8,12,1,1,16.01281,0.23412869385771762
4,8,Clock,8,12,1,1,17.01839,0.23571883266096108
4,8,Clock,8,12,1,1,18.01066,0.237295228009205
4,8,Clock,8,12,1,1,19.01831,0.2389034751666048
4,8,Clock,8,12,1,1,20.01064,0.24049456150150753
4,8,Clock,8,12,1,1,21.0165,0.24211472027905126
4,8,Clock,8,12,1,1,22.01155,0.24372475870059823
4,8,Clock,8,12,1,1,23.01568,0.24535682735874745
4,8,Clock,8,12,1,1,24.0096,0.24697954882267403
4,8,Clock,8,12,1,1,25.01568,0.24862945451213608
4,8,Clock,8,12,1,1,26.00962,0.25026667684878473
4,8,Clock,8,12,1,1,27.01536,0.251930628888166
4,8,Clock,8,12,1,1,28.0098,0.2535830851206449
4,8,Clock,8,12,1,1,29.01463,0.2552600580215087
4,8,Clock,8,12,1,1,30.0086,0.2569260639950566
4,8,Clock,8,12,1,1,31.01355,0.25861768731471746
4,8,Clock,8,12,1,1,32.01867,0.26031683417078777
4,8,Clock,8,12,1,1,33.01118,0.2620017509506928
4,8,Clock,8,12,1,1,34.01851,0.2637189959918992
4,8,Clock,8,12,1,1,35.01208,0.2654198509911985
4,8,Clock,8,12,1,1,36.01853,0.26714987820112
4,8,Clock,8,12,1,1,37.01241,0.2688653082688081
4,8,Clock,8,12,1,1,38.01729,0.2706067908271383
4,8,Clock,8,12,1,1,39.01123,0.2723362826717848
4,8,Clock,8,12,1,1,40.0166,0.27409268050170327
4,8,Clock,8,12,1,1,41.00916,0.2758335924286767
4,8,Clock,8,12,1,1,42.01604,0.2776066060914027
4,8,Clock,8,12,1,1,43.00914,0.27936220703658915
4,8,Clock,8,12,1,1,44.01637,0.28114971354533236
4,8,Clock,8,12,1,1,45.01945,0.28293676515687205
4,8,Clock,8,12,1,1,46.01505,0.2847172660221438
4,8,Clock,8,12,1,1,47.0084,0.28650045368523147
4,8,Clock,8,12,1,1,48.01484,0.2883139354139026
4,8,Clock,8,12,1,1,49.00824,0.2901106026344375
4,8,Clock,8,12,1,1,50.01454,0.29193733606864897
4,8,Clock,8,12,1,1,51.01845,0.29376644604325464
4,8,Clock,8,12,1,1,52.01202,0.2955832867650406
4,8,Clock,8,12,1,1,53.01875,0.2974308274571086
4,8,Clock,8,12,1,1,54.01386,0.29926357124515546
4,8,Clock,8,12,1,1,55.01745,0.3011184690683684
4,8,Clock,8,12,1,1,56.01162,0.3029623936098158
4,8,Clock,8,12,1,1,57.01839,0.3048361758462312
4,8,Clock,8,12,1,1,58.01215,0.30669210499720073
4,8,Clock,8,12,1,1,59.01632,0.3085738593084618
4,8,Clock,8,12,1,1,60.01164,0.3104453207417065
4,8,Clock,8,12,1,1,61.01605,0.31234018315099693
4,8,Clock,8,12,1,1,62.01088,0.31422318028852886
4,8,Clock,8,12,1,1,63.01574,0.3161313862880185
4,8,Clock,8,12,1,1,64.0106,0.3180267199721981
4,8,Clock,8,12,1,1,65.01489,0.31994616692011535
4,8,Clock,8,12,1,1,66.00845,0.32185111712267317
4,8,Clock,8,12,1,1,67.01373,0.3237845832788076
4,8,Clock,8,12,1,1,68.01971,0.32572542712892866
4,8,Clock,8,12,1,1,69.01488,0.3276513285257546
4,8,Clock,8,12,1,1,70.01777,0.3295980608308453
4,8,Clock,8,12,1,1,71.01369,0.3315370590732006
4,8,Clock,8,12,1,1,72.01964,0.3335014098257221
4,8,Clock,8,12,1,1,73.01192,0.3354447434421692
4,8,Clock,8,12,1,1,74.01961,0.33742398176683963
4,8,Clock,8,12,1,1,75.01247,0.33937967746563535
4,8,Clock,8,12,1,1,76.01733,0.3413646077673037
4,8,Clock,8,12,1,1,77.01091,0.34333274585233525
4,8,Clock,8,12,1,1,78.01698,0.3453311235511311
4,8,Clock,8,12,1,1,79.01109,0.34731112129435066
4,8,Clock,8,12,1,1,80.01685,0.349319711518427
4,8,Clock,8,12,1,1,81.01129,0.3513109640267854
4,8,Clock,8,12,1,1,82.0164,0.35332886026007465
4,8,Clock,8,12,1,1,83.00986,0.35532850272812483
4,8,Clock,8,12,1,1,84.01507,0.3573569631643231
4,8,Clock,8,12,1,1,85.0094,0.35936851098738304
4,8,Clock,8,12,1,1,86.01546,0.3614088248002712
4,8,Clock,8,12,1,1,87.00921,0.3634291018349631
4,8,Clock,8,12,1,1,88.01216,0.3654729818981286
4,8,Clock,8,12,1,1,89.00884,0.3675088946474856
4,8,Clock,8,12,1,1,90.01527,0.3695695143843252
4,8,Clock,8,12,1,1,91.01823,0.3716277828481544
4,8,Clock,8,12,1,1,92.01326,0.3736743970185021
4,8,Clock,8,12,1,1,93.0173,0.37574413711087173
4,8,Clock,8,12,1,1,94.012,0.37779909678019763
4,8,Clock,8,12,1,1,95.01615,0.3798780478298618
4,8,Clock,8,12,1,1,96.01204,0.38194425522082925
4,8,Clock,8,12,1,1,97.01764,0.38403495444903235
4,8,Clock,8,12,1,1,98.0108,0.38610401407628125
4,8,Clock,8,12,1,1,99.01787,0.3882062421930353
4,8,Clock,8,12,1,1,100.0112,0.3902838872533213
4,8,Clock,8,12,1,1,101.0159,0.3923893656810329
4,8,Clock,8,12,1,1,102.0096,0.39447573281637743
4,8,Clock,8,12,1,1,103.0159,0.39659248923334967
4,8,Clock,8,12,1,1,104.0102,0.39868781201778386
4,8,Clock,8,12,1,1,105.0157,0.4008105169259675
4,8,Clock,8,12,1,1,106.0086,0.4029102731215094
4,8,Clock,8,12,1,1,107.0142,0.4050405263591859
4,8,Clock,8,12,1,1,108.009,0.4071514355020386
4,8,Clock,8,12,1,1,109.0137,0.4092868266316356
4,8,Clock,8,12,1,1,110.0089,0.41140540846872664
4,8,Clock,8,12,1,1,111.0139,0.4135481821823063
4,8,Clock,8,12,1,1,112.0085,0.4156720122331658
4,8,Clock,8,12,1,1,113.0106,0.4178150289562962
4,8,Clock,8,12,1,1,114.017,0.4199703754974214
4,8,Clock,8,12,1,1,115.0134,0.4221073126843458
4,8,Clock,8,12,1,1,116.0167,0.4242620084826778
4,8,Clock,8,12,1,1,117.0123,0.4264030055576568
4,8,Clock,8,12,1,1,118.0174,0.42856724706453786
4,8,Clock,8,12,1,1,119.0114,0.4307102604188275
4,8,Clock,8,12,1,1,120.0172,0.43288136470494193
4,8,Clock,8,12,1,1,121.0105,0.4350280261822852
4,8,Clock,8,12,1,1,122.0162,0.4372039655837705
4,8,Clock,8,12,1,1,123.0094,0.4393552412775045
4,8,Clock,8,12,1,1,124.015,0.44153569433326595
4,8,Clock,8,12,1,1,125.0093,0.44369386661355487
4,8,Clock,8,12,1,1,126.0151,0.4458791585292809
4,8,Clock,8,12,1,1,127.0096,0.4480419601850148
4,8,Clock,8,12,1,1,128.0141,0.45022851101002836
4,8,Clock,8,12,1,1,129.0185,0.4524167534344977
4,8,Clock,8,12,1,1,130.014,0.4545874648321333
4,8,Clock,8,12,1,1,131.0189,0.4567803900400633
4,8,Clock,8,12,1,1,132.0128,0.45895095656902063
4,8,Clock,8,12,1,1,133.019,0.4611499694281145
4,8,Clock,8,12,1,1,134.0107,0.4633187829390006
4,8,Clock,8,12,1,1,135.0182,0.4655235898662214
4,8,Clock,8,12,1,1,136.0107,0.46769685749293305
4,8,Clock,8,12,1,1,137.0173,0.46990228373003357
4,8,Clock,8,12,1,1,138.0118,0.4720823207692217
4,8,Clock,8,12,1,1,139.0185,0.47429020162273045
4,8,Clock,8,12,1,1,140.011,0.4764679446125499
4,8,Clock,8,12,1,1,141.0155,0.47867291444288584
4,8,Clock,8,12,1,1,142.0092,0.4808549885222483
4,8,Clock,8,12,1,1,143.0148,0.48306394145363885
4,8,Clock,8,12,1,1,144.0097,0.4852500499397385
4,8,Clock,8,12,1,1,145.0158,0.48746130843062696
4,8,Clock,8,12,1,1,146.009,0.48964474361378946
4,8,Clock,8,12,1,1,147.0147,0.4918560203803778
4,8,Clock,8,12,1,1,148.0176,0.49406147487411384
4,8,Clock,8,12,1,1,149.0135,0.4962517899735358
4,8,Clock,8,12,1,1,150.0089,0.49844110784952894
4,8,Clock,8,12,1,1,151.0133,0.5006503206085124
4,8,Clock,8,12,1,1,152.0182,0.5028605819246272
4,8,Clock,8,12,1,1,153.0136,0.5050498244654701
4,8,Clock,8,12,1,1,154.0181,0.5072589056803086
4,8,Clock,8,12,1,1,155.0128,0.5094461643904301
4,8,Clock,8,12,1,1,156.0166,0.5116530536012988
4,8,Clock,8,12,1,1,157.0118,0.5138405741825053
4,8,Clock,8,12,1,1,158.0165,0.5160484522501924
4,8,Clock,8,12,1,1,159.0093,0.5182295604893431
4,8,Clock,8,12,1,1,160.0144,0.5204370135863876
4,8,Clock,8,12,1,1,161.0088,0.5226201566988666
4,8,Clock,8,12,1,1,162.0157,0.5248298554634981
4,8,Clock,8,12,1,1,163.0096,0.5270100710654104
4,8,Clock,8,12,1,1,164.0156,0.5292157809170681
4,8,Clock,8,12,1,1,165.0181,0.5314126949950401
4,8,Clock,8,12,1,1,166.015,0.5335961304304007
4,8,Clock,8,12,1,1,167.0088,0.5357715012801496
4,8,Clock,8,12,1,1,168.0134,0.5379691033616536
4,8,Clock,8,12,1,1,169.0189,0.5401672316885082
4,8,Clock,8,12,1,1,170.0132,0.542339307329555
4,8,Clock,8,12,1,1,171.0085,0.5445119721331071
4,8,Clock,8,12,1,1,172.0134,0.5467038702752227
4,8,Clock,8,12,1,1,173.0177,0.5488926626315892
4,8,Clock,8,12,1,1,174.0111,0.551055818147806
4,8,Clock,8,12,1,1,175.0181,0.5532466420016718
4,8,Clock,8,12,1,1,176.0109,0.5554045374656033
4,8,Clock,8,12,1,1,177.017,0.5575892233648084
4,8,Clock,8,12,1,1,178.011,0.5597454485653935
4,8,Clock,8,12,1,1,179.0166,0.5619245377626441
4,8,Clock,8,12,1,1,180.0093,0.564073313599708
4,8,Clock,8,12,1,1,181.0153,0.5662484713557641
4,8,Clock,8,12,1,1,182.0092,0.5683949303542829
4,8,Clock,8,12,1,1,183.0143,0.5705629674708705
4,8,Clock,8,12,1,1,184.0083,0.5727044171575438
4,8,Clock,8,12,1,1,185.0125,0.5748650623607383
4,8,Clock,8,12,1,1,186.0095,0.5770074185748054
4,8,Clock,8,12,1,1,187.0145,0.5791639954824365
4,8,Clock,8,12,1,1,188.0086,0.5812942585231347
4,8,Clock,8,12,1,1,189.0136,0.5834447578087806
4,8,Clock,8,12,1,1,190.0171,0.5855889259902578
4,8,Clock,8,12,1,1,191.013,0.5877136241716971
4,8,Clock,8,12,1,1,192.0174,0.5898531494760967
4,8,Clock,8,12,1,1,193.0106,0.5919655114338899
4,8,Clock,8,12,1,1,194.0183,0.5941052035040981
4,8,Clock,8,12,1,1,195.011,0.5962095910285711
4,8,Clock,8,12,1,1,196.0152,0.5983347398948977
4,8,Clock,8,12,1,1,197.0104,0.6004372291751872
4,8,Clock,8,12,1,1,198.0171,0.6025602329036467
4,8,Clock,8,12,1,1,199.0101,0.6046505651598207
4,8,Clock,8,12,1,1,200.0164,0.606765010673585
4,8,Clock,8,12,1,1,201.0086,0.6088459213796187
4,8,Clock,8,12,1,1,202.0159,0.61095444018021
4,8,Clock,8,12,1,1,203.0097,0.6130306642073167
4,8,Clock,8,12,1,1,204.015,0.6151267210957029
4,8,Clock,8,12,1,1,205.0092,0.6171954548918016
4,8,Clock,8,12,1,1,206.0141,0.6192821398933628
4,8,Clock,8,12,1,1,207.008,0.6213416555792429
4,8,Clock,8,12,1,1,208.0141,0.6234220193276475
4,8,Clock,8,12,1,1,209.0079,0.625472495324481
4,8,Clock,8,12,1,1,210.0141,0.6275439566047996
4,8,Clock,8,12,1,1,211.0173,0.6296046092986581
4,8,Clock,8,12,1,1,212.0122,0.6316435610127203
4,8,Clock,8,12,1,1,213.0178,0.6336996641656428
4,8,Clock,8,12,1,1,214.0104,0.6357244214096911
4,8,Clock,8,12,1,1,215.0173,0.6377734449703548
4,8,Clock,8,12,1,1,216.0121,0.6397929391158895
4,8,Clock,8,12,1,1,217.016,0.6418259222064735
4,8,Clock,8,12,1,1,218.0118,0.6438374412010756
4,8,Clock,8,12,1,1,219.017,0.6458628425934092
4,8,Clock,8,12,1,1,220.0112,0.6478609435445478
4,8,Clock,8,12,1,1,221.0145,0.6498720886919178
4,8,Clock,8,12,1,1,222.0105,0.6518633571291562
4,8,Clock,8,12,1,1,223.0154,0.6538670467168474
4,8,Clock,8,12,1,1,224.0105,0.6558458390196545
4,8,Clock,8,12,1,1,225.0148,0.6578374602738182
4,8,Clock,8,12,1,1,226.0095,0.6598045803060842
4,8,Clock,8,12,1,1,227.0143,0.6617860679826983
4,8,Clock,8,12,1,1,228.0086,0.663741311817394
4,8,Clock,8,12,1,1,229.0141,0.665712861338133
4,8,Clock,8,12,1,1,230.0186,0.6676767027330451
4,8,Clock,8,12,1,1,231.0125,0.6696140914029777
4,8,Clock,8,12,1,1,232.0178,0.6715678905787151
4,8,Clock,8,12,1,1,233.0099,0.6734902041498091
4,8,Clock,8,12,1,1,234.0176,0.6754367828694254
4,8,Clock,8,12,1,1,235.0116,0.6773509987915025
4,8,Clock,8,12,1,1,236.0172,0.6792815142219194
4,8,Clock,8,12,1,1,237.0101,0.6811816586368787
4,8,Clock,8,12,1,1,238.0155,0.6830995993847424
4,8,Clock,8,12,1,1,239.008,0.6849868311054319
4,8,Clock,8,12,1,1,240.0153,0.6868960118400955
4,8,Clock,8,12,1,1,241.0105,0.6887760293794775
4,8,Clock,8,12,1,1,242.0131,0.6906637818061931
4,8,Clock,8,12,1,1,243.0095,0.6925335609090745
4,8,Clock,8,12,1,1,244.014,0.6944121662764948
4,8,Clock,8,12,1,1,245.0085,0.6962657033011327
4,8,Clock,8,12,1,1,246.0148,0.6981347835903852
4,8,Clock,8,12,1,1,247.009,0.699974961055823
4,8,Clock,8,12,1,1,248.0144,0.7018293331106639
4,8,Clock,8,12,1,1,249.0175,0.7036728688521021
4,8,Clock,8,12,1,1,250.0134,0.70549662383588
4,8,Clock,8,12,1,1,251.0181,0.707329858938933
4,8,Clock,8,12,1,1,252.0121,0.7091369764633035
4,8,Clock,8,12,1,1,253.0182,0.7109593731057485
4,8,Clock,8,12,1,1,254.0107,0.7127504598255671
4,8,Clock,8,12,1,1,255.0149,0.7145559066223439
4,8,Clock,8,12,1,1,256.0111,0.7163402550236976
4,8,Clock,8,12,1,1,257.0152,0.7181318715369723
4,8,Clock,8,12,1,1,258.0106,0.7199011667555448
4,8,Clock,8,12,1,1,259.0168,0.7216828058051423
4,8,Clock,8,12,1,1,260.0113,0.7234367840112752
4,8,Clock,8,12,1,1,261.0168,0.7252032876321418
4,8,Clock,8,12,1,1,262.0091,0.7269396366256687
4,8,Clock,8,12,1,1,263.015,0.728692847199437
4,8,Clock,8,12,1,1,264.0086,0.7304176167547954
4,8,Clock,8,12,1,1,265.0153,0.7321580407630917
4,8,Clock,8,12,1,1,266.0085,0.7338681973415333
4,8,Clock,8,12,1,1,267.0125,0.7355898129948306
4,8,Clock,8,12,1,1,268.0091,0.7372916409416829
4,8,Clock,8,12,1,1,269.0128,0.7389984687296165
4,8,Clock,8,12,1,1,270.0084,0.7406844413563767
4,8,Clock,8,12,1,1,271.0146,0.7423811389957617
4,8,Clock,8,12,1,1,272.0173,0.7440647422558883
4,8,Clock,8,12,1,1,273.0097,0.7457239031804757
4,8,Clock,8,12,1,1,274.0183,0.7474028772866044
4,8,Clock,8,12,1,1,275.0115,0.7490490088469315
4,8,Clock,8,12,1,1,276.0151,0.750705126283235
4,8,Clock,8,12,1,1,277.0096,0.7523390198846355
4,8,Clock,8,12,1,1,278.0158,0.7539847898162758
4,8,Clock,8,12,1,1,279.0106,0.7556046323865458
4,8,Clock,8,12,1,1,280.0164,0.7572350622553736
4,8,Clock,8,12,1,1,281.0103,0.7588389731950625
4,8,Clock,8,12,1,1,282.0149,0.7604527099640442
4,8,Clock,8,12,1,1,283.009,0.7620423349176433
4,8,Clock,8,12,1,1,284.0134,0.7636410220895703
4,8,Clock,8,12,1,1,285.0092,0.7652186748491002
4,8,Clock,8,12,1,1,286.0143,0.7668037048087967
4,8,Clock,8,12,1,1,287.0086,0.7683643090272848
4,8,Clock,8,12,1,1,288.0116,0.769931158112077
4,8,Clock,8,12,1,1,289.0082,0.7714806676449666
4,8,Clock,8,12,1,1,290.0127,0.7730349719137707
4,8,Clock,8,12,1,1,291.0188,0.7745842780103676
4,8,Clock,8,12,1,1,292.0116,0.7761057299782838
4,8,Clock,8,12,1,1,293.0168,0.7776387576069976
4,8,Clock,8,12,1,1,294.0131,0.7791507385154478
4,8,Clock,8,12,1,1,295.0175,0.7806675675374065
4,8,Clock,8,12,1,1,296.0116,0.7821614746209558
4,8,Clock,8,12,1,1,297.0178,0.7836660525048862
4,8,Clock,8,12,1,1,298.0087,0.7851404014668487
4,8,Clock,8,12,1,1,299.016,0.7866316394586881
4,8,Clock,8,12,1,1,300.0092,0.7880946056289627
4,8,Clock,8,12,1,1,301.0147,0.7895682477908114
4,8,RF time only,4,5,0,0,0.0112268,0.0
4,8,RF time only,4,5,0,0,1.010952,0.0
4,8,RF time only,4,5,0,0,2.01688,0.0
4,8,RF time only,4,5,0,0,3.010709,0.0
4,8,RF time only,4,5,0,0,4.015441,0.0
4,8,RF time only,4,5,0,0,5.010154,0.0
4,8,RF time only,4,5,0,0,6.01441,0.0
4,8,RF time only,4,5,0,0,7.008793,0.0027227829074511485
4,8,RF time only,4,5,0,0,8.014668,0.0
4,8,RF time only,4,5,0,0,9.007746,0.0
4,8,RF time only,4,5,0,0,10.01372,0.2733934005385352
4,8,RF time only,4,5,0,0,11.00726,0.0016310496030775752
4,8,RF time only,4,5,0,0,12.01249,0.0011359231853417901
4,8,RF time only,4,5,0,0,13.00669,0.2139640294984325
4,8,RF time only,4,5,0,0,14.01282,0.0
4,8,RF time only,4,5,0,0,15.00744,0.060158960666468315
4,8,RF time only,4,5,0,0,16.01075,0.1580784560425941
4,8,RF time only,4,5,0,0,17.01668,0.005380507536157472
4,8,RF time only,4,5,0,0,18.0118,0.0007541464582959105
4,8,RF time only,4,5,0,0,19.01557,0.34005632542409653
4,8,RF time only,4,5,0,0,20.00926,0.001405272564789991
4,8,RF time only,4,5,0,0,21.01652,0.011335042543509045
4,8,RF time only,4,5,0,0,22.00971,0.00343786615134242
4,8,RF time only,4,5,0,0,23.01418,0.19707393841391252
4,8,RF time only,4,5,0,0,24.00919,0.0
4,8,RF time only,4,5,0,0,25.01588,0.38369499685239267
4,8,RF time only,4,5,0,0,26.00942,0.020201124108637385
4,8,RF time only,4,5,0,0,27.01412,0.019121836241329033
4,8,RF time only,4,5,0,0,28.00889,0.11150596791531849
4,8,RF time only,4,5,0,0,29.01367,0.0
4,8,RF time only,4,5,0,0,30.00709,0.05075202284578262
4,8,RF time only,4,5,0,0,31.01377,0.0
4,8,RF time only,4,5,0,0,32.00727,0.3049689451138285
4,8,RF time only,4,5,0,0,33.01159,0.00592033348564015
4,8,RF time only,4,5,0,0,34.00792,0.54593442156382
4,8,RF time only,4,5,0,0,35.01075,0.0013898399443284621
4,8,RF time only,4,5,0,0,36.00707,0.22728211290694394
4,8,RF time only,4,5,0,0,37.01272,0.09288790413564743
4,8,RF time only,4,5,0,0,38.01709,0.4075836468355077
4,8,RF time only,4,5,0,0,39.01067,0.11253484834146259
4,8,RF time only,4,5,0,0,40.01581,0.0008871224165341812
4,8,RF time only,4,5,0,0,41.01084,0.2571447098675776
4,8,RF time only,4,5,0,0,42.01547,0.0611893246813141
4,8,RF time only,4,5,0,0,43.01104,0.2007795951336546
4,8,RF time only,4,5,0,0,44.01458,0.004498918175202551
4,8,RF time only,4,5,0,0,45.00882,0.42432966065213634
4,8,RF time only,4,5,0,0,46.01222,0.021886045772836992
4,8,RF time only,4,5,0,0,47.00699,0.4336688940855933
4,8,RF time only,4,5,0,0,48.01369,0.001994342291371994
4,8,RF time only,4,5,0,0,49.00858,0.03355463359137883
4,8,RF time only,4,5,0,0,50.01452,0.0
4,8,RF time only,4,5,0,0,51.00806,0.06580238045204387
4,8,RF time only,4,5,0,0,52.01318,0.0
4,8,RF time only,4,5,0,0,53.00839,0.3519816914973067
4,8,RF time only,4,5,0,0,54.01276,0.0
4,8,RF time only,4,5,0,0,55.0175,0.001971161401854471
4,8,RF time only,4,5,0,0,56.01182,0.028997175880792318
4,8,RF time only,4,5,0,0,57.00686,0.5569034621686448
4,8,RF time only,4,5,0,0,58.01109,0.13478675912596425
4,8,RF time only,4,5,0,0,59.01705,0.17799999950625786
4,8,RF time only,4,5,0,0,60.01059,0.1895180217276949
4,8,RF time only,4,5,0,0,61.01579,0.015195843809814348
4,8,RF time only,4,5,0,0,62.00929,0.4745559452051099
4,8,RF time only,4,5,0,0,63.01626,0.007474621498901521
4,8,RF time only,4,5,0,0,64.01065,0.19725808228768732
4,8,RF time only,4,5,0,0,65.01405,0.2931967257972658
4,8,RF time only,4,5,0,0,66.00948,0.2616764274566042
4,8,RF time only,4,5,0,0,67.01539,0.3658839429307626
4,8,RF time only,4,5,0,0,68.00793,0.13289817028978237
4,8,RF time only,4,5,0,0,69.014,0.02722318794856531
4,8,RF time only,4,5,0,0,70.00879,0.3032976514283072
4,8,RF time only,4,5,0,0,71.01364,0.16129340700518882
4,8,RF time only,4,5,0,0,72.00794,0.3580741770771878
4,8,RF time only,4,5,0,0,73.01243,0.1598490110648556
4,8,RF time only,4,5,0,0,74.01789,0.3063899110901315
4,8,RF time only,4,5,0,0,75.01195,0.128211677870204
4,8,RF time only,4,5,0,0,76.01669,0.33309716091429425
4,8,RF time only,4,5,0,0,77.01137,0.6744570329268071
4,8,RF time only,4,5,0,0,78.01778,0.12058536157585856
4,8,RF time only,4,5,0,0,79.00958,0.6610391068514833
4,8,RF time only,4,5,0,0,80.01713,0.1753298190123872
4,8,RF time only,4,5,0,0,81.01,0.3622944835599104
4,8,RF time only,4,5,0,0,82.01595,0.49510030104892916
4,8,RF time only,4,5,0,0,83.00983,0.5829028171726183
4,8,RF time only,4,5,0,0,84.01365,0.4140340503009827
4,8,RF time only,4,5,0,0,85.00916,0.08070911301710634
4,8,RF time only,4,5,0,0,86.01279,0.6612452946959005
4,8,RF time only,4,5,0,0,87.00995,0.12487496322995334
4,8,RF time only,4,5,0,0,88.01443,0.05667536025786832
4,8,RF time only,4,5,0,0,89.00826,0.7047867190027514
4,8,RF time only,4,5,0,0,90.01387,0.19809872284023786
4,8,RF time only,4,5,0,0,91.00777,0.18298258969403822
4,8,RF time only,4,5,0,0,92.01324,0.14798176321966092
4,8,RF time only,4,5,0,0,93.00788,0.07352336764932522
4,8,RF time only,4,5,0,0,94.01026,0.36795782689319284
4,8,RF time only,4,5,0,0,95.00691,0.5962777120060796
4,8,RF time only,4,5,1,1,96.01107,0.36250516444634495
4,8,RF time only,4,5,1,1,97.01478,0.5873865051113559
4,8,RF time only,4,5,1,1,98.00982,0.7819176655882193
4,8,RF time only,4,5,1,1,99.0165,0.31144253995720395
4,8,RF time only,4,5,1,1,100.0108,0.156049148629116
4,8,RF time only,4,5,1,1,101.0142,0.34707700368553407
4,8,RF time only,4,5,1,1,102.0099,0.6362648922198816
4,8,RF time only,4,5,1,1,103.0166,0.1447975899833657
4,8,RF time only,4,5,1,1,104.0105,0.3875624191145831
4,8,RF time only,4,5,1,1,105.0166,0.5952761655074704
4,8,RF time only,4,5,1,1,106.0182,0.8726225674602438
4,8,RF time only,4,5,1,1,107.0155,0.7214718474322166
4,8,RF time only,4,5,1,1,108.0081,0.03394969227839986
4,8,RF time only,4,5,1,1,109.0137,0.24651430425816742
4,8,RF time only,4,5,1,1,110.0078,0.7176714742006608
4,8,RF time only,4,5,1,1,111.0129,0.316061766161047
4,8,RF time only,4,5,1,1,112.0085,0.8053845288818191
4,8,RF time only,4,5,1,1,113.0132,0.5110518722346795
4,8,RF time only,4,5,1,1,114.0183,0.9134451583883282
4,8,RF time only,4,5,1,1,115.0109,0.7324615158944195
4,8,RF time only,4,5,1,1,116.0171,0.6825649144155898
4,8,RF time only,4,5,1,1,117.0108,0.31209346855832226
4,8,RF time only,4,5,1,1,118.017,0.8592251615626469
4,8,RF time only,4,5,1,1,119.0105,0.8487417606211056
4,8,RF time only,4,5,1,1,120.017,0.3473376087616778
4,8,RF time only,4,5,1,1,121.0103,0.2207959248115777
4,8,RF time only,4,5,1,1,122.0142,0.4821732930187931
4,8,RF time only,4,5,1,1,123.0111,0.5321661654707941
4,8,RF time only,4,5,1,1,124.0154,0.5982507217806201
4,8,RF time only,4,5,1,1,125.0098,0.39143511584253166
4,8,RF time only,4,5,1,1,126.016,0.6618280422714724
4,8,RF time only,4,5,1,1,127.0077,0.01241641530983769
4,8,RF time only,4,5,1,1,128.0149,0.5590094857212131
4,8,RF time only,4,5,1,1,129.0092,0.6211925098246934
4,8,RF time only,4,5,1,1,130.0139,0.189790156881699
4,8,RF time only,4,5,1,1,131.0076,0.299434149679101
4,8,RF time only,4,5,1,1,132.0115,0.6118031492561503
4,8,RF time only,4,5,1,1,133.0071,0.21868609178754592
4,8,RF time only,4,5,1,1,134.0139,0.5661353385257988
4,8,RF time only,4,5,1,1,135.0174,0.1796956244917271
4,8,RF time only,4,5,1,1,136.0132,0.6243290281581001
4,8,RF time only,4,5,1,1,137.0163,0.749418266956887
4,8,RF time only,4,5,1,1,138.0116,0.6637764530565508
4,8,RF time only,4,5,1,1,139.0176,0.4131433607984842
4,8,RF time only,4,5,1,1,140.0102,0.20794614940942113
4,8,RF time only,4,5,1,1,141.0144,0.918604642587681
4,8,RF time only,4,5,1,1,142.0095,0.04444961026431925
4,8,RF time only,4,5,1,1,143.0164,0.20358539453222527
4,8,RF time only,4,5,1,1,144.0101,0.4582994512394325
4,8,RF time only,4,5,1,1,145.0154,0.44643070022120535
4,8,RF time only,4,5,1,1,146.0091,0.23521222443600215
4,8,RF time only,4,5,1,1,147.0136,0.7136391148768746
4,8,RF time only,4,5,1,1,148.0082,0.4435253122729871
4,8,RF time only,4,5,1,1,149.0152,0.4006739220186102
4,8,RF time only,4,5,1,1,150.0077,0.37010651041316117
4,8,RF time only,4,5,1,1,151.0137,0.7681569651501918
4,8,RF time only,4,5,1,1,152.0168,0.8012363747106771
4,8,RF time only,4,5,1,1,153.0125,0.4094925295624099
4,8,RF time only,4,5,1,1,154.0174,0.5266229701753573
4,8,RF time only,4,5,1,1,155.0128,0.49508690459429344
4,8,RF time only,4,5,1,1,156.0177,0.5306882071247314
4,8,RF time only,4,5,1,1,157.0102,0.6049789756980978
4,8,RF time only,4,5,1,1,158.0163,0.41846208496805537
4,8,RF time only,4,5,1,1,159.0115,0.5967652640237981
4,8,RF time only,4,5,1,1,160.0177,0.35287440070189346
4,8,RF time only,4,5,1,1,161.0104,0.3412490610439503
4,8,RF time only,4,5,1,1,162.0165,0.5695311382679079
4,8,RF time only,4,5,1,1,163.0099,0.6779198445817258
4,8,RF time only,4,5,1,1,164.0155,0.316751661647406
4,8,RF time only,4,5,1,1,165.0094,0.11715746557259972
4,8,RF time only,4,5,1,1,166.0161,0.32862444192514306
4,8,RF time only,4,5,1,1,167.0091,0.09578080623169952
4,8,RF time only,4,5,1,1,168.0139,0.9043684801081168
4,8,RF time only,4,5,1,1,169.0086,0.40727378991294416
4,8,RF time only,4,5,1,1,170.0137,0.86225944832457
4,8,RF time only,4,5,1,1,171.0075,0.19259796332068627
4,8,RF time only,4,5,1,1,172.0139,0.08600963818982899
4,8,RF time only,4,5,1,1,173.0076,0.5267532199803856
4,8,RF time only,4,5,1,1,174.0126,0.765669107140194
4,8,RF time only,4,5,1,1,175.0179,0.6498303321629537
4,8,RF time only,4,5,1,1,176.0124,0.7211600845745347
4,8,RF time only,4,5,1,1,177.0172,0.5017848505760465
4,8,RF time only,4,5,1,1,178.0104,0.42055438961638486
4,8,RF time only,4,5,1,1,179.0168,0.5546911009539989
4,8,RF time only,4,5,1,1,180.0106,0.43440062645283367
4,8,RF time only,4,5,1,1,181.0163,0.6390233725568173
4,8,RF time only,4,5,1,1,182.0099,0.70288257098038
4,8,RF time only,4,5,1,1,183.0135,0.5779775753782552
4,8,RF time only,4,5,1,1,184.0087,0.18575197031005075
4,8,RF time only,4,5,1,1,185.0154,0.5663676525462313
4,8,RF time only,4,5,1,1,186.0081,0.5169825799885523
4,8,RF time only,4,5,1,1,187.016,0.5972179532763953
4,8,RF time only,4,5,1,1,188.0089,0.6849282511927444
4,8,RF time only,4,5,1,1,189.0137,0.4121140826099197
4,8,RF time only,4,5,1,1,190.0086,0.6176467869786333
4,8,RF time only,4,5,1,1,191.0144,0.4925353313262144
4,8,RF time only,4,5,1,1,192.0072,0.5353392671067078
4,8,RF time only,4,5,1,1,193.0135,0.5341407239871883
4,8,RF time only,4,5,1,1,194.0179,0.9223768446578009
4,8,RF time only,4,5,1,1,195.013,0.7228994579345134
4,8,RF time only,4,5,1,1,196.0172,0.9067757929536869
4,8,RF time only,4,5,1,1,197.0123,0.5016611343958508
4,8,RF time only,4,5,1,1,198.0175,0.8207915185580701
4,8,RF time only,4,5,1,1,199.0116,0.5059502676133125
4,8,RF time only,4,5,1,1,200.0164,0.610380446910062
4,8,RF time only,4,5,1,1,201.0108,0.6879090088567683
4,8,RF time only,4,5,1,1,202.0157,0.4034241580596644
4,8,RF time only,4,5,1,1,203.0093,0.564999110041528
4,8,RF time only,4,5,1,1,204.016,0.4747488692628435
4,8,RF time only,4,5,1,1,205.009,0.6978746569300355
4,8,RF time only,4,5,1,1,206.0156,0.10337597332815493
4,8,RF time only,4,5,1,1,207.0176,0.4213696205526
4,8,RF time only,4,5,1,1,208.0142,0.27525493289939934
4,8,RF time only,4,5,1,1,209.008,0.8760444232947754
4,8,RF time only,4,5,1,1,210.014,0.7149290165883386
4,8,RF time only,4,5,1,1,211.0073,0.5465335192055853
4,8,RF time only,4,5,1,1,212.0144,0.4706451652880547
4,8,RF time only,4,5,1,1,213.0071,0.8961528504183026
4,8,RF time only,4,5,1,1,214.0131,0.7320502187065723
4,8,RF time only,4,5,1,1,215.0179,0.7273445865916393
4,8,RF time only,4,5,1,1,216.013,0.20469429118938398
4,8,RF time only,4,5,1,1,217.0178,0.8757666628386144
4,8,RF time only,4,5,1,1,218.0116,0.7210730323993484
4,8,RF time only,4,5,1,1,219.016,0.15370223669415178
4,8,RF time only,4,5,1,1,220.0108,0.8920374343268654
4,8,RF time only,4,5,1,1,221.0161,0.39445529310721894
4,8,RF time only,4,5,1,1,222.0095,0.6318437353339553
4,8,RF time only,4,5,1,1,223.0147,0.9355298391426295
4,8,RF time only,4,5,1,1,224.0093,0.9710235088015978
4,8,RF time only,4,5,1,1,225.0162,0.5592190952907001
4,8,RF time only,4,5,1,1,226.0088,0.5307131762714496
4,8,RF time only,4,5,1,1,227.0151,0.6256027297196592
4,8,RF time only,4,5,1,1,228.0091,0.8617358457581941
4,8,RF time only,4,5,1,1,229.0138,0.14607377726599244
4,8,RF time only,4,5,1,1,230.0083,0.8281381416484349
4,8,RF time only,4,5,1,1,231.0125,0.5264832762440926
4,8,RF time only,4,5,1,1,232.0183,0.30953561557815695
4,8,RF time only,4,5,1,1,233.0139,0.570817753764166
4,8,RF time only,4,5,1,1,234.0073,0.9776764198925203
4,8,RF time only,4,5,1,1,235.0123,0.39059232686401885
4,8,RF time only,4,5,1,1,236.016,0.31331559514551777
4,8,RF time only,4,5,1,1,237.0108,0.7015397893687046
4,8,RF time only,4,5,1,1,238.017,0.790473332074836
4,8,RF time only,4,5,1,1,239.0087,0.5557399765199699
4,8,RF time only,4,5,1,1,240.0161,0.7297322222467751
4,8,RF time only,4,5,1,1,241.01,0.8100811965903651
4,8,RF time only,4,5,1,1,242.016,0.5393441463695343
4,8,RF time only,4,5,1,1,243.0107,0.7750647093199712
4,8,RF time only,4,5,1,1,244.0154,0.9656884966981832
4,8,RF time only,4,5,1,1,245.0092,0.8185068053459627
4,8,RF time only,4,5,1,1,246.0161,0.14866301339821716
4,8,RF time only,4,5,1,1,247.0085,0.5991004357081934
4,8,RF time only,4,5,1,1,248.0154,0.8173455648899928
4,8,RF time only,4,5,1,1,249.0085,0.5748846405393961
4,8,RF time only,4,5,1,1,250.0141,0.7303853207001593
4,8,RF time only,4,5,1,1,251.0076,0.3777461912602024
4,8,RF time only,4,5,1,1,252.0128,0.9234296885705242
4,8,RF time only,4,5,1,1,253.0088,0.7285425700741353
4,8,RF time only,4,5,1,1,254.0108,0.9001861768185865
4,8,RF time only,4,5,1,1,255.0078,0.6912815482696214
4,8,RF time only,4,5,1,1,256.012,0.9459939494995431
4,8,RF time only,4,5,1,1,257.0182,0.7828467189874099
4,8,RF time only,4,5,1,1,258.0112,0.6857488038110915
4,8,RF time only,4,5,1,1,259.0172,0.9013710783188785
4,8,RF time only,4,5,1,1,260.0108,0.7170968489242746
4,8,RF time only,4,5,1,1,261.017,0.9158537711607567
4,8,RF time only,4,5,1,1,262.0099,0.9178545194088105
4,8,RF time only,4,5,1,1,263.0157,0.8575693467974687
4,8,RF time only,4,5,1,1,264.0089,0.6531163718221671
4,8,RF time only,4,5,1,1,265.0158,0.9554356762542172
4,8,RF time only,4,5,1,1,266.0085,0.5224583663168627
4,8,RF time only,4,5,1,1,267.0144,0.8357727621050799
4,8,RF time only,4,5,1,1,268.0078,0.7053019332907405
4,8,RF time only,4,5,1,1,269.0122,0.6473559305689545
4,8,RF time only,4,5,1,1,270.0178,0.9111657758118236
4,8,RF time only,4,5,1,1,271.0129,0.6526087123098001
4,8,RF time only,4,5,1,1,272.0069,0.8117066270085836
4,8,RF time only,4,5,1,1,273.0135,0.5937395160713712
4,8,RF time only,4,5,1,1,274.0166,0.9227685514295071
4,8,RF time only,4,5,1,1,275.0122,0.6837470384611375
4,8,RF time only,4,5,1,1,276.0172,0.9725175019898186
4,8,RF time only,4,5,1,1,277.0125,0.6750484103355813
4,8,RF time only,4,5,1,1,278.0169,0.9446691903660607
4,8,RF time only,4,5,1,1,279.0107,0.8814938729721487
4,8,RF time only,4,5,1,1,280.0169,0.9549289329295304
4,8,RF time only,4,5,1,1,281.0101,0.28573086987284896
4,8,RF time only,4,5,1,1,282.0158,0.7139975135730019
4,8,RF time only,4,5,1,1,283.0089,0.6840234244259481
4,8,RF time only,4,5,1,1,284.0149,0.9037355888771305
4,8,RF time only,4,5,1,1,285.0083,0.9948844899349794
4,8,RF time only,4,5,1,1,286.0139,0.9795482910942549
4,8,RF time only,4,5,1,1,287.0074,0.611447269425799
4,8,RF time only,4,5,1,1,288.0117,0.9809831913036934
4,8,RF time only,4,5,1,1,289.007,0.4492044358332733
4,8,RF time only,4,5,1,1,290.0117,0.8067461850720049
4,8,RF time only,4,5,1,1,291.008,0.5295057473839468
4,8,RF time only,4,5,1,1,292.0127,0.5397225622890145
4,8,RF time only,4,5,1,1,293.017,0.8986384634154283
4,8,RF time only,4,5,1,1,294.0127,0.5956244926263321
4,8,RF time only,4,5,1,1,295.0174,0.9254354371230739
4,8,RF time only,4,5,1,1,296.0103,0.9114467023205118
4,8,RF time only,4,5,1,1,297.017,0.8634304129780702
4,8,RF time only,4,5,1,1,298.0103,0.7617144900537888
4,8,RF time only,4,5,1,1,299.0154,0.9027643290512104
4,8,RF time only,4,5,1,1,300.0082,0.6807403463810855
4,8,RF time only,4,5,1,1,301.0146,0.9770424982491144
4,8,RF time only,4,6,0,0,0.0,0.0
4,8,RF time only,4,6,0,0,1.00495,0.0
4,8,RF time only,4,6,0,0,1.998281,0.0
4,8,RF time only,4,6,0,0,3.004618,0.0
4,8,RF time only,4,6,0,0,3.999141,0.0
4,8,RF time only,4,6,0,0,5.003382,0.0
4,8,RF time only,4,6,0,0,5.998161,0.0
4,8,RF time only,4,6,0,0,7.000859,0.36526780431465644
4,8,RF time only,4,6,0,0,7.997983,0.018977908087057162
4,8,RF time only,4,6,0,0,9.002149,0.07552301307688476
4,8,RF time only,4,6,0,0,9.996326,0.05555486389309806
4,8,RF time only,4,6,0,0,11.00007,0.02375382368171305
4,8,RF time only,4,6,0,0,11.99659,0.001413225914736489
4,8,RF time only,4,6,0,0,13.00098,0.002004557598617005
4,8,RF time only,4,6,0,0,13.99541,0.002746040784994707
4,8,RF time only,4,6,0,0,14.99912,0.0052295853861527
4,8,RF time only,4,6,0,0,15.99681,0.0
4,8,RF time only,4,6,0,0,16.99845,0.0019676253339619676
4,8,RF time only,4,6,0,0,18.00539,0.0
4,8,RF time only,4,6,0,0,18.9994,0.001975090366179475
4,8,RF time only,4,6,0,0,20.00367,0.0
4,8,RF time only,4,6,0,0,20.99707,0.006425021931800342
4,8,RF time only,4,6,0,0,22.00514,0.0
4,8,RF time only,4,6,0,0,22.99883,0.0
4,8,RF time only,4,6,0,0,24.00393,0.0
4,8,RF time only,4,6,0,0,24.99814,0.001650980392156863
4,8,RF time only,4,6,0,0,26.00431,0.015368473964691601
4,8,RF time only,4,6,0,0,26.99778,0.05673932745438164
4,8,RF time only,4,6,0,0,28.00385,0.0
4,8,RF time only,4,6,0,0,28.99657,0.005193723908869887
4,8,RF time only,4,6,0,0,30.00375,0.004480487998230922
4,8,RF time only,4,6,0,0,30.99679,0.24640471922496185
4,8,RF time only,4,6,0,0,32.00263,0.4087575866024316
4,8,RF time only,4,6,0,0,32.99657,0.02628128274161948
4,8,RF time only,4,6,0,0,34.00122,0.16764223401288406
4,8,RF time only,4,6,0,0,35.00551,0.010949207411014097
4,8,RF time only,4,6,0,0,36.00011,0.004493186127341144
4,8,RF time only,4,6,0,0,36.99636,0.5112972851188808
4,8,RF time only,4,6,0,0,38.00019,0.042454242744077574
4,8,RF time only,4,6,0,0,39.00475,0.04403107256525212
4,8,RF time only,4,6,0,0,39.99985,0.016664089729676555
4,8,RF time only,4,6,0,0,41.00478,0.0755980821346987
4,8,RF time only,4,6,0,0,41.99879,0.022160155736330425
4,8,RF time only,4,6,0,0,42.99495,0.5043201552431411
4,8,RF time only,4,6,0,0,43.99932,0.01892377798759022
4,8,RF time only,4,6,0,0,45.00479,0.4249049218005371
4,8,RF time only,4,6,0,0,45.99848,0.08137534250331592
4,8,RF time only,4,6,0,0,47.00407,0.26493359943942135
4,8,RF time only,4,6,0,0,47.99735,0.39980798386003186
4,8,RF time only,4,6,0,0,49.00396,0.35415975752862916
4,8,RF time only,4,6,0,0,49.99818,0.148225070524185
4,8,RF time only,4,6,0,0,51.00159,0.08819396866384902
4,8,RF time only,4,6,0,0,51.99651,0.2987553721616039
4,8,RF time only,4,6,0,0,53.00211,0.4804330445362189
4,8,RF time only,4,6,0,0,53.99723,0.3449651934289736
4,8,RF time only,4,6,0,0,55.00178,0.11629928244050919
4,8,RF time only,4,6,0,0,55.99569,0.3555360820204626
4,8,RF time only,4,6,0,0,56.99967,0.09859196980440357
4,8,RF time only,4,6,0,0,57.99514,0.4052976576643426
4,8,RF time only,4,6,0,0,59.0001,0.05854854401419895
4,8,RF time only,4,6,0,0,60.00412,0.4510731953590522
4,8,RF time only,4,6,0,0,60.99954,0.15099138559838016
4,8,RF time only,4,6,0,0,62.00455,0.32005977991459844
4,8,RF time only,4,6,0,0,62.99667,0.07515061797144786
4,8,RF time only,4,6,0,0,64.00391,0.1882617298589551
4,8,RF time only,4,6,0,0,64.99876,0.18158263595574112
4,8,RF time only,4,6,0,0,66.00466,0.0875641705326901
4,8,RF time only,4,6,0,0,66.99519,0.5493389112397679
4,8,RF time only,4,6,0,0,68.00278,0.03278314919799864
4,8,RF time only,4,6,0,0,68.99691,0.30454452245002267
4,8,RF time only,4,6,0,0,70.00152,0.09835425686442675
4,8,RF time only,4,6,0,0,70.99718,0.3271228909370983
4,8,RF time only,4,6,0,0,72.00053,0.022247703949529483
4,8,RF time only,4,6,0,0,72.99554,0.6013984036442558
4,8,RF time only,4,6,0,0,74.00175,0.018291722619175353
4,8,RF time only,4,6,0,0,74.99531,0.4433808940257977
4,8,RF time only,4,6,0,0,76.00156,0.06474013880473435
4,8,RF time only,4,6,0,0,76.9957,0.6705891278119056
4,8,RF time only,4,6,0,0,77.99854,0.038892459055397885
4,8,RF time only,4,6,1,1,79.00594,0.744610053655426
4,8,RF time only,4,6,1,1,79.99966,0.10637937331431298
4,8,RF time only,4,6,1,1,81.0055,0.41563999789639045
4,8,RF time only,4,6,1,1,81.99766,0.2537431901616067
4,8,RF time only,4,6,1,1,83.00455,0.44688202031127994
4,8,RF time only,4,6,1,1,83.99812,0.6202093399638797
4,8,RF time only,4,6,1,1,85.00332,0.28976348645772904
4,8,RF time only,4,6,1,1,85.9983,0.44414376856192717
4,8,RF time only,4,6,1,1,87.00482,0.12226867027356204
4,8,RF time only,4,6,1,1,87.99602,0.6524926925973885
4,8,RF time only,4,6,1,1,89.00328,0.05992969196031969
4,8,RF time only,4,6,1,1,89.99747,0.5217220673211959
4,8,RF time only,4,6,1,1,91.00337,0.02331550590416013
4,8,RF time only,4,6,1,1,91.99653,0.9522298649936988
4,8,RF time only,4,6,1,1,93.00198,0.09534711866774205
4,8,RF time only,4,6,1,1,93.99605,0.8850096608274621
4,8,RF time only,4,6,1,1,95.0014,0.07732470433136582
4,8,RF time only,4,6,1,1,95.99513,0.8686698861521014
4,8,RF time only,4,6,1,1,97.00123,0.09624497658490426
4,8,RF time only,4,6,1,1,98.00561,0.05510386741147209
4,8,RF time only,4,6,1,1,99.00047,0.11367783888324025
4,8,RF time only,4,6,1,1,100.0045,0.01906842854014709
4,8,RF time only,4,6,1,1,100.9993,0.2653881717977876
4,8,RF time only,4,6,1,1,102.0045,0.043251754000521
4,8,RF time only,4,6,1,1,102.9964,0.6304449067020389
4,8,RF time only,4,6,1,1,104.0036,0.040366830250516794
4,8,RF time only,4,6,1,1,104.998,0.05943286342186144
4,8,RF time only,4,6,1,1,106.0024,0.017810156175641308
4,8,RF time only,4,6,1,1,106.9969,0.013336396209405384
4,8,RF time only,4,6,1,1,108.0033,0.02433500225748379
4,8,RF time only,4,6,1,1,108.9968,0.060822566695404146
4,8,RF time only,4,6,1,1,110.0023,0.005900500563088785
4,8,RF time only,4,6,1,1,110.9956,0.016012509976904402
4,8,RF time only,4,6,1,1,112.0019,0.0
4,8,RF time only,4,6,1,1,112.9961,0.014861001674690654
4,8,RF time only,4,6,1,1,114.0015,0.0
4,8,RF time only,4,6,1,1,114.9951,0.21882895088203308
4,8,RF time only,4,6,1,1,115.9994,0.0010936144369252127
4,8,RF time only,4,6,1,1,116.9956,0.017394827873336998
4,8,RF time only,4,6,1,1,118.0012,0.001411235075357213
4,8,RF time only,4,6,1,1,119.0061,0.07043264951312593
4,8,RF time only,4,6,1,1,119.9999,0.03167100157025541
4,8,RF time only,4,6,1,1,121.005,0.17019663309206245
4,8,RF time only,4,6,1,1,121.9982,0.03399309668619169
4,8,RF time only,4,6,1,1,123.0025,0.13345686540443594
4,8,RF time only,4,6,1,1,123.9976,0.23465143913828893
4,8,RF time only,4,6,1,1,125.0031,0.09323659314729642
4,8,RF time only,4,6,1,1,125.9979,0.11681882684240759
4,8,RF time only,4,6,1,1,127.0042,0.012010581742092704
4,8,RF time only,4,6,1,1,127.9954,0.2076070028895577
4,8,RF time only,4,6,1,1,129.0022,0.3097681654449082
4,8,RF time only,4,6,1,1,129.9973,0.14666787903311637
4,8,RF time only,4,6,1,1,131.0019,0.37751420871585695
4,8,RF time only,4,6,1,1,131.9967,0.6944574679059324
4,8,RF time only,4,6,1,1,133.0011,0.6264562209380183
4,8,RF time only,4,6,1,1,133.9959,0.7828805991304401
4,8,RF time only,4,6,1,1,135.0006,0.3089140280644953
4,8,RF time only,4,6,1,1,135.9956,0.3887702782795485
4,8,RF time only,4,6,1,1,137.0,0.6167414243541874
4,8,RF time only,4,6,1,1,137.9949,0.5907777439363314
4,8,RF time only,4,6,1,1,139.0005,0.5790625725819598
4,8,RF time only,4,6,1,1,140.005,0.5267648033577279
4,8,RF time only,4,6,1,1,141.0011,0.4322845143943933
4,8,RF time only,4,6,1,1,142.0049,0.38847121359656756
4,8,RF time only,4,6,1,1,143.0005,0.48988882720723326
4,8,RF time only,4,6,1,1,144.0034,0.3141513939035992
4,8,RF time only,4,6,1,1,144.9979,0.15820205624691533
4,8,RF time only,4,6,1,1,146.0038,0.5847553951767505
4,8,RF time only,4,6,1,1,146.9981,0.060663524216808255
4,8,RF time only,4,6,1,1,148.0031,0.4561592484906805
4,8,RF time only,4,6,1,1,148.9964,0.3358218948149984
4,8,RF time only,4,6,1,1,150.0031,0.5455656628277775
4,8,RF time only,4,6,1,1,150.998,0.18199268185421555
4,8,RF time only,4,6,1,1,152.0034,0.43052839593784453
4,8,RF time only,4,6,1,1,152.9952,0.08621637809741352
4,8,RF time only,4,6,1,1,154.0003,0.22487411095030718
4,8,RF time only,4,6,1,1,154.9953,0.22058877894945841
4,8,RF time only,4,6,1,1,156.0001,0.6042005816167455
4,8,RF time only,4,6,1,1,156.995,0.10425663533908658
4,8,RF time only,4,6,1,1,157.9995,0.8501696902155804
4,8,RF time only,4,6,1,1,158.9955,0.2800888490957534
4,8,RF time only,4,6,1,1,160.0004,0.6499530667685633
4,8,RF time only,4,6,1,1,161.0052,0.5465741286150857
4,8,RF time only,4,6,1,1,161.9997,0.926707545696742
4,8,RF time only,4,6,1,1,163.0055,0.11189408105760679
4,8,RF time only,4,6,1,1,163.9982,0.35437331907138053
4,8,RF time only,4,6,1,1,165.0044,0.5462826427223512
4,8,RF time only,4,6,1,1,165.9982,0.3909740441041639
4,8,RF time only,4,6,1,1,167.0028,0.6785645553810942
4,8,RF time only,4,6,1,1,167.9974,0.43135164206006316
4,8,RF time only,4,6,1,1,169.0004,0.9279873153537693
4,8,RF time only,4,6,1,1,169.9961,0.42097944684731703
4,8,RF time only,4,6,1,1,171.0027,0.6173664500943821
4,8,RF time only,4,6,1,1,171.9965,0.7322508695071118
4,8,RF time only,4,6,1,1,173.0008,0.8358294896763404
4,8,RF time only,4,6,1,1,173.9957,0.669229528306281
4,8,RF time only,4,6,1,1,175.0005,0.6093734364052747
4,8,RF time only,4,6,1,1,176.0067,0.2771184454678668
4,8,RF time only,4,6,1,1,176.9993,0.591408090139997
4,8,RF time only,4,6,1,1,178.0047,0.4476804818944301
4,8,RF time only,4,6,1,1,178.9991,0.7371598862989766
4,8,RF time only,4,6,1,1,180.0038,0.8903027917046994
4,8,RF time only,4,6,1,1,180.9995,0.4258524026309934
4,8,RF time only,4,6,1,1,182.0041,0.3593026334198362
4,8,RF time only,4,6,1,1,183.0005,0.8992388961466766
4,8,RF time only,4,6,1,1,184.0035,0.9723684897057183
4,8,RF time only,4,6,1,1,184.9995,0.8924997973212976
4,8,RF time only,4,6,1,1,186.0027,0.6202140953420017
4,8,RF time only,4,6,1,1,186.9969,0.4617783679530394
4,8,RF time only,4,6,1,1,188.0041,0.9389465801137912
4,8,RF time only,4,6,1,1,188.9965,0.1802653938702852
4,8,RF time only,4,6,1,1,190.0023,0.9682346315254384
4,8,RF time only,4,6,1,1,190.997,0.6486957974722891
4,8,RF time only,4,6,1,1,192.0012,0.5748721788979501
4,8,RF time only,4,6,1,1,192.9953,0.768555817688208
4,8,RF time only,4,6,1,1,194.0018,0.9451929022703665
4,8,RF time only,4,6,1,1,194.9951,0.6994090092948139
4,8,RF time only,4,6,1,1,196.0017,0.5838404419445714
4,8,RF time only,4,6,1,1,196.9955,0.12780616053230232
4,8,RF time only,4,6,1,1,197.9992,0.3495068182932285
4,8,RF time only,4,6,1,1,199.0046,0.5742647641016391
4,8,RF time only,4,6,1,1,199.9997,0.3152588611929292
4,8,RF time only,4,6,1,1,201.0053,0.34759950196620215
4,8,RF time only,4,6,1,1,201.9996,0.6568781784282042
4,8,RF time only,4,6,1,1,203.0045,0.4179502791860056
4,8,RF time only,4,6,1,1,203.9994,0.4396653123451493
4,8,RF time only,4,6,1,1,205.0027,0.8532776230313187
4,8,RF time only,4,6,1,1,205.9978,0.3983747362094864
4,8,RF time only,4,6,1,1,207.0028,0.6433993736682714
4,8,RF time only,4,6,1,1,207.9981,0.2618952847509092
4,8,RF time only,4,6,1,1,209.0018,0.49331254624692367
4,8,RF time only,4,6,1,1,209.9971,0.4105450606527952
4,8,RF time only,4,6,1,1,211.0018,0.5386592775859664
4,8,RF time only,4,6,1,1,211.9965,0.3452992484328259
4,8,RF time only,4,6,1,1,213.0005,0.516604290213358
4,8,RF time only,4,6,1,1,213.9955,0.5095920325510319
4,8,RF time only,4,6,1,1,215.0018,0.548903555254579
4,8,RF time only,4,6,1,1,216.0054,0.8668140501697472
4,8,RF time only,4,6,1,1,216.999,0.06930731666000745
4,8,RF time only,4,6,1,1,218.0052,0.32992627642888633
4,8,RF time only,4,6,1,1,219.0004,0.5797897856177321
4,8,RF time only,4,6,1,1,219.9952,0.6005477765018863
4,8,RF time only,4,6,1,1,220.9994,0.4046104325212447
4,8,RF time only,4,6,1,1,222.004,0.5306711329109597
4,8,RF time only,4,6,1,1,222.9986,0.7266391464371492
4,8,RF time only,4,6,1,1,224.0039,0.2820718130218661
4,8,RF time only,4,6,1,1,224.9971,0.39122900153722334
4,8,RF time only,4,6,1,1,226.0025,0.7774530673124956
4,8,RF time only,4,6,1,1,226.997,0.5061015097595208
4,8,RF time only,4,6,1,1,228.0032,0.7401897766341642
4,8,RF time only,4,6,1,1,228.9982,0.45739105003487984
4,8,RF time only,4,6,1,1,230.0016,0.26379445637832805
4,8,RF time only,4,6,1,1,230.9958,0.8136062082086211
4,8,RF time only,4,6,1,1,232.0021,0.3980267555170613
4,8,RF time only,4,6,1,1,232.996,0.8233116535902916
4,8,RF time only,4,6,1,1,234.0009,0.3147480421782491
4,8,RF time only,4,6,1,1,234.9951,0.9834218821480075
4,8,RF time only,4,6,1,1,236.0014,0.2921574361025795
4,8,RF time only,4,6,1,1,236.9952,0.7741108153008848
4,8,RF time only,4,6,1,1,238.0005,0.24450139468354862
4,8,RF time only,4,6,1,1,239.0048,0.35228339770078654
4,8,RF time only,4,6,1,1,239.998,0.3297749993262534
4,8,RF time only,4,6,1,1,241.0045,0.49750311017560345
4,8,RF time only,4,6,1,1,241.9997,0.25661745597795066
4,8,RF time only,4,6,1,1,243.0043,0.4055962938731195
4,8,RF time only,4,6,1,1,243.9979,0.6104115778979656
4,8,RF time only,4,6,1,1,245.0045,0.6266837290051205
4,8,RF time only,4,6,1,1,245.9983,0.7413097113038527
4,8,RF time only,4,6,1,1,247.0034,0.6346829176343163
4,8,RF time only,4,6,1,1,247.9966,0.6382399382918695
4,8,RF time only,4,6,1,1,249.0038,0.8597715339406494
4,8,RF time only,4,6,1,1,249.9967,0.8035888031949586
4,8,RF time only,4,6,1,1,251.0027,0.6572033736235412
4,8,RF time only,4,6,1,1,251.9969,0.4928178356823134
4,8,RF time only,4,6,1,1,253.0018,0.34488551319106664
4,8,RF time only,4,6,1,1,254.0059,0.4405780880958379
4,8,RF time only,4,6,1,1,255.0009,0.02036018745513913
4,8,RF time only,4,6,1,1,256.006,0.3832450118218612
4,8,RF time only,4,6,1,1,257.0001,0.10664807158348186
4,8,RF time only,4,6,1,1,257.9961,0.8519237824752284
4,8,RF time only,4,6,1,1,259.0005,0.32881711792028934
4,8,RF time only,4,6,1,1,260.0055,0.2616395276024679
4,8,RF time only,4,6,1,1,260.9998,0.11842908902256583
4,8,RF time only,4,6,1,1,262.0056,0.4850070316644901
4,8,RF time only,4,6,1,1,262.9988,0.42580270971193535
4,8,RF time only,4,6,1,1,264.0048,0.625661711977762
4,8,RF time only,4,6,1,1,264.9983,0.5348706683966373
4,8,RF time only,4,6,1,1,266.0038,0.562881361757686
4,8,RF time only,4,6,1,1,266.9969,0.7419282674065554
4,8,RF time only,4,6,1,1,268.0023,0.38240389766806804
4,8,RF time only,4,6,1,1,268.9973,0.5428970995735083
4,8,RF time only,4,6,1,1,270.0033,0.5096605460029128
4,8,RF time only,4,6,1,1,270.9977,0.6047059825215423
4,8,RF time only,4,6,1,1,272.0032,0.1433371965175592
4,8,RF time only,4,6,1,1,272.9963,0.852497979975039
4,8,RF time only,4,6,1,1,274.0013,0.3428341395711052
4,8,RF time only,4,6,1,1,275.0058,0.16215289584374099
4,8,RF time only,4,6,1,1,276.0016,0.26891811082999795
4,8,RF time only,4,6,1,1,276.9961,0.7739217753005453
4,8,RF time only,4,6,1,1,278.0005,0.06184160272717015
4,8,RF time only,4,6,1,1,279.0054,0.09997986504971741
4,8,RF time only,4,6,1,1,280.0003,0.7218819471352947
4,8,RF time only,4,6,1,1,281.0043,0.3220284575767157
4,8,RF time only,4,6,1,1,281.9992,0.9576781190084315
4,8,RF time only,4,6,1,1,283.0033,0.1914110233700434
4,8,RF time only,4,6,1,1,283.9978,0.43547301414071815
4,8,RF time only,4,6,1,1,285.0029,0.04752104342910626
4,8,RF time only,4,6,1,1,285.9962,0.6460239356405401
4,8,RF time only,4,6,1,1,287.0033,0.7195968992465485
4,8,RF time only,4,6,1,1,287.9975,0.5976242172385607
4,8,RF time only,4,6,1,1,289.0008,0.2785893120107223
4,8,RF time only,4,6,1,1,289.995,0.7170538426060968
4,8,RF time only,4,6,1,1,291.0015,0.4133467112444539
4,8,RF time only,4,6,1,1,291.9957,0.7754254427155528
4,8,RF time only,4,6,1,1,292.9995,0.29677339607612685
4,8,RF time only,4,6,1,1,293.9948,0.9017866594905513
4,8,RF time only,4,6,1,1,295.0001,0.46327249600758574
4,8,RF time only,4,6,1,1,296.0042,0.5046998233790485
4,8,RF time only,4,6,1,1,297.0004,0.3570089278810164
4,8,RF time only,4,6,1,1,298.0045,0.41799625005611907
4,8,RF time only,4,6,1,1,299.0001,0.40386394149809707
4,8,RF time only,4,6,1,1,300.0042,0.2985081172272025
4,8,RF time only,4,6,1,1,300.9987,0.5992731022958405
4,8,RF time only,8,12,0,0,0.0110377,0.0
4,8,RF time only,8,12,0,0,1.010147,0.0
4,8,RF time only,8,12,0,0,2.016094,0.0
4,8,RF time only,8,12,0,0,3.009745,0.0
4,8,RF time only,8,12,1,1,4.01616,0.0
4,8,RF time only,8,12,1,1,5.009424,0.0
4,8,RF time only,8,12,1,1,6.01379,0.0
4,8,RF time only,8,12,1,1,7.008862,0.0027227829074511485
4,8,RF time only,8,12,1,1,8.014355,0.0
4,8,RF time only,8,12,1,1,9.019238,0.019770247759953553
4,8,RF time only,8,12,1,1,10.01213,0.0036655578736632223
4,8,RF time only,8,12,1,1,11.0166,0.055955870785499316
4,8,RF time only,8,12,1,1,12.01287,0.00312594361595628
4,8,RF time only,8,12,1,1,13.01876,0.03553062664174778
4,8,RF time only,8,12,1,1,14.01381,0.040521739362713846
4,8,RF time only,8,12,1,1,15.01681,0.038116074518849394
4,8,RF time only,8,12,1,1,16.01281,0.04043060094496179
4,8,RF time only,8,12,1,1,17.01839,0.0013937874355759855
4,8,RF time only,8,12,1,1,18.01066,0.0
4,8,RF time only,8,12,1,1,19.01831,0.0
4,8,RF time only,8,12,1,1,20.01064,0.010940861610448997
4,8,RF time only,8,12,1,1,21.0165,0.011335042543509045
4,8,RF time only,8,12,1,1,22.01155,0.3654832340000441
4,8,RF time only,8,12,1,1,23.01568,0.07331673676690832
4,8,RF time only,8,12,1,1,24.0096,0.0
4,8,RF time only,8,12,1,1,25.01568,0.38369499685239267
4,8,RF time only,8,12,1,1,26.00962,0.03134948576578181
4,8,RF time only,8,12,1,1,27.01536,0.3382295929763473
4,8,RF time only,8,12,1,1,28.0098,0.6536998064032894
4,8,RF time only,8,12,1,1,29.01463,0.030963402866739768
4,8,RF time only,8,12,1,1,30.0086,0.3855820408257881
4,8,RF time only,8,12,1,1,31.01355,0.0
4,8,RF time only,8,12,1,1,32.01867,0.21485694169084557
4,8,RF time only,8,12,1,1,33.01118,0.0098693355287016
4,8,RF time only,8,12,1,1,34.01851,0.052411045734074464
4,8,RF time only,8,12,1,1,35.01208,0.0669877704675241
4,8,RF time only,8,12,1,1,36.01853,0.11327428975094656
4,8,RF time only,8,12,1,1,37.01241,0.3583668043515798
4,8,RF time only,8,12,1,1,38.01729,0.4075836468355077
4,8,RF time only,8,12,1,1,39.01123,0.28572010077550125
4,8,RF time only,8,12,1,1,40.0166,0.0
4,8,RF time only,8,12,1,1,41.00916,0.05456814489479489
4,8,RF time only,8,12,1,1,42.01604,0.3772860194258519
4,8,RF time only,8,12,1,1,43.00914,0.08445753404497025
4,8,RF time only,8,12,1,1,44.01637,0.3809434616220459
4,8,RF time only,8,12,1,1,45.01945,0.3920180050568768
4,8,RF time only,8,12,1,1,46.01505,0.05655429031114901
4,8,RF time only,8,12,1,1,47.0084,0.2774676817118773
4,8,RF time only,8,12,1,1,48.01484,0.0
4,8,RF time only,8,12,1,1,49.00824,0.03462812205124833
4,8,RF time only,8,12,1,1,50.01454,0.0
4,8,RF time only,8,12,1,1,51.01845,0.1603567532410208
4,8,RF time only,8,12,1,1,52.01202,0.0
4,8,RF time only,8,12,1,1,53.01875,0.14165156919885866
4,8,RF time only,8,12,1,1,54.01386,0.002001807323589502
4,8,RF time only,8,12,1,1,55.01745,0.001971161401854471
4,8,RF time only,8,12,1,1,56.01162,0.01690120769359134
4,8,RF time only,8,12,1,1,57.01839,0.03409028442200628
4,8,RF time only,8,12,1,1,58.01215,0.0006720843688771417
4,8,RF time only,8,12,1,1,59.01632,0.1805102503931779
4,8,RF time only,8,12,1,1,60.01164,0.19790038199163026
4,8,RF time only,8,12,1,1,61.01605,0.008666590764346635
4,8,RF time only,8,12,1,1,62.01088,0.06852484189231553
4,8,RF time only,8,12,1,1,63.01574,0.008705799151343705
4,8,RF time only,8,12,1,1,64.0106,0.19725808228768732
4,8,RF time only,8,12,1,1,65.01489,0.0037583309647291952
4,8,RF time only,8,12,1,1,66.00845,0.10932784236603242
4,8,RF time only,8,12,1,1,67.01373,0.1288937007538374
4,8,RF time only,8,12,1,1,68.01971,0.5480277242974098
4,8,RF time only,8,12,1,1,69.01488,0.14767121236947908
4,8,RF time only,8,12,1,1,70.01777,0.5938039041508307
4,8,RF time only,8,12,1,1,71.01369,0.16129340700518882
4,8,RF time only,8,12,1,1,72.01964,0.5797896279887561
4,8,RF time only,8,12,1,1,73.01192,0.12076719248126935
4,8,RF time only,8,12,1,1,74.01961,0.39596209995443976
4,8,RF time only,8,12,1,1,75.01247,0.3697738382827271
4,8,RF time only,8,12,1,1,76.01733,0.6997195475184032
4,8,RF time only,8,12,1,1,77.01091,0.3326619789404383
4,8,RF time only,8,12,1,1,78.01698,0.011900486453365623
4,8,RF time only,8,12,1,1,79.01109,0.32427956633667443
4,8,RF time only,8,12,1,1,80.01685,0.1753298190123872
4,8,RF time only,8,12,1,1,81.01129,0.36322708817023924
4,8,RF time only,8,12,1,1,82.0164,0.4373956236431351
4,8,RF time only,8,12,1,1,83.00986,0.5829028171726183
4,8,RF time only,8,12,1,1,84.01507,0.44614982329874714
4,8,RF time only,8,12,1,1,85.0094,0.0816998372181159
4,8,RF time only,8,12,1,1,86.01546,0.19094833791848317
4,8,RF time only,8,12,1,1,87.00921,0.5194537122443553
4,8,RF time only,8,12,1,1,88.01216,0.03196678778596847
4,8,RF time only,8,12,1,1,89.00884,0.0439463365030174
4,8,RF time only,8,12,1,1,90.01527,0.31320019152755746
4,8,RF time only,8,12,1,1,91.01823,0.3233311851554616
4,8,RF time only,8,12,1,1,92.01326,0.14798176321966092
4,8,RF time only,8,12,1,1,93.0173,0.26415982822203876
4,8,RF time only,8,12,1,1,94.012,0.3559314980636729
4,8,RF time only,8,12,1,1,95.01615,0.4360987301520108
4,8,RF time only,8,12,1,1,96.01204,0.5938831206881026
4,8,RF time only,8,12,1,1,97.01764,0.1761399885690453
4,8,RF time only,8,12,1,1,98.0108,0.5745036736311209
4,8,RF time only,8,12,1,1,99.01787,0.39152115755885647
4,8,RF time only,8,12,1,1,100.0112,0.16130855689330173
4,8,RF time only,8,12,1,1,101.0159,0.5259031915279649
4,8,RF time only,8,12,1,1,102.0096,0.13065031740071856
4,8,RF time only,8,12,1,1,103.0159,0.31428412095979963
4,8,RF time only,8,12,1,1,104.0102,0.7953703339496265
4,8,RF time only,8,12,1,1,105.0157,0.5562446521901304
4,8,RF time only,8,12,1,1,106.0086,0.3425381873064045
4,8,RF time only,8,12,1,1,107.0142,0.34975519895917684
4,8,RF time only,8,12,1,1,108.009,0.3420129660021717
4,8,RF time only,8,12,1,1,109.0137,0.24651430425816742
4,8,RF time only,8,12,1,1,110.0089,0.4765817886316207
4,8,RF time only,8,12,1,1,111.0139,0.49319284844546796
4,8,RF time only,8,12,1,1,112.0085,0.8053845288818191
4,8,RF time only,8,12,1,1,113.0106,0.5400841268148472
4,8,RF time only,8,12,1,1,114.017,0.3771262591344387
4,8,RF time only,8,12,1,1,115.0134,0.3568924859451318
4,8,RF time only,8,12,1,1,116.0167,0.5647502151135697
4,8,RF time only,8,12,1,1,117.0123,0.16814942360277835
4,8,RF time only,8,12,1,1,118.0174,0.7684039381811273
4,8,RF time only,8,12,1,1,119.0114,0.12255505323145345
4,8,RF time only,8,12,1,1,120.0172,0.3511991989960871
4,8,RF time only,8,12,1,1,121.0105,0.2071185965773905
4,8,RF time only,8,12,1,1,122.0162,0.47915161884899166
4,8,RF time only,8,12,1,1,123.0094,0.2391874948549643
4,8,RF time only,8,12,1,1,124.015,0.5975105957205754
4,8,RF time only,8,12,1,1,125.0093,0.7008175329159987
4,8,RF time only,8,12,1,1,126.0151,0.14295948120838176
4,8,RF time only,8,12,1,1,127.0096,0.5102443413361244
4,8,RF time only,8,12,1,1,128.0141,0.5528654775259665
4,8,RF time only,8,12,1,1,129.0185,0.8437114890380276
4,8,RF time only,8,12,1,1,130.014,0.189790156881699
4,8,RF time only,8,12,1,1,131.0189,0.8263262867641816
4,8,RF time only,8,12,1,1,132.0128,0.6440594707205897
4,8,RF time only,8,12,1,1,133.019,0.7087467058235811
4,8,RF time only,8,12,1,1,134.0107,0.7414063306921337
4,8,RF time only,8,12,1,1,135.0182,0.3225528865195344
4,8,RF time only,8,12,1,1,136.0107,0.5650209670369796
4,8,RF time only,8,12,1,1,137.0173,0.47015428501149936
4,8,RF time only,8,12,1,1,138.0118,0.22730948454519123
4,8,RF time only,8,12,1,1,139.0185,0.21910684294364258
4,8,RF time only,8,12,1,1,140.011,0.47095935825407426
4,8,RF time only,8,12,1,1,141.0155,0.7168311555588978
4,8,RF time only,8,12,1,1,142.0092,0.0615391504120921
4,8,RF time only,8,12,1,1,143.0148,0.7343982864465582
4,8,RF time only,8,12,1,1,144.0097,0.08801167972721906
4,8,RF time only,8,12,1,1,145.0158,0.40141911086461823
4,8,RF time only,8,12,1,1,146.009,0.4535960596750429
4,8,RF time only,8,12,1,1,147.0147,0.3556705908960809
4,8,RF time only,8,12,1,1,148.0176,0.66315119766453
4,8,RF time only,8,12,1,1,149.0135,0.8440553489205115
4,8,RF time only,8,12,1,1,150.0089,0.41428364389967326
4,8,RF time only,8,12,1,1,151.0133,0.5977467528826388
4,8,RF time only,8,12,1,1,152.0182,0.7993060782153054
4,8,RF time only,8,12,1,1,153.0136,0.3910076802357462
4,8,RF time only,8,12,1,1,154.0181,0.5266229701753573
4,8,RF time only,8,12,1,1,155.0128,0.49508690459429344
4,8,RF time only,8,12,1,1,156.0166,0.6470438959688568
4,8,RF time only,8,12,1,1,157.0118,0.6572620201512591
4,8,RF time only,8,12,1,1,158.0165,0.41846208496805537
4,8,RF time only,8,12,1,1,159.0093,0.03411717221026645
4,8,RF time only,8,12,1,1,160.0144,0.7975569047644832
4,8,RF time only,8,12,1,1,161.0088,0.5317191173537962
4,8,RF time only,8,12,1,1,162.0157,0.5345205325289595
4,8,RF time only,8,12,1,1,163.0096,0.1561555237968079
4,8,RF time only,8,12,1,1,164.0156,0.316751661647406
4,8,RF time only,8,12,1,1,165.0181,0.7971550075089607
4,8,RF time only,8,12,1,1,166.015,0.6919992721108014
4,8,RF time only,8,12,1,1,167.0088,0.12216670746479176
4,8,RF time only,8,12,1,1,168.0134,0.7565511496289505
4,8,RF time only,8,12,1,1,169.0189,0.6948133473614322
4,8,RF time only,8,12,1,1,170.0132,0.35722399278246963
4,8,RF time only,8,12,1,1,171.0085,0.9353186473581901
4,8,RF time only,8,12,1,1,172.0134,0.8344741887598507
4,8,RF time only,8,12,1,1,173.0177,0.800436537202064
4,8,RF time only,8,12,1,1,174.0111,0.45363190271596615
4,8,RF time only,8,12,1,1,175.0181,0.6498303321629537
4,8,RF time only,8,12,1,1,176.0109,0.6373176877630228
4,8,RF time only,8,12,1,1,177.017,0.7596837564058856
4,8,RF time only,8,12,1,1,178.011,0.19213853058838354
4,8,RF time only,8,12,1,1,179.0166,0.5546911009539989
4,8,RF time only,8,12,1,1,180.0093,0.4144283070087255
4,8,RF time only,8,12,1,1,181.0153,0.5813361979443394
4,8,RF time only,8,12,1,1,182.0092,0.10552292078269591
4,8,RF time only,8,12,1,1,183.0143,0.5663442504631165
4,8,RF time only,8,12,1,1,184.0083,0.18575197031005075
4,8,RF time only,8,12,1,1,185.0125,0.759811487175902
4,8,RF time only,8,12,1,1,186.0095,0.25392006169039305
4,8,RF time only,8,12,1,1,187.0145,0.5687347343256285
4,8,RF time only,8,12,1,1,188.0086,0.3928292177639261
4,8,RF time only,8,12,1,1,189.0136,0.6389325209079514
4,8,RF time only,8,12,1,1,190.0171,0.5763826817875739
4,8,RF time only,8,12,1,1,191.013,0.5303521166680283
4,8,RF time only,8,12,1,1,192.0174,0.768855448266148
4,8,RF time only,8,12,1,1,193.0106,0.4436276933354231
4,8,RF time only,8,12,1,1,194.0183,0.9254771226908148
4,8,RF time only,8,12,1,1,195.011,0.770883368392615
4,8,RF time only,8,12,1,1,196.0152,0.5380308530284154
4,8,RF time only,8,12,1,1,197.0104,0.6951987887526934
4,8,RF time only,8,12,1,1,198.0171,0.8175171072126675
4,8,RF time only,8,12,1,1,199.0101,0.5723119230567443
4,8,RF time only,8,12,1,1,200.0164,0.610380446910062
4,8,RF time only,8,12,1,1,201.0086,0.20905536785656106
4,8,RF time only,8,12,1,1,202.0159,0.41754680553942314
4,8,RF time only,8,12,1,1,203.0097,0.5791354322330918
4,8,RF time only,8,12,1,1,204.015,0.5631316083930671
4,8,RF time only,8,12,1,1,205.0092,0.7417313613379904
4,8,RF time only,8,12,1,1,206.0141,0.9406336309078382
4,8,RF time only,8,12,1,1,207.008,0.916202561818895
4,8,RF time only,8,12,1,1,208.0141,0.27525493289939934
4,8,RF time only,8,12,1,1,209.0079,0.842729287616196
4,8,RF time only,8,12,1,1,210.0141,0.7149290165883386
4,8,RF time only,8,12,1,1,211.0173,0.9004236454349542
4,8,RF time only,8,12,1,1,212.0122,0.8796387639521626
4,8,RF time only,8,12,1,1,213.0178,0.6316148785431822
4,8,RF time only,8,12,1,1,214.0104,0.24027971803367326
4,8,RF time only,8,12,1,1,215.0173,0.9166018821997726
4,8,RF time only,8,12,1,1,216.0121,0.7212571686336325
4,8,RF time only,8,12,1,1,217.016,0.4803960223810564
4,8,RF time only,8,12,1,1,218.0118,0.7201848819095512
4,8,RF time only,8,12,1,1,219.017,0.308225523873338
4,8,RF time only,8,12,1,1,220.0112,0.9738988455520683
4,8,RF time only,8,12,1,1,221.0145,0.8713351835955521
4,8,RF time only,8,12,1,1,222.0105,0.7720556565705292
4,8,RF time only,8,12,1,1,223.0154,0.9428107551540059
4,8,RF time only,8,12,1,1,224.0105,0.4548771872477067
4,8,RF time only,8,12,1,1,225.0148,0.7119554452885
4,8,RF time only,8,12,1,1,226.0095,0.7718700458497166
4,8,RF time only,8,12,1,1,227.0143,0.4449060463701947
4,8,RF time only,8,12,1,1,228.0086,0.7381624068362651
4,8,RF time only,8,12,1,1,229.0141,0.2391986231080216
4,8,RF time only,8,12,1,1,230.0186,0.4781212762100623
4,8,RF time only,8,12,1,1,231.0125,0.5264832762440926
4,8,RF time only,8,12,1,1,232.0178,0.30953561557815695
4,8,RF time only,8,12,1,1,233.0099,0.6395645050831984
4,8,RF time only,8,12,1,1,234.0176,0.23662341877430595
4,8,RF time only,8,12,1,1,235.0116,0.1970453925612401
4,8,RF time only,8,12,1,1,236.0172,0.43348884019829276
4,8,RF time only,8,12,1,1,237.0101,0.8444926581305838
4,8,RF time only,8,12,1,1,238.0155,0.25887657189418767
4,8,RF time only,8,12,1,1,239.008,0.6251847704065515
4,8,RF time only,8,12,1,1,240.0153,0.3660344290377102
4,8,RF time only,8,12,1,1,241.0105,0.7165581772092714
4,8,RF time only,8,12,1,1,242.0131,0.7818281574613698
4,8,RF time only,8,12,1,1,243.0095,0.7972818276835572
4,8,RF time only,8,12,1,1,244.014,0.9776576614495976
4,8,RF time only,8,12,1,1,245.0085,0.563014545282628
4,8,RF time only,8,12,1,1,246.0148,0.9845815469144932
4,8,RF time only,8,12,1,1,247.009,0.9267760374010627
4,8,RF time only,8,12,1,1,248.0144,0.5628436951813915
4,8,RF time only,8,12,1,1,249.0175,0.3826834310140674
4,8,RF time only,8,12,1,1,250.0134,0.6296918596269933
4,8,RF time only,8,12,1,1,251.0181,0.7390239115778479
4,8,RF time only,8,12,1,1,252.0121,0.905897749629425
4,8,RF time only,8,12,1,1,253.0182,0.8301176958614161
4,8,RF time only,8,12,1,1,254.0107,0.9001861768185865
4,8,RF time only,8,12,1,1,255.0149,0.9107190247227
4,8,RF time only,8,12,1,1,256.0111,0.964742534780649
4,8,RF time only,8,12,1,1,257.0152,0.9501923710630984
4,8,RF time only,8,12,1,1,258.0106,0.8171449537683605
4,8,RF time only,8,12,1,1,259.0168,0.925825532447694
4,8,RF time only,8,12,1,1,260.0113,0.8133714885549517
4,8,RF time only,8,12,1,1,261.0168,0.9556180358329934
4,8,RF time only,8,12,1,1,262.0091,0.5232966201031037
4,8,RF time only,8,12,1,1,263.015,0.8550105847615436
4,8,RF time only,8,12,1,1,264.0086,0.6587361440436329
4,8,RF time only,8,12,1,1,265.0153,0.9811789799427095
4,8,RF time only,8,12,1,1,266.0085,0.5224583663168627
4,8,RF time only,8,12,1,1,267.0125,0.9542135621492797
4,8,RF time only,8,12,1,1,268.0091,0.5794291793978956
4,8,RF time only,8,12,1,1,269.0128,0.6473559305689545
4,8,RF time only,8,12,1,1,270.0084,0.9522123918614779
4,8,RF time only,8,12,1,1,271.0146,0.670051530637863
4,8,RF time only,8,12,1,1,272.0173,0.692713681736016
4,8,RF time only,8,12,1,1,273.0097,0.3113318514062711
4,8,RF time only,8,12,1,1,274.0183,0.7277140308358657
4,8,RF time only,8,12,1,1,275.0115,0.6569807564778796
4,8,RF time only,8,12,1,1,276.0151,0.9776111600973614
4,8,RF time only,8,12,1,1,277.0096,0.8973151992429308
4,8,RF time only,8,12,1,1,278.0158,0.9090402764040789
4,8,RF time only,8,12,1,1,279.0106,0.8759578107093288
4,8,RF time only,8,12,1,1,280.0164,0.9800958512365224
4,8,RF time only,8,12,1,1,281.0103,0.28573086987284896
4,8,RF time only,8,12,1,1,282.0149,0.8952899947330699
4,8,RF time only,8,12,1,1,283.009,0.4014491038307303
4,8,RF time only,8,12,1,1,284.0134,0.9320993499074006
4,8,RF time only,8,12,1,1,285.0092,0.8970631446786297
4,8,RF time only,8,12,1,1,286.0143,0.9795482910942549
4,8,RF time only,8,12,1,1,287.0086,0.42842781119415446
4,8,RF time only,8,12,1,1,288.0116,0.9809831913036934
4,8,RF time only,8,12,1,1,289.0082,0.9309895024959726
4,8,RF time only,8,12,1,1,290.0127,0.693753147761657
4,8,RF time only,8,12,1,1,291.0188,0.7698179430948049
4,8,RF time only,8,12,1,1,292.0116,0.8279671360917565
4,8,RF time only,8,12,1,1,293.0168,0.899238946558782
4,8,RF time only,8,12,1,1,294.0131,0.7760048851649279
4,8,RF time only,8,12,1,1,295.0175,0.9254354371230739
4,8,RF time only,8,12,1,1,296.0116,0.68495242132845
4,8,RF time only,8,12,1,1,297.0178,0.8073738110762051
4,8,RF time only,8,12,1,1,298.0087,0.9761240990285264
4,8,RF time only,8,12,1,1,299.016,0.9027643290512104
4,8,RF time only,8,12,1,1,300.0092,0.7770684241846143
4,8,RF time only,8,12,1,1,301.0147,0.9770424982491144
4,8,GB time only,4,5,0,0,0.0112268,0.0007063358702963158
4,8,GB time only,4,5,0,0,1.010952,0.0007063358702963158
4,8,GB time only,4,5,0,0,2.01688,0.0007063358702963158
4,8,GB time only,4,5,0,0,3.010709,0.0007063358702963158
4,8,GB time only,4,5,0,0,4.015441,0.0007063358702963158
4,8,GB time only,4,5,0,0,5.010154,0.0007063358702963158
4,8,GB time only,4,5,0,0,6.01441,0.04501576879720853
4,8,GB time only,4,5,0,0,7.008793,0.08484627080321668
4,8,GB time only,4,5,0,0,8.014668,0.08658533662795695
4,8,GB time only,4,5,0,0,9.007746,0.08658533662795695
4,8,GB time only,4,5,0,0,10.01372,0.08658533662795695
4,8,GB time only,4,5,0,0,11.00726,0.0863254486634357
4,8,GB time only,4,5,0,0,12.01249,0.08659472890540937
4,8,GB time only,4,5,0,0,13.00669,0.08659472890540937
4,8,GB time only,4,5,0,0,14.01282,0.08659472890540937
4,8,GB time only,4,5,0,0,15.00744,0.08587728457807571
4,8,GB time only,4,5,0,0,16.01075,0.08587728457807571
4,8,GB time only,4,5,0,0,17.01668,0.047072565055520085
4,8,GB time only,4,5,0,0,18.0118,0.047072565055520085
4,8,GB time only,4,5,0,0,19.01557,0.12422053418515609
4,8,GB time only,4,5,0,0,20.00926,0.08825768352566069
4,8,GB time only,4,5,0,0,21.01652,0.04611317285784018
4,8,GB time only,4,5,0,0,22.00971,0.04611317285784018
4,8,GB time only,4,5,0,0,23.01418,0.12416451554035612
4,8,GB time only,4,5,0,0,24.00919,0.08785737400458811
4,8,GB time only,4,5,0,0,25.01588,0.08785737400458811
4,8,GB time only,4,5,0,0,26.00942,0.1680342552802299
4,8,GB time only,4,5,0,0,27.01412,0.16435394360215888
4,8,GB time only,4,5,0,0,28.00889,0.13130144336538943
4,8,GB time only,4,5,0,0,29.01367,0.20915259276943635
4,8,GB time only,4,5,0,0,30.00709,0.2453072834245014
4,8,GB time only,4,5,0,0,31.01377,0.16261040362897708
4,8,GB time only,4,5,0,0,32.00727,0.16261040362897708
4,8,GB time only,4,5,0,0,33.01159,0.2092070417349119
4,8,GB time only,4,5,0,0,34.00792,0.2092070417349119
4,8,GB time only,4,5,0,0,35.01075,0.16724169318238197
4,8,GB time only,4,5,0,0,36.00707,0.2453376039377075
4,8,GB time only,4,5,0,0,37.01272,0.21003686787352732
4,8,GB time only,4,5,0,0,38.01709,0.24105775175451924
4,8,GB time only,4,5,0,0,39.01067,0.24105775175451924
4,8,GB time only,4,5,0,0,40.01581,0.24455531567449937
4,8,GB time only,4,5,0,0,41.01084,0.21108363112291637
4,8,GB time only,4,5,0,0,42.01547,0.2456496644702868
4,8,GB time only,4,5,0,0,43.01104,0.16356180356687966
4,8,GB time only,4,5,0,0,44.01458,0.25236974979873567
4,8,GB time only,4,5,0,0,45.00882,0.21130492202403725
4,8,GB time only,4,5,0,0,46.01222,0.24169646318025761
4,8,GB time only,4,5,0,0,47.00699,0.24169646318025761
4,8,GB time only,4,5,0,0,48.01369,0.21265364967433373
4,8,GB time only,4,5,0,0,49.00858,0.21265364967433373
4,8,GB time only,4,5,0,0,50.01452,0.24469189068932565
4,8,GB time only,4,5,0,0,51.00806,0.24469189068932565
4,8,GB time only,4,5,0,0,52.01318,0.24857873703971792
4,8,GB time only,4,5,0,0,53.00839,0.3538640475660398
4,8,GB time only,4,5,0,0,54.01276,0.3538640475660398
4,8,GB time only,4,5,0,0,55.0175,0.32016134715201205
4,8,GB time only,4,5,0,0,56.01182,0.35373735033820664
4,8,GB time only,4,5,0,0,57.00686,0.35373735033820664
4,8,GB time only,4,5,0,0,58.01109,0.32929754990236854
4,8,GB time only,4,5,0,0,59.01705,0.4143311820159979
4,8,GB time only,4,5,0,0,60.01059,0.4143311820159979
4,8,GB time only,4,5,0,0,61.01579,0.33090904652153486
4,8,GB time only,4,5,0,0,62.00929,0.33090904652153486
4,8,GB time only,4,5,0,0,63.01626,0.3868008547799121
4,8,GB time only,4,5,0,0,64.01065,0.38394784118338054
4,8,GB time only,4,5,0,0,65.01405,0.3874487053553445
4,8,GB time only,4,5,0,0,66.00948,0.36526463825048916
4,8,GB time only,4,5,0,0,67.01539,0.38182036694184696
4,8,GB time only,4,5,0,0,68.00793,0.41886726521227907
4,8,GB time only,4,5,0,0,69.014,0.3956454139177895
4,8,GB time only,4,5,0,0,70.00879,0.42042188149423454
4,8,GB time only,4,5,0,0,71.01364,0.35522171766946264
4,8,GB time only,4,5,0,0,72.00794,0.35522171766946264
4,8,GB time only,4,5,0,0,73.01243,0.4516042257149221
4,8,GB time only,4,5,0,0,74.01789,0.4237190254338407
4,8,GB time only,4,5,0,0,75.01195,0.4237190254338407
4,8,GB time only,4,5,0,0,76.01669,0.4167314863246401
4,8,GB time only,4,5,0,0,77.01137,0.3655474298319281
4,8,GB time only,4,5,0,0,78.01778,0.45415137999586835
4,8,GB time only,4,5,0,0,79.00958,0.4487190360828469
4,8,GB time only,4,5,0,0,80.01713,0.4848437317487783
4,8,GB time only,4,5,0,0,81.01,0.4848437317487783
4,8,GB time only,4,5,0,0,82.01595,0.3982524718668031
4,8,GB time only,4,5,0,0,83.00983,0.4279146745903751
4,8,GB time only,4,5,0,0,84.01365,0.4457916306401777
4,8,GB time only,4,5,0,0,85.00916,0.4834310669091789
4,8,GB time only,4,5,0,0,86.01279,0.43313865982880434
4,8,GB time only,4,5,0,0,87.00995,0.4831152961480575
4,8,GB time only,4,5,0,0,88.01443,0.47720123151740057
4,8,GB time only,4,5,0,0,89.00826,0.4629730960461499
4,8,GB time only,4,5,0,0,90.01387,0.4629730960461499
4,8,GB time only,4,5,0,0,91.00777,0.4629730960461499
4,8,GB time only,4,5,0,0,92.01324,0.5441119149721092
4,8,GB time only,4,5,0,0,93.00788,0.48372501019742975
4,8,GB time only,4,5,0,0,94.01026,0.49145672667132745
4,8,GB time only,4,5,0,0,95.00691,0.5426317124144764
4,8,GB time only,4,5,1,1,96.01107,0.4541979497032272
4,8,GB time only,4,5,1,1,97.01478,0.48565620463769704
4,8,GB time only,4,5,1,1,98.00982,0.46478816885085605
4,8,GB time only,4,5,1,1,99.0165,0.6021723375465717
4,8,GB time only,4,5,1,1,100.0108,0.5117997140409042
4,8,GB time only,4,5,1,1,101.0142,0.5117997140409042
4,8,GB time only,4,5,1,1,102.0099,0.5117997140409042
4,8,GB time only,4,5,1,1,103.0166,0.5271857628107615
4,8,GB time only,4,5,1,1,104.0105,0.5212642571118788
4,8,GB time only,4,5,1,1,105.0166,0.42239060543062745
4,8,GB time only,4,5,1,1,106.0182,0.45914864780542103
4,8,GB time only,4,5,1,1,107.0155,0.45914864780542103
4,8,GB time only,4,5,1,1,108.0081,0.45914864780542103
4,8,GB time only,4,5,1,1,109.0137,0.5109191466580455
4,8,GB time only,4,5,1,1,110.0078,0.4487141313889453
4,8,GB time only,4,5,1,1,111.0129,0.36721751993587287
4,8,GB time only,4,5,1,1,112.0085,0.5433621431068256
4,8,GB time only,4,5,1,1,113.0132,0.5080332096774589
4,8,GB time only,4,5,1,1,114.0183,0.5080332096774589
4,8,GB time only,4,5,1,1,115.0109,0.4265418866598208
4,8,GB time only,4,5,1,1,116.0171,0.40228807771012237
4,8,GB time only,4,5,1,1,117.0108,0.42768745354132404
4,8,GB time only,4,5,1,1,118.017,0.44609067606540914
4,8,GB time only,4,5,1,1,119.0105,0.44609067606540914
4,8,GB time only,4,5,1,1,120.017,0.45012349856286626
4,8,GB time only,4,5,1,1,121.0103,0.4272804065036653
4,8,GB time only,4,5,1,1,122.0142,0.42385826111542974
4,8,GB time only,4,5,1,1,123.0111,0.4580022214927252
4,8,GB time only,4,5,1,1,124.0154,0.48047793598575517
4,8,GB time only,4,5,1,1,125.0098,0.48047793598575517
4,8,GB time only,4,5,1,1,126.016,0.45822561818139185
4,8,GB time only,4,5,1,1,127.0077,0.45822561818139185
4,8,GB time only,4,5,1,1,128.0149,0.4234104716643398
4,8,GB time only,4,5,1,1,129.0092,0.4234104716643398
4,8,GB time only,4,5,1,1,130.0139,0.5152836340233361
4,8,GB time only,4,5,1,1,131.0076,0.5096107381863858
4,8,GB time only,4,5,1,1,132.0115,0.5096107381863858
4,8,GB time only,4,5,1,1,133.0071,0.5096107381863858
4,8,GB time only,4,5,1,1,134.0139,0.5216857082110714
4,8,GB time only,4,5,1,1,135.0174,0.5216857082110714
4,8,GB time only,4,5,1,1,136.0132,0.5216857082110714
4,8,GB time only,4,5,1,1,137.0163,0.5325477714425565
4,8,GB time only,4,5,1,1,138.0116,0.5249127359107123
4,8,GB time only,4,5,1,1,139.0176,0.5249127359107123
4,8,GB time only,4,5,1,1,140.0102,0.5249127359107123
4,8,GB time only,4,5,1,1,141.0144,0.6010221162769975
4,8,GB time only,4,5,1,1,142.0095,0.5166593549896066
4,8,GB time only,4,5,1,1,143.0164,0.5241094070289984
4,8,GB time only,4,5,1,1,144.0101,0.5499875994417991
4,8,GB time only,4,5,1,1,145.0154,0.571011625737966
4,8,GB time only,4,5,1,1,146.0091,0.571011625737966
4,8,GB time only,4,5,1,1,147.0136,0.5179230019825724
4,8,GB time only,4,5,1,1,148.0082,0.5469181034567118
4,8,GB time only,4,5,1,1,149.0152,0.5017042025112138
4,8,GB time only,4,5,1,1,150.0077,0.5017042025112138
4,8,GB time only,4,5,1,1,151.0137,0.5268555968191792
4,8,GB time only,4,5,1,1,152.0168,0.5268555968191792
4,8,GB time only,4,5,1,1,153.0125,0.5268555968191792
4,8,GB time only,4,5,1,1,154.0174,0.572427907919629
4,8,GB time only,4,5,1,1,155.0128,0.5399198191123322
4,8,GB time only,4,5,1,1,156.0177,0.5297681799859739
4,8,GB time only,4,5,1,1,157.0102,0.5297681799859739
4,8,GB time only,4,5,1,1,158.0163,0.6316272605519206
4,8,GB time only,4,5,1,1,159.0115,0.5616629364441037
4,8,GB time only,4,5,1,1,160.0177,0.6113819330450151
4,8,GB time only,4,5,1,1,161.0104,0.6113819330450151
4,8,GB time only,4,5,1,1,162.0165,0.6235165717485098
4,8,GB time only,4,5,1,1,163.0099,0.6318098078995068
4,8,GB time only,4,5,1,1,164.0155,0.5898141010263779
4,8,GB time only,4,5,1,1,165.0094,0.5898141010263779
4,8,GB time only,4,5,1,1,166.0161,0.603299258470113
4,8,GB time only,4,5,1,1,167.0091,0.603299258470113
4,8,GB time only,4,5,1,1,168.0139,0.6108377423118923
4,8,GB time only,4,5,1,1,169.0086,0.6550125727333672
4,8,GB time only,4,5,1,1,170.0137,0.6018077787043162
4,8,GB time only,4,5,1,1,171.0075,0.6018077787043162
4,8,GB time only,4,5,1,1,172.0139,0.5884253610007469
4,8,GB time only,4,5,1,1,173.0076,0.5884253610007469
4,8,GB time only,4,5,1,1,174.0126,0.598395403725312
4,8,GB time only,4,5,1,1,175.0179,0.6333908626507482
4,8,GB time only,4,5,1,1,176.0124,0.5909601797294459
4,8,GB time only,4,5,1,1,177.0172,0.6076241267866928
4,8,GB time only,4,5,1,1,178.0104,0.6076241267866928
4,8,GB time only,4,5,1,1,179.0168,0.6022999299955807
4,8,GB time only,4,5,1,1,180.0106,0.6307834187743102
4,8,GB time only,4,5,1,1,181.0163,0.6244344217846446
4,8,GB time only,4,5,1,1,182.0099,0.6244344217846446
4,8,GB time only,4,5,1,1,183.0135,0.6244344217846446
4,8,GB time only,4,5,1,1,184.0087,0.6036641770772107
4,8,GB time only,4,5,1,1,185.0154,0.6326211483021811
4,8,GB time only,4,5,1,1,186.0081,0.5923430181089266
4,8,GB time only,4,5,1,1,187.016,0.6328149790908032
4,8,GB time only,4,5,1,1,188.0089,0.6328149790908032
4,8,GB time only,4,5,1,1,189.0137,0.5774823208822967
4,8,GB time only,4,5,1,1,190.0086,0.6399503384026641
4,8,GB time only,4,5,1,1,191.0144,0.6399503384026641
4,8,GB time only,4,5,1,1,192.0072,0.6399503384026641
4,8,GB time only,4,5,1,1,193.0135,0.6969182584614122
4,8,GB time only,4,5,1,1,194.0179,0.6662531783786225
4,8,GB time only,4,5,1,1,195.013,0.6189784866599097
4,8,GB time only,4,5,1,1,196.0172,0.7091328334917785
4,8,GB time only,4,5,1,1,197.0123,0.6051119061433886
4,8,GB time only,4,5,1,1,198.0175,0.6617493262310933
4,8,GB time only,4,5,1,1,199.0116,0.6617493262310933
4,8,GB time only,4,5,1,1,200.0164,0.6460611845072216
4,8,GB time only,4,5,1,1,201.0108,0.6497168685814709
4,8,GB time only,4,5,1,1,202.0157,0.688380259979711
4,8,GB time only,4,5,1,1,203.0093,0.688380259979711
4,8,GB time only,4,5,1,1,204.016,0.586248704349104
4,8,GB time only,4,5,1,1,205.009,0.586248704349104
4,8,GB time only,4,5,1,1,206.0156,0.6207186235253
4,8,GB time only,4,5,1,1,207.0176,0.615775111193055
4,8,GB time only,4,5,1,1,208.0142,0.6333503849250425
4,8,GB time only,4,5,1,1,209.008,0.6333503849250425
4,8,GB time only,4,5,1,1,210.014,0.5916398196553936
4,8,GB time only,4,5,1,1,211.0073,0.6002332511997125
4,8,GB time only,4,5,1,1,212.0144,0.6580568072532549
4,8,GB time only,4,5,1,1,213.0071,0.6580568072532549
4,8,GB time only,4,5,1,1,214.0131,0.6125732872351939
4,8,GB time only,4,5,1,1,215.0179,0.5750532834867781
4,8,GB time only,4,5,1,1,216.013,0.5750532834867781
4,8,GB time only,4,5,1,1,217.0178,0.640400632487954
4,8,GB time only,4,5,1,1,218.0116,0.6640404900317959
4,8,GB time only,4,5,1,1,219.016,0.6640404900317959
4,8,GB time only,4,5,1,1,220.0108,0.6640404900317959
4,8,GB time only,4,5,1,1,221.0161,0.6293631918040257
4,8,GB time only,4,5,1,1,222.0095,0.6397304216692531
4,8,GB time only,4,5,1,1,223.0147,0.6635992936521592
4,8,GB time only,4,5,1,1,224.0093,0.6635992936521592
4,8,GB time only,4,5,1,1,225.0162,0.6640672717584549
4,8,GB time only,4,5,1,1,226.0088,0.6640672717584549
4,8,GB time only,4,5,1,1,227.0151,0.616497560542697
4,8,GB time only,4,5,1,1,228.0091,0.6871794569390309
4,8,GB time only,4,5,1,1,229.0138,0.6766319965842406
4,8,GB time only,4,5,1,1,230.0083,0.6766319965842406
4,8,GB time only,4,5,1,1,231.0125,0.6170152889684484
4,8,GB time only,4,5,1,1,232.0183,0.6408485011735783
4,8,GB time only,4,5,1,1,233.0139,0.6408485011735783
4,8,GB time only,4,5,1,1,234.0073,0.6730091750013643
4,8,GB time only,4,5,1,1,235.0123,0.6730091750013643
4,8,GB time only,4,5,1,1,236.016,0.6182531255341324
4,8,GB time only,4,5,1,1,237.0108,0.6633984865504511
4,8,GB time only,4,5,1,1,238.017,0.6183898472961843
4,8,GB time only,4,5,1,1,239.0087,0.6514081935195747
4,8,GB time only,4,5,1,1,240.0161,0.7109202262514881
4,8,GB time only,4,5,1,1,241.01,0.7109202262514881
4,8,GB time only,4,5,1,1,242.016,0.6176067433287059
4,8,GB time only,4,5,1,1,243.0107,0.6500757332385404
4,8,GB time only,4,5,1,1,244.0154,0.6442511877569721
4,8,GB time only,4,5,1,1,245.0092,0.6601708306150479
4,8,GB time only,4,5,1,1,246.0161,0.6417761264766632
4,8,GB time only,4,5,1,1,247.0085,0.6417761264766632
4,8,GB time only,4,5,1,1,248.0154,0.6326522712323108
4,8,GB time only,4,5,1,1,249.0085,0.6604289910295184
4,8,GB time only,4,5,1,1,250.0141,0.6405501909294704
4,8,GB time only,4,5,1,1,251.0076,0.6405501909294704
4,8,GB time only,4,5,1,1,252.0128,0.6405501909294704
4,8,GB time only,4,5,1,1,253.0088,0.6391246423123904
4,8,GB time only,4,5,1,1,254.0108,0.6318536309601758
4,8,GB time only,4,5,1,1,255.0078,0.7430914390819767
4,8,GB time only,4,5,1,1,256.012,0.7430914390819767
4,8,GB time only,4,5,1,1,257.0182,0.6668682547110535
4,8,GB time only,4,5,1,1,258.0112,0.6018519713127127
4,8,GB time only,4,5,1,1,259.0172,0.7152249238743076
4,8,GB time only,4,5,1,1,260.0108,0.7152249238743076
4,8,GB time only,4,5,1,1,261.017,0.6947460322431391
4,8,GB time only,4,5,1,1,262.0099,0.6307634851450404
4,8,GB time only,4,5,1,1,263.0157,0.639518799333092
4,8,GB time only,4,5,1,1,264.0089,0.692070975640684
4,8,GB time only,4,5,1,1,265.0158,0.692070975640684
4,8,GB time only,4,5,1,1,266.0085,0.692070975640684
4,8,GB time only,4,5,1,1,267.0144,0.6304731450272184
4,8,GB time only,4,5,1,1,268.0078,0.6777467484798941
4,8,GB time only,4,5,1,1,269.0122,0.6802863099853861
4,8,GB time only,4,5,1,1,270.0178,0.6802863099853861
4,8,GB time only,4,5,1,1,271.0129,0.6710648036606511
4,8,GB time only,4,5,1,1,272.0069,0.6766348371697972
4,8,GB time only,4,5,1,1,273.0135,0.6455275482181043
4,8,GB time only,4,5,1,1,274.0166,0.691100066033127
4,8,GB time only,4,5,1,1,275.0122,0.691100066033127
4,8,GB time only,4,5,1,1,276.0172,0.6712986384594276
4,8,GB time only,4,5,1,1,277.0125,0.6785468545572905
4,8,GB time only,4,5,1,1,278.0169,0.7194720782470708
4,8,GB time only,4,5,1,1,279.0107,0.7194720782470708
4,8,GB time only,4,5,1,1,280.0169,0.7194720782470708
4,8,GB time only,4,5,1,1,281.0101,0.6716735437959608
4,8,GB time only,4,5,1,1,282.0158,0.7054088190422868
4,8,GB time only,4,5,1,1,283.0089,0.7054088190422868
4,8,GB time only,4,5,1,1,284.0149,0.7179608477476209
4,8,GB time only,4,5,1,1,285.0083,0.7071633213669873
4,8,GB time only,4,5,1,1,286.0139,0.7183393110779828
4,8,GB time only,4,5,1,1,287.0074,0.7183393110779828
4,8,GB time only,4,5,1,1,288.0117,0.695339898803699
4,8,GB time only,4,5,1,1,289.007,0.695339898803699
4,8,GB time only,4,5,1,1,290.0117,0.655245754011028
4,8,GB time only,4,5,1,1,291.008,0.655245754011028
4,8,GB time only,4,5,1,1,292.0127,0.7630930977599673
4,8,GB time only,4,5,1,1,293.017,0.7630930977599673
4,8,GB time only,4,5,1,1,294.0127,0.6972400269760474
4,8,GB time only,4,5,1,1,295.0174,0.7953543148003072
4,8,GB time only,4,5,1,1,296.0103,0.7953543148003072
4,8,GB time only,4,5,1,1,297.017,0.7561171817696141
4,8,GB time only,4,5,1,1,298.0103,0.7238779623099973
4,8,GB time only,4,5,1,1,299.0154,0.772657455138759
4,8,GB time only,4,5,1,1,300.0082,0.772657455138759
4,8,GB time only,4,5,1,1,301.0146,0.7793581118484343
4,8,GB time only,4,6,0,0,0.0,0.0007063358702963158
4,8,GB time only,4,6,0,0,1.00495,0.0007063358702963158
4,8,GB time only,4,6,0,0,1.998281,0.0007063358702963158
4,8,GB time only,4,6,0,0,3.004618,0.0007063358702963158
4,8,GB time only,4,6,0,0,3.999141,0.0007063358702963158
4,8,GB time only,4,6,0,0,5.003382,0.0007063358702963158
4,8,GB time only,4,6,0,0,5.998161,0.0007063358702963158
4,8,GB time only,4,6,0,0,7.000859,0.04501576879720853
4,8,GB time only,4,6,0,0,7.997983,0.08484627080321668
4,8,GB time only,4,6,0,0,9.002149,0.08658533662795695
4,8,GB time only,4,6,0,0,9.996326,0.08658533662795695
4,8,GB time only,4,6,0,0,11.00007,0.08658533662795695
4,8,GB time only,4,6,0,0,11.99659,0.0863254486634357
4,8,GB time only,4,6,0,0,13.00098,0.08659472890540937
4,8,GB time only,4,6,0,0,13.99541,0.08659472890540937
4,8,GB time only,4,6,0,0,14.99912,0.08659472890540937
4,8,GB time only,4,6,0,0,15.99681,0.08587728457807571
4,8,GB time only,4,6,0,0,16.99845,0.0866208492531828
4,8,GB time only,4,6,0,0,18.00539,0.047072565055520085
4,8,GB time only,4,6,0,0,18.9994,0.12422053418515609
4,8,GB time only,4,6,0,0,20.00367,0.08825768352566069
4,8,GB time only,4,6,0,0,20.99707,0.12799830734477424
4,8,GB time only,4,6,0,0,22.00514,0.04611317285784018
4,8,GB time only,4,6,0,0,22.99883,0.12416451554035612
4,8,GB time only,4,6,0,0,24.00393,0.08785737400458811
4,8,GB time only,4,6,0,0,24.99814,0.08785737400458811
4,8,GB time only,4,6,0,0,26.00431,0.1680342552802299
4,8,GB time only,4,6,0,0,26.99778,0.1680342552802299
4,8,GB time only,4,6,0,0,28.00385,0.13130144336538943
4,8,GB time only,4,6,0,0,28.99657,0.13130144336538943
4,8,GB time only,4,6,0,0,30.00375,0.20915259276943635
4,8,GB time only,4,6,0,0,30.99679,0.2453072834245014
4,8,GB time only,4,6,0,0,32.00263,0.16261040362897708
4,8,GB time only,4,6,0,0,32.99657,0.25243864973596386
4,8,GB time only,4,6,0,0,34.00122,0.2092070417349119
4,8,GB time only,4,6,0,0,35.00551,0.16724169318238197
4,8,GB time only,4,6,0,0,36.00011,0.2453376039377075
4,8,GB time only,4,6,0,0,36.99636,0.21003686787352732
4,8,GB time only,4,6,0,0,38.00019,0.21003686787352732
4,8,GB time only,4,6,0,0,39.00475,0.24105775175451924
4,8,GB time only,4,6,0,0,39.99985,0.24455531567449937
4,8,GB time only,4,6,0,0,41.00478,0.21108363112291637
4,8,GB time only,4,6,0,0,41.99879,0.21108363112291637
4,8,GB time only,4,6,0,0,42.99495,0.2456496644702868
4,8,GB time only,4,6,0,0,43.99932,0.16356180356687966
4,8,GB time only,4,6,0,0,45.00479,0.21130492202403725
4,8,GB time only,4,6,0,0,45.99848,0.21130492202403725
4,8,GB time only,4,6,0,0,47.00407,0.24169646318025761
4,8,GB time only,4,6,0,0,47.99735,0.2437434114591873
4,8,GB time only,4,6,0,0,49.00396,0.21265364967433373
4,8,GB time only,4,6,0,0,49.99818,0.2803968621748805
4,8,GB time only,4,6,0,0,51.00159,0.24469189068932565
4,8,GB time only,4,6,0,0,51.99651,0.24857873703971792
4,8,GB time only,4,6,0,0,53.00211,0.3538640475660398
4,8,GB time only,4,6,0,0,53.99723,0.3538640475660398
4,8,GB time only,4,6,0,0,55.00178,0.32016134715201205
4,8,GB time only,4,6,0,0,55.99569,0.32016134715201205
4,8,GB time only,4,6,0,0,56.99967,0.35373735033820664
4,8,GB time only,4,6,0,0,57.99514,0.35373735033820664
4,8,GB time only,4,6,0,0,59.0001,0.32929754990236854
4,8,GB time only,4,6,0,0,60.00412,0.4143311820159979
4,8,GB time only,4,6,0,0,60.99954,0.4485351281666407
4,8,GB time only,4,6,0,0,62.00455,0.33090904652153486
4,8,GB time only,4,6,0,0,62.99667,0.3868008547799121
4,8,GB time only,4,6,0,0,64.00391,0.38394784118338054
4,8,GB time only,4,6,0,0,64.99876,0.3874487053553445
4,8,GB time only,4,6,0,0,66.00466,0.36526463825048916
4,8,GB time only,4,6,0,0,66.99519,0.36526463825048916
4,8,GB time only,4,6,0,0,68.00278,0.38182036694184696
4,8,GB time only,4,6,0,0,68.99691,0.41886726521227907
4,8,GB time only,4,6,0,0,70.00152,0.3956454139177895
4,8,GB time only,4,6,0,0,70.99718,0.42042188149423454
4,8,GB time only,4,6,0,0,72.00053,0.35522171766946264
4,8,GB time only,4,6,0,0,72.99554,0.4516042257149221
4,8,GB time only,4,6,0,0,74.00175,0.4237190254338407
4,8,GB time only,4,6,0,0,74.99531,0.4237190254338407
4,8,GB time only,4,6,0,0,76.00156,0.4167314863246401
4,8,GB time only,4,6,0,0,76.9957,0.4167314863246401
4,8,GB time only,4,6,0,0,77.99854,0.3655474298319281
4,8,GB time only,4,6,1,1,79.00594,0.45415137999586835
4,8,GB time only,4,6,1,1,79.99966,0.4487190360828469
4,8,GB time only,4,6,1,1,81.0055,0.4848437317487783
4,8,GB time only,4,6,1,1,81.99766,0.3982524718668031
4,8,GB time only,4,6,1,1,83.00455,0.4279146745903751
4,8,GB time only,4,6,1,1,83.99812,0.4457916306401777
4,8,GB time only,4,6,1,1,85.00332,0.4834310669091789
4,8,GB time only,4,6,1,1,85.9983,0.4834310669091789
4,8,GB time only,4,6,1,1,87.00482,0.4831152961480575
4,8,GB time only,4,6,1,1,87.99602,0.4831152961480575
4,8,GB time only,4,6,1,1,89.00328,0.47720123151740057
4,8,GB time only,4,6,1,1,89.99747,0.4629730960461499
4,8,GB time only,4,6,1,1,91.00337,0.4629730960461499
4,8,GB time only,4,6,1,1,91.99653,0.5441119149721092
4,8,GB time only,4,6,1,1,93.00198,0.48372501019742975
4,8,GB time only,4,6,1,1,93.99605,0.49145672667132745
4,8,GB time only,4,6,1,1,95.0014,0.5426317124144764
4,8,GB time only,4,6,1,1,95.99513,0.5426317124144764
4,8,GB time only,4,6,1,1,97.00123,0.4541979497032272
4,8,GB time only,4,6,1,1,98.00561,0.46478816885085605
4,8,GB time only,4,6,1,1,99.00047,0.46478816885085605
4,8,GB time only,4,6,1,1,100.0045,0.6021723375465717
4,8,GB time only,4,6,1,1,100.9993,0.5117997140409042
4,8,GB time only,4,6,1,1,102.0045,0.5117997140409042
4,8,GB time only,4,6,1,1,102.9964,0.5271857628107615
4,8,GB time only,4,6,1,1,104.0036,0.5212642571118788
4,8,GB time only,4,6,1,1,104.998,0.42239060543062745
4,8,GB time only,4,6,1,1,106.0024,0.42239060543062745
4,8,GB time only,4,6,1,1,106.9969,0.45914864780542103
4,8,GB time only,4,6,1,1,108.0033,0.45914864780542103
4,8,GB time only,4,6,1,1,108.9968,0.5109191466580455
4,8,GB time only,4,6,1,1,110.0023,0.4487141313889453
4,8,GB time only,4,6,1,1,110.9956,0.4487141313889453
4,8,GB time only,4,6,1,1,112.0019,0.36721751993587287
4,8,GB time only,4,6,1,1,112.9961,0.5433621431068256
4,8,GB time only,4,6,1,1,114.0015,0.5080332096774589
4,8,GB time only,4,6,1,1,114.9951,0.4265418866598208
4,8,GB time only,4,6,1,1,115.9994,0.40228807771012237
4,8,GB time only,4,6,1,1,116.9956,0.40228807771012237
4,8,GB time only,4,6,1,1,118.0012,0.42768745354132404
4,8,GB time only,4,6,1,1,119.0061,0.44609067606540914
4,8,GB time only,4,6,1,1,119.9999,0.45012349856286626
4,8,GB time only,4,6,1,1,121.005,0.4272804065036653
4,8,GB time only,4,6,1,1,121.9982,0.4272804065036653
4,8,GB time only,4,6,1,1,123.0025,0.42385826111542974
4,8,GB time only,4,6,1,1,123.9976,0.4580022214927252
4,8,GB time only,4,6,1,1,125.0031,0.48047793598575517
4,8,GB time only,4,6,1,1,125.9979,0.45822561818139185
4,8,GB time only,4,6,1,1,127.0042,0.45822561818139185
4,8,GB time only,4,6,1,1,127.9954,0.45822561818139185
4,8,GB time only,4,6,1,1,129.0022,0.4234104716643398
4,8,GB time only,4,6,1,1,129.9973,0.5152836340233361
4,8,GB time only,4,6,1,1,131.0019,0.5096107381863858
4,8,GB time only,4,6,1,1,131.9967,0.5096107381863858
4,8,GB time only,4,6,1,1,133.0011,0.5096107381863858
4,8,GB time only,4,6,1,1,133.9959,0.510354852882535
4,8,GB time only,4,6,1,1,135.0006,0.5216857082110714
4,8,GB time only,4,6,1,1,135.9956,0.5216857082110714
4,8,GB time only,4,6,1,1,137.0,0.5325477714425565
4,8,GB time only,4,6,1,1,137.9949,0.5325477714425565
4,8,GB time only,4,6,1,1,139.0005,0.5249127359107123
4,8,GB time only,4,6,1,1,140.005,0.5249127359107123
4,8,GB time only,4,6,1,1,141.0011,0.6010221162769975
4,8,GB time only,4,6,1,1,142.0049,0.5166593549896066
4,8,GB time only,4,6,1,1,143.0005,0.5166593549896066
4,8,GB time only,4,6,1,1,144.0034,0.5241094070289984
4,8,GB time only,4,6,1,1,144.9979,0.5499875994417991
4,8,GB time only,4,6,1,1,146.0038,0.571011625737966
4,8,GB time only,4,6,1,1,146.9981,0.5179230019825724
4,8,GB time only,4,6,1,1,148.0031,0.5469181034567118
4,8,GB time only,4,6,1,1,148.9964,0.5469181034567118
4,8,GB time only,4,6,1,1,150.0031,0.5017042025112138
4,8,GB time only,4,6,1,1,150.998,0.5866745486267496
4,8,GB time only,4,6,1,1,152.0034,0.5268555968191792
4,8,GB time only,4,6,1,1,152.9952,0.5268555968191792
4,8,GB time only,4,6,1,1,154.0003,0.5268555968191792
4,8,GB time only,4,6,1,1,154.9953,0.572427907919629
4,8,GB time only,4,6,1,1,156.0001,0.5399198191123322
4,8,GB time only,4,6,1,1,156.995,0.5297681799859739
4,8,GB time only,4,6,1,1,157.9995,0.6316272605519206
4,8,GB time only,4,6,1,1,158.9955,0.6316272605519206
4,8,GB time only,4,6,1,1,160.0004,0.5616629364441037
4,8,GB time only,4,6,1,1,161.0052,0.6113819330450151
4,8,GB time only,4,6,1,1,161.9997,0.6235165717485098
4,8,GB time only,4,6,1,1,163.0055,0.6318098078995068
4,8,GB time only,4,6,1,1,163.9982,0.6318098078995068
4,8,GB time only,4,6,1,1,165.0044,0.5898141010263779
4,8,GB time only,4,6,1,1,165.9982,0.608686858217677
4,8,GB time only,4,6,1,1,167.0028,0.603299258470113
4,8,GB time only,4,6,1,1,167.9974,0.6108377423118923
4,8,GB time only,4,6,1,1,169.0004,0.6550125727333672
4,8,GB time only,4,6,1,1,169.9961,0.6550125727333672
4,8,GB time only,4,6,1,1,171.0027,0.6018077787043162
4,8,GB time only,4,6,1,1,171.9965,0.6604338810161468
4,8,GB time only,4,6,1,1,173.0008,0.5884253610007469
4,8,GB time only,4,6,1,1,173.9957,0.5884253610007469
4,8,GB time only,4,6,1,1,175.0005,0.598395403725312
4,8,GB time only,4,6,1,1,176.0067,0.6333908626507482
4,8,GB time only,4,6,1,1,176.9993,0.5909601797294459
4,8,GB time only,4,6,1,1,178.0047,0.6076241267866928
4,8,GB time only,4,6,1,1,178.9991,0.6022999299955807
4,8,GB time only,4,6,1,1,180.0038,0.6307834187743102
4,8,GB time only,4,6,1,1,180.9995,0.6307834187743102
4,8,GB time only,4,6,1,1,182.0041,0.6244344217846446
4,8,GB time only,4,6,1,1,183.0005,0.6244344217846446
4,8,GB time only,4,6,1,1,184.0035,0.6036641770772107
4,8,GB time only,4,6,1,1,184.9995,0.6036641770772107
4,8,GB time only,4,6,1,1,186.0027,0.6326211483021811
4,8,GB time only,4,6,1,1,186.9969,0.5923430181089266
4,8,GB time only,4,6,1,1,188.0041,0.6328149790908032
4,8,GB time only,4,6,1,1,188.9965,0.5774823208822967
4,8,GB time only,4,6,1,1,190.0023,0.6399503384026641
4,8,GB time only,4,6,1,1,190.997,0.6399503384026641
4,8,GB time only,4,6,1,1,192.0012,0.6399503384026641
4,8,GB time only,4,6,1,1,192.9953,0.6969182584614122
4,8,GB time only,4,6,1,1,194.0018,0.6662531783786225
4,8,GB time only,4,6,1,1,194.9951,0.6189784866599097
4,8,GB time only,4,6,1,1,196.0017,0.7091328334917785
4,8,GB time only,4,6,1,1,196.9955,0.7091328334917785
4,8,GB time only,4,6,1,1,197.9992,0.6051119061433886
4,8,GB time only,4,6,1,1,199.0046,0.6617493262310933
4,8,GB time only,4,6,1,1,199.9997,0.6460611845072216
4,8,GB time only,4,6,1,1,201.0053,0.6497168685814709
4,8,GB time only,4,6,1,1,201.9996,0.6497168685814709
4,8,GB time only,4,6,1,1,203.0045,0.688380259979711
4,8,GB time only,4,6,1,1,203.9994,0.586248704349104
4,8,GB time only,4,6,1,1,205.0027,0.586248704349104
4,8,GB time only,4,6,1,1,205.9978,0.6207186235253
4,8,GB time only,4,6,1,1,207.0028,0.6207186235253
4,8,GB time only,4,6,1,1,207.9981,0.615775111193055
4,8,GB time only,4,6,1,1,209.0018,0.6333503849250425
4,8,GB time only,4,6,1,1,209.9971,0.5916398196553936
4,8,GB time only,4,6,1,1,211.0018,0.6002332511997125
4,8,GB time only,4,6,1,1,211.9965,0.6002332511997125
4,8,GB time only,4,6,1,1,213.0005,0.6580568072532549
4,8,GB time only,4,6,1,1,213.9955,0.6125732872351939
4,8,GB time only,4,6,1,1,215.0018,0.5837470090713415
4,8,GB time only,4,6,1,1,216.0054,0.5750532834867781
4,8,GB time only,4,6,1,1,216.999,0.5750532834867781
4,8,GB time only,4,6,1,1,218.0052,0.640400632487954
4,8,GB time only,4,6,1,1,219.0004,0.6640404900317959
4,8,GB time only,4,6,1,1,219.9952,0.6640404900317959
4,8,GB time only,4,6,1,1,220.9994,0.6293631918040257
4,8,GB time only,4,6,1,1,222.004,0.6397304216692531
4,8,GB time only,4,6,1,1,222.9986,0.6397304216692531
4,8,GB time only,4,6,1,1,224.0039,0.6635992936521592
4,8,GB time only,4,6,1,1,224.9971,0.629376031312715
4,8,GB time only,4,6,1,1,226.0025,0.6640672717584549
4,8,GB time only,4,6,1,1,226.997,0.616497560542697
4,8,GB time only,4,6,1,1,228.0032,0.6871794569390309
4,8,GB time only,4,6,1,1,228.9982,0.6871794569390309
4,8,GB time only,4,6,1,1,230.0016,0.6766319965842406
4,8,GB time only,4,6,1,1,230.9958,0.6170152889684484
4,8,GB time only,4,6,1,1,232.0021,0.6408485011735783
4,8,GB time only,4,6,1,1,232.996,0.6408485011735783
4,8,GB time only,4,6,1,1,234.0009,0.6408485011735783
4,8,GB time only,4,6,1,1,234.9951,0.6730091750013643
4,8,GB time only,4,6,1,1,236.0014,0.6182531255341324
4,8,GB time only,4,6,1,1,236.9952,0.6633984865504511
4,8,GB time only,4,6,1,1,238.0005,0.6183898472961843
4,8,GB time only,4,6,1,1,239.0048,0.6183898472961843
4,8,GB time only,4,6,1,1,239.998,0.6514081935195747
4,8,GB time only,4,6,1,1,241.0045,0.7109202262514881
4,8,GB time only,4,6,1,1,241.9997,0.6176067433287059
4,8,GB time only,4,6,1,1,243.0043,0.6500757332385404
4,8,GB time only,4,6,1,1,243.9979,0.6500757332385404
4,8,GB time only,4,6,1,1,245.0045,0.6442511877569721
4,8,GB time only,4,6,1,1,245.9983,0.6601708306150479
4,8,GB time only,4,6,1,1,247.0034,0.6417761264766632
4,8,GB time only,4,6,1,1,247.9966,0.6326522712323108
4,8,GB time only,4,6,1,1,249.0038,0.6326522712323108
4,8,GB time only,4,6,1,1,249.9967,0.6604289910295184
4,8,GB time only,4,6,1,1,251.0027,0.6405501909294704
4,8,GB time only,4,6,1,1,251.9969,0.6405501909294704
4,8,GB time only,4,6,1,1,253.0018,0.6391246423123904
4,8,GB time only,4,6,1,1,254.0059,0.6318536309601758
4,8,GB time only,4,6,1,1,255.0009,0.6318536309601758
4,8,GB time only,4,6,1,1,256.006,0.7430914390819767
4,8,GB time only,4,6,1,1,257.0001,0.6668682547110535
4,8,GB time only,4,6,1,1,257.9961,0.6668682547110535
4,8,GB time only,4,6,1,1,259.0005,0.6018519713127127
4,8,GB time only,4,6,1,1,260.0055,0.7152249238743076
4,8,GB time only,4,6,1,1,260.9998,0.6947460322431391
4,8,GB time only,4,6,1,1,262.0056,0.6307634851450404
4,8,GB time only,4,6,1,1,262.9988,0.6307634851450404
4,8,GB time only,4,6,1,1,264.0048,0.639518799333092
4,8,GB time only,4,6,1,1,264.9983,0.692070975640684
4,8,GB time only,4,6,1,1,266.0038,0.692070975640684
4,8,GB time only,4,6,1,1,266.9969,0.692070975640684
4,8,GB time only,4,6,1,1,268.0023,0.6304731450272184
4,8,GB time only,4,6,1,1,268.9973,0.6777467484798941
4,8,GB time only,4,6,1,1,270.0033,0.6802863099853861
4,8,GB time only,4,6,1,1,270.9977,0.6710648036606511
4,8,GB time only,4,6,1,1,272.0032,0.6766348371697972
4,8,GB time only,4,6,1,1,272.9963,0.6766348371697972
4,8,GB time only,4,6,1,1,274.0013,0.6455275482181043
4,8,GB time only,4,6,1,1,275.0058,0.691100066033127
4,8,GB time only,4,6,1,1,276.0016,0.6712986384594276
4,8,GB time only,4,6,1,1,276.9961,0.6712986384594276
4,8,GB time only,4,6,1,1,278.0005,0.6785468545572905
4,8,GB time only,4,6,1,1,279.0054,0.7194720782470708
4,8,GB time only,4,6,1,1,280.0003,0.7194720782470708
4,8,GB time only,4,6,1,1,281.0043,0.6716735437959608
4,8,GB time only,4,6,1,1,281.9992,0.6716735437959608
4,8,GB time only,4,6,1,1,283.0033,0.7054088190422868
4,8,GB time only,4,6,1,1,283.9978,0.7179608477476209
4,8,GB time only,4,6,1,1,285.0029,0.7071633213669873
4,8,GB time only,4,6,1,1,285.9962,0.7071633213669873
4,8,GB time only,4,6,1,1,287.0033,0.7183393110779828
4,8,GB time only,4,6,1,1,287.9975,0.695339898803699
4,8,GB time only,4,6,1,1,289.0008,0.695339898803699
4,8,GB time only,4,6,1,1,289.995,0.695339898803699
4,8,GB time only,4,6,1,1,291.0015,0.655245754011028
4,8,GB time only,4,6,1,1,291.9957,0.7550892827479444
4,8,GB time only,4,6,1,1,292.9995,0.7630930977599673
4,8,GB time only,4,6,1,1,293.9948,0.7630930977599673
4,8,GB time only,4,6,1,1,295.0001,0.6972400269760474
4,8,GB time only,4,6,1,1,296.0042,0.7953543148003072
4,8,GB time only,4,6,1,1,297.0004,0.7561171817696141
4,8,GB time only,4,6,1,1,298.0045,0.7238779623099973
4,8,GB time only,4,6,1,1,299.0001,0.7238779623099973
4,8,GB time only,4,6,1,1,300.0042,0.772657455138759
4,8,GB time only,4,6,1,1,300.9987,0.7793581118484343
4,8,GB time only,8,12,0,0,0.0110377,0.0007063358702963158
4,8,GB time only,8,12,0,0,1.010147,0.0007063358702963158
4,8,GB time only,8,12,0,0,2.016094,0.0007063358702963158
4,8,GB time only,8,12,0,0,3.009745,0.0007063358702963158
4,8,GB time only,8,12,1,1,4.01616,0.0007063358702963158
4,8,GB time only,8,12,1,1,5.009424,0.0007063358702963158
4,8,GB time only,8,12,1,1,6.01379,0.04501576879720853
4,8,GB time only,8,12,1,1,7.008862,0.08484627080321668
4,8,GB time only,8,12,1,1,8.014355,0.08658533662795695
4,8,GB time only,8,12,1,1,9.019238,0.08658533662795695
4,8,GB time only,8,12,1,1,10.01213,0.08658533662795695
4,8,GB time only,8,12,1,1,11.0166,0.0863254486634357
4,8,GB time only,8,12,1,1,12.01287,0.08659472890540937
4,8,GB time only,8,12,1,1,13.01876,0.08659472890540937
4,8,GB time only,8,12,1,1,14.01381,0.08659472890540937
4,8,GB time only,8,12,1,1,15.01681,0.08587728457807571
4,8,GB time only,8,12,1,1,16.01281,0.08587728457807571
4,8,GB time only,8,12,1,1,17.01839,0.047072565055520085
4,8,GB time only,8,12,1,1,18.01066,0.047072565055520085
4,8,GB time only,8,12,1,1,19.01831,0.08825768352566069
4,8,GB time only,8,12,1,1,20.01064,0.08825768352566069
4,8,GB time only,8,12,1,1,21.0165,0.04611317285784018
4,8,GB time only,8,12,1,1,22.01155,0.04611317285784018
4,8,GB time only,8,12,1,1,23.01568,0.12416451554035612
4,8,GB time only,8,12,1,1,24.0096,0.08785737400458811
4,8,GB time only,8,12,1,1,25.01568,0.08785737400458811
4,8,GB time only,8,12,1,1,26.00962,0.1680342552802299
4,8,GB time only,8,12,1,1,27.01536,0.16435394360215888
4,8,GB time only,8,12,1,1,28.0098,0.13130144336538943
4,8,GB time only,8,12,1,1,29.01463,0.20915259276943635
4,8,GB time only,8,12,1,1,30.0086,0.2453072834245014
4,8,GB time only,8,12,1,1,31.01355,0.16261040362897708
4,8,GB time only,8,12,1,1,32.01867,0.25243864973596386
4,8,GB time only,8,12,1,1,33.01118,0.2092070417349119
4,8,GB time only,8,12,1,1,34.01851,0.16724169318238197
4,8,GB time only,8,12,1,1,35.01208,0.16724169318238197
4,8,GB time only,8,12,1,1,36.01853,0.21003686787352732
4,8,GB time only,8,12,1,1,37.01241,0.21003686787352732
4,8,GB time only,8,12,1,1,38.01729,0.24105775175451924
4,8,GB time only,8,12,1,1,39.01123,0.24105775175451924
4,8,GB time only,8,12,1,1,40.0166,0.24455531567449937
4,8,GB time only,8,12,1,1,41.00916,0.21108363112291637
4,8,GB time only,8,12,1,1,42.01604,0.2456496644702868
4,8,GB time only,8,12,1,1,43.00914,0.16356180356687966
4,8,GB time only,8,12,1,1,44.01637,0.25236974979873567
4,8,GB time only,8,12,1,1,45.01945,0.21130492202403725
4,8,GB time only,8,12,1,1,46.01505,0.24169646318025761
4,8,GB time only,8,12,1,1,47.0084,0.24169646318025761
4,8,GB time only,8,12,1,1,48.01484,0.21265364967433373
4,8,GB time only,8,12,1,1,49.00824,0.21265364967433373
4,8,GB time only,8,12,1,1,50.01454,0.24469189068932565
4,8,GB time only,8,12,1,1,51.01845,0.24857873703971792
4,8,GB time only,8,12,1,1,52.01202,0.24857873703971792
4,8,GB time only,8,12,1,1,53.01875,0.3538640475660398
4,8,GB time only,8,12,1,1,54.01386,0.3538640475660398
4,8,GB time only,8,12,1,1,55.01745,0.32016134715201205
4,8,GB time only,8,12,1,1,56.01162,0.35373735033820664
4,8,GB time only,8,12,1,1,57.01839,0.35373735033820664
4,8,GB time only,8,12,1,1,58.01215,0.32929754990236854
4,8,GB time only,8,12,1,1,59.01632,0.4143311820159979
4,8,GB time only,8,12,1,1,60.01164,0.4485351281666407
4,8,GB time only,8,12,1,1,61.01605,0.33090904652153486
4,8,GB time only,8,12,1,1,62.01088,0.33090904652153486
4,8,GB time only,8,12,1,1,63.01574,0.3868008547799121
4,8,GB time only,8,12,1,1,64.0106,0.38394784118338054
4,8,GB time only,8,12,1,1,65.01489,0.3874487053553445
4,8,GB time only,8,12,1,1,66.00845,0.36526463825048916
4,8,GB time only,8,12,1,1,67.01373,0.38182036694184696
4,8,GB time only,8,12,1,1,68.01971,0.41886726521227907
4,8,GB time only,8,12,1,1,69.01488,0.3956454139177895
4,8,GB time only,8,12,1,1,70.01777,0.42042188149423454
4,8,GB time only,8,12,1,1,71.01369,0.35522171766946264
4,8,GB time only,8,12,1,1,72.01964,0.4516042257149221
4,8,GB time only,8,12,1,1,73.01192,0.4516042257149221
4,8,GB time only,8,12,1,1,74.01961,0.4237190254338407
4,8,GB time only,8,12,1,1,75.01247,0.4237190254338407
4,8,GB time only,8,12,1,1,76.01733,0.4167314863246401
4,8,GB time only,8,12,1,1,77.01091,0.3655474298319281
4,8,GB time only,8,12,1,1,78.01698,0.45415137999586835
4,8,GB time only,8,12,1,1,79.01109,0.4487190360828469
4,8,GB time only,8,12,1,1,80.01685,0.4848437317487783
4,8,GB time only,8,12,1,1,81.01129,0.3982524718668031
4,8,GB time only,8,12,1,1,82.0164,0.4279146745903751
4,8,GB time only,8,12,1,1,83.00986,0.4279146745903751
4,8,GB time only,8,12,1,1,84.01507,0.4457916306401777
4,8,GB time only,8,12,1,1,85.0094,0.4834310669091789
4,8,GB time only,8,12,1,1,86.01546,0.43313865982880434
4,8,GB time only,8,12,1,1,87.00921,0.4831152961480575
4,8,GB time only,8,12,1,1,88.01216,0.47720123151740057
4,8,GB time only,8,12,1,1,89.00884,0.4629730960461499
4,8,GB time only,8,12,1,1,90.01527,0.4629730960461499
4,8,GB time only,8,12,1,1,91.01823,0.5441119149721092
4,8,GB time only,8,12,1,1,92.01326,0.5441119149721092
4,8,GB time only,8,12,1,1,93.0173,0.48372501019742975
4,8,GB time only,8,12,1,1,94.012,0.49145672667132745
4,8,GB time only,8,12,1,1,95.01615,0.5426317124144764
4,8,GB time only,8,12,1,1,96.01204,0.4541979497032272
4,8,GB time only,8,12,1,1,97.01764,0.48565620463769704
4,8,GB time only,8,12,1,1,98.0108,0.46478816885085605
4,8,GB time only,8,12,1,1,99.01787,0.6021723375465717
4,8,GB time only,8,12,1,1,100.0112,0.5117997140409042
4,8,GB time only,8,12,1,1,101.0159,0.5117997140409042
4,8,GB time only,8,12,1,1,102.0096,0.5117997140409042
4,8,GB time only,8,12,1,1,103.0159,0.5271857628107615
4,8,GB time only,8,12,1,1,104.0102,0.5212642571118788
4,8,GB time only,8,12,1,1,105.0157,0.42239060543062745
4,8,GB time only,8,12,1,1,106.0086,0.45914864780542103
4,8,GB time only,8,12,1,1,107.0142,0.45914864780542103
4,8,GB time only,8,12,1,1,108.009,0.45914864780542103
4,8,GB time only,8,12,1,1,109.0137,0.5109191466580455
4,8,GB time only,8,12,1,1,110.0089,0.4487141313889453
4,8,GB time only,8,12,1,1,111.0139,0.36721751993587287
4,8,GB time only,8,12,1,1,112.0085,0.5433621431068256
4,8,GB time only,8,12,1,1,113.0106,0.5080332096774589
4,8,GB time only,8,12,1,1,114.017,0.5080332096774589
4,8,GB time only,8,12,1,1,115.0134,0.4265418866598208
4,8,GB time only,8,12,1,1,116.0167,0.40228807771012237
4,8,GB time only,8,12,1,1,117.0123,0.42768745354132404
4,8,GB time only,8,12,1,1,118.0174,0.44609067606540914
4,8,GB time only,8,12,1,1,119.0114,0.44609067606540914
4,8,GB time only,8,12,1,1,120.0172,0.45012349856286626
4,8,GB time only,8,12,1,1,121.0105,0.4272804065036653
4,8,GB time only,8,12,1,1,122.0162,0.42385826111542974
4,8,GB time only,8,12,1,1,123.0094,0.4580022214927252
4,8,GB time only,8,12,1,1,124.015,0.48047793598575517
4,8,GB time only,8,12,1,1,125.0093,0.48047793598575517
4,8,GB time only,8,12,1,1,126.0151,0.45822561818139185
4,8,GB time only,8,12,1,1,127.0096,0.45822561818139185
4,8,GB time only,8,12,1,1,128.0141,0.4234104716643398
4,8,GB time only,8,12,1,1,129.0185,0.5152836340233361
4,8,GB time only,8,12,1,1,130.014,0.5152836340233361
4,8,GB time only,8,12,1,1,131.0189,0.5096107381863858
4,8,GB time only,8,12,1,1,132.0128,0.5096107381863858
4,8,GB time only,8,12,1,1,133.019,0.510354852882535
4,8,GB time only,8,12,1,1,134.0107,0.510354852882535
4,8,GB time only,8,12,1,1,135.0182,0.5216857082110714
4,8,GB time only,8,12,1,1,136.0107,0.5216857082110714
4,8,GB time only,8,12,1,1,137.0173,0.5325477714425565
4,8,GB time only,8,12,1,1,138.0118,0.5249127359107123
4,8,GB time only,8,12,1,1,139.0185,0.5249127359107123
4,8,GB time only,8,12,1,1,140.011,0.5249127359107123
4,8,GB time only,8,12,1,1,141.0155,0.6010221162769975
4,8,GB time only,8,12,1,1,142.0092,0.5166593549896066
4,8,GB time only,8,12,1,1,143.0148,0.5241094070289984
4,8,GB time only,8,12,1,1,144.0097,0.5499875994417991
4,8,GB time only,8,12,1,1,145.0158,0.571011625737966
4,8,GB time only,8,12,1,1,146.009,0.571011625737966
4,8,GB time only,8,12,1,1,147.0147,0.5179230019825724
4,8,GB time only,8,12,1,1,148.0176,0.5469181034567118
4,8,GB time only,8,12,1,1,149.0135,0.5017042025112138
4,8,GB time only,8,12,1,1,150.0089,0.5017042025112138
4,8,GB time only,8,12,1,1,151.0133,0.5866745486267496
4,8,GB time only,8,12,1,1,152.0182,0.5268555968191792
4,8,GB time only,8,12,1,1,153.0136,0.5268555968191792
4,8,GB time only,8,12,1,1,154.0181,0.572427907919629
4,8,GB time only,8,12,1,1,155.0128,0.5399198191123322
4,8,GB time only,8,12,1,1,156.0166,0.5297681799859739
4,8,GB time only,8,12,1,1,157.0118,0.5297681799859739
4,8,GB time only,8,12,1,1,158.0165,0.6316272605519206
4,8,GB time only,8,12,1,1,159.0093,0.5616629364441037
4,8,GB time only,8,12,1,1,160.0144,0.6113819330450151
4,8,GB time only,8,12,1,1,161.0088,0.6113819330450151
4,8,GB time only,8,12,1,1,162.0157,0.6235165717485098
4,8,GB time only,8,12,1,1,163.0096,0.6318098078995068
4,8,GB time only,8,12,1,1,164.0156,0.5898141010263779
4,8,GB time only,8,12,1,1,165.0181,0.608686858217677
4,8,GB time only,8,12,1,1,166.015,0.603299258470113
4,8,GB time only,8,12,1,1,167.0088,0.603299258470113
4,8,GB time only,8,12,1,1,168.0134,0.6108377423118923
4,8,GB time only,8,12,1,1,169.0189,0.6550125727333672
4,8,GB time only,8,12,1,1,170.0132,0.6018077787043162
4,8,GB time only,8,12,1,1,171.0085,0.6018077787043162
4,8,GB time only,8,12,1,1,172.0134,0.6604338810161468
4,8,GB time only,8,12,1,1,173.0177,0.5884253610007469
4,8,GB time only,8,12,1,1,174.0111,0.598395403725312
4,8,GB time only,8,12,1,1,175.0181,0.6333908626507482
4,8,GB time only,8,12,1,1,176.0109,0.6333908626507482
4,8,GB time only,8,12,1,1,177.017,0.6076241267866928
4,8,GB time only,8,12,1,1,178.011,0.6076241267866928
4,8,GB time only,8,12,1,1,179.0166,0.6022999299955807
4,8,GB time only,8,12,1,1,180.0093,0.6307834187743102
4,8,GB time only,8,12,1,1,181.0153,0.6244344217846446
4,8,GB time only,8,12,1,1,182.0092,0.6244344217846446
4,8,GB time only,8,12,1,1,183.0143,0.6244344217846446
4,8,GB time only,8,12,1,1,184.0083,0.6036641770772107
4,8,GB time only,8,12,1,1,185.0125,0.6326211483021811
4,8,GB time only,8,12,1,1,186.0095,0.5923430181089266
4,8,GB time only,8,12,1,1,187.0145,0.6328149790908032
4,8,GB time only,8,12,1,1,188.0086,0.6328149790908032
4,8,GB time only,8,12,1,1,189.0136,0.5774823208822967
4,8,GB time only,8,12,1,1,190.0171,0.6399503384026641
4,8,GB time only,8,12,1,1,191.013,0.6399503384026641
4,8,GB time only,8,12,1,1,192.0174,0.6969182584614122
4,8,GB time only,8,12,1,1,193.0106,0.6969182584614122
4,8,GB time only,8,12,1,1,194.0183,0.6662531783786225
4,8,GB time only,8,12,1,1,195.011,0.6189784866599097
4,8,GB time only,8,12,1,1,196.0152,0.7091328334917785
4,8,GB time only,8,12,1,1,197.0104,0.7091328334917785
4,8,GB time only,8,12,1,1,198.0171,0.6617493262310933
4,8,GB time only,8,12,1,1,199.0101,0.6617493262310933
4,8,GB time only,8,12,1,1,200.0164,0.6460611845072216
4,8,GB time only,8,12,1,1,201.0086,0.6497168685814709
4,8,GB time only,8,12,1,1,202.0159,0.688380259979711
4,8,GB time only,8,12,1,1,203.0097,0.688380259979711
4,8,GB time only,8,12,1,1,204.015,0.586248704349104
4,8,GB time only,8,12,1,1,205.0092,0.586248704349104
4,8,GB time only,8,12,1,1,206.0141,0.6207186235253
4,8,GB time only,8,12,1,1,207.008,0.615775111193055
4,8,GB time only,8,12,1,1,208.0141,0.6333503849250425
4,8,GB time only,8,12,1,1,209.0079,0.6333503849250425
4,8,GB time only,8,12,1,1,210.0141,0.5916398196553936
4,8,GB time only,8,12,1,1,211.0173,0.6002332511997125
4,8,GB time only,8,12,1,1,212.0122,0.6580568072532549
4,8,GB time only,8,12,1,1,213.0178,0.6125732872351939
4,8,GB time only,8,12,1,1,214.0104,0.6125732872351939
4,8,GB time only,8,12,1,1,215.0173,0.5837470090713415
4,8,GB time only,8,12,1,1,216.0121,0.5750532834867781
4,8,GB time only,8,12,1,1,217.016,0.640400632487954
4,8,GB time only,8,12,1,1,218.0118,0.6640404900317959
4,8,GB time only,8,12,1,1,219.017,0.6640404900317959
4,8,GB time only,8,12,1,1,220.0112,0.6640404900317959
4,8,GB time only,8,12,1,1,221.0145,0.6293631918040257
4,8,GB time only,8,12,1,1,222.0105,0.6397304216692531
4,8,GB time only,8,12,1,1,223.0154,0.6635992936521592
4,8,GB time only,8,12,1,1,224.0105,0.629376031312715
4,8,GB time only,8,12,1,1,225.0148,0.629376031312715
4,8,GB time only,8,12,1,1,226.0095,0.6640672717584549
4,8,GB time only,8,12,1,1,227.0143,0.616497560542697
4,8,GB time only,8,12,1,1,228.0086,0.6871794569390309
4,8,GB time only,8,12,1,1,229.0141,0.6766319965842406
4,8,GB time only,8,12,1,1,230.0186,0.6170152889684484
4,8,GB time only,8,12,1,1,231.0125,0.6170152889684484
4,8,GB time only,8,12,1,1,232.0178,0.6408485011735783
4,8,GB time only,8,12,1,1,233.0099,0.6408485011735783
4,8,GB time only,8,12,1,1,234.0176,0.6730091750013643
4,8,GB time only,8,12,1,1,235.0116,0.6730091750013643
4,8,GB time only,8,12,1,1,236.0172,0.6182531255341324
4,8,GB time only,8,12,1,1,237.0101,0.6633984865504511
4,8,GB time only,8,12,1,1,238.0155,0.6183898472961843
4,8,GB time only,8,12,1,1,239.008,0.6514081935195747
4,8,GB time only,8,12,1,1,240.0153,0.7109202262514881
4,8,GB time only,8,12,1,1,241.0105,0.7109202262514881
4,8,GB time only,8,12,1,1,242.0131,0.6176067433287059
4,8,GB time only,8,12,1,1,243.0095,0.6500757332385404
4,8,GB time only,8,12,1,1,244.014,0.6442511877569721
4,8,GB time only,8,12,1,1,245.0085,0.6601708306150479
4,8,GB time only,8,12,1,1,246.0148,0.6417761264766632
4,8,GB time only,8,12,1,1,247.009,0.6417761264766632
4,8,GB time only,8,12,1,1,248.0144,0.6326522712323108
4,8,GB time only,8,12,1,1,249.0175,0.6604289910295184
4,8,GB time only,8,12,1,1,250.0134,0.6405501909294704
4,8,GB time only,8,12,1,1,251.0181,0.6405501909294704
4,8,GB time only,8,12,1,1,252.0121,0.6405501909294704
4,8,GB time only,8,12,1,1,253.0182,0.6391246423123904
4,8,GB time only,8,12,1,1,254.0107,0.6318536309601758
4,8,GB time only,8,12,1,1,255.0149,0.7430914390819767
4,8,GB time only,8,12,1,1,256.0111,0.7430914390819767
4,8,GB time only,8,12,1,1,257.0152,0.6668682547110535
4,8,GB time only,8,12,1,1,258.0106,0.6018519713127127
4,8,GB time only,8,12,1,1,259.0168,0.7152249238743076
4,8,GB time only,8,12,1,1,260.0113,0.7152249238743076
4,8,GB time only,8,12,1,1,261.0168,0.6947460322431391
4,8,GB time only,8,12,1,1,262.0091,0.6307634851450404
4,8,GB time only,8,12,1,1,263.015,0.639518799333092
4,8,GB time only,8,12,1,1,264.0086,0.692070975640684
4,8,GB time only,8,12,1,1,265.0153,0.692070975640684
4,8,GB time only,8,12,1,1,266.0085,0.692070975640684
4,8,GB time only,8,12,1,1,267.0125,0.6304731450272184
4,8,GB time only,8,12,1,1,268.0091,0.6777467484798941
4,8,GB time only,8,12,1,1,269.0128,0.6802863099853861
4,8,GB time only,8,12,1,1,270.0084,0.6802863099853861
4,8,GB time only,8,12,1,1,271.0146,0.6710648036606511
4,8,GB time only,8,12,1,1,272.0173,0.6766348371697972
4,8,GB time only,8,12,1,1,273.0097,0.6455275482181043
4,8,GB time only,8,12,1,1,274.0183,0.691100066033127
4,8,GB time only,8,12,1,1,275.0115,0.691100066033127
4,8,GB time only,8,12,1,1,276.0151,0.6712986384594276
4,8,GB time only,8,12,1,1,277.0096,0.6785468545572905
4,8,GB time only,8,12,1,1,278.0158,0.7194720782470708
4,8,GB time only,8,12,1,1,279.0106,0.7194720782470708
4,8,GB time only,8,12,1,1,280.0164,0.7194720782470708
4,8,GB time only,8,12,1,1,281.0103,0.6716735437959608
4,8,GB time only,8,12,1,1,282.0149,0.7054088190422868
4,8,GB time only,8,12,1,1,283.009,0.7054088190422868
4,8,GB time only,8,12,1,1,284.0134,0.7179608477476209
4,8,GB time only,8,12,1,1,285.0092,0.7071633213669873
4,8,GB time only,8,12,1,1,286.0143,0.7183393110779828
4,8,GB time only,8,12,1,1,287.0086,0.695339898803699
4,8,GB time only,8,12,1,1,288.0116,0.695339898803699
4,8,GB time only,8,12,1,1,289.0082,0.695339898803699
4,8,GB time only,8,12,1,1,290.0127,0.655245754011028
4,8,GB time only,8,12,1,1,291.0188,0.7550892827479444
4,8,GB time only,8,12,1,1,292.0116,0.7550892827479444
4,8,GB time only,8,12,1,1,293.0168,0.7630930977599673
4,8,GB time only,8,12,1,1,294.0131,0.6972400269760474
4,8,GB time only,8,12,1,1,295.0175,0.7953543148003072
4,8,GB time only,8,12,1,1,296.0116,0.7953543148003072
4,8,GB time only,8,12,1,1,297.0178,0.7561171817696141
4,8,GB time only,8,12,1,1,298.0087,0.7238779623099973
4,8,GB time only,8,12,1,1,299.016,0.772657455138759
4,8,GB time only,8,12,1,1,300.0092,0.772657455138759
4,8,GB time only,8,12,1,1,301.0147,0.7793581118484343
4,8,RF+GB,4,5,0,0,0.0112268,0.016132559745180058
4,8,RF+GB,4,5,0,0,1.010952,0.004149037718065412
4,8,RF+GB,4,5,0,0,2.01688,0.0012052817634170914
4,8,RF+GB,4,5,0,0,3.010709,0.003171324890583647
4,8,RF+GB,4,5,0,0,4.015441,0.0038568706450057815
4,8,RF+GB,4,5,0,0,5.010154,0.0017741700579281996
4,8,RF+GB,4,5,0,0,6.01441,0.00011328031848376029
4,8,RF+GB,4,5,0,0,7.008793,0.00016156407598441684
4,8,RF+GB,4,5,0,0,8.014668,0.00019654318182032613
4,8,RF+GB,4,5,0,0,9.007746,0.0007524686788950078
4,8,RF+GB,4,5,0,0,10.01372,0.00037456401206601114
4,8,RF+GB,4,5,0,0,11.00726,0.004180114624932336
4,8,RF+GB,4,5,0,0,12.01249,0.017237259088837456
4,8,RF+GB,4,5,0,0,13.00669,0.03254037465011974
4,8,RF+GB,4,5,0,0,14.01282,0.03368287076410458
4,8,RF+GB,4,5,0,0,15.00744,0.036987823728684276
4,8,RF+GB,4,5,0,0,16.01075,0.029764729673725326
4,8,RF+GB,4,5,0,0,17.01668,0.02207875167400453
4,8,RF+GB,4,5,0,0,18.0118,0.02157524833688977
4,8,RF+GB,4,5,0,0,19.01557,0.01807969465392251
4,8,RF+GB,4,5,0,0,20.00926,0.019076347698627722
4,8,RF+GB,4,5,0,0,21.01652,0.02308998671311678
4,8,RF+GB,4,5,0,0,22.00971,0.03372701973935965
4,8,RF+GB,4,5,0,0,23.01418,0.02615546348630661
4,8,RF+GB,4,5,0,0,24.00919,0.027141656316832557
4,8,RF+GB,4,5,0,0,25.01588,0.0381283176403802
4,8,RF+GB,4,5,0,0,26.00942,0.05079820714535642
4,8,RF+GB,4,5,0,0,27.01412,0.04580446581387261
4,8,RF+GB,4,5,0,0,28.00889,0.03544995900937523
4,8,RF+GB,4,5,0,0,29.01367,0.037489911922618094
4,8,RF+GB,4,5,0,0,30.00709,0.035246298627640595
4,8,RF+GB,4,5,0,0,31.01377,0.033795017352244675
4,8,RF+GB,4,5,0,0,32.00727,0.03169642723034046
4,8,RF+GB,4,5,0,0,33.01159,0.031689235041284465
4,8,RF+GB,4,5,0,0,34.00792,0.028453761417410312
4,8,RF+GB,4,5,0,0,35.01075,0.02400966942073936
4,8,RF+GB,4,5,0,0,36.00707,0.018429478952580167
4,8,RF+GB,4,5,0,0,37.01272,0.018439026404799407
4,8,RF+GB,4,5,0,0,38.01709,0.01843781813674811
4,8,RF+GB,4,5,0,0,39.01067,0.01844027362773283
4,8,RF+GB,4,5,0,0,40.01581,0.02010787326316351
4,8,RF+GB,4,5,0,0,41.01084,0.020102287004497968
4,8,RF+GB,4,5,0,0,42.01547,0.020101838051663674
4,8,RF+GB,4,5,0,0,43.01104,0.02444208218801776
4,8,RF+GB,4,5,0,0,44.01458,0.02444375096138314
4,8,RF+GB,4,5,0,0,45.00882,0.02444880946279368
4,8,RF+GB,4,5,0,0,46.01222,0.024446590966178124
4,8,RF+GB,4,5,0,0,47.00699,0.023429538240881655
4,8,RF+GB,4,5,0,0,48.01369,0.023434588441745487
4,8,RF+GB,4,5,0,0,49.00858,0.02344428059492562
4,8,RF+GB,4,5,0,0,50.01452,0.021764857250900875
4,8,RF+GB,4,5,0,0,51.00806,0.021784845926753473
4,8,RF+GB,4,5,0,0,52.01318,0.02512538246733495
4,8,RF+GB,4,5,0,0,53.00839,0.02180109529651384
4,8,RF+GB,4,5,0,0,54.01276,0.019122430275745023
4,8,RF+GB,4,5,0,0,55.0175,0.01744560321048418
4,8,RF+GB,4,5,0,0,56.01182,0.020832909025852622
4,8,RF+GB,4,5,0,0,57.00686,0.019165244808351488
4,8,RF+GB,4,5,0,0,58.01109,0.02084207428363477
4,8,RF+GB,4,5,0,0,59.01705,0.019335854869049117
4,8,RF+GB,4,5,0,0,60.01059,0.019300977466743644
4,8,RF+GB,4,5,0,0,61.01579,0.021709547048843623
4,8,RF+GB,4,5,0,0,62.00929,0.020975485920985006
4,8,RF+GB,4,5,0,0,63.01626,0.02094379057686558
4,8,RF+GB,4,5,0,0,64.01065,0.01930271286451038
4,8,RF+GB,4,5,0,0,65.01405,0.019308377033342993
4,8,RF+GB,4,5,0,0,66.00948,0.019319728370085783
4,8,RF+GB,4,5,0,0,67.01539,0.01932812510296463
4,8,RF+GB,4,5,0,0,68.00793,0.02632517607403318
4,8,RF+GB,4,5,0,0,69.014,0.02724223141012962
4,8,RF+GB,4,5,0,0,70.00879,0.02900581731120758
4,8,RF+GB,4,5,0,0,71.01364,0.02739660571961019
4,8,RF+GB,4,5,0,0,72.00794,0.027365091485778356
4,8,RF+GB,4,5,0,0,73.01243,0.02731217135152118
4,8,RF+GB,4,5,0,0,74.01789,0.030695117373768118
4,8,RF+GB,4,5,0,0,75.01195,0.030684792340295395
4,8,RF+GB,4,5,0,0,76.01669,0.032390039801598325
4,8,RF+GB,4,5,0,0,77.01137,0.032361784040434785
4,8,RF+GB,4,5,0,0,78.01778,0.03295129185178916
4,8,RF+GB,4,5,0,0,79.00958,0.03459058743472051
4,8,RF+GB,4,5,0,0,80.01713,0.03133618649814308
4,8,RF+GB,4,5,0,0,81.01,0.029691413651483013
4,8,RF+GB,4,5,0,0,82.01595,0.02961205798464479
4,8,RF+GB,4,5,0,0,83.00983,0.031338406751983024
4,8,RF+GB,4,5,0,0,84.01365,0.03125194749559771
4,8,RF+GB,4,5,0,0,85.00916,0.03302474698481635
4,8,RF+GB,4,5,0,0,86.01279,0.03299571038933231
4,8,RF+GB,4,5,0,0,87.00995,0.033034933997697205
4,8,RF+GB,4,5,0,0,88.01443,0.03407306819958178
4,8,RF+GB,4,5,0,0,89.00826,0.03783630906593563
4,8,RF+GB,4,5,0,0,90.01387,0.03770711498519803
4,8,RF+GB,4,5,0,0,91.00777,0.043740009041565275
4,8,RF+GB,4,5,0,0,92.01324,0.04138815809526039
4,8,RF+GB,4,5,0,0,93.00788,0.037931729983416804
4,8,RF+GB,4,5,0,0,94.01026,0.04601292508544299
4,8,RF+GB,4,5,0,0,95.00691,0.04603055813082214
4,8,RF+GB,4,5,1,1,96.01107,0.04654449424607234
4,8,RF+GB,4,5,1,1,97.01478,0.0464376074919071
4,8,RF+GB,4,5,1,1,98.00982,0.047406673494607754
4,8,RF+GB,4,5,1,1,99.0165,0.04632738176444881
4,8,RF+GB,4,5,1,1,100.0108,0.046215202191325515
4,8,RF+GB,4,5,1,1,101.0142,0.049539255818638016
4,8,RF+GB,4,5,1,1,102.0099,0.04796265369276072
4,8,RF+GB,4,5,1,1,103.0166,0.046340071887384024
4,8,RF+GB,4,5,1,1,104.0105,0.048048765209053546
4,8,RF+GB,4,5,1,1,105.0166,0.0479304849570089
4,8,RF+GB,4,5,1,1,106.0182,0.04806094933787405
4,8,RF+GB,4,5,1,1,107.0155,0.04806376528928896
4,8,RF+GB,4,5,1,1,108.0081,0.04800074059351271
4,8,RF+GB,4,5,1,1,109.0137,0.04470113721246459
4,8,RF+GB,4,5,1,1,110.0078,0.04779385429898085
4,8,RF+GB,4,5,1,1,111.0129,0.04627154385398909
4,8,RF+GB,4,5,1,1,112.0085,0.04797962820297591
4,8,RF+GB,4,5,1,1,113.0132,0.050348931152037577
4,8,RF+GB,4,5,1,1,114.0183,0.04701559781870424
4,8,RF+GB,4,5,1,1,115.0109,0.049655553306712286
4,8,RF+GB,4,5,1,1,116.0171,0.04701487194850466
4,8,RF+GB,4,5,1,1,117.0108,0.04534820528183799
4,8,RF+GB,4,5,1,1,118.017,0.04797697424397701
4,8,RF+GB,4,5,1,1,119.0105,0.048067660653157554
4,8,RF+GB,4,5,1,1,120.017,0.060690310819182317
4,8,RF+GB,4,5,1,1,121.0103,0.05746803563847089
4,8,RF+GB,4,5,1,1,122.0142,0.05679795077284146
4,8,RF+GB,4,5,1,1,123.0111,0.07006165801604138
4,8,RF+GB,4,5,1,1,124.0154,0.06242870649655573
4,8,RF+GB,4,5,1,1,125.0098,0.05764700317903539
4,8,RF+GB,4,5,1,1,126.016,0.054035976330804196
4,8,RF+GB,4,5,1,1,127.0077,0.05861431832071386
4,8,RF+GB,4,5,1,1,128.0149,0.06335804533651664
4,8,RF+GB,4,5,1,1,129.0092,0.06197684623837432
4,8,RF+GB,4,5,1,1,130.0139,0.06265708628867189
4,8,RF+GB,4,5,1,1,131.0076,0.06959929995029276
4,8,RF+GB,4,5,1,1,132.0115,0.07359861760470189
4,8,RF+GB,4,5,1,1,133.0071,0.0800807133861382
4,8,RF+GB,4,5,1,1,134.0139,0.09289284805887663
4,8,RF+GB,4,5,1,1,135.0174,0.08991346517471967
4,8,RF+GB,4,5,1,1,136.0132,0.09695377787399738
4,8,RF+GB,4,5,1,1,137.0163,0.09561121269311039
4,8,RF+GB,4,5,1,1,138.0116,0.09710235401567037
4,8,RF+GB,4,5,1,1,139.0176,0.10885020343700232
4,8,RF+GB,4,5,1,1,140.0102,0.11321642018663032
4,8,RF+GB,4,5,1,1,141.0144,0.10892291876913177
4,8,RF+GB,4,5,1,1,142.0095,0.11531352988146243
4,8,RF+GB,4,5,1,1,143.0164,0.11784738488059521
4,8,RF+GB,4,5,1,1,144.0101,0.1248374053112097
4,8,RF+GB,4,5,1,1,145.0154,0.1260587624446548
4,8,RF+GB,4,5,1,1,146.0091,0.12658521879864132
4,8,RF+GB,4,5,1,1,147.0136,0.12652242119373086
4,8,RF+GB,4,5,1,1,148.0082,0.12623394407884506
4,8,RF+GB,4,5,1,1,149.0152,0.1254960640721692
4,8,RF+GB,4,5,1,1,150.0077,0.12247829537910368
4,8,RF+GB,4,5,1,1,151.0137,0.12226767387627346
4,8,RF+GB,4,5,1,1,152.0168,0.1260856616483446
4,8,RF+GB,4,5,1,1,153.0125,0.12481359873001507
4,8,RF+GB,4,5,1,1,154.0174,0.12427144568202544
4,8,RF+GB,4,5,1,1,155.0128,0.12549256042225979
4,8,RF+GB,4,5,1,1,156.0177,0.12177332772104064
4,8,RF+GB,4,5,1,1,157.0102,0.12446432650789191
4,8,RF+GB,4,5,1,1,158.0163,0.12225000263468855
4,8,RF+GB,4,5,1,1,159.0115,0.12002360526061372
4,8,RF+GB,4,5,1,1,160.0177,0.12184057684821847
4,8,RF+GB,4,5,1,1,161.0104,0.12208870135312135
4,8,RF+GB,4,5,1,1,162.0165,0.1221976683898888
4,8,RF+GB,4,5,1,1,163.0099,0.1213700643207934
4,8,RF+GB,4,5,1,1,164.0155,0.12553232790631672
4,8,RF+GB,4,5,1,1,165.0094,0.12984491391925101
4,8,RF+GB,4,5,1,1,166.0161,0.13490297423566888
4,8,RF+GB,4,5,1,1,167.0091,0.13756131149796655
4,8,RF+GB,4,5,1,1,168.0139,0.13595566059480577
4,8,RF+GB,4,5,1,1,169.0086,0.13790376562550544
4,8,RF+GB,4,5,1,1,170.0137,0.1389529872662049
4,8,RF+GB,4,5,1,1,171.0075,0.14332064717957116
4,8,RF+GB,4,5,1,1,172.0139,0.1413621578094212
4,8,RF+GB,4,5,1,1,173.0076,0.14165398051290448
4,8,RF+GB,4,5,1,1,174.0126,0.13969870778962853
4,8,RF+GB,4,5,1,1,175.0179,0.1415605277913981
4,8,RF+GB,4,5,1,1,176.0124,0.13958378849716857
4,8,RF+GB,4,5,1,1,177.0172,0.14485490097609702
4,8,RF+GB,4,5,1,1,178.0104,0.14868199770162432
4,8,RF+GB,4,5,1,1,179.0168,0.139538238395802
4,8,RF+GB,4,5,1,1,180.0106,0.14720789979479285
4,8,RF+GB,4,5,1,1,181.0163,0.1511486014606847
4,8,RF+GB,4,5,1,1,182.0099,0.1522045394343951
4,8,RF+GB,4,5,1,1,183.0135,0.15148540511287742
4,8,RF+GB,4,5,1,1,184.0087,0.15152410474049738
4,8,RF+GB,4,5,1,1,185.0154,0.15243206518609206
4,8,RF+GB,4,5,1,1,186.0081,0.14949749977430643
4,8,RF+GB,4,5,1,1,187.016,0.14318767515805333
4,8,RF+GB,4,5,1,1,188.0089,0.13469994435393967
4,8,RF+GB,4,5,1,1,189.0137,0.13907827520865884
4,8,RF+GB,4,5,1,1,190.0086,0.1391559700212602
4,8,RF+GB,4,5,1,1,191.0144,0.14510901658572808
4,8,RF+GB,4,5,1,1,192.0072,0.15305854180535247
4,8,RF+GB,4,5,1,1,193.0135,0.15400783650440764
4,8,RF+GB,4,5,1,1,194.0179,0.15310336324918145
4,8,RF+GB,4,5,1,1,195.013,0.15303625813946906
4,8,RF+GB,4,5,1,1,196.0172,0.15382160839101638
4,8,RF+GB,4,5,1,1,197.0123,0.15403087545834382
4,8,RF+GB,4,5,1,1,198.0175,0.15268040076090306
4,8,RF+GB,4,5,1,1,199.0116,0.14948291371453087
4,8,RF+GB,4,5,1,1,200.0164,0.1486709891724171
4,8,RF+GB,4,5,1,1,201.0108,0.14799088544775893
4,8,RF+GB,4,5,1,1,202.0157,0.1488162423094929
4,8,RF+GB,4,5,1,1,203.0093,0.14461816303510502
4,8,RF+GB,4,5,1,1,204.016,0.1406647408872902
4,8,RF+GB,4,5,1,1,205.009,0.13423520281554524
4,8,RF+GB,4,5,1,1,206.0156,0.12758382050386152
4,8,RF+GB,4,5,1,1,207.0176,0.12000294740872389
4,8,RF+GB,4,5,1,1,208.0142,0.11455974535014445
4,8,RF+GB,4,5,1,1,209.008,0.11108043460204024
4,8,RF+GB,4,5,1,1,210.014,0.12138806345742491
4,8,RF+GB,4,5,1,1,211.0073,0.1341490561607369
4,8,RF+GB,4,5,1,1,212.0144,0.14171875718657495
4,8,RF+GB,4,5,1,1,213.0071,0.14958812981409755
4,8,RF+GB,4,5,1,1,214.0131,0.13848436728542493
4,8,RF+GB,4,5,1,1,215.0179,0.1351566230267243
4,8,RF+GB,4,5,1,1,216.013,0.13590714234420648
4,8,RF+GB,4,5,1,1,217.0178,0.13002378291733704
4,8,RF+GB,4,5,1,1,218.0116,0.13293446798443476
4,8,RF+GB,4,5,1,1,219.016,0.13536001180782917
4,8,RF+GB,4,5,1,1,220.0108,0.1364481563019196
4,8,RF+GB,4,5,1,1,221.0161,0.13050537244459018
4,8,RF+GB,4,5,1,1,222.0095,0.12722579936918368
4,8,RF+GB,4,5,1,1,223.0147,0.1326299973812616
4,8,RF+GB,4,5,1,1,224.0093,0.13707089644129875
4,8,RF+GB,4,5,1,1,225.0162,0.12071272311266833
4,8,RF+GB,4,5,1,1,226.0088,0.11884556091574447
4,8,RF+GB,4,5,1,1,227.0151,0.12846209706289904
4,8,RF+GB,4,5,1,1,228.0091,0.12162825434837553
4,8,RF+GB,4,5,1,1,229.0138,0.13028883068185176
4,8,RF+GB,4,5,1,1,230.0083,0.12623696236499393
4,8,RF+GB,4,5,1,1,231.0125,0.1293609260617841
4,8,RF+GB,4,5,1,1,232.0183,0.1329830013687863
4,8,RF+GB,4,5,1,1,233.0139,0.13479022922343278
4,8,RF+GB,4,5,1,1,234.0073,0.1333507693909051
4,8,RF+GB,4,5,1,1,235.0123,0.13404587848006316
4,8,RF+GB,4,5,1,1,236.016,0.1386299057999692
4,8,RF+GB,4,5,1,1,237.0108,0.1386299057999692
4,8,RF+GB,4,5,1,1,238.017,0.14603532466926064
4,8,RF+GB,4,5,1,1,239.0087,0.14669112628942063
4,8,RF+GB,4,5,1,1,240.0161,0.1686108990882646
4,8,RF+GB,4,5,1,1,241.01,0.16799245467500118
4,8,RF+GB,4,5,1,1,242.016,0.17776277672409088
4,8,RF+GB,4,5,1,1,243.0107,0.18542602366017935
4,8,RF+GB,4,5,1,1,244.0154,0.1914243034255898
4,8,RF+GB,4,5,1,1,245.0092,0.2019562762886745
4,8,RF+GB,4,5,1,1,246.0161,0.2064377582912939
4,8,RF+GB,4,5,1,1,247.0085,0.19763996430747552
4,8,RF+GB,4,5,1,1,248.0154,0.2056181613466969
4,8,RF+GB,4,5,1,1,249.0085,0.1997820421409707
4,8,RF+GB,4,5,1,1,250.0141,0.2058319654122666
4,8,RF+GB,4,5,1,1,251.0076,0.19581527916757938
4,8,RF+GB,4,5,1,1,252.0128,0.19438015123001398
4,8,RF+GB,4,5,1,1,253.0088,0.2033166972846635
4,8,RF+GB,4,5,1,1,254.0108,0.20243155474629548
4,8,RF+GB,4,5,1,1,255.0078,0.19815213416793434
4,8,RF+GB,4,5,1,1,256.012,0.19436611861476763
4,8,RF+GB,4,5,1,1,257.0182,0.1875933223048186
4,8,RF+GB,4,5,1,1,258.0112,0.186293080502655
4,8,RF+GB,4,5,1,1,259.0172,0.1894758021629123
4,8,RF+GB,4,5,1,1,260.0108,0.19608323634469327
4,8,RF+GB,4,5,1,1,261.017,0.19620994043005716
4,8,RF+GB,4,5,1,1,262.0099,0.18478426361510902
4,8,RF+GB,4,5,1,1,263.0157,0.19475262094609064
4,8,RF+GB,4,5,1,1,264.0089,0.18910621128448818
4,8,RF+GB,4,5,1,1,265.0158,0.1936379302499334
4,8,RF+GB,4,5,1,1,266.0085,0.1911539302035529
4,8,RF+GB,4,5,1,1,267.0144,0.18710383937940808
4,8,RF+GB,4,5,1,1,268.0078,0.18689614874855764
4,8,RF+GB,4,5,1,1,269.0122,0.19262332641479663
4,8,RF+GB,4,5,1,1,270.0178,0.1879847900468988
4,8,RF+GB,4,5,1,1,271.0129,0.18747770373116598
4,8,RF+GB,4,5,1,1,272.0069,0.18437734517418636
4,8,RF+GB,4,5,1,1,273.0135,0.19281691186768665
4,8,RF+GB,4,5,1,1,274.0166,0.1794797456447135
4,8,RF+GB,4,5,1,1,275.0122,0.18703308628142312
4,8,RF+GB,4,5,1,1,276.0172,0.18238767405450498
4,8,RF+GB,4,5,1,1,277.0125,0.18733838411553805
4,8,RF+GB,4,5,1,1,278.0169,0.20232458567057127
4,8,RF+GB,4,5,1,1,279.0107,0.21227010689688336
4,8,RF+GB,4,5,1,1,280.0169,0.20836040169494538
4,8,RF+GB,4,5,1,1,281.0101,0.20863362106320457
4,8,RF+GB,4,5,1,1,282.0158,0.21622200984507392
4,8,RF+GB,4,5,1,1,283.0089,0.22377790667814335
4,8,RF+GB,4,5,1,1,284.0149,0.22271902605323143
4,8,RF+GB,4,5,1,1,285.0083,0.2203065814618727
4,8,RF+GB,4,5,1,1,286.0139,0.2247616486719332
4,8,RF+GB,4,5,1,1,287.0074,0.2118752511520187
4,8,RF+GB,4,5,1,1,288.0117,0.22305898420611198
4,8,RF+GB,4,5,1,1,289.007,0.20930581686686978
4,8,RF+GB,4,5,1,1,290.0117,0.2112500504641457
4,8,RF+GB,4,5,1,1,291.008,0.2037320866959824
4,8,RF+GB,4,5,1,1,292.0127,0.20958736928799732
4,8,RF+GB,4,5,1,1,293.017,0.2037361088692421
4,8,RF+GB,4,5,1,1,294.0127,0.2034806403248797
4,8,RF+GB,4,5,1,1,295.0174,0.20692121427326443
4,8,RF+GB,4,5,1,1,296.0103,0.2158809772143273
4,8,RF+GB,4,5,1,1,297.017,0.20589993441064944
4,8,RF+GB,4,5,1,1,298.0103,0.2118863378590014
4,8,RF+GB,4,5,1,1,299.0154,0.2278174694136397
4,8,RF+GB,4,5,1,1,300.0082,0.6643248507545636
4,8,RF+GB,4,5,1,1,301.0146,0.6777665028851698
4,8,RF+GB,4,6,0,0,0.0,0.0010834202337574384
4,8,RF+GB,4,6,0,0,1.00495,0.00845478643251927
4,8,RF+GB,4,6,0,0,1.998281,0.005296762490441753
4,8,RF+GB,4,6,0,0,3.004618,0.00017012582683329194
4,8,RF+GB,4,6,0,0,3.999141,0.006073761375641309
4,8,RF+GB,4,6,0,0,5.003382,0.005119878259971353
4,8,RF+GB,4,6,0,0,5.998161,0.005045964128369227
4,8,RF+GB,4,6,0,0,7.000859,0.003535029783260477
4,8,RF+GB,4,6,0,0,7.997983,0.008638613700646117
4,8,RF+GB,4,6,0,0,9.002149,0.011863519758455439
4,8,RF+GB,4,6,0,0,9.996326,0.007766952340822155
4,8,RF+GB,4,6,0,0,11.00007,0.0017610157507722108
4,8,RF+GB,4,6,0,0,11.99659,0.0031553674105709
4,8,RF+GB,4,6,0,0,13.00098,0.00808895794031256
4,8,RF+GB,4,6,0,0,13.99541,0.0027689694537858826
4,8,RF+GB,4,6,0,0,14.99912,0.01176226121007884
4,8,RF+GB,4,6,0,0,15.99681,0.04168959137517986
4,8,RF+GB,4,6,0,0,16.99845,0.0772774393181991
4,8,RF+GB,4,6,0,0,18.00539,0.06402877622611937
4,8,RF+GB,4,6,0,0,18.9994,0.028177701245107913
4,8,RF+GB,4,6,0,0,20.00367,0.022767123930239667
4,8,RF+GB,4,6,0,0,20.99707,0.020085507069600796
4,8,RF+GB,4,6,0,0,22.00514,0.01668622879563409
4,8,RF+GB,4,6,0,0,22.99883,0.013320336949776563
4,8,RF+GB,4,6,0,0,24.00393,0.00896865989784579
4,8,RF+GB,4,6,0,0,24.99814,0.015240972778526325
4,8,RF+GB,4,6,0,0,26.00431,0.010912460834300216
4,8,RF+GB,4,6,0,0,26.99778,0.00920525955989774
4,8,RF+GB,4,6,0,0,28.00385,0.005768452864313521
4,8,RF+GB,4,6,0,0,28.99657,0.012906750993365053
4,8,RF+GB,4,6,0,0,30.00375,0.011494291240267287
4,8,RF+GB,4,6,0,0,30.99679,0.01744619364795374
4,8,RF+GB,4,6,0,0,32.00263,0.01599532384137872
4,8,RF+GB,4,6,0,0,32.99657,0.01829155574468453
4,8,RF+GB,4,6,0,0,34.00122,0.021157719404382828
4,8,RF+GB,4,6,0,0,35.00551,0.016409526845868494
4,8,RF+GB,4,6,0,0,36.00011,0.042088277373097616
4,8,RF+GB,4,6,0,0,36.99636,0.0443299398755163
4,8,RF+GB,4,6,0,0,38.00019,0.042541574995893415
4,8,RF+GB,4,6,0,0,39.00475,0.06724500771303349
4,8,RF+GB,4,6,0,0,39.99985,0.08296152660101302
4,8,RF+GB,4,6,0,0,41.00478,0.13567591749254104
4,8,RF+GB,4,6,0,0,41.99879,0.1387252072075689
4,8,RF+GB,4,6,0,0,42.99495,0.13802902703900927
4,8,RF+GB,4,6,0,0,43.99932,0.1469847785104299
4,8,RF+GB,4,6,0,0,45.00479,0.15604318675653475
4,8,RF+GB,4,6,0,0,45.99848,0.16151216460532772
4,8,RF+GB,4,6,0,0,47.00407,0.16272368875578433
4,8,RF+GB,4,6,0,0,47.99735,0.1574704788821168
4,8,RF+GB,4,6,0,0,49.00396,0.15455952832509812
4,8,RF+GB,4,6,0,0,49.99818,0.19436580482779472
4,8,RF+GB,4,6,0,0,51.00159,0.18804031324279052
4,8,RF+GB,4,6,0,0,51.99651,0.23813133247708657
4,8,RF+GB,4,6,0,0,53.00211,0.24429699670393965
4,8,RF+GB,4,6,0,0,53.99723,0.29543015930891764
4,8,RF+GB,4,6,0,0,55.00178,0.29487710937300055
4,8,RF+GB,4,6,0,0,55.99569,0.40862034603805514
4,8,RF+GB,4,6,0,0,56.99967,0.4478377057925187
4,8,RF+GB,4,6,0,0,57.99514,0.4524070468383785
4,8,RF+GB,4,6,0,0,59.0001,0.4485703540147986
4,8,RF+GB,4,6,0,0,60.00412,0.5009520200875458
4,8,RF+GB,4,6,0,0,60.99954,0.5122211568972528
4,8,RF+GB,4,6,0,0,62.00455,0.6581331308203161
4,8,RF+GB,4,6,0,0,62.99667,0.6439541782720171
4,8,RF+GB,4,6,0,0,64.00391,0.682736072378862
4,8,RF+GB,4,6,0,0,64.99876,0.7043334666040049
4,8,RF+GB,4,6,0,0,66.00466,0.6533960903728282
4,8,RF+GB,4,6,0,0,66.99519,0.6609247555196788
4,8,RF+GB,4,6,0,0,68.00278,0.6154369356194698
4,8,RF+GB,4,6,0,0,68.99691,0.7069044818856278
4,8,RF+GB,4,6,0,0,70.00152,0.7605361890284481
4,8,RF+GB,4,6,0,0,70.99718,0.7339249277679369
4,8,RF+GB,4,6,0,0,72.00053,0.746996133428
4,8,RF+GB,4,6,0,0,72.99554,0.8120377481242451
4,8,RF+GB,4,6,0,0,74.00175,0.8400719901063022
4,8,RF+GB,4,6,0,0,74.99531,0.8474550008131109
4,8,RF+GB,4,6,0,0,76.00156,0.8450777151805533
4,8,RF+GB,4,6,0,0,76.9957,0.8479045571444194
4,8,RF+GB,4,6,0,0,77.99854,0.8485368169703493
4,8,RF+GB,4,6,1,1,79.00594,0.8517578910273582
4,8,RF+GB,4,6,1,1,79.99966,0.8481918383082361
4,8,RF+GB,4,6,1,1,81.0055,0.8451946580249032
4,8,RF+GB,4,6,1,1,81.99766,0.8520603667465577
4,8,RF+GB,4,6,1,1,83.00455,0.8497594149648648
4,8,RF+GB,4,6,1,1,83.99812,0.8478118284680618
4,8,RF+GB,4,6,1,1,85.00332,0.8475088862977076
4,8,RF+GB,4,6,1,1,85.9983,0.8529399331716465
4,8,RF+GB,4,6,1,1,87.00482,0.8559196899535122
4,8,RF+GB,4,6,1,1,87.99602,0.8494622362532226
4,8,RF+GB,4,6,1,1,89.00328,0.8534155193052712
4,8,RF+GB,4,6,1,1,89.99747,0.8524654547709952
4,8,RF+GB,4,6,1,1,91.00337,0.8525710682982702
4,8,RF+GB,4,6,1,1,91.99653,0.8532232025160347
4,8,RF+GB,4,6,1,1,93.00198,0.8410967237083022
4,8,RF+GB,4,6,1,1,93.99605,0.8452957465958935
4,8,RF+GB,4,6,1,1,95.0014,0.8447605976070165
4,8,RF+GB,4,6,1,1,95.99513,0.8501556693450286
4,8,RF+GB,4,6,1,1,97.00123,0.8450536347218303
4,8,RF+GB,4,6,1,1,98.00561,0.8522388196757305
4,8,RF+GB,4,6,1,1,99.00047,0.8512734708266898
4,8,RF+GB,4,6,1,1,100.0045,0.8497614261136603
4,8,RF+GB,4,6,1,1,100.9993,0.8514289399851058
4,8,RF+GB,4,6,1,1,102.0045,0.8517627498688589
4,8,RF+GB,4,6,1,1,102.9964,0.8546139711156617
4,8,RF+GB,4,6,1,1,104.0036,0.8585042373496339
4,8,RF+GB,4,6,1,1,104.998,0.8453583961369925
4,8,RF+GB,4,6,1,1,106.0024,0.8446355217024373
4,8,RF+GB,4,6,1,1,106.9969,0.8467472099511427
4,8,RF+GB,4,6,1,1,108.0033,0.8436491223431171
4,8,RF+GB,4,6,1,1,108.9968,0.8478079923087074
4,8,RF+GB,4,6,1,1,110.0023,0.8468698780098027
4,8,RF+GB,4,6,1,1,110.9956,0.8526697730093004
4,8,RF+GB,4,6,1,1,112.0019,0.8535914779973911
4,8,RF+GB,4,6,1,1,112.9961,0.8556163735827821
4,8,RF+GB,4,6,1,1,114.0015,0.8639632671025136
4,8,RF+GB,4,6,1,1,114.9951,0.865316426057114
4,8,RF+GB,4,6,1,1,115.9994,0.8644000660656135
4,8,RF+GB,4,6,1,1,116.9956,0.8105613491172039
4,8,RF+GB,4,6,1,1,118.0012,0.7991536071979569
4,8,RF+GB,4,6,1,1,119.0061,0.790085715838834
4,8,RF+GB,4,6,1,1,119.9999,0.8046324193927774
4,8,RF+GB,4,6,1,1,121.005,0.7894325316648936
4,8,RF+GB,4,6,1,1,121.9982,0.779420596150231
4,8,RF+GB,4,6,1,1,123.0025,0.7843674563905332
4,8,RF+GB,4,6,1,1,123.9976,0.7987527095997148
4,8,RF+GB,4,6,1,1,125.0031,0.8061151528165982
4,8,RF+GB,4,6,1,1,125.9979,0.8180895177469634
4,8,RF+GB,4,6,1,1,127.0042,0.8270852744654923
4,8,RF+GB,4,6,1,1,127.9954,0.8110668732196991
4,8,RF+GB,4,6,1,1,129.0022,0.8097839590620788
4,8,RF+GB,4,6,1,1,129.9973,0.8167537651766269
4,8,RF+GB,4,6,1,1,131.0019,0.8184204318432936
4,8,RF+GB,4,6,1,1,131.9967,0.8176865908523177
4,8,RF+GB,4,6,1,1,133.0011,0.8142573930687411
4,8,RF+GB,4,6,1,1,133.9959,0.792102169768453
4,8,RF+GB,4,6,1,1,135.0006,0.7914867110046431
4,8,RF+GB,4,6,1,1,135.9956,0.7992030308826472
4,8,RF+GB,4,6,1,1,137.0,0.7985875038963766
4,8,RF+GB,4,6,1,1,137.9949,0.7996231970038112
4,8,RF+GB,4,6,1,1,139.0005,0.8122465492466242
4,8,RF+GB,4,6,1,1,140.005,0.8286741574427363
4,8,RF+GB,4,6,1,1,141.0011,0.8118231479022955
4,8,RF+GB,4,6,1,1,142.0049,0.8214919164950668
4,8,RF+GB,4,6,1,1,143.0005,0.826111368447292
4,8,RF+GB,4,6,1,1,144.0034,0.8319461589710733
4,8,RF+GB,4,6,1,1,144.9979,0.8418662543768007
4,8,RF+GB,4,6,1,1,146.0038,0.8403414217235579
4,8,RF+GB,4,6,1,1,146.9981,0.8339123835828638
4,8,RF+GB,4,6,1,1,148.0031,0.8439402248106467
4,8,RF+GB,4,6,1,1,148.9964,0.8631829389924368
4,8,RF+GB,4,6,1,1,150.0031,0.8472088862233966
4,8,RF+GB,4,6,1,1,150.998,0.8565618868784448
4,8,RF+GB,4,6,1,1,152.0034,0.8536700345812622
4,8,RF+GB,4,6,1,1,152.9952,0.8516868898382165
4,8,RF+GB,4,6,1,1,154.0003,0.8465996279683168
4,8,RF+GB,4,6,1,1,154.9953,0.8463460856278817
4,8,RF+GB,4,6,1,1,156.0001,0.839309901918148
4,8,RF+GB,4,6,1,1,156.995,0.8579112171738225
4,8,RF+GB,4,6,1,1,157.9995,0.869544600761447
4,8,RF+GB,4,6,1,1,158.9955,0.8759711929419629
4,8,RF+GB,4,6,1,1,160.0004,0.8749160526176705
4,8,RF+GB,4,6,1,1,161.0052,0.8775340032214932
4,8,RF+GB,4,6,1,1,161.9997,0.8820403875562013
4,8,RF+GB,4,6,1,1,163.0055,0.8875775915396906
4,8,RF+GB,4,6,1,1,163.9982,0.8897319022106556
4,8,RF+GB,4,6,1,1,165.0044,0.8887392493739433
4,8,RF+GB,4,6,1,1,165.9982,0.8856377355160056
4,8,RF+GB,4,6,1,1,167.0028,0.8809963541953516
4,8,RF+GB,4,6,1,1,167.9974,0.8819850780677387
4,8,RF+GB,4,6,1,1,169.0004,0.8819850780677387
4,8,RF+GB,4,6,1,1,169.9961,0.8786517447344054
4,8,RF+GB,4,6,1,1,171.0027,0.879893816113543
4,8,RF+GB,4,6,1,1,171.9965,0.8789050922411558
4,8,RF+GB,4,6,1,1,173.0008,0.882540409658991
4,8,RF+GB,4,6,1,1,173.9957,0.8823136042105506
4,8,RF+GB,4,6,1,1,175.0005,0.8795569505987995
4,8,RF+GB,4,6,1,1,176.0067,0.8801447309753104
4,8,RF+GB,4,6,1,1,176.9993,0.8800800341566872
4,8,RF+GB,4,6,1,1,178.0047,0.8814448367322005
4,8,RF+GB,4,6,1,1,178.9991,0.8781659597017026
4,8,RF+GB,4,6,1,1,180.0038,0.8784784636908323
4,8,RF+GB,4,6,1,1,180.9995,0.8789645952443039
4,8,RF+GB,4,6,1,1,182.0041,0.874059032287182
4,8,RF+GB,4,6,1,1,183.0005,0.870140735132219
4,8,RF+GB,4,6,1,1,184.0035,0.8735094135261995
4,8,RF+GB,4,6,1,1,184.9995,0.8802785921185547
4,8,RF+GB,4,6,1,1,186.0027,0.8900589598212634
4,8,RF+GB,4,6,1,1,186.9969,0.8995262368217453
4,8,RF+GB,4,6,1,1,188.0041,0.9039947440308915
4,8,RF+GB,4,6,1,1,188.9965,0.9043263011723337
4,8,RF+GB,4,6,1,1,190.0023,0.895152321568047
4,8,RF+GB,4,6,1,1,190.997,0.8980053361737435
4,8,RF+GB,4,6,1,1,192.0012,0.8945352128698338
4,8,RF+GB,4,6,1,1,192.9953,0.8871099065791606
4,8,RF+GB,4,6,1,1,194.0018,0.8830634855919922
4,8,RF+GB,4,6,1,1,194.9951,0.8819374105374462
4,8,RF+GB,4,6,1,1,196.0017,0.8865989698895616
4,8,RF+GB,4,6,1,1,196.9955,0.8867997960660268
4,8,RF+GB,4,6,1,1,197.9992,0.8836327568343094
4,8,RF+GB,4,6,1,1,199.0046,0.8808074911358101
4,8,RF+GB,4,6,1,1,199.9997,0.8802901813751576
4,8,RF+GB,4,6,1,1,201.0053,0.8857084402388147
4,8,RF+GB,4,6,1,1,201.9996,0.8893268512927243
4,8,RF+GB,4,6,1,1,203.0045,0.8890555116719565
4,8,RF+GB,4,6,1,1,203.9994,0.8842795673804882
4,8,RF+GB,4,6,1,1,205.0027,0.8821895240395204
4,8,RF+GB,4,6,1,1,205.9978,0.8844659149082935
4,8,RF+GB,4,6,1,1,207.0028,0.87983941539917
4,8,RF+GB,4,6,1,1,207.9981,0.8786717830449653
4,8,RF+GB,4,6,1,1,209.0018,0.8769319921256542
4,8,RF+GB,4,6,1,1,209.9971,0.8767856858258403
4,8,RF+GB,4,6,1,1,211.0018,0.8787545412555446
4,8,RF+GB,4,6,1,1,211.9965,0.8859415651381002
4,8,RF+GB,4,6,1,1,213.0005,0.873417422129109
4,8,RF+GB,4,6,1,1,213.9955,0.8663185004876162
4,8,RF+GB,4,6,1,1,215.0018,0.8742971908934334
4,8,RF+GB,4,6,1,1,216.0054,0.8791011066350839
4,8,RF+GB,4,6,1,1,216.999,0.8766664578669372
4,8,RF+GB,4,6,1,1,218.0052,0.8758718332608587
4,8,RF+GB,4,6,1,1,219.0004,0.874205166594192
4,8,RF+GB,4,6,1,1,219.9952,0.8728264090948824
4,8,RF+GB,4,6,1,1,220.9994,0.8743238911257973
4,8,RF+GB,4,6,1,1,222.004,0.8709307644138921
4,8,RF+GB,4,6,1,1,222.9986,0.8698426742693262
4,8,RF+GB,4,6,1,1,224.0039,0.8686054494188233
4,8,RF+GB,4,6,1,1,224.9971,0.8656011365869664
4,8,RF+GB,4,6,1,1,226.0025,0.8628796961197209
4,8,RF+GB,4,6,1,1,226.997,0.8616051880560767
4,8,RF+GB,4,6,1,1,228.0032,0.8604789634116061
4,8,RF+GB,4,6,1,1,228.9982,0.859771359159327
4,8,RF+GB,4,6,1,1,230.0016,0.8599213794824763
4,8,RF+GB,4,6,1,1,230.9958,0.8602021187076312
4,8,RF+GB,4,6,1,1,232.0021,0.8572784488732796
4,8,RF+GB,4,6,1,1,232.996,0.8543671490840988
4,8,RF+GB,4,6,1,1,234.0009,0.8551636015320463
4,8,RF+GB,4,6,1,1,234.9951,0.8577632823737659
4,8,RF+GB,4,6,1,1,236.0014,0.8601826811095556
4,8,RF+GB,4,6,1,1,236.9952,0.8604794494000472
4,8,RF+GB,4,6,1,1,238.0005,0.8549495431590683
4,8,RF+GB,4,6,1,1,239.0048,0.8480699467281596
4,8,RF+GB,4,6,1,1,239.998,0.8507204845582238
4,8,RF+GB,4,6,1,1,241.0045,0.8522738011075942
4,8,RF+GB,4,6,1,1,241.9997,0.8508396748690406
4,8,RF+GB,4,6,1,1,243.0043,0.8630483356008147
4,8,RF+GB,4,6,1,1,243.9979,0.8571482450870678
4,8,RF+GB,4,6,1,1,245.0045,0.8498128956413887
4,8,RF+GB,4,6,1,1,245.9983,0.8415191869902976
4,8,RF+GB,4,6,1,1,247.0034,0.8371224384676836
4,8,RF+GB,4,6,1,1,247.9966,0.8417476251875564
4,8,RF+GB,4,6,1,1,249.0038,0.8371818883622575
4,8,RF+GB,4,6,1,1,249.9967,0.8324496886991493
4,8,RF+GB,4,6,1,1,251.0027,0.46539517488108106
4,8,RF+GB,4,6,1,1,251.9969,0.46431479574692447
4,8,RF+GB,4,6,1,1,253.0018,0.4326723651636609
4,8,RF+GB,4,6,1,1,254.0059,0.43729426398031285
4,8,RF+GB,4,6,1,1,255.0009,0.4385363897735578
4,8,RF+GB,4,6,1,1,256.006,0.4232019982466898
4,8,RF+GB,4,6,1,1,257.0001,0.42158789262439333
4,8,RF+GB,4,6,1,1,257.9961,0.4199212259577267
4,8,RF+GB,4,6,1,1,259.0005,0.4222212355135049
4,8,RF+GB,4,6,1,1,260.0055,0.43368548312089683
4,8,RF+GB,4,6,1,1,260.9998,0.4122014115599151
4,8,RF+GB,4,6,1,1,262.0056,0.4030707444271189
4,8,RF+GB,4,6,1,1,262.9988,0.37050714657196376
4,8,RF+GB,4,6,1,1,264.0048,0.3892011270041652
4,8,RF+GB,4,6,1,1,264.9983,0.38145554564207373
4,8,RF+GB,4,6,1,1,266.0038,0.37622742583566465
4,8,RF+GB,4,6,1,1,266.9969,0.37060614870518743
4,8,RF+GB,4,6,1,1,268.0023,0.35672388559037593
4,8,RF+GB,4,6,1,1,268.9973,0.3774778181328582
4,8,RF+GB,4,6,1,1,270.0033,0.36048084837940386
4,8,RF+GB,4,6,1,1,270.9977,0.39682390774246445
4,8,RF+GB,4,6,1,1,272.0032,0.3629847946256632
4,8,RF+GB,4,6,1,1,272.9963,0.3673941881602807
4,8,RF+GB,4,6,1,1,274.0013,0.4007339583000813
4,8,RF+GB,4,6,1,1,275.0058,0.3814410258107635
4,8,RF+GB,4,6,1,1,276.0016,0.37751743858173803
4,8,RF+GB,4,6,1,1,276.9961,0.3872737024973523
4,8,RF+GB,4,6,1,1,278.0005,0.3746314346865999
4,8,RF+GB,4,6,1,1,279.0054,0.38588993409833033
4,8,RF+GB,4,6,1,1,280.0003,0.3866345325304519
4,8,RF+GB,4,6,1,1,281.0043,0.39574401472102483
4,8,RF+GB,4,6,1,1,281.9992,0.3853852847347457
4,8,RF+GB,4,6,1,1,283.0033,0.43815013974691075
4,8,RF+GB,4,6,1,1,283.9978,0.44222302489323867
4,8,RF+GB,4,6,1,1,285.0029,0.4356053087253686
4,8,RF+GB,4,6,1,1,285.9962,0.4291293385827274
4,8,RF+GB,4,6,1,1,287.0033,0.4409601367600262
4,8,RF+GB,4,6,1,1,287.9975,0.4471688451620439
4,8,RF+GB,4,6,1,1,289.0008,0.43905778437179765
4,8,RF+GB,4,6,1,1,289.995,0.43481575194236166
4,8,RF+GB,4,6,1,1,291.0015,0.41177369357837
4,8,RF+GB,4,6,1,1,291.9957,0.4312826436858379
4,8,RF+GB,4,6,1,1,292.9995,0.4365871363982905
4,8,RF+GB,4,6,1,1,293.9948,0.4387063377223842
4,8,RF+GB,4,6,1,1,295.0001,0.4454677353842642
4,8,RF+GB,4,6,1,1,296.0042,0.42376039819261857
4,8,RF+GB,4,6,1,1,297.0004,0.45199725080545616
4,8,RF+GB,4,6,1,1,298.0045,0.4588661461859728
4,8,RF+GB,4,6,1,1,299.0001,0.4497938722414425
4,8,RF+GB,4,6,1,1,300.0042,0.4578792870569407
4,8,RF+GB,4,6,1,1,300.9987,0.459415332194655
4,8,RF+GB,8,12,0,0,0.0110377,0.00028295645580981606
4,8,RF+GB,8,12,0,0,1.010147,0.0010725408325610738
4,8,RF+GB,8,12,0,0,2.016094,0.005139492950486168
4,8,RF+GB,8,12,0,0,3.009745,0.002726977284101042
4,8,RF+GB,8,12,1,1,4.01616,0.002722614062988601
4,8,RF+GB,8,12,1,1,5.009424,0.005119834953836929
4,8,RF+GB,8,12,1,1,6.01379,0.0034543272441713694
4,8,RF+GB,8,12,1,1,7.008862,0.02306810192904559
4,8,RF+GB,8,12,1,1,8.014355,0.06674718986029954
4,8,RF+GB,8,12,1,1,9.019238,0.07321309351436267
4,8,RF+GB,8,12,1,1,10.01213,0.08705521964480264
4,8,RF+GB,8,12,1,1,11.0166,0.08121276677426856
4,8,RF+GB,8,12,1,1,12.01287,0.0999911072827913
4,8,RF+GB,8,12,1,1,13.01876,0.11282204323488507
4,8,RF+GB,8,12,1,1,14.01381,0.1285253982326719
4,8,RF+GB,8,12,1,1,15.01681,0.1363853070009295
4,8,RF+GB,8,12,1,1,16.01281,0.12294236181515866
4,8,RF+GB,8,12,1,1,17.01839,0.11075438119747504
4,8,RF+GB,8,12,1,1,18.01066,0.14061863684247308
4,8,RF+GB,8,12,1,1,19.01831,0.1465840098825437
4,8,RF+GB,8,12,1,1,20.01064,0.15062587155635715
4,8,RF+GB,8,12,1,1,21.0165,0.16992782235602297
4,8,RF+GB,8,12,1,1,22.01155,0.17164912490495302
4,8,RF+GB,8,12,1,1,23.01568,0.16326003517343166
4,8,RF+GB,8,12,1,1,24.0096,0.17905349608216728
4,8,RF+GB,8,12,1,1,25.01568,0.17499013049396528
4,8,RF+GB,8,12,1,1,26.00962,0.15929695373229683
4,8,RF+GB,8,12,1,1,27.01536,0.1703356448082994
4,8,RF+GB,8,12,1,1,28.0098,0.17467459954733933
4,8,RF+GB,8,12,1,1,29.01463,0.1733598716599036
4,8,RF+GB,8,12,1,1,30.0086,0.1762855654718764
4,8,RF+GB,8,12,1,1,31.01355,0.17759691604207853
4,8,RF+GB,8,12,1,1,32.01867,0.18588925328014472
4,8,RF+GB,8,12,1,1,33.01118,0.17657189420433397
4,8,RF+GB,8,12,1,1,34.01851,0.17579343718150064
4,8,RF+GB,8,12,1,1,35.01208,0.24232895052697773
4,8,RF+GB,8,12,1,1,36.01853,0.264096599793861
4,8,RF+GB,8,12,1,1,37.01241,0.2455631673527531
4,8,RF+GB,8,12,1,1,38.01729,0.23801599174536817
4,8,RF+GB,8,12,1,1,39.01123,0.23414883011144982
4,8,RF+GB,8,12,1,1,40.0166,0.23060169361410812
4,8,RF+GB,8,12,1,1,41.00916,0.22587723393282244
4,8,RF+GB,8,12,1,1,42.01604,0.23189311716252797
4,8,RF+GB,8,12,1,1,43.00914,0.22488788479950134
4,8,RF+GB,8,12,1,1,44.01637,0.22488788479950134
4,8,RF+GB,8,12,1,1,45.01945,0.22118173271361374
4,8,RF+GB,8,12,1,1,46.01505,0.2100552875944032
4,8,RF+GB,8,12,1,1,47.0084,0.20788841861605764
4,8,RF+GB,8,12,1,1,48.01484,0.20342005264233654
4,8,RF+GB,8,12,1,1,49.00824,0.21109140506725835
4,8,RF+GB,8,12,1,1,50.01454,0.2124341297792408
4,8,RF+GB,8,12,1,1,51.01845,0.21367806525516742
4,8,RF+GB,8,12,1,1,52.01202,0.20978317771767258
4,8,RF+GB,8,12,1,1,53.01875,0.24596259307986973
4,8,RF+GB,8,12,1,1,54.01386,0.24099822113610025
4,8,RF+GB,8,12,1,1,55.01745,0.23501100314490503
4,8,RF+GB,8,12,1,1,56.01162,0.2525099009617961
4,8,RF+GB,8,12,1,1,57.01839,0.24056561228288506
4,8,RF+GB,8,12,1,1,58.01215,0.235990286355105
4,8,RF+GB,8,12,1,1,59.01632,0.24234871261311355
4,8,RF+GB,8,12,1,1,60.01164,0.22371582860583855
4,8,RF+GB,8,12,1,1,61.01605,0.24368102612063985
4,8,RF+GB,8,12,1,1,62.01088,0.24286633035903063
4,8,RF+GB,8,12,1,1,63.01574,0.205568227005895
4,8,RF+GB,8,12,1,1,64.0106,0.2071643070143963
4,8,RF+GB,8,12,1,1,65.01489,0.22174622721685536
4,8,RF+GB,8,12,1,1,66.00845,0.22583041113776944
4,8,RF+GB,8,12,1,1,67.01373,0.2302522504109628
4,8,RF+GB,8,12,1,1,68.01971,0.2344513376664189
4,8,RF+GB,8,12,1,1,69.01488,0.27994182940341467
4,8,RF+GB,8,12,1,1,70.01777,0.28407211949750283
4,8,RF+GB,8,12,1,1,71.01369,0.2832887078128979
4,8,RF+GB,8,12,1,1,72.01964,0.31972571723994486
4,8,RF+GB,8,12,1,1,73.01192,0.38288625694301864
4,8,RF+GB,8,12,1,1,74.01961,0.34171848762923207
4,8,RF+GB,8,12,1,1,75.01247,0.33822037953655626
4,8,RF+GB,8,12,1,1,76.01733,0.31935309065846257
4,8,RF+GB,8,12,1,1,77.01091,0.4321623820975651
4,8,RF+GB,8,12,1,1,78.01698,0.39037335159323266
4,8,RF+GB,8,12,1,1,79.01109,0.4427694073788565
4,8,RF+GB,8,12,1,1,80.01685,0.5080648674381385
4,8,RF+GB,8,12,1,1,81.01129,0.5256209904300093
4,8,RF+GB,8,12,1,1,82.0164,0.5253663823990438
4,8,RF+GB,8,12,1,1,83.00986,0.5166444349715884
4,8,RF+GB,8,12,1,1,84.01507,0.5345279368042514
4,8,RF+GB,8,12,1,1,85.0094,0.5247278471455585
4,8,RF+GB,8,12,1,1,86.01546,0.5297632236481848
4,8,RF+GB,8,12,1,1,87.00921,0.5589008229222014
4,8,RF+GB,8,12,1,1,88.01216,0.49443903449896465
4,8,RF+GB,8,12,1,1,89.00884,0.5070244211022215
4,8,RF+GB,8,12,1,1,90.01527,0.4881955496140695
4,8,RF+GB,8,12,1,1,91.01823,0.45897536382486115
4,8,RF+GB,8,12,1,1,92.01326,0.44570419053567967
4,8,RF+GB,8,12,1,1,93.0173,0.4455569355699792
4,8,RF+GB,8,12,1,1,94.012,0.44396670125426674
4,8,RF+GB,8,12,1,1,95.01615,0.4168083366311576
4,8,RF+GB,8,12,1,1,96.01204,0.4220452250436918
4,8,RF+GB,8,12,1,1,97.01764,0.4099656429036109
4,8,RF+GB,8,12,1,1,98.0108,0.4297953383537863
4,8,RF+GB,8,12,1,1,99.01787,0.4329047744476627
4,8,RF+GB,8,12,1,1,100.0112,0.4369176221610055
4,8,RF+GB,8,12,1,1,101.0159,0.4412418402971048
4,8,RF+GB,8,12,1,1,102.0096,0.4391561407617408
4,8,RF+GB,8,12,1,1,103.0159,0.43860915990199345
4,8,RF+GB,8,12,1,1,104.0102,0.4337295841362182
4,8,RF+GB,8,12,1,1,105.0157,0.4330140878039873
4,8,RF+GB,8,12,1,1,106.0086,0.44189638976529827
4,8,RF+GB,8,12,1,1,107.0142,0.4526165070652811
4,8,RF+GB,8,12,1,1,108.009,0.45428317373194793
4,8,RF+GB,8,12,1,1,109.0137,0.45358252079372585
4,8,RF+GB,8,12,1,1,110.0089,0.46938300097441
4,8,RF+GB,8,12,1,1,111.0139,0.4761703791739076
4,8,RF+GB,8,12,1,1,112.0085,0.48778108926506375
4,8,RF+GB,8,12,1,1,113.0106,0.4839177723202631
4,8,RF+GB,8,12,1,1,114.017,0.4763100985126303
4,8,RF+GB,8,12,1,1,115.0134,0.48451602776911745
4,8,RF+GB,8,12,1,1,116.0167,0.4737927614456643
4,8,RF+GB,8,12,1,1,117.0123,0.481762052296385
4,8,RF+GB,8,12,1,1,118.0174,0.48713913673842224
4,8,RF+GB,8,12,1,1,119.0114,0.4934980402001403
4,8,RF+GB,8,12,1,1,120.0172,0.5000029643752877
4,8,RF+GB,8,12,1,1,121.0105,0.5004718860901158
4,8,RF+GB,8,12,1,1,122.0162,0.5009293228572836
4,8,RF+GB,8,12,1,1,123.0094,0.5201728782787152
4,8,RF+GB,8,12,1,1,124.015,0.5227218757626657
4,8,RF+GB,8,12,1,1,125.0093,0.5045720335859353
4,8,RF+GB,8,12,1,1,126.0151,0.5160118253945023
4,8,RF+GB,8,12,1,1,127.0096,0.5262616445204906
4,8,RF+GB,8,12,1,1,128.0141,0.5206652761224991
4,8,RF+GB,8,12,1,1,129.0185,0.5426976209419822
4,8,RF+GB,8,12,1,1,130.014,0.5421975894626496
4,8,RF+GB,8,12,1,1,131.0189,0.5473876134779224
4,8,RF+GB,8,12,1,1,132.0128,0.5422117337342195
4,8,RF+GB,8,12,1,1,133.019,0.5513953535376427
4,8,RF+GB,8,12,1,1,134.0107,0.5453938605311992
4,8,RF+GB,8,12,1,1,135.0182,0.5413953535376427
4,8,RF+GB,8,12,1,1,136.0107,0.5416299700269267
4,8,RF+GB,8,12,1,1,137.0173,0.5313560961129679
4,8,RF+GB,8,12,1,1,138.0118,0.5462598061377427
4,8,RF+GB,8,12,1,1,139.0185,0.5313979472814871
4,8,RF+GB,8,12,1,1,140.011,0.542967899541951
4,8,RF+GB,8,12,1,1,141.0155,0.5462070513739609
4,8,RF+GB,8,12,1,1,142.0092,0.5430270923532261
4,8,RF+GB,8,12,1,1,143.0148,0.5449040399265175
4,8,RF+GB,8,12,1,1,144.0097,0.5435647148377137
4,8,RF+GB,8,12,1,1,145.0158,0.5458636229126745
4,8,RF+GB,8,12,1,1,146.009,0.5476765749217315
4,8,RF+GB,8,12,1,1,147.0147,0.5497070567001541
4,8,RF+GB,8,12,1,1,148.0176,0.5547888916818968
4,8,RF+GB,8,12,1,1,149.0135,0.5535444621502259
4,8,RF+GB,8,12,1,1,150.0089,0.5554255557193788
4,8,RF+GB,8,12,1,1,151.0133,0.5547888916818968
4,8,RF+GB,8,12,1,1,152.0182,0.5098928592930454
4,8,RF+GB,8,12,1,1,153.0136,0.5591221096899726
4,8,RF+GB,8,12,1,1,154.0181,0.5470051675609038
4,8,RF+GB,8,12,1,1,155.0128,0.6268411805819882
4,8,RF+GB,8,12,1,1,156.0166,0.6323257447439894
4,8,RF+GB,8,12,1,1,157.0118,0.6397848197050531
4,8,RF+GB,8,12,1,1,158.0165,0.6697927876995442
4,8,RF+GB,8,12,1,1,159.0093,0.6840383329274642
4,8,RF+GB,8,12,1,1,160.0144,0.5197997366631024
4,8,RF+GB,8,12,1,1,161.0088,0.5579156835285715
4,8,RF+GB,8,12,1,1,162.0157,0.5506122452078481
4,8,RF+GB,8,12,1,1,163.0096,0.5360489802777504
4,8,RF+GB,8,12,1,1,164.0156,0.5488559725001287
4,8,RF+GB,8,12,1,1,165.0181,0.5503380974930262
4,8,RF+GB,8,12,1,1,166.015,0.5527396520422561
4,8,RF+GB,8,12,1,1,167.0088,0.5514812019573294
4,8,RF+GB,8,12,1,1,168.0134,0.5524974285799917
4,8,RF+GB,8,12,1,1,169.0189,0.5501614869582866
4,8,RF+GB,8,12,1,1,170.0132,0.5577350161563428
4,8,RF+GB,8,12,1,1,171.0085,0.557076002447595
4,8,RF+GB,8,12,1,1,172.0134,0.5616261721112891
4,8,RF+GB,8,12,1,1,173.0177,0.5675881208261568
4,8,RF+GB,8,12,1,1,174.0111,0.5714493953304212
4,8,RF+GB,8,12,1,1,175.0181,0.5675828500837778
4,8,RF+GB,8,12,1,1,176.0109,0.593103130073792
4,8,RF+GB,8,12,1,1,177.017,0.6031289096618311
4,8,RF+GB,8,12,1,1,178.011,0.6002090861973222
4,8,RF+GB,8,12,1,1,179.0166,0.5918499732759497
4,8,RF+GB,8,12,1,1,180.0093,0.5816017779617555
4,8,RF+GB,8,12,1,1,181.0153,0.5941748996908103
4,8,RF+GB,8,12,1,1,182.0092,0.5929343049470991
4,8,RF+GB,8,12,1,1,183.0143,0.5993707869983842
4,8,RF+GB,8,12,1,1,184.0083,0.6014387011647804
4,8,RF+GB,8,12,1,1,185.0125,0.6046923691292408
4,8,RF+GB,8,12,1,1,186.0095,0.6059041827081865
4,8,RF+GB,8,12,1,1,187.0145,0.6075708493748532
4,8,RF+GB,8,12,1,1,188.0086,0.6092375160415198
4,8,RF+GB,8,12,1,1,189.0136,0.6080568231669721
4,8,RF+GB,8,12,1,1,190.0171,0.6076653011882811
4,8,RF+GB,8,12,1,1,191.013,0.615419815952867
4,8,RF+GB,8,12,1,1,192.0174,0.6429765251753292
4,8,RF+GB,8,12,1,1,193.0106,0.6363300926749362
4,8,RF+GB,8,12,1,1,194.0183,0.6410687018735691
4,8,RF+GB,8,12,1,1,195.011,0.6080846419721924
4,8,RF+GB,8,12,1,1,196.0152,0.6267071667804656
4,8,RF+GB,8,12,1,1,197.0104,0.6281556202268226
4,8,RF+GB,8,12,1,1,198.0171,0.6275075195995872
4,8,RF+GB,8,12,1,1,199.0101,0.624174186266254
4,8,RF+GB,8,12,1,1,200.0164,0.6258408529329206
4,8,RF+GB,8,12,1,1,201.0086,0.618007980121702
4,8,RF+GB,8,12,1,1,202.0159,0.6245576217212814
4,8,RF+GB,8,12,1,1,203.0097,0.6228909550546147
4,8,RF+GB,8,12,1,1,204.015,0.6119525869629779
4,8,RF+GB,8,12,1,1,205.0092,0.6235332588355225
4,8,RF+GB,8,12,1,1,206.0141,0.6195484337847865
4,8,RF+GB,8,12,1,1,207.008,0.6195484337847865
4,8,RF+GB,8,12,1,1,208.0141,0.612750935305225
4,8,RF+GB,8,12,1,1,209.0079,0.6203696225468475
4,8,RF+GB,8,12,1,1,210.0141,0.6196748997679563
4,8,RF+GB,8,12,1,1,211.0173,0.6170051685091162
4,8,RF+GB,8,12,1,1,212.0122,0.6150921280892362
4,8,RF+GB,8,12,1,1,213.0178,0.6082229030739923
4,8,RF+GB,8,12,1,1,214.0104,0.6082764209433607
4,8,RF+GB,8,12,1,1,215.0173,0.6132229030739922
4,8,RF+GB,8,12,1,1,216.0121,0.6056605707861105
4,8,RF+GB,8,12,1,1,217.016,0.6056605707861105
4,8,RF+GB,8,12,1,1,218.0118,0.6081924319906138
4,8,RF+GB,8,12,1,1,219.017,0.6058960724889306
4,8,RF+GB,8,12,1,1,220.0112,0.6095320123772237
4,8,RF+GB,8,12,1,1,221.0145,0.5877633553940389
4,8,RF+GB,8,12,1,1,222.0105,0.5935746534302526
4,8,RF+GB,8,12,1,1,223.0154,0.588178241293408
4,8,RF+GB,8,12,1,1,224.0105,0.6076302644239544
4,8,RF+GB,8,12,1,1,225.0148,0.6200920819296714
4,8,RF+GB,8,12,1,1,226.0095,0.6158315357379105
4,8,RF+GB,8,12,1,1,227.0143,0.6179695111565542
4,8,RF+GB,8,12,1,1,228.0086,0.6099124997382188
4,8,RF+GB,8,12,1,1,229.0141,0.6091171013432148
4,8,RF+GB,8,12,1,1,230.0186,0.611332445884458
4,8,RF+GB,8,12,1,1,231.0125,0.6146019659191067
4,8,RF+GB,8,12,1,1,232.0178,0.6165794311937923
4,8,RF+GB,8,12,1,1,233.0099,0.6160704198246332
4,8,RF+GB,8,12,1,1,234.0176,0.618070352008269
4,8,RF+GB,8,12,1,1,235.0116,0.6148613590220331
4,8,RF+GB,8,12,1,1,236.0172,0.6129446001496976
4,8,RF+GB,8,12,1,1,237.0101,0.612486994285631
4,8,RF+GB,8,12,1,1,238.0155,0.6105171268187644
4,8,RF+GB,8,12,1,1,239.008,0.6195902237344422
4,8,RF+GB,8,12,1,1,240.0153,0.6193917222355602
4,8,RF+GB,8,12,1,1,241.0105,0.6205806737005394
4,8,RF+GB,8,12,1,1,242.0131,0.5952568417956166
4,8,RF+GB,8,12,1,1,243.0095,0.5941114168030575
4,8,RF+GB,8,12,1,1,244.014,0.5936649661588286
4,8,RF+GB,8,12,1,1,245.0085,0.5709827930942977
4,8,RF+GB,8,12,1,1,246.0148,0.5865269149755781
4,8,RF+GB,8,12,1,1,247.009,0.5746866146993033
4,8,RF+GB,8,12,1,1,248.0144,0.5683221527439792
4,8,RF+GB,8,12,1,1,249.0175,0.5613725468667738
4,8,RF+GB,8,12,1,1,250.0134,0.5745214659326758
4,8,RF+GB,8,12,1,1,251.0181,0.5729105266196096
4,8,RF+GB,8,12,1,1,252.0121,0.5762438599529429
4,8,RF+GB,8,12,1,1,253.0182,0.574845216485858
4,8,RF+GB,8,12,1,1,254.0107,0.5624462950286142
4,8,RF+GB,8,12,1,1,255.0149,0.5602245754873695
4,8,RF+GB,8,12,1,1,256.0111,0.5560014746033007
4,8,RF+GB,8,12,1,1,257.0152,0.5602223806773212
4,8,RF+GB,8,12,1,1,258.0106,0.5601632129649503
4,8,RF+GB,8,12,1,1,259.0168,0.568471826839325
4,8,RF+GB,8,12,1,1,260.0113,0.5626089064881804
4,8,RF+GB,8,12,1,1,261.0168,0.5674809959832262
4,8,RF+GB,8,12,1,1,262.0091,0.5517039754818578
4,8,RF+GB,8,12,1,1,263.015,0.5828687864956871
4,8,RF+GB,8,12,1,1,264.0086,0.5851019993874105
4,8,RF+GB,8,12,1,1,265.0153,0.5851019993874105
4,8,RF+GB,8,12,1,1,266.0085,0.5851019993874105
4,8,RF+GB,8,12,1,1,267.0125,0.5666109176509007
4,8,RF+GB,8,12,1,1,268.0091,0.5598186811431365
4,8,RF+GB,8,12,1,1,269.0128,0.5579842926870999
4,8,RF+GB,8,12,1,1,270.0084,0.5269259941024077
4,8,RF+GB,8,12,1,1,271.0146,0.5123343729774121
4,8,RF+GB,8,12,1,1,272.0173,0.515037390576639
4,8,RF+GB,8,12,1,1,273.0097,0.5124634281898492
4,8,RF+GB,8,12,1,1,274.0183,0.5182850854589622
4,8,RF+GB,8,12,1,1,275.0115,0.5581408360947404
4,8,RF+GB,8,12,1,1,276.0151,0.5616147028055698
4,8,RF+GB,8,12,1,1,277.0096,0.5578770541815794
4,8,RF+GB,8,12,1,1,278.0158,0.5557506338555778
4,8,RF+GB,8,12,1,1,279.0106,0.5620407789378027
4,8,RF+GB,8,12,1,1,280.0164,0.5488010037332384
4,8,RF+GB,8,12,1,1,281.0103,0.5540271772675696
4,8,RF+GB,8,12,1,1,282.0149,0.5655392251956235
4,8,RF+GB,8,12,1,1,283.009,0.5655392251956235
4,8,RF+GB,8,12,1,1,284.0134,0.5655392251956235
4,8,RF+GB,8,12,1,1,285.0092,0.5588661441015332
4,8,RF+GB,8,12,1,1,286.0143,0.5610571161113569
4,8,RF+GB,8,12,1,1,287.0086,0.5610571161113569
4,8,RF+GB,8,12,1,1,288.0116,0.5610571161113569
4,8,RF+GB,8,12,1,1,289.0082,0.5610571161113569
4,8,RF+GB,8,12,1,1,290.0127,0.5645588083294805
4,8,RF+GB,8,12,1,1,291.0188,0.5628921416628138
4,8,RF+GB,8,12,1,1,292.0116,0.5627237827780236
4,8,RF+GB,8,12,1,1,293.0168,0.5645588083294805
4,8,RF+GB,8,12,1,1,294.0131,0.5746117249129765
4,8,RF+GB,8,12,1,1,295.0175,0.5706983940144666
4,8,RF+GB,8,12,1,1,296.0116,0.5762783915796431
4,8,RF+GB,8,12,1,1,297.0178,0.5761514601550357
4,8,RF+GB,8,12,1,1,298.0087,0.5761514601550357
4,8,RF+GB,8,12,1,1,299.016,0.5726430741618078
4,8,RF+GB,8,12,1,1,300.0092,0.5677078986403596
4,8,RF+GB,8,12,1,1,301.0147,0.5685893399571633
