pair_g,pair_h,model,participant,session,y,sev,t,proba
13,20,RF,13,19,0,0,0.0111871,0.034527737880966726
13,20,RF,13,19,0,0,1.008122,0.02311609883786959
13,20,RF,13,19,0,0,2.009342,0.04558036361262793
13,20,RF,13,19,0,0,3.01029,0.05244980360594536
13,20,RF,13,19,0,0,4.012894,0.04941532233857346
13,20,RF,13,19,0,0,5.012518,0.05608198900524011
13,20,RF,13,19,0,0,6.011678,0.09663051457352739
13,20,RF,13,19,1,1,7.012534,0.13700860729174566
13,20,RF,13,19,1,1,8.012196,0.12912439473418022
13,20,RF,13,19,1,1,9.014396,0.13135469504094635
13,20,RF,13,19,1,1,10.01344,0.10943391846530981
13,20,RF,13,19,1,1,11.01306,0.11189283071669874
13,20,RF,13,19,1,1,12.01485,0.1316114706654818
13,20,RF,13,19,1,1,13.0143,0.14354495653225907
13,20,RF,13,19,1,1,14.01455,0.1584605041968784
13,20,RF,13,19,1,1,15.01391,0.19005279341879472
13,20,RF,13,19,1,1,16.01548,0.1979796905957479
13,20,RF,13,19,1,1,17.01406,0.21269447040478287
13,20,RF,13,19,1,1,18.0144,0.23223375367817578
13,20,RF,13,19,1,1,19.01565,0.2588087820468829
13,20,RF,13,19,1,1,20.01563,0.2552090594878087
13,20,RF,13,19,1,1,21.01543,0.25990935199279086
13,20,RF,13,19,1,1,22.01529,0.27160491577336165
13,20,RF,13,19,1,1,23.01496,0.2738290158927014
13,20,RF,13,19,1,1,24.01564,0.27351107998957536
13,20,RF,13,19,1,1,25.01589,0.2754717750347229
13,20,RF,13,19,1,1,26.016,0.288037220060901
13,20,RF,13,19,1,1,27.01539,0.2704259565100449
13,20,RF,13,19,1,1,28.01522,0.27684127268800024
13,20,RF,13,19,1,1,29.01563,0.28104550275786344
13,20,RF,13,19,1,1,30.01614,0.2954691647188486
13,20,RF,13,19,1,1,31.01577,0.29893092570911545
13,20,RF,13,19,1,1,32.01576,0.30226425904244875
13,20,RF,13,19,1,1,33.0156,0.30475173547535517
13,20,RF,13,19,1,1,34.0147,0.30080264007453184
13,20,RF,13,19,1,1,35.01602,0.3119182370021647
13,20,RF,13,19,1,1,36.01648,0.3065938573071954
13,20,RF,13,19,1,1,37.01661,0.2899253792531656
13,20,RF,13,19,1,1,38.01633,0.3013283742934078
13,20,RF,13,19,1,1,39.01587,0.3013283742934078
13,20,RF,13,19,1,1,40.00611,0.3060339665234708
13,20,RF,13,19,1,1,41.01639,0.29849640312027437
13,20,RF,13,19,1,1,42.01607,0.29094071542467353
13,20,RF,13,19,1,1,43.0164,0.3051446437483177
13,20,RF,13,19,1,1,44.01625,0.30177937388172776
13,20,RF,13,19,1,1,45.01569,0.30601962352358975
13,20,RF,13,19,1,1,46.01624,0.3007341049722976
13,20,RF,13,19,1,1,47.01646,0.2949150347660178
13,20,RF,13,19,1,1,48.01652,0.2783053091979993
13,20,RF,13,19,1,1,49.01628,0.27743471420768845
13,20,RF,13,19,1,1,50.01647,0.27410138087435515
13,20,RF,13,19,1,1,51.01644,0.27117224641093113
13,20,RF,13,19,1,1,52.01611,0.2611722464109311
13,20,RF,13,19,1,1,53.01606,0.2718416756802445
13,20,RF,13,19,1,1,54.00663,0.27368932159430415
13,20,RF,13,19,0,0,55.01663,0.28989658396080725
13,20,RF,13,19,1,1,56.0057,0.31060718265586784
13,20,RF,13,19,1,1,57.00594,0.32403115253937514
13,20,RF,13,19,1,2,58.00592,0.34451199675948846
13,20,RF,13,19,1,2,59.0167,0.35373384751995923
13,20,RF,13,19,1,2,60.01779,0.3567442247644716
13,20,RF,13,19,1,2,61.00571,0.3556225575735411
13,20,RF,13,19,1,2,62.01745,0.3445348189936064
13,20,RF,13,19,1,2,63.00681,0.3534456357859793
13,20,RF,13,19,1,2,64.00627,0.3430995626294185
13,20,RF,13,19,1,2,65.00667,0.3386969608801521
13,20,RF,13,19,1,2,66.0068,0.3378384265322748
13,20,RF,13,19,1,2,67.00623,0.3315154406685829
13,20,RF,13,19,1,2,68.00655,0.32361693987625595
13,20,RF,13,19,1,2,69.00725,0.3337692662656453
13,20,RF,13,19,1,2,70.0069,0.3304382092810486
13,20,RF,13,19,1,2,71.00654,0.32603252303275143
13,20,RF,13,19,1,2,72.00589,0.3287643080846173
13,20,RF,13,19,1,2,73.00656,0.3201365669813469
13,20,RF,13,19,1,2,74.00774,0.32543249231710836
13,20,RF,13,19,1,2,75.0063,0.3157410886760663
13,20,RF,13,19,1,2,76.0173,0.313048578958659
13,20,RF,13,19,1,2,77.01709,0.3016755612790172
13,20,RF,13,19,1,2,78.00648,0.3010244937225793
13,20,RF,13,19,1,2,79.00738,0.30571133824189417
13,20,RF,13,19,1,2,80.00748,0.30555028584901445
13,20,RF,13,19,1,2,81.00877,0.30947471107095853
13,20,RF,13,19,1,2,82.00806,0.3115776464655795
13,20,RF,13,19,1,2,83.00819,0.29925818920316316
13,20,RF,13,19,1,2,84.00889,0.3039804746572948
13,20,RF,13,19,1,2,85.00765,0.2835519015333153
13,20,RF,13,19,1,2,86.00846,0.29748619093311796
13,20,RF,13,19,1,2,87.00851,0.30218082163122617
13,20,RF,13,19,1,2,88.00794,0.3082939561634365
13,20,RF,13,19,1,2,89.00771,0.3010388219017862
13,20,RF,13,19,1,2,90.00766,0.28186248058295044
13,20,RF,13,19,1,2,91.00752,0.28058295474543277
13,20,RF,13,19,1,2,92.00755,0.26748994331931397
13,20,RF,13,19,1,2,93.00887,0.24778406120417604
13,20,RF,13,19,1,2,94.00878,0.2571152152761936
13,20,RF,13,19,1,2,95.0084,0.253304478589864
13,20,RF,13,19,1,2,96.0089,0.25393388901554126
13,20,RF,13,19,1,2,97.00879,0.24444012180035884
13,20,RF,13,19,1,2,98.00745,0.2357604040676021
13,20,RF,13,19,1,2,99.00846,0.2318703687081225
13,20,RF,13,19,1,2,100.0082,0.22469746925663828
13,20,RF,13,19,1,2,101.0088,0.24099417164479037
13,20,RF,13,19,1,2,102.0081,0.24738701702031315
13,20,RF,13,19,1,2,103.0087,0.2546584336680102
13,20,RF,13,19,1,2,104.0086,0.2618543148193923
13,20,RF,13,19,1,2,105.0088,0.27661116149257964
13,20,RF,13,19,1,2,106.0089,0.25184829652769725
13,20,RF,13,19,1,2,107.0094,0.26713132255395117
13,20,RF,13,19,1,2,108.0097,0.26322321116461966
13,20,RF,13,19,1,2,109.0098,0.25186854918217605
13,20,RF,13,19,1,2,110.0093,0.2452018825155094
13,20,RF,13,19,1,2,111.0108,0.24246018696326663
13,20,RF,13,19,1,2,112.0113,0.25109286015546634
13,20,RF,13,19,1,2,113.0099,0.24727546344602042
13,20,RF,13,19,1,2,114.0104,0.24587702653881957
13,20,RF,13,19,1,2,115.0104,0.2505945952673419
13,20,RF,13,19,1,2,116.0103,0.2572612619340086
13,20,RF,13,19,1,2,117.0103,0.26253025047638656
13,20,RF,13,19,1,2,118.011,0.27448108134367544
13,20,RF,13,19,1,2,119.0105,0.2722140662883065
13,20,RF,13,19,1,2,120.0106,0.2927644276695111
13,20,RF,13,19,1,2,121.0102,0.31080411201581964
13,20,RF,13,19,1,2,122.0111,0.304162864576712
13,20,RF,13,19,1,2,123.0116,0.29553588225635385
13,20,RF,13,19,1,2,124.0112,0.3002573869914027
13,20,RF,13,19,1,2,125.0108,0.29025738699140274
13,20,RF,13,19,1,2,126.0111,0.2944468822587894
13,20,RF,13,19,1,2,127.0116,0.3019592490776631
13,20,RF,13,19,1,2,128.0111,0.30335355600913905
13,20,RF,13,19,1,2,129.0099,0.3256475004005847
13,20,RF,13,19,1,2,130.011,0.3247693487372734
13,20,RF,13,19,1,2,131.0099,0.3294469238857274
13,20,RF,13,19,1,2,132.0116,0.3544749419175447
13,20,RF,13,19,1,2,133.0112,0.3537834915326705
13,20,RF,13,19,1,2,134.011,0.3543660069313649
13,20,RF,13,19,1,2,135.0112,0.34155104643000805
13,20,RF,13,19,1,2,136.0114,0.32455976023448646
13,20,RF,13,19,1,2,137.0117,0.31407497506735643
13,20,RF,13,19,1,2,138.0124,0.30265226072510276
13,20,RF,13,19,1,2,139.0119,0.2979468106788508
13,20,RF,13,19,1,2,140.0126,0.3045536682554941
13,20,RF,13,19,1,2,141.0127,0.3023060963335972
13,20,RF,13,19,1,2,142.0116,0.29556253730427917
13,20,RF,13,19,1,2,143.0115,0.29556253730427917
13,20,RF,13,19,1,2,144.0123,0.29171955714245973
13,20,RF,13,19,1,2,145.0119,0.28329029746677503
13,20,RF,13,19,1,2,146.0106,0.29444154989326693
13,20,RF,13,19,1,2,147.0095,0.3072496501595725
13,20,RF,13,19,1,2,148.0128,0.33145942779497567
13,20,RF,13,19,1,2,149.0116,0.34338156961067295
13,20,RF,13,19,1,2,150.0129,0.34977836405984636
13,20,RF,13,19,1,2,151.0131,0.34115783139424194
13,20,RF,13,19,1,2,152.013,0.3372990713272565
13,20,RF,13,19,1,2,153.0128,0.3372520443131506
13,20,RF,13,19,1,2,154.0131,0.3276804930002143
13,20,RF,13,19,1,2,155.0118,0.3349183249862841
13,20,RF,13,19,1,2,156.0112,0.34484885252781566
13,20,RF,13,19,1,2,157.0115,0.3552647346492415
13,20,RF,13,19,1,2,158.0129,0.3522688705153583
13,20,RF,13,19,1,2,159.0138,0.37222112906636895
13,20,RF,13,19,1,2,160.0113,0.3683771768188414
13,20,RF,13,19,1,2,161.0132,0.3797851215295266
13,20,RF,13,19,1,2,162.0131,0.3797290524275064
13,20,RF,13,19,1,2,163.0128,0.3944090645111807
13,20,RF,13,19,1,2,164.0125,0.40306619342445565
13,20,RF,13,19,1,2,165.0142,0.4087277680109774
13,20,RF,13,19,1,2,166.0134,0.3987342687143073
13,20,RF,13,19,1,2,167.0146,0.39506483902046935
13,20,RF,13,19,1,2,168.014,0.3989950215082305
13,20,RF,13,19,1,2,169.0144,0.4271221763566741
13,20,RF,13,19,1,2,170.0139,0.4494062308763972
13,20,RF,13,19,1,2,171.0134,0.45298981099291796
13,20,RF,13,19,1,2,172.0138,0.4522825268914053
13,20,RF,13,19,1,2,173.0135,0.44979698188462397
13,20,RF,13,19,1,2,174.0141,0.4398034836382459
13,20,RF,13,19,1,2,175.014,0.4364867683864035
13,20,RF,13,19,1,2,176.0143,0.43705661435347243
13,20,RF,13,19,1,2,177.0146,0.43901010096095394
13,20,RF,13,19,1,2,178.0154,0.4409943182763801
13,20,RF,13,19,1,2,179.0144,0.45014804751565257
13,20,RF,13,19,1,2,180.0144,0.45014804751565246
13,20,RF,13,19,1,2,181.0142,0.4412816037202606
13,20,RF,13,19,1,2,182.0138,0.42985933467578924
13,20,RF,13,19,1,2,183.0142,0.42297732523989673
13,20,RF,13,19,1,2,184.0148,0.42126270367191954
13,20,RF,13,19,1,2,185.0134,0.42480354876859083
13,20,RF,13,19,1,2,186.0141,0.4284333537701342
13,20,RF,13,19,1,2,187.0155,0.41810643073928727
13,20,RF,13,19,1,2,188.0152,0.4139313721818469
13,20,RF,13,19,1,2,189.0157,0.423427415745766
13,20,RF,13,19,1,2,190.0155,0.42236861489941585
13,20,RF,13,19,1,2,191.0159,0.41818749323953053
13,20,RF,13,19,1,2,192.0149,0.4256375399362706
13,20,RF,13,19,1,2,193.0139,0.42522904023905245
13,20,RF,13,19,1,2,194.0151,0.4333650123321208
13,20,RF,13,19,1,2,195.0153,0.4202529200827996
13,20,RF,13,19,1,2,196.0149,0.42652213360303504
13,20,RF,13,19,1,2,197.0161,0.4135036749669115
13,20,RF,13,19,1,2,198.016,0.4176606745856768
13,20,RF,13,19,1,2,199.0155,0.40213456187932994
13,20,RF,13,19,1,2,200.0149,0.40157268313283934
13,20,RF,13,19,1,2,201.0149,0.3998418925987818
13,20,RF,13,19,1,2,202.0162,0.3975670787030001
13,20,RF,13,19,1,2,203.017,0.39916471645681123
13,20,RF,13,19,1,2,204.016,0.40188108599630384
13,20,RF,13,19,1,2,205.0163,0.40217498760606857
13,20,RF,13,19,1,2,206.0161,0.3974491058140898
13,20,RF,13,19,1,2,207.0155,0.42019877131042466
13,20,RF,13,19,1,2,208.0161,0.4315767210789958
13,20,RF,13,19,1,2,209.0168,0.44902781867920366
13,20,RF,13,19,1,2,210.0161,0.4577026939569642
13,20,RF,13,19,1,2,211.0167,0.4609045191129281
13,20,RF,13,19,1,2,212.0168,0.46480352510731315
13,20,RF,13,19,1,2,213.0174,0.4547550695774187
13,20,RF,13,19,1,2,214.0169,0.46054600567016574
13,20,RF,13,19,1,2,215.0167,0.4611721854946374
13,20,RF,13,19,1,2,216.0177,0.474312502330581
13,20,RF,13,19,1,2,217.017,0.5077195072263476
13,20,RF,13,19,1,2,218.0148,0.5099552610771709
13,20,RF,13,19,1,2,219.0061,0.5308047683578716
13,20,RF,13,19,1,2,220.006,0.527075964223564
13,20,RF,13,19,1,2,221.0061,0.5268277860937153
13,20,RF,13,19,1,2,222.006,0.5459782062417787
13,20,RF,13,19,1,2,223.0159,0.5596908857120265
13,20,RF,13,19,1,2,224.0162,0.5670894440197389
13,20,RF,13,19,1,2,225.0068,0.5798493969278008
13,20,RF,13,19,1,2,226.0167,0.578956289227762
13,20,RF,13,19,1,2,227.0168,0.5834157959603836
13,20,RF,13,19,1,2,228.0056,0.6020150798819356
13,20,RF,13,19,1,2,229.0059,0.5944901404630016
13,20,RF,13,19,1,2,230.0066,0.5928177720141002
13,20,RF,13,19,1,2,231.0064,0.6014390964437003
13,20,RF,13,19,1,2,232.0061,0.615114065135484
13,20,RF,13,19,1,2,233.016,0.6278618667731092
13,20,RF,13,19,1,2,234.0058,0.6125390046439643
13,20,RF,13,19,1,2,235.0168,0.6161838319142401
13,20,RF,13,19,1,2,236.0063,0.6156370222495068
13,20,RF,13,19,1,2,237.0071,0.6059174229686204
13,20,RF,13,19,1,2,238.0069,0.6045428877231541
13,20,RF,13,19,1,2,239.0063,0.6437175058389316
13,20,RF,13,19,1,2,240.0069,0.6414785536616353
13,20,RF,13,19,1,2,241.0089,0.635892010086248
13,20,RF,13,19,1,2,242.0078,0.6306093506295926
13,20,RF,13,19,1,1,243.0075,0.6338705698537722
13,20,RF,13,19,1,1,244.0072,0.6272331460617193
13,20,RF,13,19,1,1,245.0076,0.6078678490575248
13,20,RF,13,19,1,1,246.0073,0.6117806141601013
13,20,RF,13,19,1,1,247.0076,0.635386758848446
13,20,RF,13,19,1,1,248.0071,0.6253007752965121
13,20,RF,13,19,1,1,249.0073,0.6453314010586587
13,20,RF,13,19,1,1,250.0063,0.6485793857676296
13,20,RF,13,19,1,1,251.0064,0.6352785818369232
13,20,RF,13,19,1,1,252.0073,0.6258547582171461
13,20,RF,13,19,1,1,253.0071,0.6190066232380624
13,20,RF,13,19,1,1,254.0065,0.6270610028353871
13,20,RF,13,19,1,1,255.0074,0.6077692425017678
13,20,RF,13,19,1,1,256.0089,0.6130367924650912
13,20,RF,13,19,1,1,257.0083,0.6237625620394239
13,20,RF,13,19,1,1,258.0089,0.6194001175972184
13,20,RF,13,19,1,1,259.0085,0.6436060512795919
13,20,RF,13,19,1,1,260.0081,0.6390186728696414
13,20,RF,13,19,1,1,261.0073,0.634292378449398
13,20,RF,13,19,1,1,262.0075,0.655636171599174
13,20,RF,13,19,1,1,263.007,0.6458427173838854
13,20,RF,13,19,1,1,264.0101,0.6477484432730284
13,20,RF,13,19,1,1,265.0092,0.6413332675466857
13,20,RF,13,19,1,1,266.0094,0.6271602284562182
13,20,RF,13,19,1,1,267.0097,0.6205594752137312
13,20,RF,13,19,1,1,268.0096,0.6119135883570885
13,20,RF,13,19,1,1,269.0101,0.6222663179204692
13,20,RF,13,19,1,1,270.01,0.6147812028336722
13,20,RF,13,19,1,1,271.0106,0.6034298104670284
13,20,RF,13,19,1,1,272.0101,0.5831188675964802
13,20,RF,13,19,1,1,273.0105,0.5812064334847918
13,20,RF,13,19,1,1,274.0101,0.5733428061940257
13,20,RF,13,19,1,1,275.0096,0.5711270940550814
13,20,RF,13,19,1,1,276.0098,0.5730570583922846
13,20,RF,13,19,1,1,277.0098,0.5897237250589512
13,20,RF,13,19,1,1,278.0095,0.5963903917256179
13,20,RF,13,19,1,1,279.009,0.5858429298544592
13,20,RF,13,19,1,1,280.0096,0.5969491348747304
13,20,RF,13,19,1,1,281.0111,0.5885511093784473
13,20,RF,13,19,1,1,282.0099,0.5741440809493182
13,20,RF,13,19,1,1,283.0103,0.5841200132404689
13,20,RF,13,19,1,1,284.0102,0.5934459059932421
13,20,RF,13,19,1,1,285.01,0.5915323361086786
13,20,RF,13,19,1,1,286.0091,0.6009905745351373
13,20,RF,13,19,1,1,287.0109,0.5933707138623612
13,20,RF,13,19,1,1,288.0114,0.5814500718416004
13,20,RF,13,19,1,1,289.0109,0.5733977395851433
13,20,RF,13,19,1,1,290.0112,0.5458371672613128
13,20,RF,13,19,1,1,291.012,0.5419884172514732
13,20,RF,13,19,1,1,292.0116,0.538945989137575
13,20,RF,13,19,1,1,293.0122,0.5284647889871162
13,20,RF,13,19,1,1,294.0125,0.5460165604390239
13,20,RF,13,19,1,1,295.0118,0.5468602615702287
13,20,RF,13,19,1,1,296.0118,0.5402072529959817
13,20,RF,13,19,1,1,297.0102,0.5538469655537819
13,20,RF,13,19,1,1,298.0108,0.5548847552001971
13,20,RF,13,19,1,1,299.0104,0.5836545724786139
13,20,RF,13,19,1,1,300.0097,0.5964899310519455
13,20,RF,13,19,1,1,301.0105,0.5958148930945786
13,20,RF,20,32,0,0,0.0110804,0.03307498101557875
13,20,RF,20,32,0,0,1.011041,0.03795472499133289
13,20,RF,20,32,0,0,2.016676,0.023366134279520643
13,20,RF,20,32,0,0,3.011486,0.028843420549822283
13,20,RF,20,32,0,0,4.016891,0.0926248428822577
13,20,RF,20,32,0,0,5.011039,0.1449583210450744
13,20,RF,20,32,0,0,6.015488,0.1875237291118847
13,20,RF,20,32,0,0,7.01065,0.19168559991221676
13,20,RF,20,32,0,0,8.014598,0.22456652356761045
13,20,RF,20,32,0,0,9.018079,0.2327325289150972
13,20,RF,20,32,0,0,10.01411,0.30190851742180913
13,20,RF,20,32,0,0,11.00884,0.31349308033807727
13,20,RF,20,32,0,0,12.01504,0.33777832550435705
13,20,RF,20,32,0,0,13.00929,0.2759325601639852
13,20,RF,20,32,0,0,14.01207,0.2705356013926844
13,20,RF,20,32,0,0,15.01844,0.34001173605857676
13,20,RF,20,32,0,0,16.01151,0.3637942939525002
13,20,RF,20,32,0,0,17.01897,0.3883335588948577
13,20,RF,20,32,0,0,18.01219,0.41638045167883214
13,20,RF,20,32,0,0,19.018,0.4313497176780432
13,20,RF,20,32,0,0,20.01223,0.4444282697265523
13,20,RF,20,32,0,0,21.01826,0.41997852643905165
13,20,RF,20,32,0,0,22.01056,0.4050192942506507
13,20,RF,20,32,0,0,23.01604,0.4036217811668392
13,20,RF,20,32,0,0,24.01034,0.37969925290217577
13,20,RF,20,32,0,0,25.01539,0.3778252753562076
13,20,RF,20,32,0,0,26.00949,0.3805910390712087
13,20,RF,20,32,0,0,27.01463,0.37143481108120663
13,20,RF,20,32,0,0,28.00904,0.36726597584198006
13,20,RF,20,32,0,0,29.0132,0.3772363979418538
13,20,RF,20,32,0,0,30.00926,0.38080753993580285
13,20,RF,20,32,0,0,31.01427,0.3772335884621946
13,20,RF,20,32,0,0,32.00863,0.385276307940152
13,20,RF,20,32,0,0,33.0139,0.4063735773499922
13,20,RF,20,32,0,0,34.01863,0.41905830381779025
13,20,RF,20,32,0,0,35.01357,0.415276307940152
13,20,RF,20,32,0,0,36.01921,0.42834906866192785
13,20,RF,20,32,0,0,37.01136,0.4416205611879161
13,20,RF,20,32,0,0,38.01687,0.4824767783855575
13,20,RF,20,32,0,0,39.01275,0.4680219313619514
13,20,RF,20,32,0,0,40.01619,0.42930231853896905
13,20,RF,20,32,0,0,41.01143,0.4663176695530987
13,20,RF,20,32,0,0,42.0158,0.47383314311070385
13,20,RF,20,32,0,0,43.01032,0.47557471012193825
13,20,RF,20,32,0,0,44.01684,0.4702761982012028
13,20,RF,20,32,0,0,45.01042,0.4680431758493435
13,20,RF,20,32,0,0,46.01677,0.46311959375973555
13,20,RF,20,32,0,0,47.00881,0.4564344794393452
13,20,RF,20,32,0,0,48.01413,0.42647569834801935
13,20,RF,20,32,0,0,49.00892,0.44371059888976505
13,20,RF,20,32,0,0,50.01486,0.496890993860151
13,20,RF,20,32,0,0,51.00885,0.4972448347436985
13,20,RF,20,32,0,0,52.01189,0.6262217968534463
13,20,RF,20,32,0,0,53.00847,0.6423120318814128
13,20,RF,20,32,0,0,54.0122,0.6395542353869899
13,20,RF,20,32,0,0,55.01799,0.6603281939574429
13,20,RF,20,32,0,0,56.01407,0.6623237930165521
13,20,RF,20,32,0,0,57.01657,0.65788049907513
13,20,RF,20,32,0,0,58.01276,0.6587251965338796
13,20,RF,20,32,0,0,59.01617,0.6586433246845451
13,20,RF,20,32,0,0,60.00939,0.6653163565632256
13,20,RF,20,32,0,0,61.01475,0.688649689896559
13,20,RF,20,32,0,0,62.01167,0.6919830232298922
13,20,RF,20,32,0,0,63.01693,0.6919830232298922
13,20,RF,20,32,0,0,64.00983,0.7039262662680591
13,20,RF,20,32,0,0,65.0164,0.7059013781885386
13,20,RF,20,32,0,0,66.0104,0.670909675933818
13,20,RF,20,32,0,0,67.0154,0.6669905621922594
13,20,RF,20,32,0,0,68.00903,0.6689713649845805
13,20,RF,20,32,0,0,69.01451,0.6872914684837051
13,20,RF,20,32,0,0,70.00904,0.6758611626941915
13,20,RF,20,32,0,0,71.01378,0.6867956305010596
13,20,RF,20,32,1,2,72.01909,0.6845036455214558
13,20,RF,20,32,1,2,73.01382,0.676499244580565
13,20,RF,20,32,1,2,74.01805,0.6739429756402864
13,20,RF,20,32,1,2,75.01324,0.6673480139588235
13,20,RF,20,32,1,2,76.0176,0.6586857482330476
13,20,RF,20,32,1,2,77.01219,0.652054754865579
13,20,RF,20,32,1,2,78.01801,0.6460068651614944
13,20,RF,20,32,1,2,79.01147,0.6480068502606469
13,20,RF,20,32,1,2,80.01809,0.6698123035092948
13,20,RF,20,32,1,2,81.01084,0.6671863885916448
13,20,RF,20,32,1,2,82.01569,0.663776245651781
13,20,RF,20,32,1,2,83.00967,0.6448572763181086
13,20,RF,20,32,1,2,84.01677,0.6532157421808281
13,20,RF,20,32,1,2,85.01046,0.645199580104798
13,20,RF,20,32,1,2,86.01457,0.6423724265732418
13,20,RF,20,32,1,2,87.00938,0.6565411304333472
13,20,RF,20,32,1,2,88.01499,0.6598744637666805
13,20,RF,20,32,1,2,89.00937,0.6698744637666805
13,20,RF,20,32,1,2,90.01464,0.6752033961591231
13,20,RF,20,32,1,2,91.01879,0.6771007328311012
13,20,RF,20,32,1,2,92.01122,0.6690963318902103
13,20,RF,20,32,1,2,93.01852,0.6698744637666805
13,20,RF,20,32,1,2,94.01377,0.6704785971486097
13,20,RF,20,32,1,2,95.01805,0.6566864494848142
13,20,RF,20,32,1,2,96.01261,0.6720153818772567
13,20,RF,20,32,1,2,97.01575,0.679826927044242
13,20,RF,20,32,1,2,98.01261,0.6996221857179775
13,20,RF,20,32,1,2,99.01852,0.7006923596961521
13,20,RF,20,32,1,2,100.0113,0.6996565494216532
13,20,RF,20,32,1,2,101.0157,0.7145705852937644
13,20,RF,20,32,1,2,102.0107,0.7146183886172335
13,20,RF,20,32,1,2,103.0147,0.7032453709375918
13,20,RF,20,32,1,2,104.0102,0.6999120376042585
13,20,RF,20,32,1,2,105.0154,0.707037312596354
13,20,RF,20,32,1,2,106.0096,0.6909186751893782
13,20,RF,20,32,1,2,107.0156,0.7009186751893782
13,20,RF,20,32,1,2,108.0097,0.6947415660287115
13,20,RF,20,32,1,2,109.0142,0.7003040610304889
13,20,RF,20,32,1,2,110.0082,0.7030183600987847
13,20,RF,20,32,1,2,111.0138,0.716351693432118
13,20,RF,20,32,1,1,112.0179,0.6943640614739807
13,20,RF,20,32,1,1,113.0144,0.7245839907701676
13,20,RF,20,32,1,1,114.018,0.7093216678438337
13,20,RF,20,32,1,1,115.0132,0.7193005853524577
13,20,RF,20,32,1,1,116.0172,0.7027109754149552
13,20,RF,20,32,1,1,117.0128,0.6993678359680268
13,20,RF,20,32,1,1,118.0175,0.6907408536476686
13,20,RF,20,32,1,1,119.0129,0.6887473101020565
13,20,RF,20,32,1,1,120.0177,0.6655038926634262
13,20,RF,20,32,1,1,121.011,0.6715191935461435
13,20,RF,20,32,1,1,122.0157,0.6794592953934461
13,20,RF,20,32,1,1,123.0121,0.674846466781054
13,20,RF,20,32,1,1,124.0152,0.6667948627433897
13,20,RF,20,32,1,1,125.0103,0.6594205445862742
13,20,RF,20,32,1,1,126.0166,0.649383743615032
13,20,RF,20,32,1,1,127.0105,0.6735133798965252
13,20,RF,20,32,1,1,128.0149,0.6663097143558276
13,20,RF,20,32,1,1,129.0176,0.6682525300934146
13,20,RF,20,32,1,1,130.0147,0.6729496076592767
13,20,RF,20,32,1,1,131.0191,0.6683189221611747
13,20,RF,20,32,1,1,132.0146,0.6630104769073619
13,20,RF,20,32,1,1,133.0088,0.6616378386191761
13,20,RF,20,32,1,1,134.0134,0.6783280275561213
13,20,RF,20,32,1,1,135.0188,0.684349102555823
13,20,RF,20,32,1,1,136.0134,0.6857217408440088
13,20,RF,20,32,1,1,137.0154,0.6776824358891564
13,20,RF,20,32,1,1,138.0115,0.6663094182095146
13,20,RF,20,32,1,1,139.0172,0.6587838546659215
13,20,RF,20,32,1,1,140.0108,0.67933814558329
13,20,RF,20,32,1,1,141.0175,0.6833031656910371
13,20,RF,20,32,1,1,142.0103,0.6974021109827891
13,20,RF,20,32,1,1,143.0176,0.6932934029162112
13,20,RF,20,32,1,1,144.01,0.7194469871670586
13,20,RF,20,32,1,1,145.0161,0.7197182066784793
13,20,RF,20,32,1,1,146.0108,0.7197182066784793
13,20,RF,20,32,1,1,147.0163,0.7383372217782592
13,20,RF,20,32,1,1,148.0093,0.7255589819093399
13,20,RF,20,32,1,1,149.0147,0.7410358769696632
13,20,RF,20,32,1,1,150.0185,0.7629965720148107
13,20,RF,20,32,1,1,151.0144,0.7562722378468162
13,20,RF,20,32,1,1,152.0169,0.752297353441604
13,20,RF,20,32,1,1,153.0127,0.7483909755793874
13,20,RF,20,32,1,1,154.0087,0.7440759371212989
13,20,RF,20,32,1,1,155.0125,0.7517044192230854
13,20,RF,20,32,1,1,156.0175,0.7595820487902648
13,20,RF,20,32,1,1,157.0109,0.742904000379915
13,20,RF,20,32,1,1,158.0174,0.7409539282955383
13,20,RF,20,32,1,1,159.012,0.6966715028101753
13,20,RF,20,32,1,1,160.018,0.6933304154102212
13,20,RF,20,32,1,1,161.0096,0.6813679896452918
13,20,RF,20,32,1,1,162.0173,0.6841449688664775
13,20,RF,20,32,1,1,163.0103,0.6987458486770457
13,20,RF,20,32,1,1,164.0173,0.6934548554302136
13,20,RF,20,32,1,1,165.0189,0.6974515316439259
13,20,RF,20,32,1,1,166.0151,0.6960758582240913
13,20,RF,20,32,1,1,167.01,0.701843882030143
13,20,RF,20,32,1,1,168.0143,0.6899082268210983
13,20,RF,20,32,1,1,169.0091,0.6758112714369375
13,20,RF,20,32,1,1,170.014,0.6661305527582172
13,20,RF,20,32,1,1,171.0084,0.6572089495612261
13,20,RF,20,32,1,1,172.013,0.6613995413005952
13,20,RF,20,32,1,1,173.018,0.6575149521815422
13,20,RF,20,32,1,1,174.0129,0.6641816188482088
13,20,RF,20,32,1,1,175.0199,0.6722306218807076
13,20,RF,20,32,1,1,176.0122,0.6687757691463289
13,20,RF,20,32,1,1,177.0179,0.6707114243553736
13,20,RF,20,32,1,1,178.0117,0.6705620704889318
13,20,RF,20,32,1,1,179.0178,0.6772069453470984
13,20,RF,20,32,1,1,180.0106,0.6984011006387008
13,20,RF,20,32,1,1,181.0175,0.7059414589634136
13,20,RF,20,32,1,1,182.0107,0.7334940433306777
13,20,RF,20,32,1,1,183.0149,0.7599634996550132
13,20,RF,20,32,1,1,184.0101,0.7722332562475489
13,20,RF,20,32,1,1,185.0164,0.779558167210163
13,20,RF,20,32,1,1,186.0087,0.7690363587908534
13,20,RF,20,32,1,1,187.0147,0.7781861637893501
13,20,RF,20,32,1,1,188.0101,0.7881861637893501
13,20,RF,20,32,1,1,189.0145,0.816562574491331
13,20,RF,20,32,1,1,190.0089,0.8374392126474919
13,20,RF,20,32,1,1,191.0141,0.8660554099565271
13,20,RF,20,32,1,1,192.0196,0.8716409517722215
13,20,RF,20,32,1,1,193.0127,0.8849185145615074
13,20,RF,20,32,1,1,194.0189,0.9036919418643156
13,20,RF,20,32,1,1,195.0131,0.9054030461981013
13,20,RF,20,32,1,1,196.017,0.9054030461981013
13,20,RF,20,32,1,1,197.0139,0.9013211736414803
13,20,RF,20,32,1,1,198.0189,0.9031418242529642
13,20,RF,20,32,1,1,199.011,0.9073838489904223
13,20,RF,20,32,1,1,200.017,0.9045179183623073
13,20,RF,20,32,1,1,201.0121,0.9050638626676414
13,20,RF,20,32,1,1,202.0165,0.9022756688159825
13,20,RF,20,32,1,1,203.0116,0.903665759111149
13,20,RF,20,32,1,1,204.0152,0.9003324257778157
13,20,RF,20,32,1,1,205.0103,0.9022756688159825
13,20,RF,20,32,1,1,206.0148,0.9051784418329986
13,20,RF,20,32,1,1,207.0102,0.9078702240944528
13,20,RF,20,32,1,1,208.0152,0.9078702240944528
13,20,RF,20,32,1,1,209.0089,0.9042610243057769
13,20,RF,20,32,1,1,210.0144,0.9065222462509139
13,20,RF,20,32,1,1,211.019,0.9079123365460805
13,20,RF,20,32,1,1,212.0146,0.9012456698794138
13,20,RF,20,32,1,1,213.0184,0.9045790032127472
13,20,RF,20,32,1,1,214.0145,0.9045790032127472
13,20,RF,20,32,1,1,215.0192,0.9092603143896194
13,20,RF,20,32,1,1,216.0108,0.9092603143896194
13,20,RF,20,32,1,1,217.0188,0.9092603143896194
13,20,RF,20,32,1,1,218.0127,0.9092603143896194
13,20,RF,20,32,1,1,219.0183,0.915926981056286
13,20,RF,20,32,1,1,220.0118,0.9145611718143101
13,20,RF,20,32,1,1,221.0171,0.9121129663167709
13,20,RF,20,32,1,1,222.0114,0.9054462996501041
13,20,RF,20,32,1,1,223.0159,0.9021129663167708
13,20,RF,20,32,1,1,224.0093,0.8798517443716339
13,20,RF,20,32,1,1,225.0162,0.8538266287768461
13,20,RF,20,32,1,1,226.0101,0.8435284161661012
13,20,RF,20,32,1,1,227.0162,0.8491233128955198
13,20,RF,20,32,1,1,228.0197,0.84295301437382
13,20,RF,20,32,1,1,229.0147,0.8365297851949721
13,20,RF,20,32,1,1,230.009,0.8623790084408999
13,20,RF,20,32,1,1,231.0148,0.8510207870280462
13,20,RF,20,32,1,1,232.0199,0.838561068097739
13,20,RF,20,32,1,1,233.0121,0.8524653855725095
13,20,RF,20,32,1,1,234.0193,0.861126133732461
13,20,RF,20,32,1,1,235.0128,0.8699806057593156
13,20,RF,20,32,1,1,236.0184,0.8933082482208075
13,20,RF,20,32,1,1,237.0118,0.893844473515449
13,20,RF,20,32,1,1,238.0171,0.894042370568763
13,20,RF,20,32,1,1,239.0134,0.9046839216406418
13,20,RF,20,32,1,1,240.0174,0.9093117385025971
13,20,RF,20,32,1,1,241.0109,0.9159784051692638
13,20,RF,20,32,1,1,242.0174,0.9173757039020963
13,20,RF,20,32,1,1,243.0108,0.9107090372354296
13,20,RF,20,32,1,1,244.0148,0.9107090372354296
13,20,RF,20,32,1,1,245.0102,0.9073757039020963
13,20,RF,20,32,1,1,246.0142,0.9064905760663022
13,20,RF,20,32,1,1,247.0095,0.9031572427329689
13,20,RF,20,32,1,1,248.0159,0.9084903485510348
13,20,RF,20,32,1,1,249.02,0.9045154641458227
13,20,RF,20,32,1,1,250.0159,0.9064731240593216
13,20,RF,20,32,1,1,251.0192,0.9111821308124894
13,20,RF,20,32,1,1,252.0122,0.9111821308124894
13,20,RF,20,32,1,1,253.0195,0.9131397907259882
13,20,RF,20,32,1,1,254.0143,0.9127352687359519
13,20,RF,20,32,1,1,255.0187,0.9060686020692852
13,20,RF,20,32,1,1,256.0135,0.9116631573477557
13,20,RF,20,32,1,1,257.0157,0.9097054974342569
13,20,RF,20,32,1,1,258.0135,0.9063721641009236
13,20,RF,20,32,1,1,259.0182,0.9112321763419298
13,20,RF,20,32,1,1,260.012,0.9139239586033843
13,20,RF,20,32,1,1,261.0171,0.9130388307675903
13,20,RF,20,32,1,1,262.0101,0.9144220920165469
13,20,RF,20,32,1,1,263.0161,0.9230464185967122
13,20,RF,20,32,1,1,264.0101,0.9177554253498802
13,20,RF,20,32,1,1,265.0136,0.9144220920165469
13,20,RF,20,32,1,1,266.0092,0.9144220920165469
13,20,RF,20,32,1,1,267.0129,0.9150636430884259
13,20,RF,20,32,1,1,268.0095,0.9219738865190075
13,20,RF,20,32,1,1,269.0145,0.922963430134357
13,20,RF,20,32,1,1,270.0187,0.9176868537628569
13,20,RF,20,32,1,1,271.0134,0.9143535204295236
13,20,RF,20,32,1,1,272.0087,0.9129702591805666
13,20,RF,20,32,1,1,273.0116,0.9134890324682278
13,20,RF,20,32,1,1,274.0177,0.9109951472600871
13,20,RF,20,32,1,1,275.0121,0.9076618139267538
13,20,RF,20,32,1,1,276.0184,0.9076618139267538
13,20,RF,20,32,1,1,277.0122,0.9095978485272548
13,20,RF,20,32,1,1,278.0174,0.9109951472600871
13,20,RF,20,32,1,1,279.0111,0.9143284805934204
13,20,RF,20,32,1,1,280.0171,0.9209951472600871
13,20,RF,20,32,1,1,281.0084,0.882339931415761
13,20,RF,20,32,1,1,282.0154,0.8856732647490942
13,20,RF,20,32,1,1,283.0103,0.8755471743139492
13,20,RF,20,32,1,1,284.0168,0.8762995074517979
13,20,RF,20,32,1,1,285.0093,0.8696328407851313
13,20,RF,20,32,1,1,286.0151,0.8696328407851313
13,20,RF,20,32,1,1,287.0084,0.8696328407851313
13,20,RF,20,32,1,1,288.0136,0.8688770931241777
13,20,RF,20,32,1,1,289.0085,0.840916045374195
13,20,RF,20,32,1,1,290.0133,0.8676119280089889
13,20,RF,20,32,1,1,291.0176,0.8809452613423222
13,20,RF,20,32,1,1,292.0125,0.8542785946756556
13,20,RF,20,32,1,1,293.0178,0.8495479626094896
13,20,RF,20,32,1,1,294.0131,0.8575896511789005
13,20,RF,20,32,1,1,295.0174,0.8449196607259462
13,20,RF,20,32,1,1,296.0108,0.8401973752718145
13,20,RF,20,32,1,1,297.0173,0.838800076538982
13,20,RF,20,32,1,1,298.0109,0.8455025645587391
13,20,RF,20,32,1,1,299.0171,0.8107711708836538
13,20,RF,20,32,1,1,300.0103,0.8160143608070168
13,20,RF,20,32,1,1,301.0146,0.8380680097045234
13,20,GB,13,19,0,0,0.0111871,0.00047883158401712663
13,20,GB,13,19,0,0,1.008122,0.016903025149085253
13,20,GB,13,19,0,0,2.009342,0.02040785873514441
13,20,GB,13,19,0,0,3.01029,0.051874289348521244
13,20,GB,13,19,0,0,4.012894,0.05485737028447966
13,20,GB,13,19,0,0,5.012518,0.05317598270981229
13,20,GB,13,19,0,0,6.011678,0.10020488137240635
13,20,GB,13,19,1,1,7.012534,0.038719926264996526
13,20,GB,13,19,1,1,8.012196,0.05750964064137583
13,20,GB,13,19,1,1,9.014396,0.060406433484840094
13,20,GB,13,19,1,1,10.01344,0.00847310919816056
13,20,GB,13,19,1,1,11.01306,0.005063201101061304
13,20,GB,13,19,1,1,12.01485,0.0028587190337875153
13,20,GB,13,19,1,1,13.0143,0.0024157803354945572
13,20,GB,13,19,1,1,14.01455,0.00644681983301443
13,20,GB,13,19,1,1,15.01391,0.007348270982098373
13,20,GB,13,19,1,1,16.01548,0.008777522040166453
13,20,GB,13,19,1,1,17.01406,0.008648298537923168
13,20,GB,13,19,1,1,18.0144,0.044181826296069315
13,20,GB,13,19,1,1,19.01565,0.050500343947288195
13,20,GB,13,19,1,1,20.01563,0.037329708824602056
13,20,GB,13,19,1,1,21.01543,0.023813533147008053
13,20,GB,13,19,1,1,22.01529,0.021395225508267886
13,20,GB,13,19,1,1,23.01496,0.022507450302182045
13,20,GB,13,19,1,1,24.01564,0.026850848083691703
13,20,GB,13,19,1,1,25.01589,0.022606476847291286
13,20,GB,13,19,1,1,26.016,0.03537475922292434
13,20,GB,13,19,1,1,27.01539,0.013204316388862698
13,20,GB,13,19,1,1,28.01522,0.012820073086507344
13,20,GB,13,19,1,1,29.01563,0.014110155415088676
13,20,GB,13,19,1,1,30.01614,0.022955380375027572
13,20,GB,13,19,1,1,31.01577,0.023847669938355947
13,20,GB,13,19,1,1,32.01576,0.02469071379039662
13,20,GB,13,19,1,1,33.0156,0.02589433932935427
13,20,GB,13,19,1,1,34.0147,0.04604327123994014
13,20,GB,13,19,1,1,35.01602,0.04776376921754502
13,20,GB,13,19,1,1,36.01648,0.05217526052496032
13,20,GB,13,19,1,1,37.01661,0.0607010259972284
13,20,GB,13,19,1,1,38.01633,0.06319357189571112
13,20,GB,13,19,1,1,39.01587,0.07255670106650484
13,20,GB,13,19,1,1,40.00611,0.07522120526642422
13,20,GB,13,19,1,1,41.01639,0.08287347872155697
13,20,GB,13,19,1,1,42.01607,0.08069375791559434
13,20,GB,13,19,1,1,43.0164,0.08451203039410968
13,20,GB,13,19,1,1,44.01625,0.06712102832658537
13,20,GB,13,19,1,1,45.01569,0.0626182724177337
13,20,GB,13,19,1,1,46.01624,0.09052951668384518
13,20,GB,13,19,1,1,47.01646,0.09605762135554843
13,20,GB,13,19,1,1,48.01652,0.10728183538661984
13,20,GB,13,19,1,1,49.01628,0.08198692512369415
13,20,GB,13,19,1,1,50.01647,0.08419255960694054
13,20,GB,13,19,1,1,51.01644,0.1816066445292735
13,20,GB,13,19,1,1,52.01611,0.1894400858995875
13,20,GB,13,19,1,1,53.01606,0.7820547032946964
13,20,GB,13,19,1,1,54.00663,0.8055097506556114
13,20,GB,13,19,0,0,55.01663,0.7225391035406418
13,20,GB,13,19,1,1,56.0057,0.7404654832004562
13,20,GB,13,19,1,1,57.00594,0.843934403455148
13,20,GB,13,19,1,2,58.00592,0.8086879199383126
13,20,GB,13,19,1,2,59.0167,0.790498220515089
13,20,GB,13,19,1,2,60.01779,0.7275795955709964
13,20,GB,13,19,1,2,61.00571,0.7343002469121348
13,20,GB,13,19,1,2,62.01745,0.7677172927718044
13,20,GB,13,19,1,2,63.00681,0.77539947742766
13,20,GB,13,19,1,2,64.00627,0.8077640209251021
13,20,GB,13,19,1,2,65.00667,0.876650056231316
13,20,GB,13,19,1,2,66.0068,0.8911147999350606
13,20,GB,13,19,1,2,67.00623,0.951899170275476
13,20,GB,13,19,1,2,68.00655,0.9591620900986242
13,20,GB,13,19,1,2,69.00725,0.9591821123798224
13,20,GB,13,19,1,2,70.0069,0.9616541540059309
13,20,GB,13,19,1,2,71.00654,0.954611457676519
13,20,GB,13,19,1,2,72.00589,0.9476944065494189
13,20,GB,13,19,1,2,73.00656,0.9377486743978652
13,20,GB,13,19,1,2,74.00774,0.9209779133866018
13,20,GB,13,19,1,2,75.0063,0.9046846801971489
13,20,GB,13,19,1,2,76.0173,0.8476864448694235
13,20,GB,13,19,1,2,77.01709,0.8525669158718123
13,20,GB,13,19,1,2,78.00648,0.8435071688668978
13,20,GB,13,19,1,2,79.00738,0.8566992646807962
13,20,GB,13,19,1,2,80.00748,0.8566992646807962
13,20,GB,13,19,1,2,81.00877,0.8308734621394536
13,20,GB,13,19,1,2,82.00806,0.8163400513929057
13,20,GB,13,19,1,2,83.00819,0.7907127426077352
13,20,GB,13,19,1,2,84.00889,0.8567422208091395
13,20,GB,13,19,1,2,85.00765,0.8486065985895247
13,20,GB,13,19,1,2,86.00846,0.824022895188962
13,20,GB,13,19,1,2,87.00851,0.8603242337478927
13,20,GB,13,19,1,2,88.00794,0.847816938577481
13,20,GB,13,19,1,2,89.00771,0.7841514663436113
13,20,GB,13,19,1,2,90.00766,0.7535325044795794
13,20,GB,13,19,1,2,91.00752,0.5922278258742747
13,20,GB,13,19,1,2,92.00755,0.4337332875022306
13,20,GB,13,19,1,2,93.00887,0.18409203897418225
13,20,GB,13,19,1,2,94.00878,0.2026998493345883
13,20,GB,13,19,1,2,95.0084,0.17226183282339433
13,20,GB,13,19,1,2,96.0089,0.18043587147498993
13,20,GB,13,19,1,2,97.00879,0.19776011907488242
13,20,GB,13,19,1,2,98.00745,0.22868057784214751
13,20,GB,13,19,1,2,99.00846,0.24199373033827581
13,20,GB,13,19,1,2,100.0082,0.1638536757397039
13,20,GB,13,19,1,2,101.0088,0.2557216689968229
13,20,GB,13,19,1,2,102.0081,0.2753448689453873
13,20,GB,13,19,1,2,103.0087,0.49074906217409753
13,20,GB,13,19,1,2,104.0086,0.5651576295442589
13,20,GB,13,19,1,2,105.0088,0.3697689648986402
13,20,GB,13,19,1,2,106.0089,0.4864464386955424
13,20,GB,13,19,1,2,107.0094,0.3393692817909583
13,20,GB,13,19,1,2,108.0097,0.34057771049985025
13,20,GB,13,19,1,2,109.0098,0.2186799481038563
13,20,GB,13,19,1,2,110.0093,0.15500342512773185
13,20,GB,13,19,1,2,111.0108,0.19803674645483801
13,20,GB,13,19,1,2,112.0113,0.21656087532321158
13,20,GB,13,19,1,2,113.0099,0.2275256126673059
13,20,GB,13,19,1,2,114.0104,0.19397316847474452
13,20,GB,13,19,1,2,115.0104,0.17044989471048508
13,20,GB,13,19,1,2,116.0103,0.1624117622838282
13,20,GB,13,19,1,2,117.0103,0.2047159624790597
13,20,GB,13,19,1,2,118.011,0.20934918734460398
13,20,GB,13,19,1,2,119.0105,0.3084524403236633
13,20,GB,13,19,1,2,120.0106,0.29473450989057165
13,20,GB,13,19,1,2,121.0102,0.17916955788349243
13,20,GB,13,19,1,2,122.0111,0.1819953353145845
13,20,GB,13,19,1,2,123.0116,0.2077887841475377
13,20,GB,13,19,1,2,124.0112,0.2022490345186793
13,20,GB,13,19,1,2,125.0108,0.19577535156802703
13,20,GB,13,19,1,2,126.0111,0.20046135874123364
13,20,GB,13,19,1,2,127.0116,0.19291282528637466
13,20,GB,13,19,1,2,128.0111,0.2424353935165009
13,20,GB,13,19,1,2,129.0099,0.21355559357001647
13,20,GB,13,19,1,2,130.011,0.23495915655418173
13,20,GB,13,19,1,2,131.0099,0.15042121089273952
13,20,GB,13,19,1,2,132.0116,0.6816478075384815
13,20,GB,13,19,1,2,133.0112,0.7780309777868504
13,20,GB,13,19,1,2,134.011,0.8208619592393034
13,20,GB,13,19,1,2,135.0112,0.7924011290773059
13,20,GB,13,19,1,2,136.0114,0.7603710678227047
13,20,GB,13,19,1,2,137.0117,0.7593657253453688
13,20,GB,13,19,1,2,138.0124,0.70100782106525
13,20,GB,13,19,1,2,139.0119,0.5873807005918552
13,20,GB,13,19,1,2,140.0126,0.4818520928721541
13,20,GB,13,19,1,2,141.0127,0.47999053437877576
13,20,GB,13,19,1,2,142.0116,0.5209978546459064
13,20,GB,13,19,1,2,143.0115,0.5296968185089879
13,20,GB,13,19,1,2,144.0123,0.4898158155053754
13,20,GB,13,19,1,2,145.0119,0.46890561327084124
13,20,GB,13,19,1,2,146.0106,0.4550421853264185
13,20,GB,13,19,1,2,147.0095,0.5087734497128912
13,20,GB,13,19,1,2,148.0128,0.6233154001764007
13,20,GB,13,19,1,2,149.0116,0.6397077333906893
13,20,GB,13,19,1,2,150.0129,0.65325597052529
13,20,GB,13,19,1,2,151.0131,0.7316375122709735
13,20,GB,13,19,1,2,152.013,0.7772027863568564
13,20,GB,13,19,1,2,153.0128,0.5141572826029409
13,20,GB,13,19,1,2,154.0131,0.42103738897199433
13,20,GB,13,19,1,2,155.0118,0.46005203860164473
13,20,GB,13,19,1,2,156.0112,0.4157212311010613
13,20,GB,13,19,1,2,157.0115,0.5084742280283797
13,20,GB,13,19,1,2,158.0129,0.5354513559194167
13,20,GB,13,19,1,2,159.0138,0.5191570345030773
13,20,GB,13,19,1,2,160.0113,0.5227502059073248
13,20,GB,13,19,1,2,161.0132,0.43477736223505
13,20,GB,13,19,1,2,162.0131,0.4036274672828905
13,20,GB,13,19,1,2,163.0128,0.26417116709623656
13,20,GB,13,19,1,2,164.0125,0.37224666849787946
13,20,GB,13,19,1,2,165.0142,0.3584095115711833
13,20,GB,13,19,1,2,166.0134,0.3709893164324023
13,20,GB,13,19,1,2,167.0146,0.3683878325186785
13,20,GB,13,19,1,2,168.014,0.507999311886817
13,20,GB,13,19,1,2,169.0144,0.5761428331480863
13,20,GB,13,19,1,2,170.0139,0.6417369872161894
13,20,GB,13,19,1,2,171.0134,0.6417369872161894
13,20,GB,13,19,1,2,172.0138,0.6429283663200663
13,20,GB,13,19,1,2,173.0135,0.6555149127716273
13,20,GB,13,19,1,2,174.0141,0.6052858499127738
13,20,GB,13,19,1,2,175.014,0.6115902429464746
13,20,GB,13,19,1,2,176.0143,0.5810955247077185
13,20,GB,13,19,1,2,177.0146,0.5332992301013524
13,20,GB,13,19,1,2,178.0154,0.6246906005149565
13,20,GB,13,19,1,2,179.0144,0.6221715588877038
13,20,GB,13,19,1,2,180.0144,0.4217807489797767
13,20,GB,13,19,1,2,181.0142,0.4317909542072721
13,20,GB,13,19,1,2,182.0138,0.42474172395887216
13,20,GB,13,19,1,2,183.0142,0.44414416085744113
13,20,GB,13,19,1,2,184.0148,0.4189830710718176
13,20,GB,13,19,1,2,185.0134,0.423253540441654
13,20,GB,13,19,1,2,186.0141,0.45600558029852994
13,20,GB,13,19,1,2,187.0155,0.41296991191570703
13,20,GB,13,19,1,2,188.0152,0.45252450250697057
13,20,GB,13,19,1,2,189.0157,0.4994165323528071
13,20,GB,13,19,1,2,190.0155,0.5006201309887864
13,20,GB,13,19,1,2,191.0159,0.4017860136281363
13,20,GB,13,19,1,2,192.0149,0.4102269498652833
13,20,GB,13,19,1,2,193.0139,0.2919486788931144
13,20,GB,13,19,1,2,194.0151,0.26906895172716877
13,20,GB,13,19,1,2,195.0153,0.23172154013917007
13,20,GB,13,19,1,2,196.0149,0.3445460410535125
13,20,GB,13,19,1,2,197.0161,0.36084533281789055
13,20,GB,13,19,1,2,198.016,0.3555067688796284
13,20,GB,13,19,1,2,199.0155,0.3884452485853183
13,20,GB,13,19,1,2,200.0149,0.6555226372264482
13,20,GB,13,19,1,2,201.0149,0.6030216532127189
13,20,GB,13,19,1,2,202.0162,0.5027670709095753
13,20,GB,13,19,1,2,203.017,0.24280430149955187
13,20,GB,13,19,1,2,204.016,0.22423885585610773
13,20,GB,13,19,1,2,205.0163,0.25288243555574713
13,20,GB,13,19,1,2,206.0161,0.2959611973666031
13,20,GB,13,19,1,2,207.0155,0.28804000497474047
13,20,GB,13,19,1,2,208.0161,0.5082021797458821
13,20,GB,13,19,1,2,209.0168,0.6001870654282813
13,20,GB,13,19,1,2,210.0161,0.8589248826452102
13,20,GB,13,19,1,2,211.0167,0.8638360886538288
13,20,GB,13,19,1,2,212.0168,0.8674435536057749
13,20,GB,13,19,1,2,213.0174,0.913881235391765
13,20,GB,13,19,1,2,214.0169,0.9323428696372491
13,20,GB,13,19,1,2,215.0167,0.9117855351951514
13,20,GB,13,19,1,2,216.0177,0.9099873855954895
13,20,GB,13,19,1,2,217.017,0.9190757870702296
13,20,GB,13,19,1,2,218.0148,0.9077251927132509
13,20,GB,13,19,1,2,219.0061,0.9269224288049459
13,20,GB,13,19,1,2,220.006,0.9269224288049459
13,20,GB,13,19,1,2,221.0061,0.9205896055196902
13,20,GB,13,19,1,2,222.006,0.9213802910870873
13,20,GB,13,19,1,2,223.0159,0.9208750870226083
13,20,GB,13,19,1,2,224.0162,0.9093558855046144
13,20,GB,13,19,1,2,225.0068,0.9150710250752868
13,20,GB,13,19,1,2,226.0167,0.9032642505935345
13,20,GB,13,19,1,2,227.0168,0.896485454174287
13,20,GB,13,19,1,2,228.0056,0.8897055747846754
13,20,GB,13,19,1,2,229.0059,0.8793846020603199
13,20,GB,13,19,1,2,230.0066,0.8759929150936449
13,20,GB,13,19,1,2,231.0064,0.8833063541860735
13,20,GB,13,19,1,2,232.0061,0.8823375694879085
13,20,GB,13,19,1,2,233.016,0.9201997357958813
13,20,GB,13,19,1,2,234.0058,0.9271587707538598
13,20,GB,13,19,1,2,235.0168,0.942134818842969
13,20,GB,13,19,1,2,236.0063,0.9394205970058818
13,20,GB,13,19,1,2,237.0071,0.9412291437258775
13,20,GB,13,19,1,2,238.0069,0.9416967442048431
13,20,GB,13,19,1,2,239.0063,0.9661396285144109
13,20,GB,13,19,1,2,240.0069,0.9660123164109881
13,20,GB,13,19,1,2,241.0089,0.9690298352504706
13,20,GB,13,19,1,2,242.0078,0.9690298352504706
13,20,GB,13,19,1,1,243.0075,0.9641734791606087
13,20,GB,13,19,1,1,244.0072,0.9688198128029025
13,20,GB,13,19,1,1,245.0076,0.9633340406683439
13,20,GB,13,19,1,1,246.0073,0.9612920380597643
13,20,GB,13,19,1,1,247.0076,0.9685149015868244
13,20,GB,13,19,1,1,248.0071,0.9658996123742463
13,20,GB,13,19,1,1,249.0073,0.9609340330629038
13,20,GB,13,19,1,1,250.0063,0.9574923402628618
13,20,GB,13,19,1,1,251.0064,0.9681716533817901
13,20,GB,13,19,1,1,252.0073,0.9663619787906913
13,20,GB,13,19,1,1,253.0071,0.957701123925381
13,20,GB,13,19,1,1,254.0065,0.9569441697198615
13,20,GB,13,19,1,1,255.0074,0.9534997283403216
13,20,GB,13,19,1,1,256.0089,0.9581254905680832
13,20,GB,13,19,1,1,257.0083,0.9472817120541598
13,20,GB,13,19,1,1,258.0089,0.9572186328736875
13,20,GB,13,19,1,1,259.0085,0.9566494028601905
13,20,GB,13,19,1,1,260.0081,0.9644319268863564
13,20,GB,13,19,1,1,261.0073,0.9708351063042507
13,20,GB,13,19,1,1,262.0075,0.9589451853633154
13,20,GB,13,19,1,1,263.007,0.9521607101323926
13,20,GB,13,19,1,1,264.0101,0.9321078242149355
13,20,GB,13,19,1,1,265.0092,0.935430751536343
13,20,GB,13,19,1,1,266.0094,0.8755258889484632
13,20,GB,13,19,1,1,267.0097,0.9200826087955497
13,20,GB,13,19,1,1,268.0096,0.9166519928251078
13,20,GB,13,19,1,1,269.0101,0.8857548438957001
13,20,GB,13,19,1,1,270.01,0.9027355121418208
13,20,GB,13,19,1,1,271.0106,0.9195829568362546
13,20,GB,13,19,1,1,272.0101,0.9021805562399875
13,20,GB,13,19,1,1,273.0105,0.92439215240614
13,20,GB,13,19,1,1,274.0101,0.9228741847330603
13,20,GB,13,19,1,1,275.0096,0.92186268868694
13,20,GB,13,19,1,1,276.0098,0.9047204157929299
13,20,GB,13,19,1,1,277.0098,0.9212414104103474
13,20,GB,13,19,1,1,278.0095,0.9214679753680399
13,20,GB,13,19,1,1,279.009,0.9332873455765778
13,20,GB,13,19,1,1,280.0096,0.9522907200160031
13,20,GB,13,19,1,1,281.0111,0.9490908775275394
13,20,GB,13,19,1,1,282.0099,0.944658241538037
13,20,GB,13,19,1,1,283.0103,0.9238245209858259
13,20,GB,13,19,1,1,284.0102,0.9189397137001898
13,20,GB,13,19,1,1,285.01,0.8982152616312796
13,20,GB,13,19,1,1,286.0091,0.9073148731939944
13,20,GB,13,19,1,1,287.0109,0.9203728470534446
13,20,GB,13,19,1,1,288.0114,0.9165858467791648
13,20,GB,13,19,1,1,289.0109,0.9133988312561904
13,20,GB,13,19,1,1,290.0112,0.9274495412300112
13,20,GB,13,19,1,1,291.012,0.9316095569668942
13,20,GB,13,19,1,1,292.0116,0.9202887923535485
13,20,GB,13,19,1,1,293.0122,0.9223458405165318
13,20,GB,13,19,1,1,294.0125,0.927413735781552
13,20,GB,13,19,1,1,295.0118,0.8793125781419245
13,20,GB,13,19,1,1,296.0118,0.8892461461471134
13,20,GB,13,19,1,1,297.0102,0.8930726682955958
13,20,GB,13,19,1,1,298.0108,0.9000339368688157
13,20,GB,13,19,1,1,299.0104,0.8922789002921395
13,20,GB,13,19,1,1,300.0097,0.8979880384755445
13,20,GB,13,19,1,1,301.0105,0.9002513217940459
13,20,GB,20,32,0,0,0.0110804,0.0004828518632563978
13,20,GB,20,32,0,0,1.011041,0.00046245076939382257
13,20,GB,20,32,0,0,2.016676,0.00047984852320288835
13,20,GB,20,32,0,0,3.011486,0.0004569330881157208
13,20,GB,20,32,0,0,4.016891,0.0035405715733671443
13,20,GB,20,32,0,0,5.011039,0.011238196697071108
13,20,GB,20,32,0,0,6.015488,0.017835612614859716
13,20,GB,20,32,0,0,7.01065,0.047221454418122255
13,20,GB,20,32,0,0,8.014598,0.054840270024234895
13,20,GB,20,32,0,0,9.018079,0.038139776888231953
13,20,GB,20,32,0,0,10.01411,0.045410170920885194
13,20,GB,20,32,0,0,11.00884,0.09053334634586517
13,20,GB,20,32,0,0,12.01504,0.13612951856627947
13,20,GB,20,32,0,0,13.00929,0.14100221212670097
13,20,GB,20,32,0,0,14.01207,0.014663851035334541
13,20,GB,20,32,0,0,15.01844,0.10433442904526413
13,20,GB,20,32,0,0,16.01151,0.09542011677932695
13,20,GB,20,32,0,0,17.01897,0.0926720412669437
13,20,GB,20,32,0,0,18.01219,0.08770377949821863
13,20,GB,20,32,0,0,19.018,0.14841610286641496
13,20,GB,20,32,0,0,20.01223,0.14141115401643067
13,20,GB,20,32,0,0,21.01826,0.16630816708065652
13,20,GB,20,32,0,0,22.01056,0.08993631089733012
13,20,GB,20,32,0,0,23.01604,0.08134340977862578
13,20,GB,20,32,0,0,24.01034,0.08445830211120528
13,20,GB,20,32,0,0,25.01539,0.10024184841082878
13,20,GB,20,32,0,0,26.00949,0.1595613137105073
13,20,GB,20,32,0,0,27.01463,0.17019234286390525
13,20,GB,20,32,0,0,28.00904,0.147696522903632
13,20,GB,20,32,0,0,29.0132,0.18091424361278766
13,20,GB,20,32,0,0,30.00926,0.13280921198152723
13,20,GB,20,32,0,0,31.01427,0.12446649615119253
13,20,GB,20,32,0,0,32.00863,0.09439166951094624
13,20,GB,20,32,0,0,33.0139,0.11855896021628043
13,20,GB,20,32,0,0,34.01863,0.0923629884808131
13,20,GB,20,32,0,0,35.01357,0.10978631830530884
13,20,GB,20,32,0,0,36.01921,0.11435914089734903
13,20,GB,20,32,0,0,37.01136,0.5094343851624629
13,20,GB,20,32,0,0,38.01687,0.538477483190898
13,20,GB,20,32,0,0,39.01275,0.12866649832136326
13,20,GB,20,32,0,0,40.01619,0.12932052285330925
13,20,GB,20,32,0,0,41.01143,0.1323635056743814
13,20,GB,20,32,0,0,42.0158,0.567604394258218
13,20,GB,20,32,0,0,43.01032,0.5778667204912674
13,20,GB,20,32,0,0,44.01684,0.47583350575198635
13,20,GB,20,32,0,0,45.01042,0.46123338375085704
13,20,GB,20,32,0,0,46.01677,0.8159332691093907
13,20,GB,20,32,0,0,47.00881,0.6531141451360252
13,20,GB,20,32,0,0,48.01413,0.579404617422497
13,20,GB,20,32,0,0,49.00892,0.555444647367188
13,20,GB,20,32,0,0,50.01486,0.7648920222716117
13,20,GB,20,32,0,0,51.00885,0.7345346925792405
13,20,GB,20,32,0,0,52.01189,0.9538590247202593
13,20,GB,20,32,0,0,53.00847,0.9862512886667278
13,20,GB,20,32,0,0,54.0122,0.987002814760294
13,20,GB,20,32,0,0,55.01799,0.9875446004557495
13,20,GB,20,32,0,0,56.01407,0.9877190285188273
13,20,GB,20,32,0,0,57.01657,0.9876331448543527
13,20,GB,20,32,0,0,58.01276,0.9886346008500108
13,20,GB,20,32,0,0,59.01617,0.9867454555062257
13,20,GB,20,32,0,0,60.00939,0.992101546000342
13,20,GB,20,32,0,0,61.01475,0.9942752549813597
13,20,GB,20,32,0,0,62.01167,0.9937975632620233
13,20,GB,20,32,0,0,63.01693,0.9948379314014963
13,20,GB,20,32,0,0,64.00983,0.9956253416165499
13,20,GB,20,32,0,0,65.0164,0.995059449463475
13,20,GB,20,32,0,0,66.0104,0.9952256848825356
13,20,GB,20,32,0,0,67.0154,0.9949532271441582
13,20,GB,20,32,0,0,68.00903,0.9947656055729552
13,20,GB,20,32,0,0,69.01451,0.9947656055729552
13,20,GB,20,32,0,0,70.00904,0.9947210690959293
13,20,GB,20,32,0,0,71.01378,0.9926025916161352
13,20,GB,20,32,1,2,72.01909,0.9907871445888228
13,20,GB,20,32,1,2,73.01382,0.9899273770223184
13,20,GB,20,32,1,2,74.01805,0.9871768644100873
13,20,GB,20,32,1,2,75.01324,0.9894270341428874
13,20,GB,20,32,1,2,76.0176,0.9893064731044651
13,20,GB,20,32,1,2,77.01219,0.9839923692999916
13,20,GB,20,32,1,2,78.01801,0.9939181480419746
13,20,GB,20,32,1,2,79.01147,0.9925845850371593
13,20,GB,20,32,1,2,80.01809,0.9928341929967859
13,20,GB,20,32,1,2,81.01084,0.9933220988856677
13,20,GB,20,32,1,2,82.01569,0.9942798170986404
13,20,GB,20,32,1,2,83.00967,0.9950669886109222
13,20,GB,20,32,1,2,84.01677,0.9956901679205168
13,20,GB,20,32,1,2,85.01046,0.9949152140440745
13,20,GB,20,32,1,2,86.01457,0.9960157664177282
13,20,GB,20,32,1,2,87.00938,0.9960489839481838
13,20,GB,20,32,1,2,88.01499,0.9957401846658817
13,20,GB,20,32,1,2,89.00937,0.9959799658083097
13,20,GB,20,32,1,2,90.01464,0.9956512460018321
13,20,GB,20,32,1,2,91.01879,0.995975016490227
13,20,GB,20,32,1,2,92.01122,0.9952963538189583
13,20,GB,20,32,1,2,93.01852,0.9951515207558098
13,20,GB,20,32,1,2,94.01377,0.9962669455619805
13,20,GB,20,32,1,2,95.01805,0.9949226617027552
13,20,GB,20,32,1,2,96.01261,0.9974907053948703
13,20,GB,20,32,1,2,97.01575,0.997409062803896
13,20,GB,20,32,1,2,98.01261,0.9976685143234555
13,20,GB,20,32,1,2,99.01852,0.9975210084779839
13,20,GB,20,32,1,2,100.0113,0.9976147304653813
13,20,GB,20,32,1,2,101.0157,0.997409062803896
13,20,GB,20,32,1,2,102.0107,0.9977238843568824
13,20,GB,20,32,1,2,103.0147,0.9974776392128016
13,20,GB,20,32,1,2,104.0102,0.9973843992723521
13,20,GB,20,32,1,2,105.0154,0.9972579127064669
13,20,GB,20,32,1,2,106.0096,0.9973496323178076
13,20,GB,20,32,1,2,107.0156,0.9972190305871466
13,20,GB,20,32,1,2,108.0097,0.9978387193426808
13,20,GB,20,32,1,2,109.0142,0.999353427391826
13,20,GB,20,32,1,2,110.0082,0.9994541969747891
13,20,GB,20,32,1,2,111.0138,0.9993746145177823
13,20,GB,20,32,1,1,112.0179,0.9992414104108249
13,20,GB,20,32,1,1,113.0144,0.9990738317327966
13,20,GB,20,32,1,1,114.018,0.9951973836811208
13,20,GB,20,32,1,1,115.0132,0.9936925714741459
13,20,GB,20,32,1,1,116.0172,0.998884527745303
13,20,GB,20,32,1,1,117.0128,0.9989121783677577
13,20,GB,20,32,1,1,118.0175,0.9989146744617089
13,20,GB,20,32,1,1,119.0129,0.99890523974102
13,20,GB,20,32,1,1,120.0177,0.9958287128745662
13,20,GB,20,32,1,1,121.011,0.989929083987383
13,20,GB,20,32,1,1,122.0157,0.9899277615893111
13,20,GB,20,32,1,1,123.0121,0.9895877671879014
13,20,GB,20,32,1,1,124.0152,0.9892577302551295
13,20,GB,20,32,1,1,125.0103,0.9898377238635583
13,20,GB,20,32,1,1,126.0166,0.9906752410586529
13,20,GB,20,32,1,1,127.0105,0.9898215551205541
13,20,GB,20,32,1,1,128.0149,0.9878522130806745
13,20,GB,20,32,1,1,129.0176,0.9865107572932313
13,20,GB,20,32,1,1,130.0147,0.9864213546208429
13,20,GB,20,32,1,1,131.0191,0.9843443559336096
13,20,GB,20,32,1,1,132.0146,0.983975202874893
13,20,GB,20,32,1,1,133.0088,0.9818621489585946
13,20,GB,20,32,1,1,134.0134,0.9820641163865397
13,20,GB,20,32,1,1,135.0188,0.9814393631894319
13,20,GB,20,32,1,1,136.0134,0.9815644608917422
13,20,GB,20,32,1,1,137.0154,0.9857408265323327
13,20,GB,20,32,1,1,138.0115,0.985466250047055
13,20,GB,20,32,1,1,139.0172,0.9834610476682025
13,20,GB,20,32,1,1,140.0108,0.9860626663932209
13,20,GB,20,32,1,1,141.0175,0.9840503732850362
13,20,GB,20,32,1,1,142.0103,0.9880672183795611
13,20,GB,20,32,1,1,143.0176,0.9873654673685212
13,20,GB,20,32,1,1,144.01,0.9920111124316633
13,20,GB,20,32,1,1,145.0161,0.9950872939912735
13,20,GB,20,32,1,1,146.0108,0.9953406918021133
13,20,GB,20,32,1,1,147.0163,0.9955500211863978
13,20,GB,20,32,1,1,148.0093,0.9932173493216387
13,20,GB,20,32,1,1,149.0147,0.9948753879347603
13,20,GB,20,32,1,1,150.0185,0.9954778110483118
13,20,GB,20,32,1,1,151.0144,0.9954451765324388
13,20,GB,20,32,1,1,152.0169,0.9958412069415257
13,20,GB,20,32,1,1,153.0127,0.9960133751019968
13,20,GB,20,32,1,1,154.0087,0.9911705911923867
13,20,GB,20,32,1,1,155.0125,0.9904126757517148
13,20,GB,20,32,1,1,156.0175,0.9900836381033726
13,20,GB,20,32,1,1,157.0109,0.9889868073078416
13,20,GB,20,32,1,1,158.0174,0.9897710864194149
13,20,GB,20,32,1,1,159.012,0.9881833517779697
13,20,GB,20,32,1,1,160.018,0.9863945020366953
13,20,GB,20,32,1,1,161.0096,0.9868101930126965
13,20,GB,20,32,1,1,162.0173,0.9863641516107433
13,20,GB,20,32,1,1,163.0103,0.9868260669849059
13,20,GB,20,32,1,1,164.0173,0.9849636169651128
13,20,GB,20,32,1,1,165.0189,0.9872361709874938
13,20,GB,20,32,1,1,166.0151,0.9857210269736768
13,20,GB,20,32,1,1,167.01,0.9859091731161602
13,20,GB,20,32,1,1,168.0143,0.9846898159456964
13,20,GB,20,32,1,1,169.0091,0.9863673631305103
13,20,GB,20,32,1,1,170.014,0.9855793108686273
13,20,GB,20,32,1,1,171.0084,0.9837101875841052
13,20,GB,20,32,1,1,172.013,0.9856403623415514
13,20,GB,20,32,1,1,173.018,0.9855172072342595
13,20,GB,20,32,1,1,174.0129,0.9838598646468488
13,20,GB,20,32,1,1,175.0199,0.985290999722369
13,20,GB,20,32,1,1,176.0122,0.9731656032334017
13,20,GB,20,32,1,1,177.0179,0.9904995656722997
13,20,GB,20,32,1,1,178.0117,0.991329423120283
13,20,GB,20,32,1,1,179.0178,0.9905586632084058
13,20,GB,20,32,1,1,180.0106,0.9917045184546419
13,20,GB,20,32,1,1,181.0175,0.9943157864027067
13,20,GB,20,32,1,1,182.0107,0.9971523739058822
13,20,GB,20,32,1,1,183.0149,0.9982845921642657
13,20,GB,20,32,1,1,184.0101,0.998384043597052
13,20,GB,20,32,1,1,185.0164,0.9989912888172937
13,20,GB,20,32,1,1,186.0087,0.9987052130081144
13,20,GB,20,32,1,1,187.0147,0.9991123219134593
13,20,GB,20,32,1,1,188.0101,0.9991500667907062
13,20,GB,20,32,1,1,189.0145,0.9993050160677275
13,20,GB,20,32,1,1,190.0089,0.9993461436772081
13,20,GB,20,32,1,1,191.0141,0.9994403569603878
13,20,GB,20,32,1,1,192.0196,0.9995045677862311
13,20,GB,20,32,1,1,193.0127,0.9995582329995991
13,20,GB,20,32,1,1,194.0189,0.9996261142121071
13,20,GB,20,32,1,1,195.0131,0.9995933292477156
13,20,GB,20,32,1,1,196.017,0.9996366714836863
13,20,GB,20,32,1,1,197.0139,0.999543609896648
13,20,GB,20,32,1,1,198.0189,0.9996340091396211
13,20,GB,20,32,1,1,199.011,0.99961258433817
13,20,GB,20,32,1,1,200.017,0.9996087216992272
13,20,GB,20,32,1,1,201.0121,0.9995750115584318
13,20,GB,20,32,1,1,202.0165,0.9996153070513201
13,20,GB,20,32,1,1,203.0116,0.9996231514395955
13,20,GB,20,32,1,1,204.0152,0.9996459329422401
13,20,GB,20,32,1,1,205.0103,0.9996160965427477
13,20,GB,20,32,1,1,206.0148,0.9996002833823048
13,20,GB,20,32,1,1,207.0102,0.9996711434821838
13,20,GB,20,32,1,1,208.0152,0.9996238365471019
13,20,GB,20,32,1,1,209.0089,0.9995783863840114
13,20,GB,20,32,1,1,210.0144,0.9995536906263598
13,20,GB,20,32,1,1,211.019,0.9995449462299375
13,20,GB,20,32,1,1,212.0146,0.9995733026452328
13,20,GB,20,32,1,1,213.0184,0.9996172022278578
13,20,GB,20,32,1,1,214.0145,0.9995668143439647
13,20,GB,20,32,1,1,215.0192,0.9996227798262172
13,20,GB,20,32,1,1,216.0108,0.9996314549903409
13,20,GB,20,32,1,1,217.0188,0.9997167171807759
13,20,GB,20,32,1,1,218.0127,0.9996849846974822
13,20,GB,20,32,1,1,219.0183,0.9997302370485206
13,20,GB,20,32,1,1,220.0118,0.9997420943283665
13,20,GB,20,32,1,1,221.0171,0.9996563221013485
13,20,GB,20,32,1,1,222.0114,0.9995847089239679
13,20,GB,20,32,1,1,223.0159,0.9995935626040874
13,20,GB,20,32,1,1,224.0093,0.9994943505590226
13,20,GB,20,32,1,1,225.0162,0.9993657290307353
13,20,GB,20,32,1,1,226.0101,0.9994408710876839
13,20,GB,20,32,1,1,227.0162,0.9993927190565646
13,20,GB,20,32,1,1,228.0197,0.9985646419682305
13,20,GB,20,32,1,1,229.0147,0.9986959888494221
13,20,GB,20,32,1,1,230.009,0.998618763571599
13,20,GB,20,32,1,1,231.0148,0.9992663001736133
13,20,GB,20,32,1,1,232.0199,0.9993568951588007
13,20,GB,20,32,1,1,233.0121,0.9994127308718145
13,20,GB,20,32,1,1,234.0193,0.9997092722730332
13,20,GB,20,32,1,1,235.0128,0.9996561722291223
13,20,GB,20,32,1,1,236.0184,0.9996292663685516
13,20,GB,20,32,1,1,237.0118,0.9995847194824035
13,20,GB,20,32,1,1,238.0171,0.9996284666633993
13,20,GB,20,32,1,1,239.0134,0.9996028764956595
13,20,GB,20,32,1,1,240.0174,0.9996889199608867
13,20,GB,20,32,1,1,241.0109,0.9997844537011142
13,20,GB,20,32,1,1,242.0174,0.9997764107522711
13,20,GB,20,32,1,1,243.0108,0.9997771770089128
13,20,GB,20,32,1,1,244.0148,0.9997175437751907
13,20,GB,20,32,1,1,245.0102,0.9997071925782649
13,20,GB,20,32,1,1,246.0142,0.9997071925782649
13,20,GB,20,32,1,1,247.0095,0.9997219170485391
13,20,GB,20,32,1,1,248.0159,0.9996918069915077
13,20,GB,20,32,1,1,249.02,0.9997259179392319
13,20,GB,20,32,1,1,250.0159,0.9997197175737249
13,20,GB,20,32,1,1,251.0192,0.9997680551367863
13,20,GB,20,32,1,1,252.0122,0.9997527403951805
13,20,GB,20,32,1,1,253.0195,0.9997716719119417
13,20,GB,20,32,1,1,254.0143,0.9997681220170828
13,20,GB,20,32,1,1,255.0187,0.9997733921185921
13,20,GB,20,32,1,1,256.0135,0.9997769256914036
13,20,GB,20,32,1,1,257.0157,0.9997733921185921
13,20,GB,20,32,1,1,258.0135,0.9997514308764243
13,20,GB,20,32,1,1,259.0182,0.9997245950461562
13,20,GB,20,32,1,1,260.012,0.9997686628116117
13,20,GB,20,32,1,1,261.0171,0.9997132228945177
13,20,GB,20,32,1,1,262.0101,0.9997259032337241
13,20,GB,20,32,1,1,263.0161,0.9997132228945177
13,20,GB,20,32,1,1,264.0101,0.9997132228945177
13,20,GB,20,32,1,1,265.0136,0.9996950401513615
13,20,GB,20,32,1,1,266.0092,0.9996809324715266
13,20,GB,20,32,1,1,267.0129,0.9996706996275783
13,20,GB,20,32,1,1,268.0095,0.9996437441243442
13,20,GB,20,32,1,1,269.0145,0.9996485675694867
13,20,GB,20,32,1,1,270.0187,0.9997358436924471
13,20,GB,20,32,1,1,271.0134,0.9997236230943157
13,20,GB,20,32,1,1,272.0087,0.9997625782838854
13,20,GB,20,32,1,1,273.0116,0.9996985309510842
13,20,GB,20,32,1,1,274.0177,0.999732589117878
13,20,GB,20,32,1,1,275.0121,0.9997449172411937
13,20,GB,20,32,1,1,276.0184,0.9997808716890579
13,20,GB,20,32,1,1,277.0122,0.99973940661782
13,20,GB,20,32,1,1,278.0174,0.9997488473032649
13,20,GB,20,32,1,1,279.0111,0.9997020901124954
13,20,GB,20,32,1,1,280.0171,0.9997671716955253
13,20,GB,20,32,1,1,281.0084,0.9997560187045743
13,20,GB,20,32,1,1,282.0154,0.9997354876067561
13,20,GB,20,32,1,1,283.0103,0.9996813620632805
13,20,GB,20,32,1,1,284.0168,0.9997234791879367
13,20,GB,20,32,1,1,285.0093,0.9997380463132605
13,20,GB,20,32,1,1,286.0151,0.9997280854227545
13,20,GB,20,32,1,1,287.0084,0.9996277745697378
13,20,GB,20,32,1,1,288.0136,0.9996415947670446
13,20,GB,20,32,1,1,289.0085,0.9997150017304064
13,20,GB,20,32,1,1,290.0133,0.9997598128683313
13,20,GB,20,32,1,1,291.0176,0.999758877033941
13,20,GB,20,32,1,1,292.0125,0.9996818941085464
13,20,GB,20,32,1,1,293.0178,0.9996771085736544
13,20,GB,20,32,1,1,294.0131,0.9997559393758767
13,20,GB,20,32,1,1,295.0174,0.999698981230256
13,20,GB,20,32,1,1,296.0108,0.9996773699205472
13,20,GB,20,32,1,1,297.0173,0.9996523716859322
13,20,GB,20,32,1,1,298.0109,0.9995847160486123
13,20,GB,20,32,1,1,299.0171,0.9996061152016336
13,20,GB,20,32,1,1,300.0103,0.9995759868159452
13,20,GB,20,32,1,1,301.0146,0.9994420362010916
13,20,LR,13,19,0,0,0.0111871,0.12394304584566501
13,20,LR,13,19,0,0,1.008122,0.12389588778693657
13,20,LR,13,19,0,0,2.009342,0.1048250419064484
13,20,LR,13,19,0,0,3.01029,0.11462134343480154
13,20,LR,13,19,0,0,4.012894,0.10086108049369366
13,20,LR,13,19,0,0,5.012518,0.1209534796905713
13,20,LR,13,19,0,0,6.011678,0.0187683614760184
13,20,LR,13,19,1,1,7.012534,0.000552032962402364
13,20,LR,13,19,1,1,8.012196,0.00017915229880665988
13,20,LR,13,19,1,1,9.014396,9.055207324381914e-05
13,20,LR,13,19,1,1,10.01344,6.072495018648371e-05
13,20,LR,13,19,1,1,11.01306,8.311892519185973e-05
13,20,LR,13,19,1,1,12.01485,0.00017582410547522186
13,20,LR,13,19,1,1,13.0143,0.000332668093475107
13,20,LR,13,19,1,1,14.01455,0.0019788750679164647
13,20,LR,13,19,1,1,15.01391,0.035375261380568415
13,20,LR,13,19,1,1,16.01548,0.05110441450358699
13,20,LR,13,19,1,1,17.01406,0.05878999792522721
13,20,LR,13,19,1,1,18.0144,0.04303330327780317
13,20,LR,13,19,1,1,19.01565,0.051485013974951026
13,20,LR,13,19,1,1,20.01563,0.05830359672972069
13,20,LR,13,19,1,1,21.01543,0.0531341361690633
13,20,LR,13,19,1,1,22.01529,0.04805689722760774
13,20,LR,13,19,1,1,23.01496,0.04345753882240971
13,20,LR,13,19,1,1,24.01564,0.03756989501137775
13,20,LR,13,19,1,1,25.01589,0.030766818567682253
13,20,LR,13,19,1,1,26.016,0.04223157678097595
13,20,LR,13,19,1,1,27.01539,0.035965860980826755
13,20,LR,13,19,1,1,28.01522,0.035672305288723734
13,20,LR,13,19,1,1,29.01563,0.03152069924023141
13,20,LR,13,19,1,1,30.01614,0.028715245365487786
13,20,LR,13,19,1,1,31.01577,0.022995572197819378
13,20,LR,13,19,1,1,32.01576,0.020932017046236727
13,20,LR,13,19,1,1,33.0156,0.01951638250258022
13,20,LR,13,19,1,1,34.0147,0.018025765411024967
13,20,LR,13,19,1,1,35.01602,0.015941791484872618
13,20,LR,13,19,1,1,36.01648,0.01865403118479275
13,20,LR,13,19,1,1,37.01661,0.016493876744225835
13,20,LR,13,19,1,1,38.01633,0.015772323351869014
13,20,LR,13,19,1,1,39.01587,0.012510587341762858
13,20,LR,13,19,1,1,40.00611,0.014135964579993249
13,20,LR,13,19,1,1,41.01639,0.012690078887483865
13,20,LR,13,19,1,1,42.01607,0.009047087170710573
13,20,LR,13,19,1,1,43.0164,0.011356987459904311
13,20,LR,13,19,1,1,44.01625,0.009184489125161708
13,20,LR,13,19,1,1,45.01569,0.006485415512808513
13,20,LR,13,19,1,1,46.01624,0.0046960954943103105
13,20,LR,13,19,1,1,47.01646,0.0032591823276736927
13,20,LR,13,19,1,1,48.01652,0.0057858375327602745
13,20,LR,13,19,1,1,49.01628,0.006281981025026633
13,20,LR,13,19,1,1,50.01647,0.005673369659545835
13,20,LR,13,19,1,1,51.01644,0.005840182923406057
13,20,LR,13,19,1,1,52.01611,0.004903206450056573
13,20,LR,13,19,1,1,53.01606,0.00411663608232526
13,20,LR,13,19,1,1,54.00663,0.005605490069263094
13,20,LR,13,19,0,0,55.01663,0.007742240428261897
13,20,LR,13,19,1,1,56.0057,0.011901532659385195
13,20,LR,13,19,1,1,57.00594,0.020885282132470886
13,20,LR,13,19,1,2,58.00592,0.02632578129451027
13,20,LR,13,19,1,2,59.0167,0.0336095667600678
13,20,LR,13,19,1,2,60.01779,0.04206257126055574
13,20,LR,13,19,1,2,61.00571,0.04710703495990273
13,20,LR,13,19,1,2,62.01745,0.049766461438765834
13,20,LR,13,19,1,2,63.00681,0.0598333530245683
13,20,LR,13,19,1,2,64.00627,0.0723220029375824
13,20,LR,13,19,1,2,65.00667,0.07840780809770918
13,20,LR,13,19,1,2,66.0068,0.08218161907700207
13,20,LR,13,19,1,2,67.00623,0.07387650015430118
13,20,LR,13,19,1,2,68.00655,0.06956973999513294
13,20,LR,13,19,1,2,69.00725,0.07199514013101853
13,20,LR,13,19,1,2,70.0069,0.07602061533816075
13,20,LR,13,19,1,2,71.00654,0.07379412747380863
13,20,LR,13,19,1,2,72.00589,0.06163153304884463
13,20,LR,13,19,1,2,73.00656,0.06461277153092483
13,20,LR,13,19,1,2,74.00774,0.062274878947963706
13,20,LR,13,19,1,2,75.0063,0.049068407031071376
13,20,LR,13,19,1,2,76.0173,0.03672956480162941
13,20,LR,13,19,1,2,77.01709,0.029611712842135866
13,20,LR,13,19,1,2,78.00648,0.03148407451518714
13,20,LR,13,19,1,2,79.00738,0.026644088082852665
13,20,LR,13,19,1,2,80.00748,0.026134290316214934
13,20,LR,13,19,1,2,81.00877,0.02640343523460735
13,20,LR,13,19,1,2,82.00806,0.023670838619085977
13,20,LR,13,19,1,2,83.00819,0.022257744549115045
13,20,LR,13,19,1,2,84.00889,0.025139450912938302
13,20,LR,13,19,1,2,85.00765,0.024771987285700178
13,20,LR,13,19,1,2,86.00846,0.02640133380623586
13,20,LR,13,19,1,2,87.00851,0.036039509716187634
13,20,LR,13,19,1,2,88.00794,0.0347642132091611
13,20,LR,13,19,1,2,89.00771,0.03839400583487423
13,20,LR,13,19,1,2,90.00766,0.03574788951716455
13,20,LR,13,19,1,2,91.00752,0.03187775387650922
13,20,LR,13,19,1,2,92.00755,0.025405335695821474
13,20,LR,13,19,1,2,93.00887,0.0372334776060047
13,20,LR,13,19,1,2,94.00878,0.04605811252780227
13,20,LR,13,19,1,2,95.0084,0.07239363187982462
13,20,LR,13,19,1,2,96.0089,0.08086151214493341
13,20,LR,13,19,1,2,97.00879,0.07750022092587026
13,20,LR,13,19,1,2,98.00745,0.06357657109041269
13,20,LR,13,19,1,2,99.00846,0.06079871845332597
13,20,LR,13,19,1,2,100.0082,0.06129940390621548
13,20,LR,13,19,1,2,101.0088,0.08924493631962309
13,20,LR,13,19,1,2,102.0081,0.1167573485660769
13,20,LR,13,19,1,2,103.0087,0.17182276960162673
13,20,LR,13,19,1,2,104.0086,0.20853289104474482
13,20,LR,13,19,1,2,105.0088,0.22652472667937984
13,20,LR,13,19,1,2,106.0089,0.22392098367392976
13,20,LR,13,19,1,2,107.0094,0.23401565697119434
13,20,LR,13,19,1,2,108.0097,0.23979827333336967
13,20,LR,13,19,1,2,109.0098,0.21257171987611065
13,20,LR,13,19,1,2,110.0093,0.24361517390799056
13,20,LR,13,19,1,2,111.0108,0.2707134347240246
13,20,LR,13,19,1,2,112.0113,0.3098410491668291
13,20,LR,13,19,1,2,113.0099,0.3078886689423785
13,20,LR,13,19,1,2,114.0104,0.32732495815580737
13,20,LR,13,19,1,2,115.0104,0.3507024172013749
13,20,LR,13,19,1,2,116.0103,0.35431358307729915
13,20,LR,13,19,1,2,117.0103,0.3899188094067302
13,20,LR,13,19,1,2,118.011,0.3643340850425893
13,20,LR,13,19,1,2,119.0105,0.33110841517135436
13,20,LR,13,19,1,2,120.0106,0.3277694617715536
13,20,LR,13,19,1,2,121.0102,0.3298528060515115
13,20,LR,13,19,1,2,122.0111,0.3561265903848731
13,20,LR,13,19,1,2,123.0116,0.37187697463338215
13,20,LR,13,19,1,2,124.0112,0.3938734742490083
13,20,LR,13,19,1,2,125.0108,0.41109851392239594
13,20,LR,13,19,1,2,126.0111,0.38032808615688185
13,20,LR,13,19,1,2,127.0116,0.37953282955651746
13,20,LR,13,19,1,2,128.0111,0.35360782914749406
13,20,LR,13,19,1,2,129.0099,0.3351445776017164
13,20,LR,13,19,1,2,130.011,0.3244919452546445
13,20,LR,13,19,1,2,131.0099,0.34637794972460473
13,20,LR,13,19,1,2,132.0116,0.348697040697647
13,20,LR,13,19,1,2,133.0112,0.3822889563021698
13,20,LR,13,19,1,2,134.011,0.38655161050931386
13,20,LR,13,19,1,2,135.0112,0.4952400375702566
13,20,LR,13,19,1,2,136.0114,0.48449472394309256
13,20,LR,13,19,1,2,137.0117,0.4646559351922353
13,20,LR,13,19,1,2,138.0124,0.40977138886657366
13,20,LR,13,19,1,2,139.0119,0.4046328348344365
13,20,LR,13,19,1,2,140.0126,0.47252139447337577
13,20,LR,13,19,1,2,141.0127,0.44106942859689474
13,20,LR,13,19,1,2,142.0116,0.42828920337223814
13,20,LR,13,19,1,2,143.0115,0.418645446065644
13,20,LR,13,19,1,2,144.0123,0.41437166068959325
13,20,LR,13,19,1,2,145.0119,0.410625266510733
13,20,LR,13,19,1,2,146.0106,0.489819821718449
13,20,LR,13,19,1,2,147.0095,0.4977226363934908
13,20,LR,13,19,1,2,148.0128,0.5768345777043641
13,20,LR,13,19,1,2,149.0116,0.6142029899917565
13,20,LR,13,19,1,2,150.0129,0.6717018500144479
13,20,LR,13,19,1,2,151.0131,0.6991388137761293
13,20,LR,13,19,1,2,152.013,0.715448460660707
13,20,LR,13,19,1,2,153.0128,0.7040115077558018
13,20,LR,13,19,1,2,154.0131,0.7040399489213356
13,20,LR,13,19,1,2,155.0118,0.6978744275918543
13,20,LR,13,19,1,2,156.0112,0.62372875999869
13,20,LR,13,19,1,2,157.0115,0.6183752420448846
13,20,LR,13,19,1,2,158.0129,0.7144119991619222
13,20,LR,13,19,1,2,159.0138,0.7547020085482093
13,20,LR,13,19,1,2,160.0113,0.7558995913211068
13,20,LR,13,19,1,2,161.0132,0.8060329934993511
13,20,LR,13,19,1,2,162.0131,0.8437794243886408
13,20,LR,13,19,1,2,163.0128,0.880529964123193
13,20,LR,13,19,1,2,164.0125,0.8872605906876998
13,20,LR,13,19,1,2,165.0142,0.9084130883444778
13,20,LR,13,19,1,2,166.0134,0.9270431951080127
13,20,LR,13,19,1,2,167.0146,0.9424948255331204
13,20,LR,13,19,1,2,168.014,0.9639763272480706
13,20,LR,13,19,1,2,169.0144,0.9686452226189012
13,20,LR,13,19,1,2,170.0139,0.96962987729523
13,20,LR,13,19,1,2,171.0134,0.9680921661828193
13,20,LR,13,19,1,2,172.0138,0.9666033085035214
13,20,LR,13,19,1,2,173.0135,0.961464701382657
13,20,LR,13,19,1,2,174.0141,0.9607565840355786
13,20,LR,13,19,1,2,175.014,0.9486497982119684
13,20,LR,13,19,1,2,176.0143,0.9672710195628927
13,20,LR,13,19,1,2,177.0146,0.9684957063361106
13,20,LR,13,19,1,2,178.0154,0.961712138295249
13,20,LR,13,19,1,2,179.0144,0.9464081739420029
13,20,LR,13,19,1,2,180.0144,0.9290378327582419
13,20,LR,13,19,1,2,181.0142,0.9190769520441777
13,20,LR,13,19,1,2,182.0138,0.8956353381545428
13,20,LR,13,19,1,2,183.0142,0.8749377011541541
13,20,LR,13,19,1,2,184.0148,0.8626546731750389
13,20,LR,13,19,1,2,185.0134,0.8434417629554761
13,20,LR,13,19,1,2,186.0141,0.8657014211627485
13,20,LR,13,19,1,2,187.0155,0.8831241146846519
13,20,LR,13,19,1,2,188.0152,0.8717078243193718
13,20,LR,13,19,1,2,189.0157,0.893026337579395
13,20,LR,13,19,1,2,190.0155,0.8999056519303492
13,20,LR,13,19,1,2,191.0159,0.9152025837757031
13,20,LR,13,19,1,2,192.0149,0.9124358263363405
13,20,LR,13,19,1,2,193.0139,0.8911597082017874
13,20,LR,13,19,1,2,194.0151,0.8648147301978732
13,20,LR,13,19,1,2,195.0153,0.8730735355268598
13,20,LR,13,19,1,2,196.0149,0.8953922265268279
13,20,LR,13,19,1,2,197.0161,0.8883240959577156
13,20,LR,13,19,1,2,198.016,0.8609764830809599
13,20,LR,13,19,1,2,199.0155,0.8400378801228361
13,20,LR,13,19,1,2,200.0149,0.832327666208491
13,20,LR,13,19,1,2,201.0149,0.8161424872389992
13,20,LR,13,19,1,2,202.0162,0.8207326191078113
13,20,LR,13,19,1,2,203.017,0.8306440358801915
13,20,LR,13,19,1,2,204.016,0.8831526558020041
13,20,LR,13,19,1,2,205.0163,0.9300500738589277
13,20,LR,13,19,1,2,206.0161,0.92892871929847
13,20,LR,13,19,1,2,207.0155,0.9165127176223559
13,20,LR,13,19,1,2,208.0161,0.908505598343209
13,20,LR,13,19,1,2,209.0168,0.8972176765120008
13,20,LR,13,19,1,2,210.0161,0.8639718407970277
13,20,LR,13,19,1,2,211.0167,0.7936680483862517
13,20,LR,13,19,1,2,212.0168,0.8443850831403295
13,20,LR,13,19,1,2,213.0174,0.8373378475536598
13,20,LR,13,19,1,2,214.0169,0.8404966356012546
13,20,LR,13,19,1,2,215.0167,0.8201176761805985
13,20,LR,13,19,1,2,216.0177,0.7959670569032371
13,20,LR,13,19,1,2,217.017,0.8138038615229737
13,20,LR,13,19,1,2,218.0148,0.8150547303555026
13,20,LR,13,19,1,2,219.0061,0.8690714115646779
13,20,LR,13,19,1,2,220.006,0.875184242636131
13,20,LR,13,19,1,2,221.0061,0.8831414467668466
13,20,LR,13,19,1,2,222.006,0.886267079508223
13,20,LR,13,19,1,2,223.0159,0.9109117371649185
13,20,LR,13,19,1,2,224.0162,0.8860636362317784
13,20,LR,13,19,1,2,225.0068,0.8589502557650126
13,20,LR,13,19,1,2,226.0167,0.8818367441376591
13,20,LR,13,19,1,2,227.0168,0.9041585424569698
13,20,LR,13,19,1,2,228.0056,0.9362468406686678
13,20,LR,13,19,1,2,229.0059,0.9451183689177379
13,20,LR,13,19,1,2,230.0066,0.9613663541545995
13,20,LR,13,19,1,2,231.0064,0.9713655015026084
13,20,LR,13,19,1,2,232.0061,0.9810355257268161
13,20,LR,13,19,1,2,233.016,0.9861476255760389
13,20,LR,13,19,1,2,234.0058,0.987807343272302
13,20,LR,13,19,1,2,235.0168,0.9811800719201974
13,20,LR,13,19,1,2,236.0063,0.9757043469565727
13,20,LR,13,19,1,2,237.0071,0.9731841557750919
13,20,LR,13,19,1,2,238.0069,0.9601090391727085
13,20,LR,13,19,1,2,239.0063,0.9435838001412766
13,20,LR,13,19,1,2,240.0069,0.9385122170445555
13,20,LR,13,19,1,2,241.0089,0.9587469900736002
13,20,LR,13,19,1,2,242.0078,0.9578592337509455
13,20,LR,13,19,1,1,243.0075,0.951758905631836
13,20,LR,13,19,1,1,244.0072,0.9425566099612236
13,20,LR,13,19,1,1,245.0076,0.9405508384674718
13,20,LR,13,19,1,1,246.0073,0.9432475749753177
13,20,LR,13,19,1,1,247.0076,0.949395358674767
13,20,LR,13,19,1,1,248.0071,0.9364611263790509
13,20,LR,13,19,1,1,249.0073,0.932838281747475
13,20,LR,13,19,1,1,250.0063,0.9118704342765308
13,20,LR,13,19,1,1,251.0064,0.9284997859294729
13,20,LR,13,19,1,1,252.0073,0.9292686267976651
13,20,LR,13,19,1,1,253.0071,0.9314638666362991
13,20,LR,13,19,1,1,254.0065,0.9379942680604869
13,20,LR,13,19,1,1,255.0074,0.9529318422514913
13,20,LR,13,19,1,1,256.0089,0.9614856680978024
13,20,LR,13,19,1,1,257.0083,0.957333845853675
13,20,LR,13,19,1,1,258.0089,0.9746860866260555
13,20,LR,13,19,1,1,259.0085,0.9787240989649073
13,20,LR,13,19,1,1,260.0081,0.9767570064091708
13,20,LR,13,19,1,1,261.0073,0.9781896572347696
13,20,LR,13,19,1,1,262.0075,0.974365330234878
13,20,LR,13,19,1,1,263.007,0.9641814660937035
13,20,LR,13,19,1,1,264.0101,0.9598006118708942
13,20,LR,13,19,1,1,265.0092,0.9466514250600014
13,20,LR,13,19,1,1,266.0094,0.9384389838104703
13,20,LR,13,19,1,1,267.0097,0.9523825378197396
13,20,LR,13,19,1,1,268.0096,0.9461394398661528
13,20,LR,13,19,1,1,269.0101,0.9437669200025925
13,20,LR,13,19,1,1,270.01,0.948167417700262
13,20,LR,13,19,1,1,271.0106,0.9467531461188811
13,20,LR,13,19,1,1,272.0101,0.9308255490978914
13,20,LR,13,19,1,1,273.0105,0.9266533253469531
13,20,LR,13,19,1,1,274.0101,0.9127686299009794
13,20,LR,13,19,1,1,275.0096,0.8818951562254969
13,20,LR,13,19,1,1,276.0098,0.8742553190641827
13,20,LR,13,19,1,1,277.0098,0.8609741342414836
13,20,LR,13,19,1,1,278.0095,0.8436925212949523
13,20,LR,13,19,1,1,279.009,0.8543900554702797
13,20,LR,13,19,1,1,280.0096,0.8602650620655881
13,20,LR,13,19,1,1,281.0111,0.8466873315914589
13,20,LR,13,19,1,1,282.0099,0.8261125253255122
13,20,LR,13,19,1,1,283.0103,0.8540627260317122
13,20,LR,13,19,1,1,284.0102,0.8737118528592817
13,20,LR,13,19,1,1,285.01,0.8698135962965997
13,20,LR,13,19,1,1,286.0091,0.8795094496935904
13,20,LR,13,19,1,1,287.0109,0.8614917085598661
13,20,LR,13,19,1,1,288.0114,0.833629839137962
13,20,LR,13,19,1,1,289.0109,0.8020989149799191
13,20,LR,13,19,1,1,290.0112,0.6942511674880733
13,20,LR,13,19,1,1,291.012,0.7094424688019441
13,20,LR,13,19,1,1,292.0116,0.7425131407725948
13,20,LR,13,19,1,1,293.0122,0.761848734494713
13,20,LR,13,19,1,1,294.0125,0.8051254132472442
13,20,LR,13,19,1,1,295.0118,0.7973294234472782
13,20,LR,13,19,1,1,296.0118,0.8002812971214907
13,20,LR,13,19,1,1,297.0102,0.7995656758695207
13,20,LR,13,19,1,1,298.0108,0.8399428201129961
13,20,LR,13,19,1,1,299.0104,0.8133891413202001
13,20,LR,13,19,1,1,300.0097,0.7850289677690273
13,20,LR,13,19,1,1,301.0105,0.772938740324036
13,20,LR,20,32,0,0,0.0110804,0.0007176618296560885
13,20,LR,20,32,0,0,1.011041,0.0010476205707859825
13,20,LR,20,32,0,0,2.016676,0.0026101610455572066
13,20,LR,20,32,0,0,3.011486,0.004209009064936006
13,20,LR,20,32,0,0,4.016891,0.005269858088140289
13,20,LR,20,32,0,0,5.011039,0.010278769630776551
13,20,LR,20,32,0,0,6.015488,0.01690126167516083
13,20,LR,20,32,0,0,7.01065,0.0228870327935271
13,20,LR,20,32,0,0,8.014598,0.014804126758456165
13,20,LR,20,32,0,0,9.018079,0.016694121524785496
13,20,LR,20,32,0,0,10.01411,0.019402438793605106
13,20,LR,20,32,0,0,11.00884,0.024665424576269492
13,20,LR,20,32,0,0,12.01504,0.02042676302858929
13,20,LR,20,32,0,0,13.00929,0.027632869327941133
13,20,LR,20,32,0,0,14.01207,0.03620220658993306
13,20,LR,20,32,0,0,15.01844,0.035638667113159314
13,20,LR,20,32,0,0,16.01151,0.0479852423346582
13,20,LR,20,32,0,0,17.01897,0.04608016472861623
13,20,LR,20,32,0,0,18.01219,0.04759659631466298
13,20,LR,20,32,0,0,19.018,0.09784244181790873
13,20,LR,20,32,0,0,20.01223,0.09845016467034973
13,20,LR,20,32,0,0,21.01826,0.11830658019895249
13,20,LR,20,32,0,0,22.01056,0.12612817852821842
13,20,LR,20,32,0,0,23.01604,0.12958261569941776
13,20,LR,20,32,0,0,24.01034,0.1395205521659038
13,20,LR,20,32,0,0,25.01539,0.13806681512538058
13,20,LR,20,32,0,0,26.00949,0.09381671336008285
13,20,LR,20,32,0,0,27.01463,0.13278184068301047
13,20,LR,20,32,0,0,28.00904,0.1474162250319411
13,20,LR,20,32,0,0,29.0132,0.14219368129360158
13,20,LR,20,32,0,0,30.00926,0.0935411583092393
13,20,LR,20,32,0,0,31.01427,0.1374174612572159
13,20,LR,20,32,0,0,32.00863,0.14239849449045267
13,20,LR,20,32,0,0,33.0139,0.1400596053733431
13,20,LR,20,32,0,0,34.01863,0.09062958292131341
13,20,LR,20,32,0,0,35.01357,0.13127413029672177
13,20,LR,20,32,0,0,36.01921,0.13833431025495863
13,20,LR,20,32,0,0,37.01136,0.09247573667050775
13,20,LR,20,32,0,0,38.01687,0.1413455287385557
13,20,LR,20,32,0,0,39.01275,0.14628269768419208
13,20,LR,20,32,0,0,40.01619,0.10661668117280003
13,20,LR,20,32,0,0,41.01143,0.1765204317301832
13,20,LR,20,32,0,0,42.0158,0.18859622532321885
13,20,LR,20,32,0,0,43.01032,0.18417770215668042
13,20,LR,20,32,0,0,44.01684,0.20000610711948522
13,20,LR,20,32,0,0,45.01042,0.13891518600615985
13,20,LR,20,32,0,0,46.01677,0.19275087129095583
13,20,LR,20,32,0,0,47.00881,0.20636058742057678
13,20,LR,20,32,0,0,48.01413,0.21531460498473226
13,20,LR,20,32,0,0,49.00892,0.22858440596014842
13,20,LR,20,32,0,0,50.01486,0.2200322161439228
13,20,LR,20,32,0,0,51.00885,0.24768247533022042
13,20,LR,20,32,0,0,52.01189,0.2361057637723863
13,20,LR,20,32,0,0,53.00847,0.19272825566044582
13,20,LR,20,32,0,0,54.0122,0.22883779054031983
13,20,LR,20,32,0,0,55.01799,0.23373905363615283
13,20,LR,20,32,0,0,56.01407,0.1607915173672072
13,20,LR,20,32,0,0,57.01657,0.1730881583821319
13,20,LR,20,32,0,0,58.01276,0.23538075158368366
13,20,LR,20,32,0,0,59.01617,0.2507003834074187
13,20,LR,20,32,0,0,60.00939,0.2482917162691392
13,20,LR,20,32,0,0,61.01475,0.17990165380849346
13,20,LR,20,32,0,0,62.01167,0.2677819438543609
13,20,LR,20,32,0,0,63.01693,0.28062571186629337
13,20,LR,20,32,0,0,64.00983,0.27460878358886776
13,20,LR,20,32,0,0,65.0164,0.20381618771365667
13,20,LR,20,32,0,0,66.0104,0.27471681833064493
13,20,LR,20,32,0,0,67.0154,0.282841282748611
13,20,LR,20,32,0,0,68.00903,0.3204420835239266
13,20,LR,20,32,0,0,69.01451,0.3111649060823627
13,20,LR,20,32,0,0,70.00904,0.33476511845384954
13,20,LR,20,32,0,0,71.01378,0.33006843058516033
13,20,LR,20,32,1,2,72.01909,0.3361934995739964
13,20,LR,20,32,1,2,73.01382,0.2354804009957257
13,20,LR,20,32,1,2,74.01805,0.2590458607349728
13,20,LR,20,32,1,2,75.01324,0.3578984998922805
13,20,LR,20,32,1,2,76.0176,0.3585131865748984
13,20,LR,20,32,1,2,77.01219,0.3693250363510562
13,20,LR,20,32,1,2,78.01801,0.2694459503900575
13,20,LR,20,32,1,2,79.01147,0.3830855726074424
13,20,LR,20,32,1,2,80.01809,0.38081829526787714
13,20,LR,20,32,1,2,81.01084,0.3850500900689566
13,20,LR,20,32,1,2,82.01569,0.3708435403867422
13,20,LR,20,32,1,2,83.00967,0.39159834381929615
13,20,LR,20,32,1,2,84.01677,0.3964192423001692
13,20,LR,20,32,1,2,85.01046,0.3343949327077137
13,20,LR,20,32,1,2,86.01457,0.43559285478179366
13,20,LR,20,32,1,2,87.00938,0.4421665771763073
13,20,LR,20,32,1,2,88.01499,0.4350837938521745
13,20,LR,20,32,1,2,89.00937,0.44754400020082585
13,20,LR,20,32,1,2,90.01464,0.44616721209355786
13,20,LR,20,32,1,2,91.01879,0.45280087108873235
13,20,LR,20,32,1,2,92.01122,0.45426570808726696
13,20,LR,20,32,1,2,93.01852,0.3654137147796834
13,20,LR,20,32,1,2,94.01377,0.47280825400115556
13,20,LR,20,32,1,2,95.01805,0.4827117501496505
13,20,LR,20,32,1,2,96.01261,0.4924390835402805
13,20,LR,20,32,1,2,97.01575,0.5124756948546363
13,20,LR,20,32,1,2,98.01261,0.5142836033981296
13,20,LR,20,32,1,2,99.01852,0.5296882949751698
13,20,LR,20,32,1,2,100.0113,0.5583671218168428
13,20,LR,20,32,1,2,101.0157,0.5780409094663532
13,20,LR,20,32,1,2,102.0107,0.5823096495276584
13,20,LR,20,32,1,2,103.0147,0.5891885644563214
13,20,LR,20,32,1,2,104.0102,0.6129464273688338
13,20,LR,20,32,1,2,105.0154,0.619746175892514
13,20,LR,20,32,1,2,106.0096,0.6299026279186729
13,20,LR,20,32,1,2,107.0156,0.53343081341991
13,20,LR,20,32,1,2,108.0097,0.6680385944730776
13,20,LR,20,32,1,2,109.0142,0.5880236445314548
13,20,LR,20,32,1,2,110.0082,0.6875036844216268
13,20,LR,20,32,1,2,111.0138,0.7042528617257686
13,20,LR,20,32,1,1,112.0179,0.701983026524629
13,20,LR,20,32,1,1,113.0144,0.5570568153981033
13,20,LR,20,32,1,1,114.018,0.44333137621111907
13,20,LR,20,32,1,1,115.0132,0.5275995854080935
13,20,LR,20,32,1,1,116.0172,0.5335944957473453
13,20,LR,20,32,1,1,117.0128,0.5324444076133648
13,20,LR,20,32,1,1,118.0175,0.551022410824445
13,20,LR,20,32,1,1,119.0129,0.5737549992068416
13,20,LR,20,32,1,1,120.0177,0.5546282093552309
13,20,LR,20,32,1,1,121.011,0.5161212284469894
13,20,LR,20,32,1,1,122.0157,0.5349482283477837
13,20,LR,20,32,1,1,123.0121,0.5598110919761551
13,20,LR,20,32,1,1,124.0152,0.5834617697741045
13,20,LR,20,32,1,1,125.0103,0.44785905854259056
13,20,LR,20,32,1,1,126.0166,0.5560326286644391
13,20,LR,20,32,1,1,127.0105,0.6556188930560849
13,20,LR,20,32,1,1,128.0149,0.5383795273322364
13,20,LR,20,32,1,1,129.0176,0.6259390094269345
13,20,LR,20,32,1,1,130.0147,0.5961944162252789
13,20,LR,20,32,1,1,131.0191,0.597944792045777
13,20,LR,20,32,1,1,132.0146,0.5940278400249781
13,20,LR,20,32,1,1,133.0088,0.5966960905030616
13,20,LR,20,32,1,1,134.0134,0.45394945763972616
13,20,LR,20,32,1,1,135.0188,0.575312588685121
13,20,LR,20,32,1,1,136.0134,0.5611153525815071
13,20,LR,20,32,1,1,137.0154,0.5666396285134353
13,20,LR,20,32,1,1,138.0115,0.5705913998765415
13,20,LR,20,32,1,1,139.0172,0.554058604077167
13,20,LR,20,32,1,1,140.0108,0.5736996627214934
13,20,LR,20,32,1,1,141.0175,0.4547647474033911
13,20,LR,20,32,1,1,142.0103,0.605751252878257
13,20,LR,20,32,1,1,143.0176,0.5317746342722558
13,20,LR,20,32,1,1,144.01,0.5748862787069273
13,20,LR,20,32,1,1,145.0161,0.627741521150234
13,20,LR,20,32,1,1,146.0108,0.6589630693734095
13,20,LR,20,32,1,1,147.0163,0.6939261096704836
13,20,LR,20,32,1,1,148.0093,0.6690624226516454
13,20,LR,20,32,1,1,149.0147,0.659915213506114
13,20,LR,20,32,1,1,150.0185,0.8024147291706225
13,20,LR,20,32,1,1,151.0144,0.8203899147822679
13,20,LR,20,32,1,1,152.0169,0.8352499448612277
13,20,LR,20,32,1,1,153.0127,0.8346154352837424
13,20,LR,20,32,1,1,154.0087,0.8824731050188555
13,20,LR,20,32,1,1,155.0125,0.8306238904378302
13,20,LR,20,32,1,1,156.0175,0.8520604325726276
13,20,LR,20,32,1,1,157.0109,0.8474943348248555
13,20,LR,20,32,1,1,158.0174,0.8660529160330377
13,20,LR,20,32,1,1,159.012,0.8622210074685595
13,20,LR,20,32,1,1,160.018,0.7847915520084819
13,20,LR,20,32,1,1,161.0096,0.8170744536923851
13,20,LR,20,32,1,1,162.0173,0.8267817879988303
13,20,LR,20,32,1,1,163.0103,0.80760793313564
13,20,LR,20,32,1,1,164.0173,0.7138958746442071
13,20,LR,20,32,1,1,165.0189,0.7994811548286617
13,20,LR,20,32,1,1,166.0151,0.8002180543716025
13,20,LR,20,32,1,1,167.01,0.7828701598120308
13,20,LR,20,32,1,1,168.0143,0.6690321413125456
13,20,LR,20,32,1,1,169.0091,0.7610068830562449
13,20,LR,20,32,1,1,170.014,0.7604899144396561
13,20,LR,20,32,1,1,171.0084,0.6453625751725551
13,20,LR,20,32,1,1,172.013,0.7927162912800417
13,20,LR,20,32,1,1,173.018,0.8001765847025543
13,20,LR,20,32,1,1,174.0129,0.7069113679991849
13,20,LR,20,32,1,1,175.0199,0.8072172348693009
13,20,LR,20,32,1,1,176.0122,0.808607147721861
13,20,LR,20,32,1,1,177.0179,0.8200519859787644
13,20,LR,20,32,1,1,178.0117,0.7906163504020114
13,20,LR,20,32,1,1,179.0178,0.693746692875661
13,20,LR,20,32,1,1,180.0106,0.8146729762116885
13,20,LR,20,32,1,1,181.0175,0.8205437828501869
13,20,LR,20,32,1,1,182.0107,0.8258928377709225
13,20,LR,20,32,1,1,183.0149,0.8320950078690806
13,20,LR,20,32,1,1,184.0101,0.8525058998805077
13,20,LR,20,32,1,1,185.0164,0.8804441623421128
13,20,LR,20,32,1,1,186.0087,0.8823913770078687
13,20,LR,20,32,1,1,187.0147,0.8902620255816951
13,20,LR,20,32,1,1,188.0101,0.8972864396447197
13,20,LR,20,32,1,1,189.0145,0.911465218986368
13,20,LR,20,32,1,1,190.0089,0.9169322838967112
13,20,LR,20,32,1,1,191.0141,0.9383261662425635
13,20,LR,20,32,1,1,192.0196,0.9465758174681099
13,20,LR,20,32,1,1,193.0127,0.9504184107850185
13,20,LR,20,32,1,1,194.0189,0.9528048150280319
13,20,LR,20,32,1,1,195.0131,0.9558116687940467
13,20,LR,20,32,1,1,196.017,0.9597532290824768
13,20,LR,20,32,1,1,197.0139,0.945959012040352
13,20,LR,20,32,1,1,198.0189,0.9656196521464441
13,20,LR,20,32,1,1,199.011,0.9601414866363778
13,20,LR,20,32,1,1,200.017,0.9303520616781077
13,20,LR,20,32,1,1,201.0121,0.9535501694168091
13,20,LR,20,32,1,1,202.0165,0.9511521423857995
13,20,LR,20,32,1,1,203.0116,0.9506385132494277
13,20,LR,20,32,1,1,204.0152,0.9490796980559237
13,20,LR,20,32,1,1,205.0103,0.92113211839138
13,20,LR,20,32,1,1,206.0148,0.928078208024629
13,20,LR,20,32,1,1,207.0102,0.9472989972061316
13,20,LR,20,32,1,1,208.0152,0.9476523675681457
13,20,LR,20,32,1,1,209.0089,0.9487344041769334
13,20,LR,20,32,1,1,210.0144,0.9456607214326342
13,20,LR,20,32,1,1,211.019,0.9093544488480686
13,20,LR,20,32,1,1,212.0146,0.9395747644071989
13,20,LR,20,32,1,1,213.0184,0.9370243833198355
13,20,LR,20,32,1,1,214.0145,0.9289757676679153
13,20,LR,20,32,1,1,215.0192,0.9203741633788736
13,20,LR,20,32,1,1,216.0108,0.9166225231337093
13,20,LR,20,32,1,1,217.0188,0.9103537804000723
13,20,LR,20,32,1,1,218.0127,0.8960494344402393
13,20,LR,20,32,1,1,219.0183,0.8263174162545264
13,20,LR,20,32,1,1,220.0118,0.8769440687630179
13,20,LR,20,32,1,1,221.0171,0.8686437225056269
13,20,LR,20,32,1,1,222.0114,0.858736473327308
13,20,LR,20,32,1,1,223.0159,0.8535928322234895
13,20,LR,20,32,1,1,224.0093,0.848131039701893
13,20,LR,20,32,1,1,225.0162,0.7584960840100904
13,20,LR,20,32,1,1,226.0101,0.8327375936716871
13,20,LR,20,32,1,1,227.0162,0.8264874212690069
13,20,LR,20,32,1,1,228.0197,0.7590474924765638
13,20,LR,20,32,1,1,229.0147,0.758187516648474
13,20,LR,20,32,1,1,230.009,0.7535595728215835
13,20,LR,20,32,1,1,231.0148,0.7715102331164989
13,20,LR,20,32,1,1,232.0199,0.7848475164138417
13,20,LR,20,32,1,1,233.0121,0.8917739493901495
13,20,LR,20,32,1,1,234.0193,0.8997034150155696
13,20,LR,20,32,1,1,235.0128,0.9042224704223736
13,20,LR,20,32,1,1,236.0184,0.9115918920357066
13,20,LR,20,32,1,1,237.0118,0.8706282311643447
13,20,LR,20,32,1,1,238.0171,0.9199309554748366
13,20,LR,20,32,1,1,239.0134,0.8902764755931633
13,20,LR,20,32,1,1,240.0174,0.9385028345720688
13,20,LR,20,32,1,1,241.0109,0.9460451152353938
13,20,LR,20,32,1,1,242.0174,0.9517299131854047
13,20,LR,20,32,1,1,243.0108,0.9494421484553708
13,20,LR,20,32,1,1,244.0148,0.9252358705012749
13,20,LR,20,32,1,1,245.0102,0.9465255880514755
13,20,LR,20,32,1,1,246.0142,0.9482800707970611
13,20,LR,20,32,1,1,247.0095,0.9409911163461475
13,20,LR,20,32,1,1,248.0159,0.9177732904574987
13,20,LR,20,32,1,1,249.02,0.947291073764885
13,20,LR,20,32,1,1,250.0159,0.9441414887182333
13,20,LR,20,32,1,1,251.0192,0.9402584480297121
13,20,LR,20,32,1,1,252.0122,0.9083945676075145
13,20,LR,20,32,1,1,253.0195,0.9400269170567469
13,20,LR,20,32,1,1,254.0143,0.939256538908828
13,20,LR,20,32,1,1,255.0187,0.9354736616680023
13,20,LR,20,32,1,1,256.0135,0.9326109442924088
13,20,LR,20,32,1,1,257.0157,0.9330051157904274
13,20,LR,20,32,1,1,258.0135,0.9274933612771371
13,20,LR,20,32,1,1,259.0182,0.8964139691020074
13,20,LR,20,32,1,1,260.012,0.9278136505017829
13,20,LR,20,32,1,1,261.0171,0.923093577061385
13,20,LR,20,32,1,1,262.0101,0.9232148497675513
13,20,LR,20,32,1,1,263.0161,0.9221296399755312
13,20,LR,20,32,1,1,264.0101,0.9198803550897623
13,20,LR,20,32,1,1,265.0136,0.9185838098354036
13,20,LR,20,32,1,1,266.0092,0.9200719726793777
13,20,LR,20,32,1,1,267.0129,0.8847017464541185
13,20,LR,20,32,1,1,268.0095,0.9397610180485344
13,20,LR,20,32,1,1,269.0145,0.9052824133611886
13,20,LR,20,32,1,1,270.0187,0.9400971902414988
13,20,LR,20,32,1,1,271.0134,0.9390433042494434
13,20,LR,20,32,1,1,272.0087,0.9397750106605396
13,20,LR,20,32,1,1,273.0116,0.9283536175721966
13,20,LR,20,32,1,1,274.0177,0.9148967343798882
13,20,LR,20,32,1,1,275.0121,0.9238267836580702
13,20,LR,20,32,1,1,276.0184,0.9244844695696566
13,20,LR,20,32,1,1,277.0122,0.9298672286169947
13,20,LR,20,32,1,1,278.0174,0.9341573766766769
13,20,LR,20,32,1,1,279.0111,0.9237501730195903
13,20,LR,20,32,1,1,280.0171,0.9349031194276993
13,20,LR,20,32,1,1,281.0084,0.9389583690033763
13,20,LR,20,32,1,1,282.0154,0.9478177517275259
13,20,LR,20,32,1,1,283.0103,0.9341730426580988
13,20,LR,20,32,1,1,284.0168,0.9578230362941874
13,20,LR,20,32,1,1,285.0093,0.9629526412704805
13,20,LR,20,32,1,1,286.0151,0.9666256723630304
13,20,LR,20,32,1,1,287.0084,0.9695130904986616
13,20,LR,20,32,1,1,288.0136,0.925779788949851
13,20,LR,20,32,1,1,289.0085,0.937002427037314
13,20,LR,20,32,1,1,290.0133,0.9525625113464076
13,20,LR,20,32,1,1,291.0176,0.9523838613478124
13,20,LR,20,32,1,1,292.0125,0.9469938926180865
13,20,LR,20,32,1,1,293.0178,0.934567836621292
13,20,LR,20,32,1,1,294.0131,0.9337271219918895
13,20,LR,20,32,1,1,295.0174,0.9395178633299093
13,20,LR,20,32,1,1,296.0108,0.94615090565546
13,20,LR,20,32,1,1,297.0173,0.9520021708427061
13,20,LR,20,32,1,1,298.0109,0.8241074260878992
13,20,LR,20,32,1,1,299.0171,0.7825917724394236
13,20,LR,20,32,1,1,300.0103,0.8697183887207466
13,20,LR,20,32,1,1,301.0146,0.8304639524583857
13,20,MLP,13,19,0,0,0.0111871,0.12230472011975053
13,20,MLP,13,19,0,0,1.008122,0.15567025108226637
13,20,MLP,13,19,0,0,2.009342,0.16987201855106276
13,20,MLP,13,19,0,0,3.01029,0.1918150931669425
13,20,MLP,13,19,0,0,4.012894,0.17421579924863276
13,20,MLP,13,19,0,0,5.012518,0.17832302626642588
13,20,MLP,13,19,0,0,6.011678,0.21219613683345737
13,20,MLP,13,19,1,1,7.012534,0.07707290243852774
13,20,MLP,13,19,1,1,8.012196,0.04744489979849399
13,20,MLP,13,19,1,1,9.014396,0.038528105969022085
13,20,MLP,13,19,1,1,10.01344,0.030803166963232712
13,20,MLP,13,19,1,1,11.01306,0.029544254518059598
13,20,MLP,13,19,1,1,12.01485,0.033528570645375275
13,20,MLP,13,19,1,1,13.0143,0.04123528416673901
13,20,MLP,13,19,1,1,14.01455,0.08583007780062894
13,20,MLP,13,19,1,1,15.01391,0.37282020188443615
13,20,MLP,13,19,1,1,16.01548,0.19142925789609236
13,20,MLP,13,19,1,1,17.01406,0.14074660121564012
13,20,MLP,13,19,1,1,18.0144,0.08656694799039515
13,20,MLP,13,19,1,1,19.01565,0.07567702058151053
13,20,MLP,13,19,1,1,20.01563,0.05198528224335577
13,20,MLP,13,19,1,1,21.01543,0.05533947023195605
13,20,MLP,13,19,1,1,22.01529,0.021076859410034888
13,20,MLP,13,19,1,1,23.01496,0.014451252406741813
13,20,MLP,13,19,1,1,24.01564,0.012268679270936632
13,20,MLP,13,19,1,1,25.01589,0.010945872808799492
13,20,MLP,13,19,1,1,26.016,0.013112044519795536
13,20,MLP,13,19,1,1,27.01539,0.013807993328776243
13,20,MLP,13,19,1,1,28.01522,0.005278554651427186
13,20,MLP,13,19,1,1,29.01563,0.006549069829973696
13,20,MLP,13,19,1,1,30.01614,0.004190886703209275
13,20,MLP,13,19,1,1,31.01577,0.0041718127242849345
13,20,MLP,13,19,1,1,32.01576,0.004431275886873351
13,20,MLP,13,19,1,1,33.0156,0.001788920267473955
13,20,MLP,13,19,1,1,34.0147,0.002583821584031558
13,20,MLP,13,19,1,1,35.01602,0.000957353661007573
13,20,MLP,13,19,1,1,36.01648,0.0012972186023189544
13,20,MLP,13,19,1,1,37.01661,0.001454225050673779
13,20,MLP,13,19,1,1,38.01633,0.001198627492948937
13,20,MLP,13,19,1,1,39.01587,0.0010981942554906803
13,20,MLP,13,19,1,1,40.00611,0.0007943580015775962
13,20,MLP,13,19,1,1,41.01639,0.0006992290749107575
13,20,MLP,13,19,1,1,42.01607,0.0005642382585416543
13,20,MLP,13,19,1,1,43.0164,0.0006765867526029027
13,20,MLP,13,19,1,1,44.01625,0.00045341004905094886
13,20,MLP,13,19,1,1,45.01569,0.0004142272569485768
13,20,MLP,13,19,1,1,46.01624,0.0004415598068502212
13,20,MLP,13,19,1,1,47.01646,0.000558676340986139
13,20,MLP,13,19,1,1,48.01652,0.0007099117909662408
13,20,MLP,13,19,1,1,49.01628,0.0004857232821496666
13,20,MLP,13,19,1,1,50.01647,0.00041237651632554764
13,20,MLP,13,19,1,1,51.01644,0.0004659654698446236
13,20,MLP,13,19,1,1,52.01611,0.0006295531502357638
13,20,MLP,13,19,1,1,53.01606,0.0012653048941857767
13,20,MLP,13,19,1,1,54.00663,0.0024855411639619074
13,20,MLP,13,19,0,0,55.01663,0.0021019401374030183
13,20,MLP,13,19,1,1,56.0057,0.0014068759533930088
13,20,MLP,13,19,1,1,57.00594,0.002650658032676518
13,20,MLP,13,19,1,2,58.00592,0.003403662534598896
13,20,MLP,13,19,1,2,59.0167,0.003928619954680791
13,20,MLP,13,19,1,2,60.01779,0.00450386956347575
13,20,MLP,13,19,1,2,61.00571,0.005796781482282398
13,20,MLP,13,19,1,2,62.01745,0.005213185925539421
13,20,MLP,13,19,1,2,63.00681,0.010691832467450495
13,20,MLP,13,19,1,2,64.00627,0.012439749768658933
13,20,MLP,13,19,1,2,65.00667,0.009089112775433537
13,20,MLP,13,19,1,2,66.0068,0.007295410451066905
13,20,MLP,13,19,1,2,67.00623,0.009635020471944027
13,20,MLP,13,19,1,2,68.00655,0.011621904880659702
13,20,MLP,13,19,1,2,69.00725,0.010980745136621175
13,20,MLP,13,19,1,2,70.0069,0.01114189455485826
13,20,MLP,13,19,1,2,71.00654,0.010136944242091606
13,20,MLP,13,19,1,2,72.00589,0.00823410075320762
13,20,MLP,13,19,1,2,73.00656,0.007962445450590737
13,20,MLP,13,19,1,2,74.00774,0.0082565316500681
13,20,MLP,13,19,1,2,75.0063,0.0064544899528718586
13,20,MLP,13,19,1,2,76.0173,0.005209703260291338
13,20,MLP,13,19,1,2,77.01709,0.007035838612381898
13,20,MLP,13,19,1,2,78.00648,0.00592325277721177
13,20,MLP,13,19,1,2,79.00738,0.006071909161515122
13,20,MLP,13,19,1,2,80.00748,0.010063112614141268
13,20,MLP,13,19,1,2,81.00877,0.013917828276933839
13,20,MLP,13,19,1,2,82.00806,0.009310055218241594
13,20,MLP,13,19,1,2,83.00819,0.00783786185907664
13,20,MLP,13,19,1,2,84.00889,0.01222572839212138
13,20,MLP,13,19,1,2,85.00765,0.007980592298359089
13,20,MLP,13,19,1,2,86.00846,0.011422626371777158
13,20,MLP,13,19,1,2,87.00851,0.01945154662025893
13,20,MLP,13,19,1,2,88.00794,0.007185816688968585
13,20,MLP,13,19,1,2,89.00771,0.008027027029974078
13,20,MLP,13,19,1,2,90.00766,0.007205842605804668
13,20,MLP,13,19,1,2,91.00752,0.00805849418699888
13,20,MLP,13,19,1,2,92.00755,0.011392964865321747
13,20,MLP,13,19,1,2,93.00887,0.02377350924942122
13,20,MLP,13,19,1,2,94.00878,0.009062630392875366
13,20,MLP,13,19,1,2,95.0084,0.014402336508055473
13,20,MLP,13,19,1,2,96.0089,0.009362391734208423
13,20,MLP,13,19,1,2,97.00879,0.008477278380452336
13,20,MLP,13,19,1,2,98.00745,0.007677409620217992
13,20,MLP,13,19,1,2,99.00846,0.007851873484218246
13,20,MLP,13,19,1,2,100.0082,0.009526702030538585
13,20,MLP,13,19,1,2,101.0088,0.025925495775152185
13,20,MLP,13,19,1,2,102.0081,0.01856951011409973
13,20,MLP,13,19,1,2,103.0087,0.017202154837045305
13,20,MLP,13,19,1,2,104.0086,0.017874877715417358
13,20,MLP,13,19,1,2,105.0088,0.013956441537871239
13,20,MLP,13,19,1,2,106.0089,0.016786555719476414
13,20,MLP,13,19,1,2,107.0094,0.017194724764772438
13,20,MLP,13,19,1,2,108.0097,0.015070426450443822
13,20,MLP,13,19,1,2,109.0098,0.014539515798839994
13,20,MLP,13,19,1,2,110.0093,0.018866974250733935
13,20,MLP,13,19,1,2,111.0108,0.013474031016362076
13,20,MLP,13,19,1,2,112.0113,0.014612506995760985
13,20,MLP,13,19,1,2,113.0099,0.011212668720428675
13,20,MLP,13,19,1,2,114.0104,0.01227673444301345
13,20,MLP,13,19,1,2,115.0104,0.01295088021940974
13,20,MLP,13,19,1,2,116.0103,0.011209311666650562
13,20,MLP,13,19,1,2,117.0103,0.010283210723335162
13,20,MLP,13,19,1,2,118.011,0.009573562483080533
13,20,MLP,13,19,1,2,119.0105,0.009342289788030493
13,20,MLP,13,19,1,2,120.0106,0.011702615509460213
13,20,MLP,13,19,1,2,121.0102,0.00594860248477589
13,20,MLP,13,19,1,2,122.0111,0.007511523513989469
13,20,MLP,13,19,1,2,123.0116,0.006390035414360773
13,20,MLP,13,19,1,2,124.0112,0.005770221546774846
13,20,MLP,13,19,1,2,125.0108,0.0064911412740795114
13,20,MLP,13,19,1,2,126.0111,0.0053724242696804115
13,20,MLP,13,19,1,2,127.0116,0.004325032165463274
13,20,MLP,13,19,1,2,128.0111,0.006638912021779651
13,20,MLP,13,19,1,2,129.0099,0.005050466749105389
13,20,MLP,13,19,1,2,130.011,0.0038618117497930334
13,20,MLP,13,19,1,2,131.0099,0.0055549440056425654
13,20,MLP,13,19,1,2,132.0116,0.00552243351268377
13,20,MLP,13,19,1,2,133.0112,0.012985073339494096
13,20,MLP,13,19,1,2,134.011,0.007722741702653039
13,20,MLP,13,19,1,2,135.0112,0.012054211025869723
13,20,MLP,13,19,1,2,136.0114,0.011702307424846403
13,20,MLP,13,19,1,2,137.0117,0.028555195561903137
13,20,MLP,13,19,1,2,138.0124,0.03145720303514182
13,20,MLP,13,19,1,2,139.0119,0.01480189104327353
13,20,MLP,13,19,1,2,140.0126,0.022552055826350594
13,20,MLP,13,19,1,2,141.0127,0.02126443477818242
13,20,MLP,13,19,1,2,142.0116,0.023542468212126137
13,20,MLP,13,19,1,2,143.0115,0.025940452184673828
13,20,MLP,13,19,1,2,144.0123,0.053545690226734416
13,20,MLP,13,19,1,2,145.0119,0.037733248154568785
13,20,MLP,13,19,1,2,146.0106,0.14186350468370978
13,20,MLP,13,19,1,2,147.0095,0.08760871471131351
13,20,MLP,13,19,1,2,148.0128,0.09305360271041957
13,20,MLP,13,19,1,2,149.0116,0.11336586542857936
13,20,MLP,13,19,1,2,150.0129,0.09627602539906795
13,20,MLP,13,19,1,2,151.0131,0.08501525208783643
13,20,MLP,13,19,1,2,152.013,0.0858591357984793
13,20,MLP,13,19,1,2,153.0128,0.09822535297286043
13,20,MLP,13,19,1,2,154.0131,0.11390521343777264
13,20,MLP,13,19,1,2,155.0118,0.09829713677686147
13,20,MLP,13,19,1,2,156.0112,0.2815070089251657
13,20,MLP,13,19,1,2,157.0115,0.1598992441473757
13,20,MLP,13,19,1,2,158.0129,0.13871029824513564
13,20,MLP,13,19,1,2,159.0138,0.37137214472033364
13,20,MLP,13,19,1,2,160.0113,0.35412568269939504
13,20,MLP,13,19,1,2,161.0132,0.23906024114977373
13,20,MLP,13,19,1,2,162.0131,0.2718482909786465
13,20,MLP,13,19,1,2,163.0128,0.27397631397709965
13,20,MLP,13,19,1,2,164.0125,0.2902019541998192
13,20,MLP,13,19,1,2,165.0142,0.26383319279911205
13,20,MLP,13,19,1,2,166.0134,0.5868704697402392
13,20,MLP,13,19,1,2,167.0146,0.5202618599549351
13,20,MLP,13,19,1,2,168.014,0.3875264495995604
13,20,MLP,13,19,1,2,169.0144,0.37269189239478934
13,20,MLP,13,19,1,2,170.0139,0.3643143345026145
13,20,MLP,13,19,1,2,171.0134,0.3817231078276418
13,20,MLP,13,19,1,2,172.0138,0.4534126467486899
13,20,MLP,13,19,1,2,173.0135,0.4069305587714191
13,20,MLP,13,19,1,2,174.0141,0.6326870463537267
13,20,MLP,13,19,1,2,175.014,0.529496482616828
13,20,MLP,13,19,1,2,176.0143,0.41553100286562084
13,20,MLP,13,19,1,2,177.0146,0.2966567463841921
13,20,MLP,13,19,1,2,178.0154,0.27150862688108196
13,20,MLP,13,19,1,2,179.0144,0.29769673637393657
13,20,MLP,13,19,1,2,180.0144,0.31178248704892797
13,20,MLP,13,19,1,2,181.0142,0.22835704709836055
13,20,MLP,13,19,1,2,182.0138,0.3179156902839715
13,20,MLP,13,19,1,2,183.0142,0.30518655220476676
13,20,MLP,13,19,1,2,184.0148,0.23416963996518206
13,20,MLP,13,19,1,2,185.0134,0.21877795088996055
13,20,MLP,13,19,1,2,186.0141,0.20157528734367178
13,20,MLP,13,19,1,2,187.0155,0.27434019692105344
13,20,MLP,13,19,1,2,188.0152,0.2543582977715087
13,20,MLP,13,19,1,2,189.0157,0.30975111108012815
13,20,MLP,13,19,1,2,190.0155,0.2533710269205235
13,20,MLP,13,19,1,2,191.0159,0.22704336227898872
13,20,MLP,13,19,1,2,192.0149,0.2426377857355243
13,20,MLP,13,19,1,2,193.0139,0.27535415652797934
13,20,MLP,13,19,1,2,194.0151,0.2861824351194123
13,20,MLP,13,19,1,2,195.0153,0.29006114361616286
13,20,MLP,13,19,1,2,196.0149,0.26787822667132544
13,20,MLP,13,19,1,2,197.0161,0.26501407893807427
13,20,MLP,13,19,1,2,198.016,0.25476050269336614
13,20,MLP,13,19,1,2,199.0155,0.1568987739926828
13,20,MLP,13,19,1,2,200.0149,0.1657159207660982
13,20,MLP,13,19,1,2,201.0149,0.13903500779546393
13,20,MLP,13,19,1,2,202.0162,0.1948102284357486
13,20,MLP,13,19,1,2,203.017,0.18245911199641007
13,20,MLP,13,19,1,2,204.016,0.1386222789301595
13,20,MLP,13,19,1,2,205.0163,0.21703760919489803
13,20,MLP,13,19,1,2,206.0161,0.2798437155830735
13,20,MLP,13,19,1,2,207.0155,0.20201820877773227
13,20,MLP,13,19,1,2,208.0161,0.30674949736495777
13,20,MLP,13,19,1,2,209.0168,0.30350624021948996
13,20,MLP,13,19,1,2,210.0161,0.2419942399790382
13,20,MLP,13,19,1,2,211.0167,0.3614966486656419
13,20,MLP,13,19,1,2,212.0168,0.3695391702289442
13,20,MLP,13,19,1,2,213.0174,0.3159562375982983
13,20,MLP,13,19,1,2,214.0169,0.3682417483642468
13,20,MLP,13,19,1,2,215.0167,0.2898496999753582
13,20,MLP,13,19,1,2,216.0177,0.37485367124289076
13,20,MLP,13,19,1,2,217.017,0.35887368946238735
13,20,MLP,13,19,1,2,218.0148,0.40332186803711706
13,20,MLP,13,19,1,2,219.0061,0.4211214780404489
13,20,MLP,13,19,1,2,220.006,0.43917261499791854
13,20,MLP,13,19,1,2,221.0061,0.41750713911435283
13,20,MLP,13,19,1,2,222.006,0.45354542751913524
13,20,MLP,13,19,1,2,223.0159,0.372594845764213
13,20,MLP,13,19,1,2,224.0162,0.4214907613059082
13,20,MLP,13,19,1,2,225.0068,0.39659099966423556
13,20,MLP,13,19,1,2,226.0167,0.5042941445422802
13,20,MLP,13,19,1,2,227.0168,0.5557180924769178
13,20,MLP,13,19,1,2,228.0056,0.5879514537229361
13,20,MLP,13,19,1,2,229.0059,0.5901582715727923
13,20,MLP,13,19,1,2,230.0066,0.5715063704069469
13,20,MLP,13,19,1,2,231.0064,0.5855183917512263
13,20,MLP,13,19,1,2,232.0061,0.6449131470159939
13,20,MLP,13,19,1,2,233.016,0.5812350315695348
13,20,MLP,13,19,1,2,234.0058,0.6457542443609182
13,20,MLP,13,19,1,2,235.0168,0.6255481124065643
13,20,MLP,13,19,1,2,236.0063,0.6273610513142178
13,20,MLP,13,19,1,2,237.0071,0.6733773692540164
13,20,MLP,13,19,1,2,238.0069,0.5870278596301378
13,20,MLP,13,19,1,2,239.0063,0.7241827186359001
13,20,MLP,13,19,1,2,240.0069,0.8274959650026942
13,20,MLP,13,19,1,2,241.0089,0.7232460148016961
13,20,MLP,13,19,1,2,242.0078,0.681576784066511
13,20,MLP,13,19,1,1,243.0075,0.6969374848297355
13,20,MLP,13,19,1,1,244.0072,0.6921048479212532
13,20,MLP,13,19,1,1,245.0076,0.6855409722131386
13,20,MLP,13,19,1,1,246.0073,0.6645200650237683
13,20,MLP,13,19,1,1,247.0076,0.6457316899342138
13,20,MLP,13,19,1,1,248.0071,0.640371585483949
13,20,MLP,13,19,1,1,249.0073,0.6907966581830607
13,20,MLP,13,19,1,1,250.0063,0.7347816233389348
13,20,MLP,13,19,1,1,251.0064,0.6846690185133616
13,20,MLP,13,19,1,1,252.0073,0.6597752418478644
13,20,MLP,13,19,1,1,253.0071,0.6464858266216513
13,20,MLP,13,19,1,1,254.0065,0.6249936975313081
13,20,MLP,13,19,1,1,255.0074,0.710585373803879
13,20,MLP,13,19,1,1,256.0089,0.6632979077740115
13,20,MLP,13,19,1,1,257.0083,0.6492534617457137
13,20,MLP,13,19,1,1,258.0089,0.5591083873230426
13,20,MLP,13,19,1,1,259.0085,0.5764050600109092
13,20,MLP,13,19,1,1,260.0081,0.5438226984011552
13,20,MLP,13,19,1,1,261.0073,0.5365879496199234
13,20,MLP,13,19,1,1,262.0075,0.4695230606487541
13,20,MLP,13,19,1,1,263.007,0.5195207562865654
13,20,MLP,13,19,1,1,264.0101,0.3993433162169473
13,20,MLP,13,19,1,1,265.0092,0.403304407993179
13,20,MLP,13,19,1,1,266.0094,0.4276216546314552
13,20,MLP,13,19,1,1,267.0097,0.550251964467873
13,20,MLP,13,19,1,1,268.0096,0.43925957435719476
13,20,MLP,13,19,1,1,269.0101,0.4108179040175446
13,20,MLP,13,19,1,1,270.01,0.4479707444638941
13,20,MLP,13,19,1,1,271.0106,0.4380809487817042
13,20,MLP,13,19,1,1,272.0101,0.42941880354076123
13,20,MLP,13,19,1,1,273.0105,0.39023127244853395
13,20,MLP,13,19,1,1,274.0101,0.4055283541972848
13,20,MLP,13,19,1,1,275.0096,0.3758877632378813
13,20,MLP,13,19,1,1,276.0098,0.3644484015906788
13,20,MLP,13,19,1,1,277.0098,0.3096555461385339
13,20,MLP,13,19,1,1,278.0095,0.30871629498148573
13,20,MLP,13,19,1,1,279.009,0.27404675729210587
13,20,MLP,13,19,1,1,280.0096,0.25398431512322434
13,20,MLP,13,19,1,1,281.0111,0.30445940107726815
13,20,MLP,13,19,1,1,282.0099,0.32950739669780826
13,20,MLP,13,19,1,1,283.0103,0.30038916094335033
13,20,MLP,13,19,1,1,284.0102,0.34656950256139485
13,20,MLP,13,19,1,1,285.01,0.37059473251749525
13,20,MLP,13,19,1,1,286.0091,0.3694177627174306
13,20,MLP,13,19,1,1,287.0109,0.40511859242542975
13,20,MLP,13,19,1,1,288.0114,0.36216340897261823
13,20,MLP,13,19,1,1,289.0109,0.45525342229310656
13,20,MLP,13,19,1,1,290.0112,0.28251726203952376
13,20,MLP,13,19,1,1,291.012,0.4819089152774355
13,20,MLP,13,19,1,1,292.0116,0.3758426047223968
13,20,MLP,13,19,1,1,293.0122,0.4112723646878789
13,20,MLP,13,19,1,1,294.0125,0.4229643517097892
13,20,MLP,13,19,1,1,295.0118,0.33618284670944354
13,20,MLP,13,19,1,1,296.0118,0.4384029430934827
13,20,MLP,13,19,1,1,297.0102,0.41001348470468835
13,20,MLP,13,19,1,1,298.0108,0.4616781221820024
13,20,MLP,13,19,1,1,299.0104,0.4870250220054652
13,20,MLP,13,19,1,1,300.0097,0.5330728594447403
13,20,MLP,13,19,1,1,301.0105,0.635430827704816
13,20,MLP,20,32,0,0,0.0110804,7.806040210557618e-05
13,20,MLP,20,32,0,0,1.011041,0.007176927582219372
13,20,MLP,20,32,0,0,2.016676,0.01953658767148091
13,20,MLP,20,32,0,0,3.011486,0.028193522724033516
13,20,MLP,20,32,0,0,4.016891,0.026175270482416156
13,20,MLP,20,32,0,0,5.011039,0.04022859436467983
13,20,MLP,20,32,0,0,6.015488,0.035584711736189406
13,20,MLP,20,32,0,0,7.01065,0.054220157325390886
13,20,MLP,20,32,0,0,8.014598,0.033830211629818766
13,20,MLP,20,32,0,0,9.018079,0.036383056033559534
13,20,MLP,20,32,0,0,10.01411,0.046525806933058564
13,20,MLP,20,32,0,0,11.00884,0.051464545840979155
13,20,MLP,20,32,0,0,12.01504,0.04274829529127853
13,20,MLP,20,32,0,0,13.00929,0.04858407568853219
13,20,MLP,20,32,0,0,14.01207,0.09169857073441973
13,20,MLP,20,32,0,0,15.01844,0.06226992011965827
13,20,MLP,20,32,0,0,16.01151,0.10614243864035161
13,20,MLP,20,32,0,0,17.01897,0.08375000460724782
13,20,MLP,20,32,0,0,18.01219,0.08345225185061285
13,20,MLP,20,32,0,0,19.018,0.16613899938442953
13,20,MLP,20,32,0,0,20.01223,0.11177063947185949
13,20,MLP,20,32,0,0,21.01826,0.13546478555471486
13,20,MLP,20,32,0,0,22.01056,0.10982834043048169
13,20,MLP,20,32,0,0,23.01604,0.1493774337253202
13,20,MLP,20,32,0,0,24.01034,0.1411229608125562
13,20,MLP,20,32,0,0,25.01539,0.13322004866800438
13,20,MLP,20,32,0,0,26.00949,0.1100750298318947
13,20,MLP,20,32,0,0,27.01463,0.13460804747001404
13,20,MLP,20,32,0,0,28.00904,0.18268927615476485
13,20,MLP,20,32,0,0,29.0132,0.1344728788717569
13,20,MLP,20,32,0,0,30.00926,0.11176558557199819
13,20,MLP,20,32,0,0,31.01427,0.11208578232979977
13,20,MLP,20,32,0,0,32.00863,0.13187280773719448
13,20,MLP,20,32,0,0,33.0139,0.1161087047995889
13,20,MLP,20,32,0,0,34.01863,0.1163614305240125
13,20,MLP,20,32,0,0,35.01357,0.12926024748311418
13,20,MLP,20,32,0,0,36.01921,0.1619497368153422
13,20,MLP,20,32,0,0,37.01136,0.10545864365804752
13,20,MLP,20,32,0,0,38.01687,0.14494600883595193
13,20,MLP,20,32,0,0,39.01275,0.12693725688992463
13,20,MLP,20,32,0,0,40.01619,0.1331715814736842
13,20,MLP,20,32,0,0,41.01143,0.18092090494817933
13,20,MLP,20,32,0,0,42.0158,0.15899140809672213
13,20,MLP,20,32,0,0,43.01032,0.16665702937815
13,20,MLP,20,32,0,0,44.01684,0.17321849533428205
13,20,MLP,20,32,0,0,45.01042,0.14543431379309665
13,20,MLP,20,32,0,0,46.01677,0.17359679178446405
13,20,MLP,20,32,0,0,47.00881,0.20186762280230938
13,20,MLP,20,32,0,0,48.01413,0.2186821768666149
13,20,MLP,20,32,0,0,49.00892,0.21467290457161617
13,20,MLP,20,32,0,0,50.01486,0.2080882572294896
13,20,MLP,20,32,0,0,51.00885,0.24899222954787184
13,20,MLP,20,32,0,0,52.01189,0.32485770507184264
13,20,MLP,20,32,0,0,53.00847,0.2956745622207131
13,20,MLP,20,32,0,0,54.0122,0.19665494185262242
13,20,MLP,20,32,0,0,55.01799,0.2640888213773648
13,20,MLP,20,32,0,0,56.01407,0.17474186428658547
13,20,MLP,20,32,0,0,57.01657,0.2160236854933246
13,20,MLP,20,32,0,0,58.01276,0.27021282379068773
13,20,MLP,20,32,0,0,59.01617,0.2831765882358181
13,20,MLP,20,32,0,0,60.00939,0.24801244348407359
13,20,MLP,20,32,0,0,61.01475,0.22649931929384245
13,20,MLP,20,32,0,0,62.01167,0.2631039618162005
13,20,MLP,20,32,0,0,63.01693,0.26689015749939754
13,20,MLP,20,32,0,0,64.00983,0.23203849843051433
13,20,MLP,20,32,0,0,65.0164,0.19539808510393605
13,20,MLP,20,32,0,0,66.0104,0.2705516076379911
13,20,MLP,20,32,0,0,67.0154,0.267174115573912
13,20,MLP,20,32,0,0,68.00903,0.2681206394593808
13,20,MLP,20,32,0,0,69.01451,0.24652750228942713
13,20,MLP,20,32,0,0,70.00904,0.2697955984303395
13,20,MLP,20,32,0,0,71.01378,0.21064541024316855
13,20,MLP,20,32,1,2,72.01909,0.22748079012205283
13,20,MLP,20,32,1,2,73.01382,0.15430497483258265
13,20,MLP,20,32,1,2,74.01805,0.19474176040104765
13,20,MLP,20,32,1,2,75.01324,0.24258250847840362
13,20,MLP,20,32,1,2,76.0176,0.24120486518291917
13,20,MLP,20,32,1,2,77.01219,0.2273356765786533
13,20,MLP,20,32,1,2,78.01801,0.20677412680077584
13,20,MLP,20,32,1,2,79.01147,0.21586912718138318
13,20,MLP,20,32,1,2,80.01809,0.21793767483091794
13,20,MLP,20,32,1,2,81.01084,0.19733570603014594
13,20,MLP,20,32,1,2,82.01569,0.19182807652829925
13,20,MLP,20,32,1,2,83.00967,0.1789688885085858
13,20,MLP,20,32,1,2,84.01677,0.20808408287291252
13,20,MLP,20,32,1,2,85.01046,0.15440729787108115
13,20,MLP,20,32,1,2,86.01457,0.19106197307004574
13,20,MLP,20,32,1,2,87.00938,0.19573685221316334
13,20,MLP,20,32,1,2,88.01499,0.2200985519259458
13,20,MLP,20,32,1,2,89.00937,0.19135510089341076
13,20,MLP,20,32,1,2,90.01464,0.2119331317453604
13,20,MLP,20,32,1,2,91.01879,0.24271421104152624
13,20,MLP,20,32,1,2,92.01122,0.2609724174325725
13,20,MLP,20,32,1,2,93.01852,0.20034264800366733
13,20,MLP,20,32,1,2,94.01377,0.26092753907024296
13,20,MLP,20,32,1,2,95.01805,0.272173753834188
13,20,MLP,20,32,1,2,96.01261,0.2829104256857991
13,20,MLP,20,32,1,2,97.01575,0.2765695275054898
13,20,MLP,20,32,1,2,98.01261,0.31785851731419407
13,20,MLP,20,32,1,2,99.01852,0.33978992689847326
13,20,MLP,20,32,1,2,100.0113,0.40581107122846366
13,20,MLP,20,32,1,2,101.0157,0.32234517274506774
13,20,MLP,20,32,1,2,102.0107,0.339956310739276
13,20,MLP,20,32,1,2,103.0147,0.407901448034694
13,20,MLP,20,32,1,2,104.0102,0.4035819811887106
13,20,MLP,20,32,1,2,105.0154,0.40035962588255586
13,20,MLP,20,32,1,2,106.0096,0.4556134935236831
13,20,MLP,20,32,1,2,107.0156,0.3603600804149414
13,20,MLP,20,32,1,2,108.0097,0.4797140386244467
13,20,MLP,20,32,1,2,109.0142,0.3861794353820183
13,20,MLP,20,32,1,2,110.0082,0.4762563226547958
13,20,MLP,20,32,1,2,111.0138,0.5350584995737013
13,20,MLP,20,32,1,1,112.0179,0.40991657334614273
13,20,MLP,20,32,1,1,113.0144,0.5903927546375733
13,20,MLP,20,32,1,1,114.018,0.5808174713887514
13,20,MLP,20,32,1,1,115.0132,0.45529097650161876
13,20,MLP,20,32,1,1,116.0172,0.5721354005877495
13,20,MLP,20,32,1,1,117.0128,0.5997447200789264
13,20,MLP,20,32,1,1,118.0175,0.56292368563845
13,20,MLP,20,32,1,1,119.0129,0.540040710807618
13,20,MLP,20,32,1,1,120.0177,0.44789386558881333
13,20,MLP,20,32,1,1,121.011,0.47468592329542786
13,20,MLP,20,32,1,1,122.0157,0.5888189529084213
13,20,MLP,20,32,1,1,123.0121,0.3859316111049444
13,20,MLP,20,32,1,1,124.0152,0.5239978501544367
13,20,MLP,20,32,1,1,125.0103,0.49647828949840556
13,20,MLP,20,32,1,1,126.0166,0.5376364765556392
13,20,MLP,20,32,1,1,127.0105,0.3673061648420574
13,20,MLP,20,32,1,1,128.0149,0.21202108778585133
13,20,MLP,20,32,1,1,129.0176,0.5353121903730899
13,20,MLP,20,32,1,1,130.0147,0.4605624344782542
13,20,MLP,20,32,1,1,131.0191,0.5827138708780494
13,20,MLP,20,32,1,1,132.0146,0.5785505873374207
13,20,MLP,20,32,1,1,133.0088,0.5712137350579645
13,20,MLP,20,32,1,1,134.0134,0.49099180034572715
13,20,MLP,20,32,1,1,135.0188,0.5728120814605998
13,20,MLP,20,32,1,1,136.0134,0.5987835737092074
13,20,MLP,20,32,1,1,137.0154,0.6075960907110461
13,20,MLP,20,32,1,1,138.0115,0.6072396320795844
13,20,MLP,20,32,1,1,139.0172,0.5480555766485172
13,20,MLP,20,32,1,1,140.0108,0.5364902482750866
13,20,MLP,20,32,1,1,141.0175,0.45289488937240924
13,20,MLP,20,32,1,1,142.0103,0.5675122661616525
13,20,MLP,20,32,1,1,143.0176,0.511825853278925
13,20,MLP,20,32,1,1,144.01,0.5613716147374822
13,20,MLP,20,32,1,1,145.0161,0.5688163099471596
13,20,MLP,20,32,1,1,146.0108,0.601477326656819
13,20,MLP,20,32,1,1,147.0163,0.5967156578794909
13,20,MLP,20,32,1,1,148.0093,0.461767159199304
13,20,MLP,20,32,1,1,149.0147,0.4885898957435521
13,20,MLP,20,32,1,1,150.0185,0.548180579636981
13,20,MLP,20,32,1,1,151.0144,0.5864261107632208
13,20,MLP,20,32,1,1,152.0169,0.6114979689231067
13,20,MLP,20,32,1,1,153.0127,0.4529656338008509
13,20,MLP,20,32,1,1,154.0087,0.3423875115997837
13,20,MLP,20,32,1,1,155.0125,0.22398016682719527
13,20,MLP,20,32,1,1,156.0175,0.5156175003596506
13,20,MLP,20,32,1,1,157.0109,0.577566527393031
13,20,MLP,20,32,1,1,158.0174,0.6679967261567662
13,20,MLP,20,32,1,1,159.012,0.23529489722094346
13,20,MLP,20,32,1,1,160.018,0.31479075978931653
13,20,MLP,20,32,1,1,161.0096,0.27453992363061036
13,20,MLP,20,32,1,1,162.0173,0.5069899049051589
13,20,MLP,20,32,1,1,163.0103,0.6626370624566708
13,20,MLP,20,32,1,1,164.0173,0.6528632306353954
13,20,MLP,20,32,1,1,165.0189,0.6404513812339908
13,20,MLP,20,32,1,1,166.0151,0.6155655535704182
13,20,MLP,20,32,1,1,167.01,0.6251475905322353
13,20,MLP,20,32,1,1,168.0143,0.5329274832674237
13,20,MLP,20,32,1,1,169.0091,0.5072140133562724
13,20,MLP,20,32,1,1,170.014,0.6337431424572672
13,20,MLP,20,32,1,1,171.0084,0.5847478858304972
13,20,MLP,20,32,1,1,172.013,0.6103322543408135
13,20,MLP,20,32,1,1,173.018,0.5986477929680944
13,20,MLP,20,32,1,1,174.0129,0.4947534693367918
13,20,MLP,20,32,1,1,175.0199,0.5316930388325822
13,20,MLP,20,32,1,1,176.0122,0.5883282641830807
13,20,MLP,20,32,1,1,177.0179,0.597414260720346
13,20,MLP,20,32,1,1,178.0117,0.5902271206791553
13,20,MLP,20,32,1,1,179.0178,0.5199507590314985
13,20,MLP,20,32,1,1,180.0106,0.48759619853506514
13,20,MLP,20,32,1,1,181.0175,0.5632591618273269
13,20,MLP,20,32,1,1,182.0107,0.5605446562615173
13,20,MLP,20,32,1,1,183.0149,0.6093399457856168
13,20,MLP,20,32,1,1,184.0101,0.6140110602272577
13,20,MLP,20,32,1,1,185.0164,0.5980862027380789
13,20,MLP,20,32,1,1,186.0087,0.5864569272093054
13,20,MLP,20,32,1,1,187.0147,0.6127789766972659
13,20,MLP,20,32,1,1,188.0101,0.6862875972086624
13,20,MLP,20,32,1,1,189.0145,0.6506755078317892
13,20,MLP,20,32,1,1,190.0089,0.6340855952704922
13,20,MLP,20,32,1,1,191.0141,0.7112091244740399
13,20,MLP,20,32,1,1,192.0196,0.735847667491403
13,20,MLP,20,32,1,1,193.0127,0.6888041750993257
13,20,MLP,20,32,1,1,194.0189,0.7309581124109502
13,20,MLP,20,32,1,1,195.0131,0.7751461631187272
13,20,MLP,20,32,1,1,196.017,0.8103247121762428
13,20,MLP,20,32,1,1,197.0139,0.5269256256299321
13,20,MLP,20,32,1,1,198.0189,0.7877558135568303
13,20,MLP,20,32,1,1,199.011,0.6103044277682488
13,20,MLP,20,32,1,1,200.017,0.5140404613074427
13,20,MLP,20,32,1,1,201.0121,0.7209412857642596
13,20,MLP,20,32,1,1,202.0165,0.7143336270399931
13,20,MLP,20,32,1,1,203.0116,0.8013340256393586
13,20,MLP,20,32,1,1,204.0152,0.6644502098974951
13,20,MLP,20,32,1,1,205.0103,0.6794036640662051
13,20,MLP,20,32,1,1,206.0148,0.777865304085377
13,20,MLP,20,32,1,1,207.0102,0.8055756867274608
13,20,MLP,20,32,1,1,208.0152,0.8057047953062747
13,20,MLP,20,32,1,1,209.0089,0.6795677502483359
13,20,MLP,20,32,1,1,210.0144,0.8013846112424354
13,20,MLP,20,32,1,1,211.019,0.7576163892699282
13,20,MLP,20,32,1,1,212.0146,0.7779508918530246
13,20,MLP,20,32,1,1,213.0184,0.7932509176648317
13,20,MLP,20,32,1,1,214.0145,0.7324662572783458
13,20,MLP,20,32,1,1,215.0192,0.7971869532231383
13,20,MLP,20,32,1,1,216.0108,0.7771987524866738
13,20,MLP,20,32,1,1,217.0188,0.7661108312011393
13,20,MLP,20,32,1,1,218.0127,0.6809396670795773
13,20,MLP,20,32,1,1,219.0183,0.7494089997132708
13,20,MLP,20,32,1,1,220.0118,0.7604958365122698
13,20,MLP,20,32,1,1,221.0171,0.753449351864147
13,20,MLP,20,32,1,1,222.0114,0.7576993457233806
13,20,MLP,20,32,1,1,223.0159,0.7753857086382959
13,20,MLP,20,32,1,1,224.0093,0.7524267671987453
13,20,MLP,20,32,1,1,225.0162,0.6996148710379636
13,20,MLP,20,32,1,1,226.0101,0.7304804401275768
13,20,MLP,20,32,1,1,227.0162,0.6907373576719951
13,20,MLP,20,32,1,1,228.0197,0.6208106336381118
13,20,MLP,20,32,1,1,229.0147,0.6736971587437468
13,20,MLP,20,32,1,1,230.009,0.6879371407360513
13,20,MLP,20,32,1,1,231.0148,0.671025451870199
13,20,MLP,20,32,1,1,232.0199,0.6993175069171724
13,20,MLP,20,32,1,1,233.0121,0.6931522218630702
13,20,MLP,20,32,1,1,234.0193,0.7069674791270968
13,20,MLP,20,32,1,1,235.0128,0.7113647273009415
13,20,MLP,20,32,1,1,236.0184,0.6653166553756225
13,20,MLP,20,32,1,1,237.0118,0.5513999287705574
13,20,MLP,20,32,1,1,238.0171,0.7572721694794449
13,20,MLP,20,32,1,1,239.0134,0.6845481149304056
13,20,MLP,20,32,1,1,240.0174,0.7488409619972399
13,20,MLP,20,32,1,1,241.0109,0.7824225820844506
13,20,MLP,20,32,1,1,242.0174,0.7697567329419565
13,20,MLP,20,32,1,1,243.0108,0.5962389765441534
13,20,MLP,20,32,1,1,244.0148,0.7290900998516471
13,20,MLP,20,32,1,1,245.0102,0.5478017368724548
13,20,MLP,20,32,1,1,246.0142,0.8233724304487162
13,20,MLP,20,32,1,1,247.0095,0.8058640218058726
13,20,MLP,20,32,1,1,248.0159,0.7548330589853833
13,20,MLP,20,32,1,1,249.02,0.8029877623404378
13,20,MLP,20,32,1,1,250.0159,0.7685530859063486
13,20,MLP,20,32,1,1,251.0192,0.7705318451436755
13,20,MLP,20,32,1,1,252.0122,0.7271770876678837
13,20,MLP,20,32,1,1,253.0195,0.8162323034696495
13,20,MLP,20,32,1,1,254.0143,0.7845718741965133
13,20,MLP,20,32,1,1,255.0187,0.8030024942541708
13,20,MLP,20,32,1,1,256.0135,0.7944459684553927
13,20,MLP,20,32,1,1,257.0157,0.8334539762328896
13,20,MLP,20,32,1,1,258.0135,0.8191561171911355
13,20,MLP,20,32,1,1,259.0182,0.7756965592641685
13,20,MLP,20,32,1,1,260.012,0.8282210924441284
13,20,MLP,20,32,1,1,261.0171,0.8323550795908955
13,20,MLP,20,32,1,1,262.0101,0.8327569985483116
13,20,MLP,20,32,1,1,263.0161,0.8181740301687861
13,20,MLP,20,32,1,1,264.0101,0.8168451428400026
13,20,MLP,20,32,1,1,265.0136,0.8354738885889246
13,20,MLP,20,32,1,1,266.0092,0.8193374257023441
13,20,MLP,20,32,1,1,267.0129,0.7612209544565316
13,20,MLP,20,32,1,1,268.0095,0.8006448217721406
13,20,MLP,20,32,1,1,269.0145,0.6294299501246555
13,20,MLP,20,32,1,1,270.0187,0.8124997925408683
13,20,MLP,20,32,1,1,271.0134,0.804256178610874
13,20,MLP,20,32,1,1,272.0087,0.8127463490862099
13,20,MLP,20,32,1,1,273.0116,0.8046388465309293
13,20,MLP,20,32,1,1,274.0177,0.7883155561961198
13,20,MLP,20,32,1,1,275.0121,0.7846788008406269
13,20,MLP,20,32,1,1,276.0184,0.8294750373906621
13,20,MLP,20,32,1,1,277.0122,0.7631408537319583
13,20,MLP,20,32,1,1,278.0174,0.8275207424439783
13,20,MLP,20,32,1,1,279.0111,0.80703073701236
13,20,MLP,20,32,1,1,280.0171,0.8456055317306893
13,20,MLP,20,32,1,1,281.0084,0.8472421380534534
13,20,MLP,20,32,1,1,282.0154,0.8473958796643394
13,20,MLP,20,32,1,1,283.0103,0.8104312237535094
13,20,MLP,20,32,1,1,284.0168,0.8601566338261776
13,20,MLP,20,32,1,1,285.0093,0.8762048002634854
13,20,MLP,20,32,1,1,286.0151,0.874659593977059
13,20,MLP,20,32,1,1,287.0084,0.8931550517620491
13,20,MLP,20,32,1,1,288.0136,0.6603511467907228
13,20,MLP,20,32,1,1,289.0085,0.8424583327049185
13,20,MLP,20,32,1,1,290.0133,0.8547348391442532
13,20,MLP,20,32,1,1,291.0176,0.8994664338070826
13,20,MLP,20,32,1,1,292.0125,0.8627757413841963
13,20,MLP,20,32,1,1,293.0178,0.8970144961355729
13,20,MLP,20,32,1,1,294.0131,0.8836523674304486
13,20,MLP,20,32,1,1,295.0174,0.9290659302228519
13,20,MLP,20,32,1,1,296.0108,0.9448192403537601
13,20,MLP,20,32,1,1,297.0173,0.9051459592123808
13,20,MLP,20,32,1,1,298.0109,0.7204056206626632
13,20,MLP,20,32,1,1,299.0171,0.8587055522701857
13,20,MLP,20,32,1,1,300.0103,0.9277118775773774
13,20,MLP,20,32,1,1,301.0146,0.8759699666723577
13,20,Clock,13,19,0,0,0.0111871,0.20047228748487764
13,20,Clock,13,19,0,0,1.008122,0.20194471041885179
13,20,Clock,13,19,0,0,2.009342,0.2034315773566317
13,20,Clock,13,19,0,0,3.01029,0.20492617330436433
13,20,Clock,13,19,0,0,4.012894,0.2064313976639358
13,20,Clock,13,19,0,0,5.012518,0.20794027555644648
13,20,Clock,13,19,0,0,6.011678,0.20945656609518434
13,20,Clock,13,19,1,1,7.012534,0.21098356206734617
13,20,Clock,13,19,1,1,8.012196,0.21251686066139586
13,20,Clock,13,19,1,1,9.014396,0.21406220406849455
13,20,Clock,13,19,1,1,10.01344,0.2156108034135393
13,20,Clock,13,19,1,1,11.01306,0.21716840865621675
13,20,Clock,13,19,1,1,12.01485,0.21873753706114607
13,20,Clock,13,19,1,1,13.0143,0.220311119560181
13,20,Clock,13,19,1,1,14.01455,0.22189407513415627
13,20,Clock,13,19,1,1,15.01391,0.2234837253592141
13,20,Clock,13,19,1,1,16.01548,0.22508501128301234
13,20,Clock,13,19,1,1,17.01406,0.22668960324222245
13,20,Clock,13,19,1,1,18.0144,0.22830511730013908
13,20,Clock,13,19,1,1,19.01565,0.2299301984539293
13,20,Clock,13,19,1,1,20.01563,0.23156130190639554
13,20,Clock,13,19,1,1,21.01543,0.2332001744866805
13,20,Clock,13,19,1,1,22.01529,0.23484719893588604
13,20,Clock,13,19,1,1,23.01496,0.2365019547408688
13,20,Clock,13,19,1,1,24.01564,0.2381664264234483
13,20,Clock,13,19,1,1,25.01589,0.23983821041624911
13,20,Clock,13,19,1,1,26.016,0.24151777470681612
13,20,Clock,13,19,1,1,27.01539,0.2432041183215915
13,20,Clock,13,19,1,1,28.01522,0.2448991834246226
13,20,Clock,13,19,1,1,29.01563,0.24660320297064178
13,20,Clock,13,19,1,1,30.01614,0.24831535022131299
13,20,Clock,13,19,1,1,31.01577,0.2500339244845602
13,20,Clock,13,19,1,1,32.01576,0.25176102993626237
13,20,Clock,13,19,1,1,33.0156,0.2534957741869617
13,20,Clock,13,19,1,1,34.0147,0.25523710806519706
13,20,Clock,13,19,1,1,35.01602,0.25699017475474556
13,20,Clock,13,19,1,1,36.01648,0.2587495793951459
13,20,Clock,13,19,1,1,37.01661,0.26051622514288264
13,20,Clock,13,19,1,1,38.01633,0.2622899389940213
13,20,Clock,13,19,1,1,39.01587,0.2640710896433406
13,20,Clock,13,19,1,1,40.00611,0.26584330319125965
13,20,Clock,13,19,1,1,41.01639,0.26765917889423013
13,20,Clock,13,19,1,1,42.01607,0.2694637279254962
13,20,Clock,13,19,1,1,43.0164,0.2712771145918403
13,20,Clock,13,19,1,1,44.01625,0.27309727276105883
13,20,Clock,13,19,1,1,45.01569,0.27492428134429014
13,20,Clock,13,19,1,1,46.01624,0.27676090079523374
13,20,Clock,13,19,1,1,47.01646,0.2786044693422993
13,20,Clock,13,19,1,1,48.01652,0.2804552591437467
13,20,Clock,13,19,1,1,49.01628,0.2823129712329476
13,20,Clock,13,19,1,1,50.01647,0.28417893455559035
13,20,Clock,13,19,1,1,51.01644,0.2860519001339404
13,20,Clock,13,19,1,1,52.01611,0.2879316768677171
13,20,Clock,13,19,1,1,53.01606,0.28981932588607157
13,20,Clock,13,19,1,1,54.00663,0.2916964703208653
13,20,Clock,13,19,0,0,55.01663,0.29361777463307753
13,20,Clock,13,19,1,1,56.0057,0.2955064162319396
13,20,Clock,13,19,1,1,57.00594,0.29742353905356256
13,20,Clock,13,19,1,2,58.00592,0.29934731456966357
13,20,Clock,13,19,1,2,59.0167,0.3012990888539229
13,20,Clock,13,19,1,2,60.01779,0.3032392679049046
13,20,Clock,13,19,1,2,61.00571,0.30516081687648144
13,20,Clock,13,19,1,2,62.01745,0.30713575253925696
13,20,Clock,13,19,1,2,63.00681,0.3090738696660913
13,20,Clock,13,19,1,2,64.00627,0.31103861842395625
13,20,Clock,13,19,1,2,65.00667,0.31301204548463846
13,20,Clock,13,19,1,2,66.0068,0.3149917393157655
13,20,Clock,13,19,1,2,67.00623,0.3169767955775289
13,20,Clock,13,19,1,2,68.00655,0.31897030314588076
13,20,Clock,13,19,1,2,69.00725,0.3209712052092402
13,20,Clock,13,19,1,2,70.0069,0.3229766060415108
13,20,Clock,13,19,1,2,71.00654,0.32498852431481956
13,20,Clock,13,19,1,2,72.00589,0.3270063356706768
13,20,Clock,13,19,1,2,73.00656,0.32903324620162844
13,20,Clock,13,19,1,2,74.00774,0.33106756464548487
13,20,Clock,13,19,1,2,75.0063,0.3331028899073024
13,20,Clock,13,19,1,2,76.0173,0.335169923194003
13,20,Clock,13,19,1,2,77.01709,0.3372202620292412
13,20,Clock,13,19,1,2,78.00648,0.3392553216537795
13,20,Clock,13,19,1,2,79.00738,0.34132012291394115
13,20,Clock,13,19,1,2,80.00748,0.3433893002179114
13,20,Clock,13,19,1,2,81.00877,0.3454669313510447
13,20,Clock,13,19,1,2,82.00806,0.34754628220222744
13,20,Clock,13,19,1,2,83.00819,0.34963323275331215
13,20,Clock,13,19,1,2,84.00889,0.3517271583681756
13,20,Clock,13,19,1,2,85.00765,0.35382273040066553
13,20,Clock,13,19,1,2,86.00846,0.3559282402094744
13,20,Clock,13,19,1,2,87.00851,0.3580377255556684
13,20,Clock,13,19,1,2,88.00794,0.3601514296616364
13,20,Clock,13,19,1,2,89.00771,0.3622712830852606
13,20,Clock,13,19,1,2,90.00766,0.3643968814849186
13,20,Clock,13,19,1,2,91.00752,0.3665276045803304
13,20,Clock,13,19,1,2,92.00755,0.36866391913785174
13,20,Clock,13,19,1,2,93.00887,0.3708081610577155
13,20,Clock,13,19,1,2,94.00878,0.3729544737751244
13,20,Clock,13,19,1,2,95.0084,0.3751051788966874
13,20,Clock,13,19,1,2,96.0089,0.37726273520103404
13,20,Clock,13,19,1,2,97.00879,0.379423829206976
13,20,Clock,13,19,1,2,98.00745,0.3815870533844208
13,20,Clock,13,19,1,2,99.00846,0.3837601073652286
13,20,Clock,13,19,1,2,100.0082,0.38593503866014406
13,20,Clock,13,19,1,2,101.0088,0.3881163977764827
13,20,Clock,13,19,1,2,102.0081,0.3902994301081927
13,20,Clock,13,19,1,2,103.0087,0.39248969032345793
13,20,Clock,13,19,1,2,104.0086,0.3946827609009165
13,20,Clock,13,19,1,2,105.0088,0.39688073455401174
13,20,Clock,13,19,1,2,106.0089,0.39908267681834436
13,20,Clock,13,19,1,2,107.0094,0.4012895663727184
13,20,Clock,13,19,1,2,108.0097,0.4035000264825917
13,20,Clock,13,19,1,2,109.0098,0.40571398898307937
13,20,Clock,13,19,1,2,110.0093,0.4079304370443945
13,20,Clock,13,19,1,2,111.0108,0.41015509774191244
13,20,Clock,13,19,1,2,112.0113,0.4123811978624063
13,20,Clock,13,19,1,2,113.0099,0.4146066673672564
13,20,Clock,13,19,1,2,114.0104,0.4168398539698676
13,20,Clock,13,19,1,2,115.0104,0.4190753485852231
13,20,Clock,13,19,1,2,116.0103,0.4213139482883424
13,20,Clock,13,19,1,2,117.0103,0.4235560098858225
13,20,Clock,13,19,1,2,118.011,0.4258028006720323
13,20,Clock,13,19,1,2,119.0105,0.42804994754489134
13,20,Clock,13,19,1,2,120.0106,0.430301424153424
13,20,Clock,13,19,1,2,121.0102,0.4325546684152988
13,20,Clock,13,19,1,2,122.0111,0.4348136353357573
13,20,Clock,13,19,1,2,123.0116,0.4370743984107193
13,20,Clock,13,19,1,2,124.0112,0.4393357583265294
13,20,Clock,13,19,1,2,125.0108,0.44159963990363593
13,20,Clock,13,19,1,2,126.0111,0.4438675265856999
13,20,Clock,13,19,1,2,127.0116,0.44613820524196124
13,20,Clock,13,19,1,2,128.0111,0.44840886224684856
13,20,Clock,13,19,1,2,129.0099,0.45068011005497377
13,20,Clock,13,19,1,2,130.011,0.45295862675614035
13,20,Clock,13,19,1,2,131.0099,0.45523410895263566
13,20,Clock,13,19,1,2,132.0116,0.4575178307022827
13,20,Clock,13,19,1,2,133.0112,0.45979856775730843
13,20,Clock,13,19,1,2,134.011,0.4620814429794752
13,20,Clock,13,19,1,2,135.0112,0.46436681615708675
13,20,Clock,13,19,1,2,136.0114,0.4666536867928559
13,20,Clock,13,19,1,2,137.0117,0.46894220410839543
13,20,Clock,13,19,1,2,138.0124,0.4712329368931746
13,20,Clock,13,19,1,2,139.0119,0.47352212039611635
13,20,Clock,13,19,1,2,140.0126,0.4758151804419101
13,20,Clock,13,19,1,2,141.0127,0.4781078611567579
13,20,Clock,13,19,1,2,142.0116,0.48039873452506443
13,20,Clock,13,19,1,2,143.0115,0.48269274325738953
13,20,Clock,13,19,1,2,144.0123,0.4849895130746514
13,20,Clock,13,19,1,2,145.0119,0.4872841845916435
13,20,Clock,13,19,1,2,146.0106,0.48957732488772904
13,20,Clock,13,19,1,2,147.0095,0.49187135951095673
13,20,Clock,13,19,1,2,148.0128,0.49417583091224593
13,20,Clock,13,19,1,2,149.0116,0.49647020915519774
13,20,Clock,13,19,1,2,150.0129,0.49877048502135424
13,20,Clock,13,19,1,2,151.0131,0.501068324054069
13,20,Clock,13,19,1,2,152.013,0.5033653818431449
13,20,Clock,13,19,1,2,153.0128,0.5056620872738408
13,20,Clock,13,19,1,2,154.0131,0.5079597102809774
13,20,Clock,13,19,1,2,155.0118,0.5102532828457883
13,20,Clock,13,19,1,2,156.0112,0.5125480703519686
13,20,Clock,13,19,1,2,157.0115,0.5148443954281631
13,20,Clock,13,19,1,2,158.0129,0.5171425798807135
13,20,Clock,13,19,1,2,159.0138,0.519438919322016
13,20,Clock,13,19,1,2,160.0113,0.521726670307542
13,20,Clock,13,19,1,2,161.0132,0.5240235477461422
13,20,Clock,13,19,1,2,162.0131,0.5263148648691969
13,20,Clock,13,19,1,2,163.0128,0.5286045850444385
13,20,Clock,13,19,1,2,164.0125,0.5308931021634015
13,20,Clock,13,19,1,2,165.0142,0.5331849275408918
13,20,Clock,13,19,1,2,166.0134,0.5354695982509348
13,20,Clock,13,19,1,2,167.0146,0.5377573821600522
13,20,Clock,13,19,1,2,168.014,0.5400394672029847
13,20,Clock,13,19,1,2,169.0144,0.542322136776297
13,20,Clock,13,19,1,2,170.0139,0.5446009790411875
13,20,Clock,13,19,1,2,171.0134,0.546877955026975
13,20,Clock,13,19,1,2,172.0138,0.5491550193492298
13,20,Clock,13,19,1,2,173.0135,0.5514284658966695
13,20,Clock,13,19,1,2,174.0141,0.5537017749739471
13,20,Clock,13,19,1,2,175.014,0.5559712824414637
13,20,Clock,13,19,1,2,176.0143,0.5582393212089708
13,20,Clock,13,19,1,2,177.0146,0.5605049674900113
13,20,Clock,13,19,1,2,178.0154,0.5627691990755088
13,20,Clock,13,19,1,2,179.0144,0.5650267860056639
13,20,Clock,13,19,1,2,180.0144,0.5672839164646419
13,20,Clock,13,19,1,2,181.0142,0.5695378106047255
13,20,Clock,13,19,1,2,182.0138,0.571788345996515
13,20,Clock,13,19,1,2,183.0142,0.5740377667210657
13,20,Clock,13,19,1,2,184.0148,0.576284538308095
13,20,Clock,13,19,1,2,185.0134,0.5785236813205892
13,20,Clock,13,19,1,2,186.0141,0.5807643110985251
13,20,Clock,13,19,1,2,187.0155,0.583003183234988
13,20,Clock,13,19,1,2,188.0152,0.5852348257699147
13,20,Clock,13,19,1,2,189.0157,0.587464777281987
13,20,Clock,13,19,1,2,190.0155,0.5896895846158273
13,20,Clock,13,19,1,2,191.0159,0.591912049315772
13,20,Clock,13,19,1,2,192.0149,0.5941276507149782
13,20,Clock,13,19,1,2,193.0139,0.5963394601694586
13,20,Clock,13,19,1,2,194.0151,0.5985522125423365
13,20,Clock,13,19,1,2,195.0153,0.6007587361867462
13,20,Clock,13,19,1,2,196.0149,0.6029598339968113
13,20,Clock,13,19,1,2,197.0161,0.6051603238400906
13,20,Clock,13,19,1,2,198.016,0.6073537174706277
13,20,Clock,13,19,1,2,199.0155,0.6095418870999023
13,20,Clock,13,19,1,2,200.0149,0.6117254249387056
13,20,Clock,13,19,1,2,201.0149,0.6139058159248875
13,20,Clock,13,19,1,2,202.0162,0.6160844993845713
13,20,Clock,13,19,1,2,203.017,0.6182574083400172
13,20,Clock,13,19,1,2,204.016,0.6204217325465586
13,20,Clock,13,19,1,2,205.0163,0.6225840443356452
13,20,Clock,13,19,1,2,206.0161,0.624740436716343
13,20,Clock,13,19,1,2,207.0155,0.6268910393402819
13,20,Clock,13,19,1,2,208.0161,0.6290391875464254
13,20,Clock,13,19,1,2,209.0168,0.6311824727682018
13,20,Clock,13,19,1,2,210.0161,0.6333175974587287
13,20,Clock,13,19,1,2,211.0167,0.6354502617203293
13,20,Clock,13,19,1,2,212.0168,0.6375765835533078
13,20,Clock,13,19,1,2,213.0174,0.6396985694328688
13,20,Clock,13,19,1,2,214.0169,0.6418128222410101
13,20,Clock,13,19,1,2,215.0167,0.6439221531627008
13,20,Clock,13,19,1,2,216.0177,0.646028478432973
13,20,Clock,13,19,1,2,217.017,0.6481255710655939
13,20,Clock,13,19,1,2,218.0148,0.6502138411268119
13,20,Clock,13,19,1,2,219.0061,0.6522828186034128
13,20,Clock,13,19,1,2,220.006,0.6543639188228761
13,20,Clock,13,19,1,2,221.0061,0.6564395666640077
13,20,Clock,13,19,1,2,222.006,0.6585088131836587
13,20,Clock,13,19,1,2,223.0159,0.6605926650165099
13,20,Clock,13,19,1,2,224.0162,0.662650598832298
13,20,Clock,13,19,1,2,225.0068,0.6646825121713608
13,20,Clock,13,19,1,2,226.0167,0.6667477249520772
13,20,Clock,13,19,1,2,227.0168,0.6687866467348683
13,20,Clock,13,19,1,2,228.0056,0.670796308513506
13,20,Clock,13,19,1,2,229.0059,0.6728230162303903
13,20,Clock,13,19,1,2,230.0066,0.6748440948192941
13,20,Clock,13,19,1,2,231.0064,0.6768568446010409
13,20,Clock,13,19,1,2,232.0061,0.6788629113104028
13,20,Clock,13,19,1,2,233.016,0.6808827486003297
13,20,Clock,13,19,1,2,234.0058,0.6828557944612548
13,20,Clock,13,19,1,2,235.0168,0.6848643550607089
13,20,Clock,13,19,1,2,236.0063,0.6868235332877931
13,20,Clock,13,19,1,2,237.0071,0.688798308857523
13,20,Clock,13,19,1,2,238.0069,0.6907642917883672
13,20,Clock,13,19,1,2,239.0063,0.6927226193958345
13,20,Clock,13,19,1,2,240.0069,0.6946763467803699
13,20,Clock,13,19,1,2,241.0089,0.6966258185762856
13,20,Clock,13,19,1,2,242.0078,0.6985622503682956
13,20,Clock,13,19,1,1,243.0075,0.7004931952935334
13,20,Clock,13,19,1,1,244.0072,0.7024170108990357
13,20,Clock,13,19,1,1,245.0076,0.704335028281561
13,20,Clock,13,19,1,1,246.0073,0.7062445152213876
13,20,Clock,13,19,1,1,247.0076,0.7081479393264649
13,20,Clock,13,19,1,1,248.0071,0.7100425635605533
13,20,Clock,13,19,1,1,249.0073,0.7119312145402258
13,20,Clock,13,19,1,1,250.0063,0.7138102877529517
13,20,Clock,13,19,1,1,251.0064,0.715684024589324
13,20,Clock,13,19,1,1,252.0073,0.7175518541447566
13,20,Clock,13,19,1,1,253.0071,0.7194101858048485
13,20,Clock,13,19,1,1,254.0065,0.7212603074089609
13,20,Clock,13,19,1,1,255.0074,0.7231056766477164
13,20,Clock,13,19,1,1,256.0089,0.72494460624014
13,20,Clock,13,19,1,1,257.0083,0.7267720673059589
13,20,Clock,13,19,1,1,258.0089,0.7285941506113214
13,20,Clock,13,19,1,1,259.0085,0.7304067679441192
13,20,Clock,13,19,1,1,260.0081,0.7322116738755866
13,20,Clock,13,19,1,1,261.0073,0.7340082395716602
13,20,Clock,13,19,1,1,262.0075,0.7357989004078511
13,20,Clock,13,19,1,1,263.007,0.7375805135023898
13,20,Clock,13,19,1,1,264.0101,0.7393607993786341
13,20,Clock,13,19,1,1,265.0092,0.7411261443286754
13,20,Clock,13,19,1,1,266.0094,0.7428856723659163
13,20,Clock,13,19,1,1,267.0097,0.7446375218096207
13,20,Clock,13,19,1,1,268.0096,0.7463808198896116
13,20,Clock,13,19,1,1,269.0101,0.74811724665504
13,20,Clock,13,19,1,1,270.01,0.74984476988284
13,20,Clock,13,19,1,1,271.0106,0.7515655314954464
13,20,Clock,13,19,1,1,272.0101,0.7532765268314652
13,20,Clock,13,19,1,1,273.0105,0.7549810844668834
13,20,Clock,13,19,1,1,274.0101,0.7566763272215259
13,20,Clock,13,19,1,1,275.0096,0.7583634406874786
13,20,Clock,13,19,1,1,276.0098,0.7600436911682297
13,20,Clock,13,19,1,1,277.0098,0.7617156235659759
13,20,Clock,13,19,1,1,278.0095,0.7633790267198639
13,20,Clock,13,19,1,1,279.009,0.7650340974901201
13,20,Clock,13,19,1,1,280.0096,0.7666829358901034
13,20,Clock,13,19,1,1,281.0111,0.7683251553544417
13,20,Clock,13,19,1,1,282.0099,0.7699548633181347
13,20,Clock,13,19,1,1,283.0103,0.7715791844564839
13,20,Clock,13,19,1,1,284.0102,0.7731945296850911
13,20,Clock,13,19,1,1,285.01,0.774801687765481
13,20,Clock,13,19,1,1,286.0091,0.7763995823876617
13,20,Clock,13,19,1,1,287.0109,0.7779936988246806
13,20,Clock,13,19,1,1,288.0114,0.7795776528756689
13,20,Clock,13,19,1,1,289.0109,0.7811518547738778
13,20,Clock,13,19,1,1,290.0112,0.7827192353558446
13,20,Clock,13,19,1,1,291.012,0.7842792495834474
13,20,Clock,13,19,1,1,292.0116,0.7858292873127237
13,20,Clock,13,19,1,1,293.0122,0.7873727563374466
13,20,Clock,13,19,1,1,294.0125,0.7889076229776545
13,20,Clock,13,19,1,1,295.0118,0.7904328259872915
13,20,Clock,13,19,1,1,296.0118,0.7919509779087754
13,20,Clock,13,19,1,1,297.0102,0.7934585699058506
13,20,Clock,13,19,1,1,298.0108,0.7949614027413892
13,20,Clock,13,19,1,1,299.0104,0.7964546055094763
13,20,Clock,13,19,1,1,300.0097,0.7979392457974759
13,20,Clock,13,19,1,1,301.0105,0.7994179879044542
13,20,Clock,20,32,0,0,0.0110804,0.2004721303260409
13,20,Clock,20,32,0,0,1.011041,0.20194903358791752
13,20,Clock,20,32,0,0,2.016676,0.20344249875583997
13,20,Clock,20,32,0,0,3.011486,0.20492796423224016
13,20,Clock,20,32,0,0,4.016891,0.20643741452888648
13,20,Clock,20,32,0,0,5.011039,0.20793803686463916
13,20,Clock,20,32,0,0,6.015488,0.2094623634329919
13,20,Clock,20,32,0,0,7.01065,0.21098068004580123
13,20,Clock,20,32,0,0,8.014598,0.2125205551409732
13,20,Clock,20,32,0,0,9.018079,0.21406789826342645
13,20,Clock,20,32,0,0,10.01411,0.2156118438790385
13,20,Clock,20,32,0,0,11.00884,0.21716181598838302
13,20,Clock,20,32,0,0,12.01504,0.21873783658966336
13,20,Clock,20,32,0,0,13.00929,0.22030321040814071
13,20,Clock,20,32,0,0,14.01207,0.22189013954533626
13,20,Clock,20,32,0,0,15.01844,0.22349094944282585
13,20,Clock,20,32,0,0,16.01151,0.22507864939457986
13,20,Clock,20,32,0,0,17.01897,0.22669751523219733
13,20,Clock,20,32,0,0,18.01219,0.22830153831420397
13,20,Clock,20,32,0,0,19.018,0.22993402191817955
13,20,Clock,20,32,0,0,20.01223,0.2315557410638744
13,20,Clock,20,32,0,0,21.01826,0.2332048225573837
13,20,Clock,20,32,0,0,22.01056,0.23483938809270166
13,20,Clock,20,32,0,0,23.01604,0.23650374924534776
13,20,Clock,20,32,0,0,24.01034,0.23815758868097187
13,20,Clock,20,32,0,0,25.01539,0.23983737318993603
13,20,Clock,20,32,0,0,26.00949,0.2415068132319595
13,20,Clock,20,32,0,0,27.01463,0.2432028311409873
13,20,Clock,20,32,0,0,28.00904,0.2448886819888174
13,20,Clock,20,32,0,0,29.0132,0.2465990543173715
13,20,Clock,20,32,0,0,30.00926,0.24830354983657815
13,20,Clock,20,32,0,0,31.01427,0.2500313411580957
13,20,Clock,20,32,0,0,32.00863,0.2517486881292798
13,20,Clock,20,32,0,0,33.0139,0.25349282223682335
13,20,Clock,20,32,0,0,34.01863,0.2552439716434525
13,20,Clock,20,32,0,0,35.01357,0.25698587080340635
13,20,Clock,20,32,0,0,36.01921,0.2587543934156906
13,20,Clock,20,32,0,0,37.01136,0.26050693281500803
13,20,Clock,20,32,0,0,38.01687,0.26229089538317796
13,20,Clock,20,32,0,0,39.01275,0.26406551708313547
13,20,Clock,20,32,0,0,40.01619,0.2658613792774142
13,20,Clock,20,32,0,0,41.01143,0.2676502393421131
13,20,Clock,20,32,0,0,42.0158,0.2694632379798763
13,20,Clock,20,32,0,0,43.01032,0.27126606856702157
13,20,Clock,20,32,0,0,44.01684,0.27309835139374583
13,20,Clock,20,32,0,0,45.01042,0.27491463121596277
13,20,Clock,20,32,0,0,46.01677,0.2767618761207511
13,20,Clock,20,32,0,0,47.00881,0.2785903363742981
13,20,Clock,20,32,0,0,48.01413,0.2804508237261121
13,20,Clock,20,32,0,0,49.00892,0.2822992635350482
13,20,Clock,20,32,0,0,50.01486,0.2841759181966803
13,20,Clock,20,32,0,0,51.00885,0.2860376537135496
13,20,Clock,20,32,0,0,52.01189,0.2879237279069958
13,20,Clock,20,32,0,0,53.00847,0.2898049679973706
13,20,Clock,20,32,0,0,54.0122,0.29170704472118675
13,20,Clock,20,32,0,0,55.01799,0.29362037024120385
13,20,Clock,20,32,0,0,56.01407,0.295522427845233
13,20,Clock,20,32,0,0,57.01657,0.2974439546549638
13,20,Clock,20,32,0,0,58.01276,0.2993604974893427
13,20,Clock,20,32,0,0,59.01617,0.3012980630810972
13,20,Clock,20,32,0,0,60.00939,0.30322295889837264
13,20,Clock,20,32,0,0,61.01475,0.3051784332344906
13,20,Clock,20,32,0,0,62.01167,0.3071244510834187
13,20,Clock,20,32,0,0,63.01693,0.3090937300002093
13,20,Clock,20,32,0,0,64.00983,0.3110456196720709
13,20,Clock,20,32,0,0,65.0164,0.3130312828586949
13,20,Clock,20,32,0,0,66.0104,0.3149988796297308
13,20,Clock,20,32,0,0,67.0154,0.31699504090961805
13,20,Clock,20,32,0,0,68.00903,0.3189752528487761
13,20,Clock,20,32,0,0,69.01451,0.32098575223070513
13,20,Clock,20,32,0,0,70.00904,0.3229809138883526
13,20,Clock,20,32,0,0,71.01378,0.32500312012239135
13,20,Clock,20,32,1,2,72.01909,0.32703302883350827
13,20,Clock,20,32,1,2,73.01382,0.3290479660700785
13,20,Clock,20,32,1,2,74.01805,0.33108855695456463
13,20,Clock,20,32,1,2,75.01324,0.3331170473044784
13,20,Clock,20,32,1,2,76.0176,0.3351705324757659
13,20,Clock,20,32,1,2,77.01219,0.33721020215832137
13,20,Clock,20,32,1,2,78.01801,0.3392790844318329
13,20,Clock,20,32,1,2,79.01147,0.34132857144774664
13,20,Clock,20,32,1,2,80.01809,0.3434112892521036
13,20,Clock,20,32,1,2,81.01084,0.34547122756913123
13,20,Clock,20,32,1,2,82.01569,0.34756219618042977
13,20,Clock,20,32,1,2,83.00967,0.349636325549796
13,20,Clock,20,32,1,2,84.01677,0.35174367214435004
13,20,Clock,20,32,1,2,85.01046,0.35382862921247055
13,20,Clock,20,32,1,2,86.01457,0.3559411141177974
13,20,Clock,20,32,1,2,87.00938,0.35803956260711317
13,20,Clock,20,32,1,2,88.01499,0.36016635815331227
13,20,Clock,20,32,1,2,89.00937,0.36227479794666195
13,20,Clock,20,32,1,2,90.01464,0.3644117395829872
13,20,Clock,20,32,1,2,91.01879,0.3665516481285144
13,20,Clock,20,32,1,2,92.01122,0.3686717681666604
13,20,Clock,20,32,1,2,93.01852,0.37082883684656515
13,20,Clock,20,32,1,2,94.01377,0.372965196689808
13,20,Clock,20,32,1,2,95.01805,0.3751259678679649
13,20,Clock,20,32,1,2,96.01261,0.37727074025984825
13,20,Clock,20,32,1,2,97.01575,0.379438884720112
13,20,Clock,20,32,1,2,98.01261,0.3815982539767823
13,20,Clock,20,32,1,2,99.01852,0.3837819601802016
13,20,Clock,20,32,1,2,100.0113,0.385941784463048
13,20,Clock,20,32,1,2,101.0157,0.38813146593382436
13,20,Clock,20,32,1,2,102.0107,0.39030510257872536
13,20,Clock,20,32,1,2,103.0147,0.39250284671809743
13,20,Clock,20,32,1,2,104.0102,0.39468627835831266
13,20,Clock,20,32,1,2,105.0154,0.3968952677626341
13,20,Clock,20,32,1,2,106.0096,0.39908420683778895
13,20,Clock,20,32,1,2,107.0156,0.4013032608468946
13,20,Clock,20,32,1,2,108.0097,0.4035000264825917
13,20,Clock,20,32,1,2,109.0142,0.40572372580673455
13,20,Clock,20,32,1,2,110.0082,0.4079279986799763
13,20,Clock,20,32,1,2,111.0138,0.4101617636181677
13,20,Clock,20,32,1,1,112.0179,0.4123958935743987
13,20,Clock,20,32,1,1,113.0144,0.414616689924776
13,20,Clock,20,32,1,1,114.018,0.41685682845495375
13,20,Clock,20,32,1,1,115.0132,0.41908161265471755
13,20,Clock,20,32,1,1,116.0172,0.4213294007304716
13,20,Clock,20,32,1,1,117.0128,0.42356162450427803
13,20,Clock,20,32,1,1,118.0175,0.4258174052422348
13,20,Clock,20,32,1,1,119.0129,0.4280553543594418
13,20,Clock,20,32,1,1,120.0177,0.43031742515807814
13,20,Clock,20,32,1,1,121.011,0.4325564753074166
13,20,Clock,20,32,1,1,122.0157,0.43482402474890997
13,20,Clock,20,32,1,1,123.0121,0.43707553689780554
13,20,Clock,20,32,1,1,124.0152,0.4393448075089583
13,20,Clock,20,32,1,1,125.0103,0.44159849887670183
13,20,Clock,20,32,1,1,126.0166,0.4438800046092994
13,20,Clock,20,32,1,1,127.0105,0.4461357105854387
13,20,Clock,20,32,1,1,128.0149,0.44841749798111213
13,20,Clock,20,32,1,1,129.0176,0.4506976058402256
13,20,Clock,20,32,1,1,130.0147,0.45296703494468205
13,20,Clock,20,32,1,1,131.0191,0.45525507764419015
13,20,Clock,20,32,1,1,132.0146,0.45752468665638535
13,20,Clock,20,32,1,1,133.0088,0.4597930997348855
13,20,Clock,20,32,1,1,134.0134,0.46208691493731757
13,20,Clock,20,32,1,1,135.0188,0.4643841848344829
13,20,Clock,20,32,1,1,136.0134,0.4666582585508576
13,20,Clock,20,32,1,1,137.0154,0.46895065465120117
13,20,Clock,20,32,1,1,138.0115,0.47123087550578635
13,20,Clock,20,32,1,1,139.0172,0.47353425032090213
13,20,Clock,20,32,1,1,140.0108,0.47581105365313925
13,20,Clock,20,32,1,1,141.0175,0.4781188822654817
13,20,Clock,20,32,1,1,142.0103,0.480395759445722
13,20,Clock,20,32,1,1,143.0176,0.48270671338360654
13,20,Clock,20,32,1,1,144.01,0.48498422456984946
13,20,Clock,20,32,1,1,145.0161,0.48729381843565744
13,20,Clock,20,32,1,1,146.0108,0.4895777804023152
13,20,Clock,20,32,1,1,147.0163,0.4918869547887211
13,20,Clock,20,32,1,1,148.0093,0.4941677694002288
13,20,Clock,20,32,1,1,149.0147,0.4964773249287474
13,20,Clock,20,32,1,1,150.0185,0.4987833500615524
13,20,Clock,20,32,1,1,151.0144,0.5010713036997204
13,20,Clock,20,32,1,1,152.0169,0.5033743554682001
13,20,Clock,20,32,1,1,153.0127,0.5056618419216004
13,20,Clock,20,32,1,1,154.0087,0.5079495820035561
13,20,Clock,20,32,1,1,155.0125,0.5102548946890848
13,20,Clock,20,32,1,1,156.0175,0.512562538861878
13,20,Clock,20,32,1,1,157.0109,0.5148429944713647
13,20,Clock,20,32,1,1,158.0174,0.517152908888115
13,20,Clock,20,32,1,1,159.012,0.5194347891047086
13,20,Clock,20,32,1,1,160.018,0.5217420302933498
13,20,Clock,20,32,1,1,161.0096,0.5240152939014602
13,20,Clock,20,32,1,1,162.0173,0.526324478231692
13,20,Clock,20,32,1,1,163.0103,0.5285988548667819
13,20,Clock,20,32,1,1,164.0173,0.5309041022609389
13,20,Clock,20,32,1,1,165.0189,0.5331956768487546
13,20,Clock,20,32,1,1,166.0151,0.5354735046302775
13,20,Clock,20,32,1,1,167.01,0.5377468559586414
13,20,Clock,20,32,1,1,168.0143,0.5400401289733215
13,20,Clock,20,32,1,1,169.0091,0.5423100250777403
13,20,Clock,20,32,1,1,170.014,0.5446012224723679
13,20,Clock,20,32,1,1,171.0084,0.5468665928390462
13,20,Clock,20,32,1,1,172.013,0.5491532141157927
13,20,Clock,20,32,1,1,173.018,0.5514386976404734
13,20,Clock,20,32,1,1,174.0129,0.5536990375875909
13,20,Clock,20,32,1,1,175.0199,0.5559846439988373
13,20,Clock,20,32,1,1,176.0122,0.5582345838509533
13,20,Clock,20,32,1,1,177.0179,0.5605124284389064
13,20,Clock,20,32,1,1,178.0117,0.5627608494877685
13,20,Clock,20,32,1,1,179.0178,0.5650344709938396
13,20,Clock,20,32,1,1,180.0106,0.5672753458582774
13,20,Clock,20,32,1,1,181.0175,0.5695452359744244
13,20,Clock,20,32,1,1,182.0107,0.5717813765485357
13,20,Clock,20,32,1,1,183.0149,0.574039309598921
13,20,Clock,20,32,1,1,184.0101,0.5762739927128071
13,20,Clock,20,32,1,1,185.0164,0.5785304167808272
13,20,Clock,20,32,1,1,186.0087,0.5807522254254216
13,20,Clock,20,32,1,1,187.0147,0.5830013765290305
13,20,Clock,20,32,1,1,188.0101,0.5852234576585511
13,20,Clock,20,32,1,1,189.0145,0.5874620926914618
13,20,Clock,20,32,1,1,190.0089,0.5896748942052821
13,20,Clock,20,32,1,1,191.0141,0.5919080526181345
13,20,Clock,20,32,1,1,192.0196,0.5941380987257514
13,20,Clock,20,32,1,1,193.0127,0.5963367936480636
13,20,Clock,20,32,1,1,194.0189,0.5985606020530934
13,20,Clock,20,32,1,1,195.0131,0.600753893274879
13,20,Clock,20,32,1,1,196.017,0.6029644664252698
13,20,Clock,20,32,1,1,197.0139,0.6051554992288843
13,20,Clock,20,32,1,1,198.0189,0.6073600708269968
13,20,Clock,20,32,1,1,199.011,0.6095320422372095
13,20,Clock,20,32,1,1,200.017,0.6117300209523066
13,20,Clock,20,32,1,1,201.0121,0.6138997338041122
13,20,Clock,20,32,1,1,202.0165,0.6160851295246014
13,20,Clock,20,32,1,1,203.0116,0.618245693039559
13,20,Clock,20,32,1,1,204.0152,0.6204199824086457
13,20,Clock,20,32,1,1,205.0103,0.6225710957778325
13,20,Clock,20,32,1,1,206.0148,0.624737642508995
13,20,Clock,20,32,1,1,207.0102,0.6268796258795827
13,20,Clock,20,32,1,1,208.0152,0.6290372570638572
13,20,Clock,20,32,1,1,209.0089,0.631165564152515
13,20,Clock,20,32,1,1,210.0144,0.6333139830007746
13,20,Clock,20,32,1,1,211.019,0.6354551665251368
13,20,Clock,20,32,1,1,212.0146,0.6375719178192578
13,20,Clock,20,32,1,1,213.0184,0.6397007024405206
13,20,Clock,20,32,1,1,214.0145,0.6418077291135009
13,20,Clock,20,32,1,1,215.0192,0.6439274258061701
13,20,Clock,20,32,1,1,216.0108,0.646013985038481
13,20,Clock,20,32,1,1,217.0188,0.6481293444884876
13,20,Clock,20,32,1,1,218.0127,0.6502094401725755
13,20,Clock,20,32,1,1,219.0183,0.6523082288647991
13,20,Clock,20,32,1,1,220.0118,0.6543759699069106
13,20,Clock,20,32,1,1,221.0171,0.6564623666174955
13,20,Clock,20,32,1,1,222.0114,0.6585199753530775
13,20,Clock,20,32,1,1,223.0159,0.6605926650165099
13,20,Clock,20,32,1,1,224.0093,0.6626363992718626
13,20,Clock,20,32,1,1,225.0162,0.6647017631434388
13,20,Clock,20,32,1,1,226.0101,0.6667342654041843
13,20,Clock,20,32,1,1,227.0162,0.6687854353891404
13,20,Clock,20,32,1,1,228.0197,0.6708249190099774
13,20,Clock,20,32,1,1,229.0147,0.6728407952446601
13,20,Clock,20,32,1,1,230.009,0.674848925415676
13,20,Clock,20,32,1,1,231.0148,0.6768737429830713
13,20,Clock,20,32,1,1,232.0199,0.6788905449955527
13,20,Clock,20,32,1,1,233.0121,0.6808749489870174
13,20,Clock,20,32,1,1,234.0193,0.6828826681243845
13,20,Clock,20,32,1,1,235.0128,0.6848564261412521
13,20,Clock,20,32,1,1,236.0184,0.6868474502559815
13,20,Clock,20,32,1,1,237.0118,0.6888075662541082
13,20,Clock,20,32,1,1,238.0171,0.6907843293806517
13,20,Clock,20,32,1,1,239.0134,0.6927364979789193
13,20,Clock,20,32,1,1,240.0174,0.6946968079717196
13,20,Clock,20,32,1,1,241.0109,0.6966297005767619
13,20,Clock,20,32,1,1,242.0174,0.6985808221454937
13,20,Clock,20,32,1,1,243.0108,0.7004995496182169
13,20,Clock,20,32,1,1,244.0148,0.702431606903912
13,20,Clock,20,32,1,1,245.0102,0.7043399923029287
13,20,Clock,20,32,1,1,246.0142,0.706257692971202
13,20,Clock,20,32,1,1,247.0095,0.7081515617803186
13,20,Clock,20,32,1,1,248.0159,0.7100592204821201
13,20,Clock,20,32,1,1,249.02,0.7119551684362632
13,20,Clock,20,32,1,1,250.0159,0.7138283049384425
13,20,Clock,20,32,1,1,251.0192,0.7157079622220888
13,20,Clock,20,32,1,1,252.0122,0.7175610047811396
13,20,Clock,20,32,1,1,253.0195,0.7194331968232573
13,20,Clock,20,32,1,1,254.0143,0.7212747123849109
13,20,Clock,20,32,1,1,255.0187,0.7231264799192064
13,20,Clock,20,32,1,1,256.0135,0.7249529940737596
13,20,Clock,20,32,1,1,257.0157,0.7267855435750569
13,20,Clock,20,32,1,1,258.0135,0.7286024688166337
13,20,Clock,20,32,1,1,259.0182,0.7304242729318006
13,20,Clock,20,32,1,1,260.012,0.7322187122490602
13,20,Clock,20,32,1,1,261.0171,0.734025814868606
13,20,Clock,20,32,1,1,262.0101,0.7358035343212042
13,20,Clock,20,32,1,1,263.0161,0.7375967430240967
13,20,Clock,20,32,1,1,264.0101,0.7393607993786341
13,20,Clock,20,32,1,1,265.0136,0.7411339458938148
13,20,Clock,20,32,1,1,266.0092,0.7428852974065757
13,20,Clock,20,32,1,1,267.0129,0.7446431210078114
13,20,Clock,20,32,1,1,268.0095,0.7463806075454399
13,20,Clock,20,32,1,1,269.0145,0.7481248562914805
13,20,Clock,20,32,1,1,270.0187,0.7498597617184185
13,20,Clock,20,32,1,1,271.0134,0.7515703487698187
13,20,Clock,20,32,1,1,272.0087,0.753274129313754
13,20,Clock,20,32,1,1,273.0116,0.7549829520276249
13,20,Clock,20,32,1,1,274.0177,0.7566891837507776
13,20,Clock,20,32,1,1,275.0121,0.7583676032442574
13,20,Clock,20,32,1,1,276.0184,0.7600581139348798
13,20,Clock,20,32,1,1,277.0122,0.7617196447196779
13,20,Clock,20,32,1,1,278.0174,0.7633921463800087
13,20,Clock,20,32,1,1,279.0111,0.765037575815198
13,20,Clock,20,32,1,1,280.0171,0.7666952260659241
13,20,Clock,20,32,1,1,281.0084,0.7683207125774191
13,20,Clock,20,32,1,1,282.0154,0.7699638539168876
13,20,Clock,20,32,1,1,283.0103,0.7715791844564839
13,20,Clock,20,32,1,1,284.0168,0.7732052013573827
13,20,Clock,20,32,1,1,285.0093,0.774800562326472
13,20,Clock,20,32,1,1,286.0151,0.776409173194999
13,20,Clock,20,32,1,1,287.0084,0.7779897269487095
13,20,Clock,20,32,1,1,288.0136,0.7795811225021009
13,20,Clock,20,32,1,1,289.0085,0.7811481152760857
13,20,Clock,20,32,1,1,290.0133,0.7827225262330051
13,20,Clock,20,32,1,1,291.0176,0.7842879795336883
13,20,Clock,20,32,1,1,292.0125,0.7858307032570313
13,20,Clock,20,32,1,1,293.0178,0.7873813480877494
13,20,Clock,20,32,1,1,294.0131,0.7889085103161119
13,20,Clock,20,32,1,1,295.0174,0.7904413269969647
13,20,Clock,20,32,1,1,296.0108,0.7919494530951628
13,20,Clock,20,32,1,1,297.0173,0.7934692781113536
13,20,Clock,20,32,1,1,298.0109,0.7949615398739168
13,20,Clock,20,32,1,1,299.0171,0.7964645617684545
13,20,Clock,20,32,1,1,300.0103,0.7979401501103935
13,20,Clock,20,32,1,1,301.0146,0.7994240135486054
13,20,RF time only,13,19,0,0,0.0111871,0.0
13,20,RF time only,13,19,0,0,1.008122,0.0
13,20,RF time only,13,19,0,0,2.009342,0.0
13,20,RF time only,13,19,0,0,3.01029,0.0
13,20,RF time only,13,19,0,0,4.012894,0.0
13,20,RF time only,13,19,0,0,5.012518,0.0
13,20,RF time only,13,19,0,0,6.011678,0.0
13,20,RF time only,13,19,1,1,7.012534,0.0
13,20,RF time only,13,19,1,1,8.012196,0.0
13,20,RF time only,13,19,1,1,9.014396,0.020872419937733446
13,20,RF time only,13,19,1,1,10.01344,0.0027100708924103424
13,20,RF time only,13,19,1,1,11.01306,0.012813931054937978
13,20,RF time only,13,19,1,1,12.01485,0.0
13,20,RF time only,13,19,1,1,13.0143,0.0718691945462178
13,20,RF time only,13,19,1,1,14.01455,0.022953903799306077
13,20,RF time only,13,19,1,1,15.01391,0.11030076287438942
13,20,RF time only,13,19,1,1,16.01548,0.0
13,20,RF time only,13,19,1,1,17.01406,0.012414760885488416
13,20,RF time only,13,19,1,1,18.0144,0.03358156869455424
13,20,RF time only,13,19,1,1,19.01565,0.00390887017224372
13,20,RF time only,13,19,1,1,20.01563,0.0
13,20,RF time only,13,19,1,1,21.01543,0.07552253760625005
13,20,RF time only,13,19,1,1,22.01529,0.0
13,20,RF time only,13,19,1,1,23.01496,0.19587755379542884
13,20,RF time only,13,19,1,1,24.01564,0.0019933227103725625
13,20,RF time only,13,19,1,1,25.01589,0.2674165817918275
13,20,RF time only,13,19,1,1,26.016,0.03334133935208693
13,20,RF time only,13,19,1,1,27.01539,0.36024838362130557
13,20,RF time only,13,19,1,1,28.01522,0.0
13,20,RF time only,13,19,1,1,29.01563,0.21904510926295592
13,20,RF time only,13,19,1,1,30.01614,0.018874251724257222
13,20,RF time only,13,19,1,1,31.01577,0.1734117524251478
13,20,RF time only,13,19,1,1,32.01576,0.06952157247992242
13,20,RF time only,13,19,1,1,33.0156,0.05411781980070737
13,20,RF time only,13,19,1,1,34.0147,0.011460890380268957
13,20,RF time only,13,19,1,1,35.01602,0.3277986110960746
13,20,RF time only,13,19,1,1,36.01648,0.057073033567867915
13,20,RF time only,13,19,1,1,37.01661,0.15538603114601668
13,20,RF time only,13,19,1,1,38.01633,0.07932639517690013
13,20,RF time only,13,19,1,1,39.01587,0.24929418367793368
13,20,RF time only,13,19,1,1,40.00611,0.7026395561127001
13,20,RF time only,13,19,1,1,41.01639,0.015663176265270504
13,20,RF time only,13,19,1,1,42.01607,0.3656357563111465
13,20,RF time only,13,19,1,1,43.0164,0.030482091304289843
13,20,RF time only,13,19,1,1,44.01625,0.17420508399468765
13,20,RF time only,13,19,1,1,45.01569,0.07131555744296737
13,20,RF time only,13,19,1,1,46.01624,0.22990725131325723
13,20,RF time only,13,19,1,1,47.01646,0.018106344266000756
13,20,RF time only,13,19,1,1,48.01652,0.21735734839884516
13,20,RF time only,13,19,1,1,49.01628,0.04675805368588124
13,20,RF time only,13,19,1,1,50.01647,0.24167966788279596
13,20,RF time only,13,19,1,1,51.01644,0.3680708290239826
13,20,RF time only,13,19,1,1,52.01611,0.03137646184656656
13,20,RF time only,13,19,1,1,53.01606,0.01939788293251082
13,20,RF time only,13,19,1,1,54.00663,0.1762303733153635
13,20,RF time only,13,19,0,0,55.01663,0.11404690180798616
13,20,RF time only,13,19,1,1,56.0057,0.4585976978097023
13,20,RF time only,13,19,1,1,57.00594,0.6022464651210293
13,20,RF time only,13,19,1,2,58.00592,0.8880942411059017
13,20,RF time only,13,19,1,2,59.0167,0.06510162350223579
13,20,RF time only,13,19,1,2,60.01779,0.12030136168531347
13,20,RF time only,13,19,1,2,61.00571,0.9421359049243362
13,20,RF time only,13,19,1,2,62.01745,0.14160011161167374
13,20,RF time only,13,19,1,2,63.00681,0.9768330331978482
13,20,RF time only,13,19,1,2,64.00627,0.7951093409169493
13,20,RF time only,13,19,1,2,65.00667,0.9470937079037975
13,20,RF time only,13,19,1,2,66.0068,0.7705094629179328
13,20,RF time only,13,19,1,2,67.00623,0.6861860087110436
13,20,RF time only,13,19,1,2,68.00655,0.739557819797033
13,20,RF time only,13,19,1,2,69.00725,0.26870098289344757
13,20,RF time only,13,19,1,2,70.0069,0.42642181143319574
13,20,RF time only,13,19,1,2,71.00654,0.7806773026169275
13,20,RF time only,13,19,1,2,72.00589,0.6456895985709459
13,20,RF time only,13,19,1,2,73.00656,0.775755169427222
13,20,RF time only,13,19,1,2,74.00774,0.3950656370079254
13,20,RF time only,13,19,1,2,75.0063,0.8658306148334263
13,20,RF time only,13,19,1,2,76.0173,0.5178167383747209
13,20,RF time only,13,19,1,2,77.01709,0.020869913720964
13,20,RF time only,13,19,1,2,78.00648,0.9366852610633881
13,20,RF time only,13,19,1,2,79.00738,0.6201974306078378
13,20,RF time only,13,19,1,2,80.00748,0.7027680767352479
13,20,RF time only,13,19,1,2,81.00877,0.23063263207920273
13,20,RF time only,13,19,1,2,82.00806,0.441883014292389
13,20,RF time only,13,19,1,2,83.00819,0.11505068448180916
13,20,RF time only,13,19,1,2,84.00889,0.4843148281496342
13,20,RF time only,13,19,1,2,85.00765,0.22054029355125498
13,20,RF time only,13,19,1,2,86.00846,0.7472159616753943
13,20,RF time only,13,19,1,2,87.00851,0.46949207740450116
13,20,RF time only,13,19,1,2,88.00794,0.7173709063585118
13,20,RF time only,13,19,1,2,89.00771,0.9465638545617009
13,20,RF time only,13,19,1,2,90.00766,0.7940169091765864
13,20,RF time only,13,19,1,2,91.00752,0.1131213762562192
13,20,RF time only,13,19,1,2,92.00755,0.7291740094450692
13,20,RF time only,13,19,1,2,93.00887,0.6647957996403975
13,20,RF time only,13,19,1,2,94.00878,0.4496843289643129
13,20,RF time only,13,19,1,2,95.0084,0.4761201671273479
13,20,RF time only,13,19,1,2,96.0089,0.7484530942371289
13,20,RF time only,13,19,1,2,97.00879,0.339107743426326
13,20,RF time only,13,19,1,2,98.00745,0.5744508810641106
13,20,RF time only,13,19,1,2,99.00846,0.8567343889963873
13,20,RF time only,13,19,1,2,100.0082,0.605649769911698
13,20,RF time only,13,19,1,2,101.0088,0.8472571491916088
13,20,RF time only,13,19,1,2,102.0081,0.4828742461089824
13,20,RF time only,13,19,1,2,103.0087,0.6718360993812649
13,20,RF time only,13,19,1,2,104.0086,0.5665150636148367
13,20,RF time only,13,19,1,2,105.0088,0.5779210004747668
13,20,RF time only,13,19,1,2,106.0089,0.39739446290722463
13,20,RF time only,13,19,1,2,107.0094,0.7279068513825496
13,20,RF time only,13,19,1,2,108.0097,0.7594880173754109
13,20,RF time only,13,19,1,2,109.0098,0.7353650671171994
13,20,RF time only,13,19,1,2,110.0093,0.6149047471501031
13,20,RF time only,13,19,1,2,111.0108,0.7402572547091635
13,20,RF time only,13,19,1,2,112.0113,0.7121089847139613
13,20,RF time only,13,19,1,2,113.0099,0.5799956967095576
13,20,RF time only,13,19,1,2,114.0104,0.5202976841092041
13,20,RF time only,13,19,1,2,115.0104,0.7290482581548591
13,20,RF time only,13,19,1,2,116.0103,0.3727604209582261
13,20,RF time only,13,19,1,2,117.0103,0.6039213014262773
13,20,RF time only,13,19,1,2,118.011,0.41474144972611715
13,20,RF time only,13,19,1,2,119.0105,0.8725723316812816
13,20,RF time only,13,19,1,2,120.0106,0.1620178061310104
13,20,RF time only,13,19,1,2,121.0102,0.24276566093501506
13,20,RF time only,13,19,1,2,122.0111,0.2547894118644285
13,20,RF time only,13,19,1,2,123.0116,0.4109601632278174
13,20,RF time only,13,19,1,2,124.0112,0.395310726364088
13,20,RF time only,13,19,1,2,125.0108,0.3652854450496305
13,20,RF time only,13,19,1,2,126.0111,0.06794122148874628
13,20,RF time only,13,19,1,2,127.0116,0.16043080636787443
13,20,RF time only,13,19,1,2,128.0111,0.44855100742482723
13,20,RF time only,13,19,1,2,129.0099,0.39884811143513516
13,20,RF time only,13,19,1,2,130.011,0.4348819682296803
13,20,RF time only,13,19,1,2,131.0099,0.7910445576819052
13,20,RF time only,13,19,1,2,132.0116,0.5982632939134741
13,20,RF time only,13,19,1,2,133.0112,0.5587863946748345
13,20,RF time only,13,19,1,2,134.011,0.7566423572043159
13,20,RF time only,13,19,1,2,135.0112,0.7006980203202663
13,20,RF time only,13,19,1,2,136.0114,0.7293888842695699
13,20,RF time only,13,19,1,2,137.0117,0.5252821948334039
13,20,RF time only,13,19,1,2,138.0124,0.34009050694848003
13,20,RF time only,13,19,1,2,139.0119,0.8084921525921315
13,20,RF time only,13,19,1,2,140.0126,0.851888028269231
13,20,RF time only,13,19,1,2,141.0127,0.9312166557558483
13,20,RF time only,13,19,1,2,142.0116,0.5318755385621261
13,20,RF time only,13,19,1,2,143.0115,0.9422570833594516
13,20,RF time only,13,19,1,2,144.0123,0.6067079478789436
13,20,RF time only,13,19,1,2,145.0119,0.9000388431471733
13,20,RF time only,13,19,1,2,146.0106,0.5286539732883472
13,20,RF time only,13,19,1,2,147.0095,0.5807837637026436
13,20,RF time only,13,19,1,2,148.0128,0.6506237478122462
13,20,RF time only,13,19,1,2,149.0116,0.7458928866843265
13,20,RF time only,13,19,1,2,150.0129,0.6217231985240635
13,20,RF time only,13,19,1,2,151.0131,0.6306156401685454
13,20,RF time only,13,19,1,2,152.013,0.7132709998069163
13,20,RF time only,13,19,1,2,153.0128,0.5302164452118681
13,20,RF time only,13,19,1,2,154.0131,0.43218374297815054
13,20,RF time only,13,19,1,2,155.0118,0.036827059529368864
13,20,RF time only,13,19,1,2,156.0112,0.5228681571946352
13,20,RF time only,13,19,1,2,157.0115,0.5918776482716912
13,20,RF time only,13,19,1,2,158.0129,0.4930845135547749
13,20,RF time only,13,19,1,2,159.0138,0.5224915086119534
13,20,RF time only,13,19,1,2,160.0113,0.7707869319852753
13,20,RF time only,13,19,1,2,161.0132,0.2853759909633522
13,20,RF time only,13,19,1,2,162.0131,0.21674883039509926
13,20,RF time only,13,19,1,2,163.0128,0.13403247977015567
13,20,RF time only,13,19,1,2,164.0125,0.33034854983883377
13,20,RF time only,13,19,1,2,165.0142,0.4869724873906109
13,20,RF time only,13,19,1,2,166.0134,0.6120108119999705
13,20,RF time only,13,19,1,2,167.0146,0.5573593534758163
13,20,RF time only,13,19,1,2,168.014,0.9044117337279135
13,20,RF time only,13,19,1,2,169.0144,0.741688320810828
13,20,RF time only,13,19,1,2,170.0139,0.8421248822628604
13,20,RF time only,13,19,1,2,171.0134,0.5293140448742024
13,20,RF time only,13,19,1,2,172.0138,0.18551425624369314
13,20,RF time only,13,19,1,2,173.0135,0.5109923146220987
13,20,RF time only,13,19,1,2,174.0141,0.12702570171751573
13,20,RF time only,13,19,1,2,175.014,0.26729662776700525
13,20,RF time only,13,19,1,2,176.0143,0.3873797570814903
13,20,RF time only,13,19,1,2,177.0146,0.500169230714586
13,20,RF time only,13,19,1,2,178.0154,0.20928893860315537
13,20,RF time only,13,19,1,2,179.0144,0.3224596191714166
13,20,RF time only,13,19,1,2,180.0144,0.2949303394940664
13,20,RF time only,13,19,1,2,181.0142,0.39674246496464843
13,20,RF time only,13,19,1,2,182.0138,0.4338480814943772
13,20,RF time only,13,19,1,2,183.0142,0.3965240829128085
13,20,RF time only,13,19,1,2,184.0148,0.2702662550199929
13,20,RF time only,13,19,1,2,185.0134,0.47521863705809797
13,20,RF time only,13,19,1,2,186.0141,0.8267596606077222
13,20,RF time only,13,19,1,2,187.0155,0.4221834096148745
13,20,RF time only,13,19,1,2,188.0152,0.36649489203468893
13,20,RF time only,13,19,1,2,189.0157,0.4740838672595061
13,20,RF time only,13,19,1,2,190.0155,0.3480210929429821
13,20,RF time only,13,19,1,2,191.0159,0.24812909155112103
13,20,RF time only,13,19,1,2,192.0149,0.4607624657543601
13,20,RF time only,13,19,1,2,193.0139,0.5708516329004764
13,20,RF time only,13,19,1,2,194.0151,0.49870943999595835
13,20,RF time only,13,19,1,2,195.0153,0.197495231516439
13,20,RF time only,13,19,1,2,196.0149,0.49224151387250087
13,20,RF time only,13,19,1,2,197.0161,0.01251710729123751
13,20,RF time only,13,19,1,2,198.016,0.8064688015835073
13,20,RF time only,13,19,1,2,199.0155,0.1836222314172399
13,20,RF time only,13,19,1,2,200.0149,0.35385417445156014
13,20,RF time only,13,19,1,2,201.0149,0.3907855107199378
13,20,RF time only,13,19,1,2,202.0162,0.8489968686624807
13,20,RF time only,13,19,1,2,203.017,0.11011348586099738
13,20,RF time only,13,19,1,2,204.016,0.4869788215571313
13,20,RF time only,13,19,1,2,205.0163,0.13212360542791374
13,20,RF time only,13,19,1,2,206.0161,0.33219013913310863
13,20,RF time only,13,19,1,2,207.0155,0.07407696300756429
13,20,RF time only,13,19,1,2,208.0161,0.11604522125134972
13,20,RF time only,13,19,1,2,209.0168,0.4538934764802177
13,20,RF time only,13,19,1,2,210.0161,0.3017860383467978
13,20,RF time only,13,19,1,2,211.0167,0.6188324422628793
13,20,RF time only,13,19,1,2,212.0168,0.30554269148874896
13,20,RF time only,13,19,1,2,213.0174,0.7404917859143895
13,20,RF time only,13,19,1,2,214.0169,0.03460691827210961
13,20,RF time only,13,19,1,2,215.0167,0.6612858771370977
13,20,RF time only,13,19,1,2,216.0177,0.2092364234867932
13,20,RF time only,13,19,1,2,217.017,0.8785126028849192
13,20,RF time only,13,19,1,2,218.0148,0.2352717279347425
13,20,RF time only,13,19,1,2,219.0061,0.6168927975636224
13,20,RF time only,13,19,1,2,220.006,0.09602864350984866
13,20,RF time only,13,19,1,2,221.0061,0.562740471814979
13,20,RF time only,13,19,1,2,222.006,0.6144964366693334
13,20,RF time only,13,19,1,2,223.0159,0.8307060928267829
13,20,RF time only,13,19,1,2,224.0162,0.30623885727326056
13,20,RF time only,13,19,1,2,225.0068,0.5841505681725198
13,20,RF time only,13,19,1,2,226.0167,0.24452704414972173
13,20,RF time only,13,19,1,2,227.0168,0.5072411348314547
13,20,RF time only,13,19,1,2,228.0056,0.8252585430437533
13,20,RF time only,13,19,1,2,229.0059,0.8403202817773884
13,20,RF time only,13,19,1,2,230.0066,0.5948689813007871
13,20,RF time only,13,19,1,2,231.0064,0.8077015623190754
13,20,RF time only,13,19,1,2,232.0061,0.7012188050084326
13,20,RF time only,13,19,1,2,233.016,0.18252513082438143
13,20,RF time only,13,19,1,2,234.0058,0.5049920180135204
13,20,RF time only,13,19,1,2,235.0168,0.10436539708857069
13,20,RF time only,13,19,1,2,236.0063,0.8613662051174792
13,20,RF time only,13,19,1,2,237.0071,0.9298215576556468
13,20,RF time only,13,19,1,2,238.0069,0.6203419412229855
13,20,RF time only,13,19,1,2,239.0063,0.9386975426866659
13,20,RF time only,13,19,1,2,240.0069,0.4513006724444832
13,20,RF time only,13,19,1,2,241.0089,0.8917476846713674
13,20,RF time only,13,19,1,2,242.0078,0.8108950842363339
13,20,RF time only,13,19,1,1,243.0075,0.20217455165414586
13,20,RF time only,13,19,1,1,244.0072,0.8025921073368543
13,20,RF time only,13,19,1,1,245.0076,0.46566566099282786
13,20,RF time only,13,19,1,1,246.0073,0.5085562906014484
13,20,RF time only,13,19,1,1,247.0076,0.10342855749160328
13,20,RF time only,13,19,1,1,248.0071,0.31028888606976907
13,20,RF time only,13,19,1,1,249.0073,0.5378229735387984
13,20,RF time only,13,19,1,1,250.0063,0.5444212394385598
13,20,RF time only,13,19,1,1,251.0064,0.4054558238527496
13,20,RF time only,13,19,1,1,252.0073,0.2672638392495566
13,20,RF time only,13,19,1,1,253.0071,0.40230984425963795
13,20,RF time only,13,19,1,1,254.0065,0.6620990084402503
13,20,RF time only,13,19,1,1,255.0074,0.6668973842225927
13,20,RF time only,13,19,1,1,256.0089,0.9303639250032621
13,20,RF time only,13,19,1,1,257.0083,0.9593516897016011
13,20,RF time only,13,19,1,1,258.0089,0.8103510839442387
13,20,RF time only,13,19,1,1,259.0085,0.7186762290433777
13,20,RF time only,13,19,1,1,260.0081,0.6226270030414089
13,20,RF time only,13,19,1,1,261.0073,0.5332431935237278
13,20,RF time only,13,19,1,1,262.0075,0.6931843171349767
13,20,RF time only,13,19,1,1,263.007,0.40425395708157585
13,20,RF time only,13,19,1,1,264.0101,0.86774384804732
13,20,RF time only,13,19,1,1,265.0092,0.8669295330322347
13,20,RF time only,13,19,1,1,266.0094,0.6113698042993659
13,20,RF time only,13,19,1,1,267.0097,0.5869789692652515
13,20,RF time only,13,19,1,1,268.0096,0.9459419888391268
13,20,RF time only,13,19,1,1,269.0101,0.6223337570607117
13,20,RF time only,13,19,1,1,270.01,0.698352829946971
13,20,RF time only,13,19,1,1,271.0106,0.5933380201444141
13,20,RF time only,13,19,1,1,272.0101,0.2702624969394256
13,20,RF time only,13,19,1,1,273.0105,0.43853594868660384
13,20,RF time only,13,19,1,1,274.0101,0.39293306125503497
13,20,RF time only,13,19,1,1,275.0096,0.5407859273857163
13,20,RF time only,13,19,1,1,276.0098,0.9705577879183732
13,20,RF time only,13,19,1,1,277.0098,0.9160021746003849
13,20,RF time only,13,19,1,1,278.0095,0.515916862704754
13,20,RF time only,13,19,1,1,279.009,0.4994503495790503
13,20,RF time only,13,19,1,1,280.0096,0.42225052166487986
13,20,RF time only,13,19,1,1,281.0111,0.7228041325368136
13,20,RF time only,13,19,1,1,282.0099,0.7350298855310282
13,20,RF time only,13,19,1,1,283.0103,0.29043880542201356
13,20,RF time only,13,19,1,1,284.0102,0.7482599619241569
13,20,RF time only,13,19,1,1,285.01,0.28033207402875443
13,20,RF time only,13,19,1,1,286.0091,0.7576043721466444
13,20,RF time only,13,19,1,1,287.0109,0.8239730902027435
13,20,RF time only,13,19,1,1,288.0114,0.99037102905276
13,20,RF time only,13,19,1,1,289.0109,0.9218010105046128
13,20,RF time only,13,19,1,1,290.0112,0.820612042198257
13,20,RF time only,13,19,1,1,291.012,0.6293402430531814
13,20,RF time only,13,19,1,1,292.0116,0.8109702845612191
13,20,RF time only,13,19,1,1,293.0122,0.8504889514115052
13,20,RF time only,13,19,1,1,294.0125,0.5245452159397839
13,20,RF time only,13,19,1,1,295.0118,0.9256189144214252
13,20,RF time only,13,19,1,1,296.0118,0.5775631281594499
13,20,RF time only,13,19,1,1,297.0102,0.4051534113294041
13,20,RF time only,13,19,1,1,298.0108,0.19339214028138751
13,20,RF time only,13,19,1,1,299.0104,0.46638431865276997
13,20,RF time only,13,19,1,1,300.0097,0.5580334061093064
13,20,RF time only,13,19,1,1,301.0105,0.9205694535443091
13,20,RF time only,20,32,0,0,0.0110804,0.0
13,20,RF time only,20,32,0,0,1.011041,0.0
13,20,RF time only,20,32,0,0,2.016676,0.0
13,20,RF time only,20,32,0,0,3.011486,0.0
13,20,RF time only,20,32,0,0,4.016891,0.10448939961747504
13,20,RF time only,20,32,0,0,5.011039,0.0
13,20,RF time only,20,32,0,0,6.015488,0.013223971901732051
13,20,RF time only,20,32,0,0,7.01065,0.0
13,20,RF time only,20,32,0,0,8.014598,0.30389195838563876
13,20,RF time only,20,32,0,0,9.018079,0.20167542230030788
13,20,RF time only,20,32,0,0,10.01411,0.0027100708924103424
13,20,RF time only,20,32,0,0,11.00884,0.0
13,20,RF time only,20,32,0,0,12.01504,0.0
13,20,RF time only,20,32,0,0,13.00929,0.013677350441767707
13,20,RF time only,20,32,0,0,14.01207,0.0
13,20,RF time only,20,32,0,0,15.01844,0.07670081834951081
13,20,RF time only,20,32,0,0,16.01151,0.4483054465784381
13,20,RF time only,20,32,0,0,17.01897,0.09867681363898019
13,20,RF time only,20,32,0,0,18.01219,0.053541145566214594
13,20,RF time only,20,32,0,0,19.018,0.1790725948303212
13,20,RF time only,20,32,0,0,20.01223,0.005497572058766264
13,20,RF time only,20,32,0,0,21.01826,0.013367128591753617
13,20,RF time only,20,32,0,0,22.01056,0.017450741094291976
13,20,RF time only,20,32,0,0,23.01604,0.01951004764922482
13,20,RF time only,20,32,0,0,24.01034,0.12034972447142801
13,20,RF time only,20,32,0,0,25.01539,0.23271334556208373
13,20,RF time only,20,32,0,0,26.00949,0.12704507324663122
13,20,RF time only,20,32,0,0,27.01463,0.1387913825551912
13,20,RF time only,20,32,0,0,28.00904,0.29052968343554436
13,20,RF time only,20,32,0,0,29.0132,0.0019606950451475837
13,20,RF time only,20,32,0,0,30.00926,0.57876803181711
13,20,RF time only,20,32,0,0,31.01427,0.05622212217962454
13,20,RF time only,20,32,0,0,32.00863,0.540427483118661
13,20,RF time only,20,32,0,0,33.0139,0.0024855579023617927
13,20,RF time only,20,32,0,0,34.01863,0.4324184959537942
13,20,RF time only,20,32,0,0,35.01357,0.37251656507865455
13,20,RF time only,20,32,0,0,36.01921,0.4581555795647963
13,20,RF time only,20,32,0,0,37.01136,0.029011762999645026
13,20,RF time only,20,32,0,0,38.01687,0.20052873242578492
13,20,RF time only,20,32,0,0,39.01275,0.01608381083220568
13,20,RF time only,20,32,0,0,40.01619,0.15675079135338635
13,20,RF time only,20,32,0,0,41.01143,0.08340296951157669
13,20,RF time only,20,32,0,0,42.0158,0.1876004242577659
13,20,RF time only,20,32,0,0,43.01032,0.3373908198312153
13,20,RF time only,20,32,0,0,44.01684,0.4146137920966773
13,20,RF time only,20,32,0,0,45.01042,0.006362034666383665
13,20,RF time only,20,32,0,0,46.01677,0.2248355759709756
13,20,RF time only,20,32,0,0,47.00881,0.40501018378132453
13,20,RF time only,20,32,0,0,48.01413,0.08316888714790006
13,20,RF time only,20,32,0,0,49.00892,0.6250404955133395
13,20,RF time only,20,32,0,0,50.01486,0.26271639007609693
13,20,RF time only,20,32,0,0,51.00885,0.47029229720913823
13,20,RF time only,20,32,0,0,52.01189,0.3565448508585529
13,20,RF time only,20,32,0,0,53.00847,0.4412284597795947
13,20,RF time only,20,32,0,0,54.0122,0.004418839791571218
13,20,RF time only,20,32,0,0,55.01799,0.2783470954008828
13,20,RF time only,20,32,0,0,56.01407,0.16731292766017614
13,20,RF time only,20,32,0,0,57.01657,0.030395803232821254
13,20,RF time only,20,32,0,0,58.01276,0.004690236683960437
13,20,RF time only,20,32,0,0,59.01617,0.40946777562629705
13,20,RF time only,20,32,0,0,60.00939,0.0903586504536886
13,20,RF time only,20,32,0,0,61.01475,0.5691455177184865
13,20,RF time only,20,32,0,0,62.01167,0.39518837794752204
13,20,RF time only,20,32,0,0,63.01693,0.06591588017931706
13,20,RF time only,20,32,0,0,64.00983,0.5137082567993466
13,20,RF time only,20,32,0,0,65.0164,0.017217556800529887
13,20,RF time only,20,32,0,0,66.0104,0.3614411715311278
13,20,RF time only,20,32,0,0,67.0154,0.34707814303414386
13,20,RF time only,20,32,0,0,68.00903,0.43761815979889995
13,20,RF time only,20,32,0,0,69.01451,0.15467966940118372
13,20,RF time only,20,32,0,0,70.00904,0.3756649922639549
13,20,RF time only,20,32,0,0,71.01378,0.4288712565262912
13,20,RF time only,20,32,1,2,72.01909,0.599820587157187
13,20,RF time only,20,32,1,2,73.01382,0.1929282881417903
13,20,RF time only,20,32,1,2,74.01805,0.06050548258115162
13,20,RF time only,20,32,1,2,75.01324,0.38046245867936856
13,20,RF time only,20,32,1,2,76.0176,0.4667342045767225
13,20,RF time only,20,32,1,2,77.01219,0.37595932864436016
13,20,RF time only,20,32,1,2,78.01801,0.43001167674471363
13,20,RF time only,20,32,1,2,79.01147,0.2991279562464445
13,20,RF time only,20,32,1,2,80.01809,0.08667109684014097
13,20,RF time only,20,32,1,2,81.01084,0.25614554539373424
13,20,RF time only,20,32,1,2,82.01569,0.1483540986100135
13,20,RF time only,20,32,1,2,83.00967,0.5048066623926812
13,20,RF time only,20,32,1,2,84.01677,0.06059191022540968
13,20,RF time only,20,32,1,2,85.01046,0.8696690587948528
13,20,RF time only,20,32,1,2,86.01457,0.45553887631619516
13,20,RF time only,20,32,1,2,87.00938,0.442883889239401
13,20,RF time only,20,32,1,2,88.01499,0.36443386764453334
13,20,RF time only,20,32,1,2,89.00937,0.3593629031604636
13,20,RF time only,20,32,1,2,90.01464,0.34162090644475396
13,20,RF time only,20,32,1,2,91.01879,0.44623745608643245
13,20,RF time only,20,32,1,2,92.01122,0.3516971188321495
13,20,RF time only,20,32,1,2,93.01852,0.3432339315008525
13,20,RF time only,20,32,1,2,94.01377,0.11882472480450627
13,20,RF time only,20,32,1,2,95.01805,0.4965543818265221
13,20,RF time only,20,32,1,2,96.01261,0.18710726317366108
13,20,RF time only,20,32,1,2,97.01575,0.5484837246865879
13,20,RF time only,20,32,1,2,98.01261,0.024391911886493072
13,20,RF time only,20,32,1,2,99.01852,0.8228644843721562
13,20,RF time only,20,32,1,2,100.0113,0.6256710207371271
13,20,RF time only,20,32,1,2,101.0157,0.5459662509890175
13,20,RF time only,20,32,1,2,102.0107,0.36036556469605563
13,20,RF time only,20,32,1,2,103.0147,0.7333302720338869
13,20,RF time only,20,32,1,2,104.0102,0.8622989649117803
13,20,RF time only,20,32,1,2,105.0154,0.3937841412634075
13,20,RF time only,20,32,1,2,106.0096,0.4708113821121493
13,20,RF time only,20,32,1,2,107.0156,0.7630909791280085
13,20,RF time only,20,32,1,2,108.0097,0.7594880173754109
13,20,RF time only,20,32,1,2,109.0142,0.6557121276310529
13,20,RF time only,20,32,1,2,110.0082,0.1038087423463584
13,20,RF time only,20,32,1,2,111.0138,0.514081728091113
13,20,RF time only,20,32,1,1,112.0179,0.7117604704644538
13,20,RF time only,20,32,1,1,113.0144,0.6245420005424317
13,20,RF time only,20,32,1,1,114.018,0.9001652626781422
13,20,RF time only,20,32,1,1,115.0132,0.4563625448446328
13,20,RF time only,20,32,1,1,116.0172,0.8143683424908267
13,20,RF time only,20,32,1,1,117.0128,0.3445190238550853
13,20,RF time only,20,32,1,1,118.0175,0.7693420563360865
13,20,RF time only,20,32,1,1,119.0129,0.49357903544555076
13,20,RF time only,20,32,1,1,120.0177,0.5189936435408717
13,20,RF time only,20,32,1,1,121.011,0.3303778067482409
13,20,RF time only,20,32,1,1,122.0157,0.6152448769364731
13,20,RF time only,20,32,1,1,123.0121,0.2539743672858894
13,20,RF time only,20,32,1,1,124.0152,0.8200434125210906
13,20,RF time only,20,32,1,1,125.0103,0.41653811053109696
13,20,RF time only,20,32,1,1,126.0166,0.8772991473111237
13,20,RF time only,20,32,1,1,127.0105,0.24235874418249684
13,20,RF time only,20,32,1,1,128.0149,0.5731769302916621
13,20,RF time only,20,32,1,1,129.0176,0.850970218251592
13,20,RF time only,20,32,1,1,130.0147,0.18477733048584608
13,20,RF time only,20,32,1,1,131.0191,0.8578378287858061
13,20,RF time only,20,32,1,1,132.0146,0.2630537418851394
13,20,RF time only,20,32,1,1,133.0088,0.056426817235970116
13,20,RF time only,20,32,1,1,134.0134,0.12280820720836154
13,20,RF time only,20,32,1,1,135.0188,0.7571735162200603
13,20,RF time only,20,32,1,1,136.0134,0.13512121493258655
13,20,RF time only,20,32,1,1,137.0154,0.5561000528994485
13,20,RF time only,20,32,1,1,138.0115,0.7462651129837611
13,20,RF time only,20,32,1,1,139.0172,0.33173188955295746
13,20,RF time only,20,32,1,1,140.0108,0.5557274670620678
13,20,RF time only,20,32,1,1,141.0175,0.09727323946533172
13,20,RF time only,20,32,1,1,142.0103,0.7520637597991485
13,20,RF time only,20,32,1,1,143.0176,0.3253681221196127
13,20,RF time only,20,32,1,1,144.01,0.255927151718395
13,20,RF time only,20,32,1,1,145.0161,0.44713220416145255
13,20,RF time only,20,32,1,1,146.0108,0.7901132449374688
13,20,RF time only,20,32,1,1,147.0163,0.04471955401313514
13,20,RF time only,20,32,1,1,148.0093,0.28979909854912783
13,20,RF time only,20,32,1,1,149.0147,0.36635658959706396
13,20,RF time only,20,32,1,1,150.0185,0.41982691519003396
13,20,RF time only,20,32,1,1,151.0144,0.3266463755725523
13,20,RF time only,20,32,1,1,152.0169,0.845516423241571
13,20,RF time only,20,32,1,1,153.0127,0.45322802193550293
13,20,RF time only,20,32,1,1,154.0087,0.6245265694047223
13,20,RF time only,20,32,1,1,155.0125,0.2607065039101285
13,20,RF time only,20,32,1,1,156.0175,0.7965816305957464
13,20,RF time only,20,32,1,1,157.0109,0.5147464050436675
13,20,RF time only,20,32,1,1,158.0174,0.4837437018862829
13,20,RF time only,20,32,1,1,159.012,0.2159349797645849
13,20,RF time only,20,32,1,1,160.018,0.3151954680225582
13,20,RF time only,20,32,1,1,161.0096,0.5069708555425153
13,20,RF time only,20,32,1,1,162.0173,0.7681530248720714
13,20,RF time only,20,32,1,1,163.0103,0.24041231856226447
13,20,RF time only,20,32,1,1,164.0173,0.6055826664392482
13,20,RF time only,20,32,1,1,165.0189,0.6366342210029085
13,20,RF time only,20,32,1,1,166.0151,0.746814885972265
13,20,RF time only,20,32,1,1,167.01,0.940234505271611
13,20,RF time only,20,32,1,1,168.0143,0.8337628980701411
13,20,RF time only,20,32,1,1,169.0091,0.5048629333007256
13,20,RF time only,20,32,1,1,170.014,0.6998531993946948
13,20,RF time only,20,32,1,1,171.0084,0.9706696019317066
13,20,RF time only,20,32,1,1,172.013,0.9356073219537573
13,20,RF time only,20,32,1,1,173.018,0.44908241202132215
13,20,RF time only,20,32,1,1,174.0129,0.2792277325799388
13,20,RF time only,20,32,1,1,175.0199,0.866261967238787
13,20,RF time only,20,32,1,1,176.0122,0.7078819778893014
13,20,RF time only,20,32,1,1,177.0179,0.2313666222484821
13,20,RF time only,20,32,1,1,178.0117,0.5071809078882459
13,20,RF time only,20,32,1,1,179.0178,0.37519608349065675
13,20,RF time only,20,32,1,1,180.0106,0.44659034564615174
13,20,RF time only,20,32,1,1,181.0175,0.4222069093858431
13,20,RF time only,20,32,1,1,182.0107,0.4491155725659061
13,20,RF time only,20,32,1,1,183.0149,0.7638972647829231
13,20,RF time only,20,32,1,1,184.0101,0.03670803140109977
13,20,RF time only,20,32,1,1,185.0164,0.5606822907235308
13,20,RF time only,20,32,1,1,186.0087,0.340728130981726
13,20,RF time only,20,32,1,1,187.0147,0.8034721942252115
13,20,RF time only,20,32,1,1,188.0101,0.11610679203511919
13,20,RF time only,20,32,1,1,189.0145,0.2393348717815892
13,20,RF time only,20,32,1,1,190.0089,0.4598974500682265
13,20,RF time only,20,32,1,1,191.0141,0.8310857932319934
13,20,RF time only,20,32,1,1,192.0196,0.656195994005132
13,20,RF time only,20,32,1,1,193.0127,0.42321166958650236
13,20,RF time only,20,32,1,1,194.0189,0.9235042754335526
13,20,RF time only,20,32,1,1,195.0131,0.6565524081346542
13,20,RF time only,20,32,1,1,196.017,0.9292736228523978
13,20,RF time only,20,32,1,1,197.0139,0.029279972140692147
13,20,RF time only,20,32,1,1,198.0189,0.5859260838945426
13,20,RF time only,20,32,1,1,199.011,0.5311418485018592
13,20,RF time only,20,32,1,1,200.017,0.9129283358545964
13,20,RF time only,20,32,1,1,201.0121,0.782725786285727
13,20,RF time only,20,32,1,1,202.0165,0.9051790472918247
13,20,RF time only,20,32,1,1,203.0116,0.7430935272905463
13,20,RF time only,20,32,1,1,204.0152,0.8704850469281463
13,20,RF time only,20,32,1,1,205.0103,0.7809147394050603
13,20,RF time only,20,32,1,1,206.0148,0.7723689464722177
13,20,RF time only,20,32,1,1,207.0102,0.7841307763119914
13,20,RF time only,20,32,1,1,208.0152,0.6999447247968061
13,20,RF time only,20,32,1,1,209.0089,0.8243213596536609
13,20,RF time only,20,32,1,1,210.0144,0.7525552189720697
13,20,RF time only,20,32,1,1,211.019,0.7525857827018908
13,20,RF time only,20,32,1,1,212.0146,0.3615366814630614
13,20,RF time only,20,32,1,1,213.0184,0.6697487912418311
13,20,RF time only,20,32,1,1,214.0145,0.021606609662110077
13,20,RF time only,20,32,1,1,215.0192,0.7464743653238872
13,20,RF time only,20,32,1,1,216.0108,0.9067930211190071
13,20,RF time only,20,32,1,1,217.0188,0.6177393595290718
13,20,RF time only,20,32,1,1,218.0127,0.40772760145773884
13,20,RF time only,20,32,1,1,219.0183,0.6549570300616201
13,20,RF time only,20,32,1,1,220.0118,0.9620182747829706
13,20,RF time only,20,32,1,1,221.0171,0.5168570897315387
13,20,RF time only,20,32,1,1,222.0114,0.5382395590954797
13,20,RF time only,20,32,1,1,223.0159,0.8307060928267829
13,20,RF time only,20,32,1,1,224.0093,0.9809001805911063
13,20,RF time only,20,32,1,1,225.0162,0.5353153067557502
13,20,RF time only,20,32,1,1,226.0101,0.8558546520555342
13,20,RF time only,20,32,1,1,227.0162,0.5191997045138096
13,20,RF time only,20,32,1,1,228.0197,0.5277540129399565
13,20,RF time only,20,32,1,1,229.0147,0.5634746695938547
13,20,RF time only,20,32,1,1,230.009,0.7744737052970673
13,20,RF time only,20,32,1,1,231.0148,0.3679678060139304
13,20,RF time only,20,32,1,1,232.0199,0.6260071223783013
13,20,RF time only,20,32,1,1,233.0121,0.5814534022029126
13,20,RF time only,20,32,1,1,234.0193,0.7623811491591104
13,20,RF time only,20,32,1,1,235.0128,0.9264848692991756
13,20,RF time only,20,32,1,1,236.0184,0.6945791818700596
13,20,RF time only,20,32,1,1,237.0118,0.6391646780651591
13,20,RF time only,20,32,1,1,238.0171,0.8354566061931795
13,20,RF time only,20,32,1,1,239.0134,0.5812449145390666
13,20,RF time only,20,32,1,1,240.0174,0.6103076818289236
13,20,RF time only,20,32,1,1,241.0109,0.8994486328355314
13,20,RF time only,20,32,1,1,242.0174,0.7565441312264263
13,20,RF time only,20,32,1,1,243.0108,0.7557347755291466
13,20,RF time only,20,32,1,1,244.0148,0.9818786983305515
13,20,RF time only,20,32,1,1,245.0102,0.9321962337702826
13,20,RF time only,20,32,1,1,246.0142,0.96220986614129
13,20,RF time only,20,32,1,1,247.0095,0.9957388782509217
13,20,RF time only,20,32,1,1,248.0159,0.7803181413323834
13,20,RF time only,20,32,1,1,249.02,0.5754446789527801
13,20,RF time only,20,32,1,1,250.0159,0.33332572943315875
13,20,RF time only,20,32,1,1,251.0192,0.33228234028440445
13,20,RF time only,20,32,1,1,252.0122,0.9279567372329295
13,20,RF time only,20,32,1,1,253.0195,0.4092163231505439
13,20,RF time only,20,32,1,1,254.0143,0.6646539808705936
13,20,RF time only,20,32,1,1,255.0187,0.6774336717364101
13,20,RF time only,20,32,1,1,256.0135,0.2268163889256175
13,20,RF time only,20,32,1,1,257.0157,0.8730666916260715
13,20,RF time only,20,32,1,1,258.0135,0.515942808085863
13,20,RF time only,20,32,1,1,259.0182,0.39991653731912713
13,20,RF time only,20,32,1,1,260.012,0.8716750463128492
13,20,RF time only,20,32,1,1,261.0171,0.9768469025471099
13,20,RF time only,20,32,1,1,262.0101,0.8986168364819475
13,20,RF time only,20,32,1,1,263.0161,0.8187745888498987
13,20,RF time only,20,32,1,1,264.0101,0.86774384804732
13,20,RF time only,20,32,1,1,265.0136,0.9953141361256546
13,20,RF time only,20,32,1,1,266.0092,0.6113698042993659
13,20,RF time only,20,32,1,1,267.0129,0.883201300849114
13,20,RF time only,20,32,1,1,268.0095,0.9483964887657758
13,20,RF time only,20,32,1,1,269.0145,0.5604659648393283
13,20,RF time only,20,32,1,1,270.0187,0.869058948469714
13,20,RF time only,20,32,1,1,271.0134,0.599195143647774
13,20,RF time only,20,32,1,1,272.0087,0.48134756885353086
13,20,RF time only,20,32,1,1,273.0116,0.5483700261401337
13,20,RF time only,20,32,1,1,274.0177,0.6901059997177588
13,20,RF time only,20,32,1,1,275.0121,0.673224906133208
13,20,RF time only,20,32,1,1,276.0184,0.866721451910292
13,20,RF time only,20,32,1,1,277.0122,0.7132371468402903
13,20,RF time only,20,32,1,1,278.0174,0.9610397916043558
13,20,RF time only,20,32,1,1,279.0111,0.8905716835715292
13,20,RF time only,20,32,1,1,280.0171,0.9598013624586054
13,20,RF time only,20,32,1,1,281.0084,0.5697137652088685
13,20,RF time only,20,32,1,1,282.0154,0.7299559619291704
13,20,RF time only,20,32,1,1,283.0103,0.29043880542201356
13,20,RF time only,20,32,1,1,284.0168,0.7379153144563745
13,20,RF time only,20,32,1,1,285.0093,0.26577837140113003
13,20,RF time only,20,32,1,1,286.0151,0.8595003792251746
13,20,RF time only,20,32,1,1,287.0084,0.7199606812942232
13,20,RF time only,20,32,1,1,288.0136,0.5499892670670273
13,20,RF time only,20,32,1,1,289.0085,0.9234892362460205
13,20,RF time only,20,32,1,1,290.0133,0.831685033630499
13,20,RF time only,20,32,1,1,291.0176,0.6257083847848556
13,20,RF time only,20,32,1,1,292.0125,0.36716894389488036
13,20,RF time only,20,32,1,1,293.0178,0.8885837340621424
13,20,RF time only,20,32,1,1,294.0131,0.7997637557656949
13,20,RF time only,20,32,1,1,295.0174,0.9575179389405183
13,20,RF time only,20,32,1,1,296.0108,0.9837767684281498
13,20,RF time only,20,32,1,1,297.0173,0.8970741136779403
13,20,RF time only,20,32,1,1,298.0109,0.14041122390030134
13,20,RF time only,20,32,1,1,299.0171,0.8306614472788758
13,20,RF time only,20,32,1,1,300.0103,0.4530031632642307
13,20,RF time only,20,32,1,1,301.0146,0.981268717118291
13,20,GB time only,13,19,0,0,0.0111871,0.0009798683105115148
13,20,GB time only,13,19,0,0,1.008122,0.0009798683105115148
13,20,GB time only,13,19,0,0,2.009342,0.0009798683105115148
13,20,GB time only,13,19,0,0,3.01029,0.0009798683105115148
13,20,GB time only,13,19,0,0,4.012894,0.040891605997585394
13,20,GB time only,13,19,0,0,5.012518,0.041551663768641466
13,20,GB time only,13,19,0,0,6.011678,0.07973083247993154
13,20,GB time only,13,19,1,1,7.012534,0.0807375315354784
13,20,GB time only,13,19,1,1,8.012196,0.08058274547522454
13,20,GB time only,13,19,1,1,9.014396,0.08085906319704496
13,20,GB time only,13,19,1,1,10.01344,0.08085906319704496
13,20,GB time only,13,19,1,1,11.01306,0.08056369527132518
13,20,GB time only,13,19,1,1,12.01485,0.08079192303753202
13,20,GB time only,13,19,1,1,13.0143,0.08056369527132518
13,20,GB time only,13,19,1,1,14.01455,0.08137635107694338
13,20,GB time only,13,19,1,1,15.01391,0.11623065406155834
13,20,GB time only,13,19,1,1,16.01548,0.045008457112171156
13,20,GB time only,13,19,1,1,17.01406,0.08004531384238624
13,20,GB time only,13,19,1,1,18.0144,0.08171194268914005
13,20,GB time only,13,19,1,1,19.01565,0.08171194268914005
13,20,GB time only,13,19,1,1,20.01563,0.08157939981356116
13,20,GB time only,13,19,1,1,21.01543,0.08157939981356116
13,20,GB time only,13,19,1,1,22.01529,0.08157939981356116
13,20,GB time only,13,19,1,1,23.01496,0.08088762092282302
13,20,GB time only,13,19,1,1,24.01564,0.08098918653706212
13,20,GB time only,13,19,1,1,25.01589,0.08094092736486709
13,20,GB time only,13,19,1,1,26.016,0.15830412100789704
13,20,GB time only,13,19,1,1,27.01539,0.1562716140209887
13,20,GB time only,13,19,1,1,28.01522,0.1562716140209887
13,20,GB time only,13,19,1,1,29.01563,0.15888647909945408
13,20,GB time only,13,19,1,1,30.01614,0.23115826804675216
13,20,GB time only,13,19,1,1,31.01577,0.1990487134525241
13,20,GB time only,13,19,1,1,32.01576,0.22564364209534324
13,20,GB time only,13,19,1,1,33.0156,0.16255302522484663
13,20,GB time only,13,19,1,1,34.0147,0.22607825804837475
13,20,GB time only,13,19,1,1,35.01602,0.16231627678634683
13,20,GB time only,13,19,1,1,36.01648,0.16231627678634683
13,20,GB time only,13,19,1,1,37.01661,0.22777517209595277
13,20,GB time only,13,19,1,1,38.01633,0.23088895848980842
13,20,GB time only,13,19,1,1,39.01587,0.19413212600603957
13,20,GB time only,13,19,1,1,40.00611,0.2318672548531799
13,20,GB time only,13,19,1,1,41.01639,0.15854597879797372
13,20,GB time only,13,19,1,1,42.01607,0.23141019133068857
13,20,GB time only,13,19,1,1,43.0164,0.19953685127393958
13,20,GB time only,13,19,1,1,44.01625,0.25891184743812007
13,20,GB time only,13,19,1,1,45.01569,0.19982348719382698
13,20,GB time only,13,19,1,1,46.01624,0.22592980423320969
13,20,GB time only,13,19,1,1,47.01646,0.16331700962233547
13,20,GB time only,13,19,1,1,48.01652,0.2597706025819262
13,20,GB time only,13,19,1,1,49.01628,0.2597706025819262
13,20,GB time only,13,19,1,1,50.01647,0.23079629813829414
13,20,GB time only,13,19,1,1,51.01644,0.23079629813829414
13,20,GB time only,13,19,1,1,52.01611,0.2701592036197336
13,20,GB time only,13,19,1,1,53.01606,0.2975984568365008
13,20,GB time only,13,19,1,1,54.00663,0.33957548391411835
13,20,GB time only,13,19,0,0,55.01663,0.3670799294189359
13,20,GB time only,13,19,1,1,56.0057,0.33547729294235434
13,20,GB time only,13,19,1,1,57.00594,0.33547729294235434
13,20,GB time only,13,19,1,2,58.00592,0.36594903745728263
13,20,GB time only,13,19,1,2,59.0167,0.34072812422328563
13,20,GB time only,13,19,1,2,60.01779,0.3625595462780252
13,20,GB time only,13,19,1,2,61.00571,0.3625595462780252
13,20,GB time only,13,19,1,2,62.01745,0.36525527459613677
13,20,GB time only,13,19,1,2,63.00681,0.3628275633537707
13,20,GB time only,13,19,1,2,64.00627,0.34726728657598865
13,20,GB time only,13,19,1,2,65.00667,0.3718650534884091
13,20,GB time only,13,19,1,2,66.0068,0.38734019758896154
13,20,GB time only,13,19,1,2,67.00623,0.38734019758896154
13,20,GB time only,13,19,1,2,68.00655,0.34639933691271046
13,20,GB time only,13,19,1,2,69.00725,0.3879706244161184
13,20,GB time only,13,19,1,2,70.0069,0.34639933691271046
13,20,GB time only,13,19,1,2,71.00654,0.3871563369936736
13,20,GB time only,13,19,1,2,72.00589,0.3720827383492617
13,20,GB time only,13,19,1,2,73.00656,0.3413480828140258
13,20,GB time only,13,19,1,2,74.00774,0.36906881521795576
13,20,GB time only,13,19,1,2,75.0063,0.3664925693294338
13,20,GB time only,13,19,1,2,76.0173,0.42891395871444943
13,20,GB time only,13,19,1,2,77.01709,0.37288212722177333
13,20,GB time only,13,19,1,2,78.00648,0.37288212722177333
13,20,GB time only,13,19,1,2,79.00738,0.37062200606227597
13,20,GB time only,13,19,1,2,80.00748,0.418166201117171
13,20,GB time only,13,19,1,2,81.00877,0.38084092554299176
13,20,GB time only,13,19,1,2,82.00806,0.40529983980517326
13,20,GB time only,13,19,1,2,83.00819,0.42646989057337337
13,20,GB time only,13,19,1,2,84.00889,0.45923043616139425
13,20,GB time only,13,19,1,2,85.00765,0.40390655282754984
13,20,GB time only,13,19,1,2,86.00846,0.46491675317383396
13,20,GB time only,13,19,1,2,87.00851,0.46491675317383396
13,20,GB time only,13,19,1,2,88.00794,0.46491675317383396
13,20,GB time only,13,19,1,2,89.00771,0.402212500491882
13,20,GB time only,13,19,1,2,90.00766,0.46418924089042785
13,20,GB time only,13,19,1,2,91.00752,0.46161327201916086
13,20,GB time only,13,19,1,2,92.00755,0.5223785422227847
13,20,GB time only,13,19,1,2,93.00887,0.48662477305172164
13,20,GB time only,13,19,1,2,94.00878,0.4451880841440154
13,20,GB time only,13,19,1,2,95.0084,0.4840810233733339
13,20,GB time only,13,19,1,2,96.0089,0.47299286816973324
13,20,GB time only,13,19,1,2,97.00879,0.5937782251364251
13,20,GB time only,13,19,1,2,98.00745,0.5937782251364251
13,20,GB time only,13,19,1,2,99.00846,0.47422460790379184
13,20,GB time only,13,19,1,2,100.0082,0.5288440972693471
13,20,GB time only,13,19,1,2,101.0088,0.5660822921050348
13,20,GB time only,13,19,1,2,102.0081,0.5034222739765258
13,20,GB time only,13,19,1,2,103.0087,0.5123862098557189
13,20,GB time only,13,19,1,2,104.0086,0.47528416229957826
13,20,GB time only,13,19,1,2,105.0088,0.4888457153587939
13,20,GB time only,13,19,1,2,106.0089,0.4969917705409611
13,20,GB time only,13,19,1,2,107.0094,0.4969917705409611
13,20,GB time only,13,19,1,2,108.0097,0.5100746807584214
13,20,GB time only,13,19,1,2,109.0098,0.41352467206119065
13,20,GB time only,13,19,1,2,110.0093,0.4897022606919031
13,20,GB time only,13,19,1,2,111.0108,0.4971930079713869
13,20,GB time only,13,19,1,2,112.0113,0.5219076701103945
13,20,GB time only,13,19,1,2,113.0099,0.5219076701103945
13,20,GB time only,13,19,1,2,114.0104,0.4578220912346749
13,20,GB time only,13,19,1,2,115.0104,0.44347059937128114
13,20,GB time only,13,19,1,2,116.0103,0.4819654502973983
13,20,GB time only,13,19,1,2,117.0103,0.4819654502973983
13,20,GB time only,13,19,1,2,118.011,0.43912700209071404
13,20,GB time only,13,19,1,2,119.0105,0.4238457545813445
13,20,GB time only,13,19,1,2,120.0106,0.45055751785622283
13,20,GB time only,13,19,1,2,121.0102,0.4570542016513069
13,20,GB time only,13,19,1,2,122.0111,0.4633063411360837
13,20,GB time only,13,19,1,2,123.0116,0.4633063411360837
13,20,GB time only,13,19,1,2,124.0112,0.4431673888141705
13,20,GB time only,13,19,1,2,125.0108,0.4835305982949315
13,20,GB time only,13,19,1,2,126.0111,0.472440952444563
13,20,GB time only,13,19,1,2,127.0116,0.48759402478343766
13,20,GB time only,13,19,1,2,128.0111,0.48759402478343766
13,20,GB time only,13,19,1,2,129.0099,0.4936625427312077
13,20,GB time only,13,19,1,2,130.011,0.49247300912329667
13,20,GB time only,13,19,1,2,131.0099,0.4995054402300783
13,20,GB time only,13,19,1,2,132.0116,0.5163404796388553
13,20,GB time only,13,19,1,2,133.0112,0.5289312245332938
13,20,GB time only,13,19,1,2,134.011,0.5289312245332938
13,20,GB time only,13,19,1,2,135.0112,0.5655166159740135
13,20,GB time only,13,19,1,2,136.0114,0.5086646790118594
13,20,GB time only,13,19,1,2,137.0117,0.5786740876673196
13,20,GB time only,13,19,1,2,138.0124,0.5455308818517295
13,20,GB time only,13,19,1,2,139.0119,0.5455308818517295
13,20,GB time only,13,19,1,2,140.0126,0.5385342275891756
13,20,GB time only,13,19,1,2,141.0127,0.564008401733041
13,20,GB time only,13,19,1,2,142.0116,0.539479610487039
13,20,GB time only,13,19,1,2,143.0115,0.5466795409477201
13,20,GB time only,13,19,1,2,144.0123,0.5742837861944712
13,20,GB time only,13,19,1,2,145.0119,0.5742837861944712
13,20,GB time only,13,19,1,2,146.0106,0.5498099533103957
13,20,GB time only,13,19,1,2,147.0095,0.5539165184432624
13,20,GB time only,13,19,1,2,148.0128,0.5405783064040842
13,20,GB time only,13,19,1,2,149.0116,0.5405783064040842
13,20,GB time only,13,19,1,2,150.0129,0.5637332959397101
13,20,GB time only,13,19,1,2,151.0131,0.5137393139493993
13,20,GB time only,13,19,1,2,152.013,0.5631730617939966
13,20,GB time only,13,19,1,2,153.0128,0.5575444394364096
13,20,GB time only,13,19,1,2,154.0131,0.5515626635212441
13,20,GB time only,13,19,1,2,155.0118,0.5515626635212441
13,20,GB time only,13,19,1,2,156.0112,0.5515626635212441
13,20,GB time only,13,19,1,2,157.0115,0.5587407223775409
13,20,GB time only,13,19,1,2,158.0129,0.5875708231157439
13,20,GB time only,13,19,1,2,159.0138,0.6272153342201687
13,20,GB time only,13,19,1,2,160.0113,0.6272153342201687
13,20,GB time only,13,19,1,2,161.0132,0.632933427116135
13,20,GB time only,13,19,1,2,162.0131,0.6209982885515918
13,20,GB time only,13,19,1,2,163.0128,0.6248923995457654
13,20,GB time only,13,19,1,2,164.0125,0.5972596037591213
13,20,GB time only,13,19,1,2,165.0142,0.6445031927048807
13,20,GB time only,13,19,1,2,166.0134,0.6445031927048807
13,20,GB time only,13,19,1,2,167.0146,0.6219834949557153
13,20,GB time only,13,19,1,2,168.014,0.6295295854482942
13,20,GB time only,13,19,1,2,169.0144,0.6342545307769284
13,20,GB time only,13,19,1,2,170.0139,0.6036707227785609
13,20,GB time only,13,19,1,2,171.0134,0.6036707227785609
13,20,GB time only,13,19,1,2,172.0138,0.5983584840288998
13,20,GB time only,13,19,1,2,173.0135,0.6473536810050485
13,20,GB time only,13,19,1,2,174.0141,0.6075167980557357
13,20,GB time only,13,19,1,2,175.014,0.6492334995374199
13,20,GB time only,13,19,1,2,176.0143,0.6087343767990739
13,20,GB time only,13,19,1,2,177.0146,0.6087343767990739
13,20,GB time only,13,19,1,2,178.0154,0.6362414855403145
13,20,GB time only,13,19,1,2,179.0144,0.6295846304745757
13,20,GB time only,13,19,1,2,180.0144,0.593522240945042
13,20,GB time only,13,19,1,2,181.0142,0.6500281146702919
13,20,GB time only,13,19,1,2,182.0138,0.6500281146702919
13,20,GB time only,13,19,1,2,183.0142,0.5673670020726548
13,20,GB time only,13,19,1,2,184.0148,0.6474649908930762
13,20,GB time only,13,19,1,2,185.0134,0.6428627855144434
13,20,GB time only,13,19,1,2,186.0141,0.595184315119918
13,20,GB time only,13,19,1,2,187.0155,0.6261729158974447
13,20,GB time only,13,19,1,2,188.0152,0.6261729158974447
13,20,GB time only,13,19,1,2,189.0157,0.6201643908339277
13,20,GB time only,13,19,1,2,190.0155,0.6618359737624075
13,20,GB time only,13,19,1,2,191.0159,0.6362779042404311
13,20,GB time only,13,19,1,2,192.0149,0.67484917829907
13,20,GB time only,13,19,1,2,193.0139,0.67484917829907
13,20,GB time only,13,19,1,2,194.0151,0.6706463166905509
13,20,GB time only,13,19,1,2,195.0153,0.6327423282414449
13,20,GB time only,13,19,1,2,196.0149,0.7398812878843712
13,20,GB time only,13,19,1,2,197.0161,0.6073022681585025
13,20,GB time only,13,19,1,2,198.016,0.6073022681585025
13,20,GB time only,13,19,1,2,199.0155,0.6430450858951466
13,20,GB time only,13,19,1,2,200.0149,0.6911676488838376
13,20,GB time only,13,19,1,2,201.0149,0.6062200254666343
13,20,GB time only,13,19,1,2,202.0162,0.6915291788884617
13,20,GB time only,13,19,1,2,203.017,0.5795128973932189
13,20,GB time only,13,19,1,2,204.016,0.5795128973932189
13,20,GB time only,13,19,1,2,205.0163,0.6166256384712414
13,20,GB time only,13,19,1,2,206.0161,0.660272148759403
13,20,GB time only,13,19,1,2,207.0155,0.6031948595229596
13,20,GB time only,13,19,1,2,208.0161,0.6031948595229596
13,20,GB time only,13,19,1,2,209.0168,0.6031948595229596
13,20,GB time only,13,19,1,2,210.0161,0.5940798748325463
13,20,GB time only,13,19,1,2,211.0167,0.6651401889196813
13,20,GB time only,13,19,1,2,212.0168,0.627786798815965
13,20,GB time only,13,19,1,2,213.0174,0.6172001173218357
13,20,GB time only,13,19,1,2,214.0169,0.6074839327824618
13,20,GB time only,13,19,1,2,215.0167,0.6074839327824618
13,20,GB time only,13,19,1,2,216.0177,0.6164175132377354
13,20,GB time only,13,19,1,2,217.017,0.6276536592887343
13,20,GB time only,13,19,1,2,218.0148,0.6423947466584885
13,20,GB time only,13,19,1,2,219.0061,0.6423947466584885
13,20,GB time only,13,19,1,2,220.006,0.6756783657992467
13,20,GB time only,13,19,1,2,221.0061,0.6445486996199309
13,20,GB time only,13,19,1,2,222.006,0.6183195044072634
13,20,GB time only,13,19,1,2,223.0159,0.7175691710689129
13,20,GB time only,13,19,1,2,224.0162,0.6350846491860149
13,20,GB time only,13,19,1,2,225.0068,0.6350846491860149
13,20,GB time only,13,19,1,2,226.0167,0.6544783253544597
13,20,GB time only,13,19,1,2,227.0168,0.6677120468637607
13,20,GB time only,13,19,1,2,228.0056,0.6677120468637607
13,20,GB time only,13,19,1,2,229.0059,0.6327173202982305
13,20,GB time only,13,19,1,2,230.0066,0.6438800689744668
13,20,GB time only,13,19,1,2,231.0064,0.6771745804176631
13,20,GB time only,13,19,1,2,232.0061,0.656671787114029
13,20,GB time only,13,19,1,2,233.016,0.668684446562469
13,20,GB time only,13,19,1,2,234.0058,0.668684446562469
13,20,GB time only,13,19,1,2,235.0168,0.6300732589865902
13,20,GB time only,13,19,1,2,236.0063,0.6300732589865902
13,20,GB time only,13,19,1,2,237.0071,0.6216130249474349
13,20,GB time only,13,19,1,2,238.0069,0.6919264354363963
13,20,GB time only,13,19,1,2,239.0063,0.6919264354363963
13,20,GB time only,13,19,1,2,240.0069,0.6319274200933712
13,20,GB time only,13,19,1,2,241.0089,0.6678020808179395
13,20,GB time only,13,19,1,2,242.0078,0.6555676972912435
13,20,GB time only,13,19,1,1,243.0075,0.6205511295900007
13,20,GB time only,13,19,1,1,244.0072,0.6769625388788971
13,20,GB time only,13,19,1,1,245.0076,0.6769625388788971
13,20,GB time only,13,19,1,1,246.0073,0.6690642201015107
13,20,GB time only,13,19,1,1,247.0076,0.6551992864907167
13,20,GB time only,13,19,1,1,248.0071,0.6462850272064655
13,20,GB time only,13,19,1,1,249.0073,0.6462850272064655
13,20,GB time only,13,19,1,1,250.0063,0.6462850272064655
13,20,GB time only,13,19,1,1,251.0064,0.6773923813353635
13,20,GB time only,13,19,1,1,252.0073,0.6214271006592337
13,20,GB time only,13,19,1,1,253.0071,0.6413032914362685
13,20,GB time only,13,19,1,1,254.0065,0.659525491149808
13,20,GB time only,13,19,1,1,255.0074,0.659525491149808
13,20,GB time only,13,19,1,1,256.0089,0.7027227148453113
13,20,GB time only,13,19,1,1,257.0083,0.6964774031069874
13,20,GB time only,13,19,1,1,258.0089,0.632382836644219
13,20,GB time only,13,19,1,1,259.0085,0.7444413602361314
13,20,GB time only,13,19,1,1,260.0081,0.7444413602361314
13,20,GB time only,13,19,1,1,261.0073,0.6328227124881989
13,20,GB time only,13,19,1,1,262.0075,0.6679455333947043
13,20,GB time only,13,19,1,1,263.007,0.6679455333947043
13,20,GB time only,13,19,1,1,264.0101,0.7096777246212684
13,20,GB time only,13,19,1,1,265.0092,0.7096777246212684
13,20,GB time only,13,19,1,1,266.0094,0.6707711048035994
13,20,GB time only,13,19,1,1,267.0097,0.633374650220494
13,20,GB time only,13,19,1,1,268.0096,0.6938563337297898
13,20,GB time only,13,19,1,1,269.0101,0.6938563337297898
13,20,GB time only,13,19,1,1,270.01,0.6813284139795315
13,20,GB time only,13,19,1,1,271.0106,0.6478475642474778
13,20,GB time only,13,19,1,1,272.0101,0.7023772974499585
13,20,GB time only,13,19,1,1,273.0105,0.6478400740319256
13,20,GB time only,13,19,1,1,274.0101,0.6478400740319256
13,20,GB time only,13,19,1,1,275.0096,0.6715801689541032
13,20,GB time only,13,19,1,1,276.0098,0.6907773057472297
13,20,GB time only,13,19,1,1,277.0098,0.6965277009466644
13,20,GB time only,13,19,1,1,278.0095,0.7218059499537346
13,20,GB time only,13,19,1,1,279.009,0.7218059499537346
13,20,GB time only,13,19,1,1,280.0096,0.7218059499537346
13,20,GB time only,13,19,1,1,281.0111,0.6581329074779078
13,20,GB time only,13,19,1,1,282.0099,0.7229154082611267
13,20,GB time only,13,19,1,1,283.0103,0.7229154082611267
13,20,GB time only,13,19,1,1,284.0102,0.7606508061496431
13,20,GB time only,13,19,1,1,285.01,0.6887629333138664
13,20,GB time only,13,19,1,1,286.0091,0.7145728835748191
13,20,GB time only,13,19,1,1,287.0109,0.6893301813248568
13,20,GB time only,13,19,1,1,288.0114,0.6893301813248568
13,20,GB time only,13,19,1,1,289.0109,0.7208681716580626
13,20,GB time only,13,19,1,1,290.0112,0.6688544430500911
13,20,GB time only,13,19,1,1,291.012,0.7398140502817252
13,20,GB time only,13,19,1,1,292.0116,0.7398140502817252
13,20,GB time only,13,19,1,1,293.0122,0.7791090792912442
13,20,GB time only,13,19,1,1,294.0125,0.6988698504946204
13,20,GB time only,13,19,1,1,295.0118,0.8023939536577073
13,20,GB time only,13,19,1,1,296.0118,0.8023939536577073
13,20,GB time only,13,19,1,1,297.0102,0.7486575410037843
13,20,GB time only,13,19,1,1,298.0108,0.734037575544902
13,20,GB time only,13,19,1,1,299.0104,0.77341603355389
13,20,GB time only,13,19,1,1,300.0097,0.77341603355389
13,20,GB time only,13,19,1,1,301.0105,0.7798692915081974
13,20,GB time only,20,32,0,0,0.0110804,0.0009798683105115148
13,20,GB time only,20,32,0,0,1.011041,0.0009798683105115148
13,20,GB time only,20,32,0,0,2.016676,0.0009798683105115148
13,20,GB time only,20,32,0,0,3.011486,0.0009798683105115148
13,20,GB time only,20,32,0,0,4.016891,0.040891605997585394
13,20,GB time only,20,32,0,0,5.011039,0.041551663768641466
13,20,GB time only,20,32,0,0,6.015488,0.07973083247993154
13,20,GB time only,20,32,0,0,7.01065,0.0807375315354784
13,20,GB time only,20,32,0,0,8.014598,0.08058274547522454
13,20,GB time only,20,32,0,0,9.018079,0.08085906319704496
13,20,GB time only,20,32,0,0,10.01411,0.08085906319704496
13,20,GB time only,20,32,0,0,11.00884,0.08056369527132518
13,20,GB time only,20,32,0,0,12.01504,0.08079192303753202
13,20,GB time only,20,32,0,0,13.00929,0.08056369527132518
13,20,GB time only,20,32,0,0,14.01207,0.08056369527132518
13,20,GB time only,20,32,0,0,15.01844,0.11623065406155834
13,20,GB time only,20,32,0,0,16.01151,0.11623065406155834
13,20,GB time only,20,32,0,0,17.01897,0.08004531384238624
13,20,GB time only,20,32,0,0,18.01219,0.08004531384238624
13,20,GB time only,20,32,0,0,19.018,0.11590695256558549
13,20,GB time only,20,32,0,0,20.01223,0.11590695256558549
13,20,GB time only,20,32,0,0,21.01826,0.08157939981356116
13,20,GB time only,20,32,0,0,22.01056,0.08157939981356116
13,20,GB time only,20,32,0,0,23.01604,0.08088762092282302
13,20,GB time only,20,32,0,0,24.01034,0.08098918653706212
13,20,GB time only,20,32,0,0,25.01539,0.08094092736486709
13,20,GB time only,20,32,0,0,26.00949,0.15830412100789704
13,20,GB time only,20,32,0,0,27.01463,0.1562716140209887
13,20,GB time only,20,32,0,0,28.00904,0.1562716140209887
13,20,GB time only,20,32,0,0,29.0132,0.15888647909945408
13,20,GB time only,20,32,0,0,30.00926,0.23115826804675216
13,20,GB time only,20,32,0,0,31.01427,0.1990487134525241
13,20,GB time only,20,32,0,0,32.00863,0.1990487134525241
13,20,GB time only,20,32,0,0,33.0139,0.16255302522484663
13,20,GB time only,20,32,0,0,34.01863,0.22607825804837475
13,20,GB time only,20,32,0,0,35.01357,0.22607825804837475
13,20,GB time only,20,32,0,0,36.01921,0.22777517209595277
13,20,GB time only,20,32,0,0,37.01136,0.22777517209595277
13,20,GB time only,20,32,0,0,38.01687,0.23088895848980842
13,20,GB time only,20,32,0,0,39.01275,0.19413212600603957
13,20,GB time only,20,32,0,0,40.01619,0.2318672548531799
13,20,GB time only,20,32,0,0,41.01143,0.15854597879797372
13,20,GB time only,20,32,0,0,42.0158,0.23141019133068857
13,20,GB time only,20,32,0,0,43.01032,0.19953685127393958
13,20,GB time only,20,32,0,0,44.01684,0.25891184743812007
13,20,GB time only,20,32,0,0,45.01042,0.19982348719382698
13,20,GB time only,20,32,0,0,46.01677,0.22592980423320969
13,20,GB time only,20,32,0,0,47.00881,0.22592980423320969
13,20,GB time only,20,32,0,0,48.01413,0.16331700962233547
13,20,GB time only,20,32,0,0,49.00892,0.2597706025819262
13,20,GB time only,20,32,0,0,50.01486,0.2334803498793144
13,20,GB time only,20,32,0,0,51.00885,0.23079629813829414
13,20,GB time only,20,32,0,0,52.01189,0.2701592036197336
13,20,GB time only,20,32,0,0,53.00847,0.2975984568365008
13,20,GB time only,20,32,0,0,54.0122,0.33957548391411835
13,20,GB time only,20,32,0,0,55.01799,0.3670799294189359
13,20,GB time only,20,32,0,0,56.01407,0.33547729294235434
13,20,GB time only,20,32,0,0,57.01657,0.36594903745728263
13,20,GB time only,20,32,0,0,58.01276,0.3371138318457231
13,20,GB time only,20,32,0,0,59.01617,0.3371138318457231
13,20,GB time only,20,32,0,0,60.00939,0.34072812422328563
13,20,GB time only,20,32,0,0,61.01475,0.3625595462780252
13,20,GB time only,20,32,0,0,62.01167,0.36525527459613677
13,20,GB time only,20,32,0,0,63.01693,0.3628275633537707
13,20,GB time only,20,32,0,0,64.00983,0.34726728657598865
13,20,GB time only,20,32,0,0,65.0164,0.3718650534884091
13,20,GB time only,20,32,0,0,66.0104,0.38734019758896154
13,20,GB time only,20,32,0,0,67.0154,0.34639933691271046
13,20,GB time only,20,32,0,0,68.00903,0.3879706244161184
13,20,GB time only,20,32,0,0,69.01451,0.34639933691271046
13,20,GB time only,20,32,0,0,70.00904,0.34639933691271046
13,20,GB time only,20,32,0,0,71.01378,0.3871563369936736
13,20,GB time only,20,32,1,2,72.01909,0.3720827383492617
13,20,GB time only,20,32,1,2,73.01382,0.3413480828140258
13,20,GB time only,20,32,1,2,74.01805,0.36906881521795576
13,20,GB time only,20,32,1,2,75.01324,0.3664925693294338
13,20,GB time only,20,32,1,2,76.0176,0.42891395871444943
13,20,GB time only,20,32,1,2,77.01219,0.37288212722177333
13,20,GB time only,20,32,1,2,78.01801,0.37062200606227597
13,20,GB time only,20,32,1,2,79.01147,0.37062200606227597
13,20,GB time only,20,32,1,2,80.01809,0.38084092554299176
13,20,GB time only,20,32,1,2,81.01084,0.38084092554299176
13,20,GB time only,20,32,1,2,82.01569,0.40529983980517326
13,20,GB time only,20,32,1,2,83.00967,0.42646989057337337
13,20,GB time only,20,32,1,2,84.01677,0.45923043616139425
13,20,GB time only,20,32,1,2,85.01046,0.40390655282754984
13,20,GB time only,20,32,1,2,86.01457,0.46491675317383396
13,20,GB time only,20,32,1,2,87.00938,0.46491675317383396
13,20,GB time only,20,32,1,2,88.01499,0.402212500491882
13,20,GB time only,20,32,1,2,89.00937,0.46418924089042785
13,20,GB time only,20,32,1,2,90.01464,0.46161327201916086
13,20,GB time only,20,32,1,2,91.01879,0.46161327201916086
13,20,GB time only,20,32,1,2,92.01122,0.5223785422227847
13,20,GB time only,20,32,1,2,93.01852,0.48662477305172164
13,20,GB time only,20,32,1,2,94.01377,0.4451880841440154
13,20,GB time only,20,32,1,2,95.01805,0.4840810233733339
13,20,GB time only,20,32,1,2,96.01261,0.47299286816973324
13,20,GB time only,20,32,1,2,97.01575,0.5937782251364251
13,20,GB time only,20,32,1,2,98.01261,0.47422460790379184
13,20,GB time only,20,32,1,2,99.01852,0.5288440972693471
13,20,GB time only,20,32,1,2,100.0113,0.5288440972693471
13,20,GB time only,20,32,1,2,101.0157,0.5660822921050348
13,20,GB time only,20,32,1,2,102.0107,0.5034222739765258
13,20,GB time only,20,32,1,2,103.0147,0.5123862098557189
13,20,GB time only,20,32,1,2,104.0102,0.47528416229957826
13,20,GB time only,20,32,1,2,105.0154,0.4888457153587939
13,20,GB time only,20,32,1,2,106.0096,0.4969917705409611
13,20,GB time only,20,32,1,2,107.0156,0.5100746807584214
13,20,GB time only,20,32,1,2,108.0097,0.5100746807584214
13,20,GB time only,20,32,1,2,109.0142,0.41352467206119065
13,20,GB time only,20,32,1,2,110.0082,0.4897022606919031
13,20,GB time only,20,32,1,2,111.0138,0.4971930079713869
13,20,GB time only,20,32,1,1,112.0179,0.5219076701103945
13,20,GB time only,20,32,1,1,113.0144,0.5219076701103945
13,20,GB time only,20,32,1,1,114.018,0.4578220912346749
13,20,GB time only,20,32,1,1,115.0132,0.44347059937128114
13,20,GB time only,20,32,1,1,116.0172,0.4819654502973983
13,20,GB time only,20,32,1,1,117.0128,0.43912700209071404
13,20,GB time only,20,32,1,1,118.0175,0.43912700209071404
13,20,GB time only,20,32,1,1,119.0129,0.4238457545813445
13,20,GB time only,20,32,1,1,120.0177,0.45055751785622283
13,20,GB time only,20,32,1,1,121.011,0.4570542016513069
13,20,GB time only,20,32,1,1,122.0157,0.4633063411360837
13,20,GB time only,20,32,1,1,123.0121,0.4431673888141705
13,20,GB time only,20,32,1,1,124.0152,0.4431673888141705
13,20,GB time only,20,32,1,1,125.0103,0.4835305982949315
13,20,GB time only,20,32,1,1,126.0166,0.472440952444563
13,20,GB time only,20,32,1,1,127.0105,0.48759402478343766
13,20,GB time only,20,32,1,1,128.0149,0.4936625427312077
13,20,GB time only,20,32,1,1,129.0176,0.4936625427312077
13,20,GB time only,20,32,1,1,130.0147,0.49247300912329667
13,20,GB time only,20,32,1,1,131.0191,0.4995054402300783
13,20,GB time only,20,32,1,1,132.0146,0.5163404796388553
13,20,GB time only,20,32,1,1,133.0088,0.5163404796388553
13,20,GB time only,20,32,1,1,134.0134,0.5289312245332938
13,20,GB time only,20,32,1,1,135.0188,0.5655166159740135
13,20,GB time only,20,32,1,1,136.0134,0.5086646790118594
13,20,GB time only,20,32,1,1,137.0154,0.5786740876673196
13,20,GB time only,20,32,1,1,138.0115,0.5455308818517295
13,20,GB time only,20,32,1,1,139.0172,0.5385342275891756
13,20,GB time only,20,32,1,1,140.0108,0.5385342275891756
13,20,GB time only,20,32,1,1,141.0175,0.564008401733041
13,20,GB time only,20,32,1,1,142.0103,0.539479610487039
13,20,GB time only,20,32,1,1,143.0176,0.5466795409477201
13,20,GB time only,20,32,1,1,144.01,0.5466795409477201
13,20,GB time only,20,32,1,1,145.0161,0.5742837861944712
13,20,GB time only,20,32,1,1,146.0108,0.5498099533103957
13,20,GB time only,20,32,1,1,147.0163,0.5539165184432624
13,20,GB time only,20,32,1,1,148.0093,0.5405783064040842
13,20,GB time only,20,32,1,1,149.0147,0.5637332959397101
13,20,GB time only,20,32,1,1,150.0185,0.5637332959397101
13,20,GB time only,20,32,1,1,151.0144,0.5137393139493993
13,20,GB time only,20,32,1,1,152.0169,0.5631730617939966
13,20,GB time only,20,32,1,1,153.0127,0.5575444394364096
13,20,GB time only,20,32,1,1,154.0087,0.5575444394364096
13,20,GB time only,20,32,1,1,155.0125,0.5515626635212441
13,20,GB time only,20,32,1,1,156.0175,0.5515626635212441
13,20,GB time only,20,32,1,1,157.0109,0.5587407223775409
13,20,GB time only,20,32,1,1,158.0174,0.5875708231157439
13,20,GB time only,20,32,1,1,159.012,0.6272153342201687
13,20,GB time only,20,32,1,1,160.018,0.632933427116135
13,20,GB time only,20,32,1,1,161.0096,0.632933427116135
13,20,GB time only,20,32,1,1,162.0173,0.6209982885515918
13,20,GB time only,20,32,1,1,163.0103,0.6248923995457654
13,20,GB time only,20,32,1,1,164.0173,0.5972596037591213
13,20,GB time only,20,32,1,1,165.0189,0.6445031927048807
13,20,GB time only,20,32,1,1,166.0151,0.6445031927048807
13,20,GB time only,20,32,1,1,167.01,0.6219834949557153
13,20,GB time only,20,32,1,1,168.0143,0.6295295854482942
13,20,GB time only,20,32,1,1,169.0091,0.6342545307769284
13,20,GB time only,20,32,1,1,170.014,0.6036707227785609
13,20,GB time only,20,32,1,1,171.0084,0.6036707227785609
13,20,GB time only,20,32,1,1,172.013,0.5983584840288998
13,20,GB time only,20,32,1,1,173.018,0.6473536810050485
13,20,GB time only,20,32,1,1,174.0129,0.6075167980557357
13,20,GB time only,20,32,1,1,175.0199,0.6492334995374199
13,20,GB time only,20,32,1,1,176.0122,0.6492334995374199
13,20,GB time only,20,32,1,1,177.0179,0.6087343767990739
13,20,GB time only,20,32,1,1,178.0117,0.6362414855403145
13,20,GB time only,20,32,1,1,179.0178,0.6295846304745757
13,20,GB time only,20,32,1,1,180.0106,0.593522240945042
13,20,GB time only,20,32,1,1,181.0175,0.6500281146702919
13,20,GB time only,20,32,1,1,182.0107,0.6500281146702919
13,20,GB time only,20,32,1,1,183.0149,0.5673670020726548
13,20,GB time only,20,32,1,1,184.0101,0.6474649908930762
13,20,GB time only,20,32,1,1,185.0164,0.6428627855144434
13,20,GB time only,20,32,1,1,186.0087,0.6428627855144434
13,20,GB time only,20,32,1,1,187.0147,0.6261729158974447
13,20,GB time only,20,32,1,1,188.0101,0.6261729158974447
13,20,GB time only,20,32,1,1,189.0145,0.6201643908339277
13,20,GB time only,20,32,1,1,190.0089,0.6618359737624075
13,20,GB time only,20,32,1,1,191.0141,0.6362779042404311
13,20,GB time only,20,32,1,1,192.0196,0.67484917829907
13,20,GB time only,20,32,1,1,193.0127,0.67484917829907
13,20,GB time only,20,32,1,1,194.0189,0.6706463166905509
13,20,GB time only,20,32,1,1,195.0131,0.6327423282414449
13,20,GB time only,20,32,1,1,196.017,0.7398812878843712
13,20,GB time only,20,32,1,1,197.0139,0.6073022681585025
13,20,GB time only,20,32,1,1,198.0189,0.6430450858951466
13,20,GB time only,20,32,1,1,199.011,0.6430450858951466
13,20,GB time only,20,32,1,1,200.017,0.6911676488838376
13,20,GB time only,20,32,1,1,201.0121,0.6062200254666343
13,20,GB time only,20,32,1,1,202.0165,0.6915291788884617
13,20,GB time only,20,32,1,1,203.0116,0.6915291788884617
13,20,GB time only,20,32,1,1,204.0152,0.5795128973932189
13,20,GB time only,20,32,1,1,205.0103,0.6166256384712414
13,20,GB time only,20,32,1,1,206.0148,0.660272148759403
13,20,GB time only,20,32,1,1,207.0102,0.6031948595229596
13,20,GB time only,20,32,1,1,208.0152,0.6031948595229596
13,20,GB time only,20,32,1,1,209.0089,0.6031948595229596
13,20,GB time only,20,32,1,1,210.0144,0.5940798748325463
13,20,GB time only,20,32,1,1,211.019,0.6651401889196813
13,20,GB time only,20,32,1,1,212.0146,0.627786798815965
13,20,GB time only,20,32,1,1,213.0184,0.6172001173218357
13,20,GB time only,20,32,1,1,214.0145,0.6172001173218357
13,20,GB time only,20,32,1,1,215.0192,0.6074839327824618
13,20,GB time only,20,32,1,1,216.0108,0.6164175132377354
13,20,GB time only,20,32,1,1,217.0188,0.6276536592887343
13,20,GB time only,20,32,1,1,218.0127,0.6423947466584885
13,20,GB time only,20,32,1,1,219.0183,0.6756783657992467
13,20,GB time only,20,32,1,1,220.0118,0.6756783657992467
13,20,GB time only,20,32,1,1,221.0171,0.6445486996199309
13,20,GB time only,20,32,1,1,222.0114,0.6183195044072634
13,20,GB time only,20,32,1,1,223.0159,0.7175691710689129
13,20,GB time only,20,32,1,1,224.0093,0.7175691710689129
13,20,GB time only,20,32,1,1,225.0162,0.6350846491860149
13,20,GB time only,20,32,1,1,226.0101,0.6544783253544597
13,20,GB time only,20,32,1,1,227.0162,0.6677120468637607
13,20,GB time only,20,32,1,1,228.0197,0.6327173202982305
13,20,GB time only,20,32,1,1,229.0147,0.6438800689744668
13,20,GB time only,20,32,1,1,230.009,0.6438800689744668
13,20,GB time only,20,32,1,1,231.0148,0.6771745804176631
13,20,GB time only,20,32,1,1,232.0199,0.656671787114029
13,20,GB time only,20,32,1,1,233.0121,0.668684446562469
13,20,GB time only,20,32,1,1,234.0193,0.668684446562469
13,20,GB time only,20,32,1,1,235.0128,0.668684446562469
13,20,GB time only,20,32,1,1,236.0184,0.6300732589865902
13,20,GB time only,20,32,1,1,237.0118,0.6216130249474349
13,20,GB time only,20,32,1,1,238.0171,0.6919264354363963
13,20,GB time only,20,32,1,1,239.0134,0.6319274200933712
13,20,GB time only,20,32,1,1,240.0174,0.6678020808179395
13,20,GB time only,20,32,1,1,241.0109,0.6678020808179395
13,20,GB time only,20,32,1,1,242.0174,0.6555676972912435
13,20,GB time only,20,32,1,1,243.0108,0.6205511295900007
13,20,GB time only,20,32,1,1,244.0148,0.6769625388788971
13,20,GB time only,20,32,1,1,245.0102,0.6690642201015107
13,20,GB time only,20,32,1,1,246.0142,0.6690642201015107
13,20,GB time only,20,32,1,1,247.0095,0.6551992864907167
13,20,GB time only,20,32,1,1,248.0159,0.6462850272064655
13,20,GB time only,20,32,1,1,249.02,0.6462850272064655
13,20,GB time only,20,32,1,1,250.0159,0.6773923813353635
13,20,GB time only,20,32,1,1,251.0192,0.6214271006592337
13,20,GB time only,20,32,1,1,252.0122,0.6214271006592337
13,20,GB time only,20,32,1,1,253.0195,0.6413032914362685
13,20,GB time only,20,32,1,1,254.0143,0.659525491149808
13,20,GB time only,20,32,1,1,255.0187,0.7027227148453113
13,20,GB time only,20,32,1,1,256.0135,0.7027227148453113
13,20,GB time only,20,32,1,1,257.0157,0.6964774031069874
13,20,GB time only,20,32,1,1,258.0135,0.632382836644219
13,20,GB time only,20,32,1,1,259.0182,0.7444413602361314
13,20,GB time only,20,32,1,1,260.012,0.7444413602361314
13,20,GB time only,20,32,1,1,261.0171,0.6328227124881989
13,20,GB time only,20,32,1,1,262.0101,0.6679455333947043
13,20,GB time only,20,32,1,1,263.0161,0.6679455333947043
13,20,GB time only,20,32,1,1,264.0101,0.7096777246212684
13,20,GB time only,20,32,1,1,265.0136,0.7096777246212684
13,20,GB time only,20,32,1,1,266.0092,0.6707711048035994
13,20,GB time only,20,32,1,1,267.0129,0.633374650220494
13,20,GB time only,20,32,1,1,268.0095,0.6938563337297898
13,20,GB time only,20,32,1,1,269.0145,0.6813284139795315
13,20,GB time only,20,32,1,1,270.0187,0.6813284139795315
13,20,GB time only,20,32,1,1,271.0134,0.6478475642474778
13,20,GB time only,20,32,1,1,272.0087,0.7023772974499585
13,20,GB time only,20,32,1,1,273.0116,0.6478400740319256
13,20,GB time only,20,32,1,1,274.0177,0.6715801689541032
13,20,GB time only,20,32,1,1,275.0121,0.6715801689541032
13,20,GB time only,20,32,1,1,276.0184,0.6907773057472297
13,20,GB time only,20,32,1,1,277.0122,0.6965277009466644
13,20,GB time only,20,32,1,1,278.0174,0.7218059499537346
13,20,GB time only,20,32,1,1,279.0111,0.7218059499537346
13,20,GB time only,20,32,1,1,280.0171,0.7218059499537346
13,20,GB time only,20,32,1,1,281.0084,0.6581329074779078
13,20,GB time only,20,32,1,1,282.0154,0.7229154082611267
13,20,GB time only,20,32,1,1,283.0103,0.7229154082611267
13,20,GB time only,20,32,1,1,284.0168,0.7606508061496431
13,20,GB time only,20,32,1,1,285.0093,0.6887629333138664
13,20,GB time only,20,32,1,1,286.0151,0.7145728835748191
13,20,GB time only,20,32,1,1,287.0084,0.7145728835748191
13,20,GB time only,20,32,1,1,288.0136,0.6893301813248568
13,20,GB time only,20,32,1,1,289.0085,0.7208681716580626
13,20,GB time only,20,32,1,1,290.0133,0.6688544430500911
13,20,GB time only,20,32,1,1,291.0176,0.7398140502817252
13,20,GB time only,20,32,1,1,292.0125,0.7398140502817252
13,20,GB time only,20,32,1,1,293.0178,0.7791090792912442
13,20,GB time only,20,32,1,1,294.0131,0.6988698504946204
13,20,GB time only,20,32,1,1,295.0174,0.8023939536577073
13,20,GB time only,20,32,1,1,296.0108,0.8023939536577073
13,20,GB time only,20,32,1,1,297.0173,0.7486575410037843
13,20,GB time only,20,32,1,1,298.0109,0.734037575544902
13,20,GB time only,20,32,1,1,299.0171,0.77341603355389
13,20,GB time only,20,32,1,1,300.0103,0.77341603355389
13,20,GB time only,20,32,1,1,301.0146,0.7798692915081974
13,20,RF+GB,13,19,0,0,0.0111871,0.017503284732491926
13,20,RF+GB,13,19,0,0,1.008122,0.02000956199347742
13,20,RF+GB,13,19,0,0,2.009342,0.032994111173886176
13,20,RF+GB,13,19,0,0,3.01029,0.0521620464772333
13,20,RF+GB,13,19,0,0,4.012894,0.052136346311526555
13,20,RF+GB,13,19,0,0,5.012518,0.0546289858575262
13,20,RF+GB,13,19,0,0,6.011678,0.09841769797296687
13,20,RF+GB,13,19,1,1,7.012534,0.08786426677837109
13,20,RF+GB,13,19,1,1,8.012196,0.09331701768777803
13,20,RF+GB,13,19,1,1,9.014396,0.09588056426289322
13,20,RF+GB,13,19,1,1,10.01344,0.05895351383173519
13,20,RF+GB,13,19,1,1,11.01306,0.05847801590888002
13,20,RF+GB,13,19,1,1,12.01485,0.06723509484963465
13,20,RF+GB,13,19,1,1,13.0143,0.07298036843387681
13,20,RF+GB,13,19,1,1,14.01455,0.08245366201494642
13,20,RF+GB,13,19,1,1,15.01391,0.09870053220044654
13,20,RF+GB,13,19,1,1,16.01548,0.10337860631795719
13,20,RF+GB,13,19,1,1,17.01406,0.11067138447135302
13,20,RF+GB,13,19,1,1,18.0144,0.13820778998712255
13,20,RF+GB,13,19,1,1,19.01565,0.15465456299708555
13,20,RF+GB,13,19,1,1,20.01563,0.14626938415620538
13,20,RF+GB,13,19,1,1,21.01543,0.14186144256989947
13,20,RF+GB,13,19,1,1,22.01529,0.14650007064081477
13,20,RF+GB,13,19,1,1,23.01496,0.14816823309744173
13,20,RF+GB,13,19,1,1,24.01564,0.15018096403663353
13,20,RF+GB,13,19,1,1,25.01589,0.1490391259410071
13,20,RF+GB,13,19,1,1,26.016,0.16170598964191266
13,20,RF+GB,13,19,1,1,27.01539,0.14181513644945382
13,20,RF+GB,13,19,1,1,28.01522,0.1448306728872538
13,20,RF+GB,13,19,1,1,29.01563,0.14757782908647607
13,20,RF+GB,13,19,1,1,30.01614,0.1592122725469381
13,20,RF+GB,13,19,1,1,31.01577,0.1613892978237357
13,20,RF+GB,13,19,1,1,32.01576,0.16347748641642268
13,20,RF+GB,13,19,1,1,33.0156,0.1653230374023547
13,20,RF+GB,13,19,1,1,34.0147,0.17342295565723598
13,20,RF+GB,13,19,1,1,35.01602,0.17984100310985485
13,20,RF+GB,13,19,1,1,36.01648,0.17938455891607785
13,20,RF+GB,13,19,1,1,37.01661,0.175313202625197
13,20,RF+GB,13,19,1,1,38.01633,0.18226097309455946
13,20,RF+GB,13,19,1,1,39.01587,0.18694253767995633
13,20,RF+GB,13,19,1,1,40.00611,0.19062758589494752
13,20,RF+GB,13,19,1,1,41.01639,0.19068494092091567
13,20,RF+GB,13,19,1,1,42.01607,0.18581723667013395
13,20,RF+GB,13,19,1,1,43.0164,0.19482833707121366
13,20,RF+GB,13,19,1,1,44.01625,0.18445020110415655
13,20,RF+GB,13,19,1,1,45.01569,0.18431894797066173
13,20,RF+GB,13,19,1,1,46.01624,0.19563181082807138
13,20,RF+GB,13,19,1,1,47.01646,0.19548632806078314
13,20,RF+GB,13,19,1,1,48.01652,0.19279357229230956
13,20,RF+GB,13,19,1,1,49.01628,0.1797108196656913
13,20,RF+GB,13,19,1,1,50.01647,0.17914697024064785
13,20,RF+GB,13,19,1,1,51.01644,0.2263894454701023
13,20,RF+GB,13,19,1,1,52.01611,0.2253061661552593
13,20,RF+GB,13,19,1,1,53.01606,0.5269481894874705
13,20,RF+GB,13,19,1,1,54.00663,0.5395995361249577
13,20,RF+GB,13,19,0,0,55.01663,0.5062178437507245
13,20,RF+GB,13,19,1,1,56.0057,0.525536332928162
13,20,RF+GB,13,19,1,1,57.00594,0.5839827779972616
13,20,RF+GB,13,19,1,2,58.00592,0.5765999583489005
13,20,RF+GB,13,19,1,2,59.0167,0.5721160340175241
13,20,RF+GB,13,19,1,2,60.01779,0.542161910167734
13,20,RF+GB,13,19,1,2,61.00571,0.544961402242838
13,20,RF+GB,13,19,1,2,62.01745,0.5561260558827055
13,20,RF+GB,13,19,1,2,63.00681,0.5644225566068197
13,20,RF+GB,13,19,1,2,64.00627,0.5754317917772603
13,20,RF+GB,13,19,1,2,65.00667,0.6076735085557341
13,20,RF+GB,13,19,1,2,66.0068,0.6144766132336676
13,20,RF+GB,13,19,1,2,67.00623,0.6417073054720295
13,20,RF+GB,13,19,1,2,68.00655,0.64138951498744
13,20,RF+GB,13,19,1,2,69.00725,0.6464756893227339
13,20,RF+GB,13,19,1,2,70.0069,0.6460461816434897
13,20,RF+GB,13,19,1,2,71.00654,0.6403219903546352
13,20,RF+GB,13,19,1,2,72.00589,0.6382293573170181
13,20,RF+GB,13,19,1,2,73.00656,0.628942620689606
13,20,RF+GB,13,19,1,2,74.00774,0.6232052028518551
13,20,RF+GB,13,19,1,2,75.0063,0.6102128844366076
13,20,RF+GB,13,19,1,2,76.0173,0.5803675119140412
13,20,RF+GB,13,19,1,2,77.01709,0.5771212385754148
13,20,RF+GB,13,19,1,2,78.00648,0.5722658312947385
13,20,RF+GB,13,19,1,2,79.00738,0.5812053014613452
13,20,RF+GB,13,19,1,2,80.00748,0.5811247752649054
13,20,RF+GB,13,19,1,2,81.00877,0.5701740866052061
13,20,RF+GB,13,19,1,2,82.00806,0.5639588489292426
13,20,RF+GB,13,19,1,2,83.00819,0.5449854659054492
13,20,RF+GB,13,19,1,2,84.00889,0.5803613477332171
13,20,RF+GB,13,19,1,2,85.00765,0.56607925006142
13,20,RF+GB,13,19,1,2,86.00846,0.56075454306104
13,20,RF+GB,13,19,1,2,87.00851,0.5812525276895595
13,20,RF+GB,13,19,1,2,88.00794,0.5780554473704588
13,20,RF+GB,13,19,1,2,89.00771,0.5425951441226988
13,20,RF+GB,13,19,1,2,90.00766,0.517697492531265
13,20,RF+GB,13,19,1,2,91.00752,0.4364053903098537
13,20,RF+GB,13,19,1,2,92.00755,0.3506116154107723
13,20,RF+GB,13,19,1,2,93.00887,0.21593805008917916
13,20,RF+GB,13,19,1,2,94.00878,0.22990753230539093
13,20,RF+GB,13,19,1,2,95.0084,0.21278315570662915
13,20,RF+GB,13,19,1,2,96.0089,0.2171848802452656
13,20,RF+GB,13,19,1,2,97.00879,0.22110012043762062
13,20,RF+GB,13,19,1,2,98.00745,0.2322204909548748
13,20,RF+GB,13,19,1,2,99.00846,0.23693204952319916
13,20,RF+GB,13,19,1,2,100.0082,0.1942755724981711
13,20,RF+GB,13,19,1,2,101.0088,0.24835792032080664
13,20,RF+GB,13,19,1,2,102.0081,0.2613659429828502
13,20,RF+GB,13,19,1,2,103.0087,0.3727037479210539
13,20,RF+GB,13,19,1,2,104.0086,0.4135059721818256
13,20,RF+GB,13,19,1,2,105.0088,0.32319006319560994
13,20,RF+GB,13,19,1,2,106.0089,0.3691473676116198
13,20,RF+GB,13,19,1,2,107.0094,0.30325030217245474
13,20,RF+GB,13,19,1,2,108.0097,0.301900460832235
13,20,RF+GB,13,19,1,2,109.0098,0.23527424864301616
13,20,RF+GB,13,19,1,2,110.0093,0.20010265382162062
13,20,RF+GB,13,19,1,2,111.0108,0.22024846670905232
13,20,RF+GB,13,19,1,2,112.0113,0.23382686773933897
13,20,RF+GB,13,19,1,2,113.0099,0.23740053805666317
13,20,RF+GB,13,19,1,2,114.0104,0.21992509750678205
13,20,RF+GB,13,19,1,2,115.0104,0.21052224498891348
13,20,RF+GB,13,19,1,2,116.0103,0.2098365121089184
13,20,RF+GB,13,19,1,2,117.0103,0.23362310647772314
13,20,RF+GB,13,19,1,2,118.011,0.2419151343441397
13,20,RF+GB,13,19,1,2,119.0105,0.2903332533059849
13,20,RF+GB,13,19,1,2,120.0106,0.2937494687800414
13,20,RF+GB,13,19,1,2,121.0102,0.24498683494965603
13,20,RF+GB,13,19,1,2,122.0111,0.24307909994564825
13,20,RF+GB,13,19,1,2,123.0116,0.25166233320194575
13,20,RF+GB,13,19,1,2,124.0112,0.251253210755041
13,20,RF+GB,13,19,1,2,125.0108,0.24301636927971487
13,20,RF+GB,13,19,1,2,126.0111,0.24745412050001153
13,20,RF+GB,13,19,1,2,127.0116,0.24743603718201887
13,20,RF+GB,13,19,1,2,128.0111,0.27289447476281997
13,20,RF+GB,13,19,1,2,129.0099,0.2696015469853006
13,20,RF+GB,13,19,1,2,130.011,0.27986425264572756
13,20,RF+GB,13,19,1,2,131.0099,0.23993406738923345
13,20,RF+GB,13,19,1,2,132.0116,0.5180613747280132
13,20,RF+GB,13,19,1,2,133.0112,0.5659072346597604
13,20,RF+GB,13,19,1,2,134.011,0.5876139830853342
13,20,RF+GB,13,19,1,2,135.0112,0.5669760877536569
13,20,RF+GB,13,19,1,2,136.0114,0.5424654140285956
13,20,RF+GB,13,19,1,2,137.0117,0.5367203502063627
13,20,RF+GB,13,19,1,2,138.0124,0.5018300408951764
13,20,RF+GB,13,19,1,2,139.0119,0.442663755635353
13,20,RF+GB,13,19,1,2,140.0126,0.39320288056382413
13,20,RF+GB,13,19,1,2,141.0127,0.39114831535618644
13,20,RF+GB,13,19,1,2,142.0116,0.4082801959750928
13,20,RF+GB,13,19,1,2,143.0115,0.4126296779066335
13,20,RF+GB,13,19,1,2,144.0123,0.39076768632391756
13,20,RF+GB,13,19,1,2,145.0119,0.37609795536880813
13,20,RF+GB,13,19,1,2,146.0106,0.37474186760984274
13,20,RF+GB,13,19,1,2,147.0095,0.40801154993623184
13,20,RF+GB,13,19,1,2,148.0128,0.4773874139856882
13,20,RF+GB,13,19,1,2,149.0116,0.49154465150068116
13,20,RF+GB,13,19,1,2,150.0129,0.5015171672925682
13,20,RF+GB,13,19,1,2,151.0131,0.5363976718326078
13,20,RF+GB,13,19,1,2,152.013,0.5572509288420564
13,20,RF+GB,13,19,1,2,153.0128,0.42570466345804575
13,20,RF+GB,13,19,1,2,154.0131,0.37435894098610434
13,20,RF+GB,13,19,1,2,155.0118,0.3974851817939644
13,20,RF+GB,13,19,1,2,156.0112,0.38028504181443845
13,20,RF+GB,13,19,1,2,157.0115,0.43186948133881065
13,20,RF+GB,13,19,1,2,158.0129,0.4438601132173875
13,20,RF+GB,13,19,1,2,159.0138,0.4456890817847231
13,20,RF+GB,13,19,1,2,160.0113,0.4455636913630831
13,20,RF+GB,13,19,1,2,161.0132,0.4072812418822883
13,20,RF+GB,13,19,1,2,162.0131,0.39167825985519844
13,20,RF+GB,13,19,1,2,163.0128,0.3292901158037086
13,20,RF+GB,13,19,1,2,164.0125,0.38765643096116753
13,20,RF+GB,13,19,1,2,165.0142,0.38356863979108036
13,20,RF+GB,13,19,1,2,166.0134,0.3848617925733548
13,20,RF+GB,13,19,1,2,167.0146,0.38172633576957393
13,20,RF+GB,13,19,1,2,168.014,0.45349716669752377
13,20,RF+GB,13,19,1,2,169.0144,0.5016325047523802
13,20,RF+GB,13,19,1,2,170.0139,0.5455716090462933
13,20,RF+GB,13,19,1,2,171.0134,0.5473633991045537
13,20,RF+GB,13,19,1,2,172.0138,0.5476054466057358
13,20,RF+GB,13,19,1,2,173.0135,0.5526559473281256
13,20,RF+GB,13,19,1,2,174.0141,0.5225446667755098
13,20,RF+GB,13,19,1,2,175.014,0.5240385056664391
13,20,RF+GB,13,19,1,2,176.0143,0.5090760695305955
13,20,RF+GB,13,19,1,2,177.0146,0.48615466553115316
13,20,RF+GB,13,19,1,2,178.0154,0.5328424593956683
13,20,RF+GB,13,19,1,2,179.0144,0.5361598032016782
13,20,RF+GB,13,19,1,2,180.0144,0.4359643982477146
13,20,RF+GB,13,19,1,2,181.0142,0.43653627896376634
13,20,RF+GB,13,19,1,2,182.0138,0.4273005293173307
13,20,RF+GB,13,19,1,2,183.0142,0.43356074304866893
13,20,RF+GB,13,19,1,2,184.0148,0.42012288737186854
13,20,RF+GB,13,19,1,2,185.0134,0.4240285446051224
13,20,RF+GB,13,19,1,2,186.0141,0.44221946703433207
13,20,RF+GB,13,19,1,2,187.0155,0.41553817132749715
13,20,RF+GB,13,19,1,2,188.0152,0.43322793734440873
13,20,RF+GB,13,19,1,2,189.0157,0.46142197404928653
13,20,RF+GB,13,19,1,2,190.0155,0.4614943729441011
13,20,RF+GB,13,19,1,2,191.0159,0.4099867534338334
13,20,RF+GB,13,19,1,2,192.0149,0.41793224490077696
13,20,RF+GB,13,19,1,2,193.0139,0.35858885956608344
13,20,RF+GB,13,19,1,2,194.0151,0.3512169820296448
13,20,RF+GB,13,19,1,2,195.0153,0.32598723011098485
13,20,RF+GB,13,19,1,2,196.0149,0.38553408732827377
13,20,RF+GB,13,19,1,2,197.0161,0.38717450389240105
13,20,RF+GB,13,19,1,2,198.016,0.3865837217326526
13,20,RF+GB,13,19,1,2,199.0155,0.3952899052323241
13,20,RF+GB,13,19,1,2,200.0149,0.5285476601796437
13,20,RF+GB,13,19,1,2,201.0149,0.5014317729057504
13,20,RF+GB,13,19,1,2,202.0162,0.4501670748062877
13,20,RF+GB,13,19,1,2,203.017,0.32098450897818154
13,20,RF+GB,13,19,1,2,204.016,0.3130599709262058
13,20,RF+GB,13,19,1,2,205.0163,0.32752871158090785
13,20,RF+GB,13,19,1,2,206.0161,0.3467051515903464
13,20,RF+GB,13,19,1,2,207.0155,0.3541193881425826
13,20,RF+GB,13,19,1,2,208.0161,0.46988945041243896
13,20,RF+GB,13,19,1,2,209.0168,0.5246074420537424
13,20,RF+GB,13,19,1,2,210.0161,0.6583137883010872
13,20,RF+GB,13,19,1,2,211.0167,0.6623703038833785
13,20,RF+GB,13,19,1,2,212.0168,0.666123539356544
13,20,RF+GB,13,19,1,2,213.0174,0.6843181524845918
13,20,RF+GB,13,19,1,2,214.0169,0.6964444376537074
13,20,RF+GB,13,19,1,2,215.0167,0.6864788603448944
13,20,RF+GB,13,19,1,2,216.0177,0.6921499439630352
13,20,RF+GB,13,19,1,2,217.017,0.7133976471482886
13,20,RF+GB,13,19,1,2,218.0148,0.708840226895211
13,20,RF+GB,13,19,1,2,219.0061,0.7288635985814087
13,20,RF+GB,13,19,1,2,220.006,0.7269991965142549
13,20,RF+GB,13,19,1,2,221.0061,0.7237086958067027
13,20,RF+GB,13,19,1,2,222.006,0.733679248664433
13,20,RF+GB,13,19,1,2,223.0159,0.7402829863673175
13,20,RF+GB,13,19,1,2,224.0162,0.7382226647621767
13,20,RF+GB,13,19,1,2,225.0068,0.7474602110015438
13,20,RF+GB,13,19,1,2,226.0167,0.7411102699106482
13,20,RF+GB,13,19,1,2,227.0168,0.7399506250673353
13,20,RF+GB,13,19,1,2,228.0056,0.7458603273333055
13,20,RF+GB,13,19,1,2,229.0059,0.7369373712616607
13,20,RF+GB,13,19,1,2,230.0066,0.7344053435538725
13,20,RF+GB,13,19,1,2,231.0064,0.7423727253148868
13,20,RF+GB,13,19,1,2,232.0061,0.7487258173116962
13,20,RF+GB,13,19,1,2,233.016,0.7740308012844952
13,20,RF+GB,13,19,1,2,234.0058,0.769848887698912
13,20,RF+GB,13,19,1,2,235.0168,0.7791593253786046
13,20,RF+GB,13,19,1,2,236.0063,0.7775288096276942
13,20,RF+GB,13,19,1,2,237.0071,0.773573283347249
13,20,RF+GB,13,19,1,2,238.0069,0.7731198159639986
13,20,RF+GB,13,19,1,2,239.0063,0.8049285671766713
13,20,RF+GB,13,19,1,2,240.0069,0.8037454350363117
13,20,RF+GB,13,19,1,2,241.0089,0.8024609226683592
13,20,RF+GB,13,19,1,2,242.0078,0.7998195929400316
13,20,RF+GB,13,19,1,1,243.0075,0.7990220245071904
13,20,RF+GB,13,19,1,1,244.0072,0.7980264794323109
13,20,RF+GB,13,19,1,1,245.0076,0.7856009448629344
13,20,RF+GB,13,19,1,1,246.0073,0.7865363261099327
13,20,RF+GB,13,19,1,1,247.0076,0.8019508302176352
13,20,RF+GB,13,19,1,1,248.0071,0.7956001938353792
13,20,RF+GB,13,19,1,1,249.0073,0.8031327170607813
13,20,RF+GB,13,19,1,1,250.0063,0.8030358630152457
13,20,RF+GB,13,19,1,1,251.0064,0.8017251176093567
13,20,RF+GB,13,19,1,1,252.0073,0.7961083685039188
13,20,RF+GB,13,19,1,1,253.0071,0.7883538735817217
13,20,RF+GB,13,19,1,1,254.0065,0.7920025862776243
13,20,RF+GB,13,19,1,1,255.0074,0.7806344854210447
13,20,RF+GB,13,19,1,1,256.0089,0.7855811415165872
13,20,RF+GB,13,19,1,1,257.0083,0.7855221370467919
13,20,RF+GB,13,19,1,1,258.0089,0.7883093752354529
13,20,RF+GB,13,19,1,1,259.0085,0.8001277270698912
13,20,RF+GB,13,19,1,1,260.0081,0.8017252998779989
13,20,RF+GB,13,19,1,1,261.0073,0.8025637423768244
13,20,RF+GB,13,19,1,1,262.0075,0.8072906784812447
13,20,RF+GB,13,19,1,1,263.007,0.799001713758139
13,20,RF+GB,13,19,1,1,264.0101,0.789928133743982
13,20,RF+GB,13,19,1,1,265.0092,0.7883820095415144
13,20,RF+GB,13,19,1,1,266.0094,0.7513430587023406
13,20,RF+GB,13,19,1,1,267.0097,0.7703210420046405
13,20,RF+GB,13,19,1,1,268.0096,0.7642827905910982
13,20,RF+GB,13,19,1,1,269.0101,0.7540105809080846
13,20,RF+GB,13,19,1,1,270.01,0.7587583574877466
13,20,RF+GB,13,19,1,1,271.0106,0.7615063836516415
13,20,RF+GB,13,19,1,1,272.0101,0.7426497119182338
13,20,RF+GB,13,19,1,1,273.0105,0.7527992929454659
13,20,RF+GB,13,19,1,1,274.0101,0.748108495463543
13,20,RF+GB,13,19,1,1,275.0096,0.7464948913710108
13,20,RF+GB,13,19,1,1,276.0098,0.7388887370926073
13,20,RF+GB,13,19,1,1,277.0098,0.7554825677346493
13,20,RF+GB,13,19,1,1,278.0095,0.7589291835468289
13,20,RF+GB,13,19,1,1,279.009,0.7595651377155185
13,20,RF+GB,13,19,1,1,280.0096,0.7746199274453668
13,20,RF+GB,13,19,1,1,281.0111,0.7688209934529934
13,20,RF+GB,13,19,1,1,282.0099,0.7594011612436776
13,20,RF+GB,13,19,1,1,283.0103,0.7539722671131475
13,20,RF+GB,13,19,1,1,284.0102,0.7561928098467159
13,20,RF+GB,13,19,1,1,285.01,0.7448737988699792
13,20,RF+GB,13,19,1,1,286.0091,0.7541527238645658
13,20,RF+GB,13,19,1,1,287.0109,0.7568717804579028
13,20,RF+GB,13,19,1,1,288.0114,0.7490179593103825
13,20,RF+GB,13,19,1,1,289.0109,0.7433982854206669
13,20,RF+GB,13,19,1,1,290.0112,0.7366433542456621
13,20,RF+GB,13,19,1,1,291.012,0.7367989871091837
13,20,RF+GB,13,19,1,1,292.0116,0.7296173907455618
13,20,RF+GB,13,19,1,1,293.0122,0.725405314751824
13,20,RF+GB,13,19,1,1,294.0125,0.7367151481102879
13,20,RF+GB,13,19,1,1,295.0118,0.7130864198560767
13,20,RF+GB,13,19,1,1,296.0118,0.7147266995715476
13,20,RF+GB,13,19,1,1,297.0102,0.7234598169246889
13,20,RF+GB,13,19,1,1,298.0108,0.7274593460345065
13,20,RF+GB,13,19,1,1,299.0104,0.7379667363853767
13,20,RF+GB,13,19,1,1,300.0097,0.7472389847637451
13,20,RF+GB,13,19,1,1,301.0105,0.7480331074443123
13,20,RF+GB,20,32,0,0,0.0110804,0.016778916439417573
13,20,RF+GB,20,32,0,0,1.011041,0.019208587880363358
13,20,RF+GB,20,32,0,0,2.016676,0.011922991401361766
13,20,RF+GB,20,32,0,0,3.011486,0.014650176818969001
13,20,RF+GB,20,32,0,0,4.016891,0.04808270722781242
13,20,RF+GB,20,32,0,0,5.011039,0.07809825887107275
13,20,RF+GB,20,32,0,0,6.015488,0.10267967086337221
13,20,RF+GB,20,32,0,0,7.01065,0.1194535271651695
13,20,RF+GB,20,32,0,0,8.014598,0.13970339679592267
13,20,RF+GB,20,32,0,0,9.018079,0.13543615290166458
13,20,RF+GB,20,32,0,0,10.01411,0.17365934417134715
13,20,RF+GB,20,32,0,0,11.00884,0.20201321334197123
13,20,RF+GB,20,32,0,0,12.01504,0.23695392203531826
13,20,RF+GB,20,32,0,0,13.00929,0.2084673861453431
13,20,RF+GB,20,32,0,0,14.01207,0.14259972621400946
13,20,RF+GB,20,32,0,0,15.01844,0.22217308255192045
13,20,RF+GB,20,32,0,0,16.01151,0.22960720536591356
13,20,RF+GB,20,32,0,0,17.01897,0.2405028000809007
13,20,RF+GB,20,32,0,0,18.01219,0.2520421155885254
13,20,RF+GB,20,32,0,0,19.018,0.28988291027222907
13,20,RF+GB,20,32,0,0,20.01223,0.29291971187149146
13,20,RF+GB,20,32,0,0,21.01826,0.2931433467598541
13,20,RF+GB,20,32,0,0,22.01056,0.2474778025739904
13,20,RF+GB,20,32,0,0,23.01604,0.2424825954727325
13,20,RF+GB,20,32,0,0,24.01034,0.23207877750669054
13,20,RF+GB,20,32,0,0,25.01539,0.23903356188351818
13,20,RF+GB,20,32,0,0,26.00949,0.270076176390858
13,20,RF+GB,20,32,0,0,27.01463,0.2708135769725559
13,20,RF+GB,20,32,0,0,28.00904,0.25748124937280603
13,20,RF+GB,20,32,0,0,29.0132,0.2790753207773207
13,20,RF+GB,20,32,0,0,30.00926,0.256808375958665
13,20,RF+GB,20,32,0,0,31.01427,0.25085004230669355
13,20,RF+GB,20,32,0,0,32.00863,0.23983398872554912
13,20,RF+GB,20,32,0,0,33.0139,0.2624662687831363
13,20,RF+GB,20,32,0,0,34.01863,0.25571064614930167
13,20,RF+GB,20,32,0,0,35.01357,0.2625313131227304
13,20,RF+GB,20,32,0,0,36.01921,0.27135410477963845
13,20,RF+GB,20,32,0,0,37.01136,0.4755274731751895
13,20,RF+GB,20,32,0,0,38.01687,0.5104771307882278
13,20,RF+GB,20,32,0,0,39.01275,0.29834421484165735
13,20,RF+GB,20,32,0,0,40.01619,0.2793114206961391
13,20,RF+GB,20,32,0,0,41.01143,0.29934058761374005
13,20,RF+GB,20,32,0,0,42.0158,0.5207187686844609
13,20,RF+GB,20,32,0,0,43.01032,0.5267207153066028
13,20,RF+GB,20,32,0,0,44.01684,0.4730548519765946
13,20,RF+GB,20,32,0,0,45.01042,0.4646382798001003
13,20,RF+GB,20,32,0,0,46.01677,0.6395264314345631
13,20,RF+GB,20,32,0,0,47.00881,0.5547743122876851
13,20,RF+GB,20,32,0,0,48.01413,0.5029401578852581
13,20,RF+GB,20,32,0,0,49.00892,0.49957762312847653
13,20,RF+GB,20,32,0,0,50.01486,0.6308915080658813
13,20,RF+GB,20,32,0,0,51.00885,0.6158897636614695
13,20,RF+GB,20,32,0,0,52.01189,0.7900404107868528
13,20,RF+GB,20,32,0,0,53.00847,0.8142816602740703
13,20,RF+GB,20,32,0,0,54.0122,0.8132785250736418
13,20,RF+GB,20,32,0,0,55.01799,0.8239363972065963
13,20,RF+GB,20,32,0,0,56.01407,0.8250214107676896
13,20,RF+GB,20,32,0,0,57.01657,0.8227568219647414
13,20,RF+GB,20,32,0,0,58.01276,0.8236798986919451
13,20,RF+GB,20,32,0,0,59.01617,0.8226943900953854
13,20,RF+GB,20,32,0,0,60.00939,0.8287089512817838
13,20,RF+GB,20,32,0,0,61.01475,0.8414624724389593
13,20,RF+GB,20,32,0,0,62.01167,0.8428902932459578
13,20,RF+GB,20,32,0,0,63.01693,0.8434104773156943
13,20,RF+GB,20,32,0,0,64.00983,0.8497758039423045
13,20,RF+GB,20,32,0,0,65.0164,0.8504804138260068
13,20,RF+GB,20,32,0,0,66.0104,0.8330676804081768
13,20,RF+GB,20,32,0,0,67.0154,0.8309718946682088
13,20,RF+GB,20,32,0,0,68.00903,0.8318684852787679
13,20,RF+GB,20,32,0,0,69.01451,0.8410285370283301
13,20,RF+GB,20,32,0,0,70.00904,0.8352911158950604
13,20,RF+GB,20,32,0,0,71.01378,0.8396991110585974
13,20,RF+GB,20,32,1,2,72.01909,0.8376453950551392
13,20,RF+GB,20,32,1,2,73.01382,0.8332133108014417
13,20,RF+GB,20,32,1,2,74.01805,0.8305599200251869
13,20,RF+GB,20,32,1,2,75.01324,0.8283875240508554
13,20,RF+GB,20,32,1,2,76.0176,0.8239961106687563
13,20,RF+GB,20,32,1,2,77.01219,0.8180235620827853
13,20,RF+GB,20,32,1,2,78.01801,0.8199625066017345
13,20,RF+GB,20,32,1,2,79.01147,0.8202957176489031
13,20,RF+GB,20,32,1,2,80.01809,0.8313232482530404
13,20,RF+GB,20,32,1,2,81.01084,0.8302542437386562
13,20,RF+GB,20,32,1,2,82.01569,0.8290280313752107
13,20,RF+GB,20,32,1,2,83.00967,0.8199621324645154
13,20,RF+GB,20,32,1,2,84.01677,0.8244529550506725
13,20,RF+GB,20,32,1,2,85.01046,0.8200573970744363
13,20,RF+GB,20,32,1,2,86.01457,0.8191940964954849
13,20,RF+GB,20,32,1,2,87.00938,0.8262950571907655
13,20,RF+GB,20,32,1,2,88.01499,0.8278073242162811
13,20,RF+GB,20,32,1,2,89.00937,0.8329272147874951
13,20,RF+GB,20,32,1,2,90.01464,0.8354273210804776
13,20,RF+GB,20,32,1,2,91.01879,0.8365378746606641
13,20,RF+GB,20,32,1,2,92.01122,0.8321963428545843
13,20,RF+GB,20,32,1,2,93.01852,0.8325129922612451
13,20,RF+GB,20,32,1,2,94.01377,0.8333727713552951
13,20,RF+GB,20,32,1,2,95.01805,0.8258045555937847
13,20,RF+GB,20,32,1,2,96.01261,0.8347530436360635
13,20,RF+GB,20,32,1,2,97.01575,0.838617994924069
13,20,RF+GB,20,32,1,2,98.01261,0.8486453500207165
13,20,RF+GB,20,32,1,2,99.01852,0.849106684087068
13,20,RF+GB,20,32,1,2,100.0113,0.8486356399435173
13,20,RF+GB,20,32,1,2,101.0157,0.8559898240488302
13,20,RF+GB,20,32,1,2,102.0107,0.8561711364870579
13,20,RF+GB,20,32,1,2,103.0147,0.8503615050751967
13,20,RF+GB,20,32,1,2,104.0102,0.8486482184383053
13,20,RF+GB,20,32,1,2,105.0154,0.8521476126514105
13,20,RF+GB,20,32,1,2,106.0096,0.8441341537535929
13,20,RF+GB,20,32,1,2,107.0156,0.8490688528882624
13,20,RF+GB,20,32,1,2,108.0097,0.8462901426856961
13,20,RF+GB,20,32,1,2,109.0142,0.8498287442111574
13,20,RF+GB,20,32,1,2,110.0082,0.8512362785367869
13,20,RF+GB,20,32,1,2,111.0138,0.8578631539749502
13,20,RF+GB,20,32,1,1,112.0179,0.8468027359424029
13,20,RF+GB,20,32,1,1,113.0144,0.8618289112514821
13,20,RF+GB,20,32,1,1,114.018,0.8522595257624772
13,20,RF+GB,20,32,1,1,115.0132,0.8564965784133018
13,20,RF+GB,20,32,1,1,116.0172,0.850797751580129
13,20,RF+GB,20,32,1,1,117.0128,0.8491400071678923
13,20,RF+GB,20,32,1,1,118.0175,0.8448277640546887
13,20,RF+GB,20,32,1,1,119.0129,0.8438262749215382
13,20,RF+GB,20,32,1,1,120.0177,0.8306663027689962
13,20,RF+GB,20,32,1,1,121.011,0.8307241387667632
13,20,RF+GB,20,32,1,1,122.0157,0.8346935284913786
13,20,RF+GB,20,32,1,1,123.0121,0.8322171169844776
13,20,RF+GB,20,32,1,1,124.0152,0.8280262964992596
13,20,RF+GB,20,32,1,1,125.0103,0.8246291342249162
13,20,RF+GB,20,32,1,1,126.0166,0.8200294923368425
13,20,RF+GB,20,32,1,1,127.0105,0.8316674675085396
13,20,RF+GB,20,32,1,1,128.0149,0.827080963718251
13,20,RF+GB,20,32,1,1,129.0176,0.827381643693323
13,20,RF+GB,20,32,1,1,130.0147,0.8296854811400598
13,20,RF+GB,20,32,1,1,131.0191,0.8263316390473922
13,20,RF+GB,20,32,1,1,132.0146,0.8234928398911274
13,20,RF+GB,20,32,1,1,133.0088,0.8217499937888854
13,20,RF+GB,20,32,1,1,134.0134,0.8301960719713305
13,20,RF+GB,20,32,1,1,135.0188,0.8328942328726274
13,20,RF+GB,20,32,1,1,136.0134,0.8336431008678755
13,20,RF+GB,20,32,1,1,137.0154,0.8317116312107447
13,20,RF+GB,20,32,1,1,138.0115,0.8258878341282848
13,20,RF+GB,20,32,1,1,139.0172,0.8211224511670621
13,20,RF+GB,20,32,1,1,140.0108,0.8327004059882555
13,20,RF+GB,20,32,1,1,141.0175,0.8336767694880367
13,20,RF+GB,20,32,1,1,142.0103,0.8427346646811751
13,20,RF+GB,20,32,1,1,143.0176,0.8403294351423662
13,20,RF+GB,20,32,1,1,144.01,0.8557290497993609
13,20,RF+GB,20,32,1,1,145.0161,0.8574027503348765
13,20,RF+GB,20,32,1,1,146.0108,0.8575294492402963
13,20,RF+GB,20,32,1,1,147.0163,0.8669436214823285
13,20,RF+GB,20,32,1,1,148.0093,0.8593881656154894
13,20,RF+GB,20,32,1,1,149.0147,0.8679556324522117
13,20,RF+GB,20,32,1,1,150.0185,0.8792371915315613
13,20,RF+GB,20,32,1,1,151.0144,0.8758587071896275
13,20,RF+GB,20,32,1,1,152.0169,0.8740692801915648
13,20,RF+GB,20,32,1,1,153.0127,0.8722021753406921
13,20,RF+GB,20,32,1,1,154.0087,0.8676232641568429
13,20,RF+GB,20,32,1,1,155.0125,0.8710585474874001
13,20,RF+GB,20,32,1,1,156.0175,0.8748328434468187
13,20,RF+GB,20,32,1,1,157.0109,0.8659454038438783
13,20,RF+GB,20,32,1,1,158.0174,0.8653625073574767
13,20,RF+GB,20,32,1,1,159.012,0.8424274272940725
13,20,RF+GB,20,32,1,1,160.018,0.8398624587234582
13,20,RF+GB,20,32,1,1,161.0096,0.8340890913289941
13,20,RF+GB,20,32,1,1,162.0173,0.8352545602386103
13,20,RF+GB,20,32,1,1,163.0103,0.8427859578309758
13,20,RF+GB,20,32,1,1,164.0173,0.8392092361976632
13,20,RF+GB,20,32,1,1,165.0189,0.8423438513157099
13,20,RF+GB,20,32,1,1,166.0151,0.8408984425988841
13,20,RF+GB,20,32,1,1,167.01,0.8438765275731517
13,20,RF+GB,20,32,1,1,168.0143,0.8372990213833973
13,20,RF+GB,20,32,1,1,169.0091,0.8310893172837239
13,20,RF+GB,20,32,1,1,170.014,0.8258549318134223
13,20,RF+GB,20,32,1,1,171.0084,0.8204595685726657
13,20,RF+GB,20,32,1,1,172.013,0.8235199518210733
13,20,RF+GB,20,32,1,1,173.018,0.8215160797079009
13,20,RF+GB,20,32,1,1,174.0129,0.8240207417475288
13,20,RF+GB,20,32,1,1,175.0199,0.8287608108015383
13,20,RF+GB,20,32,1,1,176.0122,0.8209706861898654
13,20,RF+GB,20,32,1,1,177.0179,0.8306054950138366
13,20,RF+GB,20,32,1,1,178.0117,0.8309457468046074
13,20,RF+GB,20,32,1,1,179.0178,0.8338828042777521
13,20,RF+GB,20,32,1,1,180.0106,0.8450528095466714
13,20,RF+GB,20,32,1,1,181.0175,0.8501286226830602
13,20,RF+GB,20,32,1,1,182.0107,0.8653232086182799
13,20,RF+GB,20,32,1,1,183.0149,0.8791240459096394
13,20,RF+GB,20,32,1,1,184.0101,0.8853086499223004
13,20,RF+GB,20,32,1,1,185.0164,0.8892747280137283
13,20,RF+GB,20,32,1,1,186.0087,0.8838707858994839
13,20,RF+GB,20,32,1,1,187.0147,0.8886492428514048
13,20,RF+GB,20,32,1,1,188.0101,0.8936681152900281
13,20,RF+GB,20,32,1,1,189.0145,0.9079337952795292
13,20,RF+GB,20,32,1,1,190.0089,0.9183926781623499
13,20,RF+GB,20,32,1,1,191.0141,0.9327478834584575
13,20,RF+GB,20,32,1,1,192.0196,0.9355727597792263
13,20,RF+GB,20,32,1,1,193.0127,0.9422383737805533
13,20,RF+GB,20,32,1,1,194.0189,0.9516590280382113
13,20,RF+GB,20,32,1,1,195.0131,0.9524981877229084
13,20,RF+GB,20,32,1,1,196.017,0.9525198588408939
13,20,RF+GB,20,32,1,1,197.0139,0.9504323917690642
13,20,RF+GB,20,32,1,1,198.0189,0.9513879166962926
13,20,RF+GB,20,32,1,1,199.011,0.9534982166642962
13,20,RF+GB,20,32,1,1,200.017,0.9520633200307673
13,20,RF+GB,20,32,1,1,201.0121,0.9523194371130366
13,20,RF+GB,20,32,1,1,202.0165,0.9509454879336513
13,20,RF+GB,20,32,1,1,203.0116,0.9516444552753722
13,20,RF+GB,20,32,1,1,204.0152,0.9499891793600279
13,20,RF+GB,20,32,1,1,205.0103,0.9509458826793651
13,20,RF+GB,20,32,1,1,206.0148,0.9523893626076516
13,20,RF+GB,20,32,1,1,207.0102,0.9537706837883183
13,20,RF+GB,20,32,1,1,208.0152,0.9537470303207773
13,20,RF+GB,20,32,1,1,209.0089,0.9519197053448942
13,20,RF+GB,20,32,1,1,210.0144,0.9530379684386369
13,20,RF+GB,20,32,1,1,211.019,0.9537286413880091
13,20,RF+GB,20,32,1,1,212.0146,0.9504094862623234
13,20,RF+GB,20,32,1,1,213.0184,0.9520981027203025
13,20,RF+GB,20,32,1,1,214.0145,0.9520729087783559
13,20,RF+GB,20,32,1,1,215.0192,0.9544415471079183
13,20,RF+GB,20,32,1,1,216.0108,0.9544458846899802
13,20,RF+GB,20,32,1,1,217.0188,0.9544885157851977
13,20,RF+GB,20,32,1,1,218.0127,0.9544726495435508
13,20,RF+GB,20,32,1,1,219.0183,0.9578286090524033
13,20,RF+GB,20,32,1,1,220.0118,0.9571516330713383
13,20,RF+GB,20,32,1,1,221.0171,0.9558846442090596
13,20,RF+GB,20,32,1,1,222.0114,0.952515504287036
13,20,RF+GB,20,32,1,1,223.0159,0.9508532644604291
13,20,RF+GB,20,32,1,1,224.0093,0.9396730474653283
13,20,RF+GB,20,32,1,1,225.0162,0.9265961789037906
13,20,RF+GB,20,32,1,1,226.0101,0.9214846436268925
13,20,RF+GB,20,32,1,1,227.0162,0.9242580159760422
13,20,RF+GB,20,32,1,1,228.0197,0.9207588281710253
13,20,RF+GB,20,32,1,1,229.0147,0.9176128870221971
13,20,RF+GB,20,32,1,1,230.009,0.9304988860062494
13,20,RF+GB,20,32,1,1,231.0148,0.9251435436008297
13,20,RF+GB,20,32,1,1,232.0199,0.9189589816282698
13,20,RF+GB,20,32,1,1,233.0121,0.925939058222162
13,20,RF+GB,20,32,1,1,234.0193,0.9304177030027472
13,20,RF+GB,20,32,1,1,235.0128,0.934818388994219
13,20,RF+GB,20,32,1,1,236.0184,0.9464687572946795
13,20,RF+GB,20,32,1,1,237.0118,0.9467145964989263
13,20,RF+GB,20,32,1,1,238.0171,0.9468354186160812
13,20,RF+GB,20,32,1,1,239.0134,0.9521433990681507
13,20,RF+GB,20,32,1,1,240.0174,0.9545003292317419
13,20,RF+GB,20,32,1,1,241.0109,0.957881429435189
13,20,RF+GB,20,32,1,1,242.0174,0.9585760573271838
13,20,RF+GB,20,32,1,1,243.0108,0.9552431071221712
13,20,RF+GB,20,32,1,1,244.0148,0.9552132905053101
13,20,RF+GB,20,32,1,1,245.0102,0.9535414482401806
13,20,RF+GB,20,32,1,1,246.0142,0.9530988843222836
13,20,RF+GB,20,32,1,1,247.0095,0.951439579890754
13,20,RF+GB,20,32,1,1,248.0159,0.9540910777712712
13,20,RF+GB,20,32,1,1,249.02,0.9521206910425273
13,20,RF+GB,20,32,1,1,250.0159,0.9530964208165232
13,20,RF+GB,20,32,1,1,251.0192,0.9554750929746378
13,20,RF+GB,20,32,1,1,252.0122,0.955467435603835
13,20,RF+GB,20,32,1,1,253.0195,0.956455731318965
13,20,RF+GB,20,32,1,1,254.0143,0.9562516953765173
13,20,RF+GB,20,32,1,1,255.0187,0.9529209970939386
13,20,RF+GB,20,32,1,1,256.0135,0.9557200415195797
13,20,RF+GB,20,32,1,1,257.0157,0.9547394447764245
13,20,RF+GB,20,32,1,1,258.0135,0.9530617974886739
13,20,RF+GB,20,32,1,1,259.0182,0.955478385694043
13,20,RF+GB,20,32,1,1,260.012,0.956846310707498
13,20,RF+GB,20,32,1,1,261.0171,0.9563760268310539
13,20,RF+GB,20,32,1,1,262.0101,0.9570739976251355
13,20,RF+GB,20,32,1,1,263.0161,0.961379820745615
13,20,RF+GB,20,32,1,1,264.0101,0.9587343241221989
13,20,RF+GB,20,32,1,1,265.0136,0.9570585660839541
13,20,RF+GB,20,32,1,1,266.0092,0.9570515122440367
13,20,RF+GB,20,32,1,1,267.0129,0.9573671713580021
13,20,RF+GB,20,32,1,1,268.0095,0.9608088153216758
13,20,RF+GB,20,32,1,1,269.0145,0.9613059988519219
13,20,RF+GB,20,32,1,1,270.0187,0.958711348727652
13,20,RF+GB,20,32,1,1,271.0134,0.9570385717619196
13,20,RF+GB,20,32,1,1,272.0087,0.956366418732226
13,20,RF+GB,20,32,1,1,273.0116,0.9565937817096559
13,20,RF+GB,20,32,1,1,274.0177,0.9553638681889826
13,20,RF+GB,20,32,1,1,275.0121,0.9537033655839737
13,20,RF+GB,20,32,1,1,276.0184,0.9537213428079059
13,20,RF+GB,20,32,1,1,277.0122,0.9546686275725373
13,20,RF+GB,20,32,1,1,278.0174,0.955371997281676
13,20,RF+GB,20,32,1,1,279.0111,0.9570152853529579
13,20,RF+GB,20,32,1,1,280.0171,0.9603811594778062
13,20,RF+GB,20,32,1,1,281.0084,0.9410479750601677
13,20,RF+GB,20,32,1,1,282.0154,0.9427043761779252
13,20,RF+GB,20,32,1,1,283.0103,0.9376142681886148
13,20,RF+GB,20,32,1,1,284.0168,0.9380114933198673
13,20,RF+GB,20,32,1,1,285.0093,0.9346854435491958
13,20,RF+GB,20,32,1,1,286.0151,0.9346804631039429
13,20,RF+GB,20,32,1,1,287.0084,0.9346303076774345
13,20,RF+GB,20,32,1,1,288.0136,0.9342593439456112
13,20,RF+GB,20,32,1,1,289.0085,0.9203155235523006
13,20,RF+GB,20,32,1,1,290.0133,0.9336858704386601
13,20,RF+GB,20,32,1,1,291.0176,0.9403520691881315
13,20,RF+GB,20,32,1,1,292.0125,0.9269802443921009
13,20,RF+GB,20,32,1,1,293.0178,0.924612535591572
13,20,RF+GB,20,32,1,1,294.0131,0.9286727952773886
13,20,RF+GB,20,32,1,1,295.0174,0.922309320978101
13,20,RF+GB,20,32,1,1,296.0108,0.9199373725961808
13,20,RF+GB,20,32,1,1,297.0173,0.9192262241124571
13,20,RF+GB,20,32,1,1,298.0109,0.9225436403036757
13,20,RF+GB,20,32,1,1,299.0171,0.9051886430426437
13,20,RF+GB,20,32,1,1,300.0103,0.907795173811481
13,20,RF+GB,20,32,1,1,301.0146,0.9187550229528075
