pair_g,pair_h,model,participant,session,y,sev,t,proba
2,4,RF,2,2,0,0,0.0,0.0
2,4,RF,2,2,0,0,1.000205,0.03475165663217242
2,4,RF,2,2,0,0,1.994169,0.05981396772346592
2,4,RF,2,2,0,0,2.99987,0.07291510388482787
2,4,RF,2,2,0,0,4.004305,0.055251070493730146
2,4,RF,2,2,0,0,4.998423,0.06643856970321202
2,4,RF,2,2,0,0,5.993399,0.05809997406136099
2,4,RF,2,2,0,0,6.99834,0.10787614109300965
2,4,RF,2,2,0,0,8.003426,0.15067654209038386
2,4,RF,2,2,0,0,8.995827,0.13523270955876526
2,4,RF,2,2,0,0,10.00222,0.13986827791028159
2,4,RF,2,2,0,0,10.9963,0.13060364213484232
2,4,RF,2,2,0,0,12.00186,0.13882118138370145
2,4,RF,2,2,0,0,12.99631,0.1397333135020299
2,4,RF,2,2,0,0,14.00165,0.14636013008314205
2,4,RF,2,2,0,0,14.99503,0.14854824667977384
2,4,RF,2,2,0,0,16.00142,0.16521702840566216
2,4,RF,2,2,0,0,16.99521,0.13052933137367032
2,4,RF,2,2,0,0,17.99982,0.13505483178977434
2,4,RF,2,2,0,0,18.99629,0.0595069592460228
2,4,RF,2,2,0,0,20.00061,0.06488294939321596
2,4,RF,2,2,0,0,20.99563,0.06208303021316709
2,4,RF,2,2,0,0,21.99956,0.09538707080523635
2,4,RF,2,2,0,0,22.99362,0.08756767811267534
2,4,RF,2,2,0,0,23.99915,0.10850465313028763
2,4,RF,2,2,0,0,24.99448,0.1299744247879916
2,4,RF,2,2,0,0,25.99742,0.1523980932260773
2,4,RF,2,2,0,0,26.99371,0.1464869540152434
2,4,RF,2,2,0,0,27.99764,0.14756941302303161
2,4,RF,2,2,0,0,29.00353,0.14333333333333334
2,4,RF,2,2,0,0,29.99711,0.13572969164905435
2,4,RF,2,2,0,0,31.00312,0.13945684900946043
2,4,RF,2,2,0,0,31.99651,0.155662013536379
2,4,RF,2,2,0,0,33.00121,0.12060012263737607
2,4,RF,2,2,0,0,33.9953,0.10238975277483785
2,4,RF,2,2,0,0,35.00201,0.11394529100054113
2,4,RF,2,2,0,0,35.99474,0.11819235154869237
2,4,RF,2,2,0,0,37.00034,0.12333268655700529
2,4,RF,2,2,0,0,37.99348,0.12367530740082328
2,4,RF,2,2,0,0,38.99988,0.13754378979779736
2,4,RF,2,2,0,0,39.99434,0.14368425574310725
2,4,RF,2,2,0,0,40.99866,0.12752389517354432
2,4,RF,2,2,0,0,41.99391,0.12085722850687763
2,4,RF,2,2,0,0,42.99882,0.12338249893368385
2,4,RF,2,2,0,0,44.00379,0.1203099517952678
2,4,RF,2,2,0,0,44.99791,0.11697661846193445
2,4,RF,2,2,0,0,46.00389,0.09175411423181601
2,4,RF,2,2,0,0,46.99784,0.09842078089848268
2,4,RF,2,2,0,0,48.00324,0.09508744756514935
2,4,RF,2,2,0,0,48.99698,0.10175411423181602
2,4,RF,2,2,0,0,50.00296,0.10594851918293859
2,4,RF,2,2,0,0,50.99651,0.09075393373454603
2,4,RF,2,2,0,0,51.99992,0.09781569346381845
2,4,RF,2,2,0,0,52.99696,0.09969471207633959
2,4,RF,2,2,0,0,54.00121,0.09969471207633959
2,4,RF,2,2,0,0,54.99426,0.10116763931830239
2,4,RF,2,2,0,0,56.00108,0.10450097265163572
2,4,RF,2,2,0,0,56.99522,0.1081972501474056
2,4,RF,2,2,0,0,57.99969,0.11153058348073894
2,4,RF,2,2,0,0,58.99453,0.10633134490205874
2,4,RF,2,2,0,0,60.00053,0.11299801156872541
2,4,RF,2,2,0,0,60.99381,0.11299801156872541
2,4,RF,2,2,0,0,61.99977,0.11633134490205874
2,4,RF,2,2,0,0,63.00386,0.1229980115687254
2,4,RF,2,2,0,0,63.99706,0.1329980115687254
2,4,RF,2,2,0,0,65.00371,0.16567568943794123
2,4,RF,2,2,0,0,65.99866,0.1815470809426679
2,4,RF,2,2,0,0,67.00185,0.20154708094266788
2,4,RF,2,2,0,0,67.99766,0.3540173235157863
2,4,RF,2,2,0,0,69.00256,0.3434010945237155
2,4,RF,2,2,0,0,69.99706,0.3487693423342133
2,4,RF,2,2,0,0,71.00292,0.3519113462629902
2,4,RF,2,2,0,0,71.99744,0.3473538912267039
2,4,RF,2,2,0,0,73.00128,0.30084282553633357
2,4,RF,2,2,0,0,73.9956,0.2517048628498489
2,4,RF,2,2,0,0,75.00233,0.2493301351810036
2,4,RF,2,2,0,0,75.99583,0.2274904566700053
2,4,RF,2,2,0,0,77.00105,0.20832382346577197
2,4,RF,2,2,0,0,77.99459,0.2964033291246695
2,4,RF,2,2,0,0,79.00166,0.2682857318319453
2,4,RF,2,2,0,0,79.99458,0.20538177608844543
2,4,RF,2,2,0,0,81.00029,0.21814423043981976
2,4,RF,2,2,0,0,82.00448,0.2464156041413955
2,4,RF,2,2,0,0,82.99762,0.2393707648858963
2,4,RF,2,2,0,0,83.99378,0.2478870654244308
2,4,RF,2,2,0,0,84.99883,0.2430668454582718
2,4,RF,2,2,0,0,86.00435,0.262773676192089
2,4,RF,2,2,0,0,86.99805,0.2506687522321945
2,4,RF,2,2,0,0,88.00208,0.23790629788082016
2,4,RF,2,2,0,0,88.9961,0.25685526677097215
2,4,RF,2,2,0,0,90.00268,0.41819903219395
2,4,RF,2,2,0,0,90.99656,0.40243822351511244
2,4,RF,2,2,0,0,92.00213,0.36018760075730066
2,4,RF,2,2,0,0,92.99535,0.34541010498741914
2,4,RF,2,2,0,0,94.00014,0.33882720700663216
2,4,RF,2,2,0,0,94.99482,0.33734032037380646
2,4,RF,2,2,0,0,96.00101,0.31146417440861207
2,4,RF,2,2,0,0,96.99474,0.2972772916090011
2,4,RF,2,2,0,0,97.99886,0.26883186013691984
2,4,RF,2,2,0,0,98.99485,0.262465954891573
2,4,RF,2,2,0,0,100.0004,0.2624807603061246
2,4,RF,2,2,0,0,100.9946,0.22676942652988316
2,4,RF,2,2,0,0,101.9996,0.1773210285297367
2,4,RF,2,2,0,0,103.0037,0.1573349879205996
2,4,RF,2,2,0,0,103.9989,0.22350159183683066
2,4,RF,2,2,0,0,105.0039,0.14920977641467745
2,4,RF,2,2,0,0,105.9986,0.1462690109674804
2,4,RF,2,2,0,0,107.0032,0.15108923093363946
2,4,RF,2,2,0,0,107.9987,0.13869072086774015
2,4,RF,2,2,0,0,108.9936,0.1486437665530193
2,4,RF,2,2,0,0,109.9969,0.1486437665530193
2,4,RF,2,2,0,0,111.0026,0.14050501866807852
2,4,RF,2,2,0,0,111.9943,0.12307522573964104
2,4,RF,2,2,0,0,113.0022,0.14296232738033998
2,4,RF,2,2,0,0,113.9966,0.14889989653183064
2,4,RF,2,2,0,0,115.0023,0.13223322986516398
2,4,RF,2,2,0,0,115.9952,0.14330986621947506
2,4,RF,2,2,0,0,117.0004,0.1359447357873298
2,4,RF,2,2,0,0,117.9948,0.125734498714463
2,4,RF,2,2,0,0,118.9998,0.13571927028806707
2,4,RF,2,2,0,0,119.9942,0.13156895676206892
2,4,RF,2,2,0,0,120.9996,0.12689786900673378
2,4,RF,2,2,0,0,121.9939,0.12633399043582197
2,4,RF,2,2,0,0,122.9996,0.13077925097210313
2,4,RF,2,2,0,0,123.9944,0.14594588094781313
2,4,RF,2,2,0,0,124.9997,0.14588267546815548
2,4,RF,2,2,0,0,126.0041,0.18403622876764786
2,4,RF,2,2,0,0,126.9962,0.1877616940806766
2,4,RF,2,2,0,0,128.001,0.18445247242247018
2,4,RF,2,2,0,0,128.9966,0.19445247242247019
2,4,RF,2,2,0,0,130.0031,0.18402226937678492
2,4,RF,2,2,0,0,130.9969,0.15735560271011825
2,4,RF,2,2,0,0,132.0034,0.15592962978287628
2,4,RF,2,2,0,0,132.9951,0.17073013935889308
2,4,RF,2,2,0,0,134.0018,0.17111108893980093
2,4,RF,2,2,0,0,134.9952,0.1707367234575674
2,4,RF,2,2,0,0,136.0003,0.17781777872763063
2,4,RF,2,2,0,0,136.9947,0.18204113276385547
2,4,RF,2,2,0,0,138.0004,0.17873444917671505
2,4,RF,2,2,0,0,139.0037,0.1972475625438893
2,4,RF,2,2,0,0,139.9993,0.1939345337790839
2,4,RF,2,2,0,0,140.9939,0.21870779943052213
2,4,RF,2,2,0,0,141.9993,0.23978774866910083
2,4,RF,2,2,0,0,143.0044,0.25126067591106355
2,4,RF,2,2,0,0,143.9993,0.25667171794859667
2,4,RF,2,2,0,0,144.9935,0.27000505128193
2,4,RF,2,2,0,0,145.9975,0.25813786410645356
2,4,RF,2,2,0,0,147.002,0.28131417736490044
2,4,RF,2,2,0,0,147.9976,0.28238593605512063
2,4,RF,2,2,0,0,149.004,0.28257610437718117
2,4,RF,2,2,0,0,149.9961,0.32737411046776216
2,4,RF,2,2,0,0,151.0017,0.3125898465083713
2,4,RF,2,2,0,0,151.9958,0.30833268821555665
2,4,RF,2,2,0,0,153.0004,0.31151647086191153
2,4,RF,2,2,0,0,153.9949,0.3001947863543045
2,4,RF,2,2,0,0,155.0013,0.29834833965379687
2,4,RF,2,2,0,0,155.9958,0.2853235753468478
2,4,RF,2,2,0,0,157.0011,0.27104032955706997
2,4,RF,2,2,0,0,158.0043,0.2568643437352315
2,4,RF,2,2,0,0,159.0005,0.24537745710240577
2,4,RF,2,2,0,0,160.0046,0.24106720892324068
2,4,RF,2,2,0,0,160.9996,0.23869739595633954
2,4,RF,2,2,0,0,162.0037,0.24054384265684717
2,4,RF,2,2,0,0,162.9976,0.17775189710184064
2,4,RF,2,2,0,0,164.0039,0.18404842840471713
2,4,RF,2,2,0,0,164.9958,0.19923878373466636
2,4,RF,2,2,0,0,165.9934,0.20834563358535788
2,4,RF,2,2,0,0,166.9979,0.20685874695253217
2,4,RF,2,2,0,0,168.0029,0.22440369592456003
2,4,RF,2,2,0,0,168.9963,0.2119877429180323
2,4,RF,2,2,0,0,170.0005,0.21069218090082079
2,4,RF,2,2,0,0,170.9958,0.21391138172716812
2,4,RF,2,2,0,0,172.0012,0.20536242716815714
2,4,RF,2,2,0,0,172.9956,0.23126594418336524
2,4,RF,2,2,0,0,174.0013,0.2550167902070539
2,4,RF,2,2,0,0,174.9954,0.2592945130761924
2,4,RF,2,2,0,0,176.0,0.2701215050142785
2,4,RF,2,2,0,0,176.9954,0.2644550188448818
2,4,RF,2,2,0,0,178.0005,0.24263310683134545
2,4,RF,2,2,0,0,179.0044,0.21934672781273287
2,4,RF,2,2,0,0,179.9999,0.2525776710040987
2,4,RF,2,2,0,0,180.9948,0.2677976371631512
2,4,RF,2,2,0,0,181.9996,0.2658334339482886
2,4,RF,2,2,0,0,182.9938,0.2639205743882209
2,4,RF,2,2,0,0,183.9996,0.2734474046316838
2,4,RF,2,2,0,0,185.0037,0.261575154208672
2,4,RF,2,2,0,0,185.9989,0.30731457513014593
2,4,RF,2,2,0,0,187.0027,0.30968175319344354
2,4,RF,2,2,0,0,187.9986,0.26868048415791057
2,4,RF,2,2,0,0,189.0018,0.28491737079073626
2,4,RF,2,2,0,0,189.9977,0.2815130360217539
2,4,RF,2,2,0,0,191.0019,0.29442631859366597
2,4,RF,2,2,0,0,191.9964,0.2944665047188774
2,4,RF,2,2,0,0,193.0019,0.28964628475271836
2,4,RF,2,2,0,0,193.9954,0.2772363065761824
2,4,RF,2,2,0,0,195.001,0.26312440335660503
2,4,RF,2,2,0,0,195.9944,0.2625429063242264
2,4,RF,2,2,0,0,197.0007,0.26209578280476786
2,4,RF,2,2,0,0,197.9939,0.26169265251711976
2,4,RF,2,2,0,0,198.9984,0.25694265251711984
2,4,RF,2,2,0,0,200.0031,0.2587890992176274
2,4,RF,2,2,0,0,200.9996,0.2683825848352247
2,4,RF,2,2,0,0,202.0045,0.27022903153573236
2,4,RF,2,2,0,0,202.9982,0.27073615818288727
2,4,RF,2,2,0,0,204.004,0.27346094101070245
2,4,RF,2,2,0,0,204.9996,0.261567539995474
2,4,RF,2,2,0,0,206.0046,0.26303116097686147
2,4,RF,2,2,0,0,206.9983,0.2663644943101948
2,4,RF,2,2,0,0,208.0024,0.2788697354021546
2,4,RF,2,2,0,0,208.9951,0.27404951543599554
2,4,RF,2,2,0,0,210.0027,0.27071618210266224
2,4,RF,2,2,0,0,210.9949,0.24766046423147314
2,4,RF,2,2,0,0,212.0016,0.2424806841976322
2,4,RF,2,2,0,0,212.9949,0.22766046423147315
2,4,RF,2,2,0,0,214.0006,0.22581401753096553
2,4,RF,2,2,0,0,214.9952,0.2243622408812193
2,4,RF,2,2,0,0,216.0003,0.22102890754788598
2,4,RF,2,2,0,0,216.9954,0.22669539371728267
2,4,RF,2,2,0,0,217.9993,0.2281471703670289
2,4,RF,2,2,0,0,218.9953,0.23004057138225734
2,4,RF,2,2,0,0,220.0006,0.23814717036702887
2,4,RF,2,2,0,0,220.9946,0.23481383703369554
2,4,RF,2,2,0,0,221.9974,0.23481383703369554
2,4,RF,2,2,0,0,223.0048,0.22908639904389527
2,4,RF,2,2,0,0,223.9989,0.22819708576466002
2,4,RF,2,2,0,0,225.004,0.24206015523857777
2,4,RF,2,2,0,0,225.9989,0.24339931012277646
2,4,RF,2,2,0,0,227.0026,0.23804457790360004
2,4,RF,2,2,0,0,227.9984,0.23139736978177258
2,4,RF,2,2,0,0,229.0035,0.2347307031151059
2,4,RF,2,2,0,0,229.9966,0.23433561005250017
2,4,RF,2,2,0,0,231.002,0.24491358260161103
2,4,RF,2,2,0,0,231.9962,0.23637297346455516
2,4,RF,2,2,0,0,233.0006,0.22493304114645024
2,4,RF,2,2,0,0,233.9961,0.23303964013122183
2,4,RF,2,2,0,0,235.0027,0.23491358260161102
2,4,RF,2,2,0,0,235.996,0.24359014010704547
2,4,RF,2,2,0,0,237.0018,0.2547790650213475
2,4,RF,2,2,0,0,237.995,0.2728856640061191
2,4,RF,2,2,0,0,239.0019,0.27955233067278573
2,4,RF,2,2,0,0,239.9948,0.2851517384562037
2,4,RF,2,2,0,0,240.9989,0.2809721389196327
2,4,RF,2,2,0,0,242.0038,0.26798694433418435
2,4,RF,2,2,0,0,242.9988,0.2640925589255134
2,4,RF,2,2,0,0,244.0048,0.25739585841789925
2,4,RF,2,2,0,0,244.9977,0.24928925943312769
2,4,RF,2,2,0,0,246.0033,0.2503421359136691
2,4,RF,2,2,0,0,246.9974,0.25259509699657945
2,4,RF,2,2,0,0,248.0032,0.25758677512944655
2,4,RF,2,2,0,0,248.9989,0.2513135094780084
2,4,RF,2,2,0,0,250.0025,0.2736428973349889
2,4,RF,2,2,0,0,250.9969,0.2822152323603696
2,4,RF,2,2,0,0,252.0007,0.2888818990270363
2,4,RF,2,2,0,0,252.9972,0.2874419667089314
2,4,RF,2,2,0,0,254.0013,0.2869762306683223
2,4,RF,2,2,0,0,254.9957,0.2687951589519272
2,4,RF,2,2,0,0,256.0012,0.27790611131711845
2,4,RF,2,2,0,0,256.9948,0.2637855529414839
2,4,RF,2,2,0,0,258.0016,0.2934013824508315
2,4,RF,2,2,0,0,258.9961,0.2907272549026928
2,4,RF,2,2,0,0,260.0005,0.29416131249090066
2,4,RF,2,2,0,0,261.005,0.30573976868567776
2,4,RF,2,2,0,0,261.9996,0.3018853265157784
2,4,RF,2,2,0,0,263.005,0.27439078828407304
2,4,RF,2,2,0,0,263.9995,0.22768963310663107
2,4,RF,2,2,0,0,265.0048,0.21535337137892546
2,4,RF,2,2,0,0,265.9982,0.21347689083747032
2,4,RF,2,2,0,0,267.0045,0.21014355750413696
2,4,RF,2,2,0,0,267.9995,0.21014355750413696
2,4,RF,2,2,0,0,269.0038,0.20865667087131123
2,4,RF,2,2,0,0,269.9978,0.21411574716777865
2,4,RF,2,2,0,0,271.0036,0.22126911997000107
2,4,RF,2,2,0,0,271.9975,0.23123654805798755
2,4,RF,2,2,0,0,273.0035,0.23123654805798755
2,4,RF,2,2,0,0,273.996,0.23123654805798755
2,4,RF,2,2,0,0,275.0023,0.23110315819311741
2,4,RF,2,2,0,0,275.9955,0.2277698248597841
2,4,RF,2,2,0,0,277.0023,0.2303078830311774
2,4,RF,2,2,0,0,277.996,0.24271359314554194
2,4,RF,2,2,0,0,279.0019,0.23643905845857072
2,4,RF,2,2,0,0,279.9952,0.22928003869364005
2,4,RF,2,2,0,0,280.9987,0.24742936187468914
2,4,RF,2,2,0,0,282.0053,0.2649754374771832
2,4,RF,2,2,0,0,282.9994,0.2668443038054404
2,4,RF,2,2,0,0,284.0045,0.2668443038054404
2,4,RF,2,2,0,0,284.9988,0.26682103815400215
2,4,RF,2,2,0,0,286.0036,0.2634877048206688
2,4,RF,2,2,0,0,286.9983,0.26682103815400215
2,4,RF,2,2,0,0,288.0022,0.2400872840342443
2,4,RF,2,2,0,0,288.9989,0.24490750400040337
2,4,RF,2,2,0,0,290.0029,0.24765268870255738
2,4,RF,2,2,1,1,290.9975,0.2734415051772806
2,4,RF,2,2,1,1,292.0027,0.2991180343961533
2,4,RF,2,2,1,1,292.9962,0.3055548251340779
2,4,RF,2,2,1,1,294.0034,0.33093000487407853
2,4,RF,2,2,1,1,294.9959,0.32522685857384404
2,4,RF,2,2,1,1,296.0013,0.32710418513898787
2,4,RF,2,2,1,1,296.9955,0.3424325429451445
2,4,RF,2,2,1,1,298.0017,0.3428073314392224
2,4,RF,2,2,1,1,298.9961,0.5179404702303554
2,4,RF,2,2,1,1,300.0004,0.5064298949342471
2,4,RF,2,2,1,1,300.9952,0.4938246663273343
2,4,RF,2,3,0,0,0.011238,0.02408168524974282
2,4,RF,2,3,0,0,1.010427,0.05811046853476973
2,4,RF,2,3,0,0,2.005901,0.07109214888655266
2,4,RF,2,3,0,0,3.009208,0.0778375685309386
2,4,RF,2,3,0,0,4.013891,0.09630421325394627
2,4,RF,2,3,0,0,5.009709,0.1138504532520956
2,4,RF,2,3,0,0,6.013655,0.3318006145161537
2,4,RF,2,3,0,0,7.01029,0.3283559476302727
2,4,RF,2,3,0,0,8.004245,0.3990090838585056
2,4,RF,2,3,0,0,9.006847,0.37309737379357844
2,4,RF,2,3,0,0,10.00374,0.3437707312613027
2,4,RF,2,3,0,0,11.00845,0.19957427638304875
2,4,RF,2,3,0,0,12.00327,0.1282275385750664
2,4,RF,2,3,0,0,13.00797,0.1285435359710485
2,4,RF,2,3,0,0,14.01414,0.14267859772725144
2,4,RF,2,3,0,0,15.00711,0.1727674514432413
2,4,RF,2,3,0,0,16.01306,0.1723867578209294
2,4,RF,2,3,0,0,17.00686,0.1815525784639074
2,4,RF,2,3,0,0,18.01257,0.1858815826965789
2,4,RF,2,3,0,0,19.00748,0.19774156577610513
2,4,RF,2,3,0,0,20.01261,0.21346615905245345
2,4,RF,2,3,0,0,21.00554,0.2249285109983079
2,4,RF,2,3,0,0,22.01061,0.22582256731829423
2,4,RF,2,3,0,0,23.01419,0.23680245346869705
2,4,RF,2,3,0,0,24.01053,0.21888116400867239
2,4,RF,2,3,0,0,25.00407,0.22743281996566025
2,4,RF,2,3,0,0,26.01028,0.23837393062471993
2,4,RF,2,3,0,0,27.00355,0.25555070299698357
2,4,RF,2,3,0,0,28.00709,0.3560190898331577
2,4,RF,2,3,0,0,29.00403,0.2751769344021939
2,4,RF,2,3,0,0,30.00948,0.22658695320894467
2,4,RF,2,3,0,0,31.01333,0.1972518667655951
2,4,RF,2,3,0,0,32.00739,0.18725186676559513
2,4,RF,2,3,0,0,33.0139,0.17058520009892844
2,4,RF,2,3,0,0,34.0069,0.20007796671497602
2,4,RF,2,3,0,0,35.01249,0.23821915189696977
2,4,RF,2,3,0,0,36.00776,0.21730549448468456
2,4,RF,2,3,0,0,37.01255,0.17386787965747208
2,4,RF,2,3,0,0,38.00636,0.17255002304416123
2,4,RF,2,3,0,0,39.01038,0.1692166897108279
2,4,RF,2,3,0,0,40.0048,0.1696844331641286
2,4,RF,2,3,0,0,41.01232,0.16863803715367226
2,4,RF,2,3,0,0,42.00532,0.1591036655477513
2,4,RF,2,3,0,0,43.01156,0.17297506616465672
2,4,RF,2,3,0,0,44.00523,0.20391204118226905
2,4,RF,2,3,0,0,45.0106,0.24394292104690526
2,4,RF,2,3,0,0,46.00391,0.23208166893184606
2,4,RF,2,3,0,0,47.00961,0.2248291558756023
2,4,RF,2,3,0,0,48.00344,0.20352583136839428
2,4,RF,2,3,0,0,49.00859,0.20019249803506095
2,4,RF,2,3,0,0,50.01414,0.19831136436331812
2,4,RF,2,3,0,0,51.00926,0.18164469769665145
2,4,RF,2,3,0,0,52.01384,0.15727075522626227
2,4,RF,2,3,0,0,53.00763,0.14876271800121998
2,4,RF,2,3,0,0,54.01284,0.16352794642761595
2,4,RF,2,3,0,0,55.007,0.15453355322812234
2,4,RF,2,3,0,0,56.0122,0.17493018850897651
2,4,RF,2,3,0,0,57.00453,0.17394503610612694
2,4,RF,2,3,0,0,58.01069,0.1867500536588818
2,4,RF,2,3,0,0,59.00611,0.19628061815820377
2,4,RF,2,3,0,0,60.00909,0.19441471291285692
2,4,RF,2,3,0,0,61.00516,0.19628019514635942
2,4,RF,2,3,0,0,62.01141,0.20194125501251967
2,4,RF,2,3,0,0,63.00307,0.20527458834585302
2,4,RF,2,3,0,0,64.00782,0.20194125501251967
2,4,RF,2,3,0,0,65.004,0.19857154266057384
2,4,RF,2,3,0,0,66.0097,0.2067060604270713
2,4,RF,2,3,0,0,67.00374,0.2167060604270713
2,4,RF,2,3,0,0,68.00844,0.24337272709373797
2,4,RF,2,3,0,0,69.01296,0.26670606042707123
2,4,RF,2,3,0,0,70.00988,0.27337272709373794
2,4,RF,2,3,0,0,71.0142,0.29784353263239005
2,4,RF,2,3,0,0,72.00565,0.2945101992990567
2,4,RF,2,3,0,0,73.01225,0.30303896410447123
2,4,RF,2,3,0,0,74.0084,0.29488033466284685
2,4,RF,2,3,0,0,75.01354,0.2802349118225312
2,4,RF,2,3,0,0,76.00615,0.2883613923639864
2,4,RF,2,3,0,0,77.0134,0.2883613923639864
2,4,RF,2,3,0,0,78.00726,0.29502805903065304
2,4,RF,2,3,0,0,79.01142,0.2883613923639864
2,4,RF,2,3,0,0,80.00616,0.30206316901373254
2,4,RF,2,3,0,0,81.01123,0.2915309991117624
2,4,RF,2,3,0,0,82.00616,0.2915487656092243
2,4,RF,2,3,0,0,83.00994,0.2895323010611142
2,4,RF,2,3,0,0,84.00312,0.28821543227589097
2,4,RF,2,3,0,0,85.00861,0.2915487656092243
2,4,RF,2,3,0,0,86.00405,0.29304072838418205
2,4,RF,2,3,0,0,87.01019,0.2983096916848435
2,4,RF,2,3,0,0,88.01415,0.2840186385341424
2,4,RF,2,3,0,0,89.00842,0.29068530520080904
2,4,RF,2,3,0,0,90.01416,0.3004795567142448
2,4,RF,2,3,0,0,91.0079,0.3138128900475782
2,4,RF,2,3,0,0,92.00355,0.3156309949545156
2,4,RF,2,3,0,0,93.00796,0.38815943689103233
2,4,RF,2,3,0,0,94.01137,0.387735579023012
2,4,RF,2,3,0,0,95.00732,0.383010436578881
2,4,RF,2,3,0,0,96.01418,0.3889202345893552
2,4,RF,2,3,0,0,97.00631,0.38620791000232546
2,4,RF,2,3,0,0,98.01198,0.3989202345893552
2,4,RF,2,3,0,0,99.0062,0.3750353870451479
2,4,RF,2,3,0,0,100.012,0.37170205371181453
2,4,RF,2,3,0,0,101.0051,0.3583687203784812
2,4,RF,2,3,0,0,102.0107,0.3583687203784812
2,4,RF,2,3,0,0,103.0037,0.35703366898477884
2,4,RF,2,3,0,0,104.0105,0.35703366898477884
2,4,RF,2,3,0,0,105.0039,0.36036700231811214
2,4,RF,2,3,0,0,106.0083,0.3670336689847788
2,4,RF,2,3,0,0,107.0031,0.3683493032030679
2,4,RF,2,3,0,0,108.0084,0.3746879304868989
2,4,RF,2,3,0,0,109.0032,0.3713284150061435
2,4,RF,2,3,0,0,110.0087,0.38003896293527645
2,4,RF,2,3,0,0,111.0139,0.38003896293527645
2,4,RF,2,3,0,0,112.0062,0.3719112133582883
2,4,RF,2,3,0,0,113.0129,0.3619112133582883
2,4,RF,2,3,0,0,114.0063,0.35857788002495494
2,4,RF,2,3,0,0,115.0135,0.36524454669162165
2,4,RF,2,3,0,0,116.0077,0.3719112133582883
2,4,RF,2,3,0,0,117.013,0.37670562960194315
2,4,RF,2,3,0,0,118.0064,0.37670562960194315
2,4,RF,2,3,0,0,119.0118,0.37149454669162163
2,4,RF,2,3,0,0,120.0056,0.36945066542915533
2,4,RF,2,3,0,0,121.0098,0.3681612133582883
2,4,RF,2,3,0,0,122.0058,0.37149454669162163
2,4,RF,2,3,0,0,123.0083,0.3761348905952815
2,4,RF,2,3,0,0,124.0142,0.38078509271383804
2,4,RF,2,3,0,0,125.0098,0.3837102196173914
2,4,RF,2,3,0,0,126.0131,0.3757266841655015
2,4,RF,2,3,0,0,127.0085,0.3757266841655015
2,4,RF,2,3,0,0,128.0035,0.3723933508321682
2,4,RF,2,3,0,0,129.0072,0.38093226792184665
2,4,RF,2,3,0,0,130.014,0.38016333273078806
2,4,RF,2,3,0,0,131.0072,0.3788464639455648
2,4,RF,2,3,0,0,132.0132,0.3821797972788981
2,4,RF,2,3,0,0,133.0071,0.3888464639455648
2,4,RF,2,3,0,0,134.0137,0.396965330273822
2,4,RF,2,3,0,0,135.0055,0.39161553239237856
2,4,RF,2,3,0,0,136.0135,0.40233048552413847
2,4,RF,2,3,0,0,137.0076,0.3904527359471503
2,4,RF,2,3,0,0,138.0122,0.39378606928048365
2,4,RF,2,3,0,0,139.006,0.387119402613817
2,4,RF,2,3,0,0,140.0114,0.39178778734085273
2,4,RF,2,3,0,0,141.0062,0.44156358089301184
2,4,RF,2,3,0,0,142.0109,0.4302853955197827
2,4,RF,2,3,0,0,143.0041,0.43361872885311603
2,4,RF,2,3,0,0,144.0106,0.4348871240878742
2,4,RF,2,3,0,0,145.0049,0.42933693462919126
2,4,RF,2,3,0,0,146.0097,0.4239597200333916
2,4,RF,2,3,0,0,147.0045,0.42604552400967344
2,4,RF,2,3,0,0,148.0082,0.4286227015982191
2,4,RF,2,3,0,0,149.0146,0.43195603493155244
2,4,RF,2,3,0,0,150.0082,0.43464783698999243
2,4,RF,2,3,0,0,151.0033,0.4413145036566591
2,4,RF,2,3,0,0,152.0067,0.4366461189296233
2,4,RF,2,3,0,0,153.0131,0.43771573819098025
2,4,RF,2,3,0,0,154.0056,0.4352019564930751
2,4,RF,2,3,0,0,155.0124,0.4477157381909802
2,4,RF,2,3,0,0,156.0072,0.4352019564930751
2,4,RF,2,3,0,0,157.0128,0.4412829790158611
2,4,RF,2,3,0,0,158.0061,0.43999637273673
2,4,RF,2,3,0,0,159.0115,0.43999637273673
2,4,RF,2,3,0,0,160.0054,0.4333297060700633
2,4,RF,2,3,0,0,161.0108,0.4452184539550041
2,4,RF,2,3,0,0,162.0054,0.43852936766058787
2,4,RF,2,3,0,0,163.0095,0.44125405003390045
2,4,RF,2,3,0,0,164.0036,0.4443963877390479
2,4,RF,2,3,0,0,165.0094,0.4450040500339005
2,4,RF,2,3,0,0,166.0135,0.4529039784617079
2,4,RF,2,3,0,0,167.0089,0.4634737279623735
2,4,RF,2,3,0,0,168.0038,0.4654922877750239
2,4,RF,2,3,0,0,169.0093,0.45255918017483326
2,4,RF,2,3,0,0,170.0146,0.44881890944725283
2,4,RF,2,3,0,0,171.0075,0.431457365453007
2,4,RF,2,3,0,0,172.0137,0.4221522427805862
2,4,RF,2,3,0,0,173.0077,0.4121522427805862
2,4,RF,2,3,0,0,174.0128,0.4088189094472529
2,4,RF,2,3,0,0,175.0064,0.4088189094472529
2,4,RF,2,3,0,0,176.0134,0.4169466590242411
2,4,RF,2,3,0,0,177.0064,0.43107732545490307
2,4,RF,2,3,0,0,178.0123,0.43679553123097814
2,4,RF,2,3,0,0,179.0055,0.4334621978976448
2,4,RF,2,3,0,0,180.0109,0.4401288645643115
2,4,RF,2,3,0,0,181.004,0.4670258108207857
2,4,RF,2,3,0,0,182.0105,0.479819836966415
2,4,RF,2,3,0,0,183.0044,0.48315317029974836
2,4,RF,2,3,0,0,184.0103,0.4774349645236731
2,4,RF,2,3,0,0,185.0039,0.4329690344227542
2,4,RF,2,3,0,0,186.0109,0.43963570108942085
2,4,RF,2,3,0,0,187.0144,0.4363023677560875
2,4,RF,2,3,0,0,188.0096,0.43669746081869315
2,4,RF,2,3,0,0,189.0142,0.4481746181790993
2,4,RF,2,3,0,0,190.0089,0.4415079515124326
2,4,RF,2,3,0,0,191.0136,0.43484128484576595
2,4,RF,2,3,0,0,192.0078,0.42613358621643305
2,4,RF,2,3,0,0,193.0136,0.42467800246008786
2,4,RF,2,3,0,0,194.0066,0.4400078726810572
2,4,RF,2,3,0,0,195.0137,0.4731924669916769
2,4,RF,2,3,0,0,196.0059,0.4769356988021677
2,4,RF,2,3,0,0,197.0126,0.47231006409816717
2,4,RF,2,3,0,0,198.0066,0.48377791519799795
2,4,RF,2,3,0,0,199.0112,0.4885668322876764
2,4,RF,2,3,0,0,200.0051,0.4952334989543431
2,4,RF,2,3,0,0,201.0101,0.4952195395634802
2,4,RF,2,3,0,0,202.0057,0.49461583547558746
2,4,RF,2,3,0,0,203.0104,0.4902298033546704
2,4,RF,2,3,0,0,204.0044,0.4935631366880038
2,4,RF,2,3,0,0,205.0099,0.498768720444349
2,4,RF,2,3,0,0,206.0038,0.5097768670838602
2,4,RF,2,3,0,0,207.0091,0.5197768670838602
2,4,RF,2,3,0,0,208.0138,0.528768720444349
2,4,RF,2,3,0,0,209.0093,0.528768720444349
2,4,RF,2,3,0,0,210.0041,0.5321020537776824
2,4,RF,2,3,0,0,211.0063,0.5037279501608021
2,4,RF,2,3,0,0,212.0139,0.5037279501608021
2,4,RF,2,3,0,0,213.0081,0.513591478481574
2,4,RF,2,3,0,0,214.0138,0.5302581451482407
2,4,RF,2,3,0,0,215.0059,0.513591478481574
2,4,RF,2,3,0,0,216.0132,0.5161052601794792
2,4,RF,2,3,0,0,217.0059,0.5094385935128126
2,4,RF,2,3,0,0,218.0114,0.50798131770909
2,4,RF,2,3,0,0,219.006,0.5294385935128125
2,4,RF,2,3,0,0,220.0104,0.5375663430898008
2,4,RF,2,3,0,0,221.0062,0.5475663430898008
2,4,RF,2,3,0,0,222.0106,0.5475663430898008
2,4,RF,2,3,0,0,223.0049,0.5746399471507143
2,4,RF,2,3,0,0,224.0104,0.5812841941896314
2,4,RF,2,3,0,0,225.0054,0.5812841941896314
2,4,RF,2,3,0,0,226.009,0.5912841941896314
2,4,RF,2,3,0,0,227.0141,0.5925801641109097
2,4,RF,2,3,0,0,228.007,0.5892468307775764
2,4,RF,2,3,0,0,229.0136,0.5892468307775764
2,4,RF,2,3,0,0,230.007,0.5892468307775764
2,4,RF,2,3,0,0,231.0132,0.5925801641109097
2,4,RF,2,3,0,0,232.0052,0.597950860856298
2,4,RF,2,3,0,0,233.0103,0.6046175275229647
2,4,RF,2,3,0,0,234.006,0.6046175275229647
2,4,RF,2,3,0,0,235.0119,0.5931797102640815
2,4,RF,2,3,0,0,236.0068,0.5965130435974147
2,4,RF,2,3,0,0,237.0114,0.5978090135186932
2,4,RF,2,3,0,0,238.0062,0.6044756801853598
2,4,RF,2,3,0,0,239.0112,0.6044756801853598
2,4,RF,2,3,0,0,240.0064,0.6068605526281018
2,4,RF,2,3,0,0,241.0103,0.6068605526281018
2,4,RF,2,3,0,0,242.0039,0.6101938859614351
2,4,RF,2,3,0,0,243.0101,0.6111423468520266
2,4,RF,2,3,0,0,244.0035,0.6144756801853599
2,4,RF,2,3,0,0,245.0085,0.6211423468520266
2,4,RF,2,3,0,0,246.0035,0.6211423468520266
2,4,RF,2,3,0,0,247.0071,0.6248166713656356
2,4,RF,2,3,0,0,248.0035,0.6235207014443571
2,4,RF,2,3,0,0,249.0085,0.6208825285634076
2,4,RF,2,3,0,0,250.0133,0.5951465978274769
2,4,RF,2,3,0,0,251.0078,0.5951465978274769
2,4,RF,2,3,0,0,252.0139,0.6071974254348282
2,4,RF,2,3,0,0,253.0063,0.5938640921014949
2,4,RF,2,3,0,0,254.012,0.5971974254348282
2,4,RF,2,3,0,0,255.0076,0.5938746673976031
2,4,RF,2,3,0,0,256.0135,0.6005413340642698
2,4,RF,2,3,0,0,257.0063,0.6038746673976031
2,4,RF,2,3,0,0,258.0114,0.6005413340642698
2,4,RF,2,3,0,0,259.0068,0.6038746673976031
2,4,RF,2,3,0,0,260.0124,0.6005413340642698
2,4,RF,2,3,0,0,261.0036,0.5775745077389957
2,4,RF,2,3,0,0,262.0094,0.5642411744056623
2,4,RF,2,3,0,0,263.0131,0.559031783542718
2,4,RF,2,3,0,0,264.0099,0.559031783542718
2,4,RF,2,3,0,0,265.0028,0.5544364954624755
2,4,RF,2,3,0,0,266.0089,0.5523918007589739
2,4,RF,2,3,0,0,267.0042,0.5457251340923072
2,4,RF,2,3,0,0,268.0081,0.5390584674256406
2,4,RF,2,3,0,0,269.0143,0.543653755505883
2,4,RF,2,3,0,0,270.0072,0.5469870888392163
2,4,RF,2,3,0,0,271.0114,0.543653755505883
2,4,RF,2,3,0,0,272.0073,0.5403204221725497
2,4,RF,2,3,0,0,273.0117,0.543653755505883
2,4,RF,2,3,0,0,274.006,0.5415944676616452
2,4,RF,2,3,0,0,275.0121,0.5403325129147359
2,4,RF,2,3,0,0,276.005,0.5336658462480693
2,4,RF,2,3,0,0,277.0126,0.5236658462480693
2,4,RF,2,3,0,0,278.003,0.5236658462480693
2,4,RF,2,3,0,0,279.0113,0.5283342309751051
2,4,RF,2,3,0,0,280.0044,0.5283342309751051
2,4,RF,2,3,0,0,281.0101,0.5283342309751051
2,4,RF,2,3,0,0,282.0047,0.5396367371523023
2,4,RF,2,3,0,0,283.0086,0.5450008976417717
2,4,RF,2,3,0,0,284.0052,0.5450008976417717
2,4,RF,2,3,0,0,285.0094,0.5416675643084384
2,4,RF,2,3,0,0,286.0031,0.5450008976417717
2,4,RF,2,3,0,0,287.0089,0.5450008976417717
2,4,RF,2,3,0,0,288.0141,0.5535436218380492
2,4,RF,2,3,0,0,289.0098,0.5592618276141245
2,4,RF,2,3,0,0,290.0146,0.5592618276141245
2,4,RF,2,3,0,0,291.0092,0.5611357700845135
2,4,RF,2,3,0,0,292.0125,0.5678024367511803
2,4,RF,2,3,0,0,293.0078,0.583538367487111
2,4,RF,2,3,0,0,294.0122,0.5802050341537776
2,4,RF,2,3,0,0,295.0077,0.5711357700845135
2,4,RF,2,3,0,0,296.0117,0.574469103417847
2,4,RF,2,3,0,0,297.005,0.5711357700845135
2,4,RF,2,3,0,0,298.0123,0.5711357700845135
2,4,RF,2,3,0,0,299.0035,0.5578024367511802
2,4,RF,2,3,0,0,300.0103,0.5611357700845135
2,4,RF,2,3,0,0,301.0058,0.5727252017588218
2,4,RF,4,5,0,0,0.0112268,0.020748351916409488
2,4,RF,4,5,0,0,1.010952,0.014731377119148605
2,4,RF,4,5,0,0,2.01688,0.011827567266833794
2,4,RF,4,5,0,0,3.010709,0.007579219538832523
2,4,RF,4,5,0,0,4.015441,0.013317917354103991
2,4,RF,4,5,0,0,5.010154,0.007081218274111675
2,4,RF,4,5,0,0,6.01441,0.0033333333333333335
2,4,RF,4,5,0,0,7.008793,0.0
2,4,RF,4,5,0,0,8.014668,0.00853595600676819
2,4,RF,4,5,0,0,9.007746,0.0013247029615179996
2,4,RF,4,5,0,0,10.01372,0.021748983841382633
2,4,RF,4,5,0,0,11.00726,0.017677690128159642
2,4,RF,4,5,0,0,12.01249,0.06394170645872323
2,4,RF,4,5,0,0,13.00669,0.07365016434642402
2,4,RF,4,5,0,0,14.01282,0.10285214031071203
2,4,RF,4,5,0,0,15.00744,0.1149878614339255
2,4,RF,4,5,0,0,16.01075,0.13495571253375632
2,4,RF,4,5,0,0,17.01668,0.1299578592848633
2,4,RF,4,5,0,0,18.0118,0.11307324672788636
2,4,RF,4,5,0,0,19.01557,0.06510935937878971
2,4,RF,4,5,0,0,20.00926,0.08552348797439038
2,4,RF,4,5,0,0,21.01652,0.12415176360677502
2,4,RF,4,5,0,0,22.00971,0.1232638195629241
2,4,RF,4,5,0,0,23.01418,0.11657340337202153
2,4,RF,4,5,0,0,24.00919,0.11308680467728105
2,4,RF,4,5,0,0,25.01588,0.11599712616628274
2,4,RF,4,5,0,0,26.00942,0.11414244502824578
2,4,RF,4,5,0,0,27.01412,0.11929259128021454
2,4,RF,4,5,0,0,28.00889,0.10595925794688121
2,4,RF,4,5,0,0,29.01367,0.11262592461354788
2,4,RF,4,5,0,0,30.00709,0.10689983691849157
2,4,RF,4,5,0,0,31.01377,0.09262592461354788
2,4,RF,4,5,0,0,32.00727,0.09690364402509055
2,4,RF,4,5,0,0,33.01159,0.09171667278989598
2,4,RF,4,5,0,0,34.00792,0.09301594153402165
2,4,RF,4,5,0,0,35.01075,0.06891258406548492
2,4,RF,4,5,0,0,36.00707,0.05851776649746192
2,4,RF,4,5,0,0,37.01272,0.055983619592875324
2,4,RF,4,5,0,0,38.01709,0.04904874534431667
2,4,RF,4,5,0,0,39.01067,0.04666666666666667
2,4,RF,4,5,0,0,40.01581,0.05
2,4,RF,4,5,0,0,41.01084,0.05
2,4,RF,4,5,0,0,42.01547,0.05
2,4,RF,4,5,0,0,43.01104,0.05265028625954198
2,4,RF,4,5,0,0,44.01458,0.05
2,4,RF,4,5,0,0,45.00882,0.05
2,4,RF,4,5,0,0,46.01222,0.05333333333333334
2,4,RF,4,5,0,0,47.00699,0.05333333333333334
2,4,RF,4,5,0,0,48.01369,0.05
2,4,RF,4,5,0,0,49.00858,0.05
2,4,RF,4,5,0,0,50.01452,0.05
2,4,RF,4,5,0,0,51.00806,0.05333333333333334
2,4,RF,4,5,0,0,52.01318,0.056666666666666664
2,4,RF,4,5,0,0,53.00839,0.0575825263902059
2,4,RF,4,5,0,0,54.01276,0.061870981387478846
2,4,RF,4,5,0,0,55.0175,0.06369585448392555
2,4,RF,4,5,0,0,56.01182,0.06184475465313028
2,4,RF,4,5,0,0,57.00686,0.06517808798646361
2,4,RF,4,5,0,0,58.01109,0.06517808798646361
2,4,RF,4,5,0,0,59.01705,0.06517808798646361
2,4,RF,4,5,0,0,60.01059,0.06517808798646361
2,4,RF,4,5,0,0,61.01579,0.06517808798646361
2,4,RF,4,5,0,0,62.00929,0.06517808798646361
2,4,RF,4,5,0,0,63.01626,0.05851142131979695
2,4,RF,4,5,0,0,64.01065,0.0603836717428088
2,4,RF,4,5,0,0,65.01405,0.0603836717428088
2,4,RF,4,5,0,0,66.00948,0.0603836717428088
2,4,RF,4,5,0,0,67.01539,0.0603836717428088
2,4,RF,4,5,0,0,68.00793,0.06610919384750095
2,4,RF,4,5,0,0,69.014,0.06892131979695432
2,4,RF,4,5,0,0,70.00879,0.06517808798646361
2,4,RF,4,5,0,0,71.01364,0.06517808798646361
2,4,RF,4,5,0,0,72.00794,0.06608804325528438
2,4,RF,4,5,0,0,73.01243,0.06704906937394248
2,4,RF,4,5,0,0,74.01789,0.06223477157360406
2,4,RF,4,5,0,0,75.01195,0.05371700507614213
2,4,RF,4,5,0,0,76.01669,0.05610919384750095
2,4,RF,4,5,0,0,77.01137,0.05371700507614213
2,4,RF,4,5,0,0,78.01778,0.05225465313028765
2,4,RF,4,5,0,0,79.00958,0.042254653130287645
2,4,RF,4,5,0,0,80.01713,0.04624632029733229
2,4,RF,4,5,0,0,81.01,0.06048580179288739
2,4,RF,4,5,0,0,82.01595,0.06184445904521724
2,4,RF,4,5,0,0,83.00983,0.06666002588108864
2,4,RF,4,5,0,0,84.01365,0.06666002588108864
2,4,RF,4,5,0,0,85.00916,0.07456984359019136
2,4,RF,4,5,0,0,86.01279,0.07364212182390868
2,4,RF,4,5,0,0,87.00995,0.07551098815216588
2,4,RF,4,5,0,0,88.01443,0.08030878849057534
2,4,RF,4,5,0,0,89.00826,0.07696826395588838
2,4,RF,4,5,0,0,90.01387,0.08386326761278895
2,4,RF,4,5,0,0,91.00777,0.0857143674435842
2,4,RF,4,5,0,0,92.01324,0.0819922862253101
2,4,RF,4,5,0,0,93.00788,0.07530446896642684
2,4,RF,4,5,0,0,94.01026,0.08307890916328561
2,4,RF,4,5,0,0,95.00691,0.08371212429455879
2,4,RF,4,5,1,1,96.01107,0.08130434156249557
2,4,RF,4,5,1,1,97.01478,0.08130434156249557
2,4,RF,4,5,1,1,98.00982,0.08037879096122547
2,4,RF,4,5,1,1,99.0165,0.07797100822916224
2,4,RF,4,5,1,1,100.0108,0.0746376748958289
2,4,RF,4,5,1,1,101.0142,0.07797100822916224
2,4,RF,4,5,1,1,102.0099,0.07797100822916224
2,4,RF,4,5,1,1,103.0166,0.0746376748958289
2,4,RF,4,5,1,1,104.0105,0.07130434156249557
2,4,RF,4,5,1,1,105.0166,0.0746376748958289
2,4,RF,4,5,1,1,106.0182,0.07130434156249557
2,4,RF,4,5,1,1,107.0155,0.07130434156249557
2,4,RF,4,5,1,1,108.0081,0.07130434156249557
2,4,RF,4,5,1,1,109.0137,0.07130434156249557
2,4,RF,4,5,1,1,110.0078,0.06797100822916223
2,4,RF,4,5,1,1,111.0129,0.06517808798646361
2,4,RF,4,5,1,1,112.0085,0.06517808798646361
2,4,RF,4,5,1,1,113.0132,0.06517808798646361
2,4,RF,4,5,1,1,114.0183,0.06517808798646361
2,4,RF,4,5,1,1,115.0109,0.07517808798646362
2,4,RF,4,5,1,1,116.0171,0.08184475465313029
2,4,RF,4,5,1,1,117.0108,0.07851142131979696
2,4,RF,4,5,1,1,118.017,0.0833928390940998
2,4,RF,4,5,1,1,119.0105,0.0833928390940998
2,4,RF,4,5,1,1,120.017,0.1456529906965945
2,4,RF,4,5,1,1,121.0103,0.14325628528599005
2,4,RF,4,5,1,1,122.0142,0.14230782439539857
2,4,RF,4,5,1,1,123.0111,0.14416696145123614
2,4,RF,4,5,1,1,124.0154,0.15416696145123615
2,4,RF,4,5,1,1,125.0098,0.14561873810098233
2,4,RF,4,5,1,1,126.016,0.14561873810098233
2,4,RF,4,5,1,1,127.0077,0.15895207143431564
2,4,RF,4,5,1,1,128.0149,0.16134877684492013
2,4,RF,4,5,1,1,129.0092,0.16895207143431565
2,4,RF,4,5,1,1,130.0139,0.17468211017825347
2,4,RF,4,5,1,1,131.0076,0.1708336281179028
2,4,RF,4,5,1,1,132.0115,0.16595221034359997
2,4,RF,4,5,1,1,133.0071,0.18784095822854072
2,4,RF,4,5,1,1,134.0139,0.19784095822854073
2,4,RF,4,5,1,1,135.0174,0.19876219832611644
2,4,RF,4,5,1,1,136.0132,0.1955251727840064
2,4,RF,4,5,1,1,137.0163,0.20458024402314814
2,4,RF,4,5,1,1,138.0116,0.20124691068981482
2,4,RF,4,5,1,1,139.0176,0.21791357735648148
2,4,RF,4,5,1,1,140.0102,0.2277601759667016
2,4,RF,4,5,1,1,141.0144,0.2210935093000349
2,4,RF,4,5,1,1,142.0095,0.22482151268412964
2,4,RF,4,5,1,1,143.0164,0.21815484601746296
2,4,RF,4,5,1,1,144.0101,0.21482151268412963
2,4,RF,4,5,1,1,145.0154,0.21482151268412963
2,4,RF,4,5,1,1,146.0091,0.21148817935079633
2,4,RF,4,5,1,1,147.0136,0.20667938070443423
2,4,RF,4,5,1,1,148.0082,0.21016611542754746
2,4,RF,4,5,1,1,149.0152,0.20683278209421413
2,4,RF,4,5,1,1,150.0077,0.21016611542754746
2,4,RF,4,5,1,1,151.0137,0.2153433573903224
2,4,RF,4,5,1,1,152.0168,0.21161789207729365
2,4,RF,4,5,1,1,153.0125,0.21586058750230488
2,4,RF,4,5,1,1,154.0174,0.2273500122061966
2,4,RF,4,5,1,1,155.0128,0.23865292160055687
2,4,RF,4,5,1,1,156.0177,0.2401423463044486
2,4,RF,4,5,1,1,157.0102,0.24733605281533366
2,4,RF,4,5,1,1,158.0163,0.2421588108525587
2,4,RF,4,5,1,1,159.0115,0.240669386148667
2,4,RF,4,5,1,1,160.0177,0.235492144185892
2,4,RF,4,5,1,1,161.0104,0.240669386148667
2,4,RF,4,5,1,1,162.0165,0.23733605281533368
2,4,RF,4,5,1,1,163.0099,0.22328930953196996
2,4,RF,4,5,1,1,164.0155,0.24196005891808284
2,4,RF,4,5,1,1,165.0094,0.2519600589180828
2,4,RF,4,5,1,1,166.0161,0.2519600589180828
2,4,RF,4,5,1,1,167.0091,0.2486267255847495
2,4,RF,4,5,1,1,168.0139,0.2488115181283624
2,4,RF,4,5,1,1,169.0086,0.24214485146169576
2,4,RF,4,5,1,1,170.0137,0.25401625586101895
2,4,RF,4,5,1,1,171.0075,0.25835773583386346
2,4,RF,4,5,1,1,172.0139,0.2627010330193825
2,4,RF,4,5,1,1,173.0076,0.2593676996860492
2,4,RF,4,5,1,1,174.0126,0.2527010330193825
2,4,RF,4,5,1,1,175.0179,0.2627010330193825
2,4,RF,4,5,1,1,176.0124,0.2627010330193825
2,4,RF,4,5,1,1,177.0172,0.2645474797198902
2,4,RF,4,5,1,1,178.0104,0.27121414638655683
2,4,RF,4,5,1,1,179.0168,0.24401967431179936
2,4,RF,4,5,1,1,180.0106,0.2697623697368106
2,4,RF,4,5,1,1,181.0163,0.2778808130532235
2,4,RF,4,5,1,1,182.0099,0.2745474797198902
2,4,RF,4,5,1,1,183.0135,0.27548202625765383
2,4,RF,4,5,1,1,184.0087,0.2788153595909872
2,4,RF,4,5,1,1,185.0154,0.2788153595909872
2,4,RF,4,5,1,1,186.0081,0.27363727160452356
2,4,RF,4,5,1,1,187.016,0.26512415823734925
2,4,RF,4,5,1,1,188.0089,0.2569722969852342
2,4,RF,4,5,1,1,189.0137,0.2754854103524085
2,4,RF,4,5,1,1,190.0086,0.2844079991848958
2,4,RF,4,5,1,1,191.0144,0.3007155287957249
2,4,RF,4,5,1,1,192.0072,0.30177178937102106
2,4,RF,4,5,1,1,193.0135,0.32361146788201933
2,4,RF,4,5,1,1,194.0179,0.3269346489310887
2,4,RF,4,5,1,1,195.013,0.3293458581994295
2,4,RF,4,5,1,1,196.0172,0.3341419664904617
2,4,RF,4,5,1,1,197.0123,0.3350695897094305
2,4,RF,4,5,1,1,198.0175,0.34080863315712834
2,4,RF,4,5,1,1,199.0116,0.34173625637609717
2,4,RF,4,5,1,1,200.0164,0.3421706895402257
2,4,RF,4,5,1,1,201.0108,0.3373745812491936
2,4,RF,4,5,1,1,202.0157,0.32352911948165897
2,4,RF,4,5,1,1,203.0093,0.3068721820874119
2,4,RF,4,5,1,1,204.016,0.2998036541686302
2,4,RF,4,5,1,1,205.009,0.29128884875407857
2,4,RF,4,5,1,1,206.0156,0.29836414486236956
2,4,RF,4,5,1,1,207.0176,0.29153941916492004
2,4,RF,4,5,1,1,208.0142,0.27689713978622743
2,4,RF,4,5,1,1,209.008,0.255963594401438
2,4,RF,4,5,1,1,210.014,0.25747863733928283
2,4,RF,4,5,1,1,211.0073,0.28449955040820624
2,4,RF,4,5,1,1,212.0144,0.2959551341645513
2,4,RF,4,5,1,1,213.0071,0.31743652164340075
2,4,RF,4,5,1,1,214.0131,0.30985053686536634
2,4,RF,4,5,1,1,215.0179,0.30985053686536634
2,4,RF,4,5,1,1,216.013,0.30598924299465663
2,4,RF,4,5,1,1,217.0178,0.30077816008433517
2,4,RF,4,5,1,1,218.0116,0.30559838005049417
2,4,RF,4,5,1,1,219.016,0.2959900890183453
2,4,RF,4,5,1,1,220.0108,0.30265675568501194
2,4,RF,4,5,1,1,221.0161,0.3059900890183453
2,4,RF,4,5,1,1,222.0095,0.31265675568501194
2,4,RF,4,5,1,1,223.0147,0.3059900890183453
2,4,RF,4,5,1,1,224.0093,0.3093234223516786
2,4,RF,4,5,1,1,225.0162,0.29158721950332944
2,4,RF,4,5,1,1,226.0088,0.2850638064528941
2,4,RF,4,5,1,1,227.0151,0.3030647998755799
2,4,RF,4,5,1,1,228.0091,0.3002613529841969
2,4,RF,4,5,1,1,229.0138,0.3082572702647508
2,4,RF,4,5,1,1,230.0083,0.2935946863175303
2,4,RF,4,5,1,1,231.0125,0.3002613529841969
2,4,RF,4,5,1,1,232.0183,0.31347935148302486
2,4,RF,4,5,1,1,233.0139,0.31492393693141746
2,4,RF,4,5,1,1,234.0073,0.2982572702647508
2,4,RF,4,5,1,1,235.0123,0.31492393693141746
2,4,RF,4,5,1,1,236.016,0.31492393693141746
2,4,RF,4,5,1,1,237.0108,0.3082572702647508
2,4,RF,4,5,1,1,238.017,0.30492393693141745
2,4,RF,4,5,1,1,239.0087,0.30401900122275693
2,4,RF,4,5,1,1,240.0161,0.3086747829551061
2,4,RF,4,5,1,1,241.01,0.31879730899096514
2,4,RF,4,5,1,1,242.016,0.3193075030308796
2,4,RF,4,5,1,1,243.0107,0.32786291758248703
2,4,RF,4,5,1,1,244.0154,0.3459741696975463
2,4,RF,4,5,1,1,245.0092,0.3593075030308796
2,4,RF,4,5,1,1,246.0161,0.35930834905456827
2,4,RF,4,5,1,1,247.0085,0.3474196011696275
2,4,RF,4,5,1,1,248.0154,0.37558330675338386
2,4,RF,4,5,1,1,249.0085,0.3570278922017764
2,4,RF,4,5,1,1,250.0141,0.3716896486427502
2,4,RF,4,5,1,1,251.0076,0.36702789220177645
2,4,RF,4,5,1,1,252.0128,0.3703612255351098
2,4,RF,4,5,1,1,253.0088,0.36702789220177645
2,4,RF,4,5,1,1,254.0108,0.3570278922017764
2,4,RF,4,5,1,1,255.0078,0.35036122553510973
2,4,RF,4,5,1,1,256.012,0.3427600123306794
2,4,RF,4,5,1,1,257.0182,0.33609334566401267
2,4,RF,4,5,1,1,258.0112,0.3379596739212039
2,4,RF,4,5,1,1,259.0172,0.339426678997346
2,4,RF,4,5,1,1,260.0108,0.3503543022163148
2,4,RF,4,5,1,1,261.017,0.35368763554964816
2,4,RF,4,5,1,1,262.0099,0.3470209688829815
2,4,RF,4,5,1,1,263.0157,0.3503543022163148
2,4,RF,4,5,1,1,264.0089,0.35702096888298146
2,4,RF,4,5,1,1,265.0158,0.3703543022163148
2,4,RF,4,5,1,1,266.0085,0.35830960751281316
2,4,RF,4,5,1,1,267.0144,0.35702096888298146
2,4,RF,4,5,1,1,268.0078,0.35702096888298146
2,4,RF,4,5,1,1,269.0122,0.36368763554964817
2,4,RF,4,5,1,1,270.0178,0.36368763554964817
2,4,RF,4,5,1,1,271.0129,0.3603543022163148
2,4,RF,4,5,1,1,272.0069,0.358886451116484
2,4,RF,4,5,1,1,273.0135,0.3603543022163148
2,4,RF,4,5,1,1,274.0166,0.34650496276849685
2,4,RF,4,5,1,1,275.0122,0.35983829610183016
2,4,RF,4,5,1,1,276.0172,0.34650496276849685
2,4,RF,4,5,1,1,277.0125,0.35636299670524046
2,4,RF,4,5,1,1,278.0169,0.35116079704364994
2,4,RF,4,5,1,1,279.0107,0.350471567991589
2,4,RF,4,5,1,1,280.0169,0.347146271883298
2,4,RF,4,5,1,1,281.0101,0.35247647821728195
2,4,RF,4,5,1,1,282.0158,0.3557179586904666
2,4,RF,4,5,1,1,283.0089,0.35156900347342995
2,4,RF,4,5,1,1,284.0149,0.3523425493790679
2,4,RF,4,5,1,1,285.0083,0.33568476596113217
2,4,RF,4,5,1,1,286.0139,0.3368310568897617
2,4,RF,4,5,1,1,287.0074,0.33435634285349175
2,4,RF,4,5,1,1,288.0117,0.3410230095201584
2,4,RF,4,5,1,1,289.007,0.33024988662636484
2,4,RF,4,5,1,1,290.0117,0.33880530117797225
2,4,RF,4,5,1,1,291.008,0.3182441491881015
2,4,RF,4,5,1,1,292.0127,0.33880530117797225
2,4,RF,4,5,1,1,293.017,0.33527741547150397
2,4,RF,4,5,1,1,294.0127,0.34821020468256186
2,4,RF,4,5,1,1,295.0174,0.3278408759285466
2,4,RF,4,5,1,1,296.0103,0.3381582381464293
2,4,RF,4,5,1,1,297.017,0.3400824254655841
2,4,RF,4,5,1,1,298.0103,0.3467490921322508
2,4,RF,4,5,1,1,299.0154,0.396038773185121
2,4,RF,4,5,1,1,300.0082,0.46541097242323287
2,4,RF,4,5,1,1,301.0146,0.4451197160786726
2,4,RF,4,6,0,0,0.0,0.014070263237269422
2,4,RF,4,6,0,0,1.00495,0.0821809589188202
2,4,RF,4,6,0,0,1.998281,0.08157969827337033
2,4,RF,4,6,0,0,3.004618,0.061337260605146444
2,4,RF,4,6,0,0,3.999141,0.07739549270481845
2,4,RF,4,6,0,0,5.003382,0.09053583543364299
2,4,RF,4,6,0,0,5.998161,0.06551583150620675
2,4,RF,4,6,0,0,7.000859,0.07453105374962392
2,4,RF,4,6,0,0,7.997983,0.17431110883686549
2,4,RF,4,6,0,0,9.002149,0.09065056724892004
2,4,RF,4,6,0,0,9.996326,0.06632457289190084
2,4,RF,4,6,0,0,11.00007,0.06318366129840988
2,4,RF,4,6,0,0,11.99659,0.05019740157697121
2,4,RF,4,6,0,0,13.00098,0.06662998029411117
2,4,RF,4,6,0,0,13.99541,0.062344882884367056
2,4,RF,4,6,0,0,14.99912,0.11188228216787136
2,4,RF,4,6,0,0,15.99681,0.14563304107664188
2,4,RF,4,6,0,0,16.99845,0.24174272709428593
2,4,RF,4,6,0,0,18.00539,0.2266285764943707
2,4,RF,4,6,0,0,18.9994,0.1775404199426123
2,4,RF,4,6,0,0,20.00367,0.1179006221539359
2,4,RF,4,6,0,0,20.99707,0.11000269214304022
2,4,RF,4,6,0,0,22.00514,0.13277238786151335
2,4,RF,4,6,0,0,22.99883,0.12791487872304166
2,4,RF,4,6,0,0,24.00393,0.11145214197317792
2,4,RF,4,6,0,0,24.99814,0.11869055554353344
2,4,RF,4,6,0,0,26.00431,0.10927527471837557
2,4,RF,4,6,0,0,26.99778,0.1007448178655837
2,4,RF,4,6,0,0,28.00385,0.09837324835641302
2,4,RF,4,6,0,0,28.99657,0.10407815119891704
2,4,RF,4,6,0,0,30.00375,0.09868310678563981
2,4,RF,4,6,0,0,30.99679,0.13764165162489528
2,4,RF,4,6,0,0,32.00263,0.1525722290330964
2,4,RF,4,6,0,0,32.99657,0.17772155221414546
2,4,RF,4,6,0,0,34.00122,0.2025708516793793
2,4,RF,4,6,0,0,35.00551,0.20208348524304584
2,4,RF,4,6,0,0,36.00011,0.22523299543198363
2,4,RF,4,6,0,0,36.99636,0.23995857286931846
2,4,RF,4,6,0,0,38.00019,0.24091752921106754
2,4,RF,4,6,0,0,39.00475,0.259298326380987
2,4,RF,4,6,0,0,39.99985,0.26597399468618443
2,4,RF,4,6,0,0,41.00478,0.3395869560638065
2,4,RF,4,6,0,0,41.99879,0.36194676559995637
2,4,RF,4,6,0,0,42.99495,0.36319728439719856
2,4,RF,4,6,0,0,43.99932,0.3602376253974112
2,4,RF,4,6,0,0,45.00479,0.3788197472263992
2,4,RF,4,6,0,0,45.99848,0.39000143922932506
2,4,RF,4,6,0,0,47.00407,0.404855762159978
2,4,RF,4,6,0,0,47.99735,0.39679706553747185
2,4,RF,4,6,0,0,49.00396,0.37537349574362106
2,4,RF,4,6,0,0,49.99818,0.4002882275932848
2,4,RF,4,6,0,0,51.00159,0.37473898375223624
2,4,RF,4,6,0,0,51.99651,0.4017505830756525
2,4,RF,4,6,0,0,53.00211,0.4071983189164183
2,4,RF,4,6,0,0,53.99723,0.46286511034082756
2,4,RF,4,6,0,0,55.00178,0.4682311390878519
2,4,RF,4,6,0,0,55.99569,0.45676597691690174
2,4,RF,4,6,0,0,56.99967,0.4725234104507756
2,4,RF,4,6,0,0,57.99514,0.47443292557046857
2,4,RF,4,6,0,0,59.0001,0.4690855987910277
2,4,RF,4,6,0,0,60.00412,0.4551283570425498
2,4,RF,4,6,0,0,60.99954,0.456141161054915
2,4,RF,4,6,0,0,62.00455,0.49683638308456307
2,4,RF,4,6,0,0,62.99667,0.5035673878871063
2,4,RF,4,6,0,0,64.00391,0.6511584437117658
2,4,RF,4,6,0,0,64.99876,0.6337610295556414
2,4,RF,4,6,0,0,66.00466,0.6398823620691605
2,4,RF,4,6,0,0,66.99519,0.6089721124659628
2,4,RF,4,6,0,0,68.00278,0.6219103527366905
2,4,RF,4,6,0,0,68.99691,0.6019268501986195
2,4,RF,4,6,0,0,70.00152,0.6166941936842371
2,4,RF,4,6,0,0,70.99718,0.6215025693187548
2,4,RF,4,6,0,0,72.00053,0.6357611080130913
2,4,RF,4,6,0,0,72.99554,0.6390944413464246
2,4,RF,4,6,0,0,74.00175,0.689522529332888
2,4,RF,4,6,0,0,74.99531,0.7135450917182824
2,4,RF,4,6,0,0,76.00156,0.7030507630975199
2,4,RF,4,6,0,0,76.9957,0.7218812824574425
2,4,RF,4,6,0,0,77.99854,0.7328165225646986
2,4,RF,4,6,1,1,79.00594,0.7490872501450709
2,4,RF,4,6,1,1,79.99966,0.7524205834784043
2,4,RF,4,6,1,1,81.0055,0.7524205834784043
2,4,RF,4,6,1,1,81.99766,0.751467220885861
2,4,RF,4,6,1,1,83.00455,0.7524356672227973
2,4,RF,4,6,1,1,83.99812,0.7657690005561306
2,4,RF,4,6,1,1,85.00332,0.7404373852831664
2,4,RF,4,6,1,1,85.9983,0.737104051949833
2,4,RF,4,6,1,1,87.00482,0.7597915629415248
2,4,RF,4,6,1,1,87.99602,0.7551704041331739
2,4,RF,4,6,1,1,89.00328,0.7465054555268764
2,4,RF,4,6,1,1,89.99747,0.743172122193543
2,4,RF,4,6,1,1,91.00337,0.7398387888602097
2,4,RF,4,6,1,1,91.99653,0.7465054555268764
2,4,RF,4,6,1,1,93.00198,0.743172122193543
2,4,RF,4,6,1,1,93.99605,0.7398387888602097
2,4,RF,4,6,1,1,95.0014,0.743172122193543
2,4,RF,4,6,1,1,95.99513,0.7465054555268764
2,4,RF,4,6,1,1,97.00123,0.778369675625673
2,4,RF,4,6,1,1,98.00561,0.7550545249008188
2,4,RF,4,6,1,1,99.00047,0.7583878582341522
2,4,RF,4,6,1,1,100.0045,0.7588703425232733
2,4,RF,4,6,1,1,100.9993,0.7588703425232733
2,4,RF,4,6,1,1,102.0045,0.7579302411105453
2,4,RF,4,6,1,1,102.9964,0.7592471098957685
2,4,RF,4,6,1,1,104.0036,0.7579302411105453
2,4,RF,4,6,1,1,104.998,0.7577856039736027
2,4,RF,4,6,1,1,106.0024,0.754596907777212
2,4,RF,4,6,1,1,106.9969,0.7479302411105454
2,4,RF,4,6,1,1,108.0033,0.7459096638869964
2,4,RF,4,6,1,1,108.9968,0.7512635744438787
2,4,RF,4,6,1,1,110.0023,0.7445973307890563
2,4,RF,4,6,1,1,110.9956,0.7824541831161262
2,4,RF,4,6,1,1,112.0019,0.7992397170099595
2,4,RF,4,6,1,1,112.9961,0.8059063836766263
2,4,RF,4,6,1,1,114.0015,0.8059063836766263
2,4,RF,4,6,1,1,114.9951,0.8102081633468958
2,4,RF,4,6,1,1,115.9994,0.8025730503432928
2,4,RF,4,6,1,1,116.9956,0.63856644952563
2,4,RF,4,6,1,1,118.0012,0.6438714865472415
2,4,RF,4,6,1,1,119.0061,0.6418016735786949
2,4,RF,4,6,1,1,119.9999,0.6434527212379547
2,4,RF,4,6,1,1,121.005,0.6457768179508043
2,4,RF,4,6,1,1,121.9982,0.6465503638564424
2,4,RF,4,6,1,1,123.0025,0.646534712418202
2,4,RF,4,6,1,1,123.9976,0.6532013790848686
2,4,RF,4,6,1,1,125.0031,0.6532013790848686
2,4,RF,4,6,1,1,125.9979,0.6873012955927406
2,4,RF,4,6,1,1,127.0042,0.6973012955927406
2,4,RF,4,6,1,1,127.9954,0.6906346289260739
2,4,RF,4,6,1,1,129.0022,0.7084038072167135
2,4,RF,4,6,1,1,129.9973,0.7091773531223515
2,4,RF,4,6,1,1,131.0019,0.7125106864556848
2,4,RF,4,6,1,1,131.9967,0.7225106864556848
2,4,RF,4,6,1,1,133.0011,0.7065277496871027
2,4,RF,4,6,1,1,133.9959,0.6632013790848688
2,4,RF,4,6,1,1,135.0006,0.656534712418202
2,4,RF,4,6,1,1,135.9956,0.6643643697775939
2,4,RF,4,6,1,1,137.0,0.6658317978655804
2,4,RF,4,6,1,1,137.9949,0.668643726689476
2,4,RF,4,6,1,1,139.0005,0.6693316867060041
2,4,RF,4,6,1,1,140.005,0.6693316867060041
2,4,RF,4,6,1,1,141.0011,0.6648719996220129
2,4,RF,4,6,1,1,142.0049,0.6691751887875874
2,4,RF,4,6,1,1,143.0005,0.6815386662886795
2,4,RF,4,6,1,1,144.0034,0.6817349762152827
2,4,RF,4,6,1,1,144.9979,0.6791751887875873
2,4,RF,4,6,1,1,146.0038,0.6825085221209207
2,4,RF,4,6,1,1,146.9981,0.6932033994485
2,4,RF,4,6,1,1,148.0031,0.7359922066649722
2,4,RF,4,6,1,1,148.9964,0.7143021039658739
2,4,RF,4,6,1,1,150.0031,0.7256059968510974
2,4,RF,4,6,1,1,150.998,0.7411948293384071
2,4,RF,4,6,1,1,152.0034,0.7411948293384071
2,4,RF,4,6,1,1,152.9952,0.7411948293384071
2,4,RF,4,6,1,1,154.0003,0.7426559122487285
2,4,RF,4,6,1,1,154.9953,0.7373061143672851
2,4,RF,4,6,1,1,156.0001,0.7506669434704999
2,4,RF,4,6,1,1,156.995,0.7541203792538046
2,4,RF,4,6,1,1,157.9995,0.7533468333481668
2,4,RF,4,6,1,1,158.9955,0.7507870459204713
2,4,RF,4,6,1,1,160.0004,0.767453712587138
2,4,RF,4,6,1,1,161.0052,0.7607870459204713
2,4,RF,4,6,1,1,161.9997,0.767453712587138
2,4,RF,4,6,1,1,163.0055,0.7841203792538046
2,4,RF,4,6,1,1,163.9982,0.7866937030605187
2,4,RF,4,6,1,1,165.0044,0.7826588733316387
2,4,RF,4,6,1,1,165.9982,0.775992206664972
2,4,RF,4,6,1,1,167.0028,0.7726588733316387
2,4,RF,4,6,1,1,167.9974,0.7761520261245201
2,4,RF,4,6,1,1,169.0004,0.7761520261245201
2,4,RF,4,6,1,1,169.9961,0.7728186927911868
2,4,RF,4,6,1,1,171.0027,0.7713677621651294
2,4,RF,4,6,1,1,171.9965,0.7713677621651294
2,4,RF,4,6,1,1,173.0008,0.7694853594578535
2,4,RF,4,6,1,1,173.9957,0.7628186927911867
2,4,RF,4,6,1,1,175.0005,0.76615202612452
2,4,RF,4,6,1,1,176.0067,0.7680238535356876
2,4,RF,4,6,1,1,176.9993,0.7713436504900023
2,4,RF,4,6,1,1,178.0047,0.7681668150750857
2,4,RF,4,6,1,1,178.9991,0.7656070276473902
2,4,RF,4,6,1,1,180.0038,0.7670820699485746
2,4,RF,4,6,1,1,180.9995,0.770415403281908
2,4,RF,4,6,1,1,182.0041,0.7722914608115189
2,4,RF,4,6,1,1,183.0005,0.7722914608115189
2,4,RF,4,6,1,1,184.0035,0.7722914608115189
2,4,RF,4,6,1,1,184.9995,0.7722914608115189
2,4,RF,4,6,1,1,186.0027,0.7856247941448522
2,4,RF,4,6,1,1,186.9969,0.7962455172507057
2,4,RF,4,6,1,1,188.0041,0.8021386380117345
2,4,RF,4,6,1,1,188.9965,0.7978752608543466
2,4,RF,4,6,1,1,190.0023,0.7732263270875804
2,4,RF,4,6,1,1,190.997,0.780666539659885
2,4,RF,4,6,1,1,192.0012,0.778028083654131
2,4,RF,4,6,1,1,192.9953,0.756547137281204
2,4,RF,4,6,1,1,194.0018,0.7532138039478707
2,4,RF,4,6,1,1,194.9951,0.7560299831555538
2,4,RF,4,6,1,1,196.0017,0.7517527210375492
2,4,RF,4,6,1,1,196.9955,0.7526966498222204
2,4,RF,4,6,1,1,197.9992,0.7524402580422327
2,4,RF,4,6,1,1,199.0046,0.756547137281204
2,4,RF,4,6,1,1,199.9997,0.7474910660658753
2,4,RF,4,6,1,1,201.0053,0.7422816752029311
2,4,RF,4,6,1,1,201.9996,0.7422816752029311
2,4,RF,4,6,1,1,203.0045,0.7421104184899494
2,4,RF,4,6,1,1,203.9994,0.7221104184899494
2,4,RF,4,6,1,1,205.0027,0.7354437518232827
2,4,RF,4,6,1,1,205.9978,0.7246702059176449
2,4,RF,4,6,1,1,207.0028,0.7254437518232827
2,4,RF,4,6,1,1,207.9981,0.7239826689129613
2,4,RF,4,6,1,1,209.0018,0.7188054269501862
2,4,RF,4,6,1,1,209.9971,0.7280754512645145
2,4,RF,4,6,1,1,211.0018,0.7295365341748359
2,4,RF,4,6,1,1,211.9965,0.7282081110671956
2,4,RF,4,6,1,1,213.0005,0.7128300554999827
2,4,RF,4,6,1,1,213.9955,0.6931349009877866
2,4,RF,4,6,1,1,215.0018,0.6833073500034368
2,4,RF,4,6,1,1,216.0054,0.7118918690789898
2,4,RF,4,6,1,1,216.999,0.7123199570654535
2,4,RF,4,6,1,1,218.0052,0.7143666841196556
2,4,RF,4,6,1,1,219.0004,0.7218068966919603
2,4,RF,4,6,1,1,219.9952,0.7143666841196556
2,4,RF,4,6,1,1,220.9994,0.7097622019884586
2,4,RF,4,6,1,1,222.004,0.7064288686551253
2,4,RF,4,6,1,1,222.9986,0.7051402300252936
2,4,RF,4,6,1,1,224.0039,0.7010333507863223
2,4,RF,4,6,1,1,224.9971,0.6903669643738554
2,4,RF,4,6,1,1,226.0025,0.6883222696703537
2,4,RF,4,6,1,1,226.997,0.6783222696703537
2,4,RF,4,6,1,1,228.0032,0.6749889363370204
2,4,RF,4,6,1,1,228.9982,0.6590114987224146
2,4,RF,4,6,1,1,230.0016,0.6471299420388275
2,4,RF,4,6,1,1,230.9958,0.6404632753721607
2,4,RF,4,6,1,1,232.0021,0.6391348522645204
2,4,RF,4,6,1,1,232.996,0.6309973734151125
2,4,RF,4,6,1,1,234.0009,0.647059783416748
2,4,RF,4,6,1,1,234.9951,0.6424398438042834
2,4,RF,4,6,1,1,236.0014,0.6391065104709501
2,4,RF,4,6,1,1,236.9952,0.6624605713846557
2,4,RF,4,6,1,1,238.0005,0.6709961043795796
2,4,RF,4,6,1,1,239.0048,0.6576627710462463
2,4,RF,4,6,1,1,239.998,0.6625974826702216
2,4,RF,4,6,1,1,241.0045,0.6629984978986481
2,4,RF,4,6,1,1,241.9997,0.6624153091173122
2,4,RF,4,6,1,1,243.0043,0.679062940250984
2,4,RF,4,6,1,1,243.9979,0.6733639865187465
2,4,RF,4,6,1,1,245.0045,0.6728163243457386
2,4,RF,4,6,1,1,245.9983,0.6742778302679044
2,4,RF,4,6,1,1,247.0034,0.674717339574165
2,4,RF,4,6,1,1,247.9966,0.6761492346672275
2,4,RF,4,6,1,1,249.0038,0.679482568000561
2,4,RF,4,6,1,1,249.9967,0.6926358730064268
2,4,RF,4,6,1,1,251.0027,0.6859692063397602
2,4,RF,4,6,1,1,251.9969,0.6883530315476519
2,4,RF,4,6,1,1,253.0018,0.6850196982143185
2,4,RF,4,6,1,1,254.0059,0.6431482938149954
2,4,RF,4,6,1,1,255.0009,0.6283420332396993
2,4,RF,4,6,1,1,256.006,0.6236967654588758
2,4,RF,4,6,1,1,257.0001,0.6203634321255425
2,4,RF,4,6,1,1,257.9961,0.6270300987922091
2,4,RF,4,6,1,1,259.0005,0.6064489972929888
2,4,RF,4,6,1,1,260.0055,0.6103600480307877
2,4,RF,4,6,1,1,260.9998,0.6136933813641211
2,4,RF,4,6,1,1,262.0056,0.6003600480307877
2,4,RF,4,6,1,1,262.9988,0.6003600480307877
2,4,RF,4,6,1,1,264.0048,0.6003600480307877
2,4,RF,4,6,1,1,264.9983,0.6003600480307877
2,4,RF,4,6,1,1,266.0038,0.5936933813641211
2,4,RF,4,6,1,1,266.9969,0.5814991120608032
2,4,RF,4,6,1,1,268.0023,0.5835531408019862
2,4,RF,4,6,1,1,268.9973,0.5768864741353196
2,4,RF,4,6,1,1,270.0033,0.5762837990320384
2,4,RF,4,6,1,1,270.9977,0.5807013052743136
2,4,RF,4,6,1,1,272.0032,0.5850044944398881
2,4,RF,4,6,1,1,272.9963,0.5820072333096896
2,4,RF,4,6,1,1,274.0013,0.5907279287175392
2,4,RF,4,6,1,1,275.0058,0.5850145814618105
2,4,RF,4,6,1,1,276.0016,0.5774352045212616
2,4,RF,4,6,1,1,276.9961,0.5659889270254918
2,4,RF,4,6,1,1,278.0005,0.5526555936921584
2,4,RF,4,6,1,1,279.0054,0.5389832889622312
2,4,RF,4,6,1,1,280.0003,0.5342057931923495
2,4,RF,4,6,1,1,281.0043,0.5217978964007788
2,4,RF,4,6,1,1,281.9992,0.5213837678051781
2,4,RF,4,6,1,1,283.0033,0.5271116871654289
2,4,RF,4,6,1,1,283.9978,0.5261684547764134
2,4,RF,4,6,1,1,285.0029,0.5261684547764134
2,4,RF,4,6,1,1,285.9962,0.5342792838796282
2,4,RF,4,6,1,1,287.0033,0.5384759698314437
2,4,RF,4,6,1,1,287.9975,0.5351426364981104
2,4,RF,4,6,1,1,289.0008,0.5351426364981104
2,4,RF,4,6,1,1,289.995,0.5303634486808516
2,4,RF,4,6,1,1,291.0015,0.5270301153475182
2,4,RF,4,6,1,1,291.9957,0.5270301153475182
2,4,RF,4,6,1,1,292.9995,0.5284759698314438
2,4,RF,4,6,1,1,293.9948,0.5151426364981104
2,4,RF,4,6,1,1,295.0001,0.5236692862443034
2,4,RF,4,6,1,1,296.0042,0.5170026195776367
2,4,RF,4,6,1,1,297.0004,0.5184759698314438
2,4,RF,4,6,1,1,298.0045,0.5351426364981104
2,4,RF,4,6,1,1,299.0001,0.5384759698314437
2,4,RF,4,6,1,1,300.0042,0.5508764895650803
2,4,RF,4,6,1,1,300.9987,0.537543156231747
2,4,RF,2,10,0,0,0.0111669,0.005206429780033841
2,4,RF,2,10,0,0,1.012057,0.03253414216568991
2,4,RF,2,10,0,0,2.016093,0.05819341759974971
2,4,RF,2,10,0,0,3.010889,0.06409709039159063
2,4,RF,2,10,0,0,4.016617,0.08494631916029799
2,4,RF,2,10,0,0,5.021381,0.05345135849049969
2,4,RF,2,10,0,0,6.014998,0.05217950714312477
2,4,RF,2,10,0,0,7.020225,0.05261242470657352
2,4,RF,2,10,0,0,8.013659,0.05772578191670894
2,4,RF,2,10,0,0,9.020951,0.07405361701925738
2,4,RF,2,10,0,0,10.01489,0.08818772298735598
2,4,RF,2,10,0,0,11.01861,0.0721421608462747
2,4,RF,2,10,0,0,12.01271,0.13593844996118623
2,4,RF,2,10,0,0,13.01954,0.21506598944143984
2,4,RF,2,10,0,0,14.01319,0.17205482957791532
2,4,RF,2,10,0,0,15.01802,0.13591726026772616
2,4,RF,2,10,0,0,16.01334,0.10952408735071256
2,4,RF,2,10,0,0,17.01859,0.11684204942669102
2,4,RF,2,10,0,0,18.01184,0.11640645451473186
2,4,RF,2,10,0,0,19.01682,0.12049354944026211
2,4,RF,2,10,0,0,20.02117,0.1270026403709535
2,4,RF,2,10,0,0,21.0167,0.08125568214484737
2,4,RF,2,10,0,0,22.02043,0.10009566203406632
2,4,RF,2,10,0,0,23.01568,0.10058337877381941
2,4,RF,2,10,0,0,24.01937,0.0866455857386172
2,4,RF,2,10,0,0,25.01513,0.1055588128319211
2,4,RF,2,10,0,0,26.01989,0.12033292450704801
2,4,RF,2,10,0,0,27.01472,0.11699959117371468
2,4,RF,2,10,0,0,28.01895,0.12675886207129697
2,4,RF,2,10,0,0,29.01199,0.14869355339616977
2,4,RF,2,10,0,0,30.01753,0.29076891150644185
2,4,RF,2,10,0,0,31.01381,0.23917934196891139
2,4,RF,2,10,0,0,32.01852,0.27423218585363907
2,4,RF,2,10,0,0,33.01236,0.1961443895568625
2,4,RF,2,10,0,0,34.01991,0.32434609640352946
2,4,RF,2,10,0,0,35.01221,0.3258122554559829
2,4,RF,2,10,0,0,36.01753,0.31896841420895894
2,4,RF,2,10,0,0,37.01078,0.32454106064566135
2,4,RF,2,10,0,0,38.01584,0.32191426869288453
2,4,RF,2,10,0,0,39.01059,0.3171147763070978
2,4,RF,2,10,0,0,40.01589,0.31913216629430213
2,4,RF,2,10,0,0,41.02021,0.2978327567772904
2,4,RF,2,10,0,0,42.01669,0.2963196901426637
2,4,RF,2,10,0,0,43.01923,0.31065527676779936
2,4,RF,2,10,0,0,44.0157,0.31617423249924653
2,4,RF,2,10,0,0,45.02111,0.2999139694406531
2,4,RF,2,10,0,0,46.01507,0.2938145776410852
2,4,RF,2,10,0,0,47.02006,0.2928230218941218
2,4,RF,2,10,0,0,48.01473,0.28283317417838577
2,4,RF,2,10,0,0,49.01929,0.2879820743475905
2,4,RF,2,10,0,0,50.01391,0.2788466812626739
2,4,RF,2,10,0,0,51.01996,0.2518656741906895
2,4,RF,2,10,0,0,52.01444,0.2778161010635557
2,4,RF,2,10,0,0,53.01861,0.27074588109739667
2,4,RF,2,10,0,0,54.01284,0.26346133089833973
2,4,RF,2,10,0,0,55.0173,0.2867946642316731
2,4,RF,2,10,0,0,56.01141,0.2504942229759367
2,4,RF,2,10,0,0,57.01705,0.2816649776383702
2,4,RF,2,10,0,0,58.01223,0.2458067679036653
2,4,RF,2,10,1,1,59.01763,0.27352804314523205
2,4,RF,2,10,1,1,60.0202,0.26968969449499924
2,4,RF,2,10,1,1,61.0151,0.3488254561487572
2,4,RF,2,10,1,1,62.01236,0.3840786930508573
2,4,RF,2,10,1,1,63.01472,0.37508582145293135
2,4,RF,2,10,1,1,64.02164,0.34914200678488705
2,4,RF,2,10,1,1,65.01318,0.3051346260676073
2,4,RF,2,10,1,1,66.01991,0.2962407362461423
2,4,RF,2,10,1,1,67.01516,0.28645397515933557
2,4,RF,2,10,1,1,68.0201,0.30960029631382413
2,4,RF,2,10,1,1,69.01548,0.2740760567641187
2,4,RF,2,10,1,1,70.01782,0.25959078430046867
2,4,RF,2,10,1,1,71.01399,0.2610315626422623
2,4,RF,2,10,1,1,72.0199,0.25658202495727805
2,4,RF,2,10,1,1,73.01332,0.26007914138182336
2,4,RF,2,10,1,1,74.01628,0.25154953055272017
2,4,RF,2,10,1,1,75.01249,0.26764023250827923
2,4,RF,2,10,1,1,76.01789,0.2695184050971117
2,4,RF,2,10,1,1,77.01308,0.2809417013395713
2,4,RF,2,10,1,1,78.01806,0.27945608374227854
2,4,RF,2,10,1,1,79.01257,0.2984965450180514
2,4,RF,2,10,1,1,80.01762,0.296309025671033
2,4,RF,2,10,1,1,81.01065,0.2705777901018961
2,4,RF,2,10,1,1,82.01672,0.25219376190190596
2,4,RF,2,10,1,1,83.0102,0.24259514445976743
2,4,RF,2,10,1,1,84.01569,0.24169596914000138
2,4,RF,2,10,1,1,85.01024,0.23558600204432514
2,4,RF,2,10,1,1,86.01532,0.242396601854194
2,4,RF,2,10,1,1,87.02048,0.2567574591515352
2,4,RF,2,10,1,1,88.01484,0.2554599721154911
2,4,RF,2,10,1,1,89.01871,0.2673021137938369
2,4,RF,2,10,1,1,90.01411,0.2723685106695469
2,4,RF,2,10,1,1,91.02004,0.2674072859690962
2,4,RF,2,10,1,1,92.01411,0.2607406193024295
2,4,RF,2,10,1,1,93.01667,0.25131804645379224
2,4,RF,2,10,1,1,94.01209,0.26554714664815876
2,4,RF,2,10,1,1,95.01888,0.27182379639435167
2,4,RF,2,10,1,1,96.01253,0.2665898708444363
2,4,RF,2,10,1,1,97.01734,0.2751232887801385
2,4,RF,2,10,1,1,98.01128,0.2894228770714447
2,4,RF,2,10,1,1,99.01738,0.2990266761631918
2,4,RF,2,10,1,1,100.0119,0.35835088964161005
2,4,RF,2,10,1,1,101.0169,0.3627392157560788
2,4,RF,2,10,1,1,102.0109,0.3642053748085323
2,4,RF,2,10,1,1,103.0154,0.36566222760041045
2,4,RF,2,10,1,1,104.0211,0.3639781174990601
2,4,RF,2,10,1,1,105.0151,0.3563430044954571
2,4,RF,2,10,1,1,106.0185,0.354447488421007
2,4,RF,2,10,1,1,107.0145,0.374875999419315
2,4,RF,2,10,1,1,108.0193,0.3796606863905501
2,4,RF,2,10,1,1,109.0143,0.331405889217082
2,4,RF,2,10,1,1,110.0176,0.3147392225504153
2,4,RF,2,10,1,1,111.014,0.3267359103414647
2,4,RF,2,10,1,1,112.0183,0.31433119411101956
2,4,RF,2,10,1,1,113.0131,0.31230574151455553
2,4,RF,2,10,1,1,114.0191,0.3076497220298013
2,4,RF,2,10,1,1,115.0122,0.30911588108225474
2,4,RF,2,10,1,1,116.0176,0.3096671120170057
2,4,RF,2,10,1,1,117.0129,0.3082034910356182
2,4,RF,2,10,1,1,118.0164,0.2991359683621559
2,4,RF,2,10,1,1,119.011,0.2900660121862104
2,4,RF,2,10,1,1,120.0165,0.29138785231394265
2,4,RF,2,10,1,1,121.0208,0.2961873446997295
2,4,RF,2,10,1,1,122.0172,0.3000812406126064
2,4,RF,2,10,1,1,123.0102,0.3013842674499712
2,4,RF,2,10,1,1,124.0157,0.29653570569024196
2,4,RF,2,10,1,1,125.0099,0.2880027107663841
2,4,RF,2,10,1,1,126.0156,0.2840940653409097
2,4,RF,2,10,1,1,127.0205,0.2763783293003006
2,4,RF,2,10,1,1,128.0132,0.2759739299771195
2,4,RF,2,10,1,1,129.0192,0.24637832930030057
2,4,RF,2,10,1,1,130.0125,0.246526316063399
2,4,RF,2,10,1,1,131.019,0.24319298273006568
2,4,RF,2,10,1,1,132.013,0.23855509685266355
2,4,RF,2,10,1,1,133.0187,0.2318884301859969
2,4,RF,2,10,1,1,134.0126,0.2318884301859969
2,4,RF,2,10,1,1,135.0184,0.2418884301859969
2,4,RF,2,10,1,1,136.0119,0.2518884301859969
2,4,RF,2,10,1,1,137.0159,0.26390900740954576
2,4,RF,2,10,1,1,138.0115,0.2639606148545542
2,4,RF,2,10,1,1,139.0161,0.25876010724034104
2,4,RF,2,10,1,1,140.0103,0.25876010724034104
2,4,RF,2,10,1,1,141.0157,0.25876010724034104
2,4,RF,2,10,1,1,142.0195,0.27062728152122084
2,4,RF,2,10,1,1,143.0153,0.25876010724034104
2,4,RF,2,10,1,1,144.0207,0.2668920869357725
2,4,RF,2,10,1,1,145.0155,0.26022542026910583
2,4,RF,2,10,1,1,146.0199,0.27876349133509565
2,4,RF,2,10,1,1,147.0127,0.2987634913350956
2,4,RF,2,10,1,1,148.02,0.27394411739262525
2,4,RF,2,10,1,1,149.0134,0.2639728821980398
2,4,RF,2,10,1,1,150.02,0.2655987291518337
2,4,RF,2,10,1,1,151.0128,0.2769099698406035
2,4,RF,2,10,1,1,152.019,0.28170946222639026
2,4,RF,2,10,1,1,153.0129,0.32024330317393684
2,4,RF,2,10,1,1,154.0177,0.2731802744091314
2,4,RF,2,10,1,1,155.0138,0.2798469410757981
2,4,RF,2,10,1,1,156.0173,0.2931802744091314
2,4,RF,2,10,1,1,157.0121,0.2831802744091314
2,4,RF,2,10,1,1,158.0172,0.2818732638388049
2,4,RF,2,10,1,1,159.0117,0.27853993050547154
2,4,RF,2,10,1,1,160.0161,0.2894565230141683
2,4,RF,2,10,1,1,161.021,0.29612318968083495
2,4,RF,2,10,1,1,162.0149,0.29902310082355615
2,4,RF,2,10,1,1,163.0101,0.3005060124650887
2,4,RF,2,10,1,1,164.014,0.30576026523129146
2,4,RF,2,10,1,1,165.0201,0.3132846813649839
2,4,RF,2,10,1,1,166.0137,0.349275274303878
2,4,RF,2,10,1,1,167.0202,0.34693410338641867
2,4,RF,2,10,1,1,168.0124,0.35130731838639806
2,4,RF,2,10,1,1,169.0185,0.34924649906058636
2,4,RF,2,10,1,1,170.0145,0.3418269424805185
2,4,RF,2,10,1,1,171.0195,0.33851687479862347
2,4,RF,2,10,1,1,172.0128,0.3326124043059332
2,4,RF,2,10,1,1,173.0173,0.32853125720133064
2,4,RF,2,10,1,1,174.0125,0.31519284772586537
2,4,RF,2,10,1,1,175.0163,0.3200037614314491
2,4,RF,2,10,1,1,176.0207,0.31374657023009545
2,4,RF,2,10,1,1,177.0161,0.31329563960403795
2,4,RF,2,10,1,1,178.012,0.31515139256512087
2,4,RF,2,10,1,1,179.0161,0.3332956396040379
2,4,RF,2,10,1,1,180.012,0.34182017429100925
2,4,RF,2,10,1,1,181.0155,0.34088562775324555
2,4,RF,2,10,1,1,182.0101,0.33274138071432835
2,4,RF,2,10,1,1,183.0154,0.3427570321525687
2,4,RF,2,10,1,1,184.0213,0.3474864139866653
2,4,RF,2,10,1,1,185.0127,0.3505644905938886
2,4,RF,2,10,1,1,186.0206,0.34126295431838927
2,4,RF,2,10,1,1,187.0159,0.3479228527955467
2,4,RF,2,10,1,1,188.018,0.3531381658243115
2,4,RF,2,10,1,1,189.0154,0.357913123523127
2,4,RF,2,10,1,1,190.0186,0.3807605551566076
2,4,RF,2,10,1,1,191.0107,0.38594964145102384
2,4,RF,2,10,1,1,192.0174,0.3940938884899409
2,4,RF,2,10,1,1,193.0112,0.394503363955254
2,4,RF,2,10,1,1,194.017,0.39598094432750436
2,4,RF,2,10,1,1,195.011,0.39639253485203907
2,4,RF,2,10,1,1,196.0182,0.40453678189095615
2,4,RF,2,10,1,1,197.0109,0.3978701152242895
2,4,RF,2,10,1,1,198.0163,0.4078701152242895
2,4,RF,2,10,1,1,199.0115,0.4093142776608377
2,4,RF,2,10,1,1,200.0158,0.40264761099417107
2,4,RF,2,10,1,1,201.0212,0.40264761099417107
2,4,RF,2,10,1,1,202.0163,0.3993142776608377
2,4,RF,2,10,1,1,203.021,0.4126476109941711
2,4,RF,2,10,1,1,204.0153,0.41452916767775816
2,4,RF,2,10,1,1,205.0196,0.4159754451735281
2,4,RF,2,10,1,1,206.0148,0.4226421118401947
2,4,RF,2,10,1,1,207.0199,0.4193087785068614
2,4,RF,2,10,1,1,208.0151,0.4226421118401947
2,4,RF,2,10,1,1,209.0168,0.4193087785068613
2,4,RF,2,10,1,1,210.0138,0.4183711091301676
2,4,RF,2,10,1,1,211.0185,0.42768188007810676
2,4,RF,2,10,1,1,212.0106,0.4425935620357378
2,4,RF,2,10,1,1,213.0167,0.4402761513696966
2,4,RF,2,10,1,1,214.0211,0.45726533906326544
2,4,RF,2,10,1,1,215.0173,0.46059867239659874
2,4,RF,2,10,1,1,216.0123,0.4521564390177508
2,4,RF,2,10,1,1,217.0155,0.46626331825672196
2,4,RF,2,10,1,1,218.0131,0.45036589686314377
2,4,RF,2,10,1,1,219.0151,0.44781268672232805
2,4,RF,2,10,1,1,220.0206,0.4509803254768083
2,4,RF,2,10,1,1,221.0155,0.4524333711620875
2,4,RF,2,10,1,1,222.0192,0.4480734823352394
2,4,RF,2,10,1,1,223.0144,0.4562177293741565
2,4,RF,2,10,1,1,224.0182,0.4743043525495663
2,4,RF,2,10,1,1,225.0146,0.4706715499136153
2,4,RF,2,10,1,1,226.0191,0.4767339909363575
2,4,RF,2,10,1,1,227.0143,0.4579087659975754
2,4,RF,2,10,1,1,228.0199,0.49309785229199177
2,4,RF,2,10,1,1,229.0149,0.5639618947610362
2,4,RF,2,10,1,1,230.0192,0.6351291701715672
2,4,RF,2,10,1,1,231.0134,0.6375170727186918
2,4,RF,2,10,1,1,232.0176,0.6341837393853584
2,4,RF,2,10,1,1,233.0125,0.6308504060520251
2,4,RF,2,10,1,1,234.0187,0.6631439762719913
2,4,RF,2,10,1,1,235.0131,0.7475239375558631
2,4,RF,2,10,1,1,236.0166,0.7584853502438944
2,4,RF,2,10,1,1,237.0101,0.757401620734745
2,4,RF,2,10,1,1,238.0171,0.7540682874014117
2,4,RF,2,10,1,1,239.0119,0.7497972846913845
2,4,RF,2,10,1,1,240.0162,0.7540682874014117
2,4,RF,2,10,1,1,241.0115,0.757401620734745
2,4,RF,2,10,1,1,242.0157,0.7540682874014117
2,4,RF,2,10,1,1,243.0193,0.7560896862872548
2,4,RF,2,10,1,1,244.015,0.7555109940602295
2,4,RF,2,10,1,1,245.0209,0.7498850235875756
2,4,RF,2,10,1,1,246.0146,0.7374893596309361
2,4,RF,2,10,1,1,247.0186,0.715993166737535
2,4,RF,2,10,1,1,248.015,0.7119555587352462
2,4,RF,2,10,1,1,249.0188,0.7128981770066065
2,4,RF,2,10,1,1,250.0104,0.7110178893585523
2,4,RF,2,10,1,1,251.0183,0.7143512226918857
2,4,RF,2,10,1,1,252.0135,0.7132240117066063
2,4,RF,2,10,1,1,253.0179,0.7243140373194542
2,4,RF,2,10,1,1,254.0114,0.7397316731732126
2,4,RF,2,10,1,1,255.018,0.7529259599301225
2,4,RF,2,10,1,1,256.0106,0.7562592932634559
2,4,RF,2,10,1,1,257.0179,0.763913206775513
2,4,RF,2,10,1,1,258.0125,0.7642361359429375
2,4,RF,2,10,1,1,259.0168,0.7709028026096041
2,4,RF,2,10,1,1,260.0098,0.7742361359429375
2,4,RF,2,10,1,1,261.0157,0.7622242037555668
2,4,RF,2,10,1,1,262.0208,0.7659538991870388
2,4,RF,2,10,1,1,263.0148,0.7638986557413459
2,4,RF,2,10,1,1,264.0195,0.7958811829472924
2,4,RF,2,10,1,1,265.0154,0.7945684268375078
2,4,RF,2,10,1,1,266.0211,0.7802974241274807
2,4,RF,2,10,1,1,267.0141,0.7821172210817954
2,4,RF,2,10,1,1,268.0197,0.7822457792214574
2,4,RF,2,10,1,1,269.0141,0.7843734854391513
2,4,RF,2,10,1,1,270.0194,0.7843734854391513
2,4,RF,2,10,1,1,271.015,0.7843734854391513
2,4,RF,2,10,1,1,272.0182,0.7783926718096632
2,4,RF,2,10,1,1,273.0125,0.7750593384763298
2,4,RF,2,10,1,1,274.0172,0.7810401521058179
2,4,RF,2,10,1,1,275.0119,0.7877068187724846
2,4,RF,2,10,1,1,276.0185,0.7997187509598553
2,4,RF,2,10,1,1,277.0111,0.7978591908921735
2,4,RF,2,10,1,1,278.0171,0.8011925242255068
2,4,RF,2,10,1,1,279.011,0.7611134751847937
2,4,RF,2,10,1,1,280.0167,0.7337332226839687
2,4,RF,2,10,1,1,281.0197,0.7326807692152716
2,4,RF,2,10,1,1,282.0163,0.7560365221763545
2,4,RF,2,10,1,1,283.0205,0.7408322074555423
2,4,RF,2,10,1,1,284.0165,0.7456016660003816
2,4,RF,2,10,1,1,285.02,0.7322683326670483
2,4,RF,2,10,1,1,286.0127,0.724965789876945
2,4,RF,2,10,1,1,287.0202,0.7216324565436117
2,4,RF,2,10,1,1,288.0143,0.7201586832779603
2,4,RF,2,10,1,1,289.0207,0.7216324565436117
2,4,RF,2,10,1,1,290.0141,0.726825349944627
2,4,RF,2,10,1,1,291.0206,0.7247830964235001
2,4,RF,2,10,1,1,292.0137,0.7247830964235001
2,4,RF,2,10,1,1,293.0199,0.7142475097515996
2,4,RF,2,10,1,1,294.0122,0.7258639372565956
2,4,RF,2,10,1,1,295.0179,0.7258639372565956
2,4,RF,2,10,1,1,296.0117,0.7240043771889136
2,4,RF,2,10,1,1,297.018,0.7206710438555803
2,4,RF,2,10,1,1,298.0117,0.7206710438555803
2,4,RF,2,10,1,1,299.0169,0.7219924450015429
2,4,RF,2,10,1,1,300.011,0.7240043771889136
2,4,RF,2,10,1,1,301.0153,0.7081825797619901
2,4,GB,2,2,0,0,0.0,0.0005688927492376832
2,4,GB,2,2,0,0,1.000205,0.005768696665074071
2,4,GB,2,2,0,0,1.994169,0.005393488305902243
2,4,GB,2,2,0,0,2.99987,0.011302793569798868
2,4,GB,2,2,0,0,4.004305,0.015884373681227977
2,4,GB,2,2,0,0,4.998423,0.030125493285132143
2,4,GB,2,2,0,0,5.993399,0.028859604837521317
2,4,GB,2,2,0,0,6.99834,0.1964616340069685
2,4,GB,2,2,0,0,8.003426,0.337150013847832
2,4,GB,2,2,0,0,8.995827,0.29485442162037784
2,4,GB,2,2,0,0,10.00222,0.10896181998436656
2,4,GB,2,2,0,0,10.9963,0.07202409571316083
2,4,GB,2,2,0,0,12.00186,0.03440885017687414
2,4,GB,2,2,0,0,12.99631,0.018841243971555236
2,4,GB,2,2,0,0,14.00165,0.06773274349327428
2,4,GB,2,2,0,0,14.99503,0.0600098112832571
2,4,GB,2,2,0,0,16.00142,0.06516639288016202
2,4,GB,2,2,0,0,16.99521,0.07142604174249675
2,4,GB,2,2,0,0,17.99982,0.01765948641877043
2,4,GB,2,2,0,0,18.99629,0.00017351945157930085
2,4,GB,2,2,0,0,20.00061,0.00018814210673218806
2,4,GB,2,2,0,0,20.99563,0.00016303830600574015
2,4,GB,2,2,0,0,21.99956,0.000230369335254501
2,4,GB,2,2,0,0,22.99362,0.00022019296313948946
2,4,GB,2,2,0,0,23.99915,0.00039795849164942675
2,4,GB,2,2,0,0,24.99448,0.0010708483470848623
2,4,GB,2,2,0,0,25.99742,0.0013320743323458736
2,4,GB,2,2,0,0,26.99371,0.0012777315876372156
2,4,GB,2,2,0,0,27.99764,0.0003731983151178166
2,4,GB,2,2,0,0,29.00353,0.00035853119608423
2,4,GB,2,2,0,0,29.99711,0.0002964416210706835
2,4,GB,2,2,0,0,31.00312,0.0007397553463703789
2,4,GB,2,2,0,0,31.99651,0.0009664926617482208
2,4,GB,2,2,0,0,33.00121,0.0012398163250684916
2,4,GB,2,2,0,0,33.9953,0.0008832533925126694
2,4,GB,2,2,0,0,35.00201,0.0005452950879297504
2,4,GB,2,2,0,0,35.99474,0.0016874600111445753
2,4,GB,2,2,0,0,37.00034,0.0019828629196836896
2,4,GB,2,2,0,0,37.99348,0.002391326279767302
2,4,GB,2,2,0,0,38.99988,0.0017294216578160565
2,4,GB,2,2,0,0,39.99434,0.00220727247289391
2,4,GB,2,2,0,0,40.99866,0.0015069648211865345
2,4,GB,2,2,0,0,41.99391,0.0015860453579230507
2,4,GB,2,2,0,0,42.99882,0.0019676104782362404
2,4,GB,2,2,0,0,44.00379,0.001489678215195079
2,4,GB,2,2,0,0,44.99791,0.0015844780093970797
2,4,GB,2,2,0,0,46.00389,0.001959640742899788
2,4,GB,2,2,0,0,46.99784,0.0016742022142945455
2,4,GB,2,2,0,0,48.00324,0.001823247829240801
2,4,GB,2,2,0,0,48.99698,0.001710062063950755
2,4,GB,2,2,0,0,50.00296,0.001779545965322069
2,4,GB,2,2,0,0,50.99651,0.0021569855658466397
2,4,GB,2,2,0,0,51.99992,0.002253139200654558
2,4,GB,2,2,0,0,52.99696,0.0021815409651586852
2,4,GB,2,2,0,0,54.00121,0.001230644615458032
2,4,GB,2,2,0,0,54.99426,0.0010149372337319874
2,4,GB,2,2,0,0,56.00108,0.0007161836199985407
2,4,GB,2,2,0,0,56.99522,0.0009616740476337372
2,4,GB,2,2,0,0,57.99969,0.0009905718712283575
2,4,GB,2,2,0,0,58.99453,0.0011374119852193142
2,4,GB,2,2,0,0,60.00053,0.0012366429821247511
2,4,GB,2,2,0,0,60.99381,0.0011165741631210691
2,4,GB,2,2,0,0,61.99977,0.0013781937923265705
2,4,GB,2,2,0,0,63.00386,0.0014911193461321173
2,4,GB,2,2,0,0,63.99706,0.002745759527810133
2,4,GB,2,2,0,0,65.00371,0.00283637139308817
2,4,GB,2,2,0,0,65.99866,0.0026700483396140387
2,4,GB,2,2,0,0,67.00185,0.0026944376055098055
2,4,GB,2,2,0,0,67.99766,0.12571012935066853
2,4,GB,2,2,0,0,69.00256,0.11059456819761326
2,4,GB,2,2,0,0,69.99706,0.08678414443190828
2,4,GB,2,2,0,0,71.00292,0.09866578532536308
2,4,GB,2,2,0,0,71.99744,0.11161958481877488
2,4,GB,2,2,0,0,73.00128,0.16129562100497893
2,4,GB,2,2,0,0,73.9956,0.04171684358828397
2,4,GB,2,2,0,0,75.00233,0.041076200705265624
2,4,GB,2,2,0,0,75.99583,0.04733395254243671
2,4,GB,2,2,0,0,77.00105,0.004607997494485894
2,4,GB,2,2,0,0,77.99459,0.04071993708562714
2,4,GB,2,2,0,0,79.00166,0.006490406030505168
2,4,GB,2,2,0,0,79.99458,0.0041315193717440845
2,4,GB,2,2,0,0,81.00029,0.0035398439969608793
2,4,GB,2,2,0,0,82.00448,0.0050222640028927444
2,4,GB,2,2,0,0,82.99762,0.004322816352947911
2,4,GB,2,2,0,0,83.99378,0.003833520667132567
2,4,GB,2,2,0,0,84.99883,0.005001543481920717
2,4,GB,2,2,0,0,86.00435,0.005180881391828967
2,4,GB,2,2,0,0,86.99805,0.0035951487596638096
2,4,GB,2,2,0,0,88.00208,0.004518607998698279
2,4,GB,2,2,0,0,88.9961,0.003317631142582252
2,4,GB,2,2,0,0,90.00268,0.13148395290787118
2,4,GB,2,2,0,0,90.99656,0.14862059924668436
2,4,GB,2,2,0,0,92.00213,0.16159162246608139
2,4,GB,2,2,0,0,92.99535,0.07840583932993793
2,4,GB,2,2,0,0,94.00014,0.0609345340461169
2,4,GB,2,2,0,0,94.99482,0.06074842675945632
2,4,GB,2,2,0,0,96.00101,0.032095451000507
2,4,GB,2,2,0,0,96.99474,0.01791356820078628
2,4,GB,2,2,0,0,97.99886,0.023644020232444548
2,4,GB,2,2,0,0,98.99485,0.033658482332223266
2,4,GB,2,2,0,0,100.0004,0.03495849328266628
2,4,GB,2,2,0,0,100.9946,0.019944275592790814
2,4,GB,2,2,0,0,101.9996,0.002291399375689275
2,4,GB,2,2,0,0,103.0037,0.0027669116479930524
2,4,GB,2,2,0,0,103.9989,0.013544379262592651
2,4,GB,2,2,0,0,105.0039,0.0023208919750341613
2,4,GB,2,2,0,0,105.9986,0.0022172625957783076
2,4,GB,2,2,0,0,107.0032,0.0022244800235716737
2,4,GB,2,2,0,0,107.9987,0.002849754040525448
2,4,GB,2,2,0,0,108.9936,0.002625877155861361
2,4,GB,2,2,0,0,109.9969,0.0020059591377278
2,4,GB,2,2,0,0,111.0026,0.001968600937247577
2,4,GB,2,2,0,0,111.9943,0.002367019052621994
2,4,GB,2,2,0,0,113.0022,0.0019583080984578766
2,4,GB,2,2,0,0,113.9966,0.0020152540073565153
2,4,GB,2,2,0,0,115.0023,0.002324809966039853
2,4,GB,2,2,0,0,115.9952,0.002367019052621994
2,4,GB,2,2,0,0,117.0004,0.0013058546633691352
2,4,GB,2,2,0,0,117.9948,0.0017066001864420779
2,4,GB,2,2,0,0,118.9998,0.0010999915566756936
2,4,GB,2,2,0,0,119.9942,0.0012468793567374592
2,4,GB,2,2,0,0,120.9996,0.0013464185049767371
2,4,GB,2,2,0,0,121.9939,0.0013547856274909356
2,4,GB,2,2,0,0,122.9996,0.0013547856274909356
2,4,GB,2,2,0,0,123.9944,0.0009681057483066779
2,4,GB,2,2,0,0,124.9997,0.001108751814139192
2,4,GB,2,2,0,0,126.0041,0.0013468510905487643
2,4,GB,2,2,0,0,126.9962,0.0018582435810229772
2,4,GB,2,2,0,0,128.001,0.0023804153182506557
2,4,GB,2,2,0,0,128.9966,0.0024236315191852715
2,4,GB,2,2,0,0,130.0031,0.0020109897231815883
2,4,GB,2,2,0,0,130.9969,0.0011547566632681514
2,4,GB,2,2,0,0,132.0034,0.001136306383191412
2,4,GB,2,2,0,0,132.9951,0.0013791006550254654
2,4,GB,2,2,0,0,134.0018,0.0013589377878970078
2,4,GB,2,2,0,0,134.9952,0.0013351089147416902
2,4,GB,2,2,0,0,136.0003,0.0018898665100400914
2,4,GB,2,2,0,0,136.9947,0.002026414150086399
2,4,GB,2,2,0,0,138.0004,0.0024245300096887336
2,4,GB,2,2,0,0,139.0037,0.002966551435748849
2,4,GB,2,2,0,0,139.9993,0.0033436610373643767
2,4,GB,2,2,0,0,140.9939,0.0033436610373643767
2,4,GB,2,2,0,0,141.9993,0.0035009075618873333
2,4,GB,2,2,0,0,143.0044,0.0033421250413722915
2,4,GB,2,2,0,0,143.9993,0.003424496426758754
2,4,GB,2,2,0,0,144.9935,0.0033589176578515192
2,4,GB,2,2,0,0,145.9975,0.003461255978420377
2,4,GB,2,2,0,0,147.002,0.005298200418400377
2,4,GB,2,2,0,0,147.9976,0.011147506697050013
2,4,GB,2,2,0,0,149.004,0.00810783981716578
2,4,GB,2,2,0,0,149.9961,0.005048881492586645
2,4,GB,2,2,0,0,151.0017,0.005381837015421987
2,4,GB,2,2,0,0,151.9958,0.005446506940970251
2,4,GB,2,2,0,0,153.0004,0.006847544785920002
2,4,GB,2,2,0,0,153.9949,0.0069697681890881075
2,4,GB,2,2,0,0,155.0013,0.007224500419630225
2,4,GB,2,2,0,0,155.9958,0.005927700967983745
2,4,GB,2,2,0,0,157.0011,0.009017929849398075
2,4,GB,2,2,0,0,158.0043,0.024279130226141775
2,4,GB,2,2,0,0,159.0005,0.029548447254873596
2,4,GB,2,2,0,0,160.0046,0.04232730212706885
2,4,GB,2,2,0,0,160.9996,0.04245952609951639
2,4,GB,2,2,0,0,162.0037,0.040599788753437074
2,4,GB,2,2,0,0,162.9976,0.04221756591310836
2,4,GB,2,2,0,0,164.0039,0.039307267993498415
2,4,GB,2,2,0,0,164.9958,0.04328862739713429
2,4,GB,2,2,0,0,165.9934,0.04472996344943869
2,4,GB,2,2,0,0,166.9979,0.04442109836963051
2,4,GB,2,2,0,0,168.0029,0.03816717050437918
2,4,GB,2,2,0,0,168.9963,0.05709425330604571
2,4,GB,2,2,0,0,170.0005,0.05132766189117198
2,4,GB,2,2,0,0,170.9958,0.05115684529627032
2,4,GB,2,2,0,0,172.0012,0.053224512656910826
2,4,GB,2,2,0,0,172.9956,0.05590244671753191
2,4,GB,2,2,0,0,174.0013,0.06139420359928093
2,4,GB,2,2,0,0,174.9954,0.038447569814430406
2,4,GB,2,2,0,0,176.0,0.05143151539130597
2,4,GB,2,2,0,0,176.9954,0.036154047984038026
2,4,GB,2,2,0,0,178.0005,0.028649093437275668
2,4,GB,2,2,0,0,179.0044,0.0301542141961368
2,4,GB,2,2,0,0,179.9999,0.0280536315527388
2,4,GB,2,2,0,0,180.9948,0.0337367305303121
2,4,GB,2,2,0,0,181.9996,0.031513591352716044
2,4,GB,2,2,0,0,182.9938,0.05871597086542062
2,4,GB,2,2,0,0,183.9996,0.04167313234615643
2,4,GB,2,2,0,0,185.0037,0.05935050640650961
2,4,GB,2,2,0,0,185.9989,0.015869265224658823
2,4,GB,2,2,0,0,187.0027,0.026231420162730956
2,4,GB,2,2,0,0,187.9986,0.025450662592724143
2,4,GB,2,2,0,0,189.0018,0.029898627607592296
2,4,GB,2,2,0,0,189.9977,0.03360894746397153
2,4,GB,2,2,0,0,191.0019,0.056053003416019986
2,4,GB,2,2,0,0,191.9964,0.04197792951199567
2,4,GB,2,2,0,0,193.0019,0.04649944426770743
2,4,GB,2,2,0,0,193.9954,0.025065098746108006
2,4,GB,2,2,0,0,195.001,0.023283055878715053
2,4,GB,2,2,0,0,195.9944,0.03392412700465503
2,4,GB,2,2,0,0,197.0007,0.03630951255304822
2,4,GB,2,2,0,0,197.9939,0.02764547239773026
2,4,GB,2,2,0,0,198.9984,0.02871111561848569
2,4,GB,2,2,0,0,200.0031,0.037102587849047186
2,4,GB,2,2,0,0,200.9996,0.04019488396751001
2,4,GB,2,2,0,0,202.0045,0.033467996873751855
2,4,GB,2,2,0,0,202.9982,0.03091900254783596
2,4,GB,2,2,0,0,204.004,0.03770426730571018
2,4,GB,2,2,0,0,204.9996,0.03766751658855911
2,4,GB,2,2,0,0,206.0046,0.03766751658855911
2,4,GB,2,2,0,0,206.9983,0.03766751658855911
2,4,GB,2,2,0,0,208.0024,0.03859801323113428
2,4,GB,2,2,0,0,208.9951,0.03989552560168653
2,4,GB,2,2,0,0,210.0027,0.03989552560168653
2,4,GB,2,2,0,0,210.9949,0.02952734923264868
2,4,GB,2,2,0,0,212.0016,0.029079951541930774
2,4,GB,2,2,0,0,212.9949,0.027969483947109016
2,4,GB,2,2,0,0,214.0006,0.02589891592389096
2,4,GB,2,2,0,0,214.9952,0.02066517845222754
2,4,GB,2,2,0,0,216.0003,0.021703382391422738
2,4,GB,2,2,0,0,216.9954,0.022157516966256823
2,4,GB,2,2,0,0,217.9993,0.02489084708519774
2,4,GB,2,2,0,0,218.9953,0.02497002245812683
2,4,GB,2,2,0,0,220.0006,0.023902132188546723
2,4,GB,2,2,0,0,220.9946,0.02166947226554092
2,4,GB,2,2,0,0,221.9974,0.023651304089519466
2,4,GB,2,2,0,0,223.0048,0.022974834294310548
2,4,GB,2,2,0,0,223.9989,0.02723241059210133
2,4,GB,2,2,0,0,225.004,0.03371664817793739
2,4,GB,2,2,0,0,225.9989,0.03702769779927972
2,4,GB,2,2,0,0,227.0026,0.024385118648851165
2,4,GB,2,2,0,0,227.9984,0.021495464362629
2,4,GB,2,2,0,0,229.0035,0.023340196811285636
2,4,GB,2,2,0,0,229.9966,0.02236735399871825
2,4,GB,2,2,0,0,231.002,0.022438687097343486
2,4,GB,2,2,0,0,231.9962,0.02279556097317659
2,4,GB,2,2,0,0,233.0006,0.022796975243813137
2,4,GB,2,2,0,0,233.9961,0.020882452482926563
2,4,GB,2,2,0,0,235.0027,0.020289546260490666
2,4,GB,2,2,0,0,235.996,0.01568418880946652
2,4,GB,2,2,0,0,237.0018,0.01581250956092838
2,4,GB,2,2,0,0,237.995,0.016010376516973183
2,4,GB,2,2,0,0,239.0019,0.01538319554991077
2,4,GB,2,2,0,0,239.9948,0.014145329119288438
2,4,GB,2,2,0,0,240.9989,0.013839487925783886
2,4,GB,2,2,0,0,242.0038,0.014572569937305437
2,4,GB,2,2,0,0,242.9988,0.015147973833840048
2,4,GB,2,2,0,0,244.0048,0.04050474745356195
2,4,GB,2,2,0,0,244.9977,0.04752941634277226
2,4,GB,2,2,0,0,246.0033,0.04582816311151894
2,4,GB,2,2,0,0,246.9974,0.04159651161528189
2,4,GB,2,2,0,0,248.0032,0.04822502312810521
2,4,GB,2,2,0,0,248.9989,0.04159651161528189
2,4,GB,2,2,0,0,250.0025,0.058513423822294526
2,4,GB,2,2,0,0,250.9969,0.05005204311698064
2,4,GB,2,2,0,0,252.0007,0.062175964220085665
2,4,GB,2,2,0,0,252.9972,0.06511835262357805
2,4,GB,2,2,0,0,254.0013,0.048673538465005224
2,4,GB,2,2,0,0,254.9957,0.03675201206427089
2,4,GB,2,2,0,0,256.0012,0.032124267869455714
2,4,GB,2,2,0,0,256.9948,0.03487435495402645
2,4,GB,2,2,0,0,258.0016,0.06394332198536072
2,4,GB,2,2,0,0,258.9961,0.04299074888618857
2,4,GB,2,2,0,0,260.0005,0.0443985521037316
2,4,GB,2,2,0,0,261.005,0.12909900487035125
2,4,GB,2,2,0,0,261.9996,0.12511648432769773
2,4,GB,2,2,0,0,263.005,0.11887755508070968
2,4,GB,2,2,0,0,263.9995,0.11038998078054796
2,4,GB,2,2,0,0,265.0048,0.04777790312110172
2,4,GB,2,2,0,0,265.9982,0.06035608146093569
2,4,GB,2,2,0,0,267.0045,0.05807503050783442
2,4,GB,2,2,0,0,267.9995,0.05710889437154776
2,4,GB,2,2,0,0,269.0038,0.058878000956682
2,4,GB,2,2,0,0,269.9978,0.05935084733773564
2,4,GB,2,2,0,0,271.0036,0.06845897284032754
2,4,GB,2,2,0,0,271.9975,0.06840536483421976
2,4,GB,2,2,0,0,273.0035,0.06511158804653129
2,4,GB,2,2,0,0,273.996,0.062368961619045045
2,4,GB,2,2,0,0,275.0023,0.05839161631202755
2,4,GB,2,2,0,0,275.9955,0.05622480248972706
2,4,GB,2,2,0,0,277.0023,0.06195091017618353
2,4,GB,2,2,0,0,277.996,0.18143777942947012
2,4,GB,2,2,0,0,279.0019,0.1342347717867928
2,4,GB,2,2,0,0,279.9952,0.1530811856482913
2,4,GB,2,2,0,0,280.9987,0.13216799496689083
2,4,GB,2,2,0,0,282.0053,0.10069732136293401
2,4,GB,2,2,0,0,282.9994,0.14882434595140087
2,4,GB,2,2,0,0,284.0045,0.1253221335285006
2,4,GB,2,2,0,0,284.9988,0.12982548256367565
2,4,GB,2,2,0,0,286.0036,0.11646751040072327
2,4,GB,2,2,0,0,286.9983,0.18576914155699775
2,4,GB,2,2,0,0,288.0022,0.09784257467041625
2,4,GB,2,2,0,0,288.9989,0.12416783890074307
2,4,GB,2,2,0,0,290.0029,0.11656982251693394
2,4,GB,2,2,1,1,290.9975,0.12280808776986081
2,4,GB,2,2,1,1,292.0027,0.12663457713702464
2,4,GB,2,2,1,1,292.9962,0.14925153760340729
2,4,GB,2,2,1,1,294.0034,0.1762496456679971
2,4,GB,2,2,1,1,294.9959,0.15414881182646722
2,4,GB,2,2,1,1,296.0013,0.16243865465655102
2,4,GB,2,2,1,1,296.9955,0.13365143535914922
2,4,GB,2,2,1,1,298.0017,0.15395636307872432
2,4,GB,2,2,1,1,298.9961,0.8647950251893088
2,4,GB,2,2,1,1,300.0004,0.7368035827098299
2,4,GB,2,2,1,1,300.9952,0.7037438377241448
2,4,GB,2,3,0,0,0.011238,0.0021955995482987782
2,4,GB,2,3,0,0,1.010427,0.010203731953297865
2,4,GB,2,3,0,0,2.005901,0.006739309585862066
2,4,GB,2,3,0,0,3.009208,0.005316982909428408
2,4,GB,2,3,0,0,4.013891,0.031643013729051074
2,4,GB,2,3,0,0,5.009709,0.07332896071637286
2,4,GB,2,3,0,0,6.013655,0.6184415545612284
2,4,GB,2,3,0,0,7.01029,0.6355612660471558
2,4,GB,2,3,0,0,8.004245,0.5667126837614009
2,4,GB,2,3,0,0,9.006847,0.5153542304677221
2,4,GB,2,3,0,0,10.00374,0.30896103553075066
2,4,GB,2,3,0,0,11.00845,0.06683815008227681
2,4,GB,2,3,0,0,12.00327,0.01089146169412603
2,4,GB,2,3,0,0,13.00797,0.00856100221963375
2,4,GB,2,3,0,0,14.01414,0.250903632940535
2,4,GB,2,3,0,0,15.00711,0.5821659116938571
2,4,GB,2,3,0,0,16.01306,0.199667092355418
2,4,GB,2,3,0,0,17.00686,0.2029986756759682
2,4,GB,2,3,0,0,18.01257,0.34617506812241666
2,4,GB,2,3,0,0,19.00748,0.42242105474938746
2,4,GB,2,3,0,0,20.01261,0.4293273834041685
2,4,GB,2,3,0,0,21.00554,0.5106986934774911
2,4,GB,2,3,0,0,22.01061,0.4820140125039217
2,4,GB,2,3,0,0,23.01419,0.47410724349601946
2,4,GB,2,3,0,0,24.01053,0.4861061801750438
2,4,GB,2,3,0,0,25.00407,0.4934252528124896
2,4,GB,2,3,0,0,26.01028,0.24301000384083746
2,4,GB,2,3,0,0,27.00355,0.3128522279353209
2,4,GB,2,3,0,0,28.00709,0.3538950863312812
2,4,GB,2,3,0,0,29.00403,0.3091847654818922
2,4,GB,2,3,0,0,30.00948,0.3611236885041027
2,4,GB,2,3,0,0,31.01333,0.3081713102245623
2,4,GB,2,3,0,0,32.00739,0.2763935982385555
2,4,GB,2,3,0,0,33.0139,0.215204775580235
2,4,GB,2,3,0,0,34.0069,0.21527946256795102
2,4,GB,2,3,0,0,35.01249,0.25790909804312134
2,4,GB,2,3,0,0,36.00776,0.24962832137021573
2,4,GB,2,3,0,0,37.01255,0.18458157804579692
2,4,GB,2,3,0,0,38.00636,0.11928403360194874
2,4,GB,2,3,0,0,39.01038,0.10958752426963894
2,4,GB,2,3,0,0,40.0048,0.108629375697148
2,4,GB,2,3,0,0,41.01232,0.12025240563844672
2,4,GB,2,3,0,0,42.00532,0.17387841170887167
2,4,GB,2,3,0,0,43.01156,0.1695131120992473
2,4,GB,2,3,0,0,44.00523,0.23135431710991214
2,4,GB,2,3,0,0,45.0106,0.23423770764749016
2,4,GB,2,3,0,0,46.00391,0.2628575970030414
2,4,GB,2,3,0,0,47.00961,0.3025604921444072
2,4,GB,2,3,0,0,48.00344,0.2604133617993537
2,4,GB,2,3,0,0,49.00859,0.2508081614377252
2,4,GB,2,3,0,0,50.01414,0.15711588619264072
2,4,GB,2,3,0,0,51.00926,0.1518132675974436
2,4,GB,2,3,0,0,52.01384,0.1781098044438383
2,4,GB,2,3,0,0,53.00763,0.11683542760929061
2,4,GB,2,3,0,0,54.01284,0.1055381415288728
2,4,GB,2,3,0,0,55.007,0.2678242418899474
2,4,GB,2,3,0,0,56.0122,0.27229355351183365
2,4,GB,2,3,0,0,57.00453,0.17466641347470135
2,4,GB,2,3,0,0,58.01069,0.1547294521593608
2,4,GB,2,3,0,0,59.00611,0.1401195118739599
2,4,GB,2,3,0,0,60.00909,0.16054621744175862
2,4,GB,2,3,0,0,61.00516,0.1586596938668549
2,4,GB,2,3,0,0,62.01141,0.2048191364328146
2,4,GB,2,3,0,0,63.00307,0.19166035664365663
2,4,GB,2,3,0,0,64.00782,0.2033351112102442
2,4,GB,2,3,0,0,65.004,0.17063379202601797
2,4,GB,2,3,0,0,66.0097,0.14893588547766345
2,4,GB,2,3,0,0,67.00374,0.16245640750795334
2,4,GB,2,3,0,0,68.00844,0.2749101202482093
2,4,GB,2,3,0,0,69.01296,0.3306420614085198
2,4,GB,2,3,0,0,70.00988,0.2716787232507318
2,4,GB,2,3,0,0,71.0142,0.310733590951078
2,4,GB,2,3,0,0,72.00565,0.4216531476374823
2,4,GB,2,3,0,0,73.01225,0.42544837083034376
2,4,GB,2,3,0,0,74.0084,0.4255950458666786
2,4,GB,2,3,0,0,75.01354,0.44630764360053576
2,4,GB,2,3,0,0,76.00615,0.43292522038744546
2,4,GB,2,3,0,0,77.0134,0.4422427516166114
2,4,GB,2,3,0,0,78.00726,0.44496814666113355
2,4,GB,2,3,0,0,79.01142,0.43723891964638273
2,4,GB,2,3,0,0,80.00616,0.4410674415427148
2,4,GB,2,3,0,0,81.01123,0.46094334273383974
2,4,GB,2,3,0,0,82.00616,0.4898403543251985
2,4,GB,2,3,0,0,83.00994,0.541247382158938
2,4,GB,2,3,0,0,84.00312,0.543897700346451
2,4,GB,2,3,0,0,85.00861,0.5541438850892957
2,4,GB,2,3,0,0,86.00405,0.5553211420368043
2,4,GB,2,3,0,0,87.01019,0.55747228067547
2,4,GB,2,3,0,0,88.01415,0.5741861842020483
2,4,GB,2,3,0,0,89.00842,0.583996555078666
2,4,GB,2,3,0,0,90.01416,0.5796619739649956
2,4,GB,2,3,0,0,91.0079,0.5572781721629854
2,4,GB,2,3,0,0,92.00355,0.5909516980774833
2,4,GB,2,3,0,0,93.00796,0.23469318363936018
2,4,GB,2,3,0,0,94.01137,0.311851701137785
2,4,GB,2,3,0,0,95.00732,0.3773487499873835
2,4,GB,2,3,0,0,96.01418,0.34032615158151863
2,4,GB,2,3,0,0,97.00631,0.3897053329589839
2,4,GB,2,3,0,0,98.01198,0.42205995014373077
2,4,GB,2,3,0,0,99.0062,0.3930554386434112
2,4,GB,2,3,0,0,100.012,0.3250245954471125
2,4,GB,2,3,0,0,101.0051,0.38636319360202864
2,4,GB,2,3,0,0,102.0107,0.33696039536244204
2,4,GB,2,3,0,0,103.0037,0.3703266319538016
2,4,GB,2,3,0,0,104.0105,0.33313910216853
2,4,GB,2,3,0,0,105.0039,0.2818501562364118
2,4,GB,2,3,0,0,106.0083,0.2581482101756021
2,4,GB,2,3,0,0,107.0031,0.3178293015012218
2,4,GB,2,3,0,0,108.0084,0.27613556378193715
2,4,GB,2,3,0,0,109.0032,0.277123369287033
2,4,GB,2,3,0,0,110.0087,0.2740400378586759
2,4,GB,2,3,0,0,111.0139,0.33252199626479445
2,4,GB,2,3,0,0,112.0062,0.2886514396052803
2,4,GB,2,3,0,0,113.0129,0.3296948076967814
2,4,GB,2,3,0,0,114.0063,0.2886514396052803
2,4,GB,2,3,0,0,115.0135,0.33943054205366524
2,4,GB,2,3,0,0,116.0077,0.34141664688099244
2,4,GB,2,3,0,0,117.013,0.35527273787989194
2,4,GB,2,3,0,0,118.0064,0.3556256907218545
2,4,GB,2,3,0,0,119.0118,0.3446872306000977
2,4,GB,2,3,0,0,120.0056,0.34686689316344077
2,4,GB,2,3,0,0,121.0098,0.34335374551914016
2,4,GB,2,3,0,0,122.0058,0.2614728548902456
2,4,GB,2,3,0,0,123.0083,0.30492619838211177
2,4,GB,2,3,0,0,124.0142,0.31084008807342495
2,4,GB,2,3,0,0,125.0098,0.3377732065240877
2,4,GB,2,3,0,0,126.0131,0.3835893735295762
2,4,GB,2,3,0,0,127.0085,0.3378539570471115
2,4,GB,2,3,0,0,128.0035,0.38048934771031157
2,4,GB,2,3,0,0,129.0072,0.3305498521004644
2,4,GB,2,3,0,0,130.014,0.34525222839355263
2,4,GB,2,3,0,0,131.0072,0.36342331453557286
2,4,GB,2,3,0,0,132.0132,0.4058558227988698
2,4,GB,2,3,0,0,133.0071,0.4058558227988698
2,4,GB,2,3,0,0,134.0137,0.4058558227988698
2,4,GB,2,3,0,0,135.0055,0.3560467578174138
2,4,GB,2,3,0,0,136.0135,0.3974697118900164
2,4,GB,2,3,0,0,137.0076,0.4080915084525094
2,4,GB,2,3,0,0,138.0122,0.4034980749988505
2,4,GB,2,3,0,0,139.006,0.39284942514253646
2,4,GB,2,3,0,0,140.0114,0.3486386680690675
2,4,GB,2,3,0,0,141.0062,0.2943110883496937
2,4,GB,2,3,0,0,142.0109,0.2823777698802836
2,4,GB,2,3,0,0,143.0041,0.36736378404954373
2,4,GB,2,3,0,0,144.0106,0.34766691859147464
2,4,GB,2,3,0,0,145.0049,0.3426152261557791
2,4,GB,2,3,0,0,146.0097,0.29072816765489057
2,4,GB,2,3,0,0,147.0045,0.28388882215588457
2,4,GB,2,3,0,0,148.0082,0.4272705002148098
2,4,GB,2,3,0,0,149.0146,0.4320757077111987
2,4,GB,2,3,0,0,150.0082,0.45149513349247167
2,4,GB,2,3,0,0,151.0033,0.4598713984460009
2,4,GB,2,3,0,0,152.0067,0.4313589439230318
2,4,GB,2,3,0,0,153.0131,0.431278633762199
2,4,GB,2,3,0,0,154.0056,0.40222716329516367
2,4,GB,2,3,0,0,155.0124,0.44758588823524814
2,4,GB,2,3,0,0,156.0072,0.49460893290346897
2,4,GB,2,3,0,0,157.0128,0.5086990753543883
2,4,GB,2,3,0,0,158.0061,0.5291312667339912
2,4,GB,2,3,0,0,159.0115,0.5159008697965783
2,4,GB,2,3,0,0,160.0054,0.5582923359705699
2,4,GB,2,3,0,0,161.0108,0.5043275815221366
2,4,GB,2,3,0,0,162.0054,0.5702180584553471
2,4,GB,2,3,0,0,163.0095,0.6057574247551994
2,4,GB,2,3,0,0,164.0036,0.5906508048405922
2,4,GB,2,3,0,0,165.0094,0.6090467118051678
2,4,GB,2,3,0,0,166.0135,0.6760786298323738
2,4,GB,2,3,0,0,167.0089,0.5613048395943508
2,4,GB,2,3,0,0,168.0038,0.6484996109532023
2,4,GB,2,3,0,0,169.0093,0.6417137083249029
2,4,GB,2,3,0,0,170.0146,0.6015037569555771
2,4,GB,2,3,0,0,171.0075,0.40961443308649975
2,4,GB,2,3,0,0,172.0137,0.3853233741658537
2,4,GB,2,3,0,0,173.0077,0.29824771953702023
2,4,GB,2,3,0,0,174.0128,0.35877837954201774
2,4,GB,2,3,0,0,175.0064,0.41327218236850066
2,4,GB,2,3,0,0,176.0134,0.5120733040459963
2,4,GB,2,3,0,0,177.0064,0.4931919930742963
2,4,GB,2,3,0,0,178.0123,0.41974012544267797
2,4,GB,2,3,0,0,179.0055,0.4453794144928704
2,4,GB,2,3,0,0,180.0109,0.4759729120438824
2,4,GB,2,3,0,0,181.004,0.49943309860043333
2,4,GB,2,3,0,0,182.0105,0.49215298806738544
2,4,GB,2,3,0,0,183.0044,0.44253571202290193
2,4,GB,2,3,0,0,184.0103,0.4428370638817994
2,4,GB,2,3,0,0,185.0039,0.4222292440135208
2,4,GB,2,3,0,0,186.0109,0.423231094554746
2,4,GB,2,3,0,0,187.0144,0.41338502754178147
2,4,GB,2,3,0,0,188.0096,0.39594771178813987
2,4,GB,2,3,0,0,189.0142,0.42569062037127453
2,4,GB,2,3,0,0,190.0089,0.4159616323349839
2,4,GB,2,3,0,0,191.0136,0.4248210529335633
2,4,GB,2,3,0,0,192.0078,0.37461130620869953
2,4,GB,2,3,0,0,193.0136,0.40665833052780603
2,4,GB,2,3,0,0,194.0066,0.2845299200155793
2,4,GB,2,3,0,0,195.0137,0.32132643415870504
2,4,GB,2,3,0,0,196.0059,0.3057417388870118
2,4,GB,2,3,0,0,197.0126,0.3401976158724916
2,4,GB,2,3,0,0,198.0066,0.3467647606103848
2,4,GB,2,3,0,0,199.0112,0.45075871185777217
2,4,GB,2,3,0,0,200.0051,0.46736367862034
2,4,GB,2,3,0,0,201.0101,0.47018833982755176
2,4,GB,2,3,0,0,202.0057,0.46736367862034
2,4,GB,2,3,0,0,203.0104,0.45340083296992983
2,4,GB,2,3,0,0,204.0044,0.48211072509293695
2,4,GB,2,3,0,0,205.0099,0.5476723264899763
2,4,GB,2,3,0,0,206.0038,0.5566050311631761
2,4,GB,2,3,0,0,207.0091,0.5971117920293316
2,4,GB,2,3,0,0,208.0138,0.5566050311631761
2,4,GB,2,3,0,0,209.0093,0.6214498447841482
2,4,GB,2,3,0,0,210.0041,0.6019485720139421
2,4,GB,2,3,0,0,211.0063,0.5799567599994551
2,4,GB,2,3,0,0,212.0139,0.6083125321975992
2,4,GB,2,3,0,0,213.0081,0.5515654626201274
2,4,GB,2,3,0,0,214.0138,0.6007467599204065
2,4,GB,2,3,0,0,215.0059,0.4896294122424966
2,4,GB,2,3,0,0,216.0132,0.48557203753438133
2,4,GB,2,3,0,0,217.0059,0.5179951294512845
2,4,GB,2,3,0,0,218.0114,0.4869245519657915
2,4,GB,2,3,0,0,219.006,0.4869245519657915
2,4,GB,2,3,0,0,220.0104,0.4869245519657915
2,4,GB,2,3,0,0,221.0062,0.5737590392097418
2,4,GB,2,3,0,0,222.0106,0.5753973189713604
2,4,GB,2,3,0,0,223.0049,0.42863409709989475
2,4,GB,2,3,0,0,224.0104,0.435787381405941
2,4,GB,2,3,0,0,225.0054,0.580295351787563
2,4,GB,2,3,0,0,226.009,0.5782531397602945
2,4,GB,2,3,0,0,227.0141,0.5769321980893887
2,4,GB,2,3,0,0,228.007,0.4768607973942896
2,4,GB,2,3,0,0,229.0136,0.4718722223264575
2,4,GB,2,3,0,0,230.007,0.4718722223264575
2,4,GB,2,3,0,0,231.0132,0.47286621226778314
2,4,GB,2,3,0,0,232.0052,0.414598073349257
2,4,GB,2,3,0,0,233.0103,0.42093499890851516
2,4,GB,2,3,0,0,234.006,0.42093499890851516
2,4,GB,2,3,0,0,235.0119,0.42093499890851516
2,4,GB,2,3,0,0,236.0068,0.4033982154168416
2,4,GB,2,3,0,0,237.0114,0.4045064591626531
2,4,GB,2,3,0,0,238.0062,0.441324290781595
2,4,GB,2,3,0,0,239.0112,0.4346979033907258
2,4,GB,2,3,0,0,240.0064,0.42830703588488994
2,4,GB,2,3,0,0,241.0103,0.4194914027104367
2,4,GB,2,3,0,0,242.0039,0.42830703588488994
2,4,GB,2,3,0,0,243.0101,0.42830703588488994
2,4,GB,2,3,0,0,244.0035,0.42830703588488994
2,4,GB,2,3,0,0,245.0085,0.48014942969157565
2,4,GB,2,3,0,0,246.0035,0.5991065685223984
2,4,GB,2,3,0,0,247.0071,0.6379764891500713
2,4,GB,2,3,0,0,248.0035,0.6564415606796977
2,4,GB,2,3,0,0,249.0085,0.639137256513756
2,4,GB,2,3,0,0,250.0133,0.6059906003957088
2,4,GB,2,3,0,0,251.0078,0.6059906003957088
2,4,GB,2,3,0,0,252.0139,0.5434978382572234
2,4,GB,2,3,0,0,253.0063,0.5686156211967627
2,4,GB,2,3,0,0,254.012,0.4957100275753856
2,4,GB,2,3,0,0,255.0076,0.47792639574423695
2,4,GB,2,3,0,0,256.0135,0.4067816603448574
2,4,GB,2,3,0,0,257.0063,0.4245072104356619
2,4,GB,2,3,0,0,258.0114,0.4163457110545114
2,4,GB,2,3,0,0,259.0068,0.4163457110545114
2,4,GB,2,3,0,0,260.0124,0.4163457110545114
2,4,GB,2,3,0,0,261.0036,0.39575814940120896
2,4,GB,2,3,0,0,262.0094,0.4019656798699654
2,4,GB,2,3,0,0,263.0131,0.4019656798699654
2,4,GB,2,3,0,0,264.0099,0.3850172200795252
2,4,GB,2,3,0,0,265.0028,0.3815867926441729
2,4,GB,2,3,0,0,266.0089,0.3850172200795252
2,4,GB,2,3,0,0,267.0042,0.3850172200795252
2,4,GB,2,3,0,0,268.0081,0.3866053861214578
2,4,GB,2,3,0,0,269.0143,0.40015049550965204
2,4,GB,2,3,0,0,270.0072,0.40093869797389814
2,4,GB,2,3,0,0,271.0114,0.3679861521113085
2,4,GB,2,3,0,0,272.0073,0.3679861521113085
2,4,GB,2,3,0,0,273.0117,0.34801688446716245
2,4,GB,2,3,0,0,274.006,0.3562559149099162
2,4,GB,2,3,0,0,275.0121,0.4037899733971278
2,4,GB,2,3,0,0,276.005,0.38696995200396345
2,4,GB,2,3,0,0,277.0126,0.4027015541505483
2,4,GB,2,3,0,0,278.003,0.4194410112218874
2,4,GB,2,3,0,0,279.0113,0.4532969662998043
2,4,GB,2,3,0,0,280.0044,0.44330928628300587
2,4,GB,2,3,0,0,281.0101,0.4229412832012467
2,4,GB,2,3,0,0,282.0047,0.29632340329023416
2,4,GB,2,3,0,0,283.0086,0.3259771399865895
2,4,GB,2,3,0,0,284.0052,0.3952585422731067
2,4,GB,2,3,0,0,285.0094,0.3952585422731067
2,4,GB,2,3,0,0,286.0031,0.40658462516645916
2,4,GB,2,3,0,0,287.0089,0.3987028453892776
2,4,GB,2,3,0,0,288.0141,0.402920989223277
2,4,GB,2,3,0,0,289.0098,0.43373454843429193
2,4,GB,2,3,0,0,290.0146,0.4701557846877069
2,4,GB,2,3,0,0,291.0092,0.467724999442827
2,4,GB,2,3,0,0,292.0125,0.49476059715375803
2,4,GB,2,3,0,0,293.0078,0.42137259304251135
2,4,GB,2,3,0,0,294.0122,0.4227332822139181
2,4,GB,2,3,0,0,295.0077,0.4406525155409699
2,4,GB,2,3,0,0,296.0117,0.4174217091617236
2,4,GB,2,3,0,0,297.005,0.424518737214376
2,4,GB,2,3,0,0,298.0123,0.3704440672494617
2,4,GB,2,3,0,0,299.0035,0.3734207731796954
2,4,GB,2,3,0,0,300.0103,0.3069351327576367
2,4,GB,2,3,0,0,301.0058,0.3627468604425352
2,4,GB,4,5,0,0,0.0112268,0.0015058842600303654
2,4,GB,4,5,0,0,1.010952,0.0012122242728851752
2,4,GB,4,5,0,0,2.01688,0.0006135381049807713
2,4,GB,4,5,0,0,3.010709,0.0004059049495939719
2,4,GB,4,5,0,0,4.015441,0.000180970331704353
2,4,GB,4,5,0,0,5.010154,0.00014061781073682877
2,4,GB,4,5,0,0,6.01441,0.00015226223148196902
2,4,GB,4,5,0,0,7.008793,0.00013358175226665643
2,4,GB,4,5,0,0,8.014668,0.00013673706385679643
2,4,GB,4,5,0,0,9.007746,0.00013952904685998163
2,4,GB,4,5,0,0,10.01372,0.00012759636139503667
2,4,GB,4,5,0,0,11.00726,0.00017207156760790974
2,4,GB,4,5,0,0,12.01249,0.0005661766771901864
2,4,GB,4,5,0,0,13.00669,0.0005332485164364243
2,4,GB,4,5,0,0,14.01282,0.001601478172729953
2,4,GB,4,5,0,0,15.00744,0.001601478172729953
2,4,GB,4,5,0,0,16.01075,0.0015706725122368716
2,4,GB,4,5,0,0,17.01668,0.0012473479333809602
2,4,GB,4,5,0,0,18.0118,0.001029122866383217
2,4,GB,4,5,0,0,19.01557,0.00029889882532282324
2,4,GB,4,5,0,0,20.00926,0.00024610040172323065
2,4,GB,4,5,0,0,21.01652,0.0002290402708263908
2,4,GB,4,5,0,0,22.00971,0.00020400590207055223
2,4,GB,4,5,0,0,23.01418,0.00023727252589848775
2,4,GB,4,5,0,0,24.00919,0.00020512783191856416
2,4,GB,4,5,0,0,25.01588,0.00022756689215291414
2,4,GB,4,5,0,0,26.00942,0.0002260211134899136
2,4,GB,4,5,0,0,27.01412,0.00022793782604196646
2,4,GB,4,5,0,0,28.00889,0.00021643985353115362
2,4,GB,4,5,0,0,29.01367,0.00020503254914950645
2,4,GB,4,5,0,0,30.00709,0.0001994371947442565
2,4,GB,4,5,0,0,31.01377,0.0002040228791409719
2,4,GB,4,5,0,0,32.00727,0.00021554717417832496
2,4,GB,4,5,0,0,33.01159,0.000209267594261003
2,4,GB,4,5,0,0,34.00792,0.0002289221277930583
2,4,GB,4,5,0,0,35.01075,0.000147448990798528
2,4,GB,4,5,0,0,36.00707,0.00013463627656024084
2,4,GB,4,5,0,0,37.01272,0.00017216893451869344
2,4,GB,4,5,0,0,38.01709,0.00011359565089284788
2,4,GB,4,5,0,0,39.01067,0.0001672695449012868
2,4,GB,4,5,0,0,40.01581,0.00014636374971239882
2,4,GB,4,5,0,0,41.01084,0.00015357083403263704
2,4,GB,4,5,0,0,42.01547,0.0001180834508335199
2,4,GB,4,5,0,0,43.01104,0.00018318181025263976
2,4,GB,4,5,0,0,44.01458,0.00017190940751383448
2,4,GB,4,5,0,0,45.00882,0.00016227021369294382
2,4,GB,4,5,0,0,46.01222,0.00014818015208208077
2,4,GB,4,5,0,0,47.00699,0.00013032363168859217
2,4,GB,4,5,0,0,48.01369,0.00012805706128859697
2,4,GB,4,5,0,0,49.00858,0.0001475873738777053
2,4,GB,4,5,0,0,50.01452,0.00016138314864747228
2,4,GB,4,5,0,0,51.00806,0.0001413106503247588
2,4,GB,4,5,0,0,52.01318,0.00015071221138763063
2,4,GB,4,5,0,0,53.00839,0.00014223831945804638
2,4,GB,4,5,0,0,54.01276,0.0001481923409897802
2,4,GB,4,5,0,0,55.0175,0.00015845066963770678
2,4,GB,4,5,0,0,56.01182,0.00014797350672508946
2,4,GB,4,5,0,0,57.00686,0.0001533695796846551
2,4,GB,4,5,0,0,58.01109,0.00014914857345720378
2,4,GB,4,5,0,0,59.01705,0.00012000442419798823
2,4,GB,4,5,0,0,60.01059,0.00015381301914694413
2,4,GB,4,5,0,0,61.01579,0.000133297756524381
2,4,GB,4,5,0,0,62.00929,0.00016088134593946464
2,4,GB,4,5,0,0,63.01626,0.00010793050446225214
2,4,GB,4,5,0,0,64.01065,0.00011879456737326544
2,4,GB,4,5,0,0,65.01405,0.00010863906508286488
2,4,GB,4,5,0,0,66.00948,0.00010634598036103556
2,4,GB,4,5,0,0,67.01539,0.00012028855701667562
2,4,GB,4,5,0,0,68.00793,0.00011445994044575913
2,4,GB,4,5,0,0,69.014,0.00012790448604977514
2,4,GB,4,5,0,0,70.00879,0.00010506657257100405
2,4,GB,4,5,0,0,71.01364,0.00011376759917610262
2,4,GB,4,5,0,0,72.00794,0.0001263857351640461
2,4,GB,4,5,0,0,73.01243,0.0001354299672175809
2,4,GB,4,5,0,0,74.01789,0.00014999591380196196
2,4,GB,4,5,0,0,75.01195,0.00014506913118678575
2,4,GB,4,5,0,0,76.01669,0.00014003694890193892
2,4,GB,4,5,0,0,77.01137,0.00014799298907075192
2,4,GB,4,5,0,0,78.01778,0.00014154490492310654
2,4,GB,4,5,0,0,79.00958,0.0001503354557538785
2,4,GB,4,5,0,0,80.01713,0.00015083887192990776
2,4,GB,4,5,0,0,81.01,0.0001402959507612238
2,4,GB,4,5,0,0,82.01595,0.00017349223988070032
2,4,GB,4,5,0,0,83.00983,0.0001813954221940275
2,4,GB,4,5,0,0,84.01365,0.00017938414411084345
2,4,GB,4,5,0,0,85.00916,0.00016935204293508455
2,4,GB,4,5,0,0,86.01279,0.00017543746876788217
2,4,GB,4,5,0,0,87.00995,0.0001848835100316578
2,4,GB,4,5,0,0,88.01443,0.00016961066502548967
2,4,GB,4,5,0,0,89.00826,0.00018199554304908306
2,4,GB,4,5,0,0,90.01387,0.0001927274688466986
2,4,GB,4,5,0,0,91.00777,0.00020712308632388942
2,4,GB,4,5,0,0,92.01324,0.00019716420643482832
2,4,GB,4,5,0,0,93.00788,0.0001388561644128579
2,4,GB,4,5,0,0,94.01026,0.00012702813720944279
2,4,GB,4,5,0,0,95.00691,9.147660299110808e-05
2,4,GB,4,5,1,1,96.01107,7.823270219494376e-05
2,4,GB,4,5,1,1,97.01478,7.756621210081873e-05
2,4,GB,4,5,1,1,98.00982,8.639991529548083e-05
2,4,GB,4,5,1,1,99.0165,8.585787185255756e-05
2,4,GB,4,5,1,1,100.0108,8.307463627651708e-05
2,4,GB,4,5,1,1,101.0142,8.087326317690464e-05
2,4,GB,4,5,1,1,102.0099,0.00010454880028224221
2,4,GB,4,5,1,1,103.0166,8.495341110269473e-05
2,4,GB,4,5,1,1,104.0105,8.419334008394244e-05
2,4,GB,4,5,1,1,105.0166,8.628416044896201e-05
2,4,GB,4,5,1,1,106.0182,0.00010481738456241007
2,4,GB,4,5,1,1,107.0155,0.000102039914847764
2,4,GB,4,5,1,1,108.0081,0.00010045208838148623
2,4,GB,4,5,1,1,109.0137,0.0001017594265045809
2,4,GB,4,5,1,1,110.0078,8.547465328169598e-05
2,4,GB,4,5,1,1,111.0129,8.267143146525677e-05
2,4,GB,4,5,1,1,112.0085,8.267143146525677e-05
2,4,GB,4,5,1,1,113.0132,8.378585495222508e-05
2,4,GB,4,5,1,1,114.0183,8.539714976107582e-05
2,4,GB,4,5,1,1,115.0109,8.437271454897856e-05
2,4,GB,4,5,1,1,116.0171,7.909350652801655e-05
2,4,GB,4,5,1,1,117.0108,8.177983335674736e-05
2,4,GB,4,5,1,1,118.017,8.507969334134577e-05
2,4,GB,4,5,1,1,119.0105,8.676944485452459e-05
2,4,GB,4,5,1,1,120.017,0.00012502388606139137
2,4,GB,4,5,1,1,121.0103,0.00016490561362493634
2,4,GB,4,5,1,1,122.0142,0.00017025749423693192
2,4,GB,4,5,1,1,123.0111,0.00016759196913810324
2,4,GB,4,5,1,1,124.0154,0.00018328557672585763
2,4,GB,4,5,1,1,125.0098,0.0001669809457726563
2,4,GB,4,5,1,1,126.016,0.00017843294902471896
2,4,GB,4,5,1,1,127.0077,0.0002180052283434262
2,4,GB,4,5,1,1,128.0149,0.00025766908467937796
2,4,GB,4,5,1,1,129.0092,0.00025545129309449135
2,4,GB,4,5,1,1,130.0139,0.00025391722107831867
2,4,GB,4,5,1,1,131.0076,0.00028697419100555583
2,4,GB,4,5,1,1,132.0115,0.00026314205429779674
2,4,GB,4,5,1,1,133.0071,0.00028171749948799487
2,4,GB,4,5,1,1,134.0139,0.0004132969423831779
2,4,GB,4,5,1,1,135.0174,0.0004436986463931945
2,4,GB,4,5,1,1,136.0132,0.0004208299643496082
2,4,GB,4,5,1,1,137.0163,0.0002584361996037211
2,4,GB,4,5,1,1,138.0116,0.0003248939435171185
2,4,GB,4,5,1,1,139.0176,0.0004058961582674805
2,4,GB,4,5,1,1,140.0102,0.00040515513708607614
2,4,GB,4,5,1,1,141.0144,0.00039185065058098406
2,4,GB,4,5,1,1,142.0095,0.00028389925418626053
2,4,GB,4,5,1,1,143.0164,0.0002600648035896426
2,4,GB,4,5,1,1,144.0101,0.0002766736802767009
2,4,GB,4,5,1,1,145.0154,0.00027542560905663926
2,4,GB,4,5,1,1,146.0091,0.00026638004621505607
2,4,GB,4,5,1,1,147.0136,0.0010553470163345018
2,4,GB,4,5,1,1,148.0082,0.001229524641729709
2,4,GB,4,5,1,1,149.0152,0.001056236359852414
2,4,GB,4,5,1,1,150.0077,0.0011829762524186958
2,4,GB,4,5,1,1,151.0137,0.0011829762524186958
2,4,GB,4,5,1,1,152.0168,0.001229524641729709
2,4,GB,4,5,1,1,153.0125,0.0011829762524186958
2,4,GB,4,5,1,1,154.0174,0.0011829762524186958
2,4,GB,4,5,1,1,155.0128,0.001229524641729709
2,4,GB,4,5,1,1,156.0177,0.001701637497692285
2,4,GB,4,5,1,1,157.0102,0.0018083803884010223
2,4,GB,4,5,1,1,158.0163,0.0016353095644734085
2,4,GB,4,5,1,1,159.0115,0.0014152899875547827
2,4,GB,4,5,1,1,160.0177,0.0014903007892656088
2,4,GB,4,5,1,1,161.0104,0.0017833931292665414
2,4,GB,4,5,1,1,162.0165,0.001777040993491425
2,4,GB,4,5,1,1,163.0099,0.0009643522556406712
2,4,GB,4,5,1,1,164.0155,0.002160476420285493
2,4,GB,4,5,1,1,165.0094,0.0014305634051651598
2,4,GB,4,5,1,1,166.0161,0.0018944923250973499
2,4,GB,4,5,1,1,167.0091,0.0018944923250973499
2,4,GB,4,5,1,1,168.0139,0.002355988734130869
2,4,GB,4,5,1,1,169.0086,0.0023878103795787944
2,4,GB,4,5,1,1,170.0137,0.007528578392364935
2,4,GB,4,5,1,1,171.0075,0.007537858676165329
2,4,GB,4,5,1,1,172.0139,0.007832501537096637
2,4,GB,4,5,1,1,173.0076,0.007773263987041016
2,4,GB,4,5,1,1,174.0126,0.007537858676165329
2,4,GB,4,5,1,1,175.0179,0.007537858676165329
2,4,GB,4,5,1,1,176.0124,0.007537858676165329
2,4,GB,4,5,1,1,177.0172,0.007901351595298343
2,4,GB,4,5,1,1,178.0104,0.007528578392364935
2,4,GB,4,5,1,1,179.0168,0.0044352655257795534
2,4,GB,4,5,1,1,180.0106,0.006422903360694977
2,4,GB,4,5,1,1,181.0163,0.005542399316158077
2,4,GB,4,5,1,1,182.0099,0.0065128035107310045
2,4,GB,4,5,1,1,183.0135,0.007007484913082251
2,4,GB,4,5,1,1,184.0087,0.006851241581375437
2,4,GB,4,5,1,1,185.0154,0.006655759057640756
2,4,GB,4,5,1,1,186.0081,0.008107229881923719
2,4,GB,4,5,1,1,187.016,0.007724013131923646
2,4,GB,4,5,1,1,188.0089,0.008074813009897394
2,4,GB,4,5,1,1,189.0137,0.00839026712024934
2,4,GB,4,5,1,1,190.0086,0.007125156948123098
2,4,GB,4,5,1,1,191.0144,0.007047565787916418
2,4,GB,4,5,1,1,192.0072,0.007138720064401081
2,4,GB,4,5,1,1,193.0135,0.012785053058794137
2,4,GB,4,5,1,1,194.0179,0.009174845044817347
2,4,GB,4,5,1,1,195.013,0.007654068821191203
2,4,GB,4,5,1,1,196.0172,0.008234716771216346
2,4,GB,4,5,1,1,197.0123,0.007654068821191203
2,4,GB,4,5,1,1,198.0175,0.007654068821191203
2,4,GB,4,5,1,1,199.0116,0.006068951461083297
2,4,GB,4,5,1,1,200.0164,0.005684024200558377
2,4,GB,4,5,1,1,201.0108,0.005354088972015488
2,4,GB,4,5,1,1,202.0157,0.007353982878438672
2,4,GB,4,5,1,1,203.0093,0.0076978162372840645
2,4,GB,4,5,1,1,204.016,0.007108667987260714
2,4,GB,4,5,1,1,205.009,0.005613946292280867
2,4,GB,4,5,1,1,206.0156,0.0028129572785220366
2,4,GB,4,5,1,1,207.0176,0.0028129572785220366
2,4,GB,4,5,1,1,208.0142,0.0025927370803301986
2,4,GB,4,5,1,1,209.008,0.0021813144602031397
2,4,GB,4,5,1,1,210.014,0.002731577369742035
2,4,GB,4,5,1,1,211.0073,0.002621588665007498
2,4,GB,4,5,1,1,212.0144,0.004570293403054505
2,4,GB,4,5,1,1,213.0071,0.00461950094310105
2,4,GB,4,5,1,1,214.0131,0.004611024947631683
2,4,GB,4,5,1,1,215.0179,0.004611024947631683
2,4,GB,4,5,1,1,216.013,0.004885609674707464
2,4,GB,4,5,1,1,217.0178,0.004737236491798793
2,4,GB,4,5,1,1,218.0116,0.004546958402644727
2,4,GB,4,5,1,1,219.016,0.004637861107511769
2,4,GB,4,5,1,1,220.0108,0.004956012429461549
2,4,GB,4,5,1,1,221.0161,0.004956012429461549
2,4,GB,4,5,1,1,222.0095,0.005124387515219767
2,4,GB,4,5,1,1,223.0147,0.0052576008693935045
2,4,GB,4,5,1,1,224.0093,0.005085526567477785
2,4,GB,4,5,1,1,225.0162,0.0035927802932093603
2,4,GB,4,5,1,1,226.0088,0.003435892614186846
2,4,GB,4,5,1,1,227.0151,0.003383600399667591
2,4,GB,4,5,1,1,228.0091,0.003425167489154317
2,4,GB,4,5,1,1,229.0138,0.0031518099191833225
2,4,GB,4,5,1,1,230.0083,0.003139304473146552
2,4,GB,4,5,1,1,231.0125,0.003139304473146552
2,4,GB,4,5,1,1,232.0183,0.0033529157697783614
2,4,GB,4,5,1,1,233.0139,0.0033529157697783614
2,4,GB,4,5,1,1,234.0073,0.003525668823605698
2,4,GB,4,5,1,1,235.0123,0.0033717018169642913
2,4,GB,4,5,1,1,236.016,0.0032443165018875347
2,4,GB,4,5,1,1,237.0108,0.0032396884444600167
2,4,GB,4,5,1,1,238.017,0.0034715642532881313
2,4,GB,4,5,1,1,239.0087,0.004105064854813858
2,4,GB,4,5,1,1,240.0161,0.0033771078180654906
2,4,GB,4,5,1,1,241.01,0.005324383447791936
2,4,GB,4,5,1,1,242.016,0.005951595714873617
2,4,GB,4,5,1,1,243.0107,0.0070482930325761915
2,4,GB,4,5,1,1,244.0154,0.0066069675048261636
2,4,GB,4,5,1,1,245.0092,0.006929201158264356
2,4,GB,4,5,1,1,246.0161,0.005456418762757158
2,4,GB,4,5,1,1,247.0085,0.0056701662901109
2,4,GB,4,5,1,1,248.0154,0.005650048504228821
2,4,GB,4,5,1,1,249.0085,0.004045349474518089
2,4,GB,4,5,1,1,250.0141,0.004738823396953524
2,4,GB,4,5,1,1,251.0076,0.0055974009083423265
2,4,GB,4,5,1,1,252.0128,0.005554588616565521
2,4,GB,4,5,1,1,253.0088,0.005554588616565521
2,4,GB,4,5,1,1,254.0108,0.0056937953809687684
2,4,GB,4,5,1,1,255.0078,0.005980992522668127
2,4,GB,4,5,1,1,256.012,0.005980992522668127
2,4,GB,4,5,1,1,257.0182,0.005623280011491947
2,4,GB,4,5,1,1,258.0112,0.005443637008584205
2,4,GB,4,5,1,1,259.0172,0.005207184225058074
2,4,GB,4,5,1,1,260.0108,0.004621780580611766
2,4,GB,4,5,1,1,261.017,0.004094672639260258
2,4,GB,4,5,1,1,262.0099,0.004234597847182816
2,4,GB,4,5,1,1,263.0157,0.004447377147669301
2,4,GB,4,5,1,1,264.0089,0.004223566166707679
2,4,GB,4,5,1,1,265.0158,0.005633464586970177
2,4,GB,4,5,1,1,266.0085,0.005623689634595277
2,4,GB,4,5,1,1,267.0144,0.005623689634595277
2,4,GB,4,5,1,1,268.0078,0.004887645468153963
2,4,GB,4,5,1,1,269.0122,0.00392548540490107
2,4,GB,4,5,1,1,270.0178,0.0048705851606604565
2,4,GB,4,5,1,1,271.0129,0.004940304551334247
2,4,GB,4,5,1,1,272.0069,0.0049473499659306785
2,4,GB,4,5,1,1,273.0135,0.005308841238142561
2,4,GB,4,5,1,1,274.0166,0.005308841238142561
2,4,GB,4,5,1,1,275.0122,0.0063394860110892745
2,4,GB,4,5,1,1,276.0172,0.006861260912071877
2,4,GB,4,5,1,1,277.0125,0.006022589611690152
2,4,GB,4,5,1,1,278.0169,0.006735836837871827
2,4,GB,4,5,1,1,279.0107,0.008753170314568912
2,4,GB,4,5,1,1,280.0169,0.007720674972789627
2,4,GB,4,5,1,1,281.0101,0.008004331362877277
2,4,GB,4,5,1,1,282.0158,0.008336808584739041
2,4,GB,4,5,1,1,283.0089,0.011795326820814162
2,4,GB,4,5,1,1,284.0149,0.0113935087103465
2,4,GB,4,5,1,1,285.0083,0.010205306325620183
2,4,GB,4,5,1,1,286.0139,0.010198324742513478
2,4,GB,4,5,1,1,287.0074,0.010218453854762477
2,4,GB,4,5,1,1,288.0117,0.009800148202673935
2,4,GB,4,5,1,1,289.007,0.009046725465504769
2,4,GB,4,5,1,1,290.0117,0.010165407648450942
2,4,GB,4,5,1,1,291.008,0.009888977824382014
2,4,GB,4,5,1,1,292.0127,0.010561664211203166
2,4,GB,4,5,1,1,293.017,0.009640452422015687
2,4,GB,4,5,1,1,294.0127,0.010108749444193689
2,4,GB,4,5,1,1,295.0174,0.009212746567541555
2,4,GB,4,5,1,1,296.0103,0.007194228258017783
2,4,GB,4,5,1,1,297.017,0.006166263653265435
2,4,GB,4,5,1,1,298.0103,0.008769778251221416
2,4,GB,4,5,1,1,299.0154,0.009838095178924153
2,4,GB,4,5,1,1,300.0082,0.7056254416147946
2,4,GB,4,5,1,1,301.0146,0.7108476469221453
2,4,GB,4,6,0,0,0.0,0.0014780376087245406
2,4,GB,4,6,0,0,1.00495,0.010561874188961332
2,4,GB,4,6,0,0,1.998281,0.01577284745885125
2,4,GB,4,6,0,0,3.004618,0.010537866423424877
2,4,GB,4,6,0,0,3.999141,0.004414738061958924
2,4,GB,4,6,0,0,5.003382,0.014671651847218574
2,4,GB,4,6,0,0,5.998161,0.005938176639457915
2,4,GB,4,6,0,0,7.000859,0.0038495918411755267
2,4,GB,4,6,0,0,7.997983,0.4821081790959365
2,4,GB,4,6,0,0,9.002149,0.0016624971084470215
2,4,GB,4,6,0,0,9.996326,0.0007667013120481003
2,4,GB,4,6,0,0,11.00007,0.0011933774967866147
2,4,GB,4,6,0,0,11.99659,0.0008168746799960817
2,4,GB,4,6,0,0,13.00098,0.0003966033642418362
2,4,GB,4,6,0,0,13.99541,0.0009683578293090096
2,4,GB,4,6,0,0,14.99912,0.004921806436281286
2,4,GB,4,6,0,0,15.99681,0.03935191578160774
2,4,GB,4,6,0,0,16.99845,0.18815526333936905
2,4,GB,4,6,0,0,18.00539,0.06958899971028862
2,4,GB,4,6,0,0,18.9994,0.0022392726925308374
2,4,GB,4,6,0,0,20.00367,0.0016398775441902212
2,4,GB,4,6,0,0,20.99707,0.002058730780067194
2,4,GB,4,6,0,0,22.00514,0.0034551252684211814
2,4,GB,4,6,0,0,22.99883,0.0033083309085983844
2,4,GB,4,6,0,0,24.00393,0.0029947989992287734
2,4,GB,4,6,0,0,24.99814,0.0030319189863551514
2,4,GB,4,6,0,0,26.00431,0.001993966938712438
2,4,GB,4,6,0,0,26.99778,0.0016327042794690068
2,4,GB,4,6,0,0,28.00385,0.0015251808843321497
2,4,GB,4,6,0,0,28.99657,0.0019199423663050642
2,4,GB,4,6,0,0,30.00375,0.0017213700227197942
2,4,GB,4,6,0,0,30.99679,0.0026971019738430543
2,4,GB,4,6,0,0,32.00263,0.004050769496545605
2,4,GB,4,6,0,0,32.99657,0.009869932061038136
2,4,GB,4,6,0,0,34.00122,0.01240320754712792
2,4,GB,4,6,0,0,35.00551,0.003254148963203955
2,4,GB,4,6,0,0,36.00011,0.0029227190121200886
2,4,GB,4,6,0,0,36.99636,0.022369377405237117
2,4,GB,4,6,0,0,38.00019,0.006545681285968586
2,4,GB,4,6,0,0,39.00475,0.07374925778187486
2,4,GB,4,6,0,0,39.99985,0.08277409020098632
2,4,GB,4,6,0,0,41.00478,0.09187249128498891
2,4,GB,4,6,0,0,41.99879,0.08641561478147958
2,4,GB,4,6,0,0,42.99495,0.04550983888356033
2,4,GB,4,6,0,0,43.99932,0.051352840097225405
2,4,GB,4,6,0,0,45.00479,0.02399490097844148
2,4,GB,4,6,0,0,45.99848,0.02200665538196035
2,4,GB,4,6,0,0,47.00407,0.026649288916630993
2,4,GB,4,6,0,0,47.99735,0.022858044644225833
2,4,GB,4,6,0,0,49.00396,0.02448677305952992
2,4,GB,4,6,0,0,49.99818,0.18369772361933287
2,4,GB,4,6,0,0,51.00159,0.023278848573163657
2,4,GB,4,6,0,0,51.99651,0.2398064286270142
2,4,GB,4,6,0,0,53.00211,0.11483908174924588
2,4,GB,4,6,0,0,53.99723,0.3913352255249766
2,4,GB,4,6,0,0,55.00178,0.6020151908757885
2,4,GB,4,6,0,0,55.99569,0.8400428968315596
2,4,GB,4,6,0,0,56.99967,0.7971260409201932
2,4,GB,4,6,0,0,57.99514,0.7234369140504794
2,4,GB,4,6,0,0,59.0001,0.7734664890791494
2,4,GB,4,6,0,0,60.00412,0.6881918339001394
2,4,GB,4,6,0,0,60.99954,0.08933122062089995
2,4,GB,4,6,0,0,62.00455,0.7545828470183714
2,4,GB,4,6,0,0,62.99667,0.6977119954475772
2,4,GB,4,6,0,0,64.00391,0.68488196813085
2,4,GB,4,6,0,0,64.99876,0.7657082713565855
2,4,GB,4,6,0,0,66.00466,0.7615559930946529
2,4,GB,4,6,0,0,66.99519,0.775300810775211
2,4,GB,4,6,0,0,68.00278,0.7152491125511097
2,4,GB,4,6,0,0,68.99691,0.7664969609283317
2,4,GB,4,6,0,0,70.00152,0.7706163233838718
2,4,GB,4,6,0,0,70.99718,0.7244644556501448
2,4,GB,4,6,0,0,72.00053,0.7475808480654663
2,4,GB,4,6,0,0,72.99554,0.8433460896976653
2,4,GB,4,6,0,0,74.00175,0.9655312394928874
2,4,GB,4,6,0,0,74.99531,0.9695891227101675
2,4,GB,4,6,0,0,76.00156,0.9707809570280342
2,4,GB,4,6,0,0,76.9957,0.9724419479015372
2,4,GB,4,6,0,0,77.99854,0.9793502316873368
2,4,GB,4,6,1,1,79.00594,0.9721062718877265
2,4,GB,4,6,1,1,79.99966,0.9807158357534586
2,4,GB,4,6,1,1,81.0055,0.9855630150615466
2,4,GB,4,6,1,1,81.99766,0.9854876352822047
2,4,GB,4,6,1,1,83.00455,0.984897386126061
2,4,GB,4,6,1,1,83.99812,0.984897386126061
2,4,GB,4,6,1,1,85.00332,0.9585078738760511
2,4,GB,4,6,1,1,85.9983,0.9650840801411128
2,4,GB,4,6,1,1,87.00482,0.9862853076081783
2,4,GB,4,6,1,1,87.99602,0.9735083773223604
2,4,GB,4,6,1,1,89.00328,0.9817811866267158
2,4,GB,4,6,1,1,89.99747,0.9813473810097024
2,4,GB,4,6,1,1,91.00337,0.9811079365427521
2,4,GB,4,6,1,1,91.99653,0.9835890831654506
2,4,GB,4,6,1,1,93.00198,0.9793459263376099
2,4,GB,4,6,1,1,93.99605,0.9856607430501262
2,4,GB,4,6,1,1,95.0014,0.9885368146379311
2,4,GB,4,6,1,1,95.99513,0.9887712635221126
2,4,GB,4,6,1,1,97.00123,0.9939439493901497
2,4,GB,4,6,1,1,98.00561,0.9805633379421225
2,4,GB,4,6,1,1,99.00047,0.988045340547464
2,4,GB,4,6,1,1,100.0045,0.9892531347008846
2,4,GB,4,6,1,1,100.9993,0.9889333725031615
2,4,GB,4,6,1,1,102.0045,0.9880757285747347
2,4,GB,4,6,1,1,102.9964,0.9873649928743398
2,4,GB,4,6,1,1,104.0036,0.9886033617177373
2,4,GB,4,6,1,1,104.998,0.9788041677770801
2,4,GB,4,6,1,1,106.0024,0.9777861489323049
2,4,GB,4,6,1,1,106.9969,0.971921586872844
2,4,GB,4,6,1,1,108.0033,0.9766417160725077
2,4,GB,4,6,1,1,108.9968,0.9784351032332742
2,4,GB,4,6,1,1,110.0023,0.9788419707867787
2,4,GB,4,6,1,1,110.9956,0.9808075750731593
2,4,GB,4,6,1,1,112.0019,0.9851855034949223
2,4,GB,4,6,1,1,112.9961,0.9921161310212626
2,4,GB,4,6,1,1,114.0015,0.9938095285153641
2,4,GB,4,6,1,1,114.9951,0.9923880262991622
2,4,GB,4,6,1,1,115.9994,0.9852121151528566
2,4,GB,4,6,1,1,116.9956,0.7064444622472967
2,4,GB,4,6,1,1,118.0012,0.48756415435662936
2,4,GB,4,6,1,1,119.0061,0.46952423557578504
2,4,GB,4,6,1,1,119.9999,0.5625567001564041
2,4,GB,4,6,1,1,121.005,0.4768569844391275
2,4,GB,4,6,1,1,121.9982,0.4935558460146518
2,4,GB,4,6,1,1,123.0025,0.5328335498360776
2,4,GB,4,6,1,1,123.9976,0.4822308125807312
2,4,GB,4,6,1,1,125.0031,0.5227486686223983
2,4,GB,4,6,1,1,125.9979,0.5021502870815762
2,4,GB,4,6,1,1,127.0042,0.5573234546177676
2,4,GB,4,6,1,1,127.9954,0.5431824530403294
2,4,GB,4,6,1,1,129.0022,0.5494175988024412
2,4,GB,4,6,1,1,129.9973,0.5689590285570537
2,4,GB,4,6,1,1,131.0019,0.5556879534517035
2,4,GB,4,6,1,1,131.9967,0.5506947861801197
2,4,GB,4,6,1,1,133.0011,0.5372050043181236
2,4,GB,4,6,1,1,133.9959,0.4707394252441933
2,4,GB,4,6,1,1,135.0006,0.6200323048050967
2,4,GB,4,6,1,1,135.9956,0.6498428349984604
2,4,GB,4,6,1,1,137.0,0.7201077732735474
2,4,GB,4,6,1,1,137.9949,0.6961557449752713
2,4,GB,4,6,1,1,139.0005,0.7194579348509369
2,4,GB,4,6,1,1,140.005,0.624802950221143
2,4,GB,4,6,1,1,141.0011,0.6961754774782958
2,4,GB,4,6,1,1,142.0049,0.7404610095785533
2,4,GB,4,6,1,1,143.0005,0.7648482374891252
2,4,GB,4,6,1,1,144.0034,0.8091741134353123
2,4,GB,4,6,1,1,144.9979,0.9063190912225219
2,4,GB,4,6,1,1,146.0038,0.9112960228680924
2,4,GB,4,6,1,1,146.9981,0.9150414398235447
2,4,GB,4,6,1,1,148.0031,0.9141526591468613
2,4,GB,4,6,1,1,148.9964,0.9304085686193051
2,4,GB,4,6,1,1,150.0031,0.9241335917200298
2,4,GB,4,6,1,1,150.998,0.9315819955314856
2,4,GB,4,6,1,1,152.0034,0.9341165612189356
2,4,GB,4,6,1,1,152.9952,0.9318318019168831
2,4,GB,4,6,1,1,154.0003,0.9318318019168831
2,4,GB,4,6,1,1,154.9953,0.9343670993056427
2,4,GB,4,6,1,1,156.0001,0.8512658276900534
2,4,GB,4,6,1,1,156.995,0.8979237477160732
2,4,GB,4,6,1,1,157.9995,0.9458263286567276
2,4,GB,4,6,1,1,158.9955,0.9489863211972883
2,4,GB,4,6,1,1,160.0004,0.9749361758794485
2,4,GB,4,6,1,1,161.0052,0.9748904532789523
2,4,GB,4,6,1,1,161.9997,0.9714741990783693
2,4,GB,4,6,1,1,163.0055,0.975813011970952
2,4,GB,4,6,1,1,163.9982,0.991083663203266
2,4,GB,4,6,1,1,165.0044,0.9873273467356768
2,4,GB,4,6,1,1,165.9982,0.9868200844387623
2,4,GB,4,6,1,1,167.0028,0.9868200844387623
2,4,GB,4,6,1,1,167.9974,0.9868200844387623
2,4,GB,4,6,1,1,169.0004,0.9868200844387623
2,4,GB,4,6,1,1,169.9961,0.9868903167859376
2,4,GB,4,6,1,1,171.0027,0.9868903167859376
2,4,GB,4,6,1,1,171.9965,0.9868903167859376
2,4,GB,4,6,1,1,173.0008,0.9868903167859376
2,4,GB,4,6,1,1,173.9957,0.9873420659705407
2,4,GB,4,6,1,1,175.0005,0.98612428586886
2,4,GB,4,6,1,1,176.0067,0.9875965326402872
2,4,GB,4,6,1,1,176.9993,0.9873093493006847
2,4,GB,4,6,1,1,178.0047,0.9871385449310831
2,4,GB,4,6,1,1,178.9991,0.9882666293153906
2,4,GB,4,6,1,1,180.0038,0.9882666293153906
2,4,GB,4,6,1,1,180.9995,0.9864263523010532
2,4,GB,4,6,1,1,182.0041,0.9865441962965962
2,4,GB,4,6,1,1,183.0005,0.9874252540654128
2,4,GB,4,6,1,1,184.0035,0.9869329016440389
2,4,GB,4,6,1,1,184.9995,0.9820234733275927
2,4,GB,4,6,1,1,186.0027,0.9838783261135678
2,4,GB,4,6,1,1,186.9969,0.9845638722826684
2,4,GB,4,6,1,1,188.0041,0.9844572109395884
2,4,GB,4,6,1,1,188.9965,0.9918068847289622
2,4,GB,4,6,1,1,190.0023,0.9918068847289622
2,4,GB,4,6,1,1,190.997,0.9913766701423158
2,4,GB,4,6,1,1,192.0012,0.9896837172217546
2,4,GB,4,6,1,1,192.9953,0.9911838446180881
2,4,GB,4,6,1,1,194.0018,0.9910790479112086
2,4,GB,4,6,1,1,194.9951,0.9901301566868728
2,4,GB,4,6,1,1,196.0017,0.9899007189152963
2,4,GB,4,6,1,1,196.9955,0.9887101583040591
2,4,GB,4,6,1,1,197.9992,0.9897958319491599
2,4,GB,4,6,1,1,199.0046,0.9884578145508459
2,4,GB,4,6,1,1,199.9997,0.9867108439774275
2,4,GB,4,6,1,1,201.0053,0.9897958319491599
2,4,GB,4,6,1,1,201.9996,0.9886712201663312
2,4,GB,4,6,1,1,203.0045,0.9881461280938285
2,4,GB,4,6,1,1,203.9994,0.9867011684556856
2,4,GB,4,6,1,1,205.0027,0.9861709779005091
2,4,GB,4,6,1,1,205.9978,0.9883610877883895
2,4,GB,4,6,1,1,207.0028,0.9872104152788618
2,4,GB,4,6,1,1,207.9981,0.9853848925867774
2,4,GB,4,6,1,1,209.0018,0.9869507674816081
2,4,GB,4,6,1,1,209.9971,0.9660055360641968
2,4,GB,4,6,1,1,211.0018,0.9721532337297143
2,4,GB,4,6,1,1,211.9965,0.9799351785217609
2,4,GB,4,6,1,1,213.0005,0.9810242547440752
2,4,GB,4,6,1,1,213.9955,0.97739474607963
2,4,GB,4,6,1,1,215.0018,0.9665594992506671
2,4,GB,4,6,1,1,216.0054,0.9761329855217945
2,4,GB,4,6,1,1,216.999,0.981343864821068
2,4,GB,4,6,1,1,218.0052,0.9804868820956503
2,4,GB,4,6,1,1,219.0004,0.9817813120952706
2,4,GB,4,6,1,1,219.9952,0.979194795060626
2,4,GB,4,6,1,1,220.9994,0.976526928775443
2,4,GB,4,6,1,1,222.004,0.9784323605190803
2,4,GB,4,6,1,1,222.9986,0.9747883290120222
2,4,GB,4,6,1,1,224.0039,0.9781393511511611
2,4,GB,4,6,1,1,224.9971,0.9662190578217288
2,4,GB,4,6,1,1,226.0025,0.9680270401472167
2,4,GB,4,6,1,1,226.997,0.9693301632471633
2,4,GB,4,6,1,1,228.0032,0.9689174234095266
2,4,GB,4,6,1,1,228.9982,0.942328673799201
2,4,GB,4,6,1,1,230.0016,0.9610230287881976
2,4,GB,4,6,1,1,230.9958,0.956770960968384
2,4,GB,4,6,1,1,232.0021,0.9490703770258566
2,4,GB,4,6,1,1,232.996,0.9435561643513932
2,4,GB,4,6,1,1,234.0009,0.9549144636044462
2,4,GB,4,6,1,1,234.9951,0.9520121210728666
2,4,GB,4,6,1,1,236.0014,0.954205915277999
2,4,GB,4,6,1,1,236.9952,0.9695519487190258
2,4,GB,4,6,1,1,238.0005,0.9765004608250062
2,4,GB,4,6,1,1,239.0048,0.9686046933634583
2,4,GB,4,6,1,1,239.998,0.9743986308514833
2,4,GB,4,6,1,1,241.0045,0.9741791373462083
2,4,GB,4,6,1,1,241.9997,0.9752491934591982
2,4,GB,4,6,1,1,243.0043,0.976798502498183
2,4,GB,4,6,1,1,243.9979,0.977603253163096
2,4,GB,4,6,1,1,245.0045,0.9744305545808372
2,4,GB,4,6,1,1,245.9983,0.9712795943403266
2,4,GB,4,6,1,1,247.0034,0.9441198216581937
2,4,GB,4,6,1,1,247.9966,0.9598078390134397
2,4,GB,4,6,1,1,249.0038,0.9824521951792736
2,4,GB,4,6,1,1,249.9967,0.9821763705119443
2,4,GB,4,6,1,1,251.0027,0.9975063889519425
2,4,GB,4,6,1,1,251.9969,0.9975895929472763
2,4,GB,4,6,1,1,253.0018,0.9877794172423331
2,4,GB,4,6,1,1,254.0059,0.9896176792319895
2,4,GB,4,6,1,1,255.0009,0.9819913134533597
2,4,GB,4,6,1,1,256.006,0.9798872917349428
2,4,GB,4,6,1,1,257.0001,0.9819913134533597
2,4,GB,4,6,1,1,257.9961,0.9792508431623947
2,4,GB,4,6,1,1,259.0005,0.9769910734475175
2,4,GB,4,6,1,1,260.0055,0.9792508431623947
2,4,GB,4,6,1,1,260.9998,0.9592258793002059
2,4,GB,4,6,1,1,262.0056,0.9627250411464704
2,4,GB,4,6,1,1,262.9988,0.9484296623894863
2,4,GB,4,6,1,1,264.0048,0.9488306328495328
2,4,GB,4,6,1,1,264.9983,0.9455475005827157
2,4,GB,4,6,1,1,266.0038,0.9069431222881087
2,4,GB,4,6,1,1,266.9969,0.9106616825823078
2,4,GB,4,6,1,1,268.0023,0.9068356545623767
2,4,GB,4,6,1,1,268.9973,0.9020111091999002
2,4,GB,4,6,1,1,270.0033,0.9313805698443806
2,4,GB,4,6,1,1,270.9977,0.9405130660658423
2,4,GB,4,6,1,1,272.0032,0.9108353389124443
2,4,GB,4,6,1,1,272.9963,0.9179571356227092
2,4,GB,4,6,1,1,274.0013,0.9049121484257098
2,4,GB,4,6,1,1,275.0058,0.84214528995484
2,4,GB,4,6,1,1,276.0016,0.826668643636361
2,4,GB,4,6,1,1,276.9961,0.8589440754885925
2,4,GB,4,6,1,1,278.0005,0.8666207039955535
2,4,GB,4,6,1,1,279.0054,0.8725565282007633
2,4,GB,4,6,1,1,280.0003,0.8889454666665427
2,4,GB,4,6,1,1,281.0043,0.9117536865203116
2,4,GB,4,6,1,1,281.9992,0.9050483297712689
2,4,GB,4,6,1,1,283.0033,0.9109598339221056
2,4,GB,4,6,1,1,283.9978,0.9370246696003712
2,4,GB,4,6,1,1,285.0029,0.933415609341543
2,4,GB,4,6,1,1,285.9962,0.9484305137576418
2,4,GB,4,6,1,1,287.0033,0.9500776906959325
2,4,GB,4,6,1,1,287.9975,0.9539966745744294
2,4,GB,4,6,1,1,289.0008,0.949172383941685
2,4,GB,4,6,1,1,289.995,0.954035764658433
2,4,GB,4,6,1,1,291.0015,0.9305983854337699
2,4,GB,4,6,1,1,291.9957,0.9364142627600623
2,4,GB,4,6,1,1,292.9995,0.9301294947780053
2,4,GB,4,6,1,1,293.9948,0.9154305813784432
2,4,GB,4,6,1,1,295.0001,0.9298038545719449
2,4,GB,4,6,1,1,296.0042,0.9360953656477019
2,4,GB,4,6,1,1,297.0004,0.9373694774930103
2,4,GB,4,6,1,1,298.0045,0.9415686834873513
2,4,GB,4,6,1,1,299.0001,0.9337635419183479
2,4,GB,4,6,1,1,300.0042,0.9281756787312536
2,4,GB,4,6,1,1,300.9987,0.9003965408353305
2,4,GB,2,10,0,0,0.0111669,0.0004879597769165936
2,4,GB,2,10,0,0,1.012057,0.0010556024889362852
2,4,GB,2,10,0,0,2.016093,0.0010488768543489067
2,4,GB,2,10,0,0,3.010889,0.001941613562254338
2,4,GB,2,10,0,0,4.016617,0.0029260243621151826
2,4,GB,2,10,0,0,5.021381,0.003374155470145924
2,4,GB,2,10,0,0,6.014998,0.002528065941747785
2,4,GB,2,10,0,0,7.020225,0.002081000810311962
2,4,GB,2,10,0,0,8.013659,0.0007169974675567795
2,4,GB,2,10,0,0,9.020951,0.002208726590755676
2,4,GB,2,10,0,0,10.01489,0.0010841515794582511
2,4,GB,2,10,0,0,11.01861,0.0108220441132792
2,4,GB,2,10,0,0,12.01271,0.14477232504515863
2,4,GB,2,10,0,0,13.01954,0.09567002092943222
2,4,GB,2,10,0,0,14.01319,0.18375328635498006
2,4,GB,2,10,0,0,15.01802,0.16023875320498496
2,4,GB,2,10,0,0,16.01334,0.07274061181987142
2,4,GB,2,10,0,0,17.01859,0.06801387635248198
2,4,GB,2,10,0,0,18.01184,0.08012597545721468
2,4,GB,2,10,0,0,19.01682,0.08717046078668296
2,4,GB,2,10,0,0,20.02117,0.11727712604022378
2,4,GB,2,10,0,0,21.0167,0.00041274583697303
2,4,GB,2,10,0,0,22.02043,0.0007014172012152659
2,4,GB,2,10,0,0,23.01568,0.0017885475089637335
2,4,GB,2,10,0,0,24.01937,0.001322626137535133
2,4,GB,2,10,0,0,25.01513,0.0014543417522947168
2,4,GB,2,10,0,0,26.01989,0.0009441480709255802
2,4,GB,2,10,0,0,27.01472,0.0008890939969793209
2,4,GB,2,10,0,0,28.01895,0.0008674625821522105
2,4,GB,2,10,0,0,29.01199,0.0008801645627789384
2,4,GB,2,10,0,0,30.01753,0.0028814261870612505
2,4,GB,2,10,0,0,31.01381,0.0017105530407297486
2,4,GB,2,10,0,0,32.01852,0.0047331749212848155
2,4,GB,2,10,0,0,33.01236,0.0024234343096560486
2,4,GB,2,10,0,0,34.01991,0.23251841585137298
2,4,GB,2,10,0,0,35.01221,0.14326828619912396
2,4,GB,2,10,0,0,36.01753,0.11501998232857943
2,4,GB,2,10,0,0,37.01078,0.10478262342592794
2,4,GB,2,10,0,0,38.01584,0.1088895878644683
2,4,GB,2,10,0,0,39.01059,0.10252968175335868
2,4,GB,2,10,0,0,40.01589,0.08101131219221727
2,4,GB,2,10,0,0,41.02021,0.03513130011672184
2,4,GB,2,10,0,0,42.01669,0.05152668534261207
2,4,GB,2,10,0,0,43.01923,0.028837028449971543
2,4,GB,2,10,0,0,44.0157,0.025496589906025727
2,4,GB,2,10,0,0,45.02111,0.02866960789043647
2,4,GB,2,10,0,0,46.01507,0.027197210039567387
2,4,GB,2,10,0,0,47.02006,0.028691949047539536
2,4,GB,2,10,0,0,48.01473,0.021475524985268005
2,4,GB,2,10,0,0,49.01929,0.018650840964894364
2,4,GB,2,10,0,0,50.01391,0.0240184809618128
2,4,GB,2,10,0,0,51.01996,0.025098451401660966
2,4,GB,2,10,0,0,52.01444,0.0296406169110299
2,4,GB,2,10,0,0,53.01861,0.013884841207617151
2,4,GB,2,10,0,0,54.01284,0.01812522022856164
2,4,GB,2,10,0,0,55.0173,0.017857304948988767
2,4,GB,2,10,0,0,56.01141,0.01519826725427776
2,4,GB,2,10,0,0,57.01705,0.025245407709970816
2,4,GB,2,10,0,0,58.01223,0.030384988457636684
2,4,GB,2,10,1,1,59.01763,0.0232827629965183
2,4,GB,2,10,1,1,60.0202,0.0226197210145392
2,4,GB,2,10,1,1,61.0151,0.10507299863084466
2,4,GB,2,10,1,1,62.01236,0.09574003674432136
2,4,GB,2,10,1,1,63.01472,0.07645925769087634
2,4,GB,2,10,1,1,64.02164,0.0651396633898175
2,4,GB,2,10,1,1,65.01318,0.019983443078865692
2,4,GB,2,10,1,1,66.01991,0.011817710094328627
2,4,GB,2,10,1,1,67.01516,0.010849363075119172
2,4,GB,2,10,1,1,68.0201,0.011217285480833523
2,4,GB,2,10,1,1,69.01548,0.004917517785084706
2,4,GB,2,10,1,1,70.01782,0.0059288808956136675
2,4,GB,2,10,1,1,71.01399,0.005498941059354699
2,4,GB,2,10,1,1,72.0199,0.008927061712797195
2,4,GB,2,10,1,1,73.01332,0.010315039408175854
2,4,GB,2,10,1,1,74.01628,0.0101746735753503
2,4,GB,2,10,1,1,75.01249,0.010456216150239485
2,4,GB,2,10,1,1,76.01789,0.01219878418853052
2,4,GB,2,10,1,1,77.01308,0.022940511797407977
2,4,GB,2,10,1,1,78.01806,0.024353477513225134
2,4,GB,2,10,1,1,79.01257,0.03219077364556051
2,4,GB,2,10,1,1,80.01762,0.030619770157502176
2,4,GB,2,10,1,1,81.01065,0.028266591841826314
2,4,GB,2,10,1,1,82.01672,0.02710183669465761
2,4,GB,2,10,1,1,83.0102,0.0009895538167794863
2,4,GB,2,10,1,1,84.01569,0.0010406554526095919
2,4,GB,2,10,1,1,85.01024,0.0007729312737199328
2,4,GB,2,10,1,1,86.01532,0.0009430094829650328
2,4,GB,2,10,1,1,87.02048,0.0017064925796739263
2,4,GB,2,10,1,1,88.01484,0.0010559115649365956
2,4,GB,2,10,1,1,89.01871,0.0009542723905407826
2,4,GB,2,10,1,1,90.01411,0.001302098581116238
2,4,GB,2,10,1,1,91.02004,0.001320843271116617
2,4,GB,2,10,1,1,92.01411,0.0013918752919388352
2,4,GB,2,10,1,1,93.01667,0.0010541455368235733
2,4,GB,2,10,1,1,94.01209,0.001363777135459169
2,4,GB,2,10,1,1,95.01888,0.001363777135459169
2,4,GB,2,10,1,1,96.01253,0.0009601390560398316
2,4,GB,2,10,1,1,97.01734,0.0011030003300247185
2,4,GB,2,10,1,1,98.01128,0.001460931892895068
2,4,GB,2,10,1,1,99.01738,0.0016286316751296952
2,4,GB,2,10,1,1,100.0119,0.0018786061923602773
2,4,GB,2,10,1,1,101.0169,0.004152693469842924
2,4,GB,2,10,1,1,102.0109,0.003529730684950725
2,4,GB,2,10,1,1,103.0154,0.0033092016380005225
2,4,GB,2,10,1,1,104.0211,0.0044359413109779835
2,4,GB,2,10,1,1,105.0151,0.003400951106064228
2,4,GB,2,10,1,1,106.0185,0.003087522865056125
2,4,GB,2,10,1,1,107.0145,0.003167691705610906
2,4,GB,2,10,1,1,108.0193,0.004348169955690496
2,4,GB,2,10,1,1,109.0143,0.0026633680329095103
2,4,GB,2,10,1,1,110.0176,0.0013891568557107255
2,4,GB,2,10,1,1,111.014,0.0012641672416158817
2,4,GB,2,10,1,1,112.0183,0.0011379499414400087
2,4,GB,2,10,1,1,113.0131,0.000545409639698765
2,4,GB,2,10,1,1,114.0191,0.0006210917413977504
2,4,GB,2,10,1,1,115.0122,0.0005392221391077725
2,4,GB,2,10,1,1,116.0176,0.0007256122608173341
2,4,GB,2,10,1,1,117.0129,0.0006865059978060016
2,4,GB,2,10,1,1,118.0164,0.0007063221185396782
2,4,GB,2,10,1,1,119.011,0.0006800287872466164
2,4,GB,2,10,1,1,120.0165,0.0008378564106407316
2,4,GB,2,10,1,1,121.0208,0.0008050080097091092
2,4,GB,2,10,1,1,122.0172,0.0007930239306821768
2,4,GB,2,10,1,1,123.0102,0.0008424969592049828
2,4,GB,2,10,1,1,124.0157,0.000995253852952259
2,4,GB,2,10,1,1,125.0099,0.000995253852952259
2,4,GB,2,10,1,1,126.0156,0.001041372310906421
2,4,GB,2,10,1,1,127.0205,0.0005888328838470764
2,4,GB,2,10,1,1,128.0132,0.0006948368243350518
2,4,GB,2,10,1,1,129.0192,0.0003708684209109148
2,4,GB,2,10,1,1,130.0125,0.0008322823654466449
2,4,GB,2,10,1,1,131.019,0.0008643287178056181
2,4,GB,2,10,1,1,132.013,0.0004605939801231862
2,4,GB,2,10,1,1,133.0187,0.0005588127442991407
2,4,GB,2,10,1,1,134.0126,0.0007798288507334234
2,4,GB,2,10,1,1,135.0184,0.0011178038452988519
2,4,GB,2,10,1,1,136.0119,0.001526754030562803
2,4,GB,2,10,1,1,137.0159,0.0018754039317885674
2,4,GB,2,10,1,1,138.0115,0.002104690771244053
2,4,GB,2,10,1,1,139.0161,0.001993718225147385
2,4,GB,2,10,1,1,140.0103,0.0009007926963138473
2,4,GB,2,10,1,1,141.0157,0.0014359739938028348
2,4,GB,2,10,1,1,142.0195,0.0013398125179231906
2,4,GB,2,10,1,1,143.0153,0.002379995422909597
2,4,GB,2,10,1,1,144.0207,0.0030097304268089623
2,4,GB,2,10,1,1,145.0155,0.0030430120593601608
2,4,GB,2,10,1,1,146.0199,0.0017064466045796207
2,4,GB,2,10,1,1,147.0127,0.0028110777451417776
2,4,GB,2,10,1,1,148.02,0.001748921844214412
2,4,GB,2,10,1,1,149.0134,0.002745911195114913
2,4,GB,2,10,1,1,150.02,0.0019609249163271046
2,4,GB,2,10,1,1,151.0128,0.0022333680336026215
2,4,GB,2,10,1,1,152.019,0.0029607793895189546
2,4,GB,2,10,1,1,153.0129,0.002801369252322178
2,4,GB,2,10,1,1,154.0177,0.0037223648546870717
2,4,GB,2,10,1,1,155.0138,0.0037846569221118534
2,4,GB,2,10,1,1,156.0173,0.007050066906031263
2,4,GB,2,10,1,1,157.0121,0.02865384076459352
2,4,GB,2,10,1,1,158.0172,0.03562460296333241
2,4,GB,2,10,1,1,159.0117,0.032654425904736356
2,4,GB,2,10,1,1,160.0161,0.06720545089289426
2,4,GB,2,10,1,1,161.021,0.06942240203539622
2,4,GB,2,10,1,1,162.0149,0.0730828047676702
2,4,GB,2,10,1,1,163.0101,0.06761680666823247
2,4,GB,2,10,1,1,164.014,0.07382125316399887
2,4,GB,2,10,1,1,165.0201,0.09478779969279318
2,4,GB,2,10,1,1,166.0137,0.06506061937209771
2,4,GB,2,10,1,1,167.0202,0.0359087117918173
2,4,GB,2,10,1,1,168.0124,0.03860416363286168
2,4,GB,2,10,1,1,169.0185,0.03989634317285574
2,4,GB,2,10,1,1,170.0145,0.03407642552822561
2,4,GB,2,10,1,1,171.0195,0.02334729177780493
2,4,GB,2,10,1,1,172.0128,0.022874225809786642
2,4,GB,2,10,1,1,173.0173,0.020485553568462718
2,4,GB,2,10,1,1,174.0125,0.023957879323448773
2,4,GB,2,10,1,1,175.0163,0.02270937142600309
2,4,GB,2,10,1,1,176.0207,0.023467511130055498
2,4,GB,2,10,1,1,177.0161,0.023278180807599903
2,4,GB,2,10,1,1,178.012,0.0234703395260668
2,4,GB,2,10,1,1,179.0161,0.11317524875193116
2,4,GB,2,10,1,1,180.012,0.12852070899582088
2,4,GB,2,10,1,1,181.0155,0.12576335304743008
2,4,GB,2,10,1,1,182.0101,0.0735236264480969
2,4,GB,2,10,1,1,183.0154,0.36956100478244525
2,4,GB,2,10,1,1,184.0213,0.456833425172656
2,4,GB,2,10,1,1,185.0127,0.3998855316440001
2,4,GB,2,10,1,1,186.0206,0.35911185802911916
2,4,GB,2,10,1,1,187.0159,0.3487914014923312
2,4,GB,2,10,1,1,188.018,0.26678543681404254
2,4,GB,2,10,1,1,189.0154,0.2970083683769065
2,4,GB,2,10,1,1,190.0186,0.2970083683769065
2,4,GB,2,10,1,1,191.0107,0.3071356083682809
2,4,GB,2,10,1,1,192.0174,0.3071356083682809
2,4,GB,2,10,1,1,193.0112,0.387416143882973
2,4,GB,2,10,1,1,194.017,0.3926394431976636
2,4,GB,2,10,1,1,195.011,0.351337061426258
2,4,GB,2,10,1,1,196.0182,0.37804554973202187
2,4,GB,2,10,1,1,197.0109,0.3887149210097916
2,4,GB,2,10,1,1,198.0163,0.38802492277919115
2,4,GB,2,10,1,1,199.0115,0.47327622676177294
2,4,GB,2,10,1,1,200.0158,0.6503999831608148
2,4,GB,2,10,1,1,201.0212,0.6503999831608148
2,4,GB,2,10,1,1,202.0163,0.6503999831608148
2,4,GB,2,10,1,1,203.021,0.6302958140285366
2,4,GB,2,10,1,1,204.0153,0.6503999831608148
2,4,GB,2,10,1,1,205.0196,0.6322500970688056
2,4,GB,2,10,1,1,206.0148,0.6411876619716932
2,4,GB,2,10,1,1,207.0199,0.6041671177329982
2,4,GB,2,10,1,1,208.0151,0.6322500970688056
2,4,GB,2,10,1,1,209.0168,0.6121686134984045
2,4,GB,2,10,1,1,210.0138,0.6045714670422256
2,4,GB,2,10,1,1,211.0185,0.6256995359477187
2,4,GB,2,10,1,1,212.0106,0.6191101620092976
2,4,GB,2,10,1,1,213.0167,0.6513219560378292
2,4,GB,2,10,1,1,214.0211,0.6742443018629555
2,4,GB,2,10,1,1,215.0173,0.6632857535296225
2,4,GB,2,10,1,1,216.0123,0.6547598405785917
2,4,GB,2,10,1,1,217.0155,0.7364611875025054
2,4,GB,2,10,1,1,218.0131,0.620316182402909
2,4,GB,2,10,1,1,219.0151,0.5846957261097748
2,4,GB,2,10,1,1,220.0206,0.6493880100992967
2,4,GB,2,10,1,1,221.0155,0.6027649050324472
2,4,GB,2,10,1,1,222.0192,0.583501162526723
2,4,GB,2,10,1,1,223.0144,0.7214986651984818
2,4,GB,2,10,1,1,224.0182,0.7129734612763818
2,4,GB,2,10,1,1,225.0146,0.7450273041184285
2,4,GB,2,10,1,1,226.0191,0.7754010242508149
2,4,GB,2,10,1,1,227.0143,0.7895535588433057
2,4,GB,2,10,1,1,228.0199,0.7831900822670577
2,4,GB,2,10,1,1,229.0149,0.7893994812887398
2,4,GB,2,10,1,1,230.0192,0.8643305735770712
2,4,GB,2,10,1,1,231.0134,0.8187279509447776
2,4,GB,2,10,1,1,232.0176,0.8307010101520937
2,4,GB,2,10,1,1,233.0125,0.8401519368361202
2,4,GB,2,10,1,1,234.0187,0.9937254657164265
2,4,GB,2,10,1,1,235.0131,0.9981572205440972
2,4,GB,2,10,1,1,236.0166,0.9989189952310448
2,4,GB,2,10,1,1,237.0101,0.9991740570508663
2,4,GB,2,10,1,1,238.0171,0.9992153250952284
2,4,GB,2,10,1,1,239.0119,0.998991465968124
2,4,GB,2,10,1,1,240.0162,0.9992639177585092
2,4,GB,2,10,1,1,241.0115,0.9992040079958661
2,4,GB,2,10,1,1,242.0157,0.9992557202518164
2,4,GB,2,10,1,1,243.0193,0.9992538930411651
2,4,GB,2,10,1,1,244.015,0.9992557202518164
2,4,GB,2,10,1,1,245.0209,0.9992336526316631
2,4,GB,2,10,1,1,246.0146,0.9994318846607615
2,4,GB,2,10,1,1,247.0186,0.998801579029738
2,4,GB,2,10,1,1,248.015,0.9991010793987065
2,4,GB,2,10,1,1,249.0188,0.9980425335081086
2,4,GB,2,10,1,1,250.0104,0.99820763801894
2,4,GB,2,10,1,1,251.0183,0.99820763801894
2,4,GB,2,10,1,1,252.0135,0.9980708094000411
2,4,GB,2,10,1,1,253.0179,0.9980708094000411
2,4,GB,2,10,1,1,254.0114,0.9984074288576746
2,4,GB,2,10,1,1,255.018,0.9992761799382819
2,4,GB,2,10,1,1,256.0106,0.9992378464267709
2,4,GB,2,10,1,1,257.0179,0.9993301418764717
2,4,GB,2,10,1,1,258.0125,0.9993668799052335
2,4,GB,2,10,1,1,259.0168,0.999379224225322
2,4,GB,2,10,1,1,260.0098,0.9993233466536937
2,4,GB,2,10,1,1,261.0157,0.9993903389479328
2,4,GB,2,10,1,1,262.0208,0.9994430503632525
2,4,GB,2,10,1,1,263.0148,0.9994493269463016
2,4,GB,2,10,1,1,264.0195,0.9994336191022796
2,4,GB,2,10,1,1,265.0154,0.999456967347973
2,4,GB,2,10,1,1,266.0211,0.9992289363541375
2,4,GB,2,10,1,1,267.0141,0.9992376240694333
2,4,GB,2,10,1,1,268.0197,0.9992464892154617
2,4,GB,2,10,1,1,269.0141,0.9991813943423827
2,4,GB,2,10,1,1,270.0194,0.999158248914209
2,4,GB,2,10,1,1,271.015,0.9991317783134291
2,4,GB,2,10,1,1,272.0182,0.999098091964513
2,4,GB,2,10,1,1,273.0125,0.999098091964513
2,4,GB,2,10,1,1,274.0172,0.999098091964513
2,4,GB,2,10,1,1,275.0119,0.9990333074574929
2,4,GB,2,10,1,1,276.0185,0.998999714786231
2,4,GB,2,10,1,1,277.0111,0.9988765686973974
2,4,GB,2,10,1,1,278.0171,0.9990640911744972
2,4,GB,2,10,1,1,279.011,0.9990890392951184
2,4,GB,2,10,1,1,280.0167,0.9960042382848822
2,4,GB,2,10,1,1,281.0197,0.9949280239585789
2,4,GB,2,10,1,1,282.0163,0.9975800769599132
2,4,GB,2,10,1,1,283.0205,0.996402576656933
2,4,GB,2,10,1,1,284.0165,0.9961480480996038
2,4,GB,2,10,1,1,285.02,0.9974774814561764
2,4,GB,2,10,1,1,286.0127,0.9964692728779433
2,4,GB,2,10,1,1,287.0202,0.9961857636629667
2,4,GB,2,10,1,1,288.0143,0.9962968173338088
2,4,GB,2,10,1,1,289.0207,0.9961857636629667
2,4,GB,2,10,1,1,290.0141,0.9964419788744938
2,4,GB,2,10,1,1,291.0206,0.9965537424234334
2,4,GB,2,10,1,1,292.0137,0.9965537424234334
2,4,GB,2,10,1,1,293.0199,0.9959980985324336
2,4,GB,2,10,1,1,294.0122,0.9960952091896481
2,4,GB,2,10,1,1,295.0179,0.9960435057378242
2,4,GB,2,10,1,1,296.0117,0.9956704448138206
2,4,GB,2,10,1,1,297.018,0.993145859299351
2,4,GB,2,10,1,1,298.0117,0.9942049713393969
2,4,GB,2,10,1,1,299.0169,0.9887540841353937
2,4,GB,2,10,1,1,300.011,0.9902944854080894
2,4,GB,2,10,1,1,301.0153,0.9895533455296742
2,4,LR,2,2,0,0,0.0,0.004273727320825639
2,4,LR,2,2,0,0,1.000205,0.00256649417115979
2,4,LR,2,2,0,0,1.994169,0.021266708842933236
2,4,LR,2,2,0,0,2.99987,0.04213011516851802
2,4,LR,2,2,0,0,4.004305,0.03853571403763295
2,4,LR,2,2,0,0,4.998423,0.0569368478469717
2,4,LR,2,2,0,0,5.993399,0.07873663984382075
2,4,LR,2,2,0,0,6.99834,0.1153702371834811
2,4,LR,2,2,0,0,8.003426,0.30128292219224084
2,4,LR,2,2,0,0,8.995827,0.30481090664132293
2,4,LR,2,2,0,0,10.00222,0.42621947337639937
2,4,LR,2,2,0,0,10.9963,0.40874637092106686
2,4,LR,2,2,0,0,12.00186,0.4185179067719056
2,4,LR,2,2,0,0,12.99631,0.37402975742013667
2,4,LR,2,2,0,0,14.00165,0.39335400799336406
2,4,LR,2,2,0,0,14.99503,0.40496668514994766
2,4,LR,2,2,0,0,16.00142,0.4019100637620474
2,4,LR,2,2,0,0,16.99521,0.40361785550499346
2,4,LR,2,2,0,0,17.99982,0.44631949974919527
2,4,LR,2,2,0,0,18.99629,0.517732599591636
2,4,LR,2,2,0,0,20.00061,0.5136038712567808
2,4,LR,2,2,0,0,20.99563,0.549821016130224
2,4,LR,2,2,0,0,21.99956,0.5515324278927216
2,4,LR,2,2,0,0,22.99362,0.5641856796232966
2,4,LR,2,2,0,0,23.99915,0.4620554392715584
2,4,LR,2,2,0,0,24.99448,0.4941572654995513
2,4,LR,2,2,0,0,25.99742,0.5378027973259984
2,4,LR,2,2,0,0,26.99371,0.5459076563530606
2,4,LR,2,2,0,0,27.99764,0.5329324453022678
2,4,LR,2,2,0,0,29.00353,0.5241548197536582
2,4,LR,2,2,0,0,29.99711,0.42343526191879954
2,4,LR,2,2,0,0,31.00312,0.44357748289276144
2,4,LR,2,2,0,0,31.99651,0.4391006685633516
2,4,LR,2,2,0,0,33.00121,0.4460526048703615
2,4,LR,2,2,0,0,33.9953,0.4221320693061089
2,4,LR,2,2,0,0,35.00201,0.35768512355498094
2,4,LR,2,2,0,0,35.99474,0.4365468299247099
2,4,LR,2,2,0,0,37.00034,0.4461864102224288
2,4,LR,2,2,0,0,37.99348,0.46199187112392864
2,4,LR,2,2,0,0,38.99988,0.4517231032734132
2,4,LR,2,2,0,0,39.99434,0.48637514574576396
2,4,LR,2,2,0,0,40.99866,0.4843715829548529
2,4,LR,2,2,0,0,41.99391,0.43062689098448176
2,4,LR,2,2,0,0,42.99882,0.5607690297506612
2,4,LR,2,2,0,0,44.00379,0.4995779779168724
2,4,LR,2,2,0,0,44.99791,0.581029368095606
2,4,LR,2,2,0,0,46.00389,0.5484691608238567
2,4,LR,2,2,0,0,46.99784,0.4975503696374933
2,4,LR,2,2,0,0,48.00324,0.5853990126963895
2,4,LR,2,2,0,0,48.99698,0.608460276047461
2,4,LR,2,2,0,0,50.00296,0.615942283876877
2,4,LR,2,2,0,0,50.99651,0.532749841546416
2,4,LR,2,2,0,0,51.99992,0.6156945308699773
2,4,LR,2,2,0,0,52.99696,0.6237087447908626
2,4,LR,2,2,0,0,54.00121,0.6465864223631109
2,4,LR,2,2,0,0,54.99426,0.5720868384339224
2,4,LR,2,2,0,0,56.00108,0.6460117680599375
2,4,LR,2,2,0,0,56.99522,0.6455605598638519
2,4,LR,2,2,0,0,57.99969,0.636329183013079
2,4,LR,2,2,0,0,58.99453,0.6360600640625416
2,4,LR,2,2,0,0,60.00053,0.6587138427448347
2,4,LR,2,2,0,0,60.99381,0.5762721925143504
2,4,LR,2,2,0,0,61.99977,0.6503529053268966
2,4,LR,2,2,0,0,63.00386,0.6597235510723345
2,4,LR,2,2,0,0,63.99706,0.5795941900443667
2,4,LR,2,2,0,0,65.00371,0.6618995165619641
2,4,LR,2,2,0,0,65.99866,0.6563094021906024
2,4,LR,2,2,0,0,67.00185,0.6583982059673088
2,4,LR,2,2,0,0,67.99766,0.6162953711208384
2,4,LR,2,2,0,0,69.00256,0.5283544419029462
2,4,LR,2,2,0,0,69.99706,0.5708148130923735
2,4,LR,2,2,0,0,71.00292,0.5429491975756069
2,4,LR,2,2,0,0,71.99744,0.5461239631937203
2,4,LR,2,2,0,0,73.00128,0.5897853281850134
2,4,LR,2,2,0,0,73.9956,0.5850763101044997
2,4,LR,2,2,0,0,75.00233,0.6144121629587896
2,4,LR,2,2,0,0,75.99583,0.6136883449289052
2,4,LR,2,2,0,0,77.00105,0.5595323330355627
2,4,LR,2,2,0,0,77.99459,0.6291175612554198
2,4,LR,2,2,0,0,79.00166,0.6518581453095751
2,4,LR,2,2,0,0,79.99458,0.6543414590455616
2,4,LR,2,2,0,0,81.00029,0.5909072244992637
2,4,LR,2,2,0,0,82.00448,0.6575598530329885
2,4,LR,2,2,0,0,82.99762,0.6820662415446372
2,4,LR,2,2,0,0,83.99378,0.6861159666865307
2,4,LR,2,2,0,0,84.99883,0.6182318790023618
2,4,LR,2,2,0,0,86.00435,0.6951578392864286
2,4,LR,2,2,0,0,86.99805,0.7070896022402058
2,4,LR,2,2,0,0,88.00208,0.6687815769080027
2,4,LR,2,2,0,0,88.9961,0.7018330121363764
2,4,LR,2,2,0,0,90.00268,0.6908996261583028
2,4,LR,2,2,0,0,90.99656,0.6142440916361278
2,4,LR,2,2,0,0,92.00213,0.6563887001958221
2,4,LR,2,2,0,0,92.99535,0.649018308627524
2,4,LR,2,2,0,0,94.00014,0.6679128502899389
2,4,LR,2,2,0,0,94.99482,0.6465649705935483
2,4,LR,2,2,0,0,96.00101,0.6402765267868222
2,4,LR,2,2,0,0,96.99474,0.6345691014865411
2,4,LR,2,2,0,0,97.99886,0.617490101260094
2,4,LR,2,2,0,0,98.99485,0.7015779958801621
2,4,LR,2,2,0,0,100.0004,0.7322389968625862
2,4,LR,2,2,0,0,100.9946,0.7465031159276452
2,4,LR,2,2,0,0,101.9996,0.7481701207472027
2,4,LR,2,2,0,0,103.0037,0.7279450982197871
2,4,LR,2,2,0,0,103.9989,0.76249423452384
2,4,LR,2,2,0,0,105.0039,0.7513846196471147
2,4,LR,2,2,0,0,105.9986,0.7466845687341831
2,4,LR,2,2,0,0,107.0032,0.7483353858139647
2,4,LR,2,2,0,0,107.9987,0.6546697865703126
2,4,LR,2,2,0,0,108.9936,0.7402663813082814
2,4,LR,2,2,0,0,109.9969,0.7473043528557274
2,4,LR,2,2,0,0,111.0026,0.7199833329319411
2,4,LR,2,2,0,0,111.9943,0.6258399377999438
2,4,LR,2,2,0,0,113.0022,0.7247841465060405
2,4,LR,2,2,0,0,113.9966,0.7176686348784844
2,4,LR,2,2,0,0,115.0023,0.6994939320720245
2,4,LR,2,2,0,0,115.9952,0.6731520994389774
2,4,LR,2,2,0,0,117.0004,0.727526998164031
2,4,LR,2,2,0,0,117.9948,0.7118795656844479
2,4,LR,2,2,0,0,118.9998,0.74103416445307
2,4,LR,2,2,0,0,119.9942,0.7280347782749796
2,4,LR,2,2,0,0,120.9996,0.7535818569533591
2,4,LR,2,2,0,0,121.9939,0.7554255152261554
2,4,LR,2,2,0,0,122.9996,0.759477591872436
2,4,LR,2,2,0,0,123.9944,0.7705103496717338
2,4,LR,2,2,0,0,124.9997,0.7871750382656172
2,4,LR,2,2,0,0,126.0041,0.7860747851505125
2,4,LR,2,2,0,0,126.9962,0.7830196951867384
2,4,LR,2,2,0,0,128.001,0.7878730772615152
2,4,LR,2,2,0,0,128.9966,0.7783009487514084
2,4,LR,2,2,0,0,130.0031,0.7780412640487947
2,4,LR,2,2,0,0,130.9969,0.7603234904436411
2,4,LR,2,2,0,0,132.0034,0.6948867021016804
2,4,LR,2,2,0,0,132.9951,0.7750867142114928
2,4,LR,2,2,0,0,134.0018,0.791466541372624
2,4,LR,2,2,0,0,134.9952,0.7754243153357682
2,4,LR,2,2,0,0,136.0003,0.7325299841170128
2,4,LR,2,2,0,0,136.9947,0.7810070344321371
2,4,LR,2,2,0,0,138.0004,0.8031063235803009
2,4,LR,2,2,0,0,139.0037,0.7789538410522767
2,4,LR,2,2,0,0,139.9993,0.7392358928580944
2,4,LR,2,2,0,0,140.9939,0.8076340897261116
2,4,LR,2,2,0,0,141.9993,0.8264368784703692
2,4,LR,2,2,0,0,143.0044,0.8169499122371641
2,4,LR,2,2,0,0,143.9993,0.8535212820793612
2,4,LR,2,2,0,0,144.9935,0.8598556923395047
2,4,LR,2,2,0,0,145.9975,0.8102344364914602
2,4,LR,2,2,0,0,147.002,0.8673697890836052
2,4,LR,2,2,0,0,147.9976,0.8530781124399663
2,4,LR,2,2,0,0,149.004,0.8006235414530022
2,4,LR,2,2,0,0,149.9961,0.8637443765385521
2,4,LR,2,2,0,0,151.0017,0.8332572846126557
2,4,LR,2,2,0,0,151.9958,0.8510866521230817
2,4,LR,2,2,0,0,153.0004,0.8413694877665943
2,4,LR,2,2,0,0,153.9949,0.8378895891452336
2,4,LR,2,2,0,0,155.0013,0.822997626726398
2,4,LR,2,2,0,0,155.9958,0.8214833913934548
2,4,LR,2,2,0,0,157.0011,0.8201457698954766
2,4,LR,2,2,0,0,158.0043,0.8082030170672648
2,4,LR,2,2,0,0,159.0005,0.8146232956882692
2,4,LR,2,2,0,0,160.0046,0.8132446122769356
2,4,LR,2,2,0,0,160.9996,0.821649686559223
2,4,LR,2,2,0,0,162.0037,0.8163371236348393
2,4,LR,2,2,0,0,162.9976,0.8041958143628818
2,4,LR,2,2,0,0,164.0039,0.7445869985743712
2,4,LR,2,2,0,0,164.9958,0.7436262818331774
2,4,LR,2,2,0,0,165.9934,0.7957304235111334
2,4,LR,2,2,0,0,166.9979,0.8115040822335703
2,4,LR,2,2,0,0,168.0029,0.8057933327631599
2,4,LR,2,2,0,0,168.9963,0.7932019823392792
2,4,LR,2,2,0,0,170.0005,0.7864944473638382
2,4,LR,2,2,0,0,170.9958,0.7692641616538366
2,4,LR,2,2,0,0,172.0012,0.786476298194418
2,4,LR,2,2,0,0,172.9956,0.765153392767387
2,4,LR,2,2,0,0,174.0013,0.7392711605984538
2,4,LR,2,2,0,0,174.9954,0.6779130529043594
2,4,LR,2,2,0,0,176.0,0.7469663299712376
2,4,LR,2,2,0,0,176.9954,0.726244921830892
2,4,LR,2,2,0,0,178.0005,0.7132360266032954
2,4,LR,2,2,0,0,179.0044,0.7015605165708507
2,4,LR,2,2,0,0,179.9999,0.7314398471653819
2,4,LR,2,2,0,0,180.9948,0.7239060694287378
2,4,LR,2,2,0,0,181.9996,0.6776126042262703
2,4,LR,2,2,0,0,182.9938,0.7639560286051036
2,4,LR,2,2,0,0,183.9996,0.7489738402251956
2,4,LR,2,2,0,0,185.0037,0.7108374191656401
2,4,LR,2,2,0,0,185.9989,0.6981809365051479
2,4,LR,2,2,0,0,187.0027,0.68333063827919
2,4,LR,2,2,0,0,187.9986,0.7415925135956266
2,4,LR,2,2,0,0,189.0018,0.7595335968451187
2,4,LR,2,2,0,0,189.9977,0.6848756561622127
2,4,LR,2,2,0,0,191.0019,0.7547094633934739
2,4,LR,2,2,0,0,191.9964,0.741632712992308
2,4,LR,2,2,0,0,193.0019,0.747084082320948
2,4,LR,2,2,0,0,193.9954,0.660153782442418
2,4,LR,2,2,0,0,195.001,0.7447704518288429
2,4,LR,2,2,0,0,195.9944,0.6714974676470145
2,4,LR,2,2,0,0,197.0007,0.673397480051554
2,4,LR,2,2,0,0,197.9939,0.6824764695554554
2,4,LR,2,2,0,0,198.9984,0.6209173382547063
2,4,LR,2,2,0,0,200.0031,0.6701242927245608
2,4,LR,2,2,0,0,200.9996,0.7006494364874658
2,4,LR,2,2,0,0,202.0045,0.7000744722521083
2,4,LR,2,2,0,0,202.9982,0.7085155148939724
2,4,LR,2,2,0,0,204.004,0.6309861135445693
2,4,LR,2,2,0,0,204.9996,0.6753464336888177
2,4,LR,2,2,0,0,206.0046,0.6648684058625204
2,4,LR,2,2,0,0,206.9983,0.6820101848166911
2,4,LR,2,2,0,0,208.0024,0.6689740741316973
2,4,LR,2,2,0,0,208.9951,0.6877272060559857
2,4,LR,2,2,0,0,210.0027,0.6930005333796039
2,4,LR,2,2,0,0,210.9949,0.6803867719808915
2,4,LR,2,2,0,0,212.0016,0.6773770006976391
2,4,LR,2,2,0,0,212.9949,0.6628158105957611
2,4,LR,2,2,0,0,214.0006,0.7149923973325292
2,4,LR,2,2,0,0,214.9952,0.7298735893476838
2,4,LR,2,2,0,0,216.0003,0.7692403700562169
2,4,LR,2,2,0,0,216.9954,0.7847929011695812
2,4,LR,2,2,0,0,217.9993,0.7983320647161107
2,4,LR,2,2,0,0,218.9953,0.7382346344043731
2,4,LR,2,2,0,0,220.0006,0.8162205325983812
2,4,LR,2,2,0,0,220.9946,0.8094168591192665
2,4,LR,2,2,0,0,221.9974,0.8123970875020669
2,4,LR,2,2,0,0,223.0048,0.8068170247318293
2,4,LR,2,2,0,0,223.9989,0.8257928082236018
2,4,LR,2,2,0,0,225.004,0.8538954017160546
2,4,LR,2,2,0,0,225.9989,0.875147185630045
2,4,LR,2,2,0,0,227.0026,0.8865411309468955
2,4,LR,2,2,0,0,227.9984,0.8436282622491107
2,4,LR,2,2,0,0,229.0035,0.8700590052976698
2,4,LR,2,2,0,0,229.9966,0.8944494607298864
2,4,LR,2,2,0,0,231.002,0.8951191959421672
2,4,LR,2,2,0,0,231.9962,0.8860277207354836
2,4,LR,2,2,0,0,233.0006,0.8451304814616708
2,4,LR,2,2,0,0,233.9961,0.8936784502663104
2,4,LR,2,2,0,0,235.0027,0.8982318598453716
2,4,LR,2,2,0,0,235.996,0.8915045093254919
2,4,LR,2,2,0,0,237.0018,0.8781694221199429
2,4,LR,2,2,0,0,237.995,0.8955288127899542
2,4,LR,2,2,0,0,239.0019,0.8941441054552893
2,4,LR,2,2,0,0,239.9948,0.8913114628523865
2,4,LR,2,2,0,0,240.9989,0.8567451724643524
2,4,LR,2,2,0,0,242.0038,0.8196496547499494
2,4,LR,2,2,0,0,242.9988,0.8284146169698322
2,4,LR,2,2,0,0,244.0048,0.8375260620717594
2,4,LR,2,2,0,0,244.9977,0.7809554391492599
2,4,LR,2,2,0,0,246.0033,0.8385570860184474
2,4,LR,2,2,0,0,246.9974,0.8363594906070724
2,4,LR,2,2,0,0,248.0032,0.8364886723033992
2,4,LR,2,2,0,0,248.9989,0.7912768915333716
2,4,LR,2,2,0,0,250.0025,0.8460113774438559
2,4,LR,2,2,0,0,250.9969,0.8472664728455449
2,4,LR,2,2,0,0,252.0007,0.8431477969928773
2,4,LR,2,2,0,0,252.9972,0.7906162301249179
2,4,LR,2,2,0,0,254.0013,0.8480219719295896
2,4,LR,2,2,0,0,254.9957,0.8571330291937193
2,4,LR,2,2,0,0,256.0012,0.8151903324572067
2,4,LR,2,2,0,0,256.9948,0.8830022162877165
2,4,LR,2,2,0,0,258.0016,0.8975453276996308
2,4,LR,2,2,0,0,258.9961,0.844734889753316
2,4,LR,2,2,0,0,260.0005,0.8940019631556684
2,4,LR,2,2,0,0,261.005,0.9007610449210449
2,4,LR,2,2,0,0,261.9996,0.8923280249664501
2,4,LR,2,2,0,0,263.005,0.8586888388526835
2,4,LR,2,2,0,0,263.9995,0.8133976185259807
2,4,LR,2,2,0,0,265.0048,0.8402015794457222
2,4,LR,2,2,0,0,265.9982,0.8368275458258799
2,4,LR,2,2,0,0,267.0045,0.83877791926685
2,4,LR,2,2,0,0,267.9995,0.8452964530616871
2,4,LR,2,2,0,0,269.0038,0.8495833949344255
2,4,LR,2,2,0,0,269.9978,0.8744138854164751
2,4,LR,2,2,0,0,271.0036,0.8774539576180084
2,4,LR,2,2,0,0,271.9975,0.9506303547438074
2,4,LR,2,2,0,0,273.0035,0.9543268522253634
2,4,LR,2,2,0,0,273.996,0.9626525701380406
2,4,LR,2,2,0,0,275.0023,0.9506329591086028
2,4,LR,2,2,0,0,275.9955,0.9713775251786004
2,4,LR,2,2,0,0,277.0023,0.969032431501339
2,4,LR,2,2,0,0,277.996,0.9591994891655901
2,4,LR,2,2,0,0,279.0019,0.9583239569591627
2,4,LR,2,2,0,0,279.9952,0.9502185029893011
2,4,LR,2,2,0,0,280.9987,0.9378295098355753
2,4,LR,2,2,0,0,282.0053,0.9590815851241857
2,4,LR,2,2,0,0,282.9994,0.9621823462736034
2,4,LR,2,2,0,0,284.0045,0.9621044692222275
2,4,LR,2,2,0,0,284.9988,0.9669554508063419
2,4,LR,2,2,0,0,286.0036,0.9556416015616376
2,4,LR,2,2,0,0,286.9983,0.9688042532070695
2,4,LR,2,2,0,0,288.0022,0.9692787437859477
2,4,LR,2,2,0,0,288.9989,0.9708642382297565
2,4,LR,2,2,0,0,290.0029,0.9727325596057136
2,4,LR,2,2,1,1,290.9975,0.9750522304878488
2,4,LR,2,2,1,1,292.0027,0.9757079176306007
2,4,LR,2,2,1,1,292.9962,0.9807080197662064
2,4,LR,2,2,1,1,294.0034,0.9888979719156082
2,4,LR,2,2,1,1,294.9959,0.9894945119101282
2,4,LR,2,2,1,1,296.0013,0.9905348282216158
2,4,LR,2,2,1,1,296.9955,0.9924509201046761
2,4,LR,2,2,1,1,298.0017,0.9928906281675063
2,4,LR,2,2,1,1,298.9961,0.9879741352443502
2,4,LR,2,2,1,1,300.0004,0.9831637854756201
2,4,LR,2,2,1,1,300.9952,0.9901507802032797
2,4,LR,2,3,0,0,0.011238,0.0012619642181461894
2,4,LR,2,3,0,0,1.010427,0.0008468274133438968
2,4,LR,2,3,0,0,2.005901,0.005478140925371166
2,4,LR,2,3,0,0,3.009208,0.01284508597983571
2,4,LR,2,3,0,0,4.013891,0.013838642659180235
2,4,LR,2,3,0,0,5.009709,0.11850601335171099
2,4,LR,2,3,0,0,6.013655,0.12514057045864366
2,4,LR,2,3,0,0,7.01029,0.15539793055578646
2,4,LR,2,3,0,0,8.004245,0.16431331291946996
2,4,LR,2,3,0,0,9.006847,0.2035196023218827
2,4,LR,2,3,0,0,10.00374,0.2099791499509135
2,4,LR,2,3,0,0,11.00845,0.23003384269279636
2,4,LR,2,3,0,0,12.00327,0.23286678449142392
2,4,LR,2,3,0,0,13.00797,0.19430494387349112
2,4,LR,2,3,0,0,14.01414,0.23233972988848797
2,4,LR,2,3,0,0,15.00711,0.25518628415909
2,4,LR,2,3,0,0,16.01306,0.25898657302355965
2,4,LR,2,3,0,0,17.00686,0.2739171915137337
2,4,LR,2,3,0,0,18.01257,0.26742416872083524
2,4,LR,2,3,0,0,19.00748,0.2618952671534103
2,4,LR,2,3,0,0,20.01261,0.2633619543170984
2,4,LR,2,3,0,0,21.00554,0.2586166367900897
2,4,LR,2,3,0,0,22.01061,0.2403814675091134
2,4,LR,2,3,0,0,23.01419,0.2466112389891324
2,4,LR,2,3,0,0,24.01053,0.24904880501939453
2,4,LR,2,3,0,0,25.00407,0.2286091816625443
2,4,LR,2,3,0,0,26.01028,0.31223483255171824
2,4,LR,2,3,0,0,27.00355,0.30970840535335037
2,4,LR,2,3,0,0,28.00709,0.4044030387136402
2,4,LR,2,3,0,0,29.00403,0.382082089555718
2,4,LR,2,3,0,0,30.00948,0.4466400814735329
2,4,LR,2,3,0,0,31.01333,0.41365338412904207
2,4,LR,2,3,0,0,32.00739,0.33809787093079596
2,4,LR,2,3,0,0,33.0139,0.403274405339264
2,4,LR,2,3,0,0,34.0069,0.42436798793933705
2,4,LR,2,3,0,0,35.01249,0.5265157999109195
2,4,LR,2,3,0,0,36.00776,0.5122478236840584
2,4,LR,2,3,0,0,37.01255,0.5286729210406812
2,4,LR,2,3,0,0,38.00636,0.545174909927085
2,4,LR,2,3,0,0,39.01038,0.5544593821514324
2,4,LR,2,3,0,0,40.0048,0.5536913744979978
2,4,LR,2,3,0,0,41.01232,0.5381056398512584
2,4,LR,2,3,0,0,42.00532,0.5315305304722541
2,4,LR,2,3,0,0,43.01156,0.4430295410546802
2,4,LR,2,3,0,0,44.00523,0.5041309024776821
2,4,LR,2,3,0,0,45.0106,0.5049878751640844
2,4,LR,2,3,0,0,46.00391,0.4960373996610736
2,4,LR,2,3,0,0,47.00961,0.5039744045016722
2,4,LR,2,3,0,0,48.00344,0.4985501905816793
2,4,LR,2,3,0,0,49.00859,0.4936523240400932
2,4,LR,2,3,0,0,50.01414,0.48803309833604513
2,4,LR,2,3,0,0,51.00926,0.46909594117545467
2,4,LR,2,3,0,0,52.01384,0.4489752367359328
2,4,LR,2,3,0,0,53.00763,0.37041594565953523
2,4,LR,2,3,0,0,54.01284,0.4788548526610403
2,4,LR,2,3,0,0,55.007,0.45744007158271455
2,4,LR,2,3,0,0,56.0122,0.5160804604821313
2,4,LR,2,3,0,0,57.00453,0.6025695337694872
2,4,LR,2,3,0,0,58.01069,0.6127778404100793
2,4,LR,2,3,0,0,59.00611,0.637077683748104
2,4,LR,2,3,0,0,60.00909,0.6610927019048598
2,4,LR,2,3,0,0,61.00516,0.5690658939045247
2,4,LR,2,3,0,0,62.01141,0.6776254407045634
2,4,LR,2,3,0,0,63.00307,0.6746347917696589
2,4,LR,2,3,0,0,64.00782,0.6548427606687143
2,4,LR,2,3,0,0,65.004,0.6578545311236549
2,4,LR,2,3,0,0,66.0097,0.63928699969315
2,4,LR,2,3,0,0,67.00374,0.632458042845375
2,4,LR,2,3,0,0,68.00844,0.6283746477602657
2,4,LR,2,3,0,0,69.01296,0.6269660537051299
2,4,LR,2,3,0,0,70.00988,0.5430619233001939
2,4,LR,2,3,0,0,71.0142,0.6567601151427728
2,4,LR,2,3,0,0,72.00565,0.6623106471680894
2,4,LR,2,3,0,0,73.01225,0.6584262399459833
2,4,LR,2,3,0,0,74.0084,0.6408635289288911
2,4,LR,2,3,0,0,75.01354,0.613695633855227
2,4,LR,2,3,0,0,76.00615,0.6394301474303168
2,4,LR,2,3,0,0,77.0134,0.586791079165504
2,4,LR,2,3,0,0,78.00726,0.6744857946835717
2,4,LR,2,3,0,0,79.01142,0.6007916161331276
2,4,LR,2,3,0,0,80.00616,0.6842808017585958
2,4,LR,2,3,0,0,81.01123,0.6431314703526811
2,4,LR,2,3,0,0,82.00616,0.7168414799861914
2,4,LR,2,3,0,0,83.00994,0.6412328736566986
2,4,LR,2,3,0,0,84.00312,0.7213022385023392
2,4,LR,2,3,0,0,85.00861,0.6768825062708839
2,4,LR,2,3,0,0,86.00405,0.740452032799378
2,4,LR,2,3,0,0,87.01019,0.7337512524566354
2,4,LR,2,3,0,0,88.01415,0.7711135128894208
2,4,LR,2,3,0,0,89.00842,0.7588237746570402
2,4,LR,2,3,0,0,90.01416,0.7403141306412867
2,4,LR,2,3,0,0,91.0079,0.7493433654522406
2,4,LR,2,3,0,0,92.00355,0.6752792520733881
2,4,LR,2,3,0,0,93.00796,0.4819298155452182
2,4,LR,2,3,0,0,94.01137,0.49895684114048117
2,4,LR,2,3,0,0,95.00732,0.6251659099417887
2,4,LR,2,3,0,0,96.01418,0.6645308171374462
2,4,LR,2,3,0,0,97.00631,0.5971798525503478
2,4,LR,2,3,0,0,98.01198,0.7045524752294061
2,4,LR,2,3,0,0,99.0062,0.7211938752104742
2,4,LR,2,3,0,0,100.012,0.735474255611852
2,4,LR,2,3,0,0,101.0051,0.7213349477367254
2,4,LR,2,3,0,0,102.0107,0.7389878905557081
2,4,LR,2,3,0,0,103.0037,0.7420954941693774
2,4,LR,2,3,0,0,104.0105,0.7462274223372262
2,4,LR,2,3,0,0,105.0039,0.7484133736772013
2,4,LR,2,3,0,0,106.0083,0.7519441831292465
2,4,LR,2,3,0,0,107.0031,0.7457366152446203
2,4,LR,2,3,0,0,108.0084,0.6536913236910643
2,4,LR,2,3,0,0,109.0032,0.7391240874838545
2,4,LR,2,3,0,0,110.0087,0.735923786208426
2,4,LR,2,3,0,0,111.0139,0.6591537847694156
2,4,LR,2,3,0,0,112.0062,0.7209467577691757
2,4,LR,2,3,0,0,113.0129,0.7253860820440676
2,4,LR,2,3,0,0,114.0063,0.7077209443528623
2,4,LR,2,3,0,0,115.0135,0.7315704577074738
2,4,LR,2,3,0,0,116.0077,0.6478872719285628
2,4,LR,2,3,0,0,117.013,0.7486256276516271
2,4,LR,2,3,0,0,118.0064,0.7630493417053711
2,4,LR,2,3,0,0,119.0118,0.7695681836033516
2,4,LR,2,3,0,0,120.0056,0.8075043973965406
2,4,LR,2,3,0,0,121.0098,0.809492780587743
2,4,LR,2,3,0,0,122.0058,0.8176344064731298
2,4,LR,2,3,0,0,123.0083,0.7670323945603562
2,4,LR,2,3,0,0,124.0142,0.7838102252849144
2,4,LR,2,3,0,0,125.0098,0.8112876143546607
2,4,LR,2,3,0,0,126.0131,0.8276760724836966
2,4,LR,2,3,0,0,127.0085,0.8451753404404739
2,4,LR,2,3,0,0,128.0035,0.8551768105590575
2,4,LR,2,3,0,0,129.0072,0.861083160931131
2,4,LR,2,3,0,0,130.014,0.8696615659872803
2,4,LR,2,3,0,0,131.0072,0.8722965082493757
2,4,LR,2,3,0,0,132.0132,0.8860580975210974
2,4,LR,2,3,0,0,133.0071,0.8918148157672559
2,4,LR,2,3,0,0,134.0137,0.9068532059242997
2,4,LR,2,3,0,0,135.0055,0.9349217701665931
2,4,LR,2,3,0,0,136.0135,0.9427515234309525
2,4,LR,2,3,0,0,137.0076,0.949380448524999
2,4,LR,2,3,0,0,138.0122,0.9555959328627898
2,4,LR,2,3,0,0,139.006,0.9579547754722866
2,4,LR,2,3,0,0,140.0114,0.9463209074115266
2,4,LR,2,3,0,0,141.0062,0.8993097905834583
2,4,LR,2,3,0,0,142.0109,0.8759351183108186
2,4,LR,2,3,0,0,143.0041,0.9250365384638969
2,4,LR,2,3,0,0,144.0106,0.9230593723274799
2,4,LR,2,3,0,0,145.0049,0.9287804006067428
2,4,LR,2,3,0,0,146.0097,0.9488446338022504
2,4,LR,2,3,0,0,147.0045,0.955391689989693
2,4,LR,2,3,0,0,148.0082,0.9545148367231148
2,4,LR,2,3,0,0,149.0146,0.9550497381551463
2,4,LR,2,3,0,0,150.0082,0.9516080693119113
2,4,LR,2,3,0,0,151.0033,0.9598236970240352
2,4,LR,2,3,0,0,152.0067,0.9618235276906617
2,4,LR,2,3,0,0,153.0131,0.960195325685308
2,4,LR,2,3,0,0,154.0056,0.9637011344881081
2,4,LR,2,3,0,0,155.0124,0.9649861595172076
2,4,LR,2,3,0,0,156.0072,0.9650730376536013
2,4,LR,2,3,0,0,157.0128,0.9689554203425396
2,4,LR,2,3,0,0,158.0061,0.9716801384457827
2,4,LR,2,3,0,0,159.0115,0.9726028359347266
2,4,LR,2,3,0,0,160.0054,0.973788768888316
2,4,LR,2,3,0,0,161.0108,0.9780790383248451
2,4,LR,2,3,0,0,162.0054,0.9689153937562551
2,4,LR,2,3,0,0,163.0095,0.9793310793604263
2,4,LR,2,3,0,0,164.0036,0.9803421033646083
2,4,LR,2,3,0,0,165.0094,0.9793388246538953
2,4,LR,2,3,0,0,166.0135,0.9793713253595445
2,4,LR,2,3,0,0,167.0089,0.9745839008505469
2,4,LR,2,3,0,0,168.0038,0.9699133986519194
2,4,LR,2,3,0,0,169.0093,0.9710463216459162
2,4,LR,2,3,0,0,170.0146,0.9692301961524291
2,4,LR,2,3,0,0,171.0075,0.9655105593978554
2,4,LR,2,3,0,0,172.0137,0.9698416024671194
2,4,LR,2,3,0,0,173.0077,0.969040261966062
2,4,LR,2,3,0,0,174.0128,0.9785907069571342
2,4,LR,2,3,0,0,175.0064,0.9809462288453051
2,4,LR,2,3,0,0,176.0134,0.9669202626409013
2,4,LR,2,3,0,0,177.0064,0.9630982641304034
2,4,LR,2,3,0,0,178.0123,0.9736157595547034
2,4,LR,2,3,0,0,179.0055,0.9706689372667219
2,4,LR,2,3,0,0,180.0109,0.971783227730019
2,4,LR,2,3,0,0,181.004,0.9694850893725246
2,4,LR,2,3,0,0,182.0105,0.9683144474858962
2,4,LR,2,3,0,0,183.0044,0.9686932785612999
2,4,LR,2,3,0,0,184.0103,0.9658798182075781
2,4,LR,2,3,0,0,185.0039,0.9631567436395355
2,4,LR,2,3,0,0,186.0109,0.9438708024149023
2,4,LR,2,3,0,0,187.0144,0.9574557194218745
2,4,LR,2,3,0,0,188.0096,0.954538279607747
2,4,LR,2,3,0,0,189.0142,0.9494880439914232
2,4,LR,2,3,0,0,190.0089,0.9397468477565649
2,4,LR,2,3,0,0,191.0136,0.9387967924586992
2,4,LR,2,3,0,0,192.0078,0.9287721939236959
2,4,LR,2,3,0,0,193.0136,0.8899001785087711
2,4,LR,2,3,0,0,194.0066,0.9156396240874232
2,4,LR,2,3,0,0,195.0137,0.9152779852027301
2,4,LR,2,3,0,0,196.0059,0.8613187818669288
2,4,LR,2,3,0,0,197.0126,0.896359860620935
2,4,LR,2,3,0,0,198.0066,0.8948909824157882
2,4,LR,2,3,0,0,199.0112,0.9033546916117391
2,4,LR,2,3,0,0,200.0051,0.90393073005672
2,4,LR,2,3,0,0,201.0101,0.8755745548530833
2,4,LR,2,3,0,0,202.0057,0.9109447932169273
2,4,LR,2,3,0,0,203.0104,0.9152925912638112
2,4,LR,2,3,0,0,204.0044,0.9142650229065535
2,4,LR,2,3,0,0,205.0099,0.9080799525389789
2,4,LR,2,3,0,0,206.0038,0.9063686912188794
2,4,LR,2,3,0,0,207.0091,0.923846118386939
2,4,LR,2,3,0,0,208.0138,0.9179914226277172
2,4,LR,2,3,0,0,209.0093,0.9127878224364606
2,4,LR,2,3,0,0,210.0041,0.915340462086083
2,4,LR,2,3,0,0,211.0063,0.9094873308822882
2,4,LR,2,3,0,0,212.0139,0.9190104177025532
2,4,LR,2,3,0,0,213.0081,0.9412309532074582
2,4,LR,2,3,0,0,214.0138,0.9519922074469526
2,4,LR,2,3,0,0,215.0059,0.9536509727723407
2,4,LR,2,3,0,0,216.0132,0.9595744674573025
2,4,LR,2,3,0,0,217.0059,0.962299234180877
2,4,LR,2,3,0,0,218.0114,0.9713482303215387
2,4,LR,2,3,0,0,219.006,0.9733508249063778
2,4,LR,2,3,0,0,220.0104,0.9768425157290006
2,4,LR,2,3,0,0,221.0062,0.9774090867930172
2,4,LR,2,3,0,0,222.0106,0.9809882026475552
2,4,LR,2,3,0,0,223.0049,0.966060598453866
2,4,LR,2,3,0,0,224.0104,0.9617446475461279
2,4,LR,2,3,0,0,225.0054,0.9764641441258539
2,4,LR,2,3,0,0,226.009,0.9794570995074342
2,4,LR,2,3,0,0,227.0141,0.9687255483654272
2,4,LR,2,3,0,0,228.007,0.9768748683018188
2,4,LR,2,3,0,0,229.0136,0.9758392192506742
2,4,LR,2,3,0,0,230.007,0.972718075239805
2,4,LR,2,3,0,0,231.0132,0.9592936233364372
2,4,LR,2,3,0,0,232.0052,0.968608408873375
2,4,LR,2,3,0,0,233.0103,0.9671580121258966
2,4,LR,2,3,0,0,234.006,0.9661219559726397
2,4,LR,2,3,0,0,235.0119,0.954550450740857
2,4,LR,2,3,0,0,236.0068,0.9664768531064354
2,4,LR,2,3,0,0,237.0114,0.965141077878168
2,4,LR,2,3,0,0,238.0062,0.939495631654713
2,4,LR,2,3,0,0,239.0112,0.9611999351585296
2,4,LR,2,3,0,0,240.0064,0.9607962323677182
2,4,LR,2,3,0,0,241.0103,0.9457581990393267
2,4,LR,2,3,0,0,242.0039,0.9556441194420152
2,4,LR,2,3,0,0,243.0101,0.9543646803758378
2,4,LR,2,3,0,0,244.0035,0.9398355499375881
2,4,LR,2,3,0,0,245.0085,0.9443648380244429
2,4,LR,2,3,0,0,246.0035,0.9278844419928178
2,4,LR,2,3,0,0,247.0071,0.9347367169514765
2,4,LR,2,3,0,0,248.0035,0.92537857462909
2,4,LR,2,3,0,0,249.0085,0.9187838033015802
2,4,LR,2,3,0,0,250.0133,0.9064764357517278
2,4,LR,2,3,0,0,251.0078,0.8968522738115028
2,4,LR,2,3,0,0,252.0139,0.8769999219723768
2,4,LR,2,3,0,0,253.0063,0.8212007897965993
2,4,LR,2,3,0,0,254.012,0.8224567783592186
2,4,LR,2,3,0,0,255.0076,0.7946105627169575
2,4,LR,2,3,0,0,256.0135,0.8135881101322505
2,4,LR,2,3,0,0,257.0063,0.8062349293101854
2,4,LR,2,3,0,0,258.0114,0.8090275505788849
2,4,LR,2,3,0,0,259.0068,0.7476082188213765
2,4,LR,2,3,0,0,260.0124,0.8278460759285146
2,4,LR,2,3,0,0,261.0036,0.9153967773122187
2,4,LR,2,3,0,0,262.0094,0.9223053802922112
2,4,LR,2,3,0,0,263.0131,0.918342077032301
2,4,LR,2,3,0,0,264.0099,0.9327983398272951
2,4,LR,2,3,0,0,265.0028,0.9333137300611664
2,4,LR,2,3,0,0,266.0089,0.8996591442534051
2,4,LR,2,3,0,0,267.0042,0.9330818977986785
2,4,LR,2,3,0,0,268.0081,0.940014706727056
2,4,LR,2,3,0,0,269.0143,0.9189407226589851
2,4,LR,2,3,0,0,270.0072,0.9451327514640963
2,4,LR,2,3,0,0,271.0114,0.9499788934936753
2,4,LR,2,3,0,0,272.0073,0.9447625434029414
2,4,LR,2,3,0,0,273.0117,0.9441478638656207
2,4,LR,2,3,0,0,274.006,0.913142461384066
2,4,LR,2,3,0,0,275.0121,0.9382652117211469
2,4,LR,2,3,0,0,276.005,0.9396415438927461
2,4,LR,2,3,0,0,277.0126,0.9335986946105782
2,4,LR,2,3,0,0,278.003,0.9304792914345914
2,4,LR,2,3,0,0,279.0113,0.9363555919372557
2,4,LR,2,3,0,0,280.0044,0.9344883597645731
2,4,LR,2,3,0,0,281.0101,0.9310827350349107
2,4,LR,2,3,0,0,282.0047,0.9213500165968925
2,4,LR,2,3,0,0,283.0086,0.9178816354003486
2,4,LR,2,3,0,0,284.0052,0.9325750342741885
2,4,LR,2,3,0,0,285.0094,0.9348622152597986
2,4,LR,2,3,0,0,286.0031,0.9282714471126728
2,4,LR,2,3,0,0,287.0089,0.9366450805894465
2,4,LR,2,3,0,0,288.0141,0.935965317180289
2,4,LR,2,3,0,0,289.0098,0.931236683560892
2,4,LR,2,3,0,0,290.0146,0.924802113234114
2,4,LR,2,3,0,0,291.0092,0.9290330067748873
2,4,LR,2,3,0,0,292.0125,0.9268290761686383
2,4,LR,2,3,0,0,293.0078,0.903271119644479
2,4,LR,2,3,0,0,294.0122,0.9344570361075111
2,4,LR,2,3,0,0,295.0077,0.9294710415240846
2,4,LR,2,3,0,0,296.0117,0.9305275499496872
2,4,LR,2,3,0,0,297.005,0.9280399720794886
2,4,LR,2,3,0,0,298.0123,0.9329705208924132
2,4,LR,2,3,0,0,299.0035,0.933131139694494
2,4,LR,2,3,0,0,300.0103,0.92921546529001
2,4,LR,2,3,0,0,301.0058,0.9258991059807449
2,4,LR,4,5,0,0,0.0112268,0.04224096126931134
2,4,LR,4,5,0,0,1.010952,2.573515497808936e-05
2,4,LR,4,5,0,0,2.01688,0.00017633581829058315
2,4,LR,4,5,0,0,3.010709,0.0006127723289839586
2,4,LR,4,5,0,0,4.015441,0.0007934609239645898
2,4,LR,4,5,0,0,5.010154,0.0013397651440698079
2,4,LR,4,5,0,0,6.01441,0.0021014953109841496
2,4,LR,4,5,0,0,7.008793,0.0032688579426311992
2,4,LR,4,5,0,0,8.014668,0.003068698513149523
2,4,LR,4,5,0,0,9.007746,0.004767316519517335
2,4,LR,4,5,0,0,10.01372,0.005941189562064788
2,4,LR,4,5,0,0,11.00726,0.007595746206131276
2,4,LR,4,5,0,0,12.01249,0.006708272890709048
2,4,LR,4,5,0,0,13.00669,0.009402781182321204
2,4,LR,4,5,0,0,14.01282,0.011169342224897906
2,4,LR,4,5,0,0,15.00744,0.012297387596925
2,4,LR,4,5,0,0,16.01075,0.00973176910233285
2,4,LR,4,5,0,0,17.01668,0.013256769344583308
2,4,LR,4,5,0,0,18.0118,0.015351640232603842
2,4,LR,4,5,0,0,19.01557,0.012330094392461575
2,4,LR,4,5,0,0,20.00926,0.016704127812944544
2,4,LR,4,5,0,0,21.01652,0.0192026073090897
2,4,LR,4,5,0,0,22.00971,0.015385826926719574
2,4,LR,4,5,0,0,23.01418,0.02060365158142038
2,4,LR,4,5,0,0,24.00919,0.021187466940788175
2,4,LR,4,5,0,0,25.01588,0.02077632366879822
2,4,LR,4,5,0,0,26.00942,0.02465793028902841
2,4,LR,4,5,0,0,27.01412,0.026928620661259853
2,4,LR,4,5,0,0,28.00889,0.02624465626032744
2,4,LR,4,5,0,0,29.01367,0.030763371838844818
2,4,LR,4,5,0,0,30.00709,0.0008005000340812702
2,4,LR,4,5,0,0,31.01377,0.0009538698414595657
2,4,LR,4,5,0,0,32.00727,0.0010688552923147005
2,4,LR,4,5,0,0,33.01159,0.001168032081601448
2,4,LR,4,5,0,0,34.00792,0.0010870288153802493
2,4,LR,4,5,0,0,35.01075,0.0011912501660846482
2,4,LR,4,5,0,0,36.00707,0.0010459793424072521
2,4,LR,4,5,0,0,37.01272,0.0013050236012526436
2,4,LR,4,5,0,0,38.01709,0.0014772838759313767
2,4,LR,4,5,0,0,39.01067,0.0014123036678104642
2,4,LR,4,5,0,0,40.01581,0.0014573783735666564
2,4,LR,4,5,0,0,41.01084,0.0014834098345661894
2,4,LR,4,5,0,0,42.01547,0.0013786168144300547
2,4,LR,4,5,0,0,43.01104,0.0014689619887396275
2,4,LR,4,5,0,0,44.01458,0.0016512276276705192
2,4,LR,4,5,0,0,45.00882,0.0012373657450369122
2,4,LR,4,5,0,0,46.01222,0.0018570654098396232
2,4,LR,4,5,0,0,47.00699,0.00198252701061508
2,4,LR,4,5,0,0,48.01369,0.002000828943928987
2,4,LR,4,5,0,0,49.00858,0.0021307427832219766
2,4,LR,4,5,0,0,50.01452,0.001962203132520779
2,4,LR,4,5,0,0,51.00806,0.002230651996849507
2,4,LR,4,5,0,0,52.01318,0.0025479782355426746
2,4,LR,4,5,0,0,53.00839,0.0022356493413110074
2,4,LR,4,5,0,0,54.01276,0.002284600353780134
2,4,LR,4,5,0,0,55.0175,0.002175516547543635
2,4,LR,4,5,0,0,56.01182,0.0021919373810716193
2,4,LR,4,5,0,0,57.00686,0.002078371929071545
2,4,LR,4,5,0,0,58.01109,0.0021354288001115595
2,4,LR,4,5,0,0,59.01705,0.0021168548456161713
2,4,LR,4,5,0,0,60.01059,0.00226338118053522
2,4,LR,4,5,0,0,61.01579,0.0023872669074335552
2,4,LR,4,5,0,0,62.00929,0.001770073990891453
2,4,LR,4,5,0,0,63.01626,0.0025065946560993554
2,4,LR,4,5,0,0,64.01065,0.002804159351770045
2,4,LR,4,5,0,0,65.01405,0.0024054091028492394
2,4,LR,4,5,0,0,66.00948,0.0029697230846443476
2,4,LR,4,5,0,0,67.01539,0.0022958993000070736
2,4,LR,4,5,0,0,68.00793,0.0035781946927718423
2,4,LR,4,5,0,0,69.014,0.003774647472253174
2,4,LR,4,5,0,0,70.00879,0.004186449440793819
2,4,LR,4,5,0,0,71.01364,0.004554151706904561
2,4,LR,4,5,0,0,72.00794,0.0045280174239321225
2,4,LR,4,5,0,0,73.01243,0.004601843272981015
2,4,LR,4,5,0,0,74.01789,0.0050272736036636465
2,4,LR,4,5,0,0,75.01195,0.005501863044240071
2,4,LR,4,5,0,0,76.01669,0.005603734590705306
2,4,LR,4,5,0,0,77.01137,0.004454527096996232
2,4,LR,4,5,0,0,78.01778,0.006455496602194757
2,4,LR,4,5,0,0,79.00958,0.006606004160734318
2,4,LR,4,5,0,0,80.01713,0.007891240140244915
2,4,LR,4,5,0,0,81.01,0.008816744250144407
2,4,LR,4,5,0,0,82.01595,0.00824496930845292
2,4,LR,4,5,0,0,83.00983,0.00978811125106992
2,4,LR,4,5,0,0,84.01365,0.010233309810024247
2,4,LR,4,5,0,0,85.00916,0.011193546996065782
2,4,LR,4,5,0,0,86.01279,0.013137995343125998
2,4,LR,4,5,0,0,87.00995,0.014294769566338787
2,4,LR,4,5,0,0,88.01443,0.014891475325443134
2,4,LR,4,5,0,0,89.00826,0.012213523483761554
2,4,LR,4,5,0,0,90.01387,0.01708889763433662
2,4,LR,4,5,0,0,91.00777,0.017611105718444698
2,4,LR,4,5,0,0,92.01324,0.02048868667080796
2,4,LR,4,5,0,0,93.00788,0.020660823786186635
2,4,LR,4,5,0,0,94.01026,0.007656740684060663
2,4,LR,4,5,0,0,95.00691,0.004621762346802544
2,4,LR,4,5,1,1,96.01107,0.010530674599938006
2,4,LR,4,5,1,1,97.01478,0.010446354340098824
2,4,LR,4,5,1,1,98.00982,0.00978899907608511
2,4,LR,4,5,1,1,99.0165,0.012291744851228924
2,4,LR,4,5,1,1,100.0108,0.01216849107735921
2,4,LR,4,5,1,1,101.0142,0.011784615150902844
2,4,LR,4,5,1,1,102.0099,0.014253288597868695
2,4,LR,4,5,1,1,103.0166,0.014435886697285847
2,4,LR,4,5,1,1,104.0105,0.018459133268348582
2,4,LR,4,5,1,1,105.0166,0.021227824905876637
2,4,LR,4,5,1,1,106.0182,0.02065944563963746
2,4,LR,4,5,1,1,107.0155,0.023635015592232987
2,4,LR,4,5,1,1,108.0081,0.022457759530358664
2,4,LR,4,5,1,1,109.0137,0.024576283844296595
2,4,LR,4,5,1,1,110.0078,0.021189168875283312
2,4,LR,4,5,1,1,111.0129,0.026556783964420197
2,4,LR,4,5,1,1,112.0085,0.02677151189557406
2,4,LR,4,5,1,1,113.0132,0.02806408287884058
2,4,LR,4,5,1,1,114.0183,0.028954499981312744
2,4,LR,4,5,1,1,115.0109,0.023318200753969405
2,4,LR,4,5,1,1,116.0171,0.031780652690010146
2,4,LR,4,5,1,1,117.0108,0.03335715289892314
2,4,LR,4,5,1,1,118.017,0.03283854958422489
2,4,LR,4,5,1,1,119.0105,0.03371167336830358
2,4,LR,4,5,1,1,120.017,0.026928343604940466
2,4,LR,4,5,1,1,121.0103,0.04406640743776548
2,4,LR,4,5,1,1,122.0142,0.04707197599204933
2,4,LR,4,5,1,1,123.0111,0.06288475392776835
2,4,LR,4,5,1,1,124.0154,0.04372754408679474
2,4,LR,4,5,1,1,125.0098,0.06003675305120095
2,4,LR,4,5,1,1,126.016,0.06622333624779952
2,4,LR,4,5,1,1,127.0077,0.0800604143574086
2,4,LR,4,5,1,1,128.0149,0.10378035904625184
2,4,LR,4,5,1,1,129.0092,0.11568559364880752
2,4,LR,4,5,1,1,130.0139,0.12529947444331146
2,4,LR,4,5,1,1,131.0076,0.13901030897705458
2,4,LR,4,5,1,1,132.0115,0.11881190599238955
2,4,LR,4,5,1,1,133.0071,0.17214528632793766
2,4,LR,4,5,1,1,134.0139,0.1878896218449751
2,4,LR,4,5,1,1,135.0174,0.1880586749070728
2,4,LR,4,5,1,1,136.0132,0.19225904081870357
2,4,LR,4,5,1,1,137.0163,0.17470382266621937
2,4,LR,4,5,1,1,138.0116,0.24538131619646839
2,4,LR,4,5,1,1,139.0176,0.2448903649350997
2,4,LR,4,5,1,1,140.0102,0.1970442657293761
2,4,LR,4,5,1,1,141.0144,0.23565007102732147
2,4,LR,4,5,1,1,142.0095,0.26734049977195773
2,4,LR,4,5,1,1,143.0164,0.26303118268154346
2,4,LR,4,5,1,1,144.0101,0.2652614493398491
2,4,LR,4,5,1,1,145.0154,0.19930864437567486
2,4,LR,4,5,1,1,146.0091,0.28023356892352475
2,4,LR,4,5,1,1,147.0136,0.2723789722182203
2,4,LR,4,5,1,1,148.0082,0.2826938663334767
2,4,LR,4,5,1,1,149.0152,0.2423126358864403
2,4,LR,4,5,1,1,150.0077,0.3011958576838132
2,4,LR,4,5,1,1,151.0137,0.2929457259849074
2,4,LR,4,5,1,1,152.0168,0.21745598231238
2,4,LR,4,5,1,1,153.0125,0.27761616899752173
2,4,LR,4,5,1,1,154.0174,0.2755804095688523
2,4,LR,4,5,1,1,155.0128,0.2569041693065852
2,4,LR,4,5,1,1,156.0177,0.2634918727082755
2,4,LR,4,5,1,1,157.0102,0.26613246913099814
2,4,LR,4,5,1,1,158.0163,0.24887722331038764
2,4,LR,4,5,1,1,159.0115,0.27139146565454136
2,4,LR,4,5,1,1,160.0177,0.19082572549502605
2,4,LR,4,5,1,1,161.0104,0.2672853506958332
2,4,LR,4,5,1,1,162.0165,0.23771221731468944
2,4,LR,4,5,1,1,163.0099,0.25713348946000697
2,4,LR,4,5,1,1,164.0155,0.2530679860098496
2,4,LR,4,5,1,1,165.0094,0.28404490965377105
2,4,LR,4,5,1,1,166.0161,0.24332836057211818
2,4,LR,4,5,1,1,167.0091,0.23867051956229562
2,4,LR,4,5,1,1,168.0139,0.2396042970510485
2,4,LR,4,5,1,1,169.0086,0.24249669268105714
2,4,LR,4,5,1,1,170.0137,0.2496472950253215
2,4,LR,4,5,1,1,171.0075,0.2793253325158076
2,4,LR,4,5,1,1,172.0139,0.2885821000981495
2,4,LR,4,5,1,1,173.0076,0.2848641239336107
2,4,LR,4,5,1,1,174.0126,0.297161922357399
2,4,LR,4,5,1,1,175.0179,0.3208564607312663
2,4,LR,4,5,1,1,176.0124,0.2569908942137305
2,4,LR,4,5,1,1,177.0172,0.3468985411573357
2,4,LR,4,5,1,1,178.0104,0.3403823719475522
2,4,LR,4,5,1,1,179.0168,0.31888312910298083
2,4,LR,4,5,1,1,180.0106,0.276780110279315
2,4,LR,4,5,1,1,181.0163,0.20515113345684519
2,4,LR,4,5,1,1,182.0099,0.3115386725769568
2,4,LR,4,5,1,1,183.0135,0.2881205311070037
2,4,LR,4,5,1,1,184.0087,0.23084022639780807
2,4,LR,4,5,1,1,185.0154,0.29733891942204477
2,4,LR,4,5,1,1,186.0081,0.3062893631352795
2,4,LR,4,5,1,1,187.016,0.2911004878816288
2,4,LR,4,5,1,1,188.0089,0.2891795167003304
2,4,LR,4,5,1,1,189.0137,0.2528591199322434
2,4,LR,4,5,1,1,190.0086,0.2709764274180224
2,4,LR,4,5,1,1,191.0144,0.2599830884393132
2,4,LR,4,5,1,1,192.0072,0.19345481020960517
2,4,LR,4,5,1,1,193.0135,0.2288372161647375
2,4,LR,4,5,1,1,194.0179,0.20864484449857265
2,4,LR,4,5,1,1,195.013,0.19066551672471557
2,4,LR,4,5,1,1,196.0172,0.16060415552249965
2,4,LR,4,5,1,1,197.0123,0.11391034214737635
2,4,LR,4,5,1,1,198.0175,0.13367098705126385
2,4,LR,4,5,1,1,199.0116,0.14759616912887644
2,4,LR,4,5,1,1,200.0164,0.1354211377030475
2,4,LR,4,5,1,1,201.0108,0.12868815746349047
2,4,LR,4,5,1,1,202.0157,0.08979377854374132
2,4,LR,4,5,1,1,203.0093,0.13027278650667093
2,4,LR,4,5,1,1,204.016,0.11923716846835657
2,4,LR,4,5,1,1,205.009,0.1125025984458485
2,4,LR,4,5,1,1,206.0156,0.10704759839014895
2,4,LR,4,5,1,1,207.0176,0.09878603250790235
2,4,LR,4,5,1,1,208.0142,0.09213945540825223
2,4,LR,4,5,1,1,209.008,0.07392112856519993
2,4,LR,4,5,1,1,210.014,0.057116324917991984
2,4,LR,4,5,1,1,211.0073,0.06490039072916888
2,4,LR,4,5,1,1,212.0144,0.06706959773656751
2,4,LR,4,5,1,1,213.0071,0.07888249482218346
2,4,LR,4,5,1,1,214.0131,0.18145973185809125
2,4,LR,4,5,1,1,215.0179,0.18015727527469824
2,4,LR,4,5,1,1,216.013,0.18777600515986023
2,4,LR,4,5,1,1,217.0178,0.1700224670263662
2,4,LR,4,5,1,1,218.0116,0.18902734135122287
2,4,LR,4,5,1,1,219.016,0.20370061040854062
2,4,LR,4,5,1,1,220.0108,0.2280706659625053
2,4,LR,4,5,1,1,221.0161,0.2400436895954251
2,4,LR,4,5,1,1,222.0095,0.24711386401595378
2,4,LR,4,5,1,1,223.0147,0.2548509222691182
2,4,LR,4,5,1,1,224.0093,0.2792641051624339
2,4,LR,4,5,1,1,225.0162,0.3041618175794965
2,4,LR,4,5,1,1,226.0088,0.32939626487567614
2,4,LR,4,5,1,1,227.0151,0.33923618870278727
2,4,LR,4,5,1,1,228.0091,0.3430201672550147
2,4,LR,4,5,1,1,229.0138,0.3481163837897577
2,4,LR,4,5,1,1,230.0083,0.35782445976198235
2,4,LR,4,5,1,1,231.0125,0.29133252367751666
2,4,LR,4,5,1,1,232.0183,0.37463789972952855
2,4,LR,4,5,1,1,233.0139,0.38319445884035774
2,4,LR,4,5,1,1,234.0073,0.36996423599108064
2,4,LR,4,5,1,1,235.0123,0.38702437117767907
2,4,LR,4,5,1,1,236.016,0.4052633872730005
2,4,LR,4,5,1,1,237.0108,0.4015216100483742
2,4,LR,4,5,1,1,238.017,0.3829131260036889
2,4,LR,4,5,1,1,239.0087,0.39782794048083725
2,4,LR,4,5,1,1,240.0161,0.32273642528850993
2,4,LR,4,5,1,1,241.01,0.23181422972344665
2,4,LR,4,5,1,1,242.016,0.2372120598849521
2,4,LR,4,5,1,1,243.0107,0.33546676633206246
2,4,LR,4,5,1,1,244.0154,0.31499076253506875
2,4,LR,4,5,1,1,245.0092,0.3038577015176228
2,4,LR,4,5,1,1,246.0161,0.28686989554440817
2,4,LR,4,5,1,1,247.0085,0.25764616713831046
2,4,LR,4,5,1,1,248.0154,0.24176835173163758
2,4,LR,4,5,1,1,249.0085,0.2034433765297715
2,4,LR,4,5,1,1,250.0141,0.16449016353056845
2,4,LR,4,5,1,1,251.0076,0.1808900800090805
2,4,LR,4,5,1,1,252.0128,0.14998396015210586
2,4,LR,4,5,1,1,253.0088,0.1441837517727429
2,4,LR,4,5,1,1,254.0108,0.13240187908439044
2,4,LR,4,5,1,1,255.0078,0.10707249228463006
2,4,LR,4,5,1,1,256.012,0.16306308171964873
2,4,LR,4,5,1,1,257.0182,0.1525584988347056
2,4,LR,4,5,1,1,258.0112,0.13870735843934417
2,4,LR,4,5,1,1,259.0172,0.09752467084169797
2,4,LR,4,5,1,1,260.0108,0.156477929134087
2,4,LR,4,5,1,1,261.017,0.16446265442117997
2,4,LR,4,5,1,1,262.0099,0.15475048579780717
2,4,LR,4,5,1,1,263.0157,0.15451984380432598
2,4,LR,4,5,1,1,264.0089,0.17978969768525574
2,4,LR,4,5,1,1,265.0158,0.13808411014343158
2,4,LR,4,5,1,1,266.0085,0.11130576369643864
2,4,LR,4,5,1,1,267.0144,0.12441210904981465
2,4,LR,4,5,1,1,268.0078,0.11628217086678351
2,4,LR,4,5,1,1,269.0122,0.11965376143811061
2,4,LR,4,5,1,1,270.0178,0.06528591456028095
2,4,LR,4,5,1,1,271.0129,0.060867344013652326
2,4,LR,4,5,1,1,272.0069,0.06270515860085331
2,4,LR,4,5,1,1,273.0135,0.06585998726088822
2,4,LR,4,5,1,1,274.0166,0.05327683426958749
2,4,LR,4,5,1,1,275.0122,0.06565912181848249
2,4,LR,4,5,1,1,276.0172,0.04422072868039549
2,4,LR,4,5,1,1,277.0125,0.06739334022599337
2,4,LR,4,5,1,1,278.0169,0.07438454006410643
2,4,LR,4,5,1,1,279.0107,0.08465758798937133
2,4,LR,4,5,1,1,280.0169,0.1005215801648104
2,4,LR,4,5,1,1,281.0101,0.09448076393607245
2,4,LR,4,5,1,1,282.0158,0.08207158646154876
2,4,LR,4,5,1,1,283.0089,0.07349743738575044
2,4,LR,4,5,1,1,284.0149,0.08414608491097363
2,4,LR,4,5,1,1,285.0083,0.07171411340469763
2,4,LR,4,5,1,1,286.0139,0.08078497482023582
2,4,LR,4,5,1,1,287.0074,0.0868545421432593
2,4,LR,4,5,1,1,288.0117,0.06006350013957971
2,4,LR,4,5,1,1,289.007,0.07560607644570223
2,4,LR,4,5,1,1,290.0117,0.07612744855514726
2,4,LR,4,5,1,1,291.008,0.07028543126713163
2,4,LR,4,5,1,1,292.0127,0.09027722530026425
2,4,LR,4,5,1,1,293.017,0.06330381785862961
2,4,LR,4,5,1,1,294.0127,0.057312321698032326
2,4,LR,4,5,1,1,295.0174,0.053495968704414
2,4,LR,4,5,1,1,296.0103,0.034034772206508225
2,4,LR,4,5,1,1,297.017,0.02787252521808035
2,4,LR,4,5,1,1,298.0103,0.045146259922099446
2,4,LR,4,5,1,1,299.0154,0.05502741174010683
2,4,LR,4,5,1,1,300.0082,0.6137158869397235
2,4,LR,4,5,1,1,301.0146,0.5924503915997548
2,4,LR,4,6,0,0,0.0,0.0023665407946617412
2,4,LR,4,6,0,0,1.00495,0.0013853780622506734
2,4,LR,4,6,0,0,1.998281,0.008018108909716642
2,4,LR,4,6,0,0,3.004618,0.012806240492312968
2,4,LR,4,6,0,0,3.999141,0.008346332390192914
2,4,LR,4,6,0,0,5.003382,0.014620565332968915
2,4,LR,4,6,0,0,5.998161,0.03129868583429306
2,4,LR,4,6,0,0,7.000859,0.0398711196739919
2,4,LR,4,6,0,0,7.997983,0.04912289621928029
2,4,LR,4,6,0,0,9.002149,0.0410273621350923
2,4,LR,4,6,0,0,9.996326,0.05465853625729556
2,4,LR,4,6,0,0,11.00007,0.06363707291994736
2,4,LR,4,6,0,0,11.99659,0.05868258518215528
2,4,LR,4,6,0,0,13.00098,0.07603653029627057
2,4,LR,4,6,0,0,13.99541,0.08639871753758174
2,4,LR,4,6,0,0,14.99912,0.10134621478151742
2,4,LR,4,6,0,0,15.99681,0.07977408378937685
2,4,LR,4,6,0,0,16.99845,0.1870586466884014
2,4,LR,4,6,0,0,18.00539,0.18976775719911673
2,4,LR,4,6,0,0,18.9994,0.20624261647800884
2,4,LR,4,6,0,0,20.00367,0.21405019004999967
2,4,LR,4,6,0,0,20.99707,0.16865145031021794
2,4,LR,4,6,0,0,22.00514,0.2152863256977183
2,4,LR,4,6,0,0,22.99883,0.22193489070778166
2,4,LR,4,6,0,0,24.00393,0.22349358626731694
2,4,LR,4,6,0,0,24.99814,0.17889983802732193
2,4,LR,4,6,0,0,26.00431,0.2181059491529981
2,4,LR,4,6,0,0,26.99778,0.2295864571161786
2,4,LR,4,6,0,0,28.00385,0.23019958971784096
2,4,LR,4,6,0,0,28.99657,0.17452628591746613
2,4,LR,4,6,0,0,30.00375,0.24124924637646175
2,4,LR,4,6,0,0,30.99679,0.22239047512074045
2,4,LR,4,6,0,0,32.00263,0.22028342655846778
2,4,LR,4,6,0,0,32.99657,0.21355644608444116
2,4,LR,4,6,0,0,34.00122,0.20753866755413272
2,4,LR,4,6,0,0,35.00551,0.2076848070285433
2,4,LR,4,6,0,0,36.00011,0.23029096704660018
2,4,LR,4,6,0,0,36.99636,0.2206759639578792
2,4,LR,4,6,0,0,38.00019,0.18371843259346166
2,4,LR,4,6,0,0,39.00475,0.2593307270573756
2,4,LR,4,6,0,0,39.99985,0.2826398034718813
2,4,LR,4,6,0,0,41.00478,0.27722599752624544
2,4,LR,4,6,0,0,41.99879,0.31555357208688395
2,4,LR,4,6,0,0,42.99495,0.2816767007733723
2,4,LR,4,6,0,0,43.99932,0.32740698936261575
2,4,LR,4,6,0,0,45.00479,0.2819639435999558
2,4,LR,4,6,0,0,45.99848,0.3566824637355595
2,4,LR,4,6,0,0,47.00407,0.29559114533547703
2,4,LR,4,6,0,0,47.99735,0.375256304851558
2,4,LR,4,6,0,0,49.00396,0.3926639732657604
2,4,LR,4,6,0,0,49.99818,0.37906292551264525
2,4,LR,4,6,0,0,51.00159,0.32208843694287925
2,4,LR,4,6,0,0,51.99651,0.3953374376800505
2,4,LR,4,6,0,0,53.00211,0.37601902721491204
2,4,LR,4,6,0,0,53.99723,0.4036609727698578
2,4,LR,4,6,0,0,55.00178,0.4461531053986091
2,4,LR,4,6,0,0,55.99569,0.42280896249942634
2,4,LR,4,6,0,0,56.99967,0.4380107290774255
2,4,LR,4,6,0,0,57.99514,0.4585756383142372
2,4,LR,4,6,0,0,59.0001,0.4799631774629421
2,4,LR,4,6,0,0,60.00412,0.490119370995288
2,4,LR,4,6,0,0,60.99954,0.5230447074433243
2,4,LR,4,6,0,0,62.00455,0.5601671306165941
2,4,LR,4,6,0,0,62.99667,0.5550440003177777
2,4,LR,4,6,0,0,64.00391,0.24328577629765183
2,4,LR,4,6,0,0,64.99876,0.2341757777176693
2,4,LR,4,6,0,0,66.00466,0.3534700807421042
2,4,LR,4,6,0,0,66.99519,0.3696661687284694
2,4,LR,4,6,0,0,68.00278,0.31853285598072595
2,4,LR,4,6,0,0,68.99691,0.3833758405587619
2,4,LR,4,6,0,0,70.00152,0.40550569641456624
2,4,LR,4,6,0,0,70.99718,0.3849398165020187
2,4,LR,4,6,0,0,72.00053,0.323376434675633
2,4,LR,4,6,0,0,72.99554,0.4176684166575276
2,4,LR,4,6,0,0,74.00175,0.4316928594491035
2,4,LR,4,6,0,0,74.99531,0.42150062761782664
2,4,LR,4,6,0,0,76.00156,0.34348370238373377
2,4,LR,4,6,0,0,76.9957,0.4480874247416245
2,4,LR,4,6,0,0,77.99854,0.4720246277544866
2,4,LR,4,6,1,1,79.00594,0.3933748596309025
2,4,LR,4,6,1,1,79.99966,0.49476711708835797
2,4,LR,4,6,1,1,81.0055,0.500725709649787
2,4,LR,4,6,1,1,81.99766,0.430648922896672
2,4,LR,4,6,1,1,83.00455,0.5279663521036615
2,4,LR,4,6,1,1,83.99812,0.5535584575176798
2,4,LR,4,6,1,1,85.00332,0.5340944768052799
2,4,LR,4,6,1,1,85.9983,0.5739863078753564
2,4,LR,4,6,1,1,87.00482,0.5828803027907455
2,4,LR,4,6,1,1,87.99602,0.5939241282294058
2,4,LR,4,6,1,1,89.00328,0.5873582897685173
2,4,LR,4,6,1,1,89.99747,0.5705767928513124
2,4,LR,4,6,1,1,91.00337,0.6036223066239571
2,4,LR,4,6,1,1,91.99653,0.5543229717277446
2,4,LR,4,6,1,1,93.00198,0.585434529116357
2,4,LR,4,6,1,1,93.99605,0.4218104902238112
2,4,LR,4,6,1,1,95.0014,0.5773802663269152
2,4,LR,4,6,1,1,95.99513,0.526460069161753
2,4,LR,4,6,1,1,97.00123,0.6129207898537702
2,4,LR,4,6,1,1,98.00561,0.6230161171098347
2,4,LR,4,6,1,1,99.00047,0.6691418285420053
2,4,LR,4,6,1,1,100.0045,0.7011395070284817
2,4,LR,4,6,1,1,100.9993,0.7197014864203066
2,4,LR,4,6,1,1,102.0045,0.7350080657568945
2,4,LR,4,6,1,1,102.9964,0.7311769626813388
2,4,LR,4,6,1,1,104.0036,0.7564524001869833
2,4,LR,4,6,1,1,104.998,0.6822519845748694
2,4,LR,4,6,1,1,106.0024,0.7668997529836303
2,4,LR,4,6,1,1,106.9969,0.7818649802450189
2,4,LR,4,6,1,1,108.0033,0.7742660731610864
2,4,LR,4,6,1,1,108.9968,0.7787479948630485
2,4,LR,4,6,1,1,110.0023,0.7965687882582259
2,4,LR,4,6,1,1,110.9956,0.7235920816682881
2,4,LR,4,6,1,1,112.0019,0.7165958712226426
2,4,LR,4,6,1,1,112.9961,0.8182076934034275
2,4,LR,4,6,1,1,114.0015,0.8196951308942377
2,4,LR,4,6,1,1,114.9951,0.780416483568529
2,4,LR,4,6,1,1,115.9994,0.8488138552117892
2,4,LR,4,6,1,1,116.9956,0.8290845003991578
2,4,LR,4,6,1,1,118.0012,0.8451301620144316
2,4,LR,4,6,1,1,119.0061,0.7957901512591169
2,4,LR,4,6,1,1,119.9999,0.879475493672614
2,4,LR,4,6,1,1,121.005,0.8831697933663952
2,4,LR,4,6,1,1,121.9982,0.8935228076504138
2,4,LR,4,6,1,1,123.0025,0.8544799541869252
2,4,LR,4,6,1,1,123.9976,0.8884075216042194
2,4,LR,4,6,1,1,125.0031,0.8926869230663955
2,4,LR,4,6,1,1,125.9979,0.8592715150302213
2,4,LR,4,6,1,1,127.0042,0.9011185813818808
2,4,LR,4,6,1,1,127.9954,0.9109369744308601
2,4,LR,4,6,1,1,129.0022,0.8704821359002197
2,4,LR,4,6,1,1,129.9973,0.9064920203881245
2,4,LR,4,6,1,1,131.0019,0.9061834967242687
2,4,LR,4,6,1,1,131.9967,0.9091295272638381
2,4,LR,4,6,1,1,133.0011,0.9101023049384156
2,4,LR,4,6,1,1,133.9959,0.8780767366223569
2,4,LR,4,6,1,1,135.0006,0.9178079652883002
2,4,LR,4,6,1,1,135.9956,0.9182077636073007
2,4,LR,4,6,1,1,137.0,0.9346392787410263
2,4,LR,4,6,1,1,137.9949,0.9310487540286339
2,4,LR,4,6,1,1,139.0005,0.938809017703869
2,4,LR,4,6,1,1,140.005,0.9445300095137037
2,4,LR,4,6,1,1,141.0011,0.9267326418613473
2,4,LR,4,6,1,1,142.0049,0.9348275102640113
2,4,LR,4,6,1,1,143.0005,0.9358272393992498
2,4,LR,4,6,1,1,144.0034,0.9420198033694627
2,4,LR,4,6,1,1,144.9979,0.9455462014868251
2,4,LR,4,6,1,1,146.0038,0.9483400538002404
2,4,LR,4,6,1,1,146.9981,0.9429381460581272
2,4,LR,4,6,1,1,148.0031,0.9448866627850975
2,4,LR,4,6,1,1,148.9964,0.9502430977406318
2,4,LR,4,6,1,1,150.0031,0.9513791279838255
2,4,LR,4,6,1,1,150.998,0.9538607392036932
2,4,LR,4,6,1,1,152.0034,0.937192750439303
2,4,LR,4,6,1,1,152.9952,0.9586629215176716
2,4,LR,4,6,1,1,154.0003,0.9640790012024678
2,4,LR,4,6,1,1,154.9953,0.9664995813119254
2,4,LR,4,6,1,1,156.0001,0.9596340820409479
2,4,LR,4,6,1,1,156.995,0.9459086193846933
2,4,LR,4,6,1,1,157.9995,0.9640486495551279
2,4,LR,4,6,1,1,158.9955,0.9648666699945646
2,4,LR,4,6,1,1,160.0004,0.9535365623719849
2,4,LR,4,6,1,1,161.0052,0.9678359696713214
2,4,LR,4,6,1,1,161.9997,0.9681966867058818
2,4,LR,4,6,1,1,163.0055,0.9682521765198018
2,4,LR,4,6,1,1,163.9982,0.9563549766267736
2,4,LR,4,6,1,1,165.0044,0.9672367699076385
2,4,LR,4,6,1,1,165.9982,0.9677974049371658
2,4,LR,4,6,1,1,167.0028,0.9636258361243919
2,4,LR,4,6,1,1,167.9974,0.9494796192911894
2,4,LR,4,6,1,1,169.0004,0.9603706702589269
2,4,LR,4,6,1,1,169.9961,0.959704951130033
2,4,LR,4,6,1,1,171.0027,0.9540839084168086
2,4,LR,4,6,1,1,171.9965,0.9570214037046471
2,4,LR,4,6,1,1,173.0008,0.9535165487204267
2,4,LR,4,6,1,1,173.9957,0.9537978398127462
2,4,LR,4,6,1,1,175.0005,0.9575924305352854
2,4,LR,4,6,1,1,176.0067,0.9558868496758501
2,4,LR,4,6,1,1,176.9993,0.9358498346702795
2,4,LR,4,6,1,1,178.0047,0.9500286327794135
2,4,LR,4,6,1,1,178.9991,0.9437943077787175
2,4,LR,4,6,1,1,180.0038,0.9347078772570782
2,4,LR,4,6,1,1,180.9995,0.9283210659827488
2,4,LR,4,6,1,1,182.0041,0.926080925303502
2,4,LR,4,6,1,1,183.0005,0.9188862528038363
2,4,LR,4,6,1,1,184.0035,0.9268616560836064
2,4,LR,4,6,1,1,184.9995,0.9436371395809326
2,4,LR,4,6,1,1,186.0027,0.8991002959438403
2,4,LR,4,6,1,1,186.9969,0.9309575787771066
2,4,LR,4,6,1,1,188.0041,0.9304739596451742
2,4,LR,4,6,1,1,188.9965,0.9462182296367835
2,4,LR,4,6,1,1,190.0023,0.9493685454917862
2,4,LR,4,6,1,1,190.997,0.9457422222033207
2,4,LR,4,6,1,1,192.0012,0.94886832134445
2,4,LR,4,6,1,1,192.9953,0.9485950920895343
2,4,LR,4,6,1,1,194.0018,0.9560724324825671
2,4,LR,4,6,1,1,194.9951,0.9594240258306678
2,4,LR,4,6,1,1,196.0017,0.9651239096808814
2,4,LR,4,6,1,1,196.9955,0.9669520601395387
2,4,LR,4,6,1,1,197.9992,0.9725239143568893
2,4,LR,4,6,1,1,199.0046,0.9746785561020315
2,4,LR,4,6,1,1,199.9997,0.977263079129117
2,4,LR,4,6,1,1,201.0053,0.9799177744498052
2,4,LR,4,6,1,1,201.9996,0.9814783456640761
2,4,LR,4,6,1,1,203.0045,0.9826858307251024
2,4,LR,4,6,1,1,203.9994,0.9850465485411836
2,4,LR,4,6,1,1,205.0027,0.9847869414296311
2,4,LR,4,6,1,1,205.9978,0.9865761436387317
2,4,LR,4,6,1,1,207.0028,0.9889856857989823
2,4,LR,4,6,1,1,207.9981,0.986821114116694
2,4,LR,4,6,1,1,209.0018,0.9884013642914853
2,4,LR,4,6,1,1,209.9971,0.985344133793133
2,4,LR,4,6,1,1,211.0018,0.9729806746282672
2,4,LR,4,6,1,1,211.9965,0.9859594147603264
2,4,LR,4,6,1,1,213.0005,0.9864701035424817
2,4,LR,4,6,1,1,213.9955,0.9780551451555439
2,4,LR,4,6,1,1,215.0018,0.9826784107088463
2,4,LR,4,6,1,1,216.0054,0.9832687989936459
2,4,LR,4,6,1,1,216.999,0.9840402656426964
2,4,LR,4,6,1,1,218.0052,0.9839312400413072
2,4,LR,4,6,1,1,219.0004,0.982948790448723
2,4,LR,4,6,1,1,219.9952,0.9835189319520409
2,4,LR,4,6,1,1,220.9994,0.9832177406716722
2,4,LR,4,6,1,1,222.004,0.982662322473561
2,4,LR,4,6,1,1,222.9986,0.981111708743522
2,4,LR,4,6,1,1,224.0039,0.9797744240786996
2,4,LR,4,6,1,1,224.9971,0.9759630186901734
2,4,LR,4,6,1,1,226.0025,0.9722622579172059
2,4,LR,4,6,1,1,226.997,0.9738580879915596
2,4,LR,4,6,1,1,228.0032,0.9722829524667088
2,4,LR,4,6,1,1,228.9982,0.972910757932184
2,4,LR,4,6,1,1,230.0016,0.9675336032573627
2,4,LR,4,6,1,1,230.9958,0.9781012739322149
2,4,LR,4,6,1,1,232.0021,0.9784763517379101
2,4,LR,4,6,1,1,232.996,0.9724378699198499
2,4,LR,4,6,1,1,234.0009,0.9721033648674332
2,4,LR,4,6,1,1,234.9951,0.9752871563930421
2,4,LR,4,6,1,1,236.0014,0.9766623835393711
2,4,LR,4,6,1,1,236.9952,0.9709840152498801
2,4,LR,4,6,1,1,238.0005,0.9724390100262247
2,4,LR,4,6,1,1,239.0048,0.970994689568466
2,4,LR,4,6,1,1,239.998,0.9542408494631999
2,4,LR,4,6,1,1,241.0045,0.9565306030331755
2,4,LR,4,6,1,1,241.9997,0.9612362162128391
2,4,LR,4,6,1,1,243.0043,0.9665271273765662
2,4,LR,4,6,1,1,243.9979,0.9697881108812999
2,4,LR,4,6,1,1,245.0045,0.9752241481296914
2,4,LR,4,6,1,1,245.9983,0.9783017813766572
2,4,LR,4,6,1,1,247.0034,0.9776652494646092
2,4,LR,4,6,1,1,247.9966,0.9763099451269801
2,4,LR,4,6,1,1,249.0038,0.9819323173907848
2,4,LR,4,6,1,1,249.9967,0.9827532888943967
2,4,LR,4,6,1,1,251.0027,0.9820719395331816
2,4,LR,4,6,1,1,251.9969,0.9859630846713793
2,4,LR,4,6,1,1,253.0018,0.9796109358142597
2,4,LR,4,6,1,1,254.0059,0.9880678321737928
2,4,LR,4,6,1,1,255.0009,0.9883300409634288
2,4,LR,4,6,1,1,256.006,0.987138885214875
2,4,LR,4,6,1,1,257.0001,0.9867515028544107
2,4,LR,4,6,1,1,257.9961,0.9869910240872294
2,4,LR,4,6,1,1,259.0005,0.9854475162787891
2,4,LR,4,6,1,1,260.0055,0.9872665954027049
2,4,LR,4,6,1,1,260.9998,0.9872743237641157
2,4,LR,4,6,1,1,262.0056,0.9866687906035246
2,4,LR,4,6,1,1,262.9988,0.9814409364002915
2,4,LR,4,6,1,1,264.0048,0.9867863826005125
2,4,LR,4,6,1,1,264.9983,0.9858418561501617
2,4,LR,4,6,1,1,266.0038,0.9849372108365004
2,4,LR,4,6,1,1,266.9969,0.9839438722456554
2,4,LR,4,6,1,1,268.0023,0.985053812945003
2,4,LR,4,6,1,1,268.9973,0.983313354251982
2,4,LR,4,6,1,1,270.0033,0.9793184192690082
2,4,LR,4,6,1,1,270.9977,0.9848554041788236
2,4,LR,4,6,1,1,272.0032,0.9811280393152103
2,4,LR,4,6,1,1,272.9963,0.9793013043366631
2,4,LR,4,6,1,1,274.0013,0.9802447791726938
2,4,LR,4,6,1,1,275.0058,0.977389289745092
2,4,LR,4,6,1,1,276.0016,0.9857758714914
2,4,LR,4,6,1,1,276.9961,0.9845356506166328
2,4,LR,4,6,1,1,278.0005,0.9836915404922797
2,4,LR,4,6,1,1,279.0054,0.9876739646645177
2,4,LR,4,6,1,1,280.0003,0.9888888294047194
2,4,LR,4,6,1,1,281.0043,0.9897184835654821
2,4,LR,4,6,1,1,281.9992,0.9892068794559634
2,4,LR,4,6,1,1,283.0033,0.9890259038847511
2,4,LR,4,6,1,1,283.9978,0.9867546683039564
2,4,LR,4,6,1,1,285.0029,0.9879794881940394
2,4,LR,4,6,1,1,285.9962,0.9876084067351931
2,4,LR,4,6,1,1,287.0033,0.9890644137465582
2,4,LR,4,6,1,1,287.9975,0.989913950422725
2,4,LR,4,6,1,1,289.0008,0.9909204954271523
2,4,LR,4,6,1,1,289.995,0.9917640355505822
2,4,LR,4,6,1,1,291.0015,0.9920309644229892
2,4,LR,4,6,1,1,291.9957,0.9920979608656056
2,4,LR,4,6,1,1,292.9995,0.9925350797227394
2,4,LR,4,6,1,1,293.9948,0.9932202303485821
2,4,LR,4,6,1,1,295.0001,0.9941116412289032
2,4,LR,4,6,1,1,296.0042,0.9943228430015103
2,4,LR,4,6,1,1,297.0004,0.9943536595375533
2,4,LR,4,6,1,1,298.0045,0.9955215918382284
2,4,LR,4,6,1,1,299.0001,0.9940451208311073
2,4,LR,4,6,1,1,300.0042,0.996015869719986
2,4,LR,4,6,1,1,300.9987,0.9956949866927531
2,4,LR,2,10,0,0,0.0111669,0.0006762178703112808
2,4,LR,2,10,0,0,1.012057,0.0004922525580186291
2,4,LR,2,10,0,0,2.016093,0.0030826420969060895
2,4,LR,2,10,0,0,3.010889,0.008482073954908275
2,4,LR,2,10,0,0,4.016617,0.009119140589223841
2,4,LR,2,10,0,0,5.021381,0.010146385670224382
2,4,LR,2,10,0,0,6.014998,0.013863005286340827
2,4,LR,2,10,0,0,7.020225,0.01945268583585416
2,4,LR,2,10,0,0,8.013659,0.019622915627817244
2,4,LR,2,10,0,0,9.020951,0.025748429581649173
2,4,LR,2,10,0,0,10.01489,0.03135001857386626
2,4,LR,2,10,0,0,11.01861,0.03618412321370986
2,4,LR,2,10,0,0,12.01271,0.029716754397213947
2,4,LR,2,10,0,0,13.01954,0.03797508868246373
2,4,LR,2,10,0,0,14.01319,0.041300087892509246
2,4,LR,2,10,0,0,15.01802,0.043463341389802894
2,4,LR,2,10,0,0,16.01334,0.03679197340430342
2,4,LR,2,10,0,0,17.01859,0.04972498388691123
2,4,LR,2,10,0,0,18.01184,0.05396166984651591
2,4,LR,2,10,0,0,19.01682,0.04042213001070468
2,4,LR,2,10,0,0,20.02117,0.05435866477333553
2,4,LR,2,10,0,0,21.0167,0.06114746362654351
2,4,LR,2,10,0,0,22.02043,0.044131722232713826
2,4,LR,2,10,0,0,23.01568,0.058746103866964446
2,4,LR,2,10,0,0,24.01937,0.0507133538357633
2,4,LR,2,10,0,0,25.01513,0.05320908948641948
2,4,LR,2,10,0,0,26.01989,0.058972168162237125
2,4,LR,2,10,0,0,27.01472,0.06536677460689838
2,4,LR,2,10,0,0,28.01895,0.06706223864596889
2,4,LR,2,10,0,0,29.01199,0.06754033803624723
2,4,LR,2,10,0,0,30.01753,0.10964394961868403
2,4,LR,2,10,0,0,31.01381,0.06785867090040194
2,4,LR,2,10,0,0,32.01852,0.07449742624124608
2,4,LR,2,10,0,0,33.01236,0.07442443536735269
2,4,LR,2,10,0,0,34.01991,0.09223971359439921
2,4,LR,2,10,0,0,35.01221,0.08305175313337983
2,4,LR,2,10,0,0,36.01753,0.06571643583713893
2,4,LR,2,10,0,0,37.01078,0.06906243861337759
2,4,LR,2,10,0,0,38.01584,0.08902776312764724
2,4,LR,2,10,0,0,39.01059,0.09470088939258647
2,4,LR,2,10,0,0,40.01589,0.08965859900215939
2,4,LR,2,10,0,0,41.02021,0.0891574373425779
2,4,LR,2,10,0,0,42.01669,0.07183982833748079
2,4,LR,2,10,0,0,43.01923,0.09900270289564324
2,4,LR,2,10,0,0,44.0157,0.0994317123626927
2,4,LR,2,10,0,0,45.02111,0.09607410507360714
2,4,LR,2,10,0,0,46.01507,0.1096971680850804
2,4,LR,2,10,0,0,47.02006,0.0921137301263062
2,4,LR,2,10,0,0,48.01473,0.11125484846328475
2,4,LR,2,10,0,0,49.01929,0.10930203143788723
2,4,LR,2,10,0,0,50.01391,0.09338511272344642
2,4,LR,2,10,0,0,51.01996,0.09403489424053862
2,4,LR,2,10,0,0,52.01444,0.09027263790654079
2,4,LR,2,10,0,0,53.01861,0.10731729420651272
2,4,LR,2,10,0,0,54.01284,0.11478817728142107
2,4,LR,2,10,0,0,55.0173,0.12004938979051137
2,4,LR,2,10,0,0,56.01141,0.12321391341217945
2,4,LR,2,10,0,0,57.01705,0.1342094942368773
2,4,LR,2,10,0,0,58.01223,0.12209412124155175
2,4,LR,2,10,1,1,59.01763,0.14032940309814354
2,4,LR,2,10,1,1,60.0202,0.14214308866791792
2,4,LR,2,10,1,1,61.0151,0.1811152740002367
2,4,LR,2,10,1,1,62.01236,0.17247451655823218
2,4,LR,2,10,1,1,63.01472,0.173362925824664
2,4,LR,2,10,1,1,64.02164,0.21703705510585813
2,4,LR,2,10,1,1,65.01318,0.21172091926981268
2,4,LR,2,10,1,1,66.01991,0.22914860944927495
2,4,LR,2,10,1,1,67.01516,0.17855162702011781
2,4,LR,2,10,1,1,68.0201,0.22191373998482194
2,4,LR,2,10,1,1,69.01548,0.19501881557304482
2,4,LR,2,10,1,1,70.01782,0.1893640743426686
2,4,LR,2,10,1,1,71.01399,0.17508021843267985
2,4,LR,2,10,1,1,72.0199,0.17491955477987953
2,4,LR,2,10,1,1,73.01332,0.18881193587236403
2,4,LR,2,10,1,1,74.01628,0.17384287635061593
2,4,LR,2,10,1,1,75.01249,0.19814255047196017
2,4,LR,2,10,1,1,76.01789,0.1943155490196352
2,4,LR,2,10,1,1,77.01308,0.19875622677769125
2,4,LR,2,10,1,1,78.01806,0.20045429041042168
2,4,LR,2,10,1,1,79.01257,0.1825230987919804
2,4,LR,2,10,1,1,80.01762,0.2132533973648635
2,4,LR,2,10,1,1,81.01065,0.22662863686039914
2,4,LR,2,10,1,1,82.01672,0.2048980055495473
2,4,LR,2,10,1,1,83.0102,0.22952227356956278
2,4,LR,2,10,1,1,84.01569,0.18895606764245632
2,4,LR,2,10,1,1,85.01024,0.25097049013979494
2,4,LR,2,10,1,1,86.01532,0.3073754833660519
2,4,LR,2,10,1,1,87.02048,0.2956362521432916
2,4,LR,2,10,1,1,88.01484,0.32304765610919095
2,4,LR,2,10,1,1,89.01871,0.338734869908816
2,4,LR,2,10,1,1,90.01411,0.3472188000855015
2,4,LR,2,10,1,1,91.02004,0.34017092226515483
2,4,LR,2,10,1,1,92.01411,0.4128294871887309
2,4,LR,2,10,1,1,93.01667,0.4174203888636267
2,4,LR,2,10,1,1,94.01209,0.4244810834473241
2,4,LR,2,10,1,1,95.01888,0.4285629423594563
2,4,LR,2,10,1,1,96.01253,0.3590350326122449
2,4,LR,2,10,1,1,97.01734,0.44636440829785257
2,4,LR,2,10,1,1,98.01128,0.4219649067155272
2,4,LR,2,10,1,1,99.01738,0.4080194393752539
2,4,LR,2,10,1,1,100.0119,0.3137947742333588
2,4,LR,2,10,1,1,101.0169,0.2516349356570455
2,4,LR,2,10,1,1,102.0109,0.3666496564571386
2,4,LR,2,10,1,1,103.0154,0.3766579379970755
2,4,LR,2,10,1,1,104.0211,0.35464705695315885
2,4,LR,2,10,1,1,105.0151,0.37450085707563213
2,4,LR,2,10,1,1,106.0185,0.3783177236629107
2,4,LR,2,10,1,1,107.0145,0.37898046834889987
2,4,LR,2,10,1,1,108.0193,0.36497880902358476
2,4,LR,2,10,1,1,109.0143,0.4252576518699718
2,4,LR,2,10,1,1,110.0176,0.43194443130539517
2,4,LR,2,10,1,1,111.014,0.4130486619814357
2,4,LR,2,10,1,1,112.0183,0.3802490870067271
2,4,LR,2,10,1,1,113.0131,0.37500135479285657
2,4,LR,2,10,1,1,114.0191,0.28185864400988836
2,4,LR,2,10,1,1,115.0122,0.3555231558107295
2,4,LR,2,10,1,1,116.0176,0.3686217994778527
2,4,LR,2,10,1,1,117.0129,0.36231790290593713
2,4,LR,2,10,1,1,118.0164,0.37190063323409805
2,4,LR,2,10,1,1,119.011,0.3238165789173832
2,4,LR,2,10,1,1,120.0165,0.4157755731005052
2,4,LR,2,10,1,1,121.0208,0.3970923419316274
2,4,LR,2,10,1,1,122.0172,0.38852649445381277
2,4,LR,2,10,1,1,123.0102,0.3893474833592521
2,4,LR,2,10,1,1,124.0157,0.42504576357936
2,4,LR,2,10,1,1,125.0099,0.42031249655462827
2,4,LR,2,10,1,1,126.0156,0.4178284001943804
2,4,LR,2,10,1,1,127.0205,0.3989351159090622
2,4,LR,2,10,1,1,128.0132,0.39320745936662194
2,4,LR,2,10,1,1,129.0192,0.3756752621417538
2,4,LR,2,10,1,1,130.0125,0.32068849331522586
2,4,LR,2,10,1,1,131.019,0.3302971499477719
2,4,LR,2,10,1,1,132.013,0.3482797817486076
2,4,LR,2,10,1,1,133.0187,0.37835940192457795
2,4,LR,2,10,1,1,134.0126,0.38393032791818493
2,4,LR,2,10,1,1,135.0184,0.39155922248857217
2,4,LR,2,10,1,1,136.0119,0.39404490507468415
2,4,LR,2,10,1,1,137.0159,0.4569445204869418
2,4,LR,2,10,1,1,138.0115,0.4278504353408033
2,4,LR,2,10,1,1,139.0161,0.528395504968443
2,4,LR,2,10,1,1,140.0103,0.5270574676063544
2,4,LR,2,10,1,1,141.0157,0.576563754419616
2,4,LR,2,10,1,1,142.0195,0.6154892671236593
2,4,LR,2,10,1,1,143.0153,0.6442000031235601
2,4,LR,2,10,1,1,144.0207,0.6500012029306815
2,4,LR,2,10,1,1,145.0155,0.654723479824237
2,4,LR,2,10,1,1,146.0199,0.5743253970156144
2,4,LR,2,10,1,1,147.0127,0.682158366626842
2,4,LR,2,10,1,1,148.02,0.6657553581268029
2,4,LR,2,10,1,1,149.0134,0.7039969126838789
2,4,LR,2,10,1,1,150.02,0.6895582636687485
2,4,LR,2,10,1,1,151.0128,0.6891958413990462
2,4,LR,2,10,1,1,152.019,0.6812355830710533
2,4,LR,2,10,1,1,153.0129,0.6127474896427729
2,4,LR,2,10,1,1,154.0177,0.6858905772421815
2,4,LR,2,10,1,1,155.0138,0.6737354418511515
2,4,LR,2,10,1,1,156.0173,0.7030480137591051
2,4,LR,2,10,1,1,157.0121,0.7518366136531579
2,4,LR,2,10,1,1,158.0172,0.7493799061205939
2,4,LR,2,10,1,1,159.0117,0.8001827055997217
2,4,LR,2,10,1,1,160.0161,0.8168278690264995
2,4,LR,2,10,1,1,161.021,0.7892581910631997
2,4,LR,2,10,1,1,162.0149,0.8479019575991864
2,4,LR,2,10,1,1,163.0101,0.8550209026275997
2,4,LR,2,10,1,1,164.014,0.8394745931672531
2,4,LR,2,10,1,1,165.0201,0.8691518957022611
2,4,LR,2,10,1,1,166.0137,0.7372239120344471
2,4,LR,2,10,1,1,167.0202,0.6370636596225651
2,4,LR,2,10,1,1,168.0124,0.7517516689013061
2,4,LR,2,10,1,1,169.0185,0.7645972670835449
2,4,LR,2,10,1,1,170.0145,0.7806836222076556
2,4,LR,2,10,1,1,171.0195,0.7713033720868738
2,4,LR,2,10,1,1,172.0128,0.7829381570947489
2,4,LR,2,10,1,1,173.0173,0.7652533753101485
2,4,LR,2,10,1,1,174.0125,0.7505434487916627
2,4,LR,2,10,1,1,175.0163,0.7582787169907855
2,4,LR,2,10,1,1,176.0207,0.7184125425499079
2,4,LR,2,10,1,1,177.0161,0.799317507837046
2,4,LR,2,10,1,1,178.012,0.8226950201909271
2,4,LR,2,10,1,1,179.0161,0.827270528759628
2,4,LR,2,10,1,1,180.012,0.8343039374574424
2,4,LR,2,10,1,1,181.0155,0.8473411335920059
2,4,LR,2,10,1,1,182.0101,0.8345880446868136
2,4,LR,2,10,1,1,183.0154,0.822234248623789
2,4,LR,2,10,1,1,184.0213,0.8661392368858138
2,4,LR,2,10,1,1,185.0127,0.871620238898303
2,4,LR,2,10,1,1,186.0206,0.8486489386390476
2,4,LR,2,10,1,1,187.0159,0.863596213730999
2,4,LR,2,10,1,1,188.018,0.8744860138540356
2,4,LR,2,10,1,1,189.0154,0.7868032432505119
2,4,LR,2,10,1,1,190.0186,0.7857957268635989
2,4,LR,2,10,1,1,191.0107,0.7035344831188953
2,4,LR,2,10,1,1,192.0174,0.7877914317588266
2,4,LR,2,10,1,1,193.0112,0.7731924293154573
2,4,LR,2,10,1,1,194.017,0.7649612832329874
2,4,LR,2,10,1,1,195.011,0.7742622024365814
2,4,LR,2,10,1,1,196.0182,0.676403045305815
2,4,LR,2,10,1,1,197.0109,0.6969445450433074
2,4,LR,2,10,1,1,198.0163,0.7485702477186854
2,4,LR,2,10,1,1,199.0115,0.7818626140146181
2,4,LR,2,10,1,1,200.0158,0.8247476633223655
2,4,LR,2,10,1,1,201.0212,0.8459507701871837
2,4,LR,2,10,1,1,202.0163,0.851676646408473
2,4,LR,2,10,1,1,203.021,0.8592848120696168
2,4,LR,2,10,1,1,204.0153,0.9216323593798432
2,4,LR,2,10,1,1,205.0196,0.9365759821958156
2,4,LR,2,10,1,1,206.0148,0.9369083901894861
2,4,LR,2,10,1,1,207.0199,0.8950598320853939
2,4,LR,2,10,1,1,208.0151,0.9357393431350509
2,4,LR,2,10,1,1,209.0168,0.941305802960265
2,4,LR,2,10,1,1,210.0138,0.938698832871169
2,4,LR,2,10,1,1,211.0185,0.9293846892975989
2,4,LR,2,10,1,1,212.0106,0.904299557079741
2,4,LR,2,10,1,1,213.0167,0.9309888131176616
2,4,LR,2,10,1,1,214.0211,0.9473014967576938
2,4,LR,2,10,1,1,215.0173,0.9443202751821504
2,4,LR,2,10,1,1,216.0123,0.9470149486582516
2,4,LR,2,10,1,1,217.0155,0.9515969797281583
2,4,LR,2,10,1,1,218.0131,0.8835623989565761
2,4,LR,2,10,1,1,219.0151,0.8331359987004971
2,4,LR,2,10,1,1,220.0206,0.9312744696533729
2,4,LR,2,10,1,1,221.0155,0.9404354750200131
2,4,LR,2,10,1,1,222.0192,0.9332477436595046
2,4,LR,2,10,1,1,223.0144,0.9375950784838689
2,4,LR,2,10,1,1,224.0182,0.9339936355533676
2,4,LR,2,10,1,1,225.0146,0.9239841742454578
2,4,LR,2,10,1,1,226.0191,0.9137754232698646
2,4,LR,2,10,1,1,227.0143,0.9269384148957884
2,4,LR,2,10,1,1,228.0199,0.9388643331495564
2,4,LR,2,10,1,1,229.0149,0.9413629103474739
2,4,LR,2,10,1,1,230.0192,0.9336293968135737
2,4,LR,2,10,1,1,231.0134,0.9369655285893047
2,4,LR,2,10,1,1,232.0176,0.937161789938736
2,4,LR,2,10,1,1,233.0125,0.9416890852948818
2,4,LR,2,10,1,1,234.0187,0.9522432423012792
2,4,LR,2,10,1,1,235.0131,0.9571737624653945
2,4,LR,2,10,1,1,236.0166,0.9549311557902581
2,4,LR,2,10,1,1,237.0101,0.9439151618402535
2,4,LR,2,10,1,1,238.0171,0.9591711755085602
2,4,LR,2,10,1,1,239.0119,0.9583976497990684
2,4,LR,2,10,1,1,240.0162,0.9564589616415706
2,4,LR,2,10,1,1,241.0115,0.9554463107502568
2,4,LR,2,10,1,1,242.0157,0.956746502221798
2,4,LR,2,10,1,1,243.0193,0.9475904685057815
2,4,LR,2,10,1,1,244.015,0.9439044653324603
2,4,LR,2,10,1,1,245.0209,0.9320042452033078
2,4,LR,2,10,1,1,246.0146,0.9268990424177662
2,4,LR,2,10,1,1,247.0186,0.8794278964499055
2,4,LR,2,10,1,1,248.015,0.8801577148033589
2,4,LR,2,10,1,1,249.0188,0.8720084646760493
2,4,LR,2,10,1,1,250.0104,0.8613970646406625
2,4,LR,2,10,1,1,251.0183,0.8072006027342534
2,4,LR,2,10,1,1,252.0135,0.8643211839229594
2,4,LR,2,10,1,1,253.0179,0.8642125562449264
2,4,LR,2,10,1,1,254.0114,0.8243743667882172
2,4,LR,2,10,1,1,255.018,0.9001445304231205
2,4,LR,2,10,1,1,256.0106,0.8945749601613573
2,4,LR,2,10,1,1,257.0179,0.8550036654957862
2,4,LR,2,10,1,1,258.0125,0.8927861966737989
2,4,LR,2,10,1,1,259.0168,0.8944073776285902
2,4,LR,2,10,1,1,260.0098,0.8837332317471656
2,4,LR,2,10,1,1,261.0157,0.9050638063355032
2,4,LR,2,10,1,1,262.0208,0.9142071922596966
2,4,LR,2,10,1,1,263.0148,0.918420677252735
2,4,LR,2,10,1,1,264.0195,0.911903622903594
2,4,LR,2,10,1,1,265.0154,0.9073867669998533
2,4,LR,2,10,1,1,266.0211,0.9013877062514752
2,4,LR,2,10,1,1,267.0141,0.8850883957935116
2,4,LR,2,10,1,1,268.0197,0.8930393405033918
2,4,LR,2,10,1,1,269.0141,0.8473642782798078
2,4,LR,2,10,1,1,270.0194,0.8768471241839504
2,4,LR,2,10,1,1,271.015,0.8192345463815583
2,4,LR,2,10,1,1,272.0182,0.855841031223548
2,4,LR,2,10,1,1,273.0125,0.8375176982818837
2,4,LR,2,10,1,1,274.0172,0.8474287347775157
2,4,LR,2,10,1,1,275.0119,0.8518712731516193
2,4,LR,2,10,1,1,276.0185,0.8385249702112102
2,4,LR,2,10,1,1,277.0111,0.7840664550676572
2,4,LR,2,10,1,1,278.0171,0.8099001074695608
2,4,LR,2,10,1,1,279.011,0.761097515732579
2,4,LR,2,10,1,1,280.0167,0.5424135564462141
2,4,LR,2,10,1,1,281.0197,0.6598428754644987
2,4,LR,2,10,1,1,282.0163,0.5512241225800177
2,4,LR,2,10,1,1,283.0205,0.3587620604896516
2,4,LR,2,10,1,1,284.0165,0.4644134398278727
2,4,LR,2,10,1,1,285.02,0.38377154492639126
2,4,LR,2,10,1,1,286.0127,0.57982959942727
2,4,LR,2,10,1,1,287.0202,0.5758416945879801
2,4,LR,2,10,1,1,288.0143,0.5905336287057119
2,4,LR,2,10,1,1,289.0207,0.5917994222802582
2,4,LR,2,10,1,1,290.0141,0.6226256795290913
2,4,LR,2,10,1,1,291.0206,0.49801760258249694
2,4,LR,2,10,1,1,292.0137,0.5970061518449301
2,4,LR,2,10,1,1,293.0199,0.5459552054601912
2,4,LR,2,10,1,1,294.0122,0.5505913988029029
2,4,LR,2,10,1,1,295.0179,0.5630370171459891
2,4,LR,2,10,1,1,296.0117,0.571992224914525
2,4,LR,2,10,1,1,297.018,0.563752320260192
2,4,LR,2,10,1,1,298.0117,0.5732545444490534
2,4,LR,2,10,1,1,299.0169,0.5682886158093902
2,4,LR,2,10,1,1,300.011,0.48010000267412967
2,4,LR,2,10,1,1,301.0153,0.6234111139734488
2,4,MLP,2,2,0,0,0.0,0.000512775618518015
2,4,MLP,2,2,0,0,1.000205,0.3095156303166848
2,4,MLP,2,2,0,0,1.994169,0.3884477573764219
2,4,MLP,2,2,0,0,2.99987,0.3342600465973383
2,4,MLP,2,2,0,0,4.004305,0.344301154753834
2,4,MLP,2,2,0,0,4.998423,0.20953533496484736
2,4,MLP,2,2,0,0,5.993399,0.21982876255776346
2,4,MLP,2,2,0,0,6.99834,0.17657788843511435
2,4,MLP,2,2,0,0,8.003426,0.5795095193717168
2,4,MLP,2,2,0,0,8.995827,0.18111559772565639
2,4,MLP,2,2,0,0,10.00222,0.546191587175185
2,4,MLP,2,2,0,0,10.9963,0.3802142228036738
2,4,MLP,2,2,0,0,12.00186,0.2906560463237085
2,4,MLP,2,2,0,0,12.99631,0.4871430027478112
2,4,MLP,2,2,0,0,14.00165,0.5327302626484404
2,4,MLP,2,2,0,0,14.99503,0.45494824838656533
2,4,MLP,2,2,0,0,16.00142,0.4698403882387123
2,4,MLP,2,2,0,0,16.99521,0.26395343043537006
2,4,MLP,2,2,0,0,17.99982,0.5246760340737544
2,4,MLP,2,2,0,0,18.99629,0.19859500166953928
2,4,MLP,2,2,0,0,20.00061,0.16509249286871974
2,4,MLP,2,2,0,0,20.99563,0.4904864534146522
2,4,MLP,2,2,0,0,21.99956,0.5001403623918376
2,4,MLP,2,2,0,0,22.99362,0.6048939611447234
2,4,MLP,2,2,0,0,23.99915,0.37690436758737544
2,4,MLP,2,2,0,0,24.99448,0.6377826131944225
2,4,MLP,2,2,0,0,25.99742,0.5114343014527581
2,4,MLP,2,2,0,0,26.99371,0.5780761733192534
2,4,MLP,2,2,0,0,27.99764,0.5581801397846334
2,4,MLP,2,2,0,0,29.00353,0.5168483599184105
2,4,MLP,2,2,0,0,29.99711,0.49134750402758015
2,4,MLP,2,2,0,0,31.00312,0.5092105878570482
2,4,MLP,2,2,0,0,31.99651,0.5308897044050008
2,4,MLP,2,2,0,0,33.00121,0.5729026036392917
2,4,MLP,2,2,0,0,33.9953,0.4623311180233683
2,4,MLP,2,2,0,0,35.00201,0.4783721699151047
2,4,MLP,2,2,0,0,35.99474,0.6139248026830341
2,4,MLP,2,2,0,0,37.00034,0.5795771471584892
2,4,MLP,2,2,0,0,37.99348,0.6093645635233815
2,4,MLP,2,2,0,0,38.99988,0.5118161369246812
2,4,MLP,2,2,0,0,39.99434,0.6454391280951984
2,4,MLP,2,2,0,0,40.99866,0.5480008809797734
2,4,MLP,2,2,0,0,41.99391,0.6375825082866743
2,4,MLP,2,2,0,0,42.99882,0.4816085109824003
2,4,MLP,2,2,0,0,44.00379,0.15456921173999041
2,4,MLP,2,2,0,0,44.99791,0.5774748178261702
2,4,MLP,2,2,0,0,46.00389,0.496098643627335
2,4,MLP,2,2,0,0,46.99784,0.5797801580977434
2,4,MLP,2,2,0,0,48.00324,0.6183765212782129
2,4,MLP,2,2,0,0,48.99698,0.5687938467814546
2,4,MLP,2,2,0,0,50.00296,0.5424806710920475
2,4,MLP,2,2,0,0,50.99651,0.47554642603653
2,4,MLP,2,2,0,0,51.99992,0.5719549689259645
2,4,MLP,2,2,0,0,52.99696,0.6272800638738397
2,4,MLP,2,2,0,0,54.00121,0.4563636687016163
2,4,MLP,2,2,0,0,54.99426,0.5547710682855124
2,4,MLP,2,2,0,0,56.00108,0.5955319110425615
2,4,MLP,2,2,0,0,56.99522,0.6048259429927606
2,4,MLP,2,2,0,0,57.99969,0.5995630167211032
2,4,MLP,2,2,0,0,58.99453,0.7100444870360128
2,4,MLP,2,2,0,0,60.00053,0.5327660597245883
2,4,MLP,2,2,0,0,60.99381,0.6270120400169632
2,4,MLP,2,2,0,0,61.99977,0.6998345236876554
2,4,MLP,2,2,0,0,63.00386,0.6929703924499321
2,4,MLP,2,2,0,0,63.99706,0.6211459734158417
2,4,MLP,2,2,0,0,65.00371,0.6931423235853078
2,4,MLP,2,2,0,0,65.99866,0.7086380330071348
2,4,MLP,2,2,0,0,67.00185,0.7676925580992667
2,4,MLP,2,2,0,0,67.99766,0.6796965910537299
2,4,MLP,2,2,0,0,69.00256,0.1631778071549598
2,4,MLP,2,2,0,0,69.99706,0.5670644897980661
2,4,MLP,2,2,0,0,71.00292,0.4433449553420078
2,4,MLP,2,2,0,0,71.99744,0.49924324401644554
2,4,MLP,2,2,0,0,73.00128,0.7290013106404303
2,4,MLP,2,2,0,0,73.9956,0.6538724106686934
2,4,MLP,2,2,0,0,75.00233,0.6449293740256106
2,4,MLP,2,2,0,0,75.99583,0.6762415074574745
2,4,MLP,2,2,0,0,77.00105,0.700350287708987
2,4,MLP,2,2,0,0,77.99459,0.6761547134224477
2,4,MLP,2,2,0,0,79.00166,0.6473210709426095
2,4,MLP,2,2,0,0,79.99458,0.7475689665255096
2,4,MLP,2,2,0,0,81.00029,0.7445894172850801
2,4,MLP,2,2,0,0,82.00448,0.5554146777139323
2,4,MLP,2,2,0,0,82.99762,0.7236525448130979
2,4,MLP,2,2,0,0,83.99378,0.7921640925537803
2,4,MLP,2,2,0,0,84.99883,0.7331093095194241
2,4,MLP,2,2,0,0,86.00435,0.7879863926259402
2,4,MLP,2,2,0,0,86.99805,0.7716572770779825
2,4,MLP,2,2,0,0,88.00208,0.3780946593907877
2,4,MLP,2,2,0,0,88.9961,0.7454639698053752
2,4,MLP,2,2,0,0,90.00268,0.6632474482212113
2,4,MLP,2,2,0,0,90.99656,0.21874465481595165
2,4,MLP,2,2,0,0,92.00213,0.6524573083059381
2,4,MLP,2,2,0,0,92.99535,0.6850293644377341
2,4,MLP,2,2,0,0,94.00014,0.7402219990696284
2,4,MLP,2,2,0,0,94.99482,0.6558390052993811
2,4,MLP,2,2,0,0,96.00101,0.7207709526449105
2,4,MLP,2,2,0,0,96.99474,0.7044831410701946
2,4,MLP,2,2,0,0,97.99886,0.7025617002200008
2,4,MLP,2,2,0,0,98.99485,0.7231327954361156
2,4,MLP,2,2,0,0,100.0004,0.649164056211927
2,4,MLP,2,2,0,0,100.9946,0.6242926282398286
2,4,MLP,2,2,0,0,101.9996,0.6944768167778423
2,4,MLP,2,2,0,0,103.0037,0.2611303494687975
2,4,MLP,2,2,0,0,103.9989,0.6588951098958002
2,4,MLP,2,2,0,0,105.0039,0.6398612081586712
2,4,MLP,2,2,0,0,105.9986,0.5743206211399606
2,4,MLP,2,2,0,0,107.0032,0.6418145357471003
2,4,MLP,2,2,0,0,107.9987,0.5703362183311782
2,4,MLP,2,2,0,0,108.9936,0.6743248568412368
2,4,MLP,2,2,0,0,109.9969,0.667881932783752
2,4,MLP,2,2,0,0,111.0026,0.31880774529070843
2,4,MLP,2,2,0,0,111.9943,0.42837948841155343
2,4,MLP,2,2,0,0,113.0022,0.7146125327524643
2,4,MLP,2,2,0,0,113.9966,0.6248451921973134
2,4,MLP,2,2,0,0,115.0023,0.2734898495609739
2,4,MLP,2,2,0,0,115.9952,0.21004725275596237
2,4,MLP,2,2,0,0,117.0004,0.6224298122642653
2,4,MLP,2,2,0,0,117.9948,0.5588636419393023
2,4,MLP,2,2,0,0,118.9998,0.6133185682896678
2,4,MLP,2,2,0,0,119.9942,0.1756242092614668
2,4,MLP,2,2,0,0,120.9996,0.6048497846345721
2,4,MLP,2,2,0,0,121.9939,0.6630865738144837
2,4,MLP,2,2,0,0,122.9996,0.6526705552680412
2,4,MLP,2,2,0,0,123.9944,0.6374825165723467
2,4,MLP,2,2,0,0,124.9997,0.6531471876313976
2,4,MLP,2,2,0,0,126.0041,0.69016167218602
2,4,MLP,2,2,0,0,126.9962,0.6818839695706008
2,4,MLP,2,2,0,0,128.001,0.6833684349289602
2,4,MLP,2,2,0,0,128.9966,0.5874379654897521
2,4,MLP,2,2,0,0,130.0031,0.6259453000085581
2,4,MLP,2,2,0,0,130.9969,0.5576800980614105
2,4,MLP,2,2,0,0,132.0034,0.5369466175926971
2,4,MLP,2,2,0,0,132.9951,0.6193490456971519
2,4,MLP,2,2,0,0,134.0018,0.5880790675444924
2,4,MLP,2,2,0,0,134.9952,0.5393433617075232
2,4,MLP,2,2,0,0,136.0003,0.6165240435071909
2,4,MLP,2,2,0,0,136.9947,0.640525666002607
2,4,MLP,2,2,0,0,138.0004,0.711795699735215
2,4,MLP,2,2,0,0,139.0037,0.6829045562368141
2,4,MLP,2,2,0,0,139.9993,0.6190848680976168
2,4,MLP,2,2,0,0,140.9939,0.7196528305441132
2,4,MLP,2,2,0,0,141.9993,0.7409773311916927
2,4,MLP,2,2,0,0,143.0044,0.6210212636256719
2,4,MLP,2,2,0,0,143.9993,0.7264939359549191
2,4,MLP,2,2,0,0,144.9935,0.7609163761878163
2,4,MLP,2,2,0,0,145.9975,0.6644124757872257
2,4,MLP,2,2,0,0,147.002,0.7563880166901849
2,4,MLP,2,2,0,0,147.9976,0.7101813474946155
2,4,MLP,2,2,0,0,149.004,0.6803045603068429
2,4,MLP,2,2,0,0,149.9961,0.7685286022258084
2,4,MLP,2,2,0,0,151.0017,0.4517686899045744
2,4,MLP,2,2,0,0,151.9958,0.4738218397767787
2,4,MLP,2,2,0,0,153.0004,0.34593512835922674
2,4,MLP,2,2,0,0,153.9949,0.6502457076352146
2,4,MLP,2,2,0,0,155.0013,0.659136143975628
2,4,MLP,2,2,0,0,155.9958,0.6483529576634209
2,4,MLP,2,2,0,0,157.0011,0.6718829121650701
2,4,MLP,2,2,0,0,158.0043,0.6172807796731989
2,4,MLP,2,2,0,0,159.0005,0.5815793630192488
2,4,MLP,2,2,0,0,160.0046,0.6398553873754287
2,4,MLP,2,2,0,0,160.9996,0.651624760551376
2,4,MLP,2,2,0,0,162.0037,0.5990887147920518
2,4,MLP,2,2,0,0,162.9976,0.5378002771890001
2,4,MLP,2,2,0,0,164.0039,0.5351256263844751
2,4,MLP,2,2,0,0,164.9958,0.549965419134418
2,4,MLP,2,2,0,0,165.9934,0.6494289612269001
2,4,MLP,2,2,0,0,166.9979,0.5331055633343204
2,4,MLP,2,2,0,0,168.0029,0.5061869845187249
2,4,MLP,2,2,0,0,168.9963,0.4796481965908959
2,4,MLP,2,2,0,0,170.0005,0.4078331743307732
2,4,MLP,2,2,0,0,170.9958,0.51433061997383
2,4,MLP,2,2,0,0,172.0012,0.6616748675994916
2,4,MLP,2,2,0,0,172.9956,0.595381638444845
2,4,MLP,2,2,0,0,174.0013,0.44502158751613874
2,4,MLP,2,2,0,0,174.9954,0.6566399313768997
2,4,MLP,2,2,0,0,176.0,0.6983205752717148
2,4,MLP,2,2,0,0,176.9954,0.7003726383734894
2,4,MLP,2,2,0,0,178.0005,0.3764421638679008
2,4,MLP,2,2,0,0,179.0044,0.4588547605388161
2,4,MLP,2,2,0,0,179.9999,0.7174017713513313
2,4,MLP,2,2,0,0,180.9948,0.594771589439694
2,4,MLP,2,2,0,0,181.9996,0.668447148391378
2,4,MLP,2,2,0,0,182.9938,0.7323942230680888
2,4,MLP,2,2,0,0,183.9996,0.6767793924608364
2,4,MLP,2,2,0,0,185.0037,0.30401740361940216
2,4,MLP,2,2,0,0,185.9989,0.600522945477462
2,4,MLP,2,2,0,0,187.0027,0.3561455241267972
2,4,MLP,2,2,0,0,187.9986,0.22324686829809942
2,4,MLP,2,2,0,0,189.0018,0.6205819345606058
2,4,MLP,2,2,0,0,189.9977,0.5721186606415926
2,4,MLP,2,2,0,0,191.0019,0.5433540736097133
2,4,MLP,2,2,0,0,191.9964,0.5430685516039753
2,4,MLP,2,2,0,0,193.0019,0.5398057615744857
2,4,MLP,2,2,0,0,193.9954,0.593355871105233
2,4,MLP,2,2,0,0,195.001,0.5284384211435486
2,4,MLP,2,2,0,0,195.9944,0.12071526230798973
2,4,MLP,2,2,0,0,197.0007,0.32968868538310525
2,4,MLP,2,2,0,0,197.9939,0.4838192874064186
2,4,MLP,2,2,0,0,198.9984,0.5031985387169422
2,4,MLP,2,2,0,0,200.0031,0.3217324139102278
2,4,MLP,2,2,0,0,200.9996,0.5662057162324305
2,4,MLP,2,2,0,0,202.0045,0.623614515097485
2,4,MLP,2,2,0,0,202.9982,0.5284214362659406
2,4,MLP,2,2,0,0,204.004,0.5091212542907948
2,4,MLP,2,2,0,0,204.9996,0.48411246287367554
2,4,MLP,2,2,0,0,206.0046,0.5458613822991281
2,4,MLP,2,2,0,0,206.9983,0.5462586321895759
2,4,MLP,2,2,0,0,208.0024,0.5294403305662937
2,4,MLP,2,2,0,0,208.9951,0.539122285667751
2,4,MLP,2,2,0,0,210.0027,0.5724591318184828
2,4,MLP,2,2,0,0,210.9949,0.4861374627653548
2,4,MLP,2,2,0,0,212.0016,0.5337529969003759
2,4,MLP,2,2,0,0,212.9949,0.5806864757707292
2,4,MLP,2,2,0,0,214.0006,0.60829450578826
2,4,MLP,2,2,0,0,214.9952,0.6266422655193651
2,4,MLP,2,2,0,0,216.0003,0.5912367005157664
2,4,MLP,2,2,0,0,216.9954,0.6473502830267079
2,4,MLP,2,2,0,0,217.9993,0.6573559375393646
2,4,MLP,2,2,0,0,218.9953,0.5745895416051318
2,4,MLP,2,2,0,0,220.0006,0.7011186534595444
2,4,MLP,2,2,0,0,220.9946,0.7304810049449555
2,4,MLP,2,2,0,0,221.9974,0.6309644525608797
2,4,MLP,2,2,0,0,223.0048,0.6007204706695718
2,4,MLP,2,2,0,0,223.9989,0.6394341144411008
2,4,MLP,2,2,0,0,225.004,0.6704242096231979
2,4,MLP,2,2,0,0,225.9989,0.645383350995672
2,4,MLP,2,2,0,0,227.0026,0.7386974682518139
2,4,MLP,2,2,0,0,227.9984,0.6710672399755738
2,4,MLP,2,2,0,0,229.0035,0.5920679240477585
2,4,MLP,2,2,0,0,229.9966,0.7215576690309016
2,4,MLP,2,2,0,0,231.002,0.7092213197764433
2,4,MLP,2,2,0,0,231.9962,0.6420060898684523
2,4,MLP,2,2,0,0,233.0006,0.6567045127520224
2,4,MLP,2,2,0,0,233.9961,0.7544569381908389
2,4,MLP,2,2,0,0,235.0027,0.7460944153425564
2,4,MLP,2,2,0,0,235.996,0.6993721358509668
2,4,MLP,2,2,0,0,237.0018,0.5389342450628071
2,4,MLP,2,2,0,0,237.995,0.7790766643800068
2,4,MLP,2,2,0,0,239.0019,0.7296553398088003
2,4,MLP,2,2,0,0,239.9948,0.7455370676818553
2,4,MLP,2,2,0,0,240.9989,0.6981218973730058
2,4,MLP,2,2,0,0,242.0038,0.5983774335022854
2,4,MLP,2,2,0,0,242.9988,0.2394195479198067
2,4,MLP,2,2,0,0,244.0048,0.6258642779148892
2,4,MLP,2,2,0,0,244.9977,0.5753733733162323
2,4,MLP,2,2,0,0,246.0033,0.7258575923555473
2,4,MLP,2,2,0,0,246.9974,0.6414798928731856
2,4,MLP,2,2,0,0,248.0032,0.6954221165919162
2,4,MLP,2,2,0,0,248.9989,0.5909968555578141
2,4,MLP,2,2,0,0,250.0025,0.7314093682495837
2,4,MLP,2,2,0,0,250.9969,0.6555348454326047
2,4,MLP,2,2,0,0,252.0007,0.7343857032235104
2,4,MLP,2,2,0,0,252.9972,0.6369119041144793
2,4,MLP,2,2,0,0,254.0013,0.770584383029021
2,4,MLP,2,2,0,0,254.9957,0.7486465889990432
2,4,MLP,2,2,0,0,256.0012,0.6651663232489853
2,4,MLP,2,2,0,0,256.9948,0.7808346904010904
2,4,MLP,2,2,0,0,258.0016,0.6479480665399301
2,4,MLP,2,2,0,0,258.9961,0.6073571293595823
2,4,MLP,2,2,0,0,260.0005,0.7728136145244056
2,4,MLP,2,2,0,0,261.005,0.81536066845782
2,4,MLP,2,2,0,0,261.9996,0.6693051238303918
2,4,MLP,2,2,0,0,263.005,0.4344980166021609
2,4,MLP,2,2,0,0,263.9995,0.41715641750403687
2,4,MLP,2,2,0,0,265.0048,0.7739763489818338
2,4,MLP,2,2,0,0,265.9982,0.7184414854378746
2,4,MLP,2,2,0,0,267.0045,0.684333095177445
2,4,MLP,2,2,0,0,267.9995,0.753287210354534
2,4,MLP,2,2,0,0,269.0038,0.7060681626528852
2,4,MLP,2,2,0,0,269.9978,0.7180909989746741
2,4,MLP,2,2,0,0,271.0036,0.7030707396836003
2,4,MLP,2,2,0,0,271.9975,0.820386493665953
2,4,MLP,2,2,0,0,273.0035,0.7863160008789755
2,4,MLP,2,2,0,0,273.996,0.7988500041759367
2,4,MLP,2,2,0,0,275.0023,0.7603770981435052
2,4,MLP,2,2,0,0,275.9955,0.8900909827580487
2,4,MLP,2,2,0,0,277.0023,0.8130375326362286
2,4,MLP,2,2,0,0,277.996,0.7797650586253934
2,4,MLP,2,2,0,0,279.0019,0.7299958828865042
2,4,MLP,2,2,0,0,279.9952,0.5319010128209908
2,4,MLP,2,2,0,0,280.9987,0.7394468422319331
2,4,MLP,2,2,0,0,282.0053,0.8682298776197837
2,4,MLP,2,2,0,0,282.9994,0.8687065947960655
2,4,MLP,2,2,0,0,284.0045,0.8816288771498333
2,4,MLP,2,2,0,0,284.9988,0.8527601393368739
2,4,MLP,2,2,0,0,286.0036,0.8551085748935582
2,4,MLP,2,2,0,0,286.9983,0.9022738934967093
2,4,MLP,2,2,0,0,288.0022,0.8728192939864233
2,4,MLP,2,2,0,0,288.9989,0.8075379531938904
2,4,MLP,2,2,0,0,290.0029,0.8962133189146658
2,4,MLP,2,2,1,1,290.9975,0.9003866411517738
2,4,MLP,2,2,1,1,292.0027,0.9188726705589891
2,4,MLP,2,2,1,1,292.9962,0.9029385352588895
2,4,MLP,2,2,1,1,294.0034,0.9121065673073905
2,4,MLP,2,2,1,1,294.9959,0.9350273595501314
2,4,MLP,2,2,1,1,296.0013,0.9388978626638974
2,4,MLP,2,2,1,1,296.9955,0.9246221942841234
2,4,MLP,2,2,1,1,298.0017,0.9426970256626683
2,4,MLP,2,2,1,1,298.9961,0.8874648915548201
2,4,MLP,2,2,1,1,300.0004,0.7560057045707205
2,4,MLP,2,2,1,1,300.9952,0.9039630087038606
2,4,MLP,2,3,0,0,0.011238,4.5625146804274044e-05
2,4,MLP,2,3,0,0,1.010427,0.09067382087519377
2,4,MLP,2,3,0,0,2.005901,0.1875542285869008
2,4,MLP,2,3,0,0,3.009208,0.359308391752266
2,4,MLP,2,3,0,0,4.013891,0.4649587454906575
2,4,MLP,2,3,0,0,5.009709,0.3911010554654482
2,4,MLP,2,3,0,0,6.013655,0.2406753770045625
2,4,MLP,2,3,0,0,7.01029,0.5169185206093974
2,4,MLP,2,3,0,0,8.004245,0.5009431498229818
2,4,MLP,2,3,0,0,9.006847,0.27667631120164665
2,4,MLP,2,3,0,0,10.00374,0.3898247789685589
2,4,MLP,2,3,0,0,11.00845,0.5187800156212085
2,4,MLP,2,3,0,0,12.00327,0.5007123690945656
2,4,MLP,2,3,0,0,13.00797,0.3544429584325324
2,4,MLP,2,3,0,0,14.01414,0.5155417247039209
2,4,MLP,2,3,0,0,15.00711,0.5408909139238807
2,4,MLP,2,3,0,0,16.01306,0.49954136268911226
2,4,MLP,2,3,0,0,17.00686,0.5583251565372043
2,4,MLP,2,3,0,0,18.01257,0.3589435864903435
2,4,MLP,2,3,0,0,19.00748,0.5824899970994436
2,4,MLP,2,3,0,0,20.01261,0.5378651535134602
2,4,MLP,2,3,0,0,21.00554,0.5325077843427864
2,4,MLP,2,3,0,0,22.01061,0.5688282752074088
2,4,MLP,2,3,0,0,23.01419,0.553551011634419
2,4,MLP,2,3,0,0,24.01053,0.48474375468877506
2,4,MLP,2,3,0,0,25.00407,0.3204534656172227
2,4,MLP,2,3,0,0,26.01028,0.3316007253753263
2,4,MLP,2,3,0,0,27.00355,0.44481559520173386
2,4,MLP,2,3,0,0,28.00709,0.2525360373737583
2,4,MLP,2,3,0,0,29.00403,0.11864299744729612
2,4,MLP,2,3,0,0,30.00948,0.35912952137778226
2,4,MLP,2,3,0,0,31.01333,0.3385462433225663
2,4,MLP,2,3,0,0,32.00739,0.22029679211083808
2,4,MLP,2,3,0,0,33.0139,0.1282547097198791
2,4,MLP,2,3,0,0,34.0069,0.332951444350975
2,4,MLP,2,3,0,0,35.01249,0.34163810627614777
2,4,MLP,2,3,0,0,36.00776,0.27844814854243355
2,4,MLP,2,3,0,0,37.01255,0.3398237588297038
2,4,MLP,2,3,0,0,38.00636,0.4121543231178726
2,4,MLP,2,3,0,0,39.01038,0.4307560878287104
2,4,MLP,2,3,0,0,40.0048,0.44515019045444293
2,4,MLP,2,3,0,0,41.01232,0.36381913723872056
2,4,MLP,2,3,0,0,42.00532,0.41238161360427167
2,4,MLP,2,3,0,0,43.01156,0.36534067968188716
2,4,MLP,2,3,0,0,44.00523,0.5030428216478329
2,4,MLP,2,3,0,0,45.0106,0.51268264391495
2,4,MLP,2,3,0,0,46.00391,0.5243558552661949
2,4,MLP,2,3,0,0,47.00961,0.34769545432888255
2,4,MLP,2,3,0,0,48.00344,0.43943164730265205
2,4,MLP,2,3,0,0,49.00859,0.45909530433533463
2,4,MLP,2,3,0,0,50.01414,0.4516274419545636
2,4,MLP,2,3,0,0,51.00926,0.3634344579692156
2,4,MLP,2,3,0,0,52.01384,0.3000587884570334
2,4,MLP,2,3,0,0,53.00763,0.25486201232759453
2,4,MLP,2,3,0,0,54.01284,0.3614553201526316
2,4,MLP,2,3,0,0,55.007,0.29827174008674134
2,4,MLP,2,3,0,0,56.0122,0.30523470811088327
2,4,MLP,2,3,0,0,57.00453,0.3776963926122266
2,4,MLP,2,3,0,0,58.01069,0.13069575783573467
2,4,MLP,2,3,0,0,59.00611,0.2828861607656202
2,4,MLP,2,3,0,0,60.00909,0.44549065368063717
2,4,MLP,2,3,0,0,61.00516,0.32408385316491806
2,4,MLP,2,3,0,0,62.01141,0.5150003168077592
2,4,MLP,2,3,0,0,63.00307,0.4518042711095071
2,4,MLP,2,3,0,0,64.00782,0.39832002633236546
2,4,MLP,2,3,0,0,65.004,0.48891705595906065
2,4,MLP,2,3,0,0,66.0097,0.42269933618188477
2,4,MLP,2,3,0,0,67.00374,0.47635087044801616
2,4,MLP,2,3,0,0,68.00844,0.5069802214661049
2,4,MLP,2,3,0,0,69.01296,0.42289365302597537
2,4,MLP,2,3,0,0,70.00988,0.4392847612029509
2,4,MLP,2,3,0,0,71.0142,0.590423409459985
2,4,MLP,2,3,0,0,72.00565,0.6023511081551979
2,4,MLP,2,3,0,0,73.01225,0.6101115046706082
2,4,MLP,2,3,0,0,74.0084,0.5517894521453464
2,4,MLP,2,3,0,0,75.01354,0.3599767099346458
2,4,MLP,2,3,0,0,76.00615,0.6462776766735274
2,4,MLP,2,3,0,0,77.0134,0.5381456375030559
2,4,MLP,2,3,0,0,78.00726,0.7080049161356753
2,4,MLP,2,3,0,0,79.01142,0.6508452738041508
2,4,MLP,2,3,0,0,80.00616,0.7371820927516851
2,4,MLP,2,3,0,0,81.01123,0.7128842784440018
2,4,MLP,2,3,0,0,82.00616,0.7723597107377995
2,4,MLP,2,3,0,0,83.00994,0.665247686197898
2,4,MLP,2,3,0,0,84.00312,0.8029093086430408
2,4,MLP,2,3,0,0,85.00861,0.7755158625073826
2,4,MLP,2,3,0,0,86.00405,0.7543082143474559
2,4,MLP,2,3,0,0,87.01019,0.7837405914801301
2,4,MLP,2,3,0,0,88.01415,0.820625087439579
2,4,MLP,2,3,0,0,89.00842,0.8352137057437766
2,4,MLP,2,3,0,0,90.01416,0.44832776239733046
2,4,MLP,2,3,0,0,91.0079,0.8422007249423069
2,4,MLP,2,3,0,0,92.00355,0.7163452849358867
2,4,MLP,2,3,0,0,93.00796,0.6283145697933381
2,4,MLP,2,3,0,0,94.01137,0.39058355279052015
2,4,MLP,2,3,0,0,95.00732,0.7247163217178084
2,4,MLP,2,3,0,0,96.01418,0.5661819777948731
2,4,MLP,2,3,0,0,97.00631,0.5337698544588945
2,4,MLP,2,3,0,0,98.01198,0.6768391133123253
2,4,MLP,2,3,0,0,99.0062,0.5642916005181805
2,4,MLP,2,3,0,0,100.012,0.6189899042201743
2,4,MLP,2,3,0,0,101.0051,0.6014635675848414
2,4,MLP,2,3,0,0,102.0107,0.7475440178456361
2,4,MLP,2,3,0,0,103.0037,0.7601258285289986
2,4,MLP,2,3,0,0,104.0105,0.7145172830080042
2,4,MLP,2,3,0,0,105.0039,0.5917505707890126
2,4,MLP,2,3,0,0,106.0083,0.7195214551715797
2,4,MLP,2,3,0,0,107.0031,0.6487863956679503
2,4,MLP,2,3,0,0,108.0084,0.698862291276663
2,4,MLP,2,3,0,0,109.0032,0.6576203673240838
2,4,MLP,2,3,0,0,110.0087,0.74486645259121
2,4,MLP,2,3,0,0,111.0139,0.6020864894639694
2,4,MLP,2,3,0,0,112.0062,0.7670197193488486
2,4,MLP,2,3,0,0,113.0129,0.6490302847061689
2,4,MLP,2,3,0,0,114.0063,0.7653282307040241
2,4,MLP,2,3,0,0,115.0135,0.616248291988678
2,4,MLP,2,3,0,0,116.0077,0.6629249264327032
2,4,MLP,2,3,0,0,117.013,0.7470798467261175
2,4,MLP,2,3,0,0,118.0064,0.8172955000714331
2,4,MLP,2,3,0,0,119.0118,0.8077505562011782
2,4,MLP,2,3,0,0,120.0056,0.7770213938032117
2,4,MLP,2,3,0,0,121.0098,0.8065549729458598
2,4,MLP,2,3,0,0,122.0058,0.8167636824329735
2,4,MLP,2,3,0,0,123.0083,0.7933369602878697
2,4,MLP,2,3,0,0,124.0142,0.7154841177471206
2,4,MLP,2,3,0,0,125.0098,0.7034852394464121
2,4,MLP,2,3,0,0,126.0131,0.744227413420685
2,4,MLP,2,3,0,0,127.0085,0.8432235630834155
2,4,MLP,2,3,0,0,128.0035,0.7610067825090686
2,4,MLP,2,3,0,0,129.0072,0.8209410346948359
2,4,MLP,2,3,0,0,130.014,0.7483935051310826
2,4,MLP,2,3,0,0,131.0072,0.8515457782219561
2,4,MLP,2,3,0,0,132.0132,0.8538384691895171
2,4,MLP,2,3,0,0,133.0071,0.8602312373492158
2,4,MLP,2,3,0,0,134.0137,0.8184220700183727
2,4,MLP,2,3,0,0,135.0055,0.8668897216768016
2,4,MLP,2,3,0,0,136.0135,0.8801174253210956
2,4,MLP,2,3,0,0,137.0076,0.9197307060432409
2,4,MLP,2,3,0,0,138.0122,0.9232166001087598
2,4,MLP,2,3,0,0,139.006,0.9400013126455776
2,4,MLP,2,3,0,0,140.0114,0.7612557721189925
2,4,MLP,2,3,0,0,141.0062,0.8103436166525351
2,4,MLP,2,3,0,0,142.0109,0.5541383941460932
2,4,MLP,2,3,0,0,143.0041,0.8547790712431752
2,4,MLP,2,3,0,0,144.0106,0.8253749302966735
2,4,MLP,2,3,0,0,145.0049,0.7751388209444046
2,4,MLP,2,3,0,0,146.0097,0.8465032257595941
2,4,MLP,2,3,0,0,147.0045,0.8621848180117079
2,4,MLP,2,3,0,0,148.0082,0.862168980553023
2,4,MLP,2,3,0,0,149.0146,0.6881789289661364
2,4,MLP,2,3,0,0,150.0082,0.7119849061320698
2,4,MLP,2,3,0,0,151.0033,0.8363701548670752
2,4,MLP,2,3,0,0,152.0067,0.8773886654965055
2,4,MLP,2,3,0,0,153.0131,0.7826373803285032
2,4,MLP,2,3,0,0,154.0056,0.8051667562215337
2,4,MLP,2,3,0,0,155.0124,0.7796031380030737
2,4,MLP,2,3,0,0,156.0072,0.7949576910836965
2,4,MLP,2,3,0,0,157.0128,0.82964951968682
2,4,MLP,2,3,0,0,158.0061,0.8926695670244443
2,4,MLP,2,3,0,0,159.0115,0.8662077635760059
2,4,MLP,2,3,0,0,160.0054,0.8423464497211807
2,4,MLP,2,3,0,0,161.0108,0.8663760274706307
2,4,MLP,2,3,0,0,162.0054,0.7674678493065363
2,4,MLP,2,3,0,0,163.0095,0.8515140978940691
2,4,MLP,2,3,0,0,164.0036,0.8493944590127872
2,4,MLP,2,3,0,0,165.0094,0.8676984466088816
2,4,MLP,2,3,0,0,166.0135,0.8175202038280093
2,4,MLP,2,3,0,0,167.0089,0.781884147974253
2,4,MLP,2,3,0,0,168.0038,0.5440997744220956
2,4,MLP,2,3,0,0,169.0093,0.713105840996779
2,4,MLP,2,3,0,0,170.0146,0.6291010747628529
2,4,MLP,2,3,0,0,171.0075,0.5915541505723931
2,4,MLP,2,3,0,0,172.0137,0.5709161272940526
2,4,MLP,2,3,0,0,173.0077,0.646358191085737
2,4,MLP,2,3,0,0,174.0128,0.5491393193897405
2,4,MLP,2,3,0,0,175.0064,0.6548575134532783
2,4,MLP,2,3,0,0,176.0134,0.5600783553743964
2,4,MLP,2,3,0,0,177.0064,0.4445688895187897
2,4,MLP,2,3,0,0,178.0123,0.5641435084730643
2,4,MLP,2,3,0,0,179.0055,0.6497987612538152
2,4,MLP,2,3,0,0,180.0109,0.662527263614944
2,4,MLP,2,3,0,0,181.004,0.6578223967498156
2,4,MLP,2,3,0,0,182.0105,0.6423230676082343
2,4,MLP,2,3,0,0,183.0044,0.5969919457500299
2,4,MLP,2,3,0,0,184.0103,0.6905078405460886
2,4,MLP,2,3,0,0,185.0039,0.552602015570183
2,4,MLP,2,3,0,0,186.0109,0.5722254832161698
2,4,MLP,2,3,0,0,187.0144,0.5121707712271967
2,4,MLP,2,3,0,0,188.0096,0.6169198171919834
2,4,MLP,2,3,0,0,189.0142,0.42035425053666503
2,4,MLP,2,3,0,0,190.0089,0.5736847195207859
2,4,MLP,2,3,0,0,191.0136,0.5008252649363321
2,4,MLP,2,3,0,0,192.0078,0.6191729516925297
2,4,MLP,2,3,0,0,193.0136,0.4119324519349148
2,4,MLP,2,3,0,0,194.0066,0.6408071595538553
2,4,MLP,2,3,0,0,195.0137,0.5508760243060801
2,4,MLP,2,3,0,0,196.0059,0.5242974512387347
2,4,MLP,2,3,0,0,197.0126,0.5444487829435041
2,4,MLP,2,3,0,0,198.0066,0.6254487071530057
2,4,MLP,2,3,0,0,199.0112,0.6871650549838381
2,4,MLP,2,3,0,0,200.0051,0.6678710274898794
2,4,MLP,2,3,0,0,201.0101,0.5942636731897247
2,4,MLP,2,3,0,0,202.0057,0.6957939641375605
2,4,MLP,2,3,0,0,203.0104,0.6947967814306384
2,4,MLP,2,3,0,0,204.0044,0.7469753477108483
2,4,MLP,2,3,0,0,205.0099,0.7778975400472126
2,4,MLP,2,3,0,0,206.0038,0.7602488643974173
2,4,MLP,2,3,0,0,207.0091,0.7937617347808494
2,4,MLP,2,3,0,0,208.0138,0.8153536135725599
2,4,MLP,2,3,0,0,209.0093,0.8277860856456937
2,4,MLP,2,3,0,0,210.0041,0.8407494693542629
2,4,MLP,2,3,0,0,211.0063,0.8516287829713516
2,4,MLP,2,3,0,0,212.0139,0.8802231279687283
2,4,MLP,2,3,0,0,213.0081,0.8870752451614268
2,4,MLP,2,3,0,0,214.0138,0.9051878089611177
2,4,MLP,2,3,0,0,215.0059,0.9229981256265739
2,4,MLP,2,3,0,0,216.0132,0.9334703909290079
2,4,MLP,2,3,0,0,217.0059,0.9411670838390698
2,4,MLP,2,3,0,0,218.0114,0.9544005326581021
2,4,MLP,2,3,0,0,219.006,0.9602835680134459
2,4,MLP,2,3,0,0,220.0104,0.955274332469295
2,4,MLP,2,3,0,0,221.0062,0.9652525449532704
2,4,MLP,2,3,0,0,222.0106,0.9618388539801694
2,4,MLP,2,3,0,0,223.0049,0.8802157750437201
2,4,MLP,2,3,0,0,224.0104,0.676645309726503
2,4,MLP,2,3,0,0,225.0054,0.9051399101358811
2,4,MLP,2,3,0,0,226.009,0.8926081719536357
2,4,MLP,2,3,0,0,227.0141,0.8057151074487016
2,4,MLP,2,3,0,0,228.007,0.9419847451585608
2,4,MLP,2,3,0,0,229.0136,0.8916542846910196
2,4,MLP,2,3,0,0,230.007,0.9299217226792894
2,4,MLP,2,3,0,0,231.0132,0.8441455126212478
2,4,MLP,2,3,0,0,232.0052,0.9377414302873308
2,4,MLP,2,3,0,0,233.0103,0.8729175216016761
2,4,MLP,2,3,0,0,234.006,0.9001994214588821
2,4,MLP,2,3,0,0,235.0119,0.8710008218873992
2,4,MLP,2,3,0,0,236.0068,0.919275724435654
2,4,MLP,2,3,0,0,237.0114,0.8984800990725093
2,4,MLP,2,3,0,0,238.0062,0.8849221746174797
2,4,MLP,2,3,0,0,239.0112,0.9073554232244506
2,4,MLP,2,3,0,0,240.0064,0.9335988635874332
2,4,MLP,2,3,0,0,241.0103,0.9000664029175502
2,4,MLP,2,3,0,0,242.0039,0.9290074768576457
2,4,MLP,2,3,0,0,243.0101,0.9112938424011736
2,4,MLP,2,3,0,0,244.0035,0.8057910678096109
2,4,MLP,2,3,0,0,245.0085,0.8445835030298814
2,4,MLP,2,3,0,0,246.0035,0.8411957052559886
2,4,MLP,2,3,0,0,247.0071,0.8207796764175793
2,4,MLP,2,3,0,0,248.0035,0.8444557188847416
2,4,MLP,2,3,0,0,249.0085,0.8290244691005223
2,4,MLP,2,3,0,0,250.0133,0.8125621754887417
2,4,MLP,2,3,0,0,251.0078,0.8139901714172741
2,4,MLP,2,3,0,0,252.0139,0.8009991715021495
2,4,MLP,2,3,0,0,253.0063,0.7019827239947437
2,4,MLP,2,3,0,0,254.012,0.6733235565455152
2,4,MLP,2,3,0,0,255.0076,0.48079669523104057
2,4,MLP,2,3,0,0,256.0135,0.7363792157505977
2,4,MLP,2,3,0,0,257.0063,0.7116782897676409
2,4,MLP,2,3,0,0,258.0114,0.7028338858857476
2,4,MLP,2,3,0,0,259.0068,0.619975255337746
2,4,MLP,2,3,0,0,260.0124,0.7482827398825618
2,4,MLP,2,3,0,0,261.0036,0.7510568035333534
2,4,MLP,2,3,0,0,262.0094,0.7525609876170737
2,4,MLP,2,3,0,0,263.0131,0.543005175182752
2,4,MLP,2,3,0,0,264.0099,0.7843602581521036
2,4,MLP,2,3,0,0,265.0028,0.7113690397437328
2,4,MLP,2,3,0,0,266.0089,0.6790027892961819
2,4,MLP,2,3,0,0,267.0042,0.7954685261133309
2,4,MLP,2,3,0,0,268.0081,0.7785843373061546
2,4,MLP,2,3,0,0,269.0143,0.7234879698211795
2,4,MLP,2,3,0,0,270.0072,0.8079583029672823
2,4,MLP,2,3,0,0,271.0114,0.8309972225639947
2,4,MLP,2,3,0,0,272.0073,0.8415102178674051
2,4,MLP,2,3,0,0,273.0117,0.7852818213093965
2,4,MLP,2,3,0,0,274.006,0.7665930870647025
2,4,MLP,2,3,0,0,275.0121,0.8463287271731379
2,4,MLP,2,3,0,0,276.005,0.8610054843543721
2,4,MLP,2,3,0,0,277.0126,0.8376817603710324
2,4,MLP,2,3,0,0,278.003,0.8280419931777755
2,4,MLP,2,3,0,0,279.0113,0.9001783269386007
2,4,MLP,2,3,0,0,280.0044,0.8583009369476579
2,4,MLP,2,3,0,0,281.0101,0.8475006857572084
2,4,MLP,2,3,0,0,282.0047,0.8392368393698757
2,4,MLP,2,3,0,0,283.0086,0.7948011412003526
2,4,MLP,2,3,0,0,284.0052,0.7899763922076086
2,4,MLP,2,3,0,0,285.0094,0.8362263330233254
2,4,MLP,2,3,0,0,286.0031,0.8156472214135699
2,4,MLP,2,3,0,0,287.0089,0.8448485738065653
2,4,MLP,2,3,0,0,288.0141,0.8373142245997945
2,4,MLP,2,3,0,0,289.0098,0.837464573411653
2,4,MLP,2,3,0,0,290.0146,0.8061124746154694
2,4,MLP,2,3,0,0,291.0092,0.8596113533199737
2,4,MLP,2,3,0,0,292.0125,0.8696221628769749
2,4,MLP,2,3,0,0,293.0078,0.7789065223810976
2,4,MLP,2,3,0,0,294.0122,0.8821475112697409
2,4,MLP,2,3,0,0,295.0077,0.800295417398757
2,4,MLP,2,3,0,0,296.0117,0.8838877721526593
2,4,MLP,2,3,0,0,297.005,0.867901482789004
2,4,MLP,2,3,0,0,298.0123,0.8438777863386879
2,4,MLP,2,3,0,0,299.0035,0.8610452799206226
2,4,MLP,2,3,0,0,300.0103,0.8621226026149131
2,4,MLP,2,3,0,0,301.0058,0.8382896948015468
2,4,MLP,4,5,0,0,0.0112268,2.4474747803099874e-27
2,4,MLP,4,5,0,0,1.010952,4.3323665618756444e-14
2,4,MLP,4,5,0,0,2.01688,2.301327102752578e-08
2,4,MLP,4,5,0,0,3.010709,9.611669800531662e-08
2,4,MLP,4,5,0,0,4.015441,2.1566569753536043e-07
2,4,MLP,4,5,0,0,5.010154,6.468450325542449e-07
2,4,MLP,4,5,0,0,6.01441,1.199549538484686e-06
2,4,MLP,4,5,0,0,7.008793,2.440032319389573e-06
2,4,MLP,4,5,0,0,8.014668,3.1065733737490807e-06
2,4,MLP,4,5,0,0,9.007746,3.7017114640931962e-06
2,4,MLP,4,5,0,0,10.01372,4.956240647549842e-06
2,4,MLP,4,5,0,0,11.00726,5.63236632051606e-06
2,4,MLP,4,5,0,0,12.01249,7.524543878853142e-06
2,4,MLP,4,5,0,0,13.00669,9.050363428835406e-06
2,4,MLP,4,5,0,0,14.01282,1.2830384717847746e-05
2,4,MLP,4,5,0,0,15.00744,1.5914159556683835e-05
2,4,MLP,4,5,0,0,16.01075,1.5942982447404186e-05
2,4,MLP,4,5,0,0,17.01668,2.014355510383405e-05
2,4,MLP,4,5,0,0,18.0118,3.3218006100575936e-05
2,4,MLP,4,5,0,0,19.01557,2.7794772874689264e-05
2,4,MLP,4,5,0,0,20.00926,3.335291231321586e-05
2,4,MLP,4,5,0,0,21.01652,3.9829396978422913e-05
2,4,MLP,4,5,0,0,22.00971,3.636070304908649e-05
2,4,MLP,4,5,0,0,23.01418,6.494424912649365e-05
2,4,MLP,4,5,0,0,24.00919,4.56451720376996e-05
2,4,MLP,4,5,0,0,25.01588,5.246851321582487e-05
2,4,MLP,4,5,0,0,26.00942,7.788331657452527e-05
2,4,MLP,4,5,0,0,27.01412,9.327552936723857e-05
2,4,MLP,4,5,0,0,28.00889,8.271979255861508e-05
2,4,MLP,4,5,0,0,29.01367,0.00010907472655209763
2,4,MLP,4,5,0,0,30.00709,1.0680595837989151e-05
2,4,MLP,4,5,0,0,31.01377,1.1086863960058731e-05
2,4,MLP,4,5,0,0,32.00727,1.2230105615081527e-05
2,4,MLP,4,5,0,0,33.01159,1.4033023474355437e-05
2,4,MLP,4,5,0,0,34.00792,1.4483790245048891e-05
2,4,MLP,4,5,0,0,35.01075,7.290228782727132e-05
2,4,MLP,4,5,0,0,36.00707,3.5560425930734074e-05
2,4,MLP,4,5,0,0,37.01272,8.634168231125416e-05
2,4,MLP,4,5,0,0,38.01709,1.7166581428228678e-05
2,4,MLP,4,5,0,0,39.01067,6.386429217476215e-05
2,4,MLP,4,5,0,0,40.01581,3.918159048261312e-05
2,4,MLP,4,5,0,0,41.01084,3.809942357309391e-05
2,4,MLP,4,5,0,0,42.01547,4.0034978827135634e-05
2,4,MLP,4,5,0,0,43.01104,0.00012953828332139955
2,4,MLP,4,5,0,0,44.01458,4.2874438383978976e-05
2,4,MLP,4,5,0,0,45.00882,6.148529263992816e-05
2,4,MLP,4,5,0,0,46.01222,5.1942905019034735e-05
2,4,MLP,4,5,0,0,47.00699,5.6664126136993914e-05
2,4,MLP,4,5,0,0,48.01369,5.546537724683016e-05
2,4,MLP,4,5,0,0,49.00858,7.391378716208226e-05
2,4,MLP,4,5,0,0,50.01452,6.271013900643728e-05
2,4,MLP,4,5,0,0,51.00806,0.00012698034378684286
2,4,MLP,4,5,0,0,52.01318,8.549579300823283e-05
2,4,MLP,4,5,0,0,53.00839,0.00011680377285509727
2,4,MLP,4,5,0,0,54.01276,8.144832325024131e-05
2,4,MLP,4,5,0,0,55.0175,0.00010510219973186486
2,4,MLP,4,5,0,0,56.01182,8.894178627423745e-05
2,4,MLP,4,5,0,0,57.00686,0.00012378626150398212
2,4,MLP,4,5,0,0,58.01109,0.00014148748490780074
2,4,MLP,4,5,0,0,59.01705,0.00013749304410065515
2,4,MLP,4,5,0,0,60.01059,0.0001263175460242318
2,4,MLP,4,5,0,0,61.01579,0.00019098161436910678
2,4,MLP,4,5,0,0,62.00929,0.00013759298677729423
2,4,MLP,4,5,0,0,63.01626,0.00015930604707725343
2,4,MLP,4,5,0,0,64.01065,0.00017193789991116072
2,4,MLP,4,5,0,0,65.01405,0.0001404854019278778
2,4,MLP,4,5,0,0,66.00948,0.00016470089910048026
2,4,MLP,4,5,0,0,67.01539,0.00016783302500576579
2,4,MLP,4,5,0,0,68.00793,0.0001680747370174679
2,4,MLP,4,5,0,0,69.014,0.00017132575085081485
2,4,MLP,4,5,0,0,70.00879,0.0002665478547984963
2,4,MLP,4,5,0,0,71.01364,0.0003102788029191612
2,4,MLP,4,5,0,0,72.00794,0.0002596735594144394
2,4,MLP,4,5,0,0,73.01243,0.00024125170042352872
2,4,MLP,4,5,0,0,74.01789,0.00031985950814136284
2,4,MLP,4,5,0,0,75.01195,0.00030726095737054304
2,4,MLP,4,5,0,0,76.01669,0.0003738069414723324
2,4,MLP,4,5,0,0,77.01137,0.00038390425151917345
2,4,MLP,4,5,0,0,78.01778,0.00034179612146428276
2,4,MLP,4,5,0,0,79.00958,0.0003835656831835367
2,4,MLP,4,5,0,0,80.01713,0.0006153457730921312
2,4,MLP,4,5,0,0,81.01,0.0006153130195958482
2,4,MLP,4,5,0,0,82.01595,0.0005140122922485172
2,4,MLP,4,5,0,0,83.00983,0.0005443979812472696
2,4,MLP,4,5,0,0,84.01365,0.0006010078321689829
2,4,MLP,4,5,0,0,85.00916,0.0008275287492077536
2,4,MLP,4,5,0,0,86.01279,0.000997252529426247
2,4,MLP,4,5,0,0,87.00995,0.0009844025594921797
2,4,MLP,4,5,0,0,88.01443,0.000942950214851157
2,4,MLP,4,5,0,0,89.00826,0.0013732739777957226
2,4,MLP,4,5,0,0,90.01387,0.001061056171963571
2,4,MLP,4,5,0,0,91.00777,0.001239361729549861
2,4,MLP,4,5,0,0,92.01324,0.0012635506669184248
2,4,MLP,4,5,0,0,93.00788,0.004672613643906634
2,4,MLP,4,5,0,0,94.01026,0.045095854913684404
2,4,MLP,4,5,0,0,95.00691,0.0034215670761011275
2,4,MLP,4,5,1,1,96.01107,0.00173451888973325
2,4,MLP,4,5,1,1,97.01478,0.0023262251392016987
2,4,MLP,4,5,1,1,98.00982,0.002242014832088204
2,4,MLP,4,5,1,1,99.0165,0.002389403321919358
2,4,MLP,4,5,1,1,100.0108,0.0020527170945355295
2,4,MLP,4,5,1,1,101.0142,0.0020086663246003072
2,4,MLP,4,5,1,1,102.0099,0.002059403112758447
2,4,MLP,4,5,1,1,103.0166,0.0017455880633923837
2,4,MLP,4,5,1,1,104.0105,0.002490398741554746
2,4,MLP,4,5,1,1,105.0166,0.0026998571287345082
2,4,MLP,4,5,1,1,106.0182,0.0021964722403657504
2,4,MLP,4,5,1,1,107.0155,0.0021276311348124867
2,4,MLP,4,5,1,1,108.0081,0.0016646846684082177
2,4,MLP,4,5,1,1,109.0137,0.0016712191434038962
2,4,MLP,4,5,1,1,110.0078,0.0017540166512371885
2,4,MLP,4,5,1,1,111.0129,0.002152289088451165
2,4,MLP,4,5,1,1,112.0085,0.002033360450306718
2,4,MLP,4,5,1,1,113.0132,0.001996069765982448
2,4,MLP,4,5,1,1,114.0183,0.002337226135549521
2,4,MLP,4,5,1,1,115.0109,0.002032857217049046
2,4,MLP,4,5,1,1,116.0171,0.002206569629002473
2,4,MLP,4,5,1,1,117.0108,0.001938292349724781
2,4,MLP,4,5,1,1,118.017,0.0021011424266749435
2,4,MLP,4,5,1,1,119.0105,0.0016534532019376032
2,4,MLP,4,5,1,1,120.017,0.11508516062411345
2,4,MLP,4,5,1,1,121.0103,0.15322787304620475
2,4,MLP,4,5,1,1,122.0142,0.1598391389925556
2,4,MLP,4,5,1,1,123.0111,0.20318940687246848
2,4,MLP,4,5,1,1,124.0154,0.1743198095548536
2,4,MLP,4,5,1,1,125.0098,0.13468024020570865
2,4,MLP,4,5,1,1,126.016,0.12766420622368382
2,4,MLP,4,5,1,1,127.0077,0.15934031826244222
2,4,MLP,4,5,1,1,128.0149,0.16284316865987064
2,4,MLP,4,5,1,1,129.0092,0.22902538708098924
2,4,MLP,4,5,1,1,130.0139,0.1930771798745988
2,4,MLP,4,5,1,1,131.0076,0.19843460845522853
2,4,MLP,4,5,1,1,132.0115,0.2157037831402136
2,4,MLP,4,5,1,1,133.0071,0.3068432051086451
2,4,MLP,4,5,1,1,134.0139,0.29910558293773654
2,4,MLP,4,5,1,1,135.0174,0.28065240150295745
2,4,MLP,4,5,1,1,136.0132,0.28045319822849796
2,4,MLP,4,5,1,1,137.0163,0.1611864722664404
2,4,MLP,4,5,1,1,138.0116,0.1333379656163634
2,4,MLP,4,5,1,1,139.0176,0.1328878055769455
2,4,MLP,4,5,1,1,140.0102,0.09245149270982297
2,4,MLP,4,5,1,1,141.0144,0.09867765077444873
2,4,MLP,4,5,1,1,142.0095,0.1252271079360835
2,4,MLP,4,5,1,1,143.0164,0.17783524692701005
2,4,MLP,4,5,1,1,144.0101,0.157194258779362
2,4,MLP,4,5,1,1,145.0154,0.11349306236488758
2,4,MLP,4,5,1,1,146.0091,0.20767394552221244
2,4,MLP,4,5,1,1,147.0136,0.1903511036399741
2,4,MLP,4,5,1,1,148.0082,0.2310548761098549
2,4,MLP,4,5,1,1,149.0152,0.08919420641336039
2,4,MLP,4,5,1,1,150.0077,0.19334319637246897
2,4,MLP,4,5,1,1,151.0137,0.21711778998680614
2,4,MLP,4,5,1,1,152.0168,0.1725372883830412
2,4,MLP,4,5,1,1,153.0125,0.16611588605289482
2,4,MLP,4,5,1,1,154.0174,0.23192848705682095
2,4,MLP,4,5,1,1,155.0128,0.11536877235251468
2,4,MLP,4,5,1,1,156.0177,0.2978066735269506
2,4,MLP,4,5,1,1,157.0102,0.22660012840385918
2,4,MLP,4,5,1,1,158.0163,0.2540816166536552
2,4,MLP,4,5,1,1,159.0115,0.33758691447351524
2,4,MLP,4,5,1,1,160.0177,0.27807343532871154
2,4,MLP,4,5,1,1,161.0104,0.3757486873670878
2,4,MLP,4,5,1,1,162.0165,0.284143715276422
2,4,MLP,4,5,1,1,163.0099,0.32676030852826704
2,4,MLP,4,5,1,1,164.0155,0.3470437162032955
2,4,MLP,4,5,1,1,165.0094,0.3973317428716736
2,4,MLP,4,5,1,1,166.0161,0.3260968862287387
2,4,MLP,4,5,1,1,167.0091,0.4123126715858744
2,4,MLP,4,5,1,1,168.0139,0.2799850164377806
2,4,MLP,4,5,1,1,169.0086,0.45472140072364153
2,4,MLP,4,5,1,1,170.0137,0.4031909049268895
2,4,MLP,4,5,1,1,171.0075,0.4697670250055172
2,4,MLP,4,5,1,1,172.0139,0.4521125416039199
2,4,MLP,4,5,1,1,173.0076,0.5182553476696324
2,4,MLP,4,5,1,1,174.0126,0.4402936089373484
2,4,MLP,4,5,1,1,175.0179,0.5802361867557847
2,4,MLP,4,5,1,1,176.0124,0.5429203137832902
2,4,MLP,4,5,1,1,177.0172,0.6203511823600686
2,4,MLP,4,5,1,1,178.0104,0.5988971687440465
2,4,MLP,4,5,1,1,179.0168,0.5932972695901679
2,4,MLP,4,5,1,1,180.0106,0.5771298431002183
2,4,MLP,4,5,1,1,181.0163,0.4338566051974062
2,4,MLP,4,5,1,1,182.0099,0.3726324713765588
2,4,MLP,4,5,1,1,183.0135,0.3783565445584173
2,4,MLP,4,5,1,1,184.0087,0.32482333083257026
2,4,MLP,4,5,1,1,185.0154,0.4810876291388025
2,4,MLP,4,5,1,1,186.0081,0.427326380431552
2,4,MLP,4,5,1,1,187.016,0.46298195196892566
2,4,MLP,4,5,1,1,188.0089,0.4715565450392992
2,4,MLP,4,5,1,1,189.0137,0.29539472998719346
2,4,MLP,4,5,1,1,190.0086,0.5401967771108664
2,4,MLP,4,5,1,1,191.0144,0.4133177924151842
2,4,MLP,4,5,1,1,192.0072,0.3549808745997489
2,4,MLP,4,5,1,1,193.0135,0.41825441146350195
2,4,MLP,4,5,1,1,194.0179,0.4689363253238489
2,4,MLP,4,5,1,1,195.013,0.3876458814438223
2,4,MLP,4,5,1,1,196.0172,0.3886483088195337
2,4,MLP,4,5,1,1,197.0123,0.21313905984639753
2,4,MLP,4,5,1,1,198.0175,0.21778255556420903
2,4,MLP,4,5,1,1,199.0116,0.40254940707363723
2,4,MLP,4,5,1,1,200.0164,0.3202816566383773
2,4,MLP,4,5,1,1,201.0108,0.44338910428940803
2,4,MLP,4,5,1,1,202.0157,0.17014719720046625
2,4,MLP,4,5,1,1,203.0093,0.19202416973183548
2,4,MLP,4,5,1,1,204.016,0.3497012726726464
2,4,MLP,4,5,1,1,205.009,0.3338075381126564
2,4,MLP,4,5,1,1,206.0156,0.386221045460768
2,4,MLP,4,5,1,1,207.0176,0.32488564039620405
2,4,MLP,4,5,1,1,208.0142,0.38500508229529523
2,4,MLP,4,5,1,1,209.008,0.16893881129589067
2,4,MLP,4,5,1,1,210.014,0.2398872800456289
2,4,MLP,4,5,1,1,211.0073,0.298276701461384
2,4,MLP,4,5,1,1,212.0144,0.30858839430297597
2,4,MLP,4,5,1,1,213.0071,0.3394302066364375
2,4,MLP,4,5,1,1,214.0131,0.27199466913932263
2,4,MLP,4,5,1,1,215.0179,0.37473975972530127
2,4,MLP,4,5,1,1,216.013,0.31452846947071555
2,4,MLP,4,5,1,1,217.0178,0.2559309376860371
2,4,MLP,4,5,1,1,218.0116,0.3502631957011482
2,4,MLP,4,5,1,1,219.016,0.373708711981255
2,4,MLP,4,5,1,1,220.0108,0.4449571656005899
2,4,MLP,4,5,1,1,221.0161,0.35880688817583223
2,4,MLP,4,5,1,1,222.0095,0.4287856193713761
2,4,MLP,4,5,1,1,223.0147,0.36049944030330355
2,4,MLP,4,5,1,1,224.0093,0.469618886669156
2,4,MLP,4,5,1,1,225.0162,0.4293902909546851
2,4,MLP,4,5,1,1,226.0088,0.5344755517161761
2,4,MLP,4,5,1,1,227.0151,0.4917615538769428
2,4,MLP,4,5,1,1,228.0091,0.5760594581538647
2,4,MLP,4,5,1,1,229.0138,0.5435389256728297
2,4,MLP,4,5,1,1,230.0083,0.6084586566489609
2,4,MLP,4,5,1,1,231.0125,0.4311211211579432
2,4,MLP,4,5,1,1,232.0183,0.7882001320901992
2,4,MLP,4,5,1,1,233.0139,0.6854600456523019
2,4,MLP,4,5,1,1,234.0073,0.6630146415011967
2,4,MLP,4,5,1,1,235.0123,0.7688934957713681
2,4,MLP,4,5,1,1,236.016,0.7528648551085633
2,4,MLP,4,5,1,1,237.0108,0.7939905553798063
2,4,MLP,4,5,1,1,238.017,0.632921473665077
2,4,MLP,4,5,1,1,239.0087,0.8086636170675592
2,4,MLP,4,5,1,1,240.0161,0.769668092077021
2,4,MLP,4,5,1,1,241.01,0.6718390123909966
2,4,MLP,4,5,1,1,242.016,0.3018237100593362
2,4,MLP,4,5,1,1,243.0107,0.33241887534972253
2,4,MLP,4,5,1,1,244.0154,0.6501731542976473
2,4,MLP,4,5,1,1,245.0092,0.5048450275703095
2,4,MLP,4,5,1,1,246.0161,0.6844257475497715
2,4,MLP,4,5,1,1,247.0085,0.6977916693763583
2,4,MLP,4,5,1,1,248.0154,0.5325042896358819
2,4,MLP,4,5,1,1,249.0085,0.4737727596950558
2,4,MLP,4,5,1,1,250.0141,0.39518869978389537
2,4,MLP,4,5,1,1,251.0076,0.43544955070837393
2,4,MLP,4,5,1,1,252.0128,0.5935466697651407
2,4,MLP,4,5,1,1,253.0088,0.5101854187933428
2,4,MLP,4,5,1,1,254.0108,0.5483540388833076
2,4,MLP,4,5,1,1,255.0078,0.45113318902790184
2,4,MLP,4,5,1,1,256.012,0.5882182663572171
2,4,MLP,4,5,1,1,257.0182,0.5899693609423804
2,4,MLP,4,5,1,1,258.0112,0.5443482598147448
2,4,MLP,4,5,1,1,259.0172,0.35723901475276837
2,4,MLP,4,5,1,1,260.0108,0.6504398308691125
2,4,MLP,4,5,1,1,261.017,0.5989754263961061
2,4,MLP,4,5,1,1,262.0099,0.6220040318541624
2,4,MLP,4,5,1,1,263.0157,0.5563932972802714
2,4,MLP,4,5,1,1,264.0089,0.5426807784526354
2,4,MLP,4,5,1,1,265.0158,0.40950899646192973
2,4,MLP,4,5,1,1,266.0085,0.33333320605066236
2,4,MLP,4,5,1,1,267.0144,0.49762516190574546
2,4,MLP,4,5,1,1,268.0078,0.5615929059040933
2,4,MLP,4,5,1,1,269.0122,0.5692291658618978
2,4,MLP,4,5,1,1,270.0178,0.36019820465755864
2,4,MLP,4,5,1,1,271.0129,0.35692210997836554
2,4,MLP,4,5,1,1,272.0069,0.5466731615056827
2,4,MLP,4,5,1,1,273.0135,0.49984972348050677
2,4,MLP,4,5,1,1,274.0166,0.3386822684963004
2,4,MLP,4,5,1,1,275.0122,0.46428943488327207
2,4,MLP,4,5,1,1,276.0172,0.4793324860006022
2,4,MLP,4,5,1,1,277.0125,0.5847278334703356
2,4,MLP,4,5,1,1,278.0169,0.5382101030944382
2,4,MLP,4,5,1,1,279.0107,0.6164179526449253
2,4,MLP,4,5,1,1,280.0169,0.6272298786817928
2,4,MLP,4,5,1,1,281.0101,0.7223104761438853
2,4,MLP,4,5,1,1,282.0158,0.4725060741872897
2,4,MLP,4,5,1,1,283.0089,0.5780995822709261
2,4,MLP,4,5,1,1,284.0149,0.7047599603134248
2,4,MLP,4,5,1,1,285.0083,0.5699933855624794
2,4,MLP,4,5,1,1,286.0139,0.7239435462418528
2,4,MLP,4,5,1,1,287.0074,0.7657730278483049
2,4,MLP,4,5,1,1,288.0117,0.6186841450419357
2,4,MLP,4,5,1,1,289.007,0.7944185884842677
2,4,MLP,4,5,1,1,290.0117,0.749748160570346
2,4,MLP,4,5,1,1,291.008,0.7176917168236983
2,4,MLP,4,5,1,1,292.0127,0.8358368888016031
2,4,MLP,4,5,1,1,293.017,0.8465621819412226
2,4,MLP,4,5,1,1,294.0127,0.5618851294342044
2,4,MLP,4,5,1,1,295.0174,0.7232553530759614
2,4,MLP,4,5,1,1,296.0103,0.7214072883624444
2,4,MLP,4,5,1,1,297.017,0.6336617140832176
2,4,MLP,4,5,1,1,298.0103,0.5875310499155474
2,4,MLP,4,5,1,1,299.0154,0.6938443617831918
2,4,MLP,4,5,1,1,300.0082,0.8644055170467119
2,4,MLP,4,5,1,1,301.0146,0.8715144068132007
2,4,MLP,4,6,0,0,0.0,9.817813109127464e-05
2,4,MLP,4,6,0,0,1.00495,0.05851246346296493
2,4,MLP,4,6,0,0,1.998281,0.242745214243489
2,4,MLP,4,6,0,0,3.004618,0.16863272917605684
2,4,MLP,4,6,0,0,3.999141,0.07465455957137182
2,4,MLP,4,6,0,0,5.003382,0.0535948948882637
2,4,MLP,4,6,0,0,5.998161,0.06803025677073546
2,4,MLP,4,6,0,0,7.000859,0.06469020359477798
2,4,MLP,4,6,0,0,7.997983,0.11198500436950304
2,4,MLP,4,6,0,0,9.002149,0.062441015069036904
2,4,MLP,4,6,0,0,9.996326,0.0525818503094018
2,4,MLP,4,6,0,0,11.00007,0.14618864931208772
2,4,MLP,4,6,0,0,11.99659,0.09470322999473546
2,4,MLP,4,6,0,0,13.00098,0.14495231473571077
2,4,MLP,4,6,0,0,13.99541,0.13868528330017849
2,4,MLP,4,6,0,0,14.99912,0.23323184843614686
2,4,MLP,4,6,0,0,15.99681,0.20956705718687907
2,4,MLP,4,6,0,0,16.99845,0.07074882853671803
2,4,MLP,4,6,0,0,18.00539,0.08074481241680412
2,4,MLP,4,6,0,0,18.9994,0.16372981937239334
2,4,MLP,4,6,0,0,20.00367,0.17670072867264425
2,4,MLP,4,6,0,0,20.99707,0.14015392604122834
2,4,MLP,4,6,0,0,22.00514,0.16792601676054242
2,4,MLP,4,6,0,0,22.99883,0.1718797785575344
2,4,MLP,4,6,0,0,24.00393,0.24167909156913192
2,4,MLP,4,6,0,0,24.99814,0.159763635154451
2,4,MLP,4,6,0,0,26.00431,0.25764903781542564
2,4,MLP,4,6,0,0,26.99778,0.2962983996791453
2,4,MLP,4,6,0,0,28.00385,0.31029414584176407
2,4,MLP,4,6,0,0,28.99657,0.19411900066634835
2,4,MLP,4,6,0,0,30.00375,0.2937846242419044
2,4,MLP,4,6,0,0,30.99679,0.29734320934786435
2,4,MLP,4,6,0,0,32.00263,0.283962772457135
2,4,MLP,4,6,0,0,32.99657,0.4362910830594748
2,4,MLP,4,6,0,0,34.00122,0.35036626743587196
2,4,MLP,4,6,0,0,35.00551,0.3890099767359694
2,4,MLP,4,6,0,0,36.00011,0.5257431240327409
2,4,MLP,4,6,0,0,36.99636,0.3508109672767854
2,4,MLP,4,6,0,0,38.00019,0.5851714978726998
2,4,MLP,4,6,0,0,39.00475,0.622708318552276
2,4,MLP,4,6,0,0,39.99985,0.6246397283044954
2,4,MLP,4,6,0,0,41.00478,0.7231510286608956
2,4,MLP,4,6,0,0,41.99879,0.7079317661511912
2,4,MLP,4,6,0,0,42.99495,0.6929626108224061
2,4,MLP,4,6,0,0,43.99932,0.645678232766661
2,4,MLP,4,6,0,0,45.00479,0.7100063277591803
2,4,MLP,4,6,0,0,45.99848,0.7926636203219485
2,4,MLP,4,6,0,0,47.00407,0.7231833330564627
2,4,MLP,4,6,0,0,47.99735,0.7139096990997157
2,4,MLP,4,6,0,0,49.00396,0.6465490301945178
2,4,MLP,4,6,0,0,49.99818,0.8058936569213628
2,4,MLP,4,6,0,0,51.00159,0.7996599788998374
2,4,MLP,4,6,0,0,51.99651,0.74670812735818
2,4,MLP,4,6,0,0,53.00211,0.6527914571312099
2,4,MLP,4,6,0,0,53.99723,0.7324054911404612
2,4,MLP,4,6,0,0,55.00178,0.7803075266682798
2,4,MLP,4,6,0,0,55.99569,0.6235761448333688
2,4,MLP,4,6,0,0,56.99967,0.8420169631858391
2,4,MLP,4,6,0,0,57.99514,0.8872368870796069
2,4,MLP,4,6,0,0,59.0001,0.8153034417811255
2,4,MLP,4,6,0,0,60.00412,0.8538083441961737
2,4,MLP,4,6,0,0,60.99954,0.795853675937343
2,4,MLP,4,6,0,0,62.00455,0.9187748512776479
2,4,MLP,4,6,0,0,62.99667,0.8620429735490587
2,4,MLP,4,6,0,0,64.00391,0.7837759771859344
2,4,MLP,4,6,0,0,64.99876,0.7872350666218035
2,4,MLP,4,6,0,0,66.00466,0.8302235737938942
2,4,MLP,4,6,0,0,66.99519,0.8561382909471423
2,4,MLP,4,6,0,0,68.00278,0.8525398242698622
2,4,MLP,4,6,0,0,68.99691,0.8883416762374912
2,4,MLP,4,6,0,0,70.00152,0.8443717389918481
2,4,MLP,4,6,0,0,70.99718,0.8288927820276686
2,4,MLP,4,6,0,0,72.00053,0.8195032863870158
2,4,MLP,4,6,0,0,72.99554,0.8811648462123289
2,4,MLP,4,6,0,0,74.00175,0.8884580448069723
2,4,MLP,4,6,0,0,74.99531,0.8313625945605653
2,4,MLP,4,6,0,0,76.00156,0.8304732968589805
2,4,MLP,4,6,0,0,76.9957,0.897088722289923
2,4,MLP,4,6,0,0,77.99854,0.9205847724878274
2,4,MLP,4,6,1,1,79.00594,0.9284401245108109
2,4,MLP,4,6,1,1,79.99966,0.9268840194448885
2,4,MLP,4,6,1,1,81.0055,0.91198228906923
2,4,MLP,4,6,1,1,81.99766,0.9161039284616849
2,4,MLP,4,6,1,1,83.00455,0.9371566986097297
2,4,MLP,4,6,1,1,83.99812,0.9199992383069874
2,4,MLP,4,6,1,1,85.00332,0.8954686291354397
2,4,MLP,4,6,1,1,85.9983,0.9043258089915069
2,4,MLP,4,6,1,1,87.00482,0.8720208051593767
2,4,MLP,4,6,1,1,87.99602,0.9387246537700088
2,4,MLP,4,6,1,1,89.00328,0.9352442220445868
2,4,MLP,4,6,1,1,89.99747,0.9280672815176557
2,4,MLP,4,6,1,1,91.00337,0.9307281168805169
2,4,MLP,4,6,1,1,91.99653,0.9346910055396908
2,4,MLP,4,6,1,1,93.00198,0.9361986733974499
2,4,MLP,4,6,1,1,93.99605,0.9486189211570814
2,4,MLP,4,6,1,1,95.0014,0.9603130645699788
2,4,MLP,4,6,1,1,95.99513,0.9633914636524707
2,4,MLP,4,6,1,1,97.00123,0.9157598893684834
2,4,MLP,4,6,1,1,98.00561,0.8933330623314986
2,4,MLP,4,6,1,1,99.00047,0.9512603875335292
2,4,MLP,4,6,1,1,100.0045,0.9744826993417212
2,4,MLP,4,6,1,1,100.9993,0.9719342744958617
2,4,MLP,4,6,1,1,102.0045,0.9758474266039372
2,4,MLP,4,6,1,1,102.9964,0.95772360481564
2,4,MLP,4,6,1,1,104.0036,0.9817281481170002
2,4,MLP,4,6,1,1,104.998,0.9624320628207543
2,4,MLP,4,6,1,1,106.0024,0.93887315487329
2,4,MLP,4,6,1,1,106.9969,0.966047460444568
2,4,MLP,4,6,1,1,108.0033,0.9106402901198636
2,4,MLP,4,6,1,1,108.9968,0.9830133301848164
2,4,MLP,4,6,1,1,110.0023,0.9770007216660427
2,4,MLP,4,6,1,1,110.9956,0.8861504193841376
2,4,MLP,4,6,1,1,112.0019,0.8576787059268016
2,4,MLP,4,6,1,1,112.9961,0.9700528013579709
2,4,MLP,4,6,1,1,114.0015,0.9364150531485756
2,4,MLP,4,6,1,1,114.9951,0.9503755786233631
2,4,MLP,4,6,1,1,115.9994,0.9721679509109685
2,4,MLP,4,6,1,1,116.9956,0.7728842256158818
2,4,MLP,4,6,1,1,118.0012,0.5817997383820203
2,4,MLP,4,6,1,1,119.0061,0.9178590075646427
2,4,MLP,4,6,1,1,119.9999,0.948297174670877
2,4,MLP,4,6,1,1,121.005,0.9455059657019298
2,4,MLP,4,6,1,1,121.9982,0.9537144095350559
2,4,MLP,4,6,1,1,123.0025,0.9406254329540041
2,4,MLP,4,6,1,1,123.9976,0.9411561849876983
2,4,MLP,4,6,1,1,125.0031,0.9382281190329669
2,4,MLP,4,6,1,1,125.9979,0.9504460542623744
2,4,MLP,4,6,1,1,127.0042,0.9448198859850148
2,4,MLP,4,6,1,1,127.9954,0.9486663353103754
2,4,MLP,4,6,1,1,129.0022,0.938002720788587
2,4,MLP,4,6,1,1,129.9973,0.9641506836788124
2,4,MLP,4,6,1,1,131.0019,0.9362592706547395
2,4,MLP,4,6,1,1,131.9967,0.9577813885291264
2,4,MLP,4,6,1,1,133.0011,0.8385728461174465
2,4,MLP,4,6,1,1,133.9959,0.9618564701374591
2,4,MLP,4,6,1,1,135.0006,0.9581335805239569
2,4,MLP,4,6,1,1,135.9956,0.9560425721412902
2,4,MLP,4,6,1,1,137.0,0.9720288466096134
2,4,MLP,4,6,1,1,137.9949,0.9568884994964093
2,4,MLP,4,6,1,1,139.0005,0.934452847786706
2,4,MLP,4,6,1,1,140.005,0.9583805519983996
2,4,MLP,4,6,1,1,141.0011,0.9634738356258277
2,4,MLP,4,6,1,1,142.0049,0.9284300135096685
2,4,MLP,4,6,1,1,143.0005,0.9587431714899216
2,4,MLP,4,6,1,1,144.0034,0.9575098487363028
2,4,MLP,4,6,1,1,144.9979,0.9721472015286275
2,4,MLP,4,6,1,1,146.0038,0.9762169918377306
2,4,MLP,4,6,1,1,146.9981,0.9683533624954098
2,4,MLP,4,6,1,1,148.0031,0.9829880220664784
2,4,MLP,4,6,1,1,148.9964,0.9897263116774988
2,4,MLP,4,6,1,1,150.0031,0.9891138611325695
2,4,MLP,4,6,1,1,150.998,0.9913146080489873
2,4,MLP,4,6,1,1,152.0034,0.9816983898069586
2,4,MLP,4,6,1,1,152.9952,0.9922160863421743
2,4,MLP,4,6,1,1,154.0003,0.9931754412256503
2,4,MLP,4,6,1,1,154.9953,0.9910661057262858
2,4,MLP,4,6,1,1,156.0001,0.909501130071339
2,4,MLP,4,6,1,1,156.995,0.9328469121426844
2,4,MLP,4,6,1,1,157.9995,0.959876672782145
2,4,MLP,4,6,1,1,158.9955,0.9809939948124838
2,4,MLP,4,6,1,1,160.0004,0.969437403689348
2,4,MLP,4,6,1,1,161.0052,0.9849884090429933
2,4,MLP,4,6,1,1,161.9997,0.9742163836355728
2,4,MLP,4,6,1,1,163.0055,0.9720983420310138
2,4,MLP,4,6,1,1,163.9982,0.968048037208133
2,4,MLP,4,6,1,1,165.0044,0.9808553715124846
2,4,MLP,4,6,1,1,165.9982,0.9852055574554405
2,4,MLP,4,6,1,1,167.0028,0.981732362549696
2,4,MLP,4,6,1,1,167.9974,0.9781701401293952
2,4,MLP,4,6,1,1,169.0004,0.9726678992479111
2,4,MLP,4,6,1,1,169.9961,0.9821247104382753
2,4,MLP,4,6,1,1,171.0027,0.973943825635118
2,4,MLP,4,6,1,1,171.9965,0.981201936514795
2,4,MLP,4,6,1,1,173.0008,0.9801268334480719
2,4,MLP,4,6,1,1,173.9957,0.9793616575667655
2,4,MLP,4,6,1,1,175.0005,0.9809497909976472
2,4,MLP,4,6,1,1,176.0067,0.9720949565669459
2,4,MLP,4,6,1,1,176.9993,0.959261284657928
2,4,MLP,4,6,1,1,178.0047,0.9755884424425341
2,4,MLP,4,6,1,1,178.9991,0.9828814560924866
2,4,MLP,4,6,1,1,180.0038,0.9827274212492548
2,4,MLP,4,6,1,1,180.9995,0.979914731677885
2,4,MLP,4,6,1,1,182.0041,0.9773534692242251
2,4,MLP,4,6,1,1,183.0005,0.9844210616101401
2,4,MLP,4,6,1,1,184.0035,0.9812774470197685
2,4,MLP,4,6,1,1,184.9995,0.9835011011562352
2,4,MLP,4,6,1,1,186.0027,0.9744254375327518
2,4,MLP,4,6,1,1,186.9969,0.9646381953066338
2,4,MLP,4,6,1,1,188.0041,0.9451231719077651
2,4,MLP,4,6,1,1,188.9965,0.985888657218551
2,4,MLP,4,6,1,1,190.0023,0.9823358858992997
2,4,MLP,4,6,1,1,190.997,0.9478571701658437
2,4,MLP,4,6,1,1,192.0012,0.9570197434946943
2,4,MLP,4,6,1,1,192.9953,0.9709705900788672
2,4,MLP,4,6,1,1,194.0018,0.9862202008675068
2,4,MLP,4,6,1,1,194.9951,0.9612540743320233
2,4,MLP,4,6,1,1,196.0017,0.9886443257594272
2,4,MLP,4,6,1,1,196.9955,0.9882468900285355
2,4,MLP,4,6,1,1,197.9992,0.9921351158609755
2,4,MLP,4,6,1,1,199.0046,0.9900989822020064
2,4,MLP,4,6,1,1,199.9997,0.9837373982254075
2,4,MLP,4,6,1,1,201.0053,0.9943091655535209
2,4,MLP,4,6,1,1,201.9996,0.9944777890699317
2,4,MLP,4,6,1,1,203.0045,0.992870938588572
2,4,MLP,4,6,1,1,203.9994,0.9953670426252216
2,4,MLP,4,6,1,1,205.0027,0.9916755167398497
2,4,MLP,4,6,1,1,205.9978,0.9954437086426746
2,4,MLP,4,6,1,1,207.0028,0.996979325317008
2,4,MLP,4,6,1,1,207.9981,0.9928630902021897
2,4,MLP,4,6,1,1,209.0018,0.996493071387231
2,4,MLP,4,6,1,1,209.9971,0.9810643335150036
2,4,MLP,4,6,1,1,211.0018,0.9498658923026221
2,4,MLP,4,6,1,1,211.9965,0.9900943558857782
2,4,MLP,4,6,1,1,213.0005,0.9774440170925264
2,4,MLP,4,6,1,1,213.9955,0.8988088389308915
2,4,MLP,4,6,1,1,215.0018,0.9295593561511367
2,4,MLP,4,6,1,1,216.0054,0.9316083449668824
2,4,MLP,4,6,1,1,216.999,0.9763921573928018
2,4,MLP,4,6,1,1,218.0052,0.9876518627028945
2,4,MLP,4,6,1,1,219.0004,0.9872884759290728
2,4,MLP,4,6,1,1,219.9952,0.9826596176838415
2,4,MLP,4,6,1,1,220.9994,0.9865442220801429
2,4,MLP,4,6,1,1,222.004,0.9865896102372048
2,4,MLP,4,6,1,1,222.9986,0.9850706706788145
2,4,MLP,4,6,1,1,224.0039,0.9800324148262703
2,4,MLP,4,6,1,1,224.9971,0.9772908697690668
2,4,MLP,4,6,1,1,226.0025,0.9467208408672287
2,4,MLP,4,6,1,1,226.997,0.9776528839517207
2,4,MLP,4,6,1,1,228.0032,0.9783060277081451
2,4,MLP,4,6,1,1,228.9982,0.9425027354383994
2,4,MLP,4,6,1,1,230.0016,0.9310414785779416
2,4,MLP,4,6,1,1,230.9958,0.981837513982424
2,4,MLP,4,6,1,1,232.0021,0.9445927500441559
2,4,MLP,4,6,1,1,232.996,0.9147460308131768
2,4,MLP,4,6,1,1,234.0009,0.9648019672220187
2,4,MLP,4,6,1,1,234.9951,0.9726480791390228
2,4,MLP,4,6,1,1,236.0014,0.9715892906467818
2,4,MLP,4,6,1,1,236.9952,0.940137132092624
2,4,MLP,4,6,1,1,238.0005,0.9764759191651727
2,4,MLP,4,6,1,1,239.0048,0.978201882002507
2,4,MLP,4,6,1,1,239.998,0.9703115530762
2,4,MLP,4,6,1,1,241.0045,0.9664069394356748
2,4,MLP,4,6,1,1,241.9997,0.9740400784333659
2,4,MLP,4,6,1,1,243.0043,0.9765967973161845
2,4,MLP,4,6,1,1,243.9979,0.9582043517954315
2,4,MLP,4,6,1,1,245.0045,0.9836152819397852
2,4,MLP,4,6,1,1,245.9983,0.9749291311133642
2,4,MLP,4,6,1,1,247.0034,0.9314072988027218
2,4,MLP,4,6,1,1,247.9966,0.9427166077064969
2,4,MLP,4,6,1,1,249.0038,0.967831252207793
2,4,MLP,4,6,1,1,249.9967,0.9650005753037969
2,4,MLP,4,6,1,1,251.0027,0.9532689941594262
2,4,MLP,4,6,1,1,251.9969,0.965647693732955
2,4,MLP,4,6,1,1,253.0018,0.944328991180216
2,4,MLP,4,6,1,1,254.0059,0.9703025835329274
2,4,MLP,4,6,1,1,255.0009,0.9755171515161973
2,4,MLP,4,6,1,1,256.006,0.9744610501238601
2,4,MLP,4,6,1,1,257.0001,0.9709799248075143
2,4,MLP,4,6,1,1,257.9961,0.9683602671137375
2,4,MLP,4,6,1,1,259.0005,0.9216751570241721
2,4,MLP,4,6,1,1,260.0055,0.966974118518026
2,4,MLP,4,6,1,1,260.9998,0.9638935920562108
2,4,MLP,4,6,1,1,262.0056,0.9644462390529959
2,4,MLP,4,6,1,1,262.9988,0.9482883106795621
2,4,MLP,4,6,1,1,264.0048,0.9655992178965418
2,4,MLP,4,6,1,1,264.9983,0.963083019856706
2,4,MLP,4,6,1,1,266.0038,0.9622471427449385
2,4,MLP,4,6,1,1,266.9969,0.9005474515957322
2,4,MLP,4,6,1,1,268.0023,0.9583943374192916
2,4,MLP,4,6,1,1,268.9973,0.9596234837632246
2,4,MLP,4,6,1,1,270.0033,0.880014055614213
2,4,MLP,4,6,1,1,270.9977,0.9600469071367254
2,4,MLP,4,6,1,1,272.0032,0.9229383876476158
2,4,MLP,4,6,1,1,272.9963,0.8909048445378178
2,4,MLP,4,6,1,1,274.0013,0.9715423874260964
2,4,MLP,4,6,1,1,275.0058,0.9640263684593876
2,4,MLP,4,6,1,1,276.0016,0.9580398891931198
2,4,MLP,4,6,1,1,276.9961,0.9667819133246168
2,4,MLP,4,6,1,1,278.0005,0.9202825004024336
2,4,MLP,4,6,1,1,279.0054,0.9691202716242354
2,4,MLP,4,6,1,1,280.0003,0.9661928272948387
2,4,MLP,4,6,1,1,281.0043,0.9738026925315142
2,4,MLP,4,6,1,1,281.9992,0.9667258273188761
2,4,MLP,4,6,1,1,283.0033,0.9758438399216183
2,4,MLP,4,6,1,1,283.9978,0.9683550813151869
2,4,MLP,4,6,1,1,285.0029,0.9800626844049601
2,4,MLP,4,6,1,1,285.9962,0.9749623608380314
2,4,MLP,4,6,1,1,287.0033,0.9794271161309679
2,4,MLP,4,6,1,1,287.9975,0.9815961279314348
2,4,MLP,4,6,1,1,289.0008,0.9850596426044514
2,4,MLP,4,6,1,1,289.995,0.9882198815702806
2,4,MLP,4,6,1,1,291.0015,0.9878042582535026
2,4,MLP,4,6,1,1,291.9957,0.9862586644965157
2,4,MLP,4,6,1,1,292.9995,0.9895280099811221
2,4,MLP,4,6,1,1,293.9948,0.9797494849928196
2,4,MLP,4,6,1,1,295.0001,0.9913684216306256
2,4,MLP,4,6,1,1,296.0042,0.9894690870647911
2,4,MLP,4,6,1,1,297.0004,0.9874142741038003
2,4,MLP,4,6,1,1,298.0045,0.9942950402557718
2,4,MLP,4,6,1,1,299.0001,0.9933360858886034
2,4,MLP,4,6,1,1,300.0042,0.9916461715907485
2,4,MLP,4,6,1,1,300.9987,0.9961054707614816
2,4,MLP,2,10,0,0,0.0111669,4.4572202888885786e-05
2,4,MLP,2,10,0,0,1.012057,0.1277263564257883
2,4,MLP,2,10,0,0,2.016093,0.1463831107309399
2,4,MLP,2,10,0,0,3.010889,0.3332599600798994
2,4,MLP,2,10,0,0,4.016617,0.43326819599614874
2,4,MLP,2,10,0,0,5.021381,0.1705244451411266
2,4,MLP,2,10,0,0,6.014998,0.10691084455270308
2,4,MLP,2,10,0,0,7.020225,0.07201653844597292
2,4,MLP,2,10,0,0,8.013659,0.0700201386536407
2,4,MLP,2,10,0,0,9.020951,0.09911320467914032
2,4,MLP,2,10,0,0,10.01489,0.08197785540811844
2,4,MLP,2,10,0,0,11.01861,0.11906288653597288
2,4,MLP,2,10,0,0,12.01271,0.09681751317861094
2,4,MLP,2,10,0,0,13.01954,0.14486929698008685
2,4,MLP,2,10,0,0,14.01319,0.10426561078050207
2,4,MLP,2,10,0,0,15.01802,0.10970614352448756
2,4,MLP,2,10,0,0,16.01334,0.05699094818816625
2,4,MLP,2,10,0,0,17.01859,0.10817505321964481
2,4,MLP,2,10,0,0,18.01184,0.07664759466316519
2,4,MLP,2,10,0,0,19.01682,0.07978406103490422
2,4,MLP,2,10,0,0,20.02117,0.15297279544723671
2,4,MLP,2,10,0,0,21.0167,0.18977950729173326
2,4,MLP,2,10,0,0,22.02043,0.05880277178687119
2,4,MLP,2,10,0,0,23.01568,0.28746821062232514
2,4,MLP,2,10,0,0,24.01937,0.04034163187723927
2,4,MLP,2,10,0,0,25.01513,0.17136405089011295
2,4,MLP,2,10,0,0,26.01989,0.180349922387869
2,4,MLP,2,10,0,0,27.01472,0.1654445336728758
2,4,MLP,2,10,0,0,28.01895,0.27311135731416447
2,4,MLP,2,10,0,0,29.01199,0.12991200346925694
2,4,MLP,2,10,0,0,30.01753,0.39023700535309824
2,4,MLP,2,10,0,0,31.01381,0.09628042483567799
2,4,MLP,2,10,0,0,32.01852,0.0925205220501243
2,4,MLP,2,10,0,0,33.01236,0.18986485875985953
2,4,MLP,2,10,0,0,34.01991,0.0601682887792213
2,4,MLP,2,10,0,0,35.01221,0.07751828055682998
2,4,MLP,2,10,0,0,36.01753,0.15966478851266297
2,4,MLP,2,10,0,0,37.01078,0.19142843152758796
2,4,MLP,2,10,0,0,38.01584,0.11969708218622566
2,4,MLP,2,10,0,0,39.01059,0.17060312438046454
2,4,MLP,2,10,0,0,40.01589,0.11665730241542119
2,4,MLP,2,10,0,0,41.02021,0.13791033883830817
2,4,MLP,2,10,0,0,42.01669,0.15261611085194582
2,4,MLP,2,10,0,0,43.01923,0.14145357650416415
2,4,MLP,2,10,0,0,44.0157,0.07831459354294575
2,4,MLP,2,10,0,0,45.02111,0.13658248483052557
2,4,MLP,2,10,0,0,46.01507,0.12253225633438028
2,4,MLP,2,10,0,0,47.02006,0.09433210990713262
2,4,MLP,2,10,0,0,48.01473,0.14552607627476535
2,4,MLP,2,10,0,0,49.01929,0.13532211183250104
2,4,MLP,2,10,0,0,50.01391,0.11169742392952729
2,4,MLP,2,10,0,0,51.01996,0.1791234589913873
2,4,MLP,2,10,0,0,52.01444,0.13466552043641003
2,4,MLP,2,10,0,0,53.01861,0.19219498569833962
2,4,MLP,2,10,0,0,54.01284,0.18549023314110982
2,4,MLP,2,10,0,0,55.0173,0.15150879562053823
2,4,MLP,2,10,0,0,56.01141,0.18262345566662475
2,4,MLP,2,10,0,0,57.01705,0.07591726114648961
2,4,MLP,2,10,0,0,58.01223,0.1346409982029654
2,4,MLP,2,10,1,1,59.01763,0.07545292471571514
2,4,MLP,2,10,1,1,60.0202,0.0915407948156944
2,4,MLP,2,10,1,1,61.0151,0.06952674650912097
2,4,MLP,2,10,1,1,62.01236,0.3267279985811504
2,4,MLP,2,10,1,1,63.01472,0.08852900114983399
2,4,MLP,2,10,1,1,64.02164,0.18261436944713552
2,4,MLP,2,10,1,1,65.01318,0.12475197844793848
2,4,MLP,2,10,1,1,66.01991,0.06782653874193709
2,4,MLP,2,10,1,1,67.01516,0.1337056342154714
2,4,MLP,2,10,1,1,68.0201,0.1795472490060047
2,4,MLP,2,10,1,1,69.01548,0.050981776687964594
2,4,MLP,2,10,1,1,70.01782,0.0700031991502283
2,4,MLP,2,10,1,1,71.01399,0.1016068406970027
2,4,MLP,2,10,1,1,72.0199,0.07380671669201683
2,4,MLP,2,10,1,1,73.01332,0.07373211585847497
2,4,MLP,2,10,1,1,74.01628,0.05847382101508307
2,4,MLP,2,10,1,1,75.01249,0.11001828976328076
2,4,MLP,2,10,1,1,76.01789,0.08424030461160378
2,4,MLP,2,10,1,1,77.01308,0.10555770914104215
2,4,MLP,2,10,1,1,78.01806,0.10323973338481549
2,4,MLP,2,10,1,1,79.01257,0.10235305765185955
2,4,MLP,2,10,1,1,80.01762,0.1407750524654551
2,4,MLP,2,10,1,1,81.01065,0.11698844267459269
2,4,MLP,2,10,1,1,82.01672,0.09428607649094715
2,4,MLP,2,10,1,1,83.0102,0.17190784711407353
2,4,MLP,2,10,1,1,84.01569,0.1856210215422562
2,4,MLP,2,10,1,1,85.01024,0.2083711661574883
2,4,MLP,2,10,1,1,86.01532,0.1632901084596012
2,4,MLP,2,10,1,1,87.02048,0.13916341260729853
2,4,MLP,2,10,1,1,88.01484,0.197725503393063
2,4,MLP,2,10,1,1,89.01871,0.25907087276501006
2,4,MLP,2,10,1,1,90.01411,0.18419881249366146
2,4,MLP,2,10,1,1,91.02004,0.24438183980664577
2,4,MLP,2,10,1,1,92.01411,0.19553516534313467
2,4,MLP,2,10,1,1,93.01667,0.2770368742812261
2,4,MLP,2,10,1,1,94.01209,0.20680806114771752
2,4,MLP,2,10,1,1,95.01888,0.3039011440775662
2,4,MLP,2,10,1,1,96.01253,0.2905538013553278
2,4,MLP,2,10,1,1,97.01734,0.382246495621499
2,4,MLP,2,10,1,1,98.01128,0.20614923578453542
2,4,MLP,2,10,1,1,99.01738,0.41462296521730746
2,4,MLP,2,10,1,1,100.0119,0.6749088922642735
2,4,MLP,2,10,1,1,101.0169,0.1737055220348189
2,4,MLP,2,10,1,1,102.0109,0.3437540910302131
2,4,MLP,2,10,1,1,103.0154,0.37614740624377896
2,4,MLP,2,10,1,1,104.0211,0.25507664096647864
2,4,MLP,2,10,1,1,105.0151,0.27477980818517034
2,4,MLP,2,10,1,1,106.0185,0.39925040444509624
2,4,MLP,2,10,1,1,107.0145,0.3771806551016838
2,4,MLP,2,10,1,1,108.0193,0.39967218028614515
2,4,MLP,2,10,1,1,109.0143,0.3327504099077213
2,4,MLP,2,10,1,1,110.0176,0.31868119596491384
2,4,MLP,2,10,1,1,111.014,0.3853094069366323
2,4,MLP,2,10,1,1,112.0183,0.29505960095975775
2,4,MLP,2,10,1,1,113.0131,0.481022854588883
2,4,MLP,2,10,1,1,114.0191,0.4579491107178679
2,4,MLP,2,10,1,1,115.0122,0.38029252210007447
2,4,MLP,2,10,1,1,116.0176,0.36834513248827283
2,4,MLP,2,10,1,1,117.0129,0.351233807894741
2,4,MLP,2,10,1,1,118.0164,0.3453867001357436
2,4,MLP,2,10,1,1,119.011,0.2816470921701277
2,4,MLP,2,10,1,1,120.0165,0.4507193465686059
2,4,MLP,2,10,1,1,121.0208,0.4528041911647124
2,4,MLP,2,10,1,1,122.0172,0.4201070512729159
2,4,MLP,2,10,1,1,123.0102,0.5115175057919208
2,4,MLP,2,10,1,1,124.0157,0.4465734123592529
2,4,MLP,2,10,1,1,125.0099,0.47899094481333054
2,4,MLP,2,10,1,1,126.0156,0.5375994703062871
2,4,MLP,2,10,1,1,127.0205,0.4139833753066192
2,4,MLP,2,10,1,1,128.0132,0.4561198250484133
2,4,MLP,2,10,1,1,129.0192,0.4001225536135347
2,4,MLP,2,10,1,1,130.0125,0.2357141928928362
2,4,MLP,2,10,1,1,131.019,0.3848085470569819
2,4,MLP,2,10,1,1,132.013,0.4431284488119469
2,4,MLP,2,10,1,1,133.0187,0.5087835825926778
2,4,MLP,2,10,1,1,134.0126,0.48975964057234217
2,4,MLP,2,10,1,1,135.0184,0.49696843362172305
2,4,MLP,2,10,1,1,136.0119,0.42872826920079243
2,4,MLP,2,10,1,1,137.0159,0.5672264488906124
2,4,MLP,2,10,1,1,138.0115,0.5401554603320585
2,4,MLP,2,10,1,1,139.0161,0.570832293523243
2,4,MLP,2,10,1,1,140.0103,0.5444894885658029
2,4,MLP,2,10,1,1,141.0157,0.5872902459822738
2,4,MLP,2,10,1,1,142.0195,0.5721498106572002
2,4,MLP,2,10,1,1,143.0153,0.6329203088431132
2,4,MLP,2,10,1,1,144.0207,0.5448826771920486
2,4,MLP,2,10,1,1,145.0155,0.6772536091974353
2,4,MLP,2,10,1,1,146.0199,0.6088061353283141
2,4,MLP,2,10,1,1,147.0127,0.7123552242207468
2,4,MLP,2,10,1,1,148.02,0.6589666730899473
2,4,MLP,2,10,1,1,149.0134,0.663252836781283
2,4,MLP,2,10,1,1,150.02,0.5504656441453714
2,4,MLP,2,10,1,1,151.0128,0.6977856113245223
2,4,MLP,2,10,1,1,152.019,0.7605028035491455
2,4,MLP,2,10,1,1,153.0129,0.8214137285362273
2,4,MLP,2,10,1,1,154.0177,0.7966170197585963
2,4,MLP,2,10,1,1,155.0138,0.7389048718368549
2,4,MLP,2,10,1,1,156.0173,0.7436459766615084
2,4,MLP,2,10,1,1,157.0121,0.8320138326885871
2,4,MLP,2,10,1,1,158.0172,0.6859411928818179
2,4,MLP,2,10,1,1,159.0117,0.839544804861945
2,4,MLP,2,10,1,1,160.0161,0.8201780164381377
2,4,MLP,2,10,1,1,161.021,0.8415019607623743
2,4,MLP,2,10,1,1,162.0149,0.8912494170382813
2,4,MLP,2,10,1,1,163.0101,0.7875649449014661
2,4,MLP,2,10,1,1,164.014,0.7844507714123956
2,4,MLP,2,10,1,1,165.0201,0.8098928151316248
2,4,MLP,2,10,1,1,166.0137,0.7751163665419148
2,4,MLP,2,10,1,1,167.0202,0.6468552289479715
2,4,MLP,2,10,1,1,168.0124,0.5714460264983422
2,4,MLP,2,10,1,1,169.0185,0.49375750401570384
2,4,MLP,2,10,1,1,170.0145,0.7627562035830149
2,4,MLP,2,10,1,1,171.0195,0.729762157504396
2,4,MLP,2,10,1,1,172.0128,0.5790826210208976
2,4,MLP,2,10,1,1,173.0173,0.6172013975159532
2,4,MLP,2,10,1,1,174.0125,0.6746590521856444
2,4,MLP,2,10,1,1,175.0163,0.853432870127949
2,4,MLP,2,10,1,1,176.0207,0.6479391747074507
2,4,MLP,2,10,1,1,177.0161,0.8170852967396499
2,4,MLP,2,10,1,1,178.012,0.7854382169201601
2,4,MLP,2,10,1,1,179.0161,0.748611107546508
2,4,MLP,2,10,1,1,180.012,0.7225461301313759
2,4,MLP,2,10,1,1,181.0155,0.8223055322355061
2,4,MLP,2,10,1,1,182.0101,0.4148143075462408
2,4,MLP,2,10,1,1,183.0154,0.5179110578040426
2,4,MLP,2,10,1,1,184.0213,0.7984710806460611
2,4,MLP,2,10,1,1,185.0127,0.5417884937702347
2,4,MLP,2,10,1,1,186.0206,0.7234150975049634
2,4,MLP,2,10,1,1,187.0159,0.7582854635267146
2,4,MLP,2,10,1,1,188.018,0.7966746797279898
2,4,MLP,2,10,1,1,189.0154,0.8249931642302958
2,4,MLP,2,10,1,1,190.0186,0.7623712729821263
2,4,MLP,2,10,1,1,191.0107,0.7713125024069346
2,4,MLP,2,10,1,1,192.0174,0.7870253897598348
2,4,MLP,2,10,1,1,193.0112,0.8125525359066496
2,4,MLP,2,10,1,1,194.017,0.8156412204268609
2,4,MLP,2,10,1,1,195.011,0.8308967876205232
2,4,MLP,2,10,1,1,196.0182,0.755534524668903
2,4,MLP,2,10,1,1,197.0109,0.7800414757828428
2,4,MLP,2,10,1,1,198.0163,0.7905787858018012
2,4,MLP,2,10,1,1,199.0115,0.8091702183177959
2,4,MLP,2,10,1,1,200.0158,0.844877404787836
2,4,MLP,2,10,1,1,201.0212,0.8306153119540294
2,4,MLP,2,10,1,1,202.0163,0.8362367030075094
2,4,MLP,2,10,1,1,203.021,0.850301709264238
2,4,MLP,2,10,1,1,204.0153,0.8578408762752471
2,4,MLP,2,10,1,1,205.0196,0.8561048990982836
2,4,MLP,2,10,1,1,206.0148,0.9026059043650736
2,4,MLP,2,10,1,1,207.0199,0.8233204863138027
2,4,MLP,2,10,1,1,208.0151,0.8955835195121774
2,4,MLP,2,10,1,1,209.0168,0.926115666602318
2,4,MLP,2,10,1,1,210.0138,0.9060067283176173
2,4,MLP,2,10,1,1,211.0185,0.7832116294239043
2,4,MLP,2,10,1,1,212.0106,0.8929848045487854
2,4,MLP,2,10,1,1,213.0167,0.9093145924640542
2,4,MLP,2,10,1,1,214.0211,0.9556073316630469
2,4,MLP,2,10,1,1,215.0173,0.9289122173164529
2,4,MLP,2,10,1,1,216.0123,0.9552909362551466
2,4,MLP,2,10,1,1,217.0155,0.9673239187165081
2,4,MLP,2,10,1,1,218.0131,0.9166550020556832
2,4,MLP,2,10,1,1,219.0151,0.5752288006002084
2,4,MLP,2,10,1,1,220.0206,0.8152899858011233
2,4,MLP,2,10,1,1,221.0155,0.8471837387143071
2,4,MLP,2,10,1,1,222.0192,0.9069796795947215
2,4,MLP,2,10,1,1,223.0144,0.8366444370624712
2,4,MLP,2,10,1,1,224.0182,0.8872441589644218
2,4,MLP,2,10,1,1,225.0146,0.9268045603128882
2,4,MLP,2,10,1,1,226.0191,0.7525231567806304
2,4,MLP,2,10,1,1,227.0143,0.6832650106891478
2,4,MLP,2,10,1,1,228.0199,0.6609946731479608
2,4,MLP,2,10,1,1,229.0149,0.8990406218551912
2,4,MLP,2,10,1,1,230.0192,0.9363909768493144
2,4,MLP,2,10,1,1,231.0134,0.709633337679376
2,4,MLP,2,10,1,1,232.0176,0.8961777838576794
2,4,MLP,2,10,1,1,233.0125,0.897624921955277
2,4,MLP,2,10,1,1,234.0187,0.800186935348159
2,4,MLP,2,10,1,1,235.0131,0.9425745927026133
2,4,MLP,2,10,1,1,236.0166,0.9191677311193155
2,4,MLP,2,10,1,1,237.0101,0.8649271174487412
2,4,MLP,2,10,1,1,238.0171,0.915006010690912
2,4,MLP,2,10,1,1,239.0119,0.9498763046830432
2,4,MLP,2,10,1,1,240.0162,0.6609782919685626
2,4,MLP,2,10,1,1,241.0115,0.9531010388659595
2,4,MLP,2,10,1,1,242.0157,0.9386095191216833
2,4,MLP,2,10,1,1,243.0193,0.9572310107081126
2,4,MLP,2,10,1,1,244.015,0.941963635727363
2,4,MLP,2,10,1,1,245.0209,0.9540684000681272
2,4,MLP,2,10,1,1,246.0146,0.9401027275962328
2,4,MLP,2,10,1,1,247.0186,0.9446503436745105
2,4,MLP,2,10,1,1,248.015,0.9515440445065123
2,4,MLP,2,10,1,1,249.0188,0.9506708446028574
2,4,MLP,2,10,1,1,250.0104,0.9361412131832918
2,4,MLP,2,10,1,1,251.0183,0.9365685644936013
2,4,MLP,2,10,1,1,252.0135,0.947580092802417
2,4,MLP,2,10,1,1,253.0179,0.9346729599009861
2,4,MLP,2,10,1,1,254.0114,0.9370717018434127
2,4,MLP,2,10,1,1,255.018,0.9602004460199306
2,4,MLP,2,10,1,1,256.0106,0.9558477931951712
2,4,MLP,2,10,1,1,257.0179,0.921855608899556
2,4,MLP,2,10,1,1,258.0125,0.9644250064040001
2,4,MLP,2,10,1,1,259.0168,0.950184972295148
2,4,MLP,2,10,1,1,260.0098,0.9131517418350352
2,4,MLP,2,10,1,1,261.0157,0.9534517199365488
2,4,MLP,2,10,1,1,262.0208,0.9610105826864137
2,4,MLP,2,10,1,1,263.0148,0.9680217406775473
2,4,MLP,2,10,1,1,264.0195,0.9585215675458212
2,4,MLP,2,10,1,1,265.0154,0.957717775523269
2,4,MLP,2,10,1,1,266.0211,0.9551948478800142
2,4,MLP,2,10,1,1,267.0141,0.8964173196307038
2,4,MLP,2,10,1,1,268.0197,0.9690096438201815
2,4,MLP,2,10,1,1,269.0141,0.9422608335506267
2,4,MLP,2,10,1,1,270.0194,0.9682287871128813
2,4,MLP,2,10,1,1,271.015,0.9509342114621725
2,4,MLP,2,10,1,1,272.0182,0.9745808899811664
2,4,MLP,2,10,1,1,273.0125,0.9510835503944146
2,4,MLP,2,10,1,1,274.0172,0.9721398162330324
2,4,MLP,2,10,1,1,275.0119,0.9779627134367362
2,4,MLP,2,10,1,1,276.0185,0.9724838106601296
2,4,MLP,2,10,1,1,277.0111,0.9650413350015947
2,4,MLP,2,10,1,1,278.0171,0.9797452435505473
2,4,MLP,2,10,1,1,279.011,0.8962301465782994
2,4,MLP,2,10,1,1,280.0167,0.720739437170911
2,4,MLP,2,10,1,1,281.0197,0.9722755743498804
2,4,MLP,2,10,1,1,282.0163,0.947793213300131
2,4,MLP,2,10,1,1,283.0205,0.8487411656029438
2,4,MLP,2,10,1,1,284.0165,0.928873105438203
2,4,MLP,2,10,1,1,285.02,0.9659430575604339
2,4,MLP,2,10,1,1,286.0127,0.9187736231870276
2,4,MLP,2,10,1,1,287.0202,0.9690673091455323
2,4,MLP,2,10,1,1,288.0143,0.8896254157560124
2,4,MLP,2,10,1,1,289.0207,0.973628092609727
2,4,MLP,2,10,1,1,290.0141,0.9615691411047073
2,4,MLP,2,10,1,1,291.0206,0.9647602448717136
2,4,MLP,2,10,1,1,292.0137,0.9645073615279964
2,4,MLP,2,10,1,1,293.0199,0.9722669975217564
2,4,MLP,2,10,1,1,294.0122,0.94521774137946
2,4,MLP,2,10,1,1,295.0179,0.971177512957377
2,4,MLP,2,10,1,1,296.0117,0.9682587033582634
2,4,MLP,2,10,1,1,297.018,0.9608742695591018
2,4,MLP,2,10,1,1,298.0117,0.9776749117530295
2,4,MLP,2,10,1,1,299.0169,0.95611113165827
2,4,MLP,2,10,1,1,300.011,0.9561088275058084
2,4,MLP,2,10,1,1,301.0153,0.9202273918742327
2,4,Clock,2,2,0,0,0.0,0.21657764816730113
2,4,Clock,2,2,0,0,1.000205,0.21805659215935483
2,4,Clock,2,2,0,0,1.994169,0.21953350903438937
2,4,Clock,2,2,0,0,2.99987,0.22103516934512676
2,4,Clock,2,2,0,0,4.004305,0.22254226791679116
2,4,Clock,2,2,0,0,4.998423,0.22404109484784346
2,4,Clock,2,2,0,0,5.993399,0.22554839049473305
2,4,Clock,2,2,0,0,6.99834,0.22707806352934046
2,4,Clock,2,2,0,0,8.003426,0.22861526988923853
2,4,Clock,2,2,0,0,8.995827,0.23014024613327663
2,4,Clock,2,2,0,0,10.00222,0.23169399215003844
2,4,Clock,2,2,0,0,10.9963,0.23323590508157205
2,4,Clock,2,2,0,0,12.00186,0.23480287460250943
2,4,Clock,2,2,0,0,12.99631,0.2363596942622107
2,4,Clock,2,2,0,0,14.00165,0.2379407907509756
2,4,Clock,2,2,0,0,14.99503,0.23951020926343577
2,4,Clock,2,2,0,0,16.00142,0.2411073953194306
2,4,Clock,2,2,0,0,16.99521,0.2426917053302166
2,4,Clock,2,2,0,0,17.99982,0.24430043728389694
2,4,Clock,2,2,0,0,18.99629,0.2459032471067047
2,4,Clock,2,2,0,0,20.00061,0.24752583989196394
2,4,Clock,2,2,0,0,20.99563,0.24914047703473036
2,4,Clock,2,2,0,0,21.99956,0.2507766884034843
2,4,Clock,2,2,0,0,22.99362,0.2524038442972169
2,4,Clock,2,2,0,0,23.99915,0.25405687247030767
2,4,Clock,2,2,0,0,24.99448,0.2557001497298222
2,4,Clock,2,2,0,0,25.99742,0.2573630303271176
2,4,Clock,2,2,0,0,26.99371,0.25902186745223105
2,4,Clock,2,2,0,0,27.99764,0.26070044548740345
2,4,Clock,2,2,0,0,29.00353,0.26238934526639757
2,4,Clock,2,2,0,0,29.99711,0.26406448079562683
2,4,Clock,2,2,0,0,31.00312,0.2657675433324083
2,4,Clock,2,2,0,0,31.99651,0.26745610081144255
2,4,Clock,2,2,0,0,33.00121,0.2691707959154362
2,4,Clock,2,2,0,0,33.9953,0.27087420411532054
2,4,Clock,2,2,0,0,35.00201,0.2726061237046361
2,4,Clock,2,2,0,0,35.99474,0.27432075481912516
2,4,Clock,2,2,0,0,37.00034,0.27606443874341263
2,4,Clock,2,2,0,0,37.99348,0.2777932332993696
2,4,Clock,2,2,0,0,38.99988,0.27955188931549363
2,4,Clock,2,2,0,0,39.99434,0.2812963503168791
2,4,Clock,2,2,0,0,40.99866,0.2830648235933088
2,4,Clock,2,2,0,0,41.99391,0.28482394465332206
2,4,Clock,2,2,0,0,42.99882,0.2866067956571556
2,4,Clock,2,2,0,0,44.00379,0.28839641509526603
2,4,Clock,2,2,0,0,44.99791,0.2901732303695261
2,4,Clock,2,2,0,0,46.00389,0.29197782154769525
2,4,Clock,2,2,0,0,46.99784,0.2937672901808047
2,4,Clock,2,2,0,0,48.00324,0.2955838688431408
2,4,Clock,2,2,0,0,48.99698,0.29738577424052387
2,4,Clock,2,2,0,0,50.00296,0.29921631244456814
2,4,Clock,2,2,0,0,50.99651,0.30103054958644565
2,4,Clock,2,2,0,0,51.99992,0.3028691326208458
2,4,Clock,2,2,0,0,52.99696,0.30470231653603075
2,4,Clock,2,2,0,0,54.00121,0.30655504078643175
2,4,Clock,2,2,0,0,54.99426,0.30839326647454296
2,4,Clock,2,2,0,0,56.00108,0.3102632020743117
2,4,Clock,2,2,0,0,56.99522,0.3121156916069698
2,4,Clock,2,2,0,0,57.99969,0.3139935503760814
2,4,Clock,2,2,0,0,58.99453,0.31585942449973864
2,4,Clock,2,2,0,0,60.00053,0.3177522859329122
2,4,Clock,2,2,0,0,60.99381,0.31962713944369847
2,4,Clock,2,2,0,0,61.99977,0.32153189582269825
2,4,Clock,2,2,0,0,63.00386,0.3234390439751885
2,4,Clock,2,2,0,0,63.99706,0.32533129828972684
2,4,Clock,2,2,0,0,65.00371,0.3272550114077508
2,4,Clock,2,2,0,0,65.99866,0.3291620903406715
2,4,Clock,2,2,0,0,67.00185,0.33109067733444364
2,4,Clock,2,2,0,0,67.99766,0.3330107088679874
2,4,Clock,2,2,0,0,69.00256,0.3349539105286775
2,4,Clock,2,2,0,0,69.99706,0.3368825138922554
2,4,Clock,2,2,0,0,71.00292,0.3388386883864163
2,4,Clock,2,2,0,0,71.99744,0.3407782278197952
2,4,Clock,2,2,0,0,73.00128,0.3427413869027546
2,4,Clock,2,2,0,0,73.9956,0.3446912297166721
2,4,Clock,2,2,0,0,75.00233,0.34667075490527915
2,4,Clock,2,2,0,0,75.99583,0.3486294828754497
2,4,Clock,2,2,0,0,77.00105,0.35061654902473305
2,4,Clock,2,2,0,0,77.99459,0.35258561525594484
2,4,Clock,2,2,0,0,79.00166,0.3545866285731794
2,4,Clock,2,2,0,0,79.99458,0.35656451589710236
2,4,Clock,2,2,0,0,81.00029,0.35857287310418795
2,4,Clock,2,2,0,0,82.00448,0.36058315991926493
2,4,Clock,2,2,0,0,82.99762,0.3625761499024436
2,4,Clock,2,2,0,0,83.99378,0.36457995918084035
2,4,Clock,2,2,0,0,84.99883,0.3666064157389611
2,4,Clock,2,2,0,0,86.00435,0.36863854302845306
2,4,Clock,2,2,0,0,86.99805,0.3706513768783209
2,4,Clock,2,2,0,0,88.00208,0.3726897245296981
2,4,Clock,2,2,0,0,88.9961,0.37471220297059815
2,4,Clock,2,2,0,0,90.00268,0.37676469964440257
2,4,Clock,2,2,0,0,90.99656,0.3787956576950925
2,4,Clock,2,2,0,0,92.00213,0.380854833501061
2,4,Clock,2,2,0,0,92.99535,0.38289294624703796
2,4,Clock,2,2,0,0,94.00014,0.3849589751394058
2,4,Clock,2,2,0,0,94.99482,0.38700832785408346
2,4,Clock,2,2,0,0,96.00101,0.3890854627593539
2,4,Clock,2,2,0,0,96.99474,0.3911408539125234
2,4,Clock,2,2,0,0,97.99886,0.3932216520522389
2,4,Clock,2,2,0,0,98.99485,0.39528943230477276
2,4,Clock,2,2,0,0,100.0004,0.39738086619210106
2,4,Clock,2,2,0,0,100.9946,0.39945239634006363
2,4,Clock,2,2,0,0,101.9996,0.4015500984222893
2,4,Clock,2,2,0,0,103.0037,0.4036495123247527
2,4,Clock,2,2,0,0,103.9989,0.40573381399608727
2,4,Clock,2,2,0,0,105.0039,0.4078420848719495
2,4,Clock,2,2,0,0,105.9986,0.40993209509210854
2,4,Clock,2,2,0,0,107.0032,0.412046219559122
2,4,Clock,2,2,0,0,107.9987,0.41414441223832493
2,4,Clock,2,2,0,0,108.9936,0.416244435917992
2,4,Clock,2,2,0,0,109.9969,0.4183652895005181
2,4,Clock,2,2,0,0,111.0026,0.42049424021591686
2,4,Clock,2,2,0,0,111.9943,0.4225964551707388
2,4,Clock,2,2,0,0,113.0022,0.42473588138690027
2,4,Clock,2,2,0,0,113.9966,0.4268494267209816
2,4,Clock,2,2,0,0,115.0023,0.4289897079584439
2,4,Clock,2,2,0,0,115.9952,0.4311053694918531
2,4,Clock,2,2,0,0,117.0004,0.43324978470587283
2,4,Clock,2,2,0,0,117.9948,0.43537363253046674
2,4,Clock,2,2,0,0,118.9998,0.4375225425150243
2,4,Clock,2,2,0,0,119.9942,0.43965108759522137
2,4,Clock,2,2,0,0,120.9996,0.44180544068873534
2,4,Clock,2,2,0,0,121.9939,0.44393814768442486
2,4,Clock,2,2,0,0,122.9996,0.44609743957153586
2,4,Clock,2,2,0,0,123.9944,0.4482353106019655
2,4,Clock,2,2,0,0,124.9997,0.45039770399390916
2,4,Clock,2,2,0,0,126.0041,0.4525600175612707
2,4,Clock,2,2,0,0,126.9962,0.4546976301598236
2,4,Clock,2,2,0,0,128.001,0.45686431579156905
2,4,Clock,2,2,0,0,128.9966,0.45901273933247344
2,4,Clock,2,2,0,0,130.0031,0.46118625573832833
2,4,Clock,2,2,0,0,130.9969,0.46333380619275705
2,4,Clock,2,2,0,0,132.0034,0.4655101772773553
2,4,Clock,2,2,0,0,132.9951,0.4676558293825414
2,4,Clock,2,2,0,0,134.0018,0.4698351581573611
2,4,Clock,2,2,0,0,134.9952,0.47198681103608886
2,4,Clock,2,2,0,0,136.0003,0.4741649057714843
2,4,Clock,2,2,0,0,136.9947,0.4763207563328705
2,4,Clock,2,2,0,0,138.0004,0.4785019843316553
2,4,Clock,2,2,0,0,139.0037,0.48067883370758846
2,4,Clock,2,2,0,0,139.9993,0.4828397227605496
2,4,Clock,2,2,0,0,140.9939,0.4849990670509975
2,4,Clock,2,2,0,0,141.9993,0.4871824349916721
2,4,Clock,2,2,0,0,143.0044,0.4893656292383406
2,4,Clock,2,2,0,0,143.9993,0.49152708318412197
2,4,Clock,2,2,0,0,144.9935,0.49368732872151183
2,4,Clock,2,2,0,0,145.9975,0.49586909871553075
2,4,Clock,2,2,0,0,147.002,0.4980521203788238
2,4,Clock,2,2,0,0,147.9976,0.5002158827049792
2,4,Clock,2,2,0,0,149.004,0.5024030821382134
2,4,Clock,2,2,0,0,149.9961,0.5045591191538625
2,4,Clock,2,2,0,0,151.0017,0.5067443299221697
2,4,Clock,2,2,0,0,151.9958,0.5089043197805311
2,4,Clock,2,2,0,0,153.0004,0.5110867485411594
2,4,Clock,2,2,0,0,153.9949,0.5132468498738824
2,4,Clock,2,2,0,0,155.0013,0.5154322653350343
2,4,Clock,2,2,0,0,155.9958,0.517591289363037
2,4,Clock,2,2,0,0,157.0011,0.5197730658855699
2,4,Clock,2,2,0,0,158.0043,0.5219495540327659
2,4,Clock,2,2,0,0,159.0005,0.5241100230050127
2,4,Clock,2,2,0,0,160.0046,0.5262866875029821
2,4,Clock,2,2,0,0,160.9996,0.5284426856950266
2,4,Clock,2,2,0,0,162.0037,0.5306172809027837
2,4,Clock,2,2,0,0,162.9976,0.5327686899236413
2,4,Clock,2,2,0,0,164.0039,0.5349456773575331
2,4,Clock,2,2,0,0,164.9958,0.5370902013842299
2,4,Clock,2,2,0,0,165.9934,0.5392456474655798
2,4,Clock,2,2,0,0,166.9979,0.5414145463213365
2,4,Clock,2,2,0,0,168.0029,0.5435829630330098
2,4,Clock,2,2,0,0,168.9963,0.5457247365840945
2,4,Clock,2,2,0,0,170.0005,0.5478880500982236
2,4,Clock,2,2,0,0,170.9958,0.5500304156644256
2,4,Clock,2,2,0,0,172.0012,0.5521926415645628
2,4,Clock,2,2,0,0,172.9956,0.5543292680819092
2,4,Clock,2,2,0,0,174.0013,0.5564881155960486
2,4,Clock,2,2,0,0,174.9954,0.5586200077767196
2,4,Clock,2,2,0,0,176.0,0.5607721870757983
2,4,Clock,2,2,0,0,176.9954,0.5629024354906847
2,4,Clock,2,2,0,0,178.0005,0.5650510678362307
2,4,Clock,2,2,0,0,179.0044,0.5671946865598678
2,4,Clock,2,2,0,0,179.9999,0.5693179040636113
2,4,Clock,2,2,0,0,180.9948,0.5714373087966265
2,4,Clock,2,2,0,0,181.9996,0.5735751525940963
2,4,Clock,2,2,0,0,182.9938,0.57568773075984
2,4,Clock,2,2,0,0,183.9996,0.5778221397884175
2,4,Clock,2,2,0,0,185.0037,0.5799500268727537
2,4,Clock,2,2,0,0,185.9989,0.5820561655556128
2,4,Clock,2,2,0,0,187.0027,0.5841774572913179
2,4,Clock,2,2,0,0,187.9986,0.5862789684419247
2,4,Clock,2,2,0,0,189.0018,0.5883927307953198
2,4,Clock,2,2,0,0,189.9977,0.5904878723579359
2,4,Clock,2,2,0,0,191.0019,0.5925971875000827
2,4,Clock,2,2,0,0,191.9964,0.5946827285252082
2,4,Clock,2,2,0,0,193.0019,0.5967879042276284
2,4,Clock,2,2,0,0,193.9954,0.5988644427581968
2,4,Clock,2,2,0,0,195.001,0.6009626638404371
2,4,Clock,2,2,0,0,195.9944,0.6030317813492864
2,4,Clock,2,2,0,0,197.0007,0.6051240355263087
2,4,Clock,2,2,0,0,197.9939,0.6071852680726668
2,4,Clock,2,2,0,0,198.9984,0.6092660889986576
2,4,Clock,2,2,0,0,200.0031,0.6113433526035207
2,4,Clock,2,2,0,0,200.9996,0.6133996879347283
2,4,Clock,2,2,0,0,202.0045,0.6154692537349686
2,4,Clock,2,2,0,0,202.9982,0.6175116521820433
2,4,Clock,2,2,0,0,204.004,0.6195747022473032
2,4,Clock,2,2,0,0,204.9996,0.6216126012311398
2,4,Clock,2,2,0,0,206.0046,0.6236653620909395
2,4,Clock,2,2,0,0,206.9983,0.6256907340831873
2,4,Clock,2,2,0,0,208.0024,0.6277327914822263
2,4,Clock,2,2,0,0,208.9951,0.6297472274611379
2,4,Clock,2,2,0,0,210.0027,0.6317872757234492
2,4,Clock,2,2,0,0,210.9949,0.6337915551339999
2,4,Clock,2,2,0,0,212.0016,0.6358203939578716
2,4,Clock,2,2,0,0,212.9949,0.6378175115068712
2,4,Clock,2,2,0,0,214.0006,0.639834703334088
2,4,Clock,2,2,0,0,214.9952,0.6418248000756791
2,4,Clock,2,2,0,0,216.0003,0.6438309804135887
2,4,Clock,2,2,0,0,216.9954,0.645812220456689
2,4,Clock,2,2,0,0,217.9993,0.6478059010969974
2,4,Clock,2,2,0,0,218.9953,0.6497788387785397
2,4,Clock,2,2,0,0,220.0006,0.6517650012494642
2,4,Clock,2,2,0,0,220.9946,0.6537236820212583
2,4,Clock,2,2,0,0,221.9974,0.6556944455841875
2,4,Clock,2,2,0,0,223.0048,0.657668855936363
2,4,Clock,2,2,0,0,223.9989,0.6596118510681358
2,4,Clock,2,2,0,0,225.004,0.6615709070767639
2,4,Clock,2,2,0,0,225.9989,0.6635046563125191
2,4,Clock,2,2,0,0,227.0026,0.6654499542593971
2,4,Clock,2,2,0,0,227.9984,0.6673744202923785
2,4,Clock,2,2,0,0,229.0035,0.6693111979129269
2,4,Clock,2,2,0,0,229.9966,0.6712192450173396
2,4,Clock,2,2,0,0,231.002,0.6731451835517377
2,4,Clock,2,2,0,0,231.9962,0.6750439442991264
2,4,Clock,2,2,0,0,233.0006,0.6769563465719789
2,4,Clock,2,2,0,0,233.9961,0.6788459885554657
2,4,Clock,2,2,0,0,235.0027,0.680750777710784
2,4,Clock,2,2,0,0,235.996,0.6826244916230875
2,4,Clock,2,2,0,0,237.0018,0.6845157669059266
2,4,Clock,2,2,0,0,237.995,0.6863773639368606
2,4,Clock,2,2,0,0,239.0019,0.6882585662752934
2,4,Clock,2,2,0,0,239.9948,0.6901075089976458
2,4,Clock,2,2,0,0,240.9989,0.6919711754141278
2,4,Clock,2,2,0,0,242.0038,0.6938300716757156
2,4,Clock,2,2,0,0,242.9988,0.6956644572559915
2,4,Clock,2,2,0,0,244.0048,0.6975128514629808
2,4,Clock,2,2,0,0,244.9977,0.6993308846745832
2,4,Clock,2,2,0,0,246.0033,0.7011658258892149
2,4,Clock,2,2,0,0,246.9974,0.7029734689738796
2,4,Clock,2,2,0,0,248.0032,0.7047959226891006
2,4,Clock,2,2,0,0,248.9989,0.706593656147088
2,4,Clock,2,2,0,0,250.0025,0.7083991656007667
2,4,Clock,2,2,0,0,250.9969,0.7101816584362645
2,4,Clock,2,2,0,0,252.0007,0.7119744423807823
2,4,Clock,2,2,0,0,252.9972,0.7137476245985521
2,4,Clock,2,2,0,0,254.0013,0.7155277257795389
2,4,Clock,2,2,0,0,254.9957,0.7172840338114913
2,4,Clock,2,2,0,0,256.0012,0.719053238357415
2,4,Clock,2,2,0,0,256.9948,0.7207949120222148
2,4,Clock,2,2,0,0,258.0016,0.7225528780169774
2,4,Clock,2,2,0,0,258.9961,0.7242827117700698
2,4,Clock,2,2,0,0,260.0005,0.726022948372762
2,4,Clock,2,2,0,0,261.005,0.727756540021738
2,4,Clock,2,2,0,0,261.9996,0.7294662343837989
2,4,Clock,2,2,0,0,263.005,0.7311876177316066
2,4,Clock,2,2,0,0,263.9995,0.7328835177631173
2,4,Clock,2,2,0,0,265.0048,0.7345908616223943
2,4,Clock,2,2,0,0,265.9982,0.7362711806202644
2,4,Clock,2,2,0,0,267.0045,0.7379663061670121
2,4,Clock,2,2,0,0,267.9995,0.7396355372046173
2,4,Clock,2,2,0,0,269.0038,0.7413133289451515
2,4,Clock,2,2,0,0,269.9978,0.7429669421409789
2,4,Clock,2,2,0,0,271.0036,0.7446331502003831
2,4,Clock,2,2,0,0,271.9975,0.7462726546641207
2,4,Clock,2,2,0,0,273.0035,0.747925054208144
2,4,Clock,2,2,0,0,273.996,0.7495482414872093
2,4,Clock,2,2,0,0,275.0023,0.7511868673955684
2,4,Clock,2,2,0,0,275.9955,0.7527971779293793
2,4,Clock,2,2,0,0,277.0023,0.7544222979740516
2,4,Clock,2,2,0,0,277.996,0.7560192529446619
2,4,Clock,2,2,0,0,279.0019,0.7576285979434899
2,4,Clock,2,2,0,0,279.9952,0.7592107270519497
2,4,Clock,2,2,0,0,280.9987,0.7608018668322833
2,4,Clock,2,2,0,0,282.0053,0.7623907331618297
2,4,Clock,2,2,0,0,282.9994,0.7639526576500933
2,4,Clock,2,2,0,0,284.0045,0.7655246641064735
2,4,Clock,2,2,0,0,284.9988,0.7670726609536865
2,4,Clock,2,2,0,0,286.0036,0.7686297101926641
2,4,Clock,2,2,0,0,286.9983,0.7701639257963238
2,4,Clock,2,2,0,0,288.0022,0.7717051054245988
2,4,Clock,2,2,0,0,288.9989,0.7732280150612589
2,4,Clock,2,2,0,0,290.0029,0.7747547962417676
2,4,Clock,2,2,1,1,290.9975,0.776260080899545
2,4,Clock,2,2,1,1,292.0027,0.7777741035178166
2,4,Clock,2,2,1,1,292.9962,0.7792633165002858
2,4,Clock,2,2,1,1,294.0034,0.7807657533711835
2,4,Clock,2,2,1,1,294.9959,0.7822390851720171
2,4,Clock,2,2,1,1,296.0013,0.7837242357923581
2,4,Clock,2,2,1,1,296.9955,0.7851856169426821
2,4,Clock,2,2,1,1,298.0017,0.7866573103445563
2,4,Clock,2,2,1,1,298.9961,0.7881044968859521
2,4,Clock,2,2,1,1,300.0004,0.7895588195273725
2,4,Clock,2,2,1,1,300.9952,0.7909921674083547
2,4,Clock,2,3,0,0,0.011238,0.2165942247464445
2,4,Clock,2,3,0,0,1.010427,0.2180717442924446
2,4,Clock,2,3,0,0,2.005901,0.2195509844521367
2,4,Clock,2,3,0,0,3.009208,0.2210491466241174
2,4,Clock,2,3,0,0,4.013891,0.22255668695054667
2,4,Clock,2,3,0,0,5.009709,0.2240581515109276
2,4,Clock,2,3,0,0,6.013655,0.22557915102797024
2,4,Clock,2,3,0,0,7.01029,0.22709629727402256
2,4,Clock,2,3,0,0,8.004245,0.22861652578795233
2,4,Clock,2,3,0,0,9.006847,0.23015722103587946
2,4,Clock,2,3,0,0,10.00374,0.23169634461519087
2,4,Clock,2,3,0,0,11.00845,0.2332547946997972
2,4,Clock,2,3,0,0,12.00327,0.23480507768452724
2,4,Clock,2,3,0,0,13.00797,0.23637798969128326
2,4,Clock,2,3,0,0,14.01414,0.23796047986351826
2,4,Clock,2,3,0,0,15.00711,0.23952933653929542
2,4,Clock,2,3,0,0,16.01306,0.24112591186359908
2,4,Clock,2,3,0,0,17.00686,0.24271031987107008
2,4,Clock,2,3,0,0,18.01257,0.24432089873825802
2,4,Clock,2,3,0,0,19.00748,0.24592128693889417
2,4,Clock,2,3,0,0,20.01261,0.24754526921155406
2,4,Clock,2,3,0,0,21.00554,0.2491565944668274
2,4,Clock,2,3,0,0,22.01061,0.25079473942024827
2,4,Clock,2,3,0,0,23.01419,0.2524375898648995
2,4,Clock,2,3,0,0,24.01053,0.2540756231755062
2,4,Clock,2,3,0,0,25.00407,0.2557160168227019
2,4,Clock,2,3,0,0,26.01028,0.2573844002031929
2,4,Clock,2,3,0,0,27.00355,0.2590382858448719
2,4,Clock,2,3,0,0,28.00709,0.26071627768102357
2,4,Clock,2,3,0,0,29.00403,0.26239018606010484
2,4,Clock,2,3,0,0,30.00948,0.26408537785065966
2,4,Clock,2,3,0,0,31.01333,0.2657848636610606
2,4,Clock,2,3,0,0,32.00739,0.26747463141516364
2,4,Clock,2,3,0,0,33.0139,0.26919250052733507
2,4,Clock,2,3,0,0,34.0069,0.2708941218938071
2,4,Clock,2,3,0,0,35.01249,0.2726241878423259
2,4,Clock,2,3,0,0,36.00776,0.2743432865773203
2,4,Clock,2,3,0,0,37.01255,0.276085654118095
2,4,Clock,2,3,0,0,38.00636,0.2778156949045421
2,4,Clock,2,3,0,0,39.01038,0.27957027020975384
2,4,Clock,2,3,0,0,40.0048,0.28131473407791485
2,4,Clock,2,3,0,0,41.01232,0.28308892407001035
2,4,Clock,2,3,0,0,42.00532,0.2848441496822092
2,4,Clock,2,3,0,0,43.01156,0.28662943618060904
2,4,Clock,2,3,0,0,44.00523,0.28839898084808907
2,4,Clock,2,3,0,0,45.0106,0.29019595605043236
2,4,Clock,2,3,0,0,46.00391,0.2919778558253482
2,4,Clock,2,3,0,0,47.00961,0.2937885157784864
2,4,Clock,2,3,0,0,48.00344,0.2955842348004107
2,4,Clock,2,3,0,0,49.00859,0.2974068670772198
2,4,Clock,2,3,0,0,50.01414,0.2992366940258681
2,4,Clock,2,3,0,0,51.00926,0.30105386961723807
2,4,Clock,2,3,0,0,52.01384,0.30289468303127504
2,4,Clock,2,3,0,0,53.00763,0.30472196783229455
2,4,Clock,2,3,0,0,54.01284,0.3065765354527421
2,4,Clock,2,3,0,0,55.007,0.30841689105554393
2,4,Clock,2,3,0,0,56.0122,0.31028388940814045
2,4,Clock,2,3,0,0,57.00453,0.31213307160495996
2,4,Clock,2,3,0,0,58.01069,0.314014144609135
2,4,Clock,2,3,0,0,59.00611,0.31588118121551445
2,4,Clock,2,3,0,0,60.00909,0.31776841851362414
2,4,Clock,2,3,0,0,61.00516,0.3196486017119465
2,4,Clock,2,3,0,0,62.01141,0.3215539681373027
2,4,Clock,2,3,0,0,63.00307,0.3234375418244128
2,4,Clock,2,3,0,0,64.00782,0.3253518321651836
2,4,Clock,2,3,0,0,65.004,0.3272555662824082
2,4,Clock,2,3,0,0,66.0097,0.32918328260621205
2,4,Clock,2,3,0,0,67.00374,0.33109432018550655
2,4,Clock,2,3,0,0,68.00844,0.3330315250149809
2,4,Clock,2,3,0,0,69.01296,0.3349740483952489
2,4,Clock,2,3,0,0,70.00988,0.33690740593002716
2,4,Clock,2,3,0,0,71.0142,0.3388606495853728
2,4,Clock,2,3,0,0,72.00565,0.34079427498605114
2,4,Clock,2,3,0,0,73.01225,0.3427628722591667
2,4,Clock,2,3,0,0,74.0084,0.3447163688327667
2,4,Clock,2,3,0,0,75.01354,0.3466928373656159
2,4,Clock,2,3,0,0,76.00615,0.34864986128244413
2,4,Clock,2,3,0,0,77.0134,0.3506409829608285
2,4,Clock,2,3,0,0,78.00726,0.3526107629371803
2,4,Clock,2,3,0,0,79.01142,0.35460604237274596
2,4,Clock,2,3,0,0,80.00616,0.3565875998034784
2,4,Clock,2,3,0,0,81.01123,0.3585947484070142
2,4,Clock,2,3,0,0,82.00616,0.3605865241626068
2,4,Clock,2,3,0,0,83.00994,0.36260090592036187
2,4,Clock,2,3,0,0,84.00312,0.364598765951095
2,4,Clock,2,3,0,0,85.00861,0.3666261600052138
2,4,Clock,2,3,0,0,86.00405,0.36863794099920166
2,4,Clock,2,3,0,0,87.01019,0.3706760077751853
2,4,Clock,2,3,0,0,88.01415,0.37271425559607313
2,4,Clock,2,3,0,0,89.00842,0.37473730047109266
2,4,Clock,2,3,0,0,90.01416,0.37678813860875426
2,4,Clock,2,3,0,0,91.0079,0.3788188496735427
2,4,Clock,2,3,0,0,92.00355,0.380857742475252
2,4,Clock,2,3,0,0,93.00796,0.38291883599475596
2,4,Clock,2,3,0,0,94.01137,0.38498209075955653
2,4,Clock,2,3,0,0,95.00732,0.3870341010597946
2,4,Clock,2,3,0,0,96.01418,0.3891126896248605
2,4,Clock,2,3,0,0,97.00631,0.39116479965432865
2,4,Clock,2,3,0,0,98.01198,0.39324885543981264
2,4,Clock,2,3,0,0,99.0062,0.3953130232046935
2,4,Clock,2,3,0,0,100.012,0.3974050240212576
2,4,Clock,2,3,0,0,101.0051,0.3994742895385822
2,4,Clock,2,3,0,0,102.0107,0.4015732729233702
2,4,Clock,2,3,0,0,103.0037,0.4036495123247527
2,4,Clock,2,3,0,0,104.0105,0.40575812171830866
2,4,Clock,2,3,0,0,105.0039,0.4078420848719495
2,4,Clock,2,3,0,0,106.0083,0.40995250206809103
2,4,Clock,2,3,0,0,107.0031,0.4120460106743562
2,4,Clock,2,3,0,0,108.0084,0.4141648656332092
2,4,Clock,2,3,0,0,109.0032,0.4162647098262609
2,4,Clock,2,3,0,0,110.0087,0.41839024081402765
2,4,Clock,2,3,0,0,111.0139,0.4205181761612932
2,4,Clock,2,3,0,0,112.0062,0.42262170204974525
2,4,Clock,2,3,0,0,113.0129,0.4247586177647004
2,4,Clock,2,3,0,0,114.0063,0.4268700666192281
2,4,Clock,2,3,0,0,115.0135,0.42901355827755255
2,4,Clock,2,3,0,0,116.0077,0.43113201394072187
2,4,Clock,2,3,0,0,117.013,0.43327668875177444
2,4,Clock,2,3,0,0,118.0064,0.43539843127249966
2,4,Clock,2,3,0,0,119.0118,0.43754821757318535
2,4,Clock,2,3,0,0,120.0056,0.4396754990806247
2,4,Clock,2,3,0,0,121.0098,0.4418273094726877
2,4,Clock,2,3,0,0,122.0058,0.44396368922047347
2,4,Clock,2,3,0,0,123.0083,0.4461161224613055
2,4,Clock,2,3,0,0,124.0142,0.4482778778454327
2,4,Clock,2,3,0,0,125.0098,0.4504194414596154
2,4,Clock,2,3,0,0,126.0131,0.4525794072412942
2,4,Clock,2,3,0,0,127.0085,0.4547241396602465
2,4,Clock,2,3,0,0,128.0035,0.45686968101616954
2,4,Clock,2,3,0,0,129.0072,0.4590356323238879
2,4,Clock,2,3,0,0,130.014,0.4612098239692244
2,4,Clock,2,3,0,0,131.0072,0.46335607042627686
2,4,Clock,2,3,0,0,132.0132,0.4655313662181043
2,4,Clock,2,3,0,0,133.0071,0.46768178594568677
2,4,Clock,2,3,0,0,134.0137,0.46986093066735135
2,4,Clock,2,3,0,0,135.0055,0.47200912536438916
2,4,Clock,2,3,0,0,136.0135,0.47419351464068765
2,4,Clock,2,3,0,0,137.0076,0.47634871568163717
2,4,Clock,2,3,0,0,138.0122,0.4785276045392832
2,4,Clock,2,3,0,0,139.006,0.48068383373586726
2,4,Clock,2,3,0,0,140.0114,0.48286598951686777
2,4,Clock,2,3,0,0,141.0062,0.48502577182946766
2,4,Clock,2,3,0,0,142.0109,0.4872076217914497
2,4,Clock,2,3,0,0,143.0041,0.4893649994401348
2,4,Clock,2,3,0,0,144.0106,0.4915516493947006
2,4,Clock,2,3,0,0,145.0049,0.49371209700859126
2,4,Clock,2,3,0,0,146.0097,0.4958956267371953
2,4,Clock,2,3,0,0,147.0045,0.49805755890980047
2,4,Clock,2,3,0,0,148.0082,0.5002388973198603
2,4,Clock,2,3,0,0,149.0146,0.5024261293826265
2,4,Clock,2,3,0,0,150.0082,0.5045854146397618
2,4,Clock,2,3,0,0,151.0033,0.506747811327302
2,4,Clock,2,3,0,0,152.0067,0.5089279901163399
2,4,Clock,2,3,0,0,153.0131,0.5111143591015243
2,4,Clock,2,3,0,0,154.0056,0.5132700802835561
2,4,Clock,2,3,0,0,155.0124,0.515456384437841
2,4,Clock,2,3,0,0,156.0072,0.5176160308767732
2,4,Clock,2,3,0,0,157.0128,0.5197984615218251
2,4,Clock,2,3,0,0,158.0061,0.5219534596388565
2,4,Clock,2,3,0,0,159.0115,0.524133877356205
2,4,Clock,2,3,0,0,160.0054,0.5262884402453565
2,4,Clock,2,3,0,0,161.0108,0.5284669479720016
2,4,Clock,2,3,0,0,162.0054,0.5306209811490927
2,4,Clock,2,3,0,0,163.0095,0.5327944453109158
2,4,Clock,2,3,0,0,164.0036,0.5349450173517716
2,4,Clock,2,3,0,0,165.0094,0.537119586250964
2,4,Clock,2,3,0,0,166.0135,0.5392890857682312
2,4,Clock,2,3,0,0,167.0089,0.5414382921900102
2,4,Clock,2,3,0,0,168.0038,0.5435849047407868
2,4,Clock,2,3,0,0,169.0093,0.5457527215234097
2,4,Clock,2,3,0,0,170.0146,0.547918410782716
2,4,Clock,2,3,0,0,171.0075,0.5500555963378264
2,4,Clock,2,3,0,0,172.0137,0.5522195053742569
2,4,Clock,2,3,0,0,173.0077,0.5543552551300692
2,4,Clock,2,3,0,0,174.0128,0.5565128006664548
2,4,Clock,2,3,0,0,175.0064,0.5586435562912545
2,4,Clock,2,3,0,0,176.0134,0.5608008732124323
2,4,Clock,2,3,0,0,177.0064,0.5629259342928011
2,4,Clock,2,3,0,0,178.0123,0.565076268204554
2,4,Clock,2,3,0,0,179.0055,0.5671970311194723
2,4,Clock,2,3,0,0,180.0109,0.5693413543617027
2,4,Clock,2,3,0,0,181.004,0.5714568973383243
2,4,Clock,2,3,0,0,182.0105,0.5735983175959819
2,4,Clock,2,3,0,0,183.0044,0.5757102178535856
2,4,Clock,2,3,0,0,184.0103,0.5778448232238822
2,4,Clock,2,3,0,0,185.0039,0.5799504792740369
2,4,Clock,2,3,0,0,186.0109,0.5820815288679371
2,4,Clock,2,3,0,0,187.0144,0.5842021716184342
2,4,Clock,2,3,0,0,188.0096,0.5863021663016167
2,4,Clock,2,3,0,0,189.0142,0.588418848864186
2,4,Clock,2,3,0,0,190.0089,0.5905114160357646
2,4,Clock,2,3,0,0,191.0136,0.592621718351085
2,4,Clock,2,3,0,0,192.0078,0.5947066122075003
2,4,Clock,2,3,0,0,193.0136,0.5968123544258835
2,4,Clock,2,3,0,0,194.0066,0.5988878319863288
2,4,Clock,2,3,0,0,195.0137,0.600989129567741
2,4,Clock,2,3,0,0,196.0059,0.6030557237189835
2,4,Clock,2,3,0,0,197.0126,0.6051487584201732
2,4,Clock,2,3,0,0,198.0066,0.6072116224750762
2,4,Clock,2,3,0,0,199.0112,0.6092925830950947
2,4,Clock,2,3,0,0,200.0051,0.6113474814246868
2,4,Clock,2,3,0,0,201.0101,0.613421329766512
2,4,Clock,2,3,0,0,202.0057,0.6154717338299958
2,4,Clock,2,3,0,0,203.0104,0.6175367162904235
2,4,Clock,2,3,0,0,204.0044,0.619575515153731
2,4,Clock,2,3,0,0,205.0099,0.621633661302625
2,4,Clock,2,3,0,0,206.0038,0.6236637431393822
2,4,Clock,2,3,0,0,207.0091,0.6257126979559172
2,4,Clock,2,3,0,0,208.0138,0.627755946708324
2,4,Clock,2,3,0,0,209.0093,0.6297759911712295
2,4,Clock,2,3,0,0,210.0041,0.6317901146955117
2,4,Clock,2,3,0,0,211.0063,0.6338145533405383
2,4,Clock,2,3,0,0,212.0139,0.6358451501094545
2,4,Clock,2,3,0,0,213.0081,0.6378440170952486
2,4,Clock,2,3,0,0,214.0138,0.6398611446532113
2,4,Clock,2,3,0,0,215.0059,0.6418462066762297
2,4,Clock,2,3,0,0,216.0132,0.6438566833085306
2,4,Clock,2,3,0,0,217.0059,0.645833095472493
2,4,Clock,2,3,0,0,218.0114,0.6478299003504449
2,4,Clock,2,3,0,0,219.006,0.649799999196378
2,4,Clock,2,3,0,0,220.0104,0.6517843598129235
2,4,Clock,2,3,0,0,221.0062,0.6537465026808789
2,4,Clock,2,3,0,0,222.0106,0.6557203490696563
2,4,Clock,2,3,0,0,223.0049,0.6576690351244804
2,4,Clock,2,3,0,0,224.0104,0.6596343070276299
2,4,Clock,2,3,0,0,225.0054,0.6615736394208048
2,4,Clock,2,3,0,0,226.009,0.6635242618661358
2,4,Clock,2,3,0,0,227.0141,0.6654722204014158
2,4,Clock,2,3,0,0,228.007,0.6673910277513959
2,4,Clock,2,3,0,0,229.0136,0.6693306337582815
2,4,Clock,2,3,0,0,230.007,0.6712392092562524
2,4,Clock,2,3,0,0,231.0132,0.673166605387861
2,4,Clock,2,3,0,0,232.0052,0.6750611117994745
2,4,Clock,2,3,0,0,233.0103,0.6769747957419511
2,4,Clock,2,3,0,0,234.006,0.6788647569420213
2,4,Clock,2,3,0,0,235.0119,0.6807681610557983
2,4,Clock,2,3,0,0,236.0068,0.6826448379213704
2,4,Clock,2,3,0,0,237.0114,0.684533785022704
2,4,Clock,2,3,0,0,238.0062,0.686398322565121
2,4,Clock,2,3,0,0,239.0112,0.6882758987735121
2,4,Clock,2,3,0,0,240.0064,0.6901290684337363
2,4,Clock,2,3,0,0,241.0103,0.6919922955168234
2,4,Clock,2,3,0,0,242.0039,0.6938302689261354
2,4,Clock,2,3,0,0,243.0101,0.6956852669966878
2,4,Clock,2,3,0,0,244.0035,0.6975104445361164
2,4,Clock,2,3,0,0,245.0085,0.6993506316678593
2,4,Clock,2,3,0,0,246.0035,0.7011661872146434
2,4,Clock,2,3,0,0,247.0071,0.7029910565018215
2,4,Clock,2,3,0,0,248.0035,0.7047964470658586
2,4,Clock,2,3,0,0,249.0085,0.7066109537815606
2,4,Clock,2,3,0,0,250.0133,0.7084185653396089
2,4,Clock,2,3,0,0,251.0078,0.7102011519086707
2,4,Clock,2,3,0,0,252.0139,0.7119979714797815
2,4,Clock,2,3,0,0,253.0063,0.7137638040978512
2,4,Clock,2,3,0,0,254.012,0.7155466527039717
2,4,Clock,2,3,0,0,255.0076,0.7173050150277928
2,4,Clock,2,3,0,0,256.0135,0.7190748363938789
2,4,Clock,2,3,0,0,257.0063,0.7208149866563266
2,4,Clock,2,3,0,0,258.0114,0.7225700030647836
2,4,Clock,2,3,0,0,259.0068,0.7243013071254083
2,4,Clock,2,3,0,0,260.0124,0.7260435287487546
2,4,Clock,2,3,0,0,261.0036,0.7277541221295631
2,4,Clock,2,3,0,0,262.0094,0.7294830401197407
2,4,Clock,2,3,0,0,263.0131,0.7312014359238793
2,4,Clock,2,3,0,0,264.0099,0.732901175691605
2,4,Clock,2,3,0,0,265.0028,0.7345874995208558
2,4,Clock,2,3,0,0,266.0089,0.7362892618211627
2,4,Clock,2,3,0,0,267.0042,0.7379658444554534
2,4,Clock,2,3,0,0,268.0081,0.7396498931684711
2,4,Clock,2,3,0,0,269.0143,0.7413308297917195
2,4,Clock,2,3,0,0,270.0072,0.7429825461030516
2,4,Clock,2,3,0,0,271.0114,0.7446460645920531
2,4,Clock,2,3,0,0,272.0073,0.7462887794904621
2,4,Clock,2,3,0,0,273.0117,0.7479384586649888
2,4,Clock,2,3,0,0,274.006,0.7495645766101028
2,4,Clock,2,3,0,0,275.0121,0.7512027840338399
2,4,Clock,2,3,0,0,276.005,0.75281253177097
2,4,Clock,2,3,0,0,277.0126,0.7544389108398828
2,4,Clock,2,3,0,0,278.003,0.7560304589663291
2,4,Clock,2,3,0,0,279.0113,0.7576436021705204
2,4,Clock,2,3,0,0,280.0044,0.7592253249825748
2,4,Clock,2,3,0,0,281.0101,0.7608199229358668
2,4,Clock,2,3,0,0,282.0047,0.7623897719792264
2,4,Clock,2,3,0,0,283.0086,0.7639671053142584
2,4,Clock,2,3,0,0,284.0052,0.7655257593679311
2,4,Clock,2,3,0,0,285.0094,0.7670891088396055
2,4,Clock,2,3,0,0,286.0031,0.7686289553098219
2,4,Clock,2,3,0,0,287.0089,0.7701802677545961
2,4,Clock,2,3,0,0,288.0141,0.771723333226035
2,4,Clock,2,3,0,0,289.0098,0.7732446219500686
2,4,Clock,2,3,0,0,290.0146,0.7747725275505661
2,4,Clock,2,3,0,0,291.0092,0.7762777279298361
2,4,Clock,2,3,0,0,292.0125,0.7777888683335168
2,4,Clock,2,3,0,0,293.0078,0.7792807027446921
2,4,Clock,2,3,0,0,294.0122,0.7807788769403393
2,4,Clock,2,3,0,0,295.0077,0.7822565284665884
2,4,Clock,2,3,0,0,296.0117,0.7837395245872005
2,4,Clock,2,3,0,0,297.005,0.7851995331272607
2,4,Clock,2,3,0,0,298.0123,0.7866727598891139
2,4,Clock,2,3,0,0,299.0035,0.7881152624817852
2,4,Clock,2,3,0,0,300.0103,0.7895731454319763
2,4,Clock,2,3,0,0,301.0058,0.7910073864359216
2,4,Clock,4,5,0,0,0.0112268,0.21659420822533487
2,4,Clock,4,5,0,0,1.010952,0.21807252252344483
2,4,Clock,4,5,0,0,2.01688,0.21956733890813668
2,4,Clock,4,5,0,0,3.010709,0.22105139355414977
2,4,Clock,4,5,0,0,4.015441,0.222559017985087
2,4,Clock,4,5,0,0,5.010154,0.22405882390886944
2,4,Clock,4,5,0,0,6.01441,0.22558029736424565
2,4,Clock,4,5,0,0,7.008793,0.22709401263341938
2,4,Clock,4,5,0,0,8.014668,0.22863250638986196
2,4,Clock,4,5,0,0,9.007746,0.23015860480235173
2,4,Clock,4,5,0,0,10.01372,0.23171178806287185
2,4,Clock,4,5,0,0,11.00726,0.2332529457239228
2,4,Clock,4,5,0,0,12.01249,0.23481947925244684
2,4,Clock,4,5,0,0,13.00669,0.23637598142612015
2,4,Clock,4,5,0,0,14.01282,0.23795839920190268
2,4,Clock,4,5,0,0,15.00744,0.2395298590581184
2,4,Clock,4,5,0,0,16.01075,0.24112223760407658
2,4,Clock,4,5,0,0,17.01668,0.24272600950074727
2,4,Clock,4,5,0,0,18.0118,0.24431966501807717
2,4,Clock,4,5,0,0,19.01557,0.24593432770698423
2,4,Clock,4,5,0,0,20.00926,0.2475398458237144
2,4,Clock,4,5,0,0,21.01652,0.24917444977191136
2,4,Clock,4,5,0,0,22.00971,0.25079326888740666
2,4,Clock,4,5,0,0,23.01418,0.2524375710904567
2,4,Clock,4,5,0,0,24.00919,0.2540734140203677
2,4,Clock,4,5,0,0,25.01588,0.2557355580924487
2,4,Clock,4,5,0,0,26.00942,0.2573829708604569
2,4,Clock,4,5,0,0,27.01412,0.25905592387984006
2,4,Clock,4,5,0,0,28.00889,0.2607192946250136
2,4,Clock,4,5,0,0,29.01367,0.2624064053745909
2,4,Clock,4,5,0,0,30.00709,0.26408134014119716
2,4,Clock,4,5,0,0,31.01377,0.26578560787215083
2,4,Clock,4,5,0,0,32.00727,0.2674744299911763
2,4,Clock,4,5,0,0,33.01159,0.26918854703507256
2,4,Clock,4,5,0,0,34.00792,0.2708958707200221
2,4,Clock,4,5,0,0,35.01075,0.27262118915681854
2,4,Clock,4,5,0,0,36.00707,0.2743420916324407
2,4,Clock,4,5,0,0,37.01272,0.27608594574539264
2,4,Clock,4,5,0,0,38.01709,0.27783441154456917
2,4,Clock,4,5,0,0,39.01067,0.2795707778321532
2,4,Clock,4,5,0,0,40.01581,0.28133408407785765
2,4,Clock,4,5,0,0,41.01084,0.2830863127324665
2,4,Clock,4,5,0,0,42.01547,0.2848621194394527
2,4,Clock,4,5,0,0,43.01104,0.28662851399403294
2,4,Clock,4,5,0,0,44.01458,0.28841566197531365
2,4,Clock,4,5,0,0,45.00882,0.2901927660581944
2,4,Clock,4,5,0,0,46.01222,0.29199278739580187
2,4,Clock,4,5,0,0,47.00699,0.29378378896333496
2,4,Clock,4,5,0,0,48.01369,0.29560278848811633
2,4,Clock,4,5,0,0,49.00858,0.2974068462888483
2,4,Clock,4,5,0,0,50.01452,0.2992373824657368
2,4,Clock,4,5,0,0,51.00806,0.3010516785232946
2,4,Clock,4,5,0,0,52.01318,0.3028934716524205
2,4,Clock,4,5,0,0,53.00839,0.30472336600313177
2,4,Clock,4,5,0,0,54.01276,0.30657638740526416
2,4,Clock,4,5,0,0,55.0175,0.30843636440562044
2,4,Clock,4,5,0,0,56.01182,0.31028318680699635
2,4,Clock,4,5,0,0,57.00686,0.312137414907008
2,4,Clock,4,5,0,0,58.01109,0.3140148946730696
2,4,Clock,4,5,0,0,59.01705,0.31590173474326894
2,4,Clock,4,5,0,0,60.01059,0.31777124391703704
2,4,Clock,4,5,0,0,61.01579,0.319668694433714
2,4,Clock,4,5,0,0,62.00929,0.32154994572231616
2,4,Clock,4,5,0,0,63.01626,0.3234626289454104
2,4,Clock,4,5,0,0,64.01065,0.3253572332463649
2,4,Clock,4,5,0,0,65.01405,0.3272748119708291
2,4,Clock,4,5,0,0,66.00948,0.32918287252122586
2,4,Clock,4,5,0,0,67.01539,0.33111675060559204
2,4,Clock,4,5,0,0,68.00793,0.3330305379642814
2,4,Clock,4,5,0,0,69.014,0.33497605778247574
2,4,Clock,4,5,0,0,70.00879,0.33690528710825013
2,4,Clock,4,5,0,0,71.01364,0.3388595648819911
2,4,Clock,4,5,0,0,72.00794,0.3407987450137921
2,4,Clock,4,5,0,0,73.01243,0.3427632159105763
2,4,Clock,4,5,0,0,74.01789,0.3447350064975942
2,4,Clock,4,5,0,0,75.01195,0.3466896977102486
2,4,Clock,4,5,0,0,76.01669,0.348670677048651
2,4,Clock,4,5,0,0,77.01137,0.3506369659558502
2,4,Clock,4,5,0,0,78.01778,0.35263162659416236
2,4,Clock,4,5,0,0,79.00958,0.35460238422377766
2,4,Clock,4,5,0,0,80.01713,0.35660948219661964
2,4,Clock,4,5,0,0,81.01,0.3585922923639139
2,4,Clock,4,5,0,0,82.01595,0.36060615938316204
2,4,Clock,4,5,0,0,83.00983,0.36260067598495416
2,4,Clock,4,5,0,0,84.01365,0.364619970158509
2,4,Clock,4,5,0,0,85.00916,0.36662726890084407
2,4,Clock,4,5,0,0,86.01279,0.36865561613086584
2,4,Clock,4,5,0,0,87.00995,0.3706755126751558
2,4,Clock,4,5,0,0,88.01443,0.3727148138327692
2,4,Clock,4,5,0,0,89.00826,0.37473697412156287
2,4,Clock,4,5,0,0,90.01387,0.3767875467872766
2,4,Clock,4,5,0,0,91.00777,0.37881858435167926
2,4,Clock,4,5,0,0,92.01324,0.38087760505442686
2,4,Clock,4,5,0,0,93.00788,0.38291867927515627
2,4,Clock,4,5,0,0,94.01026,0.3849798137222913
2,4,Clock,4,5,0,0,95.00691,0.38703326711832586
2,4,Clock,4,5,1,1,96.01107,0.38910625727460096
2,4,Clock,4,5,1,1,97.01478,0.3911823328187448
2,4,Clock,4,5,1,1,98.00982,0.393244376884278
2,4,Clock,4,5,1,1,99.0165,0.39533442666065244
2,4,Clock,4,5,1,1,100.0108,0.3974025303891845
2,4,Clock,4,5,1,1,101.0142,0.3994932713941121
2,4,Clock,4,5,1,1,102.0099,0.401571615310334
2,4,Clock,4,5,1,1,103.0166,0.40367651014106404
2,4,Clock,4,5,1,1,104.0105,0.40575812171830866
2,4,Clock,4,5,1,1,105.0166,0.40786875484404084
2,4,Clock,4,5,1,1,106.0182,0.4099733264874268
2,4,Clock,4,5,1,1,107.0155,0.41207213758395217
2,4,Clock,4,5,1,1,108.0081,0.41416423802660357
2,4,Clock,4,5,1,1,109.0137,0.41628690186141704
2,4,Clock,4,5,1,1,110.0078,0.41838833636528644
2,4,Clock,4,5,1,1,111.0129,0.42051605892215627
2,4,Clock,4,5,1,1,112.0085,0.42262657344921134
2,4,Clock,4,5,1,1,113.0132,0.4247592497854529
2,4,Clock,4,5,1,1,114.0183,0.42689559099654356
2,4,Clock,4,5,1,1,115.0109,0.42900803433234225
2,4,Clock,4,5,1,1,116.0171,0.43115205447267696
2,4,Clock,4,5,1,1,117.0108,0.43327199842974173
2,4,Clock,4,5,1,1,118.017,0.43542107813783193
2,4,Clock,4,5,1,1,119.0105,0.43754542643494915
2,4,Clock,4,5,1,1,120.017,0.43969991085786847
2,4,Clock,4,5,1,1,121.0103,0.44182837265791364
2,4,Clock,4,5,1,1,122.0142,0.44398171582901025
2,4,Clock,4,5,1,1,123.0111,0.4461221370731271
2,4,Clock,4,5,1,1,124.0154,0.44828046963271645
2,4,Clock,4,5,1,1,125.0098,0.4504194414596154
2,4,Clock,4,5,1,1,126.016,0.4525856514061784
2,4,Clock,4,5,1,1,127.0077,0.4547224129169813
2,4,Clock,4,5,1,1,128.0149,0.4568942690139566
2,4,Clock,4,5,1,1,129.0092,0.45903994742509363
2,4,Clock,4,5,1,1,130.0139,0.4612095932304588
2,4,Clock,4,5,1,1,131.0076,0.46335692801449074
2,4,Clock,4,5,1,1,132.0115,0.46552770270076044
2,4,Clock,4,5,1,1,133.0071,0.46768178594568677
2,4,Clock,4,5,1,1,134.0139,0.46986136021054664
2,4,Clock,4,5,1,1,135.0174,0.4720349109497219
2,4,Clock,4,5,1,1,136.0132,0.4741928531620289
2,4,Clock,4,5,1,1,137.0163,0.47636757591779677
2,4,Clock,4,5,1,1,138.0116,0.478526280494776
2,4,Clock,4,5,1,1,139.0176,0.4807089994998335
2,4,Clock,4,5,1,1,140.0102,0.48286337277396935
2,4,Clock,4,5,1,1,141.0144,0.48504359715103
2,4,Clock,4,5,1,1,142.0095,0.48720460600015547
2,4,Clock,4,5,1,1,143.0164,0.48939171617260796
2,4,Clock,4,5,1,1,144.0101,0.4915505553520649
2,4,Clock,4,5,1,1,145.0154,0.4937349090593394
2,4,Clock,4,5,1,1,146.0091,0.495894300335562
2,4,Clock,4,5,1,1,147.0136,0.4980773233311128
2,4,Clock,4,5,1,1,148.0082,0.5002388973198603
2,4,Clock,4,5,1,1,149.0152,0.5024274226809293
2,4,Clock,4,5,1,1,150.0077,0.504584353536155
2,4,Clock,4,5,1,1,151.0137,0.506770423866598
2,4,Clock,4,5,1,1,152.0168,0.5089499365263848
2,4,Clock,4,5,1,1,153.0125,0.5111130332658405
2,4,Clock,4,5,1,1,154.0174,0.5132956966317488
2,4,Clock,4,5,1,1,155.0128,0.5154572458330388
2,4,Clock,4,5,1,1,156.0177,0.517638818165091
2,4,Clock,4,5,1,1,157.0102,0.519792799661322
2,4,Clock,4,5,1,1,158.0163,0.5219755692905109
2,4,Clock,4,5,1,1,159.0115,0.524133877356205
2,4,Clock,4,5,1,1,160.0177,0.5263150950778226
2,4,Clock,4,5,1,1,161.0104,0.5284660885475937
2,4,Clock,4,5,1,1,162.0165,0.5306449996303172
2,4,Clock,4,5,1,1,163.0099,0.5327953038208155
2,4,Clock,4,5,1,1,164.0155,0.5349707574857626
2,4,Clock,4,5,1,1,165.0094,0.537119586250964
2,4,Clock,4,5,1,1,166.0161,0.5392946885407675
2,4,Clock,4,5,1,1,167.0091,0.5414387203384812
2,4,Clock,4,5,1,1,168.0139,0.5436066912694213
2,4,Clock,4,5,1,1,169.0086,0.5457512417159945
2,4,Clock,4,5,1,1,170.0137,0.5479164721782371
2,4,Clock,4,5,1,1,171.0075,0.5500555963378264
2,4,Clock,4,5,1,1,172.0139,0.5522199317814775
2,4,Clock,4,5,1,1,173.0076,0.5543550257375013
2,4,Clock,4,5,1,1,174.0126,0.5565123750641563
2,4,Clock,4,5,1,1,175.0179,0.5586682165362113
2,4,Clock,4,5,1,1,176.0124,0.5607987495374243
2,4,Clock,4,5,1,1,177.0172,0.5629490411727893
2,4,Clock,4,5,1,1,178.0104,0.5650722257360311
2,4,Clock,4,5,1,1,179.0168,0.5672211603705226
2,4,Clock,4,5,1,1,180.0106,0.569340736396672
2,4,Clock,4,5,1,1,181.0163,0.5714830800145136
2,4,Clock,4,5,1,1,182.0099,0.5735970522890902
2,4,Clock,4,5,1,1,183.0135,0.5757295616877528
2,4,Clock,4,5,1,1,184.0087,0.5778414255832726
2,4,Clock,4,5,1,1,185.0154,0.5799748118022476
2,4,Clock,4,5,1,1,186.0081,0.5820756237080317
2,4,Clock,4,5,1,1,187.016,0.5842055549027564
2,4,Clock,4,5,1,1,188.0089,0.586300686283169
2,4,Clock,4,5,1,1,189.0137,0.5884177887308668
2,4,Clock,4,5,1,1,190.0086,0.5905108065997441
2,4,Clock,4,5,1,1,191.0144,0.5926234156383198
2,4,Clock,4,5,1,1,192.0072,0.594705365279354
2,4,Clock,4,5,1,1,193.0135,0.5968121629118394
2,4,Clock,4,5,1,1,194.0179,0.5989114119511374
2,4,Clock,4,5,1,1,195.013,0.6009876663338005
2,4,Clock,4,5,1,1,196.0172,0.6030792210554986
2,4,Clock,4,5,1,1,197.0123,0.605148124506537
2,4,Clock,4,5,1,1,198.0175,0.6072342114658823
2,4,Clock,4,5,1,1,199.0116,0.6092934041175854
2,4,Clock,4,5,1,1,200.0164,0.6113708357535244
2,4,Clock,4,5,1,1,201.0108,0.6134227767334727
2,4,Clock,4,5,1,1,202.0157,0.615492296412002
2,4,Clock,4,5,1,1,203.0093,0.6175344292164555
2,4,Clock,4,5,1,1,204.016,0.6195993080025334
2,4,Clock,4,5,1,1,205.009,0.621631820514671
2,4,Clock,4,5,1,1,206.0156,0.6236878091922989
2,4,Clock,4,5,1,1,207.0176,0.6257300015192129
2,4,Clock,4,5,1,1,208.0142,0.6277567836332298
2,4,Clock,4,5,1,1,209.008,0.629773362268223
2,4,Clock,4,5,1,1,210.014,0.631810141532468
2,4,Clock,4,5,1,1,211.0073,0.6338165544943267
2,4,Clock,4,5,1,1,212.0144,0.6358461636834644
2,4,Clock,4,5,1,1,213.0071,0.6378419947330786
2,4,Clock,4,5,1,1,214.0131,0.6398597691141819
2,4,Clock,4,5,1,1,215.0179,0.6418701740793011
2,4,Clock,4,5,1,1,216.013,0.6438562878856553
2,4,Clock,4,5,1,1,217.0178,0.6458567612427567
2,4,Clock,4,5,1,1,218.0116,0.6478302937746112
2,4,Clock,4,5,1,1,219.016,0.6498198007082242
2,4,Clock,4,5,1,1,220.0108,0.6517851425747753
2,4,Clock,4,5,1,1,221.0161,0.6537659897631297
2,4,Clock,4,5,1,1,222.0095,0.6557181929767019
2,4,Clock,4,5,1,1,223.0147,0.6576882079931713
2,4,Clock,4,5,1,1,224.0093,0.6596321329408855
2,4,Clock,4,5,1,1,225.0162,0.6615946662296202
2,4,Clock,4,5,1,1,226.0088,0.6635238768682367
2,4,Clock,4,5,1,1,227.0151,0.6654741693920314
2,4,Clock,4,5,1,1,228.0091,0.6673950617699635
2,4,Clock,4,5,1,1,229.0138,0.6693310154231742
2,4,Clock,4,5,1,1,230.0083,0.6712416974244988
2,4,Clock,4,5,1,1,231.0125,0.6731652628961861
2,4,Clock,4,5,1,1,232.0183,0.6750860765791578
2,4,Clock,4,5,1,1,233.0139,0.6769816415202321
2,4,Clock,4,5,1,1,234.0073,0.6788672150083939
2,4,Clock,4,5,1,1,235.0123,0.6807689105751246
2,4,Clock,4,5,1,1,236.016,0.6826621662097669
2,4,Clock,4,5,1,1,237.0108,0.6845326678583064
2,4,Clock,4,5,1,1,238.017,0.6864185380688748
2,4,Clock,4,5,1,1,239.0087,0.6882712312889175
2,4,Clock,4,5,1,1,240.0161,0.6901471096424245
2,4,Clock,4,5,1,1,241.01,0.6919917300626957
2,4,Clock,4,5,1,1,242.016,0.6938526141211854
2,4,Clock,4,5,1,1,243.0107,0.6956863622240237
2,4,Clock,4,5,1,1,244.0154,0.6975322744060856
2,4,Clock,4,5,1,1,245.0092,0.6993519146390175
2,4,Clock,4,5,1,1,246.0161,0.7011891447624775
2,4,Clock,4,5,1,1,247.0085,0.7029936045662266
2,4,Clock,4,5,1,1,248.0154,0.7048179736444405
2,4,Clock,4,5,1,1,249.0085,0.7066109537815606
2,4,Clock,4,5,1,1,250.0141,0.7084199901492481
2,4,Clock,4,5,1,1,251.0076,0.7102007969924407
2,4,Clock,4,5,1,1,252.0128,0.7119960130319768
2,4,Clock,4,5,1,1,253.0088,0.7137682486215182
2,4,Clock,4,5,1,1,254.0108,0.7155445467498923
2,4,Clock,4,5,1,1,255.0078,0.717305364706738
2,4,Clock,4,5,1,1,256.012,0.7190722103839198
2,4,Clock,4,5,1,1,257.0182,0.7208358078158753
2,4,Clock,4,5,1,1,258.0112,0.7225696307880599
2,4,Clock,4,5,1,1,259.0172,0.724319371954643
2,4,Clock,4,5,1,1,260.0108,0.7260407847542405
2,4,Clock,4,5,1,1,261.017,0.7277771966830157
2,4,Clock,4,5,1,1,262.0099,0.729483877771636
2,4,Clock,4,5,1,1,263.0157,0.7312058680790813
2,4,Clock,4,5,1,1,264.0089,0.7328995138005505
2,4,Clock,4,5,1,1,265.0158,0.734609533722028
2,4,Clock,4,5,1,1,266.0085,0.7362885921612442
2,4,Clock,4,5,1,1,267.0144,0.7379829787328402
2,4,Clock,4,5,1,1,268.0078,0.7396494333768684
2,4,Clock,4,5,1,1,269.0122,0.7413273195092989
2,4,Clock,4,5,1,1,270.0178,0.7430001251492305
2,4,Clock,4,5,1,1,271.0129,0.7446485364384018
2,4,Clock,4,5,1,1,272.0069,0.7462881264732534
2,4,Clock,4,5,1,1,273.0135,0.7479414095826878
2,4,Clock,4,5,1,1,274.0166,0.7495818572025645
2,4,Clock,4,5,1,1,275.0122,0.7512029823677158
2,4,Clock,4,5,1,1,276.0172,0.7528322785354995
2,4,Clock,4,5,1,1,277.0125,0.7544387633917451
2,4,Clock,4,5,1,1,278.0169,0.7560527721022516
2,4,Clock,4,5,1,1,279.0107,0.75764267660337
2,4,Clock,4,5,1,1,280.0169,0.7592452082347558
2,4,Clock,4,5,1,1,281.0101,0.7608199229358668
2,4,Clock,4,5,1,1,282.0158,0.7624072650836966
2,4,Clock,4,5,1,1,283.0089,0.7639675837032817
2,4,Clock,4,5,1,1,284.0149,0.7655409021843248
2,4,Clock,4,5,1,1,285.0083,0.7670874024682945
2,4,Clock,4,5,1,1,286.0139,0.7686456095125297
2,4,Clock,4,5,1,1,287.0074,0.7701779198222375
2,4,Clock,4,5,1,1,288.0117,0.7717196410105714
2,4,Clock,4,5,1,1,289.007,0.7732403423858631
2,4,Clock,4,5,1,1,290.0117,0.7747681295375825
2,4,Clock,4,5,1,1,291.008,0.7762759310190557
2,4,Clock,4,5,1,1,292.0127,0.777789143447656
2,4,Clock,4,5,1,1,293.017,0.779294437640049
2,4,Clock,4,5,1,1,294.0127,0.7807796034882148
2,4,Clock,4,5,1,1,295.0174,0.7822708980916208
2,4,Clock,4,5,1,1,296.0103,0.7837375011151697
2,4,Clock,4,5,1,1,297.017,0.7852171175942299
2,4,Clock,4,5,1,1,298.0103,0.786669865944275
2,4,Clock,4,5,1,1,299.0154,0.7881325397625805
2,4,Clock,4,5,1,1,300.0082,0.7895701039920445
2,4,Clock,4,5,1,1,301.0146,0.7910200171709858
2,4,Clock,4,6,0,0,0.0,0.21657764816730113
2,4,Clock,4,6,0,0,1.00495,0.21806362564596024
2,4,Clock,4,6,0,0,1.998281,0.21953963391104223
2,4,Clock,4,6,0,0,3.004618,0.22104227603040344
2,4,Clock,4,6,0,0,3.999141,0.22253450103603778
2,4,Clock,4,6,0,0,5.003382,0.22404858963421356
2,4,Clock,4,6,0,0,5.998161,0.22555562126992054
2,4,Clock,4,6,0,0,7.000859,0.22708190649188625
2,4,Clock,4,6,0,0,7.997983,0.22860692610801034
2,4,Clock,4,6,0,0,9.002149,0.23014998353280908
2,4,Clock,4,6,0,0,9.996326,0.2316848717088595
2,4,Clock,4,6,0,0,11.00007,0.23324176608704908
2,4,Clock,4,6,0,0,11.99659,0.23479464333561972
2,4,Clock,4,6,0,0,13.00098,0.2363670221929332
2,4,Clock,4,6,0,0,13.99541,0.23793095488272284
2,4,Clock,4,6,0,0,14.99912,0.23951668457331857
2,4,Clock,4,6,0,0,15.99681,0.24110006390985952
2,4,Clock,4,6,0,0,16.99845,0.24269688000207182
2,4,Clock,4,6,0,0,18.00539,0.24430937601718358
2,4,Clock,4,6,0,0,18.9994,0.24590825893584528
2,4,Clock,4,6,0,0,20.00367,0.24753079363813407
2,4,Clock,4,6,0,0,20.99707,0.24914281892011417
2,4,Clock,4,6,0,0,22.00514,0.25078580415237933
2,4,Clock,4,6,0,0,22.99883,0.25241239226598056
2,4,Clock,4,6,0,0,24.00393,0.2540647472154133
2,4,Clock,4,6,0,0,24.99814,0.255706205530892
2,4,Clock,4,6,0,0,26.00431,0.257374480481357
2,4,Clock,4,6,0,0,26.99778,0.2590286587734988
2,4,Clock,4,6,0,0,28.00385,0.260710851073824
2,4,Clock,4,6,0,0,28.99657,0.26237763530852554
2,4,Clock,4,6,0,0,30.00375,0.2640756977260423
2,4,Clock,4,6,0,0,30.99679,0.2657568046373453
2,4,Clock,4,6,0,0,32.00263,0.26746652255138637
2,4,Clock,4,6,0,0,32.99657,0.2691628632763415
2,4,Clock,4,6,0,0,34.00122,0.2708843692065689
2,4,Clock,4,6,0,0,35.00551,0.27261215376858894
2,4,Clock,4,6,0,0,36.00011,0.27433004993764754
2,4,Clock,4,6,0,0,36.99636,0.2760575262353138
2,4,Clock,4,6,0,0,38.00019,0.2778049363481676
2,4,Clock,4,6,0,0,39.00475,0.27956041176026414
2,4,Clock,4,6,0,0,39.99985,0.28130603823986267
2,4,Clock,4,6,0,0,41.00478,0.28307561851507684
2,4,Clock,4,6,0,0,41.99879,0.284832584545085
2,4,Clock,4,6,0,0,42.99495,0.28659991352978853
2,4,Clock,4,6,0,0,43.99932,0.28838843888937077
2,4,Clock,4,6,0,0,45.00479,0.2901855527902986
2,4,Clock,4,6,0,0,45.99848,0.29196810050076405
2,4,Clock,4,6,0,0,47.00407,0.29377852553147865
2,4,Clock,4,6,0,0,47.99735,0.29557320786375163
2,4,Clock,4,6,0,0,49.00396,0.29739845478464655
2,4,Clock,4,6,0,0,49.99818,0.2992075995786772
2,4,Clock,4,6,0,0,51.00159,0.30103984398174
2,4,Clock,4,6,0,0,51.99651,0.30286287299120274
2,4,Clock,4,6,0,0,53.00211,0.3047118013416615
2,4,Clock,4,6,0,0,53.99723,0.30654768809752575
2,4,Clock,4,6,0,0,55.00178,0.30840721475861477
2,4,Clock,4,6,0,0,55.99569,0.31025317449054024
2,4,Clock,4,6,0,0,56.99967,0.31212399349827497
2,4,Clock,4,6,0,0,57.99514,0.31398502859240757
2,4,Clock,4,6,0,0,59.0001,0.31586988711480785
2,4,Clock,4,6,0,0,60.00412,0.31775905092351225
2,4,Clock,4,6,0,0,60.99954,0.3196379714472949
2,4,Clock,4,6,0,0,62.00455,0.3215409604952366
2,4,Clock,4,6,0,0,62.99667,0.3234253651037314
2,4,Clock,4,6,0,0,64.00391,0.3253443639002937
2,4,Clock,4,6,0,0,64.99876,0.3272455348072739
2,4,Clock,4,6,0,0,66.00466,0.3291736163864649
2,4,Clock,4,6,0,0,66.99519,0.331077868760776
2,4,Clock,4,6,0,0,68.00278,0.3330205938784994
2,4,Clock,4,6,0,0,68.99691,0.3349429627550479
2,4,Clock,4,6,0,0,70.00152,0.3368911667361257
2,4,Clock,4,6,0,0,70.99718,0.33882750003156253
2,4,Clock,4,6,0,0,72.00053,0.34078426222667985
2,4,Clock,4,6,0,0,72.99554,0.3427301364829536
2,4,Clock,4,6,0,0,74.00175,0.34470330477363675
2,4,Clock,4,6,0,0,74.99531,0.3466569349258605
2,4,Clock,4,6,0,0,76.00156,0.3486407941032127
2,4,Clock,4,6,0,0,76.9957,0.35060594814161583
2,4,Clock,4,6,0,0,77.99854,0.352593457732354
2,4,Clock,4,6,1,1,79.00594,0.3545951438711806
2,4,Clock,4,6,1,1,79.99966,0.3565746349961969
2,4,Clock,4,6,1,1,81.0055,0.3585832920209163
2,4,Clock,4,6,1,1,81.99766,0.3605694889985115
2,4,Clock,4,6,1,1,83.00455,0.36259006836648816
2,4,Clock,4,6,1,1,83.99812,0.3645887018191777
2,4,Clock,4,6,1,1,85.00332,0.36661547155587104
2,4,Clock,4,6,1,1,85.9983,0.3686263018474265
2,4,Clock,4,6,1,1,87.00482,0.3706651156373214
2,4,Clock,4,6,1,1,87.99602,0.3726773972184735
2,4,Clock,4,6,1,1,89.00328,0.3747268262620586
2,4,Clock,4,6,1,1,89.99747,0.3767540627498059
2,4,Clock,4,6,1,1,91.00337,0.37880959466550895
2,4,Clock,4,6,1,1,91.99653,0.38084335408421677
2,4,Clock,4,6,1,1,93.00198,0.38290656492376723
2,4,Clock,4,6,1,1,93.99605,0.3849505581675432
2,4,Clock,4,6,1,1,95.0014,0.3870219066986266
2,4,Clock,4,6,1,1,95.99513,0.38907332361554153
2,4,Clock,4,6,1,1,97.00123,0.39115427989053997
2,4,Clock,4,6,1,1,98.00561,0.3932356413788398
2,4,Clock,4,6,1,1,99.00047,0.39530111671510243
2,4,Clock,4,6,1,1,100.0045,0.3973894111132978
2,4,Clock,4,6,1,1,100.9993,0.39946219731531285
2,4,Clock,4,6,1,1,102.0045,0.4015603308506377
2,4,Clock,4,6,1,1,102.9964,0.4036342335116101
2,4,Clock,4,6,1,1,104.0036,0.4057436649646851
2,4,Clock,4,6,1,1,104.998,0.4078297031414815
2,4,Clock,4,6,1,1,106.0024,0.4099401006219812
2,4,Clock,4,6,1,1,106.9969,0.4120329634733192
2,4,Clock,4,6,1,1,108.0033,0.41415411589702417
2,4,Clock,4,6,1,1,108.9968,0.4162512045998986
2,4,Clock,4,6,1,1,110.0023,0.4183766999135374
2,4,Clock,4,6,1,1,110.9956,0.4204794036731088
2,4,Clock,4,6,1,1,112.0019,0.4226125742852868
2,4,Clock,4,6,1,1,112.9961,0.42472293329981115
2,4,Clock,4,6,1,1,114.0015,0.42685986022261496
2,4,Clock,4,6,1,1,114.9951,0.4289743873892722
2,4,Clock,4,6,1,1,115.9994,0.4311143159961483
2,4,Clock,4,6,1,1,116.9956,0.4332395410775463
2,4,Clock,4,6,1,1,118.0012,0.43538731174398143
2,4,Clock,4,6,1,1,119.0061,0.43753602473524583
2,4,Clock,4,6,1,1,119.9999,0.4396632933014359
2,4,Clock,4,6,1,1,121.005,0.4418170047819781
2,4,Clock,4,6,1,1,121.9982,0.44394738189788213
2,4,Clock,4,6,1,1,123.0025,0.4461036671845409
2,4,Clock,4,6,1,1,123.9976,0.4482421836431249
2,4,Clock,4,6,1,1,125.0031,0.4504050099941146
2,4,Clock,4,6,1,1,125.9979,0.45254667491592965
2,4,Clock,4,6,1,1,127.0042,0.45471488104004526
2,4,Clock,4,6,1,1,127.9954,0.45685221938632237
2,4,Clock,4,6,1,1,129.0022,0.4590248281279705
2,4,Clock,4,6,1,1,129.9973,0.46117373003587464
2,4,Clock,4,6,1,1,131.0019,0.4633446249427917
2,4,Clock,4,6,1,1,131.9967,0.46549568833812177
2,4,Clock,4,6,1,1,133.0011,0.46766880764223967
2,4,Clock,4,6,1,1,133.9959,0.4698223710871059
2,4,Clock,4,6,1,1,135.0006,0.47199851364764406
2,4,Clock,4,6,1,1,135.9956,0.47415471907055734
2,4,Clock,4,6,1,1,137.0,0.4763322378463077
2,4,Clock,4,6,1,1,137.9949,0.47849006799454163
2,4,Clock,4,6,1,1,139.0005,0.48067191314503194
2,4,Clock,4,6,1,1,140.005,0.48285211085323615
2,4,Clock,4,6,1,1,141.0011,0.48501470557093357
2,4,Clock,4,6,1,1,142.0049,0.4871945975566035
2,4,Clock,4,6,1,1,143.0005,0.4893571766862877
2,4,Clock,4,6,1,1,144.0034,0.4915360012774344
2,4,Clock,4,6,1,1,144.9979,0.49369687793696315
2,4,Clock,4,6,1,1,146.0038,0.49588279380382044
2,4,Clock,4,6,1,1,146.9981,0.4980436309655382
2,4,Clock,4,6,1,1,148.0031,0.5002278211220407
2,4,Clock,4,6,1,1,148.9964,0.5023865677035565
2,4,Clock,4,6,1,1,150.0031,0.504574339368835
2,4,Clock,4,6,1,1,150.998,0.5067363061097554
2,4,Clock,4,6,1,1,152.0034,0.5089208293467002
2,4,Clock,4,6,1,1,152.9952,0.511075445759229
2,4,Clock,4,6,1,1,154.0003,0.5132585810722321
2,4,Clock,4,6,1,1,154.9953,0.5154192449653091
2,4,Clock,4,6,1,1,156.0001,0.5176006295430224
2,4,Clock,4,6,1,1,156.995,0.5197598217061672
2,4,Clock,4,6,1,1,157.9995,0.5219391280372623
2,4,Clock,4,6,1,1,158.9955,0.5240991710584868
2,4,Clock,4,6,1,1,160.0004,0.5262775930746016
2,4,Clock,4,6,1,1,161.0052,0.5284548168503187
2,4,Clock,4,6,1,1,161.9997,0.5306086249563066
2,4,Clock,4,6,1,1,163.0055,0.5327857611421666
2,4,Clock,4,6,1,1,163.9982,0.5349333352295443
2,4,Clock,4,6,1,1,165.0044,0.5371087689562616
2,4,Clock,4,6,1,1,165.9982,0.539256029208231
2,4,Clock,4,6,1,1,167.0028,0.5414251512956466
2,4,Clock,4,6,1,1,167.9974,0.5435711152958425
2,4,Clock,4,6,1,1,169.0004,0.5457335497336411
2,4,Clock,4,6,1,1,169.9961,0.5478785540966685
2,4,Clock,4,6,1,1,171.0027,0.5500452548928177
2,4,Clock,4,6,1,1,171.9965,0.5521825388564409
2,4,Clock,4,6,1,1,173.0008,0.554340410106154
2,4,Clock,4,6,1,1,173.9957,0.5564761003481149
2,4,Clock,4,6,1,1,175.0005,0.5586309317037566
2,4,Clock,4,6,1,1,176.0067,0.5607865301948867
2,4,Clock,4,6,1,1,176.9993,0.5629107580153971
2,4,Clock,4,6,1,1,178.0047,0.5650600330769479
2,4,Clock,4,6,1,1,178.9991,0.5671833870429094
2,4,Clock,4,6,1,1,180.0038,0.5693262304186505
2,4,Clock,4,6,1,1,180.9995,0.5714473142488834
2,4,Clock,4,6,1,1,182.0041,0.5735847236074092
2,4,Clock,4,6,1,1,183.0005,0.5757019553411542
2,4,Clock,4,6,1,1,184.0035,0.5778303912900984
2,4,Clock,4,6,1,1,184.9995,0.5799411403917416
2,4,Clock,4,6,1,1,186.0027,0.5820642005450379
2,4,Clock,4,6,1,1,186.9969,0.5841652127481737
2,4,Clock,4,6,1,1,188.0041,0.586290583506914
2,4,Clock,4,6,1,1,188.9965,0.5883815830792413
2,4,Clock,4,6,1,1,190.0023,0.5904975593164885
2,4,Clock,4,6,1,1,190.997,0.5925868754379563
2,4,Clock,4,6,1,1,192.0012,0.5946928000121516
2,4,Clock,4,6,1,1,192.9953,0.5967740829497898
2,4,Clock,4,6,1,1,194.0018,0.5988777944299631
2,4,Clock,4,6,1,1,194.9951,0.6009503532590834
2,4,Clock,4,6,1,1,196.0017,0.6030469597257988
2,4,Clock,4,6,1,1,196.9955,0.6051132270152838
2,4,Clock,4,6,1,1,197.9992,0.607196278151045
2,4,Clock,4,6,1,1,199.0046,0.6092789098218628
2,4,Clock,4,6,1,1,199.9997,0.6113363241154749
2,4,Clock,4,6,1,1,201.0053,0.6134114211345959
2,4,Clock,4,6,1,1,201.9996,0.6154591763250794
2,4,Clock,4,6,1,1,203.0045,0.6175245916060593
2,4,Clock,4,6,1,1,203.9994,0.6195652912433084
2,4,Clock,4,6,1,1,205.0027,0.6216189349008675
2,4,Clock,4,6,1,1,205.9978,0.6236515075123378
2,4,Clock,4,6,1,1,207.0028,0.6256998987040739
2,4,Clock,4,6,1,1,207.9981,0.6277240499994802
2,4,Clock,4,6,1,1,209.0018,0.6297608052842013
2,4,Clock,4,6,1,1,209.9971,0.6317759506027207
2,4,Clock,4,6,1,1,211.0018,0.6338054711230011
2,4,Clock,4,6,1,1,211.9965,0.6358101349945191
2,4,Clock,4,6,1,1,213.0005,0.6378287573328867
2,4,Clock,4,6,1,1,213.9955,0.6398244933953496
2,4,Clock,4,6,1,1,215.0018,0.6418380039288841
2,4,Clock,4,6,1,1,216.0054,0.6438411400001139
2,4,Clock,4,6,1,1,216.999,0.6458193507934611
2,4,Clock,4,6,1,1,218.0052,0.6478176133101397
2,4,Clock,4,6,1,1,219.0004,0.6497889209912292
2,4,Clock,4,6,1,1,219.9952,0.6517543432883222
2,4,Clock,4,6,1,1,220.9994,0.6537331406699618
2,4,Clock,4,6,1,1,222.004,0.6557073824695073
2,4,Clock,4,6,1,1,222.9986,0.6576567009040867
2,4,Clock,4,6,1,1,224.0039,0.6596216197964537
2,4,Clock,4,6,1,1,224.9971,0.6615574827951819
2,4,Clock,4,6,1,1,226.0025,0.663511645668117
2,4,Clock,4,6,1,1,226.997,0.6654391162286676
2,4,Clock,4,6,1,1,228.0032,0.6673836957861949
2,4,Clock,4,6,1,1,228.9982,0.6693010100108508
2,4,Clock,4,6,1,1,230.0016,0.6712288466639893
2,4,Clock,4,6,1,1,230.9958,0.67313333410597
2,4,Clock,4,6,1,1,232.0021,0.6750552050685371
2,4,Clock,4,6,1,1,232.996,0.6769476149331365
2,4,Clock,4,6,1,1,234.0009,0.6788550980910788
2,4,Clock,4,6,1,1,234.9951,0.6807364209374065
2,4,Clock,4,6,1,1,236.0014,0.6826346648594751
2,4,Clock,4,6,1,1,236.9952,0.6845033630150438
2,4,Clock,4,6,1,1,238.0005,0.6863876720221156
2,4,Clock,4,6,1,1,239.0048,0.6882639738436362
2,4,Clock,4,6,1,1,239.998,0.6901134662928786
2,4,Clock,4,6,1,1,241.0045,0.6919815517898945
2,4,Clock,4,6,1,1,241.9997,0.6938224915700817
2,4,Clock,4,6,1,1,243.0043,0.6956745954347873
2,4,Clock,4,6,1,1,243.9979,0.6975001729937557
2,4,Clock,4,6,1,1,245.0045,0.6993433242508776
2,4,Clock,4,6,1,1,245.9983,0.7011567370825177
2,4,Clock,4,6,1,1,247.0034,0.7029843539243029
2,4,Clock,4,6,1,1,247.9966,0.7047839722720397
2,4,Clock,4,6,1,1,249.0038,0.7066024837902268
2,4,Clock,4,6,1,1,249.9967,0.7083887529983822
2,4,Clock,4,6,1,1,251.0027,0.7101920332100695
2,4,Clock,4,6,1,1,251.9969,0.7119676690522557
2,4,Clock,4,6,1,1,253.0018,0.7137558092713485
2,4,Clock,4,6,1,1,254.0059,0.7155358798400017
2,4,Clock,4,6,1,1,255.0009,0.7172932064849411
2,4,Clock,4,6,1,1,256.006,0.7190617061945136
2,4,Clock,4,6,1,1,257.0001,0.7208041485993417
2,4,Clock,4,6,1,1,257.9961,0.7225433047251405
2,4,Clock,4,6,1,1,259.0005,0.724290340727766
2,4,Clock,4,6,1,1,260.0055,0.7260316028020041
2,4,Clock,4,6,1,1,260.9998,0.7277475517025054
2,4,Clock,4,6,1,1,262.0056,0.7294765482622205
2,4,Clock,4,6,1,1,262.9988,0.731177032171038
2,4,Clock,4,6,1,1,264.0048,0.7328925026253196
2,4,Clock,4,6,1,1,264.9983,0.7345798441727962
2,4,Clock,4,6,1,1,266.0038,0.7362806591837769
2,4,Clock,4,6,1,1,266.9969,0.7379535319536747
2,4,Clock,4,6,1,1,268.0023,0.7396401863451559
2,4,Clock,4,6,1,1,268.9973,0.7413024922787322
2,4,Clock,4,6,1,1,270.0033,0.7429760614148352
2,4,Clock,4,6,1,1,270.9977,0.7446234136760647
2,4,Clock,4,6,1,1,272.0032,0.7462820483367875
2,4,Clock,4,6,1,1,272.9963,0.7479132498921509
2,4,Clock,4,6,1,1,274.0013,0.7495569071590485
2,4,Clock,4,6,1,1,275.0058,0.751192569696283
2,4,Clock,4,6,1,1,276.0016,0.7528070024870254
2,4,Clock,4,6,1,1,276.9961,0.7544123200601023
2,4,Clock,4,6,1,1,278.0005,0.7560264463698145
2,4,Clock,4,6,1,1,279.0054,0.7576342002450174
2,4,Clock,4,6,1,1,280.0003,0.7592188263106863
2,4,Clock,4,6,1,1,281.0043,0.7608107501658038
2,4,Clock,4,6,1,1,281.9992,0.7623811212153602
2,4,Clock,4,6,1,1,283.0033,0.7639587812379961
2,4,Clock,4,6,1,1,283.9978,0.7655142351348129
2,4,Clock,4,6,1,1,285.0029,0.7670790126827266
2,4,Clock,4,6,1,1,285.9962,0.768618245224029
2,4,Clock,4,6,1,1,287.0033,0.770171627280527
2,4,Clock,4,6,1,1,287.9975,0.7716979074976787
2,4,Clock,4,6,1,1,289.0008,0.7732308992324748
2,4,Clock,4,6,1,1,289.995,0.7747428050566648
2,4,Clock,4,6,1,1,291.0015,0.7762661169404491
2,4,Clock,4,6,1,1,291.9957,0.7777636026479737
2,4,Clock,4,6,1,1,292.9995,0.7792682906179536
2,4,Clock,4,6,1,1,293.9948,0.7807529925424387
2,4,Clock,4,6,1,1,295.0001,0.7822452763013255
2,4,Clock,4,6,1,1,296.0042,0.7837285077402871
2,4,Clock,4,6,1,1,297.0004,0.7851927764763507
2,4,Clock,4,6,1,1,298.0045,0.786661362033106
2,4,Clock,4,6,1,1,299.0001,0.7881103006107557
2,4,Clock,4,6,1,1,300.0042,0.7895643295753383
2,4,Clock,4,6,1,1,300.9987,0.7909971674093668
2,4,Clock,2,10,0,0,0.0111669,0.21659411986777466
2,4,Clock,2,10,0,0,1.012057,0.21807416045531536
2,4,Clock,2,10,0,0,2.016093,0.21956616651784225
2,4,Clock,2,10,0,0,3.010889,0.22105166300127332
2,4,Clock,2,10,0,0,4.016617,0.22256078671399937
2,4,Clock,2,10,0,0,5.021381,0.22407579288294624
2,4,Clock,2,10,0,0,6.014998,0.22558119024937212
2,4,Clock,2,10,0,0,7.020225,0.2271114570759303
2,4,Clock,2,10,0,0,8.013659,0.2286309580062148
2,4,Clock,2,10,0,0,9.020951,0.23017894625488203
2,4,Clock,2,10,0,0,10.01489,0.23171359899588664
2,4,Clock,2,10,0,0,11.01861,0.23327059221977864
2,4,Clock,2,10,0,0,12.01271,0.23481982187064115
2,4,Clock,2,10,0,0,13.01954,0.23639614542187015
2,4,Clock,2,10,0,0,14.01319,0.2379589825075096
2,4,Clock,2,10,0,0,15.01802,0.2395466132980807
2,4,Clock,2,10,0,0,16.01334,0.24112635787458023
2,4,Clock,2,10,0,0,17.01859,0.24272906338990663
2,4,Clock,2,10,0,0,18.01184,0.2443197293061214
2,4,Clock,2,10,0,0,19.01682,0.24593634490112518
2,4,Clock,2,10,0,0,20.02117,0.24755913071543384
2,4,Clock,2,10,0,0,21.0167,0.24917474447226945
2,4,Clock,2,10,0,0,22.02043,0.25081077857039413
2,4,Clock,2,10,0,0,23.01568,0.2524400336794291
2,4,Clock,2,10,0,0,24.01937,0.25409018569001646
2,4,Clock,2,10,0,0,25.01513,0.25573431464266055
2,4,Clock,2,10,0,0,26.01989,0.2574003673599823
2,4,Clock,2,10,0,0,27.01472,0.25905692642603745
2,4,Clock,2,10,0,0,28.01895,0.2607361502978299
2,4,Clock,2,10,0,0,29.01199,0.262403578019826
2,4,Clock,2,10,0,0,30.01753,0.2640989800346849
2,4,Clock,2,10,0,0,31.01381,0.2657856758219253
2,4,Clock,2,10,0,0,32.01852,0.26749359169130055
2,4,Clock,2,10,0,0,33.01236,0.2691898648617516
2,4,Clock,2,10,0,0,34.01991,0.27091645762337874
2,4,Clock,2,10,0,0,35.01221,0.27262370778821576
2,4,Clock,2,10,0,0,36.01753,0.27436019440400483
2,4,Clock,2,10,0,0,37.01078,0.2760825787872842
2,4,Clock,2,10,0,0,38.01584,0.27783222911643957
2,4,Clock,2,10,0,0,39.01059,0.2795706375680128
2,4,Clock,2,10,0,0,40.01589,0.2813342248812412
2,4,Clock,2,10,0,0,41.02021,0.28310284247579526
2,4,Clock,2,10,0,0,42.01669,0.2848642812607225
2,4,Clock,2,10,0,0,43.01923,0.2866430725436812
2,4,Clock,2,10,0,0,44.0157,0.2884176629324192
2,4,Clock,2,10,0,0,45.02111,0.29021477537725543
2,4,Clock,2,10,0,0,46.01507,0.291997915513401
2,4,Clock,2,10,0,0,47.02006,0.29380736843792526
2,4,Clock,2,10,0,0,48.01473,0.2956046666810001
2,4,Clock,2,10,0,0,49.01929,0.2974263045712933
2,4,Clock,2,10,0,0,50.01391,0.29923626983609797
2,4,Clock,2,10,0,0,51.01996,0.3010734433273652
2,4,Clock,2,10,0,0,52.01444,0.3028957823774623
2,4,Clock,2,10,0,0,53.01861,0.3047421889653522
2,4,Clock,2,10,0,0,54.01284,0.3065765354527421
2,4,Clock,2,10,0,0,55.0173,0.3084359895036018
2,4,Clock,2,10,0,0,56.01141,0.31028242033401915
2,4,Clock,2,10,0,0,57.01705,0.312156440383007
2,4,Clock,2,10,0,0,58.01223,0.3140170305747387
2,4,Clock,2,10,1,1,59.01763,0.3159028240716588
2,4,Clock,2,10,1,1,60.0202,0.31778935413698656
2,4,Clock,2,10,1,1,61.0151,0.31966738903554537
2,4,Clock,2,10,1,1,62.01236,0.3215557695511569
2,4,Clock,2,10,1,1,63.01472,0.32345970436035576
2,4,Clock,2,10,1,1,64.02164,0.32537819745134644
2,4,Clock,2,10,1,1,65.01318,0.32727314729803464
2,4,Clock,2,10,1,1,66.01991,0.3292028937597966
2,4,Clock,2,10,1,1,67.01516,0.33111630992197283
2,4,Clock,2,10,1,1,68.0201,0.33305405079397604
2,4,Clock,2,10,1,1,69.01548,0.3349789241246081
2,4,Clock,2,10,1,1,70.01782,0.33692283055742955
2,4,Clock,2,10,1,1,71.01399,0.33886024839351386
2,4,Clock,2,10,1,1,72.0199,0.34082209391896084
2,4,Clock,2,10,1,1,73.01332,0.3427649640529081
2,4,Clock,2,10,1,1,74.01628,0.3447318452523257
2,4,Clock,2,10,1,1,75.01249,0.3466907642902404
2,4,Clock,2,10,1,1,76.01789,0.34867304182851916
2,4,Clock,2,10,1,1,77.01308,0.35064034869547717
2,4,Clock,2,10,1,1,78.01806,0.3526321868016989
2,4,Clock,2,10,1,1,79.01257,0.35460833441665585
2,4,Clock,2,10,1,1,80.01762,0.3566104561139821
2,4,Clock,2,10,1,1,81.01065,0.3585935890317072
2,4,Clock,2,10,1,1,82.01672,0.3606077039179525
2,4,Clock,2,10,1,1,83.0102,0.36260142710751886
2,4,Clock,2,10,1,1,84.01569,0.36462408813798775
2,4,Clock,2,10,1,1,85.01024,0.3666294404922117
2,4,Clock,2,10,1,1,86.01532,0.368660741213153
2,4,Clock,2,10,1,1,87.02048,0.37069686411078323
2,4,Clock,2,10,1,1,88.01484,0.3727156511884495
2,4,Clock,2,10,1,1,89.01871,0.3747582492410617
2,4,Clock,2,10,1,1,90.01411,0.3767880295889807
2,4,Clock,2,10,1,1,91.02004,0.37884369660698497
2,4,Clock,2,10,1,1,92.01411,0.38087938801410154
2,4,Clock,2,10,1,1,93.01667,0.38293673353312935
2,4,Clock,2,10,1,1,94.01209,0.38498358261428933
2,4,Clock,2,10,1,1,95.01888,0.387057955213147
2,4,Clock,2,10,1,1,96.01253,0.38910926849258815
2,4,Clock,2,10,1,1,97.01734,0.3911876402103912
2,4,Clock,2,10,1,1,98.01128,0.3932473995116628
2,4,Clock,2,10,1,1,99.01738,0.3953362499365555
2,4,Clock,2,10,1,1,100.0119,0.3974048175419663
2,4,Clock,2,10,1,1,101.0169,0.3994989039558522
2,4,Clock,2,10,1,1,102.0109,0.4015737032655843
2,4,Clock,2,10,1,1,103.0154,0.4036740035185303
2,4,Clock,2,10,1,1,104.0211,0.4057803508949313
2,4,Clock,2,10,1,1,105.0151,0.40786559926948407
2,4,Clock,2,10,1,1,106.0185,0.40997395218761024
2,4,Clock,2,10,1,1,107.0145,0.4120700326300773
2,4,Clock,2,10,1,1,108.0193,0.41418786197510676
2,4,Clock,2,10,1,1,109.0143,0.41628815893674537
2,4,Clock,2,10,1,1,110.0176,0.41840907562028395
2,4,Clock,2,10,1,1,111.014,0.4205183862691533
2,4,Clock,2,10,1,1,112.0183,0.42264737012448894
2,4,Clock,2,10,1,1,113.0131,0.42475903911184143
2,4,Clock,2,10,1,1,114.0191,0.42689727857240345
2,4,Clock,2,10,1,1,115.0122,0.4290107963027367
2,4,Clock,2,10,1,1,116.0176,0.43115312807896694
2,4,Clock,2,10,1,1,117.0129,0.43327647703559174
2,4,Clock,2,10,1,1,118.0164,0.43541980638447253
2,4,Clock,2,10,1,1,119.011,0.43754650371590503
2,4,Clock,2,10,1,1,120.0165,0.4396988487597488
2,4,Clock,2,10,1,1,121.0208,0.44185087959642644
2,4,Clock,2,10,1,1,122.0172,0.4439881504307197
2,4,Clock,2,10,1,1,123.0102,0.446120203218014
2,4,Clock,2,10,1,1,124.0157,0.4482811093781112
2,4,Clock,2,10,1,1,125.0099,0.45041965489488495
2,4,Clock,2,10,1,1,126.0156,0.45258479694062864
2,4,Clock,2,10,1,1,127.0205,0.4547500080491995
2,4,Clock,2,10,1,1,128.0132,0.4568906153624416
2,4,Clock,2,10,1,1,129.0192,0.45906152302324926
2,4,Clock,2,10,1,1,130.0125,0.46120656066536997
2,4,Clock,2,10,1,1,131.019,0.4633815672761147
2,4,Clock,2,10,1,1,132.013,0.46553093715732224
2,4,Clock,2,10,1,1,133.0187,0.46770691708507095
2,4,Clock,2,10,1,1,134.0126,0.46985855165969315
2,4,Clock,2,10,1,1,135.0184,0.4720370928137916
2,4,Clock,2,10,1,1,136.0119,0.47419004187874003
2,4,Clock,2,10,1,1,137.0159,0.4763667156248553
2,4,Clock,2,10,1,1,138.0115,0.478526081888126
2,4,Clock,2,10,1,1,139.0161,0.48070575443529584
2,4,Clock,2,10,1,1,140.0103,0.48286360463722616
2,4,Clock,2,10,1,1,141.0157,0.4850464134227887
2,4,Clock,2,10,1,1,142.0195,0.4872263130901275
2,4,Clock,2,10,1,1,143.0153,0.4893893295637658
2,4,Clock,2,10,1,1,144.0207,0.4915735965701063
2,4,Clock,2,10,1,1,145.0155,0.4937351411588271
2,4,Clock,2,10,1,1,146.0199,0.4959177776529953
2,4,Clock,2,10,1,1,147.0127,0.498075366785781
2,4,Clock,2,10,1,1,148.02,0.5002645649150852
2,4,Clock,2,10,1,1,149.0134,0.5024235096244266
2,4,Clock,2,10,1,1,150.02,0.5046110800706421
2,4,Clock,2,10,1,1,151.0128,0.5067684676509486
2,4,Clock,2,10,1,1,152.019,0.5089547103632795
2,4,Clock,2,10,1,1,153.0129,0.5111138950590527
2,4,Clock,2,10,1,1,154.0177,0.513296359408266
2,4,Clock,2,10,1,1,155.0138,0.5154593993206316
2,4,Clock,2,10,1,1,156.0173,0.5176379570189007
2,4,Clock,2,10,1,1,157.0121,0.5197969384487394
2,4,Clock,2,10,1,1,158.0172,0.5219775220849481
2,4,Clock,2,10,1,1,159.0117,0.5241343074613882
2,4,Clock,2,10,1,1,160.0161,0.526311622682583
2,4,Clock,2,10,1,1,161.021,0.528489028510447
2,4,Clock,2,10,1,1,162.0149,0.5306415306699955
2,4,Clock,2,10,1,1,163.0101,0.5327957330756925
2,4,Clock,2,10,1,1,164.014,0.5349675234791565
2,4,Clock,2,10,1,1,165.0201,0.5371427048032874
2,4,Clock,2,10,1,1,166.0137,0.5392895142158933
2,4,Clock,2,10,1,1,167.0202,0.5414626965551748
2,4,Clock,2,10,1,1,168.0124,0.5436034660838592
2,4,Clock,2,10,1,1,169.0185,0.5457725508647792
2,4,Clock,2,10,1,1,170.0145,0.5479181807788709
2,4,Clock,2,10,1,1,171.0195,0.5500814005167114
2,4,Clock,2,10,1,1,172.0128,0.5522175701405212
2,4,Clock,2,10,1,1,173.0173,0.5543758675962825
2,4,Clock,2,10,1,1,174.0125,0.5565121458936536
2,4,Clock,2,10,1,1,175.0163,0.5586647824345606
2,4,Clock,2,10,1,1,176.0207,0.5608165229949782
2,4,Clock,2,10,1,1,177.0161,0.5629466913330647
2,4,Clock,2,10,1,1,178.012,0.5650756161940872
2,4,Clock,2,10,1,1,179.0161,0.5672196624775798
2,4,Clock,2,10,1,1,180.012,0.569343696121964
2,4,Clock,2,10,1,1,181.0155,0.5714813908216737
2,4,Clock,2,10,1,1,182.0101,0.5735974740581612
2,4,Clock,2,10,1,1,183.0154,0.5757335794734566
2,4,Clock,2,10,1,1,184.0213,0.5778681534903927
2,4,Clock,2,10,1,1,185.0127,0.5799690922389283
2,4,Clock,2,10,1,1,186.0206,0.5821020515357374
2,4,Clock,2,10,1,1,187.0159,0.584205329350715
2,4,Clock,2,10,1,1,188.018,0.5863198942275073
2,4,Clock,2,10,1,1,189.0154,0.5884213546305872
2,4,Clock,2,10,1,1,190.0186,0.5905318159442203
2,4,Clock,2,10,1,1,191.0107,0.5926156337183044
2,4,Clock,2,10,1,1,192.0174,0.5947267227516471
2,4,Clock,2,10,1,1,193.0112,0.5968073431320094
2,4,Clock,2,10,1,1,194.017,0.5989095319437129
2,4,Clock,2,10,1,1,195.011,0.600983499288133
2,4,Clock,2,10,1,1,196.0182,0.6030813167407958
2,4,Clock,2,10,1,1,197.0109,0.6051452084992549
2,4,Clock,2,10,1,1,198.0163,0.6072317121463359
2,4,Clock,2,10,1,1,199.0115,0.6092932146509116
2,4,Clock,2,10,1,1,200.0158,0.6113695750740642
2,4,Clock,2,10,1,1,201.0212,0.613444197901332
2,4,Clock,2,10,1,1,202.0163,0.6154935207359293
2,4,Clock,2,10,1,1,203.021,0.6175584588979879
2,4,Clock,2,10,1,1,204.0153,0.6195978698177358
2,4,Clock,2,10,1,1,205.0196,0.6216535041502518
2,4,Clock,2,10,1,1,206.0148,0.6236861902790403
2,4,Clock,2,10,1,1,207.0199,0.625734692375957
2,4,Clock,2,10,1,1,208.0151,0.6277586124664698
2,4,Clock,2,10,1,1,209.0168,0.6297912077292475
2,4,Clock,2,10,1,1,210.0138,0.6318097095253731
2,4,Clock,2,10,1,1,211.0185,0.6338391518181357
2,4,Clock,2,10,1,1,212.0106,0.635838515777078
2,4,Clock,2,10,1,1,213.0167,0.6378612682589799
2,4,Clock,2,10,1,1,214.0211,0.6398757863596476
2,4,Clock,2,10,1,1,215.0173,0.6418689848737281
2,4,Clock,2,10,1,1,216.0123,0.6438548886954444
2,4,Clock,2,10,1,1,217.0155,0.6458521798481109
2,4,Clock,2,10,1,1,218.0131,0.6478332898443758
2,4,Clock,2,10,1,1,219.0151,0.649818019800696
2,4,Clock,2,10,1,1,220.0206,0.6518044705113024
2,4,Clock,2,10,1,1,221.0155,0.6537648187511848
2,4,Clock,2,10,1,1,222.0192,0.6557372082975855
2,4,Clock,2,10,1,1,223.0144,0.6576876405792178
2,4,Clock,2,10,1,1,224.0182,0.659649525446637
2,4,Clock,2,10,1,1,225.0146,0.6615915478872616
2,4,Clock,2,10,1,1,226.0191,0.663543866856702
2,4,Clock,2,10,1,1,227.0143,0.6654726042939535
2,4,Clock,2,10,1,1,228.0199,0.6674159087156271
2,4,Clock,2,10,1,1,229.0149,0.6693331292554672
2,4,Clock,2,10,1,1,230.0192,0.6712625976584268
2,4,Clock,2,10,1,1,231.0134,0.6731669847871681
2,4,Clock,2,10,1,1,232.0176,0.6750847381663259
2,4,Clock,2,10,1,1,233.0125,0.6769789728360256
2,4,Clock,2,10,1,1,234.0187,0.6788888455649422
2,4,Clock,2,10,1,1,235.0131,0.6807704384385493
2,4,Clock,2,10,1,1,236.0166,0.6826632869274042
2,4,Clock,2,10,1,1,237.0101,0.6845313501744803
2,4,Clock,2,10,1,1,238.0171,0.6864187379361407
2,4,Clock,2,10,1,1,239.0119,0.6882772079391544
2,4,Clock,2,10,1,1,240.0162,0.6901473082059666
2,4,Clock,2,10,1,1,241.0115,0.691994529054997
2,4,Clock,2,10,1,1,242.0157,0.6938520505713516
2,4,Clock,2,10,1,1,243.0193,0.6957022006483483
2,4,Clock,2,10,1,1,244.015,0.6975315467581288
2,4,Clock,2,10,1,1,245.0209,0.6993733063286303
2,4,Clock,2,10,1,1,246.0146,0.7011864210385323
2,4,Clock,2,10,1,1,247.0186,0.7030119391791447
2,4,Clock,2,10,1,1,248.015,0.7048172561065198
2,4,Clock,2,10,1,1,249.0188,0.7066295157624787
2,4,Clock,2,10,1,1,250.0104,0.7084133592695578
2,4,Clock,2,10,1,1,251.0183,0.7102199348004692
2,4,Clock,2,10,1,1,252.0135,0.7119972642634335
2,4,Clock,2,10,1,1,253.0179,0.7137844003228523
2,4,Clock,2,10,1,1,254.0114,0.7155455997281062
2,4,Clock,2,10,1,1,255.018,0.7173233593694667
2,4,Clock,2,10,1,1,256.0106,0.7190697451364692
2,4,Clock,2,10,1,1,257.0179,0.720835327338303
2,4,Clock,2,10,1,1,258.0125,0.7225719176259302
2,4,Clock,2,10,1,1,259.0168,0.724318683279581
2,4,Clock,2,10,1,1,260.0098,0.7260390433642302
2,4,Clock,2,10,1,1,261.0157,0.7277749365872157
2,4,Clock,2,10,1,1,262.0208,0.7295026198060262
2,4,Clock,2,10,1,1,263.0148,0.7312043559372063
2,4,Clock,2,10,1,1,264.0195,0.73291753458092
2,4,Clock,2,10,1,1,265.0154,0.7346088613341119
2,4,Clock,2,10,1,1,266.0211,0.7363098146985929
2,4,Clock,2,10,1,1,267.0141,0.737982465741017
2,4,Clock,2,10,1,1,268.0197,0.7396693571970132
2,4,Clock,2,10,1,1,269.0141,0.7413304736775251
2,4,Clock,2,10,1,1,270.0194,0.7430028100639935
2,4,Clock,2,10,1,1,271.015,0.7446520171749689
2,4,Clock,2,10,1,1,272.0182,0.746306711914108
2,4,Clock,2,10,1,1,273.0125,0.7479398090877952
2,4,Clock,2,10,1,1,274.0172,0.7495828531779276
2,4,Clock,2,10,1,1,275.0119,0.7512024865328277
2,4,Clock,2,10,1,1,276.0185,0.7528343518843056
2,4,Clock,2,10,1,1,277.0111,0.7544365025128236
2,4,Clock,2,10,1,1,278.0171,0.7560530656869318
2,4,Clock,2,10,1,1,279.011,0.7576431150302148
2,4,Clock,2,10,1,1,280.0167,0.7592448687740055
2,4,Clock,2,10,1,1,281.0197,0.7608351298916795
2,4,Clock,2,10,1,1,282.0163,0.762408033991025
2,4,Clock,2,10,1,1,283.0205,0.7639857619896668
2,4,Clock,2,10,1,1,284.0165,0.7655434259210966
2,4,Clock,2,10,1,1,285.02,0.7671055559167089
2,4,Clock,2,10,1,1,286.0127,0.7686437695709704
2,4,Clock,2,10,1,1,287.0202,0.7701976419309864
2,4,Clock,2,10,1,1,288.0143,0.7717236603823391
2,4,Clock,2,10,1,1,289.0207,0.773261227979348
2,4,Clock,2,10,1,1,290.0141,0.7747717868368557
2,4,Clock,2,10,1,1,291.0206,0.7762949593218422
2,4,Clock,2,10,1,1,292.0137,0.7777906565710728
2,4,Clock,2,10,1,1,293.0199,0.7792987724466063
2,4,Clock,2,10,1,1,294.0122,0.7807788769403393
2,4,Clock,2,10,1,1,295.0179,0.7822716662598517
2,4,Clock,2,10,1,1,296.0117,0.7837395245872005
2,4,Clock,2,10,1,1,297.018,0.7852185941049304
2,4,Clock,2,10,1,1,298.0117,0.7866718694475954
2,4,Clock,2,10,1,1,299.0169,0.7881347104250174
2,4,Clock,2,10,1,1,300.011,0.789574115159668
2,4,Clock,2,10,1,1,301.0153,0.7910210258513023
2,4,RF time only,2,2,0,0,0.0,0.0
2,4,RF time only,2,2,0,0,1.000205,0.0
2,4,RF time only,2,2,0,0,1.994169,0.0
2,4,RF time only,2,2,0,0,2.99987,0.0
2,4,RF time only,2,2,0,0,4.004305,0.0
2,4,RF time only,2,2,0,0,4.998423,0.0
2,4,RF time only,2,2,0,0,5.993399,0.0
2,4,RF time only,2,2,0,0,6.99834,0.004275742352910234
2,4,RF time only,2,2,0,0,8.003426,0.0010106913110446679
2,4,RF time only,2,2,0,0,8.995827,0.036601504367383825
2,4,RF time only,2,2,0,0,10.00222,0.042107900936036134
2,4,RF time only,2,2,0,0,10.9963,0.0068970445349519
2,4,RF time only,2,2,0,0,12.00186,0.006036771497346829
2,4,RF time only,2,2,0,0,12.99631,0.004267475849167323
2,4,RF time only,2,2,0,0,14.00165,0.04744510182236981
2,4,RF time only,2,2,0,0,14.99503,0.009819703211696435
2,4,RF time only,2,2,0,0,16.00142,0.0
2,4,RF time only,2,2,0,0,16.99521,0.013242380809894766
2,4,RF time only,2,2,0,0,17.99982,0.0021918351169242963
2,4,RF time only,2,2,0,0,18.99629,0.014522057560609133
2,4,RF time only,2,2,0,0,20.00061,0.007377633151101609
2,4,RF time only,2,2,0,0,20.99563,0.02185778142764582
2,4,RF time only,2,2,0,0,21.99956,0.0
2,4,RF time only,2,2,0,0,22.99362,0.015569482283528587
2,4,RF time only,2,2,0,0,23.99915,0.0
2,4,RF time only,2,2,0,0,24.99448,0.02961807712986942
2,4,RF time only,2,2,0,0,25.99742,0.07380543049590495
2,4,RF time only,2,2,0,0,26.99371,0.4661913503000712
2,4,RF time only,2,2,0,0,27.99764,0.013872100573964211
2,4,RF time only,2,2,0,0,29.00353,0.21441078806099412
2,4,RF time only,2,2,0,0,29.99711,0.023253196704565014
2,4,RF time only,2,2,0,0,31.00312,0.33687974200559334
2,4,RF time only,2,2,0,0,31.99651,0.13675580229549986
2,4,RF time only,2,2,0,0,33.00121,0.025768407069825073
2,4,RF time only,2,2,0,0,33.9953,0.21960580979415706
2,4,RF time only,2,2,0,0,35.00201,0.1772485193972963
2,4,RF time only,2,2,0,0,35.99474,0.0995918482168377
2,4,RF time only,2,2,0,0,37.00034,0.5836460737004939
2,4,RF time only,2,2,0,0,37.99348,0.5910349149176145
2,4,RF time only,2,2,0,0,38.99988,0.4355340768103148
2,4,RF time only,2,2,0,0,39.99434,0.23088154651694132
2,4,RF time only,2,2,0,0,40.99866,0.3559706106093212
2,4,RF time only,2,2,0,0,41.99391,0.21460635583674115
2,4,RF time only,2,2,0,0,42.99882,0.46206572273354446
2,4,RF time only,2,2,0,0,44.00379,0.673539110359494
2,4,RF time only,2,2,0,0,44.99791,0.2523374291607774
2,4,RF time only,2,2,0,0,46.00389,0.13971230109025856
2,4,RF time only,2,2,0,0,46.99784,0.03334698458375606
2,4,RF time only,2,2,0,0,48.00324,0.729003860689585
2,4,RF time only,2,2,0,0,48.99698,0.035791715329458525
2,4,RF time only,2,2,0,0,50.00296,0.0735954777469343
2,4,RF time only,2,2,0,0,50.99651,0.08528481312686943
2,4,RF time only,2,2,0,0,51.99992,0.33478401349929554
2,4,RF time only,2,2,0,0,52.99696,0.13614378219223455
2,4,RF time only,2,2,0,0,54.00121,0.21457779652840875
2,4,RF time only,2,2,0,0,54.99426,0.22612220797173976
2,4,RF time only,2,2,0,0,56.00108,0.4444530443115239
2,4,RF time only,2,2,0,0,56.99522,0.28457502637373056
2,4,RF time only,2,2,0,0,57.99969,0.3411125862270013
2,4,RF time only,2,2,0,0,58.99453,0.2392101108583578
2,4,RF time only,2,2,0,0,60.00053,0.2595443411520476
2,4,RF time only,2,2,0,0,60.99381,0.3427568163241246
2,4,RF time only,2,2,0,0,61.99977,0.4242828519897779
2,4,RF time only,2,2,0,0,63.00386,0.009828129986655004
2,4,RF time only,2,2,0,0,63.99706,0.3309971270073735
2,4,RF time only,2,2,0,0,65.00371,0.07249201049005695
2,4,RF time only,2,2,0,0,65.99866,0.49527099846031963
2,4,RF time only,2,2,0,0,67.00185,0.30465474012055527
2,4,RF time only,2,2,0,0,67.99766,0.07615530548257654
2,4,RF time only,2,2,0,0,69.00256,0.293718311006883
2,4,RF time only,2,2,0,0,69.99706,0.1037778619994449
2,4,RF time only,2,2,0,0,71.00292,0.30168928785411797
2,4,RF time only,2,2,0,0,71.99744,0.09227241091759222
2,4,RF time only,2,2,0,0,73.00128,0.05352548321501088
2,4,RF time only,2,2,0,0,73.9956,0.13077061271653823
2,4,RF time only,2,2,0,0,75.00233,0.33029851814604927
2,4,RF time only,2,2,0,0,75.99583,0.24177407521450386
2,4,RF time only,2,2,0,0,77.00105,0.13144046669941678
2,4,RF time only,2,2,0,0,77.99459,0.37129502924115626
2,4,RF time only,2,2,0,0,79.00166,0.062405187853147755
2,4,RF time only,2,2,0,0,79.99458,0.33992532035627826
2,4,RF time only,2,2,0,0,81.00029,0.11607469588460735
2,4,RF time only,2,2,0,0,82.00448,0.03165838314143402
2,4,RF time only,2,2,0,0,82.99762,0.2807694252532286
2,4,RF time only,2,2,0,0,83.99378,0.49630263959639204
2,4,RF time only,2,2,0,0,84.99883,0.41998387193491865
2,4,RF time only,2,2,0,0,86.00435,0.3840210681252587
2,4,RF time only,2,2,0,0,86.99805,0.28430583157963224
2,4,RF time only,2,2,0,0,88.00208,0.33536386768112614
2,4,RF time only,2,2,0,0,88.9961,0.6934838477673907
2,4,RF time only,2,2,0,0,90.00268,0.22719987118355253
2,4,RF time only,2,2,0,0,90.99656,0.04411707046547792
2,4,RF time only,2,2,0,0,92.00213,0.05860457384684338
2,4,RF time only,2,2,0,0,92.99535,0.7828555177666856
2,4,RF time only,2,2,0,0,94.00014,0.20396659107328904
2,4,RF time only,2,2,0,0,94.99482,0.5817968055978952
2,4,RF time only,2,2,0,0,96.00101,0.07790321769607425
2,4,RF time only,2,2,0,0,96.99474,0.6904039676258202
2,4,RF time only,2,2,0,0,97.99886,0.3547968147768784
2,4,RF time only,2,2,0,0,98.99485,0.5227939128216017
2,4,RF time only,2,2,0,0,100.0004,0.4464488580074044
2,4,RF time only,2,2,0,0,100.9946,0.6420291823192465
2,4,RF time only,2,2,0,0,101.9996,0.18445532116085936
2,4,RF time only,2,2,0,0,103.0037,0.19343377890281574
2,4,RF time only,2,2,0,0,103.9989,0.4044616155575909
2,4,RF time only,2,2,0,0,105.0039,0.4730596756448557
2,4,RF time only,2,2,0,0,105.9986,0.34926322350736605
2,4,RF time only,2,2,0,0,107.0032,0.6053150167570422
2,4,RF time only,2,2,0,0,107.9987,0.34804887081942376
2,4,RF time only,2,2,0,0,108.9936,0.05406794755788936
2,4,RF time only,2,2,0,0,109.9969,0.005028873767533945
2,4,RF time only,2,2,0,0,111.0026,0.34884706951093947
2,4,RF time only,2,2,0,0,111.9943,0.001881979695431472
2,4,RF time only,2,2,0,0,113.0022,0.08699732101578996
2,4,RF time only,2,2,0,0,113.9966,0.001003433631517123
2,4,RF time only,2,2,0,0,115.0023,0.3821172273005
2,4,RF time only,2,2,0,0,115.9952,0.021259150757004033
2,4,RF time only,2,2,0,0,117.0004,0.03668396797218132
2,4,RF time only,2,2,0,0,117.9948,0.0365486835433361
2,4,RF time only,2,2,0,0,118.9998,0.2799195334318533
2,4,RF time only,2,2,0,0,119.9942,0.03990477013847918
2,4,RF time only,2,2,0,0,120.9996,0.29032234818931363
2,4,RF time only,2,2,0,0,121.9939,0.0401657111567654
2,4,RF time only,2,2,0,0,122.9996,0.28215334934754144
2,4,RF time only,2,2,0,0,123.9944,0.187596422278843
2,4,RF time only,2,2,0,0,124.9997,0.6762694091660983
2,4,RF time only,2,2,0,0,126.0041,0.6944712190478197
2,4,RF time only,2,2,0,0,126.9962,0.38947163606485485
2,4,RF time only,2,2,0,0,128.001,0.3833480145255361
2,4,RF time only,2,2,0,0,128.9966,0.2243016233507251
2,4,RF time only,2,2,0,0,130.0031,0.6948062510119997
2,4,RF time only,2,2,0,0,130.9969,0.2178208479460777
2,4,RF time only,2,2,0,0,132.0034,0.5050359808568822
2,4,RF time only,2,2,0,0,132.9951,0.19790847470616107
2,4,RF time only,2,2,0,0,134.0018,0.502586213673644
2,4,RF time only,2,2,0,0,134.9952,0.29092671736942277
2,4,RF time only,2,2,0,0,136.0003,0.874404989962599
2,4,RF time only,2,2,0,0,136.9947,0.24217715340668383
2,4,RF time only,2,2,0,0,138.0004,0.17130779706473223
2,4,RF time only,2,2,0,0,139.0037,0.6069916121298881
2,4,RF time only,2,2,0,0,139.9993,0.3118107409741967
2,4,RF time only,2,2,0,0,140.9939,0.4918468268584698
2,4,RF time only,2,2,0,0,141.9993,0.4584277342513827
2,4,RF time only,2,2,0,0,143.0044,0.5343369553267016
2,4,RF time only,2,2,0,0,143.9993,0.3657896368368224
2,4,RF time only,2,2,0,0,144.9935,0.15139062302336373
2,4,RF time only,2,2,0,0,145.9975,0.0760414487469402
2,4,RF time only,2,2,0,0,147.002,0.3596499322667726
2,4,RF time only,2,2,0,0,147.9976,0.07896758216810465
2,4,RF time only,2,2,0,0,149.004,0.347557030607828
2,4,RF time only,2,2,0,0,149.9961,0.044535140044063934
2,4,RF time only,2,2,0,0,151.0017,0.21027065255959673
2,4,RF time only,2,2,0,0,151.9958,0.0395225530084946
2,4,RF time only,2,2,0,0,153.0004,0.2854474248007221
2,4,RF time only,2,2,0,0,153.9949,0.05033797174894184
2,4,RF time only,2,2,0,0,155.0013,0.3826160306189948
2,4,RF time only,2,2,0,0,155.9958,0.2598603849467626
2,4,RF time only,2,2,0,0,157.0011,0.8198412431946984
2,4,RF time only,2,2,0,0,158.0043,0.4374640005085911
2,4,RF time only,2,2,0,0,159.0005,0.9269359738515499
2,4,RF time only,2,2,0,0,160.0046,0.1794041392866105
2,4,RF time only,2,2,0,0,160.9996,0.9253606258066617
2,4,RF time only,2,2,0,0,162.0037,0.08484913775144873
2,4,RF time only,2,2,0,0,162.9976,0.7259627372466203
2,4,RF time only,2,2,0,0,164.0039,0.6313333769004384
2,4,RF time only,2,2,0,0,164.9958,0.39309653461246813
2,4,RF time only,2,2,0,0,165.9934,0.4404787655644909
2,4,RF time only,2,2,0,0,166.9979,0.4114067966495101
2,4,RF time only,2,2,0,0,168.0029,0.505510217265476
2,4,RF time only,2,2,0,0,168.9963,0.15373051290162676
2,4,RF time only,2,2,0,0,170.0005,0.9221175781948011
2,4,RF time only,2,2,0,0,170.9958,0.4246349443557572
2,4,RF time only,2,2,0,0,172.0012,0.6518197821699971
2,4,RF time only,2,2,0,0,172.9956,0.10395852582771987
2,4,RF time only,2,2,0,0,174.0013,0.7338206142449393
2,4,RF time only,2,2,0,0,174.9954,0.25174488132360845
2,4,RF time only,2,2,0,0,176.0,0.6820996786856648
2,4,RF time only,2,2,0,0,176.9954,0.26406075475740415
2,4,RF time only,2,2,0,0,178.0005,0.6758551721391362
2,4,RF time only,2,2,0,0,179.0044,0.613343173954909
2,4,RF time only,2,2,0,0,179.9999,0.5053817209084254
2,4,RF time only,2,2,0,0,180.9948,0.38150735337645386
2,4,RF time only,2,2,0,0,181.9996,0.5414848804108006
2,4,RF time only,2,2,0,0,182.9938,0.18728304134642604
2,4,RF time only,2,2,0,0,183.9996,0.3694495231028229
2,4,RF time only,2,2,0,0,185.0037,0.5291105135354625
2,4,RF time only,2,2,0,0,185.9989,0.4314139463275625
2,4,RF time only,2,2,0,0,187.0027,0.7376621579445647
2,4,RF time only,2,2,0,0,187.9986,0.1840392761783838
2,4,RF time only,2,2,0,0,189.0018,0.6362597416653375
2,4,RF time only,2,2,0,0,189.9977,0.20763654753266683
2,4,RF time only,2,2,0,0,191.0019,0.345304976493874
2,4,RF time only,2,2,0,0,191.9964,0.27352814436894207
2,4,RF time only,2,2,0,0,193.0019,0.9658085609632815
2,4,RF time only,2,2,0,0,193.9954,0.18899715761255867
2,4,RF time only,2,2,0,0,195.001,0.6967698838293909
2,4,RF time only,2,2,0,0,195.9944,0.3658487434850154
2,4,RF time only,2,2,0,0,197.0007,0.2233906852925421
2,4,RF time only,2,2,0,0,197.9939,0.1387430566635194
2,4,RF time only,2,2,0,0,198.9984,0.6085735861383657
2,4,RF time only,2,2,0,0,200.0031,0.6828557186109645
2,4,RF time only,2,2,0,0,200.9996,0.7063279109058227
2,4,RF time only,2,2,0,0,202.0045,0.6893197866986683
2,4,RF time only,2,2,0,0,202.9982,0.3140859347037036
2,4,RF time only,2,2,0,0,204.004,0.752055665255872
2,4,RF time only,2,2,0,0,204.9996,0.5658817142306267
2,4,RF time only,2,2,0,0,206.0046,0.9403927829906752
2,4,RF time only,2,2,0,0,206.9983,0.3171092594730526
2,4,RF time only,2,2,0,0,208.0024,0.5028158273995532
2,4,RF time only,2,2,0,0,208.9951,0.42334562345428733
2,4,RF time only,2,2,0,0,210.0027,0.8154151591432139
2,4,RF time only,2,2,0,0,210.9949,0.46174997959955844
2,4,RF time only,2,2,0,0,212.0016,0.4485561934525408
2,4,RF time only,2,2,0,0,212.9949,0.31818727754191106
2,4,RF time only,2,2,0,0,214.0006,0.5522573155508702
2,4,RF time only,2,2,0,0,214.9952,0.2676367880222657
2,4,RF time only,2,2,0,0,216.0003,0.6253090045611954
2,4,RF time only,2,2,0,0,216.9954,0.1769237212864794
2,4,RF time only,2,2,0,0,217.9993,0.5833228282599603
2,4,RF time only,2,2,0,0,218.9953,0.5823755910024376
2,4,RF time only,2,2,0,0,220.0006,0.889686506203084
2,4,RF time only,2,2,0,0,220.9946,0.7481354319960811
2,4,RF time only,2,2,0,0,221.9974,0.6761175620031032
2,4,RF time only,2,2,0,0,223.0048,0.08138562509125181
2,4,RF time only,2,2,0,0,223.9989,0.858835785454202
2,4,RF time only,2,2,0,0,225.004,0.8077004380808394
2,4,RF time only,2,2,0,0,225.9989,0.685750600903564
2,4,RF time only,2,2,0,0,227.0026,0.4559446513635076
2,4,RF time only,2,2,0,0,227.9984,0.61517715631482
2,4,RF time only,2,2,0,0,229.0035,0.7456742221141996
2,4,RF time only,2,2,0,0,229.9966,0.5465859888039905
2,4,RF time only,2,2,0,0,231.002,0.9674257878945036
2,4,RF time only,2,2,0,0,231.9962,0.49213837310091874
2,4,RF time only,2,2,0,0,233.0006,0.7896105443651126
2,4,RF time only,2,2,0,0,233.9961,0.39826447237708074
2,4,RF time only,2,2,0,0,235.0027,0.6863666848376576
2,4,RF time only,2,2,0,0,235.996,0.6695699530335901
2,4,RF time only,2,2,0,0,237.0018,0.7108457104884754
2,4,RF time only,2,2,0,0,237.995,0.6345825727247434
2,4,RF time only,2,2,0,0,239.0019,0.31240801820939484
2,4,RF time only,2,2,0,0,239.9948,0.7121179197103369
2,4,RF time only,2,2,0,0,240.9989,0.5885989995823727
2,4,RF time only,2,2,0,0,242.0038,0.24629333655626615
2,4,RF time only,2,2,0,0,242.9988,0.7367924971361687
2,4,RF time only,2,2,0,0,244.0048,0.40012365517577414
2,4,RF time only,2,2,0,0,244.9977,0.7160449961231848
2,4,RF time only,2,2,0,0,246.0033,0.6642725327855056
2,4,RF time only,2,2,0,0,246.9974,0.473012765115159
2,4,RF time only,2,2,0,0,248.0032,0.5888196773845211
2,4,RF time only,2,2,0,0,248.9989,0.40567091418048845
2,4,RF time only,2,2,0,0,250.0025,0.7224772781031975
2,4,RF time only,2,2,0,0,250.9969,0.5343039488243083
2,4,RF time only,2,2,0,0,252.0007,0.5573616919077324
2,4,RF time only,2,2,0,0,252.9972,0.6205871156781695
2,4,RF time only,2,2,0,0,254.0013,0.628913716778951
2,4,RF time only,2,2,0,0,254.9957,0.5007954283030446
2,4,RF time only,2,2,0,0,256.0012,0.8037698754394862
2,4,RF time only,2,2,0,0,256.9948,0.8144428793402918
2,4,RF time only,2,2,0,0,258.0016,0.4943345979523707
2,4,RF time only,2,2,0,0,258.9961,0.4862245050113529
2,4,RF time only,2,2,0,0,260.0005,0.5324823888416017
2,4,RF time only,2,2,0,0,261.005,0.48710089663427397
2,4,RF time only,2,2,0,0,261.9996,0.7366610546417645
2,4,RF time only,2,2,0,0,263.005,0.6372493205147116
2,4,RF time only,2,2,0,0,263.9995,0.7433482051650794
2,4,RF time only,2,2,0,0,265.0048,0.9413256176662962
2,4,RF time only,2,2,0,0,265.9982,0.8623074367663606
2,4,RF time only,2,2,0,0,267.0045,0.6955116811655152
2,4,RF time only,2,2,0,0,267.9995,0.5609684395166963
2,4,RF time only,2,2,0,0,269.0038,0.9372827069939687
2,4,RF time only,2,2,0,0,269.9978,0.7515274636191631
2,4,RF time only,2,2,0,0,271.0036,0.8102615639622441
2,4,RF time only,2,2,0,0,271.9975,0.5300667564769976
2,4,RF time only,2,2,0,0,273.0035,0.7362948419568563
2,4,RF time only,2,2,0,0,273.996,0.4901309858102351
2,4,RF time only,2,2,0,0,275.0023,0.8175753919869878
2,4,RF time only,2,2,0,0,275.9955,0.6700980780247929
2,4,RF time only,2,2,0,0,277.0023,0.2698691997927431
2,4,RF time only,2,2,0,0,277.996,0.8541047297686681
2,4,RF time only,2,2,0,0,279.0019,0.32517359159590475
2,4,RF time only,2,2,0,0,279.9952,0.5741267748304082
2,4,RF time only,2,2,0,0,280.9987,0.6371351245699155
2,4,RF time only,2,2,0,0,282.0053,0.45650354491417855
2,4,RF time only,2,2,0,0,282.9994,0.8176962142383146
2,4,RF time only,2,2,0,0,284.0045,0.8119993820860153
2,4,RF time only,2,2,0,0,284.9988,0.566315080414558
2,4,RF time only,2,2,0,0,286.0036,0.6137782077993521
2,4,RF time only,2,2,0,0,286.9983,0.6948266413021619
2,4,RF time only,2,2,0,0,288.0022,0.7531935976919538
2,4,RF time only,2,2,0,0,288.9989,0.5476248599592553
2,4,RF time only,2,2,0,0,290.0029,0.485827498103577
2,4,RF time only,2,2,1,1,290.9975,0.7644120640144694
2,4,RF time only,2,2,1,1,292.0027,0.7212764169859983
2,4,RF time only,2,2,1,1,292.9962,0.44862692608853666
2,4,RF time only,2,2,1,1,294.0034,0.2905895183940034
2,4,RF time only,2,2,1,1,294.9959,0.27466201344719576
2,4,RF time only,2,2,1,1,296.0013,0.6784221201239246
2,4,RF time only,2,2,1,1,296.9955,0.6432738174143637
2,4,RF time only,2,2,1,1,298.0017,0.602778708548899
2,4,RF time only,2,2,1,1,298.9961,0.9039210426443574
2,4,RF time only,2,2,1,1,300.0004,0.4449395764104825
2,4,RF time only,2,2,1,1,300.9952,0.759366333227386
2,4,RF time only,2,3,0,0,0.011238,0.0
2,4,RF time only,2,3,0,0,1.010427,0.0
2,4,RF time only,2,3,0,0,2.005901,0.0
2,4,RF time only,2,3,0,0,3.009208,0.0
2,4,RF time only,2,3,0,0,4.013891,0.006289062850295613
2,4,RF time only,2,3,0,0,5.009709,0.02418477870272169
2,4,RF time only,2,3,0,0,6.013655,0.3585378441926645
2,4,RF time only,2,3,0,0,7.01029,0.0024126110076389453
2,4,RF time only,2,3,0,0,8.004245,0.004761960346577662
2,4,RF time only,2,3,0,0,9.006847,0.0
2,4,RF time only,2,3,0,0,10.00374,0.0
2,4,RF time only,2,3,0,0,11.00845,0.0018675972927241961
2,4,RF time only,2,3,0,0,12.00327,0.10329755120166237
2,4,RF time only,2,3,0,0,13.00797,0.3370465406630881
2,4,RF time only,2,3,0,0,14.01414,0.3137506405390899
2,4,RF time only,2,3,0,0,15.00711,0.20223595148206083
2,4,RF time only,2,3,0,0,16.01306,0.09578229884654176
2,4,RF time only,2,3,0,0,17.00686,0.08136764739927929
2,4,RF time only,2,3,0,0,18.01257,0.07049362641557441
2,4,RF time only,2,3,0,0,19.00748,0.35260078951883256
2,4,RF time only,2,3,0,0,20.01261,0.029047423642451817
2,4,RF time only,2,3,0,0,21.00554,0.05981296523894302
2,4,RF time only,2,3,0,0,22.01061,0.009406257307689484
2,4,RF time only,2,3,0,0,23.01419,0.345341799141678
2,4,RF time only,2,3,0,0,24.01053,0.10731455111509584
2,4,RF time only,2,3,0,0,25.00407,0.1854329879225388
2,4,RF time only,2,3,0,0,26.01028,0.4818628285411474
2,4,RF time only,2,3,0,0,27.00355,0.08088628932633132
2,4,RF time only,2,3,0,0,28.00709,0.008852694729535425
2,4,RF time only,2,3,0,0,29.00403,0.7661387947025944
2,4,RF time only,2,3,0,0,30.00948,0.5823480754316901
2,4,RF time only,2,3,0,0,31.01333,0.162303787151943
2,4,RF time only,2,3,0,0,32.00739,0.40385209570778313
2,4,RF time only,2,3,0,0,33.0139,0.01320913804964167
2,4,RF time only,2,3,0,0,34.0069,0.2610782199895184
2,4,RF time only,2,3,0,0,35.01249,0.6672429615408565
2,4,RF time only,2,3,0,0,36.00776,0.6881253016274497
2,4,RF time only,2,3,0,0,37.01255,0.5778556737082764
2,4,RF time only,2,3,0,0,38.00636,0.426741578955062
2,4,RF time only,2,3,0,0,39.01038,0.18693571541798715
2,4,RF time only,2,3,0,0,40.0048,0.10238005142787127
2,4,RF time only,2,3,0,0,41.01232,0.047551286727780626
2,4,RF time only,2,3,0,0,42.00532,0.2740151784879399
2,4,RF time only,2,3,0,0,43.01156,0.1712137155182413
2,4,RF time only,2,3,0,0,44.00523,0.5508782859794453
2,4,RF time only,2,3,0,0,45.0106,0.0012890453145622525
2,4,RF time only,2,3,0,0,46.00391,0.1416086631883973
2,4,RF time only,2,3,0,0,47.00961,0.13043009345059337
2,4,RF time only,2,3,0,0,48.00344,0.729003860689585
2,4,RF time only,2,3,0,0,49.00859,0.2894726976067571
2,4,RF time only,2,3,0,0,50.01414,0.23902325442838038
2,4,RF time only,2,3,0,0,51.00926,0.5825140761154579
2,4,RF time only,2,3,0,0,52.01384,0.0012720259489786973
2,4,RF time only,2,3,0,0,53.00763,0.2552785588691516
2,4,RF time only,2,3,0,0,54.01284,0.043362058315287284
2,4,RF time only,2,3,0,0,55.007,0.7639551920485459
2,4,RF time only,2,3,0,0,56.0122,0.24229326960147177
2,4,RF time only,2,3,0,0,57.00453,0.33344680705413204
2,4,RF time only,2,3,0,0,58.01069,0.6050850639485144
2,4,RF time only,2,3,0,0,59.00611,0.9854199402113344
2,4,RF time only,2,3,0,0,60.00909,0.17884972629494905
2,4,RF time only,2,3,0,0,61.00516,0.08895514447607486
2,4,RF time only,2,3,0,0,62.01141,0.07901174761170583
2,4,RF time only,2,3,0,0,63.00307,0.0074443419199037
2,4,RF time only,2,3,0,0,64.00782,0.7091251141970949
2,4,RF time only,2,3,0,0,65.004,0.17175577493467545
2,4,RF time only,2,3,0,0,66.0097,0.4051610970319147
2,4,RF time only,2,3,0,0,67.00374,0.6698747222278989
2,4,RF time only,2,3,0,0,68.00844,0.26411703728083397
2,4,RF time only,2,3,0,0,69.01296,0.04355580983095735
2,4,RF time only,2,3,0,0,70.00988,0.27761503188542247
2,4,RF time only,2,3,0,0,71.0142,0.03518317212040527
2,4,RF time only,2,3,0,0,72.00565,0.6869588080996218
2,4,RF time only,2,3,0,0,73.01225,0.20816661546814938
2,4,RF time only,2,3,0,0,74.0084,0.48412331543312
2,4,RF time only,2,3,0,0,75.01354,0.645223066857652
2,4,RF time only,2,3,0,0,76.00615,0.5071659598467367
2,4,RF time only,2,3,0,0,77.0134,0.13859958405476444
2,4,RF time only,2,3,0,0,78.00726,0.9716172071278906
2,4,RF time only,2,3,0,0,79.01142,0.6822919471633287
2,4,RF time only,2,3,0,0,80.00616,0.7010170634852553
2,4,RF time only,2,3,0,0,81.01123,0.7149239249601603
2,4,RF time only,2,3,0,0,82.00616,0.7054937777386221
2,4,RF time only,2,3,0,0,83.00994,0.8325188597460748
2,4,RF time only,2,3,0,0,84.00312,0.09083720172090216
2,4,RF time only,2,3,0,0,85.00861,0.29840598770000065
2,4,RF time only,2,3,0,0,86.00405,0.23015835860246558
2,4,RF time only,2,3,0,0,87.01019,0.20200846534412364
2,4,RF time only,2,3,0,0,88.01415,0.09804581846034446
2,4,RF time only,2,3,0,0,89.00842,0.5552995371524456
2,4,RF time only,2,3,0,0,90.01416,0.23598861605817825
2,4,RF time only,2,3,0,0,91.0079,0.5294975718977487
2,4,RF time only,2,3,0,0,92.00355,0.6855667449977914
2,4,RF time only,2,3,0,0,93.00796,0.13062157379988582
2,4,RF time only,2,3,0,0,94.01137,0.658033016126221
2,4,RF time only,2,3,0,0,95.00732,0.7441811134164009
2,4,RF time only,2,3,0,0,96.01418,0.11348933405556735
2,4,RF time only,2,3,0,0,97.00631,0.6709958958233666
2,4,RF time only,2,3,0,0,98.01198,0.11509551575195626
2,4,RF time only,2,3,0,0,99.0062,0.05487521438528892
2,4,RF time only,2,3,0,0,100.012,0.8169484467767999
2,4,RF time only,2,3,0,0,101.0051,0.2328104913600044
2,4,RF time only,2,3,0,0,102.0107,0.5477657149537842
2,4,RF time only,2,3,0,0,103.0037,0.19343377890281574
2,4,RF time only,2,3,0,0,104.0105,0.9002041770219175
2,4,RF time only,2,3,0,0,105.0039,0.4730596756448557
2,4,RF time only,2,3,0,0,106.0083,0.8159538620606758
2,4,RF time only,2,3,0,0,107.0031,0.26704192044314257
2,4,RF time only,2,3,0,0,108.0084,0.19771110484486357
2,4,RF time only,2,3,0,0,109.0032,0.6818566283540863
2,4,RF time only,2,3,0,0,110.0087,0.8388076802750096
2,4,RF time only,2,3,0,0,111.0139,0.7442951635083987
2,4,RF time only,2,3,0,0,112.0062,0.001881979695431472
2,4,RF time only,2,3,0,0,113.0129,0.24910945221864553
2,4,RF time only,2,3,0,0,114.0063,0.004527087246923913
2,4,RF time only,2,3,0,0,115.0135,0.6924200032355977
2,4,RF time only,2,3,0,0,116.0077,0.36863749052638045
2,4,RF time only,2,3,0,0,117.013,0.5806814351357407
2,4,RF time only,2,3,0,0,118.0064,0.24179325974107196
2,4,RF time only,2,3,0,0,119.0118,0.2894270882207489
2,4,RF time only,2,3,0,0,120.0056,0.6331703129913286
2,4,RF time only,2,3,0,0,121.0098,0.28283705259251385
2,4,RF time only,2,3,0,0,122.0058,0.16719628385873986
2,4,RF time only,2,3,0,0,123.0083,0.2749242135090602
2,4,RF time only,2,3,0,0,124.0142,0.697108659762422
2,4,RF time only,2,3,0,0,125.0098,0.3681897936765484
2,4,RF time only,2,3,0,0,126.0131,0.17986622886688108
2,4,RF time only,2,3,0,0,127.0085,0.23950063483415487
2,4,RF time only,2,3,0,0,128.0035,0.569096886956736
2,4,RF time only,2,3,0,0,129.0072,0.04343498695893196
2,4,RF time only,2,3,0,0,130.014,0.512716775213791
2,4,RF time only,2,3,0,0,131.0072,0.38657429591789955
2,4,RF time only,2,3,0,0,132.0132,0.45401862851184643
2,4,RF time only,2,3,0,0,133.0071,0.2992167927433241
2,4,RF time only,2,3,0,0,134.0137,0.6124307412476852
2,4,RF time only,2,3,0,0,135.0055,0.5320112057375043
2,4,RF time only,2,3,0,0,136.0135,0.4864501778745806
2,4,RF time only,2,3,0,0,137.0076,0.7028244169653345
2,4,RF time only,2,3,0,0,138.0122,0.6558492230730315
2,4,RF time only,2,3,0,0,139.006,0.7437679066018484
2,4,RF time only,2,3,0,0,140.0114,0.3270163955882907
2,4,RF time only,2,3,0,0,141.0062,0.8622522377783137
2,4,RF time only,2,3,0,0,142.0109,0.7995087693959357
2,4,RF time only,2,3,0,0,143.0041,0.2823777661983671
2,4,RF time only,2,3,0,0,144.0106,0.7535455011342616
2,4,RF time only,2,3,0,0,145.0049,0.6297747370927447
2,4,RF time only,2,3,0,0,146.0097,0.2937852825719158
2,4,RF time only,2,3,0,0,147.0045,0.5231456100285898
2,4,RF time only,2,3,0,0,148.0082,0.6458878453923389
2,4,RF time only,2,3,0,0,149.0146,0.5375887559829681
2,4,RF time only,2,3,0,0,150.0082,0.7410234837558887
2,4,RF time only,2,3,0,0,151.0033,0.701319845095273
2,4,RF time only,2,3,0,0,152.0067,0.4614253692907249
2,4,RF time only,2,3,0,0,153.0131,0.798260395588868
2,4,RF time only,2,3,0,0,154.0056,0.3593071484719075
2,4,RF time only,2,3,0,0,155.0124,0.6376865374396209
2,4,RF time only,2,3,0,0,156.0072,0.4920937165927132
2,4,RF time only,2,3,0,0,157.0128,0.596956966914926
2,4,RF time only,2,3,0,0,158.0061,0.6437159968700902
2,4,RF time only,2,3,0,0,159.0115,0.9328644870320303
2,4,RF time only,2,3,0,0,160.0054,0.1775124303187594
2,4,RF time only,2,3,0,0,161.0108,0.6561828586541075
2,4,RF time only,2,3,0,0,162.0054,0.6860579813769645
2,4,RF time only,2,3,0,0,163.0095,0.33457287938392627
2,4,RF time only,2,3,0,0,164.0036,0.6253118991570843
2,4,RF time only,2,3,0,0,165.0094,0.14864364436462146
2,4,RF time only,2,3,0,0,166.0135,0.8950641234439992
2,4,RF time only,2,3,0,0,167.0089,0.2834824227234028
2,4,RF time only,2,3,0,0,168.0038,0.5719233303462528
2,4,RF time only,2,3,0,0,169.0093,0.5632903520290243
2,4,RF time only,2,3,0,0,170.0146,0.3341803149285714
2,4,RF time only,2,3,0,0,171.0075,0.5052661769604642
2,4,RF time only,2,3,0,0,172.0137,0.45469519329597907
2,4,RF time only,2,3,0,0,173.0077,0.8823311022519569
2,4,RF time only,2,3,0,0,174.0128,0.731039811458472
2,4,RF time only,2,3,0,0,175.0064,0.1903041845821094
2,4,RF time only,2,3,0,0,176.0134,0.4431486868991201
2,4,RF time only,2,3,0,0,177.0064,0.5380827710382141
2,4,RF time only,2,3,0,0,178.0123,0.6307800182149845
2,4,RF time only,2,3,0,0,179.0055,0.7037118323899018
2,4,RF time only,2,3,0,0,180.0109,0.583642709900849
2,4,RF time only,2,3,0,0,181.004,0.38064791763356
2,4,RF time only,2,3,0,0,182.0105,0.7506841758949447
2,4,RF time only,2,3,0,0,183.0044,0.4291909071703979
2,4,RF time only,2,3,0,0,184.0103,0.30984422177265275
2,4,RF time only,2,3,0,0,185.0039,0.6826041615334407
2,4,RF time only,2,3,0,0,186.0109,0.35775367603193825
2,4,RF time only,2,3,0,0,187.0144,0.9035043554141178
2,4,RF time only,2,3,0,0,188.0096,0.5313982162886419
2,4,RF time only,2,3,0,0,189.0142,0.6643699031832353
2,4,RF time only,2,3,0,0,190.0089,0.7134849206420892
2,4,RF time only,2,3,0,0,191.0136,0.6907183952340962
2,4,RF time only,2,3,0,0,192.0078,0.7777970680528092
2,4,RF time only,2,3,0,0,193.0136,0.7590121283864122
2,4,RF time only,2,3,0,0,194.0066,0.6994352319196118
2,4,RF time only,2,3,0,0,195.0137,0.5526044574667025
2,4,RF time only,2,3,0,0,196.0059,0.5616142775851032
2,4,RF time only,2,3,0,0,197.0126,0.6669179548440366
2,4,RF time only,2,3,0,0,198.0066,0.8271823372614007
2,4,RF time only,2,3,0,0,199.0112,0.6564163676234407
2,4,RF time only,2,3,0,0,200.0051,0.9406918576759248
2,4,RF time only,2,3,0,0,201.0101,0.6407963530153444
2,4,RF time only,2,3,0,0,202.0057,0.7425061189715998
2,4,RF time only,2,3,0,0,203.0104,0.9596889389097716
2,4,RF time only,2,3,0,0,204.0044,0.3990791487382149
2,4,RF time only,2,3,0,0,205.0099,0.9795136669941947
2,4,RF time only,2,3,0,0,206.0038,0.9522770332884507
2,4,RF time only,2,3,0,0,207.0091,0.831709904072524
2,4,RF time only,2,3,0,0,208.0138,0.7441268280104
2,4,RF time only,2,3,0,0,209.0093,0.9740523826720511
2,4,RF time only,2,3,0,0,210.0041,0.9042784465954969
2,4,RF time only,2,3,0,0,211.0063,0.8105103036998141
2,4,RF time only,2,3,0,0,212.0139,0.17643258976816426
2,4,RF time only,2,3,0,0,213.0081,0.7318307261544955
2,4,RF time only,2,3,0,0,214.0138,0.6018247968696632
2,4,RF time only,2,3,0,0,215.0059,0.9046338651171297
2,4,RF time only,2,3,0,0,216.0132,0.36506991269702405
2,4,RF time only,2,3,0,0,217.0059,0.704604331514459
2,4,RF time only,2,3,0,0,218.0114,0.8998772647541416
2,4,RF time only,2,3,0,0,219.006,0.9483563881907577
2,4,RF time only,2,3,0,0,220.0104,0.7868100089864596
2,4,RF time only,2,3,0,0,221.0062,0.8412200288040051
2,4,RF time only,2,3,0,0,222.0106,0.9552920917562623
2,4,RF time only,2,3,0,0,223.0049,0.18439418932826146
2,4,RF time only,2,3,0,0,224.0104,0.8392916283799721
2,4,RF time only,2,3,0,0,225.0054,0.8545165475788834
2,4,RF time only,2,3,0,0,226.009,0.8161156380034948
2,4,RF time only,2,3,0,0,227.0141,0.5245258690688155
2,4,RF time only,2,3,0,0,228.007,0.7283465972454807
2,4,RF time only,2,3,0,0,229.0136,0.3744575114587243
2,4,RF time only,2,3,0,0,230.007,0.9768808852209117
2,4,RF time only,2,3,0,0,231.0132,0.44418226937688304
2,4,RF time only,2,3,0,0,232.0052,0.8496086993224682
2,4,RF time only,2,3,0,0,233.0103,0.8980202743616907
2,4,RF time only,2,3,0,0,234.006,0.89203440949472
2,4,RF time only,2,3,0,0,235.0119,0.5483896784836143
2,4,RF time only,2,3,0,0,236.0068,0.8957594003655049
2,4,RF time only,2,3,0,0,237.0114,0.9451269174742686
2,4,RF time only,2,3,0,0,238.0062,0.5395383878931335
2,4,RF time only,2,3,0,0,239.0112,0.5370887121499798
2,4,RF time only,2,3,0,0,240.0064,0.6640589251623055
2,4,RF time only,2,3,0,0,241.0103,0.9985541455160744
2,4,RF time only,2,3,0,0,242.0039,0.24629333655626615
2,4,RF time only,2,3,0,0,243.0101,0.9626860177241476
2,4,RF time only,2,3,0,0,244.0035,0.479966757627978
2,4,RF time only,2,3,0,0,245.0085,0.8625380576457531
2,4,RF time only,2,3,0,0,246.0035,0.667605866118839
2,4,RF time only,2,3,0,0,247.0071,0.4009641664785587
2,4,RF time only,2,3,0,0,248.0035,0.5735839763606598
2,4,RF time only,2,3,0,0,249.0085,0.8502313657188592
2,4,RF time only,2,3,0,0,250.0133,0.9409749545946237
2,4,RF time only,2,3,0,0,251.0078,0.652468983572267
2,4,RF time only,2,3,0,0,252.0139,0.6177789952853516
2,4,RF time only,2,3,0,0,253.0063,0.4975891412100019
2,4,RF time only,2,3,0,0,254.012,0.9154681009076262
2,4,RF time only,2,3,0,0,255.0076,0.969920374427869
2,4,RF time only,2,3,0,0,256.0135,0.7005329588484877
2,4,RF time only,2,3,0,0,257.0063,0.6755301448545777
2,4,RF time only,2,3,0,0,258.0114,0.9568604415550317
2,4,RF time only,2,3,0,0,259.0068,0.817574814800512
2,4,RF time only,2,3,0,0,260.0124,0.9477993055085598
2,4,RF time only,2,3,0,0,261.0036,0.0509193002764772
2,4,RF time only,2,3,0,0,262.0094,0.6603160568045253
2,4,RF time only,2,3,0,0,263.0131,0.7868312674147485
2,4,RF time only,2,3,0,0,264.0099,0.9860398995200431
2,4,RF time only,2,3,0,0,265.0028,0.6132284150483924
2,4,RF time only,2,3,0,0,266.0089,0.9505782574626117
2,4,RF time only,2,3,0,0,267.0042,0.7277419013169754
2,4,RF time only,2,3,0,0,268.0081,0.5227701661376125
2,4,RF time only,2,3,0,0,269.0143,0.8081930713654225
2,4,RF time only,2,3,0,0,270.0072,0.4029521814732144
2,4,RF time only,2,3,0,0,271.0114,0.8393326405600928
2,4,RF time only,2,3,0,0,272.0073,0.9532349153710004
2,4,RF time only,2,3,0,0,273.0117,0.9279347513053333
2,4,RF time only,2,3,0,0,274.006,0.42417516935300753
2,4,RF time only,2,3,0,0,275.0121,0.8632757554276369
2,4,RF time only,2,3,0,0,276.005,0.0860460320968797
2,4,RF time only,2,3,0,0,277.0126,0.8596531400826909
2,4,RF time only,2,3,0,0,278.003,0.06718099529323272
2,4,RF time only,2,3,0,0,279.0113,0.5880116897003912
2,4,RF time only,2,3,0,0,280.0044,0.8981047678768767
2,4,RF time only,2,3,0,0,281.0101,0.5933246964521802
2,4,RF time only,2,3,0,0,282.0047,0.4945342456736514
2,4,RF time only,2,3,0,0,283.0086,0.8991854079112566
2,4,RF time only,2,3,0,0,284.0052,0.7579800932792369
2,4,RF time only,2,3,0,0,285.0094,0.5730301483657749
2,4,RF time only,2,3,0,0,286.0031,0.7347060494053166
2,4,RF time only,2,3,0,0,287.0089,0.6818245045598239
2,4,RF time only,2,3,0,0,288.0141,0.6420539399405094
2,4,RF time only,2,3,0,0,289.0098,0.8948345337295647
2,4,RF time only,2,3,0,0,290.0146,0.9301687710339345
2,4,RF time only,2,3,0,0,291.0092,0.9314878812552788
2,4,RF time only,2,3,0,0,292.0125,0.6207494976550789
2,4,RF time only,2,3,0,0,293.0078,0.9535870608926378
2,4,RF time only,2,3,0,0,294.0122,0.9135031789805452
2,4,RF time only,2,3,0,0,295.0077,0.8136645820047574
2,4,RF time only,2,3,0,0,296.0117,0.9641046945751844
2,4,RF time only,2,3,0,0,297.005,0.6820052657388417
2,4,RF time only,2,3,0,0,298.0123,0.8685443103905357
2,4,RF time only,2,3,0,0,299.0035,0.510634367957453
2,4,RF time only,2,3,0,0,300.0103,0.8249490538983588
2,4,RF time only,2,3,0,0,301.0058,0.7353643707058688
2,4,RF time only,4,5,0,0,0.0112268,0.0
2,4,RF time only,4,5,0,0,1.010952,0.0
2,4,RF time only,4,5,0,0,2.01688,0.0
2,4,RF time only,4,5,0,0,3.010709,0.0
2,4,RF time only,4,5,0,0,4.015441,0.12514227722731092
2,4,RF time only,4,5,0,0,5.010154,0.0077647793630461455
2,4,RF time only,4,5,0,0,6.01441,0.35665205739063405
2,4,RF time only,4,5,0,0,7.008793,0.3405752363119195
2,4,RF time only,4,5,0,0,8.014668,0.20788264381731233
2,4,RF time only,4,5,0,0,9.007746,0.0
2,4,RF time only,4,5,0,0,10.01372,0.15830629759345366
2,4,RF time only,4,5,0,0,11.00726,0.0018675972927241961
2,4,RF time only,4,5,0,0,12.01249,0.20923357805917603
2,4,RF time only,4,5,0,0,13.00669,0.3370465406630881
2,4,RF time only,4,5,0,0,14.01282,0.01183260028696079
2,4,RF time only,4,5,0,0,15.00744,0.10315110443058358
2,4,RF time only,4,5,0,0,16.01075,0.12044704783903586
2,4,RF time only,4,5,0,0,17.01668,0.22686532849537058
2,4,RF time only,4,5,0,0,18.0118,0.3162006794494198
2,4,RF time only,4,5,0,0,19.01557,0.20875496030527343
2,4,RF time only,4,5,0,0,20.00926,0.1661569038663727
2,4,RF time only,4,5,0,0,21.01652,0.4245470110354967
2,4,RF time only,4,5,0,0,22.00971,0.0013127561097844994
2,4,RF time only,4,5,0,0,23.01418,0.345341799141678
2,4,RF time only,4,5,0,0,24.00919,0.05252590272926853
2,4,RF time only,4,5,0,0,25.01588,0.6406279194467672
2,4,RF time only,4,5,0,0,26.00942,0.054882971418520214
2,4,RF time only,4,5,0,0,27.01412,0.04853858463388763
2,4,RF time only,4,5,0,0,28.00889,0.08161224137184715
2,4,RF time only,4,5,0,0,29.01367,0.012709953737142983
2,4,RF time only,4,5,0,0,30.00709,0.021204448092850516
2,4,RF time only,4,5,0,0,31.01377,0.3464069777162974
2,4,RF time only,4,5,0,0,32.00727,0.40385209570778313
2,4,RF time only,4,5,0,0,33.01159,0.33341704061029726
2,4,RF time only,4,5,0,0,34.00792,0.46380564014135994
2,4,RF time only,4,5,0,0,35.01075,0.02478933212605802
2,4,RF time only,4,5,0,0,36.00707,0.28262783461983254
2,4,RF time only,4,5,0,0,37.01272,0.27193314670497626
2,4,RF time only,4,5,0,0,38.01709,0.6766957630327449
2,4,RF time only,4,5,0,0,39.01067,0.18957357703772637
2,4,RF time only,4,5,0,0,40.01581,0.0883897921520193
2,4,RF time only,4,5,0,0,41.01084,0.31452033638411814
2,4,RF time only,4,5,0,0,42.01547,0.02929152774337438
2,4,RF time only,4,5,0,0,43.01104,0.1712137155182413
2,4,RF time only,4,5,0,0,44.01458,0.009369140618106026
2,4,RF time only,4,5,0,0,45.00882,0.3502852943146356
2,4,RF time only,4,5,0,0,46.01222,0.046530123906566835
2,4,RF time only,4,5,0,0,47.00699,0.6584955449583895
2,4,RF time only,4,5,0,0,48.01369,0.08262061490755744
2,4,RF time only,4,5,0,0,49.00858,0.28388462773288103
2,4,RF time only,4,5,0,0,50.01452,0.3202828952949404
2,4,RF time only,4,5,0,0,51.00806,0.08186513983997439
2,4,RF time only,4,5,0,0,52.01318,0.010606769082597067
2,4,RF time only,4,5,0,0,53.00839,0.33314119496290107
2,4,RF time only,4,5,0,0,54.01276,0.0204361736935345
2,4,RF time only,4,5,0,0,55.0175,0.3692850483990647
2,4,RF time only,4,5,0,0,56.01182,0.3916517308833266
2,4,RF time only,4,5,0,0,57.00686,0.54498946428917
2,4,RF time only,4,5,0,0,58.01109,0.45542779248623155
2,4,RF time only,4,5,0,0,59.01705,0.07753607755936248
2,4,RF time only,4,5,0,0,60.01059,0.2238362561477895
2,4,RF time only,4,5,0,0,61.01579,0.31481456354842874
2,4,RF time only,4,5,0,0,62.00929,0.5388552512492271
2,4,RF time only,4,5,0,0,63.01626,0.018839969550085864
2,4,RF time only,4,5,0,0,64.01065,0.5227494528323966
2,4,RF time only,4,5,0,0,65.01405,0.44970049269710766
2,4,RF time only,4,5,0,0,66.00948,0.39361508993558325
2,4,RF time only,4,5,0,0,67.01539,0.25346276973015464
2,4,RF time only,4,5,0,0,68.00793,0.2628645446087937
2,4,RF time only,4,5,0,0,69.014,0.0748645705834109
2,4,RF time only,4,5,0,0,70.00879,0.3209992473461962
2,4,RF time only,4,5,0,0,71.01364,0.34331035180633346
2,4,RF time only,4,5,0,0,72.00794,0.3176834832677621
2,4,RF time only,4,5,0,0,73.01243,0.22229657512016332
2,4,RF time only,4,5,0,0,74.01789,0.22760237339654163
2,4,RF time only,4,5,0,0,75.01195,0.13973950832927826
2,4,RF time only,4,5,0,0,76.01669,0.38362221115580886
2,4,RF time only,4,5,0,0,77.01137,0.7169823235735355
2,4,RF time only,4,5,0,0,78.01778,0.24681651873200758
2,4,RF time only,4,5,0,0,79.00958,0.7601516454359043
2,4,RF time only,4,5,0,0,80.01713,0.1762991329841386
2,4,RF time only,4,5,0,0,81.01,0.23997993813196244
2,4,RF time only,4,5,0,0,82.01595,0.6493914982675176
2,4,RF time only,4,5,0,0,83.00983,0.8325188597460748
2,4,RF time only,4,5,0,0,84.01365,0.490968171033329
2,4,RF time only,4,5,0,0,85.00916,0.29840598770000065
2,4,RF time only,4,5,0,0,86.01279,0.5415058988432565
2,4,RF time only,4,5,0,0,87.00995,0.19875165201187067
2,4,RF time only,4,5,0,0,88.01443,0.12190936366100198
2,4,RF time only,4,5,0,0,89.00826,0.8383221507662768
2,4,RF time only,4,5,0,0,90.01387,0.16245704630970914
2,4,RF time only,4,5,0,0,91.00777,0.2897445368882728
2,4,RF time only,4,5,0,0,92.01324,0.5544822548099217
2,4,RF time only,4,5,0,0,93.00788,0.10633127743961907
2,4,RF time only,4,5,0,0,94.01026,0.7394809266248056
2,4,RF time only,4,5,0,0,95.00691,0.5844732817329614
2,4,RF time only,4,5,1,1,96.01107,0.35978091871476586
2,4,RF time only,4,5,1,1,97.01478,0.5749448361589008
2,4,RF time only,4,5,1,1,98.00982,0.8243129364465153
2,4,RF time only,4,5,1,1,99.0165,0.08134910755396899
2,4,RF time only,4,5,1,1,100.0108,0.11450580249456091
2,4,RF time only,4,5,1,1,101.0142,0.41563994422752654
2,4,RF time only,4,5,1,1,102.0099,0.8193983386894719
2,4,RF time only,4,5,1,1,103.0166,0.28113663463867783
2,4,RF time only,4,5,1,1,104.0105,0.9002041770219175
2,4,RF time only,4,5,1,1,105.0166,0.6568806990539428
2,4,RF time only,4,5,1,1,106.0182,0.7446922272546118
2,4,RF time only,4,5,1,1,107.0155,0.6677016090433997
2,4,RF time only,4,5,1,1,108.0081,0.06544973278799232
2,4,RF time only,4,5,1,1,109.0137,0.5178835438342417
2,4,RF time only,4,5,1,1,110.0078,0.7201774105458221
2,4,RF time only,4,5,1,1,111.0129,0.35797294924279927
2,4,RF time only,4,5,1,1,112.0085,0.9244298225000525
2,4,RF time only,4,5,1,1,113.0132,0.24910945221864553
2,4,RF time only,4,5,1,1,114.0183,0.8425583939023062
2,4,RF time only,4,5,1,1,115.0109,0.6315476370949207
2,4,RF time only,4,5,1,1,116.0171,0.7183201042729108
2,4,RF time only,4,5,1,1,117.0108,0.37750516802481254
2,4,RF time only,4,5,1,1,118.017,0.8355628528776478
2,4,RF time only,4,5,1,1,119.0105,0.7928761355075388
2,4,RF time only,4,5,1,1,120.017,0.23744077421615703
2,4,RF time only,4,5,1,1,121.0103,0.36759244541608277
2,4,RF time only,4,5,1,1,122.0142,0.7418242081157739
2,4,RF time only,4,5,1,1,123.0111,0.39065655859620707
2,4,RF time only,4,5,1,1,124.0154,0.5827390376408306
2,4,RF time only,4,5,1,1,125.0098,0.3681897936765484
2,4,RF time only,4,5,1,1,126.016,0.5352862711562075
2,4,RF time only,4,5,1,1,127.0077,0.03413580581387043
2,4,RF time only,4,5,1,1,128.0149,0.5140351144271478
2,4,RF time only,4,5,1,1,129.0092,0.6246021220508917
2,4,RF time only,4,5,1,1,130.0139,0.512716775213791
2,4,RF time only,4,5,1,1,131.0076,0.38657429591789955
2,4,RF time only,4,5,1,1,132.0115,0.5408152150182158
2,4,RF time only,4,5,1,1,133.0071,0.2992167927433241
2,4,RF time only,4,5,1,1,134.0139,0.6124307412476852
2,4,RF time only,4,5,1,1,135.0174,0.2538550840234688
2,4,RF time only,4,5,1,1,136.0132,0.6094960767448498
2,4,RF time only,4,5,1,1,137.0163,0.7227524542060373
2,4,RF time only,4,5,1,1,138.0116,0.468705855979761
2,4,RF time only,4,5,1,1,139.0176,0.4847864989161174
2,4,RF time only,4,5,1,1,140.0102,0.05822271146462331
2,4,RF time only,4,5,1,1,141.0144,0.8923126995235928
2,4,RF time only,4,5,1,1,142.0095,0.15529623879508633
2,4,RF time only,4,5,1,1,143.0164,0.17594629282408147
2,4,RF time only,4,5,1,1,144.0101,0.7146397131020701
2,4,RF time only,4,5,1,1,145.0154,0.33458694022580304
2,4,RF time only,4,5,1,1,146.0091,0.2907261793874757
2,4,RF time only,4,5,1,1,147.0136,0.6559287312269425
2,4,RF time only,4,5,1,1,148.0082,0.6458878453923389
2,4,RF time only,4,5,1,1,149.0152,0.4984687642140608
2,4,RF time only,4,5,1,1,150.0077,0.5819909186879374
2,4,RF time only,4,5,1,1,151.0137,0.7101834089606517
2,4,RF time only,4,5,1,1,152.0168,0.8311788244929897
2,4,RF time only,4,5,1,1,153.0125,0.4179130645635094
2,4,RF time only,4,5,1,1,154.0174,0.48772355684122864
2,4,RF time only,4,5,1,1,155.0128,0.7152457434152922
2,4,RF time only,4,5,1,1,156.0177,0.5364671371445543
2,4,RF time only,4,5,1,1,157.0102,0.6364309086035954
2,4,RF time only,4,5,1,1,158.0163,0.6496749089637274
2,4,RF time only,4,5,1,1,159.0115,0.9328644870320303
2,4,RF time only,4,5,1,1,160.0177,0.30431007358726847
2,4,RF time only,4,5,1,1,161.0104,0.3770700370718495
2,4,RF time only,4,5,1,1,162.0165,0.6062824883208303
2,4,RF time only,4,5,1,1,163.0099,0.6888749049924031
2,4,RF time only,4,5,1,1,164.0155,0.49998976358880287
2,4,RF time only,4,5,1,1,165.0094,0.14864364436462146
2,4,RF time only,4,5,1,1,166.0161,0.2996601637824025
2,4,RF time only,4,5,1,1,167.0091,0.19361939982617926
2,4,RF time only,4,5,1,1,168.0139,0.9491693802313559
2,4,RF time only,4,5,1,1,169.0086,0.34636869336885656
2,4,RF time only,4,5,1,1,170.0137,0.892007740612829
2,4,RF time only,4,5,1,1,171.0075,0.5052661769604642
2,4,RF time only,4,5,1,1,172.0139,0.08552629933791309
2,4,RF time only,4,5,1,1,173.0076,0.8823311022519569
2,4,RF time only,4,5,1,1,174.0126,0.7332247786251355
2,4,RF time only,4,5,1,1,175.0179,0.8251606456769051
2,4,RF time only,4,5,1,1,176.0124,0.6895240872220174
2,4,RF time only,4,5,1,1,177.0172,0.7544469046034853
2,4,RF time only,4,5,1,1,178.0104,0.4144239990343071
2,4,RF time only,4,5,1,1,179.0168,0.669491113448764
2,4,RF time only,4,5,1,1,180.0106,0.4302618849246493
2,4,RF time only,4,5,1,1,181.0163,0.5325098141693015
2,4,RF time only,4,5,1,1,182.0099,0.6019644232635922
2,4,RF time only,4,5,1,1,183.0135,0.5477557818701861
2,4,RF time only,4,5,1,1,184.0087,0.5055380152697285
2,4,RF time only,4,5,1,1,185.0154,0.5144052913677597
2,4,RF time only,4,5,1,1,186.0081,0.488403231612699
2,4,RF time only,4,5,1,1,187.016,0.3583396316492248
2,4,RF time only,4,5,1,1,188.0089,0.7915648611967921
2,4,RF time only,4,5,1,1,189.0137,0.6209244076420091
2,4,RF time only,4,5,1,1,190.0086,0.7071477491999663
2,4,RF time only,4,5,1,1,191.0144,0.48071198863825726
2,4,RF time only,4,5,1,1,192.0072,0.5452145189933841
2,4,RF time only,4,5,1,1,193.0135,0.7590121283864122
2,4,RF time only,4,5,1,1,194.0179,0.9206358210792788
2,4,RF time only,4,5,1,1,195.013,0.7121302655894501
2,4,RF time only,4,5,1,1,196.0172,0.8474751722183845
2,4,RF time only,4,5,1,1,197.0123,0.6669179548440366
2,4,RF time only,4,5,1,1,198.0175,0.7916333407922156
2,4,RF time only,4,5,1,1,199.0116,0.48816085930521014
2,4,RF time only,4,5,1,1,200.0164,0.6081221453030148
2,4,RF time only,4,5,1,1,201.0108,0.7018765949650305
2,4,RF time only,4,5,1,1,202.0157,0.5251280545597503
2,4,RF time only,4,5,1,1,203.0093,0.9020141855899304
2,4,RF time only,4,5,1,1,204.016,0.4678627159847563
2,4,RF time only,4,5,1,1,205.009,0.9298691381304506
2,4,RF time only,4,5,1,1,206.0156,0.07114016988095971
2,4,RF time only,4,5,1,1,207.0176,0.42631634832035087
2,4,RF time only,4,5,1,1,208.0142,0.593371600017066
2,4,RF time only,4,5,1,1,209.008,0.9134079472404609
2,4,RF time only,4,5,1,1,210.014,0.7383326337394358
2,4,RF time only,4,5,1,1,211.0073,0.7179581087652435
2,4,RF time only,4,5,1,1,212.0144,0.44993684751141105
2,4,RF time only,4,5,1,1,213.0071,0.8884170106817214
2,4,RF time only,4,5,1,1,214.0131,0.8204622222113673
2,4,RF time only,4,5,1,1,215.0179,0.7318099550042354
2,4,RF time only,4,5,1,1,216.013,0.3684032460303574
2,4,RF time only,4,5,1,1,217.0178,0.9296968994199831
2,4,RF time only,4,5,1,1,218.0116,0.9376488052854934
2,4,RF time only,4,5,1,1,219.016,0.09999034667155487
2,4,RF time only,4,5,1,1,220.0108,0.976963987952175
2,4,RF time only,4,5,1,1,221.0161,0.3478816451580036
2,4,RF time only,4,5,1,1,222.0095,0.6336659328181409
2,4,RF time only,4,5,1,1,223.0147,0.9182515191561671
2,4,RF time only,4,5,1,1,224.0093,0.9949582048602735
2,4,RF time only,4,5,1,1,225.0162,0.5526308005394718
2,4,RF time only,4,5,1,1,226.0088,0.8161156380034948
2,4,RF time only,4,5,1,1,227.0151,0.641682553877861
2,4,RF time only,4,5,1,1,228.0091,0.9125732720464098
2,4,RF time only,4,5,1,1,229.0138,0.3744575114587243
2,4,RF time only,4,5,1,1,230.0083,0.8736620679822769
2,4,RF time only,4,5,1,1,231.0125,0.7349599876560821
2,4,RF time only,4,5,1,1,232.0183,0.40980372771730056
2,4,RF time only,4,5,1,1,233.0139,0.5011265676180724
2,4,RF time only,4,5,1,1,234.0073,0.9601671705762572
2,4,RF time only,4,5,1,1,235.0123,0.5565887892550575
2,4,RF time only,4,5,1,1,236.016,0.15521355847363696
2,4,RF time only,4,5,1,1,237.0108,0.9752325382588254
2,4,RF time only,4,5,1,1,238.017,0.6087088475080806
2,4,RF time only,4,5,1,1,239.0087,0.5806895930454401
2,4,RF time only,4,5,1,1,240.0161,0.5661695933961238
2,4,RF time only,4,5,1,1,241.01,0.9985541455160744
2,4,RF time only,4,5,1,1,242.016,0.4336604451032132
2,4,RF time only,4,5,1,1,243.0107,0.9346220450657863
2,4,RF time only,4,5,1,1,244.0154,0.8807377129913921
2,4,RF time only,4,5,1,1,245.0092,0.8328056170769239
2,4,RF time only,4,5,1,1,246.0161,0.151013668518315
2,4,RF time only,4,5,1,1,247.0085,0.6060706856836969
2,4,RF time only,4,5,1,1,248.0154,0.5730244122052789
2,4,RF time only,4,5,1,1,249.0085,0.8502313657188592
2,4,RF time only,4,5,1,1,250.0141,0.8840188461409849
2,4,RF time only,4,5,1,1,251.0076,0.6569288324784375
2,4,RF time only,4,5,1,1,252.0128,0.9563281992965795
2,4,RF time only,4,5,1,1,253.0088,0.7034214582593047
2,4,RF time only,4,5,1,1,254.0108,0.9211486205289964
2,4,RF time only,4,5,1,1,255.0078,0.9737261550684275
2,4,RF time only,4,5,1,1,256.012,0.9348553291019684
2,4,RF time only,4,5,1,1,257.0182,0.6509851445941655
2,4,RF time only,4,5,1,1,258.0112,0.9579208672738112
2,4,RF time only,4,5,1,1,259.0172,0.9071281414059977
2,4,RF time only,4,5,1,1,260.0108,0.6239249945235484
2,4,RF time only,4,5,1,1,261.017,0.9461343327735714
2,4,RF time only,4,5,1,1,262.0099,0.8920817277033706
2,4,RF time only,4,5,1,1,263.0157,0.8877662762232471
2,4,RF time only,4,5,1,1,264.0089,0.771588600033881
2,4,RF time only,4,5,1,1,265.0158,0.9105002070923153
2,4,RF time only,4,5,1,1,266.0085,0.8781904323265876
2,4,RF time only,4,5,1,1,267.0144,0.6933601248977042
2,4,RF time only,4,5,1,1,268.0078,0.7047534173621102
2,4,RF time only,4,5,1,1,269.0122,0.8464144742353856
2,4,RF time only,4,5,1,1,270.0178,0.8667317042508984
2,4,RF time only,4,5,1,1,271.0129,0.7828887169614009
2,4,RF time only,4,5,1,1,272.0069,0.9453469093359462
2,4,RF time only,4,5,1,1,273.0135,0.43249328473401977
2,4,RF time only,4,5,1,1,274.0166,0.8262939654421471
2,4,RF time only,4,5,1,1,275.0122,0.9075048696438124
2,4,RF time only,4,5,1,1,276.0172,0.9729220862979675
2,4,RF time only,4,5,1,1,277.0125,0.8596531400826909
2,4,RF time only,4,5,1,1,278.0169,0.9445937345698351
2,4,RF time only,4,5,1,1,279.0107,0.9084180055344001
2,4,RF time only,4,5,1,1,280.0169,0.9422229285013445
2,4,RF time only,4,5,1,1,281.0101,0.5933246964521802
2,4,RF time only,4,5,1,1,282.0158,0.6333666470174729
2,4,RF time only,4,5,1,1,283.0089,0.862207649217326
2,4,RF time only,4,5,1,1,284.0149,0.8404847084332036
2,4,RF time only,4,5,1,1,285.0083,0.9978403751643685
2,4,RF time only,4,5,1,1,286.0139,0.9801511957608178
2,4,RF time only,4,5,1,1,287.0074,0.6008506852758791
2,4,RF time only,4,5,1,1,288.0117,0.9906409835411726
2,4,RF time only,4,5,1,1,289.007,0.4226769664958321
2,4,RF time only,4,5,1,1,290.0117,0.7857253266146448
2,4,RF time only,4,5,1,1,291.008,0.4961236473616677
2,4,RF time only,4,5,1,1,292.0127,0.6207494976550789
2,4,RF time only,4,5,1,1,293.017,0.9622054899030636
2,4,RF time only,4,5,1,1,294.0127,0.606430631347622
2,4,RF time only,4,5,1,1,295.0174,0.9283471996412065
2,4,RF time only,4,5,1,1,296.0103,0.8860367303361558
2,4,RF time only,4,5,1,1,297.017,0.8732711850774837
2,4,RF time only,4,5,1,1,298.0103,0.7560606156223771
2,4,RF time only,4,5,1,1,299.0154,0.8449500719324351
2,4,RF time only,4,5,1,1,300.0082,0.6565736642655031
2,4,RF time only,4,5,1,1,301.0146,0.9899071405245818
2,4,RF time only,4,6,0,0,0.0,0.0
2,4,RF time only,4,6,0,0,1.00495,0.0
2,4,RF time only,4,6,0,0,1.998281,0.0
2,4,RF time only,4,6,0,0,3.004618,0.0
2,4,RF time only,4,6,0,0,3.999141,0.0
2,4,RF time only,4,6,0,0,5.003382,0.008627226147708328
2,4,RF time only,4,6,0,0,5.998161,0.0
2,4,RF time only,4,6,0,0,7.000859,0.38505622171888215
2,4,RF time only,4,6,0,0,7.997983,0.021170939359321007
2,4,RF time only,4,6,0,0,9.002149,0.03343777766532152
2,4,RF time only,4,6,0,0,9.996326,0.11531026553363986
2,4,RF time only,4,6,0,0,11.00007,0.024466609992680813
2,4,RF time only,4,6,0,0,11.99659,0.02997600323348274
2,4,RF time only,4,6,0,0,13.00098,0.0012976022566995767
2,4,RF time only,4,6,0,0,13.99541,0.03373765577027819
2,4,RF time only,4,6,0,0,14.99912,0.0018629441624365484
2,4,RF time only,4,6,0,0,15.99681,0.004268105166978647
2,4,RF time only,4,6,0,0,16.99845,0.006353018948593433
2,4,RF time only,4,6,0,0,18.00539,0.0
2,4,RF time only,4,6,0,0,18.9994,0.0009962151932954853
2,4,RF time only,4,6,0,0,20.00367,0.008171689102575756
2,4,RF time only,4,6,0,0,20.99707,0.003198825865929027
2,4,RF time only,4,6,0,0,22.00514,0.0
2,4,RF time only,4,6,0,0,22.99883,0.004255994243930205
2,4,RF time only,4,6,0,0,24.00393,0.0
2,4,RF time only,4,6,0,0,24.99814,0.01568732044734156
2,4,RF time only,4,6,0,0,26.00431,0.013906182309577082
2,4,RF time only,4,6,0,0,26.99778,0.09251835881798927
2,4,RF time only,4,6,0,0,28.00385,0.0
2,4,RF time only,4,6,0,0,28.99657,0.034799131046953424
2,4,RF time only,4,6,0,0,30.00375,0.0
2,4,RF time only,4,6,0,0,30.99679,0.23129754756960286
2,4,RF time only,4,6,0,0,32.00263,0.3949646082494424
2,4,RF time only,4,6,0,0,32.99657,0.08742156175763251
2,4,RF time only,4,6,0,0,34.00122,0.1939854945219079
2,4,RF time only,4,6,0,0,35.00551,0.009314000751665021
2,4,RF time only,4,6,0,0,36.00011,0.0036979695431472075
2,4,RF time only,4,6,0,0,36.99636,0.5091331526535917
2,4,RF time only,4,6,0,0,38.00019,0.058135139275125154
2,4,RF time only,4,6,0,0,39.00475,0.051237356021812966
2,4,RF time only,4,6,0,0,39.99985,0.025501246978709757
2,4,RF time only,4,6,0,0,41.00478,0.18856423487311255
2,4,RF time only,4,6,0,0,41.99879,0.047701272912595245
2,4,RF time only,4,6,0,0,42.99495,0.5680161256812477
2,4,RF time only,4,6,0,0,43.99932,0.011947867890102642
2,4,RF time only,4,6,0,0,45.00479,0.3455616211103402
2,4,RF time only,4,6,0,0,45.99848,0.04390219304954141
2,4,RF time only,4,6,0,0,47.00407,0.28210865077508623
2,4,RF time only,4,6,0,0,47.99735,0.4090266383113651
2,4,RF time only,4,6,0,0,49.00396,0.3547007098975607
2,4,RF time only,4,6,0,0,49.99818,0.1473761777291968
2,4,RF time only,4,6,0,0,51.00159,0.08976688939849099
2,4,RF time only,4,6,0,0,51.99651,0.35176040457908203
2,4,RF time only,4,6,0,0,53.00211,0.433860477703485
2,4,RF time only,4,6,0,0,53.99723,0.4894918821214903
2,4,RF time only,4,6,0,0,55.00178,0.11264632147704705
2,4,RF time only,4,6,0,0,55.99569,0.4352983478923384
2,4,RF time only,4,6,0,0,56.99967,0.15387340729370252
2,4,RF time only,4,6,0,0,57.99514,0.48571281221901424
2,4,RF time only,4,6,0,0,59.0001,0.0864550621375516
2,4,RF time only,4,6,0,0,60.00412,0.4516675408644351
2,4,RF time only,4,6,0,0,60.99954,0.1858263338749061
2,4,RF time only,4,6,0,0,62.00455,0.3489772327247802
2,4,RF time only,4,6,0,0,62.99667,0.07956847343204362
2,4,RF time only,4,6,0,0,64.00391,0.18207441352913928
2,4,RF time only,4,6,0,0,64.99876,0.2567938152978813
2,4,RF time only,4,6,0,0,66.00466,0.07095247566099186
2,4,RF time only,4,6,0,0,66.99519,0.33652360711238
2,4,RF time only,4,6,0,0,68.00278,0.03717113156589211
2,4,RF time only,4,6,0,0,68.99691,0.36919950093139325
2,4,RF time only,4,6,0,0,70.00152,0.12232812652708384
2,4,RF time only,4,6,0,0,70.99718,0.3254586817749358
2,4,RF time only,4,6,0,0,72.00053,0.03617542783523313
2,4,RF time only,4,6,0,0,72.99554,0.5039728129679691
2,4,RF time only,4,6,0,0,74.00175,0.026310179579085397
2,4,RF time only,4,6,0,0,74.99531,0.642790715433499
2,4,RF time only,4,6,0,0,76.00156,0.06585297881152034
2,4,RF time only,4,6,0,0,76.9957,0.6067221911305137
2,4,RF time only,4,6,0,0,77.99854,0.103516964530098
2,4,RF time only,4,6,1,1,79.00594,0.723782760729126
2,4,RF time only,4,6,1,1,79.99966,0.11285010189710633
2,4,RF time only,4,6,1,1,81.0055,0.43797945188483783
2,4,RF time only,4,6,1,1,81.99766,0.1972680101681636
2,4,RF time only,4,6,1,1,83.00455,0.3599091011488749
2,4,RF time only,4,6,1,1,83.99812,0.5989856852107648
2,4,RF time only,4,6,1,1,85.00332,0.29505027945214624
2,4,RF time only,4,6,1,1,85.9983,0.3807265722631182
2,4,RF time only,4,6,1,1,87.00482,0.10081712764164008
2,4,RF time only,4,6,1,1,87.99602,0.6606985190190167
2,4,RF time only,4,6,1,1,89.00328,0.07074665599792583
2,4,RF time only,4,6,1,1,89.99747,0.5755611006462411
2,4,RF time only,4,6,1,1,91.00337,0.023454648656115053
2,4,RF time only,4,6,1,1,91.99653,0.9106904504943348
2,4,RF time only,4,6,1,1,93.00198,0.08019298427313731
2,4,RF time only,4,6,1,1,93.99605,0.862534999834625
2,4,RF time only,4,6,1,1,95.0014,0.03395991668158519
2,4,RF time only,4,6,1,1,95.99513,0.8163499021565688
2,4,RF time only,4,6,1,1,97.00123,0.10444325544064223
2,4,RF time only,4,6,1,1,98.00561,0.03239628259127867
2,4,RF time only,4,6,1,1,99.00047,0.11804784984600762
2,4,RF time only,4,6,1,1,100.0045,0.0194907856531615
2,4,RF time only,4,6,1,1,100.9993,0.29695043746152083
2,4,RF time only,4,6,1,1,102.0045,0.0569266353348767
2,4,RF time only,4,6,1,1,102.9964,0.5655933801291126
2,4,RF time only,4,6,1,1,104.0036,0.016895099293288002
2,4,RF time only,4,6,1,1,104.998,0.04114033214212234
2,4,RF time only,4,6,1,1,106.0024,0.040327406980134956
2,4,RF time only,4,6,1,1,106.9969,0.029750550002394523
2,4,RF time only,4,6,1,1,108.0033,0.10082417066566339
2,4,RF time only,4,6,1,1,108.9968,0.05590043486753403
2,4,RF time only,4,6,1,1,110.0023,0.0033333333333333335
2,4,RF time only,4,6,1,1,110.9956,0.01782253134495317
2,4,RF time only,4,6,1,1,112.0019,0.001881979695431472
2,4,RF time only,4,6,1,1,112.9961,0.014744439489194816
2,4,RF time only,4,6,1,1,114.0015,0.001003433631517123
2,4,RF time only,4,6,1,1,114.9951,0.19851036238858355
2,4,RF time only,4,6,1,1,115.9994,0.013604267570174789
2,4,RF time only,4,6,1,1,116.9956,0.02123794243758117
2,4,RF time only,4,6,1,1,118.0012,0.017199530948096897
2,4,RF time only,4,6,1,1,119.0061,0.06472319198762536
2,4,RF time only,4,6,1,1,119.9999,0.030528665771107993
2,4,RF time only,4,6,1,1,121.005,0.15626363182944036
2,4,RF time only,4,6,1,1,121.9982,0.043917403204142724
2,4,RF time only,4,6,1,1,123.0025,0.2145390075362442
2,4,RF time only,4,6,1,1,123.9976,0.3189754376558313
2,4,RF time only,4,6,1,1,125.0031,0.2033795238169896
2,4,RF time only,4,6,1,1,125.9979,0.12676010224942325
2,4,RF time only,4,6,1,1,127.0042,0.018425527257015035
2,4,RF time only,4,6,1,1,127.9954,0.18603918957994636
2,4,RF time only,4,6,1,1,129.0022,0.2841146074434671
2,4,RF time only,4,6,1,1,129.9973,0.13488223618263517
2,4,RF time only,4,6,1,1,131.0019,0.44374826571614157
2,4,RF time only,4,6,1,1,131.9967,0.6621371418512846
2,4,RF time only,4,6,1,1,133.0011,0.6271614123531294
2,4,RF time only,4,6,1,1,133.9959,0.8545126222168304
2,4,RF time only,4,6,1,1,135.0006,0.33375161754698734
2,4,RF time only,4,6,1,1,135.9956,0.387231912499797
2,4,RF time only,4,6,1,1,137.0,0.5852287967584227
2,4,RF time only,4,6,1,1,137.9949,0.5727241314805532
2,4,RF time only,4,6,1,1,139.0005,0.589755898538477
2,4,RF time only,4,6,1,1,140.005,0.4738172917766522
2,4,RF time only,4,6,1,1,141.0011,0.3511184442987856
2,4,RF time only,4,6,1,1,142.0049,0.3355587720189462
2,4,RF time only,4,6,1,1,143.0005,0.44986489725778817
2,4,RF time only,4,6,1,1,144.0034,0.2541222512672091
2,4,RF time only,4,6,1,1,144.9979,0.16802454340655834
2,4,RF time only,4,6,1,1,146.0038,0.5832340163469883
2,4,RF time only,4,6,1,1,146.9981,0.048172260849408254
2,4,RF time only,4,6,1,1,148.0031,0.4981517806562891
2,4,RF time only,4,6,1,1,148.9964,0.34143882306145024
2,4,RF time only,4,6,1,1,150.0031,0.5063087936318647
2,4,RF time only,4,6,1,1,150.998,0.1252570970313946
2,4,RF time only,4,6,1,1,152.0034,0.44673985978815295
2,4,RF time only,4,6,1,1,152.9952,0.1748722970150226
2,4,RF time only,4,6,1,1,154.0003,0.2022339177886528
2,4,RF time only,4,6,1,1,154.9953,0.2153448298201061
2,4,RF time only,4,6,1,1,156.0001,0.5903732622219018
2,4,RF time only,4,6,1,1,156.995,0.10989172841662163
2,4,RF time only,4,6,1,1,157.9995,0.8326281414180767
2,4,RF time only,4,6,1,1,158.9955,0.23375061521098955
2,4,RF time only,4,6,1,1,160.0004,0.656738739382397
2,4,RF time only,4,6,1,1,161.0052,0.6770503445140574
2,4,RF time only,4,6,1,1,161.9997,0.9374807202957285
2,4,RF time only,4,6,1,1,163.0055,0.20938540020603036
2,4,RF time only,4,6,1,1,163.9982,0.33927961917116684
2,4,RF time only,4,6,1,1,165.0044,0.50684115381961
2,4,RF time only,4,6,1,1,165.9982,0.4404787655644909
2,4,RF time only,4,6,1,1,167.0028,0.667904234043157
2,4,RF time only,4,6,1,1,167.9974,0.4449885397812095
2,4,RF time only,4,6,1,1,169.0004,0.9240396538187711
2,4,RF time only,4,6,1,1,169.9961,0.48485810386474676
2,4,RF time only,4,6,1,1,171.0027,0.528388422100215
2,4,RF time only,4,6,1,1,171.9965,0.7558237789427732
2,4,RF time only,4,6,1,1,173.0008,0.7975115139038667
2,4,RF time only,4,6,1,1,173.9957,0.7696007250411343
2,4,RF time only,4,6,1,1,175.0005,0.5434504092173019
2,4,RF time only,4,6,1,1,176.0067,0.2719382294393476
2,4,RF time only,4,6,1,1,176.9993,0.5787647968392285
2,4,RF time only,4,6,1,1,178.0047,0.4379760588301274
2,4,RF time only,4,6,1,1,178.9991,0.718830014111681
2,4,RF time only,4,6,1,1,180.0038,0.9373145932441617
2,4,RF time only,4,6,1,1,180.9995,0.4403305705971287
2,4,RF time only,4,6,1,1,182.0041,0.47205012752236153
2,4,RF time only,4,6,1,1,183.0005,0.8872549054053047
2,4,RF time only,4,6,1,1,184.0035,0.9581498197745941
2,4,RF time only,4,6,1,1,184.9995,0.8998123009934774
2,4,RF time only,4,6,1,1,186.0027,0.5655827841107093
2,4,RF time only,4,6,1,1,186.9969,0.4690421105811699
2,4,RF time only,4,6,1,1,188.0041,0.9136912729675267
2,4,RF time only,4,6,1,1,188.9965,0.16527341054520983
2,4,RF time only,4,6,1,1,190.0023,0.9644883346622729
2,4,RF time only,4,6,1,1,190.997,0.6551289386410338
2,4,RF time only,4,6,1,1,192.0012,0.5735391582695301
2,4,RF time only,4,6,1,1,192.9953,0.9345845572630236
2,4,RF time only,4,6,1,1,194.0018,0.9208079028349079
2,4,RF time only,4,6,1,1,194.9951,0.7130993562523806
2,4,RF time only,4,6,1,1,196.0017,0.5424039799840148
2,4,RF time only,4,6,1,1,196.9955,0.2233906852925421
2,4,RF time only,4,6,1,1,197.9992,0.3422394705146825
2,4,RF time only,4,6,1,1,199.0046,0.6132540517457916
2,4,RF time only,4,6,1,1,199.9997,0.3036371859924379
2,4,RF time only,4,6,1,1,201.0053,0.5678047418871562
2,4,RF time only,4,6,1,1,201.9996,0.6587562227341128
2,4,RF time only,4,6,1,1,203.0045,0.4048769162049984
2,4,RF time only,4,6,1,1,203.9994,0.47723738791754444
2,4,RF time only,4,6,1,1,205.0027,0.8170462094526684
2,4,RF time only,4,6,1,1,205.9978,0.38476892855399036
2,4,RF time only,4,6,1,1,207.0028,0.570357173151637
2,4,RF time only,4,6,1,1,207.9981,0.2829508534854022
2,4,RF time only,4,6,1,1,209.0018,0.44639786350633803
2,4,RF time only,4,6,1,1,209.9971,0.3605729467055408
2,4,RF time only,4,6,1,1,211.0018,0.5042674257277242
2,4,RF time only,4,6,1,1,211.9965,0.3078532876840654
2,4,RF time only,4,6,1,1,213.0005,0.5329242225133698
2,4,RF time only,4,6,1,1,213.9955,0.588211924273407
2,4,RF time only,4,6,1,1,215.0018,0.5677564517458943
2,4,RF time only,4,6,1,1,216.0054,0.8716814659597628
2,4,RF time only,4,6,1,1,216.999,0.1166689207942615
2,4,RF time only,4,6,1,1,218.0052,0.31874461694822603
2,4,RF time only,4,6,1,1,219.0004,0.5910266090903441
2,4,RF time only,4,6,1,1,219.9952,0.594504530685938
2,4,RF time only,4,6,1,1,220.9994,0.5689470144817114
2,4,RF time only,4,6,1,1,222.004,0.4575665787368332
2,4,RF time only,4,6,1,1,222.9986,0.5978124610308079
2,4,RF time only,4,6,1,1,224.0039,0.2974845497917025
2,4,RF time only,4,6,1,1,224.9971,0.3924560935725903
2,4,RF time only,4,6,1,1,226.0025,0.7890259651944491
2,4,RF time only,4,6,1,1,226.997,0.5523930848166411
2,4,RF time only,4,6,1,1,228.0032,0.7484326191615827
2,4,RF time only,4,6,1,1,228.9982,0.44131703506890335
2,4,RF time only,4,6,1,1,230.0016,0.250622457063136
2,4,RF time only,4,6,1,1,230.9958,0.9732331361717562
2,4,RF time only,4,6,1,1,232.0021,0.43230410397612207
2,4,RF time only,4,6,1,1,232.996,0.8488702294282157
2,4,RF time only,4,6,1,1,234.0009,0.3555422496166878
2,4,RF time only,4,6,1,1,234.9951,0.9511063896896337
2,4,RF time only,4,6,1,1,236.0014,0.3888412510268686
2,4,RF time only,4,6,1,1,236.9952,0.7890395210814702
2,4,RF time only,4,6,1,1,238.0005,0.2159628383154355
2,4,RF time only,4,6,1,1,239.0048,0.30165802997022184
2,4,RF time only,4,6,1,1,239.998,0.5062566074619959
2,4,RF time only,4,6,1,1,241.0045,0.46630977776464183
2,4,RF time only,4,6,1,1,241.9997,0.3715247645135839
2,4,RF time only,4,6,1,1,243.0043,0.3808079179789728
2,4,RF time only,4,6,1,1,243.9979,0.598664727743658
2,4,RF time only,4,6,1,1,245.0045,0.5687535863257481
2,4,RF time only,4,6,1,1,245.9983,0.6999704156620205
2,4,RF time only,4,6,1,1,247.0034,0.580430874282946
2,4,RF time only,4,6,1,1,247.9966,0.5835139806478612
2,4,RF time only,4,6,1,1,249.0038,0.8460201810264604
2,4,RF time only,4,6,1,1,249.9967,0.8371336806033389
2,4,RF time only,4,6,1,1,251.0027,0.6296730810432717
2,4,RF time only,4,6,1,1,251.9969,0.5929981925828584
2,4,RF time only,4,6,1,1,253.0018,0.5117527720695078
2,4,RF time only,4,6,1,1,254.0059,0.3924130046402582
2,4,RF time only,4,6,1,1,255.0009,0.024205781227880408
2,4,RF time only,4,6,1,1,256.006,0.343815232002413
2,4,RF time only,4,6,1,1,257.0001,0.14699997657806332
2,4,RF time only,4,6,1,1,257.9961,0.8204530918186022
2,4,RF time only,4,6,1,1,259.0005,0.4765943738391474
2,4,RF time only,4,6,1,1,260.0055,0.2885726343890226
2,4,RF time only,4,6,1,1,260.9998,0.2301949928651902
2,4,RF time only,4,6,1,1,262.0056,0.4685999439840717
2,4,RF time only,4,6,1,1,262.9988,0.35914812775909627
2,4,RF time only,4,6,1,1,264.0048,0.6800889009516883
2,4,RF time only,4,6,1,1,264.9983,0.6438947879695768
2,4,RF time only,4,6,1,1,266.0038,0.6455023627252845
2,4,RF time only,4,6,1,1,266.9969,0.588647774182093
2,4,RF time only,4,6,1,1,268.0023,0.5201687685261344
2,4,RF time only,4,6,1,1,268.9973,0.4809267614200337
2,4,RF time only,4,6,1,1,270.0033,0.45811910817405166
2,4,RF time only,4,6,1,1,270.9977,0.5852578357002642
2,4,RF time only,4,6,1,1,272.0032,0.23723305325195218
2,4,RF time only,4,6,1,1,272.9963,0.7737326207094974
2,4,RF time only,4,6,1,1,274.0013,0.3342436881726594
2,4,RF time only,4,6,1,1,275.0058,0.1337352586490947
2,4,RF time only,4,6,1,1,276.0016,0.2311642514729502
2,4,RF time only,4,6,1,1,276.9961,0.7666908217849983
2,4,RF time only,4,6,1,1,278.0005,0.1296103012276003
2,4,RF time only,4,6,1,1,279.0054,0.20078635383363488
2,4,RF time only,4,6,1,1,280.0003,0.8960102886977764
2,4,RF time only,4,6,1,1,281.0043,0.2968135627199791
2,4,RF time only,4,6,1,1,281.9992,0.9193299425346521
2,4,RF time only,4,6,1,1,283.0033,0.34724463780834136
2,4,RF time only,4,6,1,1,283.9978,0.3751450234448598
2,4,RF time only,4,6,1,1,285.0029,0.1313343630862235
2,4,RF time only,4,6,1,1,285.9962,0.6293984576436987
2,4,RF time only,4,6,1,1,287.0033,0.7770949972366918
2,4,RF time only,4,6,1,1,287.9975,0.566046765976076
2,4,RF time only,4,6,1,1,289.0008,0.42922534786887173
2,4,RF time only,4,6,1,1,289.995,0.5810577899172893
2,4,RF time only,4,6,1,1,291.0015,0.4233752663811051
2,4,RF time only,4,6,1,1,291.9957,0.7735656388054246
2,4,RF time only,4,6,1,1,292.9995,0.20384488406874526
2,4,RF time only,4,6,1,1,293.9948,0.7960525985502279
2,4,RF time only,4,6,1,1,295.0001,0.2878213124629186
2,4,RF time only,4,6,1,1,296.0042,0.42270725664940384
2,4,RF time only,4,6,1,1,297.0004,0.3240440971824646
2,4,RF time only,4,6,1,1,298.0045,0.35436292122784363
2,4,RF time only,4,6,1,1,299.0001,0.5282494185365334
2,4,RF time only,4,6,1,1,300.0042,0.1895406518686068
2,4,RF time only,4,6,1,1,300.9987,0.5106341042639374
2,4,RF time only,2,10,0,0,0.0111669,0.0
2,4,RF time only,2,10,0,0,1.012057,0.0
2,4,RF time only,2,10,0,0,2.016093,0.0
2,4,RF time only,2,10,0,0,3.010889,0.0
2,4,RF time only,2,10,0,0,4.016617,0.2170557021504707
2,4,RF time only,2,10,0,0,5.021381,0.0
2,4,RF time only,2,10,0,0,6.014998,0.1362057815015915
2,4,RF time only,2,10,0,0,7.020225,0.011412525064862934
2,4,RF time only,2,10,0,0,8.013659,0.07498354304373768
2,4,RF time only,2,10,0,0,9.020951,0.23498492724715864
2,4,RF time only,2,10,0,0,10.01489,0.0013107024988213108
2,4,RF time only,2,10,0,0,11.01861,0.1795264678617415
2,4,RF time only,2,10,0,0,12.01271,0.31822623536411426
2,4,RF time only,2,10,0,0,13.01954,0.22599889904012183
2,4,RF time only,2,10,0,0,14.01319,0.08017966379140457
2,4,RF time only,2,10,0,0,15.01802,0.13023141013395617
2,4,RF time only,2,10,0,0,16.01334,0.039477854551809154
2,4,RF time only,2,10,0,0,17.01859,0.3548118003036857
2,4,RF time only,2,10,0,0,18.01184,0.3162006794494198
2,4,RF time only,2,10,0,0,19.01682,0.17349122365295158
2,4,RF time only,2,10,0,0,20.02117,0.18641111716564998
2,4,RF time only,2,10,0,0,21.0167,0.14774890067602917
2,4,RF time only,2,10,0,0,22.02043,0.16221389724378188
2,4,RF time only,2,10,0,0,23.01568,0.5653659689158392
2,4,RF time only,2,10,0,0,24.01937,0.19713170499887553
2,4,RF time only,2,10,0,0,25.01513,0.33921340000644096
2,4,RF time only,2,10,0,0,26.01989,0.4583073408389487
2,4,RF time only,2,10,0,0,27.01472,0.2694499970812176
2,4,RF time only,2,10,0,0,28.01895,0.14928891695997015
2,4,RF time only,2,10,0,0,29.01199,0.03353107326859976
2,4,RF time only,2,10,0,0,30.01753,0.4170721420252794
2,4,RF time only,2,10,0,0,31.01381,0.3464069777162974
2,4,RF time only,2,10,0,0,32.01852,0.5958071808059212
2,4,RF time only,2,10,0,0,33.01236,0.08679311157527854
2,4,RF time only,2,10,0,0,34.01991,0.3216527599424069
2,4,RF time only,2,10,0,0,35.01221,0.6847154466963925
2,4,RF time only,2,10,0,0,36.01753,0.48059965437730684
2,4,RF time only,2,10,0,0,37.01078,0.0014240526967977567
2,4,RF time only,2,10,0,0,38.01584,0.4752444971641461
2,4,RF time only,2,10,0,0,39.01059,0.18957357703772637
2,4,RF time only,2,10,0,0,40.01589,0.1038223792294486
2,4,RF time only,2,10,0,0,41.02021,0.454018881273689
2,4,RF time only,2,10,0,0,42.01669,0.2972384528223882
2,4,RF time only,2,10,0,0,43.01923,0.4699835138732746
2,4,RF time only,2,10,0,0,44.0157,0.008316357257155823
2,4,RF time only,2,10,0,0,45.02111,0.5447311986874336
2,4,RF time only,2,10,0,0,46.01507,0.37912180711167526
2,4,RF time only,2,10,0,0,47.02006,0.3588202085973946
2,4,RF time only,2,10,0,0,48.01473,0.22868618790888248
2,4,RF time only,2,10,0,0,49.01929,0.12710968211719326
2,4,RF time only,2,10,0,0,50.01391,0.20591146685087106
2,4,RF time only,2,10,0,0,51.01996,0.3141653036669816
2,4,RF time only,2,10,0,0,52.01444,0.0012720259489786973
2,4,RF time only,2,10,0,0,53.01861,0.5040409360263148
2,4,RF time only,2,10,0,0,54.01284,0.043362058315287284
2,4,RF time only,2,10,0,0,55.0173,0.18928291527455665
2,4,RF time only,2,10,0,0,56.01141,0.2526180027307204
2,4,RF time only,2,10,0,0,57.01705,0.06450154382194537
2,4,RF time only,2,10,0,0,58.01223,0.11680902817149855
2,4,RF time only,2,10,1,1,59.01763,0.04795269814198245
2,4,RF time only,2,10,1,1,60.0202,0.5590508548286879
2,4,RF time only,2,10,1,1,61.0151,0.3041572034210143
2,4,RF time only,2,10,1,1,62.01236,0.04658471245243775
2,4,RF time only,2,10,1,1,63.01472,0.3613999225866372
2,4,RF time only,2,10,1,1,64.02164,0.09699085313813188
2,4,RF time only,2,10,1,1,65.01318,0.44970049269710766
2,4,RF time only,2,10,1,1,66.01991,0.015165334859503428
2,4,RF time only,2,10,1,1,67.01516,0.2221171569150824
2,4,RF time only,2,10,1,1,68.0201,0.42634967809129115
2,4,RF time only,2,10,1,1,69.01548,0.19884972870666678
2,4,RF time only,2,10,1,1,70.01782,0.5698708240725547
2,4,RF time only,2,10,1,1,71.01399,0.03518317212040527
2,4,RF time only,2,10,1,1,72.0199,0.5725042221338282
2,4,RF time only,2,10,1,1,73.01332,0.3227908440981913
2,4,RF time only,2,10,1,1,74.01628,0.05089415075153472
2,4,RF time only,2,10,1,1,75.01249,0.37367016192187713
2,4,RF time only,2,10,1,1,76.01789,0.5134423953727267
2,4,RF time only,2,10,1,1,77.01308,0.18048797291328084
2,4,RF time only,2,10,1,1,78.01806,0.44239883064496877
2,4,RF time only,2,10,1,1,79.01257,0.12786618385127274
2,4,RF time only,2,10,1,1,80.01762,0.07019428816862268
2,4,RF time only,2,10,1,1,81.01065,0.23714117438840532
2,4,RF time only,2,10,1,1,82.01672,0.15075813337198787
2,4,RF time only,2,10,1,1,83.0102,0.34939217946099443
2,4,RF time only,2,10,1,1,84.01569,0.33122436166138186
2,4,RF time only,2,10,1,1,85.01024,0.855372704333287
2,4,RF time only,2,10,1,1,86.01532,0.4095710910120253
2,4,RF time only,2,10,1,1,87.02048,0.1093091819053309
2,4,RF time only,2,10,1,1,88.01484,0.19941505190274827
2,4,RF time only,2,10,1,1,89.01871,0.5335726250136681
2,4,RF time only,2,10,1,1,90.01411,0.16245704630970914
2,4,RF time only,2,10,1,1,91.02004,0.7749221672714289
2,4,RF time only,2,10,1,1,92.01411,0.04087006569435964
2,4,RF time only,2,10,1,1,93.01667,0.441473640698855
2,4,RF time only,2,10,1,1,94.01209,0.4052282699846781
2,4,RF time only,2,10,1,1,95.01888,0.43491854770476124
2,4,RF time only,2,10,1,1,96.01253,0.47277535645456603
2,4,RF time only,2,10,1,1,97.01734,0.45582194530481585
2,4,RF time only,2,10,1,1,98.01128,0.09789414394337123
2,4,RF time only,2,10,1,1,99.01738,0.07727102647972388
2,4,RF time only,2,10,1,1,100.0119,0.8169484467767999
2,4,RF time only,2,10,1,1,101.0169,0.3569679181857838
2,4,RF time only,2,10,1,1,102.0109,0.498169734329003
2,4,RF time only,2,10,1,1,103.0154,0.5560481897254628
2,4,RF time only,2,10,1,1,104.0211,0.4253334760956654
2,4,RF time only,2,10,1,1,105.0151,0.19971027275505007
2,4,RF time only,2,10,1,1,106.0185,0.7446922272546118
2,4,RF time only,2,10,1,1,107.0145,0.44943849735254
2,4,RF time only,2,10,1,1,108.0193,0.28304614578958126
2,4,RF time only,2,10,1,1,109.0143,0.6044372343997322
2,4,RF time only,2,10,1,1,110.0176,0.8035180278097352
2,4,RF time only,2,10,1,1,111.014,0.7442951635083987
2,4,RF time only,2,10,1,1,112.0183,0.7813125251332178
2,4,RF time only,2,10,1,1,113.0131,0.24910945221864553
2,4,RF time only,2,10,1,1,114.0191,0.7248197936247084
2,4,RF time only,2,10,1,1,115.0122,0.19173489864137896
2,4,RF time only,2,10,1,1,116.0176,0.49565730013222936
2,4,RF time only,2,10,1,1,117.0129,0.6350871428444832
2,4,RF time only,2,10,1,1,118.0164,0.8355628528776478
2,4,RF time only,2,10,1,1,119.011,0.3688808693727289
2,4,RF time only,2,10,1,1,120.0165,0.13881008744520137
2,4,RF time only,2,10,1,1,121.0208,0.22530286956214254
2,4,RF time only,2,10,1,1,122.0172,0.228186095689488
2,4,RF time only,2,10,1,1,123.0102,0.3655764189375763
2,4,RF time only,2,10,1,1,124.0157,0.1962789834817396
2,4,RF time only,2,10,1,1,125.0099,0.3681897936765484
2,4,RF time only,2,10,1,1,126.0156,0.4968226125724132
2,4,RF time only,2,10,1,1,127.0205,0.5607055731863178
2,4,RF time only,2,10,1,1,128.0132,0.711087323011538
2,4,RF time only,2,10,1,1,129.0192,0.7942950779686817
2,4,RF time only,2,10,1,1,130.0125,0.47328204219314396
2,4,RF time only,2,10,1,1,131.019,0.7753448746804273
2,4,RF time only,2,10,1,1,132.013,0.6863952431540243
2,4,RF time only,2,10,1,1,133.0187,0.7147604308207285
2,4,RF time only,2,10,1,1,134.0126,0.14764976202285704
2,4,RF time only,2,10,1,1,135.0184,0.4740396772871778
2,4,RF time only,2,10,1,1,136.0119,0.6730549857398589
2,4,RF time only,2,10,1,1,137.0159,0.7026125410468979
2,4,RF time only,2,10,1,1,138.0115,0.468705855979761
2,4,RF time only,2,10,1,1,139.0161,0.2673100457855425
2,4,RF time only,2,10,1,1,140.0103,0.06358582937003816
2,4,RF time only,2,10,1,1,141.0157,0.6504034330220041
2,4,RF time only,2,10,1,1,142.0195,0.6433980754654113
2,4,RF time only,2,10,1,1,143.0153,0.2976932058837086
2,4,RF time only,2,10,1,1,144.0207,0.5097793228342843
2,4,RF time only,2,10,1,1,145.0155,0.33385537323565884
2,4,RF time only,2,10,1,1,146.0199,0.6376966687328721
2,4,RF time only,2,10,1,1,147.0127,0.7313675960295501
2,4,RF time only,2,10,1,1,148.02,0.4037309711809602
2,4,RF time only,2,10,1,1,149.0134,0.8709062128899058
2,4,RF time only,2,10,1,1,150.02,0.2228239621974418
2,4,RF time only,2,10,1,1,151.0128,0.3083293626067923
2,4,RF time only,2,10,1,1,152.019,0.7108053183608505
2,4,RF time only,2,10,1,1,153.0129,0.7738042476798163
2,4,RF time only,2,10,1,1,154.0177,0.48772355684122864
2,4,RF time only,2,10,1,1,155.0138,0.4343266756330569
2,4,RF time only,2,10,1,1,156.0173,0.5537744891728449
2,4,RF time only,2,10,1,1,157.0121,0.5764303807376571
2,4,RF time only,2,10,1,1,158.0172,0.31794422018355356
2,4,RF time only,2,10,1,1,159.0117,0.9349381894895848
2,4,RF time only,2,10,1,1,160.0161,0.6658951761442514
2,4,RF time only,2,10,1,1,161.021,0.5181870544898123
2,4,RF time only,2,10,1,1,162.0149,0.4430439457264188
2,4,RF time only,2,10,1,1,163.0101,0.6681088564565174
2,4,RF time only,2,10,1,1,164.014,0.2496459993165999
2,4,RF time only,2,10,1,1,165.0201,0.703678331440895
2,4,RF time only,2,10,1,1,166.0137,0.8950641234439992
2,4,RF time only,2,10,1,1,167.0202,0.6410247749089109
2,4,RF time only,2,10,1,1,168.0124,0.6968277570071556
2,4,RF time only,2,10,1,1,169.0185,0.6958027872918334
2,4,RF time only,2,10,1,1,170.0145,0.5214206805213134
2,4,RF time only,2,10,1,1,171.0195,0.5573167442863722
2,4,RF time only,2,10,1,1,172.0128,0.5563640255362785
2,4,RF time only,2,10,1,1,173.0173,0.6827209741218933
2,4,RF time only,2,10,1,1,174.0125,0.7195601007564402
2,4,RF time only,2,10,1,1,175.0163,0.5546165976097005
2,4,RF time only,2,10,1,1,176.0207,0.5122385016322195
2,4,RF time only,2,10,1,1,177.0161,0.8139835538982674
2,4,RF time only,2,10,1,1,178.012,0.7786694387849962
2,4,RF time only,2,10,1,1,179.0161,0.8094267795998296
2,4,RF time only,2,10,1,1,180.012,0.6433260282932604
2,4,RF time only,2,10,1,1,181.0155,0.5400541326484503
2,4,RF time only,2,10,1,1,182.0101,0.6080726979326162
2,4,RF time only,2,10,1,1,183.0154,0.822781168901412
2,4,RF time only,2,10,1,1,184.0213,0.2060419410343658
2,4,RF time only,2,10,1,1,185.0127,0.6618742072009031
2,4,RF time only,2,10,1,1,186.0206,0.43570110362923997
2,4,RF time only,2,10,1,1,187.0159,0.3583396316492248
2,4,RF time only,2,10,1,1,188.018,0.42509631904964984
2,4,RF time only,2,10,1,1,189.0154,0.43569739105393285
2,4,RF time only,2,10,1,1,190.0186,0.7422137712439818
2,4,RF time only,2,10,1,1,191.0107,0.5565640637182587
2,4,RF time only,2,10,1,1,192.0174,0.7160579552780247
2,4,RF time only,2,10,1,1,193.0112,0.5851475810481852
2,4,RF time only,2,10,1,1,194.017,0.9140707760093175
2,4,RF time only,2,10,1,1,195.011,0.7515194178733829
2,4,RF time only,2,10,1,1,196.0182,0.6595159998902588
2,4,RF time only,2,10,1,1,197.0109,0.6678869107868973
2,4,RF time only,2,10,1,1,198.0163,0.7668747686083185
2,4,RF time only,2,10,1,1,199.0115,0.48816085930521014
2,4,RF time only,2,10,1,1,200.0158,0.5980966858807183
2,4,RF time only,2,10,1,1,201.0212,0.5123235792178022
2,4,RF time only,2,10,1,1,202.0163,0.8937374657728613
2,4,RF time only,2,10,1,1,203.021,0.2665604981878104
2,4,RF time only,2,10,1,1,204.0153,0.7722978523563051
2,4,RF time only,2,10,1,1,205.0196,0.34058113580946703
2,4,RF time only,2,10,1,1,206.0148,0.8141848622493912
2,4,RF time only,2,10,1,1,207.0199,0.3395291302927893
2,4,RF time only,2,10,1,1,208.0151,0.760913051162191
2,4,RF time only,2,10,1,1,209.0168,0.45764207094528436
2,4,RF time only,2,10,1,1,210.0138,0.7314176992711097
2,4,RF time only,2,10,1,1,211.0185,0.8678160695722164
2,4,RF time only,2,10,1,1,212.0106,0.9413206684727727
2,4,RF time only,2,10,1,1,213.0167,0.7211769372367671
2,4,RF time only,2,10,1,1,214.0211,0.49684416558533967
2,4,RF time only,2,10,1,1,215.0173,0.8848843024681659
2,4,RF time only,2,10,1,1,216.0123,0.723730179174008
2,4,RF time only,2,10,1,1,217.0155,0.32218929373844335
2,4,RF time only,2,10,1,1,218.0131,0.67265671197453
2,4,RF time only,2,10,1,1,219.0151,0.09792621490355066
2,4,RF time only,2,10,1,1,220.0206,0.12040239755537274
2,4,RF time only,2,10,1,1,221.0155,0.35008117800882527
2,4,RF time only,2,10,1,1,222.0192,0.28486556159744336
2,4,RF time only,2,10,1,1,223.0144,0.9182515191561671
2,4,RF time only,2,10,1,1,224.0182,0.36551839934837704
2,4,RF time only,2,10,1,1,225.0146,0.7560708203293725
2,4,RF time only,2,10,1,1,226.0191,0.310649244408624
2,4,RF time only,2,10,1,1,227.0143,0.5245258690688155
2,4,RF time only,2,10,1,1,228.0199,0.5490916777807359
2,4,RF time only,2,10,1,1,229.0149,0.6371938307482249
2,4,RF time only,2,10,1,1,230.0192,0.4796548294280163
2,4,RF time only,2,10,1,1,231.0134,0.38205895102236265
2,4,RF time only,2,10,1,1,232.0176,0.40980372771730056
2,4,RF time only,2,10,1,1,233.0125,0.5594637637766691
2,4,RF time only,2,10,1,1,234.0187,0.42501694272933077
2,4,RF time only,2,10,1,1,235.0131,0.8212164025184788
2,4,RF time only,2,10,1,1,236.0166,0.17753519079684726
2,4,RF time only,2,10,1,1,237.0101,0.9752325382588254
2,4,RF time only,2,10,1,1,238.0171,0.680604224868914
2,4,RF time only,2,10,1,1,239.0119,0.8184319209272792
2,4,RF time only,2,10,1,1,240.0162,0.5661695933961238
2,4,RF time only,2,10,1,1,241.0115,0.8650013592403087
2,4,RF time only,2,10,1,1,242.0157,0.4336604451032132
2,4,RF time only,2,10,1,1,243.0193,0.3412140813875036
2,4,RF time only,2,10,1,1,244.015,0.9562512456240925
2,4,RF time only,2,10,1,1,245.0209,0.07703866269795542
2,4,RF time only,2,10,1,1,246.0146,0.973241766804889
2,4,RF time only,2,10,1,1,247.0186,0.09049703945546975
2,4,RF time only,2,10,1,1,248.015,0.5087534059479323
2,4,RF time only,2,10,1,1,249.0188,0.6167842788355472
2,4,RF time only,2,10,1,1,250.0104,0.8579283191033932
2,4,RF time only,2,10,1,1,251.0183,0.4913502814593392
2,4,RF time only,2,10,1,1,252.0135,0.8686311012956818
2,4,RF time only,2,10,1,1,253.0179,0.8444715808649914
2,4,RF time only,2,10,1,1,254.0114,0.9187697210515436
2,4,RF time only,2,10,1,1,255.018,0.4041883121033989
2,4,RF time only,2,10,1,1,256.0106,0.9624695915353273
2,4,RF time only,2,10,1,1,257.0179,0.6509851445941655
2,4,RF time only,2,10,1,1,258.0125,0.429413662289444
2,4,RF time only,2,10,1,1,259.0168,0.9215302586389602
2,4,RF time only,2,10,1,1,260.0098,0.6130766524988238
2,4,RF time only,2,10,1,1,261.0157,0.9619837834523041
2,4,RF time only,2,10,1,1,262.0208,0.7519579132253478
2,4,RF time only,2,10,1,1,263.0148,0.8882227940814378
2,4,RF time only,2,10,1,1,264.0195,0.35593660673726096
2,4,RF time only,2,10,1,1,265.0154,0.9850541700339306
2,4,RF time only,2,10,1,1,266.0211,0.45357782782141803
2,4,RF time only,2,10,1,1,267.0141,0.6948554717674167
2,4,RF time only,2,10,1,1,268.0197,0.19388694093808814
2,4,RF time only,2,10,1,1,269.0141,0.786252670099036
2,4,RF time only,2,10,1,1,270.0194,0.7687774311481075
2,4,RF time only,2,10,1,1,271.015,0.7375112994744434
2,4,RF time only,2,10,1,1,272.0182,0.7801421395789699
2,4,RF time only,2,10,1,1,273.0125,0.6280734489913136
2,4,RF time only,2,10,1,1,274.0172,0.7019212782890012
2,4,RF time only,2,10,1,1,275.0119,0.8632757554276369
2,4,RF time only,2,10,1,1,276.0185,0.7714117456135345
2,4,RF time only,2,10,1,1,277.0111,0.42549191525402147
2,4,RF time only,2,10,1,1,278.0171,0.9445937345698351
2,4,RF time only,2,10,1,1,279.011,0.9206045588537283
2,4,RF time only,2,10,1,1,280.0167,0.9652728131668937
2,4,RF time only,2,10,1,1,281.0197,0.8811238224666713
2,4,RF time only,2,10,1,1,282.0163,0.6808503235691862
2,4,RF time only,2,10,1,1,283.0205,0.9591079535002123
2,4,RF time only,2,10,1,1,284.0165,0.7303117782695037
2,4,RF time only,2,10,1,1,285.02,0.7799194220980329
2,4,RF time only,2,10,1,1,286.0127,0.9903344558506916
2,4,RF time only,2,10,1,1,287.0202,0.8244138145387676
2,4,RF time only,2,10,1,1,288.0143,0.6420539399405094
2,4,RF time only,2,10,1,1,289.0207,0.5887897595223831
2,4,RF time only,2,10,1,1,290.0141,0.9178516884489086
2,4,RF time only,2,10,1,1,291.0206,0.8028196123830466
2,4,RF time only,2,10,1,1,292.0137,0.4815120179824398
2,4,RF time only,2,10,1,1,293.0199,0.7337413838729637
2,4,RF time only,2,10,1,1,294.0122,0.9135031789805452
2,4,RF time only,2,10,1,1,295.0179,0.9210608146148619
2,4,RF time only,2,10,1,1,296.0117,0.9641046945751844
2,4,RF time only,2,10,1,1,297.018,0.6739730272597604
2,4,RF time only,2,10,1,1,298.0117,0.4223946908297205
2,4,RF time only,2,10,1,1,299.0169,0.781473836859046
2,4,RF time only,2,10,1,1,300.011,0.7200638660686655
2,4,RF time only,2,10,1,1,301.0153,0.9858148910398759
2,4,GB time only,2,2,0,0,0.0,0.0010319514316680612
2,4,GB time only,2,2,0,0,1.000205,0.0010319514316680612
2,4,GB time only,2,2,0,0,1.994169,0.0010319514316680612
2,4,GB time only,2,2,0,0,2.99987,0.0010319514316680612
2,4,GB time only,2,2,0,0,4.004305,0.04114661518781327
2,4,GB time only,2,2,0,0,4.998423,0.04114661518781327
2,4,GB time only,2,2,0,0,5.993399,0.04114661518781327
2,4,GB time only,2,2,0,0,6.99834,0.08099982434625393
2,4,GB time only,2,2,0,0,8.003426,0.12005955554048581
2,4,GB time only,2,2,0,0,8.995827,0.12005955554048581
2,4,GB time only,2,2,0,0,10.00222,0.12248831219589285
2,4,GB time only,2,2,0,0,10.9963,0.12034310051151188
2,4,GB time only,2,2,0,0,12.00186,0.083219211885561
2,4,GB time only,2,2,0,0,12.99631,0.1201792374005551
2,4,GB time only,2,2,0,0,14.00165,0.15701835607947584
2,4,GB time only,2,2,0,0,14.99503,0.08304358940447254
2,4,GB time only,2,2,0,0,16.00142,0.12019893253202767
2,4,GB time only,2,2,0,0,16.99521,0.12019893253202767
2,4,GB time only,2,2,0,0,17.99982,0.12019893253202767
2,4,GB time only,2,2,0,0,18.99629,0.15679306590163739
2,4,GB time only,2,2,0,0,20.00061,0.12383734531751396
2,4,GB time only,2,2,0,0,20.99563,0.12158223685377298
2,4,GB time only,2,2,0,0,21.99956,0.15749687940283952
2,4,GB time only,2,2,0,0,22.99362,0.08369060890175227
2,4,GB time only,2,2,0,0,23.99915,0.12056698647254165
2,4,GB time only,2,2,0,0,24.99448,0.15888971659291393
2,4,GB time only,2,2,0,0,25.99742,0.15888971659291393
2,4,GB time only,2,2,0,0,26.99371,0.23250604829964863
2,4,GB time only,2,2,0,0,27.99764,0.19831624696203512
2,4,GB time only,2,2,0,0,29.00353,0.23189656331704397
2,4,GB time only,2,2,0,0,29.99711,0.20297128565195874
2,4,GB time only,2,2,0,0,31.00312,0.1981393904145355
2,4,GB time only,2,2,0,0,31.99651,0.1981393904145355
2,4,GB time only,2,2,0,0,33.00121,0.1981393904145355
2,4,GB time only,2,2,0,0,33.9953,0.3055162897137933
2,4,GB time only,2,2,0,0,35.00201,0.2350906081640228
2,4,GB time only,2,2,0,0,35.99474,0.2350906081640228
2,4,GB time only,2,2,0,0,37.00034,0.2702290429736643
2,4,GB time only,2,2,0,0,37.99348,0.2702290429736643
2,4,GB time only,2,2,0,0,38.99988,0.2702290429736643
2,4,GB time only,2,2,0,0,39.99434,0.2356791099445951
2,4,GB time only,2,2,0,0,40.99866,0.24085214628246082
2,4,GB time only,2,2,0,0,41.99391,0.1992566573109473
2,4,GB time only,2,2,0,0,42.99882,0.27017877766296305
2,4,GB time only,2,2,0,0,44.00379,0.27017877766296305
2,4,GB time only,2,2,0,0,44.99791,0.27017877766296305
2,4,GB time only,2,2,0,0,46.00389,0.23511987674743817
2,4,GB time only,2,2,0,0,46.99784,0.23511987674743817
2,4,GB time only,2,2,0,0,48.00324,0.23511987674743817
2,4,GB time only,2,2,0,0,48.99698,0.23511987674743817
2,4,GB time only,2,2,0,0,50.00296,0.3048701564959718
2,4,GB time only,2,2,0,0,50.99651,0.2735466439969467
2,4,GB time only,2,2,0,0,51.99992,0.35063744328790697
2,4,GB time only,2,2,0,0,52.99696,0.3106033765900648
2,4,GB time only,2,2,0,0,54.00121,0.44228194894047707
2,4,GB time only,2,2,0,0,54.99426,0.31207918730232087
2,4,GB time only,2,2,0,0,56.00108,0.37286697144548636
2,4,GB time only,2,2,0,0,56.99522,0.34791151484904603
2,4,GB time only,2,2,0,0,57.99969,0.37265926113389386
2,4,GB time only,2,2,0,0,58.99453,0.3486695367299962
2,4,GB time only,2,2,0,0,60.00053,0.3486695367299962
2,4,GB time only,2,2,0,0,60.99381,0.37276111109867505
2,4,GB time only,2,2,0,0,61.99977,0.3584551720589058
2,4,GB time only,2,2,0,0,63.00386,0.37771330097481165
2,4,GB time only,2,2,0,0,63.99706,0.471706992550119
2,4,GB time only,2,2,0,0,65.00371,0.37692493610762995
2,4,GB time only,2,2,0,0,65.99866,0.37692493610762995
2,4,GB time only,2,2,0,0,67.00185,0.34660261023772615
2,4,GB time only,2,2,0,0,67.99766,0.34660261023772615
2,4,GB time only,2,2,0,0,69.00256,0.3755354819712517
2,4,GB time only,2,2,0,0,69.99706,0.3755354819712517
2,4,GB time only,2,2,0,0,71.00292,0.34755842466008774
2,4,GB time only,2,2,0,0,71.99744,0.34755842466008774
2,4,GB time only,2,2,0,0,73.00128,0.42463578023211135
2,4,GB time only,2,2,0,0,73.9956,0.4430692183156308
2,4,GB time only,2,2,0,0,75.00233,0.4430692183156308
2,4,GB time only,2,2,0,0,75.99583,0.38253128935679087
2,4,GB time only,2,2,0,0,77.00105,0.44021980938265604
2,4,GB time only,2,2,0,0,77.99459,0.3834997279526683
2,4,GB time only,2,2,0,0,79.00166,0.4105711597408124
2,4,GB time only,2,2,0,0,79.99458,0.4105711597408124
2,4,GB time only,2,2,0,0,81.00029,0.38359460459853767
2,4,GB time only,2,2,0,0,82.00448,0.38359460459853767
2,4,GB time only,2,2,0,0,82.99762,0.44309071794961075
2,4,GB time only,2,2,0,0,83.99378,0.4280456825960525
2,4,GB time only,2,2,0,0,84.99883,0.47451094372437463
2,4,GB time only,2,2,0,0,86.00435,0.45070788867313044
2,4,GB time only,2,2,0,0,86.99805,0.5057994320179255
2,4,GB time only,2,2,0,0,88.00208,0.41966281485304213
2,4,GB time only,2,2,0,0,88.9961,0.4466504577426905
2,4,GB time only,2,2,0,0,90.00268,0.5082936870587157
2,4,GB time only,2,2,0,0,90.99656,0.5082936870587157
2,4,GB time only,2,2,0,0,92.00213,0.45159208186551447
2,4,GB time only,2,2,0,0,92.99535,0.45159208186551447
2,4,GB time only,2,2,0,0,94.00014,0.4768364012576304
2,4,GB time only,2,2,0,0,94.99482,0.4644265531660781
2,4,GB time only,2,2,0,0,96.00101,0.5092320981759394
2,4,GB time only,2,2,0,0,96.99474,0.5092320981759394
2,4,GB time only,2,2,0,0,97.99886,0.5092320981759394
2,4,GB time only,2,2,0,0,98.99485,0.4853101738604231
2,4,GB time only,2,2,0,0,100.0004,0.5395935330586382
2,4,GB time only,2,2,0,0,100.9946,0.5395935330586382
2,4,GB time only,2,2,0,0,101.9996,0.4810660278230253
2,4,GB time only,2,2,0,0,103.0037,0.4810660278230253
2,4,GB time only,2,2,0,0,103.9989,0.4810660278230253
2,4,GB time only,2,2,0,0,105.0039,0.4810660278230253
2,4,GB time only,2,2,0,0,105.9986,0.487595086573697
2,4,GB time only,2,2,0,0,107.0032,0.47901887923653386
2,4,GB time only,2,2,0,0,107.9987,0.4480627968647473
2,4,GB time only,2,2,0,0,108.9936,0.4480627968647473
2,4,GB time only,2,2,0,0,109.9969,0.4195526303955451
2,4,GB time only,2,2,0,0,111.0026,0.4926517182351541
2,4,GB time only,2,2,0,0,111.9943,0.4916583898440788
2,4,GB time only,2,2,0,0,113.0022,0.4188877478438655
2,4,GB time only,2,2,0,0,113.9966,0.4188877478438655
2,4,GB time only,2,2,0,0,115.0023,0.44554338173896124
2,4,GB time only,2,2,0,0,115.9952,0.44554338173896124
2,4,GB time only,2,2,0,0,117.0004,0.4546155061226671
2,4,GB time only,2,2,0,0,117.9948,0.4154908255049266
2,4,GB time only,2,2,0,0,118.9998,0.4154908255049266
2,4,GB time only,2,2,0,0,119.9942,0.4154908255049266
2,4,GB time only,2,2,0,0,120.9996,0.4154908255049266
2,4,GB time only,2,2,0,0,121.9939,0.44078043970713504
2,4,GB time only,2,2,0,0,122.9996,0.4181956260849918
2,4,GB time only,2,2,0,0,123.9944,0.4181956260849918
2,4,GB time only,2,2,0,0,124.9997,0.4462436532900598
2,4,GB time only,2,2,0,0,126.0041,0.473140919035971
2,4,GB time only,2,2,0,0,126.9962,0.45037770082258316
2,4,GB time only,2,2,0,0,128.001,0.47336055769281465
2,4,GB time only,2,2,0,0,128.9966,0.45934756700435736
2,4,GB time only,2,2,0,0,130.0031,0.42014897109989136
2,4,GB time only,2,2,0,0,130.9969,0.42014897109989136
2,4,GB time only,2,2,0,0,132.0034,0.537109481910472
2,4,GB time only,2,2,0,0,132.9951,0.499216539635092
2,4,GB time only,2,2,0,0,134.0018,0.499216539635092
2,4,GB time only,2,2,0,0,134.9952,0.499216539635092
2,4,GB time only,2,2,0,0,136.0003,0.5435400426578543
2,4,GB time only,2,2,0,0,136.9947,0.56542158777483
2,4,GB time only,2,2,0,0,138.0004,0.5190380888418095
2,4,GB time only,2,2,0,0,139.0037,0.5387229351964927
2,4,GB time only,2,2,0,0,139.9993,0.5174772139789136
2,4,GB time only,2,2,0,0,140.9939,0.5174772139789136
2,4,GB time only,2,2,0,0,141.9993,0.5174772139789136
2,4,GB time only,2,2,0,0,143.0044,0.6137897206049008
2,4,GB time only,2,2,0,0,143.9993,0.5163223375718539
2,4,GB time only,2,2,0,0,144.9935,0.5163223375718539
2,4,GB time only,2,2,0,0,145.9975,0.5163223375718539
2,4,GB time only,2,2,0,0,147.002,0.544903318676099
2,4,GB time only,2,2,0,0,147.9976,0.544903318676099
2,4,GB time only,2,2,0,0,149.004,0.565812985000642
2,4,GB time only,2,2,0,0,149.9961,0.5142420666821349
2,4,GB time only,2,2,0,0,151.0017,0.4894582677972972
2,4,GB time only,2,2,0,0,151.9958,0.4894582677972972
2,4,GB time only,2,2,0,0,153.0004,0.5972879734210985
2,4,GB time only,2,2,0,0,153.9949,0.5576002283531575
2,4,GB time only,2,2,0,0,155.0013,0.5185667690703556
2,4,GB time only,2,2,0,0,155.9958,0.5185667690703556
2,4,GB time only,2,2,0,0,157.0011,0.5185667690703556
2,4,GB time only,2,2,0,0,158.0043,0.5993986052413032
2,4,GB time only,2,2,0,0,159.0005,0.5847150259590296
2,4,GB time only,2,2,0,0,160.0046,0.6080084573608596
2,4,GB time only,2,2,0,0,160.9996,0.6080084573608596
2,4,GB time only,2,2,0,0,162.0037,0.6080084573608596
2,4,GB time only,2,2,0,0,162.9976,0.6198855710829899
2,4,GB time only,2,2,0,0,164.0039,0.6236571646709091
2,4,GB time only,2,2,0,0,164.9958,0.6304585988911989
2,4,GB time only,2,2,0,0,165.9934,0.6304585988911989
2,4,GB time only,2,2,0,0,166.9979,0.625469345331097
2,4,GB time only,2,2,0,0,168.0029,0.5857084210082143
2,4,GB time only,2,2,0,0,168.9963,0.634259920758336
2,4,GB time only,2,2,0,0,170.0005,0.634259920758336
2,4,GB time only,2,2,0,0,170.9958,0.634259920758336
2,4,GB time only,2,2,0,0,172.0012,0.634259920758336
2,4,GB time only,2,2,0,0,172.9956,0.6131138392188125
2,4,GB time only,2,2,0,0,174.0013,0.6334807291810174
2,4,GB time only,2,2,0,0,174.9954,0.587235541562251
2,4,GB time only,2,2,0,0,176.0,0.6097039299197665
2,4,GB time only,2,2,0,0,176.9954,0.6097039299197665
2,4,GB time only,2,2,0,0,178.0005,0.6474271601410292
2,4,GB time only,2,2,0,0,179.0044,0.6124317784143571
2,4,GB time only,2,2,0,0,179.9999,0.631746137999159
2,4,GB time only,2,2,0,0,180.9948,0.6100885677567317
2,4,GB time only,2,2,0,0,181.9996,0.6100885677567317
2,4,GB time only,2,2,0,0,182.9938,0.6100885677567317
2,4,GB time only,2,2,0,0,183.9996,0.6100885677567317
2,4,GB time only,2,2,0,0,185.0037,0.6100885677567317
2,4,GB time only,2,2,0,0,185.9989,0.6349983935681415
2,4,GB time only,2,2,0,0,187.0027,0.6349983935681415
2,4,GB time only,2,2,0,0,187.9986,0.6349983935681415
2,4,GB time only,2,2,0,0,189.0018,0.5832197325487626
2,4,GB time only,2,2,0,0,189.9977,0.6535112330625805
2,4,GB time only,2,2,0,0,191.0019,0.6423576585772801
2,4,GB time only,2,2,0,0,191.9964,0.6850733104994103
2,4,GB time only,2,2,0,0,193.0019,0.6850733104994103
2,4,GB time only,2,2,0,0,193.9954,0.6790277898974599
2,4,GB time only,2,2,0,0,195.001,0.6915111141540722
2,4,GB time only,2,2,0,0,195.9944,0.6379915480402543
2,4,GB time only,2,2,0,0,197.0007,0.6130128479941902
2,4,GB time only,2,2,0,0,197.9939,0.6130128479941902
2,4,GB time only,2,2,0,0,198.9984,0.6914606789884382
2,4,GB time only,2,2,0,0,200.0031,0.6254225310190652
2,4,GB time only,2,2,0,0,200.9996,0.6818968589132285
2,4,GB time only,2,2,0,0,202.0045,0.6308006837170452
2,4,GB time only,2,2,0,0,202.9982,0.6308006837170452
2,4,GB time only,2,2,0,0,204.004,0.6381749446687144
2,4,GB time only,2,2,0,0,204.9996,0.6923571367087654
2,4,GB time only,2,2,0,0,206.0046,0.5799096310844675
2,4,GB time only,2,2,0,0,206.9983,0.5799096310844675
2,4,GB time only,2,2,0,0,208.0024,0.6338183742722014
2,4,GB time only,2,2,0,0,208.9951,0.6338183742722014
2,4,GB time only,2,2,0,0,210.0027,0.6113890241089024
2,4,GB time only,2,2,0,0,210.9949,0.6113890241089024
2,4,GB time only,2,2,0,0,212.0016,0.635620788936563
2,4,GB time only,2,2,0,0,212.9949,0.635620788936563
2,4,GB time only,2,2,0,0,214.0006,0.635620788936563
2,4,GB time only,2,2,0,0,214.9952,0.6284904782257462
2,4,GB time only,2,2,0,0,216.0003,0.6350046449216652
2,4,GB time only,2,2,0,0,216.9954,0.5820579399905189
2,4,GB time only,2,2,0,0,217.9993,0.6080296118928543
2,4,GB time only,2,2,0,0,218.9953,0.6080296118928543
2,4,GB time only,2,2,0,0,220.0006,0.6649042665129601
2,4,GB time only,2,2,0,0,220.9946,0.6417713099025762
2,4,GB time only,2,2,0,0,221.9974,0.6927520677562703
2,4,GB time only,2,2,0,0,223.0048,0.6406077248861292
2,4,GB time only,2,2,0,0,223.9989,0.6406077248861292
2,4,GB time only,2,2,0,0,225.004,0.6406077248861292
2,4,GB time only,2,2,0,0,225.9989,0.6941661120601541
2,4,GB time only,2,2,0,0,227.0026,0.5987683619088681
2,4,GB time only,2,2,0,0,227.9984,0.6946034147851392
2,4,GB time only,2,2,0,0,229.0035,0.61171902462306
2,4,GB time only,2,2,0,0,229.9966,0.61171902462306
2,4,GB time only,2,2,0,0,231.002,0.7483384028735228
2,4,GB time only,2,2,0,0,231.9962,0.6129641952611053
2,4,GB time only,2,2,0,0,233.0006,0.6390338547099508
2,4,GB time only,2,2,0,0,233.9961,0.6930347194542372
2,4,GB time only,2,2,0,0,235.0027,0.6930347194542372
2,4,GB time only,2,2,0,0,235.996,0.6135170954537545
2,4,GB time only,2,2,0,0,237.0018,0.6654980078626347
2,4,GB time only,2,2,0,0,237.995,0.6441516894837348
2,4,GB time only,2,2,0,0,239.0019,0.6526790132370588
2,4,GB time only,2,2,0,0,239.9948,0.6526790132370588
2,4,GB time only,2,2,0,0,240.9989,0.6441516894837348
2,4,GB time only,2,2,0,0,242.0038,0.667337953165015
2,4,GB time only,2,2,0,0,242.9988,0.69017505574736
2,4,GB time only,2,2,0,0,244.0048,0.6430553479742096
2,4,GB time only,2,2,0,0,244.9977,0.6430553479742096
2,4,GB time only,2,2,0,0,246.0033,0.6931609167370609
2,4,GB time only,2,2,0,0,246.9974,0.6137486904956606
2,4,GB time only,2,2,0,0,248.0032,0.6642759131060015
2,4,GB time only,2,2,0,0,248.9989,0.6508677773556049
2,4,GB time only,2,2,0,0,250.0025,0.6488551631424149
2,4,GB time only,2,2,0,0,250.9969,0.6488551631424149
2,4,GB time only,2,2,0,0,252.0007,0.6654804215093504
2,4,GB time only,2,2,0,0,252.9972,0.6406587090157225
2,4,GB time only,2,2,0,0,254.0013,0.6406587090157225
2,4,GB time only,2,2,0,0,254.9957,0.6406587090157225
2,4,GB time only,2,2,0,0,256.0012,0.6963871844757411
2,4,GB time only,2,2,0,0,256.9948,0.6963871844757411
2,4,GB time only,2,2,0,0,258.0016,0.6701066441057318
2,4,GB time only,2,2,0,0,258.9961,0.6701066441057318
2,4,GB time only,2,2,0,0,260.0005,0.6701066441057318
2,4,GB time only,2,2,0,0,261.005,0.6701066441057318
2,4,GB time only,2,2,0,0,261.9996,0.6953138728106352
2,4,GB time only,2,2,0,0,263.005,0.6881329780266509
2,4,GB time only,2,2,0,0,263.9995,0.6881329780266509
2,4,GB time only,2,2,0,0,265.0048,0.6714592264239794
2,4,GB time only,2,2,0,0,265.9982,0.6956397885915163
2,4,GB time only,2,2,0,0,267.0045,0.6714592264239794
2,4,GB time only,2,2,0,0,267.9995,0.6956397885915163
2,4,GB time only,2,2,0,0,269.0038,0.6956397885915163
2,4,GB time only,2,2,0,0,269.9978,0.6714592264239794
2,4,GB time only,2,2,0,0,271.0036,0.6960395036154033
2,4,GB time only,2,2,0,0,271.9975,0.6704738014559443
2,4,GB time only,2,2,0,0,273.0035,0.6704738014559443
2,4,GB time only,2,2,0,0,273.996,0.6704738014559443
2,4,GB time only,2,2,0,0,275.0023,0.6957569990244826
2,4,GB time only,2,2,0,0,275.9955,0.688266235850598
2,4,GB time only,2,2,0,0,277.0023,0.640738992856085
2,4,GB time only,2,2,0,0,277.996,0.640738992856085
2,4,GB time only,2,2,0,0,279.0019,0.7540006602304941
2,4,GB time only,2,2,0,0,279.9952,0.7275158507129579
2,4,GB time only,2,2,0,0,280.9987,0.7275158507129579
2,4,GB time only,2,2,0,0,282.0053,0.7275158507129579
2,4,GB time only,2,2,0,0,282.9994,0.7275158507129579
2,4,GB time only,2,2,0,0,284.0045,0.701605846868956
2,4,GB time only,2,2,0,0,284.9988,0.7264937829448985
2,4,GB time only,2,2,0,0,286.0036,0.6999583882688674
2,4,GB time only,2,2,0,0,286.9983,0.6999583882688674
2,4,GB time only,2,2,0,0,288.0022,0.6999583882688674
2,4,GB time only,2,2,0,0,288.9989,0.7461680806462133
2,4,GB time only,2,2,0,0,290.0029,0.6534634573563552
2,4,GB time only,2,2,1,1,290.9975,0.6534634573563552
2,4,GB time only,2,2,1,1,292.0027,0.7456471439150993
2,4,GB time only,2,2,1,1,292.9962,0.7281966882938485
2,4,GB time only,2,2,1,1,294.0034,0.7008374406316793
2,4,GB time only,2,2,1,1,294.9959,0.7008374406316793
2,4,GB time only,2,2,1,1,296.0013,0.7830678440762698
2,4,GB time only,2,2,1,1,296.9955,0.7289921583157363
2,4,GB time only,2,2,1,1,298.0017,0.7289921583157363
2,4,GB time only,2,2,1,1,298.9961,0.7289921583157363
2,4,GB time only,2,2,1,1,300.0004,0.7563889366905666
2,4,GB time only,2,2,1,1,300.9952,0.7563889366905666
2,4,GB time only,2,3,0,0,0.011238,0.0010319514316680612
2,4,GB time only,2,3,0,0,1.010427,0.0010319514316680612
2,4,GB time only,2,3,0,0,2.005901,0.0010319514316680612
2,4,GB time only,2,3,0,0,3.009208,0.0010319514316680612
2,4,GB time only,2,3,0,0,4.013891,0.04114661518781327
2,4,GB time only,2,3,0,0,5.009709,0.04114661518781327
2,4,GB time only,2,3,0,0,6.013655,0.08099982434625393
2,4,GB time only,2,3,0,0,7.01029,0.12005955554048581
2,4,GB time only,2,3,0,0,8.004245,0.12005955554048581
2,4,GB time only,2,3,0,0,9.006847,0.12248831219589285
2,4,GB time only,2,3,0,0,10.00374,0.12034310051151188
2,4,GB time only,2,3,0,0,11.00845,0.083219211885561
2,4,GB time only,2,3,0,0,12.00327,0.083219211885561
2,4,GB time only,2,3,0,0,13.00797,0.15701835607947584
2,4,GB time only,2,3,0,0,14.01414,0.08304358940447254
2,4,GB time only,2,3,0,0,15.00711,0.12019893253202767
2,4,GB time only,2,3,0,0,16.01306,0.12019893253202767
2,4,GB time only,2,3,0,0,17.00686,0.12019893253202767
2,4,GB time only,2,3,0,0,18.01257,0.15679306590163739
2,4,GB time only,2,3,0,0,19.00748,0.15679306590163739
2,4,GB time only,2,3,0,0,20.01261,0.12158223685377298
2,4,GB time only,2,3,0,0,21.00554,0.12158223685377298
2,4,GB time only,2,3,0,0,22.01061,0.15749687940283952
2,4,GB time only,2,3,0,0,23.01419,0.12056698647254165
2,4,GB time only,2,3,0,0,24.01053,0.12056698647254165
2,4,GB time only,2,3,0,0,25.00407,0.15888971659291393
2,4,GB time only,2,3,0,0,26.01028,0.15888971659291393
2,4,GB time only,2,3,0,0,27.00355,0.23250604829964863
2,4,GB time only,2,3,0,0,28.00709,0.19831624696203512
2,4,GB time only,2,3,0,0,29.00403,0.23189656331704397
2,4,GB time only,2,3,0,0,30.00948,0.20297128565195874
2,4,GB time only,2,3,0,0,31.01333,0.1981393904145355
2,4,GB time only,2,3,0,0,32.00739,0.1981393904145355
2,4,GB time only,2,3,0,0,33.0139,0.3055162897137933
2,4,GB time only,2,3,0,0,34.0069,0.2350906081640228
2,4,GB time only,2,3,0,0,35.01249,0.2350906081640228
2,4,GB time only,2,3,0,0,36.00776,0.2702290429736643
2,4,GB time only,2,3,0,0,37.01255,0.2702290429736643
2,4,GB time only,2,3,0,0,38.00636,0.2702290429736643
2,4,GB time only,2,3,0,0,39.01038,0.2702290429736643
2,4,GB time only,2,3,0,0,40.0048,0.2356791099445951
2,4,GB time only,2,3,0,0,41.01232,0.24085214628246082
2,4,GB time only,2,3,0,0,42.00532,0.1992566573109473
2,4,GB time only,2,3,0,0,43.01156,0.27017877766296305
2,4,GB time only,2,3,0,0,44.00523,0.27017877766296305
2,4,GB time only,2,3,0,0,45.0106,0.27017877766296305
2,4,GB time only,2,3,0,0,46.00391,0.23511987674743817
2,4,GB time only,2,3,0,0,47.00961,0.23511987674743817
2,4,GB time only,2,3,0,0,48.00344,0.23511987674743817
2,4,GB time only,2,3,0,0,49.00859,0.3048701564959718
2,4,GB time only,2,3,0,0,50.01414,0.2735466439969467
2,4,GB time only,2,3,0,0,51.00926,0.35063744328790697
2,4,GB time only,2,3,0,0,52.01384,0.3106033765900648
2,4,GB time only,2,3,0,0,53.00763,0.3106033765900648
2,4,GB time only,2,3,0,0,54.01284,0.31207918730232087
2,4,GB time only,2,3,0,0,55.007,0.31207918730232087
2,4,GB time only,2,3,0,0,56.0122,0.37286697144548636
2,4,GB time only,2,3,0,0,57.00453,0.34791151484904603
2,4,GB time only,2,3,0,0,58.01069,0.37265926113389386
2,4,GB time only,2,3,0,0,59.00611,0.3486695367299962
2,4,GB time only,2,3,0,0,60.00909,0.37276111109867505
2,4,GB time only,2,3,0,0,61.00516,0.3584551720589058
2,4,GB time only,2,3,0,0,62.01141,0.37771330097481165
2,4,GB time only,2,3,0,0,63.00307,0.37771330097481165
2,4,GB time only,2,3,0,0,64.00782,0.471706992550119
2,4,GB time only,2,3,0,0,65.004,0.37692493610762995
2,4,GB time only,2,3,0,0,66.0097,0.37692493610762995
2,4,GB time only,2,3,0,0,67.00374,0.34660261023772615
2,4,GB time only,2,3,0,0,68.00844,0.34660261023772615
2,4,GB time only,2,3,0,0,69.01296,0.3755354819712517
2,4,GB time only,2,3,0,0,70.00988,0.3755354819712517
2,4,GB time only,2,3,0,0,71.0142,0.34755842466008774
2,4,GB time only,2,3,0,0,72.00565,0.42463578023211135
2,4,GB time only,2,3,0,0,73.01225,0.4430692183156308
2,4,GB time only,2,3,0,0,74.0084,0.4430692183156308
2,4,GB time only,2,3,0,0,75.01354,0.38253128935679087
2,4,GB time only,2,3,0,0,76.00615,0.38253128935679087
2,4,GB time only,2,3,0,0,77.0134,0.44021980938265604
2,4,GB time only,2,3,0,0,78.00726,0.3834997279526683
2,4,GB time only,2,3,0,0,79.01142,0.4105711597408124
2,4,GB time only,2,3,0,0,80.00616,0.4105711597408124
2,4,GB time only,2,3,0,0,81.01123,0.38359460459853767
2,4,GB time only,2,3,0,0,82.00616,0.44309071794961075
2,4,GB time only,2,3,0,0,83.00994,0.4280456825960525
2,4,GB time only,2,3,0,0,84.00312,0.4280456825960525
2,4,GB time only,2,3,0,0,85.00861,0.45070788867313044
2,4,GB time only,2,3,0,0,86.00405,0.45070788867313044
2,4,GB time only,2,3,0,0,87.01019,0.41966281485304213
2,4,GB time only,2,3,0,0,88.01415,0.41966281485304213
2,4,GB time only,2,3,0,0,89.00842,0.4466504577426905
2,4,GB time only,2,3,0,0,90.01416,0.5082936870587157
2,4,GB time only,2,3,0,0,91.0079,0.5082936870587157
2,4,GB time only,2,3,0,0,92.00355,0.45159208186551447
2,4,GB time only,2,3,0,0,93.00796,0.4768364012576304
2,4,GB time only,2,3,0,0,94.01137,0.4644265531660781
2,4,GB time only,2,3,0,0,95.00732,0.5092320981759394
2,4,GB time only,2,3,0,0,96.01418,0.5092320981759394
2,4,GB time only,2,3,0,0,97.00631,0.5092320981759394
2,4,GB time only,2,3,0,0,98.01198,0.4853101738604231
2,4,GB time only,2,3,0,0,99.0062,0.4853101738604231
2,4,GB time only,2,3,0,0,100.012,0.5395935330586382
2,4,GB time only,2,3,0,0,101.0051,0.5395935330586382
2,4,GB time only,2,3,0,0,102.0107,0.4810660278230253
2,4,GB time only,2,3,0,0,103.0037,0.4810660278230253
2,4,GB time only,2,3,0,0,104.0105,0.4810660278230253
2,4,GB time only,2,3,0,0,105.0039,0.4810660278230253
2,4,GB time only,2,3,0,0,106.0083,0.487595086573697
2,4,GB time only,2,3,0,0,107.0031,0.47901887923653386
2,4,GB time only,2,3,0,0,108.0084,0.4480627968647473
2,4,GB time only,2,3,0,0,109.0032,0.4195526303955451
2,4,GB time only,2,3,0,0,110.0087,0.4926517182351541
2,4,GB time only,2,3,0,0,111.0139,0.4916583898440788
2,4,GB time only,2,3,0,0,112.0062,0.4916583898440788
2,4,GB time only,2,3,0,0,113.0129,0.4188877478438655
2,4,GB time only,2,3,0,0,114.0063,0.44554338173896124
2,4,GB time only,2,3,0,0,115.0135,0.44554338173896124
2,4,GB time only,2,3,0,0,116.0077,0.44554338173896124
2,4,GB time only,2,3,0,0,117.013,0.4154908255049266
2,4,GB time only,2,3,0,0,118.0064,0.4154908255049266
2,4,GB time only,2,3,0,0,119.0118,0.4154908255049266
2,4,GB time only,2,3,0,0,120.0056,0.4154908255049266
2,4,GB time only,2,3,0,0,121.0098,0.4154908255049266
2,4,GB time only,2,3,0,0,122.0058,0.44078043970713504
2,4,GB time only,2,3,0,0,123.0083,0.4181956260849918
2,4,GB time only,2,3,0,0,124.0142,0.4462436532900598
2,4,GB time only,2,3,0,0,125.0098,0.473140919035971
2,4,GB time only,2,3,0,0,126.0131,0.45037770082258316
2,4,GB time only,2,3,0,0,127.0085,0.45037770082258316
2,4,GB time only,2,3,0,0,128.0035,0.47336055769281465
2,4,GB time only,2,3,0,0,129.0072,0.45934756700435736
2,4,GB time only,2,3,0,0,130.014,0.42014897109989136
2,4,GB time only,2,3,0,0,131.0072,0.42014897109989136
2,4,GB time only,2,3,0,0,132.0132,0.499216539635092
2,4,GB time only,2,3,0,0,133.0071,0.499216539635092
2,4,GB time only,2,3,0,0,134.0137,0.499216539635092
2,4,GB time only,2,3,0,0,135.0055,0.5435400426578543
2,4,GB time only,2,3,0,0,136.0135,0.56542158777483
2,4,GB time only,2,3,0,0,137.0076,0.56542158777483
2,4,GB time only,2,3,0,0,138.0122,0.5190380888418095
2,4,GB time only,2,3,0,0,139.006,0.5387229351964927
2,4,GB time only,2,3,0,0,140.0114,0.5174772139789136
2,4,GB time only,2,3,0,0,141.0062,0.5174772139789136
2,4,GB time only,2,3,0,0,142.0109,0.6137897206049008
2,4,GB time only,2,3,0,0,143.0041,0.6137897206049008
2,4,GB time only,2,3,0,0,144.0106,0.5163223375718539
2,4,GB time only,2,3,0,0,145.0049,0.5163223375718539
2,4,GB time only,2,3,0,0,146.0097,0.544903318676099
2,4,GB time only,2,3,0,0,147.0045,0.544903318676099
2,4,GB time only,2,3,0,0,148.0082,0.544903318676099
2,4,GB time only,2,3,0,0,149.0146,0.565812985000642
2,4,GB time only,2,3,0,0,150.0082,0.5142420666821349
2,4,GB time only,2,3,0,0,151.0033,0.4894582677972972
2,4,GB time only,2,3,0,0,152.0067,0.4894582677972972
2,4,GB time only,2,3,0,0,153.0131,0.5576002283531575
2,4,GB time only,2,3,0,0,154.0056,0.5576002283531575
2,4,GB time only,2,3,0,0,155.0124,0.5185667690703556
2,4,GB time only,2,3,0,0,156.0072,0.5185667690703556
2,4,GB time only,2,3,0,0,157.0128,0.5993986052413032
2,4,GB time only,2,3,0,0,158.0061,0.5993986052413032
2,4,GB time only,2,3,0,0,159.0115,0.5847150259590296
2,4,GB time only,2,3,0,0,160.0054,0.6080084573608596
2,4,GB time only,2,3,0,0,161.0108,0.6080084573608596
2,4,GB time only,2,3,0,0,162.0054,0.6198855710829899
2,4,GB time only,2,3,0,0,163.0095,0.6198855710829899
2,4,GB time only,2,3,0,0,164.0036,0.6236571646709091
2,4,GB time only,2,3,0,0,165.0094,0.6304585988911989
2,4,GB time only,2,3,0,0,166.0135,0.625469345331097
2,4,GB time only,2,3,0,0,167.0089,0.5857084210082143
2,4,GB time only,2,3,0,0,168.0038,0.5857084210082143
2,4,GB time only,2,3,0,0,169.0093,0.634259920758336
2,4,GB time only,2,3,0,0,170.0146,0.634259920758336
2,4,GB time only,2,3,0,0,171.0075,0.634259920758336
2,4,GB time only,2,3,0,0,172.0137,0.6131138392188125
2,4,GB time only,2,3,0,0,173.0077,0.6131138392188125
2,4,GB time only,2,3,0,0,174.0128,0.6334807291810174
2,4,GB time only,2,3,0,0,175.0064,0.587235541562251
2,4,GB time only,2,3,0,0,176.0134,0.6097039299197665
2,4,GB time only,2,3,0,0,177.0064,0.6474271601410292
2,4,GB time only,2,3,0,0,178.0123,0.6124317784143571
2,4,GB time only,2,3,0,0,179.0055,0.6124317784143571
2,4,GB time only,2,3,0,0,180.0109,0.631746137999159
2,4,GB time only,2,3,0,0,181.004,0.6100885677567317
2,4,GB time only,2,3,0,0,182.0105,0.6100885677567317
2,4,GB time only,2,3,0,0,183.0044,0.6100885677567317
2,4,GB time only,2,3,0,0,184.0103,0.6100885677567317
2,4,GB time only,2,3,0,0,185.0039,0.6100885677567317
2,4,GB time only,2,3,0,0,186.0109,0.6349983935681415
2,4,GB time only,2,3,0,0,187.0144,0.6349983935681415
2,4,GB time only,2,3,0,0,188.0096,0.5832197325487626
2,4,GB time only,2,3,0,0,189.0142,0.6535112330625805
2,4,GB time only,2,3,0,0,190.0089,0.6535112330625805
2,4,GB time only,2,3,0,0,191.0136,0.6423576585772801
2,4,GB time only,2,3,0,0,192.0078,0.6850733104994103
2,4,GB time only,2,3,0,0,193.0136,0.6790277898974599
2,4,GB time only,2,3,0,0,194.0066,0.6790277898974599
2,4,GB time only,2,3,0,0,195.0137,0.6379915480402543
2,4,GB time only,2,3,0,0,196.0059,0.6379915480402543
2,4,GB time only,2,3,0,0,197.0126,0.6130128479941902
2,4,GB time only,2,3,0,0,198.0066,0.6914606789884382
2,4,GB time only,2,3,0,0,199.0112,0.6254225310190652
2,4,GB time only,2,3,0,0,200.0051,0.6254225310190652
2,4,GB time only,2,3,0,0,201.0101,0.6818968589132285
2,4,GB time only,2,3,0,0,202.0057,0.6308006837170452
2,4,GB time only,2,3,0,0,203.0104,0.6381749446687144
2,4,GB time only,2,3,0,0,204.0044,0.6381749446687144
2,4,GB time only,2,3,0,0,205.0099,0.6923571367087654
2,4,GB time only,2,3,0,0,206.0038,0.5799096310844675
2,4,GB time only,2,3,0,0,207.0091,0.5799096310844675
2,4,GB time only,2,3,0,0,208.0138,0.6338183742722014
2,4,GB time only,2,3,0,0,209.0093,0.6113890241089024
2,4,GB time only,2,3,0,0,210.0041,0.6113890241089024
2,4,GB time only,2,3,0,0,211.0063,0.6113890241089024
2,4,GB time only,2,3,0,0,212.0139,0.635620788936563
2,4,GB time only,2,3,0,0,213.0081,0.635620788936563
2,4,GB time only,2,3,0,0,214.0138,0.6284904782257462
2,4,GB time only,2,3,0,0,215.0059,0.6284904782257462
2,4,GB time only,2,3,0,0,216.0132,0.5820579399905189
2,4,GB time only,2,3,0,0,217.0059,0.5820579399905189
2,4,GB time only,2,3,0,0,218.0114,0.6080296118928543
2,4,GB time only,2,3,0,0,219.006,0.6649042665129601
2,4,GB time only,2,3,0,0,220.0104,0.6417713099025762
2,4,GB time only,2,3,0,0,221.0062,0.6417713099025762
2,4,GB time only,2,3,0,0,222.0106,0.6927520677562703
2,4,GB time only,2,3,0,0,223.0049,0.6406077248861292
2,4,GB time only,2,3,0,0,224.0104,0.6406077248861292
2,4,GB time only,2,3,0,0,225.0054,0.6941661120601541
2,4,GB time only,2,3,0,0,226.009,0.6941661120601541
2,4,GB time only,2,3,0,0,227.0141,0.5987683619088681
2,4,GB time only,2,3,0,0,228.007,0.6946034147851392
2,4,GB time only,2,3,0,0,229.0136,0.61171902462306
2,4,GB time only,2,3,0,0,230.007,0.7483384028735228
2,4,GB time only,2,3,0,0,231.0132,0.6129641952611053
2,4,GB time only,2,3,0,0,232.0052,0.6129641952611053
2,4,GB time only,2,3,0,0,233.0103,0.6390338547099508
2,4,GB time only,2,3,0,0,234.006,0.6930347194542372
2,4,GB time only,2,3,0,0,235.0119,0.6135170954537545
2,4,GB time only,2,3,0,0,236.0068,0.6654980078626347
2,4,GB time only,2,3,0,0,237.0114,0.6654980078626347
2,4,GB time only,2,3,0,0,238.0062,0.6441516894837348
2,4,GB time only,2,3,0,0,239.0112,0.6526790132370588
2,4,GB time only,2,3,0,0,240.0064,0.6441516894837348
2,4,GB time only,2,3,0,0,241.0103,0.667337953165015
2,4,GB time only,2,3,0,0,242.0039,0.667337953165015
2,4,GB time only,2,3,0,0,243.0101,0.69017505574736
2,4,GB time only,2,3,0,0,244.0035,0.6430553479742096
2,4,GB time only,2,3,0,0,245.0085,0.6931609167370609
2,4,GB time only,2,3,0,0,246.0035,0.6931609167370609
2,4,GB time only,2,3,0,0,247.0071,0.6137486904956606
2,4,GB time only,2,3,0,0,248.0035,0.6642759131060015
2,4,GB time only,2,3,0,0,249.0085,0.6508677773556049
2,4,GB time only,2,3,0,0,250.0133,0.6488551631424149
2,4,GB time only,2,3,0,0,251.0078,0.6654804215093504
2,4,GB time only,2,3,0,0,252.0139,0.6406587090157225
2,4,GB time only,2,3,0,0,253.0063,0.6406587090157225
2,4,GB time only,2,3,0,0,254.012,0.6406587090157225
2,4,GB time only,2,3,0,0,255.0076,0.6963871844757411
2,4,GB time only,2,3,0,0,256.0135,0.6963871844757411
2,4,GB time only,2,3,0,0,257.0063,0.6963871844757411
2,4,GB time only,2,3,0,0,258.0114,0.6701066441057318
2,4,GB time only,2,3,0,0,259.0068,0.6701066441057318
2,4,GB time only,2,3,0,0,260.0124,0.6701066441057318
2,4,GB time only,2,3,0,0,261.0036,0.6701066441057318
2,4,GB time only,2,3,0,0,262.0094,0.6953138728106352
2,4,GB time only,2,3,0,0,263.0131,0.6881329780266509
2,4,GB time only,2,3,0,0,264.0099,0.6714592264239794
2,4,GB time only,2,3,0,0,265.0028,0.6714592264239794
2,4,GB time only,2,3,0,0,266.0089,0.6956397885915163
2,4,GB time only,2,3,0,0,267.0042,0.6714592264239794
2,4,GB time only,2,3,0,0,268.0081,0.6956397885915163
2,4,GB time only,2,3,0,0,269.0143,0.6714592264239794
2,4,GB time only,2,3,0,0,270.0072,0.6714592264239794
2,4,GB time only,2,3,0,0,271.0114,0.6960395036154033
2,4,GB time only,2,3,0,0,272.0073,0.6704738014559443
2,4,GB time only,2,3,0,0,273.0117,0.6704738014559443
2,4,GB time only,2,3,0,0,274.006,0.6704738014559443
2,4,GB time only,2,3,0,0,275.0121,0.6957569990244826
2,4,GB time only,2,3,0,0,276.005,0.688266235850598
2,4,GB time only,2,3,0,0,277.0126,0.640738992856085
2,4,GB time only,2,3,0,0,278.003,0.640738992856085
2,4,GB time only,2,3,0,0,279.0113,0.7275158507129579
2,4,GB time only,2,3,0,0,280.0044,0.7275158507129579
2,4,GB time only,2,3,0,0,281.0101,0.7275158507129579
2,4,GB time only,2,3,0,0,282.0047,0.7275158507129579
2,4,GB time only,2,3,0,0,283.0086,0.7275158507129579
2,4,GB time only,2,3,0,0,284.0052,0.701605846868956
2,4,GB time only,2,3,0,0,285.0094,0.7264937829448985
2,4,GB time only,2,3,0,0,286.0031,0.6999583882688674
2,4,GB time only,2,3,0,0,287.0089,0.6999583882688674
2,4,GB time only,2,3,0,0,288.0141,0.7461680806462133
2,4,GB time only,2,3,0,0,289.0098,0.7461680806462133
2,4,GB time only,2,3,0,0,290.0146,0.6534634573563552
2,4,GB time only,2,3,0,0,291.0092,0.7456471439150993
2,4,GB time only,2,3,0,0,292.0125,0.7281966882938485
2,4,GB time only,2,3,0,0,293.0078,0.7281966882938485
2,4,GB time only,2,3,0,0,294.0122,0.7008374406316793
2,4,GB time only,2,3,0,0,295.0077,0.7008374406316793
2,4,GB time only,2,3,0,0,296.0117,0.7830678440762698
2,4,GB time only,2,3,0,0,297.005,0.7289921583157363
2,4,GB time only,2,3,0,0,298.0123,0.7289921583157363
2,4,GB time only,2,3,0,0,299.0035,0.7289921583157363
2,4,GB time only,2,3,0,0,300.0103,0.7563889366905666
2,4,GB time only,2,3,0,0,301.0058,0.7563889366905666
2,4,GB time only,4,5,0,0,0.0112268,0.0010319514316680612
2,4,GB time only,4,5,0,0,1.010952,0.0010319514316680612
2,4,GB time only,4,5,0,0,2.01688,0.0010319514316680612
2,4,GB time only,4,5,0,0,3.010709,0.0010319514316680612
2,4,GB time only,4,5,0,0,4.015441,0.04114661518781327
2,4,GB time only,4,5,0,0,5.010154,0.04114661518781327
2,4,GB time only,4,5,0,0,6.01441,0.08099982434625393
2,4,GB time only,4,5,0,0,7.008793,0.12005955554048581
2,4,GB time only,4,5,0,0,8.014668,0.12005955554048581
2,4,GB time only,4,5,0,0,9.007746,0.12248831219589285
2,4,GB time only,4,5,0,0,10.01372,0.12034310051151188
2,4,GB time only,4,5,0,0,11.00726,0.083219211885561
2,4,GB time only,4,5,0,0,12.01249,0.1201792374005551
2,4,GB time only,4,5,0,0,13.00669,0.15701835607947584
2,4,GB time only,4,5,0,0,14.01282,0.08304358940447254
2,4,GB time only,4,5,0,0,15.00744,0.12019893253202767
2,4,GB time only,4,5,0,0,16.01075,0.12019893253202767
2,4,GB time only,4,5,0,0,17.01668,0.12019893253202767
2,4,GB time only,4,5,0,0,18.0118,0.15679306590163739
2,4,GB time only,4,5,0,0,19.01557,0.12383734531751396
2,4,GB time only,4,5,0,0,20.00926,0.12383734531751396
2,4,GB time only,4,5,0,0,21.01652,0.15749687940283952
2,4,GB time only,4,5,0,0,22.00971,0.15749687940283952
2,4,GB time only,4,5,0,0,23.01418,0.12056698647254165
2,4,GB time only,4,5,0,0,24.00919,0.12056698647254165
2,4,GB time only,4,5,0,0,25.01588,0.15888971659291393
2,4,GB time only,4,5,0,0,26.00942,0.15888971659291393
2,4,GB time only,4,5,0,0,27.01412,0.23250604829964863
2,4,GB time only,4,5,0,0,28.00889,0.19831624696203512
2,4,GB time only,4,5,0,0,29.01367,0.23189656331704397
2,4,GB time only,4,5,0,0,30.00709,0.20297128565195874
2,4,GB time only,4,5,0,0,31.01377,0.1981393904145355
2,4,GB time only,4,5,0,0,32.00727,0.1981393904145355
2,4,GB time only,4,5,0,0,33.01159,0.3055162897137933
2,4,GB time only,4,5,0,0,34.00792,0.2350906081640228
2,4,GB time only,4,5,0,0,35.01075,0.2350906081640228
2,4,GB time only,4,5,0,0,36.00707,0.2350906081640228
2,4,GB time only,4,5,0,0,37.01272,0.2702290429736643
2,4,GB time only,4,5,0,0,38.01709,0.2702290429736643
2,4,GB time only,4,5,0,0,39.01067,0.2702290429736643
2,4,GB time only,4,5,0,0,40.01581,0.24085214628246082
2,4,GB time only,4,5,0,0,41.01084,0.24085214628246082
2,4,GB time only,4,5,0,0,42.01547,0.1992566573109473
2,4,GB time only,4,5,0,0,43.01104,0.27017877766296305
2,4,GB time only,4,5,0,0,44.01458,0.27017877766296305
2,4,GB time only,4,5,0,0,45.00882,0.27017877766296305
2,4,GB time only,4,5,0,0,46.01222,0.23511987674743817
2,4,GB time only,4,5,0,0,47.00699,0.23511987674743817
2,4,GB time only,4,5,0,0,48.01369,0.23511987674743817
2,4,GB time only,4,5,0,0,49.00858,0.3048701564959718
2,4,GB time only,4,5,0,0,50.01452,0.2735466439969467
2,4,GB time only,4,5,0,0,51.00806,0.35063744328790697
2,4,GB time only,4,5,0,0,52.01318,0.3106033765900648
2,4,GB time only,4,5,0,0,53.00839,0.44228194894047707
2,4,GB time only,4,5,0,0,54.01276,0.31207918730232087
2,4,GB time only,4,5,0,0,55.0175,0.37286697144548636
2,4,GB time only,4,5,0,0,56.01182,0.37286697144548636
2,4,GB time only,4,5,0,0,57.00686,0.34791151484904603
2,4,GB time only,4,5,0,0,58.01109,0.37265926113389386
2,4,GB time only,4,5,0,0,59.01705,0.3486695367299962
2,4,GB time only,4,5,0,0,60.01059,0.37276111109867505
2,4,GB time only,4,5,0,0,61.01579,0.3584551720589058
2,4,GB time only,4,5,0,0,62.00929,0.37771330097481165
2,4,GB time only,4,5,0,0,63.01626,0.471706992550119
2,4,GB time only,4,5,0,0,64.01065,0.37692493610762995
2,4,GB time only,4,5,0,0,65.01405,0.37692493610762995
2,4,GB time only,4,5,0,0,66.00948,0.37692493610762995
2,4,GB time only,4,5,0,0,67.01539,0.34660261023772615
2,4,GB time only,4,5,0,0,68.00793,0.34660261023772615
2,4,GB time only,4,5,0,0,69.014,0.3755354819712517
2,4,GB time only,4,5,0,0,70.00879,0.3755354819712517
2,4,GB time only,4,5,0,0,71.01364,0.34755842466008774
2,4,GB time only,4,5,0,0,72.00794,0.42463578023211135
2,4,GB time only,4,5,0,0,73.01243,0.4430692183156308
2,4,GB time only,4,5,0,0,74.01789,0.4430692183156308
2,4,GB time only,4,5,0,0,75.01195,0.38253128935679087
2,4,GB time only,4,5,0,0,76.01669,0.44021980938265604
2,4,GB time only,4,5,0,0,77.01137,0.44021980938265604
2,4,GB time only,4,5,0,0,78.01778,0.4105711597408124
2,4,GB time only,4,5,0,0,79.00958,0.4105711597408124
2,4,GB time only,4,5,0,0,80.01713,0.4105711597408124
2,4,GB time only,4,5,0,0,81.01,0.38359460459853767
2,4,GB time only,4,5,0,0,82.01595,0.44309071794961075
2,4,GB time only,4,5,0,0,83.00983,0.4280456825960525
2,4,GB time only,4,5,0,0,84.01365,0.47451094372437463
2,4,GB time only,4,5,0,0,85.00916,0.45070788867313044
2,4,GB time only,4,5,0,0,86.01279,0.5057994320179255
2,4,GB time only,4,5,0,0,87.00995,0.41966281485304213
2,4,GB time only,4,5,0,0,88.01443,0.41966281485304213
2,4,GB time only,4,5,0,0,89.00826,0.4466504577426905
2,4,GB time only,4,5,0,0,90.01387,0.5082936870587157
2,4,GB time only,4,5,0,0,91.00777,0.5082936870587157
2,4,GB time only,4,5,0,0,92.01324,0.45159208186551447
2,4,GB time only,4,5,0,0,93.00788,0.4768364012576304
2,4,GB time only,4,5,0,0,94.01026,0.4644265531660781
2,4,GB time only,4,5,0,0,95.00691,0.5092320981759394
2,4,GB time only,4,5,1,1,96.01107,0.5092320981759394
2,4,GB time only,4,5,1,1,97.01478,0.5092320981759394
2,4,GB time only,4,5,1,1,98.00982,0.5092320981759394
2,4,GB time only,4,5,1,1,99.0165,0.4853101738604231
2,4,GB time only,4,5,1,1,100.0108,0.5395935330586382
2,4,GB time only,4,5,1,1,101.0142,0.5395935330586382
2,4,GB time only,4,5,1,1,102.0099,0.4810660278230253
2,4,GB time only,4,5,1,1,103.0166,0.4810660278230253
2,4,GB time only,4,5,1,1,104.0105,0.4810660278230253
2,4,GB time only,4,5,1,1,105.0166,0.487595086573697
2,4,GB time only,4,5,1,1,106.0182,0.47901887923653386
2,4,GB time only,4,5,1,1,107.0155,0.47901887923653386
2,4,GB time only,4,5,1,1,108.0081,0.4480627968647473
2,4,GB time only,4,5,1,1,109.0137,0.4195526303955451
2,4,GB time only,4,5,1,1,110.0078,0.4926517182351541
2,4,GB time only,4,5,1,1,111.0129,0.4916583898440788
2,4,GB time only,4,5,1,1,112.0085,0.4916583898440788
2,4,GB time only,4,5,1,1,113.0132,0.4188877478438655
2,4,GB time only,4,5,1,1,114.0183,0.44554338173896124
2,4,GB time only,4,5,1,1,115.0109,0.44554338173896124
2,4,GB time only,4,5,1,1,116.0171,0.4546155061226671
2,4,GB time only,4,5,1,1,117.0108,0.4546155061226671
2,4,GB time only,4,5,1,1,118.017,0.4154908255049266
2,4,GB time only,4,5,1,1,119.0105,0.4154908255049266
2,4,GB time only,4,5,1,1,120.017,0.4154908255049266
2,4,GB time only,4,5,1,1,121.0103,0.44078043970713504
2,4,GB time only,4,5,1,1,122.0142,0.44078043970713504
2,4,GB time only,4,5,1,1,123.0111,0.4181956260849918
2,4,GB time only,4,5,1,1,124.0154,0.4462436532900598
2,4,GB time only,4,5,1,1,125.0098,0.473140919035971
2,4,GB time only,4,5,1,1,126.016,0.45037770082258316
2,4,GB time only,4,5,1,1,127.0077,0.45037770082258316
2,4,GB time only,4,5,1,1,128.0149,0.47336055769281465
2,4,GB time only,4,5,1,1,129.0092,0.45934756700435736
2,4,GB time only,4,5,1,1,130.0139,0.42014897109989136
2,4,GB time only,4,5,1,1,131.0076,0.42014897109989136
2,4,GB time only,4,5,1,1,132.0115,0.537109481910472
2,4,GB time only,4,5,1,1,133.0071,0.499216539635092
2,4,GB time only,4,5,1,1,134.0139,0.499216539635092
2,4,GB time only,4,5,1,1,135.0174,0.5435400426578543
2,4,GB time only,4,5,1,1,136.0132,0.56542158777483
2,4,GB time only,4,5,1,1,137.0163,0.5190380888418095
2,4,GB time only,4,5,1,1,138.0116,0.5190380888418095
2,4,GB time only,4,5,1,1,139.0176,0.5387229351964927
2,4,GB time only,4,5,1,1,140.0102,0.5174772139789136
2,4,GB time only,4,5,1,1,141.0144,0.5174772139789136
2,4,GB time only,4,5,1,1,142.0095,0.5174772139789136
2,4,GB time only,4,5,1,1,143.0164,0.5163223375718539
2,4,GB time only,4,5,1,1,144.0101,0.5163223375718539
2,4,GB time only,4,5,1,1,145.0154,0.5163223375718539
2,4,GB time only,4,5,1,1,146.0091,0.544903318676099
2,4,GB time only,4,5,1,1,147.0136,0.544903318676099
2,4,GB time only,4,5,1,1,148.0082,0.544903318676099
2,4,GB time only,4,5,1,1,149.0152,0.565812985000642
2,4,GB time only,4,5,1,1,150.0077,0.5142420666821349
2,4,GB time only,4,5,1,1,151.0137,0.4894582677972972
2,4,GB time only,4,5,1,1,152.0168,0.5972879734210985
2,4,GB time only,4,5,1,1,153.0125,0.5972879734210985
2,4,GB time only,4,5,1,1,154.0174,0.5185667690703556
2,4,GB time only,4,5,1,1,155.0128,0.5185667690703556
2,4,GB time only,4,5,1,1,156.0177,0.5185667690703556
2,4,GB time only,4,5,1,1,157.0102,0.5993986052413032
2,4,GB time only,4,5,1,1,158.0163,0.5847150259590296
2,4,GB time only,4,5,1,1,159.0115,0.5847150259590296
2,4,GB time only,4,5,1,1,160.0177,0.6080084573608596
2,4,GB time only,4,5,1,1,161.0104,0.6080084573608596
2,4,GB time only,4,5,1,1,162.0165,0.6198855710829899
2,4,GB time only,4,5,1,1,163.0099,0.6198855710829899
2,4,GB time only,4,5,1,1,164.0155,0.6304585988911989
2,4,GB time only,4,5,1,1,165.0094,0.6304585988911989
2,4,GB time only,4,5,1,1,166.0161,0.625469345331097
2,4,GB time only,4,5,1,1,167.0091,0.5857084210082143
2,4,GB time only,4,5,1,1,168.0139,0.634259920758336
2,4,GB time only,4,5,1,1,169.0086,0.634259920758336
2,4,GB time only,4,5,1,1,170.0137,0.634259920758336
2,4,GB time only,4,5,1,1,171.0075,0.634259920758336
2,4,GB time only,4,5,1,1,172.0139,0.6131138392188125
2,4,GB time only,4,5,1,1,173.0076,0.6131138392188125
2,4,GB time only,4,5,1,1,174.0126,0.6334807291810174
2,4,GB time only,4,5,1,1,175.0179,0.587235541562251
2,4,GB time only,4,5,1,1,176.0124,0.6097039299197665
2,4,GB time only,4,5,1,1,177.0172,0.6474271601410292
2,4,GB time only,4,5,1,1,178.0104,0.6124317784143571
2,4,GB time only,4,5,1,1,179.0168,0.631746137999159
2,4,GB time only,4,5,1,1,180.0106,0.631746137999159
2,4,GB time only,4,5,1,1,181.0163,0.6100885677567317
2,4,GB time only,4,5,1,1,182.0099,0.6100885677567317
2,4,GB time only,4,5,1,1,183.0135,0.6100885677567317
2,4,GB time only,4,5,1,1,184.0087,0.6100885677567317
2,4,GB time only,4,5,1,1,185.0154,0.6349983935681415
2,4,GB time only,4,5,1,1,186.0081,0.6349983935681415
2,4,GB time only,4,5,1,1,187.016,0.6349983935681415
2,4,GB time only,4,5,1,1,188.0089,0.5832197325487626
2,4,GB time only,4,5,1,1,189.0137,0.6535112330625805
2,4,GB time only,4,5,1,1,190.0086,0.6535112330625805
2,4,GB time only,4,5,1,1,191.0144,0.6423576585772801
2,4,GB time only,4,5,1,1,192.0072,0.6850733104994103
2,4,GB time only,4,5,1,1,193.0135,0.6790277898974599
2,4,GB time only,4,5,1,1,194.0179,0.6915111141540722
2,4,GB time only,4,5,1,1,195.013,0.6915111141540722
2,4,GB time only,4,5,1,1,196.0172,0.6379915480402543
2,4,GB time only,4,5,1,1,197.0123,0.6130128479941902
2,4,GB time only,4,5,1,1,198.0175,0.6914606789884382
2,4,GB time only,4,5,1,1,199.0116,0.6254225310190652
2,4,GB time only,4,5,1,1,200.0164,0.6818968589132285
2,4,GB time only,4,5,1,1,201.0108,0.6818968589132285
2,4,GB time only,4,5,1,1,202.0157,0.6308006837170452
2,4,GB time only,4,5,1,1,203.0093,0.6381749446687144
2,4,GB time only,4,5,1,1,204.016,0.6923571367087654
2,4,GB time only,4,5,1,1,205.009,0.6923571367087654
2,4,GB time only,4,5,1,1,206.0156,0.5799096310844675
2,4,GB time only,4,5,1,1,207.0176,0.5799096310844675
2,4,GB time only,4,5,1,1,208.0142,0.6338183742722014
2,4,GB time only,4,5,1,1,209.008,0.6113890241089024
2,4,GB time only,4,5,1,1,210.014,0.6113890241089024
2,4,GB time only,4,5,1,1,211.0073,0.6113890241089024
2,4,GB time only,4,5,1,1,212.0144,0.635620788936563
2,4,GB time only,4,5,1,1,213.0071,0.635620788936563
2,4,GB time only,4,5,1,1,214.0131,0.6284904782257462
2,4,GB time only,4,5,1,1,215.0179,0.6350046449216652
2,4,GB time only,4,5,1,1,216.013,0.5820579399905189
2,4,GB time only,4,5,1,1,217.0178,0.5820579399905189
2,4,GB time only,4,5,1,1,218.0116,0.6080296118928543
2,4,GB time only,4,5,1,1,219.016,0.6649042665129601
2,4,GB time only,4,5,1,1,220.0108,0.6417713099025762
2,4,GB time only,4,5,1,1,221.0161,0.6927520677562703
2,4,GB time only,4,5,1,1,222.0095,0.6927520677562703
2,4,GB time only,4,5,1,1,223.0147,0.6406077248861292
2,4,GB time only,4,5,1,1,224.0093,0.6406077248861292
2,4,GB time only,4,5,1,1,225.0162,0.6941661120601541
2,4,GB time only,4,5,1,1,226.0088,0.6941661120601541
2,4,GB time only,4,5,1,1,227.0151,0.5987683619088681
2,4,GB time only,4,5,1,1,228.0091,0.6946034147851392
2,4,GB time only,4,5,1,1,229.0138,0.61171902462306
2,4,GB time only,4,5,1,1,230.0083,0.7483384028735228
2,4,GB time only,4,5,1,1,231.0125,0.6129641952611053
2,4,GB time only,4,5,1,1,232.0183,0.6390338547099508
2,4,GB time only,4,5,1,1,233.0139,0.6390338547099508
2,4,GB time only,4,5,1,1,234.0073,0.6930347194542372
2,4,GB time only,4,5,1,1,235.0123,0.6135170954537545
2,4,GB time only,4,5,1,1,236.016,0.6654980078626347
2,4,GB time only,4,5,1,1,237.0108,0.6654980078626347
2,4,GB time only,4,5,1,1,238.017,0.6441516894837348
2,4,GB time only,4,5,1,1,239.0087,0.6526790132370588
2,4,GB time only,4,5,1,1,240.0161,0.6441516894837348
2,4,GB time only,4,5,1,1,241.01,0.667337953165015
2,4,GB time only,4,5,1,1,242.016,0.69017505574736
2,4,GB time only,4,5,1,1,243.0107,0.69017505574736
2,4,GB time only,4,5,1,1,244.0154,0.6430553479742096
2,4,GB time only,4,5,1,1,245.0092,0.6931609167370609
2,4,GB time only,4,5,1,1,246.0161,0.6137486904956606
2,4,GB time only,4,5,1,1,247.0085,0.6137486904956606
2,4,GB time only,4,5,1,1,248.0154,0.6508677773556049
2,4,GB time only,4,5,1,1,249.0085,0.6508677773556049
2,4,GB time only,4,5,1,1,250.0141,0.6488551631424149
2,4,GB time only,4,5,1,1,251.0076,0.6654804215093504
2,4,GB time only,4,5,1,1,252.0128,0.6406587090157225
2,4,GB time only,4,5,1,1,253.0088,0.6406587090157225
2,4,GB time only,4,5,1,1,254.0108,0.6406587090157225
2,4,GB time only,4,5,1,1,255.0078,0.6963871844757411
2,4,GB time only,4,5,1,1,256.012,0.6963871844757411
2,4,GB time only,4,5,1,1,257.0182,0.6701066441057318
2,4,GB time only,4,5,1,1,258.0112,0.6701066441057318
2,4,GB time only,4,5,1,1,259.0172,0.6701066441057318
2,4,GB time only,4,5,1,1,260.0108,0.6701066441057318
2,4,GB time only,4,5,1,1,261.017,0.6953138728106352
2,4,GB time only,4,5,1,1,262.0099,0.6953138728106352
2,4,GB time only,4,5,1,1,263.0157,0.6881329780266509
2,4,GB time only,4,5,1,1,264.0089,0.6714592264239794
2,4,GB time only,4,5,1,1,265.0158,0.6956397885915163
2,4,GB time only,4,5,1,1,266.0085,0.6956397885915163
2,4,GB time only,4,5,1,1,267.0144,0.6714592264239794
2,4,GB time only,4,5,1,1,268.0078,0.6956397885915163
2,4,GB time only,4,5,1,1,269.0122,0.6714592264239794
2,4,GB time only,4,5,1,1,270.0178,0.6960395036154033
2,4,GB time only,4,5,1,1,271.0129,0.6960395036154033
2,4,GB time only,4,5,1,1,272.0069,0.6704738014559443
2,4,GB time only,4,5,1,1,273.0135,0.6704738014559443
2,4,GB time only,4,5,1,1,274.0166,0.6957569990244826
2,4,GB time only,4,5,1,1,275.0122,0.6957569990244826
2,4,GB time only,4,5,1,1,276.0172,0.688266235850598
2,4,GB time only,4,5,1,1,277.0125,0.640738992856085
2,4,GB time only,4,5,1,1,278.0169,0.7540006602304941
2,4,GB time only,4,5,1,1,279.0107,0.7540006602304941
2,4,GB time only,4,5,1,1,280.0169,0.7275158507129579
2,4,GB time only,4,5,1,1,281.0101,0.7275158507129579
2,4,GB time only,4,5,1,1,282.0158,0.7275158507129579
2,4,GB time only,4,5,1,1,283.0089,0.7275158507129579
2,4,GB time only,4,5,1,1,284.0149,0.701605846868956
2,4,GB time only,4,5,1,1,285.0083,0.7264937829448985
2,4,GB time only,4,5,1,1,286.0139,0.6999583882688674
2,4,GB time only,4,5,1,1,287.0074,0.6999583882688674
2,4,GB time only,4,5,1,1,288.0117,0.7461680806462133
2,4,GB time only,4,5,1,1,289.007,0.7461680806462133
2,4,GB time only,4,5,1,1,290.0117,0.6534634573563552
2,4,GB time only,4,5,1,1,291.008,0.7456471439150993
2,4,GB time only,4,5,1,1,292.0127,0.7281966882938485
2,4,GB time only,4,5,1,1,293.017,0.7281966882938485
2,4,GB time only,4,5,1,1,294.0127,0.7008374406316793
2,4,GB time only,4,5,1,1,295.0174,0.7830678440762698
2,4,GB time only,4,5,1,1,296.0103,0.7830678440762698
2,4,GB time only,4,5,1,1,297.017,0.7289921583157363
2,4,GB time only,4,5,1,1,298.0103,0.7289921583157363
2,4,GB time only,4,5,1,1,299.0154,0.7563889366905666
2,4,GB time only,4,5,1,1,300.0082,0.7563889366905666
2,4,GB time only,4,5,1,1,301.0146,0.7563889366905666
2,4,GB time only,4,6,0,0,0.0,0.0010319514316680612
2,4,GB time only,4,6,0,0,1.00495,0.0010319514316680612
2,4,GB time only,4,6,0,0,1.998281,0.0010319514316680612
2,4,GB time only,4,6,0,0,3.004618,0.0010319514316680612
2,4,GB time only,4,6,0,0,3.999141,0.0010319514316680612
2,4,GB time only,4,6,0,0,5.003382,0.04114661518781327
2,4,GB time only,4,6,0,0,5.998161,0.04114661518781327
2,4,GB time only,4,6,0,0,7.000859,0.08099982434625393
2,4,GB time only,4,6,0,0,7.997983,0.12005955554048581
2,4,GB time only,4,6,0,0,9.002149,0.12005955554048581
2,4,GB time only,4,6,0,0,9.996326,0.12248831219589285
2,4,GB time only,4,6,0,0,11.00007,0.12034310051151188
2,4,GB time only,4,6,0,0,11.99659,0.083219211885561
2,4,GB time only,4,6,0,0,13.00098,0.1201792374005551
2,4,GB time only,4,6,0,0,13.99541,0.15701835607947584
2,4,GB time only,4,6,0,0,14.99912,0.08304358940447254
2,4,GB time only,4,6,0,0,15.99681,0.12019893253202767
2,4,GB time only,4,6,0,0,16.99845,0.12019893253202767
2,4,GB time only,4,6,0,0,18.00539,0.12019893253202767
2,4,GB time only,4,6,0,0,18.9994,0.15679306590163739
2,4,GB time only,4,6,0,0,20.00367,0.12383734531751396
2,4,GB time only,4,6,0,0,20.99707,0.12158223685377298
2,4,GB time only,4,6,0,0,22.00514,0.15749687940283952
2,4,GB time only,4,6,0,0,22.99883,0.08369060890175227
2,4,GB time only,4,6,0,0,24.00393,0.12056698647254165
2,4,GB time only,4,6,0,0,24.99814,0.15888971659291393
2,4,GB time only,4,6,0,0,26.00431,0.15888971659291393
2,4,GB time only,4,6,0,0,26.99778,0.23250604829964863
2,4,GB time only,4,6,0,0,28.00385,0.19831624696203512
2,4,GB time only,4,6,0,0,28.99657,0.23189656331704397
2,4,GB time only,4,6,0,0,30.00375,0.20297128565195874
2,4,GB time only,4,6,0,0,30.99679,0.20297128565195874
2,4,GB time only,4,6,0,0,32.00263,0.1981393904145355
2,4,GB time only,4,6,0,0,32.99657,0.1981393904145355
2,4,GB time only,4,6,0,0,34.00122,0.3055162897137933
2,4,GB time only,4,6,0,0,35.00551,0.2350906081640228
2,4,GB time only,4,6,0,0,36.00011,0.2350906081640228
2,4,GB time only,4,6,0,0,36.99636,0.2702290429736643
2,4,GB time only,4,6,0,0,38.00019,0.2702290429736643
2,4,GB time only,4,6,0,0,39.00475,0.2702290429736643
2,4,GB time only,4,6,0,0,39.99985,0.2356791099445951
2,4,GB time only,4,6,0,0,41.00478,0.24085214628246082
2,4,GB time only,4,6,0,0,41.99879,0.1992566573109473
2,4,GB time only,4,6,0,0,42.99495,0.27017877766296305
2,4,GB time only,4,6,0,0,43.99932,0.27017877766296305
2,4,GB time only,4,6,0,0,45.00479,0.27017877766296305
2,4,GB time only,4,6,0,0,45.99848,0.23511987674743817
2,4,GB time only,4,6,0,0,47.00407,0.23511987674743817
2,4,GB time only,4,6,0,0,47.99735,0.23511987674743817
2,4,GB time only,4,6,0,0,49.00396,0.3048701564959718
2,4,GB time only,4,6,0,0,49.99818,0.3048701564959718
2,4,GB time only,4,6,0,0,51.00159,0.2735466439969467
2,4,GB time only,4,6,0,0,51.99651,0.35063744328790697
2,4,GB time only,4,6,0,0,53.00211,0.3106033765900648
2,4,GB time only,4,6,0,0,53.99723,0.44228194894047707
2,4,GB time only,4,6,0,0,55.00178,0.31207918730232087
2,4,GB time only,4,6,0,0,55.99569,0.37286697144548636
2,4,GB time only,4,6,0,0,56.99967,0.34791151484904603
2,4,GB time only,4,6,0,0,57.99514,0.37265926113389386
2,4,GB time only,4,6,0,0,59.0001,0.3486695367299962
2,4,GB time only,4,6,0,0,60.00412,0.37276111109867505
2,4,GB time only,4,6,0,0,60.99954,0.37276111109867505
2,4,GB time only,4,6,0,0,62.00455,0.3584551720589058
2,4,GB time only,4,6,0,0,62.99667,0.37771330097481165
2,4,GB time only,4,6,0,0,64.00391,0.471706992550119
2,4,GB time only,4,6,0,0,64.99876,0.37692493610762995
2,4,GB time only,4,6,0,0,66.00466,0.37692493610762995
2,4,GB time only,4,6,0,0,66.99519,0.34660261023772615
2,4,GB time only,4,6,0,0,68.00278,0.34660261023772615
2,4,GB time only,4,6,0,0,68.99691,0.3755354819712517
2,4,GB time only,4,6,0,0,70.00152,0.3755354819712517
2,4,GB time only,4,6,0,0,70.99718,0.3755354819712517
2,4,GB time only,4,6,0,0,72.00053,0.34755842466008774
2,4,GB time only,4,6,0,0,72.99554,0.42463578023211135
2,4,GB time only,4,6,0,0,74.00175,0.4430692183156308
2,4,GB time only,4,6,0,0,74.99531,0.4430692183156308
2,4,GB time only,4,6,0,0,76.00156,0.38253128935679087
2,4,GB time only,4,6,0,0,76.9957,0.44021980938265604
2,4,GB time only,4,6,0,0,77.99854,0.3834997279526683
2,4,GB time only,4,6,1,1,79.00594,0.4105711597408124
2,4,GB time only,4,6,1,1,79.99966,0.4105711597408124
2,4,GB time only,4,6,1,1,81.0055,0.38359460459853767
2,4,GB time only,4,6,1,1,81.99766,0.38359460459853767
2,4,GB time only,4,6,1,1,83.00455,0.44309071794961075
2,4,GB time only,4,6,1,1,83.99812,0.4280456825960525
2,4,GB time only,4,6,1,1,85.00332,0.47451094372437463
2,4,GB time only,4,6,1,1,85.9983,0.45070788867313044
2,4,GB time only,4,6,1,1,87.00482,0.5057994320179255
2,4,GB time only,4,6,1,1,87.99602,0.41966281485304213
2,4,GB time only,4,6,1,1,89.00328,0.4466504577426905
2,4,GB time only,4,6,1,1,89.99747,0.5082936870587157
2,4,GB time only,4,6,1,1,91.00337,0.5082936870587157
2,4,GB time only,4,6,1,1,91.99653,0.5082936870587157
2,4,GB time only,4,6,1,1,93.00198,0.4768364012576304
2,4,GB time only,4,6,1,1,93.99605,0.4768364012576304
2,4,GB time only,4,6,1,1,95.0014,0.4644265531660781
2,4,GB time only,4,6,1,1,95.99513,0.5092320981759394
2,4,GB time only,4,6,1,1,97.00123,0.5092320981759394
2,4,GB time only,4,6,1,1,98.00561,0.5092320981759394
2,4,GB time only,4,6,1,1,99.00047,0.4853101738604231
2,4,GB time only,4,6,1,1,100.0045,0.5395935330586382
2,4,GB time only,4,6,1,1,100.9993,0.5395935330586382
2,4,GB time only,4,6,1,1,102.0045,0.4810660278230253
2,4,GB time only,4,6,1,1,102.9964,0.4810660278230253
2,4,GB time only,4,6,1,1,104.0036,0.4810660278230253
2,4,GB time only,4,6,1,1,104.998,0.4810660278230253
2,4,GB time only,4,6,1,1,106.0024,0.487595086573697
2,4,GB time only,4,6,1,1,106.9969,0.47901887923653386
2,4,GB time only,4,6,1,1,108.0033,0.4480627968647473
2,4,GB time only,4,6,1,1,108.9968,0.4480627968647473
2,4,GB time only,4,6,1,1,110.0023,0.4195526303955451
2,4,GB time only,4,6,1,1,110.9956,0.4926517182351541
2,4,GB time only,4,6,1,1,112.0019,0.4916583898440788
2,4,GB time only,4,6,1,1,112.9961,0.4188877478438655
2,4,GB time only,4,6,1,1,114.0015,0.44554338173896124
2,4,GB time only,4,6,1,1,114.9951,0.44554338173896124
2,4,GB time only,4,6,1,1,115.9994,0.44554338173896124
2,4,GB time only,4,6,1,1,116.9956,0.4546155061226671
2,4,GB time only,4,6,1,1,118.0012,0.4154908255049266
2,4,GB time only,4,6,1,1,119.0061,0.4154908255049266
2,4,GB time only,4,6,1,1,119.9999,0.4154908255049266
2,4,GB time only,4,6,1,1,121.005,0.4154908255049266
2,4,GB time only,4,6,1,1,121.9982,0.44078043970713504
2,4,GB time only,4,6,1,1,123.0025,0.4181956260849918
2,4,GB time only,4,6,1,1,123.9976,0.4462436532900598
2,4,GB time only,4,6,1,1,125.0031,0.4462436532900598
2,4,GB time only,4,6,1,1,125.9979,0.473140919035971
2,4,GB time only,4,6,1,1,127.0042,0.45037770082258316
2,4,GB time only,4,6,1,1,127.9954,0.47336055769281465
2,4,GB time only,4,6,1,1,129.0022,0.45934756700435736
2,4,GB time only,4,6,1,1,129.9973,0.45934756700435736
2,4,GB time only,4,6,1,1,131.0019,0.42014897109989136
2,4,GB time only,4,6,1,1,131.9967,0.537109481910472
2,4,GB time only,4,6,1,1,133.0011,0.499216539635092
2,4,GB time only,4,6,1,1,133.9959,0.499216539635092
2,4,GB time only,4,6,1,1,135.0006,0.5435400426578543
2,4,GB time only,4,6,1,1,135.9956,0.5435400426578543
2,4,GB time only,4,6,1,1,137.0,0.56542158777483
2,4,GB time only,4,6,1,1,137.9949,0.5190380888418095
2,4,GB time only,4,6,1,1,139.0005,0.5387229351964927
2,4,GB time only,4,6,1,1,140.005,0.5174772139789136
2,4,GB time only,4,6,1,1,141.0011,0.5174772139789136
2,4,GB time only,4,6,1,1,142.0049,0.5174772139789136
2,4,GB time only,4,6,1,1,143.0005,0.6137897206049008
2,4,GB time only,4,6,1,1,144.0034,0.5163223375718539
2,4,GB time only,4,6,1,1,144.9979,0.5163223375718539
2,4,GB time only,4,6,1,1,146.0038,0.544903318676099
2,4,GB time only,4,6,1,1,146.9981,0.544903318676099
2,4,GB time only,4,6,1,1,148.0031,0.544903318676099
2,4,GB time only,4,6,1,1,148.9964,0.565812985000642
2,4,GB time only,4,6,1,1,150.0031,0.5142420666821349
2,4,GB time only,4,6,1,1,150.998,0.5142420666821349
2,4,GB time only,4,6,1,1,152.0034,0.4894582677972972
2,4,GB time only,4,6,1,1,152.9952,0.5972879734210985
2,4,GB time only,4,6,1,1,154.0003,0.5576002283531575
2,4,GB time only,4,6,1,1,154.9953,0.5185667690703556
2,4,GB time only,4,6,1,1,156.0001,0.5185667690703556
2,4,GB time only,4,6,1,1,156.995,0.5185667690703556
2,4,GB time only,4,6,1,1,157.9995,0.5993986052413032
2,4,GB time only,4,6,1,1,158.9955,0.5847150259590296
2,4,GB time only,4,6,1,1,160.0004,0.6080084573608596
2,4,GB time only,4,6,1,1,161.0052,0.6080084573608596
2,4,GB time only,4,6,1,1,161.9997,0.6080084573608596
2,4,GB time only,4,6,1,1,163.0055,0.6198855710829899
2,4,GB time only,4,6,1,1,163.9982,0.6236571646709091
2,4,GB time only,4,6,1,1,165.0044,0.6304585988911989
2,4,GB time only,4,6,1,1,165.9982,0.6304585988911989
2,4,GB time only,4,6,1,1,167.0028,0.625469345331097
2,4,GB time only,4,6,1,1,167.9974,0.5857084210082143
2,4,GB time only,4,6,1,1,169.0004,0.634259920758336
2,4,GB time only,4,6,1,1,169.9961,0.634259920758336
2,4,GB time only,4,6,1,1,171.0027,0.634259920758336
2,4,GB time only,4,6,1,1,171.9965,0.634259920758336
2,4,GB time only,4,6,1,1,173.0008,0.6131138392188125
2,4,GB time only,4,6,1,1,173.9957,0.6334807291810174
2,4,GB time only,4,6,1,1,175.0005,0.587235541562251
2,4,GB time only,4,6,1,1,176.0067,0.6097039299197665
2,4,GB time only,4,6,1,1,176.9993,0.6097039299197665
2,4,GB time only,4,6,1,1,178.0047,0.6474271601410292
2,4,GB time only,4,6,1,1,178.9991,0.6124317784143571
2,4,GB time only,4,6,1,1,180.0038,0.631746137999159
2,4,GB time only,4,6,1,1,180.9995,0.6100885677567317
2,4,GB time only,4,6,1,1,182.0041,0.6100885677567317
2,4,GB time only,4,6,1,1,183.0005,0.6100885677567317
2,4,GB time only,4,6,1,1,184.0035,0.6100885677567317
2,4,GB time only,4,6,1,1,184.9995,0.6100885677567317
2,4,GB time only,4,6,1,1,186.0027,0.6349983935681415
2,4,GB time only,4,6,1,1,186.9969,0.6349983935681415
2,4,GB time only,4,6,1,1,188.0041,0.6349983935681415
2,4,GB time only,4,6,1,1,188.9965,0.5832197325487626
2,4,GB time only,4,6,1,1,190.0023,0.6535112330625805
2,4,GB time only,4,6,1,1,190.997,0.6423576585772801
2,4,GB time only,4,6,1,1,192.0012,0.6850733104994103
2,4,GB time only,4,6,1,1,192.9953,0.6850733104994103
2,4,GB time only,4,6,1,1,194.0018,0.6790277898974599
2,4,GB time only,4,6,1,1,194.9951,0.6915111141540722
2,4,GB time only,4,6,1,1,196.0017,0.6379915480402543
2,4,GB time only,4,6,1,1,196.9955,0.6130128479941902
2,4,GB time only,4,6,1,1,197.9992,0.6130128479941902
2,4,GB time only,4,6,1,1,199.0046,0.6914606789884382
2,4,GB time only,4,6,1,1,199.9997,0.6254225310190652
2,4,GB time only,4,6,1,1,201.0053,0.6818968589132285
2,4,GB time only,4,6,1,1,201.9996,0.6308006837170452
2,4,GB time only,4,6,1,1,203.0045,0.6381749446687144
2,4,GB time only,4,6,1,1,203.9994,0.6381749446687144
2,4,GB time only,4,6,1,1,205.0027,0.6923571367087654
2,4,GB time only,4,6,1,1,205.9978,0.5799096310844675
2,4,GB time only,4,6,1,1,207.0028,0.5799096310844675
2,4,GB time only,4,6,1,1,207.9981,0.5799096310844675
2,4,GB time only,4,6,1,1,209.0018,0.6338183742722014
2,4,GB time only,4,6,1,1,209.9971,0.6113890241089024
2,4,GB time only,4,6,1,1,211.0018,0.6113890241089024
2,4,GB time only,4,6,1,1,211.9965,0.635620788936563
2,4,GB time only,4,6,1,1,213.0005,0.635620788936563
2,4,GB time only,4,6,1,1,213.9955,0.635620788936563
2,4,GB time only,4,6,1,1,215.0018,0.6284904782257462
2,4,GB time only,4,6,1,1,216.0054,0.6350046449216652
2,4,GB time only,4,6,1,1,216.999,0.5820579399905189
2,4,GB time only,4,6,1,1,218.0052,0.6080296118928543
2,4,GB time only,4,6,1,1,219.0004,0.6080296118928543
2,4,GB time only,4,6,1,1,219.9952,0.6649042665129601
2,4,GB time only,4,6,1,1,220.9994,0.6417713099025762
2,4,GB time only,4,6,1,1,222.004,0.6927520677562703
2,4,GB time only,4,6,1,1,222.9986,0.6406077248861292
2,4,GB time only,4,6,1,1,224.0039,0.6406077248861292
2,4,GB time only,4,6,1,1,224.9971,0.6406077248861292
2,4,GB time only,4,6,1,1,226.0025,0.6941661120601541
2,4,GB time only,4,6,1,1,226.997,0.5987683619088681
2,4,GB time only,4,6,1,1,228.0032,0.6946034147851392
2,4,GB time only,4,6,1,1,228.9982,0.61171902462306
2,4,GB time only,4,6,1,1,230.0016,0.61171902462306
2,4,GB time only,4,6,1,1,230.9958,0.7483384028735228
2,4,GB time only,4,6,1,1,232.0021,0.6129641952611053
2,4,GB time only,4,6,1,1,232.996,0.6390338547099508
2,4,GB time only,4,6,1,1,234.0009,0.6930347194542372
2,4,GB time only,4,6,1,1,234.9951,0.6930347194542372
2,4,GB time only,4,6,1,1,236.0014,0.6135170954537545
2,4,GB time only,4,6,1,1,236.9952,0.6654980078626347
2,4,GB time only,4,6,1,1,238.0005,0.6441516894837348
2,4,GB time only,4,6,1,1,239.0048,0.6526790132370588
2,4,GB time only,4,6,1,1,239.998,0.6526790132370588
2,4,GB time only,4,6,1,1,241.0045,0.6441516894837348
2,4,GB time only,4,6,1,1,241.9997,0.667337953165015
2,4,GB time only,4,6,1,1,243.0043,0.69017505574736
2,4,GB time only,4,6,1,1,243.9979,0.6430553479742096
2,4,GB time only,4,6,1,1,245.0045,0.6931609167370609
2,4,GB time only,4,6,1,1,245.9983,0.6931609167370609
2,4,GB time only,4,6,1,1,247.0034,0.6137486904956606
2,4,GB time only,4,6,1,1,247.9966,0.6642759131060015
2,4,GB time only,4,6,1,1,249.0038,0.6508677773556049
2,4,GB time only,4,6,1,1,249.9967,0.6508677773556049
2,4,GB time only,4,6,1,1,251.0027,0.6488551631424149
2,4,GB time only,4,6,1,1,251.9969,0.6654804215093504
2,4,GB time only,4,6,1,1,253.0018,0.6406587090157225
2,4,GB time only,4,6,1,1,254.0059,0.6406587090157225
2,4,GB time only,4,6,1,1,255.0009,0.6406587090157225
2,4,GB time only,4,6,1,1,256.006,0.6963871844757411
2,4,GB time only,4,6,1,1,257.0001,0.6963871844757411
2,4,GB time only,4,6,1,1,257.9961,0.6701066441057318
2,4,GB time only,4,6,1,1,259.0005,0.6701066441057318
2,4,GB time only,4,6,1,1,260.0055,0.6701066441057318
2,4,GB time only,4,6,1,1,260.9998,0.6701066441057318
2,4,GB time only,4,6,1,1,262.0056,0.6953138728106352
2,4,GB time only,4,6,1,1,262.9988,0.6881329780266509
2,4,GB time only,4,6,1,1,264.0048,0.6881329780266509
2,4,GB time only,4,6,1,1,264.9983,0.6714592264239794
2,4,GB time only,4,6,1,1,266.0038,0.6956397885915163
2,4,GB time only,4,6,1,1,266.9969,0.6714592264239794
2,4,GB time only,4,6,1,1,268.0023,0.6956397885915163
2,4,GB time only,4,6,1,1,268.9973,0.6956397885915163
2,4,GB time only,4,6,1,1,270.0033,0.6714592264239794
2,4,GB time only,4,6,1,1,270.9977,0.6960395036154033
2,4,GB time only,4,6,1,1,272.0032,0.6704738014559443
2,4,GB time only,4,6,1,1,272.9963,0.6704738014559443
2,4,GB time only,4,6,1,1,274.0013,0.6704738014559443
2,4,GB time only,4,6,1,1,275.0058,0.6957569990244826
2,4,GB time only,4,6,1,1,276.0016,0.688266235850598
2,4,GB time only,4,6,1,1,276.9961,0.688266235850598
2,4,GB time only,4,6,1,1,278.0005,0.640738992856085
2,4,GB time only,4,6,1,1,279.0054,0.7540006602304941
2,4,GB time only,4,6,1,1,280.0003,0.7275158507129579
2,4,GB time only,4,6,1,1,281.0043,0.7275158507129579
2,4,GB time only,4,6,1,1,281.9992,0.7275158507129579
2,4,GB time only,4,6,1,1,283.0033,0.7275158507129579
2,4,GB time only,4,6,1,1,283.9978,0.701605846868956
2,4,GB time only,4,6,1,1,285.0029,0.7264937829448985
2,4,GB time only,4,6,1,1,285.9962,0.7264937829448985
2,4,GB time only,4,6,1,1,287.0033,0.6999583882688674
2,4,GB time only,4,6,1,1,287.9975,0.6999583882688674
2,4,GB time only,4,6,1,1,289.0008,0.7461680806462133
2,4,GB time only,4,6,1,1,289.995,0.7461680806462133
2,4,GB time only,4,6,1,1,291.0015,0.6534634573563552
2,4,GB time only,4,6,1,1,291.9957,0.7456471439150993
2,4,GB time only,4,6,1,1,292.9995,0.7281966882938485
2,4,GB time only,4,6,1,1,293.9948,0.7281966882938485
2,4,GB time only,4,6,1,1,295.0001,0.7008374406316793
2,4,GB time only,4,6,1,1,296.0042,0.7830678440762698
2,4,GB time only,4,6,1,1,297.0004,0.7289921583157363
2,4,GB time only,4,6,1,1,298.0045,0.7289921583157363
2,4,GB time only,4,6,1,1,299.0001,0.7289921583157363
2,4,GB time only,4,6,1,1,300.0042,0.7563889366905666
2,4,GB time only,4,6,1,1,300.9987,0.7563889366905666
2,4,GB time only,2,10,0,0,0.0111669,0.0010319514316680612
2,4,GB time only,2,10,0,0,1.012057,0.0010319514316680612
2,4,GB time only,2,10,0,0,2.016093,0.0010319514316680612
2,4,GB time only,2,10,0,0,3.010889,0.0010319514316680612
2,4,GB time only,2,10,0,0,4.016617,0.04114661518781327
2,4,GB time only,2,10,0,0,5.021381,0.04114661518781327
2,4,GB time only,2,10,0,0,6.014998,0.08099982434625393
2,4,GB time only,2,10,0,0,7.020225,0.12005955554048581
2,4,GB time only,2,10,0,0,8.013659,0.12005955554048581
2,4,GB time only,2,10,0,0,9.020951,0.12248831219589285
2,4,GB time only,2,10,0,0,10.01489,0.12034310051151188
2,4,GB time only,2,10,0,0,11.01861,0.083219211885561
2,4,GB time only,2,10,0,0,12.01271,0.1201792374005551
2,4,GB time only,2,10,0,0,13.01954,0.15701835607947584
2,4,GB time only,2,10,0,0,14.01319,0.08304358940447254
2,4,GB time only,2,10,0,0,15.01802,0.12019893253202767
2,4,GB time only,2,10,0,0,16.01334,0.12019893253202767
2,4,GB time only,2,10,0,0,17.01859,0.12019893253202767
2,4,GB time only,2,10,0,0,18.01184,0.15679306590163739
2,4,GB time only,2,10,0,0,19.01682,0.12383734531751396
2,4,GB time only,2,10,0,0,20.02117,0.12158223685377298
2,4,GB time only,2,10,0,0,21.0167,0.15749687940283952
2,4,GB time only,2,10,0,0,22.02043,0.08369060890175227
2,4,GB time only,2,10,0,0,23.01568,0.12056698647254165
2,4,GB time only,2,10,0,0,24.01937,0.15888971659291393
2,4,GB time only,2,10,0,0,25.01513,0.15888971659291393
2,4,GB time only,2,10,0,0,26.01989,0.23250604829964863
2,4,GB time only,2,10,0,0,27.01472,0.23250604829964863
2,4,GB time only,2,10,0,0,28.01895,0.19831624696203512
2,4,GB time only,2,10,0,0,29.01199,0.23189656331704397
2,4,GB time only,2,10,0,0,30.01753,0.20297128565195874
2,4,GB time only,2,10,0,0,31.01381,0.1981393904145355
2,4,GB time only,2,10,0,0,32.01852,0.1981393904145355
2,4,GB time only,2,10,0,0,33.01236,0.3055162897137933
2,4,GB time only,2,10,0,0,34.01991,0.2350906081640228
2,4,GB time only,2,10,0,0,35.01221,0.2350906081640228
2,4,GB time only,2,10,0,0,36.01753,0.2702290429736643
2,4,GB time only,2,10,0,0,37.01078,0.2702290429736643
2,4,GB time only,2,10,0,0,38.01584,0.2702290429736643
2,4,GB time only,2,10,0,0,39.01059,0.2702290429736643
2,4,GB time only,2,10,0,0,40.01589,0.24085214628246082
2,4,GB time only,2,10,0,0,41.02021,0.1992566573109473
2,4,GB time only,2,10,0,0,42.01669,0.27017877766296305
2,4,GB time only,2,10,0,0,43.01923,0.27017877766296305
2,4,GB time only,2,10,0,0,44.0157,0.27017877766296305
2,4,GB time only,2,10,0,0,45.02111,0.27017877766296305
2,4,GB time only,2,10,0,0,46.01507,0.23511987674743817
2,4,GB time only,2,10,0,0,47.02006,0.23511987674743817
2,4,GB time only,2,10,0,0,48.01473,0.23511987674743817
2,4,GB time only,2,10,0,0,49.01929,0.3048701564959718
2,4,GB time only,2,10,0,0,50.01391,0.2735466439969467
2,4,GB time only,2,10,0,0,51.01996,0.35063744328790697
2,4,GB time only,2,10,0,0,52.01444,0.3106033765900648
2,4,GB time only,2,10,0,0,53.01861,0.44228194894047707
2,4,GB time only,2,10,0,0,54.01284,0.31207918730232087
2,4,GB time only,2,10,0,0,55.0173,0.37286697144548636
2,4,GB time only,2,10,0,0,56.01141,0.37286697144548636
2,4,GB time only,2,10,0,0,57.01705,0.34791151484904603
2,4,GB time only,2,10,0,0,58.01223,0.37265926113389386
2,4,GB time only,2,10,1,1,59.01763,0.3486695367299962
2,4,GB time only,2,10,1,1,60.0202,0.37276111109867505
2,4,GB time only,2,10,1,1,61.0151,0.3584551720589058
2,4,GB time only,2,10,1,1,62.01236,0.37771330097481165
2,4,GB time only,2,10,1,1,63.01472,0.471706992550119
2,4,GB time only,2,10,1,1,64.02164,0.37692493610762995
2,4,GB time only,2,10,1,1,65.01318,0.37692493610762995
2,4,GB time only,2,10,1,1,66.01991,0.34660261023772615
2,4,GB time only,2,10,1,1,67.01516,0.34660261023772615
2,4,GB time only,2,10,1,1,68.0201,0.3755354819712517
2,4,GB time only,2,10,1,1,69.01548,0.3755354819712517
2,4,GB time only,2,10,1,1,70.01782,0.3755354819712517
2,4,GB time only,2,10,1,1,71.01399,0.34755842466008774
2,4,GB time only,2,10,1,1,72.0199,0.42463578023211135
2,4,GB time only,2,10,1,1,73.01332,0.4430692183156308
2,4,GB time only,2,10,1,1,74.01628,0.4430692183156308
2,4,GB time only,2,10,1,1,75.01249,0.38253128935679087
2,4,GB time only,2,10,1,1,76.01789,0.44021980938265604
2,4,GB time only,2,10,1,1,77.01308,0.44021980938265604
2,4,GB time only,2,10,1,1,78.01806,0.4105711597408124
2,4,GB time only,2,10,1,1,79.01257,0.4105711597408124
2,4,GB time only,2,10,1,1,80.01762,0.4105711597408124
2,4,GB time only,2,10,1,1,81.01065,0.38359460459853767
2,4,GB time only,2,10,1,1,82.01672,0.44309071794961075
2,4,GB time only,2,10,1,1,83.0102,0.4280456825960525
2,4,GB time only,2,10,1,1,84.01569,0.47451094372437463
2,4,GB time only,2,10,1,1,85.01024,0.45070788867313044
2,4,GB time only,2,10,1,1,86.01532,0.5057994320179255
2,4,GB time only,2,10,1,1,87.02048,0.41966281485304213
2,4,GB time only,2,10,1,1,88.01484,0.41966281485304213
2,4,GB time only,2,10,1,1,89.01871,0.5082936870587157
2,4,GB time only,2,10,1,1,90.01411,0.5082936870587157
2,4,GB time only,2,10,1,1,91.02004,0.5082936870587157
2,4,GB time only,2,10,1,1,92.01411,0.45159208186551447
2,4,GB time only,2,10,1,1,93.01667,0.4768364012576304
2,4,GB time only,2,10,1,1,94.01209,0.4644265531660781
2,4,GB time only,2,10,1,1,95.01888,0.5092320981759394
2,4,GB time only,2,10,1,1,96.01253,0.5092320981759394
2,4,GB time only,2,10,1,1,97.01734,0.5092320981759394
2,4,GB time only,2,10,1,1,98.01128,0.5092320981759394
2,4,GB time only,2,10,1,1,99.01738,0.4853101738604231
2,4,GB time only,2,10,1,1,100.0119,0.5395935330586382
2,4,GB time only,2,10,1,1,101.0169,0.5395935330586382
2,4,GB time only,2,10,1,1,102.0109,0.4810660278230253
2,4,GB time only,2,10,1,1,103.0154,0.4810660278230253
2,4,GB time only,2,10,1,1,104.0211,0.4810660278230253
2,4,GB time only,2,10,1,1,105.0151,0.487595086573697
2,4,GB time only,2,10,1,1,106.0185,0.47901887923653386
2,4,GB time only,2,10,1,1,107.0145,0.47901887923653386
2,4,GB time only,2,10,1,1,108.0193,0.4480627968647473
2,4,GB time only,2,10,1,1,109.0143,0.4195526303955451
2,4,GB time only,2,10,1,1,110.0176,0.4926517182351541
2,4,GB time only,2,10,1,1,111.014,0.4916583898440788
2,4,GB time only,2,10,1,1,112.0183,0.4916583898440788
2,4,GB time only,2,10,1,1,113.0131,0.4188877478438655
2,4,GB time only,2,10,1,1,114.0191,0.44554338173896124
2,4,GB time only,2,10,1,1,115.0122,0.44554338173896124
2,4,GB time only,2,10,1,1,116.0176,0.4546155061226671
2,4,GB time only,2,10,1,1,117.0129,0.4546155061226671
2,4,GB time only,2,10,1,1,118.0164,0.4154908255049266
2,4,GB time only,2,10,1,1,119.011,0.4154908255049266
2,4,GB time only,2,10,1,1,120.0165,0.4154908255049266
2,4,GB time only,2,10,1,1,121.0208,0.44078043970713504
2,4,GB time only,2,10,1,1,122.0172,0.4181956260849918
2,4,GB time only,2,10,1,1,123.0102,0.4181956260849918
2,4,GB time only,2,10,1,1,124.0157,0.4462436532900598
2,4,GB time only,2,10,1,1,125.0099,0.473140919035971
2,4,GB time only,2,10,1,1,126.0156,0.45037770082258316
2,4,GB time only,2,10,1,1,127.0205,0.47336055769281465
2,4,GB time only,2,10,1,1,128.0132,0.47336055769281465
2,4,GB time only,2,10,1,1,129.0192,0.45934756700435736
2,4,GB time only,2,10,1,1,130.0125,0.42014897109989136
2,4,GB time only,2,10,1,1,131.019,0.537109481910472
2,4,GB time only,2,10,1,1,132.013,0.499216539635092
2,4,GB time only,2,10,1,1,133.0187,0.499216539635092
2,4,GB time only,2,10,1,1,134.0126,0.499216539635092
2,4,GB time only,2,10,1,1,135.0184,0.5435400426578543
2,4,GB time only,2,10,1,1,136.0119,0.56542158777483
2,4,GB time only,2,10,1,1,137.0159,0.5190380888418095
2,4,GB time only,2,10,1,1,138.0115,0.5190380888418095
2,4,GB time only,2,10,1,1,139.0161,0.5387229351964927
2,4,GB time only,2,10,1,1,140.0103,0.5174772139789136
2,4,GB time only,2,10,1,1,141.0157,0.5174772139789136
2,4,GB time only,2,10,1,1,142.0195,0.6137897206049008
2,4,GB time only,2,10,1,1,143.0153,0.5163223375718539
2,4,GB time only,2,10,1,1,144.0207,0.5163223375718539
2,4,GB time only,2,10,1,1,145.0155,0.5163223375718539
2,4,GB time only,2,10,1,1,146.0199,0.544903318676099
2,4,GB time only,2,10,1,1,147.0127,0.544903318676099
2,4,GB time only,2,10,1,1,148.02,0.565812985000642
2,4,GB time only,2,10,1,1,149.0134,0.565812985000642
2,4,GB time only,2,10,1,1,150.02,0.5142420666821349
2,4,GB time only,2,10,1,1,151.0128,0.4894582677972972
2,4,GB time only,2,10,1,1,152.019,0.5972879734210985
2,4,GB time only,2,10,1,1,153.0129,0.5576002283531575
2,4,GB time only,2,10,1,1,154.0177,0.5185667690703556
2,4,GB time only,2,10,1,1,155.0138,0.5185667690703556
2,4,GB time only,2,10,1,1,156.0173,0.5185667690703556
2,4,GB time only,2,10,1,1,157.0121,0.5993986052413032
2,4,GB time only,2,10,1,1,158.0172,0.5847150259590296
2,4,GB time only,2,10,1,1,159.0117,0.5847150259590296
2,4,GB time only,2,10,1,1,160.0161,0.6080084573608596
2,4,GB time only,2,10,1,1,161.021,0.6080084573608596
2,4,GB time only,2,10,1,1,162.0149,0.6198855710829899
2,4,GB time only,2,10,1,1,163.0101,0.6198855710829899
2,4,GB time only,2,10,1,1,164.014,0.6236571646709091
2,4,GB time only,2,10,1,1,165.0201,0.6304585988911989
2,4,GB time only,2,10,1,1,166.0137,0.625469345331097
2,4,GB time only,2,10,1,1,167.0202,0.5857084210082143
2,4,GB time only,2,10,1,1,168.0124,0.634259920758336
2,4,GB time only,2,10,1,1,169.0185,0.634259920758336
2,4,GB time only,2,10,1,1,170.0145,0.634259920758336
2,4,GB time only,2,10,1,1,171.0195,0.634259920758336
2,4,GB time only,2,10,1,1,172.0128,0.6131138392188125
2,4,GB time only,2,10,1,1,173.0173,0.6334807291810174
2,4,GB time only,2,10,1,1,174.0125,0.6334807291810174
2,4,GB time only,2,10,1,1,175.0163,0.587235541562251
2,4,GB time only,2,10,1,1,176.0207,0.6097039299197665
2,4,GB time only,2,10,1,1,177.0161,0.6474271601410292
2,4,GB time only,2,10,1,1,178.012,0.6124317784143571
2,4,GB time only,2,10,1,1,179.0161,0.631746137999159
2,4,GB time only,2,10,1,1,180.012,0.631746137999159
2,4,GB time only,2,10,1,1,181.0155,0.6100885677567317
2,4,GB time only,2,10,1,1,182.0101,0.6100885677567317
2,4,GB time only,2,10,1,1,183.0154,0.6100885677567317
2,4,GB time only,2,10,1,1,184.0213,0.6100885677567317
2,4,GB time only,2,10,1,1,185.0127,0.6100885677567317
2,4,GB time only,2,10,1,1,186.0206,0.6349983935681415
2,4,GB time only,2,10,1,1,187.0159,0.6349983935681415
2,4,GB time only,2,10,1,1,188.018,0.5832197325487626
2,4,GB time only,2,10,1,1,189.0154,0.6535112330625805
2,4,GB time only,2,10,1,1,190.0186,0.6423576585772801
2,4,GB time only,2,10,1,1,191.0107,0.6423576585772801
2,4,GB time only,2,10,1,1,192.0174,0.6850733104994103
2,4,GB time only,2,10,1,1,193.0112,0.6790277898974599
2,4,GB time only,2,10,1,1,194.017,0.6915111141540722
2,4,GB time only,2,10,1,1,195.011,0.6915111141540722
2,4,GB time only,2,10,1,1,196.0182,0.6379915480402543
2,4,GB time only,2,10,1,1,197.0109,0.6130128479941902
2,4,GB time only,2,10,1,1,198.0163,0.6914606789884382
2,4,GB time only,2,10,1,1,199.0115,0.6254225310190652
2,4,GB time only,2,10,1,1,200.0158,0.6818968589132285
2,4,GB time only,2,10,1,1,201.0212,0.6308006837170452
2,4,GB time only,2,10,1,1,202.0163,0.6308006837170452
2,4,GB time only,2,10,1,1,203.021,0.6381749446687144
2,4,GB time only,2,10,1,1,204.0153,0.6923571367087654
2,4,GB time only,2,10,1,1,205.0196,0.5799096310844675
2,4,GB time only,2,10,1,1,206.0148,0.5799096310844675
2,4,GB time only,2,10,1,1,207.0199,0.5799096310844675
2,4,GB time only,2,10,1,1,208.0151,0.6338183742722014
2,4,GB time only,2,10,1,1,209.0168,0.6113890241089024
2,4,GB time only,2,10,1,1,210.0138,0.6113890241089024
2,4,GB time only,2,10,1,1,211.0185,0.635620788936563
2,4,GB time only,2,10,1,1,212.0106,0.635620788936563
2,4,GB time only,2,10,1,1,213.0167,0.635620788936563
2,4,GB time only,2,10,1,1,214.0211,0.6284904782257462
2,4,GB time only,2,10,1,1,215.0173,0.6350046449216652
2,4,GB time only,2,10,1,1,216.0123,0.6350046449216652
2,4,GB time only,2,10,1,1,217.0155,0.5820579399905189
2,4,GB time only,2,10,1,1,218.0131,0.6080296118928543
2,4,GB time only,2,10,1,1,219.0151,0.6649042665129601
2,4,GB time only,2,10,1,1,220.0206,0.6417713099025762
2,4,GB time only,2,10,1,1,221.0155,0.6927520677562703
2,4,GB time only,2,10,1,1,222.0192,0.6406077248861292
2,4,GB time only,2,10,1,1,223.0144,0.6406077248861292
2,4,GB time only,2,10,1,1,224.0182,0.6406077248861292
2,4,GB time only,2,10,1,1,225.0146,0.6941661120601541
2,4,GB time only,2,10,1,1,226.0191,0.5987683619088681
2,4,GB time only,2,10,1,1,227.0143,0.5987683619088681
2,4,GB time only,2,10,1,1,228.0199,0.6946034147851392
2,4,GB time only,2,10,1,1,229.0149,0.61171902462306
2,4,GB time only,2,10,1,1,230.0192,0.7483384028735228
2,4,GB time only,2,10,1,1,231.0134,0.6129641952611053
2,4,GB time only,2,10,1,1,232.0176,0.6390338547099508
2,4,GB time only,2,10,1,1,233.0125,0.6390338547099508
2,4,GB time only,2,10,1,1,234.0187,0.6930347194542372
2,4,GB time only,2,10,1,1,235.0131,0.6135170954537545
2,4,GB time only,2,10,1,1,236.0166,0.6654980078626347
2,4,GB time only,2,10,1,1,237.0101,0.6654980078626347
2,4,GB time only,2,10,1,1,238.0171,0.6441516894837348
2,4,GB time only,2,10,1,1,239.0119,0.6526790132370588
2,4,GB time only,2,10,1,1,240.0162,0.6441516894837348
2,4,GB time only,2,10,1,1,241.0115,0.667337953165015
2,4,GB time only,2,10,1,1,242.0157,0.69017505574736
2,4,GB time only,2,10,1,1,243.0193,0.6430553479742096
2,4,GB time only,2,10,1,1,244.015,0.6430553479742096
2,4,GB time only,2,10,1,1,245.0209,0.6931609167370609
2,4,GB time only,2,10,1,1,246.0146,0.6137486904956606
2,4,GB time only,2,10,1,1,247.0186,0.6642759131060015
2,4,GB time only,2,10,1,1,248.015,0.6642759131060015
2,4,GB time only,2,10,1,1,249.0188,0.6508677773556049
2,4,GB time only,2,10,1,1,250.0104,0.6488551631424149
2,4,GB time only,2,10,1,1,251.0183,0.6654804215093504
2,4,GB time only,2,10,1,1,252.0135,0.6406587090157225
2,4,GB time only,2,10,1,1,253.0179,0.6406587090157225
2,4,GB time only,2,10,1,1,254.0114,0.6406587090157225
2,4,GB time only,2,10,1,1,255.018,0.6963871844757411
2,4,GB time only,2,10,1,1,256.0106,0.6963871844757411
2,4,GB time only,2,10,1,1,257.0179,0.6701066441057318
2,4,GB time only,2,10,1,1,258.0125,0.6701066441057318
2,4,GB time only,2,10,1,1,259.0168,0.6701066441057318
2,4,GB time only,2,10,1,1,260.0098,0.6701066441057318
2,4,GB time only,2,10,1,1,261.0157,0.6953138728106352
2,4,GB time only,2,10,1,1,262.0208,0.6881329780266509
2,4,GB time only,2,10,1,1,263.0148,0.6881329780266509
2,4,GB time only,2,10,1,1,264.0195,0.6714592264239794
2,4,GB time only,2,10,1,1,265.0154,0.6956397885915163
2,4,GB time only,2,10,1,1,266.0211,0.6714592264239794
2,4,GB time only,2,10,1,1,267.0141,0.6714592264239794
2,4,GB time only,2,10,1,1,268.0197,0.6956397885915163
2,4,GB time only,2,10,1,1,269.0141,0.6714592264239794
2,4,GB time only,2,10,1,1,270.0194,0.6960395036154033
2,4,GB time only,2,10,1,1,271.015,0.6960395036154033
2,4,GB time only,2,10,1,1,272.0182,0.6704738014559443
2,4,GB time only,2,10,1,1,273.0125,0.6704738014559443
2,4,GB time only,2,10,1,1,274.0172,0.6957569990244826
2,4,GB time only,2,10,1,1,275.0119,0.6957569990244826
2,4,GB time only,2,10,1,1,276.0185,0.688266235850598
2,4,GB time only,2,10,1,1,277.0111,0.640738992856085
2,4,GB time only,2,10,1,1,278.0171,0.7540006602304941
2,4,GB time only,2,10,1,1,279.011,0.7275158507129579
2,4,GB time only,2,10,1,1,280.0167,0.7275158507129579
2,4,GB time only,2,10,1,1,281.0197,0.7275158507129579
2,4,GB time only,2,10,1,1,282.0163,0.7275158507129579
2,4,GB time only,2,10,1,1,283.0205,0.701605846868956
2,4,GB time only,2,10,1,1,284.0165,0.7264937829448985
2,4,GB time only,2,10,1,1,285.02,0.7264937829448985
2,4,GB time only,2,10,1,1,286.0127,0.6999583882688674
2,4,GB time only,2,10,1,1,287.0202,0.6999583882688674
2,4,GB time only,2,10,1,1,288.0143,0.7461680806462133
2,4,GB time only,2,10,1,1,289.0207,0.7461680806462133
2,4,GB time only,2,10,1,1,290.0141,0.6534634573563552
2,4,GB time only,2,10,1,1,291.0206,0.7456471439150993
2,4,GB time only,2,10,1,1,292.0137,0.7281966882938485
2,4,GB time only,2,10,1,1,293.0199,0.7281966882938485
2,4,GB time only,2,10,1,1,294.0122,0.7008374406316793
2,4,GB time only,2,10,1,1,295.0179,0.7830678440762698
2,4,GB time only,2,10,1,1,296.0117,0.7830678440762698
2,4,GB time only,2,10,1,1,297.018,0.7289921583157363
2,4,GB time only,2,10,1,1,298.0117,0.7289921583157363
2,4,GB time only,2,10,1,1,299.0169,0.7563889366905666
2,4,GB time only,2,10,1,1,300.011,0.7563889366905666
2,4,GB time only,2,10,1,1,301.0153,0.7563889366905666
2,4,RF+GB,2,2,0,0,0.0,0.0002844463746188416
2,4,RF+GB,2,2,0,0,1.000205,0.020260176648623243
2,4,RF+GB,2,2,0,0,1.994169,0.032603728014684086
2,4,RF+GB,2,2,0,0,2.99987,0.04210894872731337
2,4,RF+GB,2,2,0,0,4.004305,0.03556772208747906
2,4,RF+GB,2,2,0,0,4.998423,0.04828203149417208
2,4,RF+GB,2,2,0,0,5.993399,0.043479789449441156
2,4,RF+GB,2,2,0,0,6.99834,0.15216888754998908
2,4,RF+GB,2,2,0,0,8.003426,0.24391327796910794
2,4,RF+GB,2,2,0,0,8.995827,0.21504356558957155
2,4,RF+GB,2,2,0,0,10.00222,0.12441504894732408
2,4,RF+GB,2,2,0,0,10.9963,0.10131386892400157
2,4,RF+GB,2,2,0,0,12.00186,0.0866150157802878
2,4,RF+GB,2,2,0,0,12.99631,0.07928727873679256
2,4,RF+GB,2,2,0,0,14.00165,0.10704643678820816
2,4,RF+GB,2,2,0,0,14.99503,0.10427902898151548
2,4,RF+GB,2,2,0,0,16.00142,0.11519171064291209
2,4,RF+GB,2,2,0,0,16.99521,0.10097768655808353
2,4,RF+GB,2,2,0,0,17.99982,0.07635715910427239
2,4,RF+GB,2,2,0,0,18.99629,0.029840239348801048
2,4,RF+GB,2,2,0,0,20.00061,0.032535545749974075
2,4,RF+GB,2,2,0,0,20.99563,0.031123034259586416
2,4,RF+GB,2,2,0,0,21.99956,0.047808720070245427
2,4,RF+GB,2,2,0,0,22.99362,0.043893935537907415
2,4,RF+GB,2,2,0,0,23.99915,0.054451305810968534
2,4,RF+GB,2,2,0,0,24.99448,0.06552263656753823
2,4,RF+GB,2,2,0,0,25.99742,0.07686508377921158
2,4,RF+GB,2,2,0,0,26.99371,0.0738823428014403
2,4,RF+GB,2,2,0,0,27.99764,0.07397130566907471
2,4,RF+GB,2,2,0,0,29.00353,0.07184593226470878
2,4,RF+GB,2,2,0,0,29.99711,0.06801306663506251
2,4,RF+GB,2,2,0,0,31.00312,0.0700983021779154
2,4,RF+GB,2,2,0,0,31.99651,0.07831425309906362
2,4,RF+GB,2,2,0,0,33.00121,0.06091996948122228
2,4,RF+GB,2,2,0,0,33.9953,0.05163650308367526
2,4,RF+GB,2,2,0,0,35.00201,0.05724529304423544
2,4,RF+GB,2,2,0,0,35.99474,0.05993990577991847
2,4,RF+GB,2,2,0,0,37.00034,0.06265777473834448
2,4,RF+GB,2,2,0,0,37.99348,0.06303331684029528
2,4,RF+GB,2,2,0,0,38.99988,0.06963660572780671
2,4,RF+GB,2,2,0,0,39.99434,0.07294576410800058
2,4,RF+GB,2,2,0,0,40.99866,0.06451542999736543
2,4,RF+GB,2,2,0,0,41.99391,0.06122163693240034
2,4,RF+GB,2,2,0,0,42.99882,0.06267505470596005
2,4,RF+GB,2,2,0,0,44.00379,0.060899815005231436
2,4,RF+GB,2,2,0,0,44.99791,0.05928054823566577
2,4,RF+GB,2,2,0,0,46.00389,0.046856877487357895
2,4,RF+GB,2,2,0,0,46.99784,0.05004749155638861
2,4,RF+GB,2,2,0,0,48.00324,0.048455347697195075
2,4,RF+GB,2,2,0,0,48.99698,0.05173208814788339
2,4,RF+GB,2,2,0,0,50.00296,0.053864032574130326
2,4,RF+GB,2,2,0,0,50.99651,0.04645545965019633
2,4,RF+GB,2,2,0,0,51.99992,0.05003441633223651
2,4,RF+GB,2,2,0,0,52.99696,0.05093812652074914
2,4,RF+GB,2,2,0,0,54.00121,0.05046267834589881
2,4,RF+GB,2,2,0,0,54.99426,0.05109128827601719
2,4,RF+GB,2,2,0,0,56.00108,0.052608578135817124
2,4,RF+GB,2,2,0,0,56.99522,0.05457946209751967
2,4,RF+GB,2,2,0,0,57.99969,0.05626057767598365
2,4,RF+GB,2,2,0,0,58.99453,0.05373437844363903
2,4,RF+GB,2,2,0,0,60.00053,0.05711732727542508
2,4,RF+GB,2,2,0,0,60.99381,0.05705729286592324
2,4,RF+GB,2,2,0,0,61.99977,0.05885476934719265
2,4,RF+GB,2,2,0,0,63.00386,0.06224456545742876
2,4,RF+GB,2,2,0,0,63.99706,0.06787188554826777
2,4,RF+GB,2,2,0,0,65.00371,0.0842560304155147
2,4,RF+GB,2,2,0,0,65.99866,0.09210856464114096
2,4,RF+GB,2,2,0,0,67.00185,0.10212075927408884
2,4,RF+GB,2,2,0,0,67.99766,0.2398637264332274
2,4,RF+GB,2,2,0,0,69.00256,0.22699783136066437
2,4,RF+GB,2,2,0,0,69.99706,0.2177767433830608
2,4,RF+GB,2,2,0,0,71.00292,0.22528856579417664
2,4,RF+GB,2,2,0,0,71.99744,0.2294867380227394
2,4,RF+GB,2,2,0,0,73.00128,0.23106922327065627
2,4,RF+GB,2,2,0,0,73.9956,0.14671085321906643
2,4,RF+GB,2,2,0,0,75.00233,0.14520316794313462
2,4,RF+GB,2,2,0,0,75.99583,0.137412204606221
2,4,RF+GB,2,2,0,0,77.00105,0.10646591048012893
2,4,RF+GB,2,2,0,0,77.99459,0.16856163310514832
2,4,RF+GB,2,2,0,0,79.00166,0.13738806893122524
2,4,RF+GB,2,2,0,0,79.99458,0.10475664773009476
2,4,RF+GB,2,2,0,0,81.00029,0.11084203721839032
2,4,RF+GB,2,2,0,0,82.00448,0.12571893407214413
2,4,RF+GB,2,2,0,0,82.99762,0.1218467906194221
2,4,RF+GB,2,2,0,0,83.99378,0.1258602930457817
2,4,RF+GB,2,2,0,0,84.99883,0.12403419447009627
2,4,RF+GB,2,2,0,0,86.00435,0.133977278791959
2,4,RF+GB,2,2,0,0,86.99805,0.12713195049592915
2,4,RF+GB,2,2,0,0,88.00208,0.12121245293975921
2,4,RF+GB,2,2,0,0,88.9961,0.1300864489567772
2,4,RF+GB,2,2,0,0,90.00268,0.2748414925509106
2,4,RF+GB,2,2,0,0,90.99656,0.27552941138089837
2,4,RF+GB,2,2,0,0,92.00213,0.260889611611691
2,4,RF+GB,2,2,0,0,92.99535,0.21190797215867854
2,4,RF+GB,2,2,0,0,94.00014,0.19988087052637454
2,4,RF+GB,2,2,0,0,94.99482,0.19904437356663138
2,4,RF+GB,2,2,0,0,96.00101,0.17177981270455953
2,4,RF+GB,2,2,0,0,96.99474,0.1575954299048937
2,4,RF+GB,2,2,0,0,97.99886,0.1462379401846822
2,4,RF+GB,2,2,0,0,98.99485,0.1480622186118981
2,4,RF+GB,2,2,0,0,100.0004,0.14871962679439543
2,4,RF+GB,2,2,0,0,100.9946,0.12335685106133698
2,4,RF+GB,2,2,0,0,101.9996,0.08980621395271299
2,4,RF+GB,2,2,0,0,103.0037,0.08005094978429633
2,4,RF+GB,2,2,0,0,103.9989,0.11852298554971166
2,4,RF+GB,2,2,0,0,105.0039,0.0757653341948558
2,4,RF+GB,2,2,0,0,105.9986,0.07424313678162936
2,4,RF+GB,2,2,0,0,107.0032,0.07665685547860557
2,4,RF+GB,2,2,0,0,107.9987,0.0707702374541328
2,4,RF+GB,2,2,0,0,108.9936,0.07563482185444033
2,4,RF+GB,2,2,0,0,109.9969,0.07532486284537356
2,4,RF+GB,2,2,0,0,111.0026,0.07123680980266305
2,4,RF+GB,2,2,0,0,111.9943,0.06272112239613152
2,4,RF+GB,2,2,0,0,113.0022,0.07246031773939893
2,4,RF+GB,2,2,0,0,113.9966,0.07545757526959358
2,4,RF+GB,2,2,0,0,115.0023,0.06727901991560191
2,4,RF+GB,2,2,0,0,115.9952,0.07283844263604852
2,4,RF+GB,2,2,0,0,117.0004,0.06862529522534946
2,4,RF+GB,2,2,0,0,117.9948,0.06372054945045254
2,4,RF+GB,2,2,0,0,118.9998,0.06840963092237139
2,4,RF+GB,2,2,0,0,119.9942,0.06640791805940319
2,4,RF+GB,2,2,0,0,120.9996,0.06412214375585526
2,4,RF+GB,2,2,0,0,121.9939,0.06384438803165646
2,4,RF+GB,2,2,0,0,122.9996,0.06606701829979704
2,4,RF+GB,2,2,0,0,123.9944,0.07345699334805991
2,4,RF+GB,2,2,0,0,124.9997,0.07349571364114733
2,4,RF+GB,2,2,0,0,126.0041,0.09269153992909832
2,4,RF+GB,2,2,0,0,126.9962,0.0948099688308498
2,4,RF+GB,2,2,0,0,128.001,0.09341644387036041
2,4,RF+GB,2,2,0,0,128.9966,0.09843805197082772
2,4,RF+GB,2,2,0,0,130.0031,0.09301662954998326
2,4,RF+GB,2,2,0,0,130.9969,0.0792551796866932
2,4,RF+GB,2,2,0,0,132.0034,0.07853296808303384
2,4,RF+GB,2,2,0,0,132.9951,0.08605462000695928
2,4,RF+GB,2,2,0,0,134.0018,0.08623501336384896
2,4,RF+GB,2,2,0,0,134.9952,0.08603591618615455
2,4,RF+GB,2,2,0,0,136.0003,0.08985382261883536
2,4,RF+GB,2,2,0,0,136.9947,0.09203377345697093
2,4,RF+GB,2,2,0,0,138.0004,0.09057948959320189
2,4,RF+GB,2,2,0,0,139.0037,0.10010705698981907
2,4,RF+GB,2,2,0,0,139.9993,0.09863909740822414
2,4,RF+GB,2,2,0,0,140.9939,0.11102573023394326
2,4,RF+GB,2,2,0,0,141.9993,0.12164432811549408
2,4,RF+GB,2,2,0,0,143.0044,0.1273014004762179
2,4,RF+GB,2,2,0,0,143.9993,0.1300481071876777
2,4,RF+GB,2,2,0,0,144.9935,0.13668198446989074
2,4,RF+GB,2,2,0,0,145.9975,0.13079956004243698
2,4,RF+GB,2,2,0,0,147.002,0.14330618889165042
2,4,RF+GB,2,2,0,0,147.9976,0.14676672137608532
2,4,RF+GB,2,2,0,0,149.004,0.14534197209717348
2,4,RF+GB,2,2,0,0,149.9961,0.1662114959801744
2,4,RF+GB,2,2,0,0,151.0017,0.15898584176189665
2,4,RF+GB,2,2,0,0,151.9958,0.15688959757826346
2,4,RF+GB,2,2,0,0,153.0004,0.15918200782391576
2,4,RF+GB,2,2,0,0,153.9949,0.15358227727169632
2,4,RF+GB,2,2,0,0,155.0013,0.15278642003671355
2,4,RF+GB,2,2,0,0,155.9958,0.14562563815741578
2,4,RF+GB,2,2,0,0,157.0011,0.14002912970323403
2,4,RF+GB,2,2,0,0,158.0043,0.14057173698068662
2,4,RF+GB,2,2,0,0,159.0005,0.13746295217863969
2,4,RF+GB,2,2,0,0,160.0046,0.14169725552515477
2,4,RF+GB,2,2,0,0,160.9996,0.14057846102792798
2,4,RF+GB,2,2,0,0,162.0037,0.14057181570514213
2,4,RF+GB,2,2,0,0,162.9976,0.1099847315074745
2,4,RF+GB,2,2,0,0,164.0039,0.11167784819910778
2,4,RF+GB,2,2,0,0,164.9958,0.12126370556590033
2,4,RF+GB,2,2,0,0,165.9934,0.12653779851739827
2,4,RF+GB,2,2,0,0,166.9979,0.12563992266108134
2,4,RF+GB,2,2,0,0,168.0029,0.13128543321446962
2,4,RF+GB,2,2,0,0,168.9963,0.134540998112039
2,4,RF+GB,2,2,0,0,170.0005,0.13100992139599638
2,4,RF+GB,2,2,0,0,170.9958,0.13253411351171923
2,4,RF+GB,2,2,0,0,172.0012,0.129293469912534
2,4,RF+GB,2,2,0,0,172.9956,0.14358419545044857
2,4,RF+GB,2,2,0,0,174.0013,0.15820549690316743
2,4,RF+GB,2,2,0,0,174.9954,0.1488710414453114
2,4,RF+GB,2,2,0,0,176.0,0.16077651020279224
2,4,RF+GB,2,2,0,0,176.9954,0.15030453341445993
2,4,RF+GB,2,2,0,0,178.0005,0.13564110013431055
2,4,RF+GB,2,2,0,0,179.0044,0.12475047100443484
2,4,RF+GB,2,2,0,0,179.9999,0.14031565127841877
2,4,RF+GB,2,2,0,0,180.9948,0.15076718384673166
2,4,RF+GB,2,2,0,0,181.9996,0.14867351265050233
2,4,RF+GB,2,2,0,0,182.9938,0.16131827262682077
2,4,RF+GB,2,2,0,0,183.9996,0.15756026848892013
2,4,RF+GB,2,2,0,0,185.0037,0.16046283030759081
2,4,RF+GB,2,2,0,0,185.9989,0.16159192017740237
2,4,RF+GB,2,2,0,0,187.0027,0.16795658667808724
2,4,RF+GB,2,2,0,0,187.9986,0.14706557337531737
2,4,RF+GB,2,2,0,0,189.0018,0.1574079991991643
2,4,RF+GB,2,2,0,0,189.9977,0.15756099174286273
2,4,RF+GB,2,2,0,0,191.0019,0.17523966100484298
2,4,RF+GB,2,2,0,0,191.9964,0.16822221711543656
2,4,RF+GB,2,2,0,0,193.0019,0.1680728645102129
2,4,RF+GB,2,2,0,0,193.9954,0.15115070266114522
2,4,RF+GB,2,2,0,0,195.001,0.14320372961766004
2,4,RF+GB,2,2,0,0,195.9944,0.1482335166644407
2,4,RF+GB,2,2,0,0,197.0007,0.14920264767890803
2,4,RF+GB,2,2,0,0,197.9939,0.144669062457425
2,4,RF+GB,2,2,0,0,198.9984,0.14282688406780275
2,4,RF+GB,2,2,0,0,200.0031,0.14794584353333728
2,4,RF+GB,2,2,0,0,200.9996,0.15428873440136737
2,4,RF+GB,2,2,0,0,202.0045,0.1518485142047421
2,4,RF+GB,2,2,0,0,202.9982,0.15082758036536162
2,4,RF+GB,2,2,0,0,204.004,0.15558260415820632
2,4,RF+GB,2,2,0,0,204.9996,0.14961752829201655
2,4,RF+GB,2,2,0,0,206.0046,0.15034933878271028
2,4,RF+GB,2,2,0,0,206.9983,0.15201600544937696
2,4,RF+GB,2,2,0,0,208.0024,0.15873387431664443
2,4,RF+GB,2,2,0,0,208.9951,0.15697252051884103
2,4,RF+GB,2,2,0,0,210.0027,0.15530585385217438
2,4,RF+GB,2,2,0,0,210.9949,0.1385939067320609
2,4,RF+GB,2,2,0,0,212.0016,0.13578031786978148
2,4,RF+GB,2,2,0,0,212.9949,0.12781497408929107
2,4,RF+GB,2,2,0,0,214.0006,0.12585646672742823
2,4,RF+GB,2,2,0,0,214.9952,0.12251370966672342
2,4,RF+GB,2,2,0,0,216.0003,0.12136614496965437
2,4,RF+GB,2,2,0,0,216.9954,0.12442645534176974
2,4,RF+GB,2,2,0,0,217.9993,0.12651900872611332
2,4,RF+GB,2,2,0,0,218.9953,0.12750529692019208
2,4,RF+GB,2,2,0,0,220.0006,0.13102465127778778
2,4,RF+GB,2,2,0,0,220.9946,0.12824165464961823
2,4,RF+GB,2,2,0,0,221.9974,0.1292325705616075
2,4,RF+GB,2,2,0,0,223.0048,0.12603061666910292
2,4,RF+GB,2,2,0,0,223.9989,0.1277147481783807
2,4,RF+GB,2,2,0,0,225.004,0.13788840170825759
2,4,RF+GB,2,2,0,0,225.9989,0.14021350396102808
2,4,RF+GB,2,2,0,0,227.0026,0.1312148482762256
2,4,RF+GB,2,2,0,0,227.9984,0.12644641707220078
2,4,RF+GB,2,2,0,0,229.0035,0.12903544996319577
2,4,RF+GB,2,2,0,0,229.9966,0.1283514820256092
2,4,RF+GB,2,2,0,0,231.002,0.13367613484947727
2,4,RF+GB,2,2,0,0,231.9962,0.12958426721886587
2,4,RF+GB,2,2,0,0,233.0006,0.12386500819513169
2,4,RF+GB,2,2,0,0,233.9961,0.1269610463070742
2,4,RF+GB,2,2,0,0,235.0027,0.12760156443105083
2,4,RF+GB,2,2,0,0,235.996,0.129637164458256
2,4,RF+GB,2,2,0,0,237.0018,0.13529578729113795
2,4,RF+GB,2,2,0,0,237.995,0.14444802026154613
2,4,RF+GB,2,2,0,0,239.0019,0.14746776311134824
2,4,RF+GB,2,2,0,0,239.9948,0.14964853378774606
2,4,RF+GB,2,2,0,0,240.9989,0.14740581342270828
2,4,RF+GB,2,2,0,0,242.0038,0.1412797571357449
2,4,RF+GB,2,2,0,0,242.9988,0.13962026637967673
2,4,RF+GB,2,2,0,0,244.0048,0.1489503029357306
2,4,RF+GB,2,2,0,0,244.9977,0.14840933788794997
2,4,RF+GB,2,2,0,0,246.0033,0.14808514951259402
2,4,RF+GB,2,2,0,0,246.9974,0.14709580430593067
2,4,RF+GB,2,2,0,0,248.0032,0.1529058991287759
2,4,RF+GB,2,2,0,0,248.9989,0.14645501054664514
2,4,RF+GB,2,2,0,0,250.0025,0.16607816057864172
2,4,RF+GB,2,2,0,0,250.9969,0.16613363773867512
2,4,RF+GB,2,2,0,0,252.0007,0.17552893162356098
2,4,RF+GB,2,2,0,0,252.9972,0.17628015966625474
2,4,RF+GB,2,2,0,0,254.0013,0.16782488456666375
2,4,RF+GB,2,2,0,0,254.9957,0.15277358550809902
2,4,RF+GB,2,2,0,0,256.0012,0.15501518959328708
2,4,RF+GB,2,2,0,0,256.9948,0.1493299539477552
2,4,RF+GB,2,2,0,0,258.0016,0.17867235221809613
2,4,RF+GB,2,2,0,0,258.9961,0.1668590018944407
2,4,RF+GB,2,2,0,0,260.0005,0.16927993229731614
2,4,RF+GB,2,2,0,0,261.005,0.2174193867780145
2,4,RF+GB,2,2,0,0,261.9996,0.21350090542173805
2,4,RF+GB,2,2,0,0,263.005,0.19663417168239136
2,4,RF+GB,2,2,0,0,263.9995,0.1690398069435895
2,4,RF+GB,2,2,0,0,265.0048,0.13156563725001358
2,4,RF+GB,2,2,0,0,265.9982,0.13691648614920301
2,4,RF+GB,2,2,0,0,267.0045,0.1341092940059857
2,4,RF+GB,2,2,0,0,267.9995,0.13362622593784235
2,4,RF+GB,2,2,0,0,269.0038,0.13376733591399662
2,4,RF+GB,2,2,0,0,269.9978,0.13673329725275715
2,4,RF+GB,2,2,0,0,271.0036,0.14486404640516432
2,4,RF+GB,2,2,0,0,271.9975,0.14982095644610366
2,4,RF+GB,2,2,0,0,273.0035,0.1481740680522594
2,4,RF+GB,2,2,0,0,273.996,0.1468027548385163
2,4,RF+GB,2,2,0,0,275.0023,0.14474738725257247
2,4,RF+GB,2,2,0,0,275.9955,0.14199731367475557
2,4,RF+GB,2,2,0,0,277.0023,0.14612939660368046
2,4,RF+GB,2,2,0,0,277.996,0.21207568628750603
2,4,RF+GB,2,2,0,0,279.0019,0.18533691512268174
2,4,RF+GB,2,2,0,0,279.9952,0.19118061217096566
2,4,RF+GB,2,2,0,0,280.9987,0.18979867842078998
2,4,RF+GB,2,2,0,0,282.0053,0.18283637942005862
2,4,RF+GB,2,2,0,0,282.9994,0.20783432487842063
2,4,RF+GB,2,2,0,0,284.0045,0.19608321866697048
2,4,RF+GB,2,2,0,0,284.9988,0.1983232603588389
2,4,RF+GB,2,2,0,0,286.0036,0.18997760761069604
2,4,RF+GB,2,2,0,0,286.9983,0.22629508985549995
2,4,RF+GB,2,2,0,0,288.0022,0.1689649293523303
2,4,RF+GB,2,2,0,0,288.9989,0.1845376714505732
2,4,RF+GB,2,2,0,0,290.0029,0.18211125560974567
2,4,RF+GB,2,2,1,1,290.9975,0.1981247964735707
2,4,RF+GB,2,2,1,1,292.0027,0.21287630576658897
2,4,RF+GB,2,2,1,1,292.9962,0.2274031813687426
2,4,RF+GB,2,2,1,1,294.0034,0.2535898252710378
2,4,RF+GB,2,2,1,1,294.9959,0.23968783520015563
2,4,RF+GB,2,2,1,1,296.0013,0.24477141989776946
2,4,RF+GB,2,2,1,1,296.9955,0.23804198915214686
2,4,RF+GB,2,2,1,1,298.0017,0.24838184725897333
2,4,RF+GB,2,2,1,1,298.9961,0.6913677477098321
2,4,RF+GB,2,2,1,1,300.0004,0.6216167388220385
2,4,RF+GB,2,2,1,1,300.9952,0.5987842520257396
2,4,RF+GB,2,3,0,0,0.011238,0.013138642399020798
2,4,RF+GB,2,3,0,0,1.010427,0.034157100244033796
2,4,RF+GB,2,3,0,0,2.005901,0.03891572923620736
2,4,RF+GB,2,3,0,0,3.009208,0.0415772757201835
2,4,RF+GB,2,3,0,0,4.013891,0.06397361349149867
2,4,RF+GB,2,3,0,0,5.009709,0.09358970698423423
2,4,RF+GB,2,3,0,0,6.013655,0.47512108453869106
2,4,RF+GB,2,3,0,0,7.01029,0.4819586068387143
2,4,RF+GB,2,3,0,0,8.004245,0.4828608838099533
2,4,RF+GB,2,3,0,0,9.006847,0.44422580213065027
2,4,RF+GB,2,3,0,0,10.00374,0.3263658833960267
2,4,RF+GB,2,3,0,0,11.00845,0.1332062132326628
2,4,RF+GB,2,3,0,0,12.00327,0.06955950013459622
2,4,RF+GB,2,3,0,0,13.00797,0.06855226909534112
2,4,RF+GB,2,3,0,0,14.01414,0.19679111533389324
2,4,RF+GB,2,3,0,0,15.00711,0.37746668156854923
2,4,RF+GB,2,3,0,0,16.01306,0.1860269250881737
2,4,RF+GB,2,3,0,0,17.00686,0.19227562706993778
2,4,RF+GB,2,3,0,0,18.01257,0.2660283254094978
2,4,RF+GB,2,3,0,0,19.00748,0.3100813102627463
2,4,RF+GB,2,3,0,0,20.01261,0.32139677122831095
2,4,RF+GB,2,3,0,0,21.00554,0.3678136022378995
2,4,RF+GB,2,3,0,0,22.01061,0.35391828991110796
2,4,RF+GB,2,3,0,0,23.01419,0.35545484848235825
2,4,RF+GB,2,3,0,0,24.01053,0.3524936720918581
2,4,RF+GB,2,3,0,0,25.00407,0.3604290363890749
2,4,RF+GB,2,3,0,0,26.01028,0.2406919672327787
2,4,RF+GB,2,3,0,0,27.00355,0.2842014654661522
2,4,RF+GB,2,3,0,0,28.00709,0.3549570880822195
2,4,RF+GB,2,3,0,0,29.00403,0.2921808499420431
2,4,RF+GB,2,3,0,0,30.00948,0.29385532085652366
2,4,RF+GB,2,3,0,0,31.01333,0.2527115884950787
2,4,RF+GB,2,3,0,0,32.00739,0.23182273250207533
2,4,RF+GB,2,3,0,0,33.0139,0.19289498783958173
2,4,RF+GB,2,3,0,0,34.0069,0.20767871464146354
2,4,RF+GB,2,3,0,0,35.01249,0.24806412497004554
2,4,RF+GB,2,3,0,0,36.00776,0.23346690792745015
2,4,RF+GB,2,3,0,0,37.01255,0.17922472885163448
2,4,RF+GB,2,3,0,0,38.00636,0.14591702832305498
2,4,RF+GB,2,3,0,0,39.01038,0.13940210699023342
2,4,RF+GB,2,3,0,0,40.0048,0.1391569044306383
2,4,RF+GB,2,3,0,0,41.01232,0.14444522139605948
2,4,RF+GB,2,3,0,0,42.00532,0.1664910386283115
2,4,RF+GB,2,3,0,0,43.01156,0.171244089131952
2,4,RF+GB,2,3,0,0,44.00523,0.2176331791460906
2,4,RF+GB,2,3,0,0,45.0106,0.2390903143471977
2,4,RF+GB,2,3,0,0,46.00391,0.24746963296744373
2,4,RF+GB,2,3,0,0,47.00961,0.26369482401000477
2,4,RF+GB,2,3,0,0,48.00344,0.231969596583874
2,4,RF+GB,2,3,0,0,49.00859,0.22550032973639308
2,4,RF+GB,2,3,0,0,50.01414,0.1777136252779794
2,4,RF+GB,2,3,0,0,51.00926,0.16672898264704752
2,4,RF+GB,2,3,0,0,52.01384,0.1676902798350503
2,4,RF+GB,2,3,0,0,53.00763,0.1327990728052553
2,4,RF+GB,2,3,0,0,54.01284,0.13453304397824437
2,4,RF+GB,2,3,0,0,55.007,0.21117889755903488
2,4,RF+GB,2,3,0,0,56.0122,0.22361187101040508
2,4,RF+GB,2,3,0,0,57.00453,0.17430572479041415
2,4,RF+GB,2,3,0,0,58.01069,0.1707397529091213
2,4,RF+GB,2,3,0,0,59.00611,0.16820006501608184
2,4,RF+GB,2,3,0,0,60.00909,0.17748046517730776
2,4,RF+GB,2,3,0,0,61.00516,0.17746994450660716
2,4,RF+GB,2,3,0,0,62.01141,0.20338019572266713
2,4,RF+GB,2,3,0,0,63.00307,0.19846747249475483
2,4,RF+GB,2,3,0,0,64.00782,0.20263818311138193
2,4,RF+GB,2,3,0,0,65.004,0.1846026673432959
2,4,RF+GB,2,3,0,0,66.0097,0.17782097295236737
2,4,RF+GB,2,3,0,0,67.00374,0.1895812339675123
2,4,RF+GB,2,3,0,0,68.00844,0.25914142367097365
2,4,RF+GB,2,3,0,0,69.01296,0.2986740609177955
2,4,RF+GB,2,3,0,0,70.00988,0.27252572517223483
2,4,RF+GB,2,3,0,0,71.0142,0.304288561791734
2,4,RF+GB,2,3,0,0,72.00565,0.35808167346826947
2,4,RF+GB,2,3,0,0,73.01225,0.3642436674674075
2,4,RF+GB,2,3,0,0,74.0084,0.3602376902647627
2,4,RF+GB,2,3,0,0,75.01354,0.36327127771153345
2,4,RF+GB,2,3,0,0,76.00615,0.36064330637571596
2,4,RF+GB,2,3,0,0,77.0134,0.3653020719902989
2,4,RF+GB,2,3,0,0,78.00726,0.3699981028458933
2,4,RF+GB,2,3,0,0,79.01142,0.36280015600518456
2,4,RF+GB,2,3,0,0,80.00616,0.3715653052782237
2,4,RF+GB,2,3,0,0,81.01123,0.37623717092280107
2,4,RF+GB,2,3,0,0,82.00616,0.3906945599672114
2,4,RF+GB,2,3,0,0,83.00994,0.4153898416100261
2,4,RF+GB,2,3,0,0,84.00312,0.416056566311171
2,4,RF+GB,2,3,0,0,85.00861,0.42284632534926003
2,4,RF+GB,2,3,0,0,86.00405,0.42418093521049316
2,4,RF+GB,2,3,0,0,87.01019,0.42789098618015675
2,4,RF+GB,2,3,0,0,88.01415,0.42910241136809535
2,4,RF+GB,2,3,0,0,89.00842,0.4373409301397375
2,4,RF+GB,2,3,0,0,90.01416,0.4400707653396202
2,4,RF+GB,2,3,0,0,91.0079,0.43554553110528177
2,4,RF+GB,2,3,0,0,92.00355,0.45329134651599945
2,4,RF+GB,2,3,0,0,93.00796,0.31142631026519624
2,4,RF+GB,2,3,0,0,94.01137,0.3497936400803985
2,4,RF+GB,2,3,0,0,95.00732,0.3801795932831322
2,4,RF+GB,2,3,0,0,96.01418,0.3646231930854369
2,4,RF+GB,2,3,0,0,97.00631,0.3879566214806547
2,4,RF+GB,2,3,0,0,98.01198,0.410490092366543
2,4,RF+GB,2,3,0,0,99.0062,0.3840454128442795
2,4,RF+GB,2,3,0,0,100.012,0.3483633245794635
2,4,RF+GB,2,3,0,0,101.0051,0.37236595699025493
2,4,RF+GB,2,3,0,0,102.0107,0.34766455787046163
2,4,RF+GB,2,3,0,0,103.0037,0.36368015046929025
2,4,RF+GB,2,3,0,0,104.0105,0.3450863855766544
2,4,RF+GB,2,3,0,0,105.0039,0.321108579277262
2,4,RF+GB,2,3,0,0,106.0083,0.31259093958019046
2,4,RF+GB,2,3,0,0,107.0031,0.34308930235214485
2,4,RF+GB,2,3,0,0,108.0084,0.325411747134418
2,4,RF+GB,2,3,0,0,109.0032,0.32422589214658826
2,4,RF+GB,2,3,0,0,110.0087,0.32703950039697616
2,4,RF+GB,2,3,0,0,111.0139,0.35628047960003545
2,4,RF+GB,2,3,0,0,112.0062,0.3302813264817843
2,4,RF+GB,2,3,0,0,113.0129,0.3458030105275348
2,4,RF+GB,2,3,0,0,114.0063,0.3236146598151176
2,4,RF+GB,2,3,0,0,115.0135,0.3523375443726434
2,4,RF+GB,2,3,0,0,116.0077,0.35666393011964037
2,4,RF+GB,2,3,0,0,117.013,0.36598918374091755
2,4,RF+GB,2,3,0,0,118.0064,0.36616566016189883
2,4,RF+GB,2,3,0,0,119.0118,0.3580908886458597
2,4,RF+GB,2,3,0,0,120.0056,0.358158779296298
2,4,RF+GB,2,3,0,0,121.0098,0.3557574794387142
2,4,RF+GB,2,3,0,0,122.0058,0.3164837007909336
2,4,RF+GB,2,3,0,0,123.0083,0.34053054448869663
2,4,RF+GB,2,3,0,0,124.0142,0.3458125903936315
2,4,RF+GB,2,3,0,0,125.0098,0.36074171307073954
2,4,RF+GB,2,3,0,0,126.0131,0.37965802884753885
2,4,RF+GB,2,3,0,0,127.0085,0.3567903206063065
2,4,RF+GB,2,3,0,0,128.0035,0.37644134927123984
2,4,RF+GB,2,3,0,0,129.0072,0.3557410600111555
2,4,RF+GB,2,3,0,0,130.014,0.36270778056217035
2,4,RF+GB,2,3,0,0,131.0072,0.3711348892405688
2,4,RF+GB,2,3,0,0,132.0132,0.3940178100388839
2,4,RF+GB,2,3,0,0,133.0071,0.39735114337221733
2,4,RF+GB,2,3,0,0,134.0137,0.40141057653634593
2,4,RF+GB,2,3,0,0,135.0055,0.3738311451048962
2,4,RF+GB,2,3,0,0,136.0135,0.39990009870707743
2,4,RF+GB,2,3,0,0,137.0076,0.3992721221998299
2,4,RF+GB,2,3,0,0,138.0122,0.39864207213966707
2,4,RF+GB,2,3,0,0,139.006,0.38998441387817673
2,4,RF+GB,2,3,0,0,140.0114,0.3702132277049601
2,4,RF+GB,2,3,0,0,141.0062,0.3679373346213528
2,4,RF+GB,2,3,0,0,142.0109,0.3563315827000332
2,4,RF+GB,2,3,0,0,143.0041,0.4004912564513299
2,4,RF+GB,2,3,0,0,144.0106,0.39127702133967446
2,4,RF+GB,2,3,0,0,145.0049,0.3859760803924852
2,4,RF+GB,2,3,0,0,146.0097,0.3573439438441411
2,4,RF+GB,2,3,0,0,147.0045,0.35496717308277903
2,4,RF+GB,2,3,0,0,148.0082,0.42794660090651443
2,4,RF+GB,2,3,0,0,149.0146,0.43201587132137553
2,4,RF+GB,2,3,0,0,150.0082,0.4430714852412321
2,4,RF+GB,2,3,0,0,151.0033,0.45059295105133
2,4,RF+GB,2,3,0,0,152.0067,0.43400253142632755
2,4,RF+GB,2,3,0,0,153.0131,0.4344971859765896
2,4,RF+GB,2,3,0,0,154.0056,0.4187145598941194
2,4,RF+GB,2,3,0,0,155.0124,0.4476508132131142
2,4,RF+GB,2,3,0,0,156.0072,0.464905444698272
2,4,RF+GB,2,3,0,0,157.0128,0.4749910271851247
2,4,RF+GB,2,3,0,0,158.0061,0.4845638197353606
2,4,RF+GB,2,3,0,0,159.0115,0.47794862126665416
2,4,RF+GB,2,3,0,0,160.0054,0.4958110210203166
2,4,RF+GB,2,3,0,0,161.0108,0.4747730177385704
2,4,RF+GB,2,3,0,0,162.0054,0.5043737130579675
2,4,RF+GB,2,3,0,0,163.0095,0.52350573739455
2,4,RF+GB,2,3,0,0,164.0036,0.51752359628982
2,4,RF+GB,2,3,0,0,165.0094,0.5270253809195341
2,4,RF+GB,2,3,0,0,166.0135,0.5644913041470409
2,4,RF+GB,2,3,0,0,167.0089,0.5123892837783621
2,4,RF+GB,2,3,0,0,168.0038,0.5569959493641131
2,4,RF+GB,2,3,0,0,169.0093,0.5471364442498681
2,4,RF+GB,2,3,0,0,170.0146,0.525161333201415
2,4,RF+GB,2,3,0,0,171.0075,0.4205358992697534
2,4,RF+GB,2,3,0,0,172.0137,0.40373780847321994
2,4,RF+GB,2,3,0,0,173.0077,0.35519998115880325
2,4,RF+GB,2,3,0,0,174.0128,0.3837986444946353
2,4,RF+GB,2,3,0,0,175.0064,0.4110455459078768
2,4,RF+GB,2,3,0,0,176.0134,0.4645099815351187
2,4,RF+GB,2,3,0,0,177.0064,0.4621346592645997
2,4,RF+GB,2,3,0,0,178.0123,0.4282678283368281
2,4,RF+GB,2,3,0,0,179.0055,0.4394208061952576
2,4,RF+GB,2,3,0,0,180.0109,0.45805088830409696
2,4,RF+GB,2,3,0,0,181.004,0.4832294547106095
2,4,RF+GB,2,3,0,0,182.0105,0.4859864125169002
2,4,RF+GB,2,3,0,0,183.0044,0.46284444116132517
2,4,RF+GB,2,3,0,0,184.0103,0.46013601420273625
2,4,RF+GB,2,3,0,0,185.0039,0.4275991392181375
2,4,RF+GB,2,3,0,0,186.0109,0.43143339782208345
2,4,RF+GB,2,3,0,0,187.0144,0.4248436976489345
2,4,RF+GB,2,3,0,0,188.0096,0.4163225863034165
2,4,RF+GB,2,3,0,0,189.0142,0.4369326192751869
2,4,RF+GB,2,3,0,0,190.0089,0.4287347919237082
2,4,RF+GB,2,3,0,0,191.0136,0.42983116888966466
2,4,RF+GB,2,3,0,0,192.0078,0.4003724462125663
2,4,RF+GB,2,3,0,0,193.0136,0.41566816649394694
2,4,RF+GB,2,3,0,0,194.0066,0.36226889634831827
2,4,RF+GB,2,3,0,0,195.0137,0.39725945057519096
2,4,RF+GB,2,3,0,0,196.0059,0.3913387188445897
2,4,RF+GB,2,3,0,0,197.0126,0.4062538399853294
2,4,RF+GB,2,3,0,0,198.0066,0.41527133790419135
2,4,RF+GB,2,3,0,0,199.0112,0.4696627720727243
2,4,RF+GB,2,3,0,0,200.0051,0.48129858878734155
2,4,RF+GB,2,3,0,0,201.0101,0.48270393969551595
2,4,RF+GB,2,3,0,0,202.0057,0.48098975704796376
2,4,RF+GB,2,3,0,0,203.0104,0.47181531816230016
2,4,RF+GB,2,3,0,0,204.0044,0.48783693089047037
2,4,RF+GB,2,3,0,0,205.0099,0.5232205234671626
2,4,RF+GB,2,3,0,0,206.0038,0.533190949123518
2,4,RF+GB,2,3,0,0,207.0091,0.558444329556596
2,4,RF+GB,2,3,0,0,208.0138,0.5426868758037625
2,4,RF+GB,2,3,0,0,209.0093,0.5751092826142485
2,4,RF+GB,2,3,0,0,210.0041,0.5670253128958123
2,4,RF+GB,2,3,0,0,211.0063,0.5418423550801286
2,4,RF+GB,2,3,0,0,212.0139,0.5560202411792006
2,4,RF+GB,2,3,0,0,213.0081,0.5325784705508507
2,4,RF+GB,2,3,0,0,214.0138,0.5655024525343235
2,4,RF+GB,2,3,0,0,215.0059,0.5016104453620354
2,4,RF+GB,2,3,0,0,216.0132,0.5008386488569303
2,4,RF+GB,2,3,0,0,217.0059,0.5137168614820485
2,4,RF+GB,2,3,0,0,218.0114,0.4974529348374408
2,4,RF+GB,2,3,0,0,219.006,0.508181572739302
2,4,RF+GB,2,3,0,0,220.0104,0.5122454475277961
2,4,RF+GB,2,3,0,0,221.0062,0.5606626911497713
2,4,RF+GB,2,3,0,0,222.0106,0.5614818310305806
2,4,RF+GB,2,3,0,0,223.0049,0.5016370221253046
2,4,RF+GB,2,3,0,0,224.0104,0.5085357877977862
2,4,RF+GB,2,3,0,0,225.0054,0.5807897729885971
2,4,RF+GB,2,3,0,0,226.009,0.584768666974963
2,4,RF+GB,2,3,0,0,227.0141,0.5847561811001492
2,4,RF+GB,2,3,0,0,228.007,0.533053814085933
2,4,RF+GB,2,3,0,0,229.0136,0.530559526552017
2,4,RF+GB,2,3,0,0,230.007,0.530559526552017
2,4,RF+GB,2,3,0,0,231.0132,0.5327231881893464
2,4,RF+GB,2,3,0,0,232.0052,0.5062744671027775
2,4,RF+GB,2,3,0,0,233.0103,0.51277626321574
2,4,RF+GB,2,3,0,0,234.006,0.51277626321574
2,4,RF+GB,2,3,0,0,235.0119,0.5070573545862983
2,4,RF+GB,2,3,0,0,236.0068,0.4999556295071282
2,4,RF+GB,2,3,0,0,237.0114,0.5011577363406732
2,4,RF+GB,2,3,0,0,238.0062,0.5228999854834774
2,4,RF+GB,2,3,0,0,239.0112,0.5195867917880428
2,4,RF+GB,2,3,0,0,240.0064,0.5175837942564958
2,4,RF+GB,2,3,0,0,241.0103,0.5131759776692693
2,4,RF+GB,2,3,0,0,242.0039,0.5192504609231625
2,4,RF+GB,2,3,0,0,243.0101,0.5197246913684583
2,4,RF+GB,2,3,0,0,244.0035,0.5213913580351249
2,4,RF+GB,2,3,0,0,245.0085,0.5506458882718012
2,4,RF+GB,2,3,0,0,246.0035,0.6101244576872125
2,4,RF+GB,2,3,0,0,247.0071,0.6313965802578534
2,4,RF+GB,2,3,0,0,248.0035,0.6399811310620274
2,4,RF+GB,2,3,0,0,249.0085,0.6300098925385818
2,4,RF+GB,2,3,0,0,250.0133,0.6005685991115929
2,4,RF+GB,2,3,0,0,251.0078,0.6005685991115929
2,4,RF+GB,2,3,0,0,252.0139,0.5753476318460258
2,4,RF+GB,2,3,0,0,253.0063,0.5812398566491288
2,4,RF+GB,2,3,0,0,254.012,0.5464537265051069
2,4,RF+GB,2,3,0,0,255.0076,0.53590053157092
2,4,RF+GB,2,3,0,0,256.0135,0.5036614972045637
2,4,RF+GB,2,3,0,0,257.0063,0.5141909389166325
2,4,RF+GB,2,3,0,0,258.0114,0.5084435225593906
2,4,RF+GB,2,3,0,0,259.0068,0.5101101892260572
2,4,RF+GB,2,3,0,0,260.0124,0.5084435225593906
2,4,RF+GB,2,3,0,0,261.0036,0.4866663285701023
2,4,RF+GB,2,3,0,0,262.0094,0.48310342713781385
2,4,RF+GB,2,3,0,0,263.0131,0.4804987317063417
2,4,RF+GB,2,3,0,0,264.0099,0.4720245018111216
2,4,RF+GB,2,3,0,0,265.0028,0.4680116440533242
2,4,RF+GB,2,3,0,0,266.0089,0.46870451041924954
2,4,RF+GB,2,3,0,0,267.0042,0.4653711770859162
2,4,RF+GB,2,3,0,0,268.0081,0.4628319267735492
2,4,RF+GB,2,3,0,0,269.0143,0.47190212550776756
2,4,RF+GB,2,3,0,0,270.0072,0.47396289340655723
2,4,RF+GB,2,3,0,0,271.0114,0.45581995380859575
2,4,RF+GB,2,3,0,0,272.0073,0.4541532871419291
2,4,RF+GB,2,3,0,0,273.0117,0.4458353199865227
2,4,RF+GB,2,3,0,0,274.006,0.4489251912857807
2,4,RF+GB,2,3,0,0,275.0121,0.4720612431559319
2,4,RF+GB,2,3,0,0,276.005,0.4603178991260164
2,4,RF+GB,2,3,0,0,277.0126,0.4631837001993088
2,4,RF+GB,2,3,0,0,278.003,0.4715534287349784
2,4,RF+GB,2,3,0,0,279.0113,0.4908155986374547
2,4,RF+GB,2,3,0,0,280.0044,0.4858217586290555
2,4,RF+GB,2,3,0,0,281.0101,0.4756377570881759
2,4,RF+GB,2,3,0,0,282.0047,0.41798007022126826
2,4,RF+GB,2,3,0,0,283.0086,0.4354890188141806
2,4,RF+GB,2,3,0,0,284.0052,0.47012971995743924
2,4,RF+GB,2,3,0,0,285.0094,0.46846305329077254
2,4,RF+GB,2,3,0,0,286.0031,0.4757927614041154
2,4,RF+GB,2,3,0,0,287.0089,0.47185187151552466
2,4,RF+GB,2,3,0,0,288.0141,0.4782323055306631
2,4,RF+GB,2,3,0,0,289.0098,0.4964981880242082
2,4,RF+GB,2,3,0,0,290.0146,0.5147088061509157
2,4,RF+GB,2,3,0,0,291.0092,0.5144303847636703
2,4,RF+GB,2,3,0,0,292.0125,0.5312815169524692
2,4,RF+GB,2,3,0,0,293.0078,0.5024554802648111
2,4,RF+GB,2,3,0,0,294.0122,0.5014691581838479
2,4,RF+GB,2,3,0,0,295.0077,0.5058941428127417
2,4,RF+GB,2,3,0,0,296.0117,0.4959454062897853
2,4,RF+GB,2,3,0,0,297.005,0.4978272536494448
2,4,RF+GB,2,3,0,0,298.0123,0.4707899186669876
2,4,RF+GB,2,3,0,0,299.0035,0.46561160496543785
2,4,RF+GB,2,3,0,0,300.0103,0.43403545142107514
2,4,RF+GB,2,3,0,0,301.0058,0.4677360311006785
2,4,RF+GB,4,5,0,0,0.0112268,0.011127118088219926
2,4,RF+GB,4,5,0,0,1.010952,0.00797180069601689
2,4,RF+GB,4,5,0,0,2.01688,0.006220552685907282
2,4,RF+GB,4,5,0,0,3.010709,0.0039925622442132476
2,4,RF+GB,4,5,0,0,4.015441,0.006749443842904172
2,4,RF+GB,4,5,0,0,5.010154,0.003610918042424252
2,4,RF+GB,4,5,0,0,6.01441,0.0017427977824076512
2,4,RF+GB,4,5,0,0,7.008793,6.679087613332822e-05
2,4,RF+GB,4,5,0,0,8.014668,0.004336346535312493
2,4,RF+GB,4,5,0,0,9.007746,0.0007321160041889906
2,4,RF+GB,4,5,0,0,10.01372,0.010938290101388835
2,4,RF+GB,4,5,0,0,11.00726,0.008924880847883777
2,4,RF+GB,4,5,0,0,12.01249,0.032253941567956704
2,4,RF+GB,4,5,0,0,13.00669,0.03709170643143022
2,4,RF+GB,4,5,0,0,14.01282,0.052226809241720996
2,4,RF+GB,4,5,0,0,15.00744,0.05829466980332773
2,4,RF+GB,4,5,0,0,16.01075,0.06826319252299659
2,4,RF+GB,4,5,0,0,17.01668,0.06560260360912214
2,4,RF+GB,4,5,0,0,18.0118,0.057051184797134794
2,4,RF+GB,4,5,0,0,19.01557,0.03270412910205627
2,4,RF+GB,4,5,0,0,20.00926,0.04288479418805681
2,4,RF+GB,4,5,0,0,21.01652,0.0621904019388007
2,4,RF+GB,4,5,0,0,22.00971,0.06173391273249733
2,4,RF+GB,4,5,0,0,23.01418,0.05840533794896001
2,4,RF+GB,4,5,0,0,24.00919,0.056645966254599806
2,4,RF+GB,4,5,0,0,25.01588,0.05811234652921783
2,4,RF+GB,4,5,0,0,26.00942,0.05718423307086785
2,4,RF+GB,4,5,0,0,27.01412,0.05976026455312825
2,4,RF+GB,4,5,0,0,28.00889,0.05308784890020618
2,4,RF+GB,4,5,0,0,29.01367,0.056415478581348696
2,4,RF+GB,4,5,0,0,30.00709,0.053549637056617916
2,4,RF+GB,4,5,0,0,31.01377,0.04641497374634442
2,4,RF+GB,4,5,0,0,32.00727,0.048559595599634436
2,4,RF+GB,4,5,0,0,33.01159,0.04596297019207849
2,4,RF+GB,4,5,0,0,34.00792,0.046622431830907356
2,4,RF+GB,4,5,0,0,35.01075,0.03453001652814173
2,4,RF+GB,4,5,0,0,36.00707,0.02932620138701108
2,4,RF+GB,4,5,0,0,37.01272,0.028077894263697008
2,4,RF+GB,4,5,0,0,38.01709,0.02458117049760476
2,4,RF+GB,4,5,0,0,39.01067,0.02341696810578398
2,4,RF+GB,4,5,0,0,40.01581,0.0250731818748562
2,4,RF+GB,4,5,0,0,41.01084,0.02507678541701632
2,4,RF+GB,4,5,0,0,42.01547,0.025059041725416762
2,4,RF+GB,4,5,0,0,43.01104,0.02641673403489731
2,4,RF+GB,4,5,0,0,44.01458,0.025085954703756918
2,4,RF+GB,4,5,0,0,45.00882,0.025081135106846474
2,4,RF+GB,4,5,0,0,46.01222,0.02674075674270771
2,4,RF+GB,4,5,0,0,47.00699,0.026731828482510964
2,4,RF+GB,4,5,0,0,48.01369,0.0250640285306443
2,4,RF+GB,4,5,0,0,49.00858,0.025073793686938853
2,4,RF+GB,4,5,0,0,50.01452,0.025080691574323737
2,4,RF+GB,4,5,0,0,51.00806,0.026737321991829047
2,4,RF+GB,4,5,0,0,52.01318,0.02840868943902715
2,4,RF+GB,4,5,0,0,53.00839,0.028862382354831972
2,4,RF+GB,4,5,0,0,54.01276,0.031009586864234315
2,4,RF+GB,4,5,0,0,55.0175,0.03192715257678163
2,4,RF+GB,4,5,0,0,56.01182,0.030996364079927684
2,4,RF+GB,4,5,0,0,57.00686,0.03266572878307414
2,4,RF+GB,4,5,0,0,58.01109,0.03266361827996041
2,4,RF+GB,4,5,0,0,59.01705,0.0326490462053308
2,4,RF+GB,4,5,0,0,60.01059,0.03266595050280528
2,4,RF+GB,4,5,0,0,61.01579,0.032655692871493995
2,4,RF+GB,4,5,0,0,62.00929,0.03266948466620154
2,4,RF+GB,4,5,0,0,63.01626,0.029309675912129598
2,4,RF+GB,4,5,0,0,64.01065,0.030251233155091033
2,4,RF+GB,4,5,0,0,65.01405,0.030246155403945832
2,4,RF+GB,4,5,0,0,66.00948,0.03024500886158492
2,4,RF+GB,4,5,0,0,67.01539,0.03025198014991274
2,4,RF+GB,4,5,0,0,68.00793,0.03311182689397336
2,4,RF+GB,4,5,0,0,69.014,0.03452461214150205
2,4,RF+GB,4,5,0,0,70.00879,0.03264157727951731
2,4,RF+GB,4,5,0,0,71.01364,0.03264592779281986
2,4,RF+GB,4,5,0,0,72.00794,0.03310721449522421
2,4,RF+GB,4,5,0,0,73.01243,0.03359224967058003
2,4,RF+GB,4,5,0,0,74.01789,0.031192383743703013
2,4,RF+GB,4,5,0,0,75.01195,0.02693103710366446
2,4,RF+GB,4,5,0,0,76.01669,0.028124615398201446
2,4,RF+GB,4,5,0,0,77.01137,0.02693249903260644
2,4,RF+GB,4,5,0,0,78.01778,0.026198099017605378
2,4,RF+GB,4,5,0,0,79.00958,0.021202494293020763
2,4,RF+GB,4,5,0,0,80.01713,0.0231985795846311
2,4,RF+GB,4,5,0,0,81.01,0.03031304887182431
2,4,RF+GB,4,5,0,0,82.01595,0.03100897564254897
2,4,RF+GB,4,5,0,0,83.00983,0.03342071065164134
2,4,RF+GB,4,5,0,0,84.01365,0.03341970501259974
2,4,RF+GB,4,5,0,0,85.00916,0.037369597816563224
2,4,RF+GB,4,5,0,0,86.01279,0.036908779646338284
2,4,RF+GB,4,5,0,0,87.00995,0.037847935831098765
2,4,RF+GB,4,5,0,0,88.01443,0.040239199577800415
2,4,RF+GB,4,5,0,0,89.00826,0.03857512974946873
2,4,RF+GB,4,5,0,0,90.01387,0.042027997540817826
2,4,RF+GB,4,5,0,0,91.00777,0.042960745264954046
2,4,RF+GB,4,5,0,0,92.01324,0.041094725215872464
2,4,RF+GB,4,5,0,0,93.00788,0.037721662565419846
2,4,RF+GB,4,5,0,0,94.01026,0.04160296865024753
2,4,RF+GB,4,5,0,0,95.00691,0.04190180044877495
2,4,RF+GB,4,5,1,1,96.01107,0.04069128713234525
2,4,RF+GB,4,5,1,1,97.01478,0.040690953887298195
2,4,RF+GB,4,5,1,1,98.00982,0.04023259543826047
2,4,RF+GB,4,5,1,1,99.0165,0.0390284330505074
2,4,RF+GB,4,5,1,1,100.0108,0.03736037476605271
2,4,RF+GB,4,5,1,1,101.0142,0.03902594074616957
2,4,RF+GB,4,5,1,1,102.0099,0.03903777851472224
2,4,RF+GB,4,5,1,1,103.0166,0.037361314153465795
2,4,RF+GB,4,5,1,1,104.0105,0.03569426745128976
2,4,RF+GB,4,5,1,1,105.0166,0.03736197952813893
2,4,RF+GB,4,5,1,1,106.0182,0.035704579473528994
2,4,RF+GB,4,5,1,1,107.0155,0.03570319073867167
2,4,RF+GB,4,5,1,1,108.0081,0.03570239682543853
2,4,RF+GB,4,5,1,1,109.0137,0.03570305049450007
2,4,RF+GB,4,5,1,1,110.0078,0.03402824144122196
2,4,RF+GB,4,5,1,1,111.0129,0.03263037970896444
2,4,RF+GB,4,5,1,1,112.0085,0.03263037970896444
2,4,RF+GB,4,5,1,1,113.0132,0.03263093692070792
2,4,RF+GB,4,5,1,1,114.0183,0.03263174256811235
2,4,RF+GB,4,5,1,1,115.0109,0.0376312303505063
2,4,RF+GB,4,5,1,1,116.0171,0.040961924079829154
2,4,RF+GB,4,5,1,1,117.0108,0.03929660057657686
2,4,RF+GB,4,5,1,1,118.017,0.04173895939372057
2,4,RF+GB,4,5,1,1,119.0105,0.04173980426947716
2,4,RF+GB,4,5,1,1,120.017,0.07288900729132794
2,4,RF+GB,4,5,1,1,121.0103,0.0717105954498075
2,4,RF+GB,4,5,1,1,122.0142,0.07123904094481776
2,4,RF+GB,4,5,1,1,123.0111,0.07216727671018712
2,4,RF+GB,4,5,1,1,124.0154,0.07717512351398101
2,4,RF+GB,4,5,1,1,125.0098,0.0728928595233775
2,4,RF+GB,4,5,1,1,126.016,0.07289858552500353
2,4,RF+GB,4,5,1,1,127.0077,0.07958503833132953
2,4,RF+GB,4,5,1,1,128.0149,0.08080322296479976
2,4,RF+GB,4,5,1,1,129.0092,0.08460376136370507
2,4,RF+GB,4,5,1,1,130.0139,0.08746801369966589
2,4,RF+GB,4,5,1,1,131.0076,0.08556030115445419
2,4,RF+GB,4,5,1,1,132.0115,0.08310767619894889
2,4,RF+GB,4,5,1,1,133.0071,0.09406133786401435
2,4,RF+GB,4,5,1,1,134.0139,0.09912712758546195
2,4,RF+GB,4,5,1,1,135.0174,0.09960294848625481
2,4,RF+GB,4,5,1,1,136.0132,0.09797300137417801
2,4,RF+GB,4,5,1,1,137.0163,0.10241934011137593
2,4,RF+GB,4,5,1,1,138.0116,0.10078590231666597
2,4,RF+GB,4,5,1,1,139.0176,0.10915973675737448
2,4,RF+GB,4,5,1,1,140.0102,0.11408266555189384
2,4,RF+GB,4,5,1,1,141.0144,0.11074267997530794
2,4,RF+GB,4,5,1,1,142.0095,0.11255270596915795
2,4,RF+GB,4,5,1,1,143.0164,0.1092074554105263
2,4,RF+GB,4,5,1,1,144.0101,0.10754909318220317
2,4,RF+GB,4,5,1,1,145.0154,0.10754846914659313
2,4,RF+GB,4,5,1,1,146.0091,0.10587727969850569
2,4,RF+GB,4,5,1,1,147.0136,0.10386736386038437
2,4,RF+GB,4,5,1,1,148.0082,0.10569782003463858
2,4,RF+GB,4,5,1,1,149.0152,0.10394450922703327
2,4,RF+GB,4,5,1,1,150.0077,0.10567454583998308
2,4,RF+GB,4,5,1,1,151.0137,0.10826316682137055
2,4,RF+GB,4,5,1,1,152.0168,0.10642370835951168
2,4,RF+GB,4,5,1,1,153.0125,0.10852178187736179
2,4,RF+GB,4,5,1,1,154.0174,0.11426649422930765
2,4,RF+GB,4,5,1,1,155.0128,0.11994122312114329
2,4,RF+GB,4,5,1,1,156.0177,0.12092199190107045
2,4,RF+GB,4,5,1,1,157.0102,0.12457221660186735
2,4,RF+GB,4,5,1,1,158.0163,0.12189706020851605
2,4,RF+GB,4,5,1,1,159.0115,0.12104233806811089
2,4,RF+GB,4,5,1,1,160.0177,0.1184912224875788
2,4,RF+GB,4,5,1,1,161.0104,0.12122638963896677
2,4,RF+GB,4,5,1,1,162.0165,0.11955654690441256
2,4,RF+GB,4,5,1,1,163.0099,0.11212683089380532
2,4,RF+GB,4,5,1,1,164.0155,0.12206026766918417
2,4,RF+GB,4,5,1,1,165.0094,0.126695311161624
2,4,RF+GB,4,5,1,1,166.0161,0.1269272756215901
2,4,RF+GB,4,5,1,1,167.0091,0.1252606089549234
2,4,RF+GB,4,5,1,1,168.0139,0.12558375343124664
2,4,RF+GB,4,5,1,1,169.0086,0.12226633092063728
2,4,RF+GB,4,5,1,1,170.0137,0.13077241712669194
2,4,RF+GB,4,5,1,1,171.0075,0.1329477972550144
2,4,RF+GB,4,5,1,1,172.0139,0.13526676727823958
2,4,RF+GB,4,5,1,1,173.0076,0.13357048183654513
2,4,RF+GB,4,5,1,1,174.0126,0.13011944584777393
2,4,RF+GB,4,5,1,1,175.0179,0.13511944584777394
2,4,RF+GB,4,5,1,1,176.0124,0.13511944584777394
2,4,RF+GB,4,5,1,1,177.0172,0.13622441565759427
2,4,RF+GB,4,5,1,1,178.0104,0.13937136238946088
2,4,RF+GB,4,5,1,1,179.0168,0.12422746991878945
2,4,RF+GB,4,5,1,1,180.0106,0.13809263654875278
2,4,RF+GB,4,5,1,1,181.0163,0.14171160618469078
2,4,RF+GB,4,5,1,1,182.0099,0.1405301416153106
2,4,RF+GB,4,5,1,1,183.0135,0.14124475558536803
2,4,RF+GB,4,5,1,1,184.0087,0.14283330058618132
2,4,RF+GB,4,5,1,1,185.0154,0.14273555932431398
2,4,RF+GB,4,5,1,1,186.0081,0.14087225074322363
2,4,RF+GB,4,5,1,1,187.016,0.13642408568463646
2,4,RF+GB,4,5,1,1,188.0089,0.1325235549975658
2,4,RF+GB,4,5,1,1,189.0137,0.1419378387363289
2,4,RF+GB,4,5,1,1,190.0086,0.14576657806650944
2,4,RF+GB,4,5,1,1,191.0144,0.15388154729182066
2,4,RF+GB,4,5,1,1,192.0072,0.15445525471771107
2,4,RF+GB,4,5,1,1,193.0135,0.16819826047040673
2,4,RF+GB,4,5,1,1,194.0179,0.16805474698795303
2,4,RF+GB,4,5,1,1,195.013,0.16849996351031035
2,4,RF+GB,4,5,1,1,196.0172,0.171188341630839
2,4,RF+GB,4,5,1,1,197.0123,0.17136182926531085
2,4,RF+GB,4,5,1,1,198.0175,0.17423135098915976
2,4,RF+GB,4,5,1,1,199.0116,0.17390260391859022
2,4,RF+GB,4,5,1,1,200.0164,0.17392735687039204
2,4,RF+GB,4,5,1,1,201.0108,0.17136433511060456
2,4,RF+GB,4,5,1,1,202.0157,0.16544155118004883
2,4,RF+GB,4,5,1,1,203.0093,0.15728499916234798
2,4,RF+GB,4,5,1,1,204.016,0.15345616107794546
2,4,RF+GB,4,5,1,1,205.009,0.1484513975231797
2,4,RF+GB,4,5,1,1,206.0156,0.1505885510704458
2,4,RF+GB,4,5,1,1,207.0176,0.14717618822172104
2,4,RF+GB,4,5,1,1,208.0142,0.13974493843327881
2,4,RF+GB,4,5,1,1,209.008,0.12907245443082058
2,4,RF+GB,4,5,1,1,210.014,0.13010510735451244
2,4,RF+GB,4,5,1,1,211.0073,0.14356056953660687
2,4,RF+GB,4,5,1,1,212.0144,0.1502627137838029
2,4,RF+GB,4,5,1,1,213.0071,0.1610280112932509
2,4,RF+GB,4,5,1,1,214.0131,0.157230780906499
2,4,RF+GB,4,5,1,1,215.0179,0.157230780906499
2,4,RF+GB,4,5,1,1,216.013,0.15543742633468205
2,4,RF+GB,4,5,1,1,217.0178,0.15275769828806698
2,4,RF+GB,4,5,1,1,218.0116,0.15507266922656945
2,4,RF+GB,4,5,1,1,219.016,0.1503139750629285
2,4,RF+GB,4,5,1,1,220.0108,0.15380638405723673
2,4,RF+GB,4,5,1,1,221.0161,0.1554730507239034
2,4,RF+GB,4,5,1,1,222.0095,0.15889057160011585
2,4,RF+GB,4,5,1,1,223.0147,0.1556238449438694
2,4,RF+GB,4,5,1,1,224.0093,0.1572044744595782
2,4,RF+GB,4,5,1,1,225.0162,0.1475899998982694
2,4,RF+GB,4,5,1,1,226.0088,0.14424984953354048
2,4,RF+GB,4,5,1,1,227.0151,0.15322420013762372
2,4,RF+GB,4,5,1,1,228.0091,0.15184326023667563
2,4,RF+GB,4,5,1,1,229.0138,0.15570454009196708
2,4,RF+GB,4,5,1,1,230.0083,0.1483669953953384
2,4,RF+GB,4,5,1,1,231.0125,0.15170032872867173
2,4,RF+GB,4,5,1,1,232.0183,0.1584161336264016
2,4,RF+GB,4,5,1,1,233.0139,0.1591384263505979
2,4,RF+GB,4,5,1,1,234.0073,0.15089146954417826
2,4,RF+GB,4,5,1,1,235.0123,0.15914781937419087
2,4,RF+GB,4,5,1,1,236.016,0.1590841267166525
2,4,RF+GB,4,5,1,1,237.0108,0.15574847935460542
2,4,RF+GB,4,5,1,1,238.017,0.1541977505923528
2,4,RF+GB,4,5,1,1,239.0087,0.1540620330387854
2,4,RF+GB,4,5,1,1,240.0161,0.1560259453865858
2,4,RF+GB,4,5,1,1,241.01,0.16206084621937855
2,4,RF+GB,4,5,1,1,242.016,0.16262954937287663
2,4,RF+GB,4,5,1,1,243.0107,0.16745560530753162
2,4,RF+GB,4,5,1,1,244.0154,0.17629056860118622
2,4,RF+GB,4,5,1,1,245.0092,0.18311835209457197
2,4,RF+GB,4,5,1,1,246.0161,0.1823823839086627
2,4,RF+GB,4,5,1,1,247.0085,0.1765448837298692
2,4,RF+GB,4,5,1,1,248.0154,0.19061667762880635
2,4,RF+GB,4,5,1,1,249.0085,0.18053662083814723
2,4,RF+GB,4,5,1,1,250.0141,0.18821423601985188
2,4,RF+GB,4,5,1,1,251.0076,0.18631264655505939
2,4,RF+GB,4,5,1,1,252.0128,0.18795790707583768
2,4,RF+GB,4,5,1,1,253.0088,0.186291240409171
2,4,RF+GB,4,5,1,1,254.0108,0.18136084379137257
2,4,RF+GB,4,5,1,1,255.0078,0.17817110902888894
2,4,RF+GB,4,5,1,1,256.012,0.17437050242667376
2,4,RF+GB,4,5,1,1,257.0182,0.1708583128377523
2,4,RF+GB,4,5,1,1,258.0112,0.17170165546489405
2,4,RF+GB,4,5,1,1,259.0172,0.17231693161120204
2,4,RF+GB,4,5,1,1,260.0108,0.17748804139846328
2,4,RF+GB,4,5,1,1,261.017,0.17889115409445422
2,4,RF+GB,4,5,1,1,262.0099,0.17562778336508217
2,4,RF+GB,4,5,1,1,263.0157,0.17740083968199205
2,4,RF+GB,4,5,1,1,264.0089,0.18062226752484456
2,4,RF+GB,4,5,1,1,265.0158,0.1879938834016425
2,4,RF+GB,4,5,1,1,266.0085,0.1819666485737042
2,4,RF+GB,4,5,1,1,267.0144,0.18132232925878836
2,4,RF+GB,4,5,1,1,268.0078,0.1809543071755677
2,4,RF+GB,4,5,1,1,269.0122,0.18380656047727462
2,4,RF+GB,4,5,1,1,270.0178,0.18427911035515432
2,4,RF+GB,4,5,1,1,271.0129,0.18264730338382454
2,4,RF+GB,4,5,1,1,272.0069,0.18191690054120732
2,4,RF+GB,4,5,1,1,273.0135,0.1828315717272287
2,4,RF+GB,4,5,1,1,274.0166,0.1759069020033197
2,4,RF+GB,4,5,1,1,275.0122,0.18308889105645973
2,4,RF+GB,4,5,1,1,276.0172,0.17668311184028437
2,4,RF+GB,4,5,1,1,277.0125,0.18119279315846532
2,4,RF+GB,4,5,1,1,278.0169,0.17894831694076088
2,4,RF+GB,4,5,1,1,279.0107,0.17961236915307896
2,4,RF+GB,4,5,1,1,280.0169,0.1774334734280438
2,4,RF+GB,4,5,1,1,281.0101,0.1802404047900796
2,4,RF+GB,4,5,1,1,282.0158,0.18202738363760282
2,4,RF+GB,4,5,1,1,283.0089,0.18168216514712204
2,4,RF+GB,4,5,1,1,284.0149,0.1818680290447072
2,4,RF+GB,4,5,1,1,285.0083,0.17294503614337617
2,4,RF+GB,4,5,1,1,286.0139,0.1735146908161376
2,4,RF+GB,4,5,1,1,287.0074,0.17228739835412712
2,4,RF+GB,4,5,1,1,288.0117,0.17541157886141617
2,4,RF+GB,4,5,1,1,289.007,0.1696483060459348
2,4,RF+GB,4,5,1,1,290.0117,0.17448535441321159
2,4,RF+GB,4,5,1,1,291.008,0.16406656350624177
2,4,RF+GB,4,5,1,1,292.0127,0.17468348269458772
2,4,RF+GB,4,5,1,1,293.017,0.17245893394675982
2,4,RF+GB,4,5,1,1,294.0127,0.1791594770633778
2,4,RF+GB,4,5,1,1,295.0174,0.16852681124804408
2,4,RF+GB,4,5,1,1,296.0103,0.17267623320222356
2,4,RF+GB,4,5,1,1,297.017,0.17312434455942477
2,4,RF+GB,4,5,1,1,298.0103,0.17775943519173612
2,4,RF+GB,4,5,1,1,299.0154,0.20293843418202256
2,4,RF+GB,4,5,1,1,300.0082,0.5855182070190137
2,4,RF+GB,4,5,1,1,301.0146,0.5779836815004089
2,4,RF+GB,4,6,0,0,0.0,0.007774150422996982
2,4,RF+GB,4,6,0,0,1.00495,0.046371416553890765
2,4,RF+GB,4,6,0,0,1.998281,0.048676272866110794
2,4,RF+GB,4,6,0,0,3.004618,0.03593756351428566
2,4,RF+GB,4,6,0,0,3.999141,0.04090511538338869
2,4,RF+GB,4,6,0,0,5.003382,0.052603743640430786
2,4,RF+GB,4,6,0,0,5.998161,0.03572700407283234
2,4,RF+GB,4,6,0,0,7.000859,0.039190322795399725
2,4,RF+GB,4,6,0,0,7.997983,0.328209643966401
2,4,RF+GB,4,6,0,0,9.002149,0.04615653217868353
2,4,RF+GB,4,6,0,0,9.996326,0.033545637101974474
2,4,RF+GB,4,6,0,0,11.00007,0.03218851939759825
2,4,RF+GB,4,6,0,0,11.99659,0.025507138128483646
2,4,RF+GB,4,6,0,0,13.00098,0.033513291829176506
2,4,RF+GB,4,6,0,0,13.99541,0.031656620356838035
2,4,RF+GB,4,6,0,0,14.99912,0.05840204430207632
2,4,RF+GB,4,6,0,0,15.99681,0.09249247842912481
2,4,RF+GB,4,6,0,0,16.99845,0.21494899521682748
2,4,RF+GB,4,6,0,0,18.00539,0.14810878810232966
2,4,RF+GB,4,6,0,0,18.9994,0.08988984631757156
2,4,RF+GB,4,6,0,0,20.00367,0.05977024984906306
2,4,RF+GB,4,6,0,0,20.99707,0.05603071146155371
2,4,RF+GB,4,6,0,0,22.00514,0.06811375656496726
2,4,RF+GB,4,6,0,0,22.99883,0.06561160481582003
2,4,RF+GB,4,6,0,0,24.00393,0.05722347048620335
2,4,RF+GB,4,6,0,0,24.99814,0.060861237264944294
2,4,RF+GB,4,6,0,0,26.00431,0.05563462082854401
2,4,RF+GB,4,6,0,0,26.99778,0.05118876107252635
2,4,RF+GB,4,6,0,0,28.00385,0.049949214620372585
2,4,RF+GB,4,6,0,0,28.99657,0.05299904678261105
2,4,RF+GB,4,6,0,0,30.00375,0.050202238404179804
2,4,RF+GB,4,6,0,0,30.99679,0.07016937679936916
2,4,RF+GB,4,6,0,0,32.00263,0.07831149926482099
2,4,RF+GB,4,6,0,0,32.99657,0.0937957421375918
2,4,RF+GB,4,6,0,0,34.00122,0.10748702961325361
2,4,RF+GB,4,6,0,0,35.00551,0.1026688171031249
2,4,RF+GB,4,6,0,0,36.00011,0.11407785722205187
2,4,RF+GB,4,6,0,0,36.99636,0.1311639751372778
2,4,RF+GB,4,6,0,0,38.00019,0.12373160524851806
2,4,RF+GB,4,6,0,0,39.00475,0.16652379208143092
2,4,RF+GB,4,6,0,0,39.99985,0.17437404244358537
2,4,RF+GB,4,6,0,0,41.00478,0.21572972367439772
2,4,RF+GB,4,6,0,0,41.99879,0.22418119019071797
2,4,RF+GB,4,6,0,0,42.99495,0.20435356164037943
2,4,RF+GB,4,6,0,0,43.99932,0.2057952327473183
2,4,RF+GB,4,6,0,0,45.00479,0.20140732410242035
2,4,RF+GB,4,6,0,0,45.99848,0.2060040473056427
2,4,RF+GB,4,6,0,0,47.00407,0.21575252553830448
2,4,RF+GB,4,6,0,0,47.99735,0.20982755509084883
2,4,RF+GB,4,6,0,0,49.00396,0.19993013440157548
2,4,RF+GB,4,6,0,0,49.99818,0.2919929756063088
2,4,RF+GB,4,6,0,0,51.00159,0.19900891616269994
2,4,RF+GB,4,6,0,0,51.99651,0.32077850585133333
2,4,RF+GB,4,6,0,0,53.00211,0.2610187003328321
2,4,RF+GB,4,6,0,0,53.99723,0.42710016793290206
2,4,RF+GB,4,6,0,0,55.00178,0.5351231649818202
2,4,RF+GB,4,6,0,0,55.99569,0.6484044368742307
2,4,RF+GB,4,6,0,0,56.99967,0.6348247256854844
2,4,RF+GB,4,6,0,0,57.99514,0.598934919810474
2,4,RF+GB,4,6,0,0,59.0001,0.6212760439350885
2,4,RF+GB,4,6,0,0,60.00412,0.5716600954713446
2,4,RF+GB,4,6,0,0,60.99954,0.27273619083790746
2,4,RF+GB,4,6,0,0,62.00455,0.6257096150514673
2,4,RF+GB,4,6,0,0,62.99667,0.6006396916673418
2,4,RF+GB,4,6,0,0,64.00391,0.6680202059213078
2,4,RF+GB,4,6,0,0,64.99876,0.6997346504561135
2,4,RF+GB,4,6,0,0,66.00466,0.7007191775819067
2,4,RF+GB,4,6,0,0,66.99519,0.692136461620587
2,4,RF+GB,4,6,0,0,68.00278,0.6685797326439
2,4,RF+GB,4,6,0,0,68.99691,0.6842119055634757
2,4,RF+GB,4,6,0,0,70.00152,0.6936552585340544
2,4,RF+GB,4,6,0,0,70.99718,0.6729835124844499
2,4,RF+GB,4,6,0,0,72.00053,0.6916709780392788
2,4,RF+GB,4,6,0,0,72.99554,0.741220265522045
2,4,RF+GB,4,6,0,0,74.00175,0.8275268844128878
2,4,RF+GB,4,6,0,0,74.99531,0.841567107214225
2,4,RF+GB,4,6,0,0,76.00156,0.8369158600627771
2,4,RF+GB,4,6,0,0,76.9957,0.8471616151794898
2,4,RF+GB,4,6,0,0,77.99854,0.8560833771260177
2,4,RF+GB,4,6,1,1,79.00594,0.8605967610163987
2,4,RF+GB,4,6,1,1,79.99966,0.8665682096159315
2,4,RF+GB,4,6,1,1,81.0055,0.8689917992699755
2,4,RF+GB,4,6,1,1,81.99766,0.8684774280840328
2,4,RF+GB,4,6,1,1,83.00455,0.8686665266744291
2,4,RF+GB,4,6,1,1,83.99812,0.8753331933410958
2,4,RF+GB,4,6,1,1,85.00332,0.8494726295796087
2,4,RF+GB,4,6,1,1,85.9983,0.8510940660454729
2,4,RF+GB,4,6,1,1,87.00482,0.8730384352748516
2,4,RF+GB,4,6,1,1,87.99602,0.8643393907277672
2,4,RF+GB,4,6,1,1,89.00328,0.8641433210767961
2,4,RF+GB,4,6,1,1,89.99747,0.8622597516016227
2,4,RF+GB,4,6,1,1,91.00337,0.8604733627014809
2,4,RF+GB,4,6,1,1,91.99653,0.8650472693461635
2,4,RF+GB,4,6,1,1,93.00198,0.8612590242655764
2,4,RF+GB,4,6,1,1,93.99605,0.862749765955168
2,4,RF+GB,4,6,1,1,95.0014,0.865854468415737
2,4,RF+GB,4,6,1,1,95.99513,0.8676383595244945
2,4,RF+GB,4,6,1,1,97.00123,0.8861568125079113
2,4,RF+GB,4,6,1,1,98.00561,0.8678089314214706
2,4,RF+GB,4,6,1,1,99.00047,0.8732165993908081
2,4,RF+GB,4,6,1,1,100.0045,0.874061738612079
2,4,RF+GB,4,6,1,1,100.9993,0.8739018575132174
2,4,RF+GB,4,6,1,1,102.0045,0.8730029848426399
2,4,RF+GB,4,6,1,1,102.9964,0.8733060513850541
2,4,RF+GB,4,6,1,1,104.0036,0.8732668014141414
2,4,RF+GB,4,6,1,1,104.998,0.8682948858753414
2,4,RF+GB,4,6,1,1,106.0024,0.8661915283547584
2,4,RF+GB,4,6,1,1,106.9969,0.8599259139916947
2,4,RF+GB,4,6,1,1,108.0033,0.861275689979752
2,4,RF+GB,4,6,1,1,108.9968,0.8648493388385765
2,4,RF+GB,4,6,1,1,110.0023,0.8617196507879175
2,4,RF+GB,4,6,1,1,110.9956,0.8816308790946428
2,4,RF+GB,4,6,1,1,112.0019,0.8922126102524409
2,4,RF+GB,4,6,1,1,112.9961,0.8990112573489444
2,4,RF+GB,4,6,1,1,114.0015,0.8998579560959952
2,4,RF+GB,4,6,1,1,114.9951,0.901298094823029
2,4,RF+GB,4,6,1,1,115.9994,0.8938925827480747
2,4,RF+GB,4,6,1,1,116.9956,0.6725054558864634
2,4,RF+GB,4,6,1,1,118.0012,0.5657178204519354
2,4,RF+GB,4,6,1,1,119.0061,0.55566295457724
2,4,RF+GB,4,6,1,1,119.9999,0.6030047106971794
2,4,RF+GB,4,6,1,1,121.005,0.5613169011949659
2,4,RF+GB,4,6,1,1,121.9982,0.5700531049355471
2,4,RF+GB,4,6,1,1,123.0025,0.5896841311271398
2,4,RF+GB,4,6,1,1,123.9976,0.5677160958327999
2,4,RF+GB,4,6,1,1,125.0031,0.5879750238536334
2,4,RF+GB,4,6,1,1,125.9979,0.5947257913371584
2,4,RF+GB,4,6,1,1,127.0042,0.6273123751052541
2,4,RF+GB,4,6,1,1,127.9954,0.6169085409832016
2,4,RF+GB,4,6,1,1,129.0022,0.6289107030095773
2,4,RF+GB,4,6,1,1,129.9973,0.6390681908397027
2,4,RF+GB,4,6,1,1,131.0019,0.6340993199536942
2,4,RF+GB,4,6,1,1,131.9967,0.6366027363179023
2,4,RF+GB,4,6,1,1,133.0011,0.6218663770026132
2,4,RF+GB,4,6,1,1,133.9959,0.566970402164531
2,4,RF+GB,4,6,1,1,135.0006,0.6382835086116494
2,4,RF+GB,4,6,1,1,135.9956,0.6571036023880272
2,4,RF+GB,4,6,1,1,137.0,0.6929697855695639
2,4,RF+GB,4,6,1,1,137.9949,0.6823997358323737
2,4,RF+GB,4,6,1,1,139.0005,0.6943948107784705
2,4,RF+GB,4,6,1,1,140.005,0.6470673184635736
2,4,RF+GB,4,6,1,1,141.0011,0.6805237385501544
2,4,RF+GB,4,6,1,1,142.0049,0.7048180991830704
2,4,RF+GB,4,6,1,1,143.0005,0.7231934518889024
2,4,RF+GB,4,6,1,1,144.0034,0.7454545448252975
2,4,RF+GB,4,6,1,1,144.9979,0.7927471400050545
2,4,RF+GB,4,6,1,1,146.0038,0.7969022724945065
2,4,RF+GB,4,6,1,1,146.9981,0.8041224196360224
2,4,RF+GB,4,6,1,1,148.0031,0.8250724329059167
2,4,RF+GB,4,6,1,1,148.9964,0.8223553362925895
2,4,RF+GB,4,6,1,1,150.0031,0.8248697942855636
2,4,RF+GB,4,6,1,1,150.998,0.8363884124349463
2,4,RF+GB,4,6,1,1,152.0034,0.8376556952786713
2,4,RF+GB,4,6,1,1,152.9952,0.8365133156276451
2,4,RF+GB,4,6,1,1,154.0003,0.8372438570828058
2,4,RF+GB,4,6,1,1,154.9953,0.8358366068364639
2,4,RF+GB,4,6,1,1,156.0001,0.8009663855802767
2,4,RF+GB,4,6,1,1,156.995,0.8260220634849389
2,4,RF+GB,4,6,1,1,157.9995,0.8495865810024472
2,4,RF+GB,4,6,1,1,158.9955,0.8498866835588799
2,4,RF+GB,4,6,1,1,160.0004,0.8711949442332932
2,4,RF+GB,4,6,1,1,161.0052,0.8678387495997117
2,4,RF+GB,4,6,1,1,161.9997,0.8694639558327537
2,4,RF+GB,4,6,1,1,163.0055,0.8799666956123784
2,4,RF+GB,4,6,1,1,163.9982,0.8888886831318923
2,4,RF+GB,4,6,1,1,165.0044,0.8849931100336578
2,4,RF+GB,4,6,1,1,165.9982,0.8814061455518671
2,4,RF+GB,4,6,1,1,167.0028,0.8797394788852005
2,4,RF+GB,4,6,1,1,167.9974,0.8814860552816413
2,4,RF+GB,4,6,1,1,169.0004,0.8814860552816413
2,4,RF+GB,4,6,1,1,169.9961,0.8798545047885622
2,4,RF+GB,4,6,1,1,171.0027,0.8791290394755336
2,4,RF+GB,4,6,1,1,171.9965,0.8791290394755336
2,4,RF+GB,4,6,1,1,173.0008,0.8781878381218955
2,4,RF+GB,4,6,1,1,173.9957,0.8750803793808637
2,4,RF+GB,4,6,1,1,175.0005,0.8761381559966901
2,4,RF+GB,4,6,1,1,176.0067,0.8778101930879874
2,4,RF+GB,4,6,1,1,176.9993,0.8793264998953435
2,4,RF+GB,4,6,1,1,178.0047,0.8776526800030844
2,4,RF+GB,4,6,1,1,178.9991,0.8769368284813903
2,4,RF+GB,4,6,1,1,180.0038,0.8776743496319825
2,4,RF+GB,4,6,1,1,180.9995,0.8784208777914806
2,4,RF+GB,4,6,1,1,182.0041,0.8794178285540575
2,4,RF+GB,4,6,1,1,183.0005,0.8798583574384659
2,4,RF+GB,4,6,1,1,184.0035,0.8796121812277788
2,4,RF+GB,4,6,1,1,184.9995,0.8771574670695558
2,4,RF+GB,4,6,1,1,186.0027,0.88475156012921
2,4,RF+GB,4,6,1,1,186.9969,0.890404694766687
2,4,RF+GB,4,6,1,1,188.0041,0.8932979244756614
2,4,RF+GB,4,6,1,1,188.9965,0.8948410727916544
2,4,RF+GB,4,6,1,1,190.0023,0.8825166059082713
2,4,RF+GB,4,6,1,1,190.997,0.8860216049011004
2,4,RF+GB,4,6,1,1,192.0012,0.8838559004379428
2,4,RF+GB,4,6,1,1,192.9953,0.873865490949646
2,4,RF+GB,4,6,1,1,194.0018,0.8721464259295397
2,4,RF+GB,4,6,1,1,194.9951,0.8730800699212133
2,4,RF+GB,4,6,1,1,196.0017,0.8708267199764228
2,4,RF+GB,4,6,1,1,196.9955,0.8707034040631397
2,4,RF+GB,4,6,1,1,197.9992,0.8711180449956963
2,4,RF+GB,4,6,1,1,199.0046,0.8725024759160249
2,4,RF+GB,4,6,1,1,199.9997,0.8671009550216514
2,4,RF+GB,4,6,1,1,201.0053,0.8660387535760454
2,4,RF+GB,4,6,1,1,201.9996,0.8654764476846312
2,4,RF+GB,4,6,1,1,203.0045,0.865128273291889
2,4,RF+GB,4,6,1,1,203.9994,0.8544057934728175
2,4,RF+GB,4,6,1,1,205.0027,0.8608073648618959
2,4,RF+GB,4,6,1,1,205.9978,0.8565156468530172
2,4,RF+GB,4,6,1,1,207.0028,0.8563270835510722
2,4,RF+GB,4,6,1,1,207.9981,0.8546837807498693
2,4,RF+GB,4,6,1,1,209.0018,0.8528780972158971
2,4,RF+GB,4,6,1,1,209.9971,0.8470404936643556
2,4,RF+GB,4,6,1,1,211.0018,0.8508448839522751
2,4,RF+GB,4,6,1,1,211.9965,0.8540716447944783
2,4,RF+GB,4,6,1,1,213.0005,0.846927155122029
2,4,RF+GB,4,6,1,1,213.9955,0.8352648235337083
2,4,RF+GB,4,6,1,1,215.0018,0.8249334246270519
2,4,RF+GB,4,6,1,1,216.0054,0.8440124273003922
2,4,RF+GB,4,6,1,1,216.999,0.8468319109432607
2,4,RF+GB,4,6,1,1,218.0052,0.847426783107653
2,4,RF+GB,4,6,1,1,219.0004,0.8517941043936155
2,4,RF+GB,4,6,1,1,219.9952,0.8467807395901408
2,4,RF+GB,4,6,1,1,220.9994,0.8431445653819508
2,4,RF+GB,4,6,1,1,222.004,0.8424306145871028
2,4,RF+GB,4,6,1,1,222.9986,0.8399642795186579
2,4,RF+GB,4,6,1,1,224.0039,0.8395863509687418
2,4,RF+GB,4,6,1,1,224.9971,0.8282930110977921
2,4,RF+GB,4,6,1,1,226.0025,0.8281746549087852
2,4,RF+GB,4,6,1,1,226.997,0.8238262164587584
2,4,RF+GB,4,6,1,1,228.0032,0.8219531798732735
2,4,RF+GB,4,6,1,1,228.9982,0.8006700862608078
2,4,RF+GB,4,6,1,1,230.0016,0.8040764854135125
2,4,RF+GB,4,6,1,1,230.9958,0.7986171181702724
2,4,RF+GB,4,6,1,1,232.0021,0.7941026146451885
2,4,RF+GB,4,6,1,1,232.996,0.7872767688832529
2,4,RF+GB,4,6,1,1,234.0009,0.8009871235105971
2,4,RF+GB,4,6,1,1,234.9951,0.797225982438575
2,4,RF+GB,4,6,1,1,236.0014,0.7966562128744745
2,4,RF+GB,4,6,1,1,236.9952,0.8160062600518407
2,4,RF+GB,4,6,1,1,238.0005,0.8237482826022928
2,4,RF+GB,4,6,1,1,239.0048,0.8131337322048523
2,4,RF+GB,4,6,1,1,239.998,0.8184980567608524
2,4,RF+GB,4,6,1,1,241.0045,0.8185888176224282
2,4,RF+GB,4,6,1,1,241.9997,0.8188322512882552
2,4,RF+GB,4,6,1,1,243.0043,0.8279307213745835
2,4,RF+GB,4,6,1,1,243.9979,0.8254836198409212
2,4,RF+GB,4,6,1,1,245.0045,0.8236234394632879
2,4,RF+GB,4,6,1,1,245.9983,0.8227787123041155
2,4,RF+GB,4,6,1,1,247.0034,0.8094185806161793
2,4,RF+GB,4,6,1,1,247.9966,0.8179785368403336
2,4,RF+GB,4,6,1,1,249.0038,0.8309673815899172
2,4,RF+GB,4,6,1,1,249.9967,0.8374061217591855
2,4,RF+GB,4,6,1,1,251.0027,0.8417377976458513
2,4,RF+GB,4,6,1,1,251.9969,0.8429713122474641
2,4,RF+GB,4,6,1,1,253.0018,0.8363995577283259
2,4,RF+GB,4,6,1,1,254.0059,0.8163829865234924
2,4,RF+GB,4,6,1,1,255.0009,0.8051666733465295
2,4,RF+GB,4,6,1,1,256.006,0.8017920285969093
2,4,RF+GB,4,6,1,1,257.0001,0.8011773727894511
2,4,RF+GB,4,6,1,1,257.9961,0.8031404709773019
2,4,RF+GB,4,6,1,1,259.0005,0.7917200353702532
2,4,RF+GB,4,6,1,1,260.0055,0.7948054455965912
2,4,RF+GB,4,6,1,1,260.9998,0.7864596303321635
2,4,RF+GB,4,6,1,1,262.0056,0.781542544588629
2,4,RF+GB,4,6,1,1,262.9988,0.774394855210137
2,4,RF+GB,4,6,1,1,264.0048,0.7745953404401602
2,4,RF+GB,4,6,1,1,264.9983,0.7729537743067517
2,4,RF+GB,4,6,1,1,266.0038,0.7503182518261149
2,4,RF+GB,4,6,1,1,266.9969,0.7460803973215555
2,4,RF+GB,4,6,1,1,268.0023,0.7451943976821814
2,4,RF+GB,4,6,1,1,268.9973,0.7394487916676099
2,4,RF+GB,4,6,1,1,270.0033,0.7538321844382094
2,4,RF+GB,4,6,1,1,270.9977,0.760607185670078
2,4,RF+GB,4,6,1,1,272.0032,0.7479199166761662
2,4,RF+GB,4,6,1,1,272.9963,0.7499821844661994
2,4,RF+GB,4,6,1,1,274.0013,0.7478200385716245
2,4,RF+GB,4,6,1,1,275.0058,0.7135799357083252
2,4,RF+GB,4,6,1,1,276.0016,0.7020519240788112
2,4,RF+GB,4,6,1,1,276.9961,0.7124665012570421
2,4,RF+GB,4,6,1,1,278.0005,0.7096381488438559
2,4,RF+GB,4,6,1,1,279.0054,0.7057699085814972
2,4,RF+GB,4,6,1,1,280.0003,0.7115756299294461
2,4,RF+GB,4,6,1,1,281.0043,0.7167757914605453
2,4,RF+GB,4,6,1,1,281.9992,0.7132160487882235
2,4,RF+GB,4,6,1,1,283.0033,0.7190357605437672
2,4,RF+GB,4,6,1,1,283.9978,0.7315965621883923
2,4,RF+GB,4,6,1,1,285.0029,0.7297920320589781
2,4,RF+GB,4,6,1,1,285.9962,0.7413548988186349
2,4,RF+GB,4,6,1,1,287.0033,0.7442768302636882
2,4,RF+GB,4,6,1,1,287.9975,0.74456965553627
2,4,RF+GB,4,6,1,1,289.0008,0.7421575102198977
2,4,RF+GB,4,6,1,1,289.995,0.7421996066696424
2,4,RF+GB,4,6,1,1,291.0015,0.7288142503906441
2,4,RF+GB,4,6,1,1,291.9957,0.7317221890537903
2,4,RF+GB,4,6,1,1,292.9995,0.7293027323047245
2,4,RF+GB,4,6,1,1,293.9948,0.7152866089382768
2,4,RF+GB,4,6,1,1,295.0001,0.7267365704081241
2,4,RF+GB,4,6,1,1,296.0042,0.7265489926126694
2,4,RF+GB,4,6,1,1,297.0004,0.727922723662227
2,4,RF+GB,4,6,1,1,298.0045,0.7383556599927309
2,4,RF+GB,4,6,1,1,299.0001,0.7361197558748958
2,4,RF+GB,4,6,1,1,300.0042,0.739526084148167
2,4,RF+GB,4,6,1,1,300.9987,0.7189698485335387
2,4,RF+GB,2,10,0,0,0.0111669,0.0028471947784752174
2,4,RF+GB,2,10,0,0,1.012057,0.016794872327313096
2,4,RF+GB,2,10,0,0,2.016093,0.02962114722704931
2,4,RF+GB,2,10,0,0,3.010889,0.03301935197692248
2,4,RF+GB,2,10,0,0,4.016617,0.04393617176120659
2,4,RF+GB,2,10,0,0,5.021381,0.028412756980322806
2,4,RF+GB,2,10,0,0,6.014998,0.027353786542436278
2,4,RF+GB,2,10,0,0,7.020225,0.02734671275844274
2,4,RF+GB,2,10,0,0,8.013659,0.029221389692132862
2,4,RF+GB,2,10,0,0,9.020951,0.038131171805006525
2,4,RF+GB,2,10,0,0,10.01489,0.04463593728340712
2,4,RF+GB,2,10,0,0,11.01861,0.04148210247977695
2,4,RF+GB,2,10,0,0,12.01271,0.14035538750317245
2,4,RF+GB,2,10,0,0,13.01954,0.15536800518543603
2,4,RF+GB,2,10,0,0,14.01319,0.1779040579664477
2,4,RF+GB,2,10,0,0,15.01802,0.14807800673635557
2,4,RF+GB,2,10,0,0,16.01334,0.09113234958529198
2,4,RF+GB,2,10,0,0,17.01859,0.09242796288958649
2,4,RF+GB,2,10,0,0,18.01184,0.09826621498597327
2,4,RF+GB,2,10,0,0,19.01682,0.10383200511347254
2,4,RF+GB,2,10,0,0,20.02117,0.12213988320558863
2,4,RF+GB,2,10,0,0,21.0167,0.040834213990910195
2,4,RF+GB,2,10,0,0,22.02043,0.05039853961764079
2,4,RF+GB,2,10,0,0,23.01568,0.05118596314139157
2,4,RF+GB,2,10,0,0,24.01937,0.04398410593807617
2,4,RF+GB,2,10,0,0,25.01513,0.05350657729210791
2,4,RF+GB,2,10,0,0,26.01989,0.06063853628898679
2,4,RF+GB,2,10,0,0,27.01472,0.058944342585347004
2,4,RF+GB,2,10,0,0,28.01895,0.06381316232672458
2,4,RF+GB,2,10,0,0,29.01199,0.07478685897947436
2,4,RF+GB,2,10,0,0,30.01753,0.14682516884675156
2,4,RF+GB,2,10,0,0,31.01381,0.12044494750482057
2,4,RF+GB,2,10,0,0,32.01852,0.13948268038746195
2,4,RF+GB,2,10,0,0,33.01236,0.09928391193325928
2,4,RF+GB,2,10,0,0,34.01991,0.2784322561274512
2,4,RF+GB,2,10,0,0,35.01221,0.23454027082755344
2,4,RF+GB,2,10,0,0,36.01753,0.2169941982687692
2,4,RF+GB,2,10,0,0,37.01078,0.21466184203579464
2,4,RF+GB,2,10,0,0,38.01584,0.2154019282786764
2,4,RF+GB,2,10,0,0,39.01059,0.20982222903022824
2,4,RF+GB,2,10,0,0,40.01589,0.20007173924325972
2,4,RF+GB,2,10,0,0,41.02021,0.1664820284470061
2,4,RF+GB,2,10,0,0,42.01669,0.17392318774263787
2,4,RF+GB,2,10,0,0,43.01923,0.16974615260888545
2,4,RF+GB,2,10,0,0,44.0157,0.17083541120263612
2,4,RF+GB,2,10,0,0,45.02111,0.1642917886655448
2,4,RF+GB,2,10,0,0,46.01507,0.1605058938403263
2,4,RF+GB,2,10,0,0,47.02006,0.16075748547083066
2,4,RF+GB,2,10,0,0,48.01473,0.1521543495818269
2,4,RF+GB,2,10,0,0,49.01929,0.15331645765624244
2,4,RF+GB,2,10,0,0,50.01391,0.15143258111224336
2,4,RF+GB,2,10,0,0,51.01996,0.13848206279617523
2,4,RF+GB,2,10,0,0,52.01444,0.1537283589872928
2,4,RF+GB,2,10,0,0,53.01861,0.1423153611525069
2,4,RF+GB,2,10,0,0,54.01284,0.14079327556345067
2,4,RF+GB,2,10,0,0,55.0173,0.15232598459033092
2,4,RF+GB,2,10,0,0,56.01141,0.13284624511510723
2,4,RF+GB,2,10,0,0,57.01705,0.1534551926741705
2,4,RF+GB,2,10,0,0,58.01223,0.138095878180651
2,4,RF+GB,2,10,1,1,59.01763,0.14840540307087519
2,4,RF+GB,2,10,1,1,60.0202,0.14615470775476921
2,4,RF+GB,2,10,1,1,61.0151,0.22694922738980094
2,4,RF+GB,2,10,1,1,62.01236,0.23990936489758932
2,4,RF+GB,2,10,1,1,63.01472,0.22577253957190385
2,4,RF+GB,2,10,1,1,64.02164,0.20714083508735226
2,4,RF+GB,2,10,1,1,65.01318,0.16255903457323648
2,4,RF+GB,2,10,1,1,66.01991,0.15402922317023546
2,4,RF+GB,2,10,1,1,67.01516,0.14865166911722738
2,4,RF+GB,2,10,1,1,68.0201,0.16040879089732882
2,4,RF+GB,2,10,1,1,69.01548,0.1394967872746017
2,4,RF+GB,2,10,1,1,70.01782,0.13275983259804117
2,4,RF+GB,2,10,1,1,71.01399,0.1332652518508085
2,4,RF+GB,2,10,1,1,72.0199,0.1327545433350376
2,4,RF+GB,2,10,1,1,73.01332,0.1351970903949996
2,4,RF+GB,2,10,1,1,74.01628,0.13086210206403523
2,4,RF+GB,2,10,1,1,75.01249,0.13904822432925937
2,4,RF+GB,2,10,1,1,76.01789,0.14085859464282113
2,4,RF+GB,2,10,1,1,77.01308,0.15194110656848964
2,4,RF+GB,2,10,1,1,78.01806,0.15190478062775184
2,4,RF+GB,2,10,1,1,79.01257,0.16534365933180595
2,4,RF+GB,2,10,1,1,80.01762,0.1634643979142676
2,4,RF+GB,2,10,1,1,81.01065,0.1494221909718612
2,4,RF+GB,2,10,1,1,82.01672,0.13964779929828178
2,4,RF+GB,2,10,1,1,83.0102,0.12179234913827346
2,4,RF+GB,2,10,1,1,84.01569,0.12136831229630549
2,4,RF+GB,2,10,1,1,85.01024,0.11817946665902254
2,4,RF+GB,2,10,1,1,86.01532,0.12166980566857952
2,4,RF+GB,2,10,1,1,87.02048,0.12923197586560456
2,4,RF+GB,2,10,1,1,88.01484,0.12825794184021386
2,4,RF+GB,2,10,1,1,89.01871,0.13412819309218885
2,4,RF+GB,2,10,1,1,90.01411,0.13683530462533158
2,4,RF+GB,2,10,1,1,91.02004,0.1343640646201064
2,4,RF+GB,2,10,1,1,92.01411,0.13106624729718416
2,4,RF+GB,2,10,1,1,93.01667,0.12618609599530792
2,4,RF+GB,2,10,1,1,94.01209,0.13345546189180896
2,4,RF+GB,2,10,1,1,95.01888,0.1365937867649054
2,4,RF+GB,2,10,1,1,96.01253,0.13377500495023806
2,4,RF+GB,2,10,1,1,97.01734,0.13811314455508159
2,4,RF+GB,2,10,1,1,98.01128,0.1454419044821699
2,4,RF+GB,2,10,1,1,99.01738,0.15032765391916075
2,4,RF+GB,2,10,1,1,100.0119,0.18011474791698517
2,4,RF+GB,2,10,1,1,101.0169,0.18344595461296087
2,4,RF+GB,2,10,1,1,102.0109,0.18386755274674152
2,4,RF+GB,2,10,1,1,103.0154,0.1844857146192055
2,4,RF+GB,2,10,1,1,104.0211,0.18420702940501904
2,4,RF+GB,2,10,1,1,105.0151,0.17987197780076067
2,4,RF+GB,2,10,1,1,106.0185,0.17876750564303157
2,4,RF+GB,2,10,1,1,107.0145,0.18902184556246296
2,4,RF+GB,2,10,1,1,108.0193,0.1920044281731203
2,4,RF+GB,2,10,1,1,109.0143,0.16703462862499574
2,4,RF+GB,2,10,1,1,110.0176,0.15806418970306302
2,4,RF+GB,2,10,1,1,111.014,0.1640000387915403
2,4,RF+GB,2,10,1,1,112.0183,0.15773457202622979
2,4,RF+GB,2,10,1,1,113.0131,0.15642557557712716
2,4,RF+GB,2,10,1,1,114.0191,0.1541354068855995
2,4,RF+GB,2,10,1,1,115.0122,0.15482755161068126
2,4,RF+GB,2,10,1,1,116.0176,0.15519636213891153
2,4,RF+GB,2,10,1,1,117.0129,0.15444499851671212
2,4,RF+GB,2,10,1,1,118.0164,0.14992114524034778
2,4,RF+GB,2,10,1,1,119.011,0.1453730204867285
2,4,RF+GB,2,10,1,1,120.0165,0.14611285436229168
2,4,RF+GB,2,10,1,1,121.0208,0.14849617635471932
2,4,RF+GB,2,10,1,1,122.0172,0.1504371322716443
2,4,RF+GB,2,10,1,1,123.0102,0.1511133822045881
2,4,RF+GB,2,10,1,1,124.0157,0.1487654797715971
2,4,RF+GB,2,10,1,1,125.0099,0.14449898230966818
2,4,RF+GB,2,10,1,1,126.0156,0.14256771882590805
2,4,RF+GB,2,10,1,1,127.0205,0.13848358109207384
2,4,RF+GB,2,10,1,1,128.0132,0.1383343834007273
2,4,RF+GB,2,10,1,1,129.0192,0.12337459886060574
2,4,RF+GB,2,10,1,1,130.0125,0.12367929921442282
2,4,RF+GB,2,10,1,1,131.019,0.12202865572393565
2,4,RF+GB,2,10,1,1,132.013,0.11950784541639337
2,4,RF+GB,2,10,1,1,133.0187,0.11622362146514802
2,4,RF+GB,2,10,1,1,134.0126,0.11633412951836515
2,4,RF+GB,2,10,1,1,135.0184,0.12150311701564788
2,4,RF+GB,2,10,1,1,136.0119,0.12670759210827984
2,4,RF+GB,2,10,1,1,137.0159,0.13289220567066717
2,4,RF+GB,2,10,1,1,138.0115,0.1330326528128991
2,4,RF+GB,2,10,1,1,139.0161,0.1303769127327442
2,4,RF+GB,2,10,1,1,140.0103,0.12983044996832743
2,4,RF+GB,2,10,1,1,141.0157,0.13009804061707195
2,4,RF+GB,2,10,1,1,142.0195,0.13598354701957202
2,4,RF+GB,2,10,1,1,143.0153,0.13057005133162533
2,4,RF+GB,2,10,1,1,144.0207,0.13495090868129073
2,4,RF+GB,2,10,1,1,145.0155,0.131634216164233
2,4,RF+GB,2,10,1,1,146.0199,0.14023496896983764
2,4,RF+GB,2,10,1,1,147.0127,0.1507872845401187
2,4,RF+GB,2,10,1,1,148.02,0.13784651961841984
2,4,RF+GB,2,10,1,1,149.0134,0.13335939669657737
2,4,RF+GB,2,10,1,1,150.02,0.1337798270340804
2,4,RF+GB,2,10,1,1,151.0128,0.13957166893710307
2,4,RF+GB,2,10,1,1,152.019,0.1423351208079546
2,4,RF+GB,2,10,1,1,153.0129,0.1615223362131295
2,4,RF+GB,2,10,1,1,154.0177,0.13845131963190924
2,4,RF+GB,2,10,1,1,155.0138,0.14181579899895497
2,4,RF+GB,2,10,1,1,156.0173,0.15011517065758134
2,4,RF+GB,2,10,1,1,157.0121,0.15591705758686247
2,4,RF+GB,2,10,1,1,158.0172,0.15874893340106866
2,4,RF+GB,2,10,1,1,159.0117,0.15559717820510394
2,4,RF+GB,2,10,1,1,160.0161,0.17833098695353128
2,4,RF+GB,2,10,1,1,161.021,0.1827727958581156
2,4,RF+GB,2,10,1,1,162.0149,0.18605295279561318
2,4,RF+GB,2,10,1,1,163.0101,0.18406140956666056
2,4,RF+GB,2,10,1,1,164.014,0.18979075919764515
2,4,RF+GB,2,10,1,1,165.0201,0.20403624052888852
2,4,RF+GB,2,10,1,1,166.0137,0.20716794683798787
2,4,RF+GB,2,10,1,1,167.0202,0.191421407589118
2,4,RF+GB,2,10,1,1,168.0124,0.19495574100962987
2,4,RF+GB,2,10,1,1,169.0185,0.19457142111672104
2,4,RF+GB,2,10,1,1,170.0145,0.18795168400437204
2,4,RF+GB,2,10,1,1,171.0195,0.1809320832882142
2,4,RF+GB,2,10,1,1,172.0128,0.17774331505785992
2,4,RF+GB,2,10,1,1,173.0173,0.17450840538489668
2,4,RF+GB,2,10,1,1,174.0125,0.16957536352465707
2,4,RF+GB,2,10,1,1,175.0163,0.1713565664287261
2,4,RF+GB,2,10,1,1,176.0207,0.16860704068007548
2,4,RF+GB,2,10,1,1,177.0161,0.16828691020581893
2,4,RF+GB,2,10,1,1,178.012,0.16931086604559384
2,4,RF+GB,2,10,1,1,179.0161,0.22323544417798452
2,4,RF+GB,2,10,1,1,180.012,0.23517044164341505
2,4,RF+GB,2,10,1,1,181.0155,0.23332449040033781
2,4,RF+GB,2,10,1,1,182.0101,0.20313250358121263
2,4,RF+GB,2,10,1,1,183.0154,0.35615901846750697
2,4,RF+GB,2,10,1,1,184.0213,0.4021599195796607
2,4,RF+GB,2,10,1,1,185.0127,0.37522501111894435
2,4,RF+GB,2,10,1,1,186.0206,0.3501874061737542
2,4,RF+GB,2,10,1,1,187.0159,0.34835712714393896
2,4,RF+GB,2,10,1,1,188.018,0.30996180131917705
2,4,RF+GB,2,10,1,1,189.0154,0.32746074595001673
2,4,RF+GB,2,10,1,1,190.0186,0.338884461766757
2,4,RF+GB,2,10,1,1,191.0107,0.3465426249096524
2,4,RF+GB,2,10,1,1,192.0174,0.3506147484291109
2,4,RF+GB,2,10,1,1,193.0112,0.39095975391911353
2,4,RF+GB,2,10,1,1,194.017,0.39431019376258397
2,4,RF+GB,2,10,1,1,195.011,0.3738647981391485
2,4,RF+GB,2,10,1,1,196.0182,0.39129116581148904
2,4,RF+GB,2,10,1,1,197.0109,0.3932925181170406
2,4,RF+GB,2,10,1,1,198.0163,0.3979475190017403
2,4,RF+GB,2,10,1,1,199.0115,0.44129525221130533
2,4,RF+GB,2,10,1,1,200.0158,0.526523797077493
2,4,RF+GB,2,10,1,1,201.0212,0.526523797077493
2,4,RF+GB,2,10,1,1,202.0163,0.5248571304108263
2,4,RF+GB,2,10,1,1,203.021,0.5214717125113538
2,4,RF+GB,2,10,1,1,204.0153,0.5324645754192865
2,4,RF+GB,2,10,1,1,205.0196,0.5241127711211668
2,4,RF+GB,2,10,1,1,206.0148,0.5319148869059439
2,4,RF+GB,2,10,1,1,207.0199,0.5117379481199298
2,4,RF+GB,2,10,1,1,208.0151,0.5274461044545001
2,4,RF+GB,2,10,1,1,209.0168,0.5157386960026329
2,4,RF+GB,2,10,1,1,210.0138,0.5114712880861967
2,4,RF+GB,2,10,1,1,211.0185,0.5266907080129127
2,4,RF+GB,2,10,1,1,212.0106,0.5308518620225177
2,4,RF+GB,2,10,1,1,213.0167,0.5457990537037629
2,4,RF+GB,2,10,1,1,214.0211,0.5657548204631104
2,4,RF+GB,2,10,1,1,215.0173,0.5619422129631106
2,4,RF+GB,2,10,1,1,216.0123,0.5534581397981713
2,4,RF+GB,2,10,1,1,217.0155,0.6013622528796136
2,4,RF+GB,2,10,1,1,218.0131,0.5353410396330264
2,4,RF+GB,2,10,1,1,219.0151,0.5162542064160515
2,4,RF+GB,2,10,1,1,220.0206,0.5501841677880525
2,4,RF+GB,2,10,1,1,221.0155,0.5275991380972673
2,4,RF+GB,2,10,1,1,222.0192,0.5157873224309812
2,4,RF+GB,2,10,1,1,223.0144,0.5888581972863192
2,4,RF+GB,2,10,1,1,224.0182,0.593638906912974
2,4,RF+GB,2,10,1,1,225.0146,0.607849427016022
2,4,RF+GB,2,10,1,1,226.0191,0.6260675075935862
2,4,RF+GB,2,10,1,1,227.0143,0.6237311624204406
2,4,RF+GB,2,10,1,1,228.0199,0.6381439672795247
2,4,RF+GB,2,10,1,1,229.0149,0.676680688024888
2,4,RF+GB,2,10,1,1,230.0192,0.7497298718743193
2,4,RF+GB,2,10,1,1,231.0134,0.7281225118317347
2,4,RF+GB,2,10,1,1,232.0176,0.7324423747687261
2,4,RF+GB,2,10,1,1,233.0125,0.7355011714440727
2,4,RF+GB,2,10,1,1,234.0187,0.8284347209942089
2,4,RF+GB,2,10,1,1,235.0131,0.8728405790499801
2,4,RF+GB,2,10,1,1,236.0166,0.8787021727374695
2,4,RF+GB,2,10,1,1,237.0101,0.8782878388928057
2,4,RF+GB,2,10,1,1,238.0171,0.8766418062483201
2,4,RF+GB,2,10,1,1,239.0119,0.8743943753297543
2,4,RF+GB,2,10,1,1,240.0162,0.8766661025799605
2,4,RF+GB,2,10,1,1,241.0115,0.8783028143653056
2,4,RF+GB,2,10,1,1,242.0157,0.8766620038266141
2,4,RF+GB,2,10,1,1,243.0193,0.8776717896642099
2,4,RF+GB,2,10,1,1,244.015,0.877383357156023
2,4,RF+GB,2,10,1,1,245.0209,0.8745593381096193
2,4,RF+GB,2,10,1,1,246.0146,0.8684606221458488
2,4,RF+GB,2,10,1,1,247.0186,0.8573973728836365
2,4,RF+GB,2,10,1,1,248.015,0.8555283190669764
2,4,RF+GB,2,10,1,1,249.0188,0.8554703552573575
2,4,RF+GB,2,10,1,1,250.0104,0.8546127636887462
2,4,RF+GB,2,10,1,1,251.0183,0.8562794303554129
2,4,RF+GB,2,10,1,1,252.0135,0.8556474105533237
2,4,RF+GB,2,10,1,1,253.0179,0.8611924233597477
2,4,RF+GB,2,10,1,1,254.0114,0.8690695510154436
2,4,RF+GB,2,10,1,1,255.018,0.8761010699342022
2,4,RF+GB,2,10,1,1,256.0106,0.8777485698451134
2,4,RF+GB,2,10,1,1,257.0179,0.8816216743259924
2,4,RF+GB,2,10,1,1,258.0125,0.8818015079240855
2,4,RF+GB,2,10,1,1,259.0168,0.8851410134174631
2,4,RF+GB,2,10,1,1,260.0098,0.8867797412983156
2,4,RF+GB,2,10,1,1,261.0157,0.8808072713517499
2,4,RF+GB,2,10,1,1,262.0208,0.8826984747751456
2,4,RF+GB,2,10,1,1,263.0148,0.8816739913438237
2,4,RF+GB,2,10,1,1,264.0195,0.897657401024786
2,4,RF+GB,2,10,1,1,265.0154,0.8970126970927403
2,4,RF+GB,2,10,1,1,266.0211,0.889763180240809
2,4,RF+GB,2,10,1,1,267.0141,0.8906774225756143
2,4,RF+GB,2,10,1,1,268.0197,0.8907461342184595
2,4,RF+GB,2,10,1,1,269.0141,0.891777439890767
2,4,RF+GB,2,10,1,1,270.0194,0.8917658671766802
2,4,RF+GB,2,10,1,1,271.015,0.8917526318762903
2,4,RF+GB,2,10,1,1,272.0182,0.8887453818870881
2,4,RF+GB,2,10,1,1,273.0125,0.8870787152204214
2,4,RF+GB,2,10,1,1,274.0172,0.8900691220351655
2,4,RF+GB,2,10,1,1,275.0119,0.8933700631149888
2,4,RF+GB,2,10,1,1,276.0185,0.8993592328730431
2,4,RF+GB,2,10,1,1,277.0111,0.8983678797947854
2,4,RF+GB,2,10,1,1,278.0171,0.900128307700002
2,4,RF+GB,2,10,1,1,279.011,0.880101257239956
2,4,RF+GB,2,10,1,1,280.0167,0.8648687304844254
2,4,RF+GB,2,10,1,1,281.0197,0.8638043965869253
2,4,RF+GB,2,10,1,1,282.0163,0.8768082995681339
2,4,RF+GB,2,10,1,1,283.0205,0.8686173920562377
2,4,RF+GB,2,10,1,1,284.0165,0.8708748570499927
2,4,RF+GB,2,10,1,1,285.02,0.8648729070616124
2,4,RF+GB,2,10,1,1,286.0127,0.8607175313774442
2,4,RF+GB,2,10,1,1,287.0202,0.8589091101032893
2,4,RF+GB,2,10,1,1,288.0143,0.8582277503058846
2,4,RF+GB,2,10,1,1,289.0207,0.8589091101032893
2,4,RF+GB,2,10,1,1,290.0141,0.8616336644095604
2,4,RF+GB,2,10,1,1,291.0206,0.8606684194234668
2,4,RF+GB,2,10,1,1,292.0137,0.8606684194234668
2,4,RF+GB,2,10,1,1,293.0199,0.8551228041420166
2,4,RF+GB,2,10,1,1,294.0122,0.8609795732231218
2,4,RF+GB,2,10,1,1,295.0179,0.8609537214972098
2,4,RF+GB,2,10,1,1,296.0117,0.8598374110013671
2,4,RF+GB,2,10,1,1,297.018,0.8569084515774656
2,4,RF+GB,2,10,1,1,298.0117,0.8574380075974886
2,4,RF+GB,2,10,1,1,299.0169,0.8553732645684683
2,4,RF+GB,2,10,1,1,300.011,0.8571494312985015
2,4,RF+GB,2,10,1,1,301.0153,0.8488679626458322
