pair_g,pair_h,model,participant,session,y,sev,t,proba
6,15,RF,6,8,0,0,0.0111263,0.00525600220047939
6,15,RF,6,8,0,0,1.012533,0.04840598217893886
6,15,RF,6,8,0,0,2.006725,0.08529034534180809
6,15,RF,6,8,0,0,3.011544,0.031130657371678274
6,15,RF,6,8,0,0,4.002677,0.048651662261170896
6,15,RF,6,8,0,0,5.009711,0.047264194946842294
6,15,RF,6,8,0,0,6.004739,0.06649508668621143
6,15,RF,6,8,0,0,7.009674,0.08732147959470343
6,15,RF,6,8,0,0,8.003508,0.08926654619849925
6,15,RF,6,8,0,0,9.006954,0.10525799545859901
6,15,RF,6,8,0,0,10.00293,0.10706027661320272
6,15,RF,6,8,0,0,11.00604,0.08427165435100609
6,15,RF,6,8,1,1,12.00364,0.09092191113908116
6,15,RF,6,8,1,1,13.00802,0.11565349003625154
6,15,RF,6,8,1,1,14.00243,0.1375566094114225
6,15,RF,6,8,1,1,15.00691,0.13133715695649512
6,15,RF,6,8,1,1,16.01181,0.11053577615549472
6,15,RF,6,8,1,1,17.00746,0.14559135876714618
6,15,RF,6,8,1,1,18.01327,0.13804608595077486
6,15,RF,6,8,1,1,19.00703,0.12560574117472834
6,15,RF,6,8,1,1,20.01132,0.13031855081813673
6,15,RF,6,8,1,1,21.00361,0.13124650712354516
6,15,RF,6,8,1,1,22.01139,0.12430253203488872
6,15,RF,6,8,1,1,23.00565,0.12714851799365712
6,15,RF,6,8,1,1,24.01185,0.12772839351329635
6,15,RF,6,8,1,1,25.00333,0.10703845073436663
6,15,RF,6,8,1,1,26.01048,0.10752940951657168
6,15,RF,6,8,1,1,27.0047,0.10069131091119489
6,15,RF,6,8,1,1,28.00931,0.10703845073436663
6,15,RF,6,8,1,1,29.00375,0.10456258025058422
6,15,RF,6,8,1,1,30.00954,0.09421546165204779
6,15,RF,6,8,1,1,31.00254,0.03130045775744877
6,15,RF,6,8,1,1,32.00864,0.09580109807013494
6,15,RF,6,8,1,1,33.0032,0.05182778692558897
6,15,RF,6,8,1,1,34.00835,0.04654938698845981
6,15,RF,6,8,1,1,35.01365,0.03796083734014357
6,15,RF,6,8,1,1,36.00763,0.041294170673476904
6,15,RF,6,8,1,1,37.01249,0.04462750400681024
6,15,RF,6,8,1,1,38.00724,0.041294170673476904
6,15,RF,6,8,1,1,39.01177,0.03935539115365294
6,15,RF,6,8,1,1,40.00622,0.04602205782031961
6,15,RF,6,8,1,1,41.01126,0.04461217923962881
6,15,RF,6,8,1,1,42.00632,0.057943940801969185
6,15,RF,6,8,1,1,43.01094,0.0556770540873635
6,15,RF,6,8,1,1,44.00538,0.06554479669593129
6,15,RF,6,8,1,1,45.00897,0.06549253531041516
6,15,RF,6,8,1,1,46.00489,0.0748364923773885
6,15,RF,6,8,1,1,47.00764,0.09783041579708228
6,15,RF,6,8,1,1,48.00322,0.1296396903393532
6,15,RF,6,8,1,1,49.0089,0.14546299030940377
6,15,RF,6,8,1,1,50.00442,0.26332474910507947
6,15,RF,6,8,1,1,51.00952,0.2786137425155042
6,15,RF,6,8,1,1,52.00426,0.272632043838813
6,15,RF,6,8,1,1,53.00848,0.28320888232836355
6,15,RF,6,8,1,1,54.00241,0.2931516339766988
6,15,RF,6,8,1,1,55.00602,0.2926410652578165
6,15,RF,6,8,1,1,56.01323,0.28602315417429824
6,15,RF,6,8,1,1,57.00426,0.28498038566831807
6,15,RF,6,8,1,1,58.01067,0.2932375521646436
6,15,RF,6,8,1,1,59.0066,0.2857083761655867
6,15,RF,6,8,1,1,60.01128,0.33096626867524487
6,15,RF,6,8,1,1,61.00568,0.3849054456296943
6,15,RF,6,8,1,1,62.01031,0.41150489359875053
6,15,RF,6,8,1,1,63.005,0.4199037841574776
6,15,RF,6,8,1,1,64.01,0.42328793218270216
6,15,RF,6,8,1,1,65.00407,0.38588698800857857
6,15,RF,6,8,1,1,66.01032,0.38114605856154293
6,15,RF,6,8,1,1,67.00389,0.34879781066966603
6,15,RF,6,8,1,1,68.00977,0.3584858017262864
6,15,RF,6,8,1,1,69.00293,0.3489294254350699
6,15,RF,6,8,1,1,70.00932,0.35889128815582744
6,15,RF,6,8,1,1,71.00261,0.3582261002765068
6,15,RF,6,8,1,1,72.00746,0.3345474229782208
6,15,RF,6,8,1,1,73.00294,0.3583943324835059
6,15,RF,6,8,1,1,74.00814,0.29887339455251555
6,15,RF,6,8,1,1,75.01319,0.27372746027193073
6,15,RF,6,8,1,1,76.00666,0.26897999956701674
6,15,RF,6,8,1,1,77.01159,0.263737676783385
6,15,RF,6,8,1,1,78.00659,0.26041573878975066
6,15,RF,6,8,1,1,79.01199,0.26289429239758083
6,15,RF,6,8,1,1,80.0071,0.1540096687584967
6,15,RF,6,8,1,1,81.01176,0.2547313168884558
6,15,RF,6,8,1,1,82.00599,0.22273038297775807
6,15,RF,6,8,1,1,83.01203,0.13722987994692543
6,15,RF,6,8,1,1,84.00549,0.230189794360043
6,15,RF,6,8,1,1,85.01128,0.15476971859930724
6,15,RF,6,8,1,1,86.00328,0.15754900265761992
6,15,RF,6,8,1,1,87.01077,0.27812487161961164
6,15,RF,6,8,1,1,88.00428,0.20924099325840115
6,15,RF,6,8,1,1,89.00924,0.21252363697721133
6,15,RF,6,8,1,1,90.00323,0.2211404865171636
6,15,RF,6,8,1,1,91.00959,0.21600151948277238
6,15,RF,6,8,1,1,92.0034,0.3352989099692825
6,15,RF,6,8,1,1,93.00835,0.2524534277627412
6,15,RF,6,8,1,1,94.01284,0.3418562402098736
6,15,RF,6,8,1,1,95.00739,0.32879608151165535
6,15,RF,6,8,1,1,96.01205,0.28821956668523135
6,15,RF,6,8,1,1,97.00794,0.36377204556065396
6,15,RF,6,8,1,1,98.01041,0.31575596631475356
6,15,RF,6,8,1,1,99.0069,0.4378542830394743
6,15,RF,6,8,1,1,100.0121,0.44839959823072606
6,15,RF,6,8,1,1,101.0061,0.439228032915712
6,15,RF,6,8,1,1,102.0104,0.4183855636634821
6,15,RF,6,8,1,1,103.0028,0.42113285001864703
6,15,RF,6,8,1,1,104.0098,0.42642439282520783
6,15,RF,6,8,1,1,105.0038,0.45781830952206254
6,15,RF,6,8,1,1,106.0078,0.4658888606188442
6,15,RF,6,8,1,1,107.0034,0.4557865026786892
6,15,RF,6,8,1,1,108.0105,0.4557971121328917
6,15,RF,6,8,1,1,109.0032,0.4501517256972901
6,15,RF,6,8,1,1,110.0085,0.4409937799783866
6,15,RF,6,8,1,1,111.0039,0.4495858661114371
6,15,RF,6,8,1,1,112.0084,0.4481571483072158
6,15,RF,6,8,1,1,113.0033,0.4520937296670863
6,15,RF,6,8,1,1,114.0078,0.4553728062187957
6,15,RF,6,8,1,1,115.0025,0.46590866963238853
6,15,RF,6,8,1,1,116.0068,0.45357186113698106
6,15,RF,6,8,1,1,117.013,0.4502381348608996
6,15,RF,6,8,1,1,118.0074,0.45357146819423294
6,15,RF,6,8,1,1,119.0124,0.4573669021994984
6,15,RF,6,8,1,1,120.0065,0.4396853528807471
6,15,RF,6,8,1,1,121.0116,0.4354022989532991
6,15,RF,6,8,1,1,122.0045,0.43773596390672065
6,15,RF,6,8,1,1,123.0113,0.4348770610159975
6,15,RF,6,8,1,1,124.0041,0.4434738624620268
6,15,RF,6,8,1,1,125.0098,0.44215841521828203
6,15,RF,6,8,1,1,126.0048,0.3974171680179992
6,15,RF,6,8,1,1,127.0095,0.38408069114267995
6,15,RF,6,8,1,1,128.0036,0.4288231171712076
6,15,RF,6,8,1,1,129.009,0.3902644311717577
6,15,RF,6,8,1,1,130.0039,0.3636162328142584
6,15,RF,6,8,1,1,131.0088,0.35367320951275344
6,15,RF,6,8,1,1,132.0122,0.3769660697430179
6,15,RF,6,8,1,1,133.0076,0.36750558013635354
6,15,RF,6,8,1,1,134.0139,0.37241457093827085
6,15,RF,6,8,1,1,135.0082,0.3796097456013225
6,15,RF,6,8,1,1,136.0131,0.38382366363346515
6,15,RF,6,8,1,1,137.0078,0.3829122072547717
6,15,RF,6,8,1,1,138.013,0.3748615962287982
6,15,RF,6,8,1,1,139.0039,0.38481562192725394
6,15,RF,6,8,1,1,140.0123,0.3793530011497738
6,15,RF,6,8,1,1,141.0059,0.37848649445099697
6,15,RF,6,8,1,1,142.0129,0.38653600022806656
6,15,RF,6,8,1,1,143.0045,0.39122754065574356
6,15,RF,6,8,1,1,144.0114,0.40377779718837997
6,15,RF,6,8,1,1,145.0053,0.40092623369277597
6,15,RF,6,8,1,1,146.01,0.4014787111968037
6,15,RF,6,8,1,1,147.0052,0.41648512653919395
6,15,RF,6,8,1,1,148.0087,0.42871176130408517
6,15,RF,6,8,1,1,149.0129,0.43876523220021235
6,15,RF,6,8,1,1,150.0087,0.43876523220021235
6,15,RF,6,8,1,1,151.0138,0.44439639186693974
6,15,RF,6,8,1,1,152.0095,0.4377297252002731
6,15,RF,6,8,1,1,153.0142,0.4448949851698441
6,15,RF,6,8,1,1,154.0081,0.45822831850317747
6,15,RF,6,8,1,1,155.0137,0.45588749830886344
6,15,RF,6,8,1,1,156.0075,0.45641954278998254
6,15,RF,6,8,1,1,157.0126,0.4701242672634431
6,15,RF,6,8,1,1,158.0068,0.5041838816111807
6,15,RF,6,8,1,1,159.0132,0.4909768484807536
6,15,RF,6,8,1,1,160.0063,0.4841425039671792
6,15,RF,6,8,1,1,161.0108,0.4774758373005126
6,15,RF,6,8,1,1,162.006,0.4764434580202042
6,15,RF,6,8,1,1,163.0109,0.46553200164151065
6,15,RF,6,8,1,1,164.0049,0.4455815641402148
6,15,RF,6,8,1,1,165.01,0.4598263538522415
6,15,RF,6,8,1,1,166.0045,0.4334970007875586
6,15,RF,6,8,1,1,167.0095,0.4468303341208919
6,15,RF,6,8,1,1,168.0032,0.4339003601643905
6,15,RF,6,8,1,1,169.0091,0.4410751238329187
6,15,RF,6,8,1,1,170.0035,0.4602817728954733
6,15,RF,6,8,1,1,171.0077,0.4493703165167797
6,15,RF,6,8,1,1,172.0033,0.45468719848652694
6,15,RF,6,8,1,1,173.0079,0.45802053181986024
6,15,RF,6,8,1,1,174.0131,0.47295442390315295
6,15,RF,6,8,1,1,175.0073,0.4748578385756353
6,15,RF,6,8,1,1,176.0123,0.48152450524230195
6,15,RF,6,8,1,1,177.0065,0.47438237677832773
6,15,RF,6,8,1,1,178.0104,0.48966902851317
6,15,RF,6,8,1,1,179.0055,0.49300236184650337
6,15,RF,6,8,1,1,180.0111,0.49020460947902333
6,15,RF,6,8,1,1,181.0053,0.49020460947902333
6,15,RF,6,8,1,1,182.0111,0.49020460947902333
6,15,RF,6,8,1,1,183.0054,0.4902132542194846
6,15,RF,6,8,1,1,184.0106,0.4982638652454581
6,15,RF,6,8,1,1,185.0048,0.5082638652454582
6,15,RF,6,8,1,1,186.01,0.5011240734815233
6,15,RF,6,8,1,1,187.0047,0.5030377046654599
6,15,RF,6,8,1,1,188.0081,0.5197299126107623
6,15,RF,6,8,1,1,189.0033,0.526396579277429
6,15,RF,6,8,1,1,190.0063,0.5255385544378204
6,15,RF,6,8,1,1,191.0028,0.523600953746241
6,15,RF,6,8,1,1,192.0089,0.5316755342798575
6,15,RF,6,8,1,1,193.0028,0.5492755650509659
6,15,RF,6,8,1,1,194.0075,0.5611998056891049
6,15,RF,6,8,1,1,195.0103,0.5570213711849817
6,15,RF,6,8,1,1,196.0071,0.5384053155442885
6,15,RF,6,8,1,1,197.013,0.5370213711849817
6,15,RF,6,8,1,1,198.0058,0.5350719822109552
6,15,RF,6,8,1,1,199.0128,0.5331277014926558
6,15,RF,6,8,1,1,200.0057,0.5331277014926559
6,15,RF,6,8,1,1,201.0118,0.5331277014926558
6,15,RF,6,8,1,1,202.0059,0.5196735095550581
6,15,RF,6,8,1,1,203.0114,0.513912733481477
6,15,RF,6,8,1,1,204.0047,0.5076459004941037
6,15,RF,6,8,1,1,205.0115,0.5029199780610022
6,15,RF,6,8,1,1,206.0058,0.49958664472766884
6,15,RF,6,8,1,1,207.0091,0.5018791070298503
6,15,RF,6,8,1,1,208.0048,0.5050504319853093
6,15,RF,6,8,1,1,209.0109,0.4976096382224559
6,15,RF,6,8,1,1,210.0142,0.490271823268558
6,15,RF,6,8,1,1,211.0105,0.4857301951525174
6,15,RF,6,8,1,1,212.0143,0.4797066695847997
6,15,RF,6,8,1,1,213.0075,0.49236896280920955
6,15,RF,6,8,1,1,214.0034,0.47970902724128905
6,15,RF,6,8,1,1,215.0077,0.48430027641681694
6,15,RF,6,8,1,1,216.0128,0.48551800190033134
6,15,RF,6,8,1,1,217.0073,0.4888513352336647
6,15,RF,6,8,1,1,218.0133,0.4907802911847826
6,15,RF,6,8,1,1,219.0063,0.49613993033224546
6,15,RF,6,8,1,1,220.0116,0.4998442006953343
6,15,RF,6,8,1,1,221.0034,0.5118316241605005
6,15,RF,6,8,1,1,222.0124,0.5087235978169172
6,15,RF,6,8,1,1,223.0052,0.5153902644835839
6,15,RF,6,8,1,1,224.0106,0.5078262526688498
6,15,RF,6,8,1,1,225.0051,0.5192514560167221
6,15,RF,6,8,1,1,226.011,0.5176508972667627
6,15,RF,6,8,1,1,227.0034,0.5424090410052199
6,15,RF,6,8,1,1,228.0098,0.5390757076718866
6,15,RF,6,8,1,1,229.0035,0.5457423743385533
6,15,RF,6,8,1,1,230.0087,0.5424090410052199
6,15,RF,6,8,1,1,231.003,0.5243478205250439
6,15,RF,6,8,1,1,232.008,0.5285228175036873
6,15,RF,6,8,1,1,233.0139,0.5310144871917106
6,15,RF,6,8,1,1,234.0074,0.5390757076718866
6,15,RF,6,8,1,1,235.0029,0.5390757076718866
6,15,RF,6,8,1,1,236.0081,0.5438240278416379
6,15,RF,6,8,1,1,237.012,0.5547076308540905
6,15,RF,6,8,1,1,238.0068,0.5671485579755734
6,15,RF,6,8,1,1,239.0122,0.5894424548814851
6,15,RF,6,8,1,1,240.0048,0.590829373057486
6,15,RF,6,8,1,1,241.0114,0.5841627063908192
6,15,RF,6,8,1,1,242.0057,0.5718744636007818
6,15,RF,6,8,1,1,243.0114,0.5752077969341151
6,15,RF,6,8,1,1,244.005,0.5799667265580689
6,15,RF,6,8,1,1,245.0085,0.5928220086134468
6,15,RF,6,8,1,1,246.0043,0.5840878494118005
6,15,RF,6,8,1,1,247.0102,0.5659163092287129
6,15,RF,6,8,1,1,248.0034,0.5650800920911685
6,15,RF,6,8,1,1,249.0086,0.5589802870859615
6,15,RF,6,8,1,1,250.012,0.560965876831313
6,15,RF,6,8,1,1,251.0087,0.5737079748239264
6,15,RF,6,8,1,1,252.0134,0.5723397481745492
6,15,RF,6,8,1,1,253.0077,0.5737564990735344
6,15,RF,6,8,1,1,254.0119,0.5770914041778608
6,15,RF,6,8,1,1,255.0081,0.5640720670696588
6,15,RF,6,8,1,1,256.0134,0.5646610532799865
6,15,RF,6,8,1,1,257.007,0.5722122664860326
6,15,RF,6,8,1,1,258.0121,0.5908078891038173
6,15,RF,6,8,1,1,259.007,0.6021134077598029
6,15,RF,6,8,1,1,260.0117,0.6116328387787033
6,15,RF,6,8,1,1,261.005,0.6180545392668885
6,15,RF,6,8,1,1,262.0108,0.6208762611420113
6,15,RF,6,8,1,1,263.0057,0.621325723231466
6,15,RF,6,8,1,1,264.01,0.621325723231466
6,15,RF,6,8,1,1,265.0052,0.6171176993405469
6,15,RF,6,8,1,1,266.0104,0.63180431020765
6,15,RF,6,8,1,1,267.0128,0.6284709768743167
6,15,RF,6,8,1,1,268.0097,0.6331917910516911
6,15,RF,6,8,1,1,269.0036,0.6312506538753776
6,15,RF,6,8,1,1,270.0091,0.6331666427158037
6,15,RF,6,8,1,1,271.014,0.6365251243850244
6,15,RF,6,8,1,1,272.0055,0.6804541269469556
6,15,RF,6,8,1,1,273.0126,0.6842794246010874
6,15,RF,6,8,1,1,274.0073,0.6871058617891891
6,15,RF,6,8,1,1,275.0133,0.6855334064667338
6,15,RF,6,8,1,1,276.007,0.6855334064667338
6,15,RF,6,8,1,1,277.0134,0.6868952440203522
6,15,RF,6,8,1,1,278.0072,0.7037851026237995
6,15,RF,6,8,1,1,279.0129,0.7071184359571328
6,15,RF,6,8,1,1,280.0068,0.7037851026237995
6,15,RF,6,8,1,1,281.011,0.69717155435815
6,15,RF,6,8,1,1,282.0045,0.6885166900298906
6,15,RF,6,8,1,1,283.0108,0.7055327843557516
6,15,RF,6,8,1,1,284.0054,0.6988661176890849
6,15,RF,6,8,1,1,285.0088,0.6921994510224183
6,15,RF,6,8,1,1,286.004,0.689749406286361
6,15,RF,6,8,1,1,287.0099,0.6964160729530277
6,15,RF,6,8,1,1,288.0023,0.6964160729530277
6,15,RF,6,8,1,1,289.0085,0.699749406286361
6,15,RF,6,8,1,1,290.0032,0.7030827396196944
6,15,RF,6,8,1,1,291.007,0.699749406286361
6,15,RF,6,8,1,1,292.003,0.6964160729530277
6,15,RF,6,8,1,1,293.0081,0.6949967637463792
6,15,RF,6,8,1,1,294.0127,0.6930827396196944
6,15,RF,6,8,1,1,295.0076,0.6964160729530277
6,15,RF,6,8,1,1,296.0129,0.7050120885135605
6,15,RF,6,8,1,1,297.0052,0.7050120885135605
6,15,RF,6,8,1,1,298.0126,0.7016787551802272
6,15,RF,6,8,1,1,299.0057,0.6950120885135604
6,15,RF,6,8,1,1,300.0108,0.7064160729530277
6,15,RF,6,8,1,1,301.005,0.706958503670893
6,15,RF,15,22,0,0,0.0,0.0024437475109518117
6,15,RF,15,22,0,0,1.000974,0.007574921132038587
6,15,RF,15,22,0,0,2.003568,0.009131203583637863
6,15,RF,15,22,0,0,2.999172,0.010756345183957898
6,15,RF,15,22,0,0,4.004295,0.010818115042309947
6,15,RF,15,22,0,0,4.999187,0.01153511664196646
6,15,RF,15,22,0,0,6.004433,0.02679662394539399
6,15,RF,15,22,0,0,7.008282,0.04759265765297857
6,15,RF,15,22,0,0,8.002911,0.05370896347284897
6,15,RF,15,22,0,0,9.006618,0.0033333333333333335
6,15,RF,15,22,0,0,10.00285,0.0033333333333333335
6,15,RF,15,22,0,0,11.00888,0.005272505795905537
6,15,RF,15,22,0,0,12.00174,0.015272505795905538
6,15,RF,15,22,0,0,13.00911,0.011939172462572204
6,15,RF,15,22,0,0,14.00245,0.015272505795905538
6,15,RF,15,22,0,0,15.00674,0.015272505795905538
6,15,RF,15,22,0,0,16.0,0.018605839129238872
6,15,RF,15,22,0,0,17.00529,0.015272505795905538
6,15,RF,15,22,0,0,18.00072,0.021939172462572206
6,15,RF,15,22,0,0,19.00576,0.015272505795905538
6,15,RF,15,22,0,0,20.00023,0.015272505795905538
6,15,RF,15,22,0,0,21.00535,0.008605839129238872
6,15,RF,15,22,0,0,21.99837,0.008605839129238872
6,15,RF,15,22,0,0,23.00469,0.027654917678494245
6,15,RF,15,22,0,0,23.99946,0.020381567442026814
6,15,RF,15,22,0,0,25.00485,0.009109467971220156
6,15,RF,15,22,1,1,25.99836,0.01
6,15,RF,15,22,1,1,27.00395,0.014689331122166945
6,15,RF,15,22,1,1,28.00946,0.016666666666666666
6,15,RF,15,22,1,1,29.00419,0.015245785689025109
6,15,RF,15,22,1,1,30.00806,0.015245785689025109
6,15,RF,15,22,1,1,31.00277,0.02666666666666667
6,15,RF,15,22,1,1,32.00785,0.03
6,15,RF,15,22,1,1,33.00269,0.031940744233565174
6,15,RF,15,22,1,1,34.00766,0.04878309011391913
6,15,RF,15,22,1,1,35.00272,0.05068454007266014
6,15,RF,15,22,1,1,36.00747,0.0501870745533863
6,15,RF,15,22,1,1,36.9996,0.05018707455338631
6,15,RF,15,22,1,1,38.00627,0.05544975678058579
6,15,RF,15,22,1,1,38.99976,0.06545958034929183
6,15,RF,15,22,1,1,40.00533,0.05433415851310464
6,15,RF,15,22,1,1,40.99976,0.052126247015958506
6,15,RF,15,22,1,1,42.00514,0.04912648827065896
6,15,RF,15,22,1,1,42.99894,0.04913670478211325
6,15,RF,15,22,1,1,44.00431,0.05738303510193438
6,15,RF,15,22,1,1,44.99878,0.05204031185641569
6,15,RF,15,22,1,1,46.00489,0.047286883430937274
6,15,RF,15,22,1,1,47.0092,0.04070615192381343
6,15,RF,15,22,1,1,48.00323,0.04070615192381343
6,15,RF,15,22,1,1,49.00968,0.044039485257146765
6,15,RF,15,22,1,1,50.0032,0.048765407690248265
6,15,RF,15,22,1,1,51.00922,0.11872306621198662
6,15,RF,15,22,1,1,52.0018,0.11610342971561669
6,15,RF,15,22,1,1,53.0089,0.11886750436682561
6,15,RF,15,22,1,1,54.00255,0.1446459876624078
6,15,RF,15,22,1,1,55.00832,0.14606031997060634
6,15,RF,15,22,1,1,56.00201,0.1905108922314676
6,15,RF,15,22,1,1,57.00761,0.17826995780983754
6,15,RF,15,22,1,1,57.99846,0.1763445383434538
6,15,RF,15,22,1,1,59.00563,0.1615915028607236
6,15,RF,15,22,1,1,60.0009,0.17967787167678712
6,15,RF,15,22,1,1,61.00551,0.186156677904571
6,15,RF,15,22,1,1,61.99966,0.1908285765690347
6,15,RF,15,22,1,1,63.0064,0.19630445818313313
6,15,RF,15,22,1,1,63.99938,0.19106967489105878
6,15,RF,15,22,1,1,65.00513,0.18773634155772545
6,15,RF,15,22,1,1,65.9985,0.16159936171568845
6,15,RF,15,22,1,1,67.00328,0.1509985285602833
6,15,RF,15,22,1,1,68.00936,0.12449334905789079
6,15,RF,15,22,1,1,69.00479,0.14559234184102585
6,15,RF,15,22,1,1,70.00838,0.15521418287636513
6,15,RF,15,22,1,1,71.00202,0.14521418287636512
6,15,RF,15,22,1,1,72.00929,0.15395286724227494
6,15,RF,15,22,1,1,73.00296,0.14518529973757405
6,15,RF,15,22,1,1,74.00823,0.13815047952102832
6,15,RF,15,22,1,1,75.00237,0.15148381285436166
6,15,RF,15,22,1,1,76.00737,0.14897961507652774
6,15,RF,15,22,1,1,77.00177,0.25521518175379865
6,15,RF,15,22,1,1,78.00689,0.2496685762976204
6,15,RF,15,22,1,1,79.00884,0.26571704132702595
6,15,RF,15,22,1,1,80.00656,0.18445770626733107
6,15,RF,15,22,1,1,80.99937,0.20062179915899675
6,15,RF,15,22,1,1,82.00517,0.18444788269862503
6,15,RF,15,22,1,1,82.99969,0.187808329081587
6,15,RF,15,22,1,1,84.00191,0.17584440122587558
6,15,RF,15,22,1,1,84.99885,0.17587347898924546
6,15,RF,15,22,1,1,86.0044,0.15377121768810947
6,15,RF,15,22,1,1,86.99889,0.16731322121880263
6,15,RF,15,22,1,1,88.00349,0.15910572001346535
6,15,RF,15,22,1,1,89.00752,0.15053013747584104
6,15,RF,15,22,1,1,90.00366,0.14244337571702934
6,15,RF,15,22,1,1,91.008,0.1341970453972082
6,15,RF,15,22,1,1,92.0039,0.14614355342966756
6,15,RF,15,22,1,1,93.00881,0.1372175565321404
6,15,RF,15,22,1,1,94.0022,0.13230455954565262
6,15,RF,15,22,1,1,95.00798,0.1347148565332417
6,15,RF,15,22,1,1,96.00266,0.12996378576425272
6,15,RF,15,22,1,1,97.00711,0.1322097438189245
6,15,RF,15,22,1,1,98.00116,0.12418472170693479
6,15,RF,15,22,1,1,99.00732,0.12085138837360146
6,15,RF,15,22,1,1,100.0006,0.12085138837360146
6,15,RF,15,22,1,1,101.0059,0.21154594159660273
6,15,RF,15,22,1,1,101.9992,0.20154594159660275
6,15,RF,15,22,1,1,103.0059,0.1515531226251978
6,15,RF,15,22,1,1,103.9993,0.13440487234022716
6,15,RF,15,22,1,1,105.0047,0.12997630487326745
6,15,RF,15,22,1,1,105.9986,0.1238059248976299
6,15,RF,15,22,1,1,107.0035,0.12031904128735413
6,15,RF,15,22,1,1,107.9985,0.12114882523038473
6,15,RF,15,22,1,1,109.0031,0.12363707974262508
6,15,RF,15,22,1,1,110.0076,0.11638411181321551
6,15,RF,15,22,1,1,111.0022,0.1235955792734256
6,15,RF,15,22,1,1,112.008,0.10998180607174284
6,15,RF,15,22,1,1,113.0031,0.10506880908525502
6,15,RF,15,22,1,1,114.0076,0.10664847273840951
6,15,RF,15,22,1,1,114.9989,0.09991615395042004
6,15,RF,15,22,1,1,116.0066,0.10331278174858673
6,15,RF,15,22,1,1,117.0013,0.10083079377593936
6,15,RF,15,22,1,1,118.0067,0.09591779678945156
6,15,RF,15,22,1,1,119.0003,0.10083079377593936
6,15,RF,15,22,1,1,120.0045,0.09646040552906314
6,15,RF,15,22,1,1,121.0003,0.09720067586152698
6,15,RF,15,22,1,1,122.0044,0.10211367284801479
6,15,RF,15,22,1,1,122.9991,0.10386734252819364
6,15,RF,15,22,1,1,124.0044,0.1168238725154135
6,15,RF,15,22,1,1,124.9989,0.10348268032711533
6,15,RF,15,22,1,1,126.0041,0.10810759020476565
6,15,RF,15,22,1,1,127.0092,0.10477425687143231
6,15,RF,15,22,1,1,128.0039,0.11053487656158725
6,15,RF,15,22,1,1,129.0084,0.11143987753515762
6,15,RF,15,22,1,1,130.0032,0.10612765383931322
6,15,RF,15,22,1,1,131.0085,0.17944825142994927
6,15,RF,15,22,1,1,132.0024,0.13420010808443472
6,15,RF,15,22,1,1,133.0067,0.1357797717375892
6,15,RF,15,22,1,1,134.0019,0.13997175402892983
6,15,RF,15,22,1,1,135.0055,0.15201304865418008
6,15,RF,15,22,1,1,136.001,0.17146387620170833
6,15,RF,15,22,1,1,137.007,0.1748505649963206
6,15,RF,15,22,1,1,138.0008,0.16858695473102703
6,15,RF,15,22,1,1,139.0064,0.16367395774453924
6,15,RF,15,22,1,1,140.0006,0.1570072910778726
6,15,RF,15,22,1,1,141.0053,0.12334470552673613
6,15,RF,15,22,1,1,141.9996,0.11526108730991032
6,15,RF,15,22,1,1,143.0043,0.12574832878165965
6,15,RF,15,22,1,1,143.9991,0.1372898769882347
6,15,RF,15,22,1,1,145.0036,0.15257534989483218
6,15,RF,15,22,1,1,146.009,0.1571786479213292
6,15,RF,15,22,1,1,147.0034,0.1519253963200875
6,15,RF,15,22,1,1,148.0084,0.11682384688882015
6,15,RF,15,22,1,1,149.0029,0.11682384688882015
6,15,RF,15,22,1,1,150.0071,0.11349051355548681
6,15,RF,15,22,1,1,151.0033,0.11541239653713639
6,15,RF,15,22,1,1,152.0067,0.11383273288398194
6,15,RF,15,22,1,1,153.0012,0.11068725998953138
6,15,RF,15,22,1,1,154.0069,0.11174142211239581
6,15,RF,15,22,1,1,155.0018,0.24078245724314282
6,15,RF,15,22,1,1,156.005,0.21572150020779565
6,15,RF,15,22,1,1,157.0015,0.20238816687446234
6,15,RF,15,22,1,1,158.0064,0.20047925100350472
6,15,RF,15,22,1,1,158.9998,0.20556625401701692
6,15,RF,15,22,1,1,160.0075,0.22393441733862532
6,15,RF,15,22,1,1,160.9989,0.22047925100350474
6,15,RF,15,22,1,1,162.0055,0.23574704148643136
6,15,RF,15,22,1,1,162.9993,0.24047925100350473
6,15,RF,15,22,1,1,164.0038,0.24060108400529198
6,15,RF,15,22,1,1,165.009,0.2371459176701714
6,15,RF,15,22,1,1,166.0014,0.2318710542177764
6,15,RF,15,22,1,1,167.0084,0.2218710542177764
6,15,RF,15,22,1,1,168.0029,0.16131135331577504
6,15,RF,15,22,1,1,168.9988,0.11979223926735981
6,15,RF,15,22,1,1,170.0026,0.11589856957503399
6,15,RF,15,22,1,1,171.0087,0.10256523624170065
6,15,RF,15,22,1,1,172.002,0.05015292690502227
6,15,RF,15,22,1,1,173.0081,0.049802848721562334
6,15,RF,15,22,1,1,174.0015,0.045470582746242605
6,15,RF,15,22,1,1,175.0074,0.045470582746242605
6,15,RF,15,22,1,1,176.0012,0.04916853314472081
6,15,RF,15,22,1,1,177.0057,0.054081530131208616
6,15,RF,15,22,1,1,178.0003,0.054081530131208616
6,15,RF,15,22,1,1,179.0055,0.05504043678258457
6,15,RF,15,22,1,1,180.0004,0.04880391607957594
6,15,RF,15,22,1,1,181.0063,0.04722425242642147
6,15,RF,15,22,1,1,181.9992,0.03722425242642147
6,15,RF,15,22,1,1,183.0047,0.04213724941290927
6,15,RF,15,22,1,1,183.9991,0.03643616942433867
6,15,RF,15,22,1,1,185.0039,0.040199648721330035
6,15,RF,15,22,1,1,185.9996,0.04353298205466337
6,15,RF,15,22,1,1,187.0029,0.040199648721330035
6,15,RF,15,22,1,1,188.0091,0.04353298205466337
6,15,RF,15,22,1,1,189.0034,0.045456436807305906
6,15,RF,15,22,1,1,190.0086,0.05071833314900892
6,15,RF,15,22,1,1,191.0028,0.05071833314900892
6,15,RF,15,22,1,1,192.0077,0.05071833314900892
6,15,RF,15,22,1,1,193.0021,0.04051868442767889
6,15,RF,15,22,1,1,194.0079,0.04543168141416669
6,15,RF,15,22,1,1,195.0012,0.04876501474750002
6,15,RF,15,22,1,1,196.0064,0.05209834808083336
6,15,RF,15,22,1,1,197.0011,0.050169785072463675
6,15,RF,15,22,1,1,198.0061,0.04683645173913034
6,15,RF,15,22,1,1,199.0004,0.05012849540153186
6,15,RF,15,22,1,1,200.0061,0.05012849540153186
6,15,RF,15,22,1,1,200.9999,0.06679516206819852
6,15,RF,15,22,1,1,202.0023,0.07679516206819853
6,15,RF,15,22,1,1,202.9989,0.10856337063006231
6,15,RF,15,22,1,1,204.004,0.1562657398245678
6,15,RF,15,22,1,1,204.9987,0.19064280332170283
6,15,RF,15,22,1,1,206.0042,0.21400600030390252
6,15,RF,15,22,1,1,207.0072,0.22067266697056917
6,15,RF,15,22,1,1,208.0036,0.21451970483760363
6,15,RF,15,22,1,1,208.9984,0.21413314152728213
6,15,RF,15,22,1,1,210.0027,0.22924712481722595
6,15,RF,15,22,1,1,211.0065,0.22924712481722595
6,15,RF,15,22,1,1,212.0023,0.4884395650158075
6,15,RF,15,22,1,1,213.0079,0.5002364583982929
6,15,RF,15,22,1,1,214.0013,0.4969031250649596
6,15,RF,15,22,1,1,215.0067,0.49549874768274416
6,15,RF,15,22,1,1,216.0005,0.5021654143494109
6,15,RF,15,22,1,1,217.0071,0.5088320810160775
6,15,RF,15,22,1,1,217.9998,0.5007523922267342
6,15,RF,15,22,1,1,219.0065,0.49547281346136024
6,15,RF,15,22,1,1,220.0002,0.4548012942371162
6,15,RF,15,22,1,1,221.005,0.45829537495970357
6,15,RF,15,22,1,1,221.9992,0.47883065533675684
6,15,RF,15,22,1,1,223.004,0.47925201647996923
6,15,RF,15,22,1,1,223.9989,0.4859186831466359
6,15,RF,15,22,1,1,225.0036,0.4829837014060713
6,15,RF,15,22,1,1,225.9981,0.47968219643534554
6,15,RF,15,22,1,1,227.003,0.4848462996830029
6,15,RF,15,22,1,1,227.9983,0.46889544854446097
6,15,RF,15,22,1,1,229.0027,0.47222878187779427
6,15,RF,15,22,1,1,230.0077,0.46889544854446097
6,15,RF,15,22,1,1,231.0015,0.4600303230586699
6,15,RF,15,22,1,1,232.0083,0.4666969897253366
6,15,RF,15,22,1,1,232.9994,0.4271653774812405
6,15,RF,15,22,1,1,234.0069,0.46049871081457394
6,15,RF,15,22,1,1,235.0008,0.4543476272462046
6,15,RF,15,22,1,1,236.0067,0.47367157569440604
6,15,RF,15,22,1,1,237.0007,0.4748237605447152
6,15,RF,15,22,1,1,238.0053,0.4540829214615722
6,15,RF,15,22,1,1,238.9998,0.4957891263311684
6,15,RF,15,22,1,1,240.0057,0.5001980830346877
6,15,RF,15,22,1,1,240.9991,0.5057735403601149
6,15,RF,15,22,1,1,242.0057,0.516402291460983
6,15,RF,15,22,1,1,242.9979,0.5197356247943165
6,15,RF,15,22,1,1,244.0028,0.535329347708417
6,15,RF,15,22,1,1,244.9987,0.521830492170907
6,15,RF,15,22,1,1,246.0038,0.5345017848774304
6,15,RF,15,22,1,1,247.0082,0.5336065154491866
6,15,RF,15,22,1,1,248.0007,0.5369398487825199
6,15,RF,15,22,1,1,249.0081,0.5374767336539861
6,15,RF,15,22,1,1,250.0022,0.5497681286667322
6,15,RF,15,22,1,1,250.9977,0.5402856342661664
6,15,RF,15,22,1,1,252.0028,0.5502856342661663
6,15,RF,15,22,1,1,253.0074,0.5436366500231705
6,15,RF,15,22,1,1,254.0015,0.5255581400620718
6,15,RF,15,22,1,1,255.0057,0.5202997802051029
6,15,RF,15,22,1,1,256.0016,0.541153112786035
6,15,RF,15,22,1,1,257.0052,0.5344864461193682
6,15,RF,15,22,1,1,257.9996,0.5306517178392787
6,15,RF,15,22,1,1,259.0047,0.5392308368616371
6,15,RF,15,22,1,1,260.0,0.5558821787611224
6,15,RF,15,22,1,1,261.0054,0.5644864461193684
6,15,RF,15,22,1,1,261.9995,0.5511531127860351
6,15,RF,15,22,1,1,263.005,0.5744864461193684
6,15,RF,15,22,1,1,264.0086,0.5792241568349171
6,15,RF,15,22,1,1,265.0041,0.5736031575220922
6,15,RF,15,22,1,1,265.9979,0.5730530480830783
6,15,RF,15,22,1,1,267.0028,0.5823363659590488
6,15,RF,15,22,1,1,267.9983,0.5856693848772058
6,15,RF,15,22,1,1,269.0023,0.5890027182105391
6,15,RF,15,22,1,1,270.0084,0.597929774457973
6,15,RF,15,22,1,1,271.0029,0.6007423334215435
6,15,RF,15,22,1,1,272.0079,0.5874090000882101
6,15,RF,15,22,1,1,273.0007,0.592531959298139
6,15,RF,15,22,1,1,274.007,0.5851486105074428
6,15,RF,15,22,1,1,275.002,0.6016952818236772
6,15,RF,15,22,1,1,276.0071,0.6083619484903438
6,15,RF,15,22,1,1,276.9994,0.6183619484903438
6,15,RF,15,22,1,1,278.0064,0.6155489180564534
6,15,RF,15,22,1,1,278.9993,0.6169107556100717
6,15,RF,15,22,1,1,280.0048,0.6055489180564534
6,15,RF,15,22,1,1,280.9991,0.6286577294266726
6,15,RF,15,22,1,1,282.0041,0.6267264158190653
6,15,RF,15,22,1,1,282.9991,0.6186430311586797
6,15,RF,15,22,1,1,284.0046,0.613905320443131
6,15,RF,15,22,1,1,284.9987,0.6182563518569786
6,15,RF,15,22,1,1,286.0029,0.617689233459479
6,15,RF,15,22,1,1,286.9979,0.6088296553266631
6,15,RF,15,22,1,1,288.0019,0.6021629886599965
6,15,RF,15,22,1,1,289.0057,0.6110826233631929
6,15,RF,15,22,1,1,290.0014,0.6044243335716073
6,15,RF,15,22,1,1,291.0084,0.5985380045021775
6,15,RF,15,22,1,1,292.0014,0.6151758612708544
6,15,RF,15,22,1,1,293.0075,0.6352003487986134
6,15,RF,15,22,1,1,293.9986,0.6198711572351742
6,15,RF,15,22,1,1,295.0063,0.6274909009933345
6,15,RF,15,22,1,1,296.0003,0.6260706235093071
6,15,RF,15,22,1,1,297.0054,0.635625026432801
6,15,RF,15,22,1,1,298.001,0.6342175055085997
6,15,RF,15,22,1,1,299.0046,0.6308841721752664
6,15,RF,15,22,1,1,299.9992,0.6436429211988836
6,15,RF,15,22,1,1,301.0032,0.6575838460327854
6,15,RF,15,22,1,1,301.9981,0.6709171793661187
6,15,RF,6,29,0,0,0.0112192,0.0
6,15,RF,6,29,0,0,1.011824,0.0033333333333333335
6,15,RF,6,29,0,0,2.016775,0.011771788854618888
6,15,RF,6,29,0,0,3.01134,0.004929865575686733
6,15,RF,6,29,0,0,4.016446,0.009099768163778539
6,15,RF,6,29,0,0,5.010691,0.011040512397343709
6,15,RF,6,29,0,0,6.014781,0.005771543086172345
6,15,RF,6,29,0,0,7.021184,0.0019289559511179223
6,15,RF,6,29,0,0,8.014297,0.003039914258665654
6,15,RF,6,29,0,0,9.017834,0.0019289559511179223
6,15,RF,6,29,0,0,10.0143,0.0019289559511179223
6,15,RF,6,29,0,0,11.0198,0.0018971275885103541
6,15,RF,6,29,0,0,12.01373,0.007171205155408857
6,15,RF,6,29,0,0,13.01924,0.007171205155408857
6,15,RF,6,29,0,0,14.01323,0.007171205155408857
6,15,RF,6,29,0,0,15.01874,0.009100161106526778
6,15,RF,6,29,0,0,16.02178,0.012433494439860112
6,15,RF,6,29,0,0,17.0179,0.012433494439860112
6,15,RF,6,29,0,0,18.01236,0.012433494439860112
6,15,RF,6,29,0,0,19.01663,0.012450783920782742
6,15,RF,6,29,0,0,20.01117,0.012450783920782742
6,15,RF,6,29,0,0,21.01589,0.007188494636331487
6,15,RF,6,29,0,0,22.01227,0.007188494636331487
6,15,RF,6,29,0,0,23.01739,0.008901302841604647
6,15,RF,6,29,0,0,24.01122,0.007203033518016424
6,15,RF,6,29,0,0,25.01702,0.007203033518016424
6,15,RF,6,29,0,0,26.0217,0.007203033518016424
6,15,RF,6,29,0,0,27.01569,0.005274077566898502
6,15,RF,6,29,0,0,28.02129,0.012959029203725391
6,15,RF,6,29,0,0,29.01555,0.01157665661541151
6,15,RF,6,29,0,0,30.01976,0.007187315808086761
6,15,RF,6,29,0,0,31.01329,0.034900460064702474
6,15,RF,6,29,0,0,32.02007,0.038237991700200286
6,15,RF,6,29,0,0,33.01092,0.044904658366866954
6,15,RF,6,29,0,0,34.01912,0.048239170528445015
6,15,RF,6,29,0,0,35.01377,0.06149346269631451
6,15,RF,6,29,0,0,36.01718,0.08249379570171142
6,15,RF,6,29,0,0,37.01274,0.07560179956996828
6,15,RF,6,29,0,0,38.01831,0.0719468603850858
6,15,RF,6,29,0,0,39.01217,0.07196572163700138
6,15,RF,6,29,0,0,40.01754,0.06336892019097208
6,15,RF,6,29,0,0,41.01052,0.06509726108122608
6,15,RF,6,29,0,0,42.01724,0.058430594414559424
6,15,RF,6,29,0,0,43.02027,0.056533466826049074
6,15,RF,6,29,0,0,44.01577,0.0690110960820551
6,15,RF,6,29,0,0,45.02153,0.0709083606199358
6,15,RF,6,29,0,0,46.01505,0.06703001569479139
6,15,RF,6,29,0,0,47.02,0.0651059058216874
6,15,RF,6,29,0,0,48.01451,0.07368698955778706
6,15,RF,6,29,0,0,49.02043,0.0770203228911204
6,15,RF,6,29,0,0,50.01405,0.0822822192328234
6,15,RF,6,29,0,0,51.02033,0.07781840154144018
6,15,RF,6,29,0,0,52.01211,0.07748457200941461
6,15,RF,6,29,0,0,53.01879,0.0722226756677116
6,15,RF,6,29,0,0,54.01346,0.06613096268681465
6,15,RF,6,29,0,0,55.01865,0.05614668039674432
6,15,RF,6,29,0,0,56.0123,0.054761950151940984
6,15,RF,6,29,0,0,57.01873,0.05149914815012615
6,15,RF,6,29,0,0,58.01094,0.060099879023637885
6,15,RF,6,29,0,0,59.01741,0.0676012868526047
6,15,RF,6,29,0,0,60.01103,0.07623446549398698
6,15,RF,6,29,0,0,61.01686,0.08337212387525136
6,15,RF,6,29,0,0,62.02135,0.08989149276191459
6,15,RF,6,29,0,0,63.01606,0.10653890523391742
6,15,RF,6,29,0,0,64.01111,0.1071912452355692
6,15,RF,6,29,0,0,65.01536,0.11963183707535398
6,15,RF,6,29,0,0,66.01973,0.09719124523556917
6,15,RF,6,29,0,0,67.01254,0.06436087861998506
6,15,RF,6,29,0,0,68.02018,0.08347727560753261
6,15,RF,6,29,0,0,69.01416,0.09490441609209065
6,15,RF,6,29,0,0,70.02119,0.07719124523556918
6,15,RF,6,29,0,0,71.01406,0.12645128244465967
6,15,RF,6,29,0,0,72.01811,0.09402466928628946
6,15,RF,6,29,0,0,73.01423,0.09349210663407925
6,15,RF,6,29,0,0,74.01737,0.10926855672120896
6,15,RF,6,29,0,0,75.01094,0.07682543996741259
6,15,RF,6,29,0,0,76.0176,0.107276124257637
6,15,RF,6,29,0,0,77.02081,0.09718248442552808
6,15,RF,6,29,0,0,78.01769,0.07382134640735206
6,15,RF,6,29,0,0,79.01154,0.1119353212697752
6,15,RF,6,29,0,0,80.01762,0.08386734252819365
6,15,RF,6,29,0,0,81.01078,0.11394249464709051
6,15,RF,6,29,0,0,82.01668,0.11070788759485327
6,15,RF,6,29,0,0,83.01159,0.10441245417398745
6,15,RF,6,29,0,0,84.0154,0.10164023087745422
6,15,RF,6,29,0,0,85.0213,0.10164023087745422
6,15,RF,6,29,0,0,86.01613,0.10925037279951959
6,15,RF,6,29,0,0,87.02153,0.13904536442483162
6,15,RF,6,29,0,0,88.01397,0.13636401090162603
6,15,RF,6,29,0,0,89.02009,0.1330306775682927
6,15,RF,6,29,0,0,90.0147,0.12686304819189284
6,15,RF,6,29,0,0,91.01833,0.12825445846341627
6,15,RF,6,29,0,0,92.01338,0.13019638152522617
6,15,RF,6,29,0,0,93.01836,0.1383055410206877
6,15,RF,6,29,0,0,94.01306,0.14163887435402103
6,15,RF,6,29,0,0,95.01991,0.14443623377875284
6,15,RF,6,29,0,0,96.01231,0.1730448235072294
6,15,RF,6,29,0,0,97.01806,0.16971149017389606
6,15,RF,6,29,0,0,98.01287,0.174638539527159
6,15,RF,6,29,0,0,99.0177,0.1726966164653491
6,15,RF,6,29,0,0,100.0129,0.1730448235072294
6,15,RF,6,29,0,0,101.0174,0.1797114901738961
6,15,RF,6,29,0,0,102.012,0.17110290044541954
6,15,RF,6,29,0,0,103.0166,0.1797114901738961
6,15,RF,6,29,0,0,104.0114,0.1730448235072294
6,15,RF,6,29,0,0,105.016,0.16443623377875283
6,15,RF,6,29,0,0,106.0215,0.16637815684056273
6,15,RF,6,29,0,0,107.0152,0.16637815684056273
6,15,RF,6,29,0,0,108.0193,0.1796796618112885
6,15,RF,6,29,0,0,109.015,0.16971149017389606
6,15,RF,6,29,0,0,110.0205,0.17496552766063425
6,15,RF,6,29,0,0,111.0144,0.17163219432730095
6,15,RF,6,29,0,0,112.0205,0.1658551134830158
6,15,RF,6,29,0,0,113.0114,0.1739131904212059
6,15,RF,6,29,0,0,114.0195,0.17300745738650905
6,15,RF,6,29,0,0,115.0128,0.17443069602064007
6,15,RF,6,29,0,0,116.0194,0.1749525239903049
6,15,RF,6,29,0,0,117.0126,0.17250724126799752
6,15,RF,6,29,0,0,118.0177,0.17108518146211124
6,15,RF,6,29,0,0,119.0121,0.17775184812877792
6,15,RF,6,29,0,0,120.0173,0.1957712708298908
6,15,RF,6,29,0,0,121.0209,0.19910460416322412
6,15,RF,6,29,0,0,122.0168,0.19243793749655747
6,15,RF,6,29,0,0,123.0214,0.19910460416322412
6,15,RF,6,29,0,0,124.0167,0.20487030247609225
6,15,RF,6,29,0,0,125.021,0.20243793749655747
6,15,RF,6,29,0,0,126.0145,0.21913795686925486
6,15,RF,6,29,0,0,127.0109,0.23373737523336843
6,15,RF,6,29,0,0,128.0153,0.24487963630656093
6,15,RF,6,29,0,0,129.0204,0.2496521095901564
6,15,RF,6,29,0,0,130.0143,0.33670657460657033
6,15,RF,6,29,0,0,131.0208,0.34768899397665115
6,15,RF,6,29,0,0,132.0134,0.3510349014779282
6,15,RF,6,29,0,0,133.019,0.35436823481126156
6,15,RF,6,29,0,0,134.0134,0.35206176373740616
6,15,RF,6,29,0,0,135.0182,0.3610349014779282
6,15,RF,6,29,0,0,136.0138,0.3742725580354604
6,15,RF,6,29,0,0,137.0193,0.38093922470212704
6,15,RF,6,29,0,0,138.0129,0.38093922470212704
6,15,RF,6,29,0,0,139.018,0.3828756465654616
6,15,RF,6,29,0,0,140.0114,0.38767515215080695
6,15,RF,6,29,0,0,141.0173,0.4069855844820641
6,15,RF,6,29,0,0,142.0123,0.39384194083007074
6,15,RF,6,29,0,0,143.0174,0.4057862215483701
6,15,RF,6,29,0,0,144.0198,0.4104046604837897
6,15,RF,6,29,0,0,145.0158,0.40988283251412483
6,15,RF,6,29,0,0,146.022,0.41988283251412484
6,15,RF,6,29,0,0,147.0161,0.4241161833138354
6,15,RF,6,29,0,0,148.0215,0.43744951664716875
6,15,RF,6,29,0,0,149.0159,0.43654759697867973
6,15,RF,6,29,0,0,150.0214,0.4141161833138353
6,15,RF,6,29,0,0,151.0148,0.4112179032300739
6,15,RF,6,29,0,0,152.0203,0.40648019251452516
6,15,RF,6,29,0,0,153.015,0.4050561679948977
6,15,RF,6,29,0,0,154.0197,0.4003969709827595
6,15,RF,6,29,0,0,155.0137,0.3961623522382194
6,15,RF,6,29,0,0,156.0195,0.40758637675784687
6,15,RF,6,29,0,0,157.0139,0.39425304342451356
6,15,RF,6,29,0,0,158.0179,0.3961623522382194
6,15,RF,6,29,0,0,159.0134,0.39139071613201587
6,15,RF,6,29,0,0,160.0171,0.39159895032280345
6,15,RF,6,29,0,0,161.0113,0.396976741279292
6,15,RF,6,29,0,0,162.0164,0.40364340794595865
6,15,RF,6,29,0,0,163.022,0.39763992904821993
6,15,RF,6,29,0,0,164.0161,0.39763992904821993
6,15,RF,6,29,0,0,165.022,0.4022991260603581
6,15,RF,6,29,0,0,166.0165,0.39807526069824495
6,15,RF,6,29,0,0,167.0112,0.4014085940315783
6,15,RF,6,29,0,0,168.0158,0.39988005225269413
6,15,RF,6,29,0,0,169.0202,0.4084870702101777
6,15,RF,6,29,0,0,170.0141,0.4144936165557443
6,15,RF,6,29,0,0,171.0207,0.42116028322241095
6,15,RF,6,29,0,0,172.0139,0.4338304287868164
6,15,RF,6,29,0,0,173.0192,0.4371637621201497
6,15,RF,6,29,0,0,174.013,0.4410821608489051
6,15,RF,6,29,0,0,175.0175,0.4557037118588575
6,15,RF,6,29,0,0,176.0135,0.4523703785255242
6,15,RF,6,29,0,0,177.0181,0.45615193023443434
6,15,RF,6,29,0,0,178.0124,0.4594852635677677
6,15,RF,6,29,0,0,179.0186,0.46615193023443424
6,15,RF,6,29,0,0,180.0117,0.47569073774439485
6,15,RF,6,29,0,0,181.0171,0.48436487406559003
6,15,RF,6,29,0,0,182.0113,0.475809462373161
6,15,RF,6,29,0,0,183.0171,0.4691171476962298
6,15,RF,6,29,0,0,184.0217,0.46715989986723844
6,15,RF,6,29,0,0,185.0134,0.4795916306844718
6,15,RF,6,29,0,0,186.0216,0.4866208671778017
6,15,RF,6,29,0,0,187.0153,0.4987650607439923
6,15,RF,6,29,0,0,188.0214,0.492998094676128
6,15,RF,6,29,0,0,189.0154,0.500374752141226
6,15,RF,6,29,0,0,190.0175,0.4984526204535041
6,15,RF,6,29,0,0,191.0144,0.4917859537868374
6,15,RF,6,29,0,0,192.0198,0.48509060229954915
6,15,RF,6,29,0,0,193.0143,0.47611746455902704
6,15,RF,6,29,0,0,194.0198,0.4697818783952217
6,15,RF,6,29,0,0,195.0145,0.4813426414911036
6,15,RF,6,29,0,0,196.0186,0.47938932308959464
6,15,RF,6,29,0,0,197.0138,0.4774859084171124
6,15,RF,6,29,0,0,198.0177,0.475179437343257
6,15,RF,6,29,0,0,199.0128,0.47272855056415164
6,15,RF,6,29,0,0,200.015,0.4723757908345535
6,15,RF,6,29,0,0,201.0131,0.4693952172308184
6,15,RF,6,29,0,0,202.0175,0.47272855056415164
6,15,RF,6,29,0,0,203.0224,0.47272855056415164
6,15,RF,6,29,0,0,204.0173,0.47272855056415164
6,15,RF,6,29,0,0,205.0222,0.47272855056415164
6,15,RF,6,29,0,0,206.0159,0.4641525750837792
6,15,RF,6,29,0,0,207.0197,0.47081924175044587
6,15,RF,6,29,0,0,208.0167,0.47081924175044587
6,15,RF,6,29,0,0,209.0206,0.4621843263227053
6,15,RF,6,29,0,0,210.0151,0.4708326018038861
6,15,RF,6,29,0,0,211.0197,0.468384568482341
6,15,RF,6,29,0,0,212.0139,0.47131997606496495
6,15,RF,6,29,0,0,213.0196,0.47468081539067525
6,15,RF,6,29,0,0,214.0141,0.4727271040464181
6,15,RF,6,29,0,0,215.0178,0.47131997606496495
6,15,RF,6,29,0,0,216.012,0.4865767641509408
6,15,RF,6,29,0,0,217.0189,0.4871583194183384
6,15,RF,6,29,0,0,218.0127,0.476627453765464
6,15,RF,6,29,0,0,219.0185,0.47996078709879736
6,15,RF,6,29,0,0,220.0132,0.47996078709879736
6,15,RF,6,29,0,0,221.0173,0.4880259370064558
6,15,RF,6,29,0,0,222.0124,0.47469260367312244
6,15,RF,6,29,0,0,223.017,0.47135927033978914
6,15,RF,6,29,0,0,224.0219,0.4733129816840463
6,15,RF,6,29,0,0,225.0162,0.4780259370064558
6,15,RF,6,29,0,0,226.0217,0.47469260367312244
6,15,RF,6,29,0,0,227.0157,0.47469260367312244
6,15,RF,6,29,0,0,228.0207,0.47805344299883273
6,15,RF,6,29,0,0,229.0154,0.4808429435685997
6,15,RF,6,29,0,0,230.0205,0.4927406792063736
6,15,RF,6,29,0,0,231.0153,0.4922617345792406
6,15,RF,6,29,0,0,232.0194,0.4956084279660142
6,15,RF,6,29,0,0,233.0133,0.48174422897980645
6,15,RF,6,29,0,0,234.0184,0.4784108956464731
6,15,RF,6,29,0,0,235.0122,0.47700376766502
6,15,RF,6,29,0,0,236.0163,0.4803371009983533
6,15,RF,6,29,0,0,237.0122,0.48367043433168666
6,15,RF,6,29,0,0,238.0178,0.4803371009983533
6,15,RF,6,29,0,0,239.0128,0.4803371009983533
6,15,RF,6,29,0,0,240.0172,0.4803371009983533
6,15,RF,6,29,0,0,241.0219,0.48174422897980645
6,15,RF,6,29,0,0,242.0162,0.48174422897980645
6,15,RF,6,29,0,0,243.0118,0.4784108956464731
6,15,RF,6,29,0,0,244.017,0.48507756231313975
6,15,RF,6,29,0,0,245.0216,0.48507756231313975
6,15,RF,6,29,0,0,246.0154,0.48174422897980645
6,15,RF,6,29,0,0,247.0208,0.4603646069907304
6,15,RF,6,29,0,0,248.0148,0.45700376766502
6,15,RF,6,29,0,0,249.0202,0.45033710099835333
6,15,RF,6,29,0,0,250.0158,0.45642734701005927
6,15,RF,6,29,0,0,251.0202,0.46502021902860613
6,15,RF,6,29,0,0,252.0149,0.46502021902860613
6,15,RF,6,29,0,0,253.0197,0.4716868856952728
6,15,RF,6,29,0,0,254.0136,0.48502021902860615
6,15,RF,6,29,0,0,255.0182,0.49502021902860616
6,15,RF,6,29,0,0,256.0139,0.49835355236193946
6,15,RF,6,29,0,0,257.0173,0.47363116641357217
6,15,RF,6,29,0,0,258.013,0.4755074680364258
6,15,RF,6,29,0,0,259.0187,0.4583327263962827
6,15,RF,6,29,0,0,260.021,0.44833272639628274
6,15,RF,6,29,0,0,261.0178,0.4449993930629494
6,15,RF,6,29,0,0,262.0128,0.43746943117839604
6,15,RF,6,29,0,0,263.0165,0.4355157198341388
6,15,RF,6,29,0,0,264.022,0.44218238650080544
6,15,RF,6,29,0,0,265.0162,0.44218238650080544
6,15,RF,6,29,0,0,266.0201,0.43354617387622085
6,15,RF,6,29,0,0,267.0135,0.43354617387622085
6,15,RF,6,29,0,0,268.0216,0.4402128405428875
6,15,RF,6,29,0,0,269.0137,0.4468795072095541
6,15,RF,6,29,0,0,270.0212,0.43984816028317425
6,15,RF,6,29,0,0,271.0142,0.46354617387622077
6,15,RF,6,29,0,0,272.0176,0.4702128405428874
6,15,RF,6,29,0,0,273.0138,0.46354617387622077
6,15,RF,6,29,0,0,274.0176,0.46827641867955294
6,15,RF,6,29,0,0,275.0136,0.47218499383960233
6,15,RF,6,29,0,0,276.0194,0.4888192278910961
6,15,RF,6,29,0,0,277.011,0.4954784286455463
6,15,RF,6,29,0,0,278.0184,0.493524717301289
6,15,RF,6,29,0,0,279.0128,0.49880390312391465
6,15,RF,6,29,0,0,280.0181,0.49880390312391465
6,15,RF,6,29,0,0,281.0127,0.4994640234450148
6,15,RF,6,29,0,0,282.0156,0.49226845583921497
6,15,RF,6,29,0,0,283.0111,0.4970100959822461
6,15,RF,6,29,0,0,284.0166,0.5131380381410736
6,15,RF,6,29,0,0,285.0219,0.544221415536523
6,15,RF,6,29,0,0,286.016,0.5398018501523791
6,15,RF,6,29,0,0,287.0216,0.5341785493406166
6,15,RF,6,29,0,0,288.0144,0.5498183537478052
6,15,RF,6,29,0,0,289.0197,0.5375118826739499
6,15,RF,6,29,0,0,290.0124,0.5456332919679913
6,15,RF,6,29,0,0,291.018,0.5514116337615615
6,15,RF,6,29,0,0,292.0144,0.5527969765511597
6,15,RF,6,29,0,0,293.0191,0.5394636432178264
6,15,RF,6,29,0,0,294.0126,0.5442170716433047
6,15,RF,6,29,0,0,295.0191,0.55562144902552
6,15,RF,6,29,0,0,296.0124,0.5613985298698052
6,15,RF,6,29,0,0,297.0182,0.5577523353342632
6,15,RF,6,29,0,0,298.0114,0.5556396683261726
6,15,RF,6,29,0,0,299.0173,0.5456396683261726
6,15,RF,6,29,0,0,300.0121,0.5304052779768466
6,15,RF,6,29,0,0,301.018,0.5304052779768466
6,15,GB,6,8,0,0,0.0111263,0.0015780162783694711
6,15,GB,6,8,0,0,1.012533,0.0057268177435705935
6,15,GB,6,8,0,0,2.006725,0.0036539271105976655
6,15,GB,6,8,0,0,3.011544,0.010423949458783565
6,15,GB,6,8,0,0,4.002677,0.018046758914862376
6,15,GB,6,8,0,0,5.009711,0.016909913153670488
6,15,GB,6,8,0,0,6.004739,0.014356020079964057
6,15,GB,6,8,0,0,7.009674,0.006802390316618051
6,15,GB,6,8,0,0,8.003508,0.011460107889691967
6,15,GB,6,8,0,0,9.006954,0.021984397296922746
6,15,GB,6,8,0,0,10.00293,0.010261017576132913
6,15,GB,6,8,0,0,11.00604,0.006010660090603399
6,15,GB,6,8,1,1,12.00364,0.0021347121675392576
6,15,GB,6,8,1,1,13.00802,0.0020964728506757545
6,15,GB,6,8,1,1,14.00243,0.007548967133904137
6,15,GB,6,8,1,1,15.00691,0.007367470544104796
6,15,GB,6,8,1,1,16.01181,0.006943586833420469
6,15,GB,6,8,1,1,17.00746,0.009293978317751155
6,15,GB,6,8,1,1,18.01327,0.008052590906867996
6,15,GB,6,8,1,1,19.00703,0.008040136387177738
6,15,GB,6,8,1,1,20.01132,0.006910383887957611
6,15,GB,6,8,1,1,21.00361,0.0031539136127262876
6,15,GB,6,8,1,1,22.01139,0.0023609205260500103
6,15,GB,6,8,1,1,23.00565,0.008884465474655164
6,15,GB,6,8,1,1,24.01185,0.008586029807048616
6,15,GB,6,8,1,1,25.00333,0.009446094193380983
6,15,GB,6,8,1,1,26.01048,0.01280168508218078
6,15,GB,6,8,1,1,27.0047,0.00554151459959711
6,15,GB,6,8,1,1,28.00931,0.019288114412665303
6,15,GB,6,8,1,1,29.00375,0.014410047071237645
6,15,GB,6,8,1,1,30.00954,0.007602135601002742
6,15,GB,6,8,1,1,31.00254,0.003498312418950477
6,15,GB,6,8,1,1,32.00864,0.00925959169026881
6,15,GB,6,8,1,1,33.0032,0.004376581905282484
6,15,GB,6,8,1,1,34.00835,0.0030416546909058637
6,15,GB,6,8,1,1,35.01365,0.0017011864131896656
6,15,GB,6,8,1,1,36.00763,0.0025172187464556134
6,15,GB,6,8,1,1,37.01249,0.003193935093818504
6,15,GB,6,8,1,1,38.00724,0.0039175175422725295
6,15,GB,6,8,1,1,39.01177,0.0034296104131035492
6,15,GB,6,8,1,1,40.00622,0.004364274033024682
6,15,GB,6,8,1,1,41.01126,0.0038334040600049844
6,15,GB,6,8,1,1,42.00632,0.004123344090962729
6,15,GB,6,8,1,1,43.01094,0.0038983544841383055
6,15,GB,6,8,1,1,44.00538,0.003375047726512113
6,15,GB,6,8,1,1,45.00897,0.0031335872046455715
6,15,GB,6,8,1,1,46.00489,0.0037897721678017636
6,15,GB,6,8,1,1,47.00764,0.04254515839800401
6,15,GB,6,8,1,1,48.00322,0.05087877461879952
6,15,GB,6,8,1,1,49.0089,0.06321360853751883
6,15,GB,6,8,1,1,50.00442,0.17232229112379685
6,15,GB,6,8,1,1,51.00952,0.27486192219198974
6,15,GB,6,8,1,1,52.00426,0.2533983179637526
6,15,GB,6,8,1,1,53.00848,0.0836686707489159
6,15,GB,6,8,1,1,54.00241,0.14735194436887766
6,15,GB,6,8,1,1,55.00602,0.1754569970113721
6,15,GB,6,8,1,1,56.01323,0.1471603025987618
6,15,GB,6,8,1,1,57.00426,0.13933719938559389
6,15,GB,6,8,1,1,58.01067,0.13493009982829118
6,15,GB,6,8,1,1,59.0066,0.12164397291304185
6,15,GB,6,8,1,1,60.01128,0.14697470237585894
6,15,GB,6,8,1,1,61.00568,0.4550777627399248
6,15,GB,6,8,1,1,62.01031,0.7860086365329769
6,15,GB,6,8,1,1,63.005,0.799953695096258
6,15,GB,6,8,1,1,64.01,0.7696366468146563
6,15,GB,6,8,1,1,65.00407,0.7633075194577758
6,15,GB,6,8,1,1,66.01032,0.5379952565029142
6,15,GB,6,8,1,1,67.00389,0.3078697030962403
6,15,GB,6,8,1,1,68.00977,0.33594826294195446
6,15,GB,6,8,1,1,69.00293,0.3803220637273196
6,15,GB,6,8,1,1,70.00932,0.3225131509485345
6,15,GB,6,8,1,1,71.00261,0.3674317498535004
6,15,GB,6,8,1,1,72.00746,0.23944435072178635
6,15,GB,6,8,1,1,73.00294,0.4070401392918845
6,15,GB,6,8,1,1,74.00814,0.2568115421745475
6,15,GB,6,8,1,1,75.01319,0.08843012847974839
6,15,GB,6,8,1,1,76.00666,0.06133663344739228
6,15,GB,6,8,1,1,77.01159,0.19743854361324825
6,15,GB,6,8,1,1,78.00659,0.11261850929206772
6,15,GB,6,8,1,1,79.01199,0.14288782549356682
6,15,GB,6,8,1,1,80.0071,0.0878043134526782
6,15,GB,6,8,1,1,81.01176,0.1667949514043145
6,15,GB,6,8,1,1,82.00599,0.18914747859573774
6,15,GB,6,8,1,1,83.01203,0.0011005745848473108
6,15,GB,6,8,1,1,84.00549,0.1645923915263855
6,15,GB,6,8,1,1,85.01128,0.06199797832887501
6,15,GB,6,8,1,1,86.00328,0.07289003274833322
6,15,GB,6,8,1,1,87.01077,0.21666605229659264
6,15,GB,6,8,1,1,88.00428,0.09809016450189781
6,15,GB,6,8,1,1,89.00924,0.09346270760787874
6,15,GB,6,8,1,1,90.00323,0.10509704109875562
6,15,GB,6,8,1,1,91.00959,0.11796805599168111
6,15,GB,6,8,1,1,92.0034,0.1612733311467318
6,15,GB,6,8,1,1,93.00835,0.08256604953477496
6,15,GB,6,8,1,1,94.01284,0.13579017531881987
6,15,GB,6,8,1,1,95.00739,0.1016932395256705
6,15,GB,6,8,1,1,96.01205,0.1420021528927751
6,15,GB,6,8,1,1,97.00794,0.3381830956898978
6,15,GB,6,8,1,1,98.01041,0.11430668606028159
6,15,GB,6,8,1,1,99.0069,0.7892271832638627
6,15,GB,6,8,1,1,100.0121,0.7273081502794992
6,15,GB,6,8,1,1,101.0061,0.7971616070473008
6,15,GB,6,8,1,1,102.0104,0.7024597729701328
6,15,GB,6,8,1,1,103.0028,0.7040680445370102
6,15,GB,6,8,1,1,104.0098,0.768787041697659
6,15,GB,6,8,1,1,105.0038,0.873294182154818
6,15,GB,6,8,1,1,106.0078,0.9301418668745517
6,15,GB,6,8,1,1,107.0034,0.897792687399752
6,15,GB,6,8,1,1,108.0105,0.861149089434617
6,15,GB,6,8,1,1,109.0032,0.8855396517803258
6,15,GB,6,8,1,1,110.0085,0.9220962232715959
6,15,GB,6,8,1,1,111.0039,0.8731828366095358
6,15,GB,6,8,1,1,112.0084,0.8757414909886596
6,15,GB,6,8,1,1,113.0033,0.9104138960082487
6,15,GB,6,8,1,1,114.0078,0.9106225627860927
6,15,GB,6,8,1,1,115.0025,0.8821537265223368
6,15,GB,6,8,1,1,116.0068,0.887920464214323
6,15,GB,6,8,1,1,117.013,0.9260526419399887
6,15,GB,6,8,1,1,118.0074,0.9260526419399887
6,15,GB,6,8,1,1,119.0124,0.9264748166202422
6,15,GB,6,8,1,1,120.0065,0.9057769969824262
6,15,GB,6,8,1,1,121.0116,0.8853129861299917
6,15,GB,6,8,1,1,122.0045,0.8874830688246914
6,15,GB,6,8,1,1,123.0113,0.8712709125007869
6,15,GB,6,8,1,1,124.0041,0.8833576174815683
6,15,GB,6,8,1,1,125.0098,0.8037783470044636
6,15,GB,6,8,1,1,126.0048,0.7759010674965092
6,15,GB,6,8,1,1,127.0095,0.5151857785348882
6,15,GB,6,8,1,1,128.0036,0.7973579454285228
6,15,GB,6,8,1,1,129.009,0.5541234875253994
6,15,GB,6,8,1,1,130.0039,0.5296792706734794
6,15,GB,6,8,1,1,131.0088,0.30443098442025074
6,15,GB,6,8,1,1,132.0122,0.5581296888078857
6,15,GB,6,8,1,1,133.0076,0.5681247791727366
6,15,GB,6,8,1,1,134.0139,0.31835717125881985
6,15,GB,6,8,1,1,135.0082,0.3123244323827318
6,15,GB,6,8,1,1,136.0131,0.30708796000652117
6,15,GB,6,8,1,1,137.0078,0.34369838667423197
6,15,GB,6,8,1,1,138.013,0.33238945759103905
6,15,GB,6,8,1,1,139.0039,0.4383660378733441
6,15,GB,6,8,1,1,140.0123,0.44730846906008764
6,15,GB,6,8,1,1,141.0059,0.3575417495694502
6,15,GB,6,8,1,1,142.0129,0.3394044677042093
6,15,GB,6,8,1,1,143.0045,0.551602611387456
6,15,GB,6,8,1,1,144.0114,0.4389028378798309
6,15,GB,6,8,1,1,145.0053,0.3842438119267947
6,15,GB,6,8,1,1,146.01,0.505278622909484
6,15,GB,6,8,1,1,147.0052,0.493422852895231
6,15,GB,6,8,1,1,148.0087,0.512812612764351
6,15,GB,6,8,1,1,149.0129,0.5299390081839634
6,15,GB,6,8,1,1,150.0087,0.5186454533342941
6,15,GB,6,8,1,1,151.0138,0.5620863944890908
6,15,GB,6,8,1,1,152.0095,0.5566297899724
6,15,GB,6,8,1,1,153.0142,0.8105408815934269
6,15,GB,6,8,1,1,154.0081,0.5971653243790775
6,15,GB,6,8,1,1,155.0137,0.8022855900244177
6,15,GB,6,8,1,1,156.0075,0.806916573138443
6,15,GB,6,8,1,1,157.0126,0.8136785464537971
6,15,GB,6,8,1,1,158.0068,0.9274924354390115
6,15,GB,6,8,1,1,159.0132,0.9616699132057158
6,15,GB,6,8,1,1,160.0063,0.9533914379373167
6,15,GB,6,8,1,1,161.0108,0.9512988843127955
6,15,GB,6,8,1,1,162.006,0.9517423736496606
6,15,GB,6,8,1,1,163.0109,0.934813157876744
6,15,GB,6,8,1,1,164.0049,0.9249966430153382
6,15,GB,6,8,1,1,165.01,0.9234948819516992
6,15,GB,6,8,1,1,166.0045,0.9211490160801472
6,15,GB,6,8,1,1,167.0095,0.9256159848129076
6,15,GB,6,8,1,1,168.0032,0.9068069370567385
6,15,GB,6,8,1,1,169.0091,0.9228130879240443
6,15,GB,6,8,1,1,170.0035,0.928947872226702
6,15,GB,6,8,1,1,171.0077,0.9627972041825623
6,15,GB,6,8,1,1,172.0033,0.94671271334329
6,15,GB,6,8,1,1,173.0079,0.9616191274650576
6,15,GB,6,8,1,1,174.0131,0.962506879085195
6,15,GB,6,8,1,1,175.0073,0.9715048218605725
6,15,GB,6,8,1,1,176.0123,0.9714887444560598
6,15,GB,6,8,1,1,177.0065,0.9690447195936727
6,15,GB,6,8,1,1,178.0104,0.9680159035376397
6,15,GB,6,8,1,1,179.0055,0.9672541552641925
6,15,GB,6,8,1,1,180.0111,0.9556846188499352
6,15,GB,6,8,1,1,181.0053,0.956703455641348
6,15,GB,6,8,1,1,182.0111,0.9200715137247484
6,15,GB,6,8,1,1,183.0054,0.9552512401151939
6,15,GB,6,8,1,1,184.0106,0.9677370969256779
6,15,GB,6,8,1,1,185.0048,0.9792314438224591
6,15,GB,6,8,1,1,186.01,0.9804321270325321
6,15,GB,6,8,1,1,187.0047,0.9838727155106206
6,15,GB,6,8,1,1,188.0081,0.9795393541883545
6,15,GB,6,8,1,1,189.0033,0.9793834688000634
6,15,GB,6,8,1,1,190.0063,0.972667711110205
6,15,GB,6,8,1,1,191.0028,0.9771091966068878
6,15,GB,6,8,1,1,192.0089,0.9691795358264197
6,15,GB,6,8,1,1,193.0028,0.9808144758841838
6,15,GB,6,8,1,1,194.0075,0.990156901260876
6,15,GB,6,8,1,1,195.0103,0.9850506631562056
6,15,GB,6,8,1,1,196.0071,0.9916351786992851
6,15,GB,6,8,1,1,197.013,0.9832756090005819
6,15,GB,6,8,1,1,198.0058,0.991880164483162
6,15,GB,6,8,1,1,199.0128,0.9923708331921222
6,15,GB,6,8,1,1,200.0057,0.9921844501848128
6,15,GB,6,8,1,1,201.0118,0.9871168586317172
6,15,GB,6,8,1,1,202.0059,0.9679781045261356
6,15,GB,6,8,1,1,203.0114,0.9800202656646974
6,15,GB,6,8,1,1,204.0047,0.9816912681987715
6,15,GB,6,8,1,1,205.0115,0.9747136172540384
6,15,GB,6,8,1,1,206.0058,0.9747136172540384
6,15,GB,6,8,1,1,207.0091,0.9753964307052791
6,15,GB,6,8,1,1,208.0048,0.9627434306600237
6,15,GB,6,8,1,1,209.0109,0.9634669857620475
6,15,GB,6,8,1,1,210.0142,0.9303728636067276
6,15,GB,6,8,1,1,211.0105,0.9203388479992969
6,15,GB,6,8,1,1,212.0143,0.9167420928345015
6,15,GB,6,8,1,1,213.0075,0.8933286268141167
6,15,GB,6,8,1,1,214.0034,0.9567431403773476
6,15,GB,6,8,1,1,215.0077,0.9641554949432815
6,15,GB,6,8,1,1,216.0128,0.973477432895201
6,15,GB,6,8,1,1,217.0073,0.972292934632828
6,15,GB,6,8,1,1,218.0133,0.9780563177414778
6,15,GB,6,8,1,1,219.0063,0.9786861579276808
6,15,GB,6,8,1,1,220.0116,0.9933218711322572
6,15,GB,6,8,1,1,221.0034,0.9923116544158888
6,15,GB,6,8,1,1,222.0124,0.9933765582677331
6,15,GB,6,8,1,1,223.0052,0.9935346974710815
6,15,GB,6,8,1,1,224.0106,0.9858254599724736
6,15,GB,6,8,1,1,225.0051,0.9886547911257203
6,15,GB,6,8,1,1,226.011,0.9889244088136969
6,15,GB,6,8,1,1,227.0034,0.9930827517696125
6,15,GB,6,8,1,1,228.0098,0.9942420519152747
6,15,GB,6,8,1,1,229.0035,0.9943796437804288
6,15,GB,6,8,1,1,230.0087,0.9942420519152747
6,15,GB,6,8,1,1,231.003,0.9932877011848981
6,15,GB,6,8,1,1,232.008,0.9915740809066267
6,15,GB,6,8,1,1,233.0139,0.9938954713769452
6,15,GB,6,8,1,1,234.0074,0.9933602244694368
6,15,GB,6,8,1,1,235.0029,0.9938954713769452
6,15,GB,6,8,1,1,236.0081,0.9943222477045207
6,15,GB,6,8,1,1,237.012,0.9936414290547229
6,15,GB,6,8,1,1,238.0068,0.9941953129487762
6,15,GB,6,8,1,1,239.0122,0.9979953832092943
6,15,GB,6,8,1,1,240.0048,0.9980650521058473
6,15,GB,6,8,1,1,241.0114,0.997556268275169
6,15,GB,6,8,1,1,242.0057,0.9978386798353109
6,15,GB,6,8,1,1,243.0114,0.9980888538166389
6,15,GB,6,8,1,1,244.005,0.9975458960815461
6,15,GB,6,8,1,1,245.0085,0.9980345454926384
6,15,GB,6,8,1,1,246.0043,0.997986248027157
6,15,GB,6,8,1,1,247.0102,0.995196075196703
6,15,GB,6,8,1,1,248.0034,0.9958114267048988
6,15,GB,6,8,1,1,249.0086,0.9963885930178603
6,15,GB,6,8,1,1,250.012,0.9967591806942135
6,15,GB,6,8,1,1,251.0087,0.9950413500283083
6,15,GB,6,8,1,1,252.0134,0.9963024649590765
6,15,GB,6,8,1,1,253.0077,0.9955884853387822
6,15,GB,6,8,1,1,254.0119,0.9963872286909807
6,15,GB,6,8,1,1,255.0081,0.9948664114556587
6,15,GB,6,8,1,1,256.0134,0.9962986015417922
6,15,GB,6,8,1,1,257.007,0.99647922434505
6,15,GB,6,8,1,1,258.0121,0.9958320901559016
6,15,GB,6,8,1,1,259.007,0.9967734444279627
6,15,GB,6,8,1,1,260.0117,0.9977384253021584
6,15,GB,6,8,1,1,261.005,0.9986401462026295
6,15,GB,6,8,1,1,262.0108,0.9988793496346648
6,15,GB,6,8,1,1,263.0057,0.9989474572765165
6,15,GB,6,8,1,1,264.01,0.9989173178670224
6,15,GB,6,8,1,1,265.0052,0.9989742511189249
6,15,GB,6,8,1,1,266.0104,0.9988540789625266
6,15,GB,6,8,1,1,267.0128,0.9988540789625266
6,15,GB,6,8,1,1,268.0097,0.9988540789625266
6,15,GB,6,8,1,1,269.0036,0.9988540789625266
6,15,GB,6,8,1,1,270.0091,0.9988468254705303
6,15,GB,6,8,1,1,271.014,0.9988540789625266
6,15,GB,6,8,1,1,272.0055,0.998109732833005
6,15,GB,6,8,1,1,273.0126,0.9977585161120182
6,15,GB,6,8,1,1,274.0073,0.9981786613227501
6,15,GB,6,8,1,1,275.0133,0.9981523175547773
6,15,GB,6,8,1,1,276.007,0.9983704156985163
6,15,GB,6,8,1,1,277.0134,0.9983243157776881
6,15,GB,6,8,1,1,278.0072,0.9988154565684256
6,15,GB,6,8,1,1,279.0129,0.9987863252349769
6,15,GB,6,8,1,1,280.0068,0.9988031385583643
6,15,GB,6,8,1,1,281.011,0.9988031385583643
6,15,GB,6,8,1,1,282.0045,0.9987763350053303
6,15,GB,6,8,1,1,283.0108,0.9992718220694492
6,15,GB,6,8,1,1,284.0054,0.9992718220694492
6,15,GB,6,8,1,1,285.0088,0.9992893085150448
6,15,GB,6,8,1,1,286.004,0.9994645969407795
6,15,GB,6,8,1,1,287.0099,0.9995253555871941
6,15,GB,6,8,1,1,288.0023,0.9995119122204839
6,15,GB,6,8,1,1,289.0085,0.9995367565080321
6,15,GB,6,8,1,1,290.0032,0.9992164336705649
6,15,GB,6,8,1,1,291.007,0.9992575513384028
6,15,GB,6,8,1,1,292.003,0.999119527875824
6,15,GB,6,8,1,1,293.0081,0.9994625411759372
6,15,GB,6,8,1,1,294.0127,0.9995708742216585
6,15,GB,6,8,1,1,295.0076,0.9994101343302819
6,15,GB,6,8,1,1,296.0129,0.9994771447902243
6,15,GB,6,8,1,1,297.0052,0.9995603126051021
6,15,GB,6,8,1,1,298.0126,0.9995603126051021
6,15,GB,6,8,1,1,299.0057,0.999276983144963
6,15,GB,6,8,1,1,300.0108,0.9994440278027639
6,15,GB,6,8,1,1,301.005,0.9995895924403789
6,15,GB,15,22,0,0,0.0,0.00011280218939438263
6,15,GB,15,22,0,0,1.000974,0.00014857907459351816
6,15,GB,15,22,0,0,2.003568,9.139914365776468e-05
6,15,GB,15,22,0,0,2.999172,0.0005870050433805788
6,15,GB,15,22,0,0,4.004295,0.00026935699260287956
6,15,GB,15,22,0,0,4.999187,0.00048251470054938355
6,15,GB,15,22,0,0,6.004433,0.0006485316012013595
6,15,GB,15,22,0,0,7.008282,0.0037665794290929946
6,15,GB,15,22,0,0,8.002911,0.003115630719695337
6,15,GB,15,22,0,0,9.006618,9.302948582687113e-05
6,15,GB,15,22,0,0,10.00285,9.010705102851983e-05
6,15,GB,15,22,0,0,11.00888,0.00011165133307799745
6,15,GB,15,22,0,0,12.00174,0.0001096214500131535
6,15,GB,15,22,0,0,13.00911,8.363785307330774e-05
6,15,GB,15,22,0,0,14.00245,8.094269691161155e-05
6,15,GB,15,22,0,0,15.00674,7.687577338981868e-05
6,15,GB,15,22,0,0,16.0,7.290554347179371e-05
6,15,GB,15,22,0,0,17.00529,6.410623384078765e-05
6,15,GB,15,22,0,0,18.00072,0.00010539909039408284
6,15,GB,15,22,0,0,19.00576,0.00010081508371796552
6,15,GB,15,22,0,0,20.00023,7.769153609958092e-05
6,15,GB,15,22,0,0,21.00535,7.886203799183504e-05
6,15,GB,15,22,0,0,21.99837,8.185051408960621e-05
6,15,GB,15,22,0,0,23.00469,0.00014044159104543183
6,15,GB,15,22,0,0,23.99946,0.00012657561473042103
6,15,GB,15,22,0,0,25.00485,0.00012505416062408552
6,15,GB,15,22,1,1,25.99836,0.00016895360637394008
6,15,GB,15,22,1,1,27.00395,0.000300485966432725
6,15,GB,15,22,1,1,28.00946,0.0002572842048848377
6,15,GB,15,22,1,1,29.00419,0.0003127888104238618
6,15,GB,15,22,1,1,30.00806,0.00031924396929997696
6,15,GB,15,22,1,1,31.00277,0.00032278588394284684
6,15,GB,15,22,1,1,32.00785,0.00032879882948084213
6,15,GB,15,22,1,1,33.00269,0.0003839149302858831
6,15,GB,15,22,1,1,34.00766,0.0003374383776504229
6,15,GB,15,22,1,1,35.00272,0.00041268306377219136
6,15,GB,15,22,1,1,36.00747,0.0003468074872180637
6,15,GB,15,22,1,1,36.9996,0.00037279521870560277
6,15,GB,15,22,1,1,38.00627,0.00033088358970533553
6,15,GB,15,22,1,1,38.99976,0.00031569453790585765
6,15,GB,15,22,1,1,40.00533,0.00029734018971865907
6,15,GB,15,22,1,1,40.99976,0.00036206147176334427
6,15,GB,15,22,1,1,42.00514,0.0003532043440550218
6,15,GB,15,22,1,1,42.99894,0.00034905247676893117
6,15,GB,15,22,1,1,44.00431,0.0005907654058572668
6,15,GB,15,22,1,1,44.99878,0.0005047731876026252
6,15,GB,15,22,1,1,46.00489,0.00031778993139125776
6,15,GB,15,22,1,1,47.0092,0.00032725487789109084
6,15,GB,15,22,1,1,48.00323,0.000257367901848272
6,15,GB,15,22,1,1,49.00968,0.00027947736777551033
6,15,GB,15,22,1,1,50.0032,0.00028291547301249464
6,15,GB,15,22,1,1,51.00922,0.010345651469389955
6,15,GB,15,22,1,1,52.0018,0.011439548481839295
6,15,GB,15,22,1,1,53.0089,0.011969481126661168
6,15,GB,15,22,1,1,54.00255,0.00928276098480318
6,15,GB,15,22,1,1,55.00832,0.011185615205302979
6,15,GB,15,22,1,1,56.00201,0.014064402173893797
6,15,GB,15,22,1,1,57.00761,0.014738761324233877
6,15,GB,15,22,1,1,57.99846,0.01648538066131568
6,15,GB,15,22,1,1,59.00563,0.0196715532931775
6,15,GB,15,22,1,1,60.0009,0.025959875799876807
6,15,GB,15,22,1,1,61.00551,0.0279586824936892
6,15,GB,15,22,1,1,61.99966,0.02356385441202299
6,15,GB,15,22,1,1,63.0064,0.03970520112492284
6,15,GB,15,22,1,1,63.99938,0.048743113175581436
6,15,GB,15,22,1,1,65.00513,0.03321382429793383
6,15,GB,15,22,1,1,65.9985,0.026006535170546293
6,15,GB,15,22,1,1,67.00328,0.020829240172678953
6,15,GB,15,22,1,1,68.00936,0.020829240172678953
6,15,GB,15,22,1,1,69.00479,0.01959811394422062
6,15,GB,15,22,1,1,70.00838,0.02482030296148708
6,15,GB,15,22,1,1,71.00202,0.020462755171368238
6,15,GB,15,22,1,1,72.00929,0.01759451021676471
6,15,GB,15,22,1,1,73.00296,0.017289746563118623
6,15,GB,15,22,1,1,74.00823,0.007848705914236892
6,15,GB,15,22,1,1,75.00237,0.017014606348869588
6,15,GB,15,22,1,1,76.00737,0.02069293585121959
6,15,GB,15,22,1,1,77.00177,0.08538786456989131
6,15,GB,15,22,1,1,78.00689,0.018141741588465272
6,15,GB,15,22,1,1,79.00884,0.031026179278913137
6,15,GB,15,22,1,1,80.00656,0.008412078342375135
6,15,GB,15,22,1,1,80.99937,0.008780992342452162
6,15,GB,15,22,1,1,82.00517,0.008918269768687629
6,15,GB,15,22,1,1,82.99969,0.010581077849930114
6,15,GB,15,22,1,1,84.00191,0.011982353408480941
6,15,GB,15,22,1,1,84.99885,0.017177849728618196
6,15,GB,15,22,1,1,86.0044,0.013341977718520776
6,15,GB,15,22,1,1,86.99889,0.01724752276847441
6,15,GB,15,22,1,1,88.00349,0.018505161426830022
6,15,GB,15,22,1,1,89.00752,0.014537262111963592
6,15,GB,15,22,1,1,90.00366,0.02535576744732585
6,15,GB,15,22,1,1,91.008,0.016446257158079607
6,15,GB,15,22,1,1,92.0039,0.012839228631983049
6,15,GB,15,22,1,1,93.00881,0.011410576037494867
6,15,GB,15,22,1,1,94.0022,0.010697146790149997
6,15,GB,15,22,1,1,95.00798,0.01299301937113458
6,15,GB,15,22,1,1,96.00266,0.011824881101496737
6,15,GB,15,22,1,1,97.00711,0.011963089530409648
6,15,GB,15,22,1,1,98.00116,0.011963089530409648
6,15,GB,15,22,1,1,99.00732,0.013328051790653196
6,15,GB,15,22,1,1,100.0006,0.013301551514151631
6,15,GB,15,22,1,1,101.0059,0.021387697357340092
6,15,GB,15,22,1,1,101.9992,0.016295532433690932
6,15,GB,15,22,1,1,103.0059,0.003906521558876414
6,15,GB,15,22,1,1,103.9993,0.003135931266343202
6,15,GB,15,22,1,1,105.0047,0.0024567726127888347
6,15,GB,15,22,1,1,105.9986,0.0028903419055548506
6,15,GB,15,22,1,1,107.0035,0.0033140929025015633
6,15,GB,15,22,1,1,107.9985,0.003144821067878746
6,15,GB,15,22,1,1,109.0031,0.0031448536546667
6,15,GB,15,22,1,1,110.0076,0.0031544053080571417
6,15,GB,15,22,1,1,111.0022,0.0031907493586901883
6,15,GB,15,22,1,1,112.008,0.0030811176962837394
6,15,GB,15,22,1,1,113.0031,0.0034278905454787614
6,15,GB,15,22,1,1,114.0076,0.0033514062721197876
6,15,GB,15,22,1,1,114.9989,0.003119507372973738
6,15,GB,15,22,1,1,116.0066,0.002848065238913831
6,15,GB,15,22,1,1,117.0013,0.0027278275013981608
6,15,GB,15,22,1,1,118.0067,0.0025491914057838637
6,15,GB,15,22,1,1,119.0003,0.0027166094500223
6,15,GB,15,22,1,1,120.0045,0.002799751440957523
6,15,GB,15,22,1,1,121.0003,0.004224348007359943
6,15,GB,15,22,1,1,122.0044,0.0035381397301626877
6,15,GB,15,22,1,1,122.9991,0.004204368934757123
6,15,GB,15,22,1,1,124.0044,0.003971844021774479
6,15,GB,15,22,1,1,124.9989,0.004523449962192867
6,15,GB,15,22,1,1,126.0041,0.004281745075898792
6,15,GB,15,22,1,1,127.0092,0.004636509501906321
6,15,GB,15,22,1,1,128.0039,0.00615119115192017
6,15,GB,15,22,1,1,129.0084,0.006785959944633638
6,15,GB,15,22,1,1,130.0032,0.007981897663399124
6,15,GB,15,22,1,1,131.0085,0.010519626494728998
6,15,GB,15,22,1,1,132.0024,0.006102362582048118
6,15,GB,15,22,1,1,133.0067,0.007048705449427402
6,15,GB,15,22,1,1,134.0019,0.008853985392816031
6,15,GB,15,22,1,1,135.0055,0.016961402011100263
6,15,GB,15,22,1,1,136.001,0.019476806732954013
6,15,GB,15,22,1,1,137.007,0.012536491166358417
6,15,GB,15,22,1,1,138.0008,0.011379162950752853
6,15,GB,15,22,1,1,139.0064,0.013145460015652605
6,15,GB,15,22,1,1,140.0006,0.013635854625850064
6,15,GB,15,22,1,1,141.0053,0.005008552645698806
6,15,GB,15,22,1,1,141.9996,0.00542053096840356
6,15,GB,15,22,1,1,143.0043,0.003998036186617742
6,15,GB,15,22,1,1,143.9991,0.006603239287945693
6,15,GB,15,22,1,1,145.0036,0.006826981483749337
6,15,GB,15,22,1,1,146.009,0.007175178175850013
6,15,GB,15,22,1,1,147.0034,0.008121981231045705
6,15,GB,15,22,1,1,148.0084,0.0071419211734833074
6,15,GB,15,22,1,1,149.0029,0.002465200114659115
6,15,GB,15,22,1,1,150.0071,0.0032044661054619005
6,15,GB,15,22,1,1,151.0033,0.0031823046479010236
6,15,GB,15,22,1,1,152.0067,0.0031823046479010236
6,15,GB,15,22,1,1,153.0012,0.0032891468525375425
6,15,GB,15,22,1,1,154.0069,0.0026349443113424676
6,15,GB,15,22,1,1,155.0018,0.019907163430913366
6,15,GB,15,22,1,1,156.005,0.014815762904770423
6,15,GB,15,22,1,1,157.0015,0.013885977275794619
6,15,GB,15,22,1,1,158.0064,0.012775077697801385
6,15,GB,15,22,1,1,158.9998,0.005969089641760291
6,15,GB,15,22,1,1,160.0075,0.0241354750795604
6,15,GB,15,22,1,1,160.9989,0.026349855739658975
6,15,GB,15,22,1,1,162.0055,0.009515543653807105
6,15,GB,15,22,1,1,162.9993,0.01158682727371253
6,15,GB,15,22,1,1,164.0038,0.00922878489054711
6,15,GB,15,22,1,1,165.009,0.006073051313780714
6,15,GB,15,22,1,1,166.0014,0.004238982827170144
6,15,GB,15,22,1,1,167.0084,0.008544641426172006
6,15,GB,15,22,1,1,168.0029,0.004387162558305341
6,15,GB,15,22,1,1,168.9988,0.004173693782438364
6,15,GB,15,22,1,1,170.0026,0.004175812493022935
6,15,GB,15,22,1,1,171.0087,0.003849099646329798
6,15,GB,15,22,1,1,172.002,0.00018371641630109483
6,15,GB,15,22,1,1,173.0081,0.00012044550653421194
6,15,GB,15,22,1,1,174.0015,0.00010550559805530558
6,15,GB,15,22,1,1,175.0074,0.00011444951320126595
6,15,GB,15,22,1,1,176.0012,0.00010817073465707452
6,15,GB,15,22,1,1,177.0057,0.0001000463068831968
6,15,GB,15,22,1,1,178.0003,9.413388286496037e-05
6,15,GB,15,22,1,1,179.0055,0.00010583083239146567
6,15,GB,15,22,1,1,180.0004,7.826124396316391e-05
6,15,GB,15,22,1,1,181.0063,7.826124396316391e-05
6,15,GB,15,22,1,1,181.9992,8.875658901795141e-05
6,15,GB,15,22,1,1,183.0047,7.396763174583536e-05
6,15,GB,15,22,1,1,183.9991,7.67810343442966e-05
6,15,GB,15,22,1,1,185.0039,0.00010900358097133027
6,15,GB,15,22,1,1,185.9996,0.00010900358097133027
6,15,GB,15,22,1,1,187.0029,0.00012069389508200495
6,15,GB,15,22,1,1,188.0091,8.925273222617189e-05
6,15,GB,15,22,1,1,189.0034,0.00010638578391072998
6,15,GB,15,22,1,1,190.0086,0.00010638578391072998
6,15,GB,15,22,1,1,191.0028,0.00010638578391072998
6,15,GB,15,22,1,1,192.0077,0.00010638578391072998
6,15,GB,15,22,1,1,193.0021,0.00011753949018949802
6,15,GB,15,22,1,1,194.0079,0.00012029139067196997
6,15,GB,15,22,1,1,195.0012,0.0001387817974284525
6,15,GB,15,22,1,1,196.0064,0.00014093861157504452
6,15,GB,15,22,1,1,197.0011,0.00014966754195358498
6,15,GB,15,22,1,1,198.0061,0.00015162949248082516
6,15,GB,15,22,1,1,199.0004,0.00014036648023208156
6,15,GB,15,22,1,1,200.0061,0.00013062913320933711
6,15,GB,15,22,1,1,200.9999,0.00020185552724646957
6,15,GB,15,22,1,1,202.0023,0.0002774325572205749
6,15,GB,15,22,1,1,202.9989,0.028113314921289313
6,15,GB,15,22,1,1,204.004,0.06137796689297148
6,15,GB,15,22,1,1,204.9987,0.02515351525869785
6,15,GB,15,22,1,1,206.0042,0.03582049715773564
6,15,GB,15,22,1,1,207.0072,0.03767990697990215
6,15,GB,15,22,1,1,208.0036,0.04586450563508096
6,15,GB,15,22,1,1,208.9984,0.11079918490942073
6,15,GB,15,22,1,1,210.0027,0.12985243382013728
6,15,GB,15,22,1,1,211.0065,0.12446055066389983
6,15,GB,15,22,1,1,212.0023,0.8906164541843316
6,15,GB,15,22,1,1,213.0079,0.9122923494150124
6,15,GB,15,22,1,1,214.0013,0.8894933906568996
6,15,GB,15,22,1,1,215.0067,0.900280140409369
6,15,GB,15,22,1,1,216.0005,0.8520428940831003
6,15,GB,15,22,1,1,217.0071,0.9072952111159835
6,15,GB,15,22,1,1,217.9998,0.8711770218828824
6,15,GB,15,22,1,1,219.0065,0.8842110297412243
6,15,GB,15,22,1,1,220.0002,0.8396114362854125
6,15,GB,15,22,1,1,221.005,0.7369229751052089
6,15,GB,15,22,1,1,221.9992,0.8396114362854125
6,15,GB,15,22,1,1,223.004,0.7794496128035049
6,15,GB,15,22,1,1,223.9989,0.8068164379705014
6,15,GB,15,22,1,1,225.0036,0.8576016935350763
6,15,GB,15,22,1,1,225.9981,0.7803187340447263
6,15,GB,15,22,1,1,227.003,0.7989803884403479
6,15,GB,15,22,1,1,227.9983,0.6128012982168201
6,15,GB,15,22,1,1,229.0027,0.6139720618552128
6,15,GB,15,22,1,1,230.0077,0.6037226264218627
6,15,GB,15,22,1,1,231.0015,0.848825712926676
6,15,GB,15,22,1,1,232.0083,0.851530517728739
6,15,GB,15,22,1,1,232.9994,0.8690962239760144
6,15,GB,15,22,1,1,234.0069,0.8079501590679784
6,15,GB,15,22,1,1,235.0008,0.7612639845899019
6,15,GB,15,22,1,1,236.0067,0.8801165776739294
6,15,GB,15,22,1,1,237.0007,0.8964533077005609
6,15,GB,15,22,1,1,238.0053,0.905837003998092
6,15,GB,15,22,1,1,238.9998,0.8964533077005609
6,15,GB,15,22,1,1,240.0057,0.8901099974240332
6,15,GB,15,22,1,1,240.9991,0.9009226859155821
6,15,GB,15,22,1,1,242.0057,0.8994880846162567
6,15,GB,15,22,1,1,242.9979,0.9134191868802986
6,15,GB,15,22,1,1,244.0028,0.9404398837198307
6,15,GB,15,22,1,1,244.9987,0.9643804076703408
6,15,GB,15,22,1,1,246.0038,0.9674189483721262
6,15,GB,15,22,1,1,247.0082,0.9806084593935044
6,15,GB,15,22,1,1,248.0007,0.9864275220797036
6,15,GB,15,22,1,1,249.0081,0.9830259421715123
6,15,GB,15,22,1,1,250.0022,0.986044292899662
6,15,GB,15,22,1,1,250.9977,0.9815759798742177
6,15,GB,15,22,1,1,252.0028,0.9751374732221597
6,15,GB,15,22,1,1,253.0074,0.977199316660411
6,15,GB,15,22,1,1,254.0015,0.9756955953313533
6,15,GB,15,22,1,1,255.0057,0.9819922373751808
6,15,GB,15,22,1,1,256.0016,0.9819922373751808
6,15,GB,15,22,1,1,257.0052,0.9822143195782469
6,15,GB,15,22,1,1,257.9996,0.981488816042145
6,15,GB,15,22,1,1,259.0047,0.9810990291320536
6,15,GB,15,22,1,1,260.0,0.9810990291320536
6,15,GB,15,22,1,1,261.0054,0.9767213487377072
6,15,GB,15,22,1,1,261.9995,0.9756157570787924
6,15,GB,15,22,1,1,263.005,0.9816128523357421
6,15,GB,15,22,1,1,264.0086,0.9776836330799611
6,15,GB,15,22,1,1,265.0041,0.9648625749028291
6,15,GB,15,22,1,1,265.9979,0.9635061940056842
6,15,GB,15,22,1,1,267.0028,0.9785977301848503
6,15,GB,15,22,1,1,267.9983,0.9716792874178312
6,15,GB,15,22,1,1,269.0023,0.9785977301848503
6,15,GB,15,22,1,1,270.0084,0.9785977301848503
6,15,GB,15,22,1,1,271.0029,0.9783916441844432
6,15,GB,15,22,1,1,272.0079,0.9792518257438495
6,15,GB,15,22,1,1,273.0007,0.9807771704409803
6,15,GB,15,22,1,1,274.007,0.9819037109592967
6,15,GB,15,22,1,1,275.002,0.9814910995998158
6,15,GB,15,22,1,1,276.0071,0.9840740842039466
6,15,GB,15,22,1,1,276.9994,0.9734972300111341
6,15,GB,15,22,1,1,278.0064,0.9886427578405073
6,15,GB,15,22,1,1,278.9993,0.9882378146913711
6,15,GB,15,22,1,1,280.0048,0.9800836123755503
6,15,GB,15,22,1,1,280.9991,0.9829517216765028
6,15,GB,15,22,1,1,282.0041,0.9873013235110891
6,15,GB,15,22,1,1,282.9991,0.9860878038675978
6,15,GB,15,22,1,1,284.0046,0.9912743702770453
6,15,GB,15,22,1,1,284.9987,0.9890650924898347
6,15,GB,15,22,1,1,286.0029,0.9914773342865982
6,15,GB,15,22,1,1,286.9979,0.9828092043552671
6,15,GB,15,22,1,1,288.0019,0.9853719504898332
6,15,GB,15,22,1,1,289.0057,0.98882815943815
6,15,GB,15,22,1,1,290.0014,0.986210315402623
6,15,GB,15,22,1,1,291.0084,0.9853055670217042
6,15,GB,15,22,1,1,292.0014,0.9878295576010896
6,15,GB,15,22,1,1,293.0075,0.9948925377334144
6,15,GB,15,22,1,1,293.9986,0.9950708726534855
6,15,GB,15,22,1,1,295.0063,0.9950708726534855
6,15,GB,15,22,1,1,296.0003,0.9936161393538265
6,15,GB,15,22,1,1,297.0054,0.9950708726534855
6,15,GB,15,22,1,1,298.001,0.9950708726534855
6,15,GB,15,22,1,1,299.0046,0.9938473989407012
6,15,GB,15,22,1,1,299.9992,0.9950708726534855
6,15,GB,15,22,1,1,301.0032,0.994838762127562
6,15,GB,15,22,1,1,301.9981,0.9953266413605724
6,15,GB,6,29,0,0,0.0112192,7.545718232285268e-05
6,15,GB,6,29,0,0,1.011824,0.00010364396598969409
6,15,GB,6,29,0,0,2.016775,0.0001348153270628067
6,15,GB,6,29,0,0,3.01134,0.0001401411790455518
6,15,GB,6,29,0,0,4.016446,0.0001169959342739966
6,15,GB,6,29,0,0,5.010691,0.00011335205982486724
6,15,GB,6,29,0,0,6.014781,0.00010208725347583475
6,15,GB,6,29,0,0,7.021184,6.698280608203049e-05
6,15,GB,6,29,0,0,8.014297,7.970304981630879e-05
6,15,GB,6,29,0,0,9.017834,5.8655941148050606e-05
6,15,GB,6,29,0,0,10.0143,7.2271807327457e-05
6,15,GB,6,29,0,0,11.0198,5.783366187414571e-05
6,15,GB,6,29,0,0,12.01373,5.292625271004942e-05
6,15,GB,6,29,0,0,13.01924,4.938721105992158e-05
6,15,GB,6,29,0,0,14.01323,4.804924467719647e-05
6,15,GB,6,29,0,0,15.01874,5.044200649716287e-05
6,15,GB,6,29,0,0,16.02178,5.156446324977085e-05
6,15,GB,6,29,0,0,17.0179,5.156446324977085e-05
6,15,GB,6,29,0,0,18.01236,5.156446324977085e-05
6,15,GB,6,29,0,0,19.01663,5.132849964410181e-05
6,15,GB,6,29,0,0,20.01117,5.0094999527547005e-05
6,15,GB,6,29,0,0,21.01589,4.9308919546028294e-05
6,15,GB,6,29,0,0,22.01227,5.097528091810424e-05
6,15,GB,6,29,0,0,23.01739,5.097528091810424e-05
6,15,GB,6,29,0,0,24.01122,3.316815884063597e-05
6,15,GB,6,29,0,0,25.01702,3.4111340888764115e-05
6,15,GB,6,29,0,0,26.0217,3.352226956410663e-05
6,15,GB,6,29,0,0,27.01569,3.451145685504388e-05
6,15,GB,6,29,0,0,28.02129,3.262758047116279e-05
6,15,GB,6,29,0,0,29.01555,3.326266870022523e-05
6,15,GB,6,29,0,0,30.01976,3.636327345459025e-05
6,15,GB,6,29,0,0,31.01329,6.202742809449626e-05
6,15,GB,6,29,0,0,32.02007,6.578908318023451e-05
6,15,GB,6,29,0,0,33.01092,5.1945370390357116e-05
6,15,GB,6,29,0,0,34.01912,6.0425947885153694e-05
6,15,GB,6,29,0,0,35.01377,5.395325027846907e-05
6,15,GB,6,29,0,0,36.01718,7.787184132762684e-05
6,15,GB,6,29,0,0,37.01274,7.44132785668375e-05
6,15,GB,6,29,0,0,38.01831,6.331934435373056e-05
6,15,GB,6,29,0,0,39.01217,7.015026479566686e-05
6,15,GB,6,29,0,0,40.01754,6.427625885177719e-05
6,15,GB,6,29,0,0,41.01052,5.950185629134738e-05
6,15,GB,6,29,0,0,42.01724,5.9880516918238766e-05
6,15,GB,6,29,0,0,43.02027,5.9322972673339786e-05
6,15,GB,6,29,0,0,44.01577,7.587585634164885e-05
6,15,GB,6,29,0,0,45.02153,6.485847202659229e-05
6,15,GB,6,29,0,0,46.01505,6.68980239726914e-05
6,15,GB,6,29,0,0,47.02,6.017979033781615e-05
6,15,GB,6,29,0,0,48.01451,6.497704226567009e-05
6,15,GB,6,29,0,0,49.02043,5.748492703130901e-05
6,15,GB,6,29,0,0,50.01405,5.663551421748313e-05
6,15,GB,6,29,0,0,51.02033,5.50674353506442e-05
6,15,GB,6,29,0,0,52.01211,0.00011303555003915432
6,15,GB,6,29,0,0,53.01879,9.938326687281117e-05
6,15,GB,6,29,0,0,54.01346,0.00011537960438087196
6,15,GB,6,29,0,0,55.01865,0.0001767227930062568
6,15,GB,6,29,0,0,56.0123,0.0001803764043119558
6,15,GB,6,29,0,0,57.01873,0.00019320903259253085
6,15,GB,6,29,0,0,58.01094,0.00019460770334931598
6,15,GB,6,29,0,0,59.01741,0.0021731751686836762
6,15,GB,6,29,0,0,60.01103,0.0028263856189632906
6,15,GB,6,29,0,0,61.01686,0.0023627435788348096
6,15,GB,6,29,0,0,62.02135,0.0033016394540369043
6,15,GB,6,29,0,0,63.01606,0.006306942619439992
6,15,GB,6,29,0,0,64.01111,0.006651417751738041
6,15,GB,6,29,0,0,65.01536,0.0064005143672473475
6,15,GB,6,29,0,0,66.01973,0.006437801814501261
6,15,GB,6,29,0,0,67.01254,0.006405134658985187
6,15,GB,6,29,0,0,68.02018,0.00705715184131089
6,15,GB,6,29,0,0,69.01416,0.007106200879995963
6,15,GB,6,29,0,0,70.02119,0.007116421258035187
6,15,GB,6,29,0,0,71.01406,0.006895954685762856
6,15,GB,6,29,0,0,72.01811,0.007611312959155621
6,15,GB,6,29,0,0,73.01423,0.006848526701994897
6,15,GB,6,29,0,0,74.01737,0.005271345353193148
6,15,GB,6,29,0,0,75.01094,0.005478188429672888
6,15,GB,6,29,0,0,76.0176,0.004765498989717669
6,15,GB,6,29,0,0,77.02081,0.004730392801600815
6,15,GB,6,29,0,0,78.01769,0.006286151193563019
6,15,GB,6,29,0,0,79.01154,0.007055007371825371
6,15,GB,6,29,0,0,80.01762,0.01105827694681651
6,15,GB,6,29,0,0,81.01078,0.007512065141787361
6,15,GB,6,29,0,0,82.01668,0.007651398588190744
6,15,GB,6,29,0,0,83.01159,0.007725593402722346
6,15,GB,6,29,0,0,84.0154,0.007209324266015327
6,15,GB,6,29,0,0,85.0213,0.007360778114111108
6,15,GB,6,29,0,0,86.01613,0.0072608646771841895
6,15,GB,6,29,0,0,87.02153,0.01139494460363744
6,15,GB,6,29,0,0,88.01397,0.009764697575855626
6,15,GB,6,29,0,0,89.02009,0.00832467365287614
6,15,GB,6,29,0,0,90.0147,0.010323250308293837
6,15,GB,6,29,0,0,91.01833,0.008298263357006185
6,15,GB,6,29,0,0,92.01338,0.008957269134190038
6,15,GB,6,29,0,0,93.01836,0.008618278378648973
6,15,GB,6,29,0,0,94.01306,0.010290979141852768
6,15,GB,6,29,0,0,95.01991,0.012211698370399881
6,15,GB,6,29,0,0,96.01231,0.012802119249856483
6,15,GB,6,29,0,0,97.01806,0.014971075001300852
6,15,GB,6,29,0,0,98.01287,0.014971075001300852
6,15,GB,6,29,0,0,99.0177,0.01563135297949464
6,15,GB,6,29,0,0,100.0129,0.01145444149285409
6,15,GB,6,29,0,0,101.0174,0.01325953286142289
6,15,GB,6,29,0,0,102.012,0.014395715544297532
6,15,GB,6,29,0,0,103.0166,0.014380960570568677
6,15,GB,6,29,0,0,104.0114,0.014395715544297532
6,15,GB,6,29,0,0,105.016,0.014395715544297532
6,15,GB,6,29,0,0,106.0215,0.014395715544297532
6,15,GB,6,29,0,0,107.0152,0.013460956751634227
6,15,GB,6,29,0,0,108.0193,0.012863876590871784
6,15,GB,6,29,0,0,109.015,0.014395715544297532
6,15,GB,6,29,0,0,110.0205,0.026931137598402023
6,15,GB,6,29,0,0,111.0144,0.026931137598402023
6,15,GB,6,29,0,0,112.0205,0.026931137598402023
6,15,GB,6,29,0,0,113.0114,0.02392269764227754
6,15,GB,6,29,0,0,114.0195,0.024855913604243437
6,15,GB,6,29,0,0,115.0128,0.023965714035939133
6,15,GB,6,29,0,0,116.0194,0.024667780972626684
6,15,GB,6,29,0,0,117.0126,0.023016390635857996
6,15,GB,6,29,0,0,118.0177,0.025725690853274495
6,15,GB,6,29,0,0,119.0121,0.023016390635857996
6,15,GB,6,29,0,0,120.0173,0.017570944848612744
6,15,GB,6,29,0,0,121.0209,0.017570944848612744
6,15,GB,6,29,0,0,122.0168,0.013880152770316437
6,15,GB,6,29,0,0,123.0214,0.013092577235939635
6,15,GB,6,29,0,0,124.0167,0.010756671039421692
6,15,GB,6,29,0,0,125.021,0.01063411660158394
6,15,GB,6,29,0,0,126.0145,0.009815161593138779
6,15,GB,6,29,0,0,127.0109,0.010909674195428215
6,15,GB,6,29,0,0,128.0153,0.01257545279191532
6,15,GB,6,29,0,0,129.0204,0.011184905886078539
6,15,GB,6,29,0,0,130.0143,0.020085423201241535
6,15,GB,6,29,0,0,131.0208,0.02262462294054789
6,15,GB,6,29,0,0,132.0134,0.02262462294054789
6,15,GB,6,29,0,0,133.019,0.02262462294054789
6,15,GB,6,29,0,0,134.0134,0.025078402203607596
6,15,GB,6,29,0,0,135.0182,0.024334437128130115
6,15,GB,6,29,0,0,136.0138,0.02490686365284783
6,15,GB,6,29,0,0,137.0193,0.02490686365284783
6,15,GB,6,29,0,0,138.0129,0.030906371516192438
6,15,GB,6,29,0,0,139.018,0.050282275576250375
6,15,GB,6,29,0,0,140.0114,0.05899040823825983
6,15,GB,6,29,0,0,141.0173,0.045165089831799475
6,15,GB,6,29,0,0,142.0123,0.06088941057899608
6,15,GB,6,29,0,0,143.0174,0.08306555278519775
6,15,GB,6,29,0,0,144.0198,0.08007752549713273
6,15,GB,6,29,0,0,145.0158,0.07598988018528431
6,15,GB,6,29,0,0,146.022,0.07664634746283062
6,15,GB,6,29,0,0,147.0161,0.0392815480317636
6,15,GB,6,29,0,0,148.0215,0.04317023502708904
6,15,GB,6,29,0,0,149.0159,0.03871938697835296
6,15,GB,6,29,0,0,150.0214,0.03871938697835296
6,15,GB,6,29,0,0,151.0148,0.017087649955337614
6,15,GB,6,29,0,0,152.0203,0.016811626422405766
6,15,GB,6,29,0,0,153.015,0.017600167975199064
6,15,GB,6,29,0,0,154.0197,0.01652064313110298
6,15,GB,6,29,0,0,155.0137,0.01960183911979574
6,15,GB,6,29,0,0,156.0195,0.01946701276182021
6,15,GB,6,29,0,0,157.0139,0.01970355633311516
6,15,GB,6,29,0,0,158.0179,0.01688504745620355
6,15,GB,6,29,0,0,159.0134,0.01771445865796916
6,15,GB,6,29,0,0,160.0171,0.015047766629770384
6,15,GB,6,29,0,0,161.0113,0.01590517733815957
6,15,GB,6,29,0,0,162.0164,0.01590517733815957
6,15,GB,6,29,0,0,163.022,0.01590517733815957
6,15,GB,6,29,0,0,164.0161,0.015499678915179461
6,15,GB,6,29,0,0,165.022,0.015404991660054344
6,15,GB,6,29,0,0,166.0165,0.015761672005819998
6,15,GB,6,29,0,0,167.0112,0.018885187248639086
6,15,GB,6,29,0,0,168.0158,0.02513217066121751
6,15,GB,6,29,0,0,169.0202,0.02717680453660629
6,15,GB,6,29,0,0,170.0141,0.027566891124914776
6,15,GB,6,29,0,0,171.0207,0.027301382205577675
6,15,GB,6,29,0,0,172.0139,0.02657135379012461
6,15,GB,6,29,0,0,173.0192,0.029797129097047008
6,15,GB,6,29,0,0,174.013,0.0317236547088627
6,15,GB,6,29,0,0,175.0175,0.0317236547088627
6,15,GB,6,29,0,0,176.0135,0.028401093124155428
6,15,GB,6,29,0,0,177.0181,0.0317236547088627
6,15,GB,6,29,0,0,178.0124,0.028972363394619786
6,15,GB,6,29,0,0,179.0186,0.0317236547088627
6,15,GB,6,29,0,0,180.0117,0.024182461784406237
6,15,GB,6,29,0,0,181.0171,0.023873635042042086
6,15,GB,6,29,0,0,182.0113,0.029134366893313075
6,15,GB,6,29,0,0,183.0171,0.029791193544857875
6,15,GB,6,29,0,0,184.0217,0.02515398171098735
6,15,GB,6,29,0,0,185.0134,0.02616040771279745
6,15,GB,6,29,0,0,186.0216,0.021119018144391398
6,15,GB,6,29,0,0,187.0153,0.024168163083751505
6,15,GB,6,29,0,0,188.0214,0.026308519864570463
6,15,GB,6,29,0,0,189.0154,0.03268861348276879
6,15,GB,6,29,0,0,190.0175,0.039868892073040174
6,15,GB,6,29,0,0,191.0144,0.03767247759952561
6,15,GB,6,29,0,0,192.0198,0.03719672060647058
6,15,GB,6,29,0,0,193.0143,0.04099405347599724
6,15,GB,6,29,0,0,194.0198,0.04099405347599724
6,15,GB,6,29,0,0,195.0145,0.04446609471135961
6,15,GB,6,29,0,0,196.0186,0.04446609471135961
6,15,GB,6,29,0,0,197.0138,0.04503214552895164
6,15,GB,6,29,0,0,198.0177,0.04543295632770681
6,15,GB,6,29,0,0,199.0128,0.04432215253626204
6,15,GB,6,29,0,0,200.015,0.04432215253626204
6,15,GB,6,29,0,0,201.0131,0.04432215253626204
6,15,GB,6,29,0,0,202.0175,0.04432215253626204
6,15,GB,6,29,0,0,203.0224,0.04215496532164579
6,15,GB,6,29,0,0,204.0173,0.04215496532164579
6,15,GB,6,29,0,0,205.0222,0.04215496532164579
6,15,GB,6,29,0,0,206.0159,0.04187163816299008
6,15,GB,6,29,0,0,207.0197,0.04187163816299008
6,15,GB,6,29,0,0,208.0167,0.041758749559831096
6,15,GB,6,29,0,0,209.0206,0.037004261278203256
6,15,GB,6,29,0,0,210.0151,0.04123443077477909
6,15,GB,6,29,0,0,211.0197,0.04123443077477909
6,15,GB,6,29,0,0,212.0139,0.036068199979194145
6,15,GB,6,29,0,0,213.0196,0.04002219020596194
6,15,GB,6,29,0,0,214.0141,0.03562921286768504
6,15,GB,6,29,0,0,215.0178,0.025208312594450003
6,15,GB,6,29,0,0,216.012,0.023853792972972424
6,15,GB,6,29,0,0,217.0189,0.021188942677589664
6,15,GB,6,29,0,0,218.0127,0.020600373178442932
6,15,GB,6,29,0,0,219.0185,0.021011454779020812
6,15,GB,6,29,0,0,220.0132,0.021312662941818286
6,15,GB,6,29,0,0,221.0173,0.021518369504555532
6,15,GB,6,29,0,0,222.0124,0.021033492423434646
6,15,GB,6,29,0,0,223.017,0.021236562943300265
6,15,GB,6,29,0,0,224.0219,0.020269431858758
6,15,GB,6,29,0,0,225.0162,0.02273577235985961
6,15,GB,6,29,0,0,226.0217,0.037827748879030565
6,15,GB,6,29,0,0,227.0157,0.040275935970294476
6,15,GB,6,29,0,0,228.0207,0.03739575223172734
6,15,GB,6,29,0,0,229.0154,0.037057040665947984
6,15,GB,6,29,0,0,230.0205,0.036034424098322325
6,15,GB,6,29,0,0,231.0153,0.03504825426424875
6,15,GB,6,29,0,0,232.0194,0.034233763159663776
6,15,GB,6,29,0,0,233.0133,0.035983068931928534
6,15,GB,6,29,0,0,234.0184,0.03463287669894265
6,15,GB,6,29,0,0,235.0122,0.019832773688940902
6,15,GB,6,29,0,0,236.0163,0.020488557943779562
6,15,GB,6,29,0,0,237.0122,0.02007700576645882
6,15,GB,6,29,0,0,238.0178,0.03288617001919343
6,15,GB,6,29,0,0,239.0128,0.02007700576645882
6,15,GB,6,29,0,0,240.0172,0.02007700576645882
6,15,GB,6,29,0,0,241.0219,0.030588712517595953
6,15,GB,6,29,0,0,242.0162,0.031208878291475953
6,15,GB,6,29,0,0,243.0118,0.022647760941638832
6,15,GB,6,29,0,0,244.017,0.028310451280822886
6,15,GB,6,29,0,0,245.0216,0.0290055578495777
6,15,GB,6,29,0,0,246.0154,0.028600814824739303
6,15,GB,6,29,0,0,247.0208,0.028600814824739303
6,15,GB,6,29,0,0,248.0148,0.0177890042124857
6,15,GB,6,29,0,0,249.0202,0.01730752333158997
6,15,GB,6,29,0,0,250.0158,0.0267469276994732
6,15,GB,6,29,0,0,251.0202,0.01938530629684433
6,15,GB,6,29,0,0,252.0149,0.016173472416951416
6,15,GB,6,29,0,0,253.0197,0.016757472982408726
6,15,GB,6,29,0,0,254.0136,0.016895796452216783
6,15,GB,6,29,0,0,255.0182,0.01756300980736664
6,15,GB,6,29,0,0,256.0139,0.0177778356058511
6,15,GB,6,29,0,0,257.0173,0.048684954400410735
6,15,GB,6,29,0,0,258.013,0.04288211361369396
6,15,GB,6,29,0,0,259.0187,0.044808945505423824
6,15,GB,6,29,0,0,260.021,0.0379144974940561
6,15,GB,6,29,0,0,261.0178,0.04415935937193063
6,15,GB,6,29,0,0,262.0128,0.04498027542009194
6,15,GB,6,29,0,0,263.0165,0.05076891782377176
6,15,GB,6,29,0,0,264.022,0.04590617013095678
6,15,GB,6,29,0,0,265.0162,0.056049005966469875
6,15,GB,6,29,0,0,266.0201,0.0681155162098905
6,15,GB,6,29,0,0,267.0135,0.0681155162098905
6,15,GB,6,29,0,0,268.0216,0.06404080914834956
6,15,GB,6,29,0,0,269.0137,0.07687770940983271
6,15,GB,6,29,0,0,270.0212,0.068950449162217
6,15,GB,6,29,0,0,271.0142,0.05283689811195413
6,15,GB,6,29,0,0,272.0176,0.045059493827411375
6,15,GB,6,29,0,0,273.0138,0.04963909058260928
6,15,GB,6,29,0,0,274.0176,0.03988061791110605
6,15,GB,6,29,0,0,275.0136,0.03145315988653352
6,15,GB,6,29,0,0,276.0194,0.028207751134755897
6,15,GB,6,29,0,0,277.011,0.02928046049747195
6,15,GB,6,29,0,0,278.0184,0.02753635505274785
6,15,GB,6,29,0,0,279.0128,0.03334962426038884
6,15,GB,6,29,0,0,280.0181,0.03552428720350798
6,15,GB,6,29,0,0,281.0127,0.034723579859364584
6,15,GB,6,29,0,0,282.0156,0.03376124830327118
6,15,GB,6,29,0,0,283.0111,0.03376124830327118
6,15,GB,6,29,0,0,284.0166,0.03256064858273866
6,15,GB,6,29,0,0,285.0219,0.04136943006596936
6,15,GB,6,29,0,0,286.016,0.043161320753607284
6,15,GB,6,29,0,0,287.0216,0.043161320753607284
6,15,GB,6,29,0,0,288.0144,0.04339346600605261
6,15,GB,6,29,0,0,289.0197,0.04653607080280067
6,15,GB,6,29,0,0,290.0124,0.041752485734475125
6,15,GB,6,29,0,0,291.018,0.043567068334550846
6,15,GB,6,29,0,0,292.0144,0.0441815448588004
6,15,GB,6,29,0,0,293.0191,0.045913419150757605
6,15,GB,6,29,0,0,294.0126,0.04459304476652865
6,15,GB,6,29,0,0,295.0191,0.041090268500075924
6,15,GB,6,29,0,0,296.0124,0.042472741353443665
6,15,GB,6,29,0,0,297.0182,0.04029799095039047
6,15,GB,6,29,0,0,298.0114,0.0409419035962653
6,15,GB,6,29,0,0,299.0173,0.04091768593347808
6,15,GB,6,29,0,0,300.0121,0.028968488553725025
6,15,GB,6,29,0,0,301.018,0.028385218323932353
6,15,LR,6,8,0,0,0.0111263,0.0024990340095159026
6,15,LR,6,8,0,0,1.012533,0.0031942249265336864
6,15,LR,6,8,0,0,2.006725,0.0017285188595038315
6,15,LR,6,8,0,0,3.011544,0.0004823696313981511
6,15,LR,6,8,0,0,4.002677,0.0010648935450290786
6,15,LR,6,8,0,0,5.009711,0.0018010669120415298
6,15,LR,6,8,0,0,6.004739,0.0031912480568735114
6,15,LR,6,8,0,0,7.009674,0.0046271147012523625
6,15,LR,6,8,0,0,8.003508,0.004070635345116946
6,15,LR,6,8,0,0,9.006954,0.00493667124691668
6,15,LR,6,8,0,0,10.00293,0.00474736564432696
6,15,LR,6,8,0,0,11.00604,0.0056861608692552554
6,15,LR,6,8,1,1,12.00364,0.00425357412076056
6,15,LR,6,8,1,1,13.00802,0.00665294269595152
6,15,LR,6,8,1,1,14.00243,0.00803200797766418
6,15,LR,6,8,1,1,15.00691,0.005492412597169752
6,15,LR,6,8,1,1,16.01181,0.010136041286297796
6,15,LR,6,8,1,1,17.00746,0.009885704270000682
6,15,LR,6,8,1,1,18.01327,0.012456545713215297
6,15,LR,6,8,1,1,19.00703,0.008141982498855125
6,15,LR,6,8,1,1,20.01132,0.008911540104317618
6,15,LR,6,8,1,1,21.00361,0.0075395617026302675
6,15,LR,6,8,1,1,22.01139,0.009868337238417003
6,15,LR,6,8,1,1,23.00565,0.009061625368378033
6,15,LR,6,8,1,1,24.01185,0.00996028137197752
6,15,LR,6,8,1,1,25.00333,0.011451247860132524
6,15,LR,6,8,1,1,26.01048,0.012299386736514087
6,15,LR,6,8,1,1,27.0047,0.008210362051814775
6,15,LR,6,8,1,1,28.00931,0.013669565130468998
6,15,LR,6,8,1,1,29.00375,0.01591701807968915
6,15,LR,6,8,1,1,30.00954,0.019153708783761852
6,15,LR,6,8,1,1,31.00254,0.021617596585895918
6,15,LR,6,8,1,1,32.00864,0.01561241298183268
6,15,LR,6,8,1,1,33.0032,0.027821511159045593
6,15,LR,6,8,1,1,34.00835,0.027980266377562152
6,15,LR,6,8,1,1,35.01365,0.0171062573205486
6,15,LR,6,8,1,1,36.00763,0.029415137638200087
6,15,LR,6,8,1,1,37.01249,0.032865228376220336
6,15,LR,6,8,1,1,38.00724,0.03218754958944757
6,15,LR,6,8,1,1,39.01177,0.030810279817938668
6,15,LR,6,8,1,1,40.00622,0.03458447333186279
6,15,LR,6,8,1,1,41.01126,0.037233342611711524
6,15,LR,6,8,1,1,42.00632,0.039908155900450694
6,15,LR,6,8,1,1,43.01094,0.04007568372484424
6,15,LR,6,8,1,1,44.00538,0.02624595657012449
6,15,LR,6,8,1,1,45.00897,0.04492172439340897
6,15,LR,6,8,1,1,46.00489,0.04647798341619449
6,15,LR,6,8,1,1,47.00764,0.04798991526527855
6,15,LR,6,8,1,1,48.00322,0.0536453714398496
6,15,LR,6,8,1,1,49.0089,0.03819333826750062
6,15,LR,6,8,1,1,50.00442,0.04109352653025506
6,15,LR,6,8,1,1,51.00952,0.03975076069537705
6,15,LR,6,8,1,1,52.00426,0.0507546424570645
6,15,LR,6,8,1,1,53.00848,0.06254453130323849
6,15,LR,6,8,1,1,54.00241,0.062668142896251
6,15,LR,6,8,1,1,55.00602,0.0647131195989919
6,15,LR,6,8,1,1,56.01323,0.06800811420135945
6,15,LR,6,8,1,1,57.00426,0.06991742194665343
6,15,LR,6,8,1,1,58.01067,0.07080679891809193
6,15,LR,6,8,1,1,59.0066,0.07280390580314763
6,15,LR,6,8,1,1,60.01128,0.07457325524008067
6,15,LR,6,8,1,1,61.00568,0.04751706086548806
6,15,LR,6,8,1,1,62.01031,0.0479248584795621
6,15,LR,6,8,1,1,63.005,0.0808734293958821
6,15,LR,6,8,1,1,64.01,0.07320839885130315
6,15,LR,6,8,1,1,65.00407,0.07091119360506218
6,15,LR,6,8,1,1,66.01032,0.06996855069446391
6,15,LR,6,8,1,1,67.00389,0.07015662859010208
6,15,LR,6,8,1,1,68.00977,0.06261043603576982
6,15,LR,6,8,1,1,69.00293,0.06317211311338657
6,15,LR,6,8,1,1,70.00932,0.06725087038109084
6,15,LR,6,8,1,1,71.00261,0.06107467388132166
6,15,LR,6,8,1,1,72.00746,0.04002119165148709
6,15,LR,6,8,1,1,73.00294,0.0649547645427781
6,15,LR,6,8,1,1,74.00814,0.06676436833228629
6,15,LR,6,8,1,1,75.01319,0.0611948680781355
6,15,LR,6,8,1,1,76.00666,0.04227968808446799
6,15,LR,6,8,1,1,77.01159,0.06431326880210608
6,15,LR,6,8,1,1,78.00659,0.06941149841244403
6,15,LR,6,8,1,1,79.01199,0.0662897933347188
6,15,LR,6,8,1,1,80.0071,0.034480560238500955
6,15,LR,6,8,1,1,81.01176,0.06582225266578356
6,15,LR,6,8,1,1,82.00599,0.06390640091008577
6,15,LR,6,8,1,1,83.01203,0.07202389758218238
6,15,LR,6,8,1,1,84.00549,0.07614682525726785
6,15,LR,6,8,1,1,85.01128,0.08513623710399122
6,15,LR,6,8,1,1,86.00328,0.0585715377105767
6,15,LR,6,8,1,1,87.01077,0.10371368852515049
6,15,LR,6,8,1,1,88.00428,0.11694032117453754
6,15,LR,6,8,1,1,89.00924,0.12511147963442204
6,15,LR,6,8,1,1,90.00323,0.1449982180703116
6,15,LR,6,8,1,1,91.00959,0.15816328554868495
6,15,LR,6,8,1,1,92.0034,0.15852598924650474
6,15,LR,6,8,1,1,93.00835,0.1824788015088054
6,15,LR,6,8,1,1,94.01284,0.19902184488918567
6,15,LR,6,8,1,1,95.00739,0.21734465953119525
6,15,LR,6,8,1,1,96.01205,0.17092179676905703
6,15,LR,6,8,1,1,97.00794,0.2488398021430216
6,15,LR,6,8,1,1,98.01041,0.19199135545779236
6,15,LR,6,8,1,1,99.0069,0.2871789770607164
6,15,LR,6,8,1,1,100.0121,0.22534273268343805
6,15,LR,6,8,1,1,101.0061,0.2537419195085729
6,15,LR,6,8,1,1,102.0104,0.2638635867500345
6,15,LR,6,8,1,1,103.0028,0.2688024132104618
6,15,LR,6,8,1,1,104.0098,0.2771308116468007
6,15,LR,6,8,1,1,105.0038,0.28418472271321993
6,15,LR,6,8,1,1,106.0078,0.2944175222693879
6,15,LR,6,8,1,1,107.0034,0.28463377849022226
6,15,LR,6,8,1,1,108.0105,0.31690480423621875
6,15,LR,6,8,1,1,109.0032,0.226983280830521
6,15,LR,6,8,1,1,110.0085,0.31556511268594534
6,15,LR,6,8,1,1,111.0039,0.3515823722188375
6,15,LR,6,8,1,1,112.0084,0.3290119307224093
6,15,LR,6,8,1,1,113.0033,0.31967660805460046
6,15,LR,6,8,1,1,114.0078,0.3023536521674956
6,15,LR,6,8,1,1,115.0025,0.31640932375667435
6,15,LR,6,8,1,1,116.0068,0.30445255271425237
6,15,LR,6,8,1,1,117.013,0.2865753823059593
6,15,LR,6,8,1,1,118.0074,0.2794874809402896
6,15,LR,6,8,1,1,119.0124,0.2735416984781329
6,15,LR,6,8,1,1,120.0065,0.1772620378400568
6,15,LR,6,8,1,1,121.0116,0.1741237585063054
6,15,LR,6,8,1,1,122.0045,0.2354377979120383
6,15,LR,6,8,1,1,123.0113,0.2518018854471214
6,15,LR,6,8,1,1,124.0041,0.2267534035995397
6,15,LR,6,8,1,1,125.0098,0.2113269600818208
6,15,LR,6,8,1,1,126.0048,0.19942160686271868
6,15,LR,6,8,1,1,127.0095,0.13619384486136507
6,15,LR,6,8,1,1,128.0036,0.18942622854817656
6,15,LR,6,8,1,1,129.009,0.16991315173462182
6,15,LR,6,8,1,1,130.0039,0.1683645967670513
6,15,LR,6,8,1,1,131.0088,0.11111706599207173
6,15,LR,6,8,1,1,132.0122,0.18061476606810117
6,15,LR,6,8,1,1,133.0076,0.18998292140023157
6,15,LR,6,8,1,1,134.0139,0.19143292051479796
6,15,LR,6,8,1,1,135.0082,0.1382481324294084
6,15,LR,6,8,1,1,136.0131,0.2020121762629173
6,15,LR,6,8,1,1,137.0078,0.2113236527040069
6,15,LR,6,8,1,1,138.013,0.13891111054596175
6,15,LR,6,8,1,1,139.0039,0.22427526561924235
6,15,LR,6,8,1,1,140.0123,0.2284314325872081
6,15,LR,6,8,1,1,141.0059,0.15449945875282994
6,15,LR,6,8,1,1,142.0129,0.2443600595175786
6,15,LR,6,8,1,1,143.0045,0.2408801967505929
6,15,LR,6,8,1,1,144.0114,0.24005356098412775
6,15,LR,6,8,1,1,145.0053,0.27104626824493255
6,15,LR,6,8,1,1,146.01,0.18724179857724882
6,15,LR,6,8,1,1,147.0052,0.3048902915061498
6,15,LR,6,8,1,1,148.0087,0.32822232851076233
6,15,LR,6,8,1,1,149.0129,0.34774246919049007
6,15,LR,6,8,1,1,150.0087,0.3606739044479075
6,15,LR,6,8,1,1,151.0138,0.3850294660144293
6,15,LR,6,8,1,1,152.0095,0.4059878119661778
6,15,LR,6,8,1,1,153.0142,0.41840311402606345
6,15,LR,6,8,1,1,154.0081,0.43824205201132965
6,15,LR,6,8,1,1,155.0137,0.4534684387784992
6,15,LR,6,8,1,1,156.0075,0.47546527572600555
6,15,LR,6,8,1,1,157.0126,0.48957084275299334
6,15,LR,6,8,1,1,158.0068,0.3311049965536845
6,15,LR,6,8,1,1,159.0132,0.3016581457179713
6,15,LR,6,8,1,1,160.0063,0.3596964842196238
6,15,LR,6,8,1,1,161.0108,0.35351555309654775
6,15,LR,6,8,1,1,162.006,0.35159865157317594
6,15,LR,6,8,1,1,163.0109,0.33397790786638715
6,15,LR,6,8,1,1,164.0049,0.2989694093275596
6,15,LR,6,8,1,1,165.01,0.3132726044029786
6,15,LR,6,8,1,1,166.0045,0.27626371751035333
6,15,LR,6,8,1,1,167.0095,0.26815759773217596
6,15,LR,6,8,1,1,168.0032,0.23714275916715738
6,15,LR,6,8,1,1,169.0091,0.16623507185880756
6,15,LR,6,8,1,1,170.0035,0.2765512211052983
6,15,LR,6,8,1,1,171.0077,0.27414060966900505
6,15,LR,6,8,1,1,172.0033,0.2695179386038557
6,15,LR,6,8,1,1,173.0079,0.17176119827290165
6,15,LR,6,8,1,1,174.0131,0.25106833550541396
6,15,LR,6,8,1,1,175.0073,0.24893161566185237
6,15,LR,6,8,1,1,176.0123,0.2300647443676556
6,15,LR,6,8,1,1,177.0065,0.14250258268374066
6,15,LR,6,8,1,1,178.0104,0.20845883652764777
6,15,LR,6,8,1,1,179.0055,0.2010183382022292
6,15,LR,6,8,1,1,180.0111,0.12245576828473827
6,15,LR,6,8,1,1,181.0053,0.18469424584835145
6,15,LR,6,8,1,1,182.0111,0.19358079576353884
6,15,LR,6,8,1,1,183.0054,0.11884597262688854
6,15,LR,6,8,1,1,184.0106,0.19428976794206296
6,15,LR,6,8,1,1,185.0048,0.19919875555426722
6,15,LR,6,8,1,1,186.01,0.15019142939793353
6,15,LR,6,8,1,1,187.0047,0.23389185277417915
6,15,LR,6,8,1,1,188.0081,0.1965759559236931
6,15,LR,6,8,1,1,189.0033,0.21709848792478123
6,15,LR,6,8,1,1,190.0063,0.2276335932233631
6,15,LR,6,8,1,1,191.0028,0.24416072745285275
6,15,LR,6,8,1,1,192.0089,0.28357809072704226
6,15,LR,6,8,1,1,193.0028,0.3137028000158687
6,15,LR,6,8,1,1,194.0075,0.35007352225603755
6,15,LR,6,8,1,1,195.0103,0.2644961715623253
6,15,LR,6,8,1,1,196.0071,0.3964654455878624
6,15,LR,6,8,1,1,197.013,0.3418727263067789
6,15,LR,6,8,1,1,198.0058,0.45376839175279665
6,15,LR,6,8,1,1,199.0128,0.47264922333766496
6,15,LR,6,8,1,1,200.0057,0.49704006438525755
6,15,LR,6,8,1,1,201.0118,0.5161222283148685
6,15,LR,6,8,1,1,202.0059,0.3558549411747136
6,15,LR,6,8,1,1,203.0114,0.32758932873778873
6,15,LR,6,8,1,1,204.0047,0.401957709239349
6,15,LR,6,8,1,1,205.0115,0.4137784615801555
6,15,LR,6,8,1,1,206.0058,0.4091414020652108
6,15,LR,6,8,1,1,207.0091,0.41708574816175564
6,15,LR,6,8,1,1,208.0048,0.4369670098389539
6,15,LR,6,8,1,1,209.0109,0.4332065753886859
6,15,LR,6,8,1,1,210.0142,0.416473600569967
6,15,LR,6,8,1,1,211.0105,0.3368292328526983
6,15,LR,6,8,1,1,212.0143,0.32256142627710443
6,15,LR,6,8,1,1,213.0075,0.40030794416933324
6,15,LR,6,8,1,1,214.0034,0.3012245243182462
6,15,LR,6,8,1,1,215.0077,0.37760748805672206
6,15,LR,6,8,1,1,216.0128,0.3821890749400803
6,15,LR,6,8,1,1,217.0073,0.37240720690824547
6,15,LR,6,8,1,1,218.0133,0.3530525421503645
6,15,LR,6,8,1,1,219.0063,0.2878979011298669
6,15,LR,6,8,1,1,220.0116,0.37559213125159624
6,15,LR,6,8,1,1,221.0034,0.3633853579066777
6,15,LR,6,8,1,1,222.0124,0.23699267421470938
6,15,LR,6,8,1,1,223.0052,0.3260818775278151
6,15,LR,6,8,1,1,224.0106,0.320280698425343
6,15,LR,6,8,1,1,225.0051,0.31056486449354626
6,15,LR,6,8,1,1,226.011,0.307585758835161
6,15,LR,6,8,1,1,227.0034,0.31901271162523953
6,15,LR,6,8,1,1,228.0098,0.3193722334724439
6,15,LR,6,8,1,1,229.0035,0.33885575659112793
6,15,LR,6,8,1,1,230.0087,0.36256328745049377
6,15,LR,6,8,1,1,231.003,0.2567633826098545
6,15,LR,6,8,1,1,232.008,0.3185251694548088
6,15,LR,6,8,1,1,233.0139,0.3516555155099771
6,15,LR,6,8,1,1,234.0074,0.3732100927542698
6,15,LR,6,8,1,1,235.0029,0.4181680384743251
6,15,LR,6,8,1,1,236.0081,0.3524132666954574
6,15,LR,6,8,1,1,237.012,0.48378593196457603
6,15,LR,6,8,1,1,238.0068,0.3858484692562435
6,15,LR,6,8,1,1,239.0122,0.5654029636757849
6,15,LR,6,8,1,1,240.0048,0.586218026924767
6,15,LR,6,8,1,1,241.0114,0.6332424536320498
6,15,LR,6,8,1,1,242.0057,0.6516535425119971
6,15,LR,6,8,1,1,243.0114,0.692911669883998
6,15,LR,6,8,1,1,244.005,0.6118321085863825
6,15,LR,6,8,1,1,245.0085,0.7462839144836261
6,15,LR,6,8,1,1,246.0043,0.6793820740848494
6,15,LR,6,8,1,1,247.0102,0.8019259333214305
6,15,LR,6,8,1,1,248.0034,0.8196512338136198
6,15,LR,6,8,1,1,249.0086,0.8445730090724489
6,15,LR,6,8,1,1,250.012,0.8607188145478394
6,15,LR,6,8,1,1,251.0087,0.8867743167252374
6,15,LR,6,8,1,1,252.0134,0.9004845000900329
6,15,LR,6,8,1,1,253.0077,0.8547656489532979
6,15,LR,6,8,1,1,254.0119,0.9242460298473972
6,15,LR,6,8,1,1,255.0081,0.9366300602525832
6,15,LR,6,8,1,1,256.0134,0.9440439896243782
6,15,LR,6,8,1,1,257.007,0.9514157049598504
6,15,LR,6,8,1,1,258.0121,0.9595597718871698
6,15,LR,6,8,1,1,259.007,0.9661282560184299
6,15,LR,6,8,1,1,260.0117,0.9707094753398023
6,15,LR,6,8,1,1,261.005,0.9581951544658613
6,15,LR,6,8,1,1,262.0108,0.978735507039343
6,15,LR,6,8,1,1,263.0057,0.9816578002307909
6,15,LR,6,8,1,1,264.01,0.9743323937518468
6,15,LR,6,8,1,1,265.0052,0.9859179790055702
6,15,LR,6,8,1,1,266.0104,0.9887822172115385
6,15,LR,6,8,1,1,267.0128,0.9903679244057135
6,15,LR,6,8,1,1,268.0097,0.9917096145833422
6,15,LR,6,8,1,1,269.0036,0.9928990099898708
6,15,LR,6,8,1,1,270.0091,0.9939608026004997
6,15,LR,6,8,1,1,271.014,0.9951365636630675
6,15,LR,6,8,1,1,272.0055,0.9873333390309924
6,15,LR,6,8,1,1,273.0126,0.970105966596458
6,15,LR,6,8,1,1,274.0073,0.9821959951447292
6,15,LR,6,8,1,1,275.0133,0.9848412335896686
6,15,LR,6,8,1,1,276.007,0.9771741879552133
6,15,LR,6,8,1,1,277.0134,0.979706260003792
6,15,LR,6,8,1,1,278.0072,0.9899048412292948
6,15,LR,6,8,1,1,279.0129,0.9903091122823271
6,15,LR,6,8,1,1,280.0068,0.9900815843787196
6,15,LR,6,8,1,1,281.011,0.9898626372948157
6,15,LR,6,8,1,1,282.0045,0.989972674164916
6,15,LR,6,8,1,1,283.0108,0.9902654522926015
6,15,LR,6,8,1,1,284.0054,0.9903049121842137
6,15,LR,6,8,1,1,285.0088,0.9893842109550479
6,15,LR,6,8,1,1,286.004,0.9887383612620082
6,15,LR,6,8,1,1,287.0099,0.9877978625437568
6,15,LR,6,8,1,1,288.0023,0.9801446027504369
6,15,LR,6,8,1,1,289.0085,0.9866618265684172
6,15,LR,6,8,1,1,290.0032,0.9854770101003628
6,15,LR,6,8,1,1,291.007,0.9849260690552024
6,15,LR,6,8,1,1,292.003,0.9847036834272176
6,15,LR,6,8,1,1,293.0081,0.9817000758415366
6,15,LR,6,8,1,1,294.0127,0.9823588292147575
6,15,LR,6,8,1,1,295.0076,0.9824969943130493
6,15,LR,6,8,1,1,296.0129,0.9805543198214961
6,15,LR,6,8,1,1,297.0052,0.981017541664388
6,15,LR,6,8,1,1,298.0126,0.9710353065160912
6,15,LR,6,8,1,1,299.0057,0.983412811014299
6,15,LR,6,8,1,1,300.0108,0.9859243067692914
6,15,LR,6,8,1,1,301.005,0.9876457575916235
6,15,LR,15,22,0,0,0.0,0.0003242532376173925
6,15,LR,15,22,0,0,1.000974,0.0005145681485952852
6,15,LR,15,22,0,0,2.003568,0.001157806587970327
6,15,LR,15,22,0,0,2.999172,0.0026833909751140094
6,15,LR,15,22,0,0,4.004295,0.00013603866846784792
6,15,LR,15,22,0,0,4.999187,9.704149038363319e-05
6,15,LR,15,22,0,0,6.004433,9.576693621365995e-05
6,15,LR,15,22,0,0,7.008282,0.00010125203188815572
6,15,LR,15,22,0,0,8.002911,0.00014952496124831041
6,15,LR,15,22,0,0,9.006618,0.00022834013910029896
6,15,LR,15,22,0,0,10.00285,0.0003005803588033244
6,15,LR,15,22,0,0,11.00888,0.00037636142412366243
6,15,LR,15,22,0,0,12.00174,0.0004821143264246568
6,15,LR,15,22,0,0,13.00911,0.0006221821606584424
6,15,LR,15,22,0,0,14.00245,0.0007742396239628376
6,15,LR,15,22,0,0,15.00674,0.0009447874735929852
6,15,LR,15,22,0,0,16.0,0.0009329862291506342
6,15,LR,15,22,0,0,17.00529,0.0013415752782618502
6,15,LR,15,22,0,0,18.00072,0.0009098695922012668
6,15,LR,15,22,0,0,19.00576,0.0008565424123397178
6,15,LR,15,22,0,0,20.00023,0.0016259067579973408
6,15,LR,15,22,0,0,21.00535,0.0015072617551197586
6,15,LR,15,22,0,0,21.99837,0.001788450895158061
6,15,LR,15,22,0,0,23.00469,0.0022350471092922645
6,15,LR,15,22,0,0,23.99946,0.0026411384065631056
6,15,LR,15,22,0,0,25.00485,0.002866207315696352
6,15,LR,15,22,1,1,25.99836,0.0020181456310601077
6,15,LR,15,22,1,1,27.00395,0.002419834087019602
6,15,LR,15,22,1,1,28.00946,0.004046110766477719
6,15,LR,15,22,1,1,29.00419,0.004215163811178377
6,15,LR,15,22,1,1,30.00806,0.004265878584281491
6,15,LR,15,22,1,1,31.00277,0.004489385345155306
6,15,LR,15,22,1,1,32.00785,0.0030893961160150087
6,15,LR,15,22,1,1,33.00269,0.00443946496177896
6,15,LR,15,22,1,1,34.00766,0.005237095442989972
6,15,LR,15,22,1,1,35.00272,0.005180864043784762
6,15,LR,15,22,1,1,36.00747,0.005463107844854506
6,15,LR,15,22,1,1,36.9996,0.004419482968438045
6,15,LR,15,22,1,1,38.00627,0.0054907186361309035
6,15,LR,15,22,1,1,38.99976,0.005385393247302856
6,15,LR,15,22,1,1,40.00533,0.0031694692865077852
6,15,LR,15,22,1,1,40.99976,0.00522657617890204
6,15,LR,15,22,1,1,42.00514,0.005440719265148579
6,15,LR,15,22,1,1,42.99894,0.003349878657207433
6,15,LR,15,22,1,1,44.00431,0.005487398785505238
6,15,LR,15,22,1,1,44.99878,0.005781464943261784
6,15,LR,15,22,1,1,46.00489,0.006595562650269048
6,15,LR,15,22,1,1,47.0092,0.005163365146599506
6,15,LR,15,22,1,1,48.00323,0.006882406045271488
6,15,LR,15,22,1,1,49.00968,0.006986291878035268
6,15,LR,15,22,1,1,50.0032,0.007971412817926737
6,15,LR,15,22,1,1,51.00922,0.005470863463667622
6,15,LR,15,22,1,1,52.0018,0.009651879128830023
6,15,LR,15,22,1,1,53.0089,0.01146249770878142
6,15,LR,15,22,1,1,54.00255,0.012694988274200826
6,15,LR,15,22,1,1,55.00832,0.014193285994616844
6,15,LR,15,22,1,1,56.00201,0.008599192543789476
6,15,LR,15,22,1,1,57.00761,0.008596474644986448
6,15,LR,15,22,1,1,57.99846,0.01077337147354527
6,15,LR,15,22,1,1,59.00563,0.011641354550172452
6,15,LR,15,22,1,1,60.0009,0.012490492448583714
6,15,LR,15,22,1,1,61.00551,0.008590897176348863
6,15,LR,15,22,1,1,61.99966,0.01027483450105108
6,15,LR,15,22,1,1,63.0064,0.01619751560686891
6,15,LR,15,22,1,1,63.99938,0.016983167892605875
6,15,LR,15,22,1,1,65.00513,0.018026091846199552
6,15,LR,15,22,1,1,65.9985,0.01891985584983297
6,15,LR,15,22,1,1,67.00328,0.019151498603491815
6,15,LR,15,22,1,1,68.00936,0.02154699917451637
6,15,LR,15,22,1,1,69.00479,0.021581707154262258
6,15,LR,15,22,1,1,70.00838,0.0227541135835414
6,15,LR,15,22,1,1,71.00202,0.022996476507590374
6,15,LR,15,22,1,1,72.00929,0.02359066125724608
6,15,LR,15,22,1,1,73.00296,0.017440921497423503
6,15,LR,15,22,1,1,74.00823,0.026987505675161474
6,15,LR,15,22,1,1,75.00237,0.025462622997847822
6,15,LR,15,22,1,1,76.00737,0.027814740460791347
6,15,LR,15,22,1,1,77.00177,0.030527055492043906
6,15,LR,15,22,1,1,78.00689,0.023625928100984118
6,15,LR,15,22,1,1,79.00884,0.02610084289393889
6,15,LR,15,22,1,1,80.00656,0.026898597364972056
6,15,LR,15,22,1,1,80.99937,0.023957781550922947
6,15,LR,15,22,1,1,82.00517,0.0267927434664043
6,15,LR,15,22,1,1,82.99969,0.0249377106657458
6,15,LR,15,22,1,1,84.00191,0.026253814643218066
6,15,LR,15,22,1,1,84.99885,0.028341024513401137
6,15,LR,15,22,1,1,86.0044,0.01735405958996834
6,15,LR,15,22,1,1,86.99889,0.02987470758932384
6,15,LR,15,22,1,1,88.00349,0.03342662854360041
6,15,LR,15,22,1,1,89.00752,0.03697823830352984
6,15,LR,15,22,1,1,90.00366,0.038815662376734096
6,15,LR,15,22,1,1,91.008,0.027917831358512623
6,15,LR,15,22,1,1,92.0039,0.04052063019384106
6,15,LR,15,22,1,1,93.00881,0.04587670828511289
6,15,LR,15,22,1,1,94.0022,0.025662641780707023
6,15,LR,15,22,1,1,95.00798,0.04567170347589797
6,15,LR,15,22,1,1,96.00266,0.048864364969652976
6,15,LR,15,22,1,1,97.00711,0.04805154936650128
6,15,LR,15,22,1,1,98.00116,0.05000498064463534
6,15,LR,15,22,1,1,99.00732,0.0568311936538333
6,15,LR,15,22,1,1,100.0006,0.057999646270920954
6,15,LR,15,22,1,1,101.0059,0.05042050851965605
6,15,LR,15,22,1,1,101.9992,0.05222599216475771
6,15,LR,15,22,1,1,103.0059,0.05455802054883554
6,15,LR,15,22,1,1,103.9993,0.0576278025469821
6,15,LR,15,22,1,1,105.0047,0.056918865230697065
6,15,LR,15,22,1,1,105.9986,0.0611267640600902
6,15,LR,15,22,1,1,107.0035,0.04112684803862042
6,15,LR,15,22,1,1,107.9985,0.044817642031490836
6,15,LR,15,22,1,1,109.0031,0.07656980051947063
6,15,LR,15,22,1,1,110.0076,0.08463100158925126
6,15,LR,15,22,1,1,111.0022,0.08625776851996284
6,15,LR,15,22,1,1,112.008,0.08954148414643241
6,15,LR,15,22,1,1,113.0031,0.058241736295639314
6,15,LR,15,22,1,1,114.0076,0.09719771568225373
6,15,LR,15,22,1,1,114.9989,0.10065538329258354
6,15,LR,15,22,1,1,116.0066,0.1007268687889154
6,15,LR,15,22,1,1,117.0013,0.09655825207761091
6,15,LR,15,22,1,1,118.0067,0.06957975541380551
6,15,LR,15,22,1,1,119.0003,0.10666745953009137
6,15,LR,15,22,1,1,120.0045,0.11252190320702884
6,15,LR,15,22,1,1,121.0003,0.07213335365635112
6,15,LR,15,22,1,1,122.0044,0.11293302603106838
6,15,LR,15,22,1,1,122.9991,0.12243798838502747
6,15,LR,15,22,1,1,124.0044,0.12221843760641866
6,15,LR,15,22,1,1,124.9989,0.12534243700327452
6,15,LR,15,22,1,1,126.0041,0.13354713820319397
6,15,LR,15,22,1,1,127.0092,0.13686927239931884
6,15,LR,15,22,1,1,128.0039,0.14007535943522476
6,15,LR,15,22,1,1,129.0084,0.15256794917633826
6,15,LR,15,22,1,1,130.0032,0.1017962423765074
6,15,LR,15,22,1,1,131.0085,0.1323317918931434
6,15,LR,15,22,1,1,132.0024,0.13458870525038827
6,15,LR,15,22,1,1,133.0067,0.13877506604421253
6,15,LR,15,22,1,1,134.0019,0.136502736756458
6,15,LR,15,22,1,1,135.0055,0.08729939915170164
6,15,LR,15,22,1,1,136.001,0.14598136269806475
6,15,LR,15,22,1,1,137.007,0.15707236650372314
6,15,LR,15,22,1,1,138.0008,0.15035528350693877
6,15,LR,15,22,1,1,139.0064,0.08544422433962164
6,15,LR,15,22,1,1,140.0006,0.09067354913181933
6,15,LR,15,22,1,1,141.0053,0.14467711369503058
6,15,LR,15,22,1,1,141.9996,0.14496635078221567
6,15,LR,15,22,1,1,143.0043,0.0898576048241145
6,15,LR,15,22,1,1,143.9991,0.13888045297831694
6,15,LR,15,22,1,1,145.0036,0.15051239891754042
6,15,LR,15,22,1,1,146.009,0.15311076458091305
6,15,LR,15,22,1,1,147.0034,0.16523777945555984
6,15,LR,15,22,1,1,148.0084,0.17526042381533513
6,15,LR,15,22,1,1,149.0029,0.1649613065767085
6,15,LR,15,22,1,1,150.0071,0.16704539754838393
6,15,LR,15,22,1,1,151.0033,0.1736629627585498
6,15,LR,15,22,1,1,152.0067,0.11463125135388486
6,15,LR,15,22,1,1,153.0012,0.1892584462334462
6,15,LR,15,22,1,1,154.0069,0.19694000093667863
6,15,LR,15,22,1,1,155.0018,0.17604081741277713
6,15,LR,15,22,1,1,156.005,0.14689596678881048
6,15,LR,15,22,1,1,157.0015,0.16036368552245536
6,15,LR,15,22,1,1,158.0064,0.1476189057653862
6,15,LR,15,22,1,1,158.9998,0.09427859990713375
6,15,LR,15,22,1,1,160.0075,0.10205089884164287
6,15,LR,15,22,1,1,160.9989,0.15969015016592045
6,15,LR,15,22,1,1,162.0055,0.1574772684040665
6,15,LR,15,22,1,1,162.9993,0.14343295127355013
6,15,LR,15,22,1,1,164.0038,0.10810520360744061
6,15,LR,15,22,1,1,165.009,0.12645207100547595
6,15,LR,15,22,1,1,166.0014,0.13292029619423096
6,15,LR,15,22,1,1,167.0084,0.12505144301032625
6,15,LR,15,22,1,1,168.0029,0.12055346138600531
6,15,LR,15,22,1,1,168.9988,0.1224881399877345
6,15,LR,15,22,1,1,170.0026,0.11899533268597079
6,15,LR,15,22,1,1,171.0087,0.11560147747306948
6,15,LR,15,22,1,1,172.002,0.07336442097715293
6,15,LR,15,22,1,1,173.0081,0.10118822973607725
6,15,LR,15,22,1,1,174.0015,0.12214119011836323
6,15,LR,15,22,1,1,175.0074,0.09899570911048247
6,15,LR,15,22,1,1,176.0012,0.07501103198811165
6,15,LR,15,22,1,1,177.0057,0.10445120715275338
6,15,LR,15,22,1,1,178.0003,0.10663580190352605
6,15,LR,15,22,1,1,179.0055,0.0958870124683693
6,15,LR,15,22,1,1,180.0004,0.08773128318787465
6,15,LR,15,22,1,1,181.0063,0.054142306084534395
6,15,LR,15,22,1,1,181.9992,0.05921653028158744
6,15,LR,15,22,1,1,183.0047,0.08007149198153929
6,15,LR,15,22,1,1,183.9991,0.09346307686886647
6,15,LR,15,22,1,1,185.0039,0.07323334632535851
6,15,LR,15,22,1,1,185.9996,0.07805807962926997
6,15,LR,15,22,1,1,187.0029,0.08746916741707925
6,15,LR,15,22,1,1,188.0091,0.09541714693311569
6,15,LR,15,22,1,1,189.0034,0.09400661806289624
6,15,LR,15,22,1,1,190.0086,0.10080666944947403
6,15,LR,15,22,1,1,191.0028,0.10744302244491191
6,15,LR,15,22,1,1,192.0077,0.10869794497444632
6,15,LR,15,22,1,1,193.0021,0.07762529939570008
6,15,LR,15,22,1,1,194.0079,0.12041750274411102
6,15,LR,15,22,1,1,195.0012,0.1271516471127194
6,15,LR,15,22,1,1,196.0064,0.13293921989774968
6,15,LR,15,22,1,1,197.0011,0.15519387935548373
6,15,LR,15,22,1,1,198.0061,0.15882901313637396
6,15,LR,15,22,1,1,199.0004,0.17538612287103222
6,15,LR,15,22,1,1,200.0061,0.17359278660991276
6,15,LR,15,22,1,1,200.9999,0.16255419728649326
6,15,LR,15,22,1,1,202.0023,0.17969442443771647
6,15,LR,15,22,1,1,202.9989,0.12442465786188985
6,15,LR,15,22,1,1,204.004,0.20913697351312324
6,15,LR,15,22,1,1,204.9987,0.22515378505402311
6,15,LR,15,22,1,1,206.0042,0.21594945608097854
6,15,LR,15,22,1,1,207.0072,0.2642760156148856
6,15,LR,15,22,1,1,208.0036,0.2735584259519401
6,15,LR,15,22,1,1,208.9984,0.30376271147306844
6,15,LR,15,22,1,1,210.0027,0.3260017751630256
6,15,LR,15,22,1,1,211.0065,0.3630311953307874
6,15,LR,15,22,1,1,212.0023,0.2463023009772373
6,15,LR,15,22,1,1,213.0079,0.19983277492723597
6,15,LR,15,22,1,1,214.0013,0.262575970274566
6,15,LR,15,22,1,1,215.0067,0.27275094569698694
6,15,LR,15,22,1,1,216.0005,0.19051576436054735
6,15,LR,15,22,1,1,217.0071,0.2892347434460209
6,15,LR,15,22,1,1,217.9998,0.31983320949174276
6,15,LR,15,22,1,1,219.0065,0.3053889277209267
6,15,LR,15,22,1,1,220.0002,0.3063866885428737
6,15,LR,15,22,1,1,221.005,0.3218594884163545
6,15,LR,15,22,1,1,221.9992,0.3271795564450827
6,15,LR,15,22,1,1,223.004,0.33295653417035054
6,15,LR,15,22,1,1,223.9989,0.327970496813855
6,15,LR,15,22,1,1,225.0036,0.34067371421405523
6,15,LR,15,22,1,1,225.9981,0.3573793531772501
6,15,LR,15,22,1,1,227.003,0.35807484192052846
6,15,LR,15,22,1,1,227.9983,0.3708405820019872
6,15,LR,15,22,1,1,229.0027,0.3787204254757515
6,15,LR,15,22,1,1,230.0077,0.4016003865755494
6,15,LR,15,22,1,1,231.0015,0.3897939218547372
6,15,LR,15,22,1,1,232.0083,0.4141852127447036
6,15,LR,15,22,1,1,232.9994,0.41496183461837216
6,15,LR,15,22,1,1,234.0069,0.41321786945078937
6,15,LR,15,22,1,1,235.0008,0.4566990194967432
6,15,LR,15,22,1,1,236.0067,0.43816816388767643
6,15,LR,15,22,1,1,237.0007,0.47681251629320376
6,15,LR,15,22,1,1,238.0053,0.3819985109460118
6,15,LR,15,22,1,1,238.9998,0.5114332916219284
6,15,LR,15,22,1,1,240.0057,0.4021981309631599
6,15,LR,15,22,1,1,240.9991,0.5563300344676005
6,15,LR,15,22,1,1,242.0057,0.39137398359633957
6,15,LR,15,22,1,1,242.9979,0.5443120354208398
6,15,LR,15,22,1,1,244.0028,0.5648153648873512
6,15,LR,15,22,1,1,244.9987,0.4090435245658813
6,15,LR,15,22,1,1,246.0038,0.4253573589064391
6,15,LR,15,22,1,1,247.0082,0.45417657312768106
6,15,LR,15,22,1,1,248.0007,0.47326151171336944
6,15,LR,15,22,1,1,249.0081,0.3601698071728277
6,15,LR,15,22,1,1,250.0022,0.4952186457741161
6,15,LR,15,22,1,1,250.9977,0.5258989764993217
6,15,LR,15,22,1,1,252.0028,0.5316504354305778
6,15,LR,15,22,1,1,253.0074,0.3805179164131217
6,15,LR,15,22,1,1,254.0015,0.5362762241051946
6,15,LR,15,22,1,1,255.0057,0.5409291457410229
6,15,LR,15,22,1,1,256.0016,0.541103083579244
6,15,LR,15,22,1,1,257.0052,0.5358814978721467
6,15,LR,15,22,1,1,257.9996,0.5428397126175845
6,15,LR,15,22,1,1,259.0047,0.544465906930642
6,15,LR,15,22,1,1,260.0,0.5366001818768482
6,15,LR,15,22,1,1,261.0054,0.5160046238818644
6,15,LR,15,22,1,1,261.9995,0.5585123305996124
6,15,LR,15,22,1,1,263.005,0.5256893634391642
6,15,LR,15,22,1,1,264.0086,0.5254224231810832
6,15,LR,15,22,1,1,265.0041,0.5259141464544047
6,15,LR,15,22,1,1,265.9979,0.4134166792087283
6,15,LR,15,22,1,1,267.0028,0.5331826772782282
6,15,LR,15,22,1,1,267.9983,0.5507290715027268
6,15,LR,15,22,1,1,269.0023,0.5509507918695057
6,15,LR,15,22,1,1,270.0084,0.5801343404543521
6,15,LR,15,22,1,1,271.0029,0.5839798207092698
6,15,LR,15,22,1,1,272.0079,0.6189012327865978
6,15,LR,15,22,1,1,273.0007,0.5311857121801515
6,15,LR,15,22,1,1,274.007,0.659468899041204
6,15,LR,15,22,1,1,275.002,0.5351551149797477
6,15,LR,15,22,1,1,276.0071,0.6882107352064232
6,15,LR,15,22,1,1,276.9994,0.711286269671051
6,15,LR,15,22,1,1,278.0064,0.7387633192311731
6,15,LR,15,22,1,1,278.9993,0.6826532473536097
6,15,LR,15,22,1,1,280.0048,0.7951800342007881
6,15,LR,15,22,1,1,280.9991,0.7606702992686625
6,15,LR,15,22,1,1,282.0041,0.6191326497629609
6,15,LR,15,22,1,1,282.9991,0.721221770071
6,15,LR,15,22,1,1,284.0046,0.7080446355453117
6,15,LR,15,22,1,1,284.9987,0.5981211340741965
6,15,LR,15,22,1,1,286.0029,0.6326762967608011
6,15,LR,15,22,1,1,286.9979,0.7425533916058049
6,15,LR,15,22,1,1,288.0019,0.746570491711986
6,15,LR,15,22,1,1,289.0057,0.7422325060508376
6,15,LR,15,22,1,1,290.0014,0.6172098439062635
6,15,LR,15,22,1,1,291.0084,0.7658040627755338
6,15,LR,15,22,1,1,292.0014,0.7470176216123583
6,15,LR,15,22,1,1,293.0075,0.7337132086293899
6,15,LR,15,22,1,1,293.9986,0.631995958530706
6,15,LR,15,22,1,1,295.0063,0.7244072803659878
6,15,LR,15,22,1,1,296.0003,0.7087628642813254
6,15,LR,15,22,1,1,297.0054,0.5730529886285581
6,15,LR,15,22,1,1,298.001,0.6964854708278181
6,15,LR,15,22,1,1,299.0046,0.6921907923770126
6,15,LR,15,22,1,1,299.9992,0.5885501598766003
6,15,LR,15,22,1,1,301.0032,0.7007155528101368
6,15,LR,15,22,1,1,301.9981,0.7087906516900311
6,15,LR,6,29,0,0,0.0112192,2.2256156308768502e-07
6,15,LR,6,29,0,0,1.011824,0.0012388199907987585
6,15,LR,6,29,0,0,2.016775,0.004288751890670671
6,15,LR,6,29,0,0,3.01134,0.010232984292535338
6,15,LR,6,29,0,0,4.016446,0.019708206798500615
6,15,LR,6,29,0,0,5.010691,0.04194192201412339
6,15,LR,6,29,0,0,6.014781,0.009183210036554399
6,15,LR,6,29,0,0,7.021184,0.0051393060641724934
6,15,LR,6,29,0,0,8.014297,0.005294136463098861
6,15,LR,6,29,0,0,9.017834,0.008926798684451958
6,15,LR,6,29,0,0,10.0143,0.014717490784611804
6,15,LR,6,29,0,0,11.0198,0.017419516427176807
6,15,LR,6,29,0,0,12.01373,0.018214038516566562
6,15,LR,6,29,0,0,13.01924,0.01226293453986764
6,15,LR,6,29,0,0,14.01323,0.017258866109458322
6,15,LR,6,29,0,0,15.01874,0.021189778411483638
6,15,LR,6,29,0,0,16.02178,0.023268318776927237
6,15,LR,6,29,0,0,17.0179,0.026046442312888638
6,15,LR,6,29,0,0,18.01236,0.019399716490540616
6,15,LR,6,29,0,0,19.01663,0.027213965078978657
6,15,LR,6,29,0,0,20.01117,0.02861912311794206
6,15,LR,6,29,0,0,21.01589,0.01833672905723087
6,15,LR,6,29,0,0,22.01227,0.02779152002500635
6,15,LR,6,29,0,0,23.01739,0.03133719388412034
6,15,LR,6,29,0,0,24.01122,0.03341254197941553
6,15,LR,6,29,0,0,25.01702,0.03174645092041402
6,15,LR,6,29,0,0,26.0217,0.03452426615985242
6,15,LR,6,29,0,0,27.01569,0.03617975143226895
6,15,LR,6,29,0,0,28.02129,0.03510357024713806
6,15,LR,6,29,0,0,29.01555,0.03893980789760463
6,15,LR,6,29,0,0,30.01976,0.003133320347764454
6,15,LR,6,29,0,0,31.01329,0.005432746858689498
6,15,LR,6,29,0,0,32.02007,0.006527536806544839
6,15,LR,6,29,0,0,33.01092,0.006205381762988966
6,15,LR,6,29,0,0,34.01912,0.007304328437616282
6,15,LR,6,29,0,0,35.01377,0.007816778563945121
6,15,LR,6,29,0,0,36.01718,0.006272421619769642
6,15,LR,6,29,0,0,37.01274,0.006618980051665374
6,15,LR,6,29,0,0,38.01831,0.00798975013130382
6,15,LR,6,29,0,0,39.01217,0.009148492304408484
6,15,LR,6,29,0,0,40.01754,0.006305796805294598
6,15,LR,6,29,0,0,41.01052,0.011445062219659588
6,15,LR,6,29,0,0,42.01724,0.01335216039969506
6,15,LR,6,29,0,0,43.02027,0.014120644463660582
6,15,LR,6,29,0,0,44.01577,0.009310121496428353
6,15,LR,6,29,0,0,45.02153,0.01629783912189496
6,15,LR,6,29,0,0,46.01505,0.018073422676616428
6,15,LR,6,29,0,0,47.02,0.018813010667741596
6,15,LR,6,29,0,0,48.01451,0.01239968783018874
6,15,LR,6,29,0,0,49.02043,0.020825119050763476
6,15,LR,6,29,0,0,50.01405,0.022487179669195872
6,15,LR,6,29,0,0,51.02033,0.014142607964756705
6,15,LR,6,29,0,0,52.01211,0.02582670964069967
6,15,LR,6,29,0,0,53.01879,0.024886496050645586
6,15,LR,6,29,0,0,54.01346,0.026399136825874463
6,15,LR,6,29,0,0,55.01865,0.024818481705782408
6,15,LR,6,29,0,0,56.0123,0.015462953325093893
6,15,LR,6,29,0,0,57.01873,0.021231493606260095
6,15,LR,6,29,0,0,58.01094,0.023764238583928916
6,15,LR,6,29,0,0,59.01741,0.022710871922327517
6,15,LR,6,29,0,0,60.01103,0.02343176167332501
6,15,LR,6,29,0,0,61.01686,0.016755906291332504
6,15,LR,6,29,0,0,62.02135,0.023909780930118706
6,15,LR,6,29,0,0,63.01606,0.02341189686128784
6,15,LR,6,29,0,0,64.01111,0.023827350746999952
6,15,LR,6,29,0,0,65.01536,0.025181246933927127
6,15,LR,6,29,0,0,66.01973,0.024813716297585487
6,15,LR,6,29,0,0,67.01254,0.02663450823898201
6,15,LR,6,29,0,0,68.02018,0.028094056019912206
6,15,LR,6,29,0,0,69.01416,0.030997314637593365
6,15,LR,6,29,0,0,70.02119,0.032195747197928094
6,15,LR,6,29,0,0,71.01406,0.03228978903159941
6,15,LR,6,29,0,0,72.01811,0.03578626248391647
6,15,LR,6,29,0,0,73.01423,0.023009619234409404
6,15,LR,6,29,0,0,74.01737,0.04066294783419078
6,15,LR,6,29,0,0,75.01094,0.043089872918198505
6,15,LR,6,29,0,0,76.0176,0.045198444270239946
6,15,LR,6,29,0,0,77.02081,0.049631616601769776
6,15,LR,6,29,0,0,78.01769,0.03570764866689615
6,15,LR,6,29,0,0,79.01154,0.057143610784479354
6,15,LR,6,29,0,0,80.01762,0.040874939441713616
6,15,LR,6,29,0,0,81.01078,0.07332902168712997
6,15,LR,6,29,0,0,82.01668,0.0519859855557014
6,15,LR,6,29,0,0,83.01159,0.09082258396813526
6,15,LR,6,29,0,0,84.0154,0.10399349105186244
6,15,LR,6,29,0,0,85.0213,0.12604074957618489
6,15,LR,6,29,0,0,86.01613,0.09254375492849405
6,15,LR,6,29,0,0,87.02153,0.08982137779477188
6,15,LR,6,29,0,0,88.01397,0.0888852356993093
6,15,LR,6,29,0,0,89.02009,0.11053332983988295
6,15,LR,6,29,0,0,90.0147,0.12527229099494916
6,15,LR,6,29,0,0,91.01833,0.08515612888009293
6,15,LR,6,29,0,0,92.01338,0.15145417483703139
6,15,LR,6,29,0,0,93.01836,0.1901393351697927
6,15,LR,6,29,0,0,94.01306,0.1913954161193822
6,15,LR,6,29,0,0,95.01991,0.13768226243355228
6,15,LR,6,29,0,0,96.01231,0.22108741873537002
6,15,LR,6,29,0,0,97.01806,0.24752225350008833
6,15,LR,6,29,0,0,98.01287,0.24468818110470011
6,15,LR,6,29,0,0,99.0177,0.16851634964859868
6,15,LR,6,29,0,0,100.0129,0.26186251568419494
6,15,LR,6,29,0,0,101.0174,0.2712412384286787
6,15,LR,6,29,0,0,102.012,0.18627147708207678
6,15,LR,6,29,0,0,103.0166,0.29946579547070123
6,15,LR,6,29,0,0,104.0114,0.30931725137355215
6,15,LR,6,29,0,0,105.016,0.2214173340517662
6,15,LR,6,29,0,0,106.0215,0.3238495224697807
6,15,LR,6,29,0,0,107.0152,0.33883653713561335
6,15,LR,6,29,0,0,108.0193,0.2623203696996588
6,15,LR,6,29,0,0,109.015,0.36645109203249115
6,15,LR,6,29,0,0,110.0205,0.37585981148286024
6,15,LR,6,29,0,0,111.0144,0.3859685041646194
6,15,LR,6,29,0,0,112.0205,0.41260675856786644
6,15,LR,6,29,0,0,113.0114,0.3017911383181604
6,15,LR,6,29,0,0,114.0195,0.44413106251877915
6,15,LR,6,29,0,0,115.0128,0.44001125895417775
6,15,LR,6,29,0,0,116.0194,0.4818155971083245
6,15,LR,6,29,0,0,117.0126,0.34157217034271475
6,15,LR,6,29,0,0,118.0177,0.4888259969389509
6,15,LR,6,29,0,0,119.0121,0.42199899858051115
6,15,LR,6,29,0,0,120.0173,0.4542161905304154
6,15,LR,6,29,0,0,121.0209,0.4700000626272682
6,15,LR,6,29,0,0,122.0168,0.4982835749460668
6,15,LR,6,29,0,0,123.0214,0.5016243123267523
6,15,LR,6,29,0,0,124.0167,0.5282963252019363
6,15,LR,6,29,0,0,125.021,0.5365686247665888
6,15,LR,6,29,0,0,126.0145,0.5738490775957844
6,15,LR,6,29,0,0,127.0109,0.5986377665406014
6,15,LR,6,29,0,0,128.0153,0.6194852426863613
6,15,LR,6,29,0,0,129.0204,0.6367499281768932
6,15,LR,6,29,0,0,130.0143,0.5641560584391889
6,15,LR,6,29,0,0,131.0208,0.39126498916025154
6,15,LR,6,29,0,0,132.0134,0.5128825503792012
6,15,LR,6,29,0,0,133.019,0.5392532396997946
6,15,LR,6,29,0,0,134.0134,0.4320529412273365
6,15,LR,6,29,0,0,135.0182,0.4725817226115152
6,15,LR,6,29,0,0,136.0138,0.5732686928922137
6,15,LR,6,29,0,0,137.0193,0.5155748818674236
6,15,LR,6,29,0,0,138.0129,0.4816502954397457
6,15,LR,6,29,0,0,139.018,0.3480377020287511
6,15,LR,6,29,0,0,140.0114,0.46438011385666755
6,15,LR,6,29,0,0,141.0173,0.3668749078893537
6,15,LR,6,29,0,0,142.0123,0.39856267527964145
6,15,LR,6,29,0,0,143.0174,0.37513372117298505
6,15,LR,6,29,0,0,144.0198,0.24793399578713313
6,15,LR,6,29,0,0,145.0158,0.35096912335014346
6,15,LR,6,29,0,0,146.022,0.3441992881751941
6,15,LR,6,29,0,0,147.0161,0.32282278556698046
6,15,LR,6,29,0,0,148.0215,0.209813317665472
6,15,LR,6,29,0,0,149.0159,0.2973495058195945
6,15,LR,6,29,0,0,150.0214,0.28848810193328567
6,15,LR,6,29,0,0,151.0148,0.2659181597099857
6,15,LR,6,29,0,0,152.0203,0.16703406166465126
6,15,LR,6,29,0,0,153.015,0.24065639914922085
6,15,LR,6,29,0,0,154.0197,0.23258266560317706
6,15,LR,6,29,0,0,155.0137,0.2122905964900107
6,15,LR,6,29,0,0,156.0195,0.22747939206534332
6,15,LR,6,29,0,0,157.0139,0.22592906789015624
6,15,LR,6,29,0,0,158.0179,0.22150288149302283
6,15,LR,6,29,0,0,159.0134,0.22010392639588514
6,15,LR,6,29,0,0,160.0171,0.16693263770460745
6,15,LR,6,29,0,0,161.0113,0.11276203561343118
6,15,LR,6,29,0,0,162.0164,0.19435517938443764
6,15,LR,6,29,0,0,163.022,0.2105749571169132
6,15,LR,6,29,0,0,164.0161,0.23335661708303282
6,15,LR,6,29,0,0,165.022,0.260518642268106
6,15,LR,6,29,0,0,166.0165,0.2744289147941471
6,15,LR,6,29,0,0,167.0112,0.3350201878214306
6,15,LR,6,29,0,0,168.0158,0.2781201971469712
6,15,LR,6,29,0,0,169.0202,0.4683374201576476
6,15,LR,6,29,0,0,170.0141,0.367932600823696
6,15,LR,6,29,0,0,171.0207,0.6437736066896599
6,15,LR,6,29,0,0,172.0139,0.5461558828257337
6,15,LR,6,29,0,0,173.0192,0.7076554140675566
6,15,LR,6,29,0,0,174.013,0.6163985047431239
6,15,LR,6,29,0,0,175.0175,0.7519592076137843
6,15,LR,6,29,0,0,176.0135,0.6926983683997032
6,15,LR,6,29,0,0,177.0181,0.8259531903053048
6,15,LR,6,29,0,0,178.0124,0.8432596930363365
6,15,LR,6,29,0,0,179.0186,0.8621362355826734
6,15,LR,6,29,0,0,180.0117,0.8781432698815028
6,15,LR,6,29,0,0,181.0171,0.8999579746161238
6,15,LR,6,29,0,0,182.0113,0.9137373197838474
6,15,LR,6,29,0,0,183.0171,0.9023830646416056
6,15,LR,6,29,0,0,184.0217,0.9442058605447791
6,15,LR,6,29,0,0,185.0134,0.9537732576317061
6,15,LR,6,29,0,0,186.0216,0.9621869107322705
6,15,LR,6,29,0,0,187.0153,0.9338543847008672
6,15,LR,6,29,0,0,188.0214,0.8966753418203034
6,15,LR,6,29,0,0,189.0154,0.9401847142984463
6,15,LR,6,29,0,0,190.0175,0.930697779038434
6,15,LR,6,29,0,0,191.0144,0.9348811108991155
6,15,LR,6,29,0,0,192.0198,0.9318403183908979
6,15,LR,6,29,0,0,193.0143,0.9268066297475404
6,15,LR,6,29,0,0,194.0198,0.926143368335909
6,15,LR,6,29,0,0,195.0145,0.9269270537916137
6,15,LR,6,29,0,0,196.0186,0.9266163400280378
6,15,LR,6,29,0,0,197.0138,0.9180328933999247
6,15,LR,6,29,0,0,198.0177,0.9109743196266715
6,15,LR,6,29,0,0,199.0128,0.8955830449081666
6,15,LR,6,29,0,0,200.015,0.879938072043053
6,15,LR,6,29,0,0,201.0131,0.79427509516208
6,15,LR,6,29,0,0,202.0175,0.8515508615688846
6,15,LR,6,29,0,0,203.0224,0.8410618867001519
6,15,LR,6,29,0,0,204.0173,0.8243041290395324
6,15,LR,6,29,0,0,205.0222,0.8074465089619065
6,15,LR,6,29,0,0,206.0159,0.7181127290045568
6,15,LR,6,29,0,0,207.0197,0.8113242408897939
6,15,LR,6,29,0,0,208.0167,0.7972983450208376
6,15,LR,6,29,0,0,209.0206,0.6662677152670485
6,15,LR,6,29,0,0,210.0151,0.7426386308585246
6,15,LR,6,29,0,0,211.0197,0.7379812315789666
6,15,LR,6,29,0,0,212.0139,0.7086915983704625
6,15,LR,6,29,0,0,213.0196,0.6974015924778489
6,15,LR,6,29,0,0,214.0141,0.7013624639503542
6,15,LR,6,29,0,0,215.0178,0.6959044927184033
6,15,LR,6,29,0,0,216.012,0.7030704638559516
6,15,LR,6,29,0,0,217.0189,0.60353839084295
6,15,LR,6,29,0,0,218.0127,0.4833326485338453
6,15,LR,6,29,0,0,219.0185,0.6448703098392998
6,15,LR,6,29,0,0,220.0132,0.6557473579457896
6,15,LR,6,29,0,0,221.0173,0.6764378678298446
6,15,LR,6,29,0,0,222.0124,0.6958710322704409
6,15,LR,6,29,0,0,223.017,0.6253163064422301
6,15,LR,6,29,0,0,224.0219,0.6511118713146374
6,15,LR,6,29,0,0,225.0162,0.6499713027414263
6,15,LR,6,29,0,0,226.0217,0.6777771067371801
6,15,LR,6,29,0,0,227.0157,0.5604335365984281
6,15,LR,6,29,0,0,228.0207,0.4804064243438562
6,15,LR,6,29,0,0,229.0154,0.6259215618742068
6,15,LR,6,29,0,0,230.0205,0.6076038236005143
6,15,LR,6,29,0,0,231.0153,0.5836788101631974
6,15,LR,6,29,0,0,232.0194,0.5409766213539771
6,15,LR,6,29,0,0,233.0133,0.41567531450693684
6,15,LR,6,29,0,0,234.0184,0.5335929049868695
6,15,LR,6,29,0,0,235.0122,0.5111576996407953
6,15,LR,6,29,0,0,236.0163,0.5005790245074196
6,15,LR,6,29,0,0,237.0122,0.3442250143775035
6,15,LR,6,29,0,0,238.0178,0.46858751361480744
6,15,LR,6,29,0,0,239.0128,0.445674028605314
6,15,LR,6,29,0,0,240.0172,0.4288899293508385
6,15,LR,6,29,0,0,241.0219,0.3000762187925356
6,15,LR,6,29,0,0,242.0162,0.42771831305187347
6,15,LR,6,29,0,0,243.0118,0.4108069538271449
6,15,LR,6,29,0,0,244.017,0.3851009709223366
6,15,LR,6,29,0,0,245.0216,0.36134605018736954
6,15,LR,6,29,0,0,246.0154,0.34697075064544197
6,15,LR,6,29,0,0,247.0208,0.2292887848932382
6,15,LR,6,29,0,0,248.0148,0.3462604153344129
6,15,LR,6,29,0,0,249.0202,0.34775430096585813
6,15,LR,6,29,0,0,250.0158,0.505812469592588
6,15,LR,6,29,0,0,251.0202,0.514913042687689
6,15,LR,6,29,0,0,252.0149,0.5259598627534098
6,15,LR,6,29,0,0,253.0197,0.559476998074421
6,15,LR,6,29,0,0,254.0136,0.5446492470722217
6,15,LR,6,29,0,0,255.0182,0.5676887261591935
6,15,LR,6,29,0,0,256.0139,0.5980687754659917
6,15,LR,6,29,0,0,257.0173,0.6477557291121886
6,15,LR,6,29,0,0,258.013,0.685832193006798
6,15,LR,6,29,0,0,259.0187,0.7363705127227446
6,15,LR,6,29,0,0,260.021,0.7586505023160696
6,15,LR,6,29,0,0,261.0178,0.8142417815653499
6,15,LR,6,29,0,0,262.0128,0.8461111213518065
6,15,LR,6,29,0,0,263.0165,0.8693133647369184
6,15,LR,6,29,0,0,264.022,0.8900458736291315
6,15,LR,6,29,0,0,265.0162,0.9067415294251704
6,15,LR,6,29,0,0,266.0201,0.9208027515232846
6,15,LR,6,29,0,0,267.0135,0.9318795578665672
6,15,LR,6,29,0,0,268.0216,0.9402826306609471
6,15,LR,6,29,0,0,269.0137,0.9497085077882126
6,15,LR,6,29,0,0,270.0212,0.9370110178022645
6,15,LR,6,29,0,0,271.0142,0.959136817635557
6,15,LR,6,29,0,0,272.0176,0.963137804851436
6,15,LR,6,29,0,0,273.0138,0.9657725945260442
6,15,LR,6,29,0,0,274.0176,0.9720840537331419
6,15,LR,6,29,0,0,275.0136,0.9653726680474328
6,15,LR,6,29,0,0,276.0194,0.9827137894412218
6,15,LR,6,29,0,0,277.011,0.9844398777141434
6,15,LR,6,29,0,0,278.0184,0.9856483444381188
6,15,LR,6,29,0,0,279.0128,0.9874454361024684
6,15,LR,6,29,0,0,280.0181,0.9893985658576104
6,15,LR,6,29,0,0,281.0127,0.990609110012418
6,15,LR,6,29,0,0,282.0156,0.9921658213391142
6,15,LR,6,29,0,0,283.0111,0.9930510148772119
6,15,LR,6,29,0,0,284.0166,0.993939907103164
6,15,LR,6,29,0,0,285.0219,0.9677905627916468
6,15,LR,6,29,0,0,286.016,0.9571598018246351
6,15,LR,6,29,0,0,287.0216,0.9757438645879819
6,15,LR,6,29,0,0,288.0144,0.9765760669187848
6,15,LR,6,29,0,0,289.0197,0.9600428937706307
6,15,LR,6,29,0,0,290.0124,0.9776420974885013
6,15,LR,6,29,0,0,291.018,0.9756662600802286
6,15,LR,6,29,0,0,292.0144,0.9706093708200904
6,15,LR,6,29,0,0,293.0191,0.95204846099457
6,15,LR,6,29,0,0,294.0126,0.9692848882954492
6,15,LR,6,29,0,0,295.0191,0.9609996475620839
6,15,LR,6,29,0,0,296.0124,0.9555699796522412
6,15,LR,6,29,0,0,297.0182,0.9464304899355145
6,15,LR,6,29,0,0,298.0114,0.9062803928132548
6,15,LR,6,29,0,0,299.0173,0.9045017979668813
6,15,LR,6,29,0,0,300.0121,0.9705562459615303
6,15,LR,6,29,0,0,301.018,0.9706413248607944
6,15,MLP,6,8,0,0,0.0111263,0.0003153247303405637
6,15,MLP,6,8,0,0,1.012533,0.013184771301908963
6,15,MLP,6,8,0,0,2.006725,0.026841597126335055
6,15,MLP,6,8,0,0,3.011544,0.036481532929917036
6,15,MLP,6,8,0,0,4.002677,0.015905138977413726
6,15,MLP,6,8,0,0,5.009711,0.027748778772186594
6,15,MLP,6,8,0,0,6.004739,0.03770816996283513
6,15,MLP,6,8,0,0,7.009674,0.05332460650886284
6,15,MLP,6,8,0,0,8.003508,0.039734926348792075
6,15,MLP,6,8,0,0,9.006954,0.054166656141796825
6,15,MLP,6,8,0,0,10.00293,0.05769210016631011
6,15,MLP,6,8,0,0,11.00604,0.043344691906138426
6,15,MLP,6,8,1,1,12.00364,0.053116055996774304
6,15,MLP,6,8,1,1,13.00802,0.05839947242966715
6,15,MLP,6,8,1,1,14.00243,0.06495426786631854
6,15,MLP,6,8,1,1,15.00691,0.058231448971881115
6,15,MLP,6,8,1,1,16.01181,0.06987303466715108
6,15,MLP,6,8,1,1,17.00746,0.06892450797718724
6,15,MLP,6,8,1,1,18.01327,0.0692797374245393
6,15,MLP,6,8,1,1,19.00703,0.06976210664787713
6,15,MLP,6,8,1,1,20.01132,0.09940559534957505
6,15,MLP,6,8,1,1,21.00361,0.08326783249211381
6,15,MLP,6,8,1,1,22.01139,0.041717624904382314
6,15,MLP,6,8,1,1,23.00565,0.13439205725560352
6,15,MLP,6,8,1,1,24.01185,0.05327917968272855
6,15,MLP,6,8,1,1,25.00333,0.08547034714236937
6,15,MLP,6,8,1,1,26.01048,0.10949614250997458
6,15,MLP,6,8,1,1,27.0047,0.09400502552686191
6,15,MLP,6,8,1,1,28.00931,0.09612939503173182
6,15,MLP,6,8,1,1,29.00375,0.09024099200819072
6,15,MLP,6,8,1,1,30.00954,0.10207629197432434
6,15,MLP,6,8,1,1,31.00254,0.08619001664307305
6,15,MLP,6,8,1,1,32.00864,0.08241902648708124
6,15,MLP,6,8,1,1,33.0032,0.12337334226206946
6,15,MLP,6,8,1,1,34.00835,0.11333946948683925
6,15,MLP,6,8,1,1,35.01365,0.12146803124657907
6,15,MLP,6,8,1,1,36.00763,0.07830318200436281
6,15,MLP,6,8,1,1,37.01249,0.08586039298031656
6,15,MLP,6,8,1,1,38.00724,0.10999383457128836
6,15,MLP,6,8,1,1,39.01177,0.10554248409445861
6,15,MLP,6,8,1,1,40.00622,0.09920747649707749
6,15,MLP,6,8,1,1,41.01126,0.10767063781602831
6,15,MLP,6,8,1,1,42.00632,0.119659763422378
6,15,MLP,6,8,1,1,43.01094,0.15698772926347845
6,15,MLP,6,8,1,1,44.00538,0.10347652507962611
6,15,MLP,6,8,1,1,45.00897,0.09890819981359972
6,15,MLP,6,8,1,1,46.00489,0.16005453204880263
6,15,MLP,6,8,1,1,47.00764,0.13378362204418723
6,15,MLP,6,8,1,1,48.00322,0.1607145544809912
6,15,MLP,6,8,1,1,49.0089,0.1403024357609279
6,15,MLP,6,8,1,1,50.00442,0.1366570237975933
6,15,MLP,6,8,1,1,51.00952,0.16520884796906052
6,15,MLP,6,8,1,1,52.00426,0.19595191355662928
6,15,MLP,6,8,1,1,53.00848,0.12169751836070776
6,15,MLP,6,8,1,1,54.00241,0.1374273369133689
6,15,MLP,6,8,1,1,55.00602,0.146805398399347
6,15,MLP,6,8,1,1,56.01323,0.15910024194368044
6,15,MLP,6,8,1,1,57.00426,0.13446593669550255
6,15,MLP,6,8,1,1,58.01067,0.15427184382055495
6,15,MLP,6,8,1,1,59.0066,0.1534695540921607
6,15,MLP,6,8,1,1,60.01128,0.17365837648651458
6,15,MLP,6,8,1,1,61.00568,0.1552936201531342
6,15,MLP,6,8,1,1,62.01031,0.14164500821717418
6,15,MLP,6,8,1,1,63.005,0.15250629262355114
6,15,MLP,6,8,1,1,64.01,0.16420859558910864
6,15,MLP,6,8,1,1,65.00407,0.13773784806750358
6,15,MLP,6,8,1,1,66.01032,0.10105916968450397
6,15,MLP,6,8,1,1,67.00389,0.09233762395127043
6,15,MLP,6,8,1,1,68.00977,0.16974397355234438
6,15,MLP,6,8,1,1,69.00293,0.12461040832527763
6,15,MLP,6,8,1,1,70.00932,0.0587573300478016
6,15,MLP,6,8,1,1,71.00261,0.16482711426319166
6,15,MLP,6,8,1,1,72.00746,0.10966949990790643
6,15,MLP,6,8,1,1,73.00294,0.1165566628286564
6,15,MLP,6,8,1,1,74.00814,0.11485994899100041
6,15,MLP,6,8,1,1,75.01319,0.15000265131140542
6,15,MLP,6,8,1,1,76.00666,0.07513193063054616
6,15,MLP,6,8,1,1,77.01159,0.1245531868388175
6,15,MLP,6,8,1,1,78.00659,0.09228585627846596
6,15,MLP,6,8,1,1,79.01199,0.10097587927122068
6,15,MLP,6,8,1,1,80.0071,0.09890976452540405
6,15,MLP,6,8,1,1,81.01176,0.07125169663955577
6,15,MLP,6,8,1,1,82.00599,0.1169430839446347
6,15,MLP,6,8,1,1,83.01203,0.06947588490372147
6,15,MLP,6,8,1,1,84.00549,0.08366542683915965
6,15,MLP,6,8,1,1,85.01128,0.08671896155653065
6,15,MLP,6,8,1,1,86.00328,0.08466057819922465
6,15,MLP,6,8,1,1,87.01077,0.09110453494524046
6,15,MLP,6,8,1,1,88.00428,0.09680454752651962
6,15,MLP,6,8,1,1,89.00924,0.094489728275318
6,15,MLP,6,8,1,1,90.00323,0.0954013268643731
6,15,MLP,6,8,1,1,91.00959,0.09381717912708286
6,15,MLP,6,8,1,1,92.0034,0.1381502504832127
6,15,MLP,6,8,1,1,93.00835,0.11666939516397115
6,15,MLP,6,8,1,1,94.01284,0.10076973295313316
6,15,MLP,6,8,1,1,95.00739,0.13369650275232386
6,15,MLP,6,8,1,1,96.01205,0.145093304146137
6,15,MLP,6,8,1,1,97.00794,0.16202249317555517
6,15,MLP,6,8,1,1,98.01041,0.09207691636544688
6,15,MLP,6,8,1,1,99.0069,0.29187635321908306
6,15,MLP,6,8,1,1,100.0121,0.09165083746249035
6,15,MLP,6,8,1,1,101.0061,0.12895243243733243
6,15,MLP,6,8,1,1,102.0104,0.1625799767633213
6,15,MLP,6,8,1,1,103.0028,0.1252746732165812
6,15,MLP,6,8,1,1,104.0098,0.15773188426542312
6,15,MLP,6,8,1,1,105.0038,0.17312746542336926
6,15,MLP,6,8,1,1,106.0078,0.18353624047796954
6,15,MLP,6,8,1,1,107.0034,0.18548993569677155
6,15,MLP,6,8,1,1,108.0105,0.09334613515760572
6,15,MLP,6,8,1,1,109.0032,0.10603107395919138
6,15,MLP,6,8,1,1,110.0085,0.1774121447896291
6,15,MLP,6,8,1,1,111.0039,0.07846892502049285
6,15,MLP,6,8,1,1,112.0084,0.12324386089633513
6,15,MLP,6,8,1,1,113.0033,0.19803983783364462
6,15,MLP,6,8,1,1,114.0078,0.21226522209192367
6,15,MLP,6,8,1,1,115.0025,0.06880661307662815
6,15,MLP,6,8,1,1,116.0068,0.11186400789366248
6,15,MLP,6,8,1,1,117.013,0.15513497082164007
6,15,MLP,6,8,1,1,118.0074,0.12004664828953261
6,15,MLP,6,8,1,1,119.0124,0.1319402988086
6,15,MLP,6,8,1,1,120.0065,0.1685851933172996
6,15,MLP,6,8,1,1,121.0116,0.12567512177608275
6,15,MLP,6,8,1,1,122.0045,0.15737245363638105
6,15,MLP,6,8,1,1,123.0113,0.10187073367499341
6,15,MLP,6,8,1,1,124.0041,0.1155643140797789
6,15,MLP,6,8,1,1,125.0098,0.12486372193996854
6,15,MLP,6,8,1,1,126.0048,0.09849688262458989
6,15,MLP,6,8,1,1,127.0095,0.0999412079586556
6,15,MLP,6,8,1,1,128.0036,0.08697653089416967
6,15,MLP,6,8,1,1,129.009,0.08339330485458445
6,15,MLP,6,8,1,1,130.0039,0.08267419346537942
6,15,MLP,6,8,1,1,131.0088,0.08220415166899452
6,15,MLP,6,8,1,1,132.0122,0.08114975238019617
6,15,MLP,6,8,1,1,133.0076,0.0888411676385013
6,15,MLP,6,8,1,1,134.0139,0.09015341430092319
6,15,MLP,6,8,1,1,135.0082,0.08323339769216573
6,15,MLP,6,8,1,1,136.0131,0.08906507956413713
6,15,MLP,6,8,1,1,137.0078,0.09281276273412281
6,15,MLP,6,8,1,1,138.013,0.09269211418407232
6,15,MLP,6,8,1,1,139.0039,0.09549280010553197
6,15,MLP,6,8,1,1,140.0123,0.10253619153085962
6,15,MLP,6,8,1,1,141.0059,0.0989976726424442
6,15,MLP,6,8,1,1,142.0129,0.08802443122099432
6,15,MLP,6,8,1,1,143.0045,0.10063296971589765
6,15,MLP,6,8,1,1,144.0114,0.13997596055832956
6,15,MLP,6,8,1,1,145.0053,0.07889679635229847
6,15,MLP,6,8,1,1,146.01,0.10246878198298548
6,15,MLP,6,8,1,1,147.0052,0.1214371217507741
6,15,MLP,6,8,1,1,148.0087,0.12698600058048165
6,15,MLP,6,8,1,1,149.0129,0.13659998579074678
6,15,MLP,6,8,1,1,150.0087,0.1500651102944342
6,15,MLP,6,8,1,1,151.0138,0.15134904350907255
6,15,MLP,6,8,1,1,152.0095,0.16028730917535264
6,15,MLP,6,8,1,1,153.0142,0.18601624458966726
6,15,MLP,6,8,1,1,154.0081,0.19381319014112838
6,15,MLP,6,8,1,1,155.0137,0.21409899716303968
6,15,MLP,6,8,1,1,156.0075,0.21847919674730143
6,15,MLP,6,8,1,1,157.0126,0.2677194564863106
6,15,MLP,6,8,1,1,158.0068,0.2174437943137174
6,15,MLP,6,8,1,1,159.0132,0.30059849491521035
6,15,MLP,6,8,1,1,160.0063,0.17011802431354464
6,15,MLP,6,8,1,1,161.0108,0.21534874865045142
6,15,MLP,6,8,1,1,162.006,0.17391492257622998
6,15,MLP,6,8,1,1,163.0109,0.23244447976707502
6,15,MLP,6,8,1,1,164.0049,0.22255515942926438
6,15,MLP,6,8,1,1,165.01,0.3319493441057545
6,15,MLP,6,8,1,1,166.0045,0.23704834441774078
6,15,MLP,6,8,1,1,167.0095,0.2288811066594455
6,15,MLP,6,8,1,1,168.0032,0.21261760980802158
6,15,MLP,6,8,1,1,169.0091,0.18020728686829404
6,15,MLP,6,8,1,1,170.0035,0.22440078447612766
6,15,MLP,6,8,1,1,171.0077,0.2287320897183603
6,15,MLP,6,8,1,1,172.0033,0.19712470351001038
6,15,MLP,6,8,1,1,173.0079,0.19950659619687602
6,15,MLP,6,8,1,1,174.0131,0.22630053353961685
6,15,MLP,6,8,1,1,175.0073,0.21909410305426355
6,15,MLP,6,8,1,1,176.0123,0.20976257041404042
6,15,MLP,6,8,1,1,177.0065,0.18026223299591507
6,15,MLP,6,8,1,1,178.0104,0.22688497429791452
6,15,MLP,6,8,1,1,179.0055,0.19717468901998042
6,15,MLP,6,8,1,1,180.0111,0.20348528701989554
6,15,MLP,6,8,1,1,181.0053,0.20751055231981494
6,15,MLP,6,8,1,1,182.0111,0.18838621235182693
6,15,MLP,6,8,1,1,183.0054,0.16907460589906004
6,15,MLP,6,8,1,1,184.0106,0.2135855292902331
6,15,MLP,6,8,1,1,185.0048,0.2030921859444426
6,15,MLP,6,8,1,1,186.01,0.18297778107010693
6,15,MLP,6,8,1,1,187.0047,0.20653537328783447
6,15,MLP,6,8,1,1,188.0081,0.19757916156905303
6,15,MLP,6,8,1,1,189.0033,0.20749107424584748
6,15,MLP,6,8,1,1,190.0063,0.23581608786833438
6,15,MLP,6,8,1,1,191.0028,0.22339016908860815
6,15,MLP,6,8,1,1,192.0089,0.1840311830835074
6,15,MLP,6,8,1,1,193.0028,0.25905728383123133
6,15,MLP,6,8,1,1,194.0075,0.2647340492013523
6,15,MLP,6,8,1,1,195.0103,0.23678004264516392
6,15,MLP,6,8,1,1,196.0071,0.2820045269433319
6,15,MLP,6,8,1,1,197.013,0.23258770693599828
6,15,MLP,6,8,1,1,198.0058,0.3021159070860096
6,15,MLP,6,8,1,1,199.0128,0.3705716556945607
6,15,MLP,6,8,1,1,200.0057,0.32704096602893806
6,15,MLP,6,8,1,1,201.0118,0.3537900822404317
6,15,MLP,6,8,1,1,202.0059,0.1957706798616721
6,15,MLP,6,8,1,1,203.0114,0.4641649911158755
6,15,MLP,6,8,1,1,204.0047,0.29399841548620653
6,15,MLP,6,8,1,1,205.0115,0.3476435050411289
6,15,MLP,6,8,1,1,206.0058,0.3257593520093246
6,15,MLP,6,8,1,1,207.0091,0.35536712122345404
6,15,MLP,6,8,1,1,208.0048,0.34304602709414067
6,15,MLP,6,8,1,1,209.0109,0.3344423079360515
6,15,MLP,6,8,1,1,210.0142,0.3583515651295534
6,15,MLP,6,8,1,1,211.0105,0.36848451499397983
6,15,MLP,6,8,1,1,212.0143,0.3811914233000347
6,15,MLP,6,8,1,1,213.0075,0.36707634887239704
6,15,MLP,6,8,1,1,214.0034,0.34995306352738
6,15,MLP,6,8,1,1,215.0077,0.3065159706195041
6,15,MLP,6,8,1,1,216.0128,0.36760400047411246
6,15,MLP,6,8,1,1,217.0073,0.3540005660529797
6,15,MLP,6,8,1,1,218.0133,0.41593312809424093
6,15,MLP,6,8,1,1,219.0063,0.31120681378456583
6,15,MLP,6,8,1,1,220.0116,0.37493964308422906
6,15,MLP,6,8,1,1,221.0034,0.33898043459443955
6,15,MLP,6,8,1,1,222.0124,0.31872309659689924
6,15,MLP,6,8,1,1,223.0052,0.3234146508976714
6,15,MLP,6,8,1,1,224.0106,0.32901731576508336
6,15,MLP,6,8,1,1,225.0051,0.30489060055422706
6,15,MLP,6,8,1,1,226.011,0.3433474761214986
6,15,MLP,6,8,1,1,227.0034,0.2843889819970157
6,15,MLP,6,8,1,1,228.0098,0.3066841285830342
6,15,MLP,6,8,1,1,229.0035,0.31055013531949766
6,15,MLP,6,8,1,1,230.0087,0.32879595501295394
6,15,MLP,6,8,1,1,231.003,0.2686733607487389
6,15,MLP,6,8,1,1,232.008,0.3093245626663477
6,15,MLP,6,8,1,1,233.0139,0.3160808180465778
6,15,MLP,6,8,1,1,234.0074,0.3186013687162967
6,15,MLP,6,8,1,1,235.0029,0.3431710935563144
6,15,MLP,6,8,1,1,236.0081,0.33610086880708806
6,15,MLP,6,8,1,1,237.012,0.3847051605853821
6,15,MLP,6,8,1,1,238.0068,0.3595004361717903
6,15,MLP,6,8,1,1,239.0122,0.4110967083669931
6,15,MLP,6,8,1,1,240.0048,0.41309488537507005
6,15,MLP,6,8,1,1,241.0114,0.44647410858165715
6,15,MLP,6,8,1,1,242.0057,0.336467825071924
6,15,MLP,6,8,1,1,243.0114,0.5033016349770398
6,15,MLP,6,8,1,1,244.005,0.44841362718594047
6,15,MLP,6,8,1,1,245.0085,0.5661480595238301
6,15,MLP,6,8,1,1,246.0043,0.42775414877001383
6,15,MLP,6,8,1,1,247.0102,0.5848597440506638
6,15,MLP,6,8,1,1,248.0034,0.5419191836571461
6,15,MLP,6,8,1,1,249.0086,0.6138575035396807
6,15,MLP,6,8,1,1,250.012,0.6332773470851635
6,15,MLP,6,8,1,1,251.0087,0.4737831216152368
6,15,MLP,6,8,1,1,252.0134,0.701299558086249
6,15,MLP,6,8,1,1,253.0077,0.6102537602781767
6,15,MLP,6,8,1,1,254.0119,0.7308449257733786
6,15,MLP,6,8,1,1,255.0081,0.7268041192963131
6,15,MLP,6,8,1,1,256.0134,0.7657890529795339
6,15,MLP,6,8,1,1,257.007,0.788630795427362
6,15,MLP,6,8,1,1,258.0121,0.8092203305684375
6,15,MLP,6,8,1,1,259.007,0.8253944187880665
6,15,MLP,6,8,1,1,260.0117,0.8526249626188425
6,15,MLP,6,8,1,1,261.005,0.8222421611181775
6,15,MLP,6,8,1,1,262.0108,0.8911883012097396
6,15,MLP,6,8,1,1,263.0057,0.8763303083694207
6,15,MLP,6,8,1,1,264.01,0.8775253001082499
6,15,MLP,6,8,1,1,265.0052,0.9000872562771609
6,15,MLP,6,8,1,1,266.0104,0.8987633441780946
6,15,MLP,6,8,1,1,267.0128,0.9105727526456819
6,15,MLP,6,8,1,1,268.0097,0.9172892558184215
6,15,MLP,6,8,1,1,269.0036,0.9212835468187253
6,15,MLP,6,8,1,1,270.0091,0.916613784704495
6,15,MLP,6,8,1,1,271.014,0.9302214780430751
6,15,MLP,6,8,1,1,272.0055,0.8150736405836275
6,15,MLP,6,8,1,1,273.0126,0.798570911830828
6,15,MLP,6,8,1,1,274.0073,0.8328156807861773
6,15,MLP,6,8,1,1,275.0133,0.9091814591885232
6,15,MLP,6,8,1,1,276.007,0.9041835345299903
6,15,MLP,6,8,1,1,277.0134,0.9081135266695186
6,15,MLP,6,8,1,1,278.0072,0.9200744529878958
6,15,MLP,6,8,1,1,279.0129,0.9168408257538812
6,15,MLP,6,8,1,1,280.0068,0.9178079428468046
6,15,MLP,6,8,1,1,281.011,0.9150874088029683
6,15,MLP,6,8,1,1,282.0045,0.9189889021738392
6,15,MLP,6,8,1,1,283.0108,0.896154860952381
6,15,MLP,6,8,1,1,284.0054,0.8905440469788495
6,15,MLP,6,8,1,1,285.0088,0.9008451208942333
6,15,MLP,6,8,1,1,286.004,0.9064319643885748
6,15,MLP,6,8,1,1,287.0099,0.892169124919901
6,15,MLP,6,8,1,1,288.0023,0.873648182253063
6,15,MLP,6,8,1,1,289.0085,0.9013157275757543
6,15,MLP,6,8,1,1,290.0032,0.8837468130883219
6,15,MLP,6,8,1,1,291.007,0.8756850526164617
6,15,MLP,6,8,1,1,292.003,0.8521739801382647
6,15,MLP,6,8,1,1,293.0081,0.8387647032300971
6,15,MLP,6,8,1,1,294.0127,0.8498136749545553
6,15,MLP,6,8,1,1,295.0076,0.8190063180400162
6,15,MLP,6,8,1,1,296.0129,0.8394450027315885
6,15,MLP,6,8,1,1,297.0052,0.7884321642557068
6,15,MLP,6,8,1,1,298.0126,0.7646803571230703
6,15,MLP,6,8,1,1,299.0057,0.7670407718282659
6,15,MLP,6,8,1,1,300.0108,0.7974962768534433
6,15,MLP,6,8,1,1,301.005,0.7839554434613586
6,15,MLP,15,22,0,0,0.0,0.00040530709546438037
6,15,MLP,15,22,0,0,1.000974,0.02353716249305641
6,15,MLP,15,22,0,0,2.003568,0.041045882755796216
6,15,MLP,15,22,0,0,2.999172,0.05522442302340952
6,15,MLP,15,22,0,0,4.004295,0.02182284065862938
6,15,MLP,15,22,0,0,4.999187,0.05039673719051146
6,15,MLP,15,22,0,0,6.004433,0.04702642501733972
6,15,MLP,15,22,0,0,7.008282,0.05028827395667647
6,15,MLP,15,22,0,0,8.002911,0.036910214525108356
6,15,MLP,15,22,0,0,9.006618,0.04182132998869261
6,15,MLP,15,22,0,0,10.00285,0.03620873262234184
6,15,MLP,15,22,0,0,11.00888,0.06487591026084816
6,15,MLP,15,22,0,0,12.00174,0.06365048034240045
6,15,MLP,15,22,0,0,13.00911,0.06342044943962767
6,15,MLP,15,22,0,0,14.00245,0.06454860206215397
6,15,MLP,15,22,0,0,15.00674,0.06752028743379744
6,15,MLP,15,22,0,0,16.0,0.04395670155885166
6,15,MLP,15,22,0,0,17.00529,0.027555173561780506
6,15,MLP,15,22,0,0,18.00072,0.059219813578080364
6,15,MLP,15,22,0,0,19.00576,0.030358859988539405
6,15,MLP,15,22,0,0,20.00023,0.010910788775346866
6,15,MLP,15,22,0,0,21.00535,0.052907208016234705
6,15,MLP,15,22,0,0,21.99837,0.04927966145240616
6,15,MLP,15,22,0,0,23.00469,0.06030423568855921
6,15,MLP,15,22,0,0,23.99946,0.048589697284134536
6,15,MLP,15,22,0,0,25.00485,0.06874927274669979
6,15,MLP,15,22,1,1,25.99836,0.04464590397574943
6,15,MLP,15,22,1,1,27.00395,0.051379032904885706
6,15,MLP,15,22,1,1,28.00946,0.037523394219399674
6,15,MLP,15,22,1,1,29.00419,0.06054321771691288
6,15,MLP,15,22,1,1,30.00806,0.06566949508922572
6,15,MLP,15,22,1,1,31.00277,0.07410318235550525
6,15,MLP,15,22,1,1,32.00785,0.052796646343089566
6,15,MLP,15,22,1,1,33.00269,0.07222784300268612
6,15,MLP,15,22,1,1,34.00766,0.04482334193181316
6,15,MLP,15,22,1,1,35.00272,0.0654444566196769
6,15,MLP,15,22,1,1,36.00747,0.06879457539413478
6,15,MLP,15,22,1,1,36.9996,0.06864172267526764
6,15,MLP,15,22,1,1,38.00627,0.05096734091621566
6,15,MLP,15,22,1,1,38.99976,0.07360722146775948
6,15,MLP,15,22,1,1,40.00533,0.06965277067009316
6,15,MLP,15,22,1,1,40.99976,0.08314052166219334
6,15,MLP,15,22,1,1,42.00514,0.0875578969027234
6,15,MLP,15,22,1,1,42.99894,0.07588771560072875
6,15,MLP,15,22,1,1,44.00431,0.09739117139116264
6,15,MLP,15,22,1,1,44.99878,0.10154321612138906
6,15,MLP,15,22,1,1,46.00489,0.05999871716481872
6,15,MLP,15,22,1,1,47.0092,0.043606017581187116
6,15,MLP,15,22,1,1,48.00323,0.06975417524342505
6,15,MLP,15,22,1,1,49.00968,0.1132761616129868
6,15,MLP,15,22,1,1,50.0032,0.13729153877298408
6,15,MLP,15,22,1,1,51.00922,0.11047296382682965
6,15,MLP,15,22,1,1,52.0018,0.1397988081761234
6,15,MLP,15,22,1,1,53.0089,0.14870571424080886
6,15,MLP,15,22,1,1,54.00255,0.13839005480307184
6,15,MLP,15,22,1,1,55.00832,0.13913302402143235
6,15,MLP,15,22,1,1,56.00201,0.25013939145886277
6,15,MLP,15,22,1,1,57.00761,0.15509336345167168
6,15,MLP,15,22,1,1,57.99846,0.14384230593611808
6,15,MLP,15,22,1,1,59.00563,0.17442280939887284
6,15,MLP,15,22,1,1,60.0009,0.13894168285618613
6,15,MLP,15,22,1,1,61.00551,0.12985524365995138
6,15,MLP,15,22,1,1,61.99966,0.10433929156465692
6,15,MLP,15,22,1,1,63.0064,0.1457929893595595
6,15,MLP,15,22,1,1,63.99938,0.13756226700891802
6,15,MLP,15,22,1,1,65.00513,0.17292099419626122
6,15,MLP,15,22,1,1,65.9985,0.12020743326876462
6,15,MLP,15,22,1,1,67.00328,0.15110690455544196
6,15,MLP,15,22,1,1,68.00936,0.16242203442732103
6,15,MLP,15,22,1,1,69.00479,0.14636074730613896
6,15,MLP,15,22,1,1,70.00838,0.139376584620495
6,15,MLP,15,22,1,1,71.00202,0.17299000927813013
6,15,MLP,15,22,1,1,72.00929,0.16477400518982044
6,15,MLP,15,22,1,1,73.00296,0.09275876000948079
6,15,MLP,15,22,1,1,74.00823,0.144163084025784
6,15,MLP,15,22,1,1,75.00237,0.1474181325253715
6,15,MLP,15,22,1,1,76.00737,0.15926461000426903
6,15,MLP,15,22,1,1,77.00177,0.23059866485924096
6,15,MLP,15,22,1,1,78.00689,0.18207920337203595
6,15,MLP,15,22,1,1,79.00884,0.14050501329684625
6,15,MLP,15,22,1,1,80.00656,0.08357821850125594
6,15,MLP,15,22,1,1,80.99937,0.11405294390099109
6,15,MLP,15,22,1,1,82.00517,0.10060778361289004
6,15,MLP,15,22,1,1,82.99969,0.12833142331234124
6,15,MLP,15,22,1,1,84.00191,0.13003922026116058
6,15,MLP,15,22,1,1,84.99885,0.10321002637573917
6,15,MLP,15,22,1,1,86.0044,0.09072555427977007
6,15,MLP,15,22,1,1,86.99889,0.09805947296270404
6,15,MLP,15,22,1,1,88.00349,0.10816146035599886
6,15,MLP,15,22,1,1,89.00752,0.09942654893041301
6,15,MLP,15,22,1,1,90.00366,0.11712423419150297
6,15,MLP,15,22,1,1,91.008,0.1008004829749189
6,15,MLP,15,22,1,1,92.0039,0.12483073553592572
6,15,MLP,15,22,1,1,93.00881,0.06421350817388165
6,15,MLP,15,22,1,1,94.0022,0.09503386272036828
6,15,MLP,15,22,1,1,95.00798,0.12127336060668496
6,15,MLP,15,22,1,1,96.00266,0.11474585261185588
6,15,MLP,15,22,1,1,97.00711,0.12313861920851901
6,15,MLP,15,22,1,1,98.00116,0.11845533774148401
6,15,MLP,15,22,1,1,99.00732,0.12483567286704467
6,15,MLP,15,22,1,1,100.0006,0.1147881561290101
6,15,MLP,15,22,1,1,101.0059,0.18266112864280754
6,15,MLP,15,22,1,1,101.9992,0.04983619859054662
6,15,MLP,15,22,1,1,103.0059,0.09889182016976919
6,15,MLP,15,22,1,1,103.9993,0.0993238251504682
6,15,MLP,15,22,1,1,105.0047,0.1276909362788564
6,15,MLP,15,22,1,1,105.9986,0.09210688359166777
6,15,MLP,15,22,1,1,107.0035,0.08634161110070457
6,15,MLP,15,22,1,1,107.9985,0.08253022110560133
6,15,MLP,15,22,1,1,109.0031,0.08396656561770856
6,15,MLP,15,22,1,1,110.0076,0.117271148131107
6,15,MLP,15,22,1,1,111.0022,0.10769301889644461
6,15,MLP,15,22,1,1,112.008,0.08874671417633828
6,15,MLP,15,22,1,1,113.0031,0.08594982717181578
6,15,MLP,15,22,1,1,114.0076,0.08749645559676117
6,15,MLP,15,22,1,1,114.9989,0.10353039035075183
6,15,MLP,15,22,1,1,116.0066,0.09308201287198607
6,15,MLP,15,22,1,1,117.0013,0.09060793715669568
6,15,MLP,15,22,1,1,118.0067,0.0892565811902413
6,15,MLP,15,22,1,1,119.0003,0.1005933091644585
6,15,MLP,15,22,1,1,120.0045,0.09760724433471062
6,15,MLP,15,22,1,1,121.0003,0.08908823793315872
6,15,MLP,15,22,1,1,122.0044,0.11331743219511008
6,15,MLP,15,22,1,1,122.9991,0.10371923621667777
6,15,MLP,15,22,1,1,124.0044,0.13387631817683668
6,15,MLP,15,22,1,1,124.9989,0.1118430147844175
6,15,MLP,15,22,1,1,126.0041,0.12609331312269842
6,15,MLP,15,22,1,1,127.0092,0.12375292479688242
6,15,MLP,15,22,1,1,128.0039,0.11807430681756509
6,15,MLP,15,22,1,1,129.0084,0.13954914629158324
6,15,MLP,15,22,1,1,130.0032,0.11414090366106913
6,15,MLP,15,22,1,1,131.0085,0.1998563423231055
6,15,MLP,15,22,1,1,132.0024,0.05483517771395019
6,15,MLP,15,22,1,1,133.0067,0.09957896343267084
6,15,MLP,15,22,1,1,134.0019,0.11651575157809364
6,15,MLP,15,22,1,1,135.0055,0.09795975325493031
6,15,MLP,15,22,1,1,136.001,0.09867584281094577
6,15,MLP,15,22,1,1,137.007,0.1053331907893265
6,15,MLP,15,22,1,1,138.0008,0.09806911236745176
6,15,MLP,15,22,1,1,139.0064,0.10658448942910016
6,15,MLP,15,22,1,1,140.0006,0.09874999137890181
6,15,MLP,15,22,1,1,141.0053,0.12077115589568171
6,15,MLP,15,22,1,1,141.9996,0.11196664499873801
6,15,MLP,15,22,1,1,143.0043,0.10662797280084887
6,15,MLP,15,22,1,1,143.9991,0.12204537377254768
6,15,MLP,15,22,1,1,145.0036,0.14662809067734944
6,15,MLP,15,22,1,1,146.009,0.11412114086232014
6,15,MLP,15,22,1,1,147.0034,0.11418643936337566
6,15,MLP,15,22,1,1,148.0084,0.1313336742294718
6,15,MLP,15,22,1,1,149.0029,0.1367811976648774
6,15,MLP,15,22,1,1,150.0071,0.14667736614119645
6,15,MLP,15,22,1,1,151.0033,0.1355703212525849
6,15,MLP,15,22,1,1,152.0067,0.11971247372651948
6,15,MLP,15,22,1,1,153.0012,0.16438882499718996
6,15,MLP,15,22,1,1,154.0069,0.18066890970751512
6,15,MLP,15,22,1,1,155.0018,0.27721171884322726
6,15,MLP,15,22,1,1,156.005,0.1304116210801963
6,15,MLP,15,22,1,1,157.0015,0.10504078844864255
6,15,MLP,15,22,1,1,158.0064,0.13859595838709748
6,15,MLP,15,22,1,1,158.9998,0.09740491100557824
6,15,MLP,15,22,1,1,160.0075,0.10824249662161155
6,15,MLP,15,22,1,1,160.9989,0.11484455517722088
6,15,MLP,15,22,1,1,162.0055,0.11936020132251646
6,15,MLP,15,22,1,1,162.9993,0.11337362587728893
6,15,MLP,15,22,1,1,164.0038,0.09258098552887914
6,15,MLP,15,22,1,1,165.009,0.11177844618379361
6,15,MLP,15,22,1,1,166.0014,0.06366669305058847
6,15,MLP,15,22,1,1,167.0084,0.12677604194010092
6,15,MLP,15,22,1,1,168.0029,0.11073592091108754
6,15,MLP,15,22,1,1,168.9988,0.09924791760652778
6,15,MLP,15,22,1,1,170.0026,0.10075484817144692
6,15,MLP,15,22,1,1,171.0087,0.10161150464324037
6,15,MLP,15,22,1,1,172.002,0.11284702826069315
6,15,MLP,15,22,1,1,173.0081,0.0821741158559196
6,15,MLP,15,22,1,1,174.0015,0.04213747982360259
6,15,MLP,15,22,1,1,175.0074,0.12601986977095872
6,15,MLP,15,22,1,1,176.0012,0.09911018847809726
6,15,MLP,15,22,1,1,177.0057,0.14407351291868958
6,15,MLP,15,22,1,1,178.0003,0.0727476350524207
6,15,MLP,15,22,1,1,179.0055,0.103708668764286
6,15,MLP,15,22,1,1,180.0004,0.10496046219519471
6,15,MLP,15,22,1,1,181.0063,0.08465402575117058
6,15,MLP,15,22,1,1,181.9992,0.07359707751200331
6,15,MLP,15,22,1,1,183.0047,0.11754920057271964
6,15,MLP,15,22,1,1,183.9991,0.04615647160907644
6,15,MLP,15,22,1,1,185.0039,0.08861850355073883
6,15,MLP,15,22,1,1,185.9996,0.08008341013582547
6,15,MLP,15,22,1,1,187.0029,0.07748155288802493
6,15,MLP,15,22,1,1,188.0091,0.08561824824468958
6,15,MLP,15,22,1,1,189.0034,0.09061065661491179
6,15,MLP,15,22,1,1,190.0086,0.11603763181449943
6,15,MLP,15,22,1,1,191.0028,0.09131409540019643
6,15,MLP,15,22,1,1,192.0077,0.09739247976167782
6,15,MLP,15,22,1,1,193.0021,0.08326046465954212
6,15,MLP,15,22,1,1,194.0079,0.11442034655540062
6,15,MLP,15,22,1,1,195.0012,0.11624573626658076
6,15,MLP,15,22,1,1,196.0064,0.132986201499843
6,15,MLP,15,22,1,1,197.0011,0.15910895301206496
6,15,MLP,15,22,1,1,198.0061,0.15736278099500897
6,15,MLP,15,22,1,1,199.0004,0.1251363478093347
6,15,MLP,15,22,1,1,200.0061,0.1651830552427713
6,15,MLP,15,22,1,1,200.9999,0.11259592485837173
6,15,MLP,15,22,1,1,202.0023,0.2107685443122328
6,15,MLP,15,22,1,1,202.9989,0.20641842026984628
6,15,MLP,15,22,1,1,204.004,0.22987936576244503
6,15,MLP,15,22,1,1,204.9987,0.22313886470562255
6,15,MLP,15,22,1,1,206.0042,0.18397775728011015
6,15,MLP,15,22,1,1,207.0072,0.2529535966721583
6,15,MLP,15,22,1,1,208.0036,0.32368865491273113
6,15,MLP,15,22,1,1,208.9984,0.3542705750532142
6,15,MLP,15,22,1,1,210.0027,0.3874440184227066
6,15,MLP,15,22,1,1,211.0065,0.43244842435802244
6,15,MLP,15,22,1,1,212.0023,0.46170178655272104
6,15,MLP,15,22,1,1,213.0079,0.2901215284635354
6,15,MLP,15,22,1,1,214.0013,0.2761662840428109
6,15,MLP,15,22,1,1,215.0067,0.29574800607839663
6,15,MLP,15,22,1,1,216.0005,0.2324928783577222
6,15,MLP,15,22,1,1,217.0071,0.29634749743745226
6,15,MLP,15,22,1,1,217.9998,0.2996945997102041
6,15,MLP,15,22,1,1,219.0065,0.35763763749282856
6,15,MLP,15,22,1,1,220.0002,0.3137465553691782
6,15,MLP,15,22,1,1,221.005,0.2925576229772657
6,15,MLP,15,22,1,1,221.9992,0.2959373898010322
6,15,MLP,15,22,1,1,223.004,0.3461410071157062
6,15,MLP,15,22,1,1,223.9989,0.33461905701568156
6,15,MLP,15,22,1,1,225.0036,0.33832400083202213
6,15,MLP,15,22,1,1,225.9981,0.3622170700846462
6,15,MLP,15,22,1,1,227.003,0.3490446839075211
6,15,MLP,15,22,1,1,227.9983,0.36822988866504175
6,15,MLP,15,22,1,1,229.0027,0.34723352109462646
6,15,MLP,15,22,1,1,230.0077,0.31903818243613385
6,15,MLP,15,22,1,1,231.0015,0.35169716023830566
6,15,MLP,15,22,1,1,232.0083,0.3741706471811707
6,15,MLP,15,22,1,1,232.9994,0.3711631453856154
6,15,MLP,15,22,1,1,234.0069,0.28294077251416855
6,15,MLP,15,22,1,1,235.0008,0.22147737646565543
6,15,MLP,15,22,1,1,236.0067,0.29843949917292817
6,15,MLP,15,22,1,1,237.0007,0.4093838868288258
6,15,MLP,15,22,1,1,238.0053,0.3346113126705277
6,15,MLP,15,22,1,1,238.9998,0.40432451174106504
6,15,MLP,15,22,1,1,240.0057,0.314454433978763
6,15,MLP,15,22,1,1,240.9991,0.41793559763528865
6,15,MLP,15,22,1,1,242.0057,0.33714192164898715
6,15,MLP,15,22,1,1,242.9979,0.41720919057111694
6,15,MLP,15,22,1,1,244.0028,0.470135582269196
6,15,MLP,15,22,1,1,244.9987,0.3816420176652446
6,15,MLP,15,22,1,1,246.0038,0.17370801723474355
6,15,MLP,15,22,1,1,247.0082,0.32292968827727914
6,15,MLP,15,22,1,1,248.0007,0.3575891253071622
6,15,MLP,15,22,1,1,249.0081,0.2630183212484011
6,15,MLP,15,22,1,1,250.0022,0.36380109695812274
6,15,MLP,15,22,1,1,250.9977,0.40287461128884394
6,15,MLP,15,22,1,1,252.0028,0.32555416267352005
6,15,MLP,15,22,1,1,253.0074,0.2421007155341386
6,15,MLP,15,22,1,1,254.0015,0.3565936587683923
6,15,MLP,15,22,1,1,255.0057,0.39452702231825443
6,15,MLP,15,22,1,1,256.0016,0.38452911865105976
6,15,MLP,15,22,1,1,257.0052,0.4388409352507712
6,15,MLP,15,22,1,1,257.9996,0.38643092600855977
6,15,MLP,15,22,1,1,259.0047,0.43680397448828473
6,15,MLP,15,22,1,1,260.0,0.40196375818616653
6,15,MLP,15,22,1,1,261.0054,0.31714870504412535
6,15,MLP,15,22,1,1,261.9995,0.28581766874466574
6,15,MLP,15,22,1,1,263.005,0.4362109585319853
6,15,MLP,15,22,1,1,264.0086,0.3439821843664274
6,15,MLP,15,22,1,1,265.0041,0.3708203270760217
6,15,MLP,15,22,1,1,265.9979,0.3209090163755099
6,15,MLP,15,22,1,1,267.0028,0.428250390062255
6,15,MLP,15,22,1,1,267.9983,0.372684708908781
6,15,MLP,15,22,1,1,269.0023,0.4397606718839711
6,15,MLP,15,22,1,1,270.0084,0.4519074702571235
6,15,MLP,15,22,1,1,271.0029,0.4538039719875785
6,15,MLP,15,22,1,1,272.0079,0.4940188631165644
6,15,MLP,15,22,1,1,273.0007,0.4029166433189318
6,15,MLP,15,22,1,1,274.007,0.4955859499490915
6,15,MLP,15,22,1,1,275.002,0.4411012042467509
6,15,MLP,15,22,1,1,276.0071,0.527442724985642
6,15,MLP,15,22,1,1,276.9994,0.5053907053504849
6,15,MLP,15,22,1,1,278.0064,0.6090063475629592
6,15,MLP,15,22,1,1,278.9993,0.5014827225495231
6,15,MLP,15,22,1,1,280.0048,0.48646525884838393
6,15,MLP,15,22,1,1,280.9991,0.5546809163659496
6,15,MLP,15,22,1,1,282.0041,0.5287593938103358
6,15,MLP,15,22,1,1,282.9991,0.3768343991693508
6,15,MLP,15,22,1,1,284.0046,0.5375101968161168
6,15,MLP,15,22,1,1,284.9987,0.33088472420585063
6,15,MLP,15,22,1,1,286.0029,0.48340979234458337
6,15,MLP,15,22,1,1,286.9979,0.5561166436361
6,15,MLP,15,22,1,1,288.0019,0.4727480688561717
6,15,MLP,15,22,1,1,289.0057,0.5668620455567912
6,15,MLP,15,22,1,1,290.0014,0.3524625166313698
6,15,MLP,15,22,1,1,291.0084,0.3939503766798871
6,15,MLP,15,22,1,1,292.0014,0.4648678046605146
6,15,MLP,15,22,1,1,293.0075,0.5662879422458278
6,15,MLP,15,22,1,1,293.9986,0.49384225275466687
6,15,MLP,15,22,1,1,295.0063,0.5359378463837078
6,15,MLP,15,22,1,1,296.0003,0.5289730443475165
6,15,MLP,15,22,1,1,297.0054,0.45803025715654827
6,15,MLP,15,22,1,1,298.001,0.5364428885179631
6,15,MLP,15,22,1,1,299.0046,0.44548215983727696
6,15,MLP,15,22,1,1,299.9992,0.44891898895314813
6,15,MLP,15,22,1,1,301.0032,0.5378489249158057
6,15,MLP,15,22,1,1,301.9981,0.5704433666834834
6,15,MLP,6,29,0,0,0.0112192,5.045833556246738e-10
6,15,MLP,6,29,0,0,1.011824,9.395839773787547e-10
6,15,MLP,6,29,0,0,2.016775,1.476822538355179e-06
6,15,MLP,6,29,0,0,3.01134,2.9548459168977386e-06
6,15,MLP,6,29,0,0,4.016446,4.190915673074206e-06
6,15,MLP,6,29,0,0,5.010691,8.586657480935371e-06
6,15,MLP,6,29,0,0,6.014781,1.551550177205447e-05
6,15,MLP,6,29,0,0,7.021184,2.822790177709135e-05
6,15,MLP,6,29,0,0,8.014297,5.372502850770599e-05
6,15,MLP,6,29,0,0,9.017834,9.924568327009459e-05
6,15,MLP,6,29,0,0,10.0143,0.00012819740119366667
6,15,MLP,6,29,0,0,11.0198,0.00017826193201478252
6,15,MLP,6,29,0,0,12.01373,0.00021749664880854565
6,15,MLP,6,29,0,0,13.01924,0.00028312696093952
6,15,MLP,6,29,0,0,14.01323,0.00035156668551692295
6,15,MLP,6,29,0,0,15.01874,0.000449418773869544
6,15,MLP,6,29,0,0,16.02178,0.0005238855555628353
6,15,MLP,6,29,0,0,17.0179,0.0006050266209628491
6,15,MLP,6,29,0,0,18.01236,0.0007191108616440859
6,15,MLP,6,29,0,0,19.01663,0.0007078192063175423
6,15,MLP,6,29,0,0,20.01117,0.0009534107537502812
6,15,MLP,6,29,0,0,21.01589,0.000977656668090072
6,15,MLP,6,29,0,0,22.01227,0.0011904942000412208
6,15,MLP,6,29,0,0,23.01739,0.0014237949047168964
6,15,MLP,6,29,0,0,24.01122,0.0015262987161294322
6,15,MLP,6,29,0,0,25.01702,0.0014863714683714
6,15,MLP,6,29,0,0,26.0217,0.0017790680927057911
6,15,MLP,6,29,0,0,27.01569,0.0020233126148742338
6,15,MLP,6,29,0,0,28.02129,0.0021356649134403344
6,15,MLP,6,29,0,0,29.01555,0.0024492662931373923
6,15,MLP,6,29,0,0,30.01976,0.007756548230603586
6,15,MLP,6,29,0,0,31.01329,0.011927486414068069
6,15,MLP,6,29,0,0,32.02007,0.011966109816848152
6,15,MLP,6,29,0,0,33.01092,0.00775105021733076
6,15,MLP,6,29,0,0,34.01912,0.016180729330247265
6,15,MLP,6,29,0,0,35.01377,0.013301741253803739
6,15,MLP,6,29,0,0,36.01718,0.039334045044783515
6,15,MLP,6,29,0,0,37.01274,0.014640204978021239
6,15,MLP,6,29,0,0,38.01831,0.014625871249650028
6,15,MLP,6,29,0,0,39.01217,0.029077969464422072
6,15,MLP,6,29,0,0,40.01754,0.01923992300693167
6,15,MLP,6,29,0,0,41.01052,0.014580816283118159
6,15,MLP,6,29,0,0,42.01724,0.024117993959083404
6,15,MLP,6,29,0,0,43.02027,0.023806317386506962
6,15,MLP,6,29,0,0,44.01577,0.029393718385330104
6,15,MLP,6,29,0,0,45.02153,0.017386409955744038
6,15,MLP,6,29,0,0,46.01505,0.023232110334038235
6,15,MLP,6,29,0,0,47.02,0.025063075164430012
6,15,MLP,6,29,0,0,48.01451,0.022502261840466515
6,15,MLP,6,29,0,0,49.02043,0.023592764803239828
6,15,MLP,6,29,0,0,50.01405,0.02645895518345454
6,15,MLP,6,29,0,0,51.02033,0.02398343050434547
6,15,MLP,6,29,0,0,52.01211,0.03786882847547139
6,15,MLP,6,29,0,0,53.01879,0.02736282029320505
6,15,MLP,6,29,0,0,54.01346,0.022819329148851937
6,15,MLP,6,29,0,0,55.01865,0.03994919937392593
6,15,MLP,6,29,0,0,56.0123,0.01871039449914556
6,15,MLP,6,29,0,0,57.01873,0.03217515533936003
6,15,MLP,6,29,0,0,58.01094,0.03389663255055675
6,15,MLP,6,29,0,0,59.01741,0.040393357067421094
6,15,MLP,6,29,0,0,60.01103,0.04053613647374406
6,15,MLP,6,29,0,0,61.01686,0.03612968676793428
6,15,MLP,6,29,0,0,62.02135,0.03265605963082533
6,15,MLP,6,29,0,0,63.01606,0.04341962859384648
6,15,MLP,6,29,0,0,64.01111,0.04912496556760294
6,15,MLP,6,29,0,0,65.01536,0.03867621915291714
6,15,MLP,6,29,0,0,66.01973,0.051093361506874095
6,15,MLP,6,29,0,0,67.01254,0.043917745113756616
6,15,MLP,6,29,0,0,68.02018,0.03145489544133964
6,15,MLP,6,29,0,0,69.01416,0.04728987930563308
6,15,MLP,6,29,0,0,70.02119,0.04358887458493498
6,15,MLP,6,29,0,0,71.01406,0.04373662584000567
6,15,MLP,6,29,0,0,72.01811,0.0576354495634315
6,15,MLP,6,29,0,0,73.01423,0.04809727686024558
6,15,MLP,6,29,0,0,74.01737,0.04124295541184217
6,15,MLP,6,29,0,0,75.01094,0.05376416086142969
6,15,MLP,6,29,0,0,76.0176,0.05706859439242949
6,15,MLP,6,29,0,0,77.02081,0.05807083958874689
6,15,MLP,6,29,0,0,78.01769,0.06571935676516331
6,15,MLP,6,29,0,0,79.01154,0.06270930001608109
6,15,MLP,6,29,0,0,80.01762,0.05601352806240364
6,15,MLP,6,29,0,0,81.01078,0.06408333171391195
6,15,MLP,6,29,0,0,82.01668,0.0656469520416288
6,15,MLP,6,29,0,0,83.01159,0.06490665606379588
6,15,MLP,6,29,0,0,84.0154,0.07556881565241627
6,15,MLP,6,29,0,0,85.0213,0.06693084584776095
6,15,MLP,6,29,0,0,86.01613,0.0797950277515324
6,15,MLP,6,29,0,0,87.02153,0.28017404946953495
6,15,MLP,6,29,0,0,88.01397,0.08918032458777471
6,15,MLP,6,29,0,0,89.02009,0.06089273747302085
6,15,MLP,6,29,0,0,90.0147,0.10363178956981997
6,15,MLP,6,29,0,0,91.01833,0.08265655333479585
6,15,MLP,6,29,0,0,92.01338,0.0691391785551759
6,15,MLP,6,29,0,0,93.01836,0.09157375398772451
6,15,MLP,6,29,0,0,94.01306,0.10097792670120918
6,15,MLP,6,29,0,0,95.01991,0.08481066129235082
6,15,MLP,6,29,0,0,96.01231,0.08431200622994896
6,15,MLP,6,29,0,0,97.01806,0.09906279843966717
6,15,MLP,6,29,0,0,98.01287,0.10215766516639237
6,15,MLP,6,29,0,0,99.0177,0.0891920120376985
6,15,MLP,6,29,0,0,100.0129,0.06762148352937711
6,15,MLP,6,29,0,0,101.0174,0.0933511800202071
6,15,MLP,6,29,0,0,102.012,0.0934585169104468
6,15,MLP,6,29,0,0,103.0166,0.09570999905917553
6,15,MLP,6,29,0,0,104.0114,0.09826829345842134
6,15,MLP,6,29,0,0,105.016,0.0820951595667495
6,15,MLP,6,29,0,0,106.0215,0.08545235325249617
6,15,MLP,6,29,0,0,107.0152,0.10034462209431108
6,15,MLP,6,29,0,0,108.0193,0.10204605321682804
6,15,MLP,6,29,0,0,109.015,0.0917023838746435
6,15,MLP,6,29,0,0,110.0205,0.10110868425026386
6,15,MLP,6,29,0,0,111.0144,0.0860738023072543
6,15,MLP,6,29,0,0,112.0205,0.10204974175492916
6,15,MLP,6,29,0,0,113.0114,0.09831820041487396
6,15,MLP,6,29,0,0,114.0195,0.09525071967619914
6,15,MLP,6,29,0,0,115.0128,0.08025082580286533
6,15,MLP,6,29,0,0,116.0194,0.13417469811798757
6,15,MLP,6,29,0,0,117.0126,0.09176823463276186
6,15,MLP,6,29,0,0,118.0177,0.108004172472035
6,15,MLP,6,29,0,0,119.0121,0.10771762945334938
6,15,MLP,6,29,0,0,120.0173,0.2902791273686624
6,15,MLP,6,29,0,0,121.0209,0.3375815149333334
6,15,MLP,6,29,0,0,122.0168,0.3790296647594574
6,15,MLP,6,29,0,0,123.0214,0.3973875782345361
6,15,MLP,6,29,0,0,124.0167,0.412514358062987
6,15,MLP,6,29,0,0,125.021,0.46203893801331825
6,15,MLP,6,29,0,0,126.0145,0.49996195834137824
6,15,MLP,6,29,0,0,127.0109,0.5308397188809794
6,15,MLP,6,29,0,0,128.0153,0.5489210009510557
6,15,MLP,6,29,0,0,129.0204,0.5467192632916811
6,15,MLP,6,29,0,0,130.0143,0.6528049434857127
6,15,MLP,6,29,0,0,131.0208,0.5327430414157492
6,15,MLP,6,29,0,0,132.0134,0.4797606365365506
6,15,MLP,6,29,0,0,133.019,0.4878270912140949
6,15,MLP,6,29,0,0,134.0134,0.39254097089397455
6,15,MLP,6,29,0,0,135.0182,0.4185081238797558
6,15,MLP,6,29,0,0,136.0138,0.46832243775148424
6,15,MLP,6,29,0,0,137.0193,0.5848275487877501
6,15,MLP,6,29,0,0,138.0129,0.5206231392152867
6,15,MLP,6,29,0,0,139.018,0.4582626861861775
6,15,MLP,6,29,0,0,140.0114,0.5490450821513729
6,15,MLP,6,29,0,0,141.0173,0.5912368855719069
6,15,MLP,6,29,0,0,142.0123,0.45745109131363865
6,15,MLP,6,29,0,0,143.0174,0.5406860098520971
6,15,MLP,6,29,0,0,144.0198,0.4902429178429409
6,15,MLP,6,29,0,0,145.0158,0.5574123988318112
6,15,MLP,6,29,0,0,146.022,0.5361079065472665
6,15,MLP,6,29,0,0,147.0161,0.5670153184409507
6,15,MLP,6,29,0,0,148.0215,0.44064331900015236
6,15,MLP,6,29,0,0,149.0159,0.551029516718518
6,15,MLP,6,29,0,0,150.0214,0.540818985666958
6,15,MLP,6,29,0,0,151.0148,0.4868411233738266
6,15,MLP,6,29,0,0,152.0203,0.395255598013348
6,15,MLP,6,29,0,0,153.015,0.4687589531138932
6,15,MLP,6,29,0,0,154.0197,0.482133224585183
6,15,MLP,6,29,0,0,155.0137,0.42347655896480557
6,15,MLP,6,29,0,0,156.0195,0.44238979907462683
6,15,MLP,6,29,0,0,157.0139,0.37923207807699544
6,15,MLP,6,29,0,0,158.0179,0.4118151990143921
6,15,MLP,6,29,0,0,159.0134,0.32728809323193686
6,15,MLP,6,29,0,0,160.0171,0.34966522038522874
6,15,MLP,6,29,0,0,161.0113,0.27142958405533685
6,15,MLP,6,29,0,0,162.0164,0.3513747641815501
6,15,MLP,6,29,0,0,163.022,0.38422085858974997
6,15,MLP,6,29,0,0,164.0161,0.4447393001635457
6,15,MLP,6,29,0,0,165.022,0.41555679101406695
6,15,MLP,6,29,0,0,166.0165,0.44664369623171873
6,15,MLP,6,29,0,0,167.0112,0.4683066207513176
6,15,MLP,6,29,0,0,168.0158,0.3946496661517501
6,15,MLP,6,29,0,0,169.0202,0.5027998565936964
6,15,MLP,6,29,0,0,170.0141,0.41630086540069694
6,15,MLP,6,29,0,0,171.0207,0.4746812743758033
6,15,MLP,6,29,0,0,172.0139,0.395782152445927
6,15,MLP,6,29,0,0,173.0192,0.5739251162070337
6,15,MLP,6,29,0,0,174.013,0.4407583055646029
6,15,MLP,6,29,0,0,175.0175,0.6310804813394366
6,15,MLP,6,29,0,0,176.0135,0.5653390906946355
6,15,MLP,6,29,0,0,177.0181,0.6352817951100828
6,15,MLP,6,29,0,0,178.0124,0.6576511222811572
6,15,MLP,6,29,0,0,179.0186,0.7036119586795955
6,15,MLP,6,29,0,0,180.0117,0.7362670660977232
6,15,MLP,6,29,0,0,181.0171,0.7576463707147078
6,15,MLP,6,29,0,0,182.0113,0.7290520513332841
6,15,MLP,6,29,0,0,183.0171,0.7034621776877032
6,15,MLP,6,29,0,0,184.0217,0.8177412402939745
6,15,MLP,6,29,0,0,185.0134,0.8168664168934708
6,15,MLP,6,29,0,0,186.0216,0.8254613471057483
6,15,MLP,6,29,0,0,187.0153,0.7312996728050046
6,15,MLP,6,29,0,0,188.0214,0.7322891568135982
6,15,MLP,6,29,0,0,189.0154,0.6368046388531484
6,15,MLP,6,29,0,0,190.0175,0.49895455049608467
6,15,MLP,6,29,0,0,191.0144,0.714878427662506
6,15,MLP,6,29,0,0,192.0198,0.7727949569782488
6,15,MLP,6,29,0,0,193.0143,0.6242349348718568
6,15,MLP,6,29,0,0,194.0198,0.7501845763218375
6,15,MLP,6,29,0,0,195.0145,0.6727015466303762
6,15,MLP,6,29,0,0,196.0186,0.5341653911559373
6,15,MLP,6,29,0,0,197.0138,0.7188598430222203
6,15,MLP,6,29,0,0,198.0177,0.7316983631322931
6,15,MLP,6,29,0,0,199.0128,0.755856177772879
6,15,MLP,6,29,0,0,200.015,0.7286172322575035
6,15,MLP,6,29,0,0,201.0131,0.6657107039619432
6,15,MLP,6,29,0,0,202.0175,0.745738844505042
6,15,MLP,6,29,0,0,203.0224,0.7650771180870797
6,15,MLP,6,29,0,0,204.0173,0.7469674570998714
6,15,MLP,6,29,0,0,205.0222,0.7301502275915668
6,15,MLP,6,29,0,0,206.0159,0.6341161346050666
6,15,MLP,6,29,0,0,207.0197,0.6941776006458628
6,15,MLP,6,29,0,0,208.0167,0.6807072658024611
6,15,MLP,6,29,0,0,209.0206,0.5901649563420259
6,15,MLP,6,29,0,0,210.0151,0.6357077025563672
6,15,MLP,6,29,0,0,211.0197,0.6663288302411899
6,15,MLP,6,29,0,0,212.0139,0.6136238072160629
6,15,MLP,6,29,0,0,213.0196,0.5627826188567455
6,15,MLP,6,29,0,0,214.0141,0.5808202510038593
6,15,MLP,6,29,0,0,215.0178,0.5389870066414008
6,15,MLP,6,29,0,0,216.012,0.5542753750460457
6,15,MLP,6,29,0,0,217.0189,0.46604336207488045
6,15,MLP,6,29,0,0,218.0127,0.4255799506060123
6,15,MLP,6,29,0,0,219.0185,0.49395617416549525
6,15,MLP,6,29,0,0,220.0132,0.474019163668462
6,15,MLP,6,29,0,0,221.0173,0.5786012608394584
6,15,MLP,6,29,0,0,222.0124,0.5389828784369595
6,15,MLP,6,29,0,0,223.017,0.520758198474076
6,15,MLP,6,29,0,0,224.0219,0.5355092712703616
6,15,MLP,6,29,0,0,225.0162,0.5172201696296991
6,15,MLP,6,29,0,0,226.0217,0.496592922936338
6,15,MLP,6,29,0,0,227.0157,0.4680439222205088
6,15,MLP,6,29,0,0,228.0207,0.4506655060522538
6,15,MLP,6,29,0,0,229.0154,0.49395849741766923
6,15,MLP,6,29,0,0,230.0205,0.4714111599324227
6,15,MLP,6,29,0,0,231.0153,0.530961972383237
6,15,MLP,6,29,0,0,232.0194,0.5580315670154482
6,15,MLP,6,29,0,0,233.0133,0.46611285479313125
6,15,MLP,6,29,0,0,234.0184,0.6001833324155298
6,15,MLP,6,29,0,0,235.0122,0.5820007548706808
6,15,MLP,6,29,0,0,236.0163,0.561690164039321
6,15,MLP,6,29,0,0,237.0122,0.5017967682394399
6,15,MLP,6,29,0,0,238.0178,0.6129595874356759
6,15,MLP,6,29,0,0,239.0128,0.5993120399183366
6,15,MLP,6,29,0,0,240.0172,0.5787786252510229
6,15,MLP,6,29,0,0,241.0219,0.44774752900846326
6,15,MLP,6,29,0,0,242.0162,0.5736788997631016
6,15,MLP,6,29,0,0,243.0118,0.6087502541181723
6,15,MLP,6,29,0,0,244.017,0.6272916645984518
6,15,MLP,6,29,0,0,245.0216,0.6481295497174633
6,15,MLP,6,29,0,0,246.0154,0.624680265744894
6,15,MLP,6,29,0,0,247.0208,0.4809720302706545
6,15,MLP,6,29,0,0,248.0148,0.7145626312982677
6,15,MLP,6,29,0,0,249.0202,0.6292889557123685
6,15,MLP,6,29,0,0,250.0158,0.6029513592808694
6,15,MLP,6,29,0,0,251.0202,0.6592482584932057
6,15,MLP,6,29,0,0,252.0149,0.6614428128793204
6,15,MLP,6,29,0,0,253.0197,0.6813270004933325
6,15,MLP,6,29,0,0,254.0136,0.6259615993579926
6,15,MLP,6,29,0,0,255.0182,0.7035531964881165
6,15,MLP,6,29,0,0,256.0139,0.7000451722043527
6,15,MLP,6,29,0,0,257.0173,0.721178561520327
6,15,MLP,6,29,0,0,258.013,0.7231720974591174
6,15,MLP,6,29,0,0,259.0187,0.7543067452576404
6,15,MLP,6,29,0,0,260.021,0.7858592849829088
6,15,MLP,6,29,0,0,261.0178,0.7961107115439244
6,15,MLP,6,29,0,0,262.0128,0.7613191593132805
6,15,MLP,6,29,0,0,263.0165,0.8201886453462064
6,15,MLP,6,29,0,0,264.022,0.8250657987536091
6,15,MLP,6,29,0,0,265.0162,0.8327057667674715
6,15,MLP,6,29,0,0,266.0201,0.8619151309118295
6,15,MLP,6,29,0,0,267.0135,0.8661337917886706
6,15,MLP,6,29,0,0,268.0216,0.8755236941278789
6,15,MLP,6,29,0,0,269.0137,0.8852689672622706
6,15,MLP,6,29,0,0,270.0212,0.8441900568946515
6,15,MLP,6,29,0,0,271.0142,0.8973301208800442
6,15,MLP,6,29,0,0,272.0176,0.9147944638041401
6,15,MLP,6,29,0,0,273.0138,0.9175142163940566
6,15,MLP,6,29,0,0,274.0176,0.9256156845550162
6,15,MLP,6,29,0,0,275.0136,0.9180165193264549
6,15,MLP,6,29,0,0,276.0194,0.9388423536960324
6,15,MLP,6,29,0,0,277.011,0.9303638189309363
6,15,MLP,6,29,0,0,278.0184,0.9367425997770094
6,15,MLP,6,29,0,0,279.0128,0.9571651024719253
6,15,MLP,6,29,0,0,280.0181,0.954787580238486
6,15,MLP,6,29,0,0,281.0127,0.9621280679320592
6,15,MLP,6,29,0,0,282.0156,0.9619751246595782
6,15,MLP,6,29,0,0,283.0111,0.9591463551413485
6,15,MLP,6,29,0,0,284.0166,0.9696204093337168
6,15,MLP,6,29,0,0,285.0219,0.8167911974437659
6,15,MLP,6,29,0,0,286.016,0.8724126081620776
6,15,MLP,6,29,0,0,287.0216,0.9413174821502464
6,15,MLP,6,29,0,0,288.0144,0.9427757229980623
6,15,MLP,6,29,0,0,289.0197,0.8758566079707698
6,15,MLP,6,29,0,0,290.0124,0.9211724993616583
6,15,MLP,6,29,0,0,291.018,0.950087551456275
6,15,MLP,6,29,0,0,292.0144,0.8344474359729703
6,15,MLP,6,29,0,0,293.0191,0.9332631193440225
6,15,MLP,6,29,0,0,294.0126,0.7863627132604462
6,15,MLP,6,29,0,0,295.0191,0.9469871268158798
6,15,MLP,6,29,0,0,296.0124,0.9395127027820932
6,15,MLP,6,29,0,0,297.0182,0.8417870871198587
6,15,MLP,6,29,0,0,298.0114,0.9335525704153851
6,15,MLP,6,29,0,0,299.0173,0.9238504415513343
6,15,MLP,6,29,0,0,300.0121,0.9546159323811765
6,15,MLP,6,29,0,0,301.018,0.9386888840571097
6,15,Clock,6,8,0,0,0.0111263,0.18526965622210453
6,15,Clock,6,8,0,0,1.012533,0.18676677738807063
6,15,Clock,6,8,0,0,2.006725,0.18826231462246845
6,15,Clock,6,8,0,0,3.011544,0.18978316628961067
6,15,Clock,6,8,0,0,4.002677,0.19129250284605237
6,15,Clock,6,8,0,0,5.009711,0.1928354223138686
6,15,Clock,6,8,0,0,6.004739,0.19436923222807853
6,15,Clock,6,8,0,0,7.009674,0.1959276911557631
6,15,Clock,6,8,0,0,8.003508,0.19747821022497591
6,15,Clock,6,8,0,0,9.006954,0.19905309440183694
6,15,Clock,6,8,0,0,10.00293,0.20062556758452546
6,15,Clock,6,8,0,0,11.00604,0.20221869090740396
6,15,Clock,6,8,1,1,12.00364,0.20381241184312912
6,15,Clock,6,8,1,1,13.00802,0.2054263852671235
6,15,Clock,6,8,1,1,14.00243,0.2070336533366318
6,15,Clock,6,8,1,1,15.00691,0.20866661337985776
6,15,Clock,6,8,1,1,16.01181,0.21030972538195516
6,15,Clock,6,8,1,1,17.00746,0.21194705406471653
6,15,Clock,6,8,1,1,18.01327,0.21361053357430995
6,15,Clock,6,8,1,1,19.00703,0.21526340548387837
6,15,Clock,6,8,1,1,20.01132,0.2169431982742639
6,15,Clock,6,8,1,1,21.00361,0.2186122084567627
6,15,Clock,6,8,1,1,22.01139,0.22031671691671117
6,15,Clock,6,8,1,1,23.00565,0.22200767935885135
6,15,Clock,6,8,1,1,24.01185,0.22372837370313517
6,15,Clock,6,8,1,1,25.00333,0.22543315873283035
6,15,Clock,6,8,1,1,26.01048,0.22717429675217995
6,15,Clock,6,8,1,1,27.0047,0.2289023701255348
6,15,Clock,6,8,1,1,28.00931,0.23065787192391077
6,15,Clock,6,8,1,1,29.00375,0.23240486516242082
6,15,Clock,6,8,1,1,30.00954,0.23418116128498903
6,15,Clock,6,8,1,1,31.00254,0.23594409252212672
6,15,Clock,6,8,1,1,32.00864,0.23773961410046185
6,15,Clock,6,8,1,1,33.0032,0.2395237612276353
6,15,Clock,6,8,1,1,34.00835,0.24133620224587965
6,15,Clock,6,8,1,1,35.01365,0.24315824294445582
6,15,Clock,6,8,1,1,36.00763,0.2449689273823574
6,15,Clock,6,8,1,1,37.01249,0.24680866686375127
6,15,Clock,6,8,1,1,38.00724,0.2486390255000606
6,15,Clock,6,8,1,1,39.01177,0.2504965680140275
6,15,Clock,6,8,1,1,40.00622,0.25234455908111897
6,15,Clock,6,8,1,1,41.01126,0.2542213753403752
6,15,Clock,6,8,1,1,42.00632,0.2560885974254254
6,15,Clock,6,8,1,1,43.01094,0.25798285833752976
6,15,Clock,6,8,1,1,44.00538,0.25986690029310466
6,15,Clock,6,8,1,1,45.00897,0.26177730896695084
6,15,Clock,6,8,1,1,46.00489,0.2636820592171397
6,15,Clock,6,8,1,1,47.00764,0.2656088334332914
6,15,Clock,6,8,1,1,48.00322,0.26753069510353605
6,15,Clock,6,8,1,1,49.0089,0.2694809942749537
6,15,Clock,6,8,1,1,50.00442,0.27142040699861597
6,15,Clock,6,8,1,1,51.00952,0.27338734124612624
6,15,Clock,6,8,1,1,52.00426,0.27534273032922957
6,15,Clock,6,8,1,1,53.00848,0.2773255257134683
6,15,Clock,6,8,1,1,54.00241,0.27929664796149434
6,15,Clock,6,8,1,1,55.00602,0.2812956453165319
6,15,Clock,6,8,1,1,56.01323,0.28331054528878624
6,15,Clock,6,8,1,1,57.00426,0.2853015756311122
6,15,Clock,6,8,1,1,58.01067,0.2873320783424265
6,15,Clock,6,8,1,1,59.0066,0.28934990536480437
6,15,Clock,6,8,1,1,60.01128,0.2913939498079816
6,15,Clock,6,8,1,1,61.00568,0.29342542576450475
6,15,Clock,6,8,1,1,62.01031,0.2954861878011643
6,15,Clock,6,8,1,1,63.005,0.2975348123144104
6,15,Clock,6,8,1,1,64.01,0.2996129637893752
6,15,Clock,6,8,1,1,65.00407,0.301676646667774
6,15,Clock,6,8,1,1,66.01032,0.30377383795395646
6,15,Clock,6,8,1,1,67.00389,0.30585262533435426
6,15,Clock,6,8,1,1,68.00977,0.30796525777453115
6,15,Clock,6,8,1,1,69.00293,0.3100590840256125
6,15,Clock,6,8,1,1,70.00932,0.3121887882178173
6,15,Clock,6,8,1,1,71.00261,0.31429856430459074
6,15,Clock,6,8,1,1,72.00746,0.31644074088855
6,15,Clock,6,8,1,1,73.00294,0.31857063623515
6,15,Clock,6,8,1,1,74.00814,0.32072906580707755
6,15,Clock,6,8,1,1,75.01319,0.3228948604731607
6,15,Clock,6,8,1,1,76.00666,0.3250431932951964
6,15,Clock,6,8,1,1,77.01159,0.32722382096621644
6,15,Clock,6,8,1,1,78.00659,0.32939028931179526
6,15,Clock,6,8,1,1,79.01199,0.331586788489958
6,15,Clock,6,8,1,1,80.0071,0.3337680469186429
6,15,Clock,6,8,1,1,81.01176,0.33597746603982104
6,15,Clock,6,8,1,1,82.00599,0.33817105567649647
6,15,Clock,6,8,1,1,83.01203,0.3403978077758845
6,15,Clock,6,8,1,1,84.00549,0.3426036535205328
6,15,Clock,6,8,1,1,85.01128,0.3448438062939523
6,15,Clock,6,8,1,1,86.00328,0.34706004304428284
6,15,Clock,6,8,1,1,87.01077,0.34931768669502994
6,15,Clock,6,8,1,1,88.00428,0.35155063081506926
6,15,Clock,6,8,1,1,89.00924,0.35381593858158655
6,15,Clock,6,8,1,1,90.00323,0.3560629903438355
6,15,Clock,6,8,1,1,91.00959,0.35834449363958953
6,15,Clock,6,8,1,1,92.0034,0.36060385653605204
6,15,Clock,6,8,1,1,93.00835,0.3628948189689845
6,15,Clock,6,8,1,1,94.01284,0.36519099284984285
6,15,Clock,6,8,1,1,95.00739,0.36747049999130316
6,15,Clock,6,8,1,1,96.01205,0.3697791906862792
6,15,Clock,6,8,1,1,97.00794,0.37207364879249677
6,15,Clock,6,8,1,1,98.01041,0.37438907791522313
6,15,Clock,6,8,1,1,99.0069,0.3766964224964628
6,15,Clock,6,8,1,1,100.0121,0.37902961992305373
6,15,Clock,6,8,1,1,101.0061,0.38134233719322214
6,15,Clock,6,8,1,1,102.0104,0.38368447722455784
6,15,Clock,6,8,1,1,103.0028,0.3860041921352184
6,15,Clock,6,8,1,1,104.0098,0.3883633430400004
6,15,Clock,6,8,1,1,105.0038,0.390697161546324
6,15,Clock,6,8,1,1,106.0078,0.3930595523070609
6,15,Clock,6,8,1,1,107.0034,0.3954071477099362
6,15,Clock,6,8,1,1,108.0105,0.39778675173494776
6,15,Clock,6,8,1,1,109.0032,0.4001370779473966
6,15,Clock,6,8,1,1,110.0085,0.40252193816990645
6,15,Clock,6,8,1,1,111.0039,0.4048878575677259
6,15,Clock,6,8,1,1,112.0084,0.4072798987260405
6,15,Clock,6,8,1,1,113.0033,0.4096534253982538
6,15,Clock,6,8,1,1,114.0078,0.41205410871741605
6,15,Clock,6,8,1,1,115.0025,0.41443552893007457
6,15,Clock,6,8,1,1,116.0068,0.4168439725013405
6,15,Clock,6,8,1,1,117.013,0.41926097658916217
6,15,Clock,6,8,1,1,118.0074,0.42165344243891967
6,15,Clock,6,8,1,1,119.0124,0.4240751468242546
6,15,Clock,6,8,1,1,120.0065,0.42647419146272575
6,15,Clock,6,8,1,1,121.0116,0.4289032900494985
6,15,Clock,6,8,1,1,122.0045,0.43130629222644074
6,15,Clock,6,8,1,1,123.0113,0.4337462247042071
6,15,Clock,6,8,1,1,124.0041,0.4361553787035556
6,15,Clock,6,8,1,1,125.0098,0.43859893389788096
6,15,Clock,6,8,1,1,126.0048,0.4410193975270826
6,15,Clock,6,8,1,1,127.0095,0.44346631637215234
6,15,Clock,6,8,1,1,128.0036,0.4458901291299598
6,15,Clock,6,8,1,1,129.009,0.44834411097307936
6,15,Clock,6,8,1,1,130.0039,0.45077494832344905
6,15,Clock,6,8,1,1,131.0088,0.4532325923219338
6,15,Clock,6,8,1,1,132.0122,0.4556888560032359
6,15,Clock,6,8,1,1,133.0076,0.4581276416966991
6,15,Clock,6,8,1,1,134.0139,0.460595198578523
6,15,Clock,6,8,1,1,135.0082,0.4630352079091658
6,15,Clock,6,8,1,1,136.0131,0.4655030787831898
6,15,Clock,6,8,1,1,137.0078,0.4679475077019442
6,15,Clock,6,8,1,1,138.013,0.4704193363766831
6,15,Clock,6,8,1,1,139.0039,0.4728574286030298
6,15,Clock,6,8,1,1,140.0123,0.47533987502498476
6,15,Clock,6,8,1,1,141.0059,0.47778711526238904
6,15,Clock,6,8,1,1,142.0129,0.48026840303371154
6,15,Clock,6,8,1,1,143.0045,0.4827127435035404
6,15,Clock,6,8,1,1,144.0114,0.4851956187359423
6,15,Clock,6,8,1,1,145.0053,0.4876471538672264
6,15,Clock,6,8,1,1,146.01,0.4901259398465239
6,15,Clock,6,8,1,1,147.0052,0.49258178896161603
6,15,Clock,6,8,1,1,148.0087,0.49505844623885914
6,15,Clock,6,8,1,1,149.0129,0.497537078598139
6,15,Clock,6,8,1,1,150.0087,0.49999511624935666
6,15,Clock,6,8,1,1,151.0138,0.5024760915830186
6,15,Clock,6,8,1,1,152.0095,0.504933783264354
6,15,Clock,6,8,1,1,153.0142,0.5074134163761039
6,15,Clock,6,8,1,1,154.0081,0.5098660283745757
6,15,Clock,6,8,1,1,155.0137,0.5123470370059351
6,15,Clock,6,8,1,1,156.0075,0.5147983478926256
6,15,Clock,6,8,1,1,157.0126,0.5172767858835097
6,15,Clock,6,8,1,1,158.0068,0.5197275232374218
6,15,Clock,6,8,1,1,159.0132,0.5222073466688507
6,15,Clock,6,8,1,1,160.0063,0.5246533495279826
6,15,Clock,6,8,1,1,161.0108,0.5271262231397768
6,15,Clock,6,8,1,1,162.006,0.5295748712909946
6,15,Clock,6,8,1,1,163.0109,0.5320459533014122
6,15,Clock,6,8,1,1,164.0049,0.5344886996305078
6,15,Clock,6,8,1,1,165.01,0.5369570258424814
6,15,Clock,6,8,1,1,166.0045,0.539397565029651
6,15,Clock,6,8,1,1,167.0095,0.541861948668254
6,15,Clock,6,8,1,1,168.0032,0.5442965951730542
6,15,Clock,6,8,1,1,169.0091,0.5467589576886221
6,15,Clock,6,8,1,1,170.0035,0.5491909471375132
6,15,Clock,6,8,1,1,171.0077,0.5516445489145926
6,15,Clock,6,8,1,1,172.0033,0.554074607434302
6,15,Clock,6,8,1,1,173.0079,0.5565240595670802
6,15,Clock,6,8,1,1,174.0131,0.5589722150891516
6,15,Clock,6,8,1,1,175.0073,0.561390722479572
6,15,Clock,6,8,1,1,176.0123,0.5638325861769615
6,15,Clock,6,8,1,1,177.0065,0.5662451598727383
6,15,Clock,6,8,1,1,178.0104,0.5686781010516169
6,15,Clock,6,8,1,1,179.0055,0.5710864018375233
6,15,Clock,6,8,1,1,180.0111,0.5735167312826273
6,15,Clock,6,8,1,1,181.0053,0.5759160284050396
6,15,Clock,6,8,1,1,182.0111,0.5783396751615161
6,15,Clock,6,8,1,1,183.0054,0.5807319316540268
6,15,Clock,6,8,1,1,184.0106,0.583146548444402
6,15,Clock,6,8,1,1,185.0048,0.5855308217259082
6,15,Clock,6,8,1,1,186.01,0.5879373749347143
6,15,Clock,6,8,1,1,187.0047,0.5903146997231878
6,15,Clock,6,8,1,1,188.0081,0.5927085419733793
6,15,Clock,6,8,1,1,189.0033,0.5950784599616938
6,15,Clock,6,8,1,1,190.0063,0.5974625057842383
6,15,Clock,6,8,1,1,191.0028,0.5998265482817083
6,15,Clock,6,8,1,1,192.0089,0.6022086168616159
6,15,Clock,6,8,1,1,193.0028,0.6045571112846972
6,15,Clock,6,8,1,1,194.0075,0.606926202855585
6,15,Clock,6,8,1,1,195.0103,0.6092857907358606
6,15,Clock,6,8,1,1,196.0071,0.6116262132366431
6,15,Clock,6,8,1,1,197.013,0.6139828165968054
6,15,Clock,6,8,1,1,198.0058,0.6163034870964463
6,15,Clock,6,8,1,1,199.0128,0.618651964216043
6,15,Clock,6,8,1,1,200.0057,0.6209621417126855
6,15,Clock,6,8,1,1,201.0118,0.6232974108201662
6,15,Clock,6,8,1,1,202.0059,0.6255992655203403
6,15,Clock,6,8,1,1,203.0114,0.6279217110114905
6,15,Clock,6,8,1,1,204.0047,0.6302102120934421
6,15,Clock,6,8,1,1,205.0115,0.6325238680719321
6,15,Clock,6,8,1,1,206.0058,0.6348027962155643
6,15,Clock,6,8,1,1,207.0091,0.6370962524126376
6,15,Clock,6,8,1,1,208.0048,0.6393662226202461
6,15,Clock,6,8,1,1,209.0109,0.6416535378195334
6,15,Clock,6,8,1,1,210.0142,0.64392813791166
6,15,Clock,6,8,1,1,211.0105,0.6461804162037015
6,15,Clock,6,8,1,1,212.0143,0.6484431243822031
6,15,Clock,6,8,1,1,213.0075,0.6506754190304538
6,15,Clock,6,8,1,1,214.0034,0.6529071356206865
6,15,Clock,6,8,1,1,215.0077,0.6551509066999182
6,15,Clock,6,8,1,1,216.0128,0.6573895488764576
6,15,Clock,6,8,1,1,217.0073,0.6595976990849902
6,15,Clock,6,8,1,1,218.0133,0.6618243980680604
6,15,Clock,6,8,1,1,219.0063,0.6640152796475192
6,15,Clock,6,8,1,1,220.0116,0.6662261295850834
6,15,Clock,6,8,1,1,221.0034,0.6684001776894516
6,15,Clock,6,8,1,1,222.0124,0.6706045747683287
6,15,Clock,6,8,1,1,223.0052,0.6727662676383213
6,15,Clock,6,8,1,1,224.0106,0.6749479541159502
6,15,Clock,6,8,1,1,225.0051,0.6770985244232411
6,15,Clock,6,8,1,1,226.011,0.6792661805530964
6,15,Clock,6,8,1,1,227.0034,0.6813971860915029
6,15,Clock,6,8,1,1,228.0098,0.6835505146718968
6,15,Clock,6,8,1,1,229.0035,0.6856689871774411
6,15,Clock,6,8,1,1,230.0087,0.6878041487378866
6,15,Clock,6,8,1,1,231.003,0.6899083526654423
6,15,Clock,6,8,1,1,232.008,0.6920272021435089
6,15,Clock,6,8,1,1,233.0139,0.6941399114274344
6,15,Clock,6,8,1,1,234.0074,0.6962185839445625
6,15,Clock,6,8,1,1,235.0029,0.6982934279222089
6,15,Clock,6,8,1,1,236.0081,0.7003803076312349
6,15,Clock,6,8,1,1,237.012,0.7024561950794311
6,15,Clock,6,8,1,1,238.0068,0.7045051063766712
6,15,Clock,6,8,1,1,239.0122,0.7065674812784235
6,15,Clock,6,8,1,1,240.0048,0.7085953151812364
6,15,Clock,6,8,1,1,241.0114,0.7106432844567194
6,15,Clock,6,8,1,1,242.0057,0.7126578617893732
6,15,Clock,6,8,1,1,243.0114,0.7146869632443366
6,15,Clock,6,8,1,1,244.005,0.7166832041725422
6,15,Clock,6,8,1,1,245.0085,0.7186907142934476
6,15,Clock,6,8,1,1,246.0043,0.7206742582414625
6,15,Clock,6,8,1,1,247.0102,0.7226691728051355
6,15,Clock,6,8,1,1,248.0034,0.7246303017945345
6,15,Clock,6,8,1,1,249.0086,0.7266063341310987
6,15,Clock,6,8,1,1,250.012,0.7285699525308945
6,15,Clock,6,8,1,1,251.0087,0.7305117072859424
6,15,Clock,6,8,1,1,252.0134,0.7324601430399014
6,15,Clock,6,8,1,1,253.0077,0.7343796000571766
6,15,Clock,6,8,1,1,254.0119,0.7363091996747098
6,15,Clock,6,8,1,1,255.0081,0.7382145219792172
6,15,Clock,6,8,1,1,256.0134,0.7401282075576731
6,15,Clock,6,8,1,1,257.007,0.7420106719464505
6,15,Clock,6,8,1,1,258.0121,0.7439058609139456
6,15,Clock,6,8,1,1,259.007,0.7457728168103293
6,15,Clock,6,8,1,1,260.0117,0.7476490289816705
6,15,Clock,6,8,1,1,261.005,0.7494949439131373
6,15,Clock,6,8,1,1,262.0108,0.7513548716866686
6,15,Clock,6,8,1,1,263.0057,0.7531855405640515
6,15,Clock,6,8,1,1,264.01,0.7550242920547264
6,15,Clock,6,8,1,1,265.0052,0.7568371870212801
6,15,Clock,6,8,1,1,266.0104,0.7586591062221953
6,15,Clock,6,8,1,1,267.0128,0.7604665903321436
6,15,Clock,6,8,1,1,268.0097,0.7622550051950108
6,15,Clock,6,8,1,1,269.0036,0.7640288324504013
6,15,Clock,6,8,1,1,270.0091,0.765814027181868
6,15,Clock,6,8,1,1,271.014,0.7675888032894551
6,15,Clock,6,8,1,1,272.0055,0.7693306530455026
6,15,Clock,6,8,1,1,273.0126,0.7710905741501805
6,15,Clock,6,8,1,1,274.0073,0.7728195017822723
6,15,Clock,6,8,1,1,275.0133,0.7745587102460927
6,15,Clock,6,8,1,1,276.007,0.7762673167572669
6,15,Clock,6,8,1,1,277.0134,0.7779883893221266
6,15,Clock,6,8,1,1,278.0072,0.7796786032878421
6,15,Clock,6,8,1,1,279.0129,0.7813796408627136
6,15,Clock,6,8,1,1,280.0068,0.7830513898207258
6,15,Clock,6,8,1,1,281.011,0.7847310316591266
6,15,Clock,6,8,1,1,282.0045,0.7863835012462805
6,15,Clock,6,8,1,1,283.0108,0.7880478514105532
6,15,Clock,6,8,1,1,284.0054,0.7896834855502043
6,15,Clock,6,8,1,1,285.0088,0.7913241705033445
6,15,Clock,6,8,1,1,286.004,0.7929421539194137
6,15,Clock,6,8,1,1,287.0099,0.7945680643177168
6,15,Clock,6,8,1,1,288.0023,0.7961628758519531
6,15,Clock,6,8,1,1,289.0085,0.7977704804881859
6,15,Clock,6,8,1,1,290.0032,0.7993503338445338
6,15,Clock,6,8,1,1,291.007,0.8009352418732776
6,15,Clock,6,8,1,1,292.003,0.8024985459576479
6,15,Clock,6,8,1,1,293.0081,0.8040667233342108
6,15,Clock,6,8,1,1,294.0127,0.8056247101887903
6,15,Clock,6,8,1,1,295.0076,0.8071583651919461
6,15,Clock,6,8,1,1,296.0129,0.8086986895369683
6,15,Clock,6,8,1,1,297.0052,0.8102098193421237
6,15,Clock,6,8,1,1,298.0126,0.8117346326050561
6,15,Clock,6,8,1,1,299.0057,0.8132285552101474
6,15,Clock,6,8,1,1,300.0108,0.8147312044860602
6,15,Clock,6,8,1,1,301.005,0.8162083598849221
6,15,Clock,15,22,0,0,0.0,0.1852530744020663
6,15,Clock,15,22,0,0,1.000974,0.18674944359515736
6,15,Clock,15,22,0,0,2.003568,0.1882575508960762
6,15,Clock,15,22,0,0,2.999172,0.189764383450202
6,15,Clock,15,22,0,0,4.004295,0.1912949741363231
6,15,Clock,15,22,0,0,4.999187,0.19281924949513723
6,15,Clock,15,22,0,0,6.004433,0.19436875965439696
6,15,Clock,15,22,0,0,7.008282,0.19592552608773886
6,15,Clock,15,22,0,0,8.002911,0.19747727605068888
6,15,Clock,15,22,0,0,9.006618,0.19905256446358713
6,15,Clock,15,22,0,0,10.00285,0.20062544073348024
6,15,Clock,15,22,0,0,11.00888,0.20222321479501082
6,15,Clock,15,22,0,0,12.00174,0.20380936807694616
6,15,Clock,15,22,0,0,13.00911,0.2054281420427845
6,15,Clock,15,22,0,0,14.00245,0.20703368579998352
6,15,Clock,15,22,0,0,15.00674,0.20866633506037446
6,15,Clock,15,22,0,0,16.0,0.2102903593451479
6,15,Clock,15,22,0,0,17.00529,0.21194347449609005
6,15,Clock,15,22,0,0,18.00072,0.21358971844257688
6,15,Clock,15,22,0,0,19.00576,0.21526128675629397
6,15,Clock,15,22,0,0,20.00023,0.21692459843450806
6,15,Clock,15,22,0,0,21.00535,0.21861514236347637
6,15,Clock,15,22,0,0,21.99837,0.2202946323801314
6,15,Clock,15,22,0,0,23.00469,0.22200604322632161
6,15,Clock,15,22,0,0,23.99946,0.2237071278367213
6,15,Clock,15,22,0,0,25.00485,0.2254357796007763
6,15,Clock,15,22,1,1,25.99836,0.22715328557162767
6,15,Clock,15,22,1,1,27.00395,0.2289010637751805
6,15,Clock,15,22,1,1,28.00946,0.23065813593574308
6,15,Clock,15,22,1,1,29.00419,0.23240564122768415
6,15,Clock,15,22,1,1,30.00806,0.2341785404096425
6,15,Clock,15,22,1,1,31.00277,0.2359444999249946
6,15,Clock,15,22,1,1,32.00785,0.23773820119635478
6,15,Clock,15,22,1,1,33.00269,0.23952284188626152
6,15,Clock,15,22,1,1,34.00766,0.24133495403498104
6,15,Clock,15,22,1,1,35.00272,0.24313838451048064
6,15,Clock,15,22,1,1,36.00747,0.2449686347898053
6,15,Clock,15,22,1,1,36.9996,0.24678500885199148
6,15,Clock,15,22,1,1,38.00627,0.24863723823515516
6,15,Clock,15,22,1,1,38.99976,0.250474307478522
6,15,Clock,15,22,1,1,40.00533,0.2523428962479495
6,15,Clock,15,22,1,1,40.99976,0.2541998457624154
6,15,Clock,15,22,1,1,42.00514,0.2560863730389779
6,15,Clock,15,22,1,1,42.99894,0.257960175918033
6,15,Clock,15,22,1,1,44.00431,0.25986487188166685
6,15,Clock,15,22,1,1,44.99878,0.2617578678508063
6,15,Clock,15,22,1,1,46.00489,0.2636820592171397
6,15,Clock,15,22,1,1,47.0092,0.26561183835500035
6,15,Clock,15,22,1,1,48.00323,0.26753071724583144
6,15,Clock,15,22,1,1,49.00968,0.26948251430656817
6,15,Clock,15,22,1,1,50.0032,0.2714180235455285
6,15,Clock,15,22,1,1,51.00922,0.27338675016582514
6,15,Clock,15,22,1,1,52.0018,0.2753378830064662
6,15,Clock,15,22,1,1,53.0089,0.2773263560687878
6,15,Clock,15,22,1,1,54.00255,0.27929692089900265
6,15,Clock,15,22,1,1,55.00832,0.2813002369908968
6,15,Clock,15,22,1,1,56.00201,0.283288053878898
6,15,Clock,15,22,1,1,57.00761,0.2853083187826633
6,15,Clock,15,22,1,1,57.99846,0.28730739044014614
6,15,Clock,15,22,1,1,59.00563,0.28934793815658383
6,15,Clock,15,22,1,1,60.0009,0.2913727884775226
6,15,Clock,15,22,1,1,61.00551,0.2934250743607182
6,15,Clock,15,22,1,1,61.99966,0.29546429652414624
6,15,Clock,15,22,1,1,63.0064,0.2975377014518299
6,15,Clock,15,22,1,1,63.99938,0.2995909521141544
6,15,Clock,15,22,1,1,65.00513,0.30167885254980004
6,15,Clock,15,22,1,1,65.9985,0.30374914399191405
6,15,Clock,15,22,1,1,67.00328,0.3058513458891259
6,15,Clock,15,22,1,1,68.00936,0.30796439082989086
6,15,Clock,15,22,1,1,69.00479,0.3100630160483917
6,15,Clock,15,22,1,1,70.00838,0.3121867824724488
6,15,Clock,15,22,1,1,71.00202,0.31429731422969037
6,15,Clock,15,22,1,1,72.00929,0.3164446515441264
6,15,Clock,15,22,1,1,73.00296,0.31857068529386645
6,15,Clock,15,22,1,1,74.00823,0.32072926274574237
6,15,Clock,15,22,1,1,75.00237,0.32287150688704414
6,15,Clock,15,22,1,1,76.00737,0.32504473027747516
6,15,Clock,15,22,1,1,77.00177,0.32720247798356095
6,15,Clock,15,22,1,1,78.00689,0.32939093826558985
6,15,Clock,15,22,1,1,79.00884,0.3315798931077819
6,15,Clock,15,22,1,1,80.00656,0.3337668576047284
6,15,Clock,15,22,1,1,80.99937,0.3359501738363854
6,15,Clock,15,22,1,1,82.00517,0.3381692516881696
6,15,Clock,15,22,1,1,82.99969,0.3403704420334344
6,15,Clock,15,22,1,1,84.00191,0.3425956793955965
6,15,Clock,15,22,1,1,84.99885,0.3448160827709378
6,15,Clock,15,22,1,1,86.0044,0.3470625524117011
6,15,Clock,15,22,1,1,86.99889,0.34929102800309053
6,15,Clock,15,22,1,1,88.00349,0.35154884488228433
6,15,Clock,15,22,1,1,89.00752,0.3538120634772652
6,15,Clock,15,22,1,1,90.00366,0.35606397483918134
6,15,Clock,15,22,1,1,91.008,0.3583408908960014
6,15,Clock,15,22,1,1,92.0039,0.3606049855059297
6,15,Clock,15,22,1,1,93.00881,0.36289588137454554
6,15,Clock,15,22,1,1,94.0022,0.3651666316028797
6,15,Clock,15,22,1,1,95.00798,0.3674718482171423
6,15,Clock,15,22,1,1,96.00266,0.3697575981628396
6,15,Clock,15,22,1,1,97.00711,0.3720717304242125
6,15,Clock,15,22,1,1,98.00116,0.37436769369326267
6,15,Clock,15,22,1,1,99.00732,0.376697395293745
6,15,Clock,15,22,1,1,100.0006,0.37900290095720846
6,15,Clock,15,22,1,1,101.0059,0.38134185735216874
6,15,Clock,15,22,1,1,101.9992,0.3836583275597499
6,15,Clock,15,22,1,1,103.0059,0.3860114407212346
6,15,Clock,15,22,1,1,103.9993,0.38833870370572937
6,15,Clock,15,22,1,1,105.0047,0.39069927758795886
6,15,Clock,15,22,1,1,105.9986,0.39303787946600355
6,15,Clock,15,22,1,1,107.0035,0.395407381819547
6,15,Clock,15,22,1,1,107.9985,0.3977583665058093
6,15,Clock,15,22,1,1,109.0031,0.4001368428907983
6,15,Clock,15,22,1,1,110.0076,0.4025198003974775
6,15,Clock,15,22,1,1,111.0022,0.40488380988880357
6,15,Clock,15,22,1,1,112.008,0.40727895311150375
6,15,Clock,15,22,1,1,113.0031,0.4096529335222402
6,15,Clock,15,22,1,1,114.0076,0.4120536342207079
6,15,Clock,15,22,1,1,114.9989,0.41442690032291135
6,15,Clock,15,22,1,1,116.0066,0.416843496399463
6,15,Clock,15,22,1,1,117.0013,0.4192328410604475
6,15,Clock,15,22,1,1,118.0067,0.42165175238827624
6,15,Clock,15,22,1,1,119.0003,0.4240459674344106
6,15,Clock,15,22,1,1,120.0045,0.42646936404697194
6,15,Clock,15,22,1,1,121.0003,0.42887596323736094
6,15,Clock,15,22,1,1,122.0044,0.43130605202485944
6,15,Clock,15,22,1,1,122.9991,0.43371664048324027
6,15,Clock,15,22,1,1,124.0044,0.4361561197220911
6,15,Clock,15,22,1,1,124.9989,0.4385724282463176
6,15,Clock,15,22,1,1,126.0041,0.4410176890451091
6,15,Clock,15,22,1,1,127.0092,0.4434655912937819
6,15,Clock,15,22,1,1,128.0039,0.4458908736084065
6,15,Clock,15,22,1,1,129.0084,0.4483426577157525
6,15,Clock,15,22,1,1,130.0032,0.45077323252562873
6,15,Clock,15,22,1,1,131.0085,0.45323184561187174
6,15,Clock,15,22,1,1,132.0024,0.4556648277024479
6,15,Clock,15,22,1,1,133.0067,0.45812543504564773
6,15,Clock,15,22,1,1,134.0019,0.4605657778751785
6,15,Clock,15,22,1,1,135.0055,0.4630285776427218
6,15,Clock,15,22,1,1,136.001,0.4654733527142853
6,15,Clock,15,22,1,1,137.007,0.4679455571695265
6,15,Clock,15,22,1,1,138.0008,0.47038930992314915
6,15,Clock,15,22,1,1,139.0064,0.47286354991506635
6,15,Clock,15,22,1,1,140.0006,0.47531105630086656
6,15,Clock,15,22,1,1,141.0053,0.4777856116348625
6,15,Clock,15,22,1,1,141.9996,0.48023564796738333
6,15,Clock,15,22,1,1,143.0043,0.4827122544434778
6,15,Clock,15,22,1,1,143.9991,0.48516528738995385
6,15,Clock,15,22,1,1,145.0036,0.48764297560152803
6,15,Clock,15,22,1,1,146.009,0.4901234925745419
6,15,Clock,15,22,1,1,147.0034,0.4925773454668889
6,15,Clock,15,22,1,1,148.0084,0.4950577306731854
6,15,Clock,15,22,1,1,149.0029,0.49751240860762147
6,15,Clock,15,22,1,1,150.0071,0.49999116142112904
6,15,Clock,15,22,1,1,151.0033,0.5024501786707442
6,15,Clock,15,22,1,1,152.0067,0.5049268535725512
6,15,Clock,15,22,1,1,153.0012,0.5073813327940584
6,15,Clock,15,22,1,1,154.0069,0.509863053995335
6,15,Clock,15,22,1,1,155.0018,0.5123176761544515
6,15,Clock,15,22,1,1,156.005,0.5147921762362159
6,15,Clock,15,22,1,1,157.0015,0.5172493984275167
6,15,Clock,15,22,1,1,158.0064,0.519726507864606
6,15,Clock,15,22,1,1,158.9998,0.5221743419107772
6,15,Clock,15,22,1,1,160.0075,0.5246563178305611
6,15,Clock,15,22,1,1,160.9989,0.5270969307936706
6,15,Clock,15,22,1,1,162.0055,0.5295736326934831
6,15,Clock,15,22,1,1,162.9993,0.532017445360198
6,15,Clock,15,22,1,1,164.0038,0.5344860006500989
6,15,Clock,15,22,1,1,165.009,0.5369545909899686
6,15,Clock,15,22,1,1,166.0014,0.5393899664907721
6,15,Clock,15,22,1,1,167.0084,0.5418592557942737
6,15,Clock,15,22,1,1,168.0029,0.5442958477848102
6,15,Clock,15,22,1,1,168.9988,0.5467337560202866
6,15,Clock,15,22,1,1,170.0026,0.5491887464087606
6,15,Clock,15,22,1,1,171.0087,0.5516469710211191
6,15,Clock,15,22,1,1,172.002,0.5540714433503734
6,15,Clock,15,22,1,1,173.0081,0.5565245429548182
6,15,Clock,15,22,1,1,174.0015,0.558943950538709
6,15,Clock,15,22,1,1,175.0074,0.5613909821600934
6,15,Clock,15,22,1,1,176.0012,0.5638056498017736
6,15,Clock,15,22,1,1,177.0057,0.566243235670465
6,15,Clock,15,22,1,1,178.0003,0.5686536370613865
6,15,Clock,15,22,1,1,179.0055,0.5710864018375233
6,15,Clock,15,22,1,1,180.0004,0.5734908987017681
6,15,Clock,15,22,1,1,181.0063,0.5759184569880327
6,15,Clock,15,22,1,1,181.9992,0.5783110541160512
6,15,Clock,15,22,1,1,183.0047,0.58073024423133
6,15,Clock,15,22,1,1,183.9991,0.5831189340911412
6,15,Clock,15,22,1,1,185.0039,0.5855286645147386
6,15,Clock,15,22,1,1,185.9996,0.5879125182249479
6,15,Clock,15,22,1,1,187.0029,0.5903104002524086
6,15,Clock,15,22,1,1,188.0091,0.5927109060294237
6,15,Clock,15,22,1,1,189.0034,0.5950787140832021
6,15,Clock,15,22,1,1,190.0086,0.5974679770939171
6,15,Clock,15,22,1,1,191.0028,0.5998265482817083
6,15,Clock,15,22,1,1,192.0077,0.6022058017489635
6,15,Clock,15,22,1,1,193.0021,0.6045554544561532
6,15,Clock,15,22,1,1,194.0079,0.6069271373602322
6,15,Clock,15,22,1,1,195.0012,0.6092644146052426
6,15,Clock,15,22,1,1,196.0064,0.611624566999163
6,15,Clock,15,22,1,1,197.0011,0.6139549642630026
6,15,Clock,15,22,1,1,198.0061,0.6163041996387252
6,15,Clock,15,22,1,1,199.0004,0.6186230665289358
6,15,Clock,15,22,1,1,200.0061,0.620963063687744
6,15,Clock,15,22,1,1,200.9999,0.6232698181874229
6,15,Clock,15,22,1,1,202.0023,0.6255909374347054
6,15,Clock,15,22,1,1,202.9989,0.6278928820563207
6,15,Clock,15,22,1,1,204.004,0.6302085970028363
6,15,Clock,15,22,1,1,204.9987,0.6324944865960435
6,15,Clock,15,22,1,1,206.0042,0.6347991288448086
6,15,Clock,15,22,1,1,207.0072,0.6370919330703763
6,15,Clock,15,22,1,1,208.0036,0.6393634782530524
6,15,Clock,15,22,1,1,208.9984,0.6416251655861144
6,15,Clock,15,22,1,1,210.0027,0.6439020912647667
6,15,Clock,15,22,1,1,211.0065,0.6461713913998024
6,15,Clock,15,22,1,1,212.0023,0.6484161285958
6,15,Clock,15,22,1,1,213.0079,0.6506763093890506
6,15,Clock,15,22,1,1,214.0013,0.6529024239396227
6,15,Clock,15,22,1,1,215.0067,0.6551486601640443
6,15,Clock,15,22,1,1,216.0005,0.6573621983896045
6,15,Clock,15,22,1,1,217.0071,0.6595972593273184
6,15,Clock,15,22,1,1,217.9998,0.6617945555130244
6,15,Clock,15,22,1,1,219.0065,0.6640157166049515
6,15,Clock,15,22,1,1,220.0002,0.6662011030318774
6,15,Clock,15,22,1,1,221.005,0.6684036838944585
6,15,Clock,15,22,1,1,221.9992,0.670575786989632
6,15,Clock,15,22,1,1,223.004,0.6727636473530497
6,15,Clock,15,22,1,1,223.9989,0.6749226013323139
6,15,Clock,15,22,1,1,225.0036,0.6770952963199255
6,15,Clock,15,22,1,1,225.9981,0.6792384113541546
6,15,Clock,15,22,1,1,227.003,0.6813963356941157
6,15,Clock,15,22,1,1,227.9983,0.683525974514427
6,15,Clock,15,22,1,1,229.0027,0.685667298665907
6,15,Clock,15,22,1,1,230.0077,0.6878020459067861
6,15,Clock,15,22,1,1,231.0015,0.6899051617432569
6,15,Clock,15,22,1,1,232.0083,0.6920278443335798
6,15,Clock,15,22,1,1,232.9994,0.6941095233086091
6,15,Clock,15,22,1,1,234.0069,0.6962175324198228
6,15,Clock,15,22,1,1,235.0008,0.6982890476417357
6,15,Clock,15,22,1,1,236.0067,0.700377398980122
6,15,Clock,15,22,1,1,237.0007,0.7024328921779525
6,15,Clock,15,22,1,1,238.0053,0.7045020013240642
6,15,Clock,15,22,1,1,238.9998,0.7065420854877629
6,15,Clock,15,22,1,1,240.0057,0.7085971506387251
6,15,Clock,15,22,1,1,240.9991,0.7106183138157557
6,15,Clock,15,22,1,1,242.0057,0.7126578617893732
6,15,Clock,15,22,1,1,242.9979,0.714659774353192
6,15,Clock,15,22,1,1,244.0028,0.7166787990053158
6,15,Clock,15,22,1,1,244.9987,0.718671158806552
6,15,Clock,15,22,1,1,246.0038,0.7206732574059557
6,15,Clock,15,22,1,1,247.0082,0.7226652172340089
6,15,Clock,15,22,1,1,248.0007,0.7246249806283194
6,15,Clock,15,22,1,1,249.0081,0.726605346487224
6,15,Clock,15,22,1,1,250.0022,0.7285508244180243
6,15,Clock,15,22,1,1,250.9977,0.7304903221734064
6,15,Clock,15,22,1,1,252.0028,0.7324396530930646
6,15,Clock,15,22,1,1,253.0074,0.7343790122827984
6,15,Clock,15,22,1,1,254.0015,0.7362892494201237
6,15,Clock,15,22,1,1,255.0057,0.7382099507967982
6,15,Clock,15,22,1,1,256.0016,0.7401057781638196
6,15,Clock,15,22,1,1,257.0052,0.7420072686946232
6,15,Clock,15,22,1,1,257.9996,0.7438823817680142
6,15,Clock,15,22,1,1,259.0047,0.7457685321093005
6,15,Clock,15,22,1,1,260.0,0.7476272547794022
6,15,Clock,15,22,1,1,261.0054,0.7494956793687125
6,15,Clock,15,22,1,1,261.9995,0.7513340427418895
6,15,Clock,15,22,1,1,263.005,0.7531842522270377
6,15,Clock,15,22,1,1,264.0086,0.7550217283286172
6,15,Clock,15,22,1,1,265.0041,0.7568351906944405
6,15,Clock,15,22,1,1,265.9979,0.7586364856472377
6,15,Clock,15,22,1,1,267.0028,0.7604486416136153
6,15,Clock,15,22,1,1,267.9983,0.762234581965497
6,15,Clock,15,22,1,1,269.0023,0.7640264964821066
6,15,Clock,15,22,1,1,270.0084,0.7658127842676828
6,15,Clock,15,22,1,1,271.0029,0.7675692361148247
6,15,Clock,15,22,1,1,272.0079,0.7693348773531851
6,15,Clock,15,22,1,1,273.0007,0.771069830946784
6,15,Clock,15,22,1,1,274.007,0.7728189727553296
6,15,Clock,15,22,1,1,275.002,0.7745392418069715
6,15,Clock,15,22,1,1,276.0071,0.7762675260860229
6,15,Clock,15,22,1,1,276.9994,0.7779644998529845
6,15,Clock,15,22,1,1,278.0064,0.7796772575052542
6,15,Clock,15,22,1,1,278.9993,0.7813566829558909
6,15,Clock,15,22,1,1,280.0048,0.7830480113370059
6,15,Clock,15,22,1,1,280.9991,0.7847112303152937
6,15,Clock,15,22,1,1,282.0041,0.7863828432228795
6,15,Clock,15,22,1,1,282.9991,0.7880285747439261
6,15,Clock,15,22,1,1,284.0046,0.7896821843950743
6,15,Clock,15,22,1,1,284.9987,0.7913077004310549
6,15,Clock,15,22,1,1,286.0029,0.7929403729133742
6,15,Clock,15,22,1,1,286.9979,0.7945487341742806
6,15,Clock,15,22,1,1,288.0019,0.7961622401443935
6,15,Clock,15,22,1,1,289.0057,0.7977660080717189
6,15,Clock,15,22,1,1,290.0014,0.799347482443923
6,15,Clock,15,22,1,1,291.0084,0.8009374517910647
6,15,Clock,15,22,1,1,292.0014,0.8024960625485553
6,15,Clock,15,22,1,1,293.0075,0.804065821383177
6,15,Clock,15,22,1,1,293.9986,0.8056029098823501
6,15,Clock,15,22,1,1,295.0063,0.8071563484141381
6,15,Clock,15,22,1,1,296.0003,0.8086794364783535
6,15,Clock,15,22,1,1,297.0054,0.8102101436797325
6,15,Clock,15,22,1,1,298.001,0.8117171336577601
6,15,Clock,15,22,1,1,299.0046,0.8132269075964729
6,15,Clock,15,22,1,1,299.9992,0.8147139204888
6,15,Clock,15,22,1,1,301.0032,0.8162056929675626
6,15,Clock,15,22,1,1,301.9981,0.8176747562869155
6,15,Clock,6,29,0,0,0.0112192,0.18526979467740776
6,15,Clock,6,29,0,0,1.011824,0.1867657142245374
6,15,Clock,6,29,0,0,2.016775,0.18827747915635432
6,15,Clock,6,29,0,0,3.01134,0.1897828564401197
6,15,Clock,6,29,0,0,4.016446,0.19131353544873977
6,15,Clock,6,29,0,0,5.010691,0.19283692899603866
6,15,Clock,6,29,0,0,6.014781,0.19438475908067637
6,15,Clock,6,29,0,0,7.021184,0.19594559538196968
6,15,Clock,6,29,0,0,8.014297,0.19749509308941088
6,15,Clock,6,29,0,0,9.017834,0.19907022113566683
6,15,Clock,6,29,0,0,10.0143,0.20064357349172643
6,15,Clock,6,29,0,0,11.0198,0.20224061074291486
6,15,Clock,6,29,0,0,12.01373,0.20382857859782796
6,15,Clock,6,29,0,0,13.01924,0.2054444684470078
6,15,Clock,6,29,0,0,14.01323,0.20705116090438305
6,15,Clock,6,29,0,0,15.01874,0.20868590049738908
6,15,Clock,6,29,0,0,16.02178,0.2103260743129539
6,15,Clock,6,29,0,0,17.0179,0.2119642730994208
6,15,Clock,6,29,0,0,18.01236,0.2136090245857588
6,15,Clock,6,29,0,0,19.01663,0.21527941731842665
6,15,Clock,6,29,0,0,20.01117,0.21694294553393653
6,15,Clock,6,29,0,0,21.01589,0.2186329201284098
6,15,Clock,6,29,0,0,22.01227,0.22031820825436962
6,15,Clock,6,29,0,0,23.01739,0.2220277007241403
6,15,Clock,6,29,0,0,24.01122,0.2237272943680291
6,15,Clock,6,29,0,0,25.01702,0.22545676047658977
6,15,Clock,6,29,0,0,26.0217,0.22719374530208966
6,15,Clock,6,29,0,0,27.01569,0.2289215238845052
6,15,Clock,6,29,0,0,28.02129,0.23067886319588018
6,15,Clock,6,29,0,0,29.01555,0.2324256515689218
6,15,Clock,6,29,0,0,30.01976,0.2341992580392608
6,15,Clock,6,29,0,0,31.01329,0.23596322740167758
6,15,Clock,6,29,0,0,32.02007,0.23776006431609278
6,15,Clock,6,29,0,0,33.01092,0.23953764769282854
6,15,Clock,6,29,0,0,34.01912,0.2413556707679431
6,15,Clock,6,29,0,0,35.01377,0.24315846475517042
6,15,Clock,6,29,0,0,36.01718,0.24498637189826994
6,15,Clock,6,29,0,0,37.01274,0.24680912897682494
6,15,Clock,6,29,0,0,38.01831,0.24865944596356043
6,15,Clock,6,29,0,0,39.01217,0.2504973105259984
6,15,Clock,6,29,0,0,40.01754,0.25236564358250735
6,15,Clock,6,29,0,0,41.01052,0.25421998998475237
6,15,Clock,6,29,0,0,42.01724,0.2561091341335815
6,15,Clock,6,29,0,0,43.02027,0.25800049470952435
6,15,Clock,6,29,0,0,44.01577,0.2598866343748222
6,15,Clock,6,29,0,0,45.02153,0.2618012786492481
6,15,Clock,6,29,0,0,46.01505,0.26370153369178406
6,15,Clock,6,29,0,0,47.02,0.2656326382979939
6,15,Clock,6,29,0,0,48.01451,0.2675525427339581
6,15,Clock,6,29,0,0,49.02043,0.26950340972859893
6,15,Clock,6,29,0,0,50.01405,0.2714392069451501
6,15,Clock,6,29,0,0,51.02033,0.27340853836147716
6,15,Clock,6,29,0,0,52.01211,0.27535819702444375
6,15,Clock,6,29,0,0,53.01879,0.2773459302520072
6,15,Clock,6,29,0,0,54.01346,0.27931860478971104
6,15,Clock,6,29,0,0,55.01865,0.28132085820699465
6,15,Clock,6,29,0,0,56.0123,0.283308679248386
6,15,Clock,6,29,0,0,57.01873,0.28533070703967606
6,15,Clock,6,29,0,0,58.01094,0.2873326259484885
6,15,Clock,6,29,0,0,59.01741,0.2893718549895581
6,15,Clock,6,29,0,0,60.01103,0.29139343651252164
6,15,Clock,6,29,0,0,61.01686,0.29344831439443547
6,15,Clock,6,29,0,0,62.02135,0.29550887982501267
6,15,Clock,6,29,0,0,63.01606,0.2975576345789777
6,15,Clock,6,29,0,0,64.01111,0.2996152559021116
6,15,Clock,6,29,0,0,65.01536,0.3017001342275024
6,15,Clock,6,29,0,0,66.01973,0.303793482410586
6,15,Clock,6,29,0,0,67.01254,0.3058707617924663
6,15,Clock,6,29,0,0,68.02018,0.30798715660314846
6,15,Clock,6,29,0,0,69.01416,0.3100828054978442
6,15,Clock,6,29,0,0,70.02119,0.3122139415092197
6,15,Clock,6,29,0,0,71.01406,0.31432293318568333
6,15,Clock,6,29,0,0,72.01811,0.3164634882320742
6,15,Clock,6,29,0,0,73.01423,0.31859483902380614
6,15,Clock,6,29,0,0,74.01737,0.32074892411038
6,15,Clock,6,29,0,0,75.01094,0.32289000193216766
6,15,Clock,6,29,0,0,76.0176,0.3250668929891733
6,15,Clock,6,29,0,0,77.02081,0.3272438710861115
6,15,Clock,6,29,0,0,78.01769,0.32941450072087436
6,15,Clock,6,29,0,0,79.01154,0.3315858034309374
6,15,Clock,6,29,0,0,80.01762,0.3337911300779409
6,15,Clock,6,29,0,0,81.01078,0.33597531489042626
6,15,Clock,6,29,0,0,82.01668,0.33819467655599506
6,15,Clock,6,29,0,0,83.01159,0.3403968267852583
6,15,Clock,6,29,0,0,84.0154,0.3426256931068096
6,15,Clock,6,29,0,0,85.0213,0.34486616968396777
6,15,Clock,6,29,0,0,86.01613,0.34708879032018103
6,15,Clock,6,29,0,0,87.02153,0.34934182929077945
6,15,Clock,6,29,0,0,88.01397,0.35157244013704664
6,15,Clock,6,29,0,0,89.02009,0.35384042968506507
6,15,Clock,6,29,0,0,90.0147,0.35608896761103087
6,15,Clock,6,29,0,0,91.01833,0.3583643436578782
6,15,Clock,6,29,0,0,92.01338,0.36062657518025837
6,15,Clock,6,29,0,0,93.01836,0.36291766969201206
6,15,Clock,6,29,0,0,94.01306,0.3651914992916916
6,15,Clock,6,29,0,0,95.01991,0.36749923340877216
6,15,Clock,6,29,0,0,96.01231,0.3697797875601818
6,15,Clock,6,29,0,0,97.01806,0.37209698632937815
6,15,Clock,6,29,0,0,98.01287,0.3743947769284417
6,15,Clock,6,29,0,0,99.0177,0.37672146792126393
6,15,Clock,6,29,0,0,100.0129,0.3790314815903587
6,15,Clock,6,29,0,0,101.0174,0.3813686577183483
6,15,Clock,6,29,0,0,102.012,0.38368821803542597
6,15,Clock,6,29,0,0,103.0166,0.38603648979548455
6,15,Clock,6,29,0,0,104.0114,0.3883670828290716
6,15,Clock,6,29,0,0,105.016,0.39072583605336236
6,15,Clock,6,29,0,0,106.0215,0.39309182872816617
6,15,Clock,6,29,0,0,107.0152,0.39543498908143926
6,15,Clock,6,29,0,0,108.0193,0.3978075764280465
6,15,Clock,6,29,0,0,109.015,0.4001650500108261
6,15,Clock,6,29,0,0,110.0205,0.402550436117215
6,15,Clock,6,29,0,0,111.0144,0.4049128336663858
6,15,Clock,6,29,0,0,112.0205,0.40730874029934455
6,15,Clock,6,29,0,0,113.0114,0.4096727544469396
6,15,Clock,6,29,0,0,114.0195,0.4120821043125003
6,15,Clock,6,29,0,0,115.0128,0.4144602084988504
6,15,Clock,6,29,0,0,116.0194,0.4168742236001087
6,15,Clock,6,29,0,0,117.0126,0.41926002283382835
6,15,Clock,6,29,0,0,118.0177,0.4216782423061381
6,15,Clock,6,29,0,0,119.0121,0.42407442929192535
6,15,Clock,6,29,0,0,120.0173,0.42650028186055616
6,15,Clock,6,29,0,0,121.0209,0.4289257828690174
6,15,Clock,6,29,0,0,122.0168,0.43133607747294733
6,15,Clock,6,29,0,0,123.0214,0.43377072131458827
6,15,Clock,6,29,0,0,124.0167,0.43618598300629946
6,15,Clock,6,29,0,0,125.021,0.43862616330157583
6,15,Clock,6,29,0,0,126.0145,0.44104301929054796
6,15,Clock,6,29,0,0,127.0109,0.4434697372579689
6,15,Clock,6,29,0,0,128.0153,0.4459186800522271
6,15,Clock,6,29,0,0,129.0204,0.4483719466105808
6,15,Clock,6,29,0,0,130.0143,0.45080034972811367
6,15,Clock,6,29,0,0,131.0208,0.45326193819399907
6,15,Clock,6,29,0,0,132.0134,0.45569177080336676
6,15,Clock,6,29,0,0,133.019,0.45815558028508985
6,15,Clock,6,29,0,0,134.0134,0.4605939633526302
6,15,Clock,6,29,0,0,135.0182,0.4630597812140333
6,15,Clock,6,29,0,0,136.0138,0.4655047656418636
6,15,Clock,6,29,0,0,137.0193,0.4679757905320534
6,15,Clock,6,29,0,0,138.0129,0.4704190736442858
6,15,Clock,6,29,0,0,139.018,0.47289212866385516
6,15,Clock,6,29,0,0,140.0114,0.4753376581942189
6,15,Clock,6,29,0,0,141.0173,0.47781519558037544
6,15,Clock,6,29,0,0,142.0123,0.4802669363853209
6,15,Clock,6,29,0,0,143.0174,0.4827445324785995
6,15,Clock,6,29,0,0,144.0198,0.48521635399926055
6,15,Clock,6,29,0,0,145.0158,0.4876730516246371
6,15,Clock,6,29,0,0,146.022,0.49015557070019783
6,15,Clock,6,29,0,0,147.0161,0.49260867589536395
6,15,Clock,6,29,0,0,148.0215,0.49509004413270097
6,15,Clock,6,29,0,0,149.0159,0.4975444984296994
6,15,Clock,6,29,0,0,150.0214,0.500026453554913
6,15,Clock,6,29,0,0,151.0148,0.5024785774140224
6,15,Clock,6,29,0,0,152.0203,0.5049604098342209
6,15,Clock,6,29,0,0,153.015,0.5074153745270242
6,15,Clock,6,29,0,0,154.0197,0.509894642620162
6,15,Clock,6,29,0,0,155.0137,0.5123470370059351
6,15,Clock,6,29,0,0,156.0195,0.5148279266222482
6,15,Clock,6,29,0,0,157.0139,0.5172799835879538
6,15,Clock,6,29,0,0,158.0179,0.5197548630293511
6,15,Clock,6,29,0,0,159.0134,0.5222078353483228
6,15,Clock,6,29,0,0,160.0171,0.524679951468663
6,15,Clock,6,29,0,0,161.0113,0.5271274624272265
6,15,Clock,6,29,0,0,162.0164,0.5296004688913243
6,15,Clock,6,29,0,0,163.022,0.5320732607120812
6,15,Clock,6,29,0,0,164.0161,0.5345162141210842
6,15,Clock,6,29,0,0,165.022,0.5369865061476364
6,15,Clock,6,29,0,0,166.0165,0.5394269858005479
6,15,Clock,6,29,0,0,167.0112,0.5418661001775154
6,15,Clock,6,29,0,0,168.0158,0.5443274247642199
6,15,Clock,6,29,0,0,169.0202,0.5467861378859725
6,15,Clock,6,29,0,0,170.0141,0.5492168708313243
6,15,Clock,6,29,0,0,171.0207,0.5516762969472283
6,15,Clock,6,29,0,0,172.0139,0.5541004783090611
6,15,Clock,6,29,0,0,173.0192,0.5565515753140988
6,15,Clock,6,29,0,0,174.013,0.5589719551015985
6,15,Clock,6,29,0,0,175.0175,0.5614155403659924
6,15,Clock,6,29,0,0,176.0135,0.5638355132156786
6,15,Clock,6,29,0,0,177.0181,0.5662732826010992
6,15,Clock,6,29,0,0,178.0124,0.5686829420734096
6,15,Clock,6,29,0,0,179.0186,0.5711181018271383
6,15,Clock,6,29,0,0,180.0117,0.5735182053122344
6,15,Clock,6,29,0,0,181.0171,0.5759445088294795
6,15,Clock,6,29,0,0,182.0113,0.5783401895272242
6,15,Clock,6,29,0,0,183.0171,0.5807600673150884
6,15,Clock,6,29,0,0,184.0217,0.5831731734608163
6,15,Clock,6,29,0,0,185.0134,0.585551406474271
6,15,Clock,6,29,0,0,186.0216,0.5879651511384597
6,15,Clock,6,29,0,0,187.0153,0.5903400225972009
6,15,Clock,6,29,0,0,188.0214,0.592740219967704
6,15,Clock,6,29,0,0,189.0154,0.5951072479741202
6,15,Clock,6,29,0,0,190.0175,0.5974891011943163
6,15,Clock,6,29,0,0,191.0144,0.599854032342618
6,15,Clock,6,29,0,0,192.0198,0.6022344217457942
6,15,Clock,6,29,0,0,193.0143,0.6045842325062184
6,15,Clock,6,29,0,0,194.0198,0.6069551721356065
6,15,Clock,6,29,0,0,195.0145,0.6092956537419356
6,15,Clock,6,29,0,0,196.0186,0.6116531968531386
6,15,Clock,6,29,0,0,197.0138,0.6139846733925315
6,15,Clock,6,29,0,0,198.0177,0.6163312758752262
6,15,Clock,6,29,0,0,199.0128,0.618651964216043
6,15,Clock,6,29,0,0,200.015,0.620983736975943
6,15,Clock,6,29,0,0,201.0131,0.6233004530358652
6,15,Clock,6,29,0,0,202.0175,0.6256260842736797
6,15,Clock,6,29,0,0,203.0224,0.6279470895948532
6,15,Clock,6,29,0,0,204.0173,0.6302392130068756
6,15,Clock,6,29,0,0,205.0222,0.6325484160830429
6,15,Clock,6,29,0,0,206.0159,0.6348259177548036
6,15,Clock,6,29,0,0,207.0197,0.6371204612197962
6,15,Clock,6,29,0,0,208.0167,0.6393932836775589
6,15,Clock,6,29,0,0,209.0206,0.6416755697855249
6,15,Clock,6,29,0,0,210.0151,0.6439301760085785
6,15,Clock,6,29,0,0,211.0197,0.6462011866352976
6,15,Clock,6,29,0,0,212.0139,0.6484422314069903
6,15,Clock,6,29,0,0,213.0196,0.6507025744948133
6,15,Clock,6,29,0,0,214.0141,0.6529310691321745
6,15,Clock,6,29,0,0,215.0178,0.6551734397520361
6,15,Clock,6,29,0,0,216.012,0.6573877504274226
6,15,Clock,6,29,0,0,217.0189,0.6596234413434328
6,15,Clock,6,29,0,0,218.0127,0.6618230492797993
6,15,Clock,6,29,0,0,219.0185,0.664042135201918
6,15,Clock,6,29,0,0,220.0132,0.6662296472986309
6,15,Clock,6,29,0,0,221.0173,0.6684305975698317
6,15,Clock,6,29,0,0,222.0124,0.6706045747683287
6,15,Clock,6,29,0,0,223.017,0.6727919060635742
6,15,Clock,6,29,0,0,224.0219,0.6749724134571474
6,15,Clock,6,29,0,0,225.0162,0.6771225040907854
6,15,Clock,6,29,0,0,226.0217,0.6792891892944072
6,15,Clock,6,29,0,0,227.0157,0.6814235478110582
6,15,Clock,6,29,0,0,228.0207,0.6835738154691162
6,15,Clock,6,29,0,0,229.0154,0.685694314260975
6,15,Clock,6,29,0,0,230.0205,0.6878291556593952
6,15,Clock,6,29,0,0,231.0153,0.6899343306117526
6,15,Clock,6,29,0,0,232.0194,0.6920511874381547
6,15,Clock,6,29,0,0,233.0133,0.6941386639484269
6,15,Clock,6,29,0,0,234.0184,0.6962415576547982
6,15,Clock,6,29,0,0,235.0122,0.698312789598868
6,15,Clock,6,29,0,0,236.0163,0.7003972849789251
6,15,Clock,6,29,0,0,237.0122,0.7024566359349961
6,15,Clock,6,29,0,0,238.0178,0.7045277193702806
6,15,Clock,6,29,0,0,239.0128,0.7065686994943832
6,15,Clock,6,29,0,0,240.0172,0.7086205754559902
6,15,Clock,6,29,0,0,241.0219,0.7106645983357051
6,15,Clock,6,29,0,0,242.0162,0.7126790872723947
6,15,Clock,6,29,0,0,243.0118,0.7146877619904846
6,15,Clock,6,29,0,0,244.017,0.7167072483136333
6,15,Clock,6,29,0,0,245.0216,0.71871687836277
6,15,Clock,6,29,0,0,246.0154,0.720696306393834
6,15,Clock,6,29,0,0,247.0208,0.7226901578872255
6,15,Clock,6,29,0,0,248.0148,0.7246527582174901
6,15,Clock,6,29,0,0,249.0202,0.7266290792530061
6,15,Clock,6,29,0,0,250.0158,0.7285773711507855
6,15,Clock,6,29,0,0,251.0202,0.7305340700444702
6,15,Clock,6,29,0,0,252.0149,0.732463036352717
6,15,Clock,6,29,0,0,253.0197,0.7344026989327838
6,15,Clock,6,29,0,0,254.0136,0.736312446618611
6,15,Clock,6,29,0,0,255.0182,0.738233796079937
6,15,Clock,6,29,0,0,256.0139,0.7401291348440755
6,15,Clock,6,29,0,0,257.0173,0.7420301679772293
6,15,Clock,6,29,0,0,258.013,0.7439075830451269
6,15,Clock,6,29,0,0,259.0187,0.7457947537338926
6,15,Clock,6,29,0,0,260.021,0.7476663678609095
6,15,Clock,6,29,0,0,261.0178,0.749518647488543
6,15,Clock,6,29,0,0,262.0128,0.7513585307050661
6,15,Clock,6,29,0,0,263.0165,0.7532053691808175
6,15,Clock,6,29,0,0,264.022,0.7550461944541125
6,15,Clock,6,29,0,0,265.0162,0.7568572051281434
6,15,Clock,6,29,0,0,266.0201,0.7586766499653704
6,15,Clock,6,29,0,0,267.0135,0.7604678527455583
6,15,Clock,6,29,0,0,268.0216,0.7622763008598422
6,15,Clock,6,29,0,0,269.0137,0.7640468134387559
6,15,Clock,6,29,0,0,270.0212,0.7658354802397925
6,15,Clock,6,29,0,0,271.0142,0.767589125815679
6,15,Clock,6,29,0,0,272.0176,0.7693518809805578
6,15,Clock,6,29,0,0,273.0138,0.7710926483978326
6,15,Clock,6,29,0,0,274.0176,0.7728373823813984
6,15,Clock,6,29,0,0,275.0136,0.7745592364035819
6,15,Clock,6,29,0,0,276.0194,0.776288615243652
6,15,Clock,6,29,0,0,277.011,0.7779842777578724
6,15,Clock,6,29,0,0,278.0184,0.7796975988975384
6,15,Clock,6,29,0,0,279.0128,0.7813794349699198
6,15,Clock,6,29,0,0,280.0181,0.7830703291009159
6,15,Clock,6,29,0,0,281.0127,0.7847338821293591
6,15,Clock,6,29,0,0,282.0156,0.786401925302109
6,15,Clock,6,29,0,0,283.0111,0.7880483547006085
6,15,Clock,6,29,0,0,284.0166,0.7897018512252728
6,15,Clock,6,29,0,0,285.0219,0.7913455652404981
6,15,Clock,6,29,0,0,286.016,0.7929615958324372
6,15,Clock,6,29,0,0,287.0216,0.7945869504835648
6,15,Clock,6,29,0,0,288.0144,0.7961822886725041
6,15,Clock,6,29,0,0,289.0197,0.7977883208060828
6,15,Clock,6,29,0,0,290.0124,0.7993648803481642
6,15,Clock,6,29,0,0,291.018,0.8009525844283564
6,15,Clock,6,29,0,0,292.0144,0.8025164067064223
6,15,Clock,6,29,0,0,293.0191,0.8040838598072091
6,15,Clock,6,29,0,0,294.0126,0.8056245686343424
6,15,Clock,6,29,0,0,295.0191,0.8071760464867893
6,15,Clock,6,29,0,0,296.0124,0.8086978970673783
6,15,Clock,6,29,0,0,297.0182,0.8102295568292771
6,15,Clock,6,29,0,0,298.0114,0.8117328367179889
6,15,Clock,6,29,0,0,299.0173,0.8132459460049887
6,15,Clock,6,29,0,0,300.0121,0.8147331147461495
6,15,Clock,6,29,0,0,301.018,0.8162276150424704
6,15,RF time only,6,8,0,0,0.0111263,0.0
6,15,RF time only,6,8,0,0,1.012533,0.0
6,15,RF time only,6,8,0,0,2.006725,0.0
6,15,RF time only,6,8,0,0,3.011544,0.0
6,15,RF time only,6,8,0,0,4.002677,0.0
6,15,RF time only,6,8,0,0,5.009711,0.049228499186750825
6,15,RF time only,6,8,0,0,6.004739,0.0
6,15,RF time only,6,8,0,0,7.009674,0.02161290467828309
6,15,RF time only,6,8,0,0,8.003508,0.006834556078488567
6,15,RF time only,6,8,0,0,9.006954,0.0
6,15,RF time only,6,8,0,0,10.00293,0.004346841117512737
6,15,RF time only,6,8,0,0,11.00604,0.017441386612871507
6,15,RF time only,6,8,1,1,12.00364,0.0
6,15,RF time only,6,8,1,1,13.00802,0.0
6,15,RF time only,6,8,1,1,14.00243,0.0
6,15,RF time only,6,8,1,1,15.00691,0.0
6,15,RF time only,6,8,1,1,16.01181,0.04257385655374663
6,15,RF time only,6,8,1,1,17.00746,0.0
6,15,RF time only,6,8,1,1,18.01327,0.035723802488869714
6,15,RF time only,6,8,1,1,19.00703,0.0
6,15,RF time only,6,8,1,1,20.01132,0.02663393716834356
6,15,RF time only,6,8,1,1,21.00361,0.0
6,15,RF time only,6,8,1,1,22.01139,0.3665799885783003
6,15,RF time only,6,8,1,1,23.00565,0.0
6,15,RF time only,6,8,1,1,24.01185,0.013084969200476743
6,15,RF time only,6,8,1,1,25.00333,0.0
6,15,RF time only,6,8,1,1,26.01048,0.1389472155521528
6,15,RF time only,6,8,1,1,27.0047,0.0
6,15,RF time only,6,8,1,1,28.00931,0.16118270070970395
6,15,RF time only,6,8,1,1,29.00375,0.04801608724894099
6,15,RF time only,6,8,1,1,30.00954,0.1726459629302134
6,15,RF time only,6,8,1,1,31.00254,0.0
6,15,RF time only,6,8,1,1,32.00864,0.0
6,15,RF time only,6,8,1,1,33.0032,0.471907286870992
6,15,RF time only,6,8,1,1,34.00835,0.0
6,15,RF time only,6,8,1,1,35.01365,0.0117647396562356
6,15,RF time only,6,8,1,1,36.00763,0.0
6,15,RF time only,6,8,1,1,37.01249,0.2803487017862137
6,15,RF time only,6,8,1,1,38.00724,0.0
6,15,RF time only,6,8,1,1,39.01177,0.2000370951969951
6,15,RF time only,6,8,1,1,40.00622,0.4349141095920693
6,15,RF time only,6,8,1,1,41.01126,0.004052493623014719
6,15,RF time only,6,8,1,1,42.00632,0.004611834392297557
6,15,RF time only,6,8,1,1,43.01094,0.0013575536385755365
6,15,RF time only,6,8,1,1,44.00538,0.12045350142800719
6,15,RF time only,6,8,1,1,45.00897,0.00929622122411103
6,15,RF time only,6,8,1,1,46.00489,0.014194221710701083
6,15,RF time only,6,8,1,1,47.00764,0.3444455422577015
6,15,RF time only,6,8,1,1,48.00322,0.009920258733344088
6,15,RF time only,6,8,1,1,49.0089,0.02648601375587608
6,15,RF time only,6,8,1,1,50.00442,0.15387962298743757
6,15,RF time only,6,8,1,1,51.00952,0.0019273841801249563
6,15,RF time only,6,8,1,1,52.00426,0.3754210366850751
6,15,RF time only,6,8,1,1,53.00848,0.007028385964920017
6,15,RF time only,6,8,1,1,54.00241,0.04203720701822227
6,15,RF time only,6,8,1,1,55.00602,0.49188644170413215
6,15,RF time only,6,8,1,1,56.01323,0.007344360023111391
6,15,RF time only,6,8,1,1,57.00426,0.2259453195257654
6,15,RF time only,6,8,1,1,58.01067,0.22974834939064082
6,15,RF time only,6,8,1,1,59.0066,0.9079594029809834
6,15,RF time only,6,8,1,1,60.01128,0.3765311286083225
6,15,RF time only,6,8,1,1,61.00568,0.8096325286307264
6,15,RF time only,6,8,1,1,62.01031,0.13200172025611195
6,15,RF time only,6,8,1,1,63.005,0.3910970242660387
6,15,RF time only,6,8,1,1,64.01,0.1121418220918186
6,15,RF time only,6,8,1,1,65.00407,0.0
6,15,RF time only,6,8,1,1,66.01032,0.0024388930260309935
6,15,RF time only,6,8,1,1,67.00389,0.023552634115705257
6,15,RF time only,6,8,1,1,68.00977,0.001366910460992908
6,15,RF time only,6,8,1,1,69.00293,0.0
6,15,RF time only,6,8,1,1,70.00932,0.0019470313175370345
6,15,RF time only,6,8,1,1,71.00261,0.007552048896343252
6,15,RF time only,6,8,1,1,72.00746,0.03355345670407095
6,15,RF time only,6,8,1,1,73.00294,0.008221916047772795
6,15,RF time only,6,8,1,1,74.00814,0.06050737450773877
6,15,RF time only,6,8,1,1,75.01319,0.4024889866370727
6,15,RF time only,6,8,1,1,76.00666,0.07660917309561956
6,15,RF time only,6,8,1,1,77.01159,0.332901191306863
6,15,RF time only,6,8,1,1,78.00659,0.8474373304229036
6,15,RF time only,6,8,1,1,79.01199,0.47467300178354627
6,15,RF time only,6,8,1,1,80.0071,0.48081783991140525
6,15,RF time only,6,8,1,1,81.01176,0.4195295155384285
6,15,RF time only,6,8,1,1,82.00599,0.3864150579413142
6,15,RF time only,6,8,1,1,83.01203,0.02942441522219165
6,15,RF time only,6,8,1,1,84.00549,0.4679130292961975
6,15,RF time only,6,8,1,1,85.01128,0.8109945184523173
6,15,RF time only,6,8,1,1,86.00328,0.0029766924613305553
6,15,RF time only,6,8,1,1,87.01077,0.007393002507532643
6,15,RF time only,6,8,1,1,88.00428,0.009507031438582947
6,15,RF time only,6,8,1,1,89.00924,0.2013293322746988
6,15,RF time only,6,8,1,1,90.00323,0.004698687825069601
6,15,RF time only,6,8,1,1,91.00959,0.11237168913850859
6,15,RF time only,6,8,1,1,92.0034,0.001920704153404849
6,15,RF time only,6,8,1,1,93.00835,0.043668318256155955
6,15,RF time only,6,8,1,1,94.01284,0.4550042138071414
6,15,RF time only,6,8,1,1,95.00739,0.09447946356895041
6,15,RF time only,6,8,1,1,96.01205,0.7204730074659093
6,15,RF time only,6,8,1,1,97.00794,0.5922847217862648
6,15,RF time only,6,8,1,1,98.01041,0.8915147034725465
6,15,RF time only,6,8,1,1,99.0069,0.24655023593463335
6,15,RF time only,6,8,1,1,100.0121,0.6880572776259624
6,15,RF time only,6,8,1,1,101.0061,0.0
6,15,RF time only,6,8,1,1,102.0104,0.7433327844275355
6,15,RF time only,6,8,1,1,103.0028,0.001028916428344455
6,15,RF time only,6,8,1,1,104.0098,0.8779494677377846
6,15,RF time only,6,8,1,1,105.0038,0.005199767893693521
6,15,RF time only,6,8,1,1,106.0078,0.4121506252950031
6,15,RF time only,6,8,1,1,107.0034,0.009195699446731051
6,15,RF time only,6,8,1,1,108.0105,0.8397755048298453
6,15,RF time only,6,8,1,1,109.0032,0.004369249098375909
6,15,RF time only,6,8,1,1,110.0085,0.30225377166317563
6,15,RF time only,6,8,1,1,111.0039,0.0
6,15,RF time only,6,8,1,1,112.0084,0.8608692480284897
6,15,RF time only,6,8,1,1,113.0033,0.0
6,15,RF time only,6,8,1,1,114.0078,0.03800469382830906
6,15,RF time only,6,8,1,1,115.0025,0.0
6,15,RF time only,6,8,1,1,116.0068,0.028228961416123195
6,15,RF time only,6,8,1,1,117.013,0.23313811184537125
6,15,RF time only,6,8,1,1,118.0074,0.14637242937223838
6,15,RF time only,6,8,1,1,119.0124,0.25868626190403926
6,15,RF time only,6,8,1,1,120.0065,0.016037000587552305
6,15,RF time only,6,8,1,1,121.0116,0.36318361913913655
6,15,RF time only,6,8,1,1,122.0045,0.040736068604292894
6,15,RF time only,6,8,1,1,123.0113,0.3704837696408081
6,15,RF time only,6,8,1,1,124.0041,0.011627181198340924
6,15,RF time only,6,8,1,1,125.0098,0.3825609681549241
6,15,RF time only,6,8,1,1,126.0048,0.0568360829568012
6,15,RF time only,6,8,1,1,127.0095,0.5351049379285694
6,15,RF time only,6,8,1,1,128.0036,0.004817040513519174
6,15,RF time only,6,8,1,1,129.009,0.4241326005365529
6,15,RF time only,6,8,1,1,130.0039,0.010147705398161686
6,15,RF time only,6,8,1,1,131.0088,0.14567199363584
6,15,RF time only,6,8,1,1,132.0122,0.18234945503864597
6,15,RF time only,6,8,1,1,133.0076,0.09184865935960987
6,15,RF time only,6,8,1,1,134.0139,0.6161876802502391
6,15,RF time only,6,8,1,1,135.0082,0.2775870881406314
6,15,RF time only,6,8,1,1,136.0131,0.5964871003818354
6,15,RF time only,6,8,1,1,137.0078,0.2587935555422778
6,15,RF time only,6,8,1,1,138.013,0.6982097767405637
6,15,RF time only,6,8,1,1,139.0039,0.13759713175946064
6,15,RF time only,6,8,1,1,140.0123,0.8838380090817317
6,15,RF time only,6,8,1,1,141.0059,0.1072162787177595
6,15,RF time only,6,8,1,1,142.0129,0.7945396890494689
6,15,RF time only,6,8,1,1,143.0045,0.0675464800412187
6,15,RF time only,6,8,1,1,144.0114,0.7818815177480061
6,15,RF time only,6,8,1,1,145.0053,0.06935330324259821
6,15,RF time only,6,8,1,1,146.01,0.1073397137355592
6,15,RF time only,6,8,1,1,147.0052,0.07246748822464787
6,15,RF time only,6,8,1,1,148.0087,0.07448567488710259
6,15,RF time only,6,8,1,1,149.0129,0.8623322477069201
6,15,RF time only,6,8,1,1,150.0087,0.477245043150398
6,15,RF time only,6,8,1,1,151.0138,0.7589466414007559
6,15,RF time only,6,8,1,1,152.0095,0.6571189605670993
6,15,RF time only,6,8,1,1,153.0142,0.17381074613430061
6,15,RF time only,6,8,1,1,154.0081,0.5035142658185351
6,15,RF time only,6,8,1,1,155.0137,0.5976421154725933
6,15,RF time only,6,8,1,1,156.0075,0.03195729488412404
6,15,RF time only,6,8,1,1,157.0126,0.17235889336431237
6,15,RF time only,6,8,1,1,158.0068,0.026473763693141465
6,15,RF time only,6,8,1,1,159.0132,0.6233333494587854
6,15,RF time only,6,8,1,1,160.0063,0.02258352778351332
6,15,RF time only,6,8,1,1,161.0108,0.3577416307264078
6,15,RF time only,6,8,1,1,162.006,0.012569046693813736
6,15,RF time only,6,8,1,1,163.0109,0.8965899590947417
6,15,RF time only,6,8,1,1,164.0049,0.07130795273733619
6,15,RF time only,6,8,1,1,165.01,0.661730655543368
6,15,RF time only,6,8,1,1,166.0045,0.04141187949454825
6,15,RF time only,6,8,1,1,167.0095,0.3916258813251033
6,15,RF time only,6,8,1,1,168.0032,0.01531875172374052
6,15,RF time only,6,8,1,1,169.0091,0.5031354983539776
6,15,RF time only,6,8,1,1,170.0035,0.05879737165978867
6,15,RF time only,6,8,1,1,171.0077,0.36812531783563035
6,15,RF time only,6,8,1,1,172.0033,0.2753374429916654
6,15,RF time only,6,8,1,1,173.0079,0.6286186864819432
6,15,RF time only,6,8,1,1,174.0131,0.49806240091035203
6,15,RF time only,6,8,1,1,175.0073,0.4782818196023707
6,15,RF time only,6,8,1,1,176.0123,0.6474570941021027
6,15,RF time only,6,8,1,1,177.0065,0.1728387027213629
6,15,RF time only,6,8,1,1,178.0104,0.4529883379597166
6,15,RF time only,6,8,1,1,179.0055,0.04734170272924318
6,15,RF time only,6,8,1,1,180.0111,0.4566525803200519
6,15,RF time only,6,8,1,1,181.0053,0.051946104086950724
6,15,RF time only,6,8,1,1,182.0111,0.5271384818979549
6,15,RF time only,6,8,1,1,183.0054,0.05613152563930381
6,15,RF time only,6,8,1,1,184.0106,0.7059215645748095
6,15,RF time only,6,8,1,1,185.0048,0.03521606380795109
6,15,RF time only,6,8,1,1,186.01,0.2574224817689617
6,15,RF time only,6,8,1,1,187.0047,0.023600613557781806
6,15,RF time only,6,8,1,1,188.0081,0.4951290042037251
6,15,RF time only,6,8,1,1,189.0033,0.8558096005208885
6,15,RF time only,6,8,1,1,190.0063,0.19570063486675998
6,15,RF time only,6,8,1,1,191.0028,0.30406144209173663
6,15,RF time only,6,8,1,1,192.0089,0.5723507910822838
6,15,RF time only,6,8,1,1,193.0028,0.270216135068071
6,15,RF time only,6,8,1,1,194.0075,0.5285105097036376
6,15,RF time only,6,8,1,1,195.0103,0.7236517562711795
6,15,RF time only,6,8,1,1,196.0071,0.48036243484349966
6,15,RF time only,6,8,1,1,197.013,0.5820398163137577
6,15,RF time only,6,8,1,1,198.0058,0.376757433567572
6,15,RF time only,6,8,1,1,199.0128,0.8448573295899401
6,15,RF time only,6,8,1,1,200.0057,0.4239233926773244
6,15,RF time only,6,8,1,1,201.0118,0.674054183424075
6,15,RF time only,6,8,1,1,202.0059,0.25060171833593253
6,15,RF time only,6,8,1,1,203.0114,0.8310053955563118
6,15,RF time only,6,8,1,1,204.0047,0.11772092609552795
6,15,RF time only,6,8,1,1,205.0115,0.4172371529645208
6,15,RF time only,6,8,1,1,206.0058,0.5138243927065976
6,15,RF time only,6,8,1,1,207.0091,0.4329372646557755
6,15,RF time only,6,8,1,1,208.0048,0.5606035408568107
6,15,RF time only,6,8,1,1,209.0109,0.19486367414606065
6,15,RF time only,6,8,1,1,210.0142,0.7723066687726594
6,15,RF time only,6,8,1,1,211.0105,0.831190654649749
6,15,RF time only,6,8,1,1,212.0143,0.4676260011926754
6,15,RF time only,6,8,1,1,213.0075,0.567909463535071
6,15,RF time only,6,8,1,1,214.0034,0.8746161375836209
6,15,RF time only,6,8,1,1,215.0077,0.3990591072737599
6,15,RF time only,6,8,1,1,216.0128,0.3066957854414101
6,15,RF time only,6,8,1,1,217.0073,0.6586029060450953
6,15,RF time only,6,8,1,1,218.0133,0.7644491666478225
6,15,RF time only,6,8,1,1,219.0063,0.7138518125174252
6,15,RF time only,6,8,1,1,220.0116,0.9867896572466603
6,15,RF time only,6,8,1,1,221.0034,0.47305655742386543
6,15,RF time only,6,8,1,1,222.0124,0.5013243575203453
6,15,RF time only,6,8,1,1,223.0052,0.42561201610083127
6,15,RF time only,6,8,1,1,224.0106,0.30561107319250225
6,15,RF time only,6,8,1,1,225.0051,0.31470787225086494
6,15,RF time only,6,8,1,1,226.011,0.8503887358655114
6,15,RF time only,6,8,1,1,227.0034,0.38203709510729555
6,15,RF time only,6,8,1,1,228.0098,0.9461994503095041
6,15,RF time only,6,8,1,1,229.0035,0.2877327957526669
6,15,RF time only,6,8,1,1,230.0087,0.7190671693571741
6,15,RF time only,6,8,1,1,231.003,0.38618064546859737
6,15,RF time only,6,8,1,1,232.008,0.7460898670051064
6,15,RF time only,6,8,1,1,233.0139,0.7500776417365947
6,15,RF time only,6,8,1,1,234.0074,0.9484635729743728
6,15,RF time only,6,8,1,1,235.0029,0.26118250264883275
6,15,RF time only,6,8,1,1,236.0081,0.6416293822786254
6,15,RF time only,6,8,1,1,237.012,0.6177028615825031
6,15,RF time only,6,8,1,1,238.0068,0.5939820634690233
6,15,RF time only,6,8,1,1,239.0122,0.9307137456237922
6,15,RF time only,6,8,1,1,240.0048,0.17119220349381056
6,15,RF time only,6,8,1,1,241.0114,0.8022983663394032
6,15,RF time only,6,8,1,1,242.0057,0.22010620203585474
6,15,RF time only,6,8,1,1,243.0114,0.8941200497774351
6,15,RF time only,6,8,1,1,244.005,0.21825623907420555
6,15,RF time only,6,8,1,1,245.0085,0.5430512094051193
6,15,RF time only,6,8,1,1,246.0043,0.3232002565176163
6,15,RF time only,6,8,1,1,247.0102,0.9948984260714155
6,15,RF time only,6,8,1,1,248.0034,0.09934474849406899
6,15,RF time only,6,8,1,1,249.0086,0.6231014583023078
6,15,RF time only,6,8,1,1,250.012,0.6133185029992149
6,15,RF time only,6,8,1,1,251.0087,0.4952853580936007
6,15,RF time only,6,8,1,1,252.0134,0.8916574002152858
6,15,RF time only,6,8,1,1,253.0077,0.8435609067066286
6,15,RF time only,6,8,1,1,254.0119,0.5777863047211831
6,15,RF time only,6,8,1,1,255.0081,0.854501024323564
6,15,RF time only,6,8,1,1,256.0134,0.43491558516559353
6,15,RF time only,6,8,1,1,257.007,0.40570719606779126
6,15,RF time only,6,8,1,1,258.0121,0.7153573406405858
6,15,RF time only,6,8,1,1,259.007,0.40645258940866263
6,15,RF time only,6,8,1,1,260.0117,0.9091586529960498
6,15,RF time only,6,8,1,1,261.005,0.03979401362105128
6,15,RF time only,6,8,1,1,262.0108,0.9203884608114505
6,15,RF time only,6,8,1,1,263.0057,0.3073180786057579
6,15,RF time only,6,8,1,1,264.01,0.8991224087053911
6,15,RF time only,6,8,1,1,265.0052,0.6627234093629144
6,15,RF time only,6,8,1,1,266.0104,0.6992406465386553
6,15,RF time only,6,8,1,1,267.0128,0.997981459229339
6,15,RF time only,6,8,1,1,268.0097,0.9767133037737066
6,15,RF time only,6,8,1,1,269.0036,0.5518179724536754
6,15,RF time only,6,8,1,1,270.0091,0.7171781856551985
6,15,RF time only,6,8,1,1,271.014,0.9497220444854838
6,15,RF time only,6,8,1,1,272.0055,0.2414227265438357
6,15,RF time only,6,8,1,1,273.0126,0.8065867542241462
6,15,RF time only,6,8,1,1,274.0073,0.6728835823872807
6,15,RF time only,6,8,1,1,275.0133,0.9070672633006716
6,15,RF time only,6,8,1,1,276.007,0.7011138205755937
6,15,RF time only,6,8,1,1,277.0134,0.68670438493081
6,15,RF time only,6,8,1,1,278.0072,0.9227872570053939
6,15,RF time only,6,8,1,1,279.0129,0.5275743029696012
6,15,RF time only,6,8,1,1,280.0068,0.20472757972796762
6,15,RF time only,6,8,1,1,281.011,0.8826243516881611
6,15,RF time only,6,8,1,1,282.0045,0.10344021969500933
6,15,RF time only,6,8,1,1,283.0108,0.8465245729878302
6,15,RF time only,6,8,1,1,284.0054,0.161247958424668
6,15,RF time only,6,8,1,1,285.0088,0.9985763684231207
6,15,RF time only,6,8,1,1,286.004,0.2365606241565963
6,15,RF time only,6,8,1,1,287.0099,0.5705049410439911
6,15,RF time only,6,8,1,1,288.0023,0.15597031199569425
6,15,RF time only,6,8,1,1,289.0085,0.9151197355296816
6,15,RF time only,6,8,1,1,290.0032,0.028437347619636774
6,15,RF time only,6,8,1,1,291.007,0.1714638654374748
6,15,RF time only,6,8,1,1,292.003,0.638812915516686
6,15,RF time only,6,8,1,1,293.0081,0.8143674317150966
6,15,RF time only,6,8,1,1,294.0127,0.7705860957672851
6,15,RF time only,6,8,1,1,295.0076,0.3668674691537829
6,15,RF time only,6,8,1,1,296.0129,0.6281847982292458
6,15,RF time only,6,8,1,1,297.0052,0.31017855409117784
6,15,RF time only,6,8,1,1,298.0126,0.5758967596337903
6,15,RF time only,6,8,1,1,299.0057,0.41716694883787236
6,15,RF time only,6,8,1,1,300.0108,0.822526744305526
6,15,RF time only,6,8,1,1,301.005,0.4333210487627415
6,15,RF time only,15,22,0,0,0.0,0.0
6,15,RF time only,15,22,0,0,1.000974,0.0
6,15,RF time only,15,22,0,0,2.003568,0.0
6,15,RF time only,15,22,0,0,2.999172,0.0
6,15,RF time only,15,22,0,0,4.004295,0.0
6,15,RF time only,15,22,0,0,4.999187,0.0
6,15,RF time only,15,22,0,0,6.004433,0.0
6,15,RF time only,15,22,0,0,7.008282,0.2242113279825959
6,15,RF time only,15,22,0,0,8.002911,0.04118690008699179
6,15,RF time only,15,22,0,0,9.006618,0.0
6,15,RF time only,15,22,0,0,10.00285,0.004346841117512737
6,15,RF time only,15,22,0,0,11.00888,0.0
6,15,RF time only,15,22,0,0,12.00174,0.0
6,15,RF time only,15,22,0,0,13.00911,0.0
6,15,RF time only,15,22,0,0,14.00245,0.0
6,15,RF time only,15,22,0,0,15.00674,0.0
6,15,RF time only,15,22,0,0,16.0,0.0024560097287370016
6,15,RF time only,15,22,0,0,17.00529,0.0
6,15,RF time only,15,22,0,0,18.00072,0.0
6,15,RF time only,15,22,0,0,19.00576,0.0
6,15,RF time only,15,22,0,0,20.00023,0.0024582031056208766
6,15,RF time only,15,22,0,0,21.00535,0.0
6,15,RF time only,15,22,0,0,21.99837,0.0
6,15,RF time only,15,22,0,0,23.00469,0.0
6,15,RF time only,15,22,0,0,23.99946,0.0
6,15,RF time only,15,22,0,0,25.00485,0.0
6,15,RF time only,15,22,1,1,25.99836,0.0
6,15,RF time only,15,22,1,1,27.00395,0.0
6,15,RF time only,15,22,1,1,28.00946,0.37715292109995296
6,15,RF time only,15,22,1,1,29.00419,0.3575271597162615
6,15,RF time only,15,22,1,1,30.00806,0.10832098287338932
6,15,RF time only,15,22,1,1,31.00277,0.0
6,15,RF time only,15,22,1,1,32.00785,0.0
6,15,RF time only,15,22,1,1,33.00269,0.029345538049567743
6,15,RF time only,15,22,1,1,34.00766,0.0
6,15,RF time only,15,22,1,1,35.00272,0.0
6,15,RF time only,15,22,1,1,36.00747,0.0
6,15,RF time only,15,22,1,1,36.9996,0.09402529646593925
6,15,RF time only,15,22,1,1,38.00627,0.001915595897677708
6,15,RF time only,15,22,1,1,38.99976,0.0465373802517292
6,15,RF time only,15,22,1,1,40.00533,0.07746875996800895
6,15,RF time only,15,22,1,1,40.99976,0.037815349478212884
6,15,RF time only,15,22,1,1,42.00514,0.018705433071239085
6,15,RF time only,15,22,1,1,42.99894,0.01247488571441454
6,15,RF time only,15,22,1,1,44.00431,0.22137513750535404
6,15,RF time only,15,22,1,1,44.99878,0.02663884257189166
6,15,RF time only,15,22,1,1,46.00489,0.014194221710701083
6,15,RF time only,15,22,1,1,47.0092,0.018676121442119376
6,15,RF time only,15,22,1,1,48.00323,0.009920258733344088
6,15,RF time only,15,22,1,1,49.00968,0.02648601375587608
6,15,RF time only,15,22,1,1,50.0032,0.11654151060435493
6,15,RF time only,15,22,1,1,51.00922,0.003840622421313215
6,15,RF time only,15,22,1,1,52.0018,0.006482990030030605
6,15,RF time only,15,22,1,1,53.0089,0.007028385964920017
6,15,RF time only,15,22,1,1,54.00255,0.058799489367875615
6,15,RF time only,15,22,1,1,55.00832,0.02144542029784273
6,15,RF time only,15,22,1,1,56.00201,0.07257545923370651
6,15,RF time only,15,22,1,1,57.00761,0.3614578814969207
6,15,RF time only,15,22,1,1,57.99846,0.057635744802764156
6,15,RF time only,15,22,1,1,59.00563,0.4812133024933976
6,15,RF time only,15,22,1,1,60.0009,0.03959750563664589
6,15,RF time only,15,22,1,1,61.00551,0.6627146296245299
6,15,RF time only,15,22,1,1,61.99966,0.009539778379539532
6,15,RF time only,15,22,1,1,63.0064,0.9792586973912497
6,15,RF time only,15,22,1,1,63.99938,0.02536442625149722
6,15,RF time only,15,22,1,1,65.00513,0.044212730760431515
6,15,RF time only,15,22,1,1,65.9985,0.11835076939162875
6,15,RF time only,15,22,1,1,67.00328,0.019534833057387412
6,15,RF time only,15,22,1,1,68.00936,0.001366910460992908
6,15,RF time only,15,22,1,1,69.00479,0.738576556713787
6,15,RF time only,15,22,1,1,70.00838,0.0038567330739911194
6,15,RF time only,15,22,1,1,71.00202,0.013792895838336226
6,15,RF time only,15,22,1,1,72.00929,0.009934772968660067
6,15,RF time only,15,22,1,1,73.00296,0.008221916047772795
6,15,RF time only,15,22,1,1,74.00823,0.06050737450773877
6,15,RF time only,15,22,1,1,75.00237,0.002679831519063509
6,15,RF time only,15,22,1,1,76.00737,0.21508750423749404
6,15,RF time only,15,22,1,1,77.00177,0.005518636805501934
6,15,RF time only,15,22,1,1,78.00689,0.2792864875863757
6,15,RF time only,15,22,1,1,79.00884,0.30236039815779325
6,15,RF time only,15,22,1,1,80.00656,0.37080310842152586
6,15,RF time only,15,22,1,1,80.99937,0.06099354195643927
6,15,RF time only,15,22,1,1,82.00517,0.7044738429330205
6,15,RF time only,15,22,1,1,82.99969,0.04178651328266615
6,15,RF time only,15,22,1,1,84.00191,0.5175479218419045
6,15,RF time only,15,22,1,1,84.99885,0.16594802544638562
6,15,RF time only,15,22,1,1,86.0044,0.0029766924613305553
6,15,RF time only,15,22,1,1,86.99889,0.0499233202211602
6,15,RF time only,15,22,1,1,88.00349,0.011945411500888242
6,15,RF time only,15,22,1,1,89.00752,0.9325920350309714
6,15,RF time only,15,22,1,1,90.00366,0.004698687825069601
6,15,RF time only,15,22,1,1,91.008,0.3082438160875699
6,15,RF time only,15,22,1,1,92.0039,0.001920704153404849
6,15,RF time only,15,22,1,1,93.00881,0.3683488283898644
6,15,RF time only,15,22,1,1,94.0022,0.009253863765242506
6,15,RF time only,15,22,1,1,95.00798,0.09612471560329383
6,15,RF time only,15,22,1,1,96.00266,0.008131489696724154
6,15,RF time only,15,22,1,1,97.00711,0.6264982622791626
6,15,RF time only,15,22,1,1,98.00116,0.02269008581004686
6,15,RF time only,15,22,1,1,99.00732,0.3365687784424415
6,15,RF time only,15,22,1,1,100.0006,0.060577327432021946
6,15,RF time only,15,22,1,1,101.0059,0.0
6,15,RF time only,15,22,1,1,101.9992,0.04770786250375757
6,15,RF time only,15,22,1,1,103.0059,0.0024272863568215895
6,15,RF time only,15,22,1,1,103.9993,0.24687583988290393
6,15,RF time only,15,22,1,1,105.0047,0.003844158906047389
6,15,RF time only,15,22,1,1,105.9986,0.10770277386721204
6,15,RF time only,15,22,1,1,107.0035,0.012715334703809674
6,15,RF time only,15,22,1,1,107.9985,0.06161551185643213
6,15,RF time only,15,22,1,1,109.0031,0.004369249098375909
6,15,RF time only,15,22,1,1,110.0076,0.8185055708171877
6,15,RF time only,15,22,1,1,111.0022,0.0
6,15,RF time only,15,22,1,1,112.008,0.2793776269342414
6,15,RF time only,15,22,1,1,113.0031,0.0
6,15,RF time only,15,22,1,1,114.0076,0.02503606326178951
6,15,RF time only,15,22,1,1,114.9989,0.0033333333333333335
6,15,RF time only,15,22,1,1,116.0066,0.030917387908797136
6,15,RF time only,15,22,1,1,117.0013,0.0016009616165553982
6,15,RF time only,15,22,1,1,118.0067,0.14387226130100803
6,15,RF time only,15,22,1,1,119.0003,0.0204969466633154
6,15,RF time only,15,22,1,1,120.0045,0.026765927184069043
6,15,RF time only,15,22,1,1,121.0003,0.2159391086224933
6,15,RF time only,15,22,1,1,122.0044,0.040736068604292894
6,15,RF time only,15,22,1,1,122.9991,0.054965666109429635
6,15,RF time only,15,22,1,1,124.0044,0.011627181198340924
6,15,RF time only,15,22,1,1,124.9989,0.4416476537770302
6,15,RF time only,15,22,1,1,126.0041,0.0568360829568012
6,15,RF time only,15,22,1,1,127.0092,0.46528971673961705
6,15,RF time only,15,22,1,1,128.0039,0.004817040513519174
6,15,RF time only,15,22,1,1,129.0084,0.019217289162123324
6,15,RF time only,15,22,1,1,130.0032,0.017150703813113923
6,15,RF time only,15,22,1,1,131.0085,0.14567199363584
6,15,RF time only,15,22,1,1,132.0024,0.06207495308293885
6,15,RF time only,15,22,1,1,133.0067,0.49015873189455383
6,15,RF time only,15,22,1,1,134.0019,0.09440477309510799
6,15,RF time only,15,22,1,1,135.0055,0.12456597903754106
6,15,RF time only,15,22,1,1,136.001,0.16202241177846907
6,15,RF time only,15,22,1,1,137.007,0.3708085141916824
6,15,RF time only,15,22,1,1,138.0008,0.046173615297133756
6,15,RF time only,15,22,1,1,139.0064,0.19641716336416415
6,15,RF time only,15,22,1,1,140.0006,0.4971432423798917
6,15,RF time only,15,22,1,1,141.0053,0.10676542187465976
6,15,RF time only,15,22,1,1,141.9996,0.2409528178027044
6,15,RF time only,15,22,1,1,143.0043,0.0675464800412187
6,15,RF time only,15,22,1,1,143.9991,0.07418808912732512
6,15,RF time only,15,22,1,1,145.0036,0.053651873297674374
6,15,RF time only,15,22,1,1,146.009,0.621644769536536
6,15,RF time only,15,22,1,1,147.0034,0.05123685420437667
6,15,RF time only,15,22,1,1,148.0084,0.10117428690429899
6,15,RF time only,15,22,1,1,149.0029,0.056382944445995495
6,15,RF time only,15,22,1,1,150.0071,0.35004833518047346
6,15,RF time only,15,22,1,1,151.0033,0.05302763838613171
6,15,RF time only,15,22,1,1,152.0067,0.05802725763002209
6,15,RF time only,15,22,1,1,153.0012,0.5485231455763903
6,15,RF time only,15,22,1,1,154.0069,0.49951363546823196
6,15,RF time only,15,22,1,1,155.0018,0.057263010520795854
6,15,RF time only,15,22,1,1,156.005,0.03773693380634709
6,15,RF time only,15,22,1,1,157.0015,0.27800050413095845
6,15,RF time only,15,22,1,1,158.0064,0.026473763693141465
6,15,RF time only,15,22,1,1,158.9998,0.8389083943114827
6,15,RF time only,15,22,1,1,160.0075,0.02258352778351332
6,15,RF time only,15,22,1,1,160.9989,0.19867059413415994
6,15,RF time only,15,22,1,1,162.0055,0.012569046693813736
6,15,RF time only,15,22,1,1,162.9993,0.29722857831910937
6,15,RF time only,15,22,1,1,164.0038,0.05940882971459485
6,15,RF time only,15,22,1,1,165.009,0.2802723704984675
6,15,RF time only,15,22,1,1,166.0014,0.8562992821932595
6,15,RF time only,15,22,1,1,167.0084,0.5541547469204872
6,15,RF time only,15,22,1,1,168.0029,0.01531875172374052
6,15,RF time only,15,22,1,1,168.9988,0.9309829922932626
6,15,RF time only,15,22,1,1,170.0026,0.05740160121474961
6,15,RF time only,15,22,1,1,171.0087,0.9264835817270444
6,15,RF time only,15,22,1,1,172.002,0.49609064291662963
6,15,RF time only,15,22,1,1,173.0081,0.6286186864819432
6,15,RF time only,15,22,1,1,174.0015,0.16327622861949861
6,15,RF time only,15,22,1,1,175.0074,0.4782818196023707
6,15,RF time only,15,22,1,1,176.0012,0.4841057852759864
6,15,RF time only,15,22,1,1,177.0057,0.17326846799001083
6,15,RF time only,15,22,1,1,178.0003,0.46970385588221925
6,15,RF time only,15,22,1,1,179.0055,0.04734170272924318
6,15,RF time only,15,22,1,1,180.0004,0.12460584657807248
6,15,RF time only,15,22,1,1,181.0063,0.051946104086950724
6,15,RF time only,15,22,1,1,181.9992,0.19148442370472835
6,15,RF time only,15,22,1,1,183.0047,0.05613152563930381
6,15,RF time only,15,22,1,1,183.9991,0.14045539333352255
6,15,RF time only,15,22,1,1,185.0039,0.04668083771488445
6,15,RF time only,15,22,1,1,185.9996,0.6846139712350772
6,15,RF time only,15,22,1,1,187.0029,0.22359698879514814
6,15,RF time only,15,22,1,1,188.0091,0.6893203706278137
6,15,RF time only,15,22,1,1,189.0034,0.748688808089259
6,15,RF time only,15,22,1,1,190.0086,0.6043422115104021
6,15,RF time only,15,22,1,1,191.0028,0.30406144209173663
6,15,RF time only,15,22,1,1,192.0077,0.4127375780301069
6,15,RF time only,15,22,1,1,193.0021,0.6827048689404882
6,15,RF time only,15,22,1,1,194.0079,0.5285105097036376
6,15,RF time only,15,22,1,1,195.0012,0.3071318665044164
6,15,RF time only,15,22,1,1,196.0064,0.48036243484349966
6,15,RF time only,15,22,1,1,197.0011,0.682871637676386
6,15,RF time only,15,22,1,1,198.0061,0.37958158449616897
6,15,RF time only,15,22,1,1,199.0004,0.26696078922462496
6,15,RF time only,15,22,1,1,200.0061,0.4239233926773244
6,15,RF time only,15,22,1,1,200.9999,0.34096242913580627
6,15,RF time only,15,22,1,1,202.0023,0.6621764977133063
6,15,RF time only,15,22,1,1,202.9989,0.21382811710713687
6,15,RF time only,15,22,1,1,204.004,0.16199796136205025
6,15,RF time only,15,22,1,1,204.9987,0.22535199655760374
6,15,RF time only,15,22,1,1,206.0042,0.32757716036216955
6,15,RF time only,15,22,1,1,207.0072,0.8898472872721797
6,15,RF time only,15,22,1,1,208.0036,0.5341257892033249
6,15,RF time only,15,22,1,1,208.9984,0.13693750410138533
6,15,RF time only,15,22,1,1,210.0027,0.23428445007106224
6,15,RF time only,15,22,1,1,211.0065,0.3775326890792478
6,15,RF time only,15,22,1,1,212.0023,0.17826396899479552
6,15,RF time only,15,22,1,1,213.0079,0.5204871339671605
6,15,RF time only,15,22,1,1,214.0013,0.7208556591026966
6,15,RF time only,15,22,1,1,215.0067,0.4025516236513749
6,15,RF time only,15,22,1,1,216.0005,0.08728873045437675
6,15,RF time only,15,22,1,1,217.0071,0.6586029060450953
6,15,RF time only,15,22,1,1,217.9998,0.08762033457739599
6,15,RF time only,15,22,1,1,219.0065,0.7138518125174252
6,15,RF time only,15,22,1,1,220.0002,0.5920890461715166
6,15,RF time only,15,22,1,1,221.005,0.38159594162802707
6,15,RF time only,15,22,1,1,221.9992,0.28775990785223104
6,15,RF time only,15,22,1,1,223.004,0.012879505971729866
6,15,RF time only,15,22,1,1,223.9989,0.3366244294756489
6,15,RF time only,15,22,1,1,225.0036,0.31657756978917484
6,15,RF time only,15,22,1,1,225.9981,0.14110812759833757
6,15,RF time only,15,22,1,1,227.003,0.40653088292677414
6,15,RF time only,15,22,1,1,227.9983,0.21118129087705084
6,15,RF time only,15,22,1,1,229.0027,0.4142554423426472
6,15,RF time only,15,22,1,1,230.0077,0.8874707104492228
6,15,RF time only,15,22,1,1,231.0015,0.6907852755824494
6,15,RF time only,15,22,1,1,232.0083,0.7463202088555501
6,15,RF time only,15,22,1,1,232.9994,0.40514261049420075
6,15,RF time only,15,22,1,1,234.0069,0.6750677463543917
6,15,RF time only,15,22,1,1,235.0008,0.7859550141046927
6,15,RF time only,15,22,1,1,236.0067,0.4830626896328846
6,15,RF time only,15,22,1,1,237.0007,0.5038358791809127
6,15,RF time only,15,22,1,1,238.0053,0.9147550381862769
6,15,RF time only,15,22,1,1,238.9998,0.6284046507420568
6,15,RF time only,15,22,1,1,240.0057,0.5512124371752879
6,15,RF time only,15,22,1,1,240.9991,0.23764532206113265
6,15,RF time only,15,22,1,1,242.0057,0.22010620203585474
6,15,RF time only,15,22,1,1,242.9979,0.257734569453028
6,15,RF time only,15,22,1,1,244.0028,0.23783206702616486
6,15,RF time only,15,22,1,1,244.9987,0.42482739046054147
6,15,RF time only,15,22,1,1,246.0038,0.18355076914565893
6,15,RF time only,15,22,1,1,247.0082,0.33975143342644487
6,15,RF time only,15,22,1,1,248.0007,0.5798505887280179
6,15,RF time only,15,22,1,1,249.0081,0.3793778486471201
6,15,RF time only,15,22,1,1,250.0022,0.6429997776965877
6,15,RF time only,15,22,1,1,250.9977,0.5969569802340736
6,15,RF time only,15,22,1,1,252.0028,0.7474746265759407
6,15,RF time only,15,22,1,1,253.0074,0.8850694058970676
6,15,RF time only,15,22,1,1,254.0015,0.39840808549616513
6,15,RF time only,15,22,1,1,255.0057,0.28609562603488337
6,15,RF time only,15,22,1,1,256.0016,0.6349418288023513
6,15,RF time only,15,22,1,1,257.0052,0.3684334067855027
6,15,RF time only,15,22,1,1,257.9996,0.4981119755187448
6,15,RF time only,15,22,1,1,259.0047,0.4198426548403269
6,15,RF time only,15,22,1,1,260.0,0.23696397809111447
6,15,RF time only,15,22,1,1,261.0054,0.09035930971294918
6,15,RF time only,15,22,1,1,261.9995,0.255043591216886
6,15,RF time only,15,22,1,1,263.005,0.21586576307273225
6,15,RF time only,15,22,1,1,264.0086,0.6980563845250668
6,15,RF time only,15,22,1,1,265.0041,0.1794904922667406
6,15,RF time only,15,22,1,1,265.9979,0.3901539920353044
6,15,RF time only,15,22,1,1,267.0028,0.7327103589209002
6,15,RF time only,15,22,1,1,267.9983,0.6889559673850751
6,15,RF time only,15,22,1,1,269.0023,0.7915048673860421
6,15,RF time only,15,22,1,1,270.0084,0.9121381300527925
6,15,RF time only,15,22,1,1,271.0029,0.6982089189892553
6,15,RF time only,15,22,1,1,272.0079,0.6067677824916001
6,15,RF time only,15,22,1,1,273.0007,0.6788496154367517
6,15,RF time only,15,22,1,1,274.007,0.27646113669707034
6,15,RF time only,15,22,1,1,275.002,0.36764992421709203
6,15,RF time only,15,22,1,1,276.0071,0.7470277394581066
6,15,RF time only,15,22,1,1,276.9994,0.8097996807413171
6,15,RF time only,15,22,1,1,278.0064,0.6330824983961855
6,15,RF time only,15,22,1,1,278.9993,0.6495797135066205
6,15,RF time only,15,22,1,1,280.0048,0.47085323522816597
6,15,RF time only,15,22,1,1,280.9991,0.523912959848949
6,15,RF time only,15,22,1,1,282.0041,0.11694240778068622
6,15,RF time only,15,22,1,1,282.9991,0.4806626573615258
6,15,RF time only,15,22,1,1,284.0046,0.22806856213734547
6,15,RF time only,15,22,1,1,284.9987,0.319613659646561
6,15,RF time only,15,22,1,1,286.0029,0.3456858923428538
6,15,RF time only,15,22,1,1,286.9979,0.4816877758407347
6,15,RF time only,15,22,1,1,288.0019,0.16160394448248694
6,15,RF time only,15,22,1,1,289.0057,0.17614373461313731
6,15,RF time only,15,22,1,1,290.0014,0.480743280268851
6,15,RF time only,15,22,1,1,291.0084,0.5428536172286258
6,15,RF time only,15,22,1,1,292.0014,0.8079212359201274
6,15,RF time only,15,22,1,1,293.0075,0.33827180245634764
6,15,RF time only,15,22,1,1,293.9986,0.9770650037471657
6,15,RF time only,15,22,1,1,295.0063,0.7418445633345236
6,15,RF time only,15,22,1,1,296.0003,0.7170446195064687
6,15,RF time only,15,22,1,1,297.0054,0.3070132563772977
6,15,RF time only,15,22,1,1,298.001,0.6615175431561416
6,15,RF time only,15,22,1,1,299.0046,0.051605281431273166
6,15,RF time only,15,22,1,1,299.9992,0.5765257423906438
6,15,RF time only,15,22,1,1,301.0032,0.2687802763669043
6,15,RF time only,15,22,1,1,301.9981,0.7678363794722473
6,15,RF time only,6,29,0,0,0.0112192,0.0
6,15,RF time only,6,29,0,0,1.011824,0.0
6,15,RF time only,6,29,0,0,2.016775,0.0
6,15,RF time only,6,29,0,0,3.01134,0.0
6,15,RF time only,6,29,0,0,4.016446,0.34550294920993235
6,15,RF time only,6,29,0,0,5.010691,0.0
6,15,RF time only,6,29,0,0,6.014781,0.07063438324302572
6,15,RF time only,6,29,0,0,7.021184,0.013889494808684706
6,15,RF time only,6,29,0,0,8.014297,0.3297921213309161
6,15,RF time only,6,29,0,0,9.017834,0.2865037416690483
6,15,RF time only,6,29,0,0,10.0143,0.0038115446579433374
6,15,RF time only,6,29,0,0,11.0198,0.15970920721424678
6,15,RF time only,6,29,0,0,12.01373,0.20265138676167685
6,15,RF time only,6,29,0,0,13.01924,0.21836657932141837
6,15,RF time only,6,29,0,0,14.01323,0.07565613389663964
6,15,RF time only,6,29,0,0,15.01874,0.10377668171649095
6,15,RF time only,6,29,0,0,16.02178,0.33271889488412437
6,15,RF time only,6,29,0,0,17.0179,0.29148649560105094
6,15,RF time only,6,29,0,0,18.01236,0.01719179861089463
6,15,RF time only,6,29,0,0,19.01663,0.2223273765443281
6,15,RF time only,6,29,0,0,20.01117,0.03614758449960216
6,15,RF time only,6,29,0,0,21.01589,0.41591853279162466
6,15,RF time only,6,29,0,0,22.01227,0.29390359545128336
6,15,RF time only,6,29,0,0,23.01739,0.006445582632904174
6,15,RF time only,6,29,0,0,24.01122,0.00904917312338883
6,15,RF time only,6,29,0,0,25.01702,0.028769907793178846
6,15,RF time only,6,29,0,0,26.0217,0.4673696204789754
6,15,RF time only,6,29,0,0,27.01569,0.3910878256788161
6,15,RF time only,6,29,0,0,28.02129,0.11141364655744082
6,15,RF time only,6,29,0,0,29.01555,0.6046058292586026
6,15,RF time only,6,29,0,0,30.01976,0.38048248016301844
6,15,RF time only,6,29,0,0,31.01329,0.035561238549409804
6,15,RF time only,6,29,0,0,32.02007,0.5944364950268188
6,15,RF time only,6,29,0,0,33.01092,0.4280097532448359
6,15,RF time only,6,29,0,0,34.01912,0.39726139590226794
6,15,RF time only,6,29,0,0,35.01377,0.004450214732961848
6,15,RF time only,6,29,0,0,36.01718,0.4149788581725793
6,15,RF time only,6,29,0,0,37.01274,0.07444252287959786
6,15,RF time only,6,29,0,0,38.01831,0.698794951893672
6,15,RF time only,6,29,0,0,39.01217,0.19086586212381418
6,15,RF time only,6,29,0,0,40.01754,0.24636938173005765
6,15,RF time only,6,29,0,0,41.01052,0.0340615138869366
6,15,RF time only,6,29,0,0,42.01724,0.35072115693554634
6,15,RF time only,6,29,0,0,43.02027,0.5150857557467711
6,15,RF time only,6,29,0,0,44.01577,0.01617179212011205
6,15,RF time only,6,29,0,0,45.02153,0.543096126551133
6,15,RF time only,6,29,0,0,46.01505,0.37928270430368183
6,15,RF time only,6,29,0,0,47.02,0.4013675130327052
6,15,RF time only,6,29,0,0,48.01451,0.14939765957403114
6,15,RF time only,6,29,0,0,49.02043,0.16124057163509037
6,15,RF time only,6,29,0,0,50.01405,0.07992304003721824
6,15,RF time only,6,29,0,0,51.02033,0.3083775381801974
6,15,RF time only,6,29,0,0,52.01211,0.35801428170615474
6,15,RF time only,6,29,0,0,53.01879,0.5869015373867711
6,15,RF time only,6,29,0,0,54.01346,0.15660661549980004
6,15,RF time only,6,29,0,0,55.01865,0.29708622622672787
6,15,RF time only,6,29,0,0,56.0123,0.029293617639424396
6,15,RF time only,6,29,0,0,57.01873,0.3696992740561107
6,15,RF time only,6,29,0,0,58.01094,0.3235839254250679
6,15,RF time only,6,29,0,0,59.01741,0.3125148110929743
6,15,RF time only,6,29,0,0,60.01103,0.27807328839988943
6,15,RF time only,6,29,0,0,61.01686,0.0038800665107239377
6,15,RF time only,6,29,0,0,62.02135,0.5341814664571047
6,15,RF time only,6,29,0,0,63.01606,0.04202486877823091
6,15,RF time only,6,29,0,0,64.01111,0.24621152206352412
6,15,RF time only,6,29,0,0,65.01536,0.034813008836659005
6,15,RF time only,6,29,0,0,66.01973,0.47756976348372376
6,15,RF time only,6,29,0,0,67.01254,0.37946457510301196
6,15,RF time only,6,29,0,0,68.02018,0.7969281179900838
6,15,RF time only,6,29,0,0,69.01416,0.07969445840040872
6,15,RF time only,6,29,0,0,70.02119,0.8339461633130121
6,15,RF time only,6,29,0,0,71.01406,0.4273510345722247
6,15,RF time only,6,29,0,0,72.01811,0.3017854218363429
6,15,RF time only,6,29,0,0,73.01423,0.3110916304298564
6,15,RF time only,6,29,0,0,74.01737,0.22547274101725098
6,15,RF time only,6,29,0,0,75.01094,0.1457128184069988
6,15,RF time only,6,29,0,0,76.0176,0.9400197731323351
6,15,RF time only,6,29,0,0,77.02081,0.19635710046527383
6,15,RF time only,6,29,0,0,78.01769,0.3172275407473775
6,15,RF time only,6,29,0,0,79.01154,0.5844975538346252
6,15,RF time only,6,29,0,0,80.01762,0.5212680934583588
6,15,RF time only,6,29,0,0,81.01078,0.7336244015426607
6,15,RF time only,6,29,0,0,82.01668,0.6319568412414683
6,15,RF time only,6,29,0,0,83.01159,0.02942441522219165
6,15,RF time only,6,29,0,0,84.0154,0.7443469809369787
6,15,RF time only,6,29,0,0,85.0213,0.12785503639091636
6,15,RF time only,6,29,0,0,86.01613,0.2364718208689192
6,15,RF time only,6,29,0,0,87.02153,0.5779605156996396
6,15,RF time only,6,29,0,0,88.01397,0.05441417030469263
6,15,RF time only,6,29,0,0,89.02009,0.8208623094900953
6,15,RF time only,6,29,0,0,90.0147,0.6928927077017171
6,15,RF time only,6,29,0,0,91.01833,0.717862549824231
6,15,RF time only,6,29,0,0,92.01338,0.4838966762393723
6,15,RF time only,6,29,0,0,93.01836,0.7090346204315046
6,15,RF time only,6,29,0,0,94.01306,0.42819467435971803
6,15,RF time only,6,29,0,0,95.01991,0.8781643905791306
6,15,RF time only,6,29,0,0,96.01231,0.8288894732282516
6,15,RF time only,6,29,0,0,97.01806,0.25463297121278444
6,15,RF time only,6,29,0,0,98.01287,0.49139997146288283
6,15,RF time only,6,29,0,0,99.0177,0.8153723640942033
6,15,RF time only,6,29,0,0,100.0129,0.6880572776259624
6,15,RF time only,6,29,0,0,101.0174,0.8196282976794145
6,15,RF time only,6,29,0,0,102.012,0.36357474706933574
6,15,RF time only,6,29,0,0,103.0166,0.7322797536725415
6,15,RF time only,6,29,0,0,104.0114,0.4853620892891079
6,15,RF time only,6,29,0,0,105.016,0.9574431130437732
6,15,RF time only,6,29,0,0,106.0215,0.9472846545325033
6,15,RF time only,6,29,0,0,107.0152,0.9444466291665238
6,15,RF time only,6,29,0,0,108.0193,0.8784548275495315
6,15,RF time only,6,29,0,0,109.015,0.8717625233401124
6,15,RF time only,6,29,0,0,110.0205,0.9648263609239711
6,15,RF time only,6,29,0,0,111.0144,0.8670195177051173
6,15,RF time only,6,29,0,0,112.0205,0.9316007594833237
6,15,RF time only,6,29,0,0,113.0114,0.743473564130607
6,15,RF time only,6,29,0,0,114.0195,0.9882691906664665
6,15,RF time only,6,29,0,0,115.0128,0.5391791499830001
6,15,RF time only,6,29,0,0,116.0194,0.8639135630971156
6,15,RF time only,6,29,0,0,117.0126,0.684715834908337
6,15,RF time only,6,29,0,0,118.0177,0.9794424706487651
6,15,RF time only,6,29,0,0,119.0121,0.18939225294950104
6,15,RF time only,6,29,0,0,120.0173,0.8223798200564887
6,15,RF time only,6,29,0,0,121.0209,0.6846125045582657
6,15,RF time only,6,29,0,0,122.0168,0.41019235222735245
6,15,RF time only,6,29,0,0,123.0214,0.5386132668593436
6,15,RF time only,6,29,0,0,124.0167,0.43800418750956654
6,15,RF time only,6,29,0,0,125.021,0.7241445210993591
6,15,RF time only,6,29,0,0,126.0145,0.26599607575748674
6,15,RF time only,6,29,0,0,127.0109,0.7102264841272011
6,15,RF time only,6,29,0,0,128.0153,0.7891675997653577
6,15,RF time only,6,29,0,0,129.0204,0.768081708491374
6,15,RF time only,6,29,0,0,130.0143,0.46269290166883936
6,15,RF time only,6,29,0,0,131.0208,0.7472843788288631
6,15,RF time only,6,29,0,0,132.0134,0.42265037709788816
6,15,RF time only,6,29,0,0,133.019,0.9991198529776983
6,15,RF time only,6,29,0,0,134.0134,0.5101226416996586
6,15,RF time only,6,29,0,0,135.0182,0.8879021702003139
6,15,RF time only,6,29,0,0,136.0138,0.25174280075061034
6,15,RF time only,6,29,0,0,137.0193,0.7254836328266278
6,15,RF time only,6,29,0,0,138.0129,0.6982097767405637
6,15,RF time only,6,29,0,0,139.018,0.8524908002306935
6,15,RF time only,6,29,0,0,140.0114,0.28276632695921794
6,15,RF time only,6,29,0,0,141.0173,0.4624890461757101
6,15,RF time only,6,29,0,0,142.0123,0.7945396890494689
6,15,RF time only,6,29,0,0,143.0174,0.648603625672284
6,15,RF time only,6,29,0,0,144.0198,0.9330609409455866
6,15,RF time only,6,29,0,0,145.0158,0.7906084294294704
6,15,RF time only,6,29,0,0,146.022,0.8592328264112954
6,15,RF time only,6,29,0,0,147.0161,0.516255362274264
6,15,RF time only,6,29,0,0,148.0215,0.9183304907290797
6,15,RF time only,6,29,0,0,149.0159,0.22864176181997042
6,15,RF time only,6,29,0,0,150.0214,0.7814300786591095
6,15,RF time only,6,29,0,0,151.0148,0.7635499068612397
6,15,RF time only,6,29,0,0,152.0203,0.9751998119825358
6,15,RF time only,6,29,0,0,153.015,0.17381074613430061
6,15,RF time only,6,29,0,0,154.0197,0.9161529024158985
6,15,RF time only,6,29,0,0,155.0137,0.5976421154725933
6,15,RF time only,6,29,0,0,156.0195,0.34928501699525244
6,15,RF time only,6,29,0,0,157.0139,0.04565498712518178
6,15,RF time only,6,29,0,0,158.0179,0.803475419749534
6,15,RF time only,6,29,0,0,159.0134,0.6906082016601284
6,15,RF time only,6,29,0,0,160.0171,0.8236544699774481
6,15,RF time only,6,29,0,0,161.0113,0.32265414749690174
6,15,RF time only,6,29,0,0,162.0164,0.9686668306963395
6,15,RF time only,6,29,0,0,163.022,0.25247205792065563
6,15,RF time only,6,29,0,0,164.0161,0.9180763633948663
6,15,RF time only,6,29,0,0,165.022,0.8550541018998615
6,15,RF time only,6,29,0,0,166.0165,0.6904521804631256
6,15,RF time only,6,29,0,0,167.0112,0.8845186643209604
6,15,RF time only,6,29,0,0,168.0158,0.35733145407010664
6,15,RF time only,6,29,0,0,169.0202,0.9400174926351864
6,15,RF time only,6,29,0,0,170.0141,0.9852210402072485
6,15,RF time only,6,29,0,0,171.0207,0.9241385046793827
6,15,RF time only,6,29,0,0,172.0139,0.47163558141264794
6,15,RF time only,6,29,0,0,173.0192,0.6827535643445803
6,15,RF time only,6,29,0,0,174.013,0.5023428227829592
6,15,RF time only,6,29,0,0,175.0175,0.9894952691837314
6,15,RF time only,6,29,0,0,176.0135,0.4993506560127102
6,15,RF time only,6,29,0,0,177.0181,0.6340274889906264
6,15,RF time only,6,29,0,0,178.0124,0.6476279257299832
6,15,RF time only,6,29,0,0,179.0186,0.8641053780834769
6,15,RF time only,6,29,0,0,180.0117,0.8878949464355279
6,15,RF time only,6,29,0,0,181.0171,0.807171938460929
6,15,RF time only,6,29,0,0,182.0113,0.5467163391966775
6,15,RF time only,6,29,0,0,183.0171,0.5670245766720203
6,15,RF time only,6,29,0,0,184.0217,0.6638703163529004
6,15,RF time only,6,29,0,0,185.0134,0.7608386095251017
6,15,RF time only,6,29,0,0,186.0216,0.932816608660668
6,15,RF time only,6,29,0,0,187.0153,0.7129356062033673
6,15,RF time only,6,29,0,0,188.0214,0.7236899259406185
6,15,RF time only,6,29,0,0,189.0154,0.8509752542876206
6,15,RF time only,6,29,0,0,190.0175,0.9768409772171254
6,15,RF time only,6,29,0,0,191.0144,0.970032631240299
6,15,RF time only,6,29,0,0,192.0198,0.9679339316406219
6,15,RF time only,6,29,0,0,193.0143,0.7376211829086129
6,15,RF time only,6,29,0,0,194.0198,0.9957324489962821
6,15,RF time only,6,29,0,0,195.0145,0.49823473609657865
6,15,RF time only,6,29,0,0,196.0186,0.9690498270049345
6,15,RF time only,6,29,0,0,197.0138,0.5510965367131504
6,15,RF time only,6,29,0,0,198.0177,0.9931433877522374
6,15,RF time only,6,29,0,0,199.0128,0.8448573295899401
6,15,RF time only,6,29,0,0,200.015,0.8111822279931354
6,15,RF time only,6,29,0,0,201.0131,0.28787447608857686
6,15,RF time only,6,29,0,0,202.0175,0.947446629474887
6,15,RF time only,6,29,0,0,203.0224,0.6443781964890043
6,15,RF time only,6,29,0,0,204.0173,0.786888916757634
6,15,RF time only,6,29,0,0,205.0222,0.7523450250667872
6,15,RF time only,6,29,0,0,206.0159,0.5425920306719246
6,15,RF time only,6,29,0,0,207.0197,0.8825990516861706
6,15,RF time only,6,29,0,0,208.0167,0.4721185727591127
6,15,RF time only,6,29,0,0,209.0206,0.8172515912069321
6,15,RF time only,6,29,0,0,210.0151,0.7655862948173138
6,15,RF time only,6,29,0,0,211.0197,0.9545451146955781
6,15,RF time only,6,29,0,0,212.0139,0.13650931146594225
6,15,RF time only,6,29,0,0,213.0196,0.8959343611086272
6,15,RF time only,6,29,0,0,214.0141,0.1570897668905434
6,15,RF time only,6,29,0,0,215.0178,0.9968151812007949
6,15,RF time only,6,29,0,0,216.012,0.9956370345413751
6,15,RF time only,6,29,0,0,217.0189,0.9899657563067884
6,15,RF time only,6,29,0,0,218.0127,0.8773483972450958
6,15,RF time only,6,29,0,0,219.0185,0.9644877097136395
6,15,RF time only,6,29,0,0,220.0132,0.3289392798650006
6,15,RF time only,6,29,0,0,221.0173,0.9258054713465803
6,15,RF time only,6,29,0,0,222.0124,0.5013243575203453
6,15,RF time only,6,29,0,0,223.017,0.6446754847444481
6,15,RF time only,6,29,0,0,224.0219,0.8418144261763181
6,15,RF time only,6,29,0,0,225.0162,0.8714392378089935
6,15,RF time only,6,29,0,0,226.0217,0.8025537314517787
6,15,RF time only,6,29,0,0,227.0157,0.8045674649671924
6,15,RF time only,6,29,0,0,228.0207,0.9014138286741022
6,15,RF time only,6,29,0,0,229.0154,0.8344541797880183
6,15,RF time only,6,29,0,0,230.0205,0.8829758514861885
6,15,RF time only,6,29,0,0,231.0153,0.3234238408103521
6,15,RF time only,6,29,0,0,232.0194,0.9268918879369331
6,15,RF time only,6,29,0,0,233.0133,0.7695819601381121
6,15,RF time only,6,29,0,0,234.0184,0.8221415035998315
6,15,RF time only,6,29,0,0,235.0122,0.9150000623347184
6,15,RF time only,6,29,0,0,236.0163,0.7498992643162213
6,15,RF time only,6,29,0,0,237.0122,0.6256898036162977
6,15,RF time only,6,29,0,0,238.0178,0.8985663438650998
6,15,RF time only,6,29,0,0,239.0128,0.946566717000902
6,15,RF time only,6,29,0,0,240.0172,0.9633581010319512
6,15,RF time only,6,29,0,0,241.0219,0.2016297738762416
6,15,RF time only,6,29,0,0,242.0162,0.9151060016858065
6,15,RF time only,6,29,0,0,243.0118,0.9043501553384715
6,15,RF time only,6,29,0,0,244.017,0.21142554511669698
6,15,RF time only,6,29,0,0,245.0216,0.6569245445208345
6,15,RF time only,6,29,0,0,246.0154,0.6409399621135055
6,15,RF time only,6,29,0,0,247.0208,0.4383672669702663
6,15,RF time only,6,29,0,0,248.0148,0.8588025676055597
6,15,RF time only,6,29,0,0,249.0202,0.9393782293417193
6,15,RF time only,6,29,0,0,250.0158,0.7353400239769248
6,15,RF time only,6,29,0,0,251.0202,0.6488495631634673
6,15,RF time only,6,29,0,0,252.0149,0.5577534742517041
6,15,RF time only,6,29,0,0,253.0197,0.7972882499724827
6,15,RF time only,6,29,0,0,254.0136,0.5795178763705517
6,15,RF time only,6,29,0,0,255.0182,0.7924023240812971
6,15,RF time only,6,29,0,0,256.0139,0.43491558516559353
6,15,RF time only,6,29,0,0,257.0173,0.7330065323799206
6,15,RF time only,6,29,0,0,258.013,0.6200153044671575
6,15,RF time only,6,29,0,0,259.0187,0.7432492587074839
6,15,RF time only,6,29,0,0,260.021,0.7956371511074523
6,15,RF time only,6,29,0,0,261.0178,0.9811456574166931
6,15,RF time only,6,29,0,0,262.0128,0.9203884608114505
6,15,RF time only,6,29,0,0,263.0165,0.9962579889667177
6,15,RF time only,6,29,0,0,264.022,0.6914760977389698
6,15,RF time only,6,29,0,0,265.0162,0.9929684103329767
6,15,RF time only,6,29,0,0,266.0201,0.8740811519937911
6,15,RF time only,6,29,0,0,267.0135,0.9948036479565249
6,15,RF time only,6,29,0,0,268.0216,0.6260574107495358
6,15,RF time only,6,29,0,0,269.0137,0.6719225893663688
6,15,RF time only,6,29,0,0,270.0212,0.988866089080317
6,15,RF time only,6,29,0,0,271.0142,0.9647594634636754
6,15,RF time only,6,29,0,0,272.0176,0.9932050622340591
6,15,RF time only,6,29,0,0,273.0138,0.8534115569876648
6,15,RF time only,6,29,0,0,274.0176,0.994308991180848
6,15,RF time only,6,29,0,0,275.0136,0.9070672633006716
6,15,RF time only,6,29,0,0,276.0194,0.7526259055785873
6,15,RF time only,6,29,0,0,277.011,0.7728472549455577
6,15,RF time only,6,29,0,0,278.0184,0.9987787967504241
6,15,RF time only,6,29,0,0,279.0128,0.5275743029696012
6,15,RF time only,6,29,0,0,280.0181,1.0
6,15,RF time only,6,29,0,0,281.0127,0.94014125063275
6,15,RF time only,6,29,0,0,282.0156,0.997935845474334
6,15,RF time only,6,29,0,0,283.0111,0.922824490641261
6,15,RF time only,6,29,0,0,284.0166,1.0
6,15,RF time only,6,29,0,0,285.0219,0.9713079859745246
6,15,RF time only,6,29,0,0,286.016,0.9899665660465916
6,15,RF time only,6,29,0,0,287.0216,0.9940143216507138
6,15,RF time only,6,29,0,0,288.0144,0.7345749550351212
6,15,RF time only,6,29,0,0,289.0197,0.9985948367322881
6,15,RF time only,6,29,0,0,290.0124,0.9835457573770398
6,15,RF time only,6,29,0,0,291.018,0.992321613603767
6,15,RF time only,6,29,0,0,292.0144,0.858596744548093
6,15,RF time only,6,29,0,0,293.0191,0.9986227554962329
6,15,RF time only,6,29,0,0,294.0126,0.7920394559668028
6,15,RF time only,6,29,0,0,295.0191,0.9800480254212658
6,15,RF time only,6,29,0,0,296.0124,0.6281847982292458
6,15,RF time only,6,29,0,0,297.0182,0.9980347493557237
6,15,RF time only,6,29,0,0,298.0114,0.7104525539301635
6,15,RF time only,6,29,0,0,299.0173,1.0
6,15,RF time only,6,29,0,0,300.0121,0.9292703060896037
6,15,RF time only,6,29,0,0,301.018,0.9495290073780215
6,15,GB time only,6,8,0,0,0.0111263,0.0009896817519725865
6,15,GB time only,6,8,0,0,1.012533,0.0009896817519725865
6,15,GB time only,6,8,0,0,2.006725,0.0009896817519725865
6,15,GB time only,6,8,0,0,3.011544,0.0009896817519725865
6,15,GB time only,6,8,0,0,4.002677,0.041625525963097355
6,15,GB time only,6,8,0,0,5.009711,0.041625525963097355
6,15,GB time only,6,8,0,0,6.004739,0.08144650146487657
6,15,GB time only,6,8,0,0,7.009674,0.11703363855950817
6,15,GB time only,6,8,0,0,8.003508,0.11948052268077039
6,15,GB time only,6,8,0,0,9.006954,0.11948052268077039
6,15,GB time only,6,8,0,0,10.00293,0.11948052268077039
6,15,GB time only,6,8,0,0,11.00604,0.11948052268077039
6,15,GB time only,6,8,1,1,12.00364,0.08069856673275584
6,15,GB time only,6,8,1,1,13.00802,0.08131983495999767
6,15,GB time only,6,8,1,1,14.00243,0.08131983495999767
6,15,GB time only,6,8,1,1,15.00691,0.08131983495999767
6,15,GB time only,6,8,1,1,16.01181,0.11543227328674775
6,15,GB time only,6,8,1,1,17.00746,0.04327399709255932
6,15,GB time only,6,8,1,1,18.01327,0.04356508105273346
6,15,GB time only,6,8,1,1,19.00703,0.04356508105273346
6,15,GB time only,6,8,1,1,20.01132,0.11701854263029654
6,15,GB time only,6,8,1,1,21.00361,0.11923580947817068
6,15,GB time only,6,8,1,1,22.01139,0.043428479870465456
6,15,GB time only,6,8,1,1,23.00565,0.11541190599393289
6,15,GB time only,6,8,1,1,24.01185,0.08199654342345396
6,15,GB time only,6,8,1,1,25.00333,0.08199654342345396
6,15,GB time only,6,8,1,1,26.01048,0.11830585988131476
6,15,GB time only,6,8,1,1,27.0047,0.11652903876798226
6,15,GB time only,6,8,1,1,28.00931,0.08438811939201281
6,15,GB time only,6,8,1,1,29.00375,0.15662108577889816
6,15,GB time only,6,8,1,1,30.00954,0.12263006044423595
6,15,GB time only,6,8,1,1,31.00254,0.12263006044423595
6,15,GB time only,6,8,1,1,32.00864,0.15843711387228676
6,15,GB time only,6,8,1,1,33.0032,0.15843711387228676
6,15,GB time only,6,8,1,1,34.00835,0.15843711387228676
6,15,GB time only,6,8,1,1,35.01365,0.12081993050648475
6,15,GB time only,6,8,1,1,36.00763,0.12081993050648475
6,15,GB time only,6,8,1,1,37.01249,0.19352690464285266
6,15,GB time only,6,8,1,1,38.00724,0.16194732746380194
6,15,GB time only,6,8,1,1,39.01177,0.19246482238602758
6,15,GB time only,6,8,1,1,40.00622,0.18959262734982385
6,15,GB time only,6,8,1,1,41.01126,0.1595560719285208
6,15,GB time only,6,8,1,1,42.00632,0.1595560719285208
6,15,GB time only,6,8,1,1,43.01094,0.15770615993642953
6,15,GB time only,6,8,1,1,44.00538,0.19330222191655913
6,15,GB time only,6,8,1,1,45.00897,0.1613073911225436
6,15,GB time only,6,8,1,1,46.00489,0.1941467712666967
6,15,GB time only,6,8,1,1,47.00764,0.1941467712666967
6,15,GB time only,6,8,1,1,48.00322,0.12037912986726683
6,15,GB time only,6,8,1,1,49.0089,0.19496802041281147
6,15,GB time only,6,8,1,1,50.00442,0.19496802041281147
6,15,GB time only,6,8,1,1,51.00952,0.1632744940794773
6,15,GB time only,6,8,1,1,52.00426,0.2624126875002708
6,15,GB time only,6,8,1,1,53.00848,0.2696889121358929
6,15,GB time only,6,8,1,1,54.00241,0.3345552214253552
6,15,GB time only,6,8,1,1,55.00602,0.23900626630665014
6,15,GB time only,6,8,1,1,56.01323,0.29595531795866353
6,15,GB time only,6,8,1,1,57.00426,0.29595531795866353
6,15,GB time only,6,8,1,1,58.01067,0.27409861193644897
6,15,GB time only,6,8,1,1,59.0066,0.27409861193644897
6,15,GB time only,6,8,1,1,60.01128,0.3616723240374325
6,15,GB time only,6,8,1,1,61.00568,0.3616723240374325
6,15,GB time only,6,8,1,1,62.01031,0.3099462758957943
6,15,GB time only,6,8,1,1,63.005,0.33481341488074773
6,15,GB time only,6,8,1,1,64.01,0.33048473707826737
6,15,GB time only,6,8,1,1,65.00407,0.3080696896780978
6,15,GB time only,6,8,1,1,66.01032,0.3080696896780978
6,15,GB time only,6,8,1,1,67.00389,0.36792492673985555
6,15,GB time only,6,8,1,1,68.00977,0.33342439304537347
6,15,GB time only,6,8,1,1,69.00293,0.33342439304537347
6,15,GB time only,6,8,1,1,70.00932,0.33711743384033177
6,15,GB time only,6,8,1,1,71.00261,0.33711743384033177
6,15,GB time only,6,8,1,1,72.00746,0.3112178886698881
6,15,GB time only,6,8,1,1,73.00294,0.4206372541347936
6,15,GB time only,6,8,1,1,74.00814,0.37178399218492975
6,15,GB time only,6,8,1,1,75.01319,0.37178399218492975
6,15,GB time only,6,8,1,1,76.00666,0.3416970688787932
6,15,GB time only,6,8,1,1,77.01159,0.33887832764678405
6,15,GB time only,6,8,1,1,78.00659,0.43132866791489
6,15,GB time only,6,8,1,1,79.01199,0.4102997684845688
6,15,GB time only,6,8,1,1,80.0071,0.431484647886212
6,15,GB time only,6,8,1,1,81.01176,0.373640354606396
6,15,GB time only,6,8,1,1,82.00599,0.373640354606396
6,15,GB time only,6,8,1,1,83.01203,0.4331792855031579
6,15,GB time only,6,8,1,1,84.00549,0.412080844694921
6,15,GB time only,6,8,1,1,85.01128,0.4811832311282446
6,15,GB time only,6,8,1,1,86.00328,0.38309378489786333
6,15,GB time only,6,8,1,1,87.01077,0.46602728925355075
6,15,GB time only,6,8,1,1,88.00428,0.46602728925355075
6,15,GB time only,6,8,1,1,89.00924,0.458500044878164
6,15,GB time only,6,8,1,1,90.00323,0.458500044878164
6,15,GB time only,6,8,1,1,91.00959,0.5243754776515432
6,15,GB time only,6,8,1,1,92.0034,0.5243754776515432
6,15,GB time only,6,8,1,1,93.00835,0.4482784610741796
6,15,GB time only,6,8,1,1,94.01284,0.4892187597755067
6,15,GB time only,6,8,1,1,95.00739,0.5227158737875166
6,15,GB time only,6,8,1,1,96.01205,0.4767862570924036
6,15,GB time only,6,8,1,1,97.00794,0.4767862570924036
6,15,GB time only,6,8,1,1,98.01041,0.5177595278205688
6,15,GB time only,6,8,1,1,99.0069,0.5823032691403935
6,15,GB time only,6,8,1,1,100.0121,0.508703510832416
6,15,GB time only,6,8,1,1,101.0061,0.508703510832416
6,15,GB time only,6,8,1,1,102.0104,0.5528662558563089
6,15,GB time only,6,8,1,1,103.0028,0.5477335737471597
6,15,GB time only,6,8,1,1,104.0098,0.5329851395693092
6,15,GB time only,6,8,1,1,105.0038,0.4407174443492277
6,15,GB time only,6,8,1,1,106.0078,0.43589320904297185
6,15,GB time only,6,8,1,1,107.0034,0.43589320904297185
6,15,GB time only,6,8,1,1,108.0105,0.5546754818256413
6,15,GB time only,6,8,1,1,109.0032,0.5546754818256413
6,15,GB time only,6,8,1,1,110.0085,0.47121952644407417
6,15,GB time only,6,8,1,1,111.0039,0.4045960317617663
6,15,GB time only,6,8,1,1,112.0084,0.5246425417532256
6,15,GB time only,6,8,1,1,113.0033,0.5246425417532256
6,15,GB time only,6,8,1,1,114.0078,0.5012986787563867
6,15,GB time only,6,8,1,1,115.0025,0.5012986787563867
6,15,GB time only,6,8,1,1,116.0068,0.40731433144263907
6,15,GB time only,6,8,1,1,117.013,0.40867548532976194
6,15,GB time only,6,8,1,1,118.0074,0.40867548532976194
6,15,GB time only,6,8,1,1,119.0124,0.44040722560192247
6,15,GB time only,6,8,1,1,120.0065,0.44040722560192247
6,15,GB time only,6,8,1,1,121.0116,0.40729834011210486
6,15,GB time only,6,8,1,1,122.0045,0.40729834011210486
6,15,GB time only,6,8,1,1,123.0113,0.4568216784551459
6,15,GB time only,6,8,1,1,124.0041,0.4568216784551459
6,15,GB time only,6,8,1,1,125.0098,0.5210085656412051
6,15,GB time only,6,8,1,1,126.0048,0.488677176030874
6,15,GB time only,6,8,1,1,127.0095,0.45247379790934467
6,15,GB time only,6,8,1,1,128.0036,0.45247379790934467
6,15,GB time only,6,8,1,1,129.009,0.46013782398284336
6,15,GB time only,6,8,1,1,130.0039,0.5559307046309413
6,15,GB time only,6,8,1,1,131.0088,0.5559307046309413
6,15,GB time only,6,8,1,1,132.0122,0.494057833160276
6,15,GB time only,6,8,1,1,133.0076,0.494057833160276
6,15,GB time only,6,8,1,1,134.0139,0.5477273479623473
6,15,GB time only,6,8,1,1,135.0082,0.5477273479623473
6,15,GB time only,6,8,1,1,136.0131,0.5579066185291452
6,15,GB time only,6,8,1,1,137.0078,0.5579066185291452
6,15,GB time only,6,8,1,1,138.013,0.512608631677319
6,15,GB time only,6,8,1,1,139.0039,0.512608631677319
6,15,GB time only,6,8,1,1,140.0123,0.5889610344676356
6,15,GB time only,6,8,1,1,141.0059,0.5889610344676356
6,15,GB time only,6,8,1,1,142.0129,0.564540768561652
6,15,GB time only,6,8,1,1,143.0045,0.516412196982222
6,15,GB time only,6,8,1,1,144.0114,0.5505615647842305
6,15,GB time only,6,8,1,1,145.0053,0.5505615647842305
6,15,GB time only,6,8,1,1,146.01,0.5813933344488693
6,15,GB time only,6,8,1,1,147.0052,0.5430372321697959
6,15,GB time only,6,8,1,1,148.0087,0.5582108242037332
6,15,GB time only,6,8,1,1,149.0129,0.5553272641872519
6,15,GB time only,6,8,1,1,150.0087,0.5553272641872519
6,15,GB time only,6,8,1,1,151.0138,0.5847927320573357
6,15,GB time only,6,8,1,1,152.0095,0.5847927320573357
6,15,GB time only,6,8,1,1,153.0142,0.5430302791474885
6,15,GB time only,6,8,1,1,154.0081,0.545050743301214
6,15,GB time only,6,8,1,1,155.0137,0.5435109571204225
6,15,GB time only,6,8,1,1,156.0075,0.5435109571204225
6,15,GB time only,6,8,1,1,157.0126,0.5925061197526549
6,15,GB time only,6,8,1,1,158.0068,0.6240759349479962
6,15,GB time only,6,8,1,1,159.0132,0.543000901585606
6,15,GB time only,6,8,1,1,160.0063,0.543000901585606
6,15,GB time only,6,8,1,1,161.0108,0.6678958343630573
6,15,GB time only,6,8,1,1,162.006,0.6287003470420759
6,15,GB time only,6,8,1,1,163.0109,0.651650485859403
6,15,GB time only,6,8,1,1,164.0049,0.6091448230569958
6,15,GB time only,6,8,1,1,165.01,0.6040593687482074
6,15,GB time only,6,8,1,1,166.0045,0.6040593687482074
6,15,GB time only,6,8,1,1,167.0095,0.6572744404037866
6,15,GB time only,6,8,1,1,168.0032,0.6131552537743484
6,15,GB time only,6,8,1,1,169.0091,0.664551520242861
6,15,GB time only,6,8,1,1,170.0035,0.6036994359909564
6,15,GB time only,6,8,1,1,171.0077,0.6036994359909564
6,15,GB time only,6,8,1,1,172.0033,0.6647035405352908
6,15,GB time only,6,8,1,1,173.0079,0.6335732815668901
6,15,GB time only,6,8,1,1,174.0131,0.6050658704993052
6,15,GB time only,6,8,1,1,175.0073,0.6436007978130037
6,15,GB time only,6,8,1,1,176.0123,0.6015635688242648
6,15,GB time only,6,8,1,1,177.0065,0.6015635688242648
6,15,GB time only,6,8,1,1,178.0104,0.6552835727061901
6,15,GB time only,6,8,1,1,179.0055,0.6016267631948667
6,15,GB time only,6,8,1,1,180.0111,0.6662705860939185
6,15,GB time only,6,8,1,1,181.0053,0.6329977225350091
6,15,GB time only,6,8,1,1,182.0111,0.6266548531269641
6,15,GB time only,6,8,1,1,183.0054,0.6266548531269641
6,15,GB time only,6,8,1,1,184.0106,0.6266548531269641
6,15,GB time only,6,8,1,1,185.0048,0.668142673106759
6,15,GB time only,6,8,1,1,186.01,0.5901702873491267
6,15,GB time only,6,8,1,1,187.0047,0.5901702873491267
6,15,GB time only,6,8,1,1,188.0081,0.6440535491599838
6,15,GB time only,6,8,1,1,189.0033,0.6266263236066291
6,15,GB time only,6,8,1,1,190.0063,0.6266263236066291
6,15,GB time only,6,8,1,1,191.0028,0.6266263236066291
6,15,GB time only,6,8,1,1,192.0089,0.722486328608084
6,15,GB time only,6,8,1,1,193.0028,0.722486328608084
6,15,GB time only,6,8,1,1,194.0075,0.6768718068085265
6,15,GB time only,6,8,1,1,195.0103,0.6582214565286313
6,15,GB time only,6,8,1,1,196.0071,0.704835701761002
6,15,GB time only,6,8,1,1,197.013,0.6032625349588866
6,15,GB time only,6,8,1,1,198.0058,0.6032625349588866
6,15,GB time only,6,8,1,1,199.0128,0.7212498467374207
6,15,GB time only,6,8,1,1,200.0057,0.6309761350853322
6,15,GB time only,6,8,1,1,201.0118,0.6699249584862756
6,15,GB time only,6,8,1,1,202.0059,0.6880302743591072
6,15,GB time only,6,8,1,1,203.0114,0.6143558262513682
6,15,GB time only,6,8,1,1,204.0047,0.6143558262513682
6,15,GB time only,6,8,1,1,205.0115,0.6234787647755818
6,15,GB time only,6,8,1,1,206.0058,0.6234787647755818
6,15,GB time only,6,8,1,1,207.0091,0.6234787647755818
6,15,GB time only,6,8,1,1,208.0048,0.6234787647755818
6,15,GB time only,6,8,1,1,209.0109,0.6667776064225385
6,15,GB time only,6,8,1,1,210.0142,0.6181231456266874
6,15,GB time only,6,8,1,1,211.0105,0.6228867737104533
6,15,GB time only,6,8,1,1,212.0143,0.666303255535192
6,15,GB time only,6,8,1,1,213.0075,0.6356417342447754
6,15,GB time only,6,8,1,1,214.0034,0.6356417342447754
6,15,GB time only,6,8,1,1,215.0077,0.576689778641804
6,15,GB time only,6,8,1,1,216.0128,0.6237889243215232
6,15,GB time only,6,8,1,1,217.0073,0.6339463627653795
6,15,GB time only,6,8,1,1,218.0133,0.6652573693600702
6,15,GB time only,6,8,1,1,219.0063,0.6652573693600702
6,15,GB time only,6,8,1,1,220.0116,0.6778330564308586
6,15,GB time only,6,8,1,1,221.0034,0.6579242377807685
6,15,GB time only,6,8,1,1,222.0124,0.6631823289747981
6,15,GB time only,6,8,1,1,223.0052,0.6631823289747981
6,15,GB time only,6,8,1,1,224.0106,0.6631823289747981
6,15,GB time only,6,8,1,1,225.0051,0.6631823289747981
6,15,GB time only,6,8,1,1,226.011,0.6735053658376237
6,15,GB time only,6,8,1,1,227.0034,0.627452635822818
6,15,GB time only,6,8,1,1,228.0098,0.7064626122501746
6,15,GB time only,6,8,1,1,229.0035,0.7064626122501746
6,15,GB time only,6,8,1,1,230.0087,0.6855028256950797
6,15,GB time only,6,8,1,1,231.003,0.6683738232061267
6,15,GB time only,6,8,1,1,232.008,0.6288495333394534
6,15,GB time only,6,8,1,1,233.0139,0.6621210666910111
6,15,GB time only,6,8,1,1,234.0074,0.6993403208246349
6,15,GB time only,6,8,1,1,235.0029,0.6993403208246349
6,15,GB time only,6,8,1,1,236.0081,0.6283809736658236
6,15,GB time only,6,8,1,1,237.012,0.6751942903639048
6,15,GB time only,6,8,1,1,238.0068,0.6405051102980344
6,15,GB time only,6,8,1,1,239.0122,0.6499879323056486
6,15,GB time only,6,8,1,1,240.0048,0.6499879323056486
6,15,GB time only,6,8,1,1,241.0114,0.6288000904440083
6,15,GB time only,6,8,1,1,242.0057,0.6288000904440083
6,15,GB time only,6,8,1,1,243.0114,0.659383744833003
6,15,GB time only,6,8,1,1,244.005,0.657462707450855
6,15,GB time only,6,8,1,1,245.0085,0.6737163106254137
6,15,GB time only,6,8,1,1,246.0043,0.6737163106254137
6,15,GB time only,6,8,1,1,247.0102,0.6737163106254137
6,15,GB time only,6,8,1,1,248.0034,0.644784234393339
6,15,GB time only,6,8,1,1,249.0086,0.681541735155047
6,15,GB time only,6,8,1,1,250.012,0.6459568855922518
6,15,GB time only,6,8,1,1,251.0087,0.6824486725294004
6,15,GB time only,6,8,1,1,252.0134,0.6824486725294004
6,15,GB time only,6,8,1,1,253.0077,0.6425881936077946
6,15,GB time only,6,8,1,1,254.0119,0.6492622096628304
6,15,GB time only,6,8,1,1,255.0081,0.7713775121696168
6,15,GB time only,6,8,1,1,256.0134,0.6885028080210275
6,15,GB time only,6,8,1,1,257.007,0.6885028080210275
6,15,GB time only,6,8,1,1,258.0121,0.6270599786360402
6,15,GB time only,6,8,1,1,259.007,0.7271890592766234
6,15,GB time only,6,8,1,1,260.0117,0.6816821019090499
6,15,GB time only,6,8,1,1,261.005,0.6816821019090499
6,15,GB time only,6,8,1,1,262.0108,0.6852293020663013
6,15,GB time only,6,8,1,1,263.0057,0.6274991304738053
6,15,GB time only,6,8,1,1,264.01,0.7054377372378191
6,15,GB time only,6,8,1,1,265.0052,0.7054377372378191
6,15,GB time only,6,8,1,1,266.0104,0.7263848602668799
6,15,GB time only,6,8,1,1,267.0128,0.6647639644595604
6,15,GB time only,6,8,1,1,268.0097,0.6647639644595604
6,15,GB time only,6,8,1,1,269.0036,0.6647639644595604
6,15,GB time only,6,8,1,1,270.0091,0.6944230268646769
6,15,GB time only,6,8,1,1,271.014,0.7266079372852062
6,15,GB time only,6,8,1,1,272.0055,0.663347923309649
6,15,GB time only,6,8,1,1,273.0126,0.6546530432976091
6,15,GB time only,6,8,1,1,274.0073,0.6546530432976091
6,15,GB time only,6,8,1,1,275.0133,0.7288073758936484
6,15,GB time only,6,8,1,1,276.007,0.6894396621958705
6,15,GB time only,6,8,1,1,277.0134,0.680861291658851
6,15,GB time only,6,8,1,1,278.0072,0.680861291658851
6,15,GB time only,6,8,1,1,279.0129,0.7322981012443387
6,15,GB time only,6,8,1,1,280.0068,0.7322981012443387
6,15,GB time only,6,8,1,1,281.011,0.638115288377672
6,15,GB time only,6,8,1,1,282.0045,0.638115288377672
6,15,GB time only,6,8,1,1,283.0108,0.7316910248681191
6,15,GB time only,6,8,1,1,284.0054,0.7316910248681191
6,15,GB time only,6,8,1,1,285.0088,0.7316910248681191
6,15,GB time only,6,8,1,1,286.004,0.7171157456546114
6,15,GB time only,6,8,1,1,287.0099,0.7171157456546114
6,15,GB time only,6,8,1,1,288.0023,0.7171157456546114
6,15,GB time only,6,8,1,1,289.0085,0.7213969338012811
6,15,GB time only,6,8,1,1,290.0032,0.6820043959376844
6,15,GB time only,6,8,1,1,291.007,0.6820043959376844
6,15,GB time only,6,8,1,1,292.003,0.7664528470325767
6,15,GB time only,6,8,1,1,293.0081,0.789046093022426
6,15,GB time only,6,8,1,1,294.0127,0.6975737505433882
6,15,GB time only,6,8,1,1,295.0076,0.6975737505433882
6,15,GB time only,6,8,1,1,296.0129,0.7664325736445551
6,15,GB time only,6,8,1,1,297.0052,0.7664325736445551
6,15,GB time only,6,8,1,1,298.0126,0.7350799807926007
6,15,GB time only,6,8,1,1,299.0057,0.7350799807926007
6,15,GB time only,6,8,1,1,300.0108,0.7923715652764135
6,15,GB time only,6,8,1,1,301.005,0.7923715652764135
6,15,GB time only,15,22,0,0,0.0,0.0009896817519725865
6,15,GB time only,15,22,0,0,1.000974,0.0009896817519725865
6,15,GB time only,15,22,0,0,2.003568,0.0009896817519725865
6,15,GB time only,15,22,0,0,2.999172,0.0009896817519725865
6,15,GB time only,15,22,0,0,4.004295,0.041625525963097355
6,15,GB time only,15,22,0,0,4.999187,0.041625525963097355
6,15,GB time only,15,22,0,0,6.004433,0.08144650146487657
6,15,GB time only,15,22,0,0,7.008282,0.11703363855950817
6,15,GB time only,15,22,0,0,8.002911,0.11703363855950817
6,15,GB time only,15,22,0,0,9.006618,0.11948052268077039
6,15,GB time only,15,22,0,0,10.00285,0.11948052268077039
6,15,GB time only,15,22,0,0,11.00888,0.08069856673275584
6,15,GB time only,15,22,0,0,12.00174,0.08069856673275584
6,15,GB time only,15,22,0,0,13.00911,0.08131983495999767
6,15,GB time only,15,22,0,0,14.00245,0.08131983495999767
6,15,GB time only,15,22,0,0,15.00674,0.08131983495999767
6,15,GB time only,15,22,0,0,16.0,0.11543227328674775
6,15,GB time only,15,22,0,0,17.00529,0.04327399709255932
6,15,GB time only,15,22,0,0,18.00072,0.11957868782146072
6,15,GB time only,15,22,0,0,19.00576,0.04356508105273346
6,15,GB time only,15,22,0,0,20.00023,0.11701854263029654
6,15,GB time only,15,22,0,0,21.00535,0.11923580947817068
6,15,GB time only,15,22,0,0,21.99837,0.043428479870465456
6,15,GB time only,15,22,0,0,23.00469,0.11541190599393289
6,15,GB time only,15,22,0,0,23.99946,0.08199654342345396
6,15,GB time only,15,22,0,0,25.00485,0.08199654342345396
6,15,GB time only,15,22,1,1,25.99836,0.11830585988131476
6,15,GB time only,15,22,1,1,27.00395,0.11652903876798226
6,15,GB time only,15,22,1,1,28.00946,0.08438811939201281
6,15,GB time only,15,22,1,1,29.00419,0.15662108577889816
6,15,GB time only,15,22,1,1,30.00806,0.12263006044423595
6,15,GB time only,15,22,1,1,31.00277,0.12263006044423595
6,15,GB time only,15,22,1,1,32.00785,0.15509604598252666
6,15,GB time only,15,22,1,1,33.00269,0.15843711387228676
6,15,GB time only,15,22,1,1,34.00766,0.15843711387228676
6,15,GB time only,15,22,1,1,35.00272,0.1933486175668808
6,15,GB time only,15,22,1,1,36.00747,0.12081993050648475
6,15,GB time only,15,22,1,1,36.9996,0.19352690464285266
6,15,GB time only,15,22,1,1,38.00627,0.16194732746380194
6,15,GB time only,15,22,1,1,38.99976,0.19246482238602758
6,15,GB time only,15,22,1,1,40.00533,0.18959262734982385
6,15,GB time only,15,22,1,1,40.99976,0.1595560719285208
6,15,GB time only,15,22,1,1,42.00514,0.1595560719285208
6,15,GB time only,15,22,1,1,42.99894,0.1595560719285208
6,15,GB time only,15,22,1,1,44.00431,0.19330222191655913
6,15,GB time only,15,22,1,1,44.99878,0.19330222191655913
6,15,GB time only,15,22,1,1,46.00489,0.1941467712666967
6,15,GB time only,15,22,1,1,47.0092,0.12037912986726683
6,15,GB time only,15,22,1,1,48.00323,0.12037912986726683
6,15,GB time only,15,22,1,1,49.00968,0.19496802041281147
6,15,GB time only,15,22,1,1,50.0032,0.19496802041281147
6,15,GB time only,15,22,1,1,51.00922,0.1632744940794773
6,15,GB time only,15,22,1,1,52.0018,0.2624126875002708
6,15,GB time only,15,22,1,1,53.0089,0.2696889121358929
6,15,GB time only,15,22,1,1,54.00255,0.3345552214253552
6,15,GB time only,15,22,1,1,55.00832,0.23900626630665014
6,15,GB time only,15,22,1,1,56.00201,0.29595531795866353
6,15,GB time only,15,22,1,1,57.00761,0.3013106703791488
6,15,GB time only,15,22,1,1,57.99846,0.3013106703791488
6,15,GB time only,15,22,1,1,59.00563,0.27409861193644897
6,15,GB time only,15,22,1,1,60.0009,0.3683475570490744
6,15,GB time only,15,22,1,1,61.00551,0.3616723240374325
6,15,GB time only,15,22,1,1,61.99966,0.3099462758957943
6,15,GB time only,15,22,1,1,63.0064,0.33481341488074773
6,15,GB time only,15,22,1,1,63.99938,0.33048473707826737
6,15,GB time only,15,22,1,1,65.00513,0.3080696896780978
6,15,GB time only,15,22,1,1,65.9985,0.3080696896780978
6,15,GB time only,15,22,1,1,67.00328,0.3080696896780978
6,15,GB time only,15,22,1,1,68.00936,0.33342439304537347
6,15,GB time only,15,22,1,1,69.00479,0.33342439304537347
6,15,GB time only,15,22,1,1,70.00838,0.33711743384033177
6,15,GB time only,15,22,1,1,71.00202,0.33711743384033177
6,15,GB time only,15,22,1,1,72.00929,0.3112178886698881
6,15,GB time only,15,22,1,1,73.00296,0.4206372541347936
6,15,GB time only,15,22,1,1,74.00823,0.37178399218492975
6,15,GB time only,15,22,1,1,75.00237,0.37178399218492975
6,15,GB time only,15,22,1,1,76.00737,0.3416970688787932
6,15,GB time only,15,22,1,1,77.00177,0.33887832764678405
6,15,GB time only,15,22,1,1,78.00689,0.43132866791489
6,15,GB time only,15,22,1,1,79.00884,0.4102997684845688
6,15,GB time only,15,22,1,1,80.00656,0.431484647886212
6,15,GB time only,15,22,1,1,80.99937,0.431484647886212
6,15,GB time only,15,22,1,1,82.00517,0.373640354606396
6,15,GB time only,15,22,1,1,82.99969,0.4331792855031579
6,15,GB time only,15,22,1,1,84.00191,0.412080844694921
6,15,GB time only,15,22,1,1,84.99885,0.4811832311282446
6,15,GB time only,15,22,1,1,86.0044,0.38309378489786333
6,15,GB time only,15,22,1,1,86.99889,0.38309378489786333
6,15,GB time only,15,22,1,1,88.00349,0.46602728925355075
6,15,GB time only,15,22,1,1,89.00752,0.458500044878164
6,15,GB time only,15,22,1,1,90.00366,0.458500044878164
6,15,GB time only,15,22,1,1,91.008,0.5243754776515432
6,15,GB time only,15,22,1,1,92.0039,0.5243754776515432
6,15,GB time only,15,22,1,1,93.00881,0.4482784610741796
6,15,GB time only,15,22,1,1,94.0022,0.4892187597755067
6,15,GB time only,15,22,1,1,95.00798,0.5227158737875166
6,15,GB time only,15,22,1,1,96.00266,0.4767862570924036
6,15,GB time only,15,22,1,1,97.00711,0.4767862570924036
6,15,GB time only,15,22,1,1,98.00116,0.4767862570924036
6,15,GB time only,15,22,1,1,99.00732,0.5823032691403935
6,15,GB time only,15,22,1,1,100.0006,0.5823032691403935
6,15,GB time only,15,22,1,1,101.0059,0.508703510832416
6,15,GB time only,15,22,1,1,101.9992,0.5528662558563089
6,15,GB time only,15,22,1,1,103.0059,0.5477335737471597
6,15,GB time only,15,22,1,1,103.9993,0.5329851395693092
6,15,GB time only,15,22,1,1,105.0047,0.4407174443492277
6,15,GB time only,15,22,1,1,105.9986,0.4407174443492277
6,15,GB time only,15,22,1,1,107.0035,0.43589320904297185
6,15,GB time only,15,22,1,1,107.9985,0.5021202019283794
6,15,GB time only,15,22,1,1,109.0031,0.5546754818256413
6,15,GB time only,15,22,1,1,110.0076,0.47121952644407417
6,15,GB time only,15,22,1,1,111.0022,0.4045960317617663
6,15,GB time only,15,22,1,1,112.008,0.5246425417532256
6,15,GB time only,15,22,1,1,113.0031,0.5246425417532256
6,15,GB time only,15,22,1,1,114.0076,0.5012986787563867
6,15,GB time only,15,22,1,1,114.9989,0.5012986787563867
6,15,GB time only,15,22,1,1,116.0066,0.40731433144263907
6,15,GB time only,15,22,1,1,117.0013,0.40731433144263907
6,15,GB time only,15,22,1,1,118.0067,0.40867548532976194
6,15,GB time only,15,22,1,1,119.0003,0.5523154229191227
6,15,GB time only,15,22,1,1,120.0045,0.44040722560192247
6,15,GB time only,15,22,1,1,121.0003,0.40729834011210486
6,15,GB time only,15,22,1,1,122.0044,0.40729834011210486
6,15,GB time only,15,22,1,1,122.9991,0.4568216784551459
6,15,GB time only,15,22,1,1,124.0044,0.4568216784551459
6,15,GB time only,15,22,1,1,124.9989,0.5210085656412051
6,15,GB time only,15,22,1,1,126.0041,0.488677176030874
6,15,GB time only,15,22,1,1,127.0092,0.45247379790934467
6,15,GB time only,15,22,1,1,128.0039,0.45247379790934467
6,15,GB time only,15,22,1,1,129.0084,0.46013782398284336
6,15,GB time only,15,22,1,1,130.0032,0.5559307046309413
6,15,GB time only,15,22,1,1,131.0085,0.5559307046309413
6,15,GB time only,15,22,1,1,132.0024,0.494057833160276
6,15,GB time only,15,22,1,1,133.0067,0.494057833160276
6,15,GB time only,15,22,1,1,134.0019,0.494057833160276
6,15,GB time only,15,22,1,1,135.0055,0.5477273479623473
6,15,GB time only,15,22,1,1,136.001,0.5579066185291452
6,15,GB time only,15,22,1,1,137.007,0.5579066185291452
6,15,GB time only,15,22,1,1,138.0008,0.5579066185291452
6,15,GB time only,15,22,1,1,139.0064,0.512608631677319
6,15,GB time only,15,22,1,1,140.0006,0.5956868869932193
6,15,GB time only,15,22,1,1,141.0053,0.5889610344676356
6,15,GB time only,15,22,1,1,141.9996,0.564540768561652
6,15,GB time only,15,22,1,1,143.0043,0.516412196982222
6,15,GB time only,15,22,1,1,143.9991,0.516412196982222
6,15,GB time only,15,22,1,1,145.0036,0.5505615647842305
6,15,GB time only,15,22,1,1,146.009,0.5813933344488693
6,15,GB time only,15,22,1,1,147.0034,0.5430372321697959
6,15,GB time only,15,22,1,1,148.0084,0.5582108242037332
6,15,GB time only,15,22,1,1,149.0029,0.5582108242037332
6,15,GB time only,15,22,1,1,150.0071,0.5553272641872519
6,15,GB time only,15,22,1,1,151.0033,0.5847927320573357
6,15,GB time only,15,22,1,1,152.0067,0.5847927320573357
6,15,GB time only,15,22,1,1,153.0012,0.5430302791474885
6,15,GB time only,15,22,1,1,154.0069,0.545050743301214
6,15,GB time only,15,22,1,1,155.0018,0.545050743301214
6,15,GB time only,15,22,1,1,156.005,0.5435109571204225
6,15,GB time only,15,22,1,1,157.0015,0.5925061197526549
6,15,GB time only,15,22,1,1,158.0064,0.6240759349479962
6,15,GB time only,15,22,1,1,158.9998,0.6240759349479962
6,15,GB time only,15,22,1,1,160.0075,0.543000901585606
6,15,GB time only,15,22,1,1,160.9989,0.6678958343630573
6,15,GB time only,15,22,1,1,162.0055,0.6287003470420759
6,15,GB time only,15,22,1,1,162.9993,0.651650485859403
6,15,GB time only,15,22,1,1,164.0038,0.6091448230569958
6,15,GB time only,15,22,1,1,165.009,0.6091448230569958
6,15,GB time only,15,22,1,1,166.0014,0.6040593687482074
6,15,GB time only,15,22,1,1,167.0084,0.6572744404037866
6,15,GB time only,15,22,1,1,168.0029,0.6131552537743484
6,15,GB time only,15,22,1,1,168.9988,0.664551520242861
6,15,GB time only,15,22,1,1,170.0026,0.664551520242861
6,15,GB time only,15,22,1,1,171.0087,0.6647035405352908
6,15,GB time only,15,22,1,1,172.002,0.6647035405352908
6,15,GB time only,15,22,1,1,173.0081,0.6335732815668901
6,15,GB time only,15,22,1,1,174.0015,0.6050658704993052
6,15,GB time only,15,22,1,1,175.0074,0.6436007978130037
6,15,GB time only,15,22,1,1,176.0012,0.6436007978130037
6,15,GB time only,15,22,1,1,177.0057,0.6015635688242648
6,15,GB time only,15,22,1,1,178.0003,0.6552835727061901
6,15,GB time only,15,22,1,1,179.0055,0.6016267631948667
6,15,GB time only,15,22,1,1,180.0004,0.6016267631948667
6,15,GB time only,15,22,1,1,181.0063,0.6329977225350091
6,15,GB time only,15,22,1,1,181.9992,0.6329977225350091
6,15,GB time only,15,22,1,1,183.0047,0.6266548531269641
6,15,GB time only,15,22,1,1,183.9991,0.6266548531269641
6,15,GB time only,15,22,1,1,185.0039,0.668142673106759
6,15,GB time only,15,22,1,1,185.9996,0.668142673106759
6,15,GB time only,15,22,1,1,187.0029,0.5901702873491267
6,15,GB time only,15,22,1,1,188.0091,0.6440535491599838
6,15,GB time only,15,22,1,1,189.0034,0.6266263236066291
6,15,GB time only,15,22,1,1,190.0086,0.6266263236066291
6,15,GB time only,15,22,1,1,191.0028,0.6266263236066291
6,15,GB time only,15,22,1,1,192.0077,0.6597336288518091
6,15,GB time only,15,22,1,1,193.0021,0.722486328608084
6,15,GB time only,15,22,1,1,194.0079,0.6768718068085265
6,15,GB time only,15,22,1,1,195.0012,0.6582214565286313
6,15,GB time only,15,22,1,1,196.0064,0.704835701761002
6,15,GB time only,15,22,1,1,197.0011,0.704835701761002
6,15,GB time only,15,22,1,1,198.0061,0.6032625349588866
6,15,GB time only,15,22,1,1,199.0004,0.7212498467374207
6,15,GB time only,15,22,1,1,200.0061,0.6309761350853322
6,15,GB time only,15,22,1,1,200.9999,0.6309761350853322
6,15,GB time only,15,22,1,1,202.0023,0.6699249584862756
6,15,GB time only,15,22,1,1,202.9989,0.6880302743591072
6,15,GB time only,15,22,1,1,204.004,0.6143558262513682
6,15,GB time only,15,22,1,1,204.9987,0.6234787647755818
6,15,GB time only,15,22,1,1,206.0042,0.6234787647755818
6,15,GB time only,15,22,1,1,207.0072,0.6234787647755818
6,15,GB time only,15,22,1,1,208.0036,0.6234787647755818
6,15,GB time only,15,22,1,1,208.9984,0.6667776064225385
6,15,GB time only,15,22,1,1,210.0027,0.6181231456266874
6,15,GB time only,15,22,1,1,211.0065,0.6228867737104533
6,15,GB time only,15,22,1,1,212.0023,0.666303255535192
6,15,GB time only,15,22,1,1,213.0079,0.6356417342447754
6,15,GB time only,15,22,1,1,214.0013,0.6356417342447754
6,15,GB time only,15,22,1,1,215.0067,0.576689778641804
6,15,GB time only,15,22,1,1,216.0005,0.6237889243215232
6,15,GB time only,15,22,1,1,217.0071,0.6339463627653795
6,15,GB time only,15,22,1,1,217.9998,0.6339463627653795
6,15,GB time only,15,22,1,1,219.0065,0.6652573693600702
6,15,GB time only,15,22,1,1,220.0002,0.6778330564308586
6,15,GB time only,15,22,1,1,221.005,0.6579242377807685
6,15,GB time only,15,22,1,1,221.9992,0.6631823289747981
6,15,GB time only,15,22,1,1,223.004,0.6631823289747981
6,15,GB time only,15,22,1,1,223.9989,0.6631823289747981
6,15,GB time only,15,22,1,1,225.0036,0.6631823289747981
6,15,GB time only,15,22,1,1,225.9981,0.6735053658376237
6,15,GB time only,15,22,1,1,227.003,0.627452635822818
6,15,GB time only,15,22,1,1,227.9983,0.627452635822818
6,15,GB time only,15,22,1,1,229.0027,0.7064626122501746
6,15,GB time only,15,22,1,1,230.0077,0.6855028256950797
6,15,GB time only,15,22,1,1,231.0015,0.6683738232061267
6,15,GB time only,15,22,1,1,232.0083,0.6288495333394534
6,15,GB time only,15,22,1,1,232.9994,0.6288495333394534
6,15,GB time only,15,22,1,1,234.0069,0.6993403208246349
6,15,GB time only,15,22,1,1,235.0008,0.6993403208246349
6,15,GB time only,15,22,1,1,236.0067,0.6283809736658236
6,15,GB time only,15,22,1,1,237.0007,0.6751942903639048
6,15,GB time only,15,22,1,1,238.0053,0.6405051102980344
6,15,GB time only,15,22,1,1,238.9998,0.6405051102980344
6,15,GB time only,15,22,1,1,240.0057,0.6499879323056486
6,15,GB time only,15,22,1,1,240.9991,0.7470306875818243
6,15,GB time only,15,22,1,1,242.0057,0.6288000904440083
6,15,GB time only,15,22,1,1,242.9979,0.659383744833003
6,15,GB time only,15,22,1,1,244.0028,0.659383744833003
6,15,GB time only,15,22,1,1,244.9987,0.657462707450855
6,15,GB time only,15,22,1,1,246.0038,0.6737163106254137
6,15,GB time only,15,22,1,1,247.0082,0.6737163106254137
6,15,GB time only,15,22,1,1,248.0007,0.644784234393339
6,15,GB time only,15,22,1,1,249.0081,0.681541735155047
6,15,GB time only,15,22,1,1,250.0022,0.681541735155047
6,15,GB time only,15,22,1,1,250.9977,0.6459568855922518
6,15,GB time only,15,22,1,1,252.0028,0.6824486725294004
6,15,GB time only,15,22,1,1,253.0074,0.6425881936077946
6,15,GB time only,15,22,1,1,254.0015,0.6425881936077946
6,15,GB time only,15,22,1,1,255.0057,0.6492622096628304
6,15,GB time only,15,22,1,1,256.0016,0.7713775121696168
6,15,GB time only,15,22,1,1,257.0052,0.6885028080210275
6,15,GB time only,15,22,1,1,257.9996,0.6270599786360402
6,15,GB time only,15,22,1,1,259.0047,0.6270599786360402
6,15,GB time only,15,22,1,1,260.0,0.7271890592766234
6,15,GB time only,15,22,1,1,261.0054,0.6816821019090499
6,15,GB time only,15,22,1,1,261.9995,0.6852293020663013
6,15,GB time only,15,22,1,1,263.005,0.6274991304738053
6,15,GB time only,15,22,1,1,264.0086,0.7054377372378191
6,15,GB time only,15,22,1,1,265.0041,0.7054377372378191
6,15,GB time only,15,22,1,1,265.9979,0.7263848602668799
6,15,GB time only,15,22,1,1,267.0028,0.6647639644595604
6,15,GB time only,15,22,1,1,267.9983,0.6647639644595604
6,15,GB time only,15,22,1,1,269.0023,0.6647639644595604
6,15,GB time only,15,22,1,1,270.0084,0.6944230268646769
6,15,GB time only,15,22,1,1,271.0029,0.7266079372852062
6,15,GB time only,15,22,1,1,272.0079,0.663347923309649
6,15,GB time only,15,22,1,1,273.0007,0.663347923309649
6,15,GB time only,15,22,1,1,274.007,0.6546530432976091
6,15,GB time only,15,22,1,1,275.002,0.7288073758936484
6,15,GB time only,15,22,1,1,276.0071,0.6894396621958705
6,15,GB time only,15,22,1,1,276.9994,0.6894396621958705
6,15,GB time only,15,22,1,1,278.0064,0.680861291658851
6,15,GB time only,15,22,1,1,278.9993,0.7812158966511961
6,15,GB time only,15,22,1,1,280.0048,0.7322981012443387
6,15,GB time only,15,22,1,1,280.9991,0.638115288377672
6,15,GB time only,15,22,1,1,282.0041,0.638115288377672
6,15,GB time only,15,22,1,1,282.9991,0.7549760853644634
6,15,GB time only,15,22,1,1,284.0046,0.7316910248681191
6,15,GB time only,15,22,1,1,284.9987,0.7316910248681191
6,15,GB time only,15,22,1,1,286.0029,0.7171157456546114
6,15,GB time only,15,22,1,1,286.9979,0.7171157456546114
6,15,GB time only,15,22,1,1,288.0019,0.7171157456546114
6,15,GB time only,15,22,1,1,289.0057,0.7213969338012811
6,15,GB time only,15,22,1,1,290.0014,0.6820043959376844
6,15,GB time only,15,22,1,1,291.0084,0.7664528470325767
6,15,GB time only,15,22,1,1,292.0014,0.7664528470325767
6,15,GB time only,15,22,1,1,293.0075,0.789046093022426
6,15,GB time only,15,22,1,1,293.9986,0.789046093022426
6,15,GB time only,15,22,1,1,295.0063,0.6975737505433882
6,15,GB time only,15,22,1,1,296.0003,0.8329664541011044
6,15,GB time only,15,22,1,1,297.0054,0.7664325736445551
6,15,GB time only,15,22,1,1,298.001,0.7350799807926007
6,15,GB time only,15,22,1,1,299.0046,0.7350799807926007
6,15,GB time only,15,22,1,1,299.9992,0.8083538230469396
6,15,GB time only,15,22,1,1,301.0032,0.7923715652764135
6,15,GB time only,15,22,1,1,301.9981,0.7923715652764135
6,15,GB time only,6,29,0,0,0.0112192,0.0009896817519725865
6,15,GB time only,6,29,0,0,1.011824,0.0009896817519725865
6,15,GB time only,6,29,0,0,2.016775,0.0009896817519725865
6,15,GB time only,6,29,0,0,3.01134,0.0009896817519725865
6,15,GB time only,6,29,0,0,4.016446,0.041625525963097355
6,15,GB time only,6,29,0,0,5.010691,0.041625525963097355
6,15,GB time only,6,29,0,0,6.014781,0.08144650146487657
6,15,GB time only,6,29,0,0,7.021184,0.11703363855950817
6,15,GB time only,6,29,0,0,8.014297,0.11948052268077039
6,15,GB time only,6,29,0,0,9.017834,0.11948052268077039
6,15,GB time only,6,29,0,0,10.0143,0.11948052268077039
6,15,GB time only,6,29,0,0,11.0198,0.08069856673275584
6,15,GB time only,6,29,0,0,12.01373,0.08131983495999767
6,15,GB time only,6,29,0,0,13.01924,0.08131983495999767
6,15,GB time only,6,29,0,0,14.01323,0.08131983495999767
6,15,GB time only,6,29,0,0,15.01874,0.11543227328674775
6,15,GB time only,6,29,0,0,16.02178,0.04327399709255932
6,15,GB time only,6,29,0,0,17.0179,0.11957868782146072
6,15,GB time only,6,29,0,0,18.01236,0.04356508105273346
6,15,GB time only,6,29,0,0,19.01663,0.11701854263029654
6,15,GB time only,6,29,0,0,20.01117,0.11701854263029654
6,15,GB time only,6,29,0,0,21.01589,0.11923580947817068
6,15,GB time only,6,29,0,0,22.01227,0.043428479870465456
6,15,GB time only,6,29,0,0,23.01739,0.08199654342345396
6,15,GB time only,6,29,0,0,24.01122,0.08199654342345396
6,15,GB time only,6,29,0,0,25.01702,0.08199654342345396
6,15,GB time only,6,29,0,0,26.0217,0.11830585988131476
6,15,GB time only,6,29,0,0,27.01569,0.11652903876798226
6,15,GB time only,6,29,0,0,28.02129,0.08438811939201281
6,15,GB time only,6,29,0,0,29.01555,0.15662108577889816
6,15,GB time only,6,29,0,0,30.01976,0.12263006044423595
6,15,GB time only,6,29,0,0,31.01329,0.15509604598252666
6,15,GB time only,6,29,0,0,32.02007,0.15843711387228676
6,15,GB time only,6,29,0,0,33.01092,0.15843711387228676
6,15,GB time only,6,29,0,0,34.01912,0.1933486175668808
6,15,GB time only,6,29,0,0,35.01377,0.12081993050648475
6,15,GB time only,6,29,0,0,36.01718,0.19352690464285266
6,15,GB time only,6,29,0,0,37.01274,0.19352690464285266
6,15,GB time only,6,29,0,0,38.01831,0.19246482238602758
6,15,GB time only,6,29,0,0,39.01217,0.19246482238602758
6,15,GB time only,6,29,0,0,40.01754,0.18959262734982385
6,15,GB time only,6,29,0,0,41.01052,0.1595560719285208
6,15,GB time only,6,29,0,0,42.01724,0.1595560719285208
6,15,GB time only,6,29,0,0,43.02027,0.15770615993642953
6,15,GB time only,6,29,0,0,44.01577,0.19330222191655913
6,15,GB time only,6,29,0,0,45.02153,0.1613073911225436
6,15,GB time only,6,29,0,0,46.01505,0.1941467712666967
6,15,GB time only,6,29,0,0,47.02,0.12037912986726683
6,15,GB time only,6,29,0,0,48.01451,0.19496802041281147
6,15,GB time only,6,29,0,0,49.02043,0.19496802041281147
6,15,GB time only,6,29,0,0,50.01405,0.19496802041281147
6,15,GB time only,6,29,0,0,51.02033,0.2624126875002708
6,15,GB time only,6,29,0,0,52.01211,0.2624126875002708
6,15,GB time only,6,29,0,0,53.01879,0.3345552214253552
6,15,GB time only,6,29,0,0,54.01346,0.3345552214253552
6,15,GB time only,6,29,0,0,55.01865,0.23900626630665014
6,15,GB time only,6,29,0,0,56.0123,0.29595531795866353
6,15,GB time only,6,29,0,0,57.01873,0.3013106703791488
6,15,GB time only,6,29,0,0,58.01094,0.27409861193644897
6,15,GB time only,6,29,0,0,59.01741,0.3683475570490744
6,15,GB time only,6,29,0,0,60.01103,0.3616723240374325
6,15,GB time only,6,29,0,0,61.01686,0.3099462758957943
6,15,GB time only,6,29,0,0,62.02135,0.33481341488074773
6,15,GB time only,6,29,0,0,63.01606,0.33481341488074773
6,15,GB time only,6,29,0,0,64.01111,0.33048473707826737
6,15,GB time only,6,29,0,0,65.01536,0.3080696896780978
6,15,GB time only,6,29,0,0,66.01973,0.3080696896780978
6,15,GB time only,6,29,0,0,67.01254,0.36792492673985555
6,15,GB time only,6,29,0,0,68.02018,0.33342439304537347
6,15,GB time only,6,29,0,0,69.01416,0.33711743384033177
6,15,GB time only,6,29,0,0,70.02119,0.33711743384033177
6,15,GB time only,6,29,0,0,71.01406,0.3112178886698881
6,15,GB time only,6,29,0,0,72.01811,0.4206372541347936
6,15,GB time only,6,29,0,0,73.01423,0.4206372541347936
6,15,GB time only,6,29,0,0,74.01737,0.37178399218492975
6,15,GB time only,6,29,0,0,75.01094,0.37178399218492975
6,15,GB time only,6,29,0,0,76.0176,0.3416970688787932
6,15,GB time only,6,29,0,0,77.02081,0.33887832764678405
6,15,GB time only,6,29,0,0,78.01769,0.43132866791489
6,15,GB time only,6,29,0,0,79.01154,0.4102997684845688
6,15,GB time only,6,29,0,0,80.01762,0.431484647886212
6,15,GB time only,6,29,0,0,81.01078,0.373640354606396
6,15,GB time only,6,29,0,0,82.01668,0.4331792855031579
6,15,GB time only,6,29,0,0,83.01159,0.4331792855031579
6,15,GB time only,6,29,0,0,84.0154,0.412080844694921
6,15,GB time only,6,29,0,0,85.0213,0.4811832311282446
6,15,GB time only,6,29,0,0,86.01613,0.38309378489786333
6,15,GB time only,6,29,0,0,87.02153,0.46602728925355075
6,15,GB time only,6,29,0,0,88.01397,0.46602728925355075
6,15,GB time only,6,29,0,0,89.02009,0.458500044878164
6,15,GB time only,6,29,0,0,90.0147,0.4478895006311815
6,15,GB time only,6,29,0,0,91.01833,0.5243754776515432
6,15,GB time only,6,29,0,0,92.01338,0.5243754776515432
6,15,GB time only,6,29,0,0,93.01836,0.4892187597755067
6,15,GB time only,6,29,0,0,94.01306,0.4892187597755067
6,15,GB time only,6,29,0,0,95.01991,0.5227158737875166
6,15,GB time only,6,29,0,0,96.01231,0.4767862570924036
6,15,GB time only,6,29,0,0,97.01806,0.4767862570924036
6,15,GB time only,6,29,0,0,98.01287,0.5177595278205688
6,15,GB time only,6,29,0,0,99.0177,0.5823032691403935
6,15,GB time only,6,29,0,0,100.0129,0.508703510832416
6,15,GB time only,6,29,0,0,101.0174,0.5528662558563089
6,15,GB time only,6,29,0,0,102.012,0.5477335737471597
6,15,GB time only,6,29,0,0,103.0166,0.5477335737471597
6,15,GB time only,6,29,0,0,104.0114,0.5329851395693092
6,15,GB time only,6,29,0,0,105.016,0.4407174443492277
6,15,GB time only,6,29,0,0,106.0215,0.43589320904297185
6,15,GB time only,6,29,0,0,107.0152,0.5021202019283794
6,15,GB time only,6,29,0,0,108.0193,0.5546754818256413
6,15,GB time only,6,29,0,0,109.015,0.5546754818256413
6,15,GB time only,6,29,0,0,110.0205,0.47121952644407417
6,15,GB time only,6,29,0,0,111.0144,0.4045960317617663
6,15,GB time only,6,29,0,0,112.0205,0.5246425417532256
6,15,GB time only,6,29,0,0,113.0114,0.5012986787563867
6,15,GB time only,6,29,0,0,114.0195,0.5012986787563867
6,15,GB time only,6,29,0,0,115.0128,0.5012986787563867
6,15,GB time only,6,29,0,0,116.0194,0.40731433144263907
6,15,GB time only,6,29,0,0,117.0126,0.40867548532976194
6,15,GB time only,6,29,0,0,118.0177,0.5523154229191227
6,15,GB time only,6,29,0,0,119.0121,0.44040722560192247
6,15,GB time only,6,29,0,0,120.0173,0.44040722560192247
6,15,GB time only,6,29,0,0,121.0209,0.40729834011210486
6,15,GB time only,6,29,0,0,122.0168,0.4568216784551459
6,15,GB time only,6,29,0,0,123.0214,0.4568216784551459
6,15,GB time only,6,29,0,0,124.0167,0.5210085656412051
6,15,GB time only,6,29,0,0,125.021,0.488677176030874
6,15,GB time only,6,29,0,0,126.0145,0.488677176030874
6,15,GB time only,6,29,0,0,127.0109,0.45247379790934467
6,15,GB time only,6,29,0,0,128.0153,0.46013782398284336
6,15,GB time only,6,29,0,0,129.0204,0.5559307046309413
6,15,GB time only,6,29,0,0,130.0143,0.5559307046309413
6,15,GB time only,6,29,0,0,131.0208,0.5559307046309413
6,15,GB time only,6,29,0,0,132.0134,0.494057833160276
6,15,GB time only,6,29,0,0,133.019,0.494057833160276
6,15,GB time only,6,29,0,0,134.0134,0.5477273479623473
6,15,GB time only,6,29,0,0,135.0182,0.5579066185291452
6,15,GB time only,6,29,0,0,136.0138,0.5579066185291452
6,15,GB time only,6,29,0,0,137.0193,0.5579066185291452
6,15,GB time only,6,29,0,0,138.0129,0.512608631677319
6,15,GB time only,6,29,0,0,139.018,0.5956868869932193
6,15,GB time only,6,29,0,0,140.0114,0.5889610344676356
6,15,GB time only,6,29,0,0,141.0173,0.5889610344676356
6,15,GB time only,6,29,0,0,142.0123,0.564540768561652
6,15,GB time only,6,29,0,0,143.0174,0.516412196982222
6,15,GB time only,6,29,0,0,144.0198,0.5505615647842305
6,15,GB time only,6,29,0,0,145.0158,0.5813933344488693
6,15,GB time only,6,29,0,0,146.022,0.5430372321697959
6,15,GB time only,6,29,0,0,147.0161,0.5430372321697959
6,15,GB time only,6,29,0,0,148.0215,0.5582108242037332
6,15,GB time only,6,29,0,0,149.0159,0.5553272641872519
6,15,GB time only,6,29,0,0,150.0214,0.5847927320573357
6,15,GB time only,6,29,0,0,151.0148,0.5847927320573357
6,15,GB time only,6,29,0,0,152.0203,0.5847927320573357
6,15,GB time only,6,29,0,0,153.015,0.5430302791474885
6,15,GB time only,6,29,0,0,154.0197,0.545050743301214
6,15,GB time only,6,29,0,0,155.0137,0.5435109571204225
6,15,GB time only,6,29,0,0,156.0195,0.5925061197526549
6,15,GB time only,6,29,0,0,157.0139,0.5925061197526549
6,15,GB time only,6,29,0,0,158.0179,0.6240759349479962
6,15,GB time only,6,29,0,0,159.0134,0.543000901585606
6,15,GB time only,6,29,0,0,160.0171,0.6678958343630573
6,15,GB time only,6,29,0,0,161.0113,0.6678958343630573
6,15,GB time only,6,29,0,0,162.0164,0.6287003470420759
6,15,GB time only,6,29,0,0,163.022,0.651650485859403
6,15,GB time only,6,29,0,0,164.0161,0.6091448230569958
6,15,GB time only,6,29,0,0,165.022,0.6040593687482074
6,15,GB time only,6,29,0,0,166.0165,0.6572744404037866
6,15,GB time only,6,29,0,0,167.0112,0.6572744404037866
6,15,GB time only,6,29,0,0,168.0158,0.6131552537743484
6,15,GB time only,6,29,0,0,169.0202,0.664551520242861
6,15,GB time only,6,29,0,0,170.0141,0.6036994359909564
6,15,GB time only,6,29,0,0,171.0207,0.6647035405352908
6,15,GB time only,6,29,0,0,172.0139,0.6335732815668901
6,15,GB time only,6,29,0,0,173.0192,0.6335732815668901
6,15,GB time only,6,29,0,0,174.013,0.6050658704993052
6,15,GB time only,6,29,0,0,175.0175,0.6436007978130037
6,15,GB time only,6,29,0,0,176.0135,0.6015635688242648
6,15,GB time only,6,29,0,0,177.0181,0.6552835727061901
6,15,GB time only,6,29,0,0,178.0124,0.6552835727061901
6,15,GB time only,6,29,0,0,179.0186,0.6016267631948667
6,15,GB time only,6,29,0,0,180.0117,0.6662705860939185
6,15,GB time only,6,29,0,0,181.0171,0.6329977225350091
6,15,GB time only,6,29,0,0,182.0113,0.6266548531269641
6,15,GB time only,6,29,0,0,183.0171,0.6266548531269641
6,15,GB time only,6,29,0,0,184.0217,0.6266548531269641
6,15,GB time only,6,29,0,0,185.0134,0.668142673106759
6,15,GB time only,6,29,0,0,186.0216,0.5901702873491267
6,15,GB time only,6,29,0,0,187.0153,0.6440535491599838
6,15,GB time only,6,29,0,0,188.0214,0.6266263236066291
6,15,GB time only,6,29,0,0,189.0154,0.6266263236066291
6,15,GB time only,6,29,0,0,190.0175,0.6266263236066291
6,15,GB time only,6,29,0,0,191.0144,0.6597336288518091
6,15,GB time only,6,29,0,0,192.0198,0.722486328608084
6,15,GB time only,6,29,0,0,193.0143,0.6768718068085265
6,15,GB time only,6,29,0,0,194.0198,0.6582214565286313
6,15,GB time only,6,29,0,0,195.0145,0.6582214565286313
6,15,GB time only,6,29,0,0,196.0186,0.704835701761002
6,15,GB time only,6,29,0,0,197.0138,0.6032625349588866
6,15,GB time only,6,29,0,0,198.0177,0.7212498467374207
6,15,GB time only,6,29,0,0,199.0128,0.7212498467374207
6,15,GB time only,6,29,0,0,200.015,0.6309761350853322
6,15,GB time only,6,29,0,0,201.0131,0.6699249584862756
6,15,GB time only,6,29,0,0,202.0175,0.6880302743591072
6,15,GB time only,6,29,0,0,203.0224,0.6143558262513682
6,15,GB time only,6,29,0,0,204.0173,0.6234787647755818
6,15,GB time only,6,29,0,0,205.0222,0.6234787647755818
6,15,GB time only,6,29,0,0,206.0159,0.6234787647755818
6,15,GB time only,6,29,0,0,207.0197,0.6234787647755818
6,15,GB time only,6,29,0,0,208.0167,0.6667776064225385
6,15,GB time only,6,29,0,0,209.0206,0.6181231456266874
6,15,GB time only,6,29,0,0,210.0151,0.6181231456266874
6,15,GB time only,6,29,0,0,211.0197,0.6228867737104533
6,15,GB time only,6,29,0,0,212.0139,0.666303255535192
6,15,GB time only,6,29,0,0,213.0196,0.6356417342447754
6,15,GB time only,6,29,0,0,214.0141,0.576689778641804
6,15,GB time only,6,29,0,0,215.0178,0.6237889243215232
6,15,GB time only,6,29,0,0,216.012,0.6237889243215232
6,15,GB time only,6,29,0,0,217.0189,0.6339463627653795
6,15,GB time only,6,29,0,0,218.0127,0.6652573693600702
6,15,GB time only,6,29,0,0,219.0185,0.6778330564308586
6,15,GB time only,6,29,0,0,220.0132,0.6579242377807685
6,15,GB time only,6,29,0,0,221.0173,0.6579242377807685
6,15,GB time only,6,29,0,0,222.0124,0.6631823289747981
6,15,GB time only,6,29,0,0,223.017,0.6631823289747981
6,15,GB time only,6,29,0,0,224.0219,0.6631823289747981
6,15,GB time only,6,29,0,0,225.0162,0.6735053658376237
6,15,GB time only,6,29,0,0,226.0217,0.6735053658376237
6,15,GB time only,6,29,0,0,227.0157,0.627452635822818
6,15,GB time only,6,29,0,0,228.0207,0.7064626122501746
6,15,GB time only,6,29,0,0,229.0154,0.6855028256950797
6,15,GB time only,6,29,0,0,230.0205,0.6683738232061267
6,15,GB time only,6,29,0,0,231.0153,0.6288495333394534
6,15,GB time only,6,29,0,0,232.0194,0.6288495333394534
6,15,GB time only,6,29,0,0,233.0133,0.6621210666910111
6,15,GB time only,6,29,0,0,234.0184,0.6993403208246349
6,15,GB time only,6,29,0,0,235.0122,0.6993403208246349
6,15,GB time only,6,29,0,0,236.0163,0.6283809736658236
6,15,GB time only,6,29,0,0,237.0122,0.6751942903639048
6,15,GB time only,6,29,0,0,238.0178,0.6405051102980344
6,15,GB time only,6,29,0,0,239.0128,0.6499879323056486
6,15,GB time only,6,29,0,0,240.0172,0.7470306875818243
6,15,GB time only,6,29,0,0,241.0219,0.6288000904440083
6,15,GB time only,6,29,0,0,242.0162,0.6288000904440083
6,15,GB time only,6,29,0,0,243.0118,0.659383744833003
6,15,GB time only,6,29,0,0,244.017,0.657462707450855
6,15,GB time only,6,29,0,0,245.0216,0.6737163106254137
6,15,GB time only,6,29,0,0,246.0154,0.6737163106254137
6,15,GB time only,6,29,0,0,247.0208,0.644784234393339
6,15,GB time only,6,29,0,0,248.0148,0.644784234393339
6,15,GB time only,6,29,0,0,249.0202,0.681541735155047
6,15,GB time only,6,29,0,0,250.0158,0.6459568855922518
6,15,GB time only,6,29,0,0,251.0202,0.6824486725294004
6,15,GB time only,6,29,0,0,252.0149,0.6824486725294004
6,15,GB time only,6,29,0,0,253.0197,0.6425881936077946
6,15,GB time only,6,29,0,0,254.0136,0.6492622096628304
6,15,GB time only,6,29,0,0,255.0182,0.7713775121696168
6,15,GB time only,6,29,0,0,256.0139,0.6885028080210275
6,15,GB time only,6,29,0,0,257.0173,0.6885028080210275
6,15,GB time only,6,29,0,0,258.013,0.6270599786360402
6,15,GB time only,6,29,0,0,259.0187,0.7271890592766234
6,15,GB time only,6,29,0,0,260.021,0.6816821019090499
6,15,GB time only,6,29,0,0,261.0178,0.6852293020663013
6,15,GB time only,6,29,0,0,262.0128,0.6852293020663013
6,15,GB time only,6,29,0,0,263.0165,0.6274991304738053
6,15,GB time only,6,29,0,0,264.022,0.7054377372378191
6,15,GB time only,6,29,0,0,265.0162,0.7263848602668799
6,15,GB time only,6,29,0,0,266.0201,0.7263848602668799
6,15,GB time only,6,29,0,0,267.0135,0.6647639644595604
6,15,GB time only,6,29,0,0,268.0216,0.6647639644595604
6,15,GB time only,6,29,0,0,269.0137,0.6944230268646769
6,15,GB time only,6,29,0,0,270.0212,0.7266079372852062
6,15,GB time only,6,29,0,0,271.0142,0.7266079372852062
6,15,GB time only,6,29,0,0,272.0176,0.663347923309649
6,15,GB time only,6,29,0,0,273.0138,0.6546530432976091
6,15,GB time only,6,29,0,0,274.0176,0.7288073758936484
6,15,GB time only,6,29,0,0,275.0136,0.7288073758936484
6,15,GB time only,6,29,0,0,276.0194,0.6894396621958705
6,15,GB time only,6,29,0,0,277.011,0.680861291658851
6,15,GB time only,6,29,0,0,278.0184,0.7812158966511961
6,15,GB time only,6,29,0,0,279.0128,0.7322981012443387
6,15,GB time only,6,29,0,0,280.0181,0.7322981012443387
6,15,GB time only,6,29,0,0,281.0127,0.638115288377672
6,15,GB time only,6,29,0,0,282.0156,0.7549760853644634
6,15,GB time only,6,29,0,0,283.0111,0.7316910248681191
6,15,GB time only,6,29,0,0,284.0166,0.7316910248681191
6,15,GB time only,6,29,0,0,285.0219,0.7316910248681191
6,15,GB time only,6,29,0,0,286.016,0.7171157456546114
6,15,GB time only,6,29,0,0,287.0216,0.7171157456546114
6,15,GB time only,6,29,0,0,288.0144,0.7213969338012811
6,15,GB time only,6,29,0,0,289.0197,0.7213969338012811
6,15,GB time only,6,29,0,0,290.0124,0.6820043959376844
6,15,GB time only,6,29,0,0,291.018,0.7664528470325767
6,15,GB time only,6,29,0,0,292.0144,0.789046093022426
6,15,GB time only,6,29,0,0,293.0191,0.789046093022426
6,15,GB time only,6,29,0,0,294.0126,0.6975737505433882
6,15,GB time only,6,29,0,0,295.0191,0.8329664541011044
6,15,GB time only,6,29,0,0,296.0124,0.7664325736445551
6,15,GB time only,6,29,0,0,297.0182,0.7664325736445551
6,15,GB time only,6,29,0,0,298.0114,0.7350799807926007
6,15,GB time only,6,29,0,0,299.0173,0.8083538230469396
6,15,GB time only,6,29,0,0,300.0121,0.7923715652764135
6,15,GB time only,6,29,0,0,301.018,0.7923715652764135
6,15,RF+GB,6,8,0,0,0.0111263,0.0034170092394244307
6,15,RF+GB,6,8,0,0,1.012533,0.027066399961254727
6,15,RF+GB,6,8,0,0,2.006725,0.04447213622620288
6,15,RF+GB,6,8,0,0,3.011544,0.02077730341523092
6,15,RF+GB,6,8,0,0,4.002677,0.03334921058801664
6,15,RF+GB,6,8,0,0,5.009711,0.03208705405025639
6,15,RF+GB,6,8,0,0,6.004739,0.040425553383087745
6,15,RF+GB,6,8,0,0,7.009674,0.047061934955660745
6,15,RF+GB,6,8,0,0,8.003508,0.05036332704409561
6,15,RF+GB,6,8,0,0,9.006954,0.06362119637776088
6,15,RF+GB,6,8,0,0,10.00293,0.05866064709466782
6,15,RF+GB,6,8,0,0,11.00604,0.045141157220804744
6,15,RF+GB,6,8,1,1,12.00364,0.04652831165331021
6,15,RF+GB,6,8,1,1,13.00802,0.05887498144346365
6,15,RF+GB,6,8,1,1,14.00243,0.07255278827266332
6,15,RF+GB,6,8,1,1,15.00691,0.06935231375029996
6,15,RF+GB,6,8,1,1,16.01181,0.058739681494457595
6,15,RF+GB,6,8,1,1,17.00746,0.07744266854244868
6,15,RF+GB,6,8,1,1,18.01327,0.07304933842882143
6,15,RF+GB,6,8,1,1,19.00703,0.06682293878095304
6,15,RF+GB,6,8,1,1,20.01132,0.06861446735304717
6,15,RF+GB,6,8,1,1,21.00361,0.06720021036813573
6,15,RF+GB,6,8,1,1,22.01139,0.06333172628046936
6,15,RF+GB,6,8,1,1,23.00565,0.06801649173415614
6,15,RF+GB,6,8,1,1,24.01185,0.06815721166017248
6,15,RF+GB,6,8,1,1,25.00333,0.058242272463873805
6,15,RF+GB,6,8,1,1,26.01048,0.06016554729937623
6,15,RF+GB,6,8,1,1,27.0047,0.053116412755396
6,15,RF+GB,6,8,1,1,28.00931,0.06316328257351597
6,15,RF+GB,6,8,1,1,29.00375,0.059486313660910936
6,15,RF+GB,6,8,1,1,30.00954,0.05090879862652527
6,15,RF+GB,6,8,1,1,31.00254,0.01739938508819962
6,15,RF+GB,6,8,1,1,32.00864,0.052530344880201876
6,15,RF+GB,6,8,1,1,33.0032,0.028102184415435726
6,15,RF+GB,6,8,1,1,34.00835,0.02479552083968284
6,15,RF+GB,6,8,1,1,35.01365,0.019831011876666617
6,15,RF+GB,6,8,1,1,36.00763,0.02190569470996626
6,15,RF+GB,6,8,1,1,37.01249,0.02391071955031437
6,15,RF+GB,6,8,1,1,38.00724,0.022605844107874716
6,15,RF+GB,6,8,1,1,39.01177,0.021392500783378246
6,15,RF+GB,6,8,1,1,40.00622,0.025193165926672145
6,15,RF+GB,6,8,1,1,41.01126,0.0242227916498169
6,15,RF+GB,6,8,1,1,42.00632,0.031033642446465958
6,15,RF+GB,6,8,1,1,43.01094,0.029787704285750904
6,15,RF+GB,6,8,1,1,44.00538,0.0344599222112217
6,15,RF+GB,6,8,1,1,45.00897,0.034313061257530364
6,15,RF+GB,6,8,1,1,46.00489,0.039313132272595135
6,15,RF+GB,6,8,1,1,47.00764,0.07018778709754314
6,15,RF+GB,6,8,1,1,48.00322,0.09025923247907636
6,15,RF+GB,6,8,1,1,49.0089,0.10433829942346129
6,15,RF+GB,6,8,1,1,50.00442,0.21782352011443817
6,15,RF+GB,6,8,1,1,51.00952,0.27673783235374694
6,15,RF+GB,6,8,1,1,52.00426,0.26301518090128284
6,15,RF+GB,6,8,1,1,53.00848,0.18343877653863971
6,15,RF+GB,6,8,1,1,54.00241,0.22025178917278823
6,15,RF+GB,6,8,1,1,55.00602,0.2340490311345943
6,15,RF+GB,6,8,1,1,56.01323,0.21659172838653
6,15,RF+GB,6,8,1,1,57.00426,0.21215879252695596
6,15,RF+GB,6,8,1,1,58.01067,0.2140838259964674
6,15,RF+GB,6,8,1,1,59.0066,0.20367617453931428
6,15,RF+GB,6,8,1,1,60.01128,0.2389704855255519
6,15,RF+GB,6,8,1,1,61.00568,0.4199916041848095
6,15,RF+GB,6,8,1,1,62.01031,0.5987567650658637
6,15,RF+GB,6,8,1,1,63.005,0.6099287396268678
6,15,RF+GB,6,8,1,1,64.01,0.5964622894986792
6,15,RF+GB,6,8,1,1,65.00407,0.5745972537331772
6,15,RF+GB,6,8,1,1,66.01032,0.4595706575322286
6,15,RF+GB,6,8,1,1,67.00389,0.3283337568829532
6,15,RF+GB,6,8,1,1,68.00977,0.34721703233412043
6,15,RF+GB,6,8,1,1,69.00293,0.36462574458119473
6,15,RF+GB,6,8,1,1,70.00932,0.34070221955218094
6,15,RF+GB,6,8,1,1,71.00261,0.36282892506500364
6,15,RF+GB,6,8,1,1,72.00746,0.2869958868500036
6,15,RF+GB,6,8,1,1,73.00294,0.3827172358876952
6,15,RF+GB,6,8,1,1,74.00814,0.27784246836353155
6,15,RF+GB,6,8,1,1,75.01319,0.18107879437583957
6,15,RF+GB,6,8,1,1,76.00666,0.1651583165072045
6,15,RF+GB,6,8,1,1,77.01159,0.23058811019831663
6,15,RF+GB,6,8,1,1,78.00659,0.1865171240409092
6,15,RF+GB,6,8,1,1,79.01199,0.20289105894557383
6,15,RF+GB,6,8,1,1,80.0071,0.12090699110558745
6,15,RF+GB,6,8,1,1,81.01176,0.21076313414638514
6,15,RF+GB,6,8,1,1,82.00599,0.2059389307867479
6,15,RF+GB,6,8,1,1,83.01203,0.06916522726588636
6,15,RF+GB,6,8,1,1,84.00549,0.19739109294321425
6,15,RF+GB,6,8,1,1,85.01128,0.10838384846409113
6,15,RF+GB,6,8,1,1,86.00328,0.11521951770297657
6,15,RF+GB,6,8,1,1,87.01077,0.24739546195810214
6,15,RF+GB,6,8,1,1,88.00428,0.15366557888014948
6,15,RF+GB,6,8,1,1,89.00924,0.15299317229254503
6,15,RF+GB,6,8,1,1,90.00323,0.1631187638079596
6,15,RF+GB,6,8,1,1,91.00959,0.16698478773722675
6,15,RF+GB,6,8,1,1,92.0034,0.24828612055800717
6,15,RF+GB,6,8,1,1,93.00835,0.1675097386487581
6,15,RF+GB,6,8,1,1,94.01284,0.23882320776434673
6,15,RF+GB,6,8,1,1,95.00739,0.21524466051866292
6,15,RF+GB,6,8,1,1,96.01205,0.21511085978900324
6,15,RF+GB,6,8,1,1,97.00794,0.3509775706252759
6,15,RF+GB,6,8,1,1,98.01041,0.21503132618751758
6,15,RF+GB,6,8,1,1,99.0069,0.6135407331516685
6,15,RF+GB,6,8,1,1,100.0121,0.5878538742551127
6,15,RF+GB,6,8,1,1,101.0061,0.6181948199815064
6,15,RF+GB,6,8,1,1,102.0104,0.5604226683168074
6,15,RF+GB,6,8,1,1,103.0028,0.5626004472778287
6,15,RF+GB,6,8,1,1,104.0098,0.5976057172614334
6,15,RF+GB,6,8,1,1,105.0038,0.6655562458384403
6,15,RF+GB,6,8,1,1,106.0078,0.6980153637466979
6,15,RF+GB,6,8,1,1,107.0034,0.6767895950392206
6,15,RF+GB,6,8,1,1,108.0105,0.6584731007837543
6,15,RF+GB,6,8,1,1,109.0032,0.667845688738808
6,15,RF+GB,6,8,1,1,110.0085,0.6815450016249913
6,15,RF+GB,6,8,1,1,111.0039,0.6613843513604865
6,15,RF+GB,6,8,1,1,112.0084,0.6619493196479377
6,15,RF+GB,6,8,1,1,113.0033,0.6812538128376675
6,15,RF+GB,6,8,1,1,114.0078,0.6829976845024441
6,15,RF+GB,6,8,1,1,115.0025,0.6740311980773627
6,15,RF+GB,6,8,1,1,116.0068,0.670746162675652
6,15,RF+GB,6,8,1,1,117.013,0.6881453884004441
6,15,RF+GB,6,8,1,1,118.0074,0.6898120550671109
6,15,RF+GB,6,8,1,1,119.0124,0.6919208594098702
6,15,RF+GB,6,8,1,1,120.0065,0.6727311749315866
6,15,RF+GB,6,8,1,1,121.0116,0.6603576425416454
6,15,RF+GB,6,8,1,1,122.0045,0.662609516365706
6,15,RF+GB,6,8,1,1,123.0113,0.6530739867583922
6,15,RF+GB,6,8,1,1,124.0041,0.6634157399717975
6,15,RF+GB,6,8,1,1,125.0098,0.6229683811113729
6,15,RF+GB,6,8,1,1,126.0048,0.5866591177572542
6,15,RF+GB,6,8,1,1,127.0095,0.4496332348387841
6,15,RF+GB,6,8,1,1,128.0036,0.6130905312998651
6,15,RF+GB,6,8,1,1,129.009,0.47219395934857855
6,15,RF+GB,6,8,1,1,130.0039,0.44664775174386895
6,15,RF+GB,6,8,1,1,131.0088,0.32905209696650206
6,15,RF+GB,6,8,1,1,132.0122,0.4675478792754518
6,15,RF+GB,6,8,1,1,133.0076,0.4678151796545451
6,15,RF+GB,6,8,1,1,134.0139,0.34538587109854535
6,15,RF+GB,6,8,1,1,135.0082,0.3459670889920271
6,15,RF+GB,6,8,1,1,136.0131,0.3454558118199932
6,15,RF+GB,6,8,1,1,137.0078,0.36330529696450187
6,15,RF+GB,6,8,1,1,138.013,0.35362552690991866
6,15,RF+GB,6,8,1,1,139.0039,0.41159082990029905
6,15,RF+GB,6,8,1,1,140.0123,0.41333073510493074
6,15,RF+GB,6,8,1,1,141.0059,0.36801412201022354
6,15,RF+GB,6,8,1,1,142.0129,0.3629702339661379
6,15,RF+GB,6,8,1,1,143.0045,0.4714150760215998
6,15,RF+GB,6,8,1,1,144.0114,0.42134031753410545
6,15,RF+GB,6,8,1,1,145.0053,0.39258502280978536
6,15,RF+GB,6,8,1,1,146.01,0.45337866705314384
6,15,RF+GB,6,8,1,1,147.0052,0.45495398971721246
6,15,RF+GB,6,8,1,1,148.0087,0.47076218703421807
6,15,RF+GB,6,8,1,1,149.0129,0.4843521201920879
6,15,RF+GB,6,8,1,1,150.0087,0.47870534276725324
6,15,RF+GB,6,8,1,1,151.0138,0.5032413931780153
6,15,RF+GB,6,8,1,1,152.0095,0.49717975758633653
6,15,RF+GB,6,8,1,1,153.0142,0.6277179333816355
6,15,RF+GB,6,8,1,1,154.0081,0.5276968214411275
6,15,RF+GB,6,8,1,1,155.0137,0.6290865441666406
6,15,RF+GB,6,8,1,1,156.0075,0.6316680579642128
6,15,RF+GB,6,8,1,1,157.0126,0.6419014068586201
6,15,RF+GB,6,8,1,1,158.0068,0.7158381585250961
6,15,RF+GB,6,8,1,1,159.0132,0.7263233808432348
6,15,RF+GB,6,8,1,1,160.0063,0.718766970952248
6,15,RF+GB,6,8,1,1,161.0108,0.714387360806654
6,15,RF+GB,6,8,1,1,162.006,0.7140929158349324
6,15,RF+GB,6,8,1,1,163.0109,0.7001725797591274
6,15,RF+GB,6,8,1,1,164.0049,0.6852891035777765
6,15,RF+GB,6,8,1,1,165.01,0.6916606179019703
6,15,RF+GB,6,8,1,1,166.0045,0.6773230084338528
6,15,RF+GB,6,8,1,1,167.0095,0.6862231594668997
6,15,RF+GB,6,8,1,1,168.0032,0.6703536486105646
6,15,RF+GB,6,8,1,1,169.0091,0.6819441058784814
6,15,RF+GB,6,8,1,1,170.0035,0.6946148225610876
6,15,RF+GB,6,8,1,1,171.0077,0.706083760349671
6,15,RF+GB,6,8,1,1,172.0033,0.7006999559149085
6,15,RF+GB,6,8,1,1,173.0079,0.7098198296424589
6,15,RF+GB,6,8,1,1,174.0131,0.717730651494174
6,15,RF+GB,6,8,1,1,175.0073,0.7231813302181039
6,15,RF+GB,6,8,1,1,176.0123,0.7265066248491809
6,15,RF+GB,6,8,1,1,177.0065,0.7217135481860002
6,15,RF+GB,6,8,1,1,178.0104,0.7288424660254048
6,15,RF+GB,6,8,1,1,179.0055,0.7301282585553479
6,15,RF+GB,6,8,1,1,180.0111,0.7229446141644793
6,15,RF+GB,6,8,1,1,181.0053,0.7234540325601857
6,15,RF+GB,6,8,1,1,182.0111,0.7051380616018859
6,15,RF+GB,6,8,1,1,183.0054,0.7227322471673392
6,15,RF+GB,6,8,1,1,184.0106,0.733000481085568
6,15,RF+GB,6,8,1,1,185.0048,0.7437476545339586
6,15,RF+GB,6,8,1,1,186.01,0.7407781002570277
6,15,RF+GB,6,8,1,1,187.0047,0.7434552100880403
6,15,RF+GB,6,8,1,1,188.0081,0.7496346333995584
6,15,RF+GB,6,8,1,1,189.0033,0.7528900240387462
6,15,RF+GB,6,8,1,1,190.0063,0.7491031327740127
6,15,RF+GB,6,8,1,1,191.0028,0.7503550751765644
6,15,RF+GB,6,8,1,1,192.0089,0.7504275350531386
6,15,RF+GB,6,8,1,1,193.0028,0.7650450204675748
6,15,RF+GB,6,8,1,1,194.0075,0.7756783534749905
6,15,RF+GB,6,8,1,1,195.0103,0.7710360171705937
6,15,RF+GB,6,8,1,1,196.0071,0.7650202471217868
6,15,RF+GB,6,8,1,1,197.013,0.7601484900927817
6,15,RF+GB,6,8,1,1,198.0058,0.7634760733470586
6,15,RF+GB,6,8,1,1,199.0128,0.762749267342389
6,15,RF+GB,6,8,1,1,200.0057,0.7626560758387344
6,15,RF+GB,6,8,1,1,201.0118,0.7601222800621865
6,15,RF+GB,6,8,1,1,202.0059,0.7438258070405969
6,15,RF+GB,6,8,1,1,203.0114,0.7469664995730871
6,15,RF+GB,6,8,1,1,204.0047,0.7446685843464376
6,15,RF+GB,6,8,1,1,205.0115,0.7388167976575203
6,15,RF+GB,6,8,1,1,206.0058,0.7371501309908536
6,15,RF+GB,6,8,1,1,207.0091,0.7386377688675647
6,15,RF+GB,6,8,1,1,208.0048,0.7338969313226664
6,15,RF+GB,6,8,1,1,209.0109,0.7305383119922517
6,15,RF+GB,6,8,1,1,210.0142,0.7103223434376428
6,15,RF+GB,6,8,1,1,211.0105,0.7030345215759072
6,15,RF+GB,6,8,1,1,212.0143,0.6982243812096506
6,15,RF+GB,6,8,1,1,213.0075,0.6928487948116632
6,15,RF+GB,6,8,1,1,214.0034,0.7182260838093184
6,15,RF+GB,6,8,1,1,215.0077,0.7242278856800493
6,15,RF+GB,6,8,1,1,216.0128,0.7294977173977661
6,15,RF+GB,6,8,1,1,217.0073,0.7305721349332464
6,15,RF+GB,6,8,1,1,218.0133,0.7344183044631303
6,15,RF+GB,6,8,1,1,219.0063,0.7374130441299631
6,15,RF+GB,6,8,1,1,220.0116,0.7465830359137957
6,15,RF+GB,6,8,1,1,221.0034,0.7520716392881946
6,15,RF+GB,6,8,1,1,222.0124,0.7510500780423252
6,15,RF+GB,6,8,1,1,223.0052,0.7544624809773327
6,15,RF+GB,6,8,1,1,224.0106,0.7468258563206618
6,15,RF+GB,6,8,1,1,225.0051,0.7539531235712211
6,15,RF+GB,6,8,1,1,226.011,0.7532876530402298
6,15,RF+GB,6,8,1,1,227.0034,0.7677458963874162
6,15,RF+GB,6,8,1,1,228.0098,0.7666588797935807
6,15,RF+GB,6,8,1,1,229.0035,0.770061009059491
6,15,RF+GB,6,8,1,1,230.0087,0.7683255464602473
6,15,RF+GB,6,8,1,1,231.003,0.758817760854971
6,15,RF+GB,6,8,1,1,232.008,0.760048449205157
6,15,RF+GB,6,8,1,1,233.0139,0.7624549792843279
6,15,RF+GB,6,8,1,1,234.0074,0.7662179660706617
6,15,RF+GB,6,8,1,1,235.0029,0.7664855895244159
6,15,RF+GB,6,8,1,1,236.0081,0.7690731377730793
6,15,RF+GB,6,8,1,1,237.012,0.7741745299544067
6,15,RF+GB,6,8,1,1,238.0068,0.7806719354621747
6,15,RF+GB,6,8,1,1,239.0122,0.7937189190453897
6,15,RF+GB,6,8,1,1,240.0048,0.7944472125816666
6,15,RF+GB,6,8,1,1,241.0114,0.7908594873329942
6,15,RF+GB,6,8,1,1,242.0057,0.7848565717180463
6,15,RF+GB,6,8,1,1,243.0114,0.786648325375377
6,15,RF+GB,6,8,1,1,244.005,0.7887563113198075
6,15,RF+GB,6,8,1,1,245.0085,0.7954282770530425
6,15,RF+GB,6,8,1,1,246.0043,0.7910370487194787
6,15,RF+GB,6,8,1,1,247.0102,0.780556192212708
6,15,RF+GB,6,8,1,1,248.0034,0.7804457593980336
6,15,RF+GB,6,8,1,1,249.0086,0.777684440051911
6,15,RF+GB,6,8,1,1,250.012,0.7788625287627633
6,15,RF+GB,6,8,1,1,251.0087,0.7843746624261174
6,15,RF+GB,6,8,1,1,252.0134,0.7843211065668129
6,15,RF+GB,6,8,1,1,253.0077,0.7846724922061583
6,15,RF+GB,6,8,1,1,254.0119,0.7867393164344207
6,15,RF+GB,6,8,1,1,255.0081,0.7794692392626588
6,15,RF+GB,6,8,1,1,256.0134,0.7804798274108893
6,15,RF+GB,6,8,1,1,257.007,0.7843457454155414
6,15,RF+GB,6,8,1,1,258.0121,0.7933199896298595
6,15,RF+GB,6,8,1,1,259.007,0.7994434260938827
6,15,RF+GB,6,8,1,1,260.0117,0.8046856320404309
6,15,RF+GB,6,8,1,1,261.005,0.808347342734759
6,15,RF+GB,6,8,1,1,262.0108,0.8098778053883381
6,15,RF+GB,6,8,1,1,263.0057,0.8101365902539912
6,15,RF+GB,6,8,1,1,264.01,0.8101215205492442
6,15,RF+GB,6,8,1,1,265.0052,0.808045975229736
6,15,RF+GB,6,8,1,1,266.0104,0.8153291945850883
6,15,RF+GB,6,8,1,1,267.0128,0.8136625279184218
6,15,RF+GB,6,8,1,1,268.0097,0.8160229350071089
6,15,RF+GB,6,8,1,1,269.0036,0.8150523664189522
6,15,RF+GB,6,8,1,1,270.0091,0.8160067340931669
6,15,RF+GB,6,8,1,1,271.014,0.8176896016737756
6,15,RF+GB,6,8,1,1,272.0055,0.8392819298899803
6,15,RF+GB,6,8,1,1,273.0126,0.8410189703565527
6,15,RF+GB,6,8,1,1,274.0073,0.8426422615559697
6,15,RF+GB,6,8,1,1,275.0133,0.8418428620107555
6,15,RF+GB,6,8,1,1,276.007,0.841951911082625
6,15,RF+GB,6,8,1,1,277.0134,0.8426097798990202
6,15,RF+GB,6,8,1,1,278.0072,0.8513002795961125
6,15,RF+GB,6,8,1,1,279.0129,0.8529523805960548
6,15,RF+GB,6,8,1,1,280.0068,0.8512941205910819
6,15,RF+GB,6,8,1,1,281.011,0.8479873464582572
6,15,RF+GB,6,8,1,1,282.0045,0.8436465125176105
6,15,RF+GB,6,8,1,1,283.0108,0.8524023032126005
6,15,RF+GB,6,8,1,1,284.0054,0.849068969879267
6,15,RF+GB,6,8,1,1,285.0088,0.8457443797687316
6,15,RF+GB,6,8,1,1,286.004,0.8446070016135703
6,15,RF+GB,6,8,1,1,287.0099,0.847970714270111
6,15,RF+GB,6,8,1,1,288.0023,0.8479639925867557
6,15,RF+GB,6,8,1,1,289.0085,0.8496430813971965
6,15,RF+GB,6,8,1,1,290.0032,0.8511495866451296
6,15,RF+GB,6,8,1,1,291.007,0.8495034788123819
6,15,RF+GB,6,8,1,1,292.003,0.8477678004144258
6,15,RF+GB,6,8,1,1,293.0081,0.8472296524611582
6,15,RF+GB,6,8,1,1,294.0127,0.8463268069206764
6,15,RF+GB,6,8,1,1,295.0076,0.8479131036416547
6,15,RF+GB,6,8,1,1,296.0129,0.8522446166518924
6,15,RF+GB,6,8,1,1,297.0052,0.8522862005593312
6,15,RF+GB,6,8,1,1,298.0126,0.8506195338926646
6,15,RF+GB,6,8,1,1,299.0057,0.8471445358292617
6,15,RF+GB,6,8,1,1,300.0108,0.8529300503778958
6,15,RF+GB,6,8,1,1,301.005,0.853274048055636
6,15,RF+GB,15,22,0,0,0.0,0.001278274850173097
6,15,RF+GB,15,22,0,0,1.000974,0.0038617501033160525
6,15,RF+GB,15,22,0,0,2.003568,0.004611301363647814
6,15,RF+GB,15,22,0,0,2.999172,0.005671675113669238
6,15,RF+GB,15,22,0,0,4.004295,0.0055437360174564135
6,15,RF+GB,15,22,0,0,4.999187,0.006008815671257922
6,15,RF+GB,15,22,0,0,6.004433,0.013722577773297676
6,15,RF+GB,15,22,0,0,7.008282,0.025679618541035783
6,15,RF+GB,15,22,0,0,8.002911,0.028412297096272153
6,15,RF+GB,15,22,0,0,9.006618,0.0017131814095801023
6,15,RF+GB,15,22,0,0,10.00285,0.0017117201921809267
6,15,RF+GB,15,22,0,0,11.00888,0.0026920785644917672
6,15,RF+GB,15,22,0,0,12.00174,0.007691063622959346
6,15,RF+GB,15,22,0,0,13.00911,0.006011405157822756
6,15,RF+GB,15,22,0,0,14.00245,0.007676724246408575
6,15,RF+GB,15,22,0,0,15.00674,0.007674690784647678
6,15,RF+GB,15,22,0,0,16.0,0.009339372336355333
6,15,RF+GB,15,22,0,0,17.00529,0.007668306014873163
6,15,RF+GB,15,22,0,0,18.00072,0.011022285776483145
6,15,RF+GB,15,22,0,0,19.00576,0.007686660439811752
6,15,RF+GB,15,22,0,0,20.00023,0.0076750986660025595
6,15,RF+GB,15,22,0,0,21.00535,0.004342350583615353
6,15,RF+GB,15,22,0,0,21.99837,0.004343844821664239
6,15,RF+GB,15,22,0,0,23.00469,0.013897679634769839
6,15,RF+GB,15,22,0,0,23.99946,0.010254071528378617
6,15,RF+GB,15,22,0,0,25.00485,0.004617261065922121
6,15,RF+GB,15,22,1,1,25.99836,0.00508447680318697
6,15,RF+GB,15,22,1,1,27.00395,0.007494908544299835
6,15,RF+GB,15,22,1,1,28.00946,0.008461975435775752
6,15,RF+GB,15,22,1,1,29.00419,0.007779287249724485
6,15,RF+GB,15,22,1,1,30.00806,0.007782514829162543
6,15,RF+GB,15,22,1,1,31.00277,0.013494726275304758
6,15,RF+GB,15,22,1,1,32.00785,0.015164399414740421
6,15,RF+GB,15,22,1,1,33.00269,0.016162329581925528
6,15,RF+GB,15,22,1,1,34.00766,0.024560264245784776
6,15,RF+GB,15,22,1,1,35.00272,0.025548611568216167
6,15,RF+GB,15,22,1,1,36.00747,0.02526694102030218
6,15,RF+GB,15,22,1,1,36.9996,0.025279934886045956
6,15,RF+GB,15,22,1,1,38.00627,0.027890320185145565
6,15,RF+GB,15,22,1,1,38.99976,0.03288763744359885
6,15,RF+GB,15,22,1,1,40.00533,0.02731574935141165
6,15,RF+GB,15,22,1,1,40.99976,0.026244154243860927
6,15,RF+GB,15,22,1,1,42.00514,0.024739846307356993
6,15,RF+GB,15,22,1,1,42.99894,0.024742878629441092
6,15,RF+GB,15,22,1,1,44.00431,0.028986900253895824
6,15,RF+GB,15,22,1,1,44.99878,0.026272542522009158
6,15,RF+GB,15,22,1,1,46.00489,0.023802336681164264
6,15,RF+GB,15,22,1,1,47.0092,0.020516703400852262
6,15,RF+GB,15,22,1,1,48.00323,0.02048175991283085
6,15,RF+GB,15,22,1,1,49.00968,0.02215948131246114
6,15,RF+GB,15,22,1,1,50.0032,0.02452416158163038
6,15,RF+GB,15,22,1,1,51.00922,0.06453435884068828
6,15,RF+GB,15,22,1,1,52.0018,0.06377148909872798
6,15,RF+GB,15,22,1,1,53.0089,0.06541849274674338
6,15,RF+GB,15,22,1,1,54.00255,0.07696437432360549
6,15,RF+GB,15,22,1,1,55.00832,0.07862296758795466
6,15,RF+GB,15,22,1,1,56.00201,0.1022876472026807
6,15,RF+GB,15,22,1,1,57.00761,0.09650435956703571
6,15,RF+GB,15,22,1,1,57.99846,0.09641495950238474
6,15,RF+GB,15,22,1,1,59.00563,0.09063152807695055
6,15,RF+GB,15,22,1,1,60.0009,0.10281887373833196
6,15,RF+GB,15,22,1,1,61.00551,0.10705768019913009
6,15,RF+GB,15,22,1,1,61.99966,0.10719621549052885
6,15,RF+GB,15,22,1,1,63.0064,0.11800482965402799
6,15,RF+GB,15,22,1,1,63.99938,0.11990639403332011
6,15,RF+GB,15,22,1,1,65.00513,0.11047508292782965
6,15,RF+GB,15,22,1,1,65.9985,0.09380294844311737
6,15,RF+GB,15,22,1,1,67.00328,0.08591388436648113
6,15,RF+GB,15,22,1,1,68.00936,0.07266129461528487
6,15,RF+GB,15,22,1,1,69.00479,0.08259522789262323
6,15,RF+GB,15,22,1,1,70.00838,0.0900172429189261
6,15,RF+GB,15,22,1,1,71.00202,0.08283846902386668
6,15,RF+GB,15,22,1,1,72.00929,0.08577368872951982
6,15,RF+GB,15,22,1,1,73.00296,0.08123752315034634
6,15,RF+GB,15,22,1,1,74.00823,0.07299959271763261
6,15,RF+GB,15,22,1,1,75.00237,0.08424920960161562
6,15,RF+GB,15,22,1,1,76.00737,0.08483627546387366
6,15,RF+GB,15,22,1,1,77.00177,0.170301523161845
6,15,RF+GB,15,22,1,1,78.00689,0.13390515894304283
6,15,RF+GB,15,22,1,1,79.00884,0.14837161030296955
6,15,RF+GB,15,22,1,1,80.00656,0.09643489230485311
6,15,RF+GB,15,22,1,1,80.99937,0.10470139575072446
6,15,RF+GB,15,22,1,1,82.00517,0.09668307623365632
6,15,RF+GB,15,22,1,1,82.99969,0.09919470346575857
6,15,RF+GB,15,22,1,1,84.00191,0.09391337731717826
6,15,RF+GB,15,22,1,1,84.99885,0.09652566435893183
6,15,RF+GB,15,22,1,1,86.0044,0.08355659770331512
6,15,RF+GB,15,22,1,1,86.99889,0.09228037199363852
6,15,RF+GB,15,22,1,1,88.00349,0.08880544072014768
6,15,RF+GB,15,22,1,1,89.00752,0.08253369979390232
6,15,RF+GB,15,22,1,1,90.00366,0.08389957158217759
6,15,RF+GB,15,22,1,1,91.008,0.0753216512776439
6,15,RF+GB,15,22,1,1,92.0039,0.07949139103082531
6,15,RF+GB,15,22,1,1,93.00881,0.07431406628481764
6,15,RF+GB,15,22,1,1,94.0022,0.07150085316790131
6,15,RF+GB,15,22,1,1,95.00798,0.07385393795218814
6,15,RF+GB,15,22,1,1,96.00266,0.07089433343287473
6,15,RF+GB,15,22,1,1,97.00711,0.07208641667466707
6,15,RF+GB,15,22,1,1,98.00116,0.06807390561867221
6,15,RF+GB,15,22,1,1,99.00732,0.06708972008212732
6,15,RF+GB,15,22,1,1,100.0006,0.06707646994387655
6,15,RF+GB,15,22,1,1,101.0059,0.1164668194769714
6,15,RF+GB,15,22,1,1,101.9992,0.10892073701514685
6,15,RF+GB,15,22,1,1,103.0059,0.0777298220920371
6,15,RF+GB,15,22,1,1,103.9993,0.06877040180328518
6,15,RF+GB,15,22,1,1,105.0047,0.06621653874302814
6,15,RF+GB,15,22,1,1,105.9986,0.06334813340159237
6,15,RF+GB,15,22,1,1,107.0035,0.061816567094927846
6,15,RF+GB,15,22,1,1,107.9985,0.06214682314913174
6,15,RF+GB,15,22,1,1,109.0031,0.0633909666986459
6,15,RF+GB,15,22,1,1,110.0076,0.05976925856063633
6,15,RF+GB,15,22,1,1,111.0022,0.06339316431605789
6,15,RF+GB,15,22,1,1,112.008,0.056531461884013284
6,15,RF+GB,15,22,1,1,113.0031,0.05424834981536689
6,15,RF+GB,15,22,1,1,114.0076,0.05499993950526465
6,15,RF+GB,15,22,1,1,114.9989,0.05151783066169689
6,15,RF+GB,15,22,1,1,116.0066,0.05308042349375028
6,15,RF+GB,15,22,1,1,117.0013,0.05177931063866876
6,15,RF+GB,15,22,1,1,118.0067,0.04923349409761771
6,15,RF+GB,15,22,1,1,119.0003,0.05177370161298083
6,15,RF+GB,15,22,1,1,120.0045,0.04963007848501033
6,15,RF+GB,15,22,1,1,121.0003,0.05071251193444346
6,15,RF+GB,15,22,1,1,122.0044,0.05282590628908874
6,15,RF+GB,15,22,1,1,122.9991,0.05403585573147538
6,15,RF+GB,15,22,1,1,124.0044,0.060397858268593986
6,15,RF+GB,15,22,1,1,124.9989,0.0540030651446541
6,15,RF+GB,15,22,1,1,126.0041,0.05619466764033222
6,15,RF+GB,15,22,1,1,127.0092,0.054705383186669315
6,15,RF+GB,15,22,1,1,128.0039,0.05834303385675371
6,15,RF+GB,15,22,1,1,129.0084,0.05911291873989563
6,15,RF+GB,15,22,1,1,130.0032,0.057054775751356174
6,15,RF+GB,15,22,1,1,131.0085,0.09498393896233914
6,15,RF+GB,15,22,1,1,132.0024,0.07015123533324141
6,15,RF+GB,15,22,1,1,133.0067,0.0714142385935083
6,15,RF+GB,15,22,1,1,134.0019,0.07441286971087294
6,15,RF+GB,15,22,1,1,135.0055,0.08448722533264018
6,15,RF+GB,15,22,1,1,136.001,0.09547034146733117
6,15,RF+GB,15,22,1,1,137.007,0.0936935280813395
6,15,RF+GB,15,22,1,1,138.0008,0.08998305884088995
6,15,RF+GB,15,22,1,1,139.0064,0.08840970888009593
6,15,RF+GB,15,22,1,1,140.0006,0.08532157285186133
6,15,RF+GB,15,22,1,1,141.0053,0.06417662908621746
6,15,RF+GB,15,22,1,1,141.9996,0.06034080913915694
6,15,RF+GB,15,22,1,1,143.0043,0.06487318248413869
6,15,RF+GB,15,22,1,1,143.9991,0.0719465581380902
6,15,RF+GB,15,22,1,1,145.0036,0.07970116568929075
6,15,RF+GB,15,22,1,1,146.009,0.08217691304858961
6,15,RF+GB,15,22,1,1,147.0034,0.0800236887755666
6,15,RF+GB,15,22,1,1,148.0084,0.06198288403115173
6,15,RF+GB,15,22,1,1,149.0029,0.059644523501739634
6,15,RF+GB,15,22,1,1,150.0071,0.05834748983047436
6,15,RF+GB,15,22,1,1,151.0033,0.059297350592518706
6,15,RF+GB,15,22,1,1,152.0067,0.05850751876594148
6,15,RF+GB,15,22,1,1,153.0012,0.056988203421034465
6,15,RF+GB,15,22,1,1,154.0069,0.05718818321186914
6,15,RF+GB,15,22,1,1,155.0018,0.1303448103370281
6,15,RF+GB,15,22,1,1,156.005,0.11526863155628304
6,15,RF+GB,15,22,1,1,157.0015,0.10813707207512849
6,15,RF+GB,15,22,1,1,158.0064,0.10662716435065306
6,15,RF+GB,15,22,1,1,158.9998,0.10576767182938861
6,15,RF+GB,15,22,1,1,160.0075,0.12403494620909286
6,15,RF+GB,15,22,1,1,160.9989,0.12341455337158186
6,15,RF+GB,15,22,1,1,162.0055,0.12263129257011923
6,15,RF+GB,15,22,1,1,162.9993,0.12603303913860864
6,15,RF+GB,15,22,1,1,164.0038,0.12491493444791954
6,15,RF+GB,15,22,1,1,165.009,0.12160948449197606
6,15,RF+GB,15,22,1,1,166.0014,0.11805501852247327
6,15,RF+GB,15,22,1,1,167.0084,0.1152078478219742
6,15,RF+GB,15,22,1,1,168.0029,0.08284925793704019
6,15,RF+GB,15,22,1,1,168.9988,0.06198296652489909
6,15,RF+GB,15,22,1,1,170.0026,0.06003719103402846
6,15,RF+GB,15,22,1,1,171.0087,0.05320716794401523
6,15,RF+GB,15,22,1,1,172.002,0.025168321660661686
6,15,RF+GB,15,22,1,1,173.0081,0.024961647114048274
6,15,RF+GB,15,22,1,1,174.0015,0.022788044172148955
6,15,RF+GB,15,22,1,1,175.0074,0.022792516129721937
6,15,RF+GB,15,22,1,1,176.0012,0.024638351939688944
6,15,RF+GB,15,22,1,1,177.0057,0.027090788219045907
6,15,RF+GB,15,22,1,1,178.0003,0.027087832007036787
6,15,RF+GB,15,22,1,1,179.0055,0.027573133807488017
6,15,RF+GB,15,22,1,1,180.0004,0.024441088661769552
6,15,RF+GB,15,22,1,1,181.0063,0.023651256835192317
6,15,RF+GB,15,22,1,1,181.9992,0.01865650450771971
6,15,RF+GB,15,22,1,1,183.0047,0.021105608522327554
6,15,RF+GB,15,22,1,1,183.9991,0.018256475229341484
6,15,RF+GB,15,22,1,1,185.0039,0.020154326151150682
6,15,RF+GB,15,22,1,1,185.9996,0.02182099281781735
6,15,RF+GB,15,22,1,1,187.0029,0.02016017130820602
6,15,RF+GB,15,22,1,1,188.0091,0.02181111739344477
6,15,RF+GB,15,22,1,1,189.0034,0.022781411295608317
6,15,RF+GB,15,22,1,1,190.0086,0.025412359466459825
6,15,RF+GB,15,22,1,1,191.0028,0.025412359466459825
6,15,RF+GB,15,22,1,1,192.0077,0.025412359466459825
6,15,RF+GB,15,22,1,1,193.0021,0.020318111958934196
6,15,RF+GB,15,22,1,1,194.0079,0.02277598640241933
6,15,RF+GB,15,22,1,1,195.0012,0.02445189827246424
6,15,RF+GB,15,22,1,1,196.0064,0.026119643346204202
6,15,RF+GB,15,22,1,1,197.0011,0.02515972630720863
6,15,RF+GB,15,22,1,1,198.0061,0.023494040615805584
6,15,RF+GB,15,22,1,1,199.0004,0.02513443094088197
6,15,RF+GB,15,22,1,1,200.0061,0.0251295622673706
6,15,RF+GB,15,22,1,1,200.9999,0.033498508797722495
6,15,RF+GB,15,22,1,1,202.0023,0.03853629731270955
6,15,RF+GB,15,22,1,1,202.9989,0.06833834277567581
6,15,RF+GB,15,22,1,1,204.004,0.10882185335876964
6,15,RF+GB,15,22,1,1,204.9987,0.10789815929020034
6,15,RF+GB,15,22,1,1,206.0042,0.12491324873081908
6,15,RF+GB,15,22,1,1,207.0072,0.12917628697523567
6,15,RF+GB,15,22,1,1,208.0036,0.13019210523634228
6,15,RF+GB,15,22,1,1,208.9984,0.16246616321835144
6,15,RF+GB,15,22,1,1,210.0027,0.1795497793186816
6,15,RF+GB,15,22,1,1,211.0065,0.1768538377405629
6,15,RF+GB,15,22,1,1,212.0023,0.6895280096000695
6,15,RF+GB,15,22,1,1,213.0079,0.7062644039066526
6,15,RF+GB,15,22,1,1,214.0013,0.6931982578609296
6,15,RF+GB,15,22,1,1,215.0067,0.6978894440460566
6,15,RF+GB,15,22,1,1,216.0005,0.6771041542162556
6,15,RF+GB,15,22,1,1,217.0071,0.7080636460660306
6,15,RF+GB,15,22,1,1,217.9998,0.6859647070548083
6,15,RF+GB,15,22,1,1,219.0065,0.6898419216012923
6,15,RF+GB,15,22,1,1,220.0002,0.6472063652612643
6,15,RF+GB,15,22,1,1,221.005,0.5976091750324563
6,15,RF+GB,15,22,1,1,221.9992,0.6592210458110846
6,15,RF+GB,15,22,1,1,223.004,0.629350814641737
6,15,RF+GB,15,22,1,1,223.9989,0.6463675605585686
6,15,RF+GB,15,22,1,1,225.0036,0.6702926974705739
6,15,RF+GB,15,22,1,1,225.9981,0.630000465240036
6,15,RF+GB,15,22,1,1,227.003,0.6419133440616754
6,15,RF+GB,15,22,1,1,227.9983,0.5408483733806405
6,15,RF+GB,15,22,1,1,229.0027,0.5431004218665035
6,15,RF+GB,15,22,1,1,230.0077,0.5363090374831618
6,15,RF+GB,15,22,1,1,231.0015,0.6544280179926729
6,15,RF+GB,15,22,1,1,232.0083,0.6591137537270377
6,15,RF+GB,15,22,1,1,232.9994,0.6481308007286275
6,15,RF+GB,15,22,1,1,234.0069,0.6342244349412762
6,15,RF+GB,15,22,1,1,235.0008,0.6078058059180532
6,15,RF+GB,15,22,1,1,236.0067,0.6768940766841677
6,15,RF+GB,15,22,1,1,237.0007,0.6856385341226381
6,15,RF+GB,15,22,1,1,238.0053,0.6799599627298321
6,15,RF+GB,15,22,1,1,238.9998,0.6961212170158646
6,15,RF+GB,15,22,1,1,240.0057,0.6951540402293604
6,15,RF+GB,15,22,1,1,240.9991,0.7033481131378485
6,15,RF+GB,15,22,1,1,242.0057,0.7079451880386198
6,15,RF+GB,15,22,1,1,242.9979,0.7165774058373076
6,15,RF+GB,15,22,1,1,244.0028,0.7378846157141239
6,15,RF+GB,15,22,1,1,244.9987,0.743105449920624
6,15,RF+GB,15,22,1,1,246.0038,0.7509603666247783
6,15,RF+GB,15,22,1,1,247.0082,0.7571074874213455
6,15,RF+GB,15,22,1,1,248.0007,0.7616836854311118
6,15,RF+GB,15,22,1,1,249.0081,0.7602513379127491
6,15,RF+GB,15,22,1,1,250.0022,0.7679062107831971
6,15,RF+GB,15,22,1,1,250.9977,0.7609308070701921
6,15,RF+GB,15,22,1,1,252.0028,0.762711553744163
6,15,RF+GB,15,22,1,1,253.0074,0.7604179833417908
6,15,RF+GB,15,22,1,1,254.0015,0.7506268676967125
6,15,RF+GB,15,22,1,1,255.0057,0.7511460087901418
6,15,RF+GB,15,22,1,1,256.0016,0.7615726750806079
6,15,RF+GB,15,22,1,1,257.0052,0.7583503828488076
6,15,RF+GB,15,22,1,1,257.9996,0.7560702669407118
6,15,RF+GB,15,22,1,1,259.0047,0.7601649329968454
6,15,RF+GB,15,22,1,1,260.0,0.768490603946588
6,15,RF+GB,15,22,1,1,261.0054,0.7706038974285379
6,15,RF+GB,15,22,1,1,261.9995,0.7633844349324137
6,15,RF+GB,15,22,1,1,263.005,0.7780496492275553
6,15,RF+GB,15,22,1,1,264.0086,0.7784538949574391
6,15,RF+GB,15,22,1,1,265.0041,0.7692328662124607
6,15,RF+GB,15,22,1,1,265.9979,0.7682796210443812
6,15,RF+GB,15,22,1,1,267.0028,0.7804670480719496
6,15,RF+GB,15,22,1,1,267.9983,0.7786743361475185
6,15,RF+GB,15,22,1,1,269.0023,0.7838002241976947
6,15,RF+GB,15,22,1,1,270.0084,0.7882637523214117
6,15,RF+GB,15,22,1,1,271.0029,0.7895669888029934
6,15,RF+GB,15,22,1,1,272.0079,0.7833304129160298
6,15,RF+GB,15,22,1,1,273.0007,0.7866545648695596
6,15,RF+GB,15,22,1,1,274.007,0.7835261607333698
6,15,RF+GB,15,22,1,1,275.002,0.7915931907117465
6,15,RF+GB,15,22,1,1,276.0071,0.7962180163471452
6,15,RF+GB,15,22,1,1,276.9994,0.795929589250739
6,15,RF+GB,15,22,1,1,278.0064,0.8020958379484804
6,15,RF+GB,15,22,1,1,278.9993,0.8025742851507214
6,15,RF+GB,15,22,1,1,280.0048,0.7928162652160018
6,15,RF+GB,15,22,1,1,280.9991,0.8058047255515877
6,15,RF+GB,15,22,1,1,282.0041,0.8070138696650773
6,15,RF+GB,15,22,1,1,282.9991,0.8023654175131387
6,15,RF+GB,15,22,1,1,284.0046,0.8025898453600881
6,15,RF+GB,15,22,1,1,284.9987,0.8036607221734067
6,15,RF+GB,15,22,1,1,286.0029,0.8045832838730387
6,15,RF+GB,15,22,1,1,286.9979,0.7958194298409651
6,15,RF+GB,15,22,1,1,288.0019,0.7937674695749148
6,15,RF+GB,15,22,1,1,289.0057,0.7999553914006714
6,15,RF+GB,15,22,1,1,290.0014,0.7953173244871152
6,15,RF+GB,15,22,1,1,291.0084,0.7919217857619409
6,15,RF+GB,15,22,1,1,292.0014,0.801502709435972
6,15,RF+GB,15,22,1,1,293.0075,0.8150464432660138
6,15,RF+GB,15,22,1,1,293.9986,0.8074710149443298
6,15,RF+GB,15,22,1,1,295.0063,0.81128088682341
6,15,RF+GB,15,22,1,1,296.0003,0.8098433814315669
6,15,RF+GB,15,22,1,1,297.0054,0.8153479495431433
6,15,RF+GB,15,22,1,1,298.001,0.8146441890810425
6,15,RF+GB,15,22,1,1,299.0046,0.8123657855579838
6,15,RF+GB,15,22,1,1,299.9992,0.8193568969261845
6,15,RF+GB,15,22,1,1,301.0032,0.8262113040801737
6,15,RF+GB,15,22,1,1,301.9981,0.8331219103633456
6,15,RF+GB,6,29,0,0,0.0112192,3.772859116142634e-05
6,15,RF+GB,6,29,0,0,1.011824,0.0017184886496615138
6,15,RF+GB,6,29,0,0,2.016775,0.005953302090840848
6,15,RF+GB,6,29,0,0,3.01134,0.0025350033773661423
6,15,RF+GB,6,29,0,0,4.016446,0.004608382049026268
6,15,RF+GB,6,29,0,0,5.010691,0.005576932228584288
6,15,RF+GB,6,29,0,0,6.014781,0.00293681516982409
6,15,RF+GB,6,29,0,0,7.021184,0.0009979693785999765
6,15,RF+GB,6,29,0,0,8.014297,0.0015598086542409813
6,15,RF+GB,6,29,0,0,9.017834,0.0009938059461329864
6,15,RF+GB,6,29,0,0,10.0143,0.0010006138792226897
6,15,RF+GB,6,29,0,0,11.0198,0.00097748062519225
6,15,RF+GB,6,29,0,0,12.01373,0.003612065704059453
6,15,RF+GB,6,29,0,0,13.01924,0.0036102961832343893
6,15,RF+GB,6,29,0,0,14.01323,0.0036096272000430266
6,15,RF+GB,6,29,0,0,15.01874,0.0045753015565119706
6,15,RF+GB,6,29,0,0,16.02178,0.006242529451554941
6,15,RF+GB,6,29,0,0,17.0179,0.006242529451554941
6,15,RF+GB,6,29,0,0,18.01236,0.006242529451554941
6,15,RF+GB,6,29,0,0,19.01663,0.006251056210213422
6,15,RF+GB,6,29,0,0,20.01117,0.006250439460155144
6,15,RF+GB,6,29,0,0,21.01589,0.0036189017779387576
6,15,RF+GB,6,29,0,0,22.01227,0.0036197349586247953
6,15,RF+GB,6,29,0,0,23.01739,0.004476139061261376
6,15,RF+GB,6,29,0,0,24.01122,0.00361810083842853
6,15,RF+GB,6,29,0,0,25.01702,0.003618572429452594
6,15,RF+GB,6,29,0,0,26.0217,0.0036182778937902654
6,15,RF+GB,6,29,0,0,27.01569,0.002654294511876773
6,15,RF+GB,6,29,0,0,28.02129,0.006495828392098277
6,15,RF+GB,6,29,0,0,29.01555,0.005804959642055867
6,15,RF+GB,6,29,0,0,30.01976,0.0036118395407706756
6,15,RF+GB,6,29,0,0,31.01329,0.017481243746398485
6,15,RF+GB,6,29,0,0,32.02007,0.01915189039169026
6,15,RF+GB,6,29,0,0,33.01092,0.022478301868628654
6,15,RF+GB,6,29,0,0,34.01912,0.024149798238165085
6,15,RF+GB,6,29,0,0,35.01377,0.03077370797329649
6,15,RF+GB,6,29,0,0,36.01718,0.04128583377151952
6,15,RF+GB,6,29,0,0,37.01274,0.037838106424267555
6,15,RF+GB,6,29,0,0,38.01831,0.036005089864719765
6,15,RF+GB,6,29,0,0,39.01217,0.03601793595089852
6,15,RF+GB,6,29,0,0,40.01754,0.03171659822491193
6,15,RF+GB,6,29,0,0,41.01052,0.032578381468758716
6,15,RF+GB,6,29,0,0,42.01724,0.02924523746573883
6,15,RF+GB,6,29,0,0,43.02027,0.028296394899361206
6,15,RF+GB,6,29,0,0,44.01577,0.03454348596919838
6,15,RF+GB,6,29,0,0,45.02153,0.03548660954598119
6,15,RF+GB,6,29,0,0,46.01505,0.03354845685938204
6,15,RF+GB,6,29,0,0,47.02,0.03258304280601261
6,15,RF+GB,6,29,0,0,48.01451,0.036875983300026366
6,15,RF+GB,6,29,0,0,49.02043,0.038538903909075856
6,15,RF+GB,6,29,0,0,50.01405,0.041169427373520445
6,15,RF+GB,6,29,0,0,51.02033,0.038936734488395415
6,15,RF+GB,6,29,0,0,52.01211,0.03879880377972688
6,15,RF+GB,6,29,0,0,53.01879,0.0361610294672922
6,15,RF+GB,6,29,0,0,54.01346,0.03312317114559776
6,15,RF+GB,6,29,0,0,55.01865,0.02816170159487529
6,15,RF+GB,6,29,0,0,56.0123,0.02747116327812647
6,15,RF+GB,6,29,0,0,57.01873,0.02584617859135934
6,15,RF+GB,6,29,0,0,58.01094,0.0301472433634936
6,15,RF+GB,6,29,0,0,59.01741,0.03488723101064419
6,15,RF+GB,6,29,0,0,60.01103,0.03953042555647513
6,15,RF+GB,6,29,0,0,61.01686,0.04286743372704309
6,15,RF+GB,6,29,0,0,62.02135,0.046596566107975745
6,15,RF+GB,6,29,0,0,63.01606,0.056422923926678706
6,15,RF+GB,6,29,0,0,64.01111,0.05692133149365362
6,15,RF+GB,6,29,0,0,65.01536,0.06301617572130067
6,15,RF+GB,6,29,0,0,66.01973,0.05181452352503522
6,15,RF+GB,6,29,0,0,67.01254,0.035383006639485126
6,15,RF+GB,6,29,0,0,68.02018,0.04526721372442175
6,15,RF+GB,6,29,0,0,69.01416,0.0510053084860433
6,15,RF+GB,6,29,0,0,70.02119,0.042153833246802185
6,15,RF+GB,6,29,0,0,71.01406,0.06667361856521126
6,15,RF+GB,6,29,0,0,72.01811,0.05081799112272254
6,15,RF+GB,6,29,0,0,73.01423,0.05017031666803708
6,15,RF+GB,6,29,0,0,74.01737,0.057269951037201054
6,15,RF+GB,6,29,0,0,75.01094,0.04115181419854274
6,15,RF+GB,6,29,0,0,76.0176,0.056020811623677336
6,15,RF+GB,6,29,0,0,77.02081,0.05095643861356445
6,15,RF+GB,6,29,0,0,78.01769,0.04005374880045754
6,15,RF+GB,6,29,0,0,79.01154,0.05949516432080029
6,15,RF+GB,6,29,0,0,80.01762,0.04746280973750508
6,15,RF+GB,6,29,0,0,81.01078,0.060727279894438935
6,15,RF+GB,6,29,0,0,82.01668,0.05917964309152201
6,15,RF+GB,6,29,0,0,83.01159,0.0560690237883549
6,15,RF+GB,6,29,0,0,84.0154,0.05442477757173477
6,15,RF+GB,6,29,0,0,85.0213,0.05450050449578266
6,15,RF+GB,6,29,0,0,86.01613,0.05825561873835189
6,15,RF+GB,6,29,0,0,87.02153,0.07522015451423453
6,15,RF+GB,6,29,0,0,88.01397,0.07306435423874083
6,15,RF+GB,6,29,0,0,89.02009,0.07067767561058443
6,15,RF+GB,6,29,0,0,90.0147,0.06859314925009334
6,15,RF+GB,6,29,0,0,91.01833,0.06827636091021122
6,15,RF+GB,6,29,0,0,92.01338,0.0695768253297081
6,15,RF+GB,6,29,0,0,93.01836,0.07346190969966834
6,15,RF+GB,6,29,0,0,94.01306,0.0759649267479369
6,15,RF+GB,6,29,0,0,95.01991,0.07832396607457635
6,15,RF+GB,6,29,0,0,96.01231,0.09292347137854295
6,15,RF+GB,6,29,0,0,97.01806,0.09234128258759845
6,15,RF+GB,6,29,0,0,98.01287,0.09480480726422992
6,15,RF+GB,6,29,0,0,99.0177,0.09416398472242186
6,15,RF+GB,6,29,0,0,100.0129,0.09224963250004176
6,15,RF+GB,6,29,0,0,101.0174,0.0964855115176595
6,15,RF+GB,6,29,0,0,102.012,0.09274930799485853
6,15,RF+GB,6,29,0,0,103.0166,0.09704622537223238
6,15,RF+GB,6,29,0,0,104.0114,0.09372026952576347
6,15,RF+GB,6,29,0,0,105.016,0.08941597466152518
6,15,RF+GB,6,29,0,0,106.0215,0.09038693619243013
6,15,RF+GB,6,29,0,0,107.0152,0.08991955679609848
6,15,RF+GB,6,29,0,0,108.0193,0.09627176920108015
6,15,RF+GB,6,29,0,0,109.015,0.09205360285909679
6,15,RF+GB,6,29,0,0,110.0205,0.10094833262951813
6,15,RF+GB,6,29,0,0,111.0144,0.09928166596285148
6,15,RF+GB,6,29,0,0,112.0205,0.0963931255407089
6,15,RF+GB,6,29,0,0,113.0114,0.09891794403174171
6,15,RF+GB,6,29,0,0,114.0195,0.09893168549537625
6,15,RF+GB,6,29,0,0,115.0128,0.0991982050282896
6,15,RF+GB,6,29,0,0,116.0194,0.09981015248146578
6,15,RF+GB,6,29,0,0,117.0126,0.09776181595192776
6,15,RF+GB,6,29,0,0,118.0177,0.09840543615769287
6,15,RF+GB,6,29,0,0,119.0121,0.10038411938231796
6,15,RF+GB,6,29,0,0,120.0173,0.10667110783925177
6,15,RF+GB,6,29,0,0,121.0209,0.10833777450591843
6,15,RF+GB,6,29,0,0,122.0168,0.10315904513343695
6,15,RF+GB,6,29,0,0,123.0214,0.10609859069958187
6,15,RF+GB,6,29,0,0,124.0167,0.10781348675775697
6,15,RF+GB,6,29,0,0,125.021,0.10653602704907071
6,15,RF+GB,6,29,0,0,126.0145,0.11447655923119682
6,15,RF+GB,6,29,0,0,127.0109,0.12232352471439832
6,15,RF+GB,6,29,0,0,128.0153,0.12872754454923813
6,15,RF+GB,6,29,0,0,129.0204,0.13041850773811747
6,15,RF+GB,6,29,0,0,130.0143,0.17839599890390592
6,15,RF+GB,6,29,0,0,131.0208,0.18515680845859953
6,15,RF+GB,6,29,0,0,132.0134,0.18682976220923805
6,15,RF+GB,6,29,0,0,133.019,0.18849642887590473
6,15,RF+GB,6,29,0,0,134.0134,0.18857008297050687
6,15,RF+GB,6,29,0,0,135.0182,0.19268466930302916
6,15,RF+GB,6,29,0,0,136.0138,0.1995897108441541
6,15,RF+GB,6,29,0,0,137.0193,0.20292304417748744
6,15,RF+GB,6,29,0,0,138.0129,0.20592279810915975
6,15,RF+GB,6,29,0,0,139.018,0.21657896107085597
6,15,RF+GB,6,29,0,0,140.0114,0.2233327801945334
6,15,RF+GB,6,29,0,0,141.0173,0.2260753371569318
6,15,RF+GB,6,29,0,0,142.0123,0.22736567570453342
6,15,RF+GB,6,29,0,0,143.0174,0.24442588716678393
6,15,RF+GB,6,29,0,0,144.0198,0.2452410929904612
6,15,RF+GB,6,29,0,0,145.0158,0.24293635634970456
6,15,RF+GB,6,29,0,0,146.022,0.24826458998847772
6,15,RF+GB,6,29,0,0,147.0161,0.2316988656727995
6,15,RF+GB,6,29,0,0,148.0215,0.2403098758371289
6,15,RF+GB,6,29,0,0,149.0159,0.23763349197851635
6,15,RF+GB,6,29,0,0,150.0214,0.22641778514609415
6,15,RF+GB,6,29,0,0,151.0148,0.21415277659270576
6,15,RF+GB,6,29,0,0,152.0203,0.21164590946846545
6,15,RF+GB,6,29,0,0,153.015,0.2113281679850484
6,15,RF+GB,6,29,0,0,154.0197,0.20845880705693123
6,15,RF+GB,6,29,0,0,155.0137,0.20788209567900756
6,15,RF+GB,6,29,0,0,156.0195,0.21352669475983355
6,15,RF+GB,6,29,0,0,157.0139,0.20697829987881436
6,15,RF+GB,6,29,0,0,158.0179,0.20652369984721147
6,15,RF+GB,6,29,0,0,159.0134,0.20455258739499252
6,15,RF+GB,6,29,0,0,160.0171,0.2033233584762869
6,15,RF+GB,6,29,0,0,161.0113,0.20644095930872577
6,15,RF+GB,6,29,0,0,162.0164,0.2097742926420591
6,15,RF+GB,6,29,0,0,163.022,0.20677255319318974
6,15,RF+GB,6,29,0,0,164.0161,0.2065698039816997
6,15,RF+GB,6,29,0,0,165.022,0.20885205886020622
6,15,RF+GB,6,29,0,0,166.0165,0.20691846635203248
6,15,RF+GB,6,29,0,0,167.0112,0.2101468906401087
6,15,RF+GB,6,29,0,0,168.0158,0.21250611145695583
6,15,RF+GB,6,29,0,0,169.0202,0.21783193737339202
6,15,RF+GB,6,29,0,0,170.0141,0.22103025384032954
6,15,RF+GB,6,29,0,0,171.0207,0.2242308327139943
6,15,RF+GB,6,29,0,0,172.0139,0.2302008912884705
6,15,RF+GB,6,29,0,0,173.0192,0.23348044560859835
6,15,RF+GB,6,29,0,0,174.013,0.2364029077788839
6,15,RF+GB,6,29,0,0,175.0175,0.2437136832838601
6,15,RF+GB,6,29,0,0,176.0135,0.24038573582483982
6,15,RF+GB,6,29,0,0,177.0181,0.2439377924716485
6,15,RF+GB,6,29,0,0,178.0124,0.24422881348119374
6,15,RF+GB,6,29,0,0,179.0186,0.24893779247164846
6,15,RF+GB,6,29,0,0,180.0117,0.24993659976440055
6,15,RF+GB,6,29,0,0,181.0171,0.25411925455381607
6,15,RF+GB,6,29,0,0,182.0113,0.25247191463323704
6,15,RF+GB,6,29,0,0,183.0171,0.24945417062054384
6,15,RF+GB,6,29,0,0,184.0217,0.2461569407891129
6,15,RF+GB,6,29,0,0,185.0134,0.2528760191986346
6,15,RF+GB,6,29,0,0,186.0216,0.2538699426610965
6,15,RF+GB,6,29,0,0,187.0153,0.2614666119138719
6,15,RF+GB,6,29,0,0,188.0214,0.25965330727034924
6,15,RF+GB,6,29,0,0,189.0154,0.26653168281199735
6,15,RF+GB,6,29,0,0,190.0175,0.2691607562632721
6,15,RF+GB,6,29,0,0,191.0144,0.26472921569318153
6,15,RF+GB,6,29,0,0,192.0198,0.2611436614530099
6,15,RF+GB,6,29,0,0,193.0143,0.25855575901751215
6,15,RF+GB,6,29,0,0,194.0198,0.2553879659356095
6,15,RF+GB,6,29,0,0,195.0145,0.26290436810123163
6,15,RF+GB,6,29,0,0,196.0186,0.2619277089004771
6,15,RF+GB,6,29,0,0,197.0138,0.26125902697303205
6,15,RF+GB,6,29,0,0,198.0177,0.2603061968354819
6,15,RF+GB,6,29,0,0,199.0128,0.25852535155020684
6,15,RF+GB,6,29,0,0,200.015,0.25834897168540777
6,15,RF+GB,6,29,0,0,201.0131,0.25685868488354024
6,15,RF+GB,6,29,0,0,202.0175,0.25852535155020684
6,15,RF+GB,6,29,0,0,203.0224,0.2574417579428987
6,15,RF+GB,6,29,0,0,204.0173,0.2574417579428987
6,15,RF+GB,6,29,0,0,205.0222,0.2574417579428987
6,15,RF+GB,6,29,0,0,206.0159,0.25301210662338464
6,15,RF+GB,6,29,0,0,207.0197,0.256345439956718
6,15,RF+GB,6,29,0,0,208.0167,0.25628899565513846
6,15,RF+GB,6,29,0,0,209.0206,0.24959429380045428
6,15,RF+GB,6,29,0,0,210.0151,0.2560335162893326
6,15,RF+GB,6,29,0,0,211.0197,0.25480949962856003
6,15,RF+GB,6,29,0,0,212.0139,0.25369408802207954
6,15,RF+GB,6,29,0,0,213.0196,0.2573515027983186
6,15,RF+GB,6,29,0,0,214.0141,0.25417815845705155
6,15,RF+GB,6,29,0,0,215.0178,0.24826414432970748
6,15,RF+GB,6,29,0,0,216.012,0.25521527856195664
6,15,RF+GB,6,29,0,0,217.0189,0.25417363104796403
6,15,RF+GB,6,29,0,0,218.0127,0.24861391347195347
6,15,RF+GB,6,29,0,0,219.0185,0.2504861209389091
6,15,RF+GB,6,29,0,0,220.0132,0.2506367250203078
6,15,RF+GB,6,29,0,0,221.0173,0.2547721532555057
6,15,RF+GB,6,29,0,0,222.0124,0.24786304804827855
6,15,RF+GB,6,29,0,0,223.017,0.2462979166415447
6,15,RF+GB,6,29,0,0,224.0219,0.24679120677140215
6,15,RF+GB,6,29,0,0,225.0162,0.2503808546831577
6,15,RF+GB,6,29,0,0,226.0217,0.2562601762760765
6,15,RF+GB,6,29,0,0,227.0157,0.25748426982170847
6,15,RF+GB,6,29,0,0,228.0207,0.25772459761528005
6,15,RF+GB,6,29,0,0,229.0154,0.2589499921172738
6,15,RF+GB,6,29,0,0,230.0205,0.26438755165234795
6,15,RF+GB,6,29,0,0,231.0153,0.26365499442174467
6,15,RF+GB,6,29,0,0,232.0194,0.264921095562839
6,15,RF+GB,6,29,0,0,233.0133,0.2588636489558675
6,15,RF+GB,6,29,0,0,234.0184,0.2565218861727079
6,15,RF+GB,6,29,0,0,235.0122,0.24841827067698047
6,15,RF+GB,6,29,0,0,236.0163,0.2504128294710664
6,15,RF+GB,6,29,0,0,237.0122,0.2518737200490727
6,15,RF+GB,6,29,0,0,238.0178,0.25661163550877336
6,15,RF+GB,6,29,0,0,239.0128,0.25020705338240606
6,15,RF+GB,6,29,0,0,240.0172,0.25020705338240606
6,15,RF+GB,6,29,0,0,241.0219,0.2561664707487012
6,15,RF+GB,6,29,0,0,242.0162,0.2564765536356412
6,15,RF+GB,6,29,0,0,243.0118,0.25052932829405594
6,15,RF+GB,6,29,0,0,244.017,0.25669400679698134
6,15,RF+GB,6,29,0,0,245.0216,0.2570415600813587
6,15,RF+GB,6,29,0,0,246.0154,0.25517252190227285
6,15,RF+GB,6,29,0,0,247.0208,0.24448271090773485
6,15,RF+GB,6,29,0,0,248.0148,0.23739638593875284
6,15,RF+GB,6,29,0,0,249.0202,0.23382231216497165
6,15,RF+GB,6,29,0,0,250.0158,0.24158713735476622
6,15,RF+GB,6,29,0,0,251.0202,0.24220276266272522
6,15,RF+GB,6,29,0,0,252.0149,0.24059684572277878
6,15,RF+GB,6,29,0,0,253.0197,0.24422217933884074
6,15,RF+GB,6,29,0,0,254.0136,0.25095800774041144
6,15,RF+GB,6,29,0,0,255.0182,0.2562916144179864
6,15,RF+GB,6,29,0,0,256.0139,0.2580656939838953
6,15,RF+GB,6,29,0,0,257.0173,0.26115806040699147
6,15,RF+GB,6,29,0,0,258.013,0.25919479082505986
6,15,RF+GB,6,29,0,0,259.0187,0.2515708359508533
6,15,RF+GB,6,29,0,0,260.021,0.24312361194516943
6,15,RF+GB,6,29,0,0,261.0178,0.24457937621744
6,15,RF+GB,6,29,0,0,262.0128,0.24122485329924398
6,15,RF+GB,6,29,0,0,263.0165,0.24314231882895526
6,15,RF+GB,6,29,0,0,264.022,0.2440442783158811
6,15,RF+GB,6,29,0,0,265.0162,0.24911569623363766
6,15,RF+GB,6,29,0,0,266.0201,0.2508308450430557
6,15,RF+GB,6,29,0,0,267.0135,0.2508308450430557
6,15,RF+GB,6,29,0,0,268.0216,0.25212682484561855
6,15,RF+GB,6,29,0,0,269.0137,0.2618786083096934
6,15,RF+GB,6,29,0,0,270.0212,0.2543993047226956
6,15,RF+GB,6,29,0,0,271.0142,0.25819153599408745
6,15,RF+GB,6,29,0,0,272.0176,0.2576361671851494
6,15,RF+GB,6,29,0,0,273.0138,0.25659263222941503
6,15,RF+GB,6,29,0,0,274.0176,0.2540785182953295
6,15,RF+GB,6,29,0,0,275.0136,0.2518190768630679
6,15,RF+GB,6,29,0,0,276.0194,0.258513489512926
6,15,RF+GB,6,29,0,0,277.011,0.26237944457150914
6,15,RF+GB,6,29,0,0,278.0184,0.26053053617701843
6,15,RF+GB,6,29,0,0,279.0128,0.2660767636921517
6,15,RF+GB,6,29,0,0,280.0181,0.2671640951637113
6,15,RF+GB,6,29,0,0,281.0127,0.26709380165218966
6,15,RF+GB,6,29,0,0,282.0156,0.2630148520712431
6,15,RF+GB,6,29,0,0,283.0111,0.26538567214275866
6,15,RF+GB,6,29,0,0,284.0166,0.27284934336190614
6,15,RF+GB,6,29,0,0,285.0219,0.2927954228012462
6,15,RF+GB,6,29,0,0,286.016,0.2914815854529932
6,15,RF+GB,6,29,0,0,287.0216,0.2886699350471119
6,15,RF+GB,6,29,0,0,288.0144,0.2966059098769289
6,15,RF+GB,6,29,0,0,289.0197,0.29202397673837527
6,15,RF+GB,6,29,0,0,290.0124,0.2936928888512332
6,15,RF+GB,6,29,0,0,291.018,0.2974893510480562
6,15,RF+GB,6,29,0,0,292.0144,0.29848926070498005
6,15,RF+GB,6,29,0,0,293.0191,0.292688531184292
6,15,RF+GB,6,29,0,0,294.0126,0.2944050582049167
6,15,RF+GB,6,29,0,0,295.0191,0.29835585876279797
6,15,RF+GB,6,29,0,0,296.0124,0.30193563561162445
6,15,RF+GB,6,29,0,0,297.0182,0.2990251631423268
6,15,RF+GB,6,29,0,0,298.0114,0.29829078596121894
6,15,RF+GB,6,29,0,0,299.0173,0.29327867712982536
6,15,RF+GB,6,29,0,0,300.0121,0.2796868832652858
6,15,RF+GB,6,29,0,0,301.018,0.27939524815038946
