pair_g,pair_h,model,participant,session,y,sev,t,proba
8,18,RF,8,12,0,0,0.0110377,0.0
8,18,RF,8,12,0,0,1.010147,0.02336343352407663
8,18,RF,8,12,0,0,2.016094,0.012339729311031339
8,18,RF,8,12,0,0,3.009745,0.006666666666666667
8,18,RF,8,12,1,1,4.01616,0.0033333333333333335
8,18,RF,8,12,1,1,5.009424,0.0033333333333333335
8,18,RF,8,12,1,1,6.01379,0.005926854600117571
8,18,RF,8,12,1,1,7.008862,0.03905694676312373
8,18,RF,8,12,1,1,8.014355,0.12854178381224102
8,18,RF,8,12,1,1,9.019238,0.12229794563035892
8,18,RF,8,12,1,1,10.01213,0.13441707162326455
8,18,RF,8,12,1,1,11.0166,0.1637666973741242
8,18,RF,8,12,1,1,12.01287,0.17510476376411283
8,18,RF,8,12,1,1,13.01876,0.16086102419816958
8,18,RF,8,12,1,1,14.01381,0.15883042073748052
8,18,RF,8,12,1,1,15.01681,0.1868260710917191
8,18,RF,8,12,1,1,16.01281,0.13914427663548914
8,18,RF,8,12,1,1,17.01839,0.12350487024464807
8,18,RF,8,12,1,1,18.01066,0.19399393541070314
8,18,RF,8,12,1,1,19.01831,0.1877619264922372
8,18,RF,8,12,1,1,20.01064,0.19113851907359855
8,18,RF,8,12,1,1,21.0165,0.20496029654636508
8,18,RF,8,12,1,1,22.01155,0.21556041072977933
8,18,RF,8,12,1,1,23.01568,0.21512214441872335
8,18,RF,8,12,1,1,24.0096,0.22108083611024193
8,18,RF,8,12,1,1,25.01568,0.19933991129821438
8,18,RF,8,12,1,1,26.00962,0.19881988339535595
8,18,RF,8,12,1,1,27.01536,0.2182964183610395
8,18,RF,8,12,1,1,28.0098,0.22791966663708904
8,18,RF,8,12,1,1,29.01463,0.20791966663708908
8,18,RF,8,12,1,1,30.0086,0.20819349743190943
8,18,RF,8,12,1,1,31.01355,0.19043914459194003
8,18,RF,8,12,1,1,32.01867,0.2025811219779721
8,18,RF,8,12,1,1,33.01118,0.19753413662674565
8,18,RF,8,12,1,1,34.01851,0.1897200317800302
8,18,RF,8,12,1,1,35.01208,0.39789204063913264
8,18,RF,8,12,1,1,36.01853,0.39366373950491146
8,18,RF,8,12,1,1,37.01241,0.41990636610480014
8,18,RF,8,12,1,1,38.01729,0.40990636610480014
8,18,RF,8,12,1,1,39.01123,0.39373867921925015
8,18,RF,8,12,1,1,40.0166,0.40518664805620064
8,18,RF,8,12,1,1,41.00916,0.3966538252853937
8,18,RF,8,12,1,1,42.01604,0.3966538252853937
8,18,RF,8,12,1,1,43.00914,0.3938524213084514
8,18,RF,8,12,1,1,44.01637,0.3905763241071038
8,18,RF,8,12,1,1,45.01945,0.37775546057972004
8,18,RF,8,12,1,1,46.01505,0.3710887939130534
8,18,RF,8,12,1,1,47.0084,0.3758508046717252
8,18,RF,8,12,1,1,48.01484,0.40585080467172524
8,18,RF,8,12,1,1,49.00824,0.4010850840262049
8,18,RF,8,12,1,1,50.01454,0.41491851010670944
8,18,RF,8,12,1,1,51.01845,0.41491851010670944
8,18,RF,8,12,1,1,52.01202,0.40901811022537393
8,18,RF,8,12,1,1,53.01875,0.41291022815197387
8,18,RF,8,12,1,1,54.01386,0.4015197625611744
8,18,RF,8,12,1,1,55.01745,0.39719538401844123
8,18,RF,8,12,1,1,56.01162,0.3942842057847015
8,18,RF,8,12,1,1,57.01839,0.39668560845074086
8,18,RF,8,12,1,1,58.01215,0.39701706481095844
8,18,RF,8,12,1,1,59.01632,0.39741551132651365
8,18,RF,8,12,1,1,60.01164,0.39355746556063087
8,18,RF,8,12,1,1,61.01605,0.4064563659596958
8,18,RF,8,12,1,1,62.01088,0.4107525493623807
8,18,RF,8,12,1,1,63.01574,0.42682670277750373
8,18,RF,8,12,1,1,64.0106,0.42825129932730893
8,18,RF,8,12,1,1,65.01489,0.4189917178305186
8,18,RF,8,12,1,1,66.00845,0.4161083937719024
8,18,RF,8,12,1,1,67.01373,0.4266531255115953
8,18,RF,8,12,1,1,68.01971,0.4405384900949762
8,18,RF,8,12,1,1,69.01488,0.445294638039548
8,18,RF,8,12,1,1,70.01777,0.4532757770263043
8,18,RF,8,12,1,1,71.01369,0.44468495490460214
8,18,RF,8,12,1,1,72.01964,0.45140421185418445
8,18,RF,8,12,1,1,73.01192,0.4833784058484331
8,18,RF,8,12,1,1,74.01961,0.4788982718728702
8,18,RF,8,12,1,1,75.01247,0.4730704618946901
8,18,RF,8,12,1,1,76.01733,0.48699070085296636
8,18,RF,8,12,1,1,77.01091,0.477827649800459
8,18,RF,8,12,1,1,78.01698,0.49275043271879115
8,18,RF,8,12,1,1,79.01109,0.5082054721605573
8,18,RF,8,12,1,1,80.01685,0.5048354623064741
8,18,RF,8,12,1,1,81.01129,0.5059257467791821
8,18,RF,8,12,1,1,82.0164,0.5058912448314915
8,18,RF,8,12,1,1,83.00986,0.48840822145531293
8,18,RF,8,12,1,1,84.01507,0.5097291227762143
8,18,RF,8,12,1,1,85.0094,0.5038714863425786
8,18,RF,8,12,1,1,86.01546,0.5176349197083574
8,18,RF,8,12,1,1,87.00921,0.5196492981567339
8,18,RF,8,12,1,1,88.01216,0.5495358002777846
8,18,RF,8,12,1,1,89.00884,0.5661525788348751
8,18,RF,8,12,1,1,90.01527,0.5867339506367928
8,18,RF,8,12,1,1,91.01823,0.5990640102159646
8,18,RF,8,12,1,1,92.01326,0.5843402112918318
8,18,RF,8,12,1,1,93.0173,0.5876323648811473
8,18,RF,8,12,1,1,94.012,0.5937329012892225
8,18,RF,8,12,1,1,95.01615,0.5841497153628914
8,18,RF,8,12,1,1,96.01204,0.5746205000039598
8,18,RF,8,12,1,1,97.01764,0.5875509340162219
8,18,RF,8,12,1,1,98.0108,0.597550934016222
8,18,RF,8,12,1,1,99.01787,0.6008842673495552
8,18,RF,8,12,1,1,100.0112,0.5915641268568863
8,18,RF,8,12,1,1,101.0159,0.5896724555528611
8,18,RF,8,12,1,1,102.0096,0.5910970521026663
8,18,RF,8,12,1,1,103.0159,0.5963391222195278
8,18,RF,8,12,1,1,104.0102,0.6000495782654963
8,18,RF,8,12,1,1,105.0157,0.5862960875320857
8,18,RF,8,12,1,1,106.0086,0.5943962544769938
8,18,RF,8,12,1,1,107.0142,0.589593805951674
8,18,RF,8,12,1,1,108.009,0.5928948632694258
8,18,RF,8,12,1,1,109.0137,0.596228196602759
8,18,RF,8,12,1,1,110.0089,0.5975382741221389
8,18,RF,8,12,1,1,111.0139,0.6056095039496291
8,18,RF,8,12,1,1,112.0085,0.607511933925515
8,18,RF,8,12,1,1,113.0106,0.6094188157656188
8,18,RF,8,12,1,1,114.017,0.6108452672588482
8,18,RF,8,12,1,1,115.0134,0.6153913891322419
8,18,RF,8,12,1,1,116.0167,0.6181788253303159
8,18,RF,8,12,1,1,117.0123,0.6156801810810414
8,18,RF,8,12,1,1,118.0174,0.635770489741484
8,18,RF,8,12,1,1,119.0114,0.6477966234053616
8,18,RF,8,12,1,1,120.0172,0.6564366728742005
8,18,RF,8,12,1,1,121.0105,0.6588588919288788
8,18,RF,8,12,1,1,122.0162,0.6616376498290318
8,18,RF,8,12,1,1,123.0094,0.6730789408696551
8,18,RF,8,12,1,1,124.015,0.6779014243094746
8,18,RF,8,12,1,1,125.0093,0.6731483172792392
8,18,RF,8,12,1,1,126.0151,0.6846567759218795
8,18,RF,8,12,1,1,127.0096,0.6761496125947248
8,18,RF,8,12,1,1,128.0141,0.6832534879286521
8,18,RF,8,12,1,1,129.0185,0.6865868212619854
8,18,RF,8,12,1,1,130.014,0.6895237404710716
8,18,RF,8,12,1,1,131.0189,0.6828570738044049
8,18,RF,8,12,1,1,132.0128,0.6755860650446076
8,18,RF,8,12,1,1,133.019,0.6776053579817375
8,18,RF,8,12,1,1,134.0107,0.6774884950204934
8,18,RF,8,12,1,1,135.0182,0.6774884950204934
8,18,RF,8,12,1,1,136.0107,0.6808218283538267
8,18,RF,8,12,1,1,137.0173,0.6876281667694398
8,18,RF,8,12,1,1,138.0118,0.6946924214901504
8,18,RF,8,12,1,1,139.0185,0.6961511489989614
8,18,RF,8,12,1,1,140.011,0.6994844823322947
8,18,RF,8,12,1,1,141.0155,0.6946924214901504
8,18,RF,8,12,1,1,142.0092,0.701359088156817
8,18,RF,8,12,1,1,143.0148,0.6980257548234837
8,18,RF,8,12,1,1,144.0097,0.7061511489989614
8,18,RF,8,12,1,1,145.0158,0.7043884654627778
8,18,RF,8,12,1,1,146.009,0.7043710289945899
8,18,RF,8,12,1,1,147.0147,0.701941170928857
8,18,RF,8,12,1,1,148.0176,0.7052745042621903
8,18,RF,8,12,1,1,149.0135,0.7067332317710012
8,18,RF,8,12,1,1,150.0089,0.7067332317710012
8,18,RF,8,12,1,1,151.0133,0.7048371086027578
8,18,RF,8,12,1,1,152.0182,0.7015037752694245
8,18,RF,8,12,1,1,153.0136,0.7015037752694245
8,18,RF,8,12,1,1,154.0181,0.7158273577441081
8,18,RF,8,12,1,1,155.0128,0.7077019635686305
8,18,RF,8,12,1,1,156.0166,0.702951082470504
8,18,RF,8,12,1,1,157.0118,0.7143686302352972
8,18,RF,8,12,1,1,158.0165,0.7156996793969023
8,18,RF,8,12,1,1,159.0093,0.7290330127302357
8,18,RF,8,12,1,1,160.0144,0.7256996793969023
8,18,RF,8,12,1,1,161.0088,0.7270380041512309
8,18,RF,8,12,1,1,162.0157,0.7237221072860852
8,18,RF,8,12,1,1,163.0096,0.7284889408976601
8,18,RF,8,12,1,1,164.0156,0.7318222742309934
8,18,RF,8,12,1,1,165.0181,0.739809480612264
8,18,RF,8,12,1,1,166.015,0.7431428139455973
8,18,RF,8,12,1,1,167.0088,0.739809480612264
8,18,RF,8,12,1,1,168.0134,0.7331428139455973
8,18,RF,8,12,1,1,169.0189,0.7364761472789306
8,18,RF,8,12,1,1,170.0132,0.7364761472789306
8,18,RF,8,12,1,1,171.0085,0.7417975563236858
8,18,RF,8,12,1,1,172.0134,0.7484642229903524
8,18,RF,8,12,1,1,173.0177,0.7641175467788549
8,18,RF,8,12,1,1,174.0111,0.7674508801121882
8,18,RF,8,12,1,1,175.0181,0.7727864976172498
8,18,RF,8,12,1,1,176.0109,0.7794531642839165
8,18,RF,8,12,1,1,177.017,0.7794531642839165
8,18,RF,8,12,1,1,178.011,0.7861198309505832
8,18,RF,8,12,1,1,179.0166,0.7861198309505832
8,18,RF,8,12,1,1,180.0093,0.7761198309505832
8,18,RF,8,12,1,1,181.0153,0.7727864976172498
8,18,RF,8,12,1,1,182.0092,0.7661198309505832
8,18,RF,8,12,1,1,183.0143,0.7694531642839165
8,18,RF,8,12,1,1,184.0083,0.7794531642839165
8,18,RF,8,12,1,1,185.0125,0.7794531642839165
8,18,RF,8,12,1,1,186.0095,0.7780230029038386
8,18,RF,8,12,1,1,187.0145,0.7780230029038386
8,18,RF,8,12,1,1,188.0086,0.7746896695705052
8,18,RF,8,12,1,1,189.0136,0.7680230029038386
8,18,RF,8,12,1,1,190.0171,0.7680230029038386
8,18,RF,8,12,1,1,191.013,0.7713563362371719
8,18,RF,8,12,1,1,192.0174,0.7689288769307318
8,18,RF,8,12,1,1,193.0106,0.7689288769307318
8,18,RF,8,12,1,1,194.0183,0.7789288769307318
8,18,RF,8,12,1,1,195.011,0.7769431564657299
8,18,RF,8,12,1,1,196.0152,0.783692371644143
8,18,RF,8,12,1,1,197.0104,0.7870257049774764
8,18,RF,8,12,1,1,198.0171,0.783692371644143
8,18,RF,8,12,1,1,199.0101,0.7863613904787821
8,18,RF,8,12,1,1,200.0164,0.7876971661952578
8,18,RF,8,12,1,1,201.0086,0.786273682611507
8,18,RF,8,12,1,1,202.0159,0.783604663776868
8,18,RF,8,12,1,1,203.0097,0.7749594418937967
8,18,RF,8,12,1,1,204.015,0.7769379971102013
8,18,RF,8,12,1,1,205.0092,0.7769379971102013
8,18,RF,8,12,1,1,206.0141,0.7716261085604634
8,18,RF,8,12,1,1,207.008,0.7682927752271301
8,18,RF,8,12,1,1,208.0141,0.7682927752271301
8,18,RF,8,12,1,1,209.0079,0.7702713304435346
8,18,RF,8,12,1,1,210.0141,0.7702713304435346
8,18,RF,8,12,1,1,211.0173,0.773604663776868
8,18,RF,8,12,1,1,212.0122,0.7502713304435347
8,18,RF,8,12,1,1,213.0178,0.7469379971102013
8,18,RF,8,12,1,1,214.0104,0.7669379971102013
8,18,RF,8,12,1,1,215.0173,0.763604663776868
8,18,RF,8,12,1,1,216.0121,0.7502713304435347
8,18,RF,8,12,1,1,217.016,0.743604663776868
8,18,RF,8,12,1,1,218.0118,0.7402553779300863
8,18,RF,8,12,1,1,219.017,0.7435887112634196
8,18,RF,8,12,1,1,220.0112,0.7435887112634196
8,18,RF,8,12,1,1,221.0145,0.746922044596753
8,18,RF,8,12,1,1,222.0105,0.746922044596753
8,18,RF,8,12,1,1,223.0154,0.7473538810352421
8,18,RF,8,12,1,1,224.0105,0.7406872143685754
8,18,RF,8,12,1,1,225.0148,0.7421459418773864
8,18,RF,8,12,1,1,226.0095,0.7388126085440531
8,18,RF,8,12,1,1,227.0143,0.7388126085440531
8,18,RF,8,12,1,1,228.0086,0.7354792752107198
8,18,RF,8,12,1,1,229.0141,0.7354792752107198
8,18,RF,8,12,1,1,230.0186,0.7354792752107198
8,18,RF,8,12,1,1,231.0125,0.7373538810352421
8,18,RF,8,12,1,1,232.0178,0.7373538810352421
8,18,RF,8,12,1,1,233.0099,0.738361480693952
8,18,RF,8,12,1,1,234.0176,0.7350281473606187
8,18,RF,8,12,1,1,235.0116,0.7350281473606187
8,18,RF,8,12,1,1,236.0172,0.7350281473606187
8,18,RF,8,12,1,1,237.0101,0.7350281473606187
8,18,RF,8,12,1,1,238.0155,0.7350281473606187
8,18,RF,8,12,1,1,239.008,0.7616948140272853
8,18,RF,8,12,1,1,240.0153,0.7616948140272853
8,18,RF,8,12,1,1,241.0105,0.7679281935989605
8,18,RF,8,12,1,1,242.0131,0.7679281935989605
8,18,RF,8,12,1,1,243.0095,0.7579281935989605
8,18,RF,8,12,1,1,244.014,0.758361480693952
8,18,RF,8,12,1,1,245.0085,0.7355549422728326
8,18,RF,8,12,1,1,246.0148,0.7470409409793481
8,18,RF,8,12,1,1,247.009,0.7516948140272853
8,18,RF,8,12,1,1,248.0144,0.7284607146762503
8,18,RF,8,12,1,1,249.0175,0.7531145877241876
8,18,RF,8,12,1,1,250.0134,0.7731145877241875
8,18,RF,8,12,1,1,251.0181,0.7564479210575209
8,18,RF,8,12,1,1,252.0121,0.7764479210575209
8,18,RF,8,12,1,1,253.0182,0.7764479210575209
8,18,RF,8,12,1,1,254.0107,0.7802924767985707
8,18,RF,8,12,1,1,255.0149,0.7865258563702459
8,18,RF,8,12,1,1,256.0111,0.7798591897035791
8,18,RF,8,12,1,1,257.0152,0.7798591897035791
8,18,RF,8,12,1,1,258.0106,0.7765258563702458
8,18,RF,8,12,1,1,259.0168,0.7769591434652374
8,18,RF,8,12,1,1,260.0113,0.7750307442814126
8,18,RF,8,12,1,1,261.0168,0.7764894717902235
8,18,RF,8,12,1,1,262.0091,0.776056184695232
8,18,RF,8,12,1,1,263.015,0.7574733614713403
8,18,RF,8,12,1,1,264.0086,0.7474733614713402
8,18,RF,8,12,1,1,265.0153,0.7474733614713402
8,18,RF,8,12,1,1,266.0085,0.7474733614713402
8,18,RF,8,12,1,1,267.0125,0.744140028138007
8,18,RF,8,12,1,1,268.0091,0.7445733152329985
8,18,RF,8,12,1,1,269.0128,0.7445733152329985
8,18,RF,8,12,1,1,270.0084,0.7445733152329985
8,18,RF,8,12,1,1,271.0146,0.7412399818996652
8,18,RF,8,12,1,1,272.0173,0.7345733152329985
8,18,RF,8,12,1,1,273.0097,0.7345733152329985
8,18,RF,8,12,1,1,274.0183,0.7297897871306056
8,18,RF,8,12,1,1,275.0115,0.739820208202763
8,18,RF,8,12,1,1,276.0151,0.7464868748694297
8,18,RF,8,12,1,1,277.0096,0.749820208202763
8,18,RF,8,12,1,1,278.0158,0.7450281473606187
8,18,RF,8,12,1,1,279.0106,0.7616948140272853
8,18,RF,8,12,1,1,280.0164,0.7450281473606187
8,18,RF,8,12,1,1,281.0103,0.738361480693952
8,18,RF,8,12,1,1,282.0149,0.7350281473606187
8,18,RF,8,12,1,1,283.009,0.7316948140272853
8,18,RF,8,12,1,1,284.0134,0.7316948140272853
8,18,RF,8,12,1,1,285.0092,0.738361480693952
8,18,RF,8,12,1,1,286.0143,0.738361480693952
8,18,RF,8,12,1,1,287.0086,0.738361480693952
8,18,RF,8,12,1,1,288.0116,0.7203742743126814
8,18,RF,8,12,1,1,289.0082,0.7203742743126814
8,18,RF,8,12,1,1,290.0127,0.7170409409793481
8,18,RF,8,12,1,1,291.0188,0.7237076076460148
8,18,RF,8,12,1,1,292.0116,0.7270409409793481
8,18,RF,8,12,1,1,293.0168,0.7450281473606187
8,18,RF,8,12,1,1,294.0131,0.7450281473606187
8,18,RF,8,12,1,1,295.0175,0.7450281473606187
8,18,RF,8,12,1,1,296.0116,0.7450281473606187
8,18,RF,8,12,1,1,297.0178,0.7450281473606187
8,18,RF,8,12,1,1,298.0087,0.7450281473606187
8,18,RF,8,12,1,1,299.016,0.7416948140272853
8,18,RF,8,12,1,1,300.0092,0.738361480693952
8,18,RF,8,12,1,1,301.0147,0.7431145877241876
8,18,RF,18,30,0,0,0.0,0.006293580171552186
8,18,RF,18,30,0,0,0.9999792,0.009749006441353625
8,18,RF,18,30,0,0,2.004788,0.03550850361951501
8,18,RF,18,30,0,0,2.99668,0.023790391393062514
8,18,RF,18,30,0,0,4.00343,0.007626156118107916
8,18,RF,18,30,0,0,4.997688,0.0033333333333333335
8,18,RF,18,30,0,0,6.001186,0.010485624188462252
8,18,RF,18,30,0,0,6.998924,0.015242812094231126
8,18,RF,18,30,0,0,8.00406,0.03414938835232661
8,18,RF,18,30,0,0,8.995449,0.05231314380380365
8,18,RF,18,30,0,0,10.00218,0.053686514734114135
8,18,RF,18,30,0,0,11.00547,0.07142796623459
8,18,RF,18,30,0,0,12.00087,0.09053718460624545
8,18,RF,18,30,0,0,12.9966,0.09188791008979993
8,18,RF,18,30,0,0,14.00091,0.10865154565602152
8,18,RF,18,30,0,0,15.00556,0.11568513227750188
8,18,RF,18,30,0,0,16.00177,0.10954778591408787
8,18,RF,18,30,0,0,17.00652,0.1262241310947131
8,18,RF,18,30,0,0,17.99968,0.12755736055352682
8,18,RF,18,30,0,0,19.00499,0.13210865240342992
8,18,RF,18,30,0,0,20.00038,0.14718250758009982
8,18,RF,18,30,0,0,21.00265,0.15132215372733504
8,18,RF,18,30,0,0,21.99645,0.13747266353044146
8,18,RF,18,30,0,0,23.00518,0.1549453315884418
8,18,RF,18,30,0,0,23.99806,0.16438588065169535
8,18,RF,18,30,0,0,25.00475,0.1521171103413798
8,18,RF,18,30,0,0,25.99721,0.16964945195502626
8,18,RF,18,30,0,0,27.00311,0.17739173331856462
8,18,RF,18,30,0,0,27.99697,0.17739173331856462
8,18,RF,18,30,0,0,29.00288,0.14759505507016119
8,18,RF,18,30,0,0,29.99674,0.1337047873793767
8,18,RF,18,30,0,0,31.00117,0.12516759576372097
8,18,RF,18,30,0,0,31.99794,0.13708449429831568
8,18,RF,18,30,0,0,32.99901,0.12757694597382768
8,18,RF,18,30,0,0,34.00613,0.13282495190964666
8,18,RF,18,30,0,0,35.00093,0.12615828524297995
8,18,RF,18,30,0,0,35.99554,0.11935296850003214
8,18,RF,18,30,0,0,36.99783,0.12603447471409263
8,18,RF,18,30,0,0,38.00521,0.12603447471409263
8,18,RF,18,30,0,0,39.0009,0.12603447471409263
8,18,RF,18,30,0,0,40.0038,0.1327011413807593
8,18,RF,18,30,0,0,41.00013,0.13603447471409266
8,18,RF,18,30,0,0,42.00479,0.14412499595319486
8,18,RF,18,30,0,0,42.9991,0.149367808047426
8,18,RF,18,30,0,0,44.00304,0.15461803991535403
8,18,RF,18,30,0,0,44.99727,0.15266923635386262
8,18,RF,18,30,0,0,46.00503,0.1607987114048736
8,18,RF,18,30,0,0,46.99549,0.15697715696228406
8,18,RF,18,30,0,0,48.00256,0.16711930448597118
8,18,RF,18,30,0,0,48.99692,0.15599329497007483
8,18,RF,18,30,0,0,50.00111,0.1256330322713526
8,18,RF,18,30,0,0,50.99635,0.12197811060564999
8,18,RF,18,30,0,0,52.00238,0.09342412975614407
8,18,RF,18,30,0,0,52.99729,0.08868141040908416
8,18,RF,18,30,0,0,54.00202,0.07913632555607361
8,18,RF,18,30,0,0,54.99564,0.08090985106732593
8,18,RF,18,30,0,0,55.99984,0.08424318440065925
8,18,RF,18,30,0,0,57.00648,0.0848136653061001
8,18,RF,18,30,0,0,58.00112,0.09279465031179694
8,18,RF,18,30,0,0,59.00549,0.09612798364513027
8,18,RF,18,30,0,0,60.00083,0.09805823777237939
8,18,RF,18,30,0,0,60.99555,0.09658318676143524
8,18,RF,18,30,0,0,61.99899,0.0813552142145979
8,18,RF,18,30,0,0,63.00394,0.08192588938326577
8,18,RF,18,30,0,0,63.99825,0.07671053045171318
8,18,RF,18,30,0,0,65.00445,0.07482813386480908
8,18,RF,18,30,0,0,65.99821,0.0781614671981424
8,18,RF,18,30,0,0,67.00327,0.07687283340891589
8,18,RF,18,30,0,0,67.99731,0.08004028027489601
8,18,RF,18,30,0,0,69.00223,0.09264928146712416
8,18,RF,18,30,0,0,69.99654,0.09564890816561186
8,18,RF,18,30,0,0,71.00023,0.09564890816561186
8,18,RF,18,30,0,0,71.99614,0.09564890816561186
8,18,RF,18,30,0,0,73.00099,0.09898224149894519
8,18,RF,18,30,0,0,73.99584,0.11042353253956846
8,18,RF,18,30,0,0,75.00096,0.10950954260834815
8,18,RF,18,30,0,0,76.00616,0.1174330676897254
8,18,RF,18,30,0,0,77.00009,0.1095288340199601
8,18,RF,18,30,0,0,78.0049,0.10287070009304487
8,18,RF,18,30,0,0,79.00005,0.10142903806373677
8,18,RF,18,30,0,0,80.00594,0.10142903806373677
8,18,RF,18,30,0,0,80.99896,0.10476237139707009
8,18,RF,18,30,0,0,82.00391,0.1147623713970701
8,18,RF,18,30,0,0,82.99937,0.12418185772660306
8,18,RF,18,30,0,0,84.00315,0.12274019569729497
8,18,RF,18,30,0,0,84.99638,0.12700410314650404
8,18,RF,18,30,0,0,86.00302,0.1347524775970914
8,18,RF,18,30,0,0,86.99828,0.1362152859814357
8,18,RF,18,30,0,0,88.00369,0.1362152859814357
8,18,RF,18,30,0,0,88.99768,0.13764581835019846
8,18,RF,18,30,0,0,90.00156,0.13906930193394915
8,18,RF,18,30,0,0,90.99709,0.12240263526728247
8,18,RF,18,30,0,0,92.00238,0.1267481284609517
8,18,RF,18,30,0,0,92.9968,0.16799471366895713
8,18,RF,18,30,0,0,94.00124,0.16172572124636056
8,18,RF,18,30,0,0,95.00658,0.1869778080577128
8,18,RF,18,30,0,0,96.00197,0.19364447472437948
8,18,RF,18,30,0,0,97.00596,0.2080376352142726
8,18,RF,18,30,0,0,98.00156,0.2080309574179454
8,18,RF,18,30,0,0,98.99548,0.1922481853962725
8,18,RF,18,30,0,0,100.0009,0.1961612427154911
8,18,RF,18,30,0,0,101.0066,0.21374521470905714
8,18,RF,18,30,0,0,102.0006,0.2108132011632916
8,18,GB,8,12,0,0,0.0110377,0.00012202140853884186
8,18,GB,8,12,0,0,1.010147,9.162804453323068e-05
8,18,GB,8,12,0,0,2.016094,0.00012915722506621436
8,18,GB,8,12,0,0,3.009745,0.00012767052698951103
8,18,GB,8,12,1,1,4.01616,6.808904052212489e-05
8,18,GB,8,12,1,1,5.009424,8.406112895352491e-05
8,18,GB,8,12,1,1,6.01379,9.097526614411394e-05
8,18,GB,8,12,1,1,7.008862,0.00021916575052690411
8,18,GB,8,12,1,1,8.014355,0.0010352277871289724
8,18,GB,8,12,1,1,9.019238,0.0014647961500120251
8,18,GB,8,12,1,1,10.01213,0.0019631913123539773
8,18,GB,8,12,1,1,11.0166,0.0018422961354445202
8,18,GB,8,12,1,1,12.01287,0.007280982891142938
8,18,GB,8,12,1,1,13.01876,0.010056112342655434
8,18,GB,8,12,1,1,14.01381,0.012225800826549027
8,18,GB,8,12,1,1,15.01681,0.011030276647236412
8,18,GB,8,12,1,1,16.01281,0.004378445890967674
8,18,GB,8,12,1,1,17.01839,0.010499114948615556
8,18,GB,8,12,1,1,18.01066,0.011075796357425274
8,18,GB,8,12,1,1,19.01831,0.016557494463321897
8,18,GB,8,12,1,1,20.01064,0.013662190479508264
8,18,GB,8,12,1,1,21.0165,0.016262198301113154
8,18,GB,8,12,1,1,22.01155,0.01753601682274107
8,18,GB,8,12,1,1,23.01568,0.011747999103559835
8,18,GB,8,12,1,1,24.0096,0.012988292897086612
8,18,GB,8,12,1,1,25.01568,0.007240651057908556
8,18,GB,8,12,1,1,26.00962,0.004897145714215281
8,18,GB,8,12,1,1,27.01536,0.003675287771920994
8,18,GB,8,12,1,1,28.0098,0.0036914370633387796
8,18,GB,8,12,1,1,29.01463,0.003627270718289981
8,18,GB,8,12,1,1,30.0086,0.0034786110431098043
8,18,GB,8,12,1,1,31.01355,0.00496614763615227
8,18,GB,8,12,1,1,32.01867,0.003658723375193429
8,18,GB,8,12,1,1,33.01118,0.00331700993093996
8,18,GB,8,12,1,1,34.01851,0.004536470047331172
8,18,GB,8,12,1,1,35.01208,0.01691227865084939
8,18,GB,8,12,1,1,36.01853,0.018819609924054376
8,18,GB,8,12,1,1,37.01241,0.019253375240384556
8,18,GB,8,12,1,1,38.01729,0.019511144281141517
8,18,GB,8,12,1,1,39.01123,0.017266678212728963
8,18,GB,8,12,1,1,40.0166,0.018491528624392278
8,18,GB,8,12,1,1,41.00916,0.016735932449687647
8,18,GB,8,12,1,1,42.01604,0.01717731224578389
8,18,GB,8,12,1,1,43.00914,0.016365653486868637
8,18,GB,8,12,1,1,44.01637,0.016365653486868637
8,18,GB,8,12,1,1,45.01945,0.016365653486868637
8,18,GB,8,12,1,1,46.01505,0.016688126989091032
8,18,GB,8,12,1,1,47.0084,0.017992345333660432
8,18,GB,8,12,1,1,48.01484,0.016915553606662272
8,18,GB,8,12,1,1,49.00824,0.017790960368442868
8,18,GB,8,12,1,1,50.01454,0.017920571606481587
8,18,GB,8,12,1,1,51.01845,0.028099697602158302
8,18,GB,8,12,1,1,52.01202,0.02457535377125022
8,18,GB,8,12,1,1,53.01875,0.03704487901828408
8,18,GB,8,12,1,1,54.01386,0.0418197714700358
8,18,GB,8,12,1,1,55.01745,0.0418197714700358
8,18,GB,8,12,1,1,56.01162,0.02828201952298699
8,18,GB,8,12,1,1,57.01839,0.02702738696248097
8,18,GB,8,12,1,1,58.01215,0.025251680762721853
8,18,GB,8,12,1,1,59.01632,0.037187294836256664
8,18,GB,8,12,1,1,60.01164,0.032431742882005475
8,18,GB,8,12,1,1,61.01605,0.03522893117854468
8,18,GB,8,12,1,1,62.01088,0.04239975928348853
8,18,GB,8,12,1,1,63.01574,0.03683722320159867
8,18,GB,8,12,1,1,64.0106,0.04173088255208378
8,18,GB,8,12,1,1,65.01489,0.05347368534064901
8,18,GB,8,12,1,1,66.00845,0.05722496324041939
8,18,GB,8,12,1,1,67.01373,0.05797225825716953
8,18,GB,8,12,1,1,68.01971,0.027492994973664277
8,18,GB,8,12,1,1,69.01488,0.027596725062428624
8,18,GB,8,12,1,1,70.01777,0.030221320816018155
8,18,GB,8,12,1,1,71.01369,0.019829588988464448
8,18,GB,8,12,1,1,72.01964,0.05284692128493381
8,18,GB,8,12,1,1,73.01192,0.07533908314013768
8,18,GB,8,12,1,1,74.01961,0.08186155112873131
8,18,GB,8,12,1,1,75.01247,0.05670467050651688
8,18,GB,8,12,1,1,76.01733,0.05929534423988301
8,18,GB,8,12,1,1,77.01091,0.0627754644854183
8,18,GB,8,12,1,1,78.01698,0.2137245451619316
8,18,GB,8,12,1,1,79.01109,0.5131126814686993
8,18,GB,8,12,1,1,80.01685,0.5666005590551892
8,18,GB,8,12,1,1,81.01129,0.5666005590551892
8,18,GB,8,12,1,1,82.0164,0.5632167427813414
8,18,GB,8,12,1,1,83.00986,0.47532104444512424
8,18,GB,8,12,1,1,84.01507,0.644598907514145
8,18,GB,8,12,1,1,85.0094,0.6299010412262975
8,18,GB,8,12,1,1,86.01546,0.6163113015932572
8,18,GB,8,12,1,1,87.00921,0.6223307946417647
8,18,GB,8,12,1,1,88.01216,0.7032033585894129
8,18,GB,8,12,1,1,89.00884,0.6958363682919496
8,18,GB,8,12,1,1,90.01527,0.6768567508016798
8,18,GB,8,12,1,1,91.01823,0.740192692326937
8,18,GB,8,12,1,1,92.01326,0.7404289907802459
8,18,GB,8,12,1,1,93.0173,0.7037580538996542
8,18,GB,8,12,1,1,94.012,0.7078658152157182
8,18,GB,8,12,1,1,95.01615,0.6596175225919245
8,18,GB,8,12,1,1,96.01204,0.7206807323254639
8,18,GB,8,12,1,1,97.01764,0.7236059900280448
8,18,GB,8,12,1,1,98.0108,0.7263509684832242
8,18,GB,8,12,1,1,99.01787,0.7417360184459156
8,18,GB,8,12,1,1,100.0112,0.7417360184459156
8,18,GB,8,12,1,1,101.0159,0.7443645507443161
8,18,GB,8,12,1,1,102.0096,0.7417360184459156
8,18,GB,8,12,1,1,103.0159,0.7417360184459156
8,18,GB,8,12,1,1,104.0102,0.7765657415058684
8,18,GB,8,12,1,1,105.0157,0.8654780140340127
8,18,GB,8,12,1,1,106.0086,0.8765160646356948
8,18,GB,8,12,1,1,107.0142,0.8788842059285784
8,18,GB,8,12,1,1,108.009,0.8846082528175953
8,18,GB,8,12,1,1,109.0137,0.8974716879352197
8,18,GB,8,12,1,1,110.0089,0.8987315923837849
8,18,GB,8,12,1,1,111.0139,0.9111711789939024
8,18,GB,8,12,1,1,112.0085,0.9129464268463604
8,18,GB,8,12,1,1,113.0106,0.9135445946604558
8,18,GB,8,12,1,1,114.017,0.9111711789939024
8,18,GB,8,12,1,1,115.0134,0.9129464268463604
8,18,GB,8,12,1,1,116.0167,0.9111711789939024
8,18,GB,8,12,1,1,117.0123,0.9129464268463604
8,18,GB,8,12,1,1,118.0174,0.9283698393848724
8,18,GB,8,12,1,1,119.0114,0.929463309152503
8,18,GB,8,12,1,1,120.0172,0.9357628640441131
8,18,GB,8,12,1,1,121.0105,0.9384354004691969
8,18,GB,8,12,1,1,122.0162,0.9417412832175703
8,18,GB,8,12,1,1,123.0094,0.942492045423032
8,18,GB,8,12,1,1,124.015,0.9454129660765781
8,18,GB,8,12,1,1,125.0093,0.9415433398304017
8,18,GB,8,12,1,1,126.0151,0.9553408660069971
8,18,GB,8,12,1,1,127.0096,0.9668497733204376
8,18,GB,8,12,1,1,128.0141,0.9592446418514601
8,18,GB,8,12,1,1,129.0185,0.9644332959693354
8,18,GB,8,12,1,1,130.014,0.9635569023240832
8,18,GB,8,12,1,1,131.0189,0.9635569023240832
8,18,GB,8,12,1,1,132.0128,0.9640372690336382
8,18,GB,8,12,1,1,133.019,0.9615886078935818
8,18,GB,8,12,1,1,134.0107,0.9638068962495346
8,18,GB,8,12,1,1,135.0182,0.9611161090235845
8,18,GB,8,12,1,1,136.0107,0.9660788721490731
8,18,GB,8,12,1,1,137.0173,0.9575395411831941
8,18,GB,8,12,1,1,138.0118,0.9633739135539646
8,18,GB,8,12,1,1,139.0185,0.9632752352460735
8,18,GB,8,12,1,1,140.011,0.9637162206977956
8,18,GB,8,12,1,1,141.0155,0.9544888842680501
8,18,GB,8,12,1,1,142.0092,0.9632317291912624
8,18,GB,8,12,1,1,143.0148,0.9637591750470506
8,18,GB,8,12,1,1,144.0097,0.9631076865430931
8,18,GB,8,12,1,1,145.0158,0.9612203552792362
8,18,GB,8,12,1,1,146.009,0.961627367268435
8,18,GB,8,12,1,1,147.0147,0.960802226551878
8,18,GB,8,12,1,1,148.0176,0.961627367268435
8,18,GB,8,12,1,1,149.0135,0.9564713478297354
8,18,GB,8,12,1,1,150.0089,0.960802226551878
8,18,GB,8,12,1,1,151.0133,0.961627367268435
8,18,GB,8,12,1,1,152.0182,0.9525380984461486
8,18,GB,8,12,1,1,153.0136,0.9617302974369579
8,18,GB,8,12,1,1,154.0181,0.9523920190058134
8,18,GB,8,12,1,1,155.0128,0.9642840898627199
8,18,GB,8,12,1,1,156.0166,0.9635277080007718
8,18,GB,8,12,1,1,157.0118,0.9688340810939781
8,18,GB,8,12,1,1,158.0165,0.9759606826354996
8,18,GB,8,12,1,1,159.0093,0.9753386318099904
8,18,GB,8,12,1,1,160.0144,0.9748691211244288
8,18,GB,8,12,1,1,161.0088,0.98231799827438
8,18,GB,8,12,1,1,162.0157,0.9707155551091189
8,18,GB,8,12,1,1,163.0096,0.9667111911815868
8,18,GB,8,12,1,1,164.0156,0.971229790776662
8,18,GB,8,12,1,1,165.0181,0.9761433807677021
8,18,GB,8,12,1,1,166.015,0.9758078267855732
8,18,GB,8,12,1,1,167.0088,0.9761363806719076
8,18,GB,8,12,1,1,168.0134,0.9761363806719076
8,18,GB,8,12,1,1,169.0189,0.9670253917539995
8,18,GB,8,12,1,1,170.0132,0.9793429449346223
8,18,GB,8,12,1,1,171.0085,0.9790575918014282
8,18,GB,8,12,1,1,172.0134,0.9793429449346223
8,18,GB,8,12,1,1,173.0177,0.9793429449346223
8,18,GB,8,12,1,1,174.0111,0.9740931694308576
8,18,GB,8,12,1,1,175.0181,0.9743747547448081
8,18,GB,8,12,1,1,176.0109,0.9822853894320646
8,18,GB,8,12,1,1,177.017,0.9821245322359983
8,18,GB,8,12,1,1,178.011,0.9821245322359983
8,18,GB,8,12,1,1,179.0166,0.9822853894320646
8,18,GB,8,12,1,1,180.0093,0.9775027064709855
8,18,GB,8,12,1,1,181.0153,0.9866859085991146
8,18,GB,8,12,1,1,182.0092,0.9867025779223615
8,18,GB,8,12,1,1,183.0143,0.9869502928336273
8,18,GB,8,12,1,1,184.0083,0.9831637781376117
8,18,GB,8,12,1,1,185.0125,0.9864262119136767
8,18,GB,8,12,1,1,186.0095,0.9861224082135011
8,18,GB,8,12,1,1,187.0145,0.9861224082135011
8,18,GB,8,12,1,1,188.0086,0.9861224082135011
8,18,GB,8,12,1,1,189.0136,0.986434637367746
8,18,GB,8,12,1,1,190.0171,0.9891980132958602
8,18,GB,8,12,1,1,191.013,0.9891980132958602
8,18,GB,8,12,1,1,192.0174,0.9916537839378152
8,18,GB,8,12,1,1,193.0106,0.9891980132958602
8,18,GB,8,12,1,1,194.0183,0.9917487000754664
8,18,GB,8,12,1,1,195.011,0.9917033087921759
8,18,GB,8,12,1,1,196.0152,0.9912780304240405
8,18,GB,8,12,1,1,197.0104,0.9923615162514722
8,18,GB,8,12,1,1,198.0171,0.9923615162514722
8,18,GB,8,12,1,1,199.0101,0.9928965895859173
8,18,GB,8,12,1,1,200.0164,0.9928076972778767
8,18,GB,8,12,1,1,201.0086,0.9928965895859173
8,18,GB,8,12,1,1,202.0159,0.9928965895859173
8,18,GB,8,12,1,1,203.0097,0.9944427234007812
8,18,GB,8,12,1,1,204.015,0.9944427234007812
8,18,GB,8,12,1,1,205.0092,0.9933664209865583
8,18,GB,8,12,1,1,206.0141,0.9934484533925652
8,18,GB,8,12,1,1,207.008,0.9934484533925652
8,18,GB,8,12,1,1,208.0141,0.9933664209865583
8,18,GB,8,12,1,1,209.0079,0.9934484533925652
8,18,GB,8,12,1,1,210.0141,0.9934484533925652
8,18,GB,8,12,1,1,211.0173,0.9933664209865583
8,18,GB,8,12,1,1,212.0122,0.9934484533925652
8,18,GB,8,12,1,1,213.0178,0.9934484533925652
8,18,GB,8,12,1,1,214.0104,0.9933664209865583
8,18,GB,8,12,1,1,215.0173,0.9934484533925652
8,18,GB,8,12,1,1,216.0121,0.993175769537321
8,18,GB,8,12,1,1,217.016,0.9929964385856164
8,18,GB,8,12,1,1,218.0118,0.993175769537321
8,18,GB,8,12,1,1,219.017,0.9930903465835051
8,18,GB,8,12,1,1,220.0112,0.9935363399536804
8,18,GB,8,12,1,1,221.0145,0.9935363399536804
8,18,GB,8,12,1,1,222.0105,0.9934554007324954
8,18,GB,8,12,1,1,223.0154,0.9915314361107409
8,18,GB,8,12,1,1,224.0105,0.9934474044553323
8,18,GB,8,12,1,1,225.0148,0.9933109712785488
8,18,GB,8,12,1,1,226.0095,0.9932307909361678
8,18,GB,8,12,1,1,227.0143,0.9933109712785488
8,18,GB,8,12,1,1,228.0086,0.992853298304324
8,18,GB,8,12,1,1,229.0141,0.992937918202333
8,18,GB,8,12,1,1,230.0186,0.992853298304324
8,18,GB,8,12,1,1,231.0125,0.992937918202333
8,18,GB,8,12,1,1,232.0178,0.9924381479013031
8,18,GB,8,12,1,1,233.0099,0.9924381479013031
8,18,GB,8,12,1,1,234.0176,0.9924927846709479
8,18,GB,8,12,1,1,235.0116,0.9928374108057998
8,18,GB,8,12,1,1,236.0172,0.9929222174773317
8,18,GB,8,12,1,1,237.0101,0.9903195523851418
8,18,GB,8,12,1,1,238.0155,0.9904338838256931
8,18,GB,8,12,1,1,239.008,0.9903195523851418
8,18,GB,8,12,1,1,240.0153,0.9903195523851418
8,18,GB,8,12,1,1,241.0105,0.9901026569929917
8,18,GB,8,12,1,1,242.0131,0.9903195523851418
8,18,GB,8,12,1,1,243.0095,0.9903195523851418
8,18,GB,8,12,1,1,244.014,0.9904338838256931
8,18,GB,8,12,1,1,245.0085,0.9903813297477451
8,18,GB,8,12,1,1,246.0148,0.9867271712219902
8,18,GB,8,12,1,1,247.009,0.9911434781144968
8,18,GB,8,12,1,1,248.0144,0.9972797432119515
8,18,GB,8,12,1,1,249.0175,0.9973114994832845
8,18,GB,8,12,1,1,250.0134,0.9973114994832845
8,18,GB,8,12,1,1,251.0181,0.9973114994832845
8,18,GB,8,12,1,1,252.0121,0.9970815278681141
8,18,GB,8,12,1,1,253.0182,0.9960099617019523
8,18,GB,8,12,1,1,254.0107,0.9971177516845052
8,18,GB,8,12,1,1,255.0149,0.9971177516845052
8,18,GB,8,12,1,1,256.0111,0.9971142171176323
8,18,GB,8,12,1,1,257.0152,0.9960386559141952
8,18,GB,8,12,1,1,258.0106,0.9960898478413229
8,18,GB,8,12,1,1,259.0168,0.9971177516845052
8,18,GB,8,12,1,1,260.0113,0.9970815278681141
8,18,GB,8,12,1,1,261.0168,0.9960898478413229
8,18,GB,8,12,1,1,262.0091,0.9971205164665911
8,18,GB,8,12,1,1,263.015,0.9970815278681141
8,18,GB,8,12,1,1,264.0086,0.9971177516845052
8,18,GB,8,12,1,1,265.0153,0.9971177516845052
8,18,GB,8,12,1,1,266.0085,0.9970815278681141
8,18,GB,8,12,1,1,267.0125,0.9951890626438696
8,18,GB,8,12,1,1,268.0091,0.9962636282970248
8,18,GB,8,12,1,1,269.0128,0.9964708130278368
8,18,GB,8,12,1,1,270.0084,0.9955264274353115
8,18,GB,8,12,1,1,271.0146,0.9953710132334374
8,18,GB,8,12,1,1,272.0173,0.9954283704620159
8,18,GB,8,12,1,1,273.0097,0.9922689929641678
8,18,GB,8,12,1,1,274.0183,0.9952439448467617
8,18,GB,8,12,1,1,275.0115,0.9926790058854023
8,18,GB,8,12,1,1,276.0151,0.9931973701497535
8,18,GB,8,12,1,1,277.0096,0.9915005202683003
8,18,GB,8,12,1,1,278.0158,0.9906758910702922
8,18,GB,8,12,1,1,279.0106,0.9907860531103548
8,18,GB,8,12,1,1,280.0164,0.9906758910702922
8,18,GB,8,12,1,1,281.0103,0.9907860531103548
8,18,GB,8,12,1,1,282.0149,0.9906758910702922
8,18,GB,8,12,1,1,283.009,0.9907860531103548
8,18,GB,8,12,1,1,284.0134,0.9906758910702922
8,18,GB,8,12,1,1,285.0092,0.9906758910702922
8,18,GB,8,12,1,1,286.0143,0.9907860531103548
8,18,GB,8,12,1,1,287.0086,0.9906758910702922
8,18,GB,8,12,1,1,288.0116,0.9861508361558269
8,18,GB,8,12,1,1,289.0082,0.9859860392739582
8,18,GB,8,12,1,1,290.0127,0.9861508361558269
8,18,GB,8,12,1,1,291.0188,0.9859860392739582
8,18,GB,8,12,1,1,292.0116,0.9852105506717147
8,18,GB,8,12,1,1,293.0168,0.9853843317161097
8,18,GB,8,12,1,1,294.0131,0.9852105506717147
8,18,GB,8,12,1,1,295.0175,0.9853843317161097
8,18,GB,8,12,1,1,296.0116,0.9852105506717147
8,18,GB,8,12,1,1,297.0178,0.9852105506717147
8,18,GB,8,12,1,1,298.0087,0.9861508361558269
8,18,GB,8,12,1,1,299.016,0.9859860392739582
8,18,GB,8,12,1,1,300.0092,0.9865076245040025
8,18,GB,8,12,1,1,301.0147,0.9866663707602737
8,18,GB,18,30,0,0,0.0,0.00038644570124143316
8,18,GB,18,30,0,0,0.9999792,0.00020302422165197057
8,18,GB,18,30,0,0,2.004788,0.0004741813308227267
8,18,GB,18,30,0,0,2.99668,0.00046984136258280707
8,18,GB,18,30,0,0,4.00343,0.00035492505664897183
8,18,GB,18,30,0,0,4.997688,0.00020946088974505922
8,18,GB,18,30,0,0,6.001186,0.00017902871144643743
8,18,GB,18,30,0,0,6.998924,0.00046049485799668757
8,18,GB,18,30,0,0,8.00406,0.0005131148706009124
8,18,GB,18,30,0,0,8.995449,0.0008864443058534914
8,18,GB,18,30,0,0,10.00218,0.0006692346136283613
8,18,GB,18,30,0,0,11.00547,0.0004466487114882311
8,18,GB,18,30,0,0,12.00087,0.0006228593074529164
8,18,GB,18,30,0,0,12.9966,0.0008780261716314013
8,18,GB,18,30,0,0,14.00091,0.0009513004394886355
8,18,GB,18,30,0,0,15.00556,0.0009402858198543731
8,18,GB,18,30,0,0,16.00177,0.0006526030387814352
8,18,GB,18,30,0,0,17.00652,0.0005140941413820602
8,18,GB,18,30,0,0,17.99968,0.0006526030387814352
8,18,GB,18,30,0,0,19.00499,0.0006691775093280956
8,18,GB,18,30,0,0,20.00038,0.0008444566921935618
8,18,GB,18,30,0,0,21.00265,0.0008634498468716983
8,18,GB,18,30,0,0,21.99645,0.000807445341071215
8,18,GB,18,30,0,0,23.00518,0.0014944909533561395
8,18,GB,18,30,0,0,23.99806,0.0014491859977759885
8,18,GB,18,30,0,0,25.00475,0.009496836315834813
8,18,GB,18,30,0,0,25.99721,0.014727764597823637
8,18,GB,18,30,0,0,27.00311,0.01435225270244254
8,18,GB,18,30,0,0,27.99697,0.014040718353136977
8,18,GB,18,30,0,0,29.00288,0.015811213868048984
8,18,GB,18,30,0,0,29.99674,0.00927918739284512
8,18,GB,18,30,0,0,31.00117,0.014817346485871432
8,18,GB,18,30,0,0,31.99794,0.008573862646287457
8,18,GB,18,30,0,0,32.99901,0.004833852308526513
8,18,GB,18,30,0,0,34.00613,0.006138926272747438
8,18,GB,18,30,0,0,35.00093,0.007390581870473503
8,18,GB,18,30,0,0,35.99554,0.004819663742828879
8,18,GB,18,30,0,0,36.99783,0.007013574877949119
8,18,GB,18,30,0,0,38.00521,0.007666582922361511
8,18,GB,18,30,0,0,39.0009,0.007499065628823878
8,18,GB,18,30,0,0,40.0038,0.008098908851889873
8,18,GB,18,30,0,0,41.00013,0.008098908851889873
8,18,GB,18,30,0,0,42.00479,0.008098908851889873
8,18,GB,18,30,0,0,42.9991,0.005480091636837085
8,18,GB,18,30,0,0,44.00304,0.004417132196370106
8,18,GB,18,30,0,0,44.99727,0.004870642084928172
8,18,GB,18,30,0,0,46.00503,0.008240647442113674
8,18,GB,18,30,0,0,46.99549,0.008793801753428402
8,18,GB,18,30,0,0,48.00256,0.00790197449151277
8,18,GB,18,30,0,0,48.99692,0.004591862101693994
8,18,GB,18,30,0,0,50.00111,0.0062058619837317254
8,18,GB,18,30,0,0,50.99635,0.00599648549729856
8,18,GB,18,30,0,0,52.00238,0.003058165481199144
8,18,GB,18,30,0,0,52.99729,0.00023325498608450592
8,18,GB,18,30,0,0,54.00202,0.00015446381965137797
8,18,GB,18,30,0,0,54.99564,0.0001537440579346387
8,18,GB,18,30,0,0,55.99984,0.0001384323797288047
8,18,GB,18,30,0,0,57.00648,0.00015351180670613416
8,18,GB,18,30,0,0,58.00112,0.00015205956122851916
8,18,GB,18,30,0,0,59.00549,0.0002969656965321079
8,18,GB,18,30,0,0,60.00083,0.00032291537207756213
8,18,GB,18,30,0,0,60.99555,0.0003705105454321236
8,18,GB,18,30,0,0,61.99899,0.0003411757489129746
8,18,GB,18,30,0,0,63.00394,0.00047042180451023404
8,18,GB,18,30,0,0,63.99825,0.0003842389573487848
8,18,GB,18,30,0,0,65.00445,0.00035241190022452693
8,18,GB,18,30,0,0,65.99821,0.00026503645149745505
8,18,GB,18,30,0,0,67.00327,0.0002838782180193533
8,18,GB,18,30,0,0,67.99731,0.00031548230116574405
8,18,GB,18,30,0,0,69.00223,0.006200522941139515
8,18,GB,18,30,0,0,69.99654,0.009477885058099024
8,18,GB,18,30,0,0,71.00023,0.009765930283350694
8,18,GB,18,30,0,0,71.99614,0.008510770392055455
8,18,GB,18,30,0,0,73.00099,0.0065429899254496405
8,18,GB,18,30,0,0,73.99584,0.007177438920050913
8,18,GB,18,30,0,0,75.00096,0.009229438889168745
8,18,GB,18,30,0,0,76.00616,0.008372726431802157
8,18,GB,18,30,0,0,77.00009,0.009044270568191085
8,18,GB,18,30,0,0,78.0049,0.010217787867189247
8,18,GB,18,30,0,0,79.00005,0.010445397963053877
8,18,GB,18,30,0,0,80.00594,0.009682116491711867
8,18,GB,18,30,0,0,80.99896,0.010342946162004475
8,18,GB,18,30,0,0,82.00391,0.00971215651364749
8,18,GB,18,30,0,0,82.99937,0.010049722483448702
8,18,GB,18,30,0,0,84.00315,0.009909558337034474
8,18,GB,18,30,0,0,84.99638,0.00486583770887925
8,18,GB,18,30,0,0,86.00302,0.0036933749962812673
8,18,GB,18,30,0,0,86.99828,0.005106509846807452
8,18,GB,18,30,0,0,88.00369,0.005691560702648338
8,18,GB,18,30,0,0,88.99768,0.005222480840806191
8,18,GB,18,30,0,0,90.00156,0.0054297968948677465
8,18,GB,18,30,0,0,90.99709,0.005308563817907239
8,18,GB,18,30,0,0,92.00238,0.007845123296416295
8,18,GB,18,30,0,0,92.9968,0.007324884186613144
8,18,GB,18,30,0,0,94.00124,0.019441730307439255
8,18,GB,18,30,0,0,95.00658,0.03139632104121822
8,18,GB,18,30,0,0,96.00197,0.03994761929904605
8,18,GB,18,30,0,0,97.00596,0.0538777265195848
8,18,GB,18,30,0,0,98.00156,0.09803776593183323
8,18,GB,18,30,0,0,98.99548,0.10199243647478776
8,18,GB,18,30,0,0,100.0009,0.12781483630921384
8,18,GB,18,30,0,0,101.0066,0.14431234689818442
8,18,GB,18,30,0,0,102.0006,0.1319189557675258
8,18,LR,8,12,0,0,0.0110377,1.1791241072999256e-05
8,18,LR,8,12,0,0,1.010147,5.301444886536064e-05
8,18,LR,8,12,0,0,2.016094,0.0002872179118976679
8,18,LR,8,12,0,0,3.009745,0.0006129517889864645
8,18,LR,8,12,1,1,4.01616,0.0005926570526328175
8,18,LR,8,12,1,1,5.009424,0.0011173660071253143
8,18,LR,8,12,1,1,6.01379,0.001819012959992409
8,18,LR,8,12,1,1,7.008862,0.00225653317657457
8,18,LR,8,12,1,1,8.014355,0.002041843823871809
8,18,LR,8,12,1,1,9.019238,0.0023708240773218313
8,18,LR,8,12,1,1,10.01213,0.0029200301994684263
8,18,LR,8,12,1,1,11.0166,0.0034097904469683692
8,18,LR,8,12,1,1,12.01287,0.003981348837659606
8,18,LR,8,12,1,1,13.01876,0.003242972333562567
8,18,LR,8,12,1,1,14.01381,0.003956663829516222
8,18,LR,8,12,1,1,15.01681,0.0047194531201820815
8,18,LR,8,12,1,1,16.01281,0.004055736054035169
8,18,LR,8,12,1,1,17.01839,0.0060756023232289005
8,18,LR,8,12,1,1,18.01066,0.007003752356421839
8,18,LR,8,12,1,1,19.01831,0.008421954905899875
8,18,LR,8,12,1,1,20.01064,0.007363008984766047
8,18,LR,8,12,1,1,21.0165,0.008799997394865837
8,18,LR,8,12,1,1,22.01155,0.009732934023472774
8,18,LR,8,12,1,1,23.01568,0.009642675161478691
8,18,LR,8,12,1,1,24.0096,0.01107611607174086
8,18,LR,8,12,1,1,25.01568,0.00908863624209942
8,18,LR,8,12,1,1,26.00962,0.012062177730866446
8,18,LR,8,12,1,1,27.01536,0.013525056903689183
8,18,LR,8,12,1,1,28.0098,0.012578644723797671
8,18,LR,8,12,1,1,29.01463,0.015104107227706961
8,18,LR,8,12,1,1,30.0086,0.013505336278022135
8,18,LR,8,12,1,1,31.01355,0.01251481511478909
8,18,LR,8,12,1,1,32.01867,0.012391196189950403
8,18,LR,8,12,1,1,33.01118,0.014531097293154006
8,18,LR,8,12,1,1,34.01851,0.011711435118951103
8,18,LR,8,12,1,1,35.01208,0.017369221219193934
8,18,LR,8,12,1,1,36.01853,0.01792141169594642
8,18,LR,8,12,1,1,37.01241,0.02403299357265016
8,18,LR,8,12,1,1,38.01729,0.026170075146470236
8,18,LR,8,12,1,1,39.01123,0.0264517322556635
8,18,LR,8,12,1,1,40.0166,0.02997993887023847
8,18,LR,8,12,1,1,41.00916,0.03105106910795595
8,18,LR,8,12,1,1,42.01604,0.034604146807392544
8,18,LR,8,12,1,1,43.00914,0.035182576775808445
8,18,LR,8,12,1,1,44.01637,0.03878922033590105
8,18,LR,8,12,1,1,45.01945,0.04044725945957197
8,18,LR,8,12,1,1,46.01505,0.04206586683975502
8,18,LR,8,12,1,1,47.0084,0.041799952158077074
8,18,LR,8,12,1,1,48.01484,0.04226475763203178
8,18,LR,8,12,1,1,49.00824,0.04558790861142537
8,18,LR,8,12,1,1,50.01454,0.04281875354903466
8,18,LR,8,12,1,1,51.01845,0.04344095708824654
8,18,LR,8,12,1,1,52.01202,0.04137219840301827
8,18,LR,8,12,1,1,53.01875,0.044438952994533445
8,18,LR,8,12,1,1,54.01386,0.043594246077203934
8,18,LR,8,12,1,1,55.01745,0.044920408011827846
8,18,LR,8,12,1,1,56.01162,0.04251196358329005
8,18,LR,8,12,1,1,57.01839,0.04477230715032104
8,18,LR,8,12,1,1,58.01215,0.04214531710270855
8,18,LR,8,12,1,1,59.01632,0.043246743930508195
8,18,LR,8,12,1,1,60.01164,0.04505617309085914
8,18,LR,8,12,1,1,61.01605,0.04633955081433346
8,18,LR,8,12,1,1,62.01088,0.048090384390138595
8,18,LR,8,12,1,1,63.01574,0.05557559244960489
8,18,LR,8,12,1,1,64.0106,0.04006352334411106
8,18,LR,8,12,1,1,65.01489,0.057339160823857795
8,18,LR,8,12,1,1,66.00845,0.06127010959155697
8,18,LR,8,12,1,1,67.01373,0.069833723378623
8,18,LR,8,12,1,1,68.01971,0.07975040716725347
8,18,LR,8,12,1,1,69.01488,0.08437921050507034
8,18,LR,8,12,1,1,70.01777,0.09172588971065106
8,18,LR,8,12,1,1,71.01369,0.06971451222677015
8,18,LR,8,12,1,1,72.01964,0.11366272429137397
8,18,LR,8,12,1,1,73.01192,0.08456881579349812
8,18,LR,8,12,1,1,74.01961,0.12301664835686785
8,18,LR,8,12,1,1,75.01247,0.09150253973934998
8,18,LR,8,12,1,1,76.01733,0.14949400897044265
8,18,LR,8,12,1,1,77.01091,0.15551304903627902
8,18,LR,8,12,1,1,78.01698,0.16056171344131698
8,18,LR,8,12,1,1,79.01109,0.13087455353144833
8,18,LR,8,12,1,1,80.01685,0.18281382257563308
8,18,LR,8,12,1,1,81.01129,0.18936340349486352
8,18,LR,8,12,1,1,82.0164,0.20879226556487882
8,18,LR,8,12,1,1,83.00986,0.21526729014195797
8,18,LR,8,12,1,1,84.01507,0.2571216625827842
8,18,LR,8,12,1,1,85.0094,0.26616059357354854
8,18,LR,8,12,1,1,86.01546,0.22475718392894417
8,18,LR,8,12,1,1,87.00921,0.31319698864268836
8,18,LR,8,12,1,1,88.01216,0.2690826801528221
8,18,LR,8,12,1,1,89.00884,0.1911533370546154
8,18,LR,8,12,1,1,90.01527,0.3010608998069672
8,18,LR,8,12,1,1,91.01823,0.3137375215764922
8,18,LR,8,12,1,1,92.01326,0.3231337167117805
8,18,LR,8,12,1,1,93.0173,0.3458702556124691
8,18,LR,8,12,1,1,94.012,0.3688212022935313
8,18,LR,8,12,1,1,95.01615,0.37597743489509117
8,18,LR,8,12,1,1,96.01204,0.38277532307914175
8,18,LR,8,12,1,1,97.01764,0.32724906340827903
8,18,LR,8,12,1,1,98.0108,0.41597051754793857
8,18,LR,8,12,1,1,99.01787,0.437619526164726
8,18,LR,8,12,1,1,100.0112,0.4440265465358338
8,18,LR,8,12,1,1,101.0159,0.4756121937514151
8,18,LR,8,12,1,1,102.0096,0.4835120576858234
8,18,LR,8,12,1,1,103.0159,0.5059878715160767
8,18,LR,8,12,1,1,104.0102,0.5200732033381233
8,18,LR,8,12,1,1,105.0157,0.5450513395200851
8,18,LR,8,12,1,1,106.0086,0.5348963374040047
8,18,LR,8,12,1,1,107.0142,0.5643588493746102
8,18,LR,8,12,1,1,108.009,0.5730504088285411
8,18,LR,8,12,1,1,109.0137,0.5886214612756744
8,18,LR,8,12,1,1,110.0089,0.5988570018122258
8,18,LR,8,12,1,1,111.0139,0.6082571678985487
8,18,LR,8,12,1,1,112.0085,0.616904156004476
8,18,LR,8,12,1,1,113.0106,0.6406400911107658
8,18,LR,8,12,1,1,114.017,0.5534783410199732
8,18,LR,8,12,1,1,115.0134,0.6609316291556482
8,18,LR,8,12,1,1,116.0167,0.6829287853082641
8,18,LR,8,12,1,1,117.0123,0.7003345849722175
8,18,LR,8,12,1,1,118.0174,0.6382678547101769
8,18,LR,8,12,1,1,119.0114,0.6599776820893478
8,18,LR,8,12,1,1,120.0172,0.6937382533317558
8,18,LR,8,12,1,1,121.0105,0.6950283122386466
8,18,LR,8,12,1,1,122.0162,0.7345666136355024
8,18,LR,8,12,1,1,123.0094,0.7397524436426586
8,18,LR,8,12,1,1,124.015,0.7704145468853603
8,18,LR,8,12,1,1,125.0093,0.7876993304099219
8,18,LR,8,12,1,1,126.0151,0.7692998008312654
8,18,LR,8,12,1,1,127.0096,0.7406967651968046
8,18,LR,8,12,1,1,128.0141,0.7455992966526616
8,18,LR,8,12,1,1,129.0185,0.8177772133981703
8,18,LR,8,12,1,1,130.014,0.8249741241296874
8,18,LR,8,12,1,1,131.0189,0.8300002467950741
8,18,LR,8,12,1,1,132.0128,0.8448190018632512
8,18,LR,8,12,1,1,133.019,0.8564598151943454
8,18,LR,8,12,1,1,134.0107,0.8491363654538069
8,18,LR,8,12,1,1,135.0182,0.8533628816766323
8,18,LR,8,12,1,1,136.0107,0.855546404332
8,18,LR,8,12,1,1,137.0173,0.8586328487024586
8,18,LR,8,12,1,1,138.0118,0.8503065457004888
8,18,LR,8,12,1,1,139.0185,0.8113468844100526
8,18,LR,8,12,1,1,140.011,0.8548013000361269
8,18,LR,8,12,1,1,141.0155,0.8553444249032323
8,18,LR,8,12,1,1,142.0092,0.7838361265864477
8,18,LR,8,12,1,1,143.0148,0.8374437876186508
8,18,LR,8,12,1,1,144.0097,0.8440904346680586
8,18,LR,8,12,1,1,145.0158,0.7760699875757219
8,18,LR,8,12,1,1,146.009,0.8428010421332989
8,18,LR,8,12,1,1,147.0147,0.8413759031891219
8,18,LR,8,12,1,1,148.0176,0.8396415632564288
8,18,LR,8,12,1,1,149.0135,0.8331649777269418
8,18,LR,8,12,1,1,150.0089,0.8304606966478633
8,18,LR,8,12,1,1,151.0133,0.8351464771466446
8,18,LR,8,12,1,1,152.0182,0.8394586301148561
8,18,LR,8,12,1,1,153.0136,0.8329378101610492
8,18,LR,8,12,1,1,154.0181,0.8435076881868555
8,18,LR,8,12,1,1,155.0128,0.8542486054726822
8,18,LR,8,12,1,1,156.0166,0.8657655242747423
8,18,LR,8,12,1,1,157.0118,0.8510556277188347
8,18,LR,8,12,1,1,158.0165,0.8682268316691996
8,18,LR,8,12,1,1,159.0093,0.8776526577699764
8,18,LR,8,12,1,1,160.0144,0.8895466195652696
8,18,LR,8,12,1,1,161.0088,0.8963784689978201
8,18,LR,8,12,1,1,162.0157,0.9058639368404795
8,18,LR,8,12,1,1,163.0096,0.9077942898242246
8,18,LR,8,12,1,1,164.0156,0.9190290437137499
8,18,LR,8,12,1,1,165.0181,0.9216356491068216
8,18,LR,8,12,1,1,166.015,0.9294348703787979
8,18,LR,8,12,1,1,167.0088,0.9348725010448402
8,18,LR,8,12,1,1,168.0134,0.9442529834043426
8,18,LR,8,12,1,1,169.0189,0.9474683664137068
8,18,LR,8,12,1,1,170.0132,0.9469384697998172
8,18,LR,8,12,1,1,171.0085,0.9532424316164697
8,18,LR,8,12,1,1,172.0134,0.9593024733739967
8,18,LR,8,12,1,1,173.0177,0.9636735658807002
8,18,LR,8,12,1,1,174.0111,0.9659508080891615
8,18,LR,8,12,1,1,175.0181,0.9694355975538833
8,18,LR,8,12,1,1,176.0109,0.9589875527681071
8,18,LR,8,12,1,1,177.017,0.9748492141453234
8,18,LR,8,12,1,1,178.011,0.9772444885358532
8,18,LR,8,12,1,1,179.0166,0.981493552784202
8,18,LR,8,12,1,1,180.0093,0.9830809309216868
8,18,LR,8,12,1,1,181.0153,0.9842238828698582
8,18,LR,8,12,1,1,182.0092,0.9850770146897909
8,18,LR,8,12,1,1,183.0143,0.9865090876480678
8,18,LR,8,12,1,1,184.0083,0.9878056989397908
8,18,LR,8,12,1,1,185.0125,0.9892989746158599
8,18,LR,8,12,1,1,186.0095,0.9902162944821952
8,18,LR,8,12,1,1,187.0145,0.9911406254223489
8,18,LR,8,12,1,1,188.0086,0.9919222193146413
8,18,LR,8,12,1,1,189.0136,0.9928943120394914
8,18,LR,8,12,1,1,190.0171,0.9934590487728755
8,18,LR,8,12,1,1,191.013,0.9938753187400821
8,18,LR,8,12,1,1,192.0174,0.9945227960257957
8,18,LR,8,12,1,1,193.0106,0.994584480212251
8,18,LR,8,12,1,1,194.0183,0.9955050268656028
8,18,LR,8,12,1,1,195.011,0.9898615732544193
8,18,LR,8,12,1,1,196.0152,0.984430334787346
8,18,LR,8,12,1,1,197.0104,0.9922877483894822
8,18,LR,8,12,1,1,198.0171,0.9927015306962005
8,18,LR,8,12,1,1,199.0101,0.9932759600573012
8,18,LR,8,12,1,1,200.0164,0.9939861961886305
8,18,LR,8,12,1,1,201.0086,0.9943734950113455
8,18,LR,8,12,1,1,202.0159,0.993988273433011
8,18,LR,8,12,1,1,203.0097,0.9938554297562069
8,18,LR,8,12,1,1,204.015,0.9919974253052624
8,18,LR,8,12,1,1,205.0092,0.9941087173380276
8,18,LR,8,12,1,1,206.0141,0.9941092285291582
8,18,LR,8,12,1,1,207.008,0.993337333573046
8,18,LR,8,12,1,1,208.0141,0.9956403028780358
8,18,LR,8,12,1,1,209.0079,0.995742556723636
8,18,LR,8,12,1,1,210.0141,0.995595767406672
8,18,LR,8,12,1,1,211.0173,0.9959811662211937
8,18,LR,8,12,1,1,212.0122,0.9965206141530648
8,18,LR,8,12,1,1,213.0178,0.9967251359208267
8,18,LR,8,12,1,1,214.0104,0.9969037651187103
8,18,LR,8,12,1,1,215.0173,0.9969618864011416
8,18,LR,8,12,1,1,216.0121,0.9956258253009738
8,18,LR,8,12,1,1,217.016,0.9973344370440868
8,18,LR,8,12,1,1,218.0118,0.9974919660626621
8,18,LR,8,12,1,1,219.017,0.9975742971764859
8,18,LR,8,12,1,1,220.0112,0.9977230272088542
8,18,LR,8,12,1,1,221.0145,0.9972151062609609
8,18,LR,8,12,1,1,222.0105,0.9981771617771454
8,18,LR,8,12,1,1,223.0154,0.9983376020376399
8,18,LR,8,12,1,1,224.0105,0.998514222244828
8,18,LR,8,12,1,1,225.0148,0.997438859728716
8,18,LR,8,12,1,1,226.0095,0.9977241563361745
8,18,LR,8,12,1,1,227.0143,0.9979923075815111
8,18,LR,8,12,1,1,228.0086,0.9981708363155891
8,18,LR,8,12,1,1,229.0141,0.9983376799663746
8,18,LR,8,12,1,1,230.0186,0.9985333821564754
8,18,LR,8,12,1,1,231.0125,0.9979597831347572
8,18,LR,8,12,1,1,232.0178,0.9987533608849842
8,18,LR,8,12,1,1,233.0099,0.9988259372993737
8,18,LR,8,12,1,1,234.0176,0.999024181806801
8,18,LR,8,12,1,1,235.0116,0.9991039663524298
8,18,LR,8,12,1,1,236.0172,0.9991979335848261
8,18,LR,8,12,1,1,237.0101,0.9993158884164072
8,18,LR,8,12,1,1,238.0155,0.9990869971320269
8,18,LR,8,12,1,1,239.008,0.9994179094789224
8,18,LR,8,12,1,1,240.0153,0.999497926033651
8,18,LR,8,12,1,1,241.0105,0.9995593456399551
8,18,LR,8,12,1,1,242.0131,0.9995937912993705
8,18,LR,8,12,1,1,243.0095,0.9996396523564176
8,18,LR,8,12,1,1,244.014,0.9996913666212186
8,18,LR,8,12,1,1,245.0085,0.9991932810955378
8,18,LR,8,12,1,1,246.0148,0.9989657665739566
8,18,LR,8,12,1,1,247.009,0.9995317186323645
8,18,LR,8,12,1,1,248.0144,0.9995374862428223
8,18,LR,8,12,1,1,249.0175,0.9995283740001698
8,18,LR,8,12,1,1,250.0134,0.999534435152148
8,18,LR,8,12,1,1,251.0181,0.9993257791147584
8,18,LR,8,12,1,1,252.0121,0.9995378159178749
8,18,LR,8,12,1,1,253.0182,0.9995634857094331
8,18,LR,8,12,1,1,254.0107,0.9995167215697618
8,18,LR,8,12,1,1,255.0149,0.9995138458648626
8,18,LR,8,12,1,1,256.0111,0.9992765890499947
8,18,LR,8,12,1,1,257.0152,0.9994669751198965
8,18,LR,8,12,1,1,258.0106,0.999452572184408
8,18,LR,8,12,1,1,259.0168,0.9994120309334392
8,18,LR,8,12,1,1,260.0113,0.9993998854900622
8,18,LR,8,12,1,1,261.0168,0.9994264434276455
8,18,LR,8,12,1,1,262.0091,0.9993295886631555
8,18,LR,8,12,1,1,263.015,0.999320117345493
8,18,LR,8,12,1,1,264.0086,0.9992754867722888
8,18,LR,8,12,1,1,265.0153,0.9991607508940111
8,18,LR,8,12,1,1,266.0085,0.9991282352854719
8,18,LR,8,12,1,1,267.0125,0.9990429177843904
8,18,LR,8,12,1,1,268.0091,0.9984053422163286
8,18,LR,8,12,1,1,269.0128,0.9989557363358551
8,18,LR,8,12,1,1,270.0084,0.9988340260470554
8,18,LR,8,12,1,1,271.0146,0.9987639342764919
8,18,LR,8,12,1,1,272.0173,0.998678846901637
8,18,LR,8,12,1,1,273.0097,0.9977376471203031
8,18,LR,8,12,1,1,274.0183,0.9985206930427285
8,18,LR,8,12,1,1,275.0115,0.9975625666799303
8,18,LR,8,12,1,1,276.0151,0.9974993579538111
8,18,LR,8,12,1,1,277.0096,0.9972665013568351
8,18,LR,8,12,1,1,278.0158,0.9976106935076164
8,18,LR,8,12,1,1,279.0106,0.99749273430475
8,18,LR,8,12,1,1,280.0164,0.9976906737732432
8,18,LR,8,12,1,1,281.0103,0.9976446188262672
8,18,LR,8,12,1,1,282.0149,0.9976221214542292
8,18,LR,8,12,1,1,283.009,0.9975913386473443
8,18,LR,8,12,1,1,284.0134,0.9976831712750882
8,18,LR,8,12,1,1,285.0092,0.9969214304343907
8,18,LR,8,12,1,1,286.0143,0.9977512339990555
8,18,LR,8,12,1,1,287.0086,0.9975890656118354
8,18,LR,8,12,1,1,288.0116,0.9975329107584228
8,18,LR,8,12,1,1,289.0082,0.997403766530978
8,18,LR,8,12,1,1,290.0127,0.9973389040272819
8,18,LR,8,12,1,1,291.0188,0.9974645209902556
8,18,LR,8,12,1,1,292.0116,0.9972541715223217
8,18,LR,8,12,1,1,293.0168,0.9972834776143175
8,18,LR,8,12,1,1,294.0131,0.9972985859822242
8,18,LR,8,12,1,1,295.0175,0.9966260789071109
8,18,LR,8,12,1,1,296.0116,0.9973062016077484
8,18,LR,8,12,1,1,297.0178,0.9974851789523073
8,18,LR,8,12,1,1,298.0087,0.9974866452413285
8,18,LR,8,12,1,1,299.016,0.9976265320814404
8,18,LR,8,12,1,1,300.0092,0.9978548495735816
8,18,LR,8,12,1,1,301.0147,0.9981607764949457
8,18,LR,18,30,0,0,0.0,0.03915682099445802
8,18,LR,18,30,0,0,0.9999792,0.004164438939445278
8,18,LR,18,30,0,0,2.004788,0.012858987643234013
8,18,LR,18,30,0,0,2.99668,0.014230026613831699
8,18,LR,18,30,0,0,4.00343,0.011369687356628948
8,18,LR,18,30,0,0,4.997688,0.017065433869282463
8,18,LR,18,30,0,0,6.001186,0.02683092443152586
8,18,LR,18,30,0,0,6.998924,0.0363674988336738
8,18,LR,18,30,0,0,8.00406,0.031000869805198353
8,18,LR,18,30,0,0,8.995449,0.03477373879960421
8,18,LR,18,30,0,0,10.00218,0.04510689945882989
8,18,LR,18,30,0,0,11.00547,0.05274294740435465
8,18,LR,18,30,0,0,12.00087,0.041443747638586846
8,18,LR,18,30,0,0,12.9966,0.04902049238955149
8,18,LR,18,30,0,0,14.00091,0.04242003176543703
8,18,LR,18,30,0,0,15.00556,0.061125243820814225
8,18,LR,18,30,0,0,16.00177,0.05307834385949538
8,18,LR,18,30,0,0,17.00652,0.06384304373900268
8,18,LR,18,30,0,0,17.99968,0.05416593636493908
8,18,LR,18,30,0,0,19.00499,0.05839190716180931
8,18,LR,18,30,0,0,20.00038,0.05299319293461679
8,18,LR,18,30,0,0,21.00265,0.05799182074635954
8,18,LR,18,30,0,0,21.99645,0.06823125896450084
8,18,LR,18,30,0,0,23.00518,0.06525230511552924
8,18,LR,18,30,0,0,23.99806,0.07871977063487036
8,18,LR,18,30,0,0,25.00475,0.08448078235425345
8,18,LR,18,30,0,0,25.99721,0.08295243606999406
8,18,LR,18,30,0,0,27.00311,0.09356868177376418
8,18,LR,18,30,0,0,27.99697,0.09015933935929948
8,18,LR,18,30,0,0,29.00288,0.13831344255013123
8,18,LR,18,30,0,0,29.99674,0.018655920858457964
8,18,LR,18,30,0,0,31.00117,0.02558640828538486
8,18,LR,18,30,0,0,31.99794,0.02707221418972745
8,18,LR,18,30,0,0,32.99901,0.030331490124290175
8,18,LR,18,30,0,0,34.00613,0.039425949197758894
8,18,LR,18,30,0,0,35.00093,0.03066026628495361
8,18,LR,18,30,0,0,35.99554,0.03220391395407742
8,18,LR,18,30,0,0,36.99783,0.034948690798507584
8,18,LR,18,30,0,0,38.00521,0.036556820257317546
8,18,LR,18,30,0,0,39.0009,0.037173224288325646
8,18,LR,18,30,0,0,40.0038,0.039952832371330724
8,18,LR,18,30,0,0,41.00013,0.04269239984776952
8,18,LR,18,30,0,0,42.00479,0.044816746721236325
8,18,LR,18,30,0,0,42.9991,0.046093859719893354
8,18,LR,18,30,0,0,44.00304,0.048530130779250814
8,18,LR,18,30,0,0,44.99727,0.04917295073169949
8,18,LR,18,30,0,0,46.00503,0.05155623464005198
8,18,LR,18,30,0,0,46.99549,0.05931906007843046
8,18,LR,18,30,0,0,48.00256,0.05213684432998874
8,18,LR,18,30,0,0,48.99692,0.08163361024085863
8,18,LR,18,30,0,0,50.00111,0.07505328957575162
8,18,LR,18,30,0,0,50.99635,0.049568924672826524
8,18,LR,18,30,0,0,52.00238,0.06922068404504932
8,18,LR,18,30,0,0,52.99729,0.07003018088733255
8,18,LR,18,30,0,0,54.00202,0.0726042274658982
8,18,LR,18,30,0,0,54.99564,0.050770746768898485
8,18,LR,18,30,0,0,55.99984,0.07636256806426661
8,18,LR,18,30,0,0,57.00648,0.08232595687010423
8,18,LR,18,30,0,0,58.00112,0.0849400691825203
8,18,LR,18,30,0,0,59.00549,0.05658291334964617
8,18,LR,18,30,0,0,60.00083,0.0873593790065966
8,18,LR,18,30,0,0,60.99555,0.08620027336413787
8,18,LR,18,30,0,0,61.99899,0.05881174194515727
8,18,LR,18,30,0,0,63.00394,0.08906332849165308
8,18,LR,18,30,0,0,63.99825,0.08899878278188268
8,18,LR,18,30,0,0,65.00445,0.06323118233311834
8,18,LR,18,30,0,0,65.99821,0.09213988555672326
8,18,LR,18,30,0,0,67.00327,0.0973155525702428
8,18,LR,18,30,0,0,67.99731,0.07513245069506078
8,18,LR,18,30,0,0,69.00223,0.09732944813168629
8,18,LR,18,30,0,0,69.99654,0.09764694779869602
8,18,LR,18,30,0,0,71.00023,0.10273701841016669
8,18,LR,18,30,0,0,71.99614,0.10426574700673188
8,18,LR,18,30,0,0,73.00099,0.10637949726805682
8,18,LR,18,30,0,0,73.99584,0.1132623419679189
8,18,LR,18,30,0,0,75.00096,0.09386027729374302
8,18,LR,18,30,0,0,76.00616,0.1303954948941213
8,18,LR,18,30,0,0,77.00009,0.14231463696850236
8,18,LR,18,30,0,0,78.0049,0.15926756644613202
8,18,LR,18,30,0,0,79.00005,0.12455934523065687
8,18,LR,18,30,0,0,80.00594,0.181154296009544
8,18,LR,18,30,0,0,80.99896,0.15048504809644409
8,18,LR,18,30,0,0,82.00391,0.19766209970211354
8,18,LR,18,30,0,0,82.99937,0.21144082241605802
8,18,LR,18,30,0,0,84.00315,0.23573999761821313
8,18,LR,18,30,0,0,84.99638,0.22966854598039585
8,18,LR,18,30,0,0,86.00302,0.16107166439806958
8,18,LR,18,30,0,0,86.99828,0.23865477529323217
8,18,LR,18,30,0,0,88.00369,0.18789661803820393
8,18,LR,18,30,0,0,88.99768,0.17991084490434137
8,18,LR,18,30,0,0,90.00156,0.22126406815844266
8,18,LR,18,30,0,0,90.99709,0.34010147764267734
8,18,LR,18,30,0,0,92.00238,0.2705268985459694
8,18,LR,18,30,0,0,92.9968,0.21895619648244485
8,18,LR,18,30,0,0,94.00124,0.30476114782765895
8,18,LR,18,30,0,0,95.00658,0.32005732616594135
8,18,LR,18,30,0,0,96.00197,0.3441364143433791
8,18,LR,18,30,0,0,97.00596,0.37208395156747115
8,18,LR,18,30,0,0,98.00156,0.39864118435136414
8,18,LR,18,30,0,0,98.99548,0.40728436316595
8,18,LR,18,30,0,0,100.0009,0.44083058929864155
8,18,LR,18,30,0,0,101.0066,0.45757936299609414
8,18,LR,18,30,0,0,102.0006,0.47826547097743966
8,18,MLP,8,12,0,0,0.0110377,5.755873543820727e-07
8,18,MLP,8,12,0,0,1.010147,0.0002098318494372746
8,18,MLP,8,12,0,0,2.016094,0.0012767788078402573
8,18,MLP,8,12,0,0,3.009745,0.0028163796293226855
8,18,MLP,8,12,1,1,4.01616,0.002201545841622688
8,18,MLP,8,12,1,1,5.009424,0.0066276640173096564
8,18,MLP,8,12,1,1,6.01379,0.011381730376116174
8,18,MLP,8,12,1,1,7.008862,0.017621152033550854
8,18,MLP,8,12,1,1,8.014355,0.010032990941630732
8,18,MLP,8,12,1,1,9.019238,0.015385848945717507
8,18,MLP,8,12,1,1,10.01213,0.016444416826667755
8,18,MLP,8,12,1,1,11.0166,0.026400773432488728
8,18,MLP,8,12,1,1,12.01287,0.02535747716174573
8,18,MLP,8,12,1,1,13.01876,0.01946074331691969
8,18,MLP,8,12,1,1,14.01381,0.024569189249888105
8,18,MLP,8,12,1,1,15.01681,0.03423939994582696
8,18,MLP,8,12,1,1,16.01281,0.026753489564123687
8,18,MLP,8,12,1,1,17.01839,0.038268877108044115
8,18,MLP,8,12,1,1,18.01066,0.04052843145903521
8,18,MLP,8,12,1,1,19.01831,0.05491193034255077
8,18,MLP,8,12,1,1,20.01064,0.05116827968710563
8,18,MLP,8,12,1,1,21.0165,0.04588888597466009
8,18,MLP,8,12,1,1,22.01155,0.05332510243705088
8,18,MLP,8,12,1,1,23.01568,0.030328387023896144
8,18,MLP,8,12,1,1,24.0096,0.07455325222685585
8,18,MLP,8,12,1,1,25.01568,0.048454748160297524
8,18,MLP,8,12,1,1,26.00962,0.06139656753111919
8,18,MLP,8,12,1,1,27.01536,0.0687681260688749
8,18,MLP,8,12,1,1,28.0098,0.06115071346833791
8,18,MLP,8,12,1,1,29.01463,0.061501449097827045
8,18,MLP,8,12,1,1,30.0086,0.06849914466259654
8,18,MLP,8,12,1,1,31.01355,0.07926965648350816
8,18,MLP,8,12,1,1,32.01867,0.07087294061303546
8,18,MLP,8,12,1,1,33.01118,0.0702740441325683
8,18,MLP,8,12,1,1,34.01851,0.07630458001659884
8,18,MLP,8,12,1,1,35.01208,0.34385312921337047
8,18,MLP,8,12,1,1,36.01853,0.252910078865433
8,18,MLP,8,12,1,1,37.01241,0.268689529451134
8,18,MLP,8,12,1,1,38.01729,0.28096597326182915
8,18,MLP,8,12,1,1,39.01123,0.2775950858738571
8,18,MLP,8,12,1,1,40.0166,0.2836209312938605
8,18,MLP,8,12,1,1,41.00916,0.3175762071995794
8,18,MLP,8,12,1,1,42.01604,0.31578655096549485
8,18,MLP,8,12,1,1,43.00914,0.32329094706109085
8,18,MLP,8,12,1,1,44.01637,0.330927760810721
8,18,MLP,8,12,1,1,45.01945,0.33526965436735906
8,18,MLP,8,12,1,1,46.01505,0.27087427242061685
8,18,MLP,8,12,1,1,47.0084,0.30903154231982527
8,18,MLP,8,12,1,1,48.01484,0.19874221046716833
8,18,MLP,8,12,1,1,49.00824,0.3149129449535348
8,18,MLP,8,12,1,1,50.01454,0.2877154422344099
8,18,MLP,8,12,1,1,51.01845,0.3077072849054703
8,18,MLP,8,12,1,1,52.01202,0.2718459502763643
8,18,MLP,8,12,1,1,53.01875,0.2951231667130897
8,18,MLP,8,12,1,1,54.01386,0.28889618299342334
8,18,MLP,8,12,1,1,55.01745,0.27773209634307827
8,18,MLP,8,12,1,1,56.01162,0.26192126743751565
8,18,MLP,8,12,1,1,57.01839,0.3019656178936739
8,18,MLP,8,12,1,1,58.01215,0.25156828464557185
8,18,MLP,8,12,1,1,59.01632,0.259367216295029
8,18,MLP,8,12,1,1,60.01164,0.2918008289768318
8,18,MLP,8,12,1,1,61.01605,0.27379155181291925
8,18,MLP,8,12,1,1,62.01088,0.2583381067303705
8,18,MLP,8,12,1,1,63.01574,0.2836038262856134
8,18,MLP,8,12,1,1,64.0106,0.21794391917969666
8,18,MLP,8,12,1,1,65.01489,0.29454845194467255
8,18,MLP,8,12,1,1,66.00845,0.28447547849309274
8,18,MLP,8,12,1,1,67.01373,0.28499435226603403
8,18,MLP,8,12,1,1,68.01971,0.31068751221465857
8,18,MLP,8,12,1,1,69.01488,0.2779269706563341
8,18,MLP,8,12,1,1,70.01777,0.3427260882751515
8,18,MLP,8,12,1,1,71.01369,0.21822997608135677
8,18,MLP,8,12,1,1,72.01964,0.3477873624026262
8,18,MLP,8,12,1,1,73.01192,0.14471150283296427
8,18,MLP,8,12,1,1,74.01961,0.35086027962268623
8,18,MLP,8,12,1,1,75.01247,0.31264528379493967
8,18,MLP,8,12,1,1,76.01733,0.4600413977907915
8,18,MLP,8,12,1,1,77.01091,0.40861339613297265
8,18,MLP,8,12,1,1,78.01698,0.4497466283158198
8,18,MLP,8,12,1,1,79.01109,0.30101056093666967
8,18,MLP,8,12,1,1,80.01685,0.49963569353481274
8,18,MLP,8,12,1,1,81.01129,0.5342312465026761
8,18,MLP,8,12,1,1,82.0164,0.5502293428292276
8,18,MLP,8,12,1,1,83.00986,0.5685777734875346
8,18,MLP,8,12,1,1,84.01507,0.545209405681666
8,18,MLP,8,12,1,1,85.0094,0.6082248852379183
8,18,MLP,8,12,1,1,86.01546,0.4418065223817978
8,18,MLP,8,12,1,1,87.00921,0.627178640849562
8,18,MLP,8,12,1,1,88.01216,0.6323604330209072
8,18,MLP,8,12,1,1,89.00884,0.5852140142729189
8,18,MLP,8,12,1,1,90.01527,0.6810402048098882
8,18,MLP,8,12,1,1,91.01823,0.6186641898761115
8,18,MLP,8,12,1,1,92.01326,0.6812212256622994
8,18,MLP,8,12,1,1,93.0173,0.6435413596234291
8,18,MLP,8,12,1,1,94.012,0.6995435541020435
8,18,MLP,8,12,1,1,95.01615,0.6703798519448191
8,18,MLP,8,12,1,1,96.01204,0.6754342202820768
8,18,MLP,8,12,1,1,97.01764,0.5707930046529721
8,18,MLP,8,12,1,1,98.0108,0.7146512137490177
8,18,MLP,8,12,1,1,99.01787,0.7075607044647297
8,18,MLP,8,12,1,1,100.0112,0.7265006267166169
8,18,MLP,8,12,1,1,101.0159,0.7298995664992362
8,18,MLP,8,12,1,1,102.0096,0.7070549874360824
8,18,MLP,8,12,1,1,103.0159,0.6898273034059493
8,18,MLP,8,12,1,1,104.0102,0.5895111681172018
8,18,MLP,8,12,1,1,105.0157,0.6732594413473433
8,18,MLP,8,12,1,1,106.0086,0.6280584599949581
8,18,MLP,8,12,1,1,107.0142,0.7166138804475776
8,18,MLP,8,12,1,1,108.009,0.733778519530168
8,18,MLP,8,12,1,1,109.0137,0.7427155573239693
8,18,MLP,8,12,1,1,110.0089,0.7369622294026955
8,18,MLP,8,12,1,1,111.0139,0.7206866264008625
8,18,MLP,8,12,1,1,112.0085,0.7303579713669356
8,18,MLP,8,12,1,1,113.0106,0.6950208187235766
8,18,MLP,8,12,1,1,114.017,0.6349623657736632
8,18,MLP,8,12,1,1,115.0134,0.7264288309110227
8,18,MLP,8,12,1,1,116.0167,0.6881212805539637
8,18,MLP,8,12,1,1,117.0123,0.6659641070311952
8,18,MLP,8,12,1,1,118.0174,0.6952855065204283
8,18,MLP,8,12,1,1,119.0114,0.7558608679651707
8,18,MLP,8,12,1,1,120.0172,0.7595828676064209
8,18,MLP,8,12,1,1,121.0105,0.7545420319388861
8,18,MLP,8,12,1,1,122.0162,0.7401239283687161
8,18,MLP,8,12,1,1,123.0094,0.8095698117338738
8,18,MLP,8,12,1,1,124.015,0.7939521635526638
8,18,MLP,8,12,1,1,125.0093,0.6866057861914812
8,18,MLP,8,12,1,1,126.0151,0.7358863697431808
8,18,MLP,8,12,1,1,127.0096,0.6522882292992559
8,18,MLP,8,12,1,1,128.0141,0.6223673403413751
8,18,MLP,8,12,1,1,129.0185,0.6812350165450057
8,18,MLP,8,12,1,1,130.014,0.7446020801532253
8,18,MLP,8,12,1,1,131.0189,0.6926838033141162
8,18,MLP,8,12,1,1,132.0128,0.7539282696644805
8,18,MLP,8,12,1,1,133.019,0.7366020927552596
8,18,MLP,8,12,1,1,134.0107,0.7394797149595703
8,18,MLP,8,12,1,1,135.0182,0.7258081188757638
8,18,MLP,8,12,1,1,136.0107,0.7055181088314152
8,18,MLP,8,12,1,1,137.0173,0.7399524162372888
8,18,MLP,8,12,1,1,138.0118,0.7447298620912358
8,18,MLP,8,12,1,1,139.0185,0.6576674112386615
8,18,MLP,8,12,1,1,140.011,0.6915791588876858
8,18,MLP,8,12,1,1,141.0155,0.7601193441762345
8,18,MLP,8,12,1,1,142.0092,0.6684661756141358
8,18,MLP,8,12,1,1,143.0148,0.7641417455710457
8,18,MLP,8,12,1,1,144.0097,0.7583761990593624
8,18,MLP,8,12,1,1,145.0158,0.7150170882996816
8,18,MLP,8,12,1,1,146.009,0.7890592977982215
8,18,MLP,8,12,1,1,147.0147,0.759046368660123
8,18,MLP,8,12,1,1,148.0176,0.7709665246615822
8,18,MLP,8,12,1,1,149.0135,0.7333716291098348
8,18,MLP,8,12,1,1,150.0089,0.7558596618435287
8,18,MLP,8,12,1,1,151.0133,0.7752940560138492
8,18,MLP,8,12,1,1,152.0182,0.6729707965523112
8,18,MLP,8,12,1,1,153.0136,0.7313260814481864
8,18,MLP,8,12,1,1,154.0181,0.767585412516444
8,18,MLP,8,12,1,1,155.0128,0.7384274124737185
8,18,MLP,8,12,1,1,156.0166,0.7756493856448835
8,18,MLP,8,12,1,1,157.0118,0.8037254316856095
8,18,MLP,8,12,1,1,158.0165,0.7980127805578664
8,18,MLP,8,12,1,1,159.0093,0.814514772379385
8,18,MLP,8,12,1,1,160.0144,0.8189266792500365
8,18,MLP,8,12,1,1,161.0088,0.8377050610389618
8,18,MLP,8,12,1,1,162.0157,0.8047169340434294
8,18,MLP,8,12,1,1,163.0096,0.8672266554329527
8,18,MLP,8,12,1,1,164.0156,0.8052635906569798
8,18,MLP,8,12,1,1,165.0181,0.8500658855381356
8,18,MLP,8,12,1,1,166.015,0.8127849940734517
8,18,MLP,8,12,1,1,167.0088,0.8620710575805605
8,18,MLP,8,12,1,1,168.0134,0.8725003631791344
8,18,MLP,8,12,1,1,169.0189,0.8800076382389842
8,18,MLP,8,12,1,1,170.0132,0.8729114121020617
8,18,MLP,8,12,1,1,171.0085,0.8772023010996831
8,18,MLP,8,12,1,1,172.0134,0.9056203559405455
8,18,MLP,8,12,1,1,173.0177,0.90439604999675
8,18,MLP,8,12,1,1,174.0111,0.8967883580105628
8,18,MLP,8,12,1,1,175.0181,0.9140202434347787
8,18,MLP,8,12,1,1,176.0109,0.8956845479463098
8,18,MLP,8,12,1,1,177.017,0.9255325785927541
8,18,MLP,8,12,1,1,178.011,0.9350337943236633
8,18,MLP,8,12,1,1,179.0166,0.9249831120284642
8,18,MLP,8,12,1,1,180.0093,0.9470232585820718
8,18,MLP,8,12,1,1,181.0153,0.9191529270570981
8,18,MLP,8,12,1,1,182.0092,0.9276995190212135
8,18,MLP,8,12,1,1,183.0143,0.9350276420284181
8,18,MLP,8,12,1,1,184.0083,0.9462975351437604
8,18,MLP,8,12,1,1,185.0125,0.9458808896452432
8,18,MLP,8,12,1,1,186.0095,0.9481533969696119
8,18,MLP,8,12,1,1,187.0145,0.9507549695309486
8,18,MLP,8,12,1,1,188.0086,0.950415481125182
8,18,MLP,8,12,1,1,189.0136,0.9520987208700273
8,18,MLP,8,12,1,1,190.0171,0.9532390237643718
8,18,MLP,8,12,1,1,191.013,0.9561056019106087
8,18,MLP,8,12,1,1,192.0174,0.9531491143744356
8,18,MLP,8,12,1,1,193.0106,0.9575071888660969
8,18,MLP,8,12,1,1,194.0183,0.9543519332407294
8,18,MLP,8,12,1,1,195.011,0.8932279210413808
8,18,MLP,8,12,1,1,196.0152,0.8463662412960825
8,18,MLP,8,12,1,1,197.0104,0.931938459572599
8,18,MLP,8,12,1,1,198.0171,0.9362504001565489
8,18,MLP,8,12,1,1,199.0101,0.9364306436541068
8,18,MLP,8,12,1,1,200.0164,0.9415831762470652
8,18,MLP,8,12,1,1,201.0086,0.9414944222661717
8,18,MLP,8,12,1,1,202.0159,0.9431647425987526
8,18,MLP,8,12,1,1,203.0097,0.9435134839306633
8,18,MLP,8,12,1,1,204.015,0.9217347936085524
8,18,MLP,8,12,1,1,205.0092,0.9436257696853835
8,18,MLP,8,12,1,1,206.0141,0.945123098908584
8,18,MLP,8,12,1,1,207.008,0.9403689355768275
8,18,MLP,8,12,1,1,208.0141,0.9374089750640191
8,18,MLP,8,12,1,1,209.0079,0.9417113951861208
8,18,MLP,8,12,1,1,210.0141,0.936104072466691
8,18,MLP,8,12,1,1,211.0173,0.9361512434981
8,18,MLP,8,12,1,1,212.0122,0.9361683572083548
8,18,MLP,8,12,1,1,213.0178,0.936029269111015
8,18,MLP,8,12,1,1,214.0104,0.9267551291478094
8,18,MLP,8,12,1,1,215.0173,0.9403905398085048
8,18,MLP,8,12,1,1,216.0121,0.9198759549404872
8,18,MLP,8,12,1,1,217.016,0.939551622983102
8,18,MLP,8,12,1,1,218.0118,0.9350149595469226
8,18,MLP,8,12,1,1,219.017,0.9344895023143501
8,18,MLP,8,12,1,1,220.0112,0.9385353697311836
8,18,MLP,8,12,1,1,221.0145,0.9057239558759986
8,18,MLP,8,12,1,1,222.0105,0.9347418041694202
8,18,MLP,8,12,1,1,223.0154,0.937514929668805
8,18,MLP,8,12,1,1,224.0105,0.9095009389986941
8,18,MLP,8,12,1,1,225.0148,0.9283303435149095
8,18,MLP,8,12,1,1,226.0095,0.9401166982609263
8,18,MLP,8,12,1,1,227.0143,0.9302456261897927
8,18,MLP,8,12,1,1,228.0086,0.9470947458724723
8,18,MLP,8,12,1,1,229.0141,0.9459673707009196
8,18,MLP,8,12,1,1,230.0186,0.9503232137157912
8,18,MLP,8,12,1,1,231.0125,0.9302240760091808
8,18,MLP,8,12,1,1,232.0178,0.9547476989003267
8,18,MLP,8,12,1,1,233.0099,0.9558190537526908
8,18,MLP,8,12,1,1,234.0176,0.9567611520591709
8,18,MLP,8,12,1,1,235.0116,0.9624699209404389
8,18,MLP,8,12,1,1,236.0172,0.9627867959472574
8,18,MLP,8,12,1,1,237.0101,0.9688716761597849
8,18,MLP,8,12,1,1,238.0155,0.9595803294463271
8,18,MLP,8,12,1,1,239.008,0.9640107740250594
8,18,MLP,8,12,1,1,240.0153,0.9709922720578354
8,18,MLP,8,12,1,1,241.0105,0.9706756964223711
8,18,MLP,8,12,1,1,242.0131,0.97652881984389
8,18,MLP,8,12,1,1,243.0095,0.9776258260257195
8,18,MLP,8,12,1,1,244.014,0.9772672192104396
8,18,MLP,8,12,1,1,245.0085,0.9142212031475339
8,18,MLP,8,12,1,1,246.0148,0.9410169693082356
8,18,MLP,8,12,1,1,247.009,0.953892630866465
8,18,MLP,8,12,1,1,248.0144,0.9578138440516781
8,18,MLP,8,12,1,1,249.0175,0.9662196797169141
8,18,MLP,8,12,1,1,250.0134,0.9596861374880215
8,18,MLP,8,12,1,1,251.0181,0.9312004303340486
8,18,MLP,8,12,1,1,252.0121,0.9578068597687069
8,18,MLP,8,12,1,1,253.0182,0.9685748844406686
8,18,MLP,8,12,1,1,254.0107,0.966860782823641
8,18,MLP,8,12,1,1,255.0149,0.955435857951053
8,18,MLP,8,12,1,1,256.0111,0.9368208009796254
8,18,MLP,8,12,1,1,257.0152,0.9705939442834902
8,18,MLP,8,12,1,1,258.0106,0.9691447432724284
8,18,MLP,8,12,1,1,259.0168,0.9657229489286434
8,18,MLP,8,12,1,1,260.0113,0.9650139977208606
8,18,MLP,8,12,1,1,261.0168,0.9725677397999473
8,18,MLP,8,12,1,1,262.0091,0.9393849484091097
8,18,MLP,8,12,1,1,263.015,0.9639786834581152
8,18,MLP,8,12,1,1,264.0086,0.9646920228719581
8,18,MLP,8,12,1,1,265.0153,0.9640050182598757
8,18,MLP,8,12,1,1,266.0085,0.9654413830052825
8,18,MLP,8,12,1,1,267.0125,0.9719230630110358
8,18,MLP,8,12,1,1,268.0091,0.9455242017513115
8,18,MLP,8,12,1,1,269.0128,0.9644984048648108
8,18,MLP,8,12,1,1,270.0084,0.9666770164157528
8,18,MLP,8,12,1,1,271.0146,0.9568688569571864
8,18,MLP,8,12,1,1,272.0173,0.9556657006782981
8,18,MLP,8,12,1,1,273.0097,0.9471197721717161
8,18,MLP,8,12,1,1,274.0183,0.9636591881256442
8,18,MLP,8,12,1,1,275.0115,0.9491027361593888
8,18,MLP,8,12,1,1,276.0151,0.9636108303135594
8,18,MLP,8,12,1,1,277.0096,0.9550845332428872
8,18,MLP,8,12,1,1,278.0158,0.9681165893736012
8,18,MLP,8,12,1,1,279.0106,0.9599368088192102
8,18,MLP,8,12,1,1,280.0164,0.9705701234254495
8,18,MLP,8,12,1,1,281.0103,0.9659640815580541
8,18,MLP,8,12,1,1,282.0149,0.9728395227609827
8,18,MLP,8,12,1,1,283.009,0.969597624955061
8,18,MLP,8,12,1,1,284.0134,0.9758394522654615
8,18,MLP,8,12,1,1,285.0092,0.969900184727815
8,18,MLP,8,12,1,1,286.0143,0.9778863051403769
8,18,MLP,8,12,1,1,287.0086,0.9811216146907048
8,18,MLP,8,12,1,1,288.0116,0.9771565096415323
8,18,MLP,8,12,1,1,289.0082,0.9826744040641684
8,18,MLP,8,12,1,1,290.0127,0.9810133961320675
8,18,MLP,8,12,1,1,291.0188,0.9840922610832462
8,18,MLP,8,12,1,1,292.0116,0.9838422747680227
8,18,MLP,8,12,1,1,293.0168,0.9845875703809266
8,18,MLP,8,12,1,1,294.0131,0.9874292778828911
8,18,MLP,8,12,1,1,295.0175,0.9836988903604212
8,18,MLP,8,12,1,1,296.0116,0.9881576372612002
8,18,MLP,8,12,1,1,297.0178,0.99037472664177
8,18,MLP,8,12,1,1,298.0087,0.9889942722531622
8,18,MLP,8,12,1,1,299.016,0.9914236666183706
8,18,MLP,8,12,1,1,300.0092,0.991868364211198
8,18,MLP,8,12,1,1,301.0147,0.9908770828990991
8,18,MLP,18,30,0,0,0.0,5.779857084969398e-14
8,18,MLP,18,30,0,0,0.9999792,7.846553039335887e-08
8,18,MLP,18,30,0,0,2.004788,1.974395388810752e-05
8,18,MLP,18,30,0,0,2.99668,2.3821805388927737e-05
8,18,MLP,18,30,0,0,4.00343,2.600311452016682e-05
8,18,MLP,18,30,0,0,4.997688,5.825177392304141e-05
8,18,MLP,18,30,0,0,6.001186,7.00062874214918e-05
8,18,MLP,18,30,0,0,6.998924,0.00012803281934365676
8,18,MLP,18,30,0,0,8.00406,0.00024904413738979694
8,18,MLP,18,30,0,0,8.995449,0.000183316117873829
8,18,MLP,18,30,0,0,10.00218,0.0004347846753168522
8,18,MLP,18,30,0,0,11.00547,0.0003708328936841883
8,18,MLP,18,30,0,0,12.00087,0.0006343252311844072
8,18,MLP,18,30,0,0,12.9966,0.0004086259168018464
8,18,MLP,18,30,0,0,14.00091,0.0012124016374703906
8,18,MLP,18,30,0,0,15.00556,0.0009574160537240734
8,18,MLP,18,30,0,0,16.00177,0.001359884688296028
8,18,MLP,18,30,0,0,17.00652,0.0011167062388577865
8,18,MLP,18,30,0,0,17.99968,0.0018315723059416816
8,18,MLP,18,30,0,0,19.00499,0.0019127716676547155
8,18,MLP,18,30,0,0,20.00038,0.0018204446734712795
8,18,MLP,18,30,0,0,21.00265,0.002599039048763736
8,18,MLP,18,30,0,0,21.99645,0.003380496415016454
8,18,MLP,18,30,0,0,23.00518,0.0015525431916624721
8,18,MLP,18,30,0,0,23.99806,0.004101511250802337
8,18,MLP,18,30,0,0,25.00475,0.0039052890680545426
8,18,MLP,18,30,0,0,25.99721,0.0026905125784402444
8,18,MLP,18,30,0,0,27.00311,0.0059141310354350884
8,18,MLP,18,30,0,0,27.99697,0.004130628978501278
8,18,MLP,18,30,0,0,29.00288,0.026005428382823468
8,18,MLP,18,30,0,0,29.99674,0.0043729742682657845
8,18,MLP,18,30,0,0,31.00117,0.0057055484104340795
8,18,MLP,18,30,0,0,31.99794,0.005959398165354593
8,18,MLP,18,30,0,0,32.99901,0.008717428288045096
8,18,MLP,18,30,0,0,34.00613,0.005475347118959057
8,18,MLP,18,30,0,0,35.00093,0.005008027295345092
8,18,MLP,18,30,0,0,35.99554,0.009613350361269563
8,18,MLP,18,30,0,0,36.99783,0.008540545522848513
8,18,MLP,18,30,0,0,38.00521,0.00856650302888746
8,18,MLP,18,30,0,0,39.0009,0.0073192263617475875
8,18,MLP,18,30,0,0,40.0038,0.00965960916425001
8,18,MLP,18,30,0,0,41.00013,0.008734634718992449
8,18,MLP,18,30,0,0,42.00479,0.010601163828386688
8,18,MLP,18,30,0,0,42.9991,0.007923873977216379
8,18,MLP,18,30,0,0,44.00304,0.011794182835703724
8,18,MLP,18,30,0,0,44.99727,0.012380845131074313
8,18,MLP,18,30,0,0,46.00503,0.01115063771262582
8,18,MLP,18,30,0,0,46.99549,0.013769275544078035
8,18,MLP,18,30,0,0,48.00256,0.0067662006786601055
8,18,MLP,18,30,0,0,48.99692,0.03066665197894171
8,18,MLP,18,30,0,0,50.00111,0.012861592253754692
8,18,MLP,18,30,0,0,50.99635,0.012562397291704016
8,18,MLP,18,30,0,0,52.00238,0.014165979082019126
8,18,MLP,18,30,0,0,52.99729,0.016276486663894286
8,18,MLP,18,30,0,0,54.00202,0.0158853650249435
8,18,MLP,18,30,0,0,54.99564,0.014911611474788752
8,18,MLP,18,30,0,0,55.99984,0.013868082100692227
8,18,MLP,18,30,0,0,57.00648,0.01787126671941322
8,18,MLP,18,30,0,0,58.00112,0.018281681486037323
8,18,MLP,18,30,0,0,59.00549,0.01379536758502146
8,18,MLP,18,30,0,0,60.00083,0.013021922407229087
8,18,MLP,18,30,0,0,60.99555,0.012003185473351531
8,18,MLP,18,30,0,0,61.99899,0.011552474023242902
8,18,MLP,18,30,0,0,63.00394,0.01878766544258116
8,18,MLP,18,30,0,0,63.99825,0.015765942785581476
8,18,MLP,18,30,0,0,65.00445,0.017381930047741592
8,18,MLP,18,30,0,0,65.99821,0.01652302658614463
8,18,MLP,18,30,0,0,67.00327,0.021237741197034976
8,18,MLP,18,30,0,0,67.99731,0.01863602790835766
8,18,MLP,18,30,0,0,69.00223,0.018369306687317996
8,18,MLP,18,30,0,0,69.99654,0.022217987745010048
8,18,MLP,18,30,0,0,71.00023,0.020983526671472418
8,18,MLP,18,30,0,0,71.99614,0.023891171028218118
8,18,MLP,18,30,0,0,73.00099,0.023147058031635793
8,18,MLP,18,30,0,0,73.99584,0.024533981195215077
8,18,MLP,18,30,0,0,75.00096,0.02672575483208094
8,18,MLP,18,30,0,0,76.00616,0.024955250443817262
8,18,MLP,18,30,0,0,77.00009,0.028963423938858836
8,18,MLP,18,30,0,0,78.0049,0.02632168496962744
8,18,MLP,18,30,0,0,79.00005,0.02889756445373396
8,18,MLP,18,30,0,0,80.00594,0.02868046856408919
8,18,MLP,18,30,0,0,80.99896,0.03348165892989713
8,18,MLP,18,30,0,0,82.00391,0.03229176848425657
8,18,MLP,18,30,0,0,82.99937,0.03524636144832014
8,18,MLP,18,30,0,0,84.00315,0.0472837960256646
8,18,MLP,18,30,0,0,84.99638,0.30572690075965475
8,18,MLP,18,30,0,0,86.00302,0.059393163395302324
8,18,MLP,18,30,0,0,86.99828,0.04721700481906131
8,18,MLP,18,30,0,0,88.00369,0.0754186253787323
8,18,MLP,18,30,0,0,88.99768,0.054253951221215235
8,18,MLP,18,30,0,0,90.00156,0.060664395293900546
8,18,MLP,18,30,0,0,90.99709,0.047566677026871854
8,18,MLP,18,30,0,0,92.00238,0.0717633617077057
8,18,MLP,18,30,0,0,92.9968,0.05452729777213842
8,18,MLP,18,30,0,0,94.00124,0.09328380402319017
8,18,MLP,18,30,0,0,95.00658,0.10126482228160863
8,18,MLP,18,30,0,0,96.00197,0.11862355176074518
8,18,MLP,18,30,0,0,97.00596,0.10123557560406254
8,18,MLP,18,30,0,0,98.00156,0.11864591956339016
8,18,MLP,18,30,0,0,98.99548,0.09229441911346509
8,18,MLP,18,30,0,0,100.0009,0.12009386460357377
8,18,MLP,18,30,0,0,101.0066,0.1127358122883417
8,18,MLP,18,30,0,0,102.0006,0.05232818023769128
8,18,Clock,8,12,0,0,0.0110377,0.19807891901533706
8,18,Clock,8,12,0,0,1.010147,0.1995543763044172
8,18,Clock,8,12,0,0,2.016094,0.20104825127801615
8,18,Clock,8,12,0,0,3.009745,0.2025320668298674
8,18,Clock,8,12,1,1,4.01616,0.2040432555689014
8,18,Clock,8,12,1,1,5.009424,0.2055429032801898
8,18,Clock,8,12,1,1,6.01379,0.20706760459518125
8,18,Clock,8,12,1,1,7.008862,0.20858642188579277
8,18,Clock,8,12,1,1,8.014355,0.2101294622823026
8,18,Clock,8,12,1,1,9.019238,0.2116799222945084
8,18,Clock,8,12,1,1,10.01213,0.21322008167967094
8,18,Clock,8,12,1,1,11.0166,0.21478649781230916
8,18,Clock,8,12,1,1,12.01287,0.21634836817960623
8,18,Clock,8,12,1,1,13.01876,0.21793364424458553
8,18,Clock,8,12,1,1,14.01381,0.21951006467872156
8,18,Clock,8,12,1,1,15.01681,0.22110735731516848
8,18,Clock,8,12,1,1,16.01281,0.22270172042932218
8,18,Clock,8,12,1,1,17.01839,0.22431972574636375
8,18,Clock,8,12,1,1,18.01066,0.22592448619846311
8,18,Clock,8,12,1,1,19.01831,0.22756242378037234
8,18,Clock,8,12,1,1,20.01064,0.22918362491244232
8,18,Clock,8,12,1,1,21.0165,0.2308351997234859
8,18,Clock,8,12,1,1,22.01155,0.23247720211867698
8,18,Clock,8,12,1,1,23.01568,0.2341424226340639
8,18,Clock,8,12,1,1,24.0096,0.23579884866163492
8,18,Clock,8,12,1,1,25.01568,0.23748377597821446
8,18,Clock,8,12,1,1,26.00962,0.2391564940316988
8,18,Clock,8,12,1,1,27.01536,0.24085727318511502
8,18,Clock,8,12,1,1,28.0098,0.24254704551223022
8,18,Clock,8,12,1,1,29.01463,0.24426263869246592
8,18,Clock,8,12,1,1,30.0086,0.24596775425898393
8,18,Clock,8,12,1,1,31.01355,0.24769983819971986
8,18,Clock,8,12,1,1,32.01867,0.24944037904495858
8,18,Clock,8,12,1,1,33.01118,0.2511670818670441
8,18,Clock,8,12,1,1,34.01851,0.2529276645498267
8,18,Clock,8,12,1,1,35.01208,0.2546721827565762
8,18,Clock,8,12,1,1,36.01853,0.25644736960988496
8,18,Clock,8,12,1,1,37.01241,0.25820831561588636
8,18,Clock,8,12,1,1,38.01729,0.2599967491920183
8,18,Clock,8,12,1,1,39.01123,0.26177360336189676
8,18,Clock,8,12,1,1,40.0166,0.26357884228254225
8,18,Clock,8,12,1,1,41.00916,0.2653688953025271
8,18,Clock,8,12,1,1,42.01604,0.26719269647437716
8,18,Clock,8,12,1,1,43.00914,0.26899931494402024
8,18,Clock,8,12,1,1,44.01637,0.2708395037911474
8,18,Clock,8,12,1,1,45.01945,0.27267996085245255
8,18,Clock,8,12,1,1,46.01505,0.2745143963541491
8,18,Clock,8,12,1,1,47.0084,0.27635231792667
8,18,Clock,8,12,1,1,48.01484,0.27822219270127735
8,18,Clock,8,12,1,1,49.00824,0.28007544782518384
8,18,Clock,8,12,1,1,50.01454,0.2819604408898798
8,18,Clock,8,12,1,1,51.01845,0.28384861077794615
8,18,Clock,8,12,1,1,52.01202,0.2857248253127952
8,18,Clock,8,12,1,1,53.01875,0.28763346102072734
8,18,Clock,8,12,1,1,54.01386,0.28952751809289157
8,18,Clock,8,12,1,1,55.01745,0.2914451800935651
8,18,Clock,8,12,1,1,56.01162,0.29335219745050667
8,18,Clock,8,12,1,1,57.01839,0.2952908011157498
8,18,Clock,8,12,1,1,58.01215,0.2972116287701886
8,18,Clock,8,12,1,1,59.01632,0.299159882537102
8,18,Clock,8,12,1,1,60.01164,0.301098168742075
8,18,Clock,8,12,1,1,61.01605,0.30306138357721535
8,18,Clock,8,12,1,1,62.01088,0.3050129870006714
8,18,Clock,8,12,1,1,63.01574,0.30699140308531886
8,18,Clock,8,12,1,1,64.0106,0.3089571481055875
8,18,Clock,8,12,1,1,65.01489,0.3109485794922478
8,18,Clock,8,12,1,1,66.00845,0.312925636254326
8,18,Clock,8,12,1,1,67.01373,0.3149329583399187
8,18,Clock,8,12,1,1,68.01971,0.3169486104119027
8,18,Clock,8,12,1,1,69.01488,0.31894939984189885
8,18,Clock,8,12,1,1,70.01777,0.3209724857050058
8,18,Clock,8,12,1,1,71.01369,0.3229881810033199
8,18,Clock,8,12,1,1,72.01964,0.32503088144974546
8,18,Clock,8,12,1,1,73.01192,0.327052361734696
8,18,Clock,8,12,1,1,74.01961,0.3291118314894955
8,18,Clock,8,12,1,1,75.01247,0.3311474311933813
8,18,Clock,8,12,1,1,76.01733,0.3332140885871496
8,18,Clock,8,12,1,1,77.01091,0.3352638792061534
8,18,Clock,8,12,1,1,78.01698,0.33734578380720753
8,18,Clock,8,12,1,1,79.01109,0.3394091476277606
8,18,Clock,8,12,1,1,80.01685,0.34150291684796175
8,18,Clock,8,12,1,1,81.01129,0.3435792100039143
8,18,Clock,8,12,1,1,82.0164,0.34568388229466496
8,18,Clock,8,12,1,1,83.00986,0.3477701005682513
8,18,Clock,8,12,1,1,84.01507,0.34988697039421923
8,18,Clock,8,12,1,1,85.0094,0.3519867644828304
8,18,Clock,8,12,1,1,86.01546,0.35411716154514594
8,18,Clock,8,12,1,1,87.00921,0.3562271989966941
8,18,Clock,8,12,1,1,88.01216,0.35836244813846696
8,18,Clock,8,12,1,1,89.00884,0.36048992488443515
8,18,Clock,8,12,1,1,90.01527,0.3626437708325528
8,18,Clock,8,12,1,1,91.01823,0.3647957034818758
8,18,Clock,8,12,1,1,92.01326,0.36693598196361277
8,18,Clock,8,12,1,1,93.0173,0.369100973634844
8,18,Clock,8,12,1,1,94.012,0.37125102187698905
8,18,Clock,8,12,1,1,95.01615,0.3734266869344181
8,18,Clock,8,12,1,1,96.01204,0.3755895199590607
8,18,Clock,8,12,1,1,97.01764,0.3777784928596553
8,18,Clock,8,12,1,1,98.0108,0.3799452977324389
8,18,Clock,8,12,1,1,99.01787,0.3821473267066172
8,18,Clock,8,12,1,1,100.0112,0.3843240804047272
8,18,Clock,8,12,1,1,101.0159,0.38653046746870173
8,18,Clock,8,12,1,1,102.0096,0.3887172870970332
8,18,Clock,8,12,1,1,103.0159,0.39093641755255654
8,18,Clock,8,12,1,1,104.0102,0.3931335232398631
8,18,Clock,8,12,1,1,105.0157,0.39535978369929664
8,18,Clock,8,12,1,1,106.0086,0.3975624048424847
8,18,Clock,8,12,1,1,107.0142,0.3997974435597825
8,18,Clock,8,12,1,1,108.009,0.4020126010806927
8,18,Clock,8,12,1,1,109.0137,0.40425385989536333
8,18,Clock,8,12,1,1,110.0089,0.40647787442583966
8,18,Clock,8,12,1,1,111.0139,0.4087276788494552
8,18,Clock,8,12,1,1,112.0085,0.4109579750520434
8,18,Clock,8,12,1,1,113.0106,0.413208795364689
8,18,Clock,8,12,1,1,114.017,0.41547293667733615
8,18,Clock,8,12,1,1,115.0134,0.41771809709839547
8,18,Clock,8,12,1,1,116.0167,0.41998226650834336
8,18,Clock,8,12,1,1,117.0123,0.4222323807898436
8,18,Clock,8,12,1,1,118.0174,0.4245072585382766
8,18,Clock,8,12,1,1,119.0114,0.4267601446527837
8,18,Clock,8,12,1,1,120.0172,0.42904287866087065
8,18,Clock,8,12,1,1,121.0105,0.43130021697753274
8,18,Clock,8,12,1,1,122.0162,0.43358864134621616
8,18,Clock,8,12,1,1,123.0094,0.4358514129887279
8,18,Clock,8,12,1,1,124.015,0.43814515458123293
8,18,Clock,8,12,1,1,125.0093,0.4404157260993021
8,18,Clock,8,12,1,1,126.0151,0.44271509186662106
8,18,Clock,8,12,1,1,127.0096,0.44499104347580604
8,18,Clock,8,12,1,1,128.0141,0.4472922298464206
8,18,Clock,8,12,1,1,129.0185,0.44959543137225716
8,18,Clock,8,12,1,1,130.014,0.4518804032768724
8,18,Clock,8,12,1,1,131.0189,0.45418897332673447
8,18,Clock,8,12,1,1,132.0128,0.4564742087463232
8,18,Clock,8,12,1,1,133.019,0.4587895894921594
8,18,Clock,8,12,1,1,134.0107,0.46107335652412174
8,18,Clock,8,12,1,1,135.0182,0.4633952018402112
8,18,Clock,8,12,1,1,136.0107,0.4656839986635828
8,18,Clock,8,12,1,1,137.0173,0.46800682117780906
8,18,Clock,8,12,1,1,138.0118,0.4703030492073392
8,18,Clock,8,12,1,1,139.0185,0.4726287432506884
8,18,Clock,8,12,1,1,140.011,0.47492281772567113
8,18,Clock,8,12,1,1,141.0155,0.4772456914957858
8,18,Clock,8,12,1,1,142.0092,0.4795445523883871
8,18,Clock,8,12,1,1,143.0148,0.4818718293388182
8,18,Clock,8,12,1,1,144.0097,0.48417512603648727
8,18,Clock,8,12,1,1,145.0158,0.48650499987446266
8,18,Clock,8,12,1,1,146.009,0.4888056260200512
8,18,Clock,8,12,1,1,147.0147,0.49113564708657825
8,18,Clock,8,12,1,1,148.0176,0.49345958239187737
8,18,Clock,8,12,1,1,149.0135,0.4957676037125032
8,18,Clock,8,12,1,1,150.0089,0.49807460298736206
8,18,Clock,8,12,1,1,151.0133,0.5004025857673338
8,18,Clock,8,12,1,1,152.0182,0.5027316827835023
8,18,Clock,8,12,1,1,153.0136,0.5050386302424253
8,18,Clock,8,12,1,1,154.0181,0.5073664723373803
8,18,Clock,8,12,1,1,155.0128,0.509671298359157
8,18,Clock,8,12,1,1,156.0166,0.5119967795446506
8,18,Clock,8,12,1,1,157.0118,0.5143018112321451
8,18,Clock,8,12,1,1,158.0165,0.5166282436009584
8,18,Clock,8,12,1,1,159.0093,0.5189264092232219
8,18,Clock,8,12,1,1,160.0144,0.5212522634687992
8,18,Clock,8,12,1,1,161.0088,0.5235524246279853
8,18,Clock,8,12,1,1,162.0157,0.5258804746797358
8,18,Clock,8,12,1,1,163.0096,0.5281773637572301
8,18,Clock,8,12,1,1,164.0156,0.5305010016984236
8,18,Clock,8,12,1,1,165.0181,0.5328152539910038
8,18,Clock,8,12,1,1,166.015,0.5351151796347307
8,18,Clock,8,12,1,1,167.0088,0.537406473717553
8,18,Clock,8,12,1,1,168.0134,0.5397210352981267
8,18,Clock,8,12,1,1,169.0189,0.5420359919727634
8,18,Clock,8,12,1,1,170.0132,0.5443233451596006
8,18,Clock,8,12,1,1,171.0085,0.5466111438848671
8,18,Clock,8,12,1,1,172.0134,0.548919008096015
8,18,Clock,8,12,1,1,173.0177,0.5512234048325001
8,18,Clock,8,12,1,1,174.0111,0.5535006072005554
8,18,Clock,8,12,1,1,175.0181,0.5558067206302799
8,18,Clock,8,12,1,1,176.0109,0.558077950688714
8,18,Clock,8,12,1,1,177.017,0.5603771438353524
8,18,Clock,8,12,1,1,178.011,0.562646143660439
8,18,Clock,8,12,1,1,179.0166,0.5649389504059191
8,18,Clock,8,12,1,1,180.0093,0.5671996033233712
8,18,Clock,8,12,1,1,181.0153,0.5694877405357585
8,18,Clock,8,12,1,1,182.0092,0.571745411293675
8,18,Clock,8,12,1,1,183.0143,0.5740254890878457
8,18,Clock,8,12,1,1,184.0083,0.576277310715945
8,18,Clock,8,12,1,1,185.0125,0.5785490106950125
8,18,Clock,8,12,1,1,186.0095,0.5808011681181098
8,18,Clock,8,12,1,1,187.0145,0.5830679501222379
8,18,Clock,8,12,1,1,188.0086,0.5853067440058519
8,18,Clock,8,12,1,1,189.0136,0.5875664633040734
8,18,Clock,8,12,1,1,190.0171,0.5898191784517913
8,18,Clock,8,12,1,1,191.013,0.5920510822678255
8,18,Clock,8,12,1,1,192.0174,0.5942981940450014
8,18,Clock,8,12,1,1,193.0106,0.5965164056301541
8,18,Clock,8,12,1,1,194.0183,0.5987629315655245
8,18,Clock,8,12,1,1,195.011,0.6009720027024381
8,18,Clock,8,12,1,1,196.0152,0.6032024685479175
8,18,Clock,8,12,1,1,197.0104,0.6054087475913006
8,18,Clock,8,12,1,1,198.0171,0.607636136354966
8,18,Clock,8,12,1,1,199.0101,0.6098288281872056
8,18,Clock,8,12,1,1,200.0164,0.6120463816731814
8,18,Clock,8,12,1,1,201.0086,0.6142283313427628
8,18,Clock,8,12,1,1,202.0159,0.6164387814371759
8,18,Clock,8,12,1,1,203.0097,0.6186149255771556
8,18,Clock,8,12,1,1,204.015,0.6208113948880916
8,18,Clock,8,12,1,1,205.0092,0.6229787677768993
8,18,Clock,8,12,1,1,206.0141,0.6251644712296838
8,18,Clock,8,12,1,1,207.008,0.6273212377656525
8,18,Clock,8,12,1,1,208.0141,0.6294993452090697
8,18,Clock,8,12,1,1,209.0079,0.6316456681925433
8,18,Clock,8,12,1,1,210.0141,0.6338134518586861
8,18,Clock,8,12,1,1,211.0173,0.6359694111273136
8,18,Clock,8,12,1,1,212.0122,0.6381021529883134
8,18,Clock,8,12,1,1,213.0178,0.6402523097543713
8,18,Clock,8,12,1,1,214.0104,0.6423691622372375
8,18,Clock,8,12,1,1,215.0173,0.6445108459597237
8,18,Clock,8,12,1,1,216.0121,0.6466211257330017
8,18,Clock,8,12,1,1,217.016,0.6487449513468175
8,18,Clock,8,12,1,1,218.0118,0.6508458023941533
8,18,Clock,8,12,1,1,219.017,0.6529605894082738
8,18,Clock,8,12,1,1,220.0112,0.6550463089687164
8,18,Clock,8,12,1,1,221.0145,0.6571450721543082
8,18,Clock,8,12,1,1,222.0105,0.6592225181181397
8,18,Clock,8,12,1,1,223.0154,0.6613123370316336
8,18,Clock,8,12,1,1,224.0105,0.6633756032159823
8,18,Clock,8,12,1,1,225.0148,0.6654516501613613
8,18,Clock,8,12,1,1,226.0095,0.6675015620009158
8,18,Clock,8,12,1,1,227.0143,0.6695658395521308
8,18,Clock,8,12,1,1,228.0086,0.6716021715445304
8,18,Clock,8,12,1,1,229.0141,0.6736548682438119
8,18,Clock,8,12,1,1,230.0186,0.675698914914544
8,18,Clock,8,12,1,1,231.0125,0.6777148092971851
8,18,Clock,8,12,1,1,232.0178,0.6797471479268969
8,18,Clock,8,12,1,1,233.0099,0.6817461084207638
8,18,Clock,8,12,1,1,234.0176,0.6837696596273951
8,18,Clock,8,12,1,1,235.0116,0.6857589302071451
8,18,Clock,8,12,1,1,236.0172,0.6877644902362426
8,18,Clock,8,12,1,1,237.0101,0.6897378539621759
8,18,Clock,8,12,1,1,238.0155,0.691729043014428
8,18,Clock,8,12,1,1,239.008,0.6936876981624382
8,18,Clock,8,12,1,1,240.0153,0.6956684667337565
8,18,Clock,8,12,1,1,241.0105,0.6976183157631685
8,18,Clock,8,12,1,1,242.0131,0.6995755171797853
8,18,Clock,8,12,1,1,243.0095,0.7015134145146954
8,18,Clock,8,12,1,1,244.014,0.7034597806414855
8,18,Clock,8,12,1,1,245.0085,0.7053794993336077
8,18,Clock,8,12,1,1,246.0148,0.7073146295518822
8,18,Clock,8,12,1,1,247.009,0.7092191541432354
8,18,Clock,8,12,1,1,248.0144,0.7111376778856507
8,18,Clock,8,12,1,1,249.0175,0.7130442942566044
8,18,Clock,8,12,1,1,250.0134,0.7149297623450308
8,18,Clock,8,12,1,1,251.0181,0.7168243313103387
8,18,Clock,8,12,1,1,252.0121,0.7186912144046776
8,18,Clock,8,12,1,1,253.0182,0.7205731760103118
8,18,Clock,8,12,1,1,254.0107,0.7224221061260075
8,18,Clock,8,12,1,1,255.0149,0.7242851520361956
8,18,Clock,8,12,1,1,256.0111,0.7261257205561412
8,18,Clock,8,12,1,1,257.0152,0.7279730726637724
8,18,Clock,8,12,1,1,258.0106,0.729796700054828
8,18,Clock,8,12,1,1,259.0168,0.7316323309295819
8,18,Clock,8,12,1,1,260.0113,0.7334387502452696
8,18,Clock,8,12,1,1,261.0168,0.7352573476353657
8,18,Clock,8,12,1,1,262.0091,0.7370441880168205
8,18,Clock,8,12,1,1,263.015,0.7388476557128706
8,18,Clock,8,12,1,1,264.0086,0.7406211495288041
8,18,Clock,8,12,1,1,265.0153,0.7424100113960513
8,18,Clock,8,12,1,1,266.0085,0.7441670434720055
8,18,Clock,8,12,1,1,267.0125,0.7459351207611948
8,18,Clock,8,12,1,1,268.0091,0.7476821514924427
8,18,Clock,8,12,1,1,269.0128,0.7494335840123292
8,18,Clock,8,12,1,1,270.0084,0.7511628908814414
8,18,Clock,8,12,1,1,271.0146,0.7529024635328223
8,18,Clock,8,12,1,1,272.0173,0.754627875263853
8,18,Clock,8,12,1,1,273.0097,0.7563275139932206
8,18,Clock,8,12,1,1,274.0183,0.7580467110787089
8,18,Clock,8,12,1,1,275.0115,0.7597315511660567
8,18,Clock,8,12,1,1,276.0151,0.7614258781618259
8,18,Clock,8,12,1,1,277.0096,0.7630967406961413
8,18,Clock,8,12,1,1,278.0158,0.7647790107027048
8,18,Clock,8,12,1,1,279.0106,0.7664340489075064
8,18,Clock,8,12,1,1,280.0164,0.768099167076919
8,18,Clock,8,12,1,1,281.0103,0.7697364737994975
8,18,Clock,8,12,1,1,282.0149,0.7713830754089623
8,18,Clock,8,12,1,1,283.009,0.7730043464173844
8,18,Clock,8,12,1,1,284.0134,0.7746341251519213
8,18,Clock,8,12,1,1,285.0092,0.7762417315302544
8,18,Clock,8,12,1,1,286.0143,0.7778561196499153
8,18,Clock,8,12,1,1,287.0086,0.779444903056086
8,18,Clock,8,12,1,1,288.0116,0.7810393125475228
8,18,Clock,8,12,1,1,289.0082,0.7826153504011852
8,18,Clock,8,12,1,1,290.0127,0.7841955324305212
8,18,Clock,8,12,1,1,291.0188,0.7857698965734456
8,18,Clock,8,12,1,1,292.0116,0.7873152343886591
8,18,Clock,8,12,1,1,293.0168,0.7888716001355673
8,18,Clock,8,12,1,1,294.0131,0.7904058755127311
8,18,Clock,8,12,1,1,295.0175,0.7919443427242434
8,18,Clock,8,12,1,1,296.0116,0.7934588425800775
8,18,Clock,8,12,1,1,297.0178,0.7949834337179149
8,18,Clock,8,12,1,1,298.0087,0.7964766806405228
8,18,Clock,8,12,1,1,299.016,0.7979863090104525
8,18,Clock,8,12,1,1,300.0092,0.7994666035072977
8,18,Clock,8,12,1,1,301.0147,0.8009569802836706
8,18,Clock,18,30,0,0,0.0,0.19806266481306106
8,18,Clock,18,30,0,0,0.9999792,0.19953931933959138
8,18,Clock,18,30,0,0,2.004788,0.20103141490050122
8,18,Clock,18,30,0,0,2.99668,0.20251250422027187
8,18,Clock,18,30,0,0,4.00343,0.20402408832349872
8,18,Clock,18,30,0,0,4.997688,0.20552513586411272
8,18,Clock,18,30,0,0,6.001186,0.20704841876434618
8,18,Clock,18,30,0,0,6.998924,0.20857121227985334
8,18,Clock,18,30,0,0,8.00406,0.21011362122404478
8,18,Clock,18,30,0,0,8.995449,0.21164312051306441
8,18,Clock,18,30,0,0,10.00218,0.2132046074233476
8,18,Clock,18,30,0,0,11.00547,0.21476909643968678
8,18,Clock,18,30,0,0,12.00087,0.21632950660901132
8,18,Clock,18,30,0,0,12.9966,0.21789863080465952
8,18,Clock,18,30,0,0,14.00091,0.21948957480124337
8,18,Clock,18,30,0,0,15.00556,0.22108939466394942
8,18,Clock,18,30,0,0,16.00177,0.22268400351166984
8,18,Clock,18,30,0,0,17.00652,0.22430057581106064
8,18,Clock,18,30,0,0,17.99968,0.2259066832704181
8,18,Clock,18,30,0,0,19.00499,0.22754071605827095
8,18,Clock,18,30,0,0,20.00038,0.22916682196128338
8,18,Clock,18,30,0,0,21.00265,0.23081240032651862
8,18,Clock,18,30,0,0,21.99645,0.23245222302220364
8,18,Clock,18,30,0,0,23.00518,0.2341249670294377
8,18,Clock,18,30,0,0,23.99806,0.23577957105302264
8,18,Clock,18,30,0,0,25.00475,0.23746542485800154
8,18,Clock,18,30,0,0,25.99721,0.23913555744019047
8,18,Clock,18,30,0,0,27.00311,0.24083650964444892
8,18,Clock,18,30,0,0,27.99697,0.24252519203894393
8,18,Clock,18,30,0,0,29.00288,0.24424253123110884
8,18,Clock,18,30,0,0,29.99674,0.24594736190444635
8,18,Clock,18,30,0,0,31.00117,0.2476784498832334
8,18,Clock,18,30,0,0,31.99794,0.2494044006850236
8,18,Clock,18,30,0,0,32.99901,0.25114585661076105
8,18,Clock,18,30,0,0,34.00613,0.2529059799175307
8,18,Clock,18,30,0,0,35.00093,0.25465256102504435
8,18,Clock,18,30,0,0,35.99554,0.25640672721463914
8,18,Clock,18,30,0,0,36.99783,0.25818242637235567
8,18,Clock,18,30,0,0,38.00521,0.2599752069216487
8,18,Clock,18,30,0,0,39.0009,0.26175509598540136
8,18,Clock,18,30,0,0,40.0038,0.26355580468133155
8,18,Clock,18,30,0,0,41.00013,0.26535257606948837
8,18,Clock,18,30,0,0,42.00479,0.2671722758373158
8,18,Clock,18,30,0,0,42.9991,0.2689810113577026
8,18,Clock,18,30,0,0,44.00304,0.27081510117262153
8,18,Clock,18,30,0,0,44.99727,0.2726391760015741
8,18,Clock,18,30,0,0,46.00503,0.27449590067690727
8,18,Clock,18,30,0,0,46.99549,0.27632838478541744
8,18,Clock,18,30,0,0,48.00256,0.2781993316608207
8,18,Clock,18,30,0,0,48.99692,0.28005429052562353
8,18,Clock,18,30,0,0,50.00111,0.2819352303890768
8,18,Clock,18,30,0,0,50.99635,0.2838069582319069
8,18,Clock,18,30,0,0,52.00238,0.28570658630771306
8,18,Clock,18,30,0,0,52.99729,0.28759270068202286
8,18,Clock,18,30,0,0,54.00202,0.28950494455966896
8,18,Clock,18,30,0,0,54.99564,0.2914034287073459
8,18,Clock,18,30,0,0,55.99984,0.2933295587999418
8,18,Clock,18,30,0,0,57.00648,0.29526782515777455
8,18,Clock,18,30,0,0,58.00112,0.2971902727590512
8,18,Clock,18,30,0,0,59.00549,0.29913883168743777
8,18,Clock,18,30,0,0,60.00083,0.301077084747326
8,18,Clock,18,30,0,0,60.99555,0.3030212417420414
8,18,Clock,18,30,0,0,61.99899,0.30498961945098574
8,18,Clock,18,30,0,0,63.00394,0.30696813148369495
8,18,Clock,18,30,0,0,63.99825,0.3089327066472769
8,18,Clock,18,30,0,0,65.00445,0.3109278324405036
8,18,Clock,18,30,0,0,65.99821,0.31290521258050197
8,18,Clock,18,30,0,0,67.00327,0.31491203642024124
8,18,Clock,18,30,0,0,67.99731,0.31690365288065403
8,18,Clock,18,30,0,0,69.00223,0.3189239258411687
8,18,Clock,18,30,0,0,69.99654,0.32092958407817135
8,18,Clock,18,30,0,0,71.00023,0.3229608979763318
8,18,Clock,18,30,0,0,71.99614,0.3249830885509683
8,18,Clock,18,30,0,0,73.00099,0.32703006944615015
8,18,Clock,18,30,0,0,73.99584,0.3290631844955761
8,18,Clock,18,30,0,0,75.00096,0.3311238065102519
8,18,Clock,18,30,0,0,76.00616,0.3331910813733015
8,18,Clock,18,30,0,0,77.00009,0.33524152672270663
8,18,Clock,18,30,0,0,78.0049,0.3373207382788687
8,18,Clock,18,30,0,0,79.00005,0.3393861999800454
8,18,Clock,18,30,0,0,80.00594,0.34148017121479163
8,18,Clock,18,30,0,0,80.99896,0.34355343115754167
8,18,Clock,18,30,0,0,82.00391,0.3456576767274451
8,18,Clock,18,30,0,0,82.99937,0.3477480403453806
8,18,Clock,18,30,0,0,84.00315,0.34986183931439824
8,18,Clock,18,30,0,0,84.99638,0.35195924107773274
8,18,Clock,18,30,0,0,86.00302,0.3540907920568635
8,18,Clock,18,30,0,0,86.99828,0.3562039707154168
8,18,Clock,18,30,0,0,88.00369,0.3583443950670565
8,18,Clock,18,30,0,0,88.99768,0.36046606879460924
8,18,Clock,18,30,0,0,90.00156,0.3626143927373393
8,18,Clock,18,30,0,0,90.99709,0.36475030387546026
8,18,Clock,18,30,0,0,92.00238,0.3669125519624421
8,18,Clock,18,30,0,0,92.9968,0.3690567165716454
8,18,Clock,18,30,0,0,94.00124,0.3712277420810691
8,18,Clock,18,30,0,0,95.00658,0.37340591692114533
8,18,Clock,18,30,0,0,96.00197,0.37556762353382683
8,18,Clock,18,30,0,0,97.00596,0.37775303790232506
8,18,Clock,18,30,0,0,98.00156,0.3799251015208391
8,18,Clock,18,30,0,0,98.99548,0.3820983278523448
8,18,Clock,18,30,0,0,100.0009,0.38430148607727405
8,18,Clock,18,30,0,0,101.0066,0.38651002200945545
8,18,Clock,18,30,0,0,102.0006,0.38869747153354445
8,18,RF time only,8,12,0,0,0.0110377,0.0
8,18,RF time only,8,12,0,0,1.010147,0.0
8,18,RF time only,8,12,0,0,2.016094,0.0
8,18,RF time only,8,12,0,0,3.009745,0.0
8,18,RF time only,8,12,1,1,4.01616,0.0
8,18,RF time only,8,12,1,1,5.009424,0.0
8,18,RF time only,8,12,1,1,6.01379,0.0
8,18,RF time only,8,12,1,1,7.008862,0.0
8,18,RF time only,8,12,1,1,8.014355,0.0
8,18,RF time only,8,12,1,1,9.019238,0.016477782545188877
8,18,RF time only,8,12,1,1,10.01213,0.0034829074720741193
8,18,RF time only,8,12,1,1,11.0166,0.04602725692833558
8,18,RF time only,8,12,1,1,12.01287,0.00322744702050092
8,18,RF time only,8,12,1,1,13.01876,0.05052610727164581
8,18,RF time only,8,12,1,1,14.01381,0.035557424541993385
8,18,RF time only,8,12,1,1,15.01681,0.0353472614809117
8,18,RF time only,8,12,1,1,16.01281,0.04228577069949697
8,18,RF time only,8,12,1,1,17.01839,0.0
8,18,RF time only,8,12,1,1,18.01066,0.0
8,18,RF time only,8,12,1,1,19.01831,0.0019287701725097383
8,18,RF time only,8,12,1,1,20.01064,0.0169528045559751
8,18,RF time only,8,12,1,1,21.0165,0.012345289801778916
8,18,RF time only,8,12,1,1,22.01155,0.35647920541178785
8,18,RF time only,8,12,1,1,23.01568,0.04644013234665509
8,18,RF time only,8,12,1,1,24.0096,0.0024202467035304128
8,18,RF time only,8,12,1,1,25.01568,0.3630017888506318
8,18,RF time only,8,12,1,1,26.00962,0.01838160953109438
8,18,RF time only,8,12,1,1,27.01536,0.332847156175168
8,18,RF time only,8,12,1,1,28.0098,0.7017176195024064
8,18,RF time only,8,12,1,1,29.01463,0.029404422366323266
8,18,RF time only,8,12,1,1,30.0086,0.3414663362893462
8,18,RF time only,8,12,1,1,31.01355,0.0
8,18,RF time only,8,12,1,1,32.01867,0.24186165320267908
8,18,RF time only,8,12,1,1,33.01118,0.006389547860986943
8,18,RF time only,8,12,1,1,34.01851,0.059028471729461365
8,18,RF time only,8,12,1,1,35.01208,0.057248193613159304
8,18,RF time only,8,12,1,1,36.01853,0.157564851925128
8,18,RF time only,8,12,1,1,37.01241,0.3504945626122824
8,18,RF time only,8,12,1,1,38.01729,0.26463173823797304
8,18,RF time only,8,12,1,1,39.01123,0.227997208808463
8,18,RF time only,8,12,1,1,40.0166,0.00433624193670772
8,18,RF time only,8,12,1,1,41.00916,0.010737779029375092
8,18,RF time only,8,12,1,1,42.01604,0.3535079611108911
8,18,RF time only,8,12,1,1,43.00914,0.10615641356693625
8,18,RF time only,8,12,1,1,44.01637,0.3857000551260595
8,18,RF time only,8,12,1,1,45.01945,0.3583074113052344
8,18,RF time only,8,12,1,1,46.01505,0.04840795869528572
8,18,RF time only,8,12,1,1,47.0084,0.2617768492002267
8,18,RF time only,8,12,1,1,48.01484,0.0
8,18,RF time only,8,12,1,1,49.00824,0.028771731809101055
8,18,RF time only,8,12,1,1,50.01454,0.00244805972251567
8,18,RF time only,8,12,1,1,51.01845,0.15442620698086734
8,18,RF time only,8,12,1,1,52.01202,0.0
8,18,RF time only,8,12,1,1,53.01875,0.15352444474033128
8,18,RF time only,8,12,1,1,54.01386,0.002445681535245343
8,18,RF time only,8,12,1,1,55.01745,0.0008141291421592263
8,18,RF time only,8,12,1,1,56.01162,0.008802622973508006
8,18,RF time only,8,12,1,1,57.01839,0.004328987643754347
8,18,RF time only,8,12,1,1,58.01215,0.0
8,18,RF time only,8,12,1,1,59.01632,0.18303494806671242
8,18,RF time only,8,12,1,1,60.01164,0.1647438941845546
8,18,RF time only,8,12,1,1,61.01605,0.00632026608136643
8,18,RF time only,8,12,1,1,62.01088,0.0774599791454807
8,18,RF time only,8,12,1,1,63.01574,0.002879826205437177
8,18,RF time only,8,12,1,1,64.0106,0.08344139350492369
8,18,RF time only,8,12,1,1,65.01489,0.0
8,18,RF time only,8,12,1,1,66.00845,0.045662662378265
8,18,RF time only,8,12,1,1,67.01373,0.1454144067906107
8,18,RF time only,8,12,1,1,68.01971,0.5101063182101367
8,18,RF time only,8,12,1,1,69.01488,0.10477566056603796
8,18,RF time only,8,12,1,1,70.01777,0.5951321809841088
8,18,RF time only,8,12,1,1,71.01369,0.11609506526214185
8,18,RF time only,8,12,1,1,72.01964,0.6017921546440744
8,18,RF time only,8,12,1,1,73.01192,0.05422651291923111
8,18,RF time only,8,12,1,1,74.01961,0.36008244646946824
8,18,RF time only,8,12,1,1,75.01247,0.35899181201779756
8,18,RF time only,8,12,1,1,76.01733,0.6741522845380213
8,18,RF time only,8,12,1,1,77.01091,0.18476143983182883
8,18,RF time only,8,12,1,1,78.01698,0.01052211504735757
8,18,RF time only,8,12,1,1,79.01109,0.21345164060274466
8,18,RF time only,8,12,1,1,80.01685,0.0865562192907583
8,18,RF time only,8,12,1,1,81.01129,0.3609455430487924
8,18,RF time only,8,12,1,1,82.0164,0.3589561821918534
8,18,RF time only,8,12,1,1,83.00986,0.3453145673232535
8,18,RF time only,8,12,1,1,84.01507,0.289799065399007
8,18,RF time only,8,12,1,1,85.0094,0.06322620848156742
8,18,RF time only,8,12,1,1,86.01546,0.2085345347910618
8,18,RF time only,8,12,1,1,87.00921,0.4980921287483835
8,18,RF time only,8,12,1,1,88.01216,0.023947503967908183
8,18,RF time only,8,12,1,1,89.00884,0.017616262468619914
8,18,RF time only,8,12,1,1,90.01527,0.33035525496614465
8,18,RF time only,8,12,1,1,91.01823,0.3436287118687968
8,18,RF time only,8,12,1,1,92.01326,0.09103272943034744
8,18,RF time only,8,12,1,1,93.0173,0.2759114900455943
8,18,RF time only,8,12,1,1,94.012,0.3288609811671063
8,18,RF time only,8,12,1,1,95.01615,0.39166960593077593
8,18,RF time only,8,12,1,1,96.01204,0.5110624392376407
8,18,RF time only,8,12,1,1,97.01764,0.18736995430065567
8,18,RF time only,8,12,1,1,98.0108,0.5482749512108273
8,18,RF time only,8,12,1,1,99.01787,0.4242603522893904
8,18,RF time only,8,12,1,1,100.0112,0.333407036995688
8,18,RF time only,8,12,1,1,101.0159,0.5177734813237727
8,18,RF time only,8,12,1,1,102.0096,0.12713999198313772
8,18,RF time only,8,12,1,1,103.0159,0.4967676341641651
8,18,RF time only,8,12,1,1,104.0102,0.8581150502204294
8,18,RF time only,8,12,1,1,105.0157,0.5464873814813483
8,18,RF time only,8,12,1,1,106.0086,0.2921936157882476
8,18,RF time only,8,12,1,1,107.0142,0.2851456720209369
8,18,RF time only,8,12,1,1,108.009,0.2697131389413386
8,18,RF time only,8,12,1,1,109.0137,0.4996089088808827
8,18,RF time only,8,12,1,1,110.0089,0.43612099632084994
8,18,RF time only,8,12,1,1,111.0139,0.46783777617110495
8,18,RF time only,8,12,1,1,112.0085,0.928524241939536
8,18,RF time only,8,12,1,1,113.0106,0.5596388872277117
8,18,RF time only,8,12,1,1,114.017,0.3442249727623239
8,18,RF time only,8,12,1,1,115.0134,0.3470694566024788
8,18,RF time only,8,12,1,1,116.0167,0.6357876054608432
8,18,RF time only,8,12,1,1,117.0123,0.24937330253137693
8,18,RF time only,8,12,1,1,118.0174,0.7624495961945386
8,18,RF time only,8,12,1,1,119.0114,0.09972891392227926
8,18,RF time only,8,12,1,1,120.0172,0.3969720744235681
8,18,RF time only,8,12,1,1,121.0105,0.4612038415312734
8,18,RF time only,8,12,1,1,122.0162,0.6361229986397415
8,18,RF time only,8,12,1,1,123.0094,0.23023721274084508
8,18,RF time only,8,12,1,1,124.015,0.7830232804913508
8,18,RF time only,8,12,1,1,125.0093,0.7220708540747316
8,18,RF time only,8,12,1,1,126.0151,0.12380939194593876
8,18,RF time only,8,12,1,1,127.0096,0.49341675307705135
8,18,RF time only,8,12,1,1,128.0141,0.6154657661763024
8,18,RF time only,8,12,1,1,129.0185,0.879206536200384
8,18,RF time only,8,12,1,1,130.014,0.30349715397421034
8,18,RF time only,8,12,1,1,131.0189,0.8189941947877178
8,18,RF time only,8,12,1,1,132.0128,0.6055529074520817
8,18,RF time only,8,12,1,1,133.019,0.7162264237553568
8,18,RF time only,8,12,1,1,134.0107,0.7193300179611346
8,18,RF time only,8,12,1,1,135.0182,0.37748246249220146
8,18,RF time only,8,12,1,1,136.0107,0.532087252816401
8,18,RF time only,8,12,1,1,137.0173,0.5095791941106106
8,18,RF time only,8,12,1,1,138.0118,0.22084009588098405
8,18,RF time only,8,12,1,1,139.0185,0.288108908931457
8,18,RF time only,8,12,1,1,140.011,0.471315110025103
8,18,RF time only,8,12,1,1,141.0155,0.7435526775135565
8,18,RF time only,8,12,1,1,142.0092,0.3303292414940627
8,18,RF time only,8,12,1,1,143.0148,0.7441729063407929
8,18,RF time only,8,12,1,1,144.0097,0.09156814997815613
8,18,RF time only,8,12,1,1,145.0158,0.4589692834815609
8,18,RF time only,8,12,1,1,146.009,0.5883588892393619
8,18,RF time only,8,12,1,1,147.0147,0.4041877148326428
8,18,RF time only,8,12,1,1,148.0176,0.6820693075115106
8,18,RF time only,8,12,1,1,149.0135,0.7948312381111425
8,18,RF time only,8,12,1,1,150.0089,0.46817926113037905
8,18,RF time only,8,12,1,1,151.0133,0.6091434418226293
8,18,RF time only,8,12,1,1,152.0182,0.9311466811915534
8,18,RF time only,8,12,1,1,153.0136,0.35361535916806663
8,18,RF time only,8,12,1,1,154.0181,0.7345087267367717
8,18,RF time only,8,12,1,1,155.0128,0.7311688699079514
8,18,RF time only,8,12,1,1,156.0166,0.8229349668195748
8,18,RF time only,8,12,1,1,157.0118,0.577604811216436
8,18,RF time only,8,12,1,1,158.0165,0.6992608099666753
8,18,RF time only,8,12,1,1,159.0093,0.049201884992915376
8,18,RF time only,8,12,1,1,160.0144,0.8295357193942648
8,18,RF time only,8,12,1,1,161.0088,0.6500486214288658
8,18,RF time only,8,12,1,1,162.0157,0.5722060678634914
8,18,RF time only,8,12,1,1,163.0096,0.20472323773072787
8,18,RF time only,8,12,1,1,164.0156,0.6059949309659879
8,18,RF time only,8,12,1,1,165.0181,0.784709688815449
8,18,RF time only,8,12,1,1,166.015,0.7271298167025202
8,18,RF time only,8,12,1,1,167.0088,0.2515698006484627
8,18,RF time only,8,12,1,1,168.0134,0.7757872731938031
8,18,RF time only,8,12,1,1,169.0189,0.7618557109156362
8,18,RF time only,8,12,1,1,170.0132,0.388505599715107
8,18,RF time only,8,12,1,1,171.0085,0.9627943477807729
8,18,RF time only,8,12,1,1,172.0134,0.8054841397538045
8,18,RF time only,8,12,1,1,173.0177,0.7331366602744263
8,18,RF time only,8,12,1,1,174.0111,0.4690195234613906
8,18,RF time only,8,12,1,1,175.0181,0.8130360071444552
8,18,RF time only,8,12,1,1,176.0109,0.619046788372303
8,18,RF time only,8,12,1,1,177.017,0.8660864868299923
8,18,RF time only,8,12,1,1,178.011,0.17537101463751667
8,18,RF time only,8,12,1,1,179.0166,0.6723376489241323
8,18,RF time only,8,12,1,1,180.0093,0.5545723060995285
8,18,RF time only,8,12,1,1,181.0153,0.757351354722262
8,18,RF time only,8,12,1,1,182.0092,0.10033661046804553
8,18,RF time only,8,12,1,1,183.0143,0.5363259924974473
8,18,RF time only,8,12,1,1,184.0083,0.4910505056355924
8,18,RF time only,8,12,1,1,185.0125,0.7398273396887398
8,18,RF time only,8,12,1,1,186.0095,0.2945941633978821
8,18,RF time only,8,12,1,1,187.0145,0.577171360043118
8,18,RF time only,8,12,1,1,188.0086,0.44997343304993215
8,18,RF time only,8,12,1,1,189.0136,0.810764857678543
8,18,RF time only,8,12,1,1,190.0171,0.5548970580957594
8,18,RF time only,8,12,1,1,191.013,0.48355796384890437
8,18,RF time only,8,12,1,1,192.0174,0.7255229277261456
8,18,RF time only,8,12,1,1,193.0106,0.45810294402296203
8,18,RF time only,8,12,1,1,194.0183,0.9374918810368463
8,18,RF time only,8,12,1,1,195.011,0.74922407076797
8,18,RF time only,8,12,1,1,196.0152,0.5576819549876019
8,18,RF time only,8,12,1,1,197.0104,0.6955187483199999
8,18,RF time only,8,12,1,1,198.0171,0.8804911487910914
8,18,RF time only,8,12,1,1,199.0101,0.5832883701361026
8,18,RF time only,8,12,1,1,200.0164,0.7297090317379435
8,18,RF time only,8,12,1,1,201.0086,0.1916450429580273
8,18,RF time only,8,12,1,1,202.0159,0.5809979626644228
8,18,RF time only,8,12,1,1,203.0097,0.7225971303936696
8,18,RF time only,8,12,1,1,204.015,0.6117672195693874
8,18,RF time only,8,12,1,1,205.0092,0.8035540860132169
8,18,RF time only,8,12,1,1,206.0141,0.9112334501815615
8,18,RF time only,8,12,1,1,207.008,0.9109753554773139
8,18,RF time only,8,12,1,1,208.0141,0.43631169793463004
8,18,RF time only,8,12,1,1,209.0079,0.8655646465428138
8,18,RF time only,8,12,1,1,210.0141,0.7219082464676344
8,18,RF time only,8,12,1,1,211.0173,0.8783688046663466
8,18,RF time only,8,12,1,1,212.0122,0.868699154967832
8,18,RF time only,8,12,1,1,213.0178,0.6571746340622537
8,18,RF time only,8,12,1,1,214.0104,0.2175680264387531
8,18,RF time only,8,12,1,1,215.0173,0.8820982238205545
8,18,RF time only,8,12,1,1,216.0121,0.6783959924633203
8,18,RF time only,8,12,1,1,217.016,0.46449607311740665
8,18,RF time only,8,12,1,1,218.0118,0.906985570287449
8,18,RF time only,8,12,1,1,219.017,0.4171947131180647
8,18,RF time only,8,12,1,1,220.0112,0.9865314264176417
8,18,RF time only,8,12,1,1,221.0145,0.8074481523007985
8,18,RF time only,8,12,1,1,222.0105,0.6916379026789108
8,18,RF time only,8,12,1,1,223.0154,0.9798151694453977
8,18,RF time only,8,12,1,1,224.0105,0.43826285767720385
8,18,RF time only,8,12,1,1,225.0148,0.7410311909471594
8,18,RF time only,8,12,1,1,226.0095,0.7759750689183074
8,18,RF time only,8,12,1,1,227.0143,0.39234504562472416
8,18,RF time only,8,12,1,1,228.0086,0.8125326072226282
8,18,RF time only,8,12,1,1,229.0141,0.4325690674071625
8,18,RF time only,8,12,1,1,230.0186,0.4671421169124184
8,18,RF time only,8,12,1,1,231.0125,0.7029565184705211
8,18,RF time only,8,12,1,1,232.0178,0.4702286457544679
8,18,RF time only,8,12,1,1,233.0099,0.6073007651579009
8,18,RF time only,8,12,1,1,234.0176,0.19886960726902436
8,18,RF time only,8,12,1,1,235.0116,0.2166561091400586
8,18,RF time only,8,12,1,1,236.0172,0.4260414303584231
8,18,RF time only,8,12,1,1,237.0101,0.9293039400143639
8,18,RF time only,8,12,1,1,238.0155,0.24476107344000708
8,18,RF time only,8,12,1,1,239.008,0.679527193898497
8,18,RF time only,8,12,1,1,240.0153,0.3986704601212011
8,18,RF time only,8,12,1,1,241.0105,0.7048184649723592
8,18,RF time only,8,12,1,1,242.0131,0.7676828359021508
8,18,RF time only,8,12,1,1,243.0095,0.7746160765700877
8,18,RF time only,8,12,1,1,244.014,0.9796870378129078
8,18,RF time only,8,12,1,1,245.0085,0.5393085111204359
8,18,RF time only,8,12,1,1,246.0148,0.9842799609661838
8,18,RF time only,8,12,1,1,247.009,0.9808379738054236
8,18,RF time only,8,12,1,1,248.0144,0.5294296912238158
8,18,RF time only,8,12,1,1,249.0175,0.287311777330023
8,18,RF time only,8,12,1,1,250.0134,0.6475598486735857
8,18,RF time only,8,12,1,1,251.0181,0.6951549633574354
8,18,RF time only,8,12,1,1,252.0121,0.9583471589312249
8,18,RF time only,8,12,1,1,253.0182,0.8986949411736841
8,18,RF time only,8,12,1,1,254.0107,0.9352581754523758
8,18,RF time only,8,12,1,1,255.0149,0.9215133739751383
8,18,RF time only,8,12,1,1,256.0111,0.9795396706226915
8,18,RF time only,8,12,1,1,257.0152,0.9280404015309104
8,18,RF time only,8,12,1,1,258.0106,0.8733553073852464
8,18,RF time only,8,12,1,1,259.0168,0.9646180848500768
8,18,RF time only,8,12,1,1,260.0113,0.8062328082273809
8,18,RF time only,8,12,1,1,261.0168,0.981474387152889
8,18,RF time only,8,12,1,1,262.0091,0.5257983646849392
8,18,RF time only,8,12,1,1,263.015,0.9220819742544905
8,18,RF time only,8,12,1,1,264.0086,0.7009497714421542
8,18,RF time only,8,12,1,1,265.0153,0.9910152627703819
8,18,RF time only,8,12,1,1,266.0085,0.712819932007034
8,18,RF time only,8,12,1,1,267.0125,0.9201447491818114
8,18,RF time only,8,12,1,1,268.0091,0.5794147174173083
8,18,RF time only,8,12,1,1,269.0128,0.8116036385168521
8,18,RF time only,8,12,1,1,270.0084,0.9494993984163864
8,18,RF time only,8,12,1,1,271.0146,0.6490104978742224
8,18,RF time only,8,12,1,1,272.0173,0.6907185295225808
8,18,RF time only,8,12,1,1,273.0097,0.3387251848920208
8,18,RF time only,8,12,1,1,274.0183,0.7530682309262775
8,18,RF time only,8,12,1,1,275.0115,0.6459675698830781
8,18,RF time only,8,12,1,1,276.0151,0.9916216195470433
8,18,RF time only,8,12,1,1,277.0096,0.9088262012397954
8,18,RF time only,8,12,1,1,278.0158,0.916129940327009
8,18,RF time only,8,12,1,1,279.0106,0.9069572924288704
8,18,RF time only,8,12,1,1,280.0164,0.9890278421967729
8,18,RF time only,8,12,1,1,281.0103,0.43583703868527324
8,18,RF time only,8,12,1,1,282.0149,0.8790025462580944
8,18,RF time only,8,12,1,1,283.009,0.7305978388535131
8,18,RF time only,8,12,1,1,284.0134,0.958614032166181
8,18,RF time only,8,12,1,1,285.0092,0.9135668017844246
8,18,RF time only,8,12,1,1,286.0143,0.9927335690139002
8,18,RF time only,8,12,1,1,287.0086,0.3758066206869597
8,18,RF time only,8,12,1,1,288.0116,0.987977013927405
8,18,RF time only,8,12,1,1,289.0082,0.9278398542072336
8,18,RF time only,8,12,1,1,290.0127,0.6796972910944027
8,18,RF time only,8,12,1,1,291.0188,0.8161333177661324
8,18,RF time only,8,12,1,1,292.0116,0.7932782425559955
8,18,RF time only,8,12,1,1,293.0168,0.9639000828820051
8,18,RF time only,8,12,1,1,294.0131,0.8063702519689688
8,18,RF time only,8,12,1,1,295.0175,0.9467468236127216
8,18,RF time only,8,12,1,1,296.0116,0.6653832080445985
8,18,RF time only,8,12,1,1,297.0178,0.8406137442836518
8,18,RF time only,8,12,1,1,298.0087,0.9771349116676918
8,18,RF time only,8,12,1,1,299.016,0.9346683509007159
8,18,RF time only,8,12,1,1,300.0092,0.8336374635157998
8,18,RF time only,8,12,1,1,301.0147,0.9934275855326852
8,18,RF time only,18,30,0,0,0.0,0.0
8,18,RF time only,18,30,0,0,0.9999792,0.0
8,18,RF time only,18,30,0,0,2.004788,0.0
8,18,RF time only,18,30,0,0,2.99668,0.0
8,18,RF time only,18,30,0,0,4.00343,0.0
8,18,RF time only,18,30,0,0,4.997688,0.0
8,18,RF time only,18,30,0,0,6.001186,0.0
8,18,RF time only,18,30,0,0,6.998924,0.0
8,18,RF time only,18,30,0,0,8.00406,0.005691337414208866
8,18,RF time only,18,30,0,0,8.995449,0.014500280342249997
8,18,RF time only,18,30,0,0,10.00218,0.0606448758467658
8,18,RF time only,18,30,0,0,11.00547,0.03638611552227041
8,18,RF time only,18,30,0,0,12.00087,0.0
8,18,RF time only,18,30,0,0,12.9966,0.0013441615909209226
8,18,RF time only,18,30,0,0,14.00091,0.006991973049307864
8,18,RF time only,18,30,0,0,15.00556,0.036493796558582516
8,18,RF time only,18,30,0,0,16.00177,0.0
8,18,RF time only,18,30,0,0,17.00652,0.10063735247269055
8,18,RF time only,18,30,0,0,17.99968,0.0
8,18,RF time only,18,30,0,0,19.00499,0.05411282111790716
8,18,RF time only,18,30,0,0,20.00038,0.0
8,18,RF time only,18,30,0,0,21.00265,0.17932927016860772
8,18,RF time only,18,30,0,0,21.99645,0.0
8,18,RF time only,18,30,0,0,23.00518,0.3943596007089963
8,18,RF time only,18,30,0,0,23.99806,0.0
8,18,RF time only,18,30,0,0,25.00475,0.016227977136455737
8,18,RF time only,18,30,0,0,25.99721,0.07614411006440276
8,18,RF time only,18,30,0,0,27.00311,0.014352212211401608
8,18,RF time only,18,30,0,0,27.99697,0.09579659267648086
8,18,RF time only,18,30,0,0,29.00288,0.011888524989283627
8,18,RF time only,18,30,0,0,29.99674,0.0884328528762029
8,18,RF time only,18,30,0,0,31.00117,0.0512290388827187
8,18,RF time only,18,30,0,0,31.99794,0.07209854544622682
8,18,RF time only,18,30,0,0,32.99901,0.012970039003475634
8,18,RF time only,18,30,0,0,34.00613,0.0837147326068953
8,18,RF time only,18,30,0,0,35.00093,0.27114998455492045
8,18,RF time only,18,30,0,0,35.99554,0.04970246837213592
8,18,RF time only,18,30,0,0,36.99783,0.46840013700327127
8,18,RF time only,18,30,0,0,38.00521,0.421003721875093
8,18,RF time only,18,30,0,0,39.0009,0.10458679327825002
8,18,RF time only,18,30,0,0,40.0038,0.0
8,18,RF time only,18,30,0,0,41.00013,0.3042868491596609
8,18,RF time only,18,30,0,0,42.00479,0.49940892578016627
8,18,RF time only,18,30,0,0,42.9991,0.1757204504894808
8,18,RF time only,18,30,0,0,44.00304,0.01553166710355432
8,18,RF time only,18,30,0,0,44.99727,0.28933235853132666
8,18,RF time only,18,30,0,0,46.00503,0.6332681005191879
8,18,RF time only,18,30,0,0,46.99549,0.24988165057080133
8,18,RF time only,18,30,0,0,48.00256,0.001893897236134298
8,18,RF time only,18,30,0,0,48.99692,0.06202146951668707
8,18,RF time only,18,30,0,0,50.00111,0.05174175659181743
8,18,RF time only,18,30,0,0,50.99635,0.16562615672309222
8,18,RF time only,18,30,0,0,52.00238,0.14196447041908575
8,18,RF time only,18,30,0,0,52.99729,0.1469411963728385
8,18,RF time only,18,30,0,0,54.00202,0.28161648325498756
8,18,RF time only,18,30,0,0,54.99564,0.10438600892837754
8,18,RF time only,18,30,0,0,55.99984,0.22051727280148603
8,18,RF time only,18,30,0,0,57.00648,0.58860044896042
8,18,RF time only,18,30,0,0,58.00112,0.24945641353471396
8,18,RF time only,18,30,0,0,59.00549,0.576152178657248
8,18,RF time only,18,30,0,0,60.00083,0.2420452541256431
8,18,RF time only,18,30,0,0,60.99555,0.21164954819294093
8,18,RF time only,18,30,0,0,61.99899,0.05975768062491742
8,18,RF time only,18,30,0,0,63.00394,0.004692682362131444
8,18,RF time only,18,30,0,0,63.99825,0.26549771258898874
8,18,RF time only,18,30,0,0,65.00445,0.4277969367353892
8,18,RF time only,18,30,0,0,65.99821,0.6144055583672753
8,18,RF time only,18,30,0,0,67.00327,0.45926116279875173
8,18,RF time only,18,30,0,0,67.99731,0.09843720351950176
8,18,RF time only,18,30,0,0,69.00223,0.19832110186793733
8,18,RF time only,18,30,0,0,69.99654,0.08991769929607431
8,18,RF time only,18,30,0,0,71.00023,0.5023334536261059
8,18,RF time only,18,30,0,0,71.99614,0.10134031667899016
8,18,RF time only,18,30,0,0,73.00099,0.03383125781584774
8,18,RF time only,18,30,0,0,73.99584,0.11861548004818037
8,18,RF time only,18,30,0,0,75.00096,0.08472947969463931
8,18,RF time only,18,30,0,0,76.00616,0.555040672735513
8,18,RF time only,18,30,0,0,77.00009,0.09401051441059416
8,18,RF time only,18,30,0,0,78.0049,0.42933525237786757
8,18,RF time only,18,30,0,0,79.00005,0.07626715455824692
8,18,RF time only,18,30,0,0,80.00594,0.7202950495648743
8,18,RF time only,18,30,0,0,80.99896,0.5618533934301657
8,18,RF time only,18,30,0,0,82.00391,0.08652500834241034
8,18,RF time only,18,30,0,0,82.99937,0.21052833234547652
8,18,RF time only,18,30,0,0,84.00315,0.04565371565825867
8,18,RF time only,18,30,0,0,84.99638,0.8098025713314164
8,18,RF time only,18,30,0,0,86.00302,0.4407074806322973
8,18,RF time only,18,30,0,0,86.99828,0.25024802047854205
8,18,RF time only,18,30,0,0,88.00369,0.6651472796524239
8,18,RF time only,18,30,0,0,88.99768,0.12839630950166006
8,18,RF time only,18,30,0,0,90.00156,0.11786922342320637
8,18,RF time only,18,30,0,0,90.99709,0.13268267866861616
8,18,RF time only,18,30,0,0,92.00238,0.07165856524828831
8,18,RF time only,18,30,0,0,92.9968,0.3033260398401478
8,18,RF time only,18,30,0,0,94.00124,0.198423812822806
8,18,RF time only,18,30,0,0,95.00658,0.4867199711752801
8,18,RF time only,18,30,0,0,96.00197,0.1757660483518681
8,18,RF time only,18,30,0,0,97.00596,0.04814676763596857
8,18,RF time only,18,30,0,0,98.00156,0.406738755157642
8,18,RF time only,18,30,0,0,98.99548,0.34970979367296673
8,18,RF time only,18,30,0,0,100.0009,0.32890740467076685
8,18,RF time only,18,30,0,0,101.0066,0.17876267074486493
8,18,RF time only,18,30,0,0,102.0006,0.1509593414931858
8,18,GB time only,8,12,0,0,0.0110377,0.0006454706722441502
8,18,GB time only,8,12,0,0,1.010147,0.0006454706722441502
8,18,GB time only,8,12,0,0,2.016094,0.0006454706722441502
8,18,GB time only,8,12,0,0,3.009745,0.0006454706722441502
8,18,GB time only,8,12,1,1,4.01616,0.0006454706722441502
8,18,GB time only,8,12,1,1,5.009424,0.0006454706722441502
8,18,GB time only,8,12,1,1,6.01379,0.03840862023553101
8,18,GB time only,8,12,1,1,7.008862,0.03840862023553101
8,18,GB time only,8,12,1,1,8.014355,0.07391231076155615
8,18,GB time only,8,12,1,1,9.019238,0.07483057292116004
8,18,GB time only,8,12,1,1,10.01213,0.07483057292116004
8,18,GB time only,8,12,1,1,11.0166,0.07483057292116004
8,18,GB time only,8,12,1,1,12.01287,0.07483057292116004
8,18,GB time only,8,12,1,1,13.01876,0.07471946366415251
8,18,GB time only,8,12,1,1,14.01381,0.07471946366415251
8,18,GB time only,8,12,1,1,15.01681,0.07471946366415251
8,18,GB time only,8,12,1,1,16.01281,0.07471946366415251
8,18,GB time only,8,12,1,1,17.01839,0.07471946366415251
8,18,GB time only,8,12,1,1,18.01066,0.07457941192779154
8,18,GB time only,8,12,1,1,19.01831,0.07473792900628216
8,18,GB time only,8,12,1,1,20.01064,0.07473792900628216
8,18,GB time only,8,12,1,1,21.0165,0.07473792900628216
8,18,GB time only,8,12,1,1,22.01155,0.10725228412369474
8,18,GB time only,8,12,1,1,23.01568,0.040895430308072175
8,18,GB time only,8,12,1,1,24.0096,0.040895430308072175
8,18,GB time only,8,12,1,1,25.01568,0.1113144856341933
8,18,GB time only,8,12,1,1,26.00962,0.1113144856341933
8,18,GB time only,8,12,1,1,27.01536,0.17514000524227497
8,18,GB time only,8,12,1,1,28.0098,0.14855926784605641
8,18,GB time only,8,12,1,1,29.01463,0.1800488566200393
8,18,GB time only,8,12,1,1,30.0086,0.1479431015391413
8,18,GB time only,8,12,1,1,31.01355,0.1479431015391413
8,18,GB time only,8,12,1,1,32.01867,0.17714895325095176
8,18,GB time only,8,12,1,1,33.01118,0.2481172644449426
8,18,GB time only,8,12,1,1,34.01851,0.14908316932454196
8,18,GB time only,8,12,1,1,35.01208,0.14908316932454196
8,18,GB time only,8,12,1,1,36.01853,0.21023656904911
8,18,GB time only,8,12,1,1,37.01241,0.21023656904911
8,18,GB time only,8,12,1,1,38.01729,0.21526683313795159
8,18,GB time only,8,12,1,1,39.01123,0.21526683313795159
8,18,GB time only,8,12,1,1,40.0166,0.21526683313795159
8,18,GB time only,8,12,1,1,41.00916,0.17965588451783743
8,18,GB time only,8,12,1,1,42.01604,0.2146906547897221
8,18,GB time only,8,12,1,1,43.00914,0.14943307167584147
8,18,GB time only,8,12,1,1,44.01637,0.2477075330484744
8,18,GB time only,8,12,1,1,45.01945,0.21554092547031461
8,18,GB time only,8,12,1,1,46.01505,0.18013831317648465
8,18,GB time only,8,12,1,1,47.0084,0.18013831317648465
8,18,GB time only,8,12,1,1,48.01484,0.18243919498436498
8,18,GB time only,8,12,1,1,49.00824,0.2471021248320406
8,18,GB time only,8,12,1,1,50.01454,0.21905965819408357
8,18,GB time only,8,12,1,1,51.01845,0.24128410128021074
8,18,GB time only,8,12,1,1,52.01202,0.2192256486179891
8,18,GB time only,8,12,1,1,53.01875,0.4074950586135306
8,18,GB time only,8,12,1,1,54.01386,0.2536392445874846
8,18,GB time only,8,12,1,1,55.01745,0.3341892494903968
8,18,GB time only,8,12,1,1,56.01162,0.31601546774888634
8,18,GB time only,8,12,1,1,57.01839,0.28912761506247586
8,18,GB time only,8,12,1,1,58.01215,0.28912761506247586
8,18,GB time only,8,12,1,1,59.01632,0.3165857988417382
8,18,GB time only,8,12,1,1,60.01164,0.34229596905473114
8,18,GB time only,8,12,1,1,61.01605,0.33829364421550884
8,18,GB time only,8,12,1,1,62.01088,0.32159574324991613
8,18,GB time only,8,12,1,1,63.01574,0.46309314729793216
8,18,GB time only,8,12,1,1,64.0106,0.378646303690924
8,18,GB time only,8,12,1,1,65.01489,0.2828732092112198
8,18,GB time only,8,12,1,1,66.00845,0.2828732092112198
8,18,GB time only,8,12,1,1,67.01373,0.3454215527176896
8,18,GB time only,8,12,1,1,68.01971,0.3454215527176896
8,18,GB time only,8,12,1,1,69.01488,0.3248102342070115
8,18,GB time only,8,12,1,1,70.01777,0.39395892940903493
8,18,GB time only,8,12,1,1,71.01369,0.3837095468710588
8,18,GB time only,8,12,1,1,72.01964,0.40141895443013964
8,18,GB time only,8,12,1,1,73.01192,0.40141895443013964
8,18,GB time only,8,12,1,1,74.01961,0.3825412531224475
8,18,GB time only,8,12,1,1,75.01247,0.3825412531224475
8,18,GB time only,8,12,1,1,76.01733,0.3953360530403885
8,18,GB time only,8,12,1,1,77.01091,0.3263894944130628
8,18,GB time only,8,12,1,1,78.01698,0.37950602783821535
8,18,GB time only,8,12,1,1,79.01109,0.4409320802937548
8,18,GB time only,8,12,1,1,80.01685,0.479944597074586
8,18,GB time only,8,12,1,1,81.01129,0.41651758782953247
8,18,GB time only,8,12,1,1,82.0164,0.43610789066329925
8,18,GB time only,8,12,1,1,83.00986,0.43610789066329925
8,18,GB time only,8,12,1,1,84.01507,0.4169282909378429
8,18,GB time only,8,12,1,1,85.0094,0.5085471514686658
8,18,GB time only,8,12,1,1,86.01546,0.41867853331845584
8,18,GB time only,8,12,1,1,87.00921,0.4707396392719285
8,18,GB time only,8,12,1,1,88.01216,0.4929203898069772
8,18,GB time only,8,12,1,1,89.00884,0.47010951979220794
8,18,GB time only,8,12,1,1,90.01527,0.4370948913423616
8,18,GB time only,8,12,1,1,91.01823,0.5252153622666818
8,18,GB time only,8,12,1,1,92.01326,0.5252153622666818
8,18,GB time only,8,12,1,1,93.0173,0.5252153622666818
8,18,GB time only,8,12,1,1,94.012,0.44950441251883916
8,18,GB time only,8,12,1,1,95.01615,0.5118233758732963
8,18,GB time only,8,12,1,1,96.01204,0.5054206866682216
8,18,GB time only,8,12,1,1,97.01764,0.5768509970543491
8,18,GB time only,8,12,1,1,98.0108,0.5768509970543491
8,18,GB time only,8,12,1,1,99.01787,0.5428948060742096
8,18,GB time only,8,12,1,1,100.0112,0.5428948060742096
8,18,GB time only,8,12,1,1,101.0159,0.5770565650017795
8,18,GB time only,8,12,1,1,102.0096,0.5290002566553988
8,18,GB time only,8,12,1,1,103.0159,0.5006949208922162
8,18,GB time only,8,12,1,1,104.0102,0.47866293908147856
8,18,GB time only,8,12,1,1,105.0157,0.4885191836765358
8,18,GB time only,8,12,1,1,106.0086,0.4885191836765358
8,18,GB time only,8,12,1,1,107.0142,0.52074704285613
8,18,GB time only,8,12,1,1,108.009,0.4995288511079479
8,18,GB time only,8,12,1,1,109.0137,0.4203536245764097
8,18,GB time only,8,12,1,1,110.0089,0.5119904913448368
8,18,GB time only,8,12,1,1,111.0139,0.5032402541526949
8,18,GB time only,8,12,1,1,112.0085,0.5032402541526949
8,18,GB time only,8,12,1,1,113.0106,0.5215094952235775
8,18,GB time only,8,12,1,1,114.017,0.4703079083619104
8,18,GB time only,8,12,1,1,115.0134,0.43802880662353133
8,18,GB time only,8,12,1,1,116.0167,0.4924320549970871
8,18,GB time only,8,12,1,1,117.0123,0.4454918955542035
8,18,GB time only,8,12,1,1,118.0174,0.4454918955542035
8,18,GB time only,8,12,1,1,119.0114,0.4454918955542035
8,18,GB time only,8,12,1,1,120.0172,0.46625330864952425
8,18,GB time only,8,12,1,1,121.0105,0.4090330320799
8,18,GB time only,8,12,1,1,122.0162,0.4763583707890632
8,18,GB time only,8,12,1,1,123.0094,0.4763583707890632
8,18,GB time only,8,12,1,1,124.015,0.48827942460886337
8,18,GB time only,8,12,1,1,125.0093,0.4753971468114121
8,18,GB time only,8,12,1,1,126.0151,0.4837943299480499
8,18,GB time only,8,12,1,1,127.0096,0.44709766551671953
8,18,GB time only,8,12,1,1,128.0141,0.5238936156215417
8,18,GB time only,8,12,1,1,129.0185,0.5055000589189482
8,18,GB time only,8,12,1,1,130.014,0.5055000589189482
8,18,GB time only,8,12,1,1,131.0189,0.5350351022568689
8,18,GB time only,8,12,1,1,132.0128,0.5049041300718059
8,18,GB time only,8,12,1,1,133.019,0.5049041300718059
8,18,GB time only,8,12,1,1,134.0107,0.5049041300718059
8,18,GB time only,8,12,1,1,135.0182,0.535447999261111
8,18,GB time only,8,12,1,1,136.0107,0.535447999261111
8,18,GB time only,8,12,1,1,137.0173,0.5630499978358263
8,18,GB time only,8,12,1,1,138.0118,0.5380779586221339
8,18,GB time only,8,12,1,1,139.0185,0.5574494830679969
8,18,GB time only,8,12,1,1,140.011,0.5574494830679969
8,18,GB time only,8,12,1,1,141.0155,0.5739588215516664
8,18,GB time only,8,12,1,1,142.0092,0.5688308795925922
8,18,GB time only,8,12,1,1,143.0148,0.5145614574703905
8,18,GB time only,8,12,1,1,144.0097,0.556003831442156
8,18,GB time only,8,12,1,1,145.0158,0.556003831442156
8,18,GB time only,8,12,1,1,146.009,0.556003831442156
8,18,GB time only,8,12,1,1,147.0147,0.5633743639840425
8,18,GB time only,8,12,1,1,148.0176,0.5581889299588562
8,18,GB time only,8,12,1,1,149.0135,0.5384600250967897
8,18,GB time only,8,12,1,1,150.0089,0.5767205890037203
8,18,GB time only,8,12,1,1,151.0133,0.5461927608169909
8,18,GB time only,8,12,1,1,152.0182,0.5368935048203731
8,18,GB time only,8,12,1,1,153.0136,0.5368935048203731
8,18,GB time only,8,12,1,1,154.0181,0.5789641774472304
8,18,GB time only,8,12,1,1,155.0128,0.5066586375268423
8,18,GB time only,8,12,1,1,156.0166,0.6077557761229706
8,18,GB time only,8,12,1,1,157.0118,0.6077557761229706
8,18,GB time only,8,12,1,1,158.0165,0.5774261181485895
8,18,GB time only,8,12,1,1,159.0093,0.6121765773700056
8,18,GB time only,8,12,1,1,160.0144,0.6352584291106756
8,18,GB time only,8,12,1,1,161.0088,0.6352584291106756
8,18,GB time only,8,12,1,1,162.0157,0.6715221681810001
8,18,GB time only,8,12,1,1,163.0096,0.6715221681810001
8,18,GB time only,8,12,1,1,164.0156,0.5898476370967035
8,18,GB time only,8,12,1,1,165.0181,0.6593980893783146
8,18,GB time only,8,12,1,1,166.015,0.5678591097597522
8,18,GB time only,8,12,1,1,167.0088,0.5678591097597522
8,18,GB time only,8,12,1,1,168.0134,0.6165902768349729
8,18,GB time only,8,12,1,1,169.0189,0.6165902768349729
8,18,GB time only,8,12,1,1,170.0132,0.6165902768349729
8,18,GB time only,8,12,1,1,171.0085,0.654667963406173
8,18,GB time only,8,12,1,1,172.0134,0.5958067143363136
8,18,GB time only,8,12,1,1,173.0177,0.6433517534487921
8,18,GB time only,8,12,1,1,174.0111,0.6433517534487921
8,18,GB time only,8,12,1,1,175.0181,0.5959681114837251
8,18,GB time only,8,12,1,1,176.0109,0.6156253707080503
8,18,GB time only,8,12,1,1,177.017,0.6539246927710682
8,18,GB time only,8,12,1,1,178.011,0.6055320643780481
8,18,GB time only,8,12,1,1,179.0166,0.6338170543994678
8,18,GB time only,8,12,1,1,180.0093,0.6338170543994678
8,18,GB time only,8,12,1,1,181.0153,0.6166936165725463
8,18,GB time only,8,12,1,1,182.0092,0.6166936165725463
8,18,GB time only,8,12,1,1,183.0143,0.6216196983499281
8,18,GB time only,8,12,1,1,184.0083,0.6216196983499281
8,18,GB time only,8,12,1,1,185.0125,0.5922424556180195
8,18,GB time only,8,12,1,1,186.0095,0.6465740034493485
8,18,GB time only,8,12,1,1,187.0145,0.5776659977937472
8,18,GB time only,8,12,1,1,188.0086,0.6611607540130726
8,18,GB time only,8,12,1,1,189.0136,0.6257348385779616
8,18,GB time only,8,12,1,1,190.0171,0.6175348133404797
8,18,GB time only,8,12,1,1,191.013,0.6175348133404797
8,18,GB time only,8,12,1,1,192.0174,0.688557702859613
8,18,GB time only,8,12,1,1,193.0106,0.6174414406138118
8,18,GB time only,8,12,1,1,194.0183,0.7206383178892192
8,18,GB time only,8,12,1,1,195.011,0.6437171757265632
8,18,GB time only,8,12,1,1,196.0152,0.6874104336096507
8,18,GB time only,8,12,1,1,197.0104,0.6874104336096507
8,18,GB time only,8,12,1,1,198.0171,0.639844046710099
8,18,GB time only,8,12,1,1,199.0101,0.6305717672907563
8,18,GB time only,8,12,1,1,200.0164,0.6594638382595944
8,18,GB time only,8,12,1,1,201.0086,0.6594638382595944
8,18,GB time only,8,12,1,1,202.0159,0.640164405689519
8,18,GB time only,8,12,1,1,203.0097,0.640164405689519
8,18,GB time only,8,12,1,1,204.015,0.640164405689519
8,18,GB time only,8,12,1,1,205.0092,0.6050616616297974
8,18,GB time only,8,12,1,1,206.0141,0.6609840270390911
8,18,GB time only,8,12,1,1,207.008,0.6609840270390911
8,18,GB time only,8,12,1,1,208.0141,0.5925261134630935
8,18,GB time only,8,12,1,1,209.0079,0.6362878272929464
8,18,GB time only,8,12,1,1,210.0141,0.5781416982912695
8,18,GB time only,8,12,1,1,211.0173,0.6608679430275732
8,18,GB time only,8,12,1,1,212.0122,0.6394403593535134
8,18,GB time only,8,12,1,1,213.0178,0.5921672055265143
8,18,GB time only,8,12,1,1,214.0104,0.5921672055265143
8,18,GB time only,8,12,1,1,215.0173,0.6212640574170428
8,18,GB time only,8,12,1,1,216.0121,0.5915249244815742
8,18,GB time only,8,12,1,1,217.016,0.6409198728978568
8,18,GB time only,8,12,1,1,218.0118,0.6635883017277412
8,18,GB time only,8,12,1,1,219.017,0.6635883017277412
8,18,GB time only,8,12,1,1,220.0112,0.6635883017277412
8,18,GB time only,8,12,1,1,221.0145,0.6309713424043624
8,18,GB time only,8,12,1,1,222.0105,0.6658197295845515
8,18,GB time only,8,12,1,1,223.0154,0.6705274944904748
8,18,GB time only,8,12,1,1,224.0105,0.6344206576535375
8,18,GB time only,8,12,1,1,225.0148,0.6344206576535375
8,18,GB time only,8,12,1,1,226.0095,0.6490019153891479
8,18,GB time only,8,12,1,1,227.0143,0.6463243548988415
8,18,GB time only,8,12,1,1,228.0086,0.6653322952571759
8,18,GB time only,8,12,1,1,229.0141,0.6837863687940332
8,18,GB time only,8,12,1,1,230.0186,0.6608771548149275
8,18,GB time only,8,12,1,1,231.0125,0.6608771548149275
8,18,GB time only,8,12,1,1,232.0178,0.6296443793379142
8,18,GB time only,8,12,1,1,233.0099,0.6208511293533445
8,18,GB time only,8,12,1,1,234.0176,0.7109264373118015
8,18,GB time only,8,12,1,1,235.0116,0.62079717307251
8,18,GB time only,8,12,1,1,236.0172,0.6707785681221621
8,18,GB time only,8,12,1,1,237.0101,0.6707785681221621
8,18,GB time only,8,12,1,1,238.0155,0.6414908358432494
8,18,GB time only,8,12,1,1,239.008,0.6223825167369151
8,18,GB time only,8,12,1,1,240.0153,0.6857457810223225
8,18,GB time only,8,12,1,1,241.0105,0.6312323986022954
8,18,GB time only,8,12,1,1,242.0131,0.6312323986022954
8,18,GB time only,8,12,1,1,243.0095,0.663781979636789
8,18,GB time only,8,12,1,1,244.014,0.663781979636789
8,18,GB time only,8,12,1,1,245.0085,0.663781979636789
8,18,GB time only,8,12,1,1,246.0148,0.6321284023330805
8,18,GB time only,8,12,1,1,247.009,0.6321284023330805
8,18,GB time only,8,12,1,1,248.0144,0.6642032265175034
8,18,GB time only,8,12,1,1,249.0175,0.6642032265175034
8,18,GB time only,8,12,1,1,250.0134,0.6434902915816315
8,18,GB time only,8,12,1,1,251.0181,0.6434902915816315
8,18,GB time only,8,12,1,1,252.0121,0.6509104977462566
8,18,GB time only,8,12,1,1,253.0182,0.6729837459340355
8,18,GB time only,8,12,1,1,254.0107,0.6729837459340355
8,18,GB time only,8,12,1,1,255.0149,0.6567871746477243
8,18,GB time only,8,12,1,1,256.0111,0.6163751073512326
8,18,GB time only,8,12,1,1,257.0152,0.7234268270496016
8,18,GB time only,8,12,1,1,258.0106,0.7234268270496016
8,18,GB time only,8,12,1,1,259.0168,0.6930010355209787
8,18,GB time only,8,12,1,1,260.0113,0.6173993922865164
8,18,GB time only,8,12,1,1,261.0168,0.6901296771578022
8,18,GB time only,8,12,1,1,262.0091,0.6901296771578022
8,18,GB time only,8,12,1,1,263.015,0.678845810300934
8,18,GB time only,8,12,1,1,264.0086,0.7155379920189001
8,18,GB time only,8,12,1,1,265.0153,0.6422396360143724
8,18,GB time only,8,12,1,1,266.0085,0.6422396360143724
8,18,GB time only,8,12,1,1,267.0125,0.7394884183361247
8,18,GB time only,8,12,1,1,268.0091,0.7394884183361247
8,18,GB time only,8,12,1,1,269.0128,0.6289792520290929
8,18,GB time only,8,12,1,1,270.0084,0.67794296771984
8,18,GB time only,8,12,1,1,271.0146,0.682613879148263
8,18,GB time only,8,12,1,1,272.0173,0.6900922608892724
8,18,GB time only,8,12,1,1,273.0097,0.6900922608892724
8,18,GB time only,8,12,1,1,274.0183,0.6777859689613196
8,18,GB time only,8,12,1,1,275.0115,0.6160954837490665
8,18,GB time only,8,12,1,1,276.0151,0.7170798395128057
8,18,GB time only,8,12,1,1,277.0096,0.7170798395128057
8,18,GB time only,8,12,1,1,278.0158,0.7170798395128057
8,18,GB time only,8,12,1,1,279.0106,0.7025555185171137
8,18,GB time only,8,12,1,1,280.0164,0.6946080555301896
8,18,GB time only,8,12,1,1,281.0103,0.6946080555301896
8,18,GB time only,8,12,1,1,282.0149,0.7394150025943408
8,18,GB time only,8,12,1,1,283.009,0.7394150025943408
8,18,GB time only,8,12,1,1,284.0134,0.6940632923956109
8,18,GB time only,8,12,1,1,285.0092,0.6807929314110411
8,18,GB time only,8,12,1,1,286.0143,0.7172866923895886
8,18,GB time only,8,12,1,1,287.0086,0.7172866923895886
8,18,GB time only,8,12,1,1,288.0116,0.7172866923895886
8,18,GB time only,8,12,1,1,289.0082,0.6702044329139403
8,18,GB time only,8,12,1,1,290.0127,0.7274595405689159
8,18,GB time only,8,12,1,1,291.0188,0.7441993558813839
8,18,GB time only,8,12,1,1,292.0116,0.7441993558813839
8,18,GB time only,8,12,1,1,293.0168,0.7441993558813839
8,18,GB time only,8,12,1,1,294.0131,0.7441993558813839
8,18,GB time only,8,12,1,1,295.0175,0.7517993428273815
8,18,GB time only,8,12,1,1,296.0116,0.7517993428273815
8,18,GB time only,8,12,1,1,297.0178,0.7669854187344084
8,18,GB time only,8,12,1,1,298.0087,0.746189644207544
8,18,GB time only,8,12,1,1,299.016,0.7690805155949336
8,18,GB time only,8,12,1,1,300.0092,0.7690805155949336
8,18,GB time only,8,12,1,1,301.0147,0.7752824751352739
8,18,GB time only,18,30,0,0,0.0,0.0006454706722441502
8,18,GB time only,18,30,0,0,0.9999792,0.0006454706722441502
8,18,GB time only,18,30,0,0,2.004788,0.0006454706722441502
8,18,GB time only,18,30,0,0,2.99668,0.0006454706722441502
8,18,GB time only,18,30,0,0,4.00343,0.0006454706722441502
8,18,GB time only,18,30,0,0,4.997688,0.0006454706722441502
8,18,GB time only,18,30,0,0,6.001186,0.0006454706722441502
8,18,GB time only,18,30,0,0,6.998924,0.03840862023553101
8,18,GB time only,18,30,0,0,8.00406,0.07411486361179846
8,18,GB time only,18,30,0,0,8.995449,0.07391231076155615
8,18,GB time only,18,30,0,0,10.00218,0.07483057292116004
8,18,GB time only,18,30,0,0,11.00547,0.07483057292116004
8,18,GB time only,18,30,0,0,12.00087,0.07483057292116004
8,18,GB time only,18,30,0,0,12.9966,0.10602096347481983
8,18,GB time only,18,30,0,0,14.00091,0.07471946366415251
8,18,GB time only,18,30,0,0,15.00556,0.07471946366415251
8,18,GB time only,18,30,0,0,16.00177,0.07471946366415251
8,18,GB time only,18,30,0,0,17.00652,0.07471946366415251
8,18,GB time only,18,30,0,0,17.99968,0.07471946366415251
8,18,GB time only,18,30,0,0,19.00499,0.07473792900628216
8,18,GB time only,18,30,0,0,20.00038,0.07473792900628216
8,18,GB time only,18,30,0,0,21.00265,0.07473792900628216
8,18,GB time only,18,30,0,0,21.99645,0.07473792900628216
8,18,GB time only,18,30,0,0,23.00518,0.10725228412369474
8,18,GB time only,18,30,0,0,23.99806,0.040895430308072175
8,18,GB time only,18,30,0,0,25.00475,0.1113144856341933
8,18,GB time only,18,30,0,0,25.99721,0.1113144856341933
8,18,GB time only,18,30,0,0,27.00311,0.17514000524227497
8,18,GB time only,18,30,0,0,27.99697,0.14855926784605641
8,18,GB time only,18,30,0,0,29.00288,0.1800488566200393
8,18,GB time only,18,30,0,0,29.99674,0.1800488566200393
8,18,GB time only,18,30,0,0,31.00117,0.1479431015391413
8,18,GB time only,18,30,0,0,31.99794,0.1479431015391413
8,18,GB time only,18,30,0,0,32.99901,0.17714895325095176
8,18,GB time only,18,30,0,0,34.00613,0.2481172644449426
8,18,GB time only,18,30,0,0,35.00093,0.14908316932454196
8,18,GB time only,18,30,0,0,35.99554,0.21484288244830088
8,18,GB time only,18,30,0,0,36.99783,0.21023656904911
8,18,GB time only,18,30,0,0,38.00521,0.18407600485521544
8,18,GB time only,18,30,0,0,39.0009,0.21526683313795159
8,18,GB time only,18,30,0,0,40.0038,0.21526683313795159
8,18,GB time only,18,30,0,0,41.00013,0.17965588451783743
8,18,GB time only,18,30,0,0,42.00479,0.2146906547897221
8,18,GB time only,18,30,0,0,42.9991,0.2146906547897221
8,18,GB time only,18,30,0,0,44.00304,0.14943307167584147
8,18,GB time only,18,30,0,0,44.99727,0.2477075330484744
8,18,GB time only,18,30,0,0,46.00503,0.21554092547031461
8,18,GB time only,18,30,0,0,46.99549,0.18013831317648465
8,18,GB time only,18,30,0,0,48.00256,0.18243919498436498
8,18,GB time only,18,30,0,0,48.99692,0.2471021248320406
8,18,GB time only,18,30,0,0,50.00111,0.21905965819408357
8,18,GB time only,18,30,0,0,50.99635,0.24128410128021074
8,18,GB time only,18,30,0,0,52.00238,0.2192256486179891
8,18,GB time only,18,30,0,0,52.99729,0.2192256486179891
8,18,GB time only,18,30,0,0,54.00202,0.4074950586135306
8,18,GB time only,18,30,0,0,54.99564,0.2536392445874846
8,18,GB time only,18,30,0,0,55.99984,0.3341892494903968
8,18,GB time only,18,30,0,0,57.00648,0.31601546774888634
8,18,GB time only,18,30,0,0,58.00112,0.28912761506247586
8,18,GB time only,18,30,0,0,59.00549,0.3165857988417382
8,18,GB time only,18,30,0,0,60.00083,0.34229596905473114
8,18,GB time only,18,30,0,0,60.99555,0.34229596905473114
8,18,GB time only,18,30,0,0,61.99899,0.33829364421550884
8,18,GB time only,18,30,0,0,63.00394,0.32159574324991613
8,18,GB time only,18,30,0,0,63.99825,0.46309314729793216
8,18,GB time only,18,30,0,0,65.00445,0.378646303690924
8,18,GB time only,18,30,0,0,65.99821,0.2828732092112198
8,18,GB time only,18,30,0,0,67.00327,0.3454215527176896
8,18,GB time only,18,30,0,0,67.99731,0.3454215527176896
8,18,GB time only,18,30,0,0,69.00223,0.3248102342070115
8,18,GB time only,18,30,0,0,69.99654,0.3248102342070115
8,18,GB time only,18,30,0,0,71.00023,0.39395892940903493
8,18,GB time only,18,30,0,0,71.99614,0.3837095468710588
8,18,GB time only,18,30,0,0,73.00099,0.40141895443013964
8,18,GB time only,18,30,0,0,73.99584,0.3825412531224475
8,18,GB time only,18,30,0,0,75.00096,0.3825412531224475
8,18,GB time only,18,30,0,0,76.00616,0.3953360530403885
8,18,GB time only,18,30,0,0,77.00009,0.3263894944130628
8,18,GB time only,18,30,0,0,78.0049,0.37950602783821535
8,18,GB time only,18,30,0,0,79.00005,0.37950602783821535
8,18,GB time only,18,30,0,0,80.00594,0.479944597074586
8,18,GB time only,18,30,0,0,80.99896,0.479944597074586
8,18,GB time only,18,30,0,0,82.00391,0.41651758782953247
8,18,GB time only,18,30,0,0,82.99937,0.43610789066329925
8,18,GB time only,18,30,0,0,84.00315,0.4169282909378429
8,18,GB time only,18,30,0,0,84.99638,0.5085471514686658
8,18,GB time only,18,30,0,0,86.00302,0.41867853331845584
8,18,GB time only,18,30,0,0,86.99828,0.41867853331845584
8,18,GB time only,18,30,0,0,88.00369,0.4707396392719285
8,18,GB time only,18,30,0,0,88.99768,0.4929203898069772
8,18,GB time only,18,30,0,0,90.00156,0.47010951979220794
8,18,GB time only,18,30,0,0,90.99709,0.4370948913423616
8,18,GB time only,18,30,0,0,92.00238,0.5252153622666818
8,18,GB time only,18,30,0,0,92.9968,0.5252153622666818
8,18,GB time only,18,30,0,0,94.00124,0.44950441251883916
8,18,GB time only,18,30,0,0,95.00658,0.5118233758732963
8,18,GB time only,18,30,0,0,96.00197,0.5118233758732963
8,18,GB time only,18,30,0,0,97.00596,0.5054206866682216
8,18,GB time only,18,30,0,0,98.00156,0.5768509970543491
8,18,GB time only,18,30,0,0,98.99548,0.5059804527400464
8,18,GB time only,18,30,0,0,100.0009,0.5428948060742096
8,18,GB time only,18,30,0,0,101.0066,0.5770565650017795
8,18,GB time only,18,30,0,0,102.0006,0.5290002566553988
8,18,RF+GB,8,12,0,0,0.0110377,6.101070426942093e-05
8,18,RF+GB,8,12,0,0,1.010147,0.01172753078430493
8,18,RF+GB,8,12,0,0,2.016094,0.006234443268048777
8,18,RF+GB,8,12,0,0,3.009745,0.003397168596828089
8,18,RF+GB,8,12,1,1,4.01616,0.0017007111869277293
8,18,RF+GB,8,12,1,1,5.009424,0.0017086972311434292
8,18,RF+GB,8,12,1,1,6.01379,0.0030089149331308422
8,18,RF+GB,8,12,1,1,7.008862,0.01963805625682532
8,18,RF+GB,8,12,1,1,8.014355,0.064788505799685
8,18,RF+GB,8,12,1,1,9.019238,0.06188137089018547
8,18,RF+GB,8,12,1,1,10.01213,0.06819013146780926
8,18,RF+GB,8,12,1,1,11.0166,0.08280449675478435
8,18,RF+GB,8,12,1,1,12.01287,0.09119287332762788
8,18,RF+GB,8,12,1,1,13.01876,0.08545856827041251
8,18,RF+GB,8,12,1,1,14.01381,0.08552811078201478
8,18,RF+GB,8,12,1,1,15.01681,0.09892817386947775
8,18,RF+GB,8,12,1,1,16.01281,0.07176136126322841
8,18,RF+GB,8,12,1,1,17.01839,0.06700199259663181
8,18,RF+GB,8,12,1,1,18.01066,0.10253486588406421
8,18,RF+GB,8,12,1,1,19.01831,0.10215971047777954
8,18,RF+GB,8,12,1,1,20.01064,0.1024003547765534
8,18,RF+GB,8,12,1,1,21.0165,0.11061124742373912
8,18,RF+GB,8,12,1,1,22.01155,0.1165482137762602
8,18,RF+GB,8,12,1,1,23.01568,0.11343507176114159
8,18,RF+GB,8,12,1,1,24.0096,0.11703456450366427
8,18,RF+GB,8,12,1,1,25.01568,0.10329028117806147
8,18,RF+GB,8,12,1,1,26.00962,0.10185851455478562
8,18,RF+GB,8,12,1,1,27.01536,0.11098585306648025
8,18,RF+GB,8,12,1,1,28.0098,0.1158055518502139
8,18,RF+GB,8,12,1,1,29.01463,0.10577346867768952
8,18,RF+GB,8,12,1,1,30.0086,0.10583605423750962
8,18,RF+GB,8,12,1,1,31.01355,0.09770264611404615
8,18,RF+GB,8,12,1,1,32.01867,0.10311992267658276
8,18,RF+GB,8,12,1,1,33.01118,0.10042557327884281
8,18,RF+GB,8,12,1,1,34.01851,0.09712825091368069
8,18,RF+GB,8,12,1,1,35.01208,0.207402159644991
8,18,RF+GB,8,12,1,1,36.01853,0.2062416747144829
8,18,RF+GB,8,12,1,1,37.01241,0.21957987067259235
8,18,RF+GB,8,12,1,1,38.01729,0.21470875519297083
8,18,RF+GB,8,12,1,1,39.01123,0.20550267871598957
8,18,RF+GB,8,12,1,1,40.0166,0.21183908834029647
8,18,RF+GB,8,12,1,1,41.00916,0.20669487886754068
8,18,RF+GB,8,12,1,1,42.01604,0.2069155687655888
8,18,RF+GB,8,12,1,1,43.00914,0.20510903739766
8,18,RF+GB,8,12,1,1,44.01637,0.20347098879698622
8,18,RF+GB,8,12,1,1,45.01945,0.19706055703329434
8,18,RF+GB,8,12,1,1,46.01505,0.19388846045107222
8,18,RF+GB,8,12,1,1,47.0084,0.19692157500269283
8,18,RF+GB,8,12,1,1,48.01484,0.21138317913919374
8,18,RF+GB,8,12,1,1,49.00824,0.20943802219732388
8,18,RF+GB,8,12,1,1,50.01454,0.2164195408565955
8,18,RF+GB,8,12,1,1,51.01845,0.22150910385443387
8,18,RF+GB,8,12,1,1,52.01202,0.21679673199831206
8,18,RF+GB,8,12,1,1,53.01875,0.22497755358512897
8,18,RF+GB,8,12,1,1,54.01386,0.2216697670156051
8,18,RF+GB,8,12,1,1,55.01745,0.2195075777442385
8,18,RF+GB,8,12,1,1,56.01162,0.21128311265384425
8,18,RF+GB,8,12,1,1,57.01839,0.2118564977066109
8,18,RF+GB,8,12,1,1,58.01215,0.21113437278684014
8,18,RF+GB,8,12,1,1,59.01632,0.21730140308138515
8,18,RF+GB,8,12,1,1,60.01164,0.21299460422131816
8,18,RF+GB,8,12,1,1,61.01605,0.22084264856912025
8,18,RF+GB,8,12,1,1,62.01088,0.22657615432293463
8,18,RF+GB,8,12,1,1,63.01574,0.2318319629895512
8,18,RF+GB,8,12,1,1,64.0106,0.23499109093969636
8,18,RF+GB,8,12,1,1,65.01489,0.2362327015855838
8,18,RF+GB,8,12,1,1,66.00845,0.23666667850616088
8,18,RF+GB,8,12,1,1,67.01373,0.2423126918843824
8,18,RF+GB,8,12,1,1,68.01971,0.23401574253432023
8,18,RF+GB,8,12,1,1,69.01488,0.2364456815509883
8,18,RF+GB,8,12,1,1,70.01777,0.2417485489211612
8,18,RF+GB,8,12,1,1,71.01369,0.23225727194653328
8,18,RF+GB,8,12,1,1,72.01964,0.25212556656955915
8,18,RF+GB,8,12,1,1,73.01192,0.2793587444942854
8,18,RF+GB,8,12,1,1,74.01961,0.28037991150080077
8,18,RF+GB,8,12,1,1,75.01247,0.2648875662006035
8,18,RF+GB,8,12,1,1,76.01733,0.2731430225464247
8,18,RF+GB,8,12,1,1,77.01091,0.27030155714293863
8,18,RF+GB,8,12,1,1,78.01698,0.3532374889403614
8,18,RF+GB,8,12,1,1,79.01109,0.5106590768146283
8,18,RF+GB,8,12,1,1,80.01685,0.5357180106808317
8,18,RF+GB,8,12,1,1,81.01129,0.5362631529171857
8,18,RF+GB,8,12,1,1,82.0164,0.5345539938064164
8,18,RF+GB,8,12,1,1,83.00986,0.4818646329502186
8,18,RF+GB,8,12,1,1,84.01507,0.5771640151451796
8,18,RF+GB,8,12,1,1,85.0094,0.5668862637844381
8,18,RF+GB,8,12,1,1,86.01546,0.5669731106508074
8,18,RF+GB,8,12,1,1,87.00921,0.5709900463992492
8,18,RF+GB,8,12,1,1,88.01216,0.6263695794335987
8,18,RF+GB,8,12,1,1,89.00884,0.6309944735634123
8,18,RF+GB,8,12,1,1,90.01527,0.6317953507192363
8,18,RF+GB,8,12,1,1,91.01823,0.6696283512714507
8,18,RF+GB,8,12,1,1,92.01326,0.6623846010360388
8,18,RF+GB,8,12,1,1,93.0173,0.6456952093904007
8,18,RF+GB,8,12,1,1,94.012,0.6507993582524704
8,18,RF+GB,8,12,1,1,95.01615,0.621883618977408
8,18,RF+GB,8,12,1,1,96.01204,0.6476506161647119
8,18,RF+GB,8,12,1,1,97.01764,0.6555784620221334
8,18,RF+GB,8,12,1,1,98.0108,0.661950951249723
8,18,RF+GB,8,12,1,1,99.01787,0.6713101428977355
8,18,RF+GB,8,12,1,1,100.0112,0.666650072651401
8,18,RF+GB,8,12,1,1,101.0159,0.6670185031485886
8,18,RF+GB,8,12,1,1,102.0096,0.666416535274291
8,18,RF+GB,8,12,1,1,103.0159,0.6690375703327217
8,18,RF+GB,8,12,1,1,104.0102,0.6883076598856823
8,18,RF+GB,8,12,1,1,105.0157,0.7258870507830493
8,18,RF+GB,8,12,1,1,106.0086,0.7354561595563442
8,18,RF+GB,8,12,1,1,107.0142,0.7342390059401263
8,18,RF+GB,8,12,1,1,108.009,0.7387515580435104
8,18,RF+GB,8,12,1,1,109.0137,0.7468499422689894
8,18,RF+GB,8,12,1,1,110.0089,0.7481349332529619
8,18,RF+GB,8,12,1,1,111.0139,0.7583903414717658
8,18,RF+GB,8,12,1,1,112.0085,0.7602291803859377
8,18,RF+GB,8,12,1,1,113.0106,0.7614817052130374
8,18,RF+GB,8,12,1,1,114.017,0.7610082231263753
8,18,RF+GB,8,12,1,1,115.0134,0.7641689079893011
8,18,RF+GB,8,12,1,1,116.0167,0.7646750021621092
8,18,RF+GB,8,12,1,1,117.0123,0.7643133039637009
8,18,RF+GB,8,12,1,1,118.0174,0.7820701645631782
8,18,RF+GB,8,12,1,1,119.0114,0.7886299662789322
8,18,RF+GB,8,12,1,1,120.0172,0.7960997684591569
8,18,RF+GB,8,12,1,1,121.0105,0.7986471461990379
8,18,RF+GB,8,12,1,1,122.0162,0.8016894665233011
8,18,RF+GB,8,12,1,1,123.0094,0.8077854931463435
8,18,RF+GB,8,12,1,1,124.015,0.8116571951930264
8,18,RF+GB,8,12,1,1,125.0093,0.8073458285548205
8,18,RF+GB,8,12,1,1,126.0151,0.8199988209644382
8,18,RF+GB,8,12,1,1,127.0096,0.8214996929575813
8,18,RF+GB,8,12,1,1,128.0141,0.8212490648900561
8,18,RF+GB,8,12,1,1,129.0185,0.8255100586156604
8,18,RF+GB,8,12,1,1,130.014,0.8265403213975774
8,18,RF+GB,8,12,1,1,131.0189,0.8232069880642441
8,18,RF+GB,8,12,1,1,132.0128,0.8198116670391229
8,18,RF+GB,8,12,1,1,133.019,0.8195969829376597
8,18,RF+GB,8,12,1,1,134.0107,0.8206476956350139
8,18,RF+GB,8,12,1,1,135.0182,0.8193023020220389
8,18,RF+GB,8,12,1,1,136.0107,0.8234503502514499
8,18,RF+GB,8,12,1,1,137.0173,0.822583853976317
8,18,RF+GB,8,12,1,1,138.0118,0.8290331675220575
8,18,RF+GB,8,12,1,1,139.0185,0.8297131921225174
8,18,RF+GB,8,12,1,1,140.011,0.8316003515150452
8,18,RF+GB,8,12,1,1,141.0155,0.8245906528791003
8,18,RF+GB,8,12,1,1,142.0092,0.8322954086740397
8,18,RF+GB,8,12,1,1,143.0148,0.8308924649352671
8,18,RF+GB,8,12,1,1,144.0097,0.8346294177710272
8,18,RF+GB,8,12,1,1,145.0158,0.832804410371007
8,18,RF+GB,8,12,1,1,146.009,0.8329991981315125
8,18,RF+GB,8,12,1,1,147.0147,0.8313716987403674
8,18,RF+GB,8,12,1,1,148.0176,0.8334509357653126
8,18,RF+GB,8,12,1,1,149.0135,0.8316022898003683
8,18,RF+GB,8,12,1,1,150.0089,0.8337677291614396
8,18,RF+GB,8,12,1,1,151.0133,0.8332322379355964
8,18,RF+GB,8,12,1,1,152.0182,0.8270209368577865
8,18,RF+GB,8,12,1,1,153.0136,0.8316170363531912
8,18,RF+GB,8,12,1,1,154.0181,0.8341096883749608
8,18,RF+GB,8,12,1,1,155.0128,0.8359930267156752
8,18,RF+GB,8,12,1,1,156.0166,0.8332393952356378
8,18,RF+GB,8,12,1,1,157.0118,0.8416013556646376
8,18,RF+GB,8,12,1,1,158.0165,0.845830181016201
8,18,RF+GB,8,12,1,1,159.0093,0.8521858222701131
8,18,RF+GB,8,12,1,1,160.0144,0.8502844002606655
8,18,RF+GB,8,12,1,1,161.0088,0.8546780012128055
8,18,RF+GB,8,12,1,1,162.0157,0.8472188311976021
8,18,RF+GB,8,12,1,1,163.0096,0.8476000660396235
8,18,RF+GB,8,12,1,1,164.0156,0.8515260325038277
8,18,RF+GB,8,12,1,1,165.0181,0.8579764306899831
8,18,RF+GB,8,12,1,1,166.015,0.8594753203655853
8,18,RF+GB,8,12,1,1,167.0088,0.8579729306420858
8,18,RF+GB,8,12,1,1,168.0134,0.8546395973087524
8,18,RF+GB,8,12,1,1,169.0189,0.851750769516465
8,18,RF+GB,8,12,1,1,170.0132,0.8579095461067765
8,18,RF+GB,8,12,1,1,171.0085,0.860427574062557
8,18,RF+GB,8,12,1,1,172.0134,0.8639035839624873
8,18,RF+GB,8,12,1,1,173.0177,0.8717302458567386
8,18,RF+GB,8,12,1,1,174.0111,0.8707720247715229
8,18,RF+GB,8,12,1,1,175.0181,0.8735806261810289
8,18,RF+GB,8,12,1,1,176.0109,0.8808692768579905
8,18,RF+GB,8,12,1,1,177.017,0.8807888482599574
8,18,RF+GB,8,12,1,1,178.011,0.8841221815932907
8,18,RF+GB,8,12,1,1,179.0166,0.8842026101913238
8,18,RF+GB,8,12,1,1,180.0093,0.8768112687107843
8,18,RF+GB,8,12,1,1,181.0153,0.8797362031081822
8,18,RF+GB,8,12,1,1,182.0092,0.8764112044364724
8,18,RF+GB,8,12,1,1,183.0143,0.878201728558772
8,18,RF+GB,8,12,1,1,184.0083,0.8813084712107642
8,18,RF+GB,8,12,1,1,185.0125,0.8829396880987966
8,18,RF+GB,8,12,1,1,186.0095,0.8820727055586699
8,18,RF+GB,8,12,1,1,187.0145,0.8820727055586699
8,18,RF+GB,8,12,1,1,188.0086,0.8804060388920032
8,18,RF+GB,8,12,1,1,189.0136,0.8772288201357923
8,18,RF+GB,8,12,1,1,190.0171,0.8786105080998494
8,18,RF+GB,8,12,1,1,191.013,0.8802771747665161
8,18,RF+GB,8,12,1,1,192.0174,0.8802913304342734
8,18,RF+GB,8,12,1,1,193.0106,0.8790634451132959
8,18,RF+GB,8,12,1,1,194.0183,0.8853387885030991
8,18,RF+GB,8,12,1,1,195.011,0.884323232628953
8,18,RF+GB,8,12,1,1,196.0152,0.8874852010340917
8,18,RF+GB,8,12,1,1,197.0104,0.8896936106144743
8,18,RF+GB,8,12,1,1,198.0171,0.8880269439478076
8,18,RF+GB,8,12,1,1,199.0101,0.8896289900323497
8,18,RF+GB,8,12,1,1,200.0164,0.8902524317365672
8,18,RF+GB,8,12,1,1,201.0086,0.8895851360987121
8,18,RF+GB,8,12,1,1,202.0159,0.8882506266813927
8,18,RF+GB,8,12,1,1,203.0097,0.884701082647289
8,18,RF+GB,8,12,1,1,204.015,0.8856903602554913
8,18,RF+GB,8,12,1,1,205.0092,0.8851522090483798
8,18,RF+GB,8,12,1,1,206.0141,0.8825372809765143
8,18,RF+GB,8,12,1,1,207.008,0.8808706143098477
8,18,RF+GB,8,12,1,1,208.0141,0.8808295981068441
8,18,RF+GB,8,12,1,1,209.0079,0.8818598919180498
8,18,RF+GB,8,12,1,1,210.0141,0.8818598919180498
8,18,RF+GB,8,12,1,1,211.0173,0.8834855423817132
8,18,RF+GB,8,12,1,1,212.0122,0.8718598919180499
8,18,RF+GB,8,12,1,1,213.0178,0.8701932252513832
8,18,RF+GB,8,12,1,1,214.0104,0.8801522090483798
8,18,RF+GB,8,12,1,1,215.0173,0.8785265585847166
8,18,RF+GB,8,12,1,1,216.0121,0.8717235499904279
8,18,RF+GB,8,12,1,1,217.016,0.8683005511812422
8,18,RF+GB,8,12,1,1,218.0118,0.8667155737337037
8,18,RF+GB,8,12,1,1,219.017,0.8683395289234623
8,18,RF+GB,8,12,1,1,220.0112,0.8685625256085501
8,18,RF+GB,8,12,1,1,221.0145,0.8702291922752168
8,18,RF+GB,8,12,1,1,222.0105,0.8701887226646242
8,18,RF+GB,8,12,1,1,223.0154,0.8694426585729915
8,18,RF+GB,8,12,1,1,224.0105,0.8670673094119539
8,18,RF+GB,8,12,1,1,225.0148,0.8677284565779676
8,18,RF+GB,8,12,1,1,226.0095,0.8660216997401105
8,18,RF+GB,8,12,1,1,227.0143,0.866061789911301
8,18,RF+GB,8,12,1,1,228.0086,0.8641662867575219
8,18,RF+GB,8,12,1,1,229.0141,0.8642085967065264
8,18,RF+GB,8,12,1,1,230.0186,0.8641662867575219
8,18,RF+GB,8,12,1,1,231.0125,0.8651458996187875
8,18,RF+GB,8,12,1,1,232.0178,0.8648960144682727
8,18,RF+GB,8,12,1,1,233.0099,0.8653998142976276
8,18,RF+GB,8,12,1,1,234.0176,0.8637604660157834
8,18,RF+GB,8,12,1,1,235.0116,0.8639327790832092
8,18,RF+GB,8,12,1,1,236.0172,0.8639751824189752
8,18,RF+GB,8,12,1,1,237.0101,0.8626738498728803
8,18,RF+GB,8,12,1,1,238.0155,0.8627310155931559
8,18,RF+GB,8,12,1,1,239.008,0.8760071832062135
8,18,RF+GB,8,12,1,1,240.0153,0.8760071832062135
8,18,RF+GB,8,12,1,1,241.0105,0.8790154252959761
8,18,RF+GB,8,12,1,1,242.0131,0.8791238729920512
8,18,RF+GB,8,12,1,1,243.0095,0.8741238729920511
8,18,RF+GB,8,12,1,1,244.014,0.8743976822598225
8,18,RF+GB,8,12,1,1,245.0085,0.8629681360102888
8,18,RF+GB,8,12,1,1,246.0148,0.8668840561006692
8,18,RF+GB,8,12,1,1,247.009,0.8714191460708911
8,18,RF+GB,8,12,1,1,248.0144,0.8628702289441008
8,18,RF+GB,8,12,1,1,249.0175,0.875213043603736
8,18,RF+GB,8,12,1,1,250.0134,0.885213043603736
8,18,RF+GB,8,12,1,1,251.0181,0.8768797102704027
8,18,RF+GB,8,12,1,1,252.0121,0.8867647244628175
8,18,RF+GB,8,12,1,1,253.0182,0.8862289413797366
8,18,RF+GB,8,12,1,1,254.0107,0.888705114241538
8,18,RF+GB,8,12,1,1,255.0149,0.8918218040273755
8,18,RF+GB,8,12,1,1,256.0111,0.8884867034106056
8,18,RF+GB,8,12,1,1,257.0152,0.8879489228088872
8,18,RF+GB,8,12,1,1,258.0106,0.8863078521057843
8,18,RF+GB,8,12,1,1,259.0168,0.8870384475748714
8,18,RF+GB,8,12,1,1,260.0113,0.8860561360747634
8,18,RF+GB,8,12,1,1,261.0168,0.8862896598157732
8,18,RF+GB,8,12,1,1,262.0091,0.8865883505809116
8,18,RF+GB,8,12,1,1,263.015,0.8772774446697271
8,18,RF+GB,8,12,1,1,264.0086,0.8722955565779227
8,18,RF+GB,8,12,1,1,265.0153,0.8722955565779227
8,18,RF+GB,8,12,1,1,266.0085,0.8722774446697272
8,18,RF+GB,8,12,1,1,267.0125,0.8696645453909383
8,18,RF+GB,8,12,1,1,268.0091,0.8704184717650116
8,18,RF+GB,8,12,1,1,269.0128,0.8705220641304177
8,18,RF+GB,8,12,1,1,270.0084,0.870049871334155
8,18,RF+GB,8,12,1,1,271.0146,0.8683054975665513
8,18,RF+GB,8,12,1,1,272.0173,0.8650008428475072
8,18,RF+GB,8,12,1,1,273.0097,0.8634211540985832
8,18,RF+GB,8,12,1,1,274.0183,0.8625168659886837
8,18,RF+GB,8,12,1,1,275.0115,0.8662496070440826
8,18,RF+GB,8,12,1,1,276.0151,0.8698421225095916
8,18,RF+GB,8,12,1,1,277.0096,0.8706603642355316
8,18,RF+GB,8,12,1,1,278.0158,0.8678520192154555
8,18,RF+GB,8,12,1,1,279.0106,0.8762404335688201
8,18,RF+GB,8,12,1,1,280.0164,0.8678520192154555
8,18,RF+GB,8,12,1,1,281.0103,0.8645737669021534
8,18,RF+GB,8,12,1,1,282.0149,0.8628520192154554
8,18,RF+GB,8,12,1,1,283.009,0.8612404335688201
8,18,RF+GB,8,12,1,1,284.0134,0.8611853525487887
8,18,RF+GB,8,12,1,1,285.0092,0.8645186858821221
8,18,RF+GB,8,12,1,1,286.0143,0.8645737669021534
8,18,RF+GB,8,12,1,1,287.0086,0.8645186858821221
8,18,RF+GB,8,12,1,1,288.0116,0.8532625552342541
8,18,RF+GB,8,12,1,1,289.0082,0.8531801567933198
8,18,RF+GB,8,12,1,1,290.0127,0.8515958885675875
8,18,RF+GB,8,12,1,1,291.0188,0.8548468234599865
8,18,RF+GB,8,12,1,1,292.0116,0.8561257458255314
8,18,RF+GB,8,12,1,1,293.0168,0.8652062395383642
8,18,RF+GB,8,12,1,1,294.0131,0.8651193490161667
8,18,RF+GB,8,12,1,1,295.0175,0.8652062395383642
8,18,RF+GB,8,12,1,1,296.0116,0.8651193490161667
8,18,RF+GB,8,12,1,1,297.0178,0.8651193490161667
8,18,RF+GB,8,12,1,1,298.0087,0.8655894917582228
8,18,RF+GB,8,12,1,1,299.016,0.8638404266506218
8,18,RF+GB,8,12,1,1,300.0092,0.8624345525989773
8,18,RF+GB,8,12,1,1,301.0147,0.8648904792422307
8,18,RF+GB,18,30,0,0,0.0,0.0033400129363968093
8,18,RF+GB,18,30,0,0,0.9999792,0.004976015331502798
8,18,RF+GB,18,30,0,0,2.004788,0.01799134247516887
8,18,RF+GB,18,30,0,0,2.99668,0.01213011637782266
8,18,RF+GB,18,30,0,0,4.00343,0.0039905405873784435
8,18,RF+GB,18,30,0,0,4.997688,0.0017713971115391964
8,18,RF+GB,18,30,0,0,6.001186,0.005332326449954345
8,18,RF+GB,18,30,0,0,6.998924,0.007851653476113907
8,18,RF+GB,18,30,0,0,8.00406,0.01733125161146376
8,18,RF+GB,18,30,0,0,8.995449,0.02659979405482857
8,18,RF+GB,18,30,0,0,10.00218,0.027177874673871248
8,18,RF+GB,18,30,0,0,11.00547,0.035937307473039116
8,18,RF+GB,18,30,0,0,12.00087,0.04558002195684918
8,18,RF+GB,18,30,0,0,12.9966,0.04638296813071567
8,18,RF+GB,18,30,0,0,14.00091,0.05480142304775508
8,18,RF+GB,18,30,0,0,15.00556,0.05831270904867813
8,18,RF+GB,18,30,0,0,16.00177,0.055100194476434654
8,18,RF+GB,18,30,0,0,17.00652,0.06336911261804758
8,18,RF+GB,18,30,0,0,17.99968,0.06410498179615412
8,18,RF+GB,18,30,0,0,19.00499,0.06638891495637901
8,18,RF+GB,18,30,0,0,20.00038,0.0740134821361467
8,18,RF+GB,18,30,0,0,21.00265,0.07609280178710337
8,18,RF+GB,18,30,0,0,21.99645,0.06914005443575634
8,18,RF+GB,18,30,0,0,23.00518,0.07821991127089896
8,18,RF+GB,18,30,0,0,23.99806,0.08291753332473567
8,18,RF+GB,18,30,0,0,25.00475,0.08080697332860731
8,18,RF+GB,18,30,0,0,25.99721,0.09218860827642494
8,18,RF+GB,18,30,0,0,27.00311,0.09587199301050357
8,18,RF+GB,18,30,0,0,27.99697,0.0957162258358508
8,18,RF+GB,18,30,0,0,29.00288,0.08170313446910508
8,18,RF+GB,18,30,0,0,29.99674,0.0714919873861109
8,18,RF+GB,18,30,0,0,31.00117,0.0699924711247962
8,18,RF+GB,18,30,0,0,31.99794,0.07282917847230157
8,18,RF+GB,18,30,0,0,32.99901,0.0662053991411771
8,18,RF+GB,18,30,0,0,34.00613,0.06948193909119704
8,18,RF+GB,18,30,0,0,35.00093,0.06677443355672673
8,18,RF+GB,18,30,0,0,35.99554,0.062086316121430514
8,18,RF+GB,18,30,0,0,36.99783,0.06652402479602088
8,18,RF+GB,18,30,0,0,38.00521,0.06685052881822706
8,18,RF+GB,18,30,0,0,39.0009,0.06676677017145825
8,18,RF+GB,18,30,0,0,40.0038,0.0704000251163246
8,18,RF+GB,18,30,0,0,41.00013,0.07206669178299127
8,18,RF+GB,18,30,0,0,42.00479,0.07611195240254237
8,18,RF+GB,18,30,0,0,42.9991,0.07742394984213154
8,18,RF+GB,18,30,0,0,44.00304,0.07951758605586207
8,18,RF+GB,18,30,0,0,44.99727,0.0787699392193954
8,18,RF+GB,18,30,0,0,46.00503,0.08451967942349363
8,18,RF+GB,18,30,0,0,46.99549,0.08288547935785623
8,18,RF+GB,18,30,0,0,48.00256,0.08751063948874198
8,18,RF+GB,18,30,0,0,48.99692,0.08029257853588441
8,18,RF+GB,18,30,0,0,50.00111,0.06591944712754216
8,18,RF+GB,18,30,0,0,50.99635,0.06398729805147428
8,18,RF+GB,18,30,0,0,52.00238,0.048241147618671605
8,18,RF+GB,18,30,0,0,52.99729,0.04445733269758433
8,18,RF+GB,18,30,0,0,54.00202,0.0396453946878625
8,18,RF+GB,18,30,0,0,54.99564,0.040531797562630284
8,18,RF+GB,18,30,0,0,55.99984,0.042190808390194026
8,18,RF+GB,18,30,0,0,57.00648,0.042483588556403114
8,18,RF+GB,18,30,0,0,58.00112,0.04647335493651273
8,18,RF+GB,18,30,0,0,59.00549,0.04821247467083119
8,18,RF+GB,18,30,0,0,60.00083,0.04919057657222847
8,18,RF+GB,18,30,0,0,60.99555,0.04847684865343368
8,18,RF+GB,18,30,0,0,61.99899,0.04084819498175544
8,18,RF+GB,18,30,0,0,63.00394,0.041198155593888
8,18,RF+GB,18,30,0,0,63.99825,0.03854738470453098
8,18,RF+GB,18,30,0,0,65.00445,0.037590272882516804
8,18,RF+GB,18,30,0,0,65.99821,0.03921325182481993
8,18,RF+GB,18,30,0,0,67.00327,0.03857835581346762
8,18,RF+GB,18,30,0,0,67.99731,0.04017788128803088
8,18,RF+GB,18,30,0,0,69.00223,0.049424902204131836
8,18,RF+GB,18,30,0,0,69.99654,0.05256339661185544
8,18,RF+GB,18,30,0,0,71.00023,0.05270741922448128
8,18,RF+GB,18,30,0,0,71.99614,0.05207983927883366
8,18,RF+GB,18,30,0,0,73.00099,0.05276261571219742
8,18,RF+GB,18,30,0,0,73.99584,0.05880048572980969
8,18,RF+GB,18,30,0,0,75.00096,0.05936949074875845
8,18,RF+GB,18,30,0,0,76.00616,0.06290289706076378
8,18,RF+GB,18,30,0,0,77.00009,0.05928655229407559
8,18,RF+GB,18,30,0,0,78.0049,0.05654424398011706
8,18,RF+GB,18,30,0,0,79.00005,0.05593721801339532
8,18,RF+GB,18,30,0,0,80.00594,0.05555557727772432
8,18,RF+GB,18,30,0,0,80.99896,0.05755265877953728
8,18,RF+GB,18,30,0,0,82.00391,0.06223726395535879
8,18,RF+GB,18,30,0,0,82.99937,0.06711579010502589
8,18,RF+GB,18,30,0,0,84.00315,0.06632487701716472
8,18,RF+GB,18,30,0,0,84.99638,0.06593497042769164
8,18,RF+GB,18,30,0,0,86.00302,0.06922292629668635
8,18,RF+GB,18,30,0,0,86.99828,0.07066089791412157
8,18,RF+GB,18,30,0,0,88.00369,0.07095342334204202
8,18,RF+GB,18,30,0,0,88.99768,0.07143414959550233
8,18,RF+GB,18,30,0,0,90.00156,0.07224954941440845
8,18,RF+GB,18,30,0,0,90.99709,0.06385559954259486
8,18,RF+GB,18,30,0,0,92.00238,0.067296625878684
8,18,RF+GB,18,30,0,0,92.9968,0.08765979892778514
8,18,RF+GB,18,30,0,0,94.00124,0.09058372577689991
8,18,RF+GB,18,30,0,0,95.00658,0.10918706454946552
8,18,RF+GB,18,30,0,0,96.00197,0.11679604701171277
8,18,RF+GB,18,30,0,0,97.00596,0.1309576808669287
8,18,RF+GB,18,30,0,0,98.00156,0.15303436167488932
8,18,RF+GB,18,30,0,0,98.99548,0.14712031093553013
8,18,RF+GB,18,30,0,0,100.0009,0.16198803951235247
8,18,RF+GB,18,30,0,0,101.0066,0.17902878080362078
8,18,RF+GB,18,30,0,0,102.0006,0.1713660784654087
