pair_g,pair_h,model,participant,session,y,sev,t,proba
8,9,RF,8,12,0,0,0.0110377,0.004664596108412307
8,9,RF,8,12,0,0,1.010147,0.00921162736597864
8,9,RF,8,12,0,0,2.016094,0.010429091736854088
8,9,RF,8,12,0,0,3.009745,0.004315712630983072
8,9,RF,8,12,1,1,4.01616,0.004315712630983072
8,9,RF,8,12,1,1,5.009424,0.021738987838816917
8,9,RF,8,12,1,1,6.01379,0.014950496430382548
8,9,RF,8,12,1,1,7.008862,0.02497517852858706
8,9,RF,8,12,1,1,8.014355,0.1092383503694214
8,9,RF,8,12,1,1,9.019238,0.13319279608346912
8,9,RF,8,12,1,1,10.01213,0.15774137799889854
8,9,RF,8,12,1,1,11.0166,0.1536386337178026
8,9,RF,8,12,1,1,12.01287,0.15964076996565335
8,9,RF,8,12,1,1,13.01876,0.18858501889033247
8,9,RF,8,12,1,1,14.01381,0.20211628461269868
8,9,RF,8,12,1,1,15.01681,0.20202473499204815
8,9,RF,8,12,1,1,16.01281,0.213953323510999
8,9,RF,8,12,1,1,17.01839,0.1534997562849373
8,9,RF,8,12,1,1,18.01066,0.2068361534391609
8,9,RF,8,12,1,1,19.01831,0.2534553104336989
8,9,RF,8,12,1,1,20.01064,0.2602383135625281
8,9,RF,8,12,1,1,21.0165,0.2761777883353113
8,9,RF,8,12,1,1,22.01155,0.24533918526942736
8,9,RF,8,12,1,1,23.01568,0.23473422527109533
8,9,RF,8,12,1,1,24.0096,0.23116995797773976
8,9,RF,8,12,1,1,25.01568,0.23272850966758962
8,9,RF,8,12,1,1,26.00962,0.2713546045746809
8,9,RF,8,12,1,1,27.01536,0.2809136395100136
8,9,RF,8,12,1,1,28.0098,0.30367689583893925
8,9,RF,8,12,1,1,29.01463,0.28862845757391203
8,9,RF,8,12,1,1,30.0086,0.25774553865577643
8,9,RF,8,12,1,1,31.01355,0.252931973260024
8,9,RF,8,12,1,1,32.01867,0.23244698581418863
8,9,RF,8,12,1,1,33.01118,0.22550447332456774
8,9,RF,8,12,1,1,34.01851,0.2334217414487885
8,9,RF,8,12,1,1,35.01208,0.39404161145852645
8,9,RF,8,12,1,1,36.01853,0.3996992230230694
8,9,RF,8,12,1,1,37.01241,0.3960528330520844
8,9,RF,8,12,1,1,38.01729,0.3932767682842145
8,9,RF,8,12,1,1,39.01123,0.37673970191797046
8,9,RF,8,12,1,1,40.0166,0.3819195406789554
8,9,RF,8,12,1,1,41.00916,0.37874784259033684
8,9,RF,8,12,1,1,42.01604,0.3553181528926466
8,9,RF,8,12,1,1,43.00914,0.3519848195593132
8,9,RF,8,12,1,1,44.01637,0.3490426388172235
8,9,RF,8,12,1,1,45.01945,0.32144514371345556
8,9,RF,8,12,1,1,46.01505,0.3307922872602012
8,9,RF,8,12,1,1,47.0084,0.3403134952425974
8,9,RF,8,12,1,1,48.01484,0.34744377826862366
8,9,RF,8,12,1,1,49.00824,0.3466446842467165
8,9,RF,8,12,1,1,50.01454,0.35795560506287044
8,9,RF,8,12,1,1,51.01845,0.3505080162052482
8,9,RF,8,12,1,1,52.01202,0.3539701100431219
8,9,RF,8,12,1,1,53.01875,0.3548922638719908
8,9,RF,8,12,1,1,54.01386,0.35678325848562653
8,9,RF,8,12,1,1,55.01745,0.3550268313886102
8,9,RF,8,12,1,1,56.01162,0.34748707567885395
8,9,RF,8,12,1,1,57.01839,0.34168798444982784
8,9,RF,8,12,1,1,58.01215,0.3592831583693673
8,9,RF,8,12,1,1,59.01632,0.36664676957504505
8,9,RF,8,12,1,1,60.01164,0.37085824732833916
8,9,RF,8,12,1,1,61.01605,0.374157056039167
8,9,RF,8,12,1,1,62.01088,0.4014225320312713
8,9,RF,8,12,1,1,63.01574,0.38528281649041557
8,9,RF,8,12,1,1,64.0106,0.38502835012379494
8,9,RF,8,12,1,1,65.01489,0.40179947421168644
8,9,RF,8,12,1,1,66.00845,0.39134389758895805
8,9,RF,8,12,1,1,67.01373,0.39452383835851496
8,9,RF,8,12,1,1,68.01971,0.414389386982133
8,9,RF,8,12,1,1,69.01488,0.4249286490421784
8,9,RF,8,12,1,1,70.01777,0.41904167630618977
8,9,RF,8,12,1,1,71.01369,0.3931053465737611
8,9,RF,8,12,1,1,72.01964,0.40181379660583283
8,9,RF,8,12,1,1,73.01192,0.39663774425162973
8,9,RF,8,12,1,1,74.01961,0.41096592134791926
8,9,RF,8,12,1,1,75.01247,0.4102420338487953
8,9,RF,8,12,1,1,76.01733,0.4088101483301603
8,9,RF,8,12,1,1,77.01091,0.43345748349871105
8,9,RF,8,12,1,1,78.01698,0.4310625573880104
8,9,RF,8,12,1,1,79.01109,0.46515522403920917
8,9,RF,8,12,1,1,80.01685,0.46444121791969734
8,9,RF,8,12,1,1,81.01129,0.47707375857915185
8,9,RF,8,12,1,1,82.0164,0.46986356832266124
8,9,RF,8,12,1,1,83.00986,0.4753526605640338
8,9,RF,8,12,1,1,84.01507,0.48249955859155874
8,9,RF,8,12,1,1,85.0094,0.4993257164707103
8,9,RF,8,12,1,1,86.01546,0.5049652383048016
8,9,RF,8,12,1,1,87.00921,0.5232396622735266
8,9,RF,8,12,1,1,88.01216,0.5414707906545957
8,9,RF,8,12,1,1,89.00884,0.5358515340988865
8,9,RF,8,12,1,1,90.01527,0.55918486743222
8,9,RF,8,12,1,1,91.01823,0.5571665091008705
8,9,RF,8,12,1,1,92.01326,0.5492076607776202
8,9,RF,8,12,1,1,93.0173,0.5525409941109536
8,9,RF,8,12,1,1,94.012,0.5741053608777374
8,9,RF,8,12,1,1,95.01615,0.5637214454885303
8,9,RF,8,12,1,1,96.01204,0.5557234375382959
8,9,RF,8,12,1,1,97.01764,0.5524864568146717
8,9,RF,8,12,1,1,98.0108,0.5527542366827509
8,9,RF,8,12,1,1,99.01787,0.5507153122404134
8,9,RF,8,12,1,1,100.0112,0.5454854010180141
8,9,RF,8,12,1,1,101.0159,0.5521520676846808
8,9,RF,8,12,1,1,102.0096,0.5553995222068244
8,9,RF,8,12,1,1,103.0159,0.5588187343513474
8,9,RF,8,12,1,1,104.0102,0.5573819789070801
8,9,RF,8,12,1,1,105.0157,0.5588187343513473
8,9,RF,8,12,1,1,106.0086,0.5507137946745889
8,9,RF,8,12,1,1,107.0142,0.5596637427465254
8,9,RF,8,12,1,1,108.009,0.5563304094131921
8,9,RF,8,12,1,1,109.0137,0.5629970760798588
8,9,RF,8,12,1,1,110.0089,0.5596637427465254
8,9,RF,8,12,1,1,111.0139,0.5648576117805948
8,9,RF,8,12,1,1,112.0085,0.5681909451139281
8,9,RF,8,12,1,1,113.0106,0.5687433844797619
8,9,RF,8,12,1,1,114.017,0.5735214404779408
8,9,RF,8,12,1,1,115.0134,0.5855293354083926
8,9,RF,8,12,1,1,116.0167,0.6064407541102308
8,9,RF,8,12,1,1,117.0123,0.6238827627811939
8,9,RF,8,12,1,1,118.0174,0.6277807053584431
8,9,RF,8,12,1,1,119.0114,0.6325883538901981
8,9,RF,8,12,1,1,120.0172,0.6349136096135298
8,9,RF,8,12,1,1,121.0105,0.6343308459023687
8,9,RF,8,12,1,1,122.0162,0.6434104876356052
8,9,RF,8,12,1,1,123.0094,0.6400771543022719
8,9,RF,8,12,1,1,124.015,0.6219335166969907
8,9,RF,8,12,1,1,125.0093,0.625266850030324
8,9,RF,8,12,1,1,126.0151,0.6258381532747843
8,9,RF,8,12,1,1,127.0096,0.6512510863128727
8,9,RF,8,12,1,1,128.0141,0.6600710570678131
8,9,RF,8,12,1,1,129.0185,0.649927192948717
8,9,RF,8,12,1,1,130.014,0.6587144125955322
8,9,RF,8,12,1,1,131.0189,0.6538569274409174
8,9,RF,8,12,1,1,132.0128,0.6586285337843425
8,9,RF,8,12,1,1,133.019,0.6632709474590143
8,9,RF,8,12,1,1,134.0107,0.6586285337843425
8,9,RF,8,12,1,1,135.0182,0.6586285337843425
8,9,RF,8,12,1,1,136.0107,0.659548892051106
8,9,RF,8,12,1,1,137.0173,0.6610156194204057
8,9,RF,8,12,1,1,138.0118,0.664348952753739
8,9,RF,8,12,1,1,139.0185,0.6662421161197001
8,9,RF,8,12,1,1,140.011,0.6729087827863668
8,9,RF,8,12,1,1,141.0155,0.6762220083725264
8,9,RF,8,12,1,1,142.0092,0.6762220083725264
8,9,RF,8,12,1,1,143.0148,0.6723104866752162
8,9,RF,8,12,1,1,144.0097,0.6814504020291013
8,9,RF,8,12,1,1,145.0158,0.6862220083725264
8,9,RF,8,12,1,1,146.009,0.6876621783398988
8,9,RF,8,12,1,1,147.0147,0.6809955116732321
8,9,RF,8,12,1,1,148.0176,0.6776621783398988
8,9,RF,8,12,1,1,149.0135,0.6709955116732321
8,9,RF,8,12,1,1,150.0089,0.6776621783398988
8,9,RF,8,12,1,1,151.0133,0.6743288450065655
8,9,RF,8,12,1,1,152.0182,0.6709955116732321
8,9,RF,8,12,1,1,153.0136,0.6709955116732321
8,9,RF,8,12,1,1,154.0181,0.6643288450065655
8,9,RF,8,12,1,1,155.0128,0.6843288450065655
8,9,RF,8,12,1,1,156.0166,0.6904710532539833
8,9,RF,8,12,1,1,157.0118,0.694629168039236
8,9,RF,8,12,1,1,158.0165,0.7012958347059027
8,9,RF,8,12,1,1,159.0093,0.704629168039236
8,9,RF,8,12,1,1,160.0144,0.704629168039236
8,9,RF,8,12,1,1,161.0088,0.704629168039236
8,9,RF,8,12,1,1,162.0157,0.694629168039236
8,9,RF,8,12,1,1,163.0096,0.6979625013725694
8,9,RF,8,12,1,1,164.0156,0.6931908950291443
8,9,RF,8,12,1,1,165.0181,0.6964957740032697
8,9,RF,8,12,1,1,166.015,0.6970440297171638
8,9,RF,8,12,1,1,167.0088,0.6970440297171638
8,9,RF,8,12,1,1,168.0134,0.7046394116085509
8,9,RF,8,12,1,1,169.0189,0.7090024289274033
8,9,RF,8,12,1,1,170.0132,0.7056690955940699
8,9,RF,8,12,1,1,171.0085,0.7056690955940699
8,9,RF,8,12,1,1,172.0134,0.7090024289274033
8,9,RF,8,12,1,1,173.0177,0.7190024289274032
8,9,RF,8,12,1,1,174.0111,0.7183420482373584
8,9,RF,8,12,1,1,175.0181,0.7283420482373583
8,9,RF,8,12,1,1,176.0109,0.735008714904025
8,9,RF,8,12,1,1,177.017,0.7383420482373583
8,9,RF,8,12,1,1,178.011,0.7416753815706917
8,9,RF,8,12,1,1,179.0166,0.7437143060130292
8,9,RF,8,12,1,1,180.0093,0.7437143060130292
8,9,RF,8,12,1,1,181.0153,0.750380972679696
8,9,RF,8,12,1,1,182.0092,0.7470476393463625
8,9,RF,8,12,1,1,183.0143,0.7485120903669256
8,9,RF,8,12,1,1,184.0083,0.7485120903669256
8,9,RF,8,12,1,1,185.0125,0.751845423700259
8,9,RF,8,12,1,1,186.0095,0.7537162029703098
8,9,RF,8,12,1,1,187.0145,0.7537162029703098
8,9,RF,8,12,1,1,188.0086,0.7537162029703098
8,9,RF,8,12,1,1,189.0136,0.751838215262593
8,9,RF,8,12,1,1,190.0171,0.7585048819292597
8,9,RF,8,12,1,1,191.013,0.7585048819292597
8,9,RF,8,12,1,1,192.0174,0.7575696441116432
8,9,RF,8,12,1,1,193.0106,0.7575696441116432
8,9,RF,8,12,1,1,194.0183,0.751838215262593
8,9,RF,8,12,1,1,195.011,0.7573339518185955
8,9,RF,8,12,1,1,196.0152,0.7530519834328673
8,9,RF,8,12,1,1,197.0104,0.7506585591484384
8,9,RF,8,12,1,1,198.0171,0.7521298392152113
8,9,RF,8,12,1,1,199.0101,0.7539918924817717
8,9,RF,8,12,1,1,200.0164,0.7521298392152113
8,9,RF,8,12,1,1,201.0086,0.748796505881878
8,9,RF,8,12,1,1,202.0159,0.749707309446837
8,9,RF,8,12,1,1,203.0097,0.7506354045117091
8,9,RF,8,12,1,1,204.015,0.754276868107379
8,9,RF,8,12,1,1,205.0092,0.7559900453766997
8,9,RF,8,12,1,1,206.0141,0.7493233787100331
8,9,RF,8,12,1,1,207.008,0.7493161702723671
8,9,RF,8,12,1,1,208.0141,0.7506281960740431
8,9,RF,8,12,1,1,209.0079,0.7526495036057004
8,9,RF,8,12,1,1,210.0141,0.7493161702723671
8,9,RF,8,12,1,1,211.0173,0.7511721532756298
8,9,RF,8,12,1,1,212.0122,0.7459828369390337
8,9,RF,8,12,1,1,213.0178,0.7459828369390337
8,9,RF,8,12,1,1,214.0104,0.7526495036057004
8,9,RF,8,12,1,1,215.0173,0.7559722139782629
8,9,RF,8,12,1,1,216.0121,0.7490697203723461
8,9,RF,8,12,1,1,217.016,0.7522473486622298
8,9,RF,8,12,1,1,218.0118,0.7522473486622298
8,9,RF,8,12,1,1,219.017,0.755580681995563
8,9,RF,8,12,1,1,220.0112,0.754116230975
8,9,RF,8,12,1,1,221.0145,0.7489169157620029
8,9,RF,8,12,1,1,222.0105,0.7473085208331295
8,9,RF,8,12,1,1,223.0154,0.7406418541664629
8,9,RF,8,12,1,1,224.0105,0.7473085208331295
8,9,RF,8,12,1,1,225.0148,0.7325107364792331
8,9,RF,8,12,1,1,226.0095,0.7358440698125664
8,9,RF,8,12,1,1,227.0143,0.7358440698125664
8,9,RF,8,12,1,1,228.0086,0.7358440698125664
8,9,RF,8,12,1,1,229.0141,0.7425107364792332
8,9,RF,8,12,1,1,230.0186,0.7525107364792332
8,9,RF,8,12,1,1,231.0125,0.7541308925432458
8,9,RF,8,12,1,1,232.0178,0.7491774031458999
8,9,RF,8,12,1,1,233.0099,0.7525107364792332
8,9,RF,8,12,1,1,234.0176,0.7477106757766001
8,9,RF,8,12,1,1,235.0116,0.7543773424432668
8,9,RF,8,12,1,1,236.0172,0.7543773424432668
8,9,RF,8,12,1,1,237.0101,0.7543773424432668
8,9,RF,8,12,1,1,238.0155,0.7459974985072795
8,9,RF,8,12,1,1,239.008,0.7501214873729092
8,9,RF,8,12,1,1,240.0153,0.7505086687774013
8,9,RF,8,12,1,1,241.0105,0.7501159140450614
8,9,RF,8,12,1,1,242.0131,0.7519866933151123
8,9,RF,8,12,1,1,243.0095,0.7529147883799844
8,9,RF,8,12,1,1,244.014,0.7562481217133177
8,9,RF,8,12,1,1,245.0085,0.7317886144578556
8,9,RF,8,12,1,1,246.0148,0.7391755061886193
8,9,RF,8,12,1,1,247.009,0.7458543133818814
8,9,RF,8,12,1,1,248.0144,0.7471697238486282
8,9,RF,8,12,1,1,249.0175,0.7570545012481974
8,9,RF,8,12,1,1,250.0134,0.7623958411564664
8,9,RF,8,12,1,1,251.0181,0.7606826638871458
8,9,RF,8,12,1,1,252.0121,0.7623958411564664
8,9,RF,8,12,1,1,253.0182,0.7661184301237629
8,9,RF,8,12,1,1,254.0107,0.7696248118605371
8,9,RF,8,12,1,1,255.0149,0.7610915392298367
8,9,RF,8,12,1,1,256.0111,0.7618065023394075
8,9,RF,8,12,1,1,257.0152,0.7616507972959579
8,9,RF,8,12,1,1,258.0106,0.7635219559574647
8,9,RF,8,12,1,1,259.0168,0.7668552892907982
8,9,RF,8,12,1,1,260.0113,0.7701886226241315
8,9,RF,8,12,1,1,261.0168,0.7710938155785734
8,9,RF,8,12,1,1,262.0091,0.7627859804726657
8,9,RF,8,12,1,1,263.015,0.7596034164762974
8,9,RF,8,12,1,1,264.0086,0.7629367498096307
8,9,RF,8,12,1,1,265.0153,0.7629367498096307
8,9,RF,8,12,1,1,266.0085,0.7629367498096307
8,9,RF,8,12,1,1,267.0125,0.7629367498096307
8,9,RF,8,12,1,1,268.0091,0.7688183342718488
8,9,RF,8,12,1,1,269.0128,0.7738648448745028
8,9,RF,8,12,1,1,270.0084,0.7686387275666646
8,9,RF,8,12,1,1,271.0146,0.7653053942333312
8,9,RF,8,12,1,1,272.0173,0.7706600350983219
8,9,RF,8,12,1,1,273.0097,0.7669255502973439
8,9,RF,8,12,1,1,274.0183,0.7604950899613834
8,9,RF,8,12,1,1,275.0115,0.7586387275666646
8,9,RF,8,12,1,1,276.0151,0.7553053942333312
8,9,RF,8,12,1,1,277.0096,0.7519720608999979
8,9,RF,8,12,1,1,278.0158,0.7538428401700488
8,9,RF,8,12,1,1,279.0106,0.7591974810350395
8,9,RF,8,12,1,1,280.0164,0.7591974810350395
8,9,RF,8,12,1,1,281.0103,0.7558641477017061
8,9,RF,8,12,1,1,282.0149,0.7558641477017061
8,9,RF,8,12,1,1,283.009,0.7558641477017061
8,9,RF,8,12,1,1,284.0134,0.7525308143683728
8,9,RF,8,12,1,1,285.0092,0.7565164670789807
8,9,RF,8,12,1,1,286.0143,0.7543974203324064
8,9,RF,8,12,1,1,287.0086,0.7543974203324064
8,9,RF,8,12,1,1,288.0116,0.7496117765051055
8,9,RF,8,12,1,1,289.0082,0.7475904689734482
8,9,RF,8,12,1,1,290.0127,0.7444072845102652
8,9,RF,8,12,1,1,291.0188,0.7477406178435986
8,9,RF,8,12,1,1,292.0116,0.7510739511769319
8,9,RF,8,12,1,1,293.0168,0.7523859769786079
8,9,RF,8,12,1,1,294.0131,0.7490526436452746
8,9,RF,8,12,1,1,295.0175,0.7473394663759539
8,9,RF,8,12,1,1,296.0116,0.7423859769786079
8,9,RF,8,12,1,1,297.0178,0.7423859769786079
8,9,RF,8,12,1,1,298.0087,0.7423859769786079
8,9,RF,8,12,1,1,299.016,0.7423859769786079
8,9,RF,8,12,1,1,300.0092,0.7423859769786079
8,9,RF,8,12,1,1,301.0147,0.7437079713621187
8,9,RF,9,13,0,0,0.0110195,0.046933405586523036
8,9,RF,9,13,0,0,1.005759,0.04886477278501192
8,9,RF,9,13,0,0,2.00784,0.04886477278501192
8,9,RF,9,13,0,0,3.007802,0.049326871578547093
8,9,RF,9,13,0,0,4.007293,0.07073555205506277
8,9,RF,9,13,0,0,5.008187,0.07740221872172943
8,9,RF,9,13,0,0,6.008643,0.09406888538839611
8,9,RF,9,13,0,0,7.009022,0.13266020491188044
8,9,RF,9,13,0,0,8.008588,0.11592813725484181
8,9,RF,9,13,0,0,9.008896,0.12213375219572939
8,9,RF,9,13,0,0,10.00913,0.1188216318775682
8,9,RF,9,13,0,0,11.01103,0.11014341193457002
8,9,RF,9,13,0,0,12.01013,0.10922957081119726
8,9,RF,9,13,0,0,13.01072,0.14364225100733782
8,9,RF,9,13,0,0,14.01103,0.15822823144030657
8,9,RF,9,13,0,0,15.0121,0.15856540735319702
8,9,RF,9,13,0,0,16.00964,0.13157024904942335
8,9,RF,9,13,0,0,17.01035,0.13959341269529887
8,9,RF,9,13,0,0,18.01051,0.16397766528898963
8,9,RF,9,13,0,0,19.0111,0.20535844878890275
8,9,RF,9,13,0,0,20.01075,0.20311560159028064
8,9,RF,9,13,0,0,21.00977,0.25112626997415466
8,9,RF,9,13,0,0,22.0112,0.2502466649996097
8,9,RF,9,13,0,0,23.01091,0.23426111247535975
8,9,RF,9,13,0,0,24.0096,0.24323573672958715
8,9,RF,9,13,0,0,25.01049,0.2227058319283394
8,9,RF,9,13,0,0,26.01068,0.22891796351101665
8,9,RF,9,13,0,0,27.01039,0.21625488659189623
8,9,RF,9,13,0,0,28.01047,0.20678010602964536
8,9,RF,9,13,0,0,29.01056,0.21339781338498862
8,9,RF,9,13,0,0,30.01037,0.20737603009747935
8,9,RF,9,13,0,0,31.01037,0.22312881064764048
8,9,RF,9,13,0,0,32.01043,0.20940204837432685
8,9,RF,9,13,0,0,33.01025,0.21125502526389012
8,9,RF,9,13,0,0,34.01165,0.2155370146880683
8,9,RF,9,13,0,0,35.01178,0.21554080860262934
8,9,RF,9,13,0,0,36.01152,0.25030667535419615
8,9,RF,9,13,0,0,37.01201,0.2924566311797259
8,9,RF,9,13,0,0,38.01177,0.2842240595746004
8,9,RF,9,13,0,0,39.01201,0.30937054561352884
8,9,RF,9,13,0,0,40.01328,0.3370436984864676
8,9,RF,9,13,0,0,41.01098,0.35882933597963446
8,9,RF,9,13,0,0,42.01181,0.37367077138244326
8,9,RF,9,13,0,0,43.011,0.36432816233343973
8,9,RF,9,13,0,0,44.01217,0.3695276342448423
8,9,RF,9,13,0,0,45.01147,0.3617796024913009
8,9,RF,9,13,0,0,46.01141,0.35931832299437927
8,9,RF,9,13,0,0,47.01147,0.352563497224328
8,9,RF,9,13,0,0,48.011,0.3454510455967386
8,9,RF,9,13,0,0,49.01306,0.34556633231891143
8,9,RF,9,13,0,0,50.01255,0.3430019019117388
8,9,RF,9,13,0,0,51.0136,0.33347662001627076
8,9,RF,9,13,0,0,52.01255,0.3315728336895388
8,9,RF,9,13,0,0,53.01245,0.32299631043284255
8,9,RF,9,13,0,0,54.01316,0.32820649329952445
8,9,RF,9,13,0,0,55.01288,0.3379986172592811
8,9,RF,9,13,0,0,56.01094,0.33538829592264974
8,9,RF,9,13,0,0,57.01193,0.3414159679402594
8,9,RF,9,13,0,0,58.01228,0.3282855785582401
8,9,RF,9,13,0,0,59.01311,0.3339052305060058
8,9,RF,9,13,0,0,60.01287,0.3363590111087759
8,9,RF,9,13,0,0,61.01322,0.33300329367953246
8,9,RF,9,13,0,0,62.00483,0.33179878382079925
8,9,RF,9,13,0,0,63.00399,0.33699720555234186
8,9,RF,9,13,0,0,64.01481,0.34033053888567516
8,9,RF,9,13,0,0,65.01499,0.3642564261606718
8,9,RF,9,13,0,0,66.00488,0.3376438760250292
8,9,RF,9,13,0,0,67.01431,0.34724513560466347
8,9,RF,9,13,0,0,68.01569,0.3527777053758908
8,9,RF,9,13,0,0,69.01431,0.35191092984426453
8,9,RF,9,13,0,0,70.00444,0.3543142871049223
8,9,RF,9,13,0,0,71.01484,0.35992700430653085
8,9,RF,9,13,0,0,72.01485,0.36873164994697893
8,9,RF,9,13,0,0,73.01538,0.3592506397199956
8,9,RF,9,13,0,0,74.01483,0.35050292967080143
8,9,RF,9,13,0,0,75.01283,0.352922551642283
8,9,RF,9,13,0,0,76.01294,0.34746042319699755
8,9,RF,9,13,0,0,77.0144,0.3709237852958795
8,9,RF,9,13,0,0,78.01477,0.36163182558611356
8,9,RF,9,13,0,0,79.01405,0.36017230665447997
8,9,RF,9,13,0,0,80.01414,0.3582893868578338
8,9,RF,9,13,0,0,81.01292,0.3587235728072508
8,9,RF,9,13,0,0,82.01397,0.3654007703362941
8,9,RF,9,13,0,0,83.01512,0.38994796435300627
8,9,RF,9,13,0,0,84.00425,0.39212453418181864
8,9,RF,9,13,0,0,85.0048,0.3997208466514936
8,9,RF,9,13,0,0,86.00455,0.3992319850120491
8,9,RF,9,13,0,0,87.00511,0.413490274715365
8,9,RF,9,13,0,0,88.01478,0.39952694278578466
8,9,RF,9,13,0,0,89.01393,0.3919104273085501
8,9,RF,9,13,0,0,90.00504,0.4071263010470735
8,9,RF,9,13,0,0,91.00574,0.40786249196680346
8,9,RF,9,13,0,0,92.01431,0.4177539372986056
8,9,RF,9,13,0,0,93.01505,0.4114528226563589
8,9,RF,9,13,0,0,94.00507,0.4268759850989092
8,9,RF,9,13,0,0,95.00547,0.43777195131911206
8,9,RF,9,13,0,0,96.00397,0.47096381006910926
8,9,RF,9,13,0,0,97.00613,0.495979448796092
8,9,RF,9,13,0,0,98.00716,0.4950741734505533
8,9,RF,9,13,0,0,99.00568,0.489192292110375
8,9,RF,9,13,0,0,100.0066,0.4881463098658953
8,9,RF,9,13,0,0,101.0064,0.47869862445767436
8,9,RF,9,13,0,0,102.0046,0.4806689106843751
8,9,RF,9,13,0,0,103.0056,0.48024056196280623
8,9,RF,9,13,0,0,104.0057,0.4700596708852937
8,9,RF,9,13,0,0,105.0069,0.48077381122372553
8,9,RF,9,13,0,0,106.0045,0.5019563439755736
8,9,RF,9,13,0,0,107.0059,0.5116303073311259
8,9,RF,9,13,0,0,108.0047,0.5252874214512543
8,9,RF,9,13,0,0,109.0066,0.5338366285231109
8,9,RF,9,13,0,0,110.0056,0.5405032951897777
8,9,RF,9,13,0,0,111.0052,0.5325889141054296
8,9,RF,9,13,0,0,112.0055,0.5325534340803483
8,9,RF,9,13,0,0,113.0053,0.5305063389342061
8,9,RF,9,13,0,0,114.0057,0.5292777849785647
8,9,RF,9,13,0,0,115.0057,0.528340057109234
8,9,RF,9,13,0,0,116.006,0.5353024886351087
8,9,RF,9,13,0,0,117.0064,0.5371384847497411
8,9,RF,9,13,0,0,118.0063,0.5438051514164077
8,9,RF,9,13,0,0,119.0068,0.5456861742557734
8,9,RF,9,13,0,0,120.0069,0.5628035728626885
8,9,RF,9,13,0,0,121.0075,0.5546853544849664
8,9,RF,9,13,0,0,122.0072,0.5641402162938178
8,9,RF,9,13,0,0,123.0058,0.5741402162938178
8,9,RF,9,13,0,0,124.0076,0.5793439495057461
8,9,RF,9,13,0,0,125.007,0.5812276280853044
8,9,RF,9,13,0,0,126.0072,0.5816536846905097
8,9,RF,9,13,0,0,127.0068,0.5803146505228763
8,9,RF,9,13,0,0,128.0076,0.5907388101708011
8,9,RF,9,13,0,0,129.0074,0.5930303416851155
8,9,RF,9,13,0,0,130.0071,0.5357225692572677
8,9,RF,9,13,1,3,131.0081,0.5249956202650413
8,9,RF,9,13,1,3,132.0073,0.5836609745531588
8,9,RF,9,13,1,3,133.0062,0.5687098533420577
8,9,RF,9,13,1,3,134.0074,0.5968079620843333
8,9,RF,9,13,1,3,135.0069,0.6295747587580353
8,9,RF,9,13,1,3,136.0064,0.6167910733939176
8,9,RF,9,13,1,3,137.0067,0.6377870811818591
8,9,RF,9,13,1,3,138.0067,0.6205749398519941
8,9,RF,9,13,1,3,139.007,0.6281159378864424
8,9,RF,9,13,1,3,140.0062,0.6409206913076585
8,9,RF,9,13,1,3,141.0073,0.6455616162540702
8,9,RF,9,13,1,3,142.0084,0.6435124810993613
8,9,RF,9,13,1,3,143.008,0.6552632890864826
8,9,RF,9,13,1,3,144.0094,0.6695349732560664
8,9,RF,9,13,1,3,145.0076,0.6676839223417329
8,9,RF,9,13,1,3,146.0077,0.6675439678147878
8,9,RF,9,13,1,3,147.0074,0.6903194624457121
8,9,RF,9,13,1,3,148.0075,0.6573339623884679
8,9,RF,9,13,1,3,149.0084,0.6227904974294951
8,9,RF,9,13,1,3,150.0068,0.6073375810952613
8,9,RF,9,13,1,3,151.0084,0.6162027257023698
8,9,RF,9,13,1,3,152.009,0.6211504467457822
8,9,RF,9,13,1,3,153.0098,0.6371344807030969
8,9,RF,9,13,1,3,154.0073,0.6454365773671885
8,9,RF,9,13,0,0,155.0084,0.6489187884542369
8,9,RF,9,13,0,0,156.0078,0.6713024078399179
8,9,RF,9,13,0,0,157.008,0.6731191866359215
8,9,RF,9,13,0,0,158.0095,0.6764525199692549
8,9,RF,9,13,0,0,159.0101,0.6829161302832771
8,9,RF,9,13,0,0,160.0103,0.6894651809178378
8,9,RF,9,13,0,0,161.0102,0.6986879596871354
8,9,RF,9,13,0,0,162.0098,0.696634819590517
8,9,RF,9,13,0,0,163.0103,0.6888118296519541
8,9,RF,9,13,0,0,164.0104,0.6879026766109407
8,9,RF,9,13,0,0,165.0098,0.6756707593205484
8,9,RF,9,13,0,0,166.0106,0.6775419179820554
8,9,RF,9,13,0,0,167.0094,0.6818014736698991
8,9,RF,9,13,0,0,168.0101,0.6977886075928128
8,9,RF,9,13,0,0,169.0095,0.6957278490281619
8,9,RF,9,13,0,0,170.0094,0.6807513913671085
8,9,RF,9,13,0,0,171.0103,0.6801734969403646
8,9,RF,9,13,0,0,172.0116,0.6787128398343626
8,9,RF,9,13,0,0,173.0117,0.6427421024436084
8,9,RF,9,13,0,0,174.0113,0.6460792296915028
8,9,RF,9,13,0,0,175.0105,0.6512985179531311
8,9,RF,9,13,0,0,176.0114,0.6565401903106696
8,9,RF,9,13,0,0,177.011,0.6775664441994321
8,9,RF,9,13,0,0,178.0101,0.6875565800215733
8,9,RF,9,13,0,0,179.0093,0.6787700649853345
8,9,RF,9,13,0,0,180.0106,0.6745972457743217
8,9,RF,9,13,0,0,181.0108,0.6710502567457071
8,9,RF,9,13,0,0,182.0097,0.6691825126073051
8,9,RF,9,13,0,0,183.0091,0.6873764096730457
8,9,RF,9,13,0,0,184.0103,0.6881441292993338
8,9,RF,9,13,0,0,185.0096,0.6819836977223908
8,9,RF,9,13,0,0,186.01,0.6725643447922012
8,9,RF,9,13,0,0,187.0108,0.69757614729385
8,9,RF,9,13,0,0,188.0104,0.69757614729385
8,9,RF,9,13,0,0,189.0116,0.707331940926187
8,9,RF,9,13,0,0,190.0116,0.7128225785378127
8,9,RF,9,13,0,0,191.0115,0.7101090940203596
8,9,RF,9,13,0,0,192.0119,0.7214023126069392
8,9,RF,9,13,0,0,193.0109,0.7280689792736059
8,9,RF,9,13,0,0,194.0107,0.7248851454117403
8,9,RF,9,13,0,0,195.01,0.7163473200835668
8,9,RF,9,13,0,0,196.0102,0.7142732959184103
8,9,RF,9,13,0,0,197.0122,0.7055766008830192
8,9,RF,9,13,0,0,198.0116,0.7200193330560487
8,9,RF,9,13,0,0,199.0125,0.7305565023505064
8,9,RF,9,13,0,0,200.0115,0.732368478123463
8,9,RF,9,13,0,0,201.0117,0.7509074416260049
8,9,RF,9,13,0,0,202.0122,0.7533256613508496
8,9,RF,9,13,0,0,203.0135,0.7517639453159448
8,9,RF,9,13,0,0,204.0123,0.7570133458294834
8,9,RF,9,13,0,0,205.0133,0.7615331112521205
8,9,RF,9,13,0,0,206.013,0.7578616323640119
8,9,RF,9,13,0,0,207.0117,0.7641598487563726
8,9,RF,9,13,0,0,208.0125,0.7737501059837798
8,9,RF,9,13,0,0,209.0119,0.7723807047681152
8,9,RF,9,13,0,0,210.0124,0.7711337095856216
8,9,RF,9,13,0,0,211.013,0.7639156718120875
8,9,RF,9,13,0,0,212.0144,0.7634151266713264
8,9,RF,9,13,0,0,213.0136,0.7567484600046597
8,9,RF,9,13,0,0,214.0147,0.7559900364152388
8,9,RF,9,13,0,0,215.0134,0.7429212868056378
8,9,RF,9,13,0,0,216.0129,0.7432296759884492
8,9,RF,9,13,0,0,217.0129,0.7654797922852217
8,9,RF,9,13,0,0,218.0129,0.7997163166887596
8,9,RF,9,13,0,0,219.0129,0.8094800728186106
8,9,RF,9,13,0,0,220.0126,0.8001859560443977
8,9,RF,9,13,0,0,221.0129,0.7820805628454705
8,9,RF,9,13,0,0,222.0122,0.7559702762913554
8,9,RF,9,13,0,0,223.0122,0.7549811936830755
8,9,RF,9,13,0,0,224.0124,0.7597123998027476
8,9,RF,9,13,0,0,225.0121,0.7515760144336662
8,9,RF,9,13,0,0,226.0132,0.754537627316736
8,9,RF,9,13,0,0,227.0143,0.7530849374313122
8,9,RF,9,13,0,0,228.0146,0.7504927926421706
8,9,RF,9,13,0,0,229.014,0.771429543971115
8,9,RF,9,13,0,0,230.0146,0.79971123969528
8,9,RF,9,13,0,0,231.0143,0.8204474427366572
8,9,RF,9,13,0,0,232.0145,0.874508527369893
8,9,RF,9,13,0,0,233.0145,0.8746558746109785
8,9,RF,9,13,0,0,234.0137,0.8671373424466803
8,9,RF,9,13,0,0,235.0139,0.8252449378636315
8,9,RF,9,13,0,0,236.0044,0.8106114637538433
8,9,RF,9,13,0,0,237.0162,0.7918586914825843
8,9,RF,9,13,0,0,238.0152,0.797131051836371
8,9,RF,9,13,0,0,239.0044,0.7920105595708331
8,9,RF,9,13,0,0,240.0048,0.7779391596859669
8,9,RF,9,13,0,0,241.0044,0.7775927998601938
8,9,RF,9,13,0,0,242.0045,0.8010263875440587
8,9,RF,9,13,0,0,243.0043,0.8000057065632802
8,9,RF,9,13,0,0,244.0162,0.8006929566762128
8,9,RF,9,13,0,0,245.0155,0.8062398463506306
8,9,RF,9,13,0,0,246.0154,0.7865737469002153
8,9,RF,9,13,0,0,247.0153,0.7847408395727011
8,9,RF,9,13,0,0,248.0145,0.7766971582748372
8,9,RF,9,13,0,0,249.0152,0.7781256678296599
8,9,RF,9,13,0,0,250.0147,0.7691508441620943
8,9,RF,9,13,0,0,251.0159,0.7588781138430752
8,9,RF,9,13,0,0,252.0157,0.7500075899608509
8,9,RF,9,13,0,0,253.0046,0.7380906318954216
8,9,RF,9,13,0,0,254.0047,0.789215211299316
8,9,RF,9,13,0,0,255.0051,0.7692490304422326
8,9,RF,9,13,0,0,256.0152,0.7821023046311905
8,9,RF,9,13,0,0,257.0048,0.8078609597332399
8,9,RF,9,13,0,0,258.0048,0.8145276263999065
8,9,RF,9,13,0,0,259.0142,0.8218941811601242
8,9,RF,9,13,0,0,260.0155,0.7751109073708613
8,9,RF,9,13,0,0,261.0048,0.7863838443531409
8,9,RF,9,13,0,0,262.0058,0.7854859570658761
8,9,RF,9,13,0,0,263.0071,0.7868872211520396
8,9,RF,9,13,0,0,264.0063,0.7853673939408372
8,9,RF,9,13,0,0,265.0065,0.7922642567414048
8,9,RF,9,13,0,0,266.0061,0.786935793991098
8,9,RF,9,13,0,0,267.0054,0.7952409755922806
8,9,RF,9,13,0,0,268.0065,0.8020173192367285
8,9,RF,9,13,0,0,269.0069,0.8043464777970398
8,9,RF,9,13,0,0,270.006,0.7990667786801272
8,9,RF,9,13,0,0,271.0046,0.8106741816325923
8,9,RF,9,13,0,0,272.0052,0.8220359344160652
8,9,RF,9,13,0,0,273.0052,0.8236774654217207
8,9,RF,9,13,0,0,274.0054,0.8157371610259686
8,9,RF,9,13,0,0,275.0052,0.81934595978288
8,9,RF,9,13,0,0,276.0056,0.8377279502430979
8,9,RF,9,13,0,0,277.0053,0.8395945562071315
8,9,RF,9,13,0,0,278.0059,0.8516312858464222
8,9,RF,9,13,0,0,279.0058,0.8606813772541005
8,9,RF,9,13,0,0,280.0075,0.8453049384164769
8,9,RF,9,13,0,0,281.0063,0.8369984419967912
8,9,RF,9,13,0,0,282.006,0.844473787314839
8,9,RF,9,13,0,0,283.005,0.8369672876250748
8,9,RF,9,13,0,0,284.0056,0.8360500162172374
8,9,RF,9,13,0,0,285.0061,0.8116417174575667
8,9,RF,9,13,0,0,286.0067,0.7888558935809148
8,9,RF,9,13,0,0,287.0079,0.7947204077056339
8,9,RF,9,13,0,0,288.0077,0.8010178748544703
8,9,RF,9,13,0,0,289.006,0.8015648711324348
8,9,RF,9,13,0,0,290.0072,0.8045515609728149
8,9,RF,9,13,0,0,291.0072,0.8477359931219346
8,9,RF,9,13,0,0,292.0069,0.8347778779386885
8,9,RF,9,13,0,0,293.0074,0.8241904236617167
8,9,RF,9,13,0,0,294.0071,0.8236038139646061
8,9,RF,9,13,0,0,295.0074,0.8169295594688173
8,9,RF,9,13,0,0,296.0071,0.8107812809581018
8,9,RF,9,13,0,0,297.0076,0.8228626834861184
8,9,RF,9,13,0,0,298.0078,0.8211768404547987
8,9,RF,9,13,0,0,299.007,0.8221540805973219
8,9,RF,9,13,0,0,300.0064,0.8435109062046158
8,9,RF,9,13,0,0,301.0068,0.8451375975732597
8,9,GB,8,12,0,0,0.0110377,0.00010379782352555145
8,9,GB,8,12,0,0,1.010147,8.471260820380329e-05
8,9,GB,8,12,0,0,2.016094,0.00011726739235095992
8,9,GB,8,12,0,0,3.009745,0.00011910991080142176
8,9,GB,8,12,1,1,4.01616,0.0001051018747864688
8,9,GB,8,12,1,1,5.009424,0.0001177601949405041
8,9,GB,8,12,1,1,6.01379,0.0001395328237836612
8,9,GB,8,12,1,1,7.008862,0.0001260708243221991
8,9,GB,8,12,1,1,8.014355,0.0018528676205235926
8,9,GB,8,12,1,1,9.019238,0.0025104624975223234
8,9,GB,8,12,1,1,10.01213,0.0038180605950875793
8,9,GB,8,12,1,1,11.0166,0.008140851832834748
8,9,GB,8,12,1,1,12.01287,0.010631352181279363
8,9,GB,8,12,1,1,13.01876,0.03274496756376883
8,9,GB,8,12,1,1,14.01381,0.02743612997109135
8,9,GB,8,12,1,1,15.01681,0.021957803044114856
8,9,GB,8,12,1,1,16.01281,0.012334430564079325
8,9,GB,8,12,1,1,17.01839,0.0504321062175894
8,9,GB,8,12,1,1,18.01066,0.03993284267891319
8,9,GB,8,12,1,1,19.01831,0.05886433249918605
8,9,GB,8,12,1,1,20.01064,0.07098172413063028
8,9,GB,8,12,1,1,21.0165,0.06712704990343638
8,9,GB,8,12,1,1,22.01155,0.0845860493494211
8,9,GB,8,12,1,1,23.01568,0.07053546320818083
8,9,GB,8,12,1,1,24.0096,0.06309591107455267
8,9,GB,8,12,1,1,25.01568,0.0652284795422166
8,9,GB,8,12,1,1,26.00962,0.08520671379675243
8,9,GB,8,12,1,1,27.01536,0.05067665359876072
8,9,GB,8,12,1,1,28.0098,0.04486239811682671
8,9,GB,8,12,1,1,29.01463,0.04197484548603114
8,9,GB,8,12,1,1,30.0086,0.023861630530347958
8,9,GB,8,12,1,1,31.01355,0.033944495494929006
8,9,GB,8,12,1,1,32.01867,0.0147059304063558
8,9,GB,8,12,1,1,33.01118,0.01692272925423464
8,9,GB,8,12,1,1,34.01851,0.019015855548433932
8,9,GB,8,12,1,1,35.01208,0.10431460555501844
8,9,GB,8,12,1,1,36.01853,0.14631885399044584
8,9,GB,8,12,1,1,37.01241,0.15058456860064484
8,9,GB,8,12,1,1,38.01729,0.15809678886423273
8,9,GB,8,12,1,1,39.01123,0.1529217492459106
8,9,GB,8,12,1,1,40.0166,0.15340719632769304
8,9,GB,8,12,1,1,41.00916,0.14841279111775557
8,9,GB,8,12,1,1,42.01604,0.1447158814137179
8,9,GB,8,12,1,1,43.00914,0.14559902565394758
8,9,GB,8,12,1,1,44.01637,0.14559902565394758
8,9,GB,8,12,1,1,45.01945,0.14559902565394758
8,9,GB,8,12,1,1,46.01505,0.13575765197891354
8,9,GB,8,12,1,1,47.0084,0.13575765197891354
8,9,GB,8,12,1,1,48.01484,0.14121216856567734
8,9,GB,8,12,1,1,49.00824,0.1421238307568498
8,9,GB,8,12,1,1,50.01454,0.13575765197891354
8,9,GB,8,12,1,1,51.01845,0.22681954316449768
8,9,GB,8,12,1,1,52.01202,0.1850457013927446
8,9,GB,8,12,1,1,53.01875,0.22100452009363358
8,9,GB,8,12,1,1,54.01386,0.22100452009363358
8,9,GB,8,12,1,1,55.01745,0.22100452009363358
8,9,GB,8,12,1,1,56.01162,0.23226500526581273
8,9,GB,8,12,1,1,57.01839,0.12707267399791136
8,9,GB,8,12,1,1,58.01215,0.12976212402957954
8,9,GB,8,12,1,1,59.01632,0.11939134498384275
8,9,GB,8,12,1,1,60.01164,0.17748027616870812
8,9,GB,8,12,1,1,61.01605,0.19448753568035793
8,9,GB,8,12,1,1,62.01088,0.20275319713459977
8,9,GB,8,12,1,1,63.01574,0.2093203947993602
8,9,GB,8,12,1,1,64.0106,0.20161142212076597
8,9,GB,8,12,1,1,65.01489,0.24423504746960634
8,9,GB,8,12,1,1,66.00845,0.24856506897281522
8,9,GB,8,12,1,1,67.01373,0.23871975116659064
8,9,GB,8,12,1,1,68.01971,0.06211390607640829
8,9,GB,8,12,1,1,69.01488,0.05108946727278537
8,9,GB,8,12,1,1,70.01777,0.0687357636393203
8,9,GB,8,12,1,1,71.01369,0.03259886526512547
8,9,GB,8,12,1,1,72.01964,0.13969735217420862
8,9,GB,8,12,1,1,73.01192,0.19826426385661247
8,9,GB,8,12,1,1,74.01961,0.20868366690332021
8,9,GB,8,12,1,1,75.01247,0.18551432005749383
8,9,GB,8,12,1,1,76.01733,0.22708789811556368
8,9,GB,8,12,1,1,77.01091,0.2504822929114017
8,9,GB,8,12,1,1,78.01698,0.6557903894300474
8,9,GB,8,12,1,1,79.01109,0.6613783182099777
8,9,GB,8,12,1,1,80.01685,0.702898716334506
8,9,GB,8,12,1,1,81.01129,0.6928446641949266
8,9,GB,8,12,1,1,82.0164,0.6860005621636236
8,9,GB,8,12,1,1,83.00986,0.7497553959146545
8,9,GB,8,12,1,1,84.01507,0.8427671130364406
8,9,GB,8,12,1,1,85.0094,0.786387116661761
8,9,GB,8,12,1,1,86.01546,0.7973871059000504
8,9,GB,8,12,1,1,87.00921,0.7707659293526131
8,9,GB,8,12,1,1,88.01216,0.7542319004528547
8,9,GB,8,12,1,1,89.00884,0.8343118208661019
8,9,GB,8,12,1,1,90.01527,0.8156341876344054
8,9,GB,8,12,1,1,91.01823,0.8124300627308715
8,9,GB,8,12,1,1,92.01326,0.814629667857244
8,9,GB,8,12,1,1,93.0173,0.7228615925737468
8,9,GB,8,12,1,1,94.012,0.7108971644309208
8,9,GB,8,12,1,1,95.01615,0.6735166067543075
8,9,GB,8,12,1,1,96.01204,0.6976293938379938
8,9,GB,8,12,1,1,97.01764,0.7169482232104128
8,9,GB,8,12,1,1,98.0108,0.7343308344641164
8,9,GB,8,12,1,1,99.01787,0.7310638888825771
8,9,GB,8,12,1,1,100.0112,0.7310638888825771
8,9,GB,8,12,1,1,101.0159,0.7405506450825152
8,9,GB,8,12,1,1,102.0096,0.7310638888825771
8,9,GB,8,12,1,1,103.0159,0.7310638888825771
8,9,GB,8,12,1,1,104.0102,0.7450076410620005
8,9,GB,8,12,1,1,105.0157,0.8235946138063484
8,9,GB,8,12,1,1,106.0086,0.8587088994800757
8,9,GB,8,12,1,1,107.0142,0.8642545600365555
8,9,GB,8,12,1,1,108.009,0.8584263112461926
8,9,GB,8,12,1,1,109.0137,0.8584263112461926
8,9,GB,8,12,1,1,110.0089,0.8642545600365555
8,9,GB,8,12,1,1,111.0139,0.8763533957852437
8,9,GB,8,12,1,1,112.0085,0.8993198729122174
8,9,GB,8,12,1,1,113.0106,0.8860129485114073
8,9,GB,8,12,1,1,114.017,0.8785828133172472
8,9,GB,8,12,1,1,115.0134,0.9011818859769763
8,9,GB,8,12,1,1,116.0167,0.8785828133172472
8,9,GB,8,12,1,1,117.0123,0.8918345226926738
8,9,GB,8,12,1,1,118.0174,0.8812582804925991
8,9,GB,8,12,1,1,119.0114,0.8862711198330254
8,9,GB,8,12,1,1,120.0172,0.9023026787384879
8,9,GB,8,12,1,1,121.0105,0.9101155284148351
8,9,GB,8,12,1,1,122.0162,0.9230994614703909
8,9,GB,8,12,1,1,123.0094,0.9262459115875421
8,9,GB,8,12,1,1,124.015,0.9232596593602135
8,9,GB,8,12,1,1,125.0093,0.9292401365936959
8,9,GB,8,12,1,1,126.0151,0.8783924422110004
8,9,GB,8,12,1,1,127.0096,0.8786037325126347
8,9,GB,8,12,1,1,128.0141,0.9184548156591612
8,9,GB,8,12,1,1,129.0185,0.9294793841205041
8,9,GB,8,12,1,1,130.014,0.9294793841205041
8,9,GB,8,12,1,1,131.0189,0.933002487794641
8,9,GB,8,12,1,1,132.0128,0.9359895449236668
8,9,GB,8,12,1,1,133.019,0.9284495707446188
8,9,GB,8,12,1,1,134.0107,0.9284495707446188
8,9,GB,8,12,1,1,135.0182,0.9293852051199655
8,9,GB,8,12,1,1,136.0107,0.9325218733417002
8,9,GB,8,12,1,1,137.0173,0.9203459879475345
8,9,GB,8,12,1,1,138.0118,0.9315417214926028
8,9,GB,8,12,1,1,139.0185,0.9304944898866593
8,9,GB,8,12,1,1,140.011,0.9316247416911871
8,9,GB,8,12,1,1,141.0155,0.9167933131333755
8,9,GB,8,12,1,1,142.0092,0.9273101992773065
8,9,GB,8,12,1,1,143.0148,0.9305321486719509
8,9,GB,8,12,1,1,144.0097,0.9273101992773065
8,9,GB,8,12,1,1,145.0158,0.9295252793531654
8,9,GB,8,12,1,1,146.009,0.934431218029744
8,9,GB,8,12,1,1,147.0147,0.9187504959798933
8,9,GB,8,12,1,1,148.0176,0.9354667392623742
8,9,GB,8,12,1,1,149.0135,0.9135254934276454
8,9,GB,8,12,1,1,150.0089,0.9187504959798933
8,9,GB,8,12,1,1,151.0133,0.934431218029744
8,9,GB,8,12,1,1,152.0182,0.9044996009468385
8,9,GB,8,12,1,1,153.0136,0.9356903050906433
8,9,GB,8,12,1,1,154.0181,0.9139557777985841
8,9,GB,8,12,1,1,155.0128,0.9419320201800465
8,9,GB,8,12,1,1,156.0166,0.9412024046307882
8,9,GB,8,12,1,1,157.0118,0.9732701227124425
8,9,GB,8,12,1,1,158.0165,0.9824448090205988
8,9,GB,8,12,1,1,159.0093,0.9860199176741019
8,9,GB,8,12,1,1,160.0144,0.985295139747762
8,9,GB,8,12,1,1,161.0088,0.9952482247632606
8,9,GB,8,12,1,1,162.0157,0.9930876714730108
8,9,GB,8,12,1,1,163.0096,0.993499867864885
8,9,GB,8,12,1,1,164.0156,0.9939516234764619
8,9,GB,8,12,1,1,165.0181,0.9942431809337625
8,9,GB,8,12,1,1,166.015,0.993956987290475
8,9,GB,8,12,1,1,167.0088,0.9940262619914056
8,9,GB,8,12,1,1,168.0134,0.994004033211523
8,9,GB,8,12,1,1,169.0189,0.9916552668973038
8,9,GB,8,12,1,1,170.0132,0.995580538585895
8,9,GB,8,12,1,1,171.0085,0.9953026856003128
8,9,GB,8,12,1,1,172.0134,0.9955254346419424
8,9,GB,8,12,1,1,173.0177,0.995837946111705
8,9,GB,8,12,1,1,174.0111,0.9920733481824451
8,9,GB,8,12,1,1,175.0181,0.9921941003080881
8,9,GB,8,12,1,1,176.0109,0.9918068784235005
8,9,GB,8,12,1,1,177.017,0.9925464615481795
8,9,GB,8,12,1,1,178.011,0.9923275687575835
8,9,GB,8,12,1,1,179.0166,0.9919469140123882
8,9,GB,8,12,1,1,180.0093,0.9910221667833763
8,9,GB,8,12,1,1,181.0153,0.9920356644889858
8,9,GB,8,12,1,1,182.0092,0.9920356644889858
8,9,GB,8,12,1,1,183.0143,0.992062323669699
8,9,GB,8,12,1,1,184.0083,0.9916098625774884
8,9,GB,8,12,1,1,185.0125,0.9919738678658441
8,9,GB,8,12,1,1,186.0095,0.9919738678658441
8,9,GB,8,12,1,1,187.0145,0.9921322754975993
8,9,GB,8,12,1,1,188.0086,0.9921322754975993
8,9,GB,8,12,1,1,189.0136,0.9921322754975993
8,9,GB,8,12,1,1,190.0171,0.9921780811839784
8,9,GB,8,12,1,1,191.013,0.991115077304456
8,9,GB,8,12,1,1,192.0174,0.9928819732511398
8,9,GB,8,12,1,1,193.0106,0.9928635859575413
8,9,GB,8,12,1,1,194.0183,0.9931025697031963
8,9,GB,8,12,1,1,195.011,0.981025009812142
8,9,GB,8,12,1,1,196.0152,0.9904381668678853
8,9,GB,8,12,1,1,197.0104,0.9924413170737268
8,9,GB,8,12,1,1,198.0171,0.9925966076328814
8,9,GB,8,12,1,1,199.0101,0.9924356130135035
8,9,GB,8,12,1,1,200.0164,0.9927950435074113
8,9,GB,8,12,1,1,201.0086,0.9929103095652589
8,9,GB,8,12,1,1,202.0159,0.9954810806377298
8,9,GB,8,12,1,1,203.0097,0.9960995485731077
8,9,GB,8,12,1,1,204.015,0.996182862724765
8,9,GB,8,12,1,1,205.0092,0.9963648905477
8,9,GB,8,12,1,1,206.0141,0.9962015864663843
8,9,GB,8,12,1,1,207.008,0.9962015864663843
8,9,GB,8,12,1,1,208.0141,0.9965321849489671
8,9,GB,8,12,1,1,209.0079,0.9963909421001901
8,9,GB,8,12,1,1,210.0141,0.9962690707764268
8,9,GB,8,12,1,1,211.0173,0.9964470022584084
8,9,GB,8,12,1,1,212.0122,0.9962690707764268
8,9,GB,8,12,1,1,213.0178,0.9961647716017399
8,9,GB,8,12,1,1,214.0104,0.9969580419504556
8,9,GB,8,12,1,1,215.0173,0.9965806344507848
8,9,GB,8,12,1,1,216.0121,0.9964651459680726
8,9,GB,8,12,1,1,217.016,0.9966337580375804
8,9,GB,8,12,1,1,218.0118,0.9964651459680726
8,9,GB,8,12,1,1,219.017,0.9966298200156511
8,9,GB,8,12,1,1,220.0112,0.996537876635524
8,9,GB,8,12,1,1,221.0145,0.9964971696546406
8,9,GB,8,12,1,1,222.0105,0.9966463587324665
8,9,GB,8,12,1,1,223.0154,0.9961620629480457
8,9,GB,8,12,1,1,224.0105,0.996574080070781
8,9,GB,8,12,1,1,225.0148,0.9973620446724174
8,9,GB,8,12,1,1,226.0095,0.9974606112033735
8,9,GB,8,12,1,1,227.0143,0.9973912736801948
8,9,GB,8,12,1,1,228.0086,0.9974484701276551
8,9,GB,8,12,1,1,229.0141,0.9974645160197725
8,9,GB,8,12,1,1,230.0186,0.9974484701276551
8,9,GB,8,12,1,1,231.0125,0.997334868117829
8,9,GB,8,12,1,1,232.0178,0.9974484701276551
8,9,GB,8,12,1,1,233.0099,0.997452449915919
8,9,GB,8,12,1,1,234.0176,0.9973828901350422
8,9,GB,8,12,1,1,235.0116,0.997452449915919
8,9,GB,8,12,1,1,236.0172,0.9973828901350422
8,9,GB,8,12,1,1,237.0101,0.995111180262027
8,9,GB,8,12,1,1,238.0155,0.9948940475726722
8,9,GB,8,12,1,1,239.008,0.9950871080249312
8,9,GB,8,12,1,1,240.0153,0.9950871080249312
8,9,GB,8,12,1,1,241.0105,0.994102873636402
8,9,GB,8,12,1,1,242.0131,0.9952123987246034
8,9,GB,8,12,1,1,243.0095,0.9950871080249312
8,9,GB,8,12,1,1,244.014,0.994813525864135
8,9,GB,8,12,1,1,245.0085,0.9854785513276585
8,9,GB,8,12,1,1,246.0148,0.9914597077098449
8,9,GB,8,12,1,1,247.009,0.9946929122236973
8,9,GB,8,12,1,1,248.0144,0.9978433929626519
8,9,GB,8,12,1,1,249.0175,0.9980787332102737
8,9,GB,8,12,1,1,250.0134,0.9978433929626519
8,9,GB,8,12,1,1,251.0181,0.9978433929626519
8,9,GB,8,12,1,1,252.0121,0.9979007388677451
8,9,GB,8,12,1,1,253.0182,0.9975675205416887
8,9,GB,8,12,1,1,254.0107,0.9978433929626519
8,9,GB,8,12,1,1,255.0149,0.9978433929626519
8,9,GB,8,12,1,1,256.0111,0.9978433929626519
8,9,GB,8,12,1,1,257.0152,0.9976321847079376
8,9,GB,8,12,1,1,258.0106,0.9975675205416887
8,9,GB,8,12,1,1,259.0168,0.9978433929626519
8,9,GB,8,12,1,1,260.0113,0.9981091114425988
8,9,GB,8,12,1,1,261.0168,0.9976177478017265
8,9,GB,8,12,1,1,262.0091,0.9978877533209483
8,9,GB,8,12,1,1,263.015,0.9980021637275005
8,9,GB,8,12,1,1,264.0086,0.997947582765608
8,9,GB,8,12,1,1,265.0153,0.997947582765608
8,9,GB,8,12,1,1,266.0085,0.9980021637275005
8,9,GB,8,12,1,1,267.0125,0.9977607308633027
8,9,GB,8,12,1,1,268.0091,0.9976222801756793
8,9,GB,8,12,1,1,269.0128,0.9976566395397976
8,9,GB,8,12,1,1,270.0084,0.9965430019957802
8,9,GB,8,12,1,1,271.0146,0.9972077574897031
8,9,GB,8,12,1,1,272.0173,0.9965650883794275
8,9,GB,8,12,1,1,273.0097,0.9956852126750397
8,9,GB,8,12,1,1,274.0183,0.9970695805784333
8,9,GB,8,12,1,1,275.0115,0.9976232554936793
8,9,GB,8,12,1,1,276.0151,0.997540652590049
8,9,GB,8,12,1,1,277.0096,0.9975561201915685
8,9,GB,8,12,1,1,278.0158,0.9968943774666318
8,9,GB,8,12,1,1,279.0106,0.9967402817661627
8,9,GB,8,12,1,1,280.0164,0.9967719958397636
8,9,GB,8,12,1,1,281.0103,0.9966839183157863
8,9,GB,8,12,1,1,282.0149,0.9967719958397636
8,9,GB,8,12,1,1,283.009,0.9966839183157863
8,9,GB,8,12,1,1,284.0134,0.9967719958397636
8,9,GB,8,12,1,1,285.0092,0.9964385923685783
8,9,GB,8,12,1,1,286.0143,0.9965909946002207
8,9,GB,8,12,1,1,287.0086,0.9958450419097983
8,9,GB,8,12,1,1,288.0116,0.99364084961638
8,9,GB,8,12,1,1,289.0082,0.9938092512034282
8,9,GB,8,12,1,1,290.0127,0.9938480420201977
8,9,GB,8,12,1,1,291.0188,0.9938092512034282
8,9,GB,8,12,1,1,292.0116,0.9938092512034282
8,9,GB,8,12,1,1,293.0168,0.9937110501295101
8,9,GB,8,12,1,1,294.0131,0.9938776041369779
8,9,GB,8,12,1,1,295.0175,0.993399040982952
8,9,GB,8,12,1,1,296.0116,0.9938092512034282
8,9,GB,8,12,1,1,297.0178,0.9938092512034282
8,9,GB,8,12,1,1,298.0087,0.9936335755143072
8,9,GB,8,12,1,1,299.016,0.9936641616409253
8,9,GB,8,12,1,1,300.0092,0.9935568963368915
8,9,GB,8,12,1,1,301.0147,0.9932427404843377
8,9,GB,9,13,0,0,0.0110195,0.0004724649738464178
8,9,GB,9,13,0,0,1.005759,0.00011851186268566045
8,9,GB,9,13,0,0,2.00784,0.00010801175070151737
8,9,GB,9,13,0,0,3.007802,0.00010801175070151737
8,9,GB,9,13,0,0,4.007293,0.00013493105460291702
8,9,GB,9,13,0,0,5.008187,0.00013493105460291702
8,9,GB,9,13,0,0,6.008643,0.00013493105460291702
8,9,GB,9,13,0,0,7.009022,0.00023991634211878056
8,9,GB,9,13,0,0,8.008588,0.00017182708604948293
8,9,GB,9,13,0,0,9.008896,0.00015189429156674418
8,9,GB,9,13,0,0,10.00913,0.00016773025688868176
8,9,GB,9,13,0,0,11.01103,0.0001861004860130353
8,9,GB,9,13,0,0,12.01013,0.0002836241818059995
8,9,GB,9,13,0,0,13.01072,0.00024824661177478847
8,9,GB,9,13,0,0,14.01103,0.0002527843322573703
8,9,GB,9,13,0,0,15.0121,0.000517256459509123
8,9,GB,9,13,0,0,16.00964,0.0009759069859247016
8,9,GB,9,13,0,0,17.01035,0.0009850948250982913
8,9,GB,9,13,0,0,18.01051,0.0024506463358486465
8,9,GB,9,13,0,0,19.0111,0.001852126484898529
8,9,GB,9,13,0,0,20.01075,0.0029295149607657446
8,9,GB,9,13,0,0,21.00977,0.004768273949378199
8,9,GB,9,13,0,0,22.0112,0.005813993636048772
8,9,GB,9,13,0,0,23.01091,0.004915783276524266
8,9,GB,9,13,0,0,24.0096,0.006470781814154841
8,9,GB,9,13,0,0,25.01049,0.007333426709861021
8,9,GB,9,13,0,0,26.01068,0.011172527040172759
8,9,GB,9,13,0,0,27.01039,0.011280326387041805
8,9,GB,9,13,0,0,28.01047,0.009669288177024638
8,9,GB,9,13,0,0,29.01056,0.004649545430756844
8,9,GB,9,13,0,0,30.01037,0.006206751069158537
8,9,GB,9,13,0,0,31.01037,0.016510406396034995
8,9,GB,9,13,0,0,32.01043,0.016098582754439743
8,9,GB,9,13,0,0,33.01025,0.01464195453867355
8,9,GB,9,13,0,0,34.01165,0.01464195453867355
8,9,GB,9,13,0,0,35.01178,0.01403111031979818
8,9,GB,9,13,0,0,36.01152,0.0062019468866499755
8,9,GB,9,13,0,0,37.01201,0.006487899780428629
8,9,GB,9,13,0,0,38.01177,0.042385164104440834
8,9,GB,9,13,0,0,39.01201,0.03541866773661966
8,9,GB,9,13,0,0,40.01328,0.049317937895498924
8,9,GB,9,13,0,0,41.01098,0.04257414293633134
8,9,GB,9,13,0,0,42.01181,0.041037584232096906
8,9,GB,9,13,0,0,43.011,0.060283154356489156
8,9,GB,9,13,0,0,44.01217,0.0575413937481679
8,9,GB,9,13,0,0,45.01147,0.0594797532587017
8,9,GB,9,13,0,0,46.01141,0.0594797532587017
8,9,GB,9,13,0,0,47.01147,0.05118119846030424
8,9,GB,9,13,0,0,48.011,0.04878227577052491
8,9,GB,9,13,0,0,49.01306,0.04518977158958987
8,9,GB,9,13,0,0,50.01255,0.035254608998108256
8,9,GB,9,13,0,0,51.0136,0.03022555211309708
8,9,GB,9,13,0,0,52.01255,0.026137191944878096
8,9,GB,9,13,0,0,53.01245,0.028121488171126863
8,9,GB,9,13,0,0,54.01316,0.018975818783073313
8,9,GB,9,13,0,0,55.01288,0.019202065688349965
8,9,GB,9,13,0,0,56.01094,0.025993568345801996
8,9,GB,9,13,0,0,57.01193,0.028556432134769456
8,9,GB,9,13,0,0,58.01228,0.023297471488720845
8,9,GB,9,13,0,0,59.01311,0.03700020688243861
8,9,GB,9,13,0,0,60.01287,0.09467716035575809
8,9,GB,9,13,0,0,61.01322,0.09382280662503213
8,9,GB,9,13,0,0,62.00483,0.06502834314558223
8,9,GB,9,13,0,0,63.00399,0.06468403796522225
8,9,GB,9,13,0,0,64.01481,0.04824352334768078
8,9,GB,9,13,0,0,65.01499,0.05608008857406338
8,9,GB,9,13,0,0,66.00488,0.0589256240685088
8,9,GB,9,13,0,0,67.01431,0.08654757699920616
8,9,GB,9,13,0,0,68.01569,0.11963568150092957
8,9,GB,9,13,0,0,69.01431,0.11203281297002225
8,9,GB,9,13,0,0,70.00444,0.11163008767474748
8,9,GB,9,13,0,0,71.01484,0.08591193926093561
8,9,GB,9,13,0,0,72.01485,0.08840308021152882
8,9,GB,9,13,0,0,73.01538,0.08528001866689013
8,9,GB,9,13,0,0,74.01483,0.08007899382319285
8,9,GB,9,13,0,0,75.01283,0.05682908278476062
8,9,GB,9,13,0,0,76.01294,0.05276614144118875
8,9,GB,9,13,0,0,77.0144,0.04176042711563134
8,9,GB,9,13,0,0,78.01477,0.09140046459595338
8,9,GB,9,13,0,0,79.01405,0.09045657766101116
8,9,GB,9,13,0,0,80.01414,0.13005612671680983
8,9,GB,9,13,0,0,81.01292,0.12394199500383624
8,9,GB,9,13,0,0,82.01397,0.08781839190472303
8,9,GB,9,13,0,0,83.01512,0.12097457679887588
8,9,GB,9,13,0,0,84.00425,0.16074415328340827
8,9,GB,9,13,0,0,85.0048,0.17090031243607195
8,9,GB,9,13,0,0,86.00455,0.1548417928121219
8,9,GB,9,13,0,0,87.00511,0.16134168904175775
8,9,GB,9,13,0,0,88.01478,0.18894347012970517
8,9,GB,9,13,0,0,89.01393,0.22040917145257288
8,9,GB,9,13,0,0,90.00504,0.1317568656832316
8,9,GB,9,13,0,0,91.00574,0.3159805150381931
8,9,GB,9,13,0,0,92.01431,0.30107397892692567
8,9,GB,9,13,0,0,93.01505,0.4413694010301616
8,9,GB,9,13,0,0,94.00507,0.6609683778974134
8,9,GB,9,13,0,0,95.00547,0.5809038291727006
8,9,GB,9,13,0,0,96.00397,0.5061362387159025
8,9,GB,9,13,0,0,97.00613,0.5252965844901946
8,9,GB,9,13,0,0,98.00716,0.5704693385982094
8,9,GB,9,13,0,0,99.00568,0.6147950224539362
8,9,GB,9,13,0,0,100.0066,0.48059030952126003
8,9,GB,9,13,0,0,101.0064,0.48059030952126003
8,9,GB,9,13,0,0,102.0046,0.4674019129106625
8,9,GB,9,13,0,0,103.0056,0.40675197428467913
8,9,GB,9,13,0,0,104.0057,0.39079672704405727
8,9,GB,9,13,0,0,105.0069,0.3826483374522829
8,9,GB,9,13,0,0,106.0045,0.48501442506442444
8,9,GB,9,13,0,0,107.0059,0.6132342490698856
8,9,GB,9,13,0,0,108.0047,0.6818412843844066
8,9,GB,9,13,0,0,109.0066,0.7665082694219408
8,9,GB,9,13,0,0,110.0056,0.8067657923880192
8,9,GB,9,13,0,0,111.0052,0.815808231485618
8,9,GB,9,13,0,0,112.0055,0.7784019697787505
8,9,GB,9,13,0,0,113.0053,0.7868355271522705
8,9,GB,9,13,0,0,114.0057,0.839912613519637
8,9,GB,9,13,0,0,115.0057,0.8168430497192475
8,9,GB,9,13,0,0,116.006,0.8308463286720399
8,9,GB,9,13,0,0,117.0064,0.8662254947426336
8,9,GB,9,13,0,0,118.0063,0.8378904506070542
8,9,GB,9,13,0,0,119.0068,0.8597186360594571
8,9,GB,9,13,0,0,120.0069,0.7464769376598727
8,9,GB,9,13,0,0,121.0075,0.720086974635113
8,9,GB,9,13,0,0,122.0072,0.7073250368040279
8,9,GB,9,13,0,0,123.0058,0.7534469191556595
8,9,GB,9,13,0,0,124.0076,0.8113361966642291
8,9,GB,9,13,0,0,125.007,0.8113361966642291
8,9,GB,9,13,0,0,126.0072,0.8159349967804461
8,9,GB,9,13,0,0,127.0068,0.8469634569850987
8,9,GB,9,13,0,0,128.0076,0.8519034417700129
8,9,GB,9,13,0,0,129.0074,0.8950813425467009
8,9,GB,9,13,0,0,130.0071,0.83865240149759
8,9,GB,9,13,1,3,131.0081,0.7659447766447948
8,9,GB,9,13,1,3,132.0073,0.9276061608249201
8,9,GB,9,13,1,3,133.0062,0.9211218365289038
8,9,GB,9,13,1,3,134.0074,0.882330418031245
8,9,GB,9,13,1,3,135.0069,0.9665474771537477
8,9,GB,9,13,1,3,136.0064,0.9769458846832024
8,9,GB,9,13,1,3,137.0067,0.9684720497636506
8,9,GB,9,13,1,3,138.0067,0.9645825018569018
8,9,GB,9,13,1,3,139.007,0.9635349731763372
8,9,GB,9,13,1,3,140.0062,0.9771947350970714
8,9,GB,9,13,1,3,141.0073,0.9777506730484433
8,9,GB,9,13,1,3,142.0084,0.9892186679298011
8,9,GB,9,13,1,3,143.008,0.9889413379533426
8,9,GB,9,13,1,3,144.0094,0.988228484360494
8,9,GB,9,13,1,3,145.0076,0.988228484360494
8,9,GB,9,13,1,3,146.0077,0.9890178732039101
8,9,GB,9,13,1,3,147.0074,0.968922249460791
8,9,GB,9,13,1,3,148.0075,0.9733778591647112
8,9,GB,9,13,1,3,149.0084,0.984331644420555
8,9,GB,9,13,1,3,150.0068,0.9832297671990191
8,9,GB,9,13,1,3,151.0084,0.9937376777138878
8,9,GB,9,13,1,3,152.009,0.9651240190768825
8,9,GB,9,13,1,3,153.0098,0.9851085786463039
8,9,GB,9,13,1,3,154.0073,0.9922104023468142
8,9,GB,9,13,0,0,155.0084,0.9901805812798771
8,9,GB,9,13,0,0,156.0078,0.994300978177952
8,9,GB,9,13,0,0,157.008,0.9914323684835966
8,9,GB,9,13,0,0,158.0095,0.9897675480908705
8,9,GB,9,13,0,0,159.0101,0.9961481191713547
8,9,GB,9,13,0,0,160.0103,0.9944125531976458
8,9,GB,9,13,0,0,161.0102,0.9945542676967475
8,9,GB,9,13,0,0,162.0098,0.9930514407869552
8,9,GB,9,13,0,0,163.0103,0.992433886585713
8,9,GB,9,13,0,0,164.0104,0.9942097551839619
8,9,GB,9,13,0,0,165.0098,0.9952779974795918
8,9,GB,9,13,0,0,166.0106,0.99532869604059
8,9,GB,9,13,0,0,167.0094,0.9962132526828088
8,9,GB,9,13,0,0,168.0101,0.994025907352498
8,9,GB,9,13,0,0,169.0095,0.9931623734612455
8,9,GB,9,13,0,0,170.0094,0.9926732480058877
8,9,GB,9,13,0,0,171.0103,0.989596269710009
8,9,GB,9,13,0,0,172.0116,0.9896062405877679
8,9,GB,9,13,0,0,173.0117,0.897440039480203
8,9,GB,9,13,0,0,174.0113,0.897440039480203
8,9,GB,9,13,0,0,175.0105,0.8752258088311576
8,9,GB,9,13,0,0,176.0114,0.751756063683395
8,9,GB,9,13,0,0,177.011,0.8441392128671937
8,9,GB,9,13,0,0,178.0101,0.8813217752238095
8,9,GB,9,13,0,0,179.0093,0.8670806661815231
8,9,GB,9,13,0,0,180.0106,0.8654335867444259
8,9,GB,9,13,0,0,181.0108,0.8640702923809889
8,9,GB,9,13,0,0,182.0097,0.876306459233724
8,9,GB,9,13,0,0,183.0091,0.9709957730734492
8,9,GB,9,13,0,0,184.0103,0.9659009166430599
8,9,GB,9,13,0,0,185.0096,0.9776799807953054
8,9,GB,9,13,0,0,186.01,0.9800763928315702
8,9,GB,9,13,0,0,187.0108,0.9863435600198545
8,9,GB,9,13,0,0,188.0104,0.9866191955665778
8,9,GB,9,13,0,0,189.0116,0.9863230443936557
8,9,GB,9,13,0,0,190.0116,0.9754190116380855
8,9,GB,9,13,0,0,191.0115,0.9878266181038926
8,9,GB,9,13,0,0,192.0119,0.993155836942042
8,9,GB,9,13,0,0,193.0109,0.9920259340824527
8,9,GB,9,13,0,0,194.0107,0.9953686310829131
8,9,GB,9,13,0,0,195.01,0.9948392216041266
8,9,GB,9,13,0,0,196.0102,0.9955443130237338
8,9,GB,9,13,0,0,197.0122,0.9931443127002969
8,9,GB,9,13,0,0,198.0116,0.9909584953538084
8,9,GB,9,13,0,0,199.0125,0.9949875254509039
8,9,GB,9,13,0,0,200.0115,0.9957057357152542
8,9,GB,9,13,0,0,201.0117,0.9927828563862426
8,9,GB,9,13,0,0,202.0122,0.9907358400202662
8,9,GB,9,13,0,0,203.0135,0.9926966878129763
8,9,GB,9,13,0,0,204.0123,0.9831612945487728
8,9,GB,9,13,0,0,205.0133,0.9874669068139984
8,9,GB,9,13,0,0,206.013,0.9867459939964947
8,9,GB,9,13,0,0,207.0117,0.9868870909133703
8,9,GB,9,13,0,0,208.0125,0.9870715541370797
8,9,GB,9,13,0,0,209.0119,0.9891946390490668
8,9,GB,9,13,0,0,210.0124,0.9885194340139054
8,9,GB,9,13,0,0,211.013,0.9885194340139054
8,9,GB,9,13,0,0,212.0144,0.9869967621083692
8,9,GB,9,13,0,0,213.0136,0.9898387065086328
8,9,GB,9,13,0,0,214.0147,0.9872205084274005
8,9,GB,9,13,0,0,215.0134,0.9874375976359294
8,9,GB,9,13,0,0,216.0129,0.9889607325692047
8,9,GB,9,13,0,0,217.0129,0.9911088771682512
8,9,GB,9,13,0,0,218.0129,0.9933450652296605
8,9,GB,9,13,0,0,219.0129,0.9940812808559055
8,9,GB,9,13,0,0,220.0126,0.9921084091422733
8,9,GB,9,13,0,0,221.0129,0.991229471823434
8,9,GB,9,13,0,0,222.0122,0.993308064818182
8,9,GB,9,13,0,0,223.0122,0.987591655774136
8,9,GB,9,13,0,0,224.0124,0.9906190042968495
8,9,GB,9,13,0,0,225.0121,0.9927871951048178
8,9,GB,9,13,0,0,226.0132,0.9938048853832478
8,9,GB,9,13,0,0,227.0143,0.9923244525667573
8,9,GB,9,13,0,0,228.0146,0.9951718316368486
8,9,GB,9,13,0,0,229.014,0.9939164581429226
8,9,GB,9,13,0,0,230.0146,0.9946063825775718
8,9,GB,9,13,0,0,231.0143,0.9959871046391586
8,9,GB,9,13,0,0,232.0145,0.998997362285236
8,9,GB,9,13,0,0,233.0145,0.9972696035676358
8,9,GB,9,13,0,0,234.0137,0.9970593707969779
8,9,GB,9,13,0,0,235.0139,0.9975972615409749
8,9,GB,9,13,0,0,236.0044,0.997576337572905
8,9,GB,9,13,0,0,237.0162,0.996409168155695
8,9,GB,9,13,0,0,238.0152,0.997579218338601
8,9,GB,9,13,0,0,239.0044,0.9979418187161946
8,9,GB,9,13,0,0,240.0048,0.9974162826983541
8,9,GB,9,13,0,0,241.0044,0.9974938502910933
8,9,GB,9,13,0,0,242.0045,0.99835165990522
8,9,GB,9,13,0,0,243.0043,0.9978796698151202
8,9,GB,9,13,0,0,244.0162,0.998204993894808
8,9,GB,9,13,0,0,245.0155,0.9982386471360309
8,9,GB,9,13,0,0,246.0154,0.997317686861067
8,9,GB,9,13,0,0,247.0153,0.9972692215740586
8,9,GB,9,13,0,0,248.0145,0.9970288054466965
8,9,GB,9,13,0,0,249.0152,0.9973154650499793
8,9,GB,9,13,0,0,250.0147,0.9971943692144108
8,9,GB,9,13,0,0,251.0159,0.9975793610595987
8,9,GB,9,13,0,0,252.0157,0.9859596220956742
8,9,GB,9,13,0,0,253.0046,0.9897458957928235
8,9,GB,9,13,0,0,254.0047,0.9906019582882575
8,9,GB,9,13,0,0,255.0051,0.9823787164848113
8,9,GB,9,13,0,0,256.0152,0.9858347270860187
8,9,GB,9,13,0,0,257.0048,0.9925037572680956
8,9,GB,9,13,0,0,258.0048,0.9904924896582666
8,9,GB,9,13,0,0,259.0142,0.989568216587852
8,9,GB,9,13,0,0,260.0155,0.9884505598328719
8,9,GB,9,13,0,0,261.0048,0.9890483588409869
8,9,GB,9,13,0,0,262.0058,0.9866503988861006
8,9,GB,9,13,0,0,263.0071,0.9925555524360355
8,9,GB,9,13,0,0,264.0063,0.9917087165285763
8,9,GB,9,13,0,0,265.0065,0.990317731756521
8,9,GB,9,13,0,0,266.0061,0.9911776262336929
8,9,GB,9,13,0,0,267.0054,0.9876675304065966
8,9,GB,9,13,0,0,268.0065,0.9970925047505187
8,9,GB,9,13,0,0,269.0069,0.9970452925528419
8,9,GB,9,13,0,0,270.006,0.997262575159016
8,9,GB,9,13,0,0,271.0046,0.9973610595637025
8,9,GB,9,13,0,0,272.0052,0.9982250039050486
8,9,GB,9,13,0,0,273.0052,0.9981791958906552
8,9,GB,9,13,0,0,274.0054,0.9981628551040457
8,9,GB,9,13,0,0,275.0052,0.9963076139945859
8,9,GB,9,13,0,0,276.0056,0.9985348903558726
8,9,GB,9,13,0,0,277.0053,0.9985980752056987
8,9,GB,9,13,0,0,278.0059,0.9985723465436337
8,9,GB,9,13,0,0,279.0058,0.9988070785085605
8,9,GB,9,13,0,0,280.0075,0.9979761472768109
8,9,GB,9,13,0,0,281.0063,0.9974959031298687
8,9,GB,9,13,0,0,282.006,0.9984592033719725
8,9,GB,9,13,0,0,283.005,0.998333332663392
8,9,GB,9,13,0,0,284.0056,0.9983731115623524
8,9,GB,9,13,0,0,285.0061,0.9913073932150226
8,9,GB,9,13,0,0,286.0067,0.9908814052946245
8,9,GB,9,13,0,0,287.0079,0.9953693123290651
8,9,GB,9,13,0,0,288.0077,0.9940430678878672
8,9,GB,9,13,0,0,289.006,0.9945821020304086
8,9,GB,9,13,0,0,290.0072,0.995859007164534
8,9,GB,9,13,0,0,291.0072,0.9990186324310348
8,9,GB,9,13,0,0,292.0069,0.9989961785668846
8,9,GB,9,13,0,0,293.0074,0.9990032963508808
8,9,GB,9,13,0,0,294.0071,0.9991324020952239
8,9,GB,9,13,0,0,295.0074,0.9991457533497279
8,9,GB,9,13,0,0,296.0071,0.9992377220756143
8,9,GB,9,13,0,0,297.0076,0.9991761483488312
8,9,GB,9,13,0,0,298.0078,0.9992241826480206
8,9,GB,9,13,0,0,299.007,0.9988523880165642
8,9,GB,9,13,0,0,300.0064,0.9993590356782561
8,9,GB,9,13,0,0,301.0068,0.9994857234698988
8,9,LR,8,12,0,0,0.0110377,5.677274070347506e-06
8,9,LR,8,12,0,0,1.010147,3.421242597593566e-05
8,9,LR,8,12,0,0,2.016094,0.00021253869002751903
8,9,LR,8,12,0,0,3.009745,0.0005210163279278098
8,9,LR,8,12,1,1,4.01616,0.0005126945452452974
8,9,LR,8,12,1,1,5.009424,0.0009630735140398103
8,9,LR,8,12,1,1,6.01379,0.0015457435490736548
8,9,LR,8,12,1,1,7.008862,0.0018540925294567346
8,9,LR,8,12,1,1,8.014355,0.0019451958611377202
8,9,LR,8,12,1,1,9.019238,0.0020282164473978195
8,9,LR,8,12,1,1,10.01213,0.0025505304026149683
8,9,LR,8,12,1,1,11.0166,0.0030298637744876305
8,9,LR,8,12,1,1,12.01287,0.00350350489036909
8,9,LR,8,12,1,1,13.01876,0.00287286056702663
8,9,LR,8,12,1,1,14.01381,0.003650036148600853
8,9,LR,8,12,1,1,15.01681,0.004347269562422577
8,9,LR,8,12,1,1,16.01281,0.0039477782208155905
8,9,LR,8,12,1,1,17.01839,0.005221988078630314
8,9,LR,8,12,1,1,18.01066,0.00593700375328203
8,9,LR,8,12,1,1,19.01831,0.0072746449649361035
8,9,LR,8,12,1,1,20.01064,0.00625145537746764
8,9,LR,8,12,1,1,21.0165,0.007693314025906689
8,9,LR,8,12,1,1,22.01155,0.008488037666696362
8,9,LR,8,12,1,1,23.01568,0.00826462650140875
8,9,LR,8,12,1,1,24.0096,0.009823750413921127
8,9,LR,8,12,1,1,25.01568,0.00792152716688831
8,9,LR,8,12,1,1,26.00962,0.010516969412572717
8,9,LR,8,12,1,1,27.01536,0.0118085660992077
8,9,LR,8,12,1,1,28.0098,0.010810118247387274
8,9,LR,8,12,1,1,29.01463,0.013308587714984464
8,9,LR,8,12,1,1,30.0086,0.011580559195918178
8,9,LR,8,12,1,1,31.01355,0.010889499261705814
8,9,LR,8,12,1,1,32.01867,0.010658102396802477
8,9,LR,8,12,1,1,33.01118,0.012559815352966828
8,9,LR,8,12,1,1,34.01851,0.010217658933818272
8,9,LR,8,12,1,1,35.01208,0.015967258621007733
8,9,LR,8,12,1,1,36.01853,0.016727938967762836
8,9,LR,8,12,1,1,37.01241,0.023586601817573768
8,9,LR,8,12,1,1,38.01729,0.025887160121188486
8,9,LR,8,12,1,1,39.01123,0.026133572706464245
8,9,LR,8,12,1,1,40.0166,0.02994999475626185
8,9,LR,8,12,1,1,41.00916,0.03135070144560923
8,9,LR,8,12,1,1,42.01604,0.03501658770005308
8,9,LR,8,12,1,1,43.00914,0.035606899031422265
8,9,LR,8,12,1,1,44.01637,0.0393349222925182
8,9,LR,8,12,1,1,45.01945,0.041152223935031554
8,9,LR,8,12,1,1,46.01505,0.041903924044200735
8,9,LR,8,12,1,1,47.0084,0.04216860683622092
8,9,LR,8,12,1,1,48.01484,0.04204624372478601
8,9,LR,8,12,1,1,49.00824,0.04731216083339919
8,9,LR,8,12,1,1,50.01454,0.042682425003166616
8,9,LR,8,12,1,1,51.01845,0.04348421719559039
8,9,LR,8,12,1,1,52.01202,0.04135522325281773
8,9,LR,8,12,1,1,53.01875,0.044759844630100826
8,9,LR,8,12,1,1,54.01386,0.043741805539235505
8,9,LR,8,12,1,1,55.01745,0.04499865565060177
8,9,LR,8,12,1,1,56.01162,0.04221929309086632
8,9,LR,8,12,1,1,57.01839,0.04426792965404747
8,9,LR,8,12,1,1,58.01215,0.04142827041267967
8,9,LR,8,12,1,1,59.01632,0.04292830897504107
8,9,LR,8,12,1,1,60.01164,0.04532588249196778
8,9,LR,8,12,1,1,61.01605,0.04604924479840848
8,9,LR,8,12,1,1,62.01088,0.047054167681565805
8,9,LR,8,12,1,1,63.01574,0.05401486493325755
8,9,LR,8,12,1,1,64.0106,0.0418798297714826
8,9,LR,8,12,1,1,65.01489,0.05379090770967527
8,9,LR,8,12,1,1,66.00845,0.0572728550964674
8,9,LR,8,12,1,1,67.01373,0.06525599660330554
8,9,LR,8,12,1,1,68.01971,0.07514970222949237
8,9,LR,8,12,1,1,69.01488,0.07858060361159178
8,9,LR,8,12,1,1,70.01777,0.08491765639599368
8,9,LR,8,12,1,1,71.01369,0.07012280298307626
8,9,LR,8,12,1,1,72.01964,0.11061092478479626
8,9,LR,8,12,1,1,73.01192,0.08712193697540913
8,9,LR,8,12,1,1,74.01961,0.11957605072765017
8,9,LR,8,12,1,1,75.01247,0.09444184769275787
8,9,LR,8,12,1,1,76.01733,0.14722412417624392
8,9,LR,8,12,1,1,77.01091,0.15327911617964168
8,9,LR,8,12,1,1,78.01698,0.15557481987961522
8,9,LR,8,12,1,1,79.01109,0.12756634726193625
8,9,LR,8,12,1,1,80.01685,0.18091022568479445
8,9,LR,8,12,1,1,81.01129,0.18708471372937566
8,9,LR,8,12,1,1,82.0164,0.20595147941220657
8,9,LR,8,12,1,1,83.00986,0.21188241886733014
8,9,LR,8,12,1,1,84.01507,0.258560108381694
8,9,LR,8,12,1,1,85.0094,0.26504777212921005
8,9,LR,8,12,1,1,86.01546,0.22032033166338716
8,9,LR,8,12,1,1,87.00921,0.31624986020899404
8,9,LR,8,12,1,1,88.01216,0.2635639543864521
8,9,LR,8,12,1,1,89.00884,0.18499381232365314
8,9,LR,8,12,1,1,90.01527,0.305106654316508
8,9,LR,8,12,1,1,91.01823,0.3144266495799298
8,9,LR,8,12,1,1,92.01326,0.32294943144384486
8,9,LR,8,12,1,1,93.0173,0.3472190166593918
8,9,LR,8,12,1,1,94.012,0.37253960808793557
8,9,LR,8,12,1,1,95.01615,0.3795692907428286
8,9,LR,8,12,1,1,96.01204,0.3823043395783101
8,9,LR,8,12,1,1,97.01764,0.3298945285859917
8,9,LR,8,12,1,1,98.0108,0.41912664075759903
8,9,LR,8,12,1,1,99.01787,0.44020730667756003
8,9,LR,8,12,1,1,100.0112,0.44758563889976943
8,9,LR,8,12,1,1,101.0159,0.48214989136153885
8,9,LR,8,12,1,1,102.0096,0.49436358280616977
8,9,LR,8,12,1,1,103.0159,0.5160789591565923
8,9,LR,8,12,1,1,104.0102,0.5280462953149839
8,9,LR,8,12,1,1,105.0157,0.5587617927905799
8,9,LR,8,12,1,1,106.0086,0.5418945169739191
8,9,LR,8,12,1,1,107.0142,0.5785244985542073
8,9,LR,8,12,1,1,108.009,0.5884831515306761
8,9,LR,8,12,1,1,109.0137,0.6052125031920524
8,9,LR,8,12,1,1,110.0089,0.6174983409097335
8,9,LR,8,12,1,1,111.0139,0.6275043105793006
8,9,LR,8,12,1,1,112.0085,0.6369022713915116
8,9,LR,8,12,1,1,113.0106,0.6624978450550165
8,9,LR,8,12,1,1,114.017,0.5939395046779606
8,9,LR,8,12,1,1,115.0134,0.6772258387125484
8,9,LR,8,12,1,1,116.0167,0.697154899393063
8,9,LR,8,12,1,1,117.0123,0.7119791447421739
8,9,LR,8,12,1,1,118.0174,0.6235924625959239
8,9,LR,8,12,1,1,119.0114,0.6443697043101564
8,9,LR,8,12,1,1,120.0172,0.680543158837901
8,9,LR,8,12,1,1,121.0105,0.6871679733880718
8,9,LR,8,12,1,1,122.0162,0.7332661258984144
8,9,LR,8,12,1,1,123.0094,0.7362889228287555
8,9,LR,8,12,1,1,124.015,0.7649000326386862
8,9,LR,8,12,1,1,125.0093,0.7873765005039354
8,9,LR,8,12,1,1,126.0151,0.7798449871309333
8,9,LR,8,12,1,1,127.0096,0.7342256356345512
8,9,LR,8,12,1,1,128.0141,0.7424655860051717
8,9,LR,8,12,1,1,129.0185,0.8195095782456706
8,9,LR,8,12,1,1,130.014,0.8284361678542085
8,9,LR,8,12,1,1,131.0189,0.8335647028387596
8,9,LR,8,12,1,1,132.0128,0.850486800242108
8,9,LR,8,12,1,1,133.019,0.8625318850780442
8,9,LR,8,12,1,1,134.0107,0.8520855180258414
8,9,LR,8,12,1,1,135.0182,0.8569261995811787
8,9,LR,8,12,1,1,136.0107,0.8587777839351617
8,9,LR,8,12,1,1,137.0173,0.8626838054898713
8,9,LR,8,12,1,1,138.0118,0.8526594884894055
8,9,LR,8,12,1,1,139.0185,0.8167642724776476
8,9,LR,8,12,1,1,140.011,0.8595004580659886
8,9,LR,8,12,1,1,141.0155,0.8619170223180482
8,9,LR,8,12,1,1,142.0092,0.802503807643125
8,9,LR,8,12,1,1,143.0148,0.8427073672850537
8,9,LR,8,12,1,1,144.0097,0.8501252698247024
8,9,LR,8,12,1,1,145.0158,0.7970042912065012
8,9,LR,8,12,1,1,146.009,0.8521233178450149
8,9,LR,8,12,1,1,147.0147,0.8494707484490533
8,9,LR,8,12,1,1,148.0176,0.8485690807452727
8,9,LR,8,12,1,1,149.0135,0.844995087909482
8,9,LR,8,12,1,1,150.0089,0.8396756174228678
8,9,LR,8,12,1,1,151.0133,0.8426858355786805
8,9,LR,8,12,1,1,152.0182,0.8453144827361568
8,9,LR,8,12,1,1,153.0136,0.8390212633087059
8,9,LR,8,12,1,1,154.0181,0.8509884779229109
8,9,LR,8,12,1,1,155.0128,0.8627503021036269
8,9,LR,8,12,1,1,156.0166,0.8756970946634486
8,9,LR,8,12,1,1,157.0118,0.8528654230178931
8,9,LR,8,12,1,1,158.0165,0.8735310970213607
8,9,LR,8,12,1,1,159.0093,0.8840999511396
8,9,LR,8,12,1,1,160.0144,0.8952356530788926
8,9,LR,8,12,1,1,161.0088,0.9035450492036541
8,9,LR,8,12,1,1,162.0157,0.9133414895389784
8,9,LR,8,12,1,1,163.0096,0.9167261191810592
8,9,LR,8,12,1,1,164.0156,0.9283839113776714
8,9,LR,8,12,1,1,165.0181,0.9321563499271902
8,9,LR,8,12,1,1,166.015,0.9397794127169793
8,9,LR,8,12,1,1,167.0088,0.9447692423621757
8,9,LR,8,12,1,1,168.0134,0.9531023852077195
8,9,LR,8,12,1,1,169.0189,0.9562015125192166
8,9,LR,8,12,1,1,170.0132,0.9556734074670656
8,9,LR,8,12,1,1,171.0085,0.9618618507169683
8,9,LR,8,12,1,1,172.0134,0.9667330727360071
8,9,LR,8,12,1,1,173.0177,0.9704396651234604
8,9,LR,8,12,1,1,174.0111,0.9719090300508897
8,9,LR,8,12,1,1,175.0181,0.9752609998229717
8,9,LR,8,12,1,1,176.0109,0.969291651428659
8,9,LR,8,12,1,1,177.017,0.9796473683923538
8,9,LR,8,12,1,1,178.011,0.9815644534858264
8,9,LR,8,12,1,1,179.0166,0.9853379091808994
8,9,LR,8,12,1,1,180.0093,0.9867173822248412
8,9,LR,8,12,1,1,181.0153,0.9874856516150428
8,9,LR,8,12,1,1,182.0092,0.9882565792021151
8,9,LR,8,12,1,1,183.0143,0.9894136231392259
8,9,LR,8,12,1,1,184.0083,0.9905910002497035
8,9,LR,8,12,1,1,185.0125,0.9916065218533142
8,9,LR,8,12,1,1,186.0095,0.992347404193973
8,9,LR,8,12,1,1,187.0145,0.9930582396064755
8,9,LR,8,12,1,1,188.0086,0.9937043492980974
8,9,LR,8,12,1,1,189.0136,0.994431674034216
8,9,LR,8,12,1,1,190.0171,0.9948484117417433
8,9,LR,8,12,1,1,191.013,0.9952028458474944
8,9,LR,8,12,1,1,192.0174,0.9957887694773386
8,9,LR,8,12,1,1,193.0106,0.9957862584688584
8,9,LR,8,12,1,1,194.0183,0.9965995472509858
8,9,LR,8,12,1,1,195.011,0.9914403217277985
8,9,LR,8,12,1,1,196.0152,0.9863448547874031
8,9,LR,8,12,1,1,197.0104,0.9936785529169538
8,9,LR,8,12,1,1,198.0171,0.9938960145590784
8,9,LR,8,12,1,1,199.0101,0.9943150856307655
8,9,LR,8,12,1,1,200.0164,0.9948828993472294
8,9,LR,8,12,1,1,201.0086,0.9951381720088076
8,9,LR,8,12,1,1,202.0159,0.9947631564396686
8,9,LR,8,12,1,1,203.0097,0.994643140168808
8,9,LR,8,12,1,1,204.015,0.9930871744229959
8,9,LR,8,12,1,1,205.0092,0.9949554988654044
8,9,LR,8,12,1,1,206.0141,0.9949688383908296
8,9,LR,8,12,1,1,207.008,0.9942666611446795
8,9,LR,8,12,1,1,208.0141,0.9964353420692567
8,9,LR,8,12,1,1,209.0079,0.9965019806186497
8,9,LR,8,12,1,1,210.0141,0.9964704039916398
8,9,LR,8,12,1,1,211.0173,0.9968598352953801
8,9,LR,8,12,1,1,212.0122,0.9973584668986919
8,9,LR,8,12,1,1,213.0178,0.997501096406195
8,9,LR,8,12,1,1,214.0104,0.9976639151602334
8,9,LR,8,12,1,1,215.0173,0.9977452592006416
8,9,LR,8,12,1,1,216.0121,0.9970467654607682
8,9,LR,8,12,1,1,217.016,0.9981154481610199
8,9,LR,8,12,1,1,218.0118,0.9982385012335401
8,9,LR,8,12,1,1,219.017,0.9983077444488871
8,9,LR,8,12,1,1,220.0112,0.9984222620983609
8,9,LR,8,12,1,1,221.0145,0.9980728239303628
8,9,LR,8,12,1,1,222.0105,0.9987416425441423
8,9,LR,8,12,1,1,223.0154,0.9988541481553811
8,9,LR,8,12,1,1,224.0105,0.998971551951215
8,9,LR,8,12,1,1,225.0148,0.9979816230598678
8,9,LR,8,12,1,1,226.0095,0.9981979984785112
8,9,LR,8,12,1,1,227.0143,0.9984017584727612
8,9,LR,8,12,1,1,228.0086,0.9985555156678362
8,9,LR,8,12,1,1,229.0141,0.9986880354627954
8,9,LR,8,12,1,1,230.0186,0.9988653970317984
8,9,LR,8,12,1,1,231.0125,0.998542745915418
8,9,LR,8,12,1,1,232.0178,0.999018027061854
8,9,LR,8,12,1,1,233.0099,0.9990845989729258
8,9,LR,8,12,1,1,234.0176,0.9992646481770086
8,9,LR,8,12,1,1,235.0116,0.9993126301719968
8,9,LR,8,12,1,1,236.0172,0.9993777070777249
8,9,LR,8,12,1,1,237.0101,0.9994747068318903
8,9,LR,8,12,1,1,238.0155,0.9993594884655014
8,9,LR,8,12,1,1,239.008,0.9995466360025687
8,9,LR,8,12,1,1,240.0153,0.9996185843153094
8,9,LR,8,12,1,1,241.0105,0.9996645553262329
8,9,LR,8,12,1,1,242.0131,0.999687039138207
8,9,LR,8,12,1,1,243.0095,0.9997225387888169
8,9,LR,8,12,1,1,244.014,0.9997649410336708
8,9,LR,8,12,1,1,245.0085,0.9993045769692218
8,9,LR,8,12,1,1,246.0148,0.9991196300096821
8,9,LR,8,12,1,1,247.009,0.9996356794834561
8,9,LR,8,12,1,1,248.0144,0.9996431873524461
8,9,LR,8,12,1,1,249.0175,0.9996350305203971
8,9,LR,8,12,1,1,250.0134,0.9996347362011541
8,9,LR,8,12,1,1,251.0181,0.9995135129939985
8,9,LR,8,12,1,1,252.0121,0.9996354020547296
8,9,LR,8,12,1,1,253.0182,0.9996617413810227
8,9,LR,8,12,1,1,254.0107,0.9996192701373015
8,9,LR,8,12,1,1,255.0149,0.9996168229152911
8,9,LR,8,12,1,1,256.0111,0.9994257581813191
8,9,LR,8,12,1,1,257.0152,0.9995856512736142
8,9,LR,8,12,1,1,258.0106,0.9995766137350068
8,9,LR,8,12,1,1,259.0168,0.9995455564302784
8,9,LR,8,12,1,1,260.0113,0.9995420259088871
8,9,LR,8,12,1,1,261.0168,0.9995720489362131
8,9,LR,8,12,1,1,262.0091,0.9994847637033475
8,9,LR,8,12,1,1,263.015,0.9994859380661175
8,9,LR,8,12,1,1,264.0086,0.9994550573252148
8,9,LR,8,12,1,1,265.0153,0.9993731616972226
8,9,LR,8,12,1,1,266.0085,0.999357247326296
8,9,LR,8,12,1,1,267.0125,0.9992939702036522
8,9,LR,8,12,1,1,268.0091,0.9989001359208646
8,9,LR,8,12,1,1,269.0128,0.9992391595012334
8,9,LR,8,12,1,1,270.0084,0.9991456217550035
8,9,LR,8,12,1,1,271.0146,0.9990922920650709
8,9,LR,8,12,1,1,272.0173,0.9990327116995571
8,9,LR,8,12,1,1,273.0097,0.99844540857112
8,9,LR,8,12,1,1,274.0183,0.9989039417044957
8,9,LR,8,12,1,1,275.0115,0.9978942364642946
8,9,LR,8,12,1,1,276.0151,0.9978197577864618
8,9,LR,8,12,1,1,277.0096,0.9975905090441062
8,9,LR,8,12,1,1,278.0158,0.9979500143185687
8,9,LR,8,12,1,1,279.0106,0.9978006375834618
8,9,LR,8,12,1,1,280.0164,0.9980375677038973
8,9,LR,8,12,1,1,281.0103,0.9979954701123819
8,9,LR,8,12,1,1,282.0149,0.9979525481658477
8,9,LR,8,12,1,1,283.009,0.9979265437286081
8,9,LR,8,12,1,1,284.0134,0.998010300294909
8,9,LR,8,12,1,1,285.0092,0.997369201538695
8,9,LR,8,12,1,1,286.0143,0.9980229950894659
8,9,LR,8,12,1,1,287.0086,0.997865455256243
8,9,LR,8,12,1,1,288.0116,0.9978249513993224
8,9,LR,8,12,1,1,289.0082,0.9977020900423501
8,9,LR,8,12,1,1,290.0127,0.997578374668069
8,9,LR,8,12,1,1,291.0188,0.9977638474549906
8,9,LR,8,12,1,1,292.0116,0.99754642741302
8,9,LR,8,12,1,1,293.0168,0.9975968424462628
8,9,LR,8,12,1,1,294.0131,0.9975816935899707
8,9,LR,8,12,1,1,295.0175,0.9969930484106754
8,9,LR,8,12,1,1,296.0116,0.9975376201235977
8,9,LR,8,12,1,1,297.0178,0.9977146819550805
8,9,LR,8,12,1,1,298.0087,0.9976716526355467
8,9,LR,8,12,1,1,299.016,0.9978314882563933
8,9,LR,8,12,1,1,300.0092,0.9980410911742988
8,9,LR,8,12,1,1,301.0147,0.998312725439584
8,9,LR,9,13,0,0,0.0110195,0.8310278544473965
8,9,LR,9,13,0,0,1.005759,0.007912444812637653
8,9,LR,9,13,0,0,2.00784,0.0034765581812426978
8,9,LR,9,13,0,0,3.007802,0.002535561702337873
8,9,LR,9,13,0,0,4.007293,0.002154229522481661
8,9,LR,9,13,0,0,5.008187,0.0019804788114937935
8,9,LR,9,13,0,0,6.008643,0.001894821489245101
8,9,LR,9,13,0,0,7.009022,0.0018516765293931884
8,9,LR,9,13,0,0,8.008588,0.0001438115441552215
8,9,LR,9,13,0,0,9.008896,1.1913597158213294e-05
8,9,LR,9,13,0,0,10.00913,8.244950090941329e-07
8,9,LR,9,13,0,0,11.01103,1.2627050832126644e-07
8,9,LR,9,13,0,0,12.01013,8.860833334207068e-08
8,9,LR,9,13,0,0,13.01072,2.6372876299251435e-07
8,9,LR,9,13,0,0,14.01103,3.667241309886418e-07
8,9,LR,9,13,0,0,15.0121,5.63376471001216e-07
8,9,LR,9,13,0,0,16.00964,8.83163327107787e-07
8,9,LR,9,13,0,0,17.01035,1.070984259957628e-06
8,9,LR,9,13,0,0,18.01051,1.8234690662989874e-06
8,9,LR,9,13,0,0,19.0111,9.343135053604712e-05
8,9,LR,9,13,0,0,20.01075,5.039762917312442e-05
8,9,LR,9,13,0,0,21.00977,0.0036218356937444012
8,9,LR,9,13,0,0,22.0112,0.004354776296355917
8,9,LR,9,13,0,0,23.01091,0.00503845604392893
8,9,LR,9,13,0,0,24.0096,0.004152484244787866
8,9,LR,9,13,0,0,25.01049,0.0031343076780985858
8,9,LR,9,13,0,0,26.01068,0.0023936561322705227
8,9,LR,9,13,0,0,27.01039,0.001793805195238298
8,9,LR,9,13,0,0,28.01047,0.0014792650793145187
8,9,LR,9,13,0,0,29.01056,0.011541063138446458
8,9,LR,9,13,0,0,30.01037,0.0015444371473822623
8,9,LR,9,13,0,0,31.01037,0.0014326737602402084
8,9,LR,9,13,0,0,32.01043,0.0010051461723728883
8,9,LR,9,13,0,0,33.01025,0.0007796739670428822
8,9,LR,9,13,0,0,34.01165,0.0006332475318137857
8,9,LR,9,13,0,0,35.01178,0.0005109734769218318
8,9,LR,9,13,0,0,36.01152,0.003936991845121315
8,9,LR,9,13,0,0,37.01201,0.02867121640752253
8,9,LR,9,13,0,0,38.01177,0.06028322752625496
8,9,LR,9,13,0,0,39.01201,0.13951519220546604
8,9,LR,9,13,0,0,40.01328,0.11508399962561926
8,9,LR,9,13,0,0,41.01098,0.12820657293841395
8,9,LR,9,13,0,0,42.01181,0.12175580930043219
8,9,LR,9,13,0,0,43.011,0.1605102402401797
8,9,LR,9,13,0,0,44.01217,0.16094043495862845
8,9,LR,9,13,0,0,45.01147,0.1601007577108036
8,9,LR,9,13,0,0,46.01141,0.15674261383728158
8,9,LR,9,13,0,0,47.01147,0.1521741219675167
8,9,LR,9,13,0,0,48.011,0.1722589013960115
8,9,LR,9,13,0,0,49.01306,0.1662818379288096
8,9,LR,9,13,0,0,50.01255,0.17308481068816411
8,9,LR,9,13,0,0,51.0136,0.1504645415455211
8,9,LR,9,13,0,0,52.01255,0.17387701606835007
8,9,LR,9,13,0,0,53.01245,0.10068443161284249
8,9,LR,9,13,0,0,54.01316,0.07600939815060999
8,9,LR,9,13,0,0,55.01288,0.06050471440794995
8,9,LR,9,13,0,0,56.01094,0.046595282788765444
8,9,LR,9,13,0,0,57.01193,0.030939405617807787
8,9,LR,9,13,0,0,58.01228,0.0486840929900929
8,9,LR,9,13,0,0,59.01311,0.0964414820021833
8,9,LR,9,13,0,0,60.01287,0.08196997454013868
8,9,LR,9,13,0,0,61.01322,0.07663936154194996
8,9,LR,9,13,0,0,62.00483,0.04953275716881058
8,9,LR,9,13,0,0,63.00399,0.047578129734172935
8,9,LR,9,13,0,0,64.01481,0.038616655884979825
8,9,LR,9,13,0,0,65.01499,0.0340079693332437
8,9,LR,9,13,0,0,66.00488,0.06814896429481866
8,9,LR,9,13,0,0,67.01431,0.15262293621073772
8,9,LR,9,13,0,0,68.01569,0.19232788724172675
8,9,LR,9,13,0,0,69.01431,0.22117918740103942
8,9,LR,9,13,0,0,70.00444,0.20159470900155402
8,9,LR,9,13,0,0,71.01484,0.19459824194226522
8,9,LR,9,13,0,0,72.01485,0.21838397287937658
8,9,LR,9,13,0,0,73.01538,0.21327822811393948
8,9,LR,9,13,0,0,74.01483,0.21060678173769268
8,9,LR,9,13,0,0,75.01283,0.18102902974471427
8,9,LR,9,13,0,0,76.01294,0.15327497650591962
8,9,LR,9,13,0,0,77.0144,0.19162031599275403
8,9,LR,9,13,0,0,78.01477,0.2701752947385051
8,9,LR,9,13,0,0,79.01405,0.2689537594962077
8,9,LR,9,13,0,0,80.01414,0.33216353320634334
8,9,LR,9,13,0,0,81.01292,0.2689966413489807
8,9,LR,9,13,0,0,82.01397,0.20848774154635266
8,9,LR,9,13,0,0,83.01512,0.18485858275983735
8,9,LR,9,13,0,0,84.00425,0.15375423585023626
8,9,LR,9,13,0,0,85.0048,0.13856760512284866
8,9,LR,9,13,0,0,86.00455,0.11928519944467292
8,9,LR,9,13,0,0,87.00511,0.11443781576594232
8,9,LR,9,13,0,0,88.01478,0.15158332202630115
8,9,LR,9,13,0,0,89.01393,0.1506385750574086
8,9,LR,9,13,0,0,90.00504,0.11074741476899098
8,9,LR,9,13,0,0,91.00574,0.1673298827945206
8,9,LR,9,13,0,0,92.01431,0.1916564403591975
8,9,LR,9,13,0,0,93.01505,0.3205726258900924
8,9,LR,9,13,0,0,94.00507,0.3215037080920327
8,9,LR,9,13,0,0,95.00547,0.2891976798102289
8,9,LR,9,13,0,0,96.00397,0.29448593900949516
8,9,LR,9,13,0,0,97.00613,0.2683909225292249
8,9,LR,9,13,0,0,98.00716,0.22005343689212442
8,9,LR,9,13,0,0,99.00568,0.1740606317185157
8,9,LR,9,13,0,0,100.0066,0.14019124805269884
8,9,LR,9,13,0,0,101.0064,0.12558505943934667
8,9,LR,9,13,0,0,102.0046,0.12163173703649703
8,9,LR,9,13,0,0,103.0056,0.17233288402738148
8,9,LR,9,13,0,0,104.0057,0.20218480290160815
8,9,LR,9,13,0,0,105.0069,0.19914437499361173
8,9,LR,9,13,0,0,106.0045,0.13794283640334212
8,9,LR,9,13,0,0,107.0059,0.19592729679177265
8,9,LR,9,13,0,0,108.0047,0.375372220830637
8,9,LR,9,13,0,0,109.0066,0.46388550465631695
8,9,LR,9,13,0,0,110.0056,0.4919421809230345
8,9,LR,9,13,0,0,111.0052,0.49152734013059646
8,9,LR,9,13,0,0,112.0055,0.46353018552967423
8,9,LR,9,13,0,0,113.0053,0.39486900366793043
8,9,LR,9,13,0,0,114.0057,0.3715903918731994
8,9,LR,9,13,0,0,115.0057,0.34973757563703606
8,9,LR,9,13,0,0,116.006,0.3435514290443759
8,9,LR,9,13,0,0,117.0064,0.3440398245916673
8,9,LR,9,13,0,0,118.0063,0.35964294393888735
8,9,LR,9,13,0,0,119.0068,0.3315481839464519
8,9,LR,9,13,0,0,120.0069,0.29207034503481816
8,9,LR,9,13,0,0,121.0075,0.301109571798279
8,9,LR,9,13,0,0,122.0072,0.343372543096096
8,9,LR,9,13,0,0,123.0058,0.3562315293775517
8,9,LR,9,13,0,0,124.0076,0.3599120916584174
8,9,LR,9,13,0,0,125.007,0.38880916921158876
8,9,LR,9,13,0,0,126.0072,0.41739528425971856
8,9,LR,9,13,0,0,127.0068,0.44593405223169424
8,9,LR,9,13,0,0,128.0076,0.4712493980534551
8,9,LR,9,13,0,0,129.0074,0.48106471197164363
8,9,LR,9,13,0,0,130.0071,0.5266162004248922
8,9,LR,9,13,1,3,131.0081,0.5658987500708661
8,9,LR,9,13,1,3,132.0073,0.6425178630085415
8,9,LR,9,13,1,3,133.0062,0.6777336995377535
8,9,LR,9,13,1,3,134.0074,0.5919329910608063
8,9,LR,9,13,1,3,135.0069,0.5684069856875069
8,9,LR,9,13,1,3,136.0064,0.5637503376123457
8,9,LR,9,13,1,3,137.0067,0.5545653776722124
8,9,LR,9,13,1,3,138.0067,0.5201090333650817
8,9,LR,9,13,1,3,139.007,0.566603807742667
8,9,LR,9,13,1,3,140.0062,0.527626106225169
8,9,LR,9,13,1,3,141.0073,0.541858098914075
8,9,LR,9,13,1,3,142.0084,0.5433103511417976
8,9,LR,9,13,1,3,143.008,0.5145817562224675
8,9,LR,9,13,1,3,144.0094,0.4960027365139541
8,9,LR,9,13,1,3,145.0076,0.45704469151366617
8,9,LR,9,13,1,3,146.0077,0.476126116294131
8,9,LR,9,13,1,3,147.0074,0.45946696987499575
8,9,LR,9,13,1,3,148.0075,0.5393733022844451
8,9,LR,9,13,1,3,149.0084,0.5949383269247818
8,9,LR,9,13,1,3,150.0068,0.6004402226004572
8,9,LR,9,13,1,3,151.0084,0.5891246527658929
8,9,LR,9,13,1,3,152.009,0.5950049884503146
8,9,LR,9,13,1,3,153.0098,0.5338942728159165
8,9,LR,9,13,1,3,154.0073,0.5920855080228541
8,9,LR,9,13,0,0,155.0084,0.6754074566504352
8,9,LR,9,13,0,0,156.0078,0.7070682601823663
8,9,LR,9,13,0,0,157.008,0.7197082284069509
8,9,LR,9,13,0,0,158.0095,0.6926482692811284
8,9,LR,9,13,0,0,159.0101,0.6724413837688773
8,9,LR,9,13,0,0,160.0103,0.6679274208932728
8,9,LR,9,13,0,0,161.0102,0.5836919405712867
8,9,LR,9,13,0,0,162.0098,0.6294813864885986
8,9,LR,9,13,0,0,163.0103,0.5582812902644733
8,9,LR,9,13,0,0,164.0104,0.5113939099845204
8,9,LR,9,13,0,0,165.0098,0.5113091292635953
8,9,LR,9,13,0,0,166.0106,0.45146823609888614
8,9,LR,9,13,0,0,167.0094,0.3895612264461923
8,9,LR,9,13,0,0,168.0101,0.3300797197678674
8,9,LR,9,13,0,0,169.0095,0.364536860701821
8,9,LR,9,13,0,0,170.0094,0.39927709176790654
8,9,LR,9,13,0,0,171.0103,0.3369709272549626
8,9,LR,9,13,0,0,172.0116,0.27353412134552874
8,9,LR,9,13,0,0,173.0117,0.24485116039938568
8,9,LR,9,13,0,0,174.0113,0.225701105699583
8,9,LR,9,13,0,0,175.0105,0.21776308689596616
8,9,LR,9,13,0,0,176.0114,0.2471338371776207
8,9,LR,9,13,0,0,177.011,0.36071316710798307
8,9,LR,9,13,0,0,178.0101,0.4671675127772273
8,9,LR,9,13,0,0,179.0093,0.4350898540428684
8,9,LR,9,13,0,0,180.0106,0.36026825785814043
8,9,LR,9,13,0,0,181.0108,0.3101680025109299
8,9,LR,9,13,0,0,182.0097,0.3247779186328774
8,9,LR,9,13,0,0,183.0091,0.2911368232034428
8,9,LR,9,13,0,0,184.0103,0.23293431962666097
8,9,LR,9,13,0,0,185.0096,0.18806474172859247
8,9,LR,9,13,0,0,186.01,0.18293279663624834
8,9,LR,9,13,0,0,187.0108,0.13709096125369247
8,9,LR,9,13,0,0,188.0104,0.10041997757329077
8,9,LR,9,13,0,0,189.0116,0.08153394912766232
8,9,LR,9,13,0,0,190.0116,0.08585136334740745
8,9,LR,9,13,0,0,191.0115,0.08620307848683936
8,9,LR,9,13,0,0,192.0119,0.10297721355539007
8,9,LR,9,13,0,0,193.0109,0.12444874919367876
8,9,LR,9,13,0,0,194.0107,0.13419002831563684
8,9,LR,9,13,0,0,195.01,0.16040731179499165
8,9,LR,9,13,0,0,196.0102,0.17065151143962445
8,9,LR,9,13,0,0,197.0122,0.15395884195274034
8,9,LR,9,13,0,0,198.0116,0.13164211790568073
8,9,LR,9,13,0,0,199.0125,0.09556419881602002
8,9,LR,9,13,0,0,200.0115,0.14798443960945035
8,9,LR,9,13,0,0,201.0117,0.1747925913351
8,9,LR,9,13,0,0,202.0122,0.197341831425849
8,9,LR,9,13,0,0,203.0135,0.21204449655921026
8,9,LR,9,13,0,0,204.0123,0.1892402654285435
8,9,LR,9,13,0,0,205.0133,0.17092784373358078
8,9,LR,9,13,0,0,206.013,0.22378279720391206
8,9,LR,9,13,0,0,207.0117,0.17229322618513282
8,9,LR,9,13,0,0,208.0125,0.15479632973664592
8,9,LR,9,13,0,0,209.0119,0.16616924314028927
8,9,LR,9,13,0,0,210.0124,0.1609508420384373
8,9,LR,9,13,0,0,211.013,0.19293811429001473
8,9,LR,9,13,0,0,212.0144,0.1760559455486396
8,9,LR,9,13,0,0,213.0136,0.15676624913264642
8,9,LR,9,13,0,0,214.0147,0.18720644586194662
8,9,LR,9,13,0,0,215.0134,0.19838717749136764
8,9,LR,9,13,0,0,216.0129,0.2354268355349992
8,9,LR,9,13,0,0,217.0129,0.2012305748926103
8,9,LR,9,13,0,0,218.0129,0.17234123422226322
8,9,LR,9,13,0,0,219.0129,0.1801173953122351
8,9,LR,9,13,0,0,220.0126,0.17592225056209382
8,9,LR,9,13,0,0,221.0129,0.15164022824390136
8,9,LR,9,13,0,0,222.0122,0.12884384164718923
8,9,LR,9,13,0,0,223.0122,0.11357114569073637
8,9,LR,9,13,0,0,224.0124,0.08070635292689157
8,9,LR,9,13,0,0,225.0121,0.08518484422082745
8,9,LR,9,13,0,0,226.0132,0.07085841739066134
8,9,LR,9,13,0,0,227.0143,0.05893329823547128
8,9,LR,9,13,0,0,228.0146,0.06433857160429246
8,9,LR,9,13,0,0,229.014,0.0704169395875747
8,9,LR,9,13,0,0,230.0146,0.0900629586086299
8,9,LR,9,13,0,0,231.0143,0.11638493023519286
8,9,LR,9,13,0,0,232.0145,0.14868116225159858
8,9,LR,9,13,0,0,233.0145,0.19608362473784885
8,9,LR,9,13,0,0,234.0137,0.2226293215272267
8,9,LR,9,13,0,0,235.0139,0.22607724985088495
8,9,LR,9,13,0,0,236.0044,0.2335907444774538
8,9,LR,9,13,0,0,237.0162,0.2014120521437862
8,9,LR,9,13,0,0,238.0152,0.1705603887985858
8,9,LR,9,13,0,0,239.0044,0.1783190750687475
8,9,LR,9,13,0,0,240.0048,0.18512534341882475
8,9,LR,9,13,0,0,241.0044,0.20891232999876932
8,9,LR,9,13,0,0,242.0045,0.22342029677427894
8,9,LR,9,13,0,0,243.0043,0.2523965873990656
8,9,LR,9,13,0,0,244.0162,0.3330216994169957
8,9,LR,9,13,0,0,245.0155,0.377173432549511
8,9,LR,9,13,0,0,246.0154,0.3525082761790073
8,9,LR,9,13,0,0,247.0153,0.36503259252326314
8,9,LR,9,13,0,0,248.0145,0.3375962785072049
8,9,LR,9,13,0,0,249.0152,0.33432844102661474
8,9,LR,9,13,0,0,250.0147,0.2398067601802567
8,9,LR,9,13,0,0,251.0159,0.17629267125105097
8,9,LR,9,13,0,0,252.0157,0.1730238963657946
8,9,LR,9,13,0,0,253.0046,0.1909727153928766
8,9,LR,9,13,0,0,254.0047,0.21513706604310145
8,9,LR,9,13,0,0,255.0051,0.20416145025054633
8,9,LR,9,13,0,0,256.0152,0.20303516036659658
8,9,LR,9,13,0,0,257.0048,0.293570130870697
8,9,LR,9,13,0,0,258.0048,0.3672753275063563
8,9,LR,9,13,0,0,259.0142,0.40332775586134023
8,9,LR,9,13,0,0,260.0155,0.4334295279616553
8,9,LR,9,13,0,0,261.0048,0.4626902861744095
8,9,LR,9,13,0,0,262.0058,0.30145610542528745
8,9,LR,9,13,0,0,263.0071,0.2626764607317579
8,9,LR,9,13,0,0,264.0063,0.32123625189145427
8,9,LR,9,13,0,0,265.0065,0.2919834741361529
8,9,LR,9,13,0,0,266.0061,0.2500471458028976
8,9,LR,9,13,0,0,267.0054,0.3050266452425763
8,9,LR,9,13,0,0,268.0065,0.3575529258446344
8,9,LR,9,13,0,0,269.0069,0.37992289515829925
8,9,LR,9,13,0,0,270.006,0.3548957189917117
8,9,LR,9,13,0,0,271.0046,0.3245472060157638
8,9,LR,9,13,0,0,272.0052,0.31278894424834874
8,9,LR,9,13,0,0,273.0052,0.3589992308437572
8,9,LR,9,13,0,0,274.0054,0.3141666357283102
8,9,LR,9,13,0,0,275.0052,0.2220865415894826
8,9,LR,9,13,0,0,276.0056,0.21284061141663424
8,9,LR,9,13,0,0,277.0053,0.2806212143188381
8,9,LR,9,13,0,0,278.0059,0.2740490942996593
8,9,LR,9,13,0,0,279.0058,0.2926279643737252
8,9,LR,9,13,0,0,280.0075,0.4117143350527296
8,9,LR,9,13,0,0,281.0063,0.42804917832055733
8,9,LR,9,13,0,0,282.006,0.5679452125632041
8,9,LR,9,13,0,0,283.005,0.6852846776200706
8,9,LR,9,13,0,0,284.0056,0.7157474542603729
8,9,LR,9,13,0,0,285.0061,0.774690058772875
8,9,LR,9,13,0,0,286.0067,0.786661007233442
8,9,LR,9,13,0,0,287.0079,0.6538159596734947
8,9,LR,9,13,0,0,288.0077,0.6702508446063505
8,9,LR,9,13,0,0,289.006,0.6436934303093552
8,9,LR,9,13,0,0,290.0072,0.7495442612808547
8,9,LR,9,13,0,0,291.0072,0.8350863554078926
8,9,LR,9,13,0,0,292.0069,0.8486987456520049
8,9,LR,9,13,0,0,293.0074,0.8332176346816768
8,9,LR,9,13,0,0,294.0071,0.8403070894305182
8,9,LR,9,13,0,0,295.0074,0.8536647891115939
8,9,LR,9,13,0,0,296.0071,0.8617767776055119
8,9,LR,9,13,0,0,297.0076,0.8912005019005964
8,9,LR,9,13,0,0,298.0078,0.9043384411829137
8,9,LR,9,13,0,0,299.007,0.8902541169753639
8,9,LR,9,13,0,0,300.0064,0.9780164451348317
8,9,LR,9,13,0,0,301.0068,0.9745452565623081
8,9,MLP,8,12,0,0,0.0110377,5.622947406940974e-07
8,9,MLP,8,12,0,0,1.010147,0.00018049598386731937
8,9,MLP,8,12,0,0,2.016094,0.0014062392420664167
8,9,MLP,8,12,0,0,3.009745,0.003040029034349002
8,9,MLP,8,12,1,1,4.01616,0.002288573951403616
8,9,MLP,8,12,1,1,5.009424,0.005594017376638003
8,9,MLP,8,12,1,1,6.01379,0.009041109973814722
8,9,MLP,8,12,1,1,7.008862,0.01656163686502332
8,9,MLP,8,12,1,1,8.014355,0.012324812958198254
8,9,MLP,8,12,1,1,9.019238,0.013863647538873782
8,9,MLP,8,12,1,1,10.01213,0.018030746982231536
8,9,MLP,8,12,1,1,11.0166,0.02323897072806152
8,9,MLP,8,12,1,1,12.01287,0.028713194749767038
8,9,MLP,8,12,1,1,13.01876,0.02536618221040376
8,9,MLP,8,12,1,1,14.01381,0.02929939839021989
8,9,MLP,8,12,1,1,15.01681,0.03627041775246123
8,9,MLP,8,12,1,1,16.01281,0.033654093708969685
8,9,MLP,8,12,1,1,17.01839,0.04016333157972508
8,9,MLP,8,12,1,1,18.01066,0.046967714833722966
8,9,MLP,8,12,1,1,19.01831,0.05661010043771104
8,9,MLP,8,12,1,1,20.01064,0.05492269274611801
8,9,MLP,8,12,1,1,21.0165,0.05258783775631475
8,9,MLP,8,12,1,1,22.01155,0.05936149219973774
8,9,MLP,8,12,1,1,23.01568,0.046764566528341565
8,9,MLP,8,12,1,1,24.0096,0.07257208050731094
8,9,MLP,8,12,1,1,25.01568,0.04985998101524115
8,9,MLP,8,12,1,1,26.00962,0.05948762317050429
8,9,MLP,8,12,1,1,27.01536,0.06808967905489732
8,9,MLP,8,12,1,1,28.0098,0.07308166955409998
8,9,MLP,8,12,1,1,29.01463,0.0698404867882367
8,9,MLP,8,12,1,1,30.0086,0.0669239307057493
8,9,MLP,8,12,1,1,31.01355,0.06917981015625141
8,9,MLP,8,12,1,1,32.01867,0.07371080248401798
8,9,MLP,8,12,1,1,33.01118,0.06941350449550525
8,9,MLP,8,12,1,1,34.01851,0.07042094678670988
8,9,MLP,8,12,1,1,35.01208,0.29332189379368107
8,9,MLP,8,12,1,1,36.01853,0.28612045921767165
8,9,MLP,8,12,1,1,37.01241,0.27564317947203365
8,9,MLP,8,12,1,1,38.01729,0.27632423177239124
8,9,MLP,8,12,1,1,39.01123,0.28484822639306406
8,9,MLP,8,12,1,1,40.0166,0.2830627682533031
8,9,MLP,8,12,1,1,41.00916,0.32572425480535355
8,9,MLP,8,12,1,1,42.01604,0.3097868872626151
8,9,MLP,8,12,1,1,43.00914,0.31179939246568966
8,9,MLP,8,12,1,1,44.01637,0.3122322797413421
8,9,MLP,8,12,1,1,45.01945,0.3182221855251852
8,9,MLP,8,12,1,1,46.01505,0.3110126105975641
8,9,MLP,8,12,1,1,47.0084,0.29618867131067905
8,9,MLP,8,12,1,1,48.01484,0.2537444248900685
8,9,MLP,8,12,1,1,49.00824,0.30913342262702775
8,9,MLP,8,12,1,1,50.01454,0.297654326641893
8,9,MLP,8,12,1,1,51.01845,0.2980958081149982
8,9,MLP,8,12,1,1,52.01202,0.27889139325621737
8,9,MLP,8,12,1,1,53.01875,0.28536286609219746
8,9,MLP,8,12,1,1,54.01386,0.2917398429411856
8,9,MLP,8,12,1,1,55.01745,0.2516931614896061
8,9,MLP,8,12,1,1,56.01162,0.26564477894863675
8,9,MLP,8,12,1,1,57.01839,0.2684921129434374
8,9,MLP,8,12,1,1,58.01215,0.25061336762597325
8,9,MLP,8,12,1,1,59.01632,0.2428739101747988
8,9,MLP,8,12,1,1,60.01164,0.28719439331465674
8,9,MLP,8,12,1,1,61.01605,0.26117173123458204
8,9,MLP,8,12,1,1,62.01088,0.23693063830540925
8,9,MLP,8,12,1,1,63.01574,0.24754418596276465
8,9,MLP,8,12,1,1,64.0106,0.19469307478006778
8,9,MLP,8,12,1,1,65.01489,0.27761686671834157
8,9,MLP,8,12,1,1,66.00845,0.25977342560742867
8,9,MLP,8,12,1,1,67.01373,0.26589777822646316
8,9,MLP,8,12,1,1,68.01971,0.28911749286865945
8,9,MLP,8,12,1,1,69.01488,0.2765450175523654
8,9,MLP,8,12,1,1,70.01777,0.2808056846696124
8,9,MLP,8,12,1,1,71.01369,0.20964731548334925
8,9,MLP,8,12,1,1,72.01964,0.30605270848258104
8,9,MLP,8,12,1,1,73.01192,0.21759161128817175
8,9,MLP,8,12,1,1,74.01961,0.3112606506156297
8,9,MLP,8,12,1,1,75.01247,0.2757770216834777
8,9,MLP,8,12,1,1,76.01733,0.4305890549242589
8,9,MLP,8,12,1,1,77.01091,0.4027849335603522
8,9,MLP,8,12,1,1,78.01698,0.3913573729874046
8,9,MLP,8,12,1,1,79.01109,0.294342591262141
8,9,MLP,8,12,1,1,80.01685,0.4550169769369866
8,9,MLP,8,12,1,1,81.01129,0.49691590120185564
8,9,MLP,8,12,1,1,82.0164,0.5167394050092777
8,9,MLP,8,12,1,1,83.00986,0.5376732136892227
8,9,MLP,8,12,1,1,84.01507,0.5453438907774109
8,9,MLP,8,12,1,1,85.0094,0.5799573929713746
8,9,MLP,8,12,1,1,86.01546,0.39183038455362407
8,9,MLP,8,12,1,1,87.00921,0.5967393936967197
8,9,MLP,8,12,1,1,88.01216,0.6524890403636364
8,9,MLP,8,12,1,1,89.00884,0.616429167208783
8,9,MLP,8,12,1,1,90.01527,0.658460208883304
8,9,MLP,8,12,1,1,91.01823,0.6304097980286734
8,9,MLP,8,12,1,1,92.01326,0.6727882960378292
8,9,MLP,8,12,1,1,93.0173,0.6417039987713765
8,9,MLP,8,12,1,1,94.012,0.6880905366812275
8,9,MLP,8,12,1,1,95.01615,0.6696251172429644
8,9,MLP,8,12,1,1,96.01204,0.6898580253223864
8,9,MLP,8,12,1,1,97.01764,0.5937030731987651
8,9,MLP,8,12,1,1,98.0108,0.7005813056210689
8,9,MLP,8,12,1,1,99.01787,0.6861512682362131
8,9,MLP,8,12,1,1,100.0112,0.7197427721916909
8,9,MLP,8,12,1,1,101.0159,0.7174150551950704
8,9,MLP,8,12,1,1,102.0096,0.6968667865011159
8,9,MLP,8,12,1,1,103.0159,0.6869920216773217
8,9,MLP,8,12,1,1,104.0102,0.6293886759739324
8,9,MLP,8,12,1,1,105.0157,0.6328763179805453
8,9,MLP,8,12,1,1,106.0086,0.6494530401036214
8,9,MLP,8,12,1,1,107.0142,0.6955742623937765
8,9,MLP,8,12,1,1,108.009,0.7107497179526445
8,9,MLP,8,12,1,1,109.0137,0.722788066153832
8,9,MLP,8,12,1,1,110.0089,0.7195021481836189
8,9,MLP,8,12,1,1,111.0139,0.7003000113969312
8,9,MLP,8,12,1,1,112.0085,0.7139599260011189
8,9,MLP,8,12,1,1,113.0106,0.6818013490267189
8,9,MLP,8,12,1,1,114.017,0.625284871933498
8,9,MLP,8,12,1,1,115.0134,0.6993253326317813
8,9,MLP,8,12,1,1,116.0167,0.6532080326830186
8,9,MLP,8,12,1,1,117.0123,0.6486222707087855
8,9,MLP,8,12,1,1,118.0174,0.6373555163840987
8,9,MLP,8,12,1,1,119.0114,0.7029948766548691
8,9,MLP,8,12,1,1,120.0172,0.7075651596235346
8,9,MLP,8,12,1,1,121.0105,0.7388912448775883
8,9,MLP,8,12,1,1,122.0162,0.7300712385442419
8,9,MLP,8,12,1,1,123.0094,0.770452438570709
8,9,MLP,8,12,1,1,124.015,0.7344900599446997
8,9,MLP,8,12,1,1,125.0093,0.6771230659083787
8,9,MLP,8,12,1,1,126.0151,0.7310881946518625
8,9,MLP,8,12,1,1,127.0096,0.5783200160914895
8,9,MLP,8,12,1,1,128.0141,0.6185022007310923
8,9,MLP,8,12,1,1,129.0185,0.6928237090449436
8,9,MLP,8,12,1,1,130.014,0.739329723735335
8,9,MLP,8,12,1,1,131.0189,0.6873651256586328
8,9,MLP,8,12,1,1,132.0128,0.7592899396945574
8,9,MLP,8,12,1,1,133.019,0.7442973927435822
8,9,MLP,8,12,1,1,134.0107,0.7333171041518662
8,9,MLP,8,12,1,1,135.0182,0.728235975024251
8,9,MLP,8,12,1,1,136.0107,0.7342489171271366
8,9,MLP,8,12,1,1,137.0173,0.7211582870777149
8,9,MLP,8,12,1,1,138.0118,0.7386347817211877
8,9,MLP,8,12,1,1,139.0185,0.6747057451462835
8,9,MLP,8,12,1,1,140.011,0.7158623384029079
8,9,MLP,8,12,1,1,141.0155,0.7410103870225694
8,9,MLP,8,12,1,1,142.0092,0.6953024098751021
8,9,MLP,8,12,1,1,143.0148,0.7625458492911157
8,9,MLP,8,12,1,1,144.0097,0.7455647705355806
8,9,MLP,8,12,1,1,145.0158,0.7033968764856942
8,9,MLP,8,12,1,1,146.009,0.7939941106681965
8,9,MLP,8,12,1,1,147.0147,0.7438012646467052
8,9,MLP,8,12,1,1,148.0176,0.7651017833298652
8,9,MLP,8,12,1,1,149.0135,0.7245012771348905
8,9,MLP,8,12,1,1,150.0089,0.7585278893632326
8,9,MLP,8,12,1,1,151.0133,0.7533462713759084
8,9,MLP,8,12,1,1,152.0182,0.7072415912044643
8,9,MLP,8,12,1,1,153.0136,0.7239019675335219
8,9,MLP,8,12,1,1,154.0181,0.7503190613658562
8,9,MLP,8,12,1,1,155.0128,0.7347881841258753
8,9,MLP,8,12,1,1,156.0166,0.7553286870613064
8,9,MLP,8,12,1,1,157.0118,0.778831840750762
8,9,MLP,8,12,1,1,158.0165,0.7865027698948429
8,9,MLP,8,12,1,1,159.0093,0.8002180761876461
8,9,MLP,8,12,1,1,160.0144,0.7790397142629583
8,9,MLP,8,12,1,1,161.0088,0.8076244579877851
8,9,MLP,8,12,1,1,162.0157,0.7991268286448369
8,9,MLP,8,12,1,1,163.0096,0.8381265932349973
8,9,MLP,8,12,1,1,164.0156,0.8040025715807846
8,9,MLP,8,12,1,1,165.0181,0.8352079229814066
8,9,MLP,8,12,1,1,166.015,0.8109309745466833
8,9,MLP,8,12,1,1,167.0088,0.8418978880956597
8,9,MLP,8,12,1,1,168.0134,0.8583473834439419
8,9,MLP,8,12,1,1,169.0189,0.8582993038782577
8,9,MLP,8,12,1,1,170.0132,0.8629264816556445
8,9,MLP,8,12,1,1,171.0085,0.8665335504906687
8,9,MLP,8,12,1,1,172.0134,0.8925040100705145
8,9,MLP,8,12,1,1,173.0177,0.8923093900903497
8,9,MLP,8,12,1,1,174.0111,0.8781148475086766
8,9,MLP,8,12,1,1,175.0181,0.8967907421661407
8,9,MLP,8,12,1,1,176.0109,0.8883192204626994
8,9,MLP,8,12,1,1,177.017,0.9032931376697497
8,9,MLP,8,12,1,1,178.011,0.9131133889174166
8,9,MLP,8,12,1,1,179.0166,0.9187227284239734
8,9,MLP,8,12,1,1,180.0093,0.9339664436763463
8,9,MLP,8,12,1,1,181.0153,0.9092636699540232
8,9,MLP,8,12,1,1,182.0092,0.9223627981643115
8,9,MLP,8,12,1,1,183.0143,0.9287825118423453
8,9,MLP,8,12,1,1,184.0083,0.9368187783837384
8,9,MLP,8,12,1,1,185.0125,0.9351547934319544
8,9,MLP,8,12,1,1,186.0095,0.9369970058575917
8,9,MLP,8,12,1,1,187.0145,0.9390867729839063
8,9,MLP,8,12,1,1,188.0086,0.9422122555841916
8,9,MLP,8,12,1,1,189.0136,0.9409834884886389
8,9,MLP,8,12,1,1,190.0171,0.9372484910735815
8,9,MLP,8,12,1,1,191.013,0.948518761696147
8,9,MLP,8,12,1,1,192.0174,0.9419434794737053
8,9,MLP,8,12,1,1,193.0106,0.9499493092106952
8,9,MLP,8,12,1,1,194.0183,0.9487052671973417
8,9,MLP,8,12,1,1,195.011,0.8408059034746035
8,9,MLP,8,12,1,1,196.0152,0.8923312181096478
8,9,MLP,8,12,1,1,197.0104,0.9260823814182532
8,9,MLP,8,12,1,1,198.0171,0.9306679574215374
8,9,MLP,8,12,1,1,199.0101,0.9325895458065314
8,9,MLP,8,12,1,1,200.0164,0.9377356125026388
8,9,MLP,8,12,1,1,201.0086,0.9290146419628152
8,9,MLP,8,12,1,1,202.0159,0.9375398454980077
8,9,MLP,8,12,1,1,203.0097,0.9400899754601642
8,9,MLP,8,12,1,1,204.015,0.927029991263745
8,9,MLP,8,12,1,1,205.0092,0.9458052914805279
8,9,MLP,8,12,1,1,206.0141,0.9469032976218258
8,9,MLP,8,12,1,1,207.008,0.9377327071136922
8,9,MLP,8,12,1,1,208.0141,0.9338233313467107
8,9,MLP,8,12,1,1,209.0079,0.9254043414930357
8,9,MLP,8,12,1,1,210.0141,0.9255967012407642
8,9,MLP,8,12,1,1,211.0173,0.9322384034752756
8,9,MLP,8,12,1,1,212.0122,0.9301477112599557
8,9,MLP,8,12,1,1,213.0178,0.9285018659813045
8,9,MLP,8,12,1,1,214.0104,0.9125199648450958
8,9,MLP,8,12,1,1,215.0173,0.9292493400572027
8,9,MLP,8,12,1,1,216.0121,0.906130748339255
8,9,MLP,8,12,1,1,217.016,0.9341874639230864
8,9,MLP,8,12,1,1,218.0118,0.924981995115994
8,9,MLP,8,12,1,1,219.017,0.9223966078754244
8,9,MLP,8,12,1,1,220.0112,0.9239371177457655
8,9,MLP,8,12,1,1,221.0145,0.8977769972109253
8,9,MLP,8,12,1,1,222.0105,0.9185637031379045
8,9,MLP,8,12,1,1,223.0154,0.9193109784825914
8,9,MLP,8,12,1,1,224.0105,0.909593643005005
8,9,MLP,8,12,1,1,225.0148,0.9147715382798203
8,9,MLP,8,12,1,1,226.0095,0.9210556977461903
8,9,MLP,8,12,1,1,227.0143,0.9148914837803177
8,9,MLP,8,12,1,1,228.0086,0.9309550823235596
8,9,MLP,8,12,1,1,229.0141,0.9282109353052138
8,9,MLP,8,12,1,1,230.0186,0.941250090207069
8,9,MLP,8,12,1,1,231.0125,0.9205381091999891
8,9,MLP,8,12,1,1,232.0178,0.9396101497884921
8,9,MLP,8,12,1,1,233.0099,0.9458412620014346
8,9,MLP,8,12,1,1,234.0176,0.9511618022852756
8,9,MLP,8,12,1,1,235.0116,0.9565177441104139
8,9,MLP,8,12,1,1,236.0172,0.9526414025424683
8,9,MLP,8,12,1,1,237.0101,0.9602519697908064
8,9,MLP,8,12,1,1,238.0155,0.9521341759610223
8,9,MLP,8,12,1,1,239.008,0.959737452900478
8,9,MLP,8,12,1,1,240.0153,0.9620943428138251
8,9,MLP,8,12,1,1,241.0105,0.9671099906613787
8,9,MLP,8,12,1,1,242.0131,0.9681830820605895
8,9,MLP,8,12,1,1,243.0095,0.9690001703599482
8,9,MLP,8,12,1,1,244.014,0.9722303323178653
8,9,MLP,8,12,1,1,245.0085,0.86157086567489
8,9,MLP,8,12,1,1,246.0148,0.9509782295595698
8,9,MLP,8,12,1,1,247.009,0.945691636593971
8,9,MLP,8,12,1,1,248.0144,0.9508994191460985
8,9,MLP,8,12,1,1,249.0175,0.9619982138644547
8,9,MLP,8,12,1,1,250.0134,0.954052594178293
8,9,MLP,8,12,1,1,251.0181,0.9354368620002396
8,9,MLP,8,12,1,1,252.0121,0.9559221483895575
8,9,MLP,8,12,1,1,253.0182,0.96310124693271
8,9,MLP,8,12,1,1,254.0107,0.9619875741860429
8,9,MLP,8,12,1,1,255.0149,0.9552402203367463
8,9,MLP,8,12,1,1,256.0111,0.9445063378118194
8,9,MLP,8,12,1,1,257.0152,0.959681180126648
8,9,MLP,8,12,1,1,258.0106,0.9620990015289476
8,9,MLP,8,12,1,1,259.0168,0.9614131818636225
8,9,MLP,8,12,1,1,260.0113,0.9640850161548408
8,9,MLP,8,12,1,1,261.0168,0.9695227602415554
8,9,MLP,8,12,1,1,262.0091,0.952531709588207
8,9,MLP,8,12,1,1,263.015,0.9617496820037345
8,9,MLP,8,12,1,1,264.0086,0.9587093293394789
8,9,MLP,8,12,1,1,265.0153,0.9601298654820456
8,9,MLP,8,12,1,1,266.0085,0.9622428205692054
8,9,MLP,8,12,1,1,267.0125,0.960651629453256
8,9,MLP,8,12,1,1,268.0091,0.9455608262908172
8,9,MLP,8,12,1,1,269.0128,0.9612449535604413
8,9,MLP,8,12,1,1,270.0084,0.9592481894905591
8,9,MLP,8,12,1,1,271.0146,0.9564244555062449
8,9,MLP,8,12,1,1,272.0173,0.9535650262509481
8,9,MLP,8,12,1,1,273.0097,0.9400606154495078
8,9,MLP,8,12,1,1,274.0183,0.9578060842722723
8,9,MLP,8,12,1,1,275.0115,0.9466546967655669
8,9,MLP,8,12,1,1,276.0151,0.9533968422046479
8,9,MLP,8,12,1,1,277.0096,0.9432300854711385
8,9,MLP,8,12,1,1,278.0158,0.9609019022551093
8,9,MLP,8,12,1,1,279.0106,0.9496256584361212
8,9,MLP,8,12,1,1,280.0164,0.9638193517805269
8,9,MLP,8,12,1,1,281.0103,0.9630007397892995
8,9,MLP,8,12,1,1,282.0149,0.9657726570760204
8,9,MLP,8,12,1,1,283.009,0.9654980592372094
8,9,MLP,8,12,1,1,284.0134,0.9704130748000934
8,9,MLP,8,12,1,1,285.0092,0.9682981065894746
8,9,MLP,8,12,1,1,286.0143,0.9703848400031746
8,9,MLP,8,12,1,1,287.0086,0.9744425573060593
8,9,MLP,8,12,1,1,288.0116,0.9742735749086097
8,9,MLP,8,12,1,1,289.0082,0.9770914490834727
8,9,MLP,8,12,1,1,290.0127,0.9741934406787418
8,9,MLP,8,12,1,1,291.0188,0.9811630054219251
8,9,MLP,8,12,1,1,292.0116,0.9804608213475725
8,9,MLP,8,12,1,1,293.0168,0.983174545024398
8,9,MLP,8,12,1,1,294.0131,0.9843676126981652
8,9,MLP,8,12,1,1,295.0175,0.983458710291193
8,9,MLP,8,12,1,1,296.0116,0.9854377949523394
8,9,MLP,8,12,1,1,297.0178,0.9867245545179606
8,9,MLP,8,12,1,1,298.0087,0.9852834309636153
8,9,MLP,8,12,1,1,299.016,0.9889037283821029
8,9,MLP,8,12,1,1,300.0092,0.989081350339714
8,9,MLP,8,12,1,1,301.0147,0.9901162390783724
8,9,MLP,9,13,0,0,0.0110195,6.68785081353629e-09
8,9,MLP,9,13,0,0,1.005759,5.870105363655379e-07
8,9,MLP,9,13,0,0,2.00784,6.262935438374682e-05
8,9,MLP,9,13,0,0,3.007802,7.489603261829859e-05
8,9,MLP,9,13,0,0,4.007293,0.00011264049420809431
8,9,MLP,9,13,0,0,5.008187,0.0001540019009864098
8,9,MLP,9,13,0,0,6.008643,0.0002057359015535215
8,9,MLP,9,13,0,0,7.009022,0.00026879333056810455
8,9,MLP,9,13,0,0,8.008588,0.00020889140547491054
8,9,MLP,9,13,0,0,9.008896,0.00013248531768713385
8,9,MLP,9,13,0,0,10.00913,9.720154216522127e-05
8,9,MLP,9,13,0,0,11.01103,5.414105603131678e-05
8,9,MLP,9,13,0,0,12.01013,3.28138132197636e-05
8,9,MLP,9,13,0,0,13.01072,5.907825123185675e-05
8,9,MLP,9,13,0,0,14.01103,0.00015346720925405613
8,9,MLP,9,13,0,0,15.0121,0.00021942075492656992
8,9,MLP,9,13,0,0,16.00964,0.00038374973696071014
8,9,MLP,9,13,0,0,17.01035,0.0009324060452222456
8,9,MLP,9,13,0,0,18.01051,0.001000101146897295
8,9,MLP,9,13,0,0,19.0111,0.10622631025249052
8,9,MLP,9,13,0,0,20.01075,0.00596632970329398
8,9,MLP,9,13,0,0,21.00977,0.17931871231801486
8,9,MLP,9,13,0,0,22.0112,0.08871925041979338
8,9,MLP,9,13,0,0,23.01091,0.06880385639468531
8,9,MLP,9,13,0,0,24.0096,0.06080422040071517
8,9,MLP,9,13,0,0,25.01049,0.053739116647790165
8,9,MLP,9,13,0,0,26.01068,0.04110298210689841
8,9,MLP,9,13,0,0,27.01039,0.03481182964787436
8,9,MLP,9,13,0,0,28.01047,0.03330864052384207
8,9,MLP,9,13,0,0,29.01056,0.10699140687916127
8,9,MLP,9,13,0,0,30.01037,0.03710303060708504
8,9,MLP,9,13,0,0,31.01037,0.04316348747580132
8,9,MLP,9,13,0,0,32.01043,0.05944957624246883
8,9,MLP,9,13,0,0,33.01025,0.06838915038945537
8,9,MLP,9,13,0,0,34.01165,0.062107246870442515
8,9,MLP,9,13,0,0,35.01178,0.07574445782087574
8,9,MLP,9,13,0,0,36.01152,0.259312310737209
8,9,MLP,9,13,0,0,37.01201,0.40516621924338947
8,9,MLP,9,13,0,0,38.01177,0.45857236733002643
8,9,MLP,9,13,0,0,39.01201,0.35809814268041457
8,9,MLP,9,13,0,0,40.01328,0.42666693177616993
8,9,MLP,9,13,0,0,41.01098,0.5022561987370323
8,9,MLP,9,13,0,0,42.01181,0.45348554574924516
8,9,MLP,9,13,0,0,43.011,0.4884716033051577
8,9,MLP,9,13,0,0,44.01217,0.44683996342549315
8,9,MLP,9,13,0,0,45.01147,0.46101482547961437
8,9,MLP,9,13,0,0,46.01141,0.4461228210264304
8,9,MLP,9,13,0,0,47.01147,0.437153011640314
8,9,MLP,9,13,0,0,48.011,0.4625164920906152
8,9,MLP,9,13,0,0,49.01306,0.47403196897378447
8,9,MLP,9,13,0,0,50.01255,0.5569106231253733
8,9,MLP,9,13,0,0,51.0136,0.5102692108528625
8,9,MLP,9,13,0,0,52.01255,0.5435057817016761
8,9,MLP,9,13,0,0,53.01245,0.4123470212238723
8,9,MLP,9,13,0,0,54.01316,0.3647564360714461
8,9,MLP,9,13,0,0,55.01288,0.2618822291926347
8,9,MLP,9,13,0,0,56.01094,0.3037332169706949
8,9,MLP,9,13,0,0,57.01193,0.11179086808422829
8,9,MLP,9,13,0,0,58.01228,0.24388713655488617
8,9,MLP,9,13,0,0,59.01311,0.4986916803707589
8,9,MLP,9,13,0,0,60.01287,0.13418370854208322
8,9,MLP,9,13,0,0,61.01322,0.13164945339967943
8,9,MLP,9,13,0,0,62.00483,0.21190532249380384
8,9,MLP,9,13,0,0,63.00399,0.331696407657136
8,9,MLP,9,13,0,0,64.01481,0.2760335386949414
8,9,MLP,9,13,0,0,65.01499,0.29351076217932676
8,9,MLP,9,13,0,0,66.00488,0.5245445813274402
8,9,MLP,9,13,0,0,67.01431,0.49621946848499954
8,9,MLP,9,13,0,0,68.01569,0.5148144273333417
8,9,MLP,9,13,0,0,69.01431,0.48914259988006165
8,9,MLP,9,13,0,0,70.00444,0.5301187599239935
8,9,MLP,9,13,0,0,71.01484,0.5266287783091543
8,9,MLP,9,13,0,0,72.01485,0.6409271176338849
8,9,MLP,9,13,0,0,73.01538,0.5906124878019454
8,9,MLP,9,13,0,0,74.01483,0.4554873648074604
8,9,MLP,9,13,0,0,75.01283,0.4131988072124482
8,9,MLP,9,13,0,0,76.01294,0.3068359191055985
8,9,MLP,9,13,0,0,77.0144,0.4330620138043079
8,9,MLP,9,13,0,0,78.01477,0.5527985854743639
8,9,MLP,9,13,0,0,79.01405,0.3351674712636764
8,9,MLP,9,13,0,0,80.01414,0.3172826830180071
8,9,MLP,9,13,0,0,81.01292,0.25397900429900055
8,9,MLP,9,13,0,0,82.01397,0.23087867933344114
8,9,MLP,9,13,0,0,83.01512,0.2976554591081639
8,9,MLP,9,13,0,0,84.00425,0.276892410319795
8,9,MLP,9,13,0,0,85.0048,0.2322636236405622
8,9,MLP,9,13,0,0,86.00455,0.2560751955173609
8,9,MLP,9,13,0,0,87.00511,0.11318252124591845
8,9,MLP,9,13,0,0,88.01478,0.16374126553908427
8,9,MLP,9,13,0,0,89.01393,0.22371087254753153
8,9,MLP,9,13,0,0,90.00504,0.23745494545131457
8,9,MLP,9,13,0,0,91.00574,0.8591425614153806
8,9,MLP,9,13,0,0,92.01431,0.6172400583244027
8,9,MLP,9,13,0,0,93.01505,0.41125874719632904
8,9,MLP,9,13,0,0,94.00507,0.417251191390947
8,9,MLP,9,13,0,0,95.00547,0.32703844895967504
8,9,MLP,9,13,0,0,96.00397,0.23890282247853592
8,9,MLP,9,13,0,0,97.00613,0.26865195296333816
8,9,MLP,9,13,0,0,98.00716,0.32019568336929
8,9,MLP,9,13,0,0,99.00568,0.36953464712133705
8,9,MLP,9,13,0,0,100.0066,0.4166712408847975
8,9,MLP,9,13,0,0,101.0064,0.38825586163233955
8,9,MLP,9,13,0,0,102.0046,0.5934734430943563
8,9,MLP,9,13,0,0,103.0056,0.58903792983867
8,9,MLP,9,13,0,0,104.0057,0.713054316128977
8,9,MLP,9,13,0,0,105.0069,0.42640013765998164
8,9,MLP,9,13,0,0,106.0045,0.6170886450321387
8,9,MLP,9,13,0,0,107.0059,0.3858716298889511
8,9,MLP,9,13,0,0,108.0047,0.6422462782728671
8,9,MLP,9,13,0,0,109.0066,0.5945388353159506
8,9,MLP,9,13,0,0,110.0056,0.5607385238699587
8,9,MLP,9,13,0,0,111.0052,0.5621443763999987
8,9,MLP,9,13,0,0,112.0055,0.5694948256947131
8,9,MLP,9,13,0,0,113.0053,0.5198267788958535
8,9,MLP,9,13,0,0,114.0057,0.5228318266540398
8,9,MLP,9,13,0,0,115.0057,0.5352257305483779
8,9,MLP,9,13,0,0,116.006,0.5003751524672428
8,9,MLP,9,13,0,0,117.0064,0.45677149834955144
8,9,MLP,9,13,0,0,118.0063,0.5497138756314194
8,9,MLP,9,13,0,0,119.0068,0.4883726725525559
8,9,MLP,9,13,0,0,120.0069,0.5994483568159951
8,9,MLP,9,13,0,0,121.0075,0.5307322733652166
8,9,MLP,9,13,0,0,122.0072,0.5517460896070838
8,9,MLP,9,13,0,0,123.0058,0.5368298539340641
8,9,MLP,9,13,0,0,124.0076,0.5360496399403821
8,9,MLP,9,13,0,0,125.007,0.5350693861735337
8,9,MLP,9,13,0,0,126.0072,0.527034969922926
8,9,MLP,9,13,0,0,127.0068,0.5201372212436262
8,9,MLP,9,13,0,0,128.0076,0.3791820727309836
8,9,MLP,9,13,0,0,129.0074,0.3600253372036227
8,9,MLP,9,13,0,0,130.0071,0.3708876767041451
8,9,MLP,9,13,1,3,131.0081,0.40068797269434964
8,9,MLP,9,13,1,3,132.0073,0.41967792942777543
8,9,MLP,9,13,1,3,133.0062,0.505972783610043
8,9,MLP,9,13,1,3,134.0074,0.295821579232077
8,9,MLP,9,13,1,3,135.0069,0.2577301132396045
8,9,MLP,9,13,1,3,136.0064,0.3194682198955925
8,9,MLP,9,13,1,3,137.0067,0.27253666628460843
8,9,MLP,9,13,1,3,138.0067,0.2942700152524005
8,9,MLP,9,13,1,3,139.007,0.3203740357844246
8,9,MLP,9,13,1,3,140.0062,0.21092353485140652
8,9,MLP,9,13,1,3,141.0073,0.16877765311759838
8,9,MLP,9,13,1,3,142.0084,0.2099629750257893
8,9,MLP,9,13,1,3,143.008,0.2180168184766634
8,9,MLP,9,13,1,3,144.0094,0.2050632590171122
8,9,MLP,9,13,1,3,145.0076,0.20245676297754775
8,9,MLP,9,13,1,3,146.0077,0.2571722754614458
8,9,MLP,9,13,1,3,147.0074,0.26901016930226773
8,9,MLP,9,13,1,3,148.0075,0.2597047340468727
8,9,MLP,9,13,1,3,149.0084,0.3235019169507189
8,9,MLP,9,13,1,3,150.0068,0.3119156206593195
8,9,MLP,9,13,1,3,151.0084,0.3047424612239528
8,9,MLP,9,13,1,3,152.009,0.4851464713038662
8,9,MLP,9,13,1,3,153.0098,0.3836618522193487
8,9,MLP,9,13,1,3,154.0073,0.3538069626749115
8,9,MLP,9,13,0,0,155.0084,0.447730803599575
8,9,MLP,9,13,0,0,156.0078,0.5013148292966014
8,9,MLP,9,13,0,0,157.008,0.5378813530864699
8,9,MLP,9,13,0,0,158.0095,0.4716315052305424
8,9,MLP,9,13,0,0,159.0101,0.41442147598495543
8,9,MLP,9,13,0,0,160.0103,0.5407778466471959
8,9,MLP,9,13,0,0,161.0102,0.4713993184800673
8,9,MLP,9,13,0,0,162.0098,0.5044082277914296
8,9,MLP,9,13,0,0,163.0103,0.513632994765817
8,9,MLP,9,13,0,0,164.0104,0.5020318406322569
8,9,MLP,9,13,0,0,165.0098,0.5568837187662682
8,9,MLP,9,13,0,0,166.0106,0.5685660628331736
8,9,MLP,9,13,0,0,167.0094,0.5399044150667119
8,9,MLP,9,13,0,0,168.0101,0.5348612878890412
8,9,MLP,9,13,0,0,169.0095,0.5386499359776828
8,9,MLP,9,13,0,0,170.0094,0.6013701328520531
8,9,MLP,9,13,0,0,171.0103,0.6389502374386158
8,9,MLP,9,13,0,0,172.0116,0.4990152300020164
8,9,MLP,9,13,0,0,173.0117,0.5259575796824633
8,9,MLP,9,13,0,0,174.0113,0.4826188320635143
8,9,MLP,9,13,0,0,175.0105,0.42260854582664553
8,9,MLP,9,13,0,0,176.0114,0.5829640886320125
8,9,MLP,9,13,0,0,177.011,0.5187167429072272
8,9,MLP,9,13,0,0,178.0101,0.4593931156390179
8,9,MLP,9,13,0,0,179.0093,0.44409516282824646
8,9,MLP,9,13,0,0,180.0106,0.570633424861051
8,9,MLP,9,13,0,0,181.0108,0.5480126573878259
8,9,MLP,9,13,0,0,182.0097,0.5494849428672697
8,9,MLP,9,13,0,0,183.0091,0.5098511378517636
8,9,MLP,9,13,0,0,184.0103,0.6599352727665887
8,9,MLP,9,13,0,0,185.0096,0.46721793065009803
8,9,MLP,9,13,0,0,186.01,0.5369780293157527
8,9,MLP,9,13,0,0,187.0108,0.5626423199904644
8,9,MLP,9,13,0,0,188.0104,0.47768538507279146
8,9,MLP,9,13,0,0,189.0116,0.5088906770252241
8,9,MLP,9,13,0,0,190.0116,0.5138899633313658
8,9,MLP,9,13,0,0,191.0115,0.45110078804902703
8,9,MLP,9,13,0,0,192.0119,0.562039138280641
8,9,MLP,9,13,0,0,193.0109,0.4995680103256724
8,9,MLP,9,13,0,0,194.0107,0.5371887664425151
8,9,MLP,9,13,0,0,195.01,0.6005067031365593
8,9,MLP,9,13,0,0,196.0102,0.5613170208989341
8,9,MLP,9,13,0,0,197.0122,0.5585105657767222
8,9,MLP,9,13,0,0,198.0116,0.4733169094600282
8,9,MLP,9,13,0,0,199.0125,0.5380833439420832
8,9,MLP,9,13,0,0,200.0115,0.6096829067928107
8,9,MLP,9,13,0,0,201.0117,0.6596744499096042
8,9,MLP,9,13,0,0,202.0122,0.6619154498610013
8,9,MLP,9,13,0,0,203.0135,0.638796148768425
8,9,MLP,9,13,0,0,204.0123,0.6559432321864918
8,9,MLP,9,13,0,0,205.0133,0.6221601467417582
8,9,MLP,9,13,0,0,206.013,0.6039067388346819
8,9,MLP,9,13,0,0,207.0117,0.6939092166862042
8,9,MLP,9,13,0,0,208.0125,0.6804108074576711
8,9,MLP,9,13,0,0,209.0119,0.6683680671132163
8,9,MLP,9,13,0,0,210.0124,0.6322114958504083
8,9,MLP,9,13,0,0,211.013,0.5665207083085833
8,9,MLP,9,13,0,0,212.0144,0.5866548826276795
8,9,MLP,9,13,0,0,213.0136,0.5879092083402027
8,9,MLP,9,13,0,0,214.0147,0.5382336079128988
8,9,MLP,9,13,0,0,215.0134,0.5690306521182037
8,9,MLP,9,13,0,0,216.0129,0.5589650059539661
8,9,MLP,9,13,0,0,217.0129,0.28615665222889514
8,9,MLP,9,13,0,0,218.0129,0.48350453073241545
8,9,MLP,9,13,0,0,219.0129,0.6634807328415973
8,9,MLP,9,13,0,0,220.0126,0.6099764052766647
8,9,MLP,9,13,0,0,221.0129,0.7113286803139188
8,9,MLP,9,13,0,0,222.0122,0.6740724298721624
8,9,MLP,9,13,0,0,223.0122,0.6453245070139906
8,9,MLP,9,13,0,0,224.0124,0.6305133668018906
8,9,MLP,9,13,0,0,225.0121,0.6060043531280265
8,9,MLP,9,13,0,0,226.0132,0.6426305072916869
8,9,MLP,9,13,0,0,227.0143,0.6595616250869855
8,9,MLP,9,13,0,0,228.0146,0.6105583424197984
8,9,MLP,9,13,0,0,229.014,0.4843604006796431
8,9,MLP,9,13,0,0,230.0146,0.5521180919170223
8,9,MLP,9,13,0,0,231.0143,0.6769129591903226
8,9,MLP,9,13,0,0,232.0145,0.592303961187967
8,9,MLP,9,13,0,0,233.0145,0.7437780535159612
8,9,MLP,9,13,0,0,234.0137,0.6889670877177924
8,9,MLP,9,13,0,0,235.0139,0.6836298420015975
8,9,MLP,9,13,0,0,236.0044,0.6705915977344619
8,9,MLP,9,13,0,0,237.0162,0.5768212041822876
8,9,MLP,9,13,0,0,238.0152,0.578485705112179
8,9,MLP,9,13,0,0,239.0044,0.6600947844134476
8,9,MLP,9,13,0,0,240.0048,0.6734923470492636
8,9,MLP,9,13,0,0,241.0044,0.6614095563101376
8,9,MLP,9,13,0,0,242.0045,0.5548138261526868
8,9,MLP,9,13,0,0,243.0043,0.6371700232109756
8,9,MLP,9,13,0,0,244.0162,0.6381212713372562
8,9,MLP,9,13,0,0,245.0155,0.6407641251105305
8,9,MLP,9,13,0,0,246.0154,0.7387440435715672
8,9,MLP,9,13,0,0,247.0153,0.7216732431905915
8,9,MLP,9,13,0,0,248.0145,0.7095491886459954
8,9,MLP,9,13,0,0,249.0152,0.7102886477627891
8,9,MLP,9,13,0,0,250.0147,0.5973555237325178
8,9,MLP,9,13,0,0,251.0159,0.6276520897841671
8,9,MLP,9,13,0,0,252.0157,0.5963700211596066
8,9,MLP,9,13,0,0,253.0046,0.6567632184784445
8,9,MLP,9,13,0,0,254.0047,0.7017465025726081
8,9,MLP,9,13,0,0,255.0051,0.5135079775112918
8,9,MLP,9,13,0,0,256.0152,0.5693741224794818
8,9,MLP,9,13,0,0,257.0048,0.7578614417089754
8,9,MLP,9,13,0,0,258.0048,0.781124135880009
8,9,MLP,9,13,0,0,259.0142,0.7488719076066008
8,9,MLP,9,13,0,0,260.0155,0.6961579539274636
8,9,MLP,9,13,0,0,261.0048,0.722649909909278
8,9,MLP,9,13,0,0,262.0058,0.7873652403781062
8,9,MLP,9,13,0,0,263.0071,0.7349721759035728
8,9,MLP,9,13,0,0,264.0063,0.7679160771610272
8,9,MLP,9,13,0,0,265.0065,0.7592353422278612
8,9,MLP,9,13,0,0,266.0061,0.7525777563561449
8,9,MLP,9,13,0,0,267.0054,0.682951285085944
8,9,MLP,9,13,0,0,268.0065,0.5939390642601333
8,9,MLP,9,13,0,0,269.0069,0.7107631368898893
8,9,MLP,9,13,0,0,270.006,0.7254009065491315
8,9,MLP,9,13,0,0,271.0046,0.7491975159109888
8,9,MLP,9,13,0,0,272.0052,0.727882381893263
8,9,MLP,9,13,0,0,273.0052,0.704161732998701
8,9,MLP,9,13,0,0,274.0054,0.6887796218702885
8,9,MLP,9,13,0,0,275.0052,0.6386589112967225
8,9,MLP,9,13,0,0,276.0056,0.6789665360504983
8,9,MLP,9,13,0,0,277.0053,0.756503618505363
8,9,MLP,9,13,0,0,278.0059,0.7692487955161386
8,9,MLP,9,13,0,0,279.0058,0.737642459634672
8,9,MLP,9,13,0,0,280.0075,0.6411540076173613
8,9,MLP,9,13,0,0,281.0063,0.6997997340100418
8,9,MLP,9,13,0,0,282.006,0.8038775738493287
8,9,MLP,9,13,0,0,283.005,0.8018987508806822
8,9,MLP,9,13,0,0,284.0056,0.7896179597108882
8,9,MLP,9,13,0,0,285.0061,0.6520997649356208
8,9,MLP,9,13,0,0,286.0067,0.6003520680602176
8,9,MLP,9,13,0,0,287.0079,0.6565828897903072
8,9,MLP,9,13,0,0,288.0077,0.8182482328254301
8,9,MLP,9,13,0,0,289.006,0.8187358030379916
8,9,MLP,9,13,0,0,290.0072,0.8218578339916806
8,9,MLP,9,13,0,0,291.0072,0.8565283511020917
8,9,MLP,9,13,0,0,292.0069,0.8056366096255085
8,9,MLP,9,13,0,0,293.0074,0.8470447806298744
8,9,MLP,9,13,0,0,294.0071,0.8713541770313753
8,9,MLP,9,13,0,0,295.0074,0.8442960584637279
8,9,MLP,9,13,0,0,296.0071,0.834886720697654
8,9,MLP,9,13,0,0,297.0076,0.7926116770332398
8,9,MLP,9,13,0,0,298.0078,0.7824045096192779
8,9,MLP,9,13,0,0,299.007,0.8368192076367138
8,9,MLP,9,13,0,0,300.0064,0.7932590628876969
8,9,MLP,9,13,0,0,301.0068,0.8101606805282141
8,9,Clock,8,12,0,0,0.0110377,0.18792785330984893
8,9,Clock,8,12,0,0,1.010147,0.18942760416392812
8,9,Clock,8,12,0,0,2.016094,0.19094686784309453
8,9,Clock,8,12,0,0,3.009745,0.1924566828061234
8,9,Clock,8,12,1,1,4.01616,0.19399514404076942
8,9,Clock,8,12,1,1,5.009424,0.19552264033443686
8,9,Clock,8,12,1,1,6.01379,0.19707644919680942
8,9,Clock,8,12,1,1,7.008862,0.19862505007784922
8,9,Clock,8,12,1,1,8.014355,0.20019914739285802
8,9,Clock,8,12,1,1,9.019238,0.20178161657101062
8,9,Clock,8,12,1,1,10.01213,0.20335436185890493
8,9,Clock,8,12,1,1,11.0166,0.2049547188416613
8,9,Clock,8,12,1,1,12.01287,0.20655122668074022
8,9,Clock,8,12,1,1,13.01876,0.20817246346883134
8,9,Clock,8,12,1,1,14.01381,0.209785439481364
8,9,Clock,8,12,1,1,15.01681,0.21142057327066985
8,9,Clock,8,12,1,1,16.01281,0.2130535050154146
8,9,Clock,8,12,1,1,17.01839,0.2147114569230799
8,9,Clock,8,12,1,1,18.01066,0.2163566311891382
8,9,Clock,8,12,1,1,19.01831,0.21803662574690844
8,9,Clock,8,12,1,1,20.01064,0.2197002496453509
8,9,Clock,8,12,1,1,21.0165,0.22139584775167992
8,9,Clock,8,12,1,1,22.01155,0.22308241639511717
8,9,Clock,8,12,1,1,23.01568,0.22479363789144655
8,9,Clock,8,12,1,1,24.0096,0.22649661764061127
8,9,Clock,8,12,1,1,25.01568,0.228229705576718
8,9,Clock,8,12,1,1,26.00962,0.229951030974981
8,9,Clock,8,12,1,1,27.01536,0.2317020373630637
8,9,Clock,8,12,1,1,28.0098,0.2334425068384465
8,9,Clock,8,12,1,1,29.01463,0.2352103739949412
8,9,Clock,8,12,1,1,30.0086,0.2369682366986889
8,9,Clock,8,12,1,1,31.01355,0.23875470226358486
8,9,Clock,8,12,1,1,32.01867,0.24055069397802745
8,9,Clock,8,12,1,1,33.01118,0.24233319433104641
8,9,Clock,8,12,1,1,34.01851,0.24415146818988334
8,9,Clock,8,12,1,1,35.01208,0.245953938077845
8,9,Clock,8,12,1,1,36.01853,0.24778889060250953
8,9,Clock,8,12,1,1,37.01241,0.24960990654909315
8,9,Clock,8,12,1,1,38.01729,0.25146013770805176
8,9,Clock,8,12,1,1,39.01123,0.253299168853199
8,9,Clock,8,12,1,1,40.0166,0.25516836463896436
8,9,Clock,8,12,1,1,41.00916,0.25702261044316255
8,9,Clock,8,12,1,1,42.01604,0.258912598049345
8,9,Clock,8,12,1,1,43.00914,0.26078554990563135
8,9,Clock,8,12,1,1,44.01637,0.2626940838204616
8,9,Clock,8,12,1,1,45.01945,0.26460367299124044
8,9,Clock,8,12,1,1,46.01505,0.2665077784654081
8,9,Clock,8,12,1,1,47.0084,0.26841625815901105
8,9,Clock,8,12,1,1,48.01484,0.2703586846000377
8,9,Clock,8,12,1,1,49.00824,0.272284600352794
8,9,Clock,8,12,1,1,50.01454,0.27424425864198176
8,9,Clock,8,12,1,1,51.01845,0.2762079785716429
8,9,Clock,8,12,1,1,52.01202,0.27816000766173177
8,9,Clock,8,12,1,1,53.01875,0.28014651808978797
8,9,Clock,8,12,1,1,54.01386,0.28211859326259725
8,9,Clock,8,12,1,1,55.01745,0.2841159850518284
8,9,Clock,8,12,1,1,56.01162,0.28610301768762414
8,9,Clock,8,12,1,1,57.01839,0.2881236961678889
8,9,Clock,8,12,1,1,58.01215,0.29012656633234435
8,9,Clock,8,12,1,1,59.01632,0.2921587564253382
8,9,Clock,8,12,1,1,60.01164,0.2941812615327897
8,9,Clock,8,12,1,1,61.01605,0.2962304922584972
8,9,Clock,8,12,1,1,62.01088,0.29826830484309846
8,9,Clock,8,12,1,1,63.01574,0.30033481870877643
8,9,Clock,8,12,1,1,64.0106,0.30238878937118024
8,9,Clock,8,12,1,1,65.01489,0.304470292402405
8,9,Clock,8,12,1,1,66.00845,0.30653745058676446
8,9,Clock,8,12,1,1,67.01373,0.30863693610580745
8,9,Clock,8,12,1,1,68.01971,0.31074581573859106
8,9,Clock,8,12,1,1,69.01488,0.3128398104408048
8,9,Clock,8,12,1,1,70.01777,0.3149578035216018
8,9,Clock,8,12,1,1,71.01369,0.31706871218761845
8,9,Clock,8,12,1,1,72.01964,0.3192085557767569
8,9,Clock,8,12,1,1,73.01192,0.3213268078404252
8,9,Clock,8,12,1,1,74.01961,0.3234855096896121
8,9,Clock,8,12,1,1,75.01247,0.32561981719733235
8,9,Clock,8,12,1,1,76.01733,0.3277873141125385
8,9,Clock,8,12,1,1,77.01091,0.3299377333284517
8,9,Clock,8,12,1,1,78.01698,0.33212245611300534
8,9,Clock,8,12,1,1,79.01109,0.33428832123870145
8,9,Clock,8,12,1,1,80.01685,0.33648670055335983
8,9,Clock,8,12,1,1,81.01129,0.33866731497048097
8,9,Clock,8,12,1,1,82.0164,0.3408783171764156
8,9,Clock,8,12,1,1,83.00986,0.34307050114574117
8,9,Clock,8,12,1,1,84.01507,0.3452954605239646
8,9,Clock,8,12,1,1,85.0094,0.3475030254322995
8,9,Clock,8,12,1,1,86.01546,0.3497433157704985
8,9,Clock,8,12,1,1,87.00921,0.35196273298727565
8,9,Clock,8,12,1,1,88.01216,0.3542092012829479
8,9,Clock,8,12,1,1,89.00884,0.3564480138275014
8,9,Clock,8,12,1,1,90.01527,0.35871509434954413
8,9,Clock,8,12,1,1,91.01823,0.3609806708231434
8,9,Clock,8,12,1,1,92.01326,0.3632344717996077
8,9,Clock,8,12,1,1,93.0173,0.3655147866437609
8,9,Clock,8,12,1,1,94.012,0.3677798382674043
8,9,Clock,8,12,1,1,95.01615,0.37007234842234604
8,9,Clock,8,12,1,1,96.01204,0.37235179602245455
8,9,Clock,8,12,1,1,97.01764,0.3746592468114209
8,9,Clock,8,12,1,1,98.0108,0.3769437679488532
8,9,Clock,8,12,1,1,99.01787,0.37926586172946997
8,9,Clock,8,12,1,1,100.0112,0.38156172142871525
8,9,Clock,8,12,1,1,101.0159,0.38388924961934373
8,9,Clock,8,12,1,1,102.0096,0.3861965353356151
8,9,Clock,8,12,1,1,103.0159,0.388538306302686
8,9,Clock,8,12,1,1,104.0102,0.3908572150745447
8,9,Clock,8,12,1,1,105.0157,0.39320726840230613
8,9,Clock,8,12,1,1,106.0086,0.3955327261771099
8,9,Clock,8,12,1,1,107.0142,0.3978927616623857
8,9,Clock,8,12,1,1,108.009,0.40023214234236226
8,9,Clock,8,12,1,1,109.0137,0.4025994187392569
8,9,Clock,8,12,1,1,110.0089,0.4049487981657388
8,9,Clock,8,12,1,1,111.0139,0.407325730316525
8,9,Clock,8,12,1,1,112.0085,0.40968234679685445
8,9,Clock,8,12,1,1,113.0106,0.41206093542553324
8,9,Clock,8,12,1,1,114.017,0.4144538784369601
8,9,Clock,8,12,1,1,115.0134,0.4168270232141512
8,9,Clock,8,12,1,1,116.0167,0.4192205130360638
8,9,Clock,8,12,1,1,117.0123,0.4215993840386504
8,9,Clock,8,12,1,1,118.0174,0.4240046655507751
8,9,Clock,8,12,1,1,119.0114,0.426386910623917
8,9,Clock,8,12,1,1,120.0172,0.4288009241867726
8,9,Clock,8,12,1,1,121.0105,0.43118827408057575
8,9,Clock,8,12,1,1,122.0162,0.4336086835001646
8,9,Clock,8,12,1,1,123.0094,0.43600212974293545
8,9,Clock,8,12,1,1,124.015,0.4384284936487178
8,9,Clock,8,12,1,1,125.0093,0.4408304934512878
8,9,Clock,8,12,1,1,126.0151,0.44326308945504106
8,9,Clock,8,12,1,1,127.0096,0.44567103639589306
8,9,Clock,8,12,1,1,128.0141,0.4481057923314544
8,9,Clock,8,12,1,1,129.0185,0.45054277936914544
8,9,Clock,8,12,1,1,130.014,0.45296056338154156
8,9,Clock,8,12,1,1,131.0189,0.4554033911526319
8,9,Clock,8,12,1,1,132.0128,0.4578215881758187
8,9,Clock,8,12,1,1,133.019,0.4602717337725579
8,9,Clock,8,12,1,1,134.0107,0.4626884619327663
8,9,Clock,8,12,1,1,135.0182,0.46514550972470997
8,9,Clock,8,12,1,1,136.0107,0.4675675963660346
8,9,Clock,8,12,1,1,137.0173,0.47002568959488267
8,9,Clock,8,12,1,1,138.0118,0.47245562660366686
8,9,Clock,8,12,1,1,139.0185,0.47491671965827836
8,9,Clock,8,12,1,1,140.011,0.4773443145266218
8,9,Clock,8,12,1,1,141.0155,0.4798023341170619
8,9,Clock,8,12,1,1,142.0092,0.4822348811008431
8,9,Clock,8,12,1,1,143.0148,0.48469742056570975
8,9,Clock,8,12,1,1,144.0097,0.4871344982705866
8,9,Clock,8,12,1,1,145.0158,0.48959959534525305
8,9,Clock,8,12,1,1,146.009,0.4920336347339929
8,9,Clock,8,12,1,1,147.0147,0.4944986471373539
8,9,Clock,8,12,1,1,148.0176,0.4969570817780513
8,9,Clock,8,12,1,1,149.0135,0.49939853113384824
8,9,Clock,8,12,1,1,150.0089,0.5018387373471028
8,9,Clock,8,12,1,1,151.0133,0.5043009619396244
8,9,Clock,8,12,1,1,152.0182,0.5067641747441894
8,9,Clock,8,12,1,1,153.0136,0.509203762496737
8,9,Clock,8,12,1,1,154.0181,0.5116652318701186
8,9,Clock,8,12,1,1,155.0128,0.5141021394219599
8,9,Clock,8,12,1,1,156.0166,0.5165606468654454
8,9,Clock,8,12,1,1,157.0118,0.5189972858014796
8,9,Clock,8,12,1,1,158.0165,0.5214562831960476
8,9,Clock,8,12,1,1,159.0093,0.5238851303290001
8,9,Clock,8,12,1,1,160.0144,0.5263429519960482
8,9,Clock,8,12,1,1,161.0088,0.5287733249606886
8,9,Clock,8,12,1,1,162.0157,0.5312328515167533
8,9,Clock,8,12,1,1,163.0096,0.5336591353169848
8,9,Clock,8,12,1,1,164.0156,0.5361133369842591
8,9,Clock,8,12,1,1,165.0181,0.5385572753821929
8,9,Clock,8,12,1,1,166.015,0.5409857256635646
8,9,Clock,8,12,1,1,167.0088,0.543404694352547
8,9,Clock,8,12,1,1,168.0134,0.5458478420954685
8,9,Clock,8,12,1,1,169.0189,0.548291007443101
8,9,Clock,8,12,1,1,170.0132,0.5507046359580277
8,9,Clock,8,12,1,1,171.0085,0.5531183202037203
8,9,Clock,8,12,1,1,172.0134,0.5555527418349127
8,9,Clock,8,12,1,1,173.0177,0.5579830603814412
8,9,Clock,8,12,1,1,174.0111,0.5603842491446721
8,9,Clock,8,12,1,1,175.0181,0.562815455514604
8,9,Clock,8,12,1,1,176.0109,0.5652094143534496
8,9,Clock,8,12,1,1,177.017,0.5676323580366883
8,9,Clock,8,12,1,1,178.011,0.5700229886686498
8,9,Clock,8,12,1,1,179.0166,0.5724381911090809
8,9,Clock,8,12,1,1,180.0093,0.5748190081308236
8,9,Clock,8,12,1,1,181.0153,0.5772282373712652
8,9,Clock,8,12,1,1,182.0092,0.5796048503566013
8,9,Clock,8,12,1,1,183.0143,0.5820044969589975
8,9,Clock,8,12,1,1,184.0083,0.5843738474316208
8,9,Clock,8,12,1,1,185.0125,0.5867635396962549
8,9,Clock,8,12,1,1,186.0095,0.5891320933345519
8,9,Clock,8,12,1,1,187.0145,0.5915154312441603
8,9,Clock,8,12,1,1,188.0086,0.5938687431149202
8,9,Clock,8,12,1,1,189.0136,0.5962434354392784
8,9,Clock,8,12,1,1,190.0171,0.5986101400372795
8,9,Clock,8,12,1,1,191.013,0.6009543509269183
8,9,Clock,8,12,1,1,192.0174,0.6033138904356128
8,9,Clock,8,12,1,1,193.0106,0.6056424378881657
8,9,Clock,8,12,1,1,194.0183,0.608000042215033
8,9,Clock,8,12,1,1,195.011,0.6103176748780428
8,9,Clock,8,12,1,1,196.0152,0.612657073073753
8,9,Clock,8,12,1,1,197.0104,0.6149704189754059
8,9,Clock,8,12,1,1,198.0171,0.617305197070408
8,9,Clock,8,12,1,1,199.0101,0.61960290511441
8,9,Clock,8,12,1,1,200.0164,0.6219259473567242
8,9,Clock,8,12,1,1,201.0086,0.6242109759132817
8,9,Clock,8,12,1,1,202.0159,0.6265251154452113
8,9,Clock,8,12,1,1,203.0097,0.6288026050513327
8,9,Clock,8,12,1,1,204.015,0.6311006158002103
8,9,Clock,8,12,1,1,205.0092,0.6333674346891084
8,9,Clock,8,12,1,1,206.0141,0.635652659117144
8,9,Clock,8,12,1,1,207.008,0.6379068638711612
8,9,Clock,8,12,1,1,208.0141,0.6401825910468
8,9,Clock,8,12,1,1,209.0079,0.6424243288785021
8,9,Clock,8,12,1,1,210.0141,0.6446876840123312
8,9,Clock,8,12,1,1,211.0173,0.6469378874943381
8,9,Clock,8,12,1,1,212.0122,0.649163056927674
8,9,Clock,8,12,1,1,213.0178,0.6514055777934642
8,9,Clock,8,12,1,1,214.0104,0.6536125504265928
8,9,Clock,8,12,1,1,215.0173,0.6558445792916057
8,9,Clock,8,12,1,1,216.0121,0.658043050051266
8,9,Clock,8,12,1,1,217.016,0.6602547907105261
8,9,Clock,8,12,1,1,218.0118,0.6624417640586114
8,9,Clock,8,12,1,1,219.017,0.6646423884264643
8,9,Clock,8,12,1,1,220.0112,0.6668119135372972
8,9,Clock,8,12,1,1,221.0145,0.6689941417254516
8,9,Clock,8,12,1,1,222.0105,0.6711533402940935
8,9,Clock,8,12,1,1,223.0154,0.673324520231577
8,9,Clock,8,12,1,1,224.0105,0.6754672389346927
8,9,Clock,8,12,1,1,225.0148,0.6776223428566294
8,9,Clock,8,12,1,1,226.0095,0.679749432460855
8,9,Clock,8,12,1,1,227.0143,0.6818905306430099
8,9,Clock,8,12,1,1,228.0086,0.6840017502062646
8,9,Clock,8,12,1,1,229.0141,0.6861290282984166
8,9,Clock,8,12,1,1,230.0186,0.6882464259212828
8,9,Clock,8,12,1,1,231.0125,0.69033375552618
8,9,Clock,8,12,1,1,232.0178,0.6924371917322307
8,9,Clock,8,12,1,1,233.0099,0.6945051707690696
8,9,Clock,8,12,1,1,234.0176,0.6965976589407192
8,9,Clock,8,12,1,1,235.0116,0.6986537761262993
8,9,Clock,8,12,1,1,236.0172,0.7007257942973704
8,9,Clock,8,12,1,1,237.0101,0.7027636223945106
8,9,Clock,8,12,1,1,238.0155,0.7048189164084178
8,9,Clock,8,12,1,1,239.008,0.7068396966034213
8,9,Clock,8,12,1,1,240.0153,0.7088823413042629
8,9,Clock,8,12,1,1,241.0105,0.7108921576127686
8,9,Clock,8,12,1,1,242.0131,0.7129086019638289
8,9,Clock,8,12,1,1,243.0095,0.7149042102250619
8,9,Clock,8,12,1,1,244.014,0.7169075807556055
8,9,Clock,8,12,1,1,245.0085,0.7188825728748973
8,9,Clock,8,12,1,1,246.0148,0.7208724554084642
8,9,Clock,8,12,1,1,247.009,0.7228299112505309
8,9,Clock,8,12,1,1,248.0144,0.7248007879887429
8,9,Clock,8,12,1,1,249.0175,0.7267584612665726
8,9,Clock,8,12,1,1,250.0134,0.7286934586922239
8,9,Clock,8,12,1,1,251.0181,0.7306368240578632
8,9,Clock,8,12,1,1,252.0121,0.7325508283733291
8,9,Clock,8,12,1,1,253.0182,0.7344793160610374
8,9,Clock,8,12,1,1,254.0107,0.7363729927469592
8,9,Clock,8,12,1,1,255.0149,0.7382801525461977
8,9,Clock,8,12,1,1,256.0111,0.7401633335150807
8,9,Clock,8,12,1,1,257.0152,0.7420524775752979
8,9,Clock,8,12,1,1,258.0106,0.7439163909118368
8,9,Clock,8,12,1,1,259.0168,0.7457915915322234
8,9,Clock,8,12,1,1,260.0113,0.7476359810544987
8,9,Clock,8,12,1,1,261.0168,0.7494918241161677
8,9,Clock,8,12,1,1,262.0091,0.7513142930960831
8,9,Clock,8,12,1,1,263.015,0.7531527407646332
8,9,Clock,8,12,1,1,264.0086,0.7549596644834881
8,9,Clock,8,12,1,1,265.0153,0.756781264325147
8,9,Clock,8,12,1,1,266.0085,0.7585694838571031
8,9,Clock,8,12,1,1,267.0125,0.7603679679109455
8,9,Clock,8,12,1,1,268.0091,0.7621440728330146
8,9,Clock,8,12,1,1,269.0128,0.7639236760587396
8,9,Clock,8,12,1,1,270.0084,0.7656798301049242
8,9,Clock,8,12,1,1,271.0146,0.7674454310192989
8,9,Clock,8,12,1,1,272.0173,0.7691956817387674
8,9,Clock,8,12,1,1,273.0097,0.7709188287715433
8,9,Clock,8,12,1,1,274.0183,0.7726608276687942
8,9,Clock,8,12,1,1,275.0115,0.7743670526714065
8,9,Clock,8,12,1,1,276.0151,0.7760819175080678
8,9,Clock,8,12,1,1,277.0096,0.7777720755478627
8,9,Clock,8,12,1,1,278.0158,0.7794728039475268
8,9,Clock,8,12,1,1,279.0106,0.7811450453879154
8,9,Clock,8,12,1,1,280.0164,0.7828265065692228
8,9,Clock,8,12,1,1,281.0103,0.7844789319381363
8,9,Clock,8,12,1,1,282.0149,0.7861397789502206
8,9,Clock,8,12,1,1,283.009,0.7877741290293271
8,9,Clock,8,12,1,1,284.0134,0.7894161006770526
8,9,Clock,8,12,1,1,285.0092,0.7910347888398199
8,9,Clock,8,12,1,1,286.0143,0.7926593533095184
8,9,Clock,8,12,1,1,287.0086,0.7942572127583004
8,9,Clock,8,12,1,1,288.0116,0.7958597867505264
8,9,Clock,8,12,1,1,289.0082,0.7974429587365586
8,9,Clock,8,12,1,1,290.0127,0.7990293518561026
8,9,Clock,8,12,1,1,291.0188,0.8006089591203431
8,9,Clock,8,12,1,1,292.0116,0.8021585188893054
8,9,Clock,8,12,1,1,293.0168,0.8037182038813678
8,9,Clock,8,12,1,1,294.0131,0.8052548280839642
8,9,Clock,8,12,1,1,295.0175,0.8067947230449597
8,9,Clock,8,12,1,1,296.0116,0.8083097143664174
8,9,Clock,8,12,1,1,297.0178,0.8098338773556514
8,9,Clock,8,12,1,1,298.0087,0.8113258005910662
8,9,Clock,8,12,1,1,299.016,0.8128331741776796
8,9,Clock,8,12,1,1,300.0092,0.8143103561329339
8,9,Clock,8,12,1,1,301.0147,0.8157966905536321
8,9,Clock,9,13,0,0,0.0110195,0.18792782607350245
8,9,Clock,9,13,0,0,1.005759,0.18942099742174917
8,9,Clock,9,13,0,0,2.00784,0.19093436410565115
8,9,Clock,9,13,0,0,3.007802,0.1924537218316719
8,9,Clock,9,13,0,0,4.007293,0.1939815491036221
8,9,Clock,9,13,0,0,5.008187,0.19552073175299584
8,9,Clock,9,13,0,0,6.008643,0.19706846283910165
8,9,Clock,9,13,0,0,7.009022,0.1986253001546039
8,9,Clock,9,13,0,0,8.008588,0.20019009276205768
8,9,Clock,9,13,0,0,9.008896,0.20176528177188002
8,9,Clock,9,13,0,0,10.00913,0.203349595709439
8,9,Clock,9,13,0,0,11.01103,0.20494581966783346
8,9,Clock,9,13,0,0,12.01013,0.2065468234349526
8,9,Clock,9,13,0,0,13.01072,0.2081594687909016
8,9,Clock,9,13,0,0,14.01103,0.20978092040637794
8,9,Clock,9,13,0,0,15.0121,0.2114128727519513
8,9,Clock,9,13,0,0,16.00964,0.21304829324729685
8,9,Clock,9,13,0,0,17.01035,0.21469816158568567
8,9,Clock,9,13,0,0,18.01051,0.2163563806707359
8,9,Clock,9,13,0,0,19.0111,0.21802457197255723
8,9,Clock,9,13,0,0,20.01075,0.2197004356159091
8,9,Clock,9,13,0,0,21.00977,0.22138447006658662
8,9,Clock,9,13,0,0,22.0112,0.22308181993453174
8,9,Clock,9,13,0,0,23.01091,0.2247854864672301
8,9,Clock,9,13,0,0,24.0096,0.22649661764061127
8,9,Clock,9,13,0,0,25.01049,0.22822074147421492
8,9,Clock,9,13,0,0,26.01068,0.2299528690869198
8,9,Clock,9,13,0,0,27.01039,0.23169336070832094
8,9,Clock,9,13,0,0,28.01047,0.23344368161859314
8,9,Clock,9,13,0,0,29.01056,0.2352031941951116
8,9,Clock,9,13,0,0,30.01037,0.2369713750876202
8,9,Clock,9,13,0,0,31.01037,0.2387490355316399
8,9,Clock,9,13,0,0,32.01043,0.24053593337512869
8,9,Clock,9,13,0,0,33.01025,0.24233151848538706
8,9,Clock,9,13,0,0,34.01165,0.24413905651547815
8,9,Clock,9,13,0,0,35.01178,0.2459533900123406
8,9,Clock,9,13,0,0,36.01152,0.24777607575045532
8,9,Clock,9,13,0,0,37.01201,0.24960917086421772
8,9,Clock,9,13,0,0,38.01177,0.25144994942934945
8,9,Clock,9,13,0,0,39.01201,0.2533006121825078
8,9,Clock,9,13,0,0,40.01328,0.25516217231482924
8,9,Clock,9,13,0,0,41.01098,0.25702601782838586
8,9,Clock,9,13,0,0,42.01181,0.25890463821807214
8,9,Clock,9,13,0,0,43.011,0.26078906899046184
8,9,Clock,9,13,0,0,44.01217,0.2626861069023948
8,9,Clock,9,13,0,0,45.01147,0.2645884456159695
8,9,Clock,9,13,0,0,46.01141,0.2665008025018394
8,9,Clock,9,13,0,0,47.01147,0.26842217140326446
8,9,Clock,9,13,0,0,48.011,0.27035126128287673
8,9,Clock,9,13,0,0,49.01306,0.27229396929243543
8,9,Clock,9,13,0,0,50.01255,0.2742403722136884
8,9,Clock,9,13,0,0,51.0136,0.2761984662496273
8,9,Clock,9,13,0,0,52.01255,0.2781610516724967
8,9,Clock,9,13,0,0,53.01245,0.28013406363956583
8,9,Clock,9,13,0,0,54.01316,0.28211720686146957
8,9,Clock,9,13,0,0,55.01288,0.2841068702968912
8,9,Clock,9,13,0,0,56.01094,0.2861016577110905
8,9,Clock,9,13,0,0,57.01193,0.28811069910754056
8,9,Clock,9,13,0,0,58.01228,0.29012682827214986
8,9,Clock,9,13,0,0,59.01311,0.292152250606383
8,9,Clock,9,13,0,0,60.01287,0.2941837703316203
8,9,Clock,9,13,0,0,61.01322,0.29622471356037533
8,9,Clock,9,13,0,0,62.00483,0.29825588745571213
8,9,Clock,9,13,0,0,63.00399,0.3003106089357549
8,9,Clock,9,13,0,0,64.01481,0.3023975011291454
8,9,Clock,9,13,0,0,65.01499,0.3044704983648721
8,9,Clock,9,13,0,0,66.00488,0.3065300078354843
8,9,Clock,9,13,0,0,67.01431,0.30863814936105743
8,9,Clock,9,13,0,0,68.01569,0.3107373872199389
8,9,Clock,9,13,0,0,69.01431,0.3128386203083009
8,9,Clock,9,13,0,0,70.00444,0.31492960436369516
8,9,Clock,9,13,0,0,71.01484,0.31707115838944017
8,9,Clock,9,13,0,0,72.01485,0.31919834570935834
8,9,Clock,9,13,0,0,73.01538,0.32133421497413955
8,9,Clock,9,13,0,0,74.01483,0.32347526056627385
8,9,Clock,9,13,0,0,75.01283,0.3256206057690175
8,9,Clock,9,13,0,0,76.01294,0.32777783544010825
8,9,Clock,9,13,0,0,77.0144,0.3299452920773035
8,9,Clock,9,13,0,0,78.01477,0.3321176435598407
8,9,Clock,9,13,0,0,79.01405,0.33429478113039524
8,9,Clock,9,13,0,0,80.01414,0.33648075421408985
8,9,Clock,9,13,0,0,81.01292,0.3386708840648715
8,9,Clock,9,13,0,0,82.01397,0.34087295503761694
8,9,Clock,9,13,0,0,83.01512,0.34308213540645
8,9,Clock,9,13,0,0,84.00425,0.34527147830490057
8,9,Clock,9,13,0,0,85.0048,0.3474927963786017
8,9,Clock,9,13,0,0,86.00455,0.3497189854771142
8,9,Clock,9,13,0,0,87.00511,0.35195356967667607
8,9,Clock,9,13,0,0,88.01478,0.3542150711934295
8,9,Clock,9,13,0,0,89.01393,0.35645946085749597
8,9,Clock,9,13,0,0,90.00504,0.3586920330722428
8,9,Clock,9,13,0,0,91.00574,0.3609524205098031
8,9,Clock,9,13,0,0,92.01431,0.36323685977772824
8,9,Clock,9,13,0,0,93.01505,0.3655096682790929
8,9,Clock,9,13,0,0,94.00507,0.36776404317218214
8,9,Clock,9,13,0,0,95.00547,0.3700479319186344
8,9,Clock,9,13,0,0,96.00397,0.3723332975841822
8,9,Clock,9,13,0,0,97.00613,0.3746327971374031
8,9,Clock,9,13,0,0,98.00716,0.3769353692146152
8,9,Clock,9,13,0,0,99.00568,0.37923771655589095
8,9,Clock,9,13,0,0,100.0066,0.3815510760725706
8,9,Clock,9,13,0,0,101.0064,0.3838672196733126
8,9,Clock,9,13,0,0,102.0046,0.38618491922795206
8,9,Clock,9,13,0,0,103.0056,0.38851431156433724
8,9,Clock,9,13,0,0,104.0057,0.3908467058372359
8,9,Clock,9,13,0,0,105.0069,0.3931866693256708
8,9,Clock,9,13,0,0,106.0045,0.3955231208597116
8,9,Clock,9,13,0,0,107.0059,0.3978732610066983
8,9,Clock,9,13,0,0,108.0047,0.4002220135779776
8,9,Clock,9,13,0,0,109.0066,0.4025826666275358
8,9,Clock,9,13,0,0,110.0056,0.40494099222855756
8,9,Clock,9,13,0,0,111.0052,0.40730514093134595
8,9,Clock,9,13,0,0,112.0055,0.4096752361606408
8,9,Clock,9,13,0,0,113.0053,0.41204835673911616
8,9,Clock,9,13,0,0,114.0057,0.41442698958251145
8,9,Clock,9,13,0,0,115.0057,0.4168086736505829
8,9,Clock,9,13,0,0,116.006,0.4191949570981732
8,9,Clock,9,13,0,0,117.0064,0.4215852817278772
8,9,Clock,9,13,0,0,118.0063,0.42397808077246374
8,9,Clock,9,13,0,0,119.0068,0.42637587688181405
8,9,Clock,9,13,0,0,120.0069,0.42877618656780975
8,9,Clock,9,13,0,0,121.0075,0.4311810628198794
8,9,Clock,9,13,0,0,122.0072,0.43358702093607165
8,9,Clock,9,13,0,0,123.0058,0.43599344631641435
8,9,Clock,9,13,0,0,124.0076,0.4384106264005042
8,9,Clock,9,13,0,0,125.007,0.4408249425300297
8,9,Clock,9,13,0,0,126.0072,0.4432439806263242
8,9,Clock,9,13,0,0,127.0068,0.4456642532455967
8,9,Clock,9,13,0,0,128.0076,0.4480900286157575
8,9,Clock,9,13,0,0,129.0074,0.45051585062932453
8,9,Clock,9,13,0,0,130.0071,0.45294376799965885
8,9,Clock,9,13,1,3,131.0081,0.4553771177430645
8,9,Clock,9,13,1,3,132.0073,0.45780818033829557
8,9,Clock,9,13,1,3,133.0062,0.4602405475122378
8,9,Clock,9,13,1,3,134.0074,0.4626804270027008
8,9,Clock,9,13,1,3,135.0069,0.46511792586433875
8,9,Clock,9,13,1,3,136.0064,0.46755709196156436
8,9,Clock,9,13,1,3,137.0067,0.4699997851731661
8,9,Clock,9,13,1,3,138.0067,0.4724431705655877
8,9,Clock,9,13,1,3,139.007,0.47488862307986424
8,9,Clock,9,13,1,3,140.0062,0.4773325554949339
8,9,Clock,9,13,1,3,141.0073,0.4797822419693477
8,9,Clock,9,13,1,3,142.0084,0.48223293838746434
8,9,Clock,9,13,1,3,143.008,0.484680752643018
8,9,Clock,9,13,1,3,144.0094,0.4871337506239391
8,9,Clock,9,13,1,3,145.0076,0.4895795164404698
8,9,Clock,9,13,1,3,146.0077,0.49203045593792316
8,9,Clock,9,13,1,3,147.0074,0.4944807687149857
8,9,Clock,9,13,1,3,148.0075,0.4969323566078892
8,9,Clock,9,13,1,3,149.0084,0.4993860371807473
8,9,Clock,9,13,1,3,150.0068,0.5018336126434513
8,9,Clock,9,13,1,3,151.0084,0.5042889551463794
8,9,Clock,9,13,1,3,152.009,0.5067416223770572
8,9,Clock,9,13,1,3,153.0098,0.5091944512815794
8,9,Clock,9,13,1,3,154.0073,0.5116387620259404
8,9,Clock,9,13,0,0,155.0084,0.5140913747403986
8,9,Clock,9,13,0,0,156.0078,0.5165390866156275
8,9,Clock,9,13,0,0,157.008,0.5189879848729843
8,9,Clock,9,13,0,0,158.0095,0.5214391822681027
8,9,Clock,9,13,0,0,159.0101,0.5238871083807157
8,9,Clock,9,13,0,0,160.0103,0.5263329174069427
8,9,Clock,9,13,0,0,161.0102,0.5287767177326057
8,9,Clock,9,13,0,0,162.0098,0.5312184314297633
8,9,Clock,9,13,0,0,163.0103,0.5336608482453077
8,9,Clock,9,13,0,0,164.0104,0.5361006848949108
8,9,Clock,9,13,0,0,165.0098,0.5385370468672714
8,9,Clock,9,13,0,0,166.0106,0.5409750247885973
8,9,Clock,9,13,0,0,167.0094,0.5434061422351921
8,9,Clock,9,13,0,0,168.0101,0.545839830086773
8,9,Clock,9,13,0,0,169.0095,0.5482681795125842
8,9,Clock,9,13,0,0,170.0094,0.5506954173600699
8,9,Clock,9,13,0,0,171.0103,0.5531226844196642
8,9,Clock,9,13,0,0,172.0116,0.5555483822815555
8,9,Clock,9,13,0,0,173.0117,0.5579685570425031
8,9,Clock,9,13,0,0,174.0113,0.5603847652058418
8,9,Clock,9,13,0,0,175.0105,0.562797120712441
8,9,Clock,9,13,0,0,176.0114,0.5652106277907938
8,9,Clock,9,13,0,0,177.011,0.5676179259661195
8,9,Clock,9,13,0,0,178.0101,0.5700208249343723
8,9,Clock,9,13,0,0,179.0093,0.5724206491007889
8,9,Clock,9,13,0,0,180.0106,0.5748221531046273
8,9,Clock,9,13,0,0,181.0108,0.5772174655019813
8,9,Clock,9,13,0,0,182.0097,0.5796060535003378
8,9,Clock,9,13,0,0,183.0091,0.581992084204001
8,9,Clock,9,13,0,0,184.0103,0.5843786082131635
8,9,Clock,9,13,0,0,185.0096,0.5867566463441508
8,9,Clock,9,13,0,0,186.01,0.5891332523219975
8,9,Clock,9,13,0,0,187.0108,0.5915066819589019
8,9,Clock,9,13,0,0,188.0104,0.5938730015713486
8,9,Clock,9,13,0,0,189.0116,0.5962387166633051
8,9,Clock,9,13,0,0,190.0116,0.5985971612528592
8,9,Clock,9,13,0,0,191.0115,0.6009508344738964
8,9,Clock,9,13,0,0,192.0119,0.6033009987628533
8,9,Clock,9,13,0,0,193.0109,0.6056431168947415
8,9,Clock,9,13,0,0,194.0107,0.6079822824790694
8,9,Clock,9,13,0,0,195.01,0.6103153261912729
8,9,Clock,9,13,0,0,196.0102,0.6126454263610107
8,9,Clock,9,13,0,0,197.0122,0.6149745996222834
8,9,Clock,9,13,0,0,198.0116,0.6172924363119299
8,9,Clock,9,13,0,0,199.0125,0.6196084419688525
8,9,Clock,9,13,0,0,200.0115,0.6219146536329316
8,9,Clock,9,13,0,0,201.0117,0.6242181008978647
8,9,Clock,9,13,0,0,202.0122,0.626516642560833
8,9,Clock,9,13,0,0,203.0135,0.628811301272018
8,9,Clock,9,13,0,0,204.0123,0.6310944499162677
8,9,Clock,9,13,0,0,205.0133,0.6333767812266253
8,9,Clock,9,13,0,0,206.013,0.6356501640476807
8,9,Clock,9,13,0,0,207.0117,0.6379152622546371
8,9,Clock,9,13,0,0,208.0125,0.6401789720322864
8,9,Clock,9,13,0,0,209.0119,0.6424333342751399
8,9,Clock,9,13,0,0,210.0124,0.6446838795113979
8,9,Clock,9,13,0,0,211.013,0.6469282496581618
8,9,Clock,9,13,0,0,212.0144,0.6491679641332113
8,9,Clock,9,13,0,0,213.0136,0.6513962000630926
8,9,Clock,9,13,0,0,214.0147,0.6536220696185208
8,9,Clock,9,13,0,0,215.0134,0.6558359333530842
8,9,Clock,9,13,0,0,216.0129,0.6580448008756583
8,9,Clock,9,13,0,0,217.0129,0.6602479435386134
8,9,Clock,9,13,0,0,218.0129,0.6624441730884958
8,9,Clock,9,13,0,0,219.0129,0.6646334169194938
8,9,Clock,9,13,0,0,220.0126,0.6668149719330533
8,9,Clock,9,13,0,0,221.0129,0.6689906626609186
8,9,Clock,9,13,0,0,222.0122,0.6711570389676752
8,9,Clock,9,13,0,0,223.0122,0.6733176415747147
8,9,Clock,9,13,0,0,224.0124,0.6754713389498277
8,9,Clock,9,13,0,0,225.0121,0.6776165573419626
8,9,Clock,9,13,0,0,226.0132,0.6797573149855215
8,9,Clock,9,13,0,0,227.0143,0.6818905306430099
8,9,Clock,9,13,0,0,228.0146,0.6840144601544154
8,9,Clock,9,13,0,0,229.014,0.6861288349581532
8,9,Clock,9,13,0,0,230.0146,0.688238014411785
8,9,Clock,9,13,0,0,231.0143,0.6903375299230402
8,9,Clock,9,13,0,0,232.0145,0.6924302767560424
8,9,Clock,9,13,0,0,233.0145,0.6945147263275754
8,9,Clock,9,13,0,0,234.0137,0.6965895947941306
8,9,Clock,9,13,0,0,235.0139,0.6986585329471986
8,9,Clock,9,13,0,0,236.0044,0.7006994671179652
8,9,Clock,9,13,0,0,237.0162,0.7027761244088003
8,9,Clock,9,13,0,0,238.0152,0.7048182938066155
8,9,Clock,9,13,0,0,239.0044,0.7068323792285138
8,9,Clock,9,13,0,0,240.0048,0.7088610964125436
8,9,Clock,9,13,0,0,241.0044,0.7108798565366398
8,9,Clock,9,13,0,0,242.0045,0.71289132947265
8,9,Clock,9,13,0,0,243.0043,0.7148938107399614
8,9,Clock,9,13,0,0,244.0162,0.7169119536190196
8,9,Clock,9,13,0,0,245.0155,0.718896452122362
8,9,Clock,9,13,0,0,246.0154,0.7208736296007191
8,9,Clock,9,13,0,0,247.0153,0.7228422918189726
8,9,Clock,9,13,0,0,248.0145,0.7248009670621278
8,9,Clock,9,13,0,0,249.0152,0.7267539745356084
8,9,Clock,9,13,0,0,250.0147,0.7286959731065119
8,9,Clock,9,13,0,0,251.0159,0.7306325835441831
8,9,Clock,9,13,0,0,252.0157,0.7325577467068525
8,9,Clock,9,13,0,0,253.0046,0.7344532862862239
8,9,Clock,9,13,0,0,254.0047,0.7363615771040369
8,9,Clock,9,13,0,0,255.0051,0.7382615908842908
8,9,Clock,9,13,0,0,256.0152,0.7401710456150743
8,9,Clock,9,13,0,0,257.0048,0.7420329442978149
8,9,Clock,9,13,0,0,258.0048,0.7439055588890042
8,9,Clock,9,13,0,0,259.0142,0.7457867122872227
8,9,Clock,9,13,0,0,260.0155,0.7476437728277812
8,9,Clock,9,13,0,0,261.0048,0.7494696859402326
8,9,Clock,9,13,0,0,262.0058,0.751308254391388
8,9,Clock,9,13,0,0,263.0071,0.7531383307743179
8,9,Clock,9,13,0,0,264.0063,0.7549554570091944
8,9,Clock,9,13,0,0,265.0065,0.7567654002948605
8,9,Clock,9,13,0,0,266.0061,0.7585651541221684
8,9,Clock,9,13,0,0,267.0054,0.7603552628567438
8,9,Clock,9,13,0,0,268.0065,0.7621394616016894
8,9,Clock,9,13,0,0,269.0069,0.7639132598334077
8,9,Clock,9,13,0,0,270.006,0.7656756421865385
8,9,Clock,9,13,0,0,271.0046,0.7674279657400828
8,9,Clock,9,13,0,0,272.0052,0.7691745891834564
8,9,Clock,9,13,0,0,273.0052,0.7709110069301126
8,9,Clock,9,13,0,0,274.0054,0.7726385913670185
8,9,Clock,9,13,0,0,275.0052,0.7743562290861404
8,9,Clock,9,13,0,0,276.0056,0.7760657436989948
8,9,Clock,9,13,0,0,277.0053,0.7777647823295689
8,9,Clock,9,13,0,0,278.0059,0.7794560852545965
8,9,Clock,9,13,0,0,279.0058,0.7811370131329143
8,9,Clock,9,13,0,0,280.0075,0.7828117011721852
8,9,Clock,9,13,0,0,281.0063,0.7844722532085475
8,9,Clock,9,13,0,0,282.006,0.7861251377180486
8,9,Clock,9,13,0,0,283.005,0.7877675748206125
8,9,Clock,9,13,0,0,284.0056,0.7894034146700116
8,9,Clock,9,13,0,0,285.0061,0.7910297926514851
8,9,Clock,9,13,0,0,286.0067,0.792647106473906
8,9,Clock,9,13,0,0,287.0079,0.7942560880017394
8,9,Clock,9,13,0,0,288.0077,0.7958535634030544
8,9,Clock,9,13,0,0,289.006,0.7974394783595965
8,9,Clock,9,13,0,0,290.0072,0.7990207018004836
8,9,Clock,9,13,0,0,291.0072,0.8005908052778978
8,9,Clock,9,13,0,0,292.0069,0.8021512050004515
8,9,Clock,9,13,0,0,293.0074,0.8037036157878732
8,9,Clock,9,13,0,0,294.0071,0.8052456297766069
8,9,Clock,9,13,0,0,295.0074,0.806779282335269
8,9,Clock,9,13,0,0,296.0071,0.808302898121908
8,9,Clock,9,13,0,0,297.0076,0.809818484009295
8,9,Clock,9,13,0,0,298.0078,0.8113244721233426
8,9,Clock,9,13,0,0,299.007,0.8128197431780123
8,9,Clock,9,13,0,0,300.0064,0.8143062383183813
8,9,Clock,9,13,0,0,301.0068,0.8157850430247785
8,9,RF time only,8,12,0,0,0.0110377,0.0
8,9,RF time only,8,12,0,0,1.010147,0.0
8,9,RF time only,8,12,0,0,2.016094,0.0
8,9,RF time only,8,12,0,0,3.009745,0.0
8,9,RF time only,8,12,1,1,4.01616,0.0
8,9,RF time only,8,12,1,1,5.009424,0.0
8,9,RF time only,8,12,1,1,6.01379,0.0
8,9,RF time only,8,12,1,1,7.008862,0.0018946809317854163
8,9,RF time only,8,12,1,1,8.014355,0.0029203174845171503
8,9,RF time only,8,12,1,1,9.019238,0.023179129015345325
8,9,RF time only,8,12,1,1,10.01213,0.012186493761321986
8,9,RF time only,8,12,1,1,11.0166,0.027272806029000205
8,9,RF time only,8,12,1,1,12.01287,0.0
8,9,RF time only,8,12,1,1,13.01876,0.029654949263455518
8,9,RF time only,8,12,1,1,14.01381,0.03647113936333739
8,9,RF time only,8,12,1,1,15.01681,0.04059995651371531
8,9,RF time only,8,12,1,1,16.01281,0.03222554097444143
8,9,RF time only,8,12,1,1,17.01839,0.0
8,9,RF time only,8,12,1,1,18.01066,0.0
8,9,RF time only,8,12,1,1,19.01831,0.004023191054442708
8,9,RF time only,8,12,1,1,20.01064,0.019847527650403478
8,9,RF time only,8,12,1,1,21.0165,0.014093479863582316
8,9,RF time only,8,12,1,1,22.01155,0.34965761291112984
8,9,RF time only,8,12,1,1,23.01568,0.05373964184429446
8,9,RF time only,8,12,1,1,24.0096,0.0
8,9,RF time only,8,12,1,1,25.01568,0.34773948687927253
8,9,RF time only,8,12,1,1,26.00962,0.006935138441914246
8,9,RF time only,8,12,1,1,27.01536,0.34875017082533805
8,9,RF time only,8,12,1,1,28.0098,0.6691842403036155
8,9,RF time only,8,12,1,1,29.01463,0.0259472045710675
8,9,RF time only,8,12,1,1,30.0086,0.3799954932404418
8,9,RF time only,8,12,1,1,31.01355,0.0
8,9,RF time only,8,12,1,1,32.01867,0.1862438239837148
8,9,RF time only,8,12,1,1,33.01118,0.020120089301733077
8,9,RF time only,8,12,1,1,34.01851,0.05265380619205217
8,9,RF time only,8,12,1,1,35.01208,0.16175951220766543
8,9,RF time only,8,12,1,1,36.01853,0.15283607746918404
8,9,RF time only,8,12,1,1,37.01241,0.3480252532047537
8,9,RF time only,8,12,1,1,38.01729,0.2416965922717531
8,9,RF time only,8,12,1,1,39.01123,0.2055433469862129
8,9,RF time only,8,12,1,1,40.0166,0.0024231447269917167
8,9,RF time only,8,12,1,1,41.00916,0.026633461106752007
8,9,RF time only,8,12,1,1,42.01604,0.38024720446243837
8,9,RF time only,8,12,1,1,43.00914,0.07756723990238217
8,9,RF time only,8,12,1,1,44.01637,0.3459392113680196
8,9,RF time only,8,12,1,1,45.01945,0.3940773826548954
8,9,RF time only,8,12,1,1,46.01505,0.059277997409414716
8,9,RF time only,8,12,1,1,47.0084,0.28679617400164076
8,9,RF time only,8,12,1,1,48.01484,0.0
8,9,RF time only,8,12,1,1,49.00824,0.030515159259955748
8,9,RF time only,8,12,1,1,50.01454,0.0
8,9,RF time only,8,12,1,1,51.01845,0.13624699465506065
8,9,RF time only,8,12,1,1,52.01202,0.0023654966465951927
8,9,RF time only,8,12,1,1,53.01875,0.1629950745069942
8,9,RF time only,8,12,1,1,54.01386,0.0
8,9,RF time only,8,12,1,1,55.01745,0.006124309807360327
8,9,RF time only,8,12,1,1,56.01162,0.01091017313511533
8,9,RF time only,8,12,1,1,57.01839,0.015685592387869266
8,9,RF time only,8,12,1,1,58.01215,0.0
8,9,RF time only,8,12,1,1,59.01632,0.25053554711455484
8,9,RF time only,8,12,1,1,60.01164,0.18086703209044225
8,9,RF time only,8,12,1,1,61.01605,0.0033333333333333335
8,9,RF time only,8,12,1,1,62.01088,0.08689369448304853
8,9,RF time only,8,12,1,1,63.01574,0.0018734350102435693
8,9,RF time only,8,12,1,1,64.0106,0.10032794789361348
8,9,RF time only,8,12,1,1,65.01489,0.0
8,9,RF time only,8,12,1,1,66.00845,0.06433205362105769
8,9,RF time only,8,12,1,1,67.01373,0.2144398368804587
8,9,RF time only,8,12,1,1,68.01971,0.5312174414234722
8,9,RF time only,8,12,1,1,69.01488,0.16037903115359795
8,9,RF time only,8,12,1,1,70.01777,0.6095041322394804
8,9,RF time only,8,12,1,1,71.01369,0.07066031207590806
8,9,RF time only,8,12,1,1,72.01964,0.622856015970713
8,9,RF time only,8,12,1,1,73.01192,0.0537551956904281
8,9,RF time only,8,12,1,1,74.01961,0.3460696452721753
8,9,RF time only,8,12,1,1,75.01247,0.3952732129869185
8,9,RF time only,8,12,1,1,76.01733,0.6484877822762632
8,9,RF time only,8,12,1,1,77.01091,0.16524696548724982
8,9,RF time only,8,12,1,1,78.01698,0.00875190710119228
8,9,RF time only,8,12,1,1,79.01109,0.23823503122220263
8,9,RF time only,8,12,1,1,80.01685,0.12331576372636233
8,9,RF time only,8,12,1,1,81.01129,0.34191888886702915
8,9,RF time only,8,12,1,1,82.0164,0.340414163017623
8,9,RF time only,8,12,1,1,83.00986,0.3475345401712527
8,9,RF time only,8,12,1,1,84.01507,0.26169139767984184
8,9,RF time only,8,12,1,1,85.0094,0.046324954420548146
8,9,RF time only,8,12,1,1,86.01546,0.22336871750165457
8,9,RF time only,8,12,1,1,87.00921,0.43165631179469527
8,9,RF time only,8,12,1,1,88.01216,0.02380397010919357
8,9,RF time only,8,12,1,1,89.00884,0.029856589206042443
8,9,RF time only,8,12,1,1,90.01527,0.2963322253355958
8,9,RF time only,8,12,1,1,91.01823,0.33288746565595395
8,9,RF time only,8,12,1,1,92.01326,0.07517316785390306
8,9,RF time only,8,12,1,1,93.0173,0.2522557078133831
8,9,RF time only,8,12,1,1,94.012,0.3131129913406351
8,9,RF time only,8,12,1,1,95.01615,0.3846898006883678
8,9,RF time only,8,12,1,1,96.01204,0.5129763495127647
8,9,RF time only,8,12,1,1,97.01764,0.18552389200573427
8,9,RF time only,8,12,1,1,98.0108,0.5453249051851216
8,9,RF time only,8,12,1,1,99.01787,0.37692280330613764
8,9,RF time only,8,12,1,1,100.0112,0.304560067878589
8,9,RF time only,8,12,1,1,101.0159,0.48368264317933646
8,9,RF time only,8,12,1,1,102.0096,0.08834786143400385
8,9,RF time only,8,12,1,1,103.0159,0.5027578428181538
8,9,RF time only,8,12,1,1,104.0102,0.8671764098859668
8,9,RF time only,8,12,1,1,105.0157,0.5647662417863505
8,9,RF time only,8,12,1,1,106.0086,0.2995612919421784
8,9,RF time only,8,12,1,1,107.0142,0.3233695017917479
8,9,RF time only,8,12,1,1,108.009,0.27671540435750513
8,9,RF time only,8,12,1,1,109.0137,0.5158934823674625
8,9,RF time only,8,12,1,1,110.0089,0.4563959983181574
8,9,RF time only,8,12,1,1,111.0139,0.47450332910522397
8,9,RF time only,8,12,1,1,112.0085,0.92693926912825
8,9,RF time only,8,12,1,1,113.0106,0.5452863892130118
8,9,RF time only,8,12,1,1,114.017,0.3150259700531035
8,9,RF time only,8,12,1,1,115.0134,0.32604973712058927
8,9,RF time only,8,12,1,1,116.0167,0.6065447757173068
8,9,RF time only,8,12,1,1,117.0123,0.22684632991485737
8,9,RF time only,8,12,1,1,118.0174,0.8172861918068302
8,9,RF time only,8,12,1,1,119.0114,0.11992776544327903
8,9,RF time only,8,12,1,1,120.0172,0.4189938964079233
8,9,RF time only,8,12,1,1,121.0105,0.4770971779939613
8,9,RF time only,8,12,1,1,122.0162,0.5971476804676101
8,9,RF time only,8,12,1,1,123.0094,0.21458083316000734
8,9,RF time only,8,12,1,1,124.015,0.7928919695996354
8,9,RF time only,8,12,1,1,125.0093,0.7028348045292214
8,9,RF time only,8,12,1,1,126.0151,0.1419886831202014
8,9,RF time only,8,12,1,1,127.0096,0.5053974524793712
8,9,RF time only,8,12,1,1,128.0141,0.627334704368767
8,9,RF time only,8,12,1,1,129.0185,0.8496621304384695
8,9,RF time only,8,12,1,1,130.014,0.27661714692790634
8,9,RF time only,8,12,1,1,131.0189,0.815004323184762
8,9,RF time only,8,12,1,1,132.0128,0.6057683262675896
8,9,RF time only,8,12,1,1,133.019,0.7118324881527425
8,9,RF time only,8,12,1,1,134.0107,0.7095594553560682
8,9,RF time only,8,12,1,1,135.0182,0.40874048637185584
8,9,RF time only,8,12,1,1,136.0107,0.5214030193367425
8,9,RF time only,8,12,1,1,137.0173,0.5116938704683947
8,9,RF time only,8,12,1,1,138.0118,0.237770716993437
8,9,RF time only,8,12,1,1,139.0185,0.3014274892769617
8,9,RF time only,8,12,1,1,140.011,0.4224358502614884
8,9,RF time only,8,12,1,1,141.0155,0.7482776134647727
8,9,RF time only,8,12,1,1,142.0092,0.23871665447256807
8,9,RF time only,8,12,1,1,143.0148,0.7409434079555285
8,9,RF time only,8,12,1,1,144.0097,0.024297501294353135
8,9,RF time only,8,12,1,1,145.0158,0.4515296468410393
8,9,RF time only,8,12,1,1,146.009,0.5894046181371295
8,9,RF time only,8,12,1,1,147.0147,0.41098303387665847
8,9,RF time only,8,12,1,1,148.0176,0.711498931746045
8,9,RF time only,8,12,1,1,149.0135,0.7909742063743778
8,9,RF time only,8,12,1,1,150.0089,0.46903050311325484
8,9,RF time only,8,12,1,1,151.0133,0.6071768595796132
8,9,RF time only,8,12,1,1,152.0182,0.9273091712354337
8,9,RF time only,8,12,1,1,153.0136,0.36872786913917194
8,9,RF time only,8,12,1,1,154.0181,0.7594209760857041
8,9,RF time only,8,12,1,1,155.0128,0.7338761861793756
8,9,RF time only,8,12,1,1,156.0166,0.8053435121467846
8,9,RF time only,8,12,1,1,157.0118,0.5753675359222562
8,9,RF time only,8,12,1,1,158.0165,0.7171106269823704
8,9,RF time only,8,12,1,1,159.0093,0.08011785569860115
8,9,RF time only,8,12,1,1,160.0144,0.8062475077789625
8,9,RF time only,8,12,1,1,161.0088,0.7904567066127187
8,9,RF time only,8,12,1,1,162.0157,0.5858062247982704
8,9,RF time only,8,12,1,1,163.0096,0.2031099261007062
8,9,RF time only,8,12,1,1,164.0156,0.6048776921884158
8,9,RF time only,8,12,1,1,165.0181,0.7779044583616385
8,9,RF time only,8,12,1,1,166.015,0.7415236127542899
8,9,RF time only,8,12,1,1,167.0088,0.23391060929462612
8,9,RF time only,8,12,1,1,168.0134,0.769366523042355
8,9,RF time only,8,12,1,1,169.0189,0.7539141817547931
8,9,RF time only,8,12,1,1,170.0132,0.3615228717662015
8,9,RF time only,8,12,1,1,171.0085,0.9459431700041055
8,9,RF time only,8,12,1,1,172.0134,0.773267505131275
8,9,RF time only,8,12,1,1,173.0177,0.6963734570707912
8,9,RF time only,8,12,1,1,174.0111,0.7510233961838886
8,9,RF time only,8,12,1,1,175.0181,0.8035469659781895
8,9,RF time only,8,12,1,1,176.0109,0.913646229579358
8,9,RF time only,8,12,1,1,177.017,0.8749425657724272
8,9,RF time only,8,12,1,1,178.011,0.19816046651379096
8,9,RF time only,8,12,1,1,179.0166,0.6631071627862059
8,9,RF time only,8,12,1,1,180.0093,0.6859776284664183
8,9,RF time only,8,12,1,1,181.0153,0.740107825037509
8,9,RF time only,8,12,1,1,182.0092,0.18575926070490278
8,9,RF time only,8,12,1,1,183.0143,0.5344478796919889
8,9,RF time only,8,12,1,1,184.0083,0.4963239901550869
8,9,RF time only,8,12,1,1,185.0125,0.7610431157749331
8,9,RF time only,8,12,1,1,186.0095,0.2982068333649005
8,9,RF time only,8,12,1,1,187.0145,0.5638789574090273
8,9,RF time only,8,12,1,1,188.0086,0.40376906422586845
8,9,RF time only,8,12,1,1,189.0136,0.8051803051640201
8,9,RF time only,8,12,1,1,190.0171,0.5750768124517536
8,9,RF time only,8,12,1,1,191.013,0.5944918168755416
8,9,RF time only,8,12,1,1,192.0174,0.7464379306306583
8,9,RF time only,8,12,1,1,193.0106,0.9124085954464057
8,9,RF time only,8,12,1,1,194.0183,0.9438462882001714
8,9,RF time only,8,12,1,1,195.011,0.7491551863351363
8,9,RF time only,8,12,1,1,196.0152,0.5421493294633044
8,9,RF time only,8,12,1,1,197.0104,0.7059447184732079
8,9,RF time only,8,12,1,1,198.0171,0.9085728567753841
8,9,RF time only,8,12,1,1,199.0101,0.56299941411298
8,9,RF time only,8,12,1,1,200.0164,0.7048494822279472
8,9,RF time only,8,12,1,1,201.0086,0.21651443256883965
8,9,RF time only,8,12,1,1,202.0159,0.5895875622596924
8,9,RF time only,8,12,1,1,203.0097,0.7258441985057105
8,9,RF time only,8,12,1,1,204.015,0.5739169298131439
8,9,RF time only,8,12,1,1,205.0092,0.8047812823357523
8,9,RF time only,8,12,1,1,206.0141,0.9742602917568061
8,9,RF time only,8,12,1,1,207.008,0.9085771639180759
8,9,RF time only,8,12,1,1,208.0141,0.42551044450010406
8,9,RF time only,8,12,1,1,209.0079,0.8643342107642489
8,9,RF time only,8,12,1,1,210.0141,0.7004118060611508
8,9,RF time only,8,12,1,1,211.0173,0.8319929873586656
8,9,RF time only,8,12,1,1,212.0122,0.8788359118133392
8,9,RF time only,8,12,1,1,213.0178,0.59315670654155
8,9,RF time only,8,12,1,1,214.0104,0.21732980226469484
8,9,RF time only,8,12,1,1,215.0173,0.8614945604660691
8,9,RF time only,8,12,1,1,216.0121,0.6975335771932297
8,9,RF time only,8,12,1,1,217.016,0.46234693667645627
8,9,RF time only,8,12,1,1,218.0118,0.8953331325406477
8,9,RF time only,8,12,1,1,219.017,0.37935393955203606
8,9,RF time only,8,12,1,1,220.0112,0.9932480420853227
8,9,RF time only,8,12,1,1,221.0145,0.8911532300816126
8,9,RF time only,8,12,1,1,222.0105,0.7110763712780201
8,9,RF time only,8,12,1,1,223.0154,0.9770256964409512
8,9,RF time only,8,12,1,1,224.0105,0.4792000921958471
8,9,RF time only,8,12,1,1,225.0148,0.8656707858118861
8,9,RF time only,8,12,1,1,226.0095,0.74929000637438
8,9,RF time only,8,12,1,1,227.0143,0.5709328337379461
8,9,RF time only,8,12,1,1,228.0086,0.8167546145600167
8,9,RF time only,8,12,1,1,229.0141,0.6640154326269126
8,9,RF time only,8,12,1,1,230.0186,0.4618611281127738
8,9,RF time only,8,12,1,1,231.0125,0.7235667048441515
8,9,RF time only,8,12,1,1,232.0178,0.41979155876168905
8,9,RF time only,8,12,1,1,233.0099,0.6096238546977663
8,9,RF time only,8,12,1,1,234.0176,0.19509824530436123
8,9,RF time only,8,12,1,1,235.0116,0.21118759331759315
8,9,RF time only,8,12,1,1,236.0172,0.39096170855718476
8,9,RF time only,8,12,1,1,237.0101,0.9328321731158883
8,9,RF time only,8,12,1,1,238.0155,0.41713983270912974
8,9,RF time only,8,12,1,1,239.008,0.5967355480479104
8,9,RF time only,8,12,1,1,240.0153,0.42793703766030927
8,9,RF time only,8,12,1,1,241.0105,0.6934757720239625
8,9,RF time only,8,12,1,1,242.0131,0.7791664471739587
8,9,RF time only,8,12,1,1,243.0095,0.7956063365233358
8,9,RF time only,8,12,1,1,244.014,0.9818382829802239
8,9,RF time only,8,12,1,1,245.0085,0.5466953031314632
8,9,RF time only,8,12,1,1,246.0148,0.9793153759529529
8,9,RF time only,8,12,1,1,247.009,0.9915772864697726
8,9,RF time only,8,12,1,1,248.0144,0.8210953374269225
8,9,RF time only,8,12,1,1,249.0175,0.35624765284622634
8,9,RF time only,8,12,1,1,250.0134,0.6448083359123606
8,9,RF time only,8,12,1,1,251.0181,0.8236989631876007
8,9,RF time only,8,12,1,1,252.0121,0.9428987534743323
8,9,RF time only,8,12,1,1,253.0182,0.8949144026931869
8,9,RF time only,8,12,1,1,254.0107,0.9404114747670341
8,9,RF time only,8,12,1,1,255.0149,0.9496514622295509
8,9,RF time only,8,12,1,1,256.0111,0.963908103315058
8,9,RF time only,8,12,1,1,257.0152,0.9190905130837732
8,9,RF time only,8,12,1,1,258.0106,0.8767961215033963
8,9,RF time only,8,12,1,1,259.0168,0.988059571709738
8,9,RF time only,8,12,1,1,260.0113,0.8134512887743324
8,9,RF time only,8,12,1,1,261.0168,0.9810349093489468
8,9,RF time only,8,12,1,1,262.0091,0.5104688466529934
8,9,RF time only,8,12,1,1,263.015,0.9200575392964195
8,9,RF time only,8,12,1,1,264.0086,0.6950111638172239
8,9,RF time only,8,12,1,1,265.0153,0.9867305877163005
8,9,RF time only,8,12,1,1,266.0085,0.6801898315970267
8,9,RF time only,8,12,1,1,267.0125,0.91728265916382
8,9,RF time only,8,12,1,1,268.0091,0.5574334174007165
8,9,RF time only,8,12,1,1,269.0128,0.8346813851417074
8,9,RF time only,8,12,1,1,270.0084,0.9601741802011261
8,9,RF time only,8,12,1,1,271.0146,0.6582184977682659
8,9,RF time only,8,12,1,1,272.0173,0.7112454006314336
8,9,RF time only,8,12,1,1,273.0097,0.3211448450564571
8,9,RF time only,8,12,1,1,274.0183,0.7192295095056321
8,9,RF time only,8,12,1,1,275.0115,0.6358184133725598
8,9,RF time only,8,12,1,1,276.0151,0.9806869479713611
8,9,RF time only,8,12,1,1,277.0096,0.9050337892795145
8,9,RF time only,8,12,1,1,278.0158,0.9105334594158278
8,9,RF time only,8,12,1,1,279.0106,0.9390317901049025
8,9,RF time only,8,12,1,1,280.0164,0.979049566621325
8,9,RF time only,8,12,1,1,281.0103,0.43758161658877043
8,9,RF time only,8,12,1,1,282.0149,0.8859349022038574
8,9,RF time only,8,12,1,1,283.009,0.722804980193644
8,9,RF time only,8,12,1,1,284.0134,0.9577280561370604
8,9,RF time only,8,12,1,1,285.0092,0.9278278185656539
8,9,RF time only,8,12,1,1,286.0143,0.9862986191558595
8,9,RF time only,8,12,1,1,287.0086,0.4657677949002712
8,9,RF time only,8,12,1,1,288.0116,0.9938288279659219
8,9,RF time only,8,12,1,1,289.0082,0.9208885372478236
8,9,RF time only,8,12,1,1,290.0127,0.6793775214013722
8,9,RF time only,8,12,1,1,291.0188,0.8092918137679779
8,9,RF time only,8,12,1,1,292.0116,0.8261925417789734
8,9,RF time only,8,12,1,1,293.0168,0.9346565638514609
8,9,RF time only,8,12,1,1,294.0131,0.7932666706886758
8,9,RF time only,8,12,1,1,295.0175,0.9496911383330349
8,9,RF time only,8,12,1,1,296.0116,0.6790541377745299
8,9,RF time only,8,12,1,1,297.0178,0.8266022398012455
8,9,RF time only,8,12,1,1,298.0087,0.9909533761177944
8,9,RF time only,8,12,1,1,299.016,0.9348473936289168
8,9,RF time only,8,12,1,1,300.0092,0.8118220484023269
8,9,RF time only,8,12,1,1,301.0147,0.9944731327178463
8,9,RF time only,9,13,0,0,0.0110195,0.0
8,9,RF time only,9,13,0,0,1.005759,0.0
8,9,RF time only,9,13,0,0,2.00784,0.0
8,9,RF time only,9,13,0,0,3.007802,0.0
8,9,RF time only,9,13,0,0,4.007293,0.0
8,9,RF time only,9,13,0,0,5.008187,0.0
8,9,RF time only,9,13,0,0,6.008643,0.0
8,9,RF time only,9,13,0,0,7.009022,0.0018946809317854163
8,9,RF time only,9,13,0,0,8.008588,0.15170788281906872
8,9,RF time only,9,13,0,0,9.008896,0.0
8,9,RF time only,9,13,0,0,10.00913,0.0069477077573163485
8,9,RF time only,9,13,0,0,11.01103,0.014327800369557886
8,9,RF time only,9,13,0,0,12.01013,0.037348887517119116
8,9,RF time only,9,13,0,0,13.01072,0.004850477477886832
8,9,RF time only,9,13,0,0,14.01103,0.0
8,9,RF time only,9,13,0,0,15.0121,0.03478692117255841
8,9,RF time only,9,13,0,0,16.00964,0.056467849850930965
8,9,RF time only,9,13,0,0,17.01035,0.19243990174459455
8,9,RF time only,9,13,0,0,18.01051,0.0
8,9,RF time only,9,13,0,0,19.0111,0.05362717578979838
8,9,RF time only,9,13,0,0,20.01075,0.019847527650403478
8,9,RF time only,9,13,0,0,21.00977,0.05588524438884348
8,9,RF time only,9,13,0,0,22.0112,0.15202696502268953
8,9,RF time only,9,13,0,0,23.01091,0.24932797794383882
8,9,RF time only,9,13,0,0,24.0096,0.0
8,9,RF time only,9,13,0,0,25.01049,0.0018722968358752565
8,9,RF time only,9,13,0,0,26.01068,0.34836207551743154
8,9,RF time only,9,13,0,0,27.01039,0.047920142740879905
8,9,RF time only,9,13,0,0,28.01047,0.26612615242320603
8,9,RF time only,9,13,0,0,29.01056,0.0634034787650402
8,9,RF time only,9,13,0,0,30.01037,0.24671829984362162
8,9,RF time only,9,13,0,0,31.01037,0.0
8,9,RF time only,9,13,0,0,32.01043,0.012475795220634068
8,9,RF time only,9,13,0,0,33.01025,0.020120089301733077
8,9,RF time only,9,13,0,0,34.01165,0.10724637220145003
8,9,RF time only,9,13,0,0,35.01178,0.06129572039874281
8,9,RF time only,9,13,0,0,36.01152,0.11351291128516773
8,9,RF time only,9,13,0,0,37.01201,0.3480252532047537
8,9,RF time only,9,13,0,0,38.01177,0.019341406337834745
8,9,RF time only,9,13,0,0,39.01201,0.2348185608042611
8,9,RF time only,9,13,0,0,40.01328,0.4659902117612247
8,9,RF time only,9,13,0,0,41.01098,0.24618455484226104
8,9,RF time only,9,13,0,0,42.01181,0.11525356680125652
8,9,RF time only,9,13,0,0,43.011,0.21320801667535028
8,9,RF time only,9,13,0,0,44.01217,0.02207785633455151
8,9,RF time only,9,13,0,0,45.01147,0.003204271953236773
8,9,RF time only,9,13,0,0,46.01141,0.030375322762482546
8,9,RF time only,9,13,0,0,47.01147,0.012052583749539896
8,9,RF time only,9,13,0,0,48.011,0.0032004932820330076
8,9,RF time only,9,13,0,0,49.01306,0.5337122039944314
8,9,RF time only,9,13,0,0,50.01255,0.3546209781790315
8,9,RF time only,9,13,0,0,51.0136,0.1528779507824548
8,9,RF time only,9,13,0,0,52.01255,0.0023654966465951927
8,9,RF time only,9,13,0,0,53.01245,0.31871517207317507
8,9,RF time only,9,13,0,0,54.01316,0.0
8,9,RF time only,9,13,0,0,55.01288,0.011106266578265224
8,9,RF time only,9,13,0,0,56.01094,0.00642262916358963
8,9,RF time only,9,13,0,0,57.01193,0.04171742403520505
8,9,RF time only,9,13,0,0,58.01228,0.0
8,9,RF time only,9,13,0,0,59.01311,0.21840160809046674
8,9,RF time only,9,13,0,0,60.01287,0.07172411946300068
8,9,RF time only,9,13,0,0,61.01322,0.4650117454145837
8,9,RF time only,9,13,0,0,62.00483,0.6844517082429337
8,9,RF time only,9,13,0,0,63.00399,0.0029591897174672745
8,9,RF time only,9,13,0,0,64.01481,0.03332758845437917
8,9,RF time only,9,13,0,0,65.01499,0.0
8,9,RF time only,9,13,0,0,66.00488,0.07156841860097954
8,9,RF time only,9,13,0,0,67.01431,0.36151156396944195
8,9,RF time only,9,13,0,0,68.01569,0.15190873547087472
8,9,RF time only,9,13,0,0,69.01431,0.03988829204344874
8,9,RF time only,9,13,0,0,70.00444,0.3659174772164291
8,9,RF time only,9,13,0,0,71.01484,0.12535542581058914
8,9,RF time only,9,13,0,0,72.01485,0.1437835148496265
8,9,RF time only,9,13,0,0,73.01538,0.09986686140478869
8,9,RF time only,9,13,0,0,74.01483,0.30176403756907205
8,9,RF time only,9,13,0,0,75.01283,0.3625465946868421
8,9,RF time only,9,13,0,0,76.01294,0.2708329246352193
8,9,RF time only,9,13,0,0,77.0144,0.3702391017587189
8,9,RF time only,9,13,0,0,78.01477,0.0008006135970495121
8,9,RF time only,9,13,0,0,79.01405,0.35421658134271755
8,9,RF time only,9,13,0,0,80.01414,0.126830359936758
8,9,RF time only,9,13,0,0,81.01292,0.1775786937180403
8,9,RF time only,9,13,0,0,82.01397,0.3310996531443444
8,9,RF time only,9,13,0,0,83.01512,0.07991740625979019
8,9,RF time only,9,13,0,0,84.00425,0.07330920551408518
8,9,RF time only,9,13,0,0,85.0048,0.45743919398211214
8,9,RF time only,9,13,0,0,86.00455,0.3142900933640601
8,9,RF time only,9,13,0,0,87.00511,0.5629307800615244
8,9,RF time only,9,13,0,0,88.01478,0.5917782247144762
8,9,RF time only,9,13,0,0,89.01393,0.2873106032331716
8,9,RF time only,9,13,0,0,90.00504,0.23627022520510646
8,9,RF time only,9,13,0,0,91.00574,0.37460308391367986
8,9,RF time only,9,13,0,0,92.01431,0.4381288390485279
8,9,RF time only,9,13,0,0,93.01505,0.5369044901172202
8,9,RF time only,9,13,0,0,94.00507,0.3702713127150925
8,9,RF time only,9,13,0,0,95.00547,0.3214450643507753
8,9,RF time only,9,13,0,0,96.00397,0.4153893921365636
8,9,RF time only,9,13,0,0,97.00613,0.4534011899283442
8,9,RF time only,9,13,0,0,98.00716,0.7595093078073926
8,9,RF time only,9,13,0,0,99.00568,0.04320770362506333
8,9,RF time only,9,13,0,0,100.0066,0.21696851997450187
8,9,RF time only,9,13,0,0,101.0064,0.1881562618970195
8,9,RF time only,9,13,0,0,102.0046,0.44952624924797846
8,9,RF time only,9,13,0,0,103.0056,0.14753280042723596
8,9,RF time only,9,13,0,0,104.0057,0.11556556952745722
8,9,RF time only,9,13,0,0,105.0069,0.4477152539984939
8,9,RF time only,9,13,0,0,106.0045,0.18487554279145038
8,9,RF time only,9,13,0,0,107.0059,0.326724302894732
8,9,RF time only,9,13,0,0,108.0047,0.4420993276096944
8,9,RF time only,9,13,0,0,109.0066,0.24258470197037635
8,9,RF time only,9,13,0,0,110.0056,0.16439764718570998
8,9,RF time only,9,13,0,0,111.0052,0.37448922076480207
8,9,RF time only,9,13,0,0,112.0055,0.022544377794427865
8,9,RF time only,9,13,0,0,113.0053,0.2869927420204027
8,9,RF time only,9,13,0,0,114.0057,0.24084293186673694
8,9,RF time only,9,13,0,0,115.0057,0.13857372567983844
8,9,RF time only,9,13,0,0,116.006,0.29505542244144717
8,9,RF time only,9,13,0,0,117.0064,0.35538612178926293
8,9,RF time only,9,13,0,0,118.0063,0.30449693818517776
8,9,RF time only,9,13,0,0,119.0068,0.4331720099893476
8,9,RF time only,9,13,0,0,120.0069,0.23805895835760854
8,9,RF time only,9,13,0,0,121.0075,0.26465850933905005
8,9,RF time only,9,13,0,0,122.0072,0.5914313954167231
8,9,RF time only,9,13,0,0,123.0058,0.5188484403593451
8,9,RF time only,9,13,0,0,124.0076,0.14888012049213137
8,9,RF time only,9,13,0,0,125.007,0.2297764545471071
8,9,RF time only,9,13,0,0,126.0072,0.504812436305436
8,9,RF time only,9,13,0,0,127.0068,0.4417897503089346
8,9,RF time only,9,13,0,0,128.0076,0.2084908914179782
8,9,RF time only,9,13,0,0,129.0074,0.04682089045422516
8,9,RF time only,9,13,0,0,130.0071,0.15766908138208283
8,9,RF time only,9,13,1,3,131.0081,0.12550645438305041
8,9,RF time only,9,13,1,3,132.0073,0.05565518430871529
8,9,RF time only,9,13,1,3,133.0062,0.6142809824657787
8,9,RF time only,9,13,1,3,134.0074,0.3122003348504423
8,9,RF time only,9,13,1,3,135.0069,0.36801688543902444
8,9,RF time only,9,13,1,3,136.0064,0.0264192815180654
8,9,RF time only,9,13,1,3,137.0067,0.4693352564975379
8,9,RF time only,9,13,1,3,138.0067,0.4882269013028502
8,9,RF time only,9,13,1,3,139.007,0.4616308286398449
8,9,RF time only,9,13,1,3,140.0062,0.54300724350618
8,9,RF time only,9,13,1,3,141.0073,0.2679355205374678
8,9,RF time only,9,13,1,3,142.0084,0.17781900414575866
8,9,RF time only,9,13,1,3,143.008,0.1660470149072625
8,9,RF time only,9,13,1,3,144.0094,0.0269467949587367
8,9,RF time only,9,13,1,3,145.0076,0.42001879605085596
8,9,RF time only,9,13,1,3,146.0077,0.39978912349339746
8,9,RF time only,9,13,1,3,147.0074,0.5412985876069492
8,9,RF time only,9,13,1,3,148.0075,0.5288150938624175
8,9,RF time only,9,13,1,3,149.0084,0.13614992328112768
8,9,RF time only,9,13,1,3,150.0068,0.4262076519684904
8,9,RF time only,9,13,1,3,151.0084,0.6522432650633917
8,9,RF time only,9,13,1,3,152.009,0.6471727012742532
8,9,RF time only,9,13,1,3,153.0098,0.32242921142226044
8,9,RF time only,9,13,1,3,154.0073,0.5345383579327851
8,9,RF time only,9,13,0,0,155.0084,0.25458048278658113
8,9,RF time only,9,13,0,0,156.0078,0.6714265022371104
8,9,RF time only,9,13,0,0,157.008,0.3770548383364152
8,9,RF time only,9,13,0,0,158.0095,0.8535914032746402
8,9,RF time only,9,13,0,0,159.0101,0.08011785569860115
8,9,RF time only,9,13,0,0,160.0103,0.9624318373621764
8,9,RF time only,9,13,0,0,161.0102,0.6734434193977566
8,9,RF time only,9,13,0,0,162.0098,0.8431956781827603
8,9,RF time only,9,13,0,0,163.0103,0.5147628544536729
8,9,RF time only,9,13,0,0,164.0104,0.5652012385013423
8,9,RF time only,9,13,0,0,165.0098,0.18673592674310874
8,9,RF time only,9,13,0,0,166.0106,0.7465326478322191
8,9,RF time only,9,13,0,0,167.0094,0.6233548703689474
8,9,RF time only,9,13,0,0,168.0101,0.45958430047902843
8,9,RF time only,9,13,0,0,169.0095,0.7168319351598109
8,9,RF time only,9,13,0,0,170.0094,0.5012715082615784
8,9,RF time only,9,13,0,0,171.0103,0.9065107906864146
8,9,RF time only,9,13,0,0,172.0116,0.28585348891684814
8,9,RF time only,9,13,0,0,173.0117,0.3772388763281966
8,9,RF time only,9,13,0,0,174.0113,0.7290792856272165
8,9,RF time only,9,13,0,0,175.0105,0.9252674543136616
8,9,RF time only,9,13,0,0,176.0114,0.917115421559511
8,9,RF time only,9,13,0,0,177.011,0.8892754487322179
8,9,RF time only,9,13,0,0,178.0101,0.7467595378176745
8,9,RF time only,9,13,0,0,179.0093,0.5654267677812673
8,9,RF time only,9,13,0,0,180.0106,0.7476247116148818
8,9,RF time only,9,13,0,0,181.0108,0.7167580600907926
8,9,RF time only,9,13,0,0,182.0097,0.32458634378847023
8,9,RF time only,9,13,0,0,183.0091,0.8991177812994382
8,9,RF time only,9,13,0,0,184.0103,0.33806444504452826
8,9,RF time only,9,13,0,0,185.0096,0.7610431157749331
8,9,RF time only,9,13,0,0,186.01,0.6115055662749836
8,9,RF time only,9,13,0,0,187.0108,0.518974115983787
8,9,RF time only,9,13,0,0,188.0104,0.5499408863160585
8,9,RF time only,9,13,0,0,189.0116,0.1869197334858719
8,9,RF time only,9,13,0,0,190.0116,0.6967953009403842
8,9,RF time only,9,13,0,0,191.0115,0.8149284342512775
8,9,RF time only,9,13,0,0,192.0119,0.8709741906658504
8,9,RF time only,9,13,0,0,193.0109,0.9124085954464057
8,9,RF time only,9,13,0,0,194.0107,0.9072267582912048
8,9,RF time only,9,13,0,0,195.01,0.7880437400259273
8,9,RF time only,9,13,0,0,196.0102,0.9501813871675872
8,9,RF time only,9,13,0,0,197.0122,0.5863858503840796
8,9,RF time only,9,13,0,0,198.0116,0.43970684648788533
8,9,RF time only,9,13,0,0,199.0125,0.8534373659314387
8,9,RF time only,9,13,0,0,200.0115,0.7010326739769287
8,9,RF time only,9,13,0,0,201.0117,0.9865470614584663
8,9,RF time only,9,13,0,0,202.0122,0.5495394308751768
8,9,RF time only,9,13,0,0,203.0135,0.4946007747119942
8,9,RF time only,9,13,0,0,204.0123,0.5504618594946781
8,9,RF time only,9,13,0,0,205.0133,0.4230665416543575
8,9,RF time only,9,13,0,0,206.013,0.9728144309175921
8,9,RF time only,9,13,0,0,207.0117,0.5782136949383692
8,9,RF time only,9,13,0,0,208.0125,0.7861464852853874
8,9,RF time only,9,13,0,0,209.0119,0.4571664751744381
8,9,RF time only,9,13,0,0,210.0124,0.48702965611642585
8,9,RF time only,9,13,0,0,211.013,0.6618611702039182
8,9,RF time only,9,13,0,0,212.0144,0.8584422786919735
8,9,RF time only,9,13,0,0,213.0136,0.3786003106909106
8,9,RF time only,9,13,0,0,214.0147,0.5783888527932742
8,9,RF time only,9,13,0,0,215.0134,0.4347658295151631
8,9,RF time only,9,13,0,0,216.0129,0.7171588568911784
8,9,RF time only,9,13,0,0,217.0129,0.5879053403143365
8,9,RF time only,9,13,0,0,218.0129,0.7438502099260965
8,9,RF time only,9,13,0,0,219.0129,0.9261269227021001
8,9,RF time only,9,13,0,0,220.0126,0.7398712886499694
8,9,RF time only,9,13,0,0,221.0129,0.8880757951425367
8,9,RF time only,9,13,0,0,222.0122,0.7626873312704581
8,9,RF time only,9,13,0,0,223.0122,0.9951823837886681
8,9,RF time only,9,13,0,0,224.0124,0.4914174058378768
8,9,RF time only,9,13,0,0,225.0121,0.8656707858118861
8,9,RF time only,9,13,0,0,226.0132,0.5874216426580995
8,9,RF time only,9,13,0,0,227.0143,0.5709328337379461
8,9,RF time only,9,13,0,0,228.0146,0.2740929715312027
8,9,RF time only,9,13,0,0,229.014,0.6697228149101517
8,9,RF time only,9,13,0,0,230.0146,0.6795562342826132
8,9,RF time only,9,13,0,0,231.0143,0.7310735766145173
8,9,RF time only,9,13,0,0,232.0145,0.5539384035958902
8,9,RF time only,9,13,0,0,233.0145,0.9169702231505291
8,9,RF time only,9,13,0,0,234.0137,0.3018960179902902
8,9,RF time only,9,13,0,0,235.0139,0.9266364084520448
8,9,RF time only,9,13,0,0,236.0044,0.43515056599597046
8,9,RF time only,9,13,0,0,237.0162,0.40937654844123744
8,9,RF time only,9,13,0,0,238.0152,0.6786645949567296
8,9,RF time only,9,13,0,0,239.0044,0.6914140953572493
8,9,RF time only,9,13,0,0,240.0048,0.6872130607558476
8,9,RF time only,9,13,0,0,241.0044,0.7500853388350789
8,9,RF time only,9,13,0,0,242.0045,0.6004371463477282
8,9,RF time only,9,13,0,0,243.0043,0.8033646969402571
8,9,RF time only,9,13,0,0,244.0162,0.27711401832481874
8,9,RF time only,9,13,0,0,245.0155,0.3086729579932278
8,9,RF time only,9,13,0,0,246.0154,0.5917416024999104
8,9,RF time only,9,13,0,0,247.0153,0.8355844557130916
8,9,RF time only,9,13,0,0,248.0145,0.7083813198659205
8,9,RF time only,9,13,0,0,249.0152,0.6927796643704408
8,9,RF time only,9,13,0,0,250.0147,0.8752555989255382
8,9,RF time only,9,13,0,0,251.0159,0.8801366078920438
8,9,RF time only,9,13,0,0,252.0157,0.555914111695499
8,9,RF time only,9,13,0,0,253.0046,0.8550370927911471
8,9,RF time only,9,13,0,0,254.0047,0.46856346119142017
8,9,RF time only,9,13,0,0,255.0051,0.20125629128507527
8,9,RF time only,9,13,0,0,256.0152,0.51120233748739
8,9,RF time only,9,13,0,0,257.0048,0.2923241985894124
8,9,RF time only,9,13,0,0,258.0048,0.08749033132081872
8,9,RF time only,9,13,0,0,259.0142,0.9918431914801847
8,9,RF time only,9,13,0,0,260.0155,0.5944598709229435
8,9,RF time only,9,13,0,0,261.0048,0.38449040983642657
8,9,RF time only,9,13,0,0,262.0058,0.680499956422184
8,9,RF time only,9,13,0,0,263.0071,0.7101151726022861
8,9,RF time only,9,13,0,0,264.0063,0.3405286194034387
8,9,RF time only,9,13,0,0,265.0065,0.128361766406466
8,9,RF time only,9,13,0,0,266.0061,0.5107987367457164
8,9,RF time only,9,13,0,0,267.0054,0.23590337601305653
8,9,RF time only,9,13,0,0,268.0065,0.6082500069576038
8,9,RF time only,9,13,0,0,269.0069,0.33526700399640036
8,9,RF time only,9,13,0,0,270.006,0.515203783251052
8,9,RF time only,9,13,0,0,271.0046,0.15895358226211648
8,9,RF time only,9,13,0,0,272.0052,0.6663474951341183
8,9,RF time only,9,13,0,0,273.0052,0.5135670825548356
8,9,RF time only,9,13,0,0,274.0054,0.802205149630511
8,9,RF time only,9,13,0,0,275.0052,0.675169230533588
8,9,RF time only,9,13,0,0,276.0056,0.17626511390618876
8,9,RF time only,9,13,0,0,277.0053,0.5060936663859212
8,9,RF time only,9,13,0,0,278.0059,0.32871867828977663
8,9,RF time only,9,13,0,0,279.0058,0.478027192391598
8,9,RF time only,9,13,0,0,280.0075,0.6600009967407743
8,9,RF time only,9,13,0,0,281.0063,0.697217629078212
8,9,RF time only,9,13,0,0,282.006,0.3902462168997305
8,9,RF time only,9,13,0,0,283.005,0.508758122757233
8,9,RF time only,9,13,0,0,284.0056,0.7044224987220093
8,9,RF time only,9,13,0,0,285.0061,0.4304688749204892
8,9,RF time only,9,13,0,0,286.0067,0.5079037247335295
8,9,RF time only,9,13,0,0,287.0079,0.9465520660399233
8,9,RF time only,9,13,0,0,288.0077,0.6759093480329559
8,9,RF time only,9,13,0,0,289.006,0.6261163936069726
8,9,RF time only,9,13,0,0,290.0072,0.16533758116345082
8,9,RF time only,9,13,0,0,291.0072,0.7025712585950726
8,9,RF time only,9,13,0,0,292.0069,0.3006091136302791
8,9,RF time only,9,13,0,0,293.0074,0.7258933447480976
8,9,RF time only,9,13,0,0,294.0071,0.7773444514672524
8,9,RF time only,9,13,0,0,295.0074,0.8022429656281236
8,9,RF time only,9,13,0,0,296.0071,0.8056810037632005
8,9,RF time only,9,13,0,0,297.0076,0.980354405422457
8,9,RF time only,9,13,0,0,298.0078,0.9791787446543607
8,9,RF time only,9,13,0,0,299.007,0.9318230784850209
8,9,RF time only,9,13,0,0,300.0064,0.8908893056658403
8,9,RF time only,9,13,0,0,301.0068,0.6774517517276233
8,9,GB time only,8,12,0,0,0.0110377,0.0006529265512231509
8,9,GB time only,8,12,0,0,1.010147,0.0006529265512231509
8,9,GB time only,8,12,0,0,2.016094,0.0006529265512231509
8,9,GB time only,8,12,0,0,3.009745,0.0006529265512231509
8,9,GB time only,8,12,1,1,4.01616,0.0006529265512231509
8,9,GB time only,8,12,1,1,5.009424,0.0006529265512231509
8,9,GB time only,8,12,1,1,6.01379,0.037324763253576025
8,9,GB time only,8,12,1,1,7.008862,0.07427355166609032
8,9,GB time only,8,12,1,1,8.014355,0.07381994438135832
8,9,GB time only,8,12,1,1,9.019238,0.07430617788294767
8,9,GB time only,8,12,1,1,10.01213,0.07430617788294767
8,9,GB time only,8,12,1,1,11.0166,0.07381994438135832
8,9,GB time only,8,12,1,1,12.01287,0.07427355166609032
8,9,GB time only,8,12,1,1,13.01876,0.07381994438135832
8,9,GB time only,8,12,1,1,14.01381,0.07427355166609032
8,9,GB time only,8,12,1,1,15.01681,0.0736837314132555
8,9,GB time only,8,12,1,1,16.01281,0.0736837314132555
8,9,GB time only,8,12,1,1,17.01839,0.0037309609413622652
8,9,GB time only,8,12,1,1,18.01066,0.0037309609413622652
8,9,GB time only,8,12,1,1,19.01831,0.03743607948587583
8,9,GB time only,8,12,1,1,20.01064,0.03743607948587583
8,9,GB time only,8,12,1,1,21.0165,0.11056904478720868
8,9,GB time only,8,12,1,1,22.01155,0.0747371601891841
8,9,GB time only,8,12,1,1,23.01568,0.07399133668456997
8,9,GB time only,8,12,1,1,24.0096,0.07420614371025078
8,9,GB time only,8,12,1,1,25.01568,0.07420614371025078
8,9,GB time only,8,12,1,1,26.00962,0.14613150997806693
8,9,GB time only,8,12,1,1,27.01536,0.14410068902306647
8,9,GB time only,8,12,1,1,28.0098,0.14410068902306647
8,9,GB time only,8,12,1,1,29.01463,0.14742002356851092
8,9,GB time only,8,12,1,1,30.0086,0.21447307477901356
8,9,GB time only,8,12,1,1,31.01355,0.1825848719449044
8,9,GB time only,8,12,1,1,32.01867,0.1802597943871353
8,9,GB time only,8,12,1,1,33.01118,0.1802597943871353
8,9,GB time only,8,12,1,1,34.01851,0.18016287905725004
8,9,GB time only,8,12,1,1,35.01208,0.18016287905725004
8,9,GB time only,8,12,1,1,36.01853,0.18034246857927524
8,9,GB time only,8,12,1,1,37.01241,0.18034246857927524
8,9,GB time only,8,12,1,1,38.01729,0.21400612172844347
8,9,GB time only,8,12,1,1,39.01123,0.18046138351737512
8,9,GB time only,8,12,1,1,40.0166,0.21490485012651983
8,9,GB time only,8,12,1,1,41.00916,0.1475111487830285
8,9,GB time only,8,12,1,1,42.01604,0.21539580285187027
8,9,GB time only,8,12,1,1,43.00914,0.18470242485368812
8,9,GB time only,8,12,1,1,44.01637,0.240585823081251
8,9,GB time only,8,12,1,1,45.01945,0.18307828993540476
8,9,GB time only,8,12,1,1,46.01505,0.18081541397369388
8,9,GB time only,8,12,1,1,47.0084,0.18081541397369388
8,9,GB time only,8,12,1,1,48.01484,0.18328311653174229
8,9,GB time only,8,12,1,1,49.00824,0.24185345104744366
8,9,GB time only,8,12,1,1,50.01454,0.18616750121676046
8,9,GB time only,8,12,1,1,51.01845,0.24538687930058908
8,9,GB time only,8,12,1,1,52.01202,0.25212993233136394
8,9,GB time only,8,12,1,1,53.01875,0.27816007373617907
8,9,GB time only,8,12,1,1,54.01386,0.31594194275358495
8,9,GB time only,8,12,1,1,55.01745,0.31594194275358495
8,9,GB time only,8,12,1,1,56.01162,0.3127976414599044
8,9,GB time only,8,12,1,1,57.01839,0.37887551847315415
8,9,GB time only,8,12,1,1,58.01215,0.28206005066926587
8,9,GB time only,8,12,1,1,59.01632,0.28206005066926587
8,9,GB time only,8,12,1,1,60.01164,0.2862269481302476
8,9,GB time only,8,12,1,1,61.01605,0.3678596596942077
8,9,GB time only,8,12,1,1,62.01088,0.34889638530051925
8,9,GB time only,8,12,1,1,63.01574,0.34188714376243484
8,9,GB time only,8,12,1,1,64.0106,0.32474477327261014
8,9,GB time only,8,12,1,1,65.01489,0.3512599441744539
8,9,GB time only,8,12,1,1,66.00845,0.3664269381455154
8,9,GB time only,8,12,1,1,67.01373,0.3552670048483391
8,9,GB time only,8,12,1,1,68.01971,0.36672341775972866
8,9,GB time only,8,12,1,1,69.01488,0.29425446793507704
8,9,GB time only,8,12,1,1,70.01777,0.3708025502208226
8,9,GB time only,8,12,1,1,71.01369,0.3708025502208226
8,9,GB time only,8,12,1,1,72.01964,0.37549627235762884
8,9,GB time only,8,12,1,1,73.01192,0.35113482401738744
8,9,GB time only,8,12,1,1,74.01961,0.37954932706960076
8,9,GB time only,8,12,1,1,75.01247,0.37590096437379417
8,9,GB time only,8,12,1,1,76.01733,0.4364168591438068
8,9,GB time only,8,12,1,1,77.01091,0.3907735943659802
8,9,GB time only,8,12,1,1,78.01698,0.4050725344113222
8,9,GB time only,8,12,1,1,79.01109,0.4050725344113222
8,9,GB time only,8,12,1,1,80.01685,0.40889290513391513
8,9,GB time only,8,12,1,1,81.01129,0.40889290513391513
8,9,GB time only,8,12,1,1,82.0164,0.4140607916696889
8,9,GB time only,8,12,1,1,83.00986,0.43363635012423196
8,9,GB time only,8,12,1,1,84.01507,0.4686415614425356
8,9,GB time only,8,12,1,1,85.0094,0.4107523152882894
8,9,GB time only,8,12,1,1,86.01546,0.4743010166990115
8,9,GB time only,8,12,1,1,87.00921,0.5008377270466159
8,9,GB time only,8,12,1,1,88.01216,0.37893936703956393
8,9,GB time only,8,12,1,1,89.00884,0.37893936703956393
8,9,GB time only,8,12,1,1,90.01527,0.4687428616692366
8,9,GB time only,8,12,1,1,91.01823,0.4687428616692366
8,9,GB time only,8,12,1,1,92.01326,0.5284278474228135
8,9,GB time only,8,12,1,1,93.0173,0.49372713422029296
8,9,GB time only,8,12,1,1,94.012,0.4523457675500458
8,9,GB time only,8,12,1,1,95.01615,0.49352152201406707
8,9,GB time only,8,12,1,1,96.01204,0.5056053997261514
8,9,GB time only,8,12,1,1,97.01764,0.5731830250789929
8,9,GB time only,8,12,1,1,98.0108,0.5731830250789929
8,9,GB time only,8,12,1,1,99.01787,0.5345195045324419
8,9,GB time only,8,12,1,1,100.0112,0.5345195045324419
8,9,GB time only,8,12,1,1,101.0159,0.5719056290288803
8,9,GB time only,8,12,1,1,102.0096,0.5098526711921203
8,9,GB time only,8,12,1,1,103.0159,0.518233446360718
8,9,GB time only,8,12,1,1,104.0102,0.48215252812328585
8,9,GB time only,8,12,1,1,105.0157,0.4933947352143845
8,9,GB time only,8,12,1,1,106.0086,0.4933947352143845
8,9,GB time only,8,12,1,1,107.0142,0.5288169616450973
8,9,GB time only,8,12,1,1,108.009,0.5212590435375583
8,9,GB time only,8,12,1,1,109.0137,0.4212211887950897
8,9,GB time only,8,12,1,1,110.0089,0.5185913252003629
8,9,GB time only,8,12,1,1,111.0139,0.5092159451743135
8,9,GB time only,8,12,1,1,112.0085,0.5092159451743135
8,9,GB time only,8,12,1,1,113.0106,0.5292814559883307
8,9,GB time only,8,12,1,1,114.017,0.46426646495158375
8,9,GB time only,8,12,1,1,115.0134,0.44001415864691956
8,9,GB time only,8,12,1,1,116.0167,0.5012581688895369
8,9,GB time only,8,12,1,1,117.0123,0.5012581688895369
8,9,GB time only,8,12,1,1,118.0174,0.47527265498044263
8,9,GB time only,8,12,1,1,119.0114,0.4302404942851977
8,9,GB time only,8,12,1,1,120.0172,0.45895284974170886
8,9,GB time only,8,12,1,1,121.0105,0.4650435870076344
8,9,GB time only,8,12,1,1,122.0162,0.4760704824409938
8,9,GB time only,8,12,1,1,123.0094,0.4760704824409938
8,9,GB time only,8,12,1,1,124.015,0.4760704824409938
8,9,GB time only,8,12,1,1,125.0093,0.493522820280342
8,9,GB time only,8,12,1,1,126.0151,0.4983589230711578
8,9,GB time only,8,12,1,1,127.0096,0.49645181024134555
8,9,GB time only,8,12,1,1,128.0141,0.4997101389969317
8,9,GB time only,8,12,1,1,129.0185,0.4997101389969317
8,9,GB time only,8,12,1,1,130.014,0.4941801002839144
8,9,GB time only,8,12,1,1,131.0189,0.45424384769498055
8,9,GB time only,8,12,1,1,132.0128,0.518018244013532
8,9,GB time only,8,12,1,1,133.019,0.5100011219735664
8,9,GB time only,8,12,1,1,134.0107,0.5100011219735664
8,9,GB time only,8,12,1,1,135.0182,0.5431403884927201
8,9,GB time only,8,12,1,1,136.0107,0.4840284724934443
8,9,GB time only,8,12,1,1,137.0173,0.5349915075090587
8,9,GB time only,8,12,1,1,138.0118,0.5425746895554164
8,9,GB time only,8,12,1,1,139.0185,0.5119880193248478
8,9,GB time only,8,12,1,1,140.011,0.5119880193248478
8,9,GB time only,8,12,1,1,141.0155,0.5453700392024269
8,9,GB time only,8,12,1,1,142.0092,0.48460942229058573
8,9,GB time only,8,12,1,1,143.0148,0.5490056805599695
8,9,GB time only,8,12,1,1,144.0097,0.5490056805599695
8,9,GB time only,8,12,1,1,145.0158,0.5554222836433619
8,9,GB time only,8,12,1,1,146.009,0.5232974016203829
8,9,GB time only,8,12,1,1,147.0147,0.5015408803197545
8,9,GB time only,8,12,1,1,148.0176,0.546425436026491
8,9,GB time only,8,12,1,1,149.0135,0.546425436026491
8,9,GB time only,8,12,1,1,150.0089,0.546425436026491
8,9,GB time only,8,12,1,1,151.0133,0.48541863798455626
8,9,GB time only,8,12,1,1,152.0182,0.545813515764484
8,9,GB time only,8,12,1,1,153.0136,0.5408220672789658
8,9,GB time only,8,12,1,1,154.0181,0.5503326429665202
8,9,GB time only,8,12,1,1,155.0128,0.5503326429665202
8,9,GB time only,8,12,1,1,156.0166,0.5503326429665202
8,9,GB time only,8,12,1,1,157.0118,0.564821881420073
8,9,GB time only,8,12,1,1,158.0165,0.6063782220261603
8,9,GB time only,8,12,1,1,159.0093,0.6063782220261603
8,9,GB time only,8,12,1,1,160.0144,0.6446801367014694
8,9,GB time only,8,12,1,1,161.0088,0.6446801367014694
8,9,GB time only,8,12,1,1,162.0157,0.627069766216169
8,9,GB time only,8,12,1,1,163.0096,0.6312757572687657
8,9,GB time only,8,12,1,1,164.0156,0.627609735405021
8,9,GB time only,8,12,1,1,165.0181,0.6504031135506586
8,9,GB time only,8,12,1,1,166.015,0.6504031135506586
8,9,GB time only,8,12,1,1,167.0088,0.6278969387113107
8,9,GB time only,8,12,1,1,168.0134,0.6336479104952929
8,9,GB time only,8,12,1,1,169.0189,0.6336479104952929
8,9,GB time only,8,12,1,1,170.0132,0.6434789944996916
8,9,GB time only,8,12,1,1,171.0085,0.6434789944996916
8,9,GB time only,8,12,1,1,172.0134,0.604311402500131
8,9,GB time only,8,12,1,1,173.0177,0.6532426693708807
8,9,GB time only,8,12,1,1,174.0111,0.6142289463205746
8,9,GB time only,8,12,1,1,175.0181,0.6559867223261754
8,9,GB time only,8,12,1,1,176.0109,0.6559867223261754
8,9,GB time only,8,12,1,1,177.017,0.6363278371157249
8,9,GB time only,8,12,1,1,178.011,0.6441848829488394
8,9,GB time only,8,12,1,1,179.0166,0.6145408219774839
8,9,GB time only,8,12,1,1,180.0093,0.6145408219774839
8,9,GB time only,8,12,1,1,181.0153,0.6538242159572515
8,9,GB time only,8,12,1,1,182.0092,0.6538242159572515
8,9,GB time only,8,12,1,1,183.0143,0.5770241257495112
8,9,GB time only,8,12,1,1,184.0083,0.6535193710971631
8,9,GB time only,8,12,1,1,185.0125,0.6469032519675817
8,9,GB time only,8,12,1,1,186.0095,0.6469032519675817
8,9,GB time only,8,12,1,1,187.0145,0.6285952533353452
8,9,GB time only,8,12,1,1,188.0086,0.6302823639093738
8,9,GB time only,8,12,1,1,189.0136,0.6272435819988698
8,9,GB time only,8,12,1,1,190.0171,0.6822599486344042
8,9,GB time only,8,12,1,1,191.013,0.6549941510614321
8,9,GB time only,8,12,1,1,192.0174,0.680864364973715
8,9,GB time only,8,12,1,1,193.0106,0.680864364973715
8,9,GB time only,8,12,1,1,194.0183,0.6767279610070996
8,9,GB time only,8,12,1,1,195.011,0.6378358392834346
8,9,GB time only,8,12,1,1,196.0152,0.7486172897946903
8,9,GB time only,8,12,1,1,197.0104,0.7486172897946903
8,9,GB time only,8,12,1,1,198.0171,0.6389628374345757
8,9,GB time only,8,12,1,1,199.0101,0.6494309868942517
8,9,GB time only,8,12,1,1,200.0164,0.6961261272271088
8,9,GB time only,8,12,1,1,201.0086,0.6383710298128739
8,9,GB time only,8,12,1,1,202.0159,0.6711114315941314
8,9,GB time only,8,12,1,1,203.0097,0.6711114315941314
8,9,GB time only,8,12,1,1,204.015,0.6131139537091834
8,9,GB time only,8,12,1,1,205.0092,0.6241208274583383
8,9,GB time only,8,12,1,1,206.0141,0.6524368154842638
8,9,GB time only,8,12,1,1,207.008,0.6524368154842638
8,9,GB time only,8,12,1,1,208.0141,0.6275365608234954
8,9,GB time only,8,12,1,1,209.0079,0.631204350754352
8,9,GB time only,8,12,1,1,210.0141,0.6005249552760509
8,9,GB time only,8,12,1,1,211.0173,0.6704650590196038
8,9,GB time only,8,12,1,1,212.0122,0.6328295014539348
8,9,GB time only,8,12,1,1,213.0178,0.6274294381261456
8,9,GB time only,8,12,1,1,214.0104,0.6274294381261456
8,9,GB time only,8,12,1,1,215.0173,0.6307987699871784
8,9,GB time only,8,12,1,1,216.0121,0.6271310506507266
8,9,GB time only,8,12,1,1,217.016,0.6333822536327107
8,9,GB time only,8,12,1,1,218.0118,0.6333822536327107
8,9,GB time only,8,12,1,1,219.017,0.6810345120557756
8,9,GB time only,8,12,1,1,220.0112,0.6810345120557756
8,9,GB time only,8,12,1,1,221.0145,0.650098042106745
8,9,GB time only,8,12,1,1,222.0105,0.6236133889913111
8,9,GB time only,8,12,1,1,223.0154,0.7241288781790718
8,9,GB time only,8,12,1,1,224.0105,0.7241288781790718
8,9,GB time only,8,12,1,1,225.0148,0.6665468818036535
8,9,GB time only,8,12,1,1,226.0095,0.6643171551823568
8,9,GB time only,8,12,1,1,227.0143,0.670881826625074
8,9,GB time only,8,12,1,1,228.0086,0.6644240142150183
8,9,GB time only,8,12,1,1,229.0141,0.671734828147536
8,9,GB time only,8,12,1,1,230.0186,0.6634479850489255
8,9,GB time only,8,12,1,1,231.0125,0.6634479850489255
8,9,GB time only,8,12,1,1,232.0178,0.6634479850489255
8,9,GB time only,8,12,1,1,233.0099,0.6750611193616296
8,9,GB time only,8,12,1,1,234.0176,0.6822545542128334
8,9,GB time only,8,12,1,1,235.0116,0.6822545542128334
8,9,GB time only,8,12,1,1,236.0172,0.6518455199527009
8,9,GB time only,8,12,1,1,237.0101,0.6295608280883448
8,9,GB time only,8,12,1,1,238.0155,0.6981514395752587
8,9,GB time only,8,12,1,1,239.008,0.6981514395752587
8,9,GB time only,8,12,1,1,240.0153,0.638536505731035
8,9,GB time only,8,12,1,1,241.0105,0.6983756688254269
8,9,GB time only,8,12,1,1,242.0131,0.6611869096856379
8,9,GB time only,8,12,1,1,243.0095,0.6274447116686246
8,9,GB time only,8,12,1,1,244.014,0.6861561357859559
8,9,GB time only,8,12,1,1,245.0085,0.6861561357859559
8,9,GB time only,8,12,1,1,246.0148,0.698304233554138
8,9,GB time only,8,12,1,1,247.009,0.6602730193042595
8,9,GB time only,8,12,1,1,248.0144,0.6543368259370528
8,9,GB time only,8,12,1,1,249.0175,0.6733763377632065
8,9,GB time only,8,12,1,1,250.0134,0.6604024784798773
8,9,GB time only,8,12,1,1,251.0181,0.6604024784798773
8,9,GB time only,8,12,1,1,252.0121,0.6546791932092868
8,9,GB time only,8,12,1,1,253.0182,0.661544444508996
8,9,GB time only,8,12,1,1,254.0107,0.676271894600972
8,9,GB time only,8,12,1,1,255.0149,0.7084365279242354
8,9,GB time only,8,12,1,1,256.0111,0.7084365279242354
8,9,GB time only,8,12,1,1,257.0152,0.7042198295543286
8,9,GB time only,8,12,1,1,258.0106,0.6378723206284342
8,9,GB time only,8,12,1,1,259.0168,0.7513707342384004
8,9,GB time only,8,12,1,1,260.0113,0.7513707342384004
8,9,GB time only,8,12,1,1,261.0168,0.663721495404741
8,9,GB time only,8,12,1,1,262.0091,0.677069222844775
8,9,GB time only,8,12,1,1,263.015,0.677069222844775
8,9,GB time only,8,12,1,1,264.0086,0.677069222844775
8,9,GB time only,8,12,1,1,265.0153,0.7343644871606408
8,9,GB time only,8,12,1,1,266.0085,0.6769821629259481
8,9,GB time only,8,12,1,1,267.0125,0.6642083338007432
8,9,GB time only,8,12,1,1,268.0091,0.7010990456758109
8,9,GB time only,8,12,1,1,269.0128,0.6872686627864818
8,9,GB time only,8,12,1,1,270.0084,0.6872686627864818
8,9,GB time only,8,12,1,1,271.0146,0.6796834889785976
8,9,GB time only,8,12,1,1,272.0173,0.6846634976545556
8,9,GB time only,8,12,1,1,273.0097,0.6846634976545556
8,9,GB time only,8,12,1,1,274.0183,0.6790567569723835
8,9,GB time only,8,12,1,1,275.0115,0.6790567569723835
8,9,GB time only,8,12,1,1,276.0151,0.7103757429787994
8,9,GB time only,8,12,1,1,277.0096,0.7056536680088444
8,9,GB time only,8,12,1,1,278.0158,0.7360903062663527
8,9,GB time only,8,12,1,1,279.0106,0.7360903062663527
8,9,GB time only,8,12,1,1,280.0164,0.7307490841292638
8,9,GB time only,8,12,1,1,281.0103,0.6896782616849126
8,9,GB time only,8,12,1,1,282.0149,0.7303327154794966
8,9,GB time only,8,12,1,1,283.009,0.7303327154794966
8,9,GB time only,8,12,1,1,284.0134,0.7679580650228812
8,9,GB time only,8,12,1,1,285.0092,0.6963438286558392
8,9,GB time only,8,12,1,1,286.0143,0.7368138223534808
8,9,GB time only,8,12,1,1,287.0086,0.7368138223534808
8,9,GB time only,8,12,1,1,288.0116,0.7065628851528492
8,9,GB time only,8,12,1,1,289.0082,0.729172164903029
8,9,GB time only,8,12,1,1,290.0127,0.6896954397447383
8,9,GB time only,8,12,1,1,291.0188,0.7567251001864287
8,9,GB time only,8,12,1,1,292.0116,0.7567251001864287
8,9,GB time only,8,12,1,1,293.0168,0.787167012165217
8,9,GB time only,8,12,1,1,294.0131,0.7326988629548576
8,9,GB time only,8,12,1,1,295.0175,0.8115871723909062
8,9,GB time only,8,12,1,1,296.0116,0.8115871723909062
8,9,GB time only,8,12,1,1,297.0178,0.7591096910156888
8,9,GB time only,8,12,1,1,298.0087,0.764265694262898
8,9,GB time only,8,12,1,1,299.016,0.7824060637613941
8,9,GB time only,8,12,1,1,300.0092,0.7824060637613941
8,9,GB time only,8,12,1,1,301.0147,0.7884243679829481
8,9,GB time only,9,13,0,0,0.0110195,0.0006529265512231509
8,9,GB time only,9,13,0,0,1.005759,0.0006529265512231509
8,9,GB time only,9,13,0,0,2.00784,0.0006529265512231509
8,9,GB time only,9,13,0,0,3.007802,0.0006529265512231509
8,9,GB time only,9,13,0,0,4.007293,0.0006529265512231509
8,9,GB time only,9,13,0,0,5.008187,0.0006529265512231509
8,9,GB time only,9,13,0,0,6.008643,0.037324763253576025
8,9,GB time only,9,13,0,0,7.009022,0.07427355166609032
8,9,GB time only,9,13,0,0,8.008588,0.07381994438135832
8,9,GB time only,9,13,0,0,9.008896,0.07430617788294767
8,9,GB time only,9,13,0,0,10.00913,0.07430617788294767
8,9,GB time only,9,13,0,0,11.01103,0.07381994438135832
8,9,GB time only,9,13,0,0,12.01013,0.07381994438135832
8,9,GB time only,9,13,0,0,13.01072,0.07381994438135832
8,9,GB time only,9,13,0,0,14.01103,0.07381994438135832
8,9,GB time only,9,13,0,0,15.0121,0.0736837314132555
8,9,GB time only,9,13,0,0,16.00964,0.0736837314132555
8,9,GB time only,9,13,0,0,17.01035,0.10768373499898161
8,9,GB time only,9,13,0,0,18.01051,0.0037309609413622652
8,9,GB time only,9,13,0,0,19.0111,0.14710817852369049
8,9,GB time only,9,13,0,0,20.01075,0.03743607948587583
8,9,GB time only,9,13,0,0,21.00977,0.11056904478720868
8,9,GB time only,9,13,0,0,22.0112,0.0747371601891841
8,9,GB time only,9,13,0,0,23.01091,0.07399133668456997
8,9,GB time only,9,13,0,0,24.0096,0.07420614371025078
8,9,GB time only,9,13,0,0,25.01049,0.07420614371025078
8,9,GB time only,9,13,0,0,26.01068,0.14613150997806693
8,9,GB time only,9,13,0,0,27.01039,0.14410068902306647
8,9,GB time only,9,13,0,0,28.01047,0.14410068902306647
8,9,GB time only,9,13,0,0,29.01056,0.14742002356851092
8,9,GB time only,9,13,0,0,30.01037,0.21447307477901356
8,9,GB time only,9,13,0,0,31.01037,0.21447307477901356
8,9,GB time only,9,13,0,0,32.01043,0.1802597943871353
8,9,GB time only,9,13,0,0,33.01025,0.1802597943871353
8,9,GB time only,9,13,0,0,34.01165,0.18111441104346518
8,9,GB time only,9,13,0,0,35.01178,0.18016287905725004
8,9,GB time only,9,13,0,0,36.01152,0.21486645685430655
8,9,GB time only,9,13,0,0,37.01201,0.18034246857927524
8,9,GB time only,9,13,0,0,38.01177,0.21400612172844347
8,9,GB time only,9,13,0,0,39.01201,0.18046138351737512
8,9,GB time only,9,13,0,0,40.01328,0.21490485012651983
8,9,GB time only,9,13,0,0,41.01098,0.1475111487830285
8,9,GB time only,9,13,0,0,42.01181,0.21539580285187027
8,9,GB time only,9,13,0,0,43.011,0.18470242485368812
8,9,GB time only,9,13,0,0,44.01217,0.240585823081251
8,9,GB time only,9,13,0,0,45.01147,0.18307828993540476
8,9,GB time only,9,13,0,0,46.01141,0.18081541397369388
8,9,GB time only,9,13,0,0,47.01147,0.18328311653174229
8,9,GB time only,9,13,0,0,48.011,0.18328311653174229
8,9,GB time only,9,13,0,0,49.01306,0.24185345104744366
8,9,GB time only,9,13,0,0,50.01255,0.18616750121676046
8,9,GB time only,9,13,0,0,51.0136,0.24538687930058908
8,9,GB time only,9,13,0,0,52.01255,0.25212993233136394
8,9,GB time only,9,13,0,0,53.01245,0.27816007373617907
8,9,GB time only,9,13,0,0,54.01316,0.31594194275358495
8,9,GB time only,9,13,0,0,55.01288,0.31594194275358495
8,9,GB time only,9,13,0,0,56.01094,0.3127976414599044
8,9,GB time only,9,13,0,0,57.01193,0.37887551847315415
8,9,GB time only,9,13,0,0,58.01228,0.28206005066926587
8,9,GB time only,9,13,0,0,59.01311,0.28206005066926587
8,9,GB time only,9,13,0,0,60.01287,0.2862269481302476
8,9,GB time only,9,13,0,0,61.01322,0.3678596596942077
8,9,GB time only,9,13,0,0,62.00483,0.34889638530051925
8,9,GB time only,9,13,0,0,63.00399,0.34188714376243484
8,9,GB time only,9,13,0,0,64.01481,0.32474477327261014
8,9,GB time only,9,13,0,0,65.01499,0.3512599441744539
8,9,GB time only,9,13,0,0,66.00488,0.3512599441744539
8,9,GB time only,9,13,0,0,67.01431,0.3552670048483391
8,9,GB time only,9,13,0,0,68.01569,0.36672341775972866
8,9,GB time only,9,13,0,0,69.01431,0.29425446793507704
8,9,GB time only,9,13,0,0,70.00444,0.29425446793507704
8,9,GB time only,9,13,0,0,71.01484,0.3708025502208226
8,9,GB time only,9,13,0,0,72.01485,0.37549627235762884
8,9,GB time only,9,13,0,0,73.01538,0.35113482401738744
8,9,GB time only,9,13,0,0,74.01483,0.37954932706960076
8,9,GB time only,9,13,0,0,75.01283,0.37590096437379417
8,9,GB time only,9,13,0,0,76.01294,0.4364168591438068
8,9,GB time only,9,13,0,0,77.0144,0.3907735943659802
8,9,GB time only,9,13,0,0,78.01477,0.4050725344113222
8,9,GB time only,9,13,0,0,79.01405,0.40889290513391513
8,9,GB time only,9,13,0,0,80.01414,0.40889290513391513
8,9,GB time only,9,13,0,0,81.01292,0.40889290513391513
8,9,GB time only,9,13,0,0,82.01397,0.4140607916696889
8,9,GB time only,9,13,0,0,83.01512,0.43363635012423196
8,9,GB time only,9,13,0,0,84.00425,0.4686415614425356
8,9,GB time only,9,13,0,0,85.0048,0.4107523152882894
8,9,GB time only,9,13,0,0,86.00455,0.4743010166990115
8,9,GB time only,9,13,0,0,87.00511,0.4743010166990115
8,9,GB time only,9,13,0,0,88.01478,0.37893936703956393
8,9,GB time only,9,13,0,0,89.01393,0.5009792830981835
8,9,GB time only,9,13,0,0,90.00504,0.5009792830981835
8,9,GB time only,9,13,0,0,91.00574,0.4687428616692366
8,9,GB time only,9,13,0,0,92.01431,0.5284278474228135
8,9,GB time only,9,13,0,0,93.01505,0.49372713422029296
8,9,GB time only,9,13,0,0,94.00507,0.4523457675500458
8,9,GB time only,9,13,0,0,95.00547,0.49352152201406707
8,9,GB time only,9,13,0,0,96.00397,0.49352152201406707
8,9,GB time only,9,13,0,0,97.00613,0.5056053997261514
8,9,GB time only,9,13,0,0,98.00716,0.5731830250789929
8,9,GB time only,9,13,0,0,99.00568,0.5099316583471178
8,9,GB time only,9,13,0,0,100.0066,0.5345195045324419
8,9,GB time only,9,13,0,0,101.0064,0.5719056290288803
8,9,GB time only,9,13,0,0,102.0046,0.5098526711921203
8,9,GB time only,9,13,0,0,103.0056,0.518233446360718
8,9,GB time only,9,13,0,0,104.0057,0.48215252812328585
8,9,GB time only,9,13,0,0,105.0069,0.4933947352143845
8,9,GB time only,9,13,0,0,106.0045,0.4933947352143845
8,9,GB time only,9,13,0,0,107.0059,0.5288169616450973
8,9,GB time only,9,13,0,0,108.0047,0.5212590435375583
8,9,GB time only,9,13,0,0,109.0066,0.4212211887950897
8,9,GB time only,9,13,0,0,110.0056,0.4212211887950897
8,9,GB time only,9,13,0,0,111.0052,0.5185913252003629
8,9,GB time only,9,13,0,0,112.0055,0.5092159451743135
8,9,GB time only,9,13,0,0,113.0053,0.5292814559883307
8,9,GB time only,9,13,0,0,114.0057,0.46426646495158375
8,9,GB time only,9,13,0,0,115.0057,0.44001415864691956
8,9,GB time only,9,13,0,0,116.006,0.44001415864691956
8,9,GB time only,9,13,0,0,117.0064,0.5012581688895369
8,9,GB time only,9,13,0,0,118.0063,0.47527265498044263
8,9,GB time only,9,13,0,0,119.0068,0.4302404942851977
8,9,GB time only,9,13,0,0,120.0069,0.45895284974170886
8,9,GB time only,9,13,0,0,121.0075,0.45895284974170886
8,9,GB time only,9,13,0,0,122.0072,0.4650435870076344
8,9,GB time only,9,13,0,0,123.0058,0.4760704824409938
8,9,GB time only,9,13,0,0,124.0076,0.4760704824409938
8,9,GB time only,9,13,0,0,125.007,0.493522820280342
8,9,GB time only,9,13,0,0,126.0072,0.4983589230711578
8,9,GB time only,9,13,0,0,127.0068,0.4983589230711578
8,9,GB time only,9,13,0,0,128.0076,0.49645181024134555
8,9,GB time only,9,13,0,0,129.0074,0.4997101389969317
8,9,GB time only,9,13,0,0,130.0071,0.4941801002839144
8,9,GB time only,9,13,1,3,131.0081,0.45424384769498055
8,9,GB time only,9,13,1,3,132.0073,0.45424384769498055
8,9,GB time only,9,13,1,3,133.0062,0.518018244013532
8,9,GB time only,9,13,1,3,134.0074,0.5100011219735664
8,9,GB time only,9,13,1,3,135.0069,0.5431403884927201
8,9,GB time only,9,13,1,3,136.0064,0.4840284724934443
8,9,GB time only,9,13,1,3,137.0067,0.4840284724934443
8,9,GB time only,9,13,1,3,138.0067,0.5349915075090587
8,9,GB time only,9,13,1,3,139.007,0.5425746895554164
8,9,GB time only,9,13,1,3,140.0062,0.5119880193248478
8,9,GB time only,9,13,1,3,141.0073,0.5453700392024269
8,9,GB time only,9,13,1,3,142.0084,0.48460942229058573
8,9,GB time only,9,13,1,3,143.008,0.48460942229058573
8,9,GB time only,9,13,1,3,144.0094,0.5490056805599695
8,9,GB time only,9,13,1,3,145.0076,0.5554222836433619
8,9,GB time only,9,13,1,3,146.0077,0.5232974016203829
8,9,GB time only,9,13,1,3,147.0074,0.5015408803197545
8,9,GB time only,9,13,1,3,148.0075,0.5015408803197545
8,9,GB time only,9,13,1,3,149.0084,0.546425436026491
8,9,GB time only,9,13,1,3,150.0068,0.546425436026491
8,9,GB time only,9,13,1,3,151.0084,0.48541863798455626
8,9,GB time only,9,13,1,3,152.009,0.545813515764484
8,9,GB time only,9,13,1,3,153.0098,0.5408220672789658
8,9,GB time only,9,13,1,3,154.0073,0.5408220672789658
8,9,GB time only,9,13,0,0,155.0084,0.5503326429665202
8,9,GB time only,9,13,0,0,156.0078,0.5503326429665202
8,9,GB time only,9,13,0,0,157.008,0.564821881420073
8,9,GB time only,9,13,0,0,158.0095,0.6063782220261603
8,9,GB time only,9,13,0,0,159.0101,0.6063782220261603
8,9,GB time only,9,13,0,0,160.0103,0.6446801367014694
8,9,GB time only,9,13,0,0,161.0102,0.6446801367014694
8,9,GB time only,9,13,0,0,162.0098,0.627069766216169
8,9,GB time only,9,13,0,0,163.0103,0.6312757572687657
8,9,GB time only,9,13,0,0,164.0104,0.627609735405021
8,9,GB time only,9,13,0,0,165.0098,0.627609735405021
8,9,GB time only,9,13,0,0,166.0106,0.6504031135506586
8,9,GB time only,9,13,0,0,167.0094,0.6278969387113107
8,9,GB time only,9,13,0,0,168.0101,0.6336479104952929
8,9,GB time only,9,13,0,0,169.0095,0.6336479104952929
8,9,GB time only,9,13,0,0,170.0094,0.6336479104952929
8,9,GB time only,9,13,0,0,171.0103,0.6434789944996916
8,9,GB time only,9,13,0,0,172.0116,0.604311402500131
8,9,GB time only,9,13,0,0,173.0117,0.6532426693708807
8,9,GB time only,9,13,0,0,174.0113,0.6142289463205746
8,9,GB time only,9,13,0,0,175.0105,0.6559867223261754
8,9,GB time only,9,13,0,0,176.0114,0.6559867223261754
8,9,GB time only,9,13,0,0,177.011,0.6363278371157249
8,9,GB time only,9,13,0,0,178.0101,0.6441848829488394
8,9,GB time only,9,13,0,0,179.0093,0.6145408219774839
8,9,GB time only,9,13,0,0,180.0106,0.6477811817445743
8,9,GB time only,9,13,0,0,181.0108,0.6477811817445743
8,9,GB time only,9,13,0,0,182.0097,0.6538242159572515
8,9,GB time only,9,13,0,0,183.0091,0.5770241257495112
8,9,GB time only,9,13,0,0,184.0103,0.6535193710971631
8,9,GB time only,9,13,0,0,185.0096,0.6469032519675817
8,9,GB time only,9,13,0,0,186.01,0.6285952533353452
8,9,GB time only,9,13,0,0,187.0108,0.6285952533353452
8,9,GB time only,9,13,0,0,188.0104,0.6302823639093738
8,9,GB time only,9,13,0,0,189.0116,0.6272435819988698
8,9,GB time only,9,13,0,0,190.0116,0.6822599486344042
8,9,GB time only,9,13,0,0,191.0115,0.6822599486344042
8,9,GB time only,9,13,0,0,192.0119,0.6549941510614321
8,9,GB time only,9,13,0,0,193.0109,0.680864364973715
8,9,GB time only,9,13,0,0,194.0107,0.6767279610070996
8,9,GB time only,9,13,0,0,195.01,0.6378358392834346
8,9,GB time only,9,13,0,0,196.0102,0.7486172897946903
8,9,GB time only,9,13,0,0,197.0122,0.7486172897946903
8,9,GB time only,9,13,0,0,198.0116,0.6389628374345757
8,9,GB time only,9,13,0,0,199.0125,0.6494309868942517
8,9,GB time only,9,13,0,0,200.0115,0.6961261272271088
8,9,GB time only,9,13,0,0,201.0117,0.6383710298128739
8,9,GB time only,9,13,0,0,202.0122,0.6383710298128739
8,9,GB time only,9,13,0,0,203.0135,0.6711114315941314
8,9,GB time only,9,13,0,0,204.0123,0.6131139537091834
8,9,GB time only,9,13,0,0,205.0133,0.6241208274583383
8,9,GB time only,9,13,0,0,206.013,0.6524368154842638
8,9,GB time only,9,13,0,0,207.0117,0.6275365608234954
8,9,GB time only,9,13,0,0,208.0125,0.6275365608234954
8,9,GB time only,9,13,0,0,209.0119,0.631204350754352
8,9,GB time only,9,13,0,0,210.0124,0.6005249552760509
8,9,GB time only,9,13,0,0,211.013,0.6704650590196038
8,9,GB time only,9,13,0,0,212.0144,0.6328295014539348
8,9,GB time only,9,13,0,0,213.0136,0.6274294381261456
8,9,GB time only,9,13,0,0,214.0147,0.6274294381261456
8,9,GB time only,9,13,0,0,215.0134,0.6307987699871784
8,9,GB time only,9,13,0,0,216.0129,0.6271310506507266
8,9,GB time only,9,13,0,0,217.0129,0.6333822536327107
8,9,GB time only,9,13,0,0,218.0129,0.6757462129680657
8,9,GB time only,9,13,0,0,219.0129,0.6757462129680657
8,9,GB time only,9,13,0,0,220.0126,0.6810345120557756
8,9,GB time only,9,13,0,0,221.0129,0.650098042106745
8,9,GB time only,9,13,0,0,222.0122,0.6236133889913111
8,9,GB time only,9,13,0,0,223.0122,0.7241288781790718
8,9,GB time only,9,13,0,0,224.0124,0.6665468818036535
8,9,GB time only,9,13,0,0,225.0121,0.6665468818036535
8,9,GB time only,9,13,0,0,226.0132,0.6643171551823568
8,9,GB time only,9,13,0,0,227.0143,0.670881826625074
8,9,GB time only,9,13,0,0,228.0146,0.6644240142150183
8,9,GB time only,9,13,0,0,229.014,0.671734828147536
8,9,GB time only,9,13,0,0,230.0146,0.671734828147536
8,9,GB time only,9,13,0,0,231.0143,0.6634479850489255
8,9,GB time only,9,13,0,0,232.0145,0.6634479850489255
8,9,GB time only,9,13,0,0,233.0145,0.6750611193616296
8,9,GB time only,9,13,0,0,234.0137,0.6822545542128334
8,9,GB time only,9,13,0,0,235.0139,0.6822545542128334
8,9,GB time only,9,13,0,0,236.0044,0.6518455199527009
8,9,GB time only,9,13,0,0,237.0162,0.6295608280883448
8,9,GB time only,9,13,0,0,238.0152,0.6981514395752587
8,9,GB time only,9,13,0,0,239.0044,0.6981514395752587
8,9,GB time only,9,13,0,0,240.0048,0.638536505731035
8,9,GB time only,9,13,0,0,241.0044,0.6983756688254269
8,9,GB time only,9,13,0,0,242.0045,0.6611869096856379
8,9,GB time only,9,13,0,0,243.0043,0.6274447116686246
8,9,GB time only,9,13,0,0,244.0162,0.6861561357859559
8,9,GB time only,9,13,0,0,245.0155,0.698304233554138
8,9,GB time only,9,13,0,0,246.0154,0.698304233554138
8,9,GB time only,9,13,0,0,247.0153,0.6602730193042595
8,9,GB time only,9,13,0,0,248.0145,0.6543368259370528
8,9,GB time only,9,13,0,0,249.0152,0.6733763377632065
8,9,GB time only,9,13,0,0,250.0147,0.6604024784798773
8,9,GB time only,9,13,0,0,251.0159,0.6604024784798773
8,9,GB time only,9,13,0,0,252.0157,0.6546791932092868
8,9,GB time only,9,13,0,0,253.0046,0.661544444508996
8,9,GB time only,9,13,0,0,254.0047,0.661544444508996
8,9,GB time only,9,13,0,0,255.0051,0.676271894600972
8,9,GB time only,9,13,0,0,256.0152,0.7084365279242354
8,9,GB time only,9,13,0,0,257.0048,0.7042198295543286
8,9,GB time only,9,13,0,0,258.0048,0.6378723206284342
8,9,GB time only,9,13,0,0,259.0142,0.7513707342384004
8,9,GB time only,9,13,0,0,260.0155,0.663721495404741
8,9,GB time only,9,13,0,0,261.0048,0.663721495404741
8,9,GB time only,9,13,0,0,262.0058,0.677069222844775
8,9,GB time only,9,13,0,0,263.0071,0.677069222844775
8,9,GB time only,9,13,0,0,264.0063,0.677069222844775
8,9,GB time only,9,13,0,0,265.0065,0.7343644871606408
8,9,GB time only,9,13,0,0,266.0061,0.6769821629259481
8,9,GB time only,9,13,0,0,267.0054,0.6642083338007432
8,9,GB time only,9,13,0,0,268.0065,0.6642083338007432
8,9,GB time only,9,13,0,0,269.0069,0.7010990456758109
8,9,GB time only,9,13,0,0,270.006,0.6872686627864818
8,9,GB time only,9,13,0,0,271.0046,0.6796834889785976
8,9,GB time only,9,13,0,0,272.0052,0.6796834889785976
8,9,GB time only,9,13,0,0,273.0052,0.6846634976545556
8,9,GB time only,9,13,0,0,274.0054,0.6790567569723835
8,9,GB time only,9,13,0,0,275.0052,0.6790567569723835
8,9,GB time only,9,13,0,0,276.0056,0.7103757429787994
8,9,GB time only,9,13,0,0,277.0053,0.7103757429787994
8,9,GB time only,9,13,0,0,278.0059,0.7056536680088444
8,9,GB time only,9,13,0,0,279.0058,0.7360903062663527
8,9,GB time only,9,13,0,0,280.0075,0.7307490841292638
8,9,GB time only,9,13,0,0,281.0063,0.6896782616849126
8,9,GB time only,9,13,0,0,282.006,0.6896782616849126
8,9,GB time only,9,13,0,0,283.005,0.7303327154794966
8,9,GB time only,9,13,0,0,284.0056,0.7679580650228812
8,9,GB time only,9,13,0,0,285.0061,0.6963438286558392
8,9,GB time only,9,13,0,0,286.0067,0.7368138223534808
8,9,GB time only,9,13,0,0,287.0079,0.7368138223534808
8,9,GB time only,9,13,0,0,288.0077,0.7065628851528492
8,9,GB time only,9,13,0,0,289.006,0.729172164903029
8,9,GB time only,9,13,0,0,290.0072,0.6896954397447383
8,9,GB time only,9,13,0,0,291.0072,0.6896954397447383
8,9,GB time only,9,13,0,0,292.0069,0.7567251001864287
8,9,GB time only,9,13,0,0,293.0074,0.787167012165217
8,9,GB time only,9,13,0,0,294.0071,0.7326988629548576
8,9,GB time only,9,13,0,0,295.0074,0.7326988629548576
8,9,GB time only,9,13,0,0,296.0071,0.8115871723909062
8,9,GB time only,9,13,0,0,297.0076,0.7591096910156888
8,9,GB time only,9,13,0,0,298.0078,0.764265694262898
8,9,GB time only,9,13,0,0,299.007,0.764265694262898
8,9,GB time only,9,13,0,0,300.0064,0.7824060637613941
8,9,GB time only,9,13,0,0,301.0068,0.7884243679829481
8,9,RF+GB,8,12,0,0,0.0110377,0.0023841969659689293
8,9,RF+GB,8,12,0,0,1.010147,0.004648169987091222
8,9,RF+GB,8,12,0,0,2.016094,0.005273179564602524
8,9,RF+GB,8,12,0,0,3.009745,0.0022174112708922473
8,9,RF+GB,8,12,1,1,4.01616,0.0022104072528847706
8,9,RF+GB,8,12,1,1,5.009424,0.01092837401687871
8,9,RF+GB,8,12,1,1,6.01379,0.007545014627083104
8,9,RF+GB,8,12,1,1,7.008862,0.01255062467645463
8,9,RF+GB,8,12,1,1,8.014355,0.0555456089949725
8,9,RF+GB,8,12,1,1,9.019238,0.06785162929049572
8,9,RF+GB,8,12,1,1,10.01213,0.08077971929699305
8,9,RF+GB,8,12,1,1,11.0166,0.08088974277531867
8,9,RF+GB,8,12,1,1,12.01287,0.08513606107346636
8,9,RF+GB,8,12,1,1,13.01876,0.11066499322705065
8,9,RF+GB,8,12,1,1,14.01381,0.11477620729189501
8,9,RF+GB,8,12,1,1,15.01681,0.1119912690180815
8,9,RF+GB,8,12,1,1,16.01281,0.11314387703753916
8,9,RF+GB,8,12,1,1,17.01839,0.10196593125126335
8,9,RF+GB,8,12,1,1,18.01066,0.12338449805903705
8,9,RF+GB,8,12,1,1,19.01831,0.15615982146644247
8,9,RF+GB,8,12,1,1,20.01064,0.16561001884657917
8,9,RF+GB,8,12,1,1,21.0165,0.17165241911937384
8,9,RF+GB,8,12,1,1,22.01155,0.16496261730942424
8,9,RF+GB,8,12,1,1,23.01568,0.15263484423963808
8,9,RF+GB,8,12,1,1,24.0096,0.14713293452614623
8,9,RF+GB,8,12,1,1,25.01568,0.14897849460490312
8,9,RF+GB,8,12,1,1,26.00962,0.17828065918571667
8,9,RF+GB,8,12,1,1,27.01536,0.16579514655438715
8,9,RF+GB,8,12,1,1,28.0098,0.174269646977883
8,9,RF+GB,8,12,1,1,29.01463,0.1653016515299716
8,9,RF+GB,8,12,1,1,30.0086,0.1408035845930622
8,9,RF+GB,8,12,1,1,31.01355,0.1434382343774765
8,9,RF+GB,8,12,1,1,32.01867,0.12357645811027221
8,9,RF+GB,8,12,1,1,33.01118,0.12121360128940119
8,9,RF+GB,8,12,1,1,34.01851,0.1262187984986112
8,9,RF+GB,8,12,1,1,35.01208,0.24917810850677244
8,9,RF+GB,8,12,1,1,36.01853,0.2730090385067576
8,9,RF+GB,8,12,1,1,37.01241,0.2733187008263646
8,9,RF+GB,8,12,1,1,38.01729,0.27568677857422363
8,9,RF+GB,8,12,1,1,39.01123,0.26483072558194054
8,9,RF+GB,8,12,1,1,40.0166,0.26766336850332423
8,9,RF+GB,8,12,1,1,41.00916,0.2635803168540462
8,9,RF+GB,8,12,1,1,42.01604,0.25001701715318225
8,9,RF+GB,8,12,1,1,43.00914,0.2487919226066304
8,9,RF+GB,8,12,1,1,44.01637,0.24732083223558554
8,9,RF+GB,8,12,1,1,45.01945,0.23352208468370156
8,9,RF+GB,8,12,1,1,46.01505,0.23327496961955738
8,9,RF+GB,8,12,1,1,47.0084,0.23803557361075547
8,9,RF+GB,8,12,1,1,48.01484,0.2443279734171505
8,9,RF+GB,8,12,1,1,49.00824,0.24438425750178316
8,9,RF+GB,8,12,1,1,50.01454,0.246856628520892
8,9,RF+GB,8,12,1,1,51.01845,0.28866377968487295
8,9,RF+GB,8,12,1,1,52.01202,0.26950790571793326
8,9,RF+GB,8,12,1,1,53.01875,0.2879483919828122
8,9,RF+GB,8,12,1,1,54.01386,0.28889388928963006
8,9,RF+GB,8,12,1,1,55.01745,0.28801567574112186
8,9,RF+GB,8,12,1,1,56.01162,0.28987604047233334
8,9,RF+GB,8,12,1,1,57.01839,0.2343803292238696
8,9,RF+GB,8,12,1,1,58.01215,0.24452264119947342
8,9,RF+GB,8,12,1,1,59.01632,0.2430190572794439
8,9,RF+GB,8,12,1,1,60.01164,0.27416926174852363
8,9,RF+GB,8,12,1,1,61.01605,0.28432229585976243
8,9,RF+GB,8,12,1,1,62.01088,0.3020878645829356
8,9,RF+GB,8,12,1,1,63.01574,0.2973016056448879
8,9,RF+GB,8,12,1,1,64.0106,0.29331988612228044
8,9,RF+GB,8,12,1,1,65.01489,0.3230172608406464
8,9,RF+GB,8,12,1,1,66.00845,0.3199544832808866
8,9,RF+GB,8,12,1,1,67.01373,0.3166217947625528
8,9,RF+GB,8,12,1,1,68.01971,0.23825164652927067
8,9,RF+GB,8,12,1,1,69.01488,0.23800905815748188
8,9,RF+GB,8,12,1,1,70.01777,0.24388871997275502
8,9,RF+GB,8,12,1,1,71.01369,0.21285210591944329
8,9,RF+GB,8,12,1,1,72.01964,0.27075557439002074
8,9,RF+GB,8,12,1,1,73.01192,0.2974510040541211
8,9,RF+GB,8,12,1,1,74.01961,0.30982479412561975
8,9,RF+GB,8,12,1,1,75.01247,0.29787817695314456
8,9,RF+GB,8,12,1,1,76.01733,0.317949023222862
8,9,RF+GB,8,12,1,1,77.01091,0.34196988820505636
8,9,RF+GB,8,12,1,1,78.01698,0.5434264734090289
8,9,RF+GB,8,12,1,1,79.01109,0.5632667711245934
8,9,RF+GB,8,12,1,1,80.01685,0.5836699671271016
8,9,RF+GB,8,12,1,1,81.01129,0.5849592113870392
8,9,RF+GB,8,12,1,1,82.0164,0.5779320652431424
8,9,RF+GB,8,12,1,1,83.00986,0.6125540282393441
8,9,RF+GB,8,12,1,1,84.01507,0.6626333358139996
8,9,RF+GB,8,12,1,1,85.0094,0.6428564165662356
8,9,RF+GB,8,12,1,1,86.01546,0.651176172102426
8,9,RF+GB,8,12,1,1,87.00921,0.6470027958130699
8,9,RF+GB,8,12,1,1,88.01216,0.6478513455537251
8,9,RF+GB,8,12,1,1,89.00884,0.6850816774824942
8,9,RF+GB,8,12,1,1,90.01527,0.6874095275333127
8,9,RF+GB,8,12,1,1,91.01823,0.684798285915871
8,9,RF+GB,8,12,1,1,92.01326,0.6819186643174321
8,9,RF+GB,8,12,1,1,93.0173,0.6377012933423503
8,9,RF+GB,8,12,1,1,94.012,0.6425012626543292
8,9,RF+GB,8,12,1,1,95.01615,0.6186190261214188
8,9,RF+GB,8,12,1,1,96.01204,0.6266764156881448
8,9,RF+GB,8,12,1,1,97.01764,0.6347173400125423
8,9,RF+GB,8,12,1,1,98.0108,0.6435425355734337
8,9,RF+GB,8,12,1,1,99.01787,0.6408896005614952
8,9,RF+GB,8,12,1,1,100.0112,0.6382746449502956
8,9,RF+GB,8,12,1,1,101.0159,0.6463513563835981
8,9,RF+GB,8,12,1,1,102.0096,0.6432317055447008
8,9,RF+GB,8,12,1,1,103.0159,0.6449413116169622
8,9,RF+GB,8,12,1,1,104.0102,0.6511948099845403
8,9,RF+GB,8,12,1,1,105.0157,0.6912066740788478
8,9,RF+GB,8,12,1,1,106.0086,0.7047113470773323
8,9,RF+GB,8,12,1,1,107.0142,0.7119591513915404
8,9,RF+GB,8,12,1,1,108.009,0.7073783603296924
8,9,RF+GB,8,12,1,1,109.0137,0.7107116936630258
8,9,RF+GB,8,12,1,1,110.0089,0.7119591513915404
8,9,RF+GB,8,12,1,1,111.0139,0.7206055037829193
8,9,RF+GB,8,12,1,1,112.0085,0.7337554090130727
8,9,RF+GB,8,12,1,1,113.0106,0.7273781664955846
8,9,RF+GB,8,12,1,1,114.017,0.726052126897594
8,9,RF+GB,8,12,1,1,115.0134,0.7433556106926844
8,9,RF+GB,8,12,1,1,116.0167,0.7425117837137389
8,9,RF+GB,8,12,1,1,117.0123,0.7578586427369338
8,9,RF+GB,8,12,1,1,118.0174,0.7545194929255211
8,9,RF+GB,8,12,1,1,119.0114,0.7594297368616117
8,9,RF+GB,8,12,1,1,120.0172,0.7686081441760089
8,9,RF+GB,8,12,1,1,121.0105,0.7722231871586018
8,9,RF+GB,8,12,1,1,122.0162,0.783254974552998
8,9,RF+GB,8,12,1,1,123.0094,0.783161532944907
8,9,RF+GB,8,12,1,1,124.015,0.7725965880286021
8,9,RF+GB,8,12,1,1,125.0093,0.7772534933120099
8,9,RF+GB,8,12,1,1,126.0151,0.7521152977428924
8,9,RF+GB,8,12,1,1,127.0096,0.7649274094127536
8,9,RF+GB,8,12,1,1,128.0141,0.7892629363634871
8,9,RF+GB,8,12,1,1,129.0185,0.7897032885346106
8,9,RF+GB,8,12,1,1,130.014,0.7940968983580181
8,9,RF+GB,8,12,1,1,131.0189,0.7934297076177792
8,9,RF+GB,8,12,1,1,132.0128,0.7973090393540047
8,9,RF+GB,8,12,1,1,133.019,0.7958602591018165
8,9,RF+GB,8,12,1,1,134.0107,0.7935390522644806
8,9,RF+GB,8,12,1,1,135.0182,0.794006869452154
8,9,RF+GB,8,12,1,1,136.0107,0.7960353826964031
8,9,RF+GB,8,12,1,1,137.0173,0.7906808036839701
8,9,RF+GB,8,12,1,1,138.0118,0.7979453371231708
8,9,RF+GB,8,12,1,1,139.0185,0.7983683030031796
8,9,RF+GB,8,12,1,1,140.011,0.8022667622387769
8,9,RF+GB,8,12,1,1,141.0155,0.796507660752951
8,9,RF+GB,8,12,1,1,142.0092,0.8017661038249164
8,9,RF+GB,8,12,1,1,143.0148,0.8014213176735836
8,9,RF+GB,8,12,1,1,144.0097,0.804380300653204
8,9,RF+GB,8,12,1,1,145.0158,0.807873643862846
8,9,RF+GB,8,12,1,1,146.009,0.8110466981848214
8,9,RF+GB,8,12,1,1,147.0147,0.7998730038265627
8,9,RF+GB,8,12,1,1,148.0176,0.8065644588011365
8,9,RF+GB,8,12,1,1,149.0135,0.7922605025504388
8,9,RF+GB,8,12,1,1,150.0089,0.7982063371598961
8,9,RF+GB,8,12,1,1,151.0133,0.8043800315181548
8,9,RF+GB,8,12,1,1,152.0182,0.7877475563100353
8,9,RF+GB,8,12,1,1,153.0136,0.8033429083819377
8,9,RF+GB,8,12,1,1,154.0181,0.7891423114025748
8,9,RF+GB,8,12,1,1,155.0128,0.813130432593306
8,9,RF+GB,8,12,1,1,156.0166,0.8158367289423858
8,9,RF+GB,8,12,1,1,157.0118,0.8339496453758393
8,9,RF+GB,8,12,1,1,158.0165,0.8418703218632508
8,9,RF+GB,8,12,1,1,159.0093,0.8453245428566689
8,9,RF+GB,8,12,1,1,160.0144,0.844962153893499
8,9,RF+GB,8,12,1,1,161.0088,0.8499386964012483
8,9,RF+GB,8,12,1,1,162.0157,0.8438584197561234
8,9,RF+GB,8,12,1,1,163.0096,0.8457311846187272
8,9,RF+GB,8,12,1,1,164.0156,0.8435712592528031
8,9,RF+GB,8,12,1,1,165.0181,0.8453694774685161
8,9,RF+GB,8,12,1,1,166.015,0.8455005085038194
8,9,RF+GB,8,12,1,1,167.0088,0.8455351458542848
8,9,RF+GB,8,12,1,1,168.0134,0.8493217224100369
8,9,RF+GB,8,12,1,1,169.0189,0.8503288479123535
8,9,RF+GB,8,12,1,1,170.0132,0.8506248170899824
8,9,RF+GB,8,12,1,1,171.0085,0.8504858905971913
8,9,RF+GB,8,12,1,1,172.0134,0.8522639317846729
8,9,RF+GB,8,12,1,1,173.0177,0.8574201875195541
8,9,RF+GB,8,12,1,1,174.0111,0.8552076982099017
8,9,RF+GB,8,12,1,1,175.0181,0.8602680742727231
8,9,RF+GB,8,12,1,1,176.0109,0.8634077966637628
8,9,RF+GB,8,12,1,1,177.017,0.8654442548927689
8,9,RF+GB,8,12,1,1,178.011,0.8670014751641376
8,9,RF+GB,8,12,1,1,179.0166,0.8678306100127087
8,9,RF+GB,8,12,1,1,180.0093,0.8673682363982027
8,9,RF+GB,8,12,1,1,181.0153,0.8712083185843409
8,9,RF+GB,8,12,1,1,182.0092,0.8695416519176742
8,9,RF+GB,8,12,1,1,183.0143,0.8702872070183123
8,9,RF+GB,8,12,1,1,184.0083,0.8700609764722069
8,9,RF+GB,8,12,1,1,185.0125,0.8719096457830515
8,9,RF+GB,8,12,1,1,186.0095,0.872845035418077
8,9,RF+GB,8,12,1,1,187.0145,0.8729242392339546
8,9,RF+GB,8,12,1,1,188.0086,0.8729242392339546
8,9,RF+GB,8,12,1,1,189.0136,0.8719852453800961
8,9,RF+GB,8,12,1,1,190.0171,0.8753414815566191
8,9,RF+GB,8,12,1,1,191.013,0.8748099796168578
8,9,RF+GB,8,12,1,1,192.0174,0.8752258086813915
8,9,RF+GB,8,12,1,1,193.0106,0.8752166150345922
8,9,RF+GB,8,12,1,1,194.0183,0.8724703924828947
8,9,RF+GB,8,12,1,1,195.011,0.8691794808153688
8,9,RF+GB,8,12,1,1,196.0152,0.8717450751503764
8,9,RF+GB,8,12,1,1,197.0104,0.8715499381110826
8,9,RF+GB,8,12,1,1,198.0171,0.8723632234240464
8,9,RF+GB,8,12,1,1,199.0101,0.8732137527476376
8,9,RF+GB,8,12,1,1,200.0164,0.8724624413613113
8,9,RF+GB,8,12,1,1,201.0086,0.8708534077235685
8,9,RF+GB,8,12,1,1,202.0159,0.8725941950422833
8,9,RF+GB,8,12,1,1,203.0097,0.8733674765424084
8,9,RF+GB,8,12,1,1,204.015,0.875229865416072
8,9,RF+GB,8,12,1,1,205.0092,0.8761774679621999
8,9,RF+GB,8,12,1,1,206.0141,0.8727624825882088
8,9,RF+GB,8,12,1,1,207.008,0.8727588783693757
8,9,RF+GB,8,12,1,1,208.0141,0.873580190511505
8,9,RF+GB,8,12,1,1,209.0079,0.8745202228529452
8,9,RF+GB,8,12,1,1,210.0141,0.872792620524397
8,9,RF+GB,8,12,1,1,211.0173,0.8738095777670192
8,9,RF+GB,8,12,1,1,212.0122,0.8711259538577303
8,9,RF+GB,8,12,1,1,213.0178,0.8710738042703867
8,9,RF+GB,8,12,1,1,214.0104,0.874803772778078
8,9,RF+GB,8,12,1,1,215.0173,0.8762764242145238
8,9,RF+GB,8,12,1,1,216.0121,0.8727674331702093
8,9,RF+GB,8,12,1,1,217.016,0.8744405533499051
8,9,RF+GB,8,12,1,1,218.0118,0.8743562473151512
8,9,RF+GB,8,12,1,1,219.017,0.8761052510056071
8,9,RF+GB,8,12,1,1,220.0112,0.875327053805262
8,9,RF+GB,8,12,1,1,221.0145,0.8727070427083218
8,9,RF+GB,8,12,1,1,222.0105,0.871977439782798
8,9,RF+GB,8,12,1,1,223.0154,0.8684019585572542
8,9,RF+GB,8,12,1,1,224.0105,0.8719413004519552
8,9,RF+GB,8,12,1,1,225.0148,0.8649363905758253
8,9,RF+GB,8,12,1,1,226.0095,0.86665234050797
8,9,RF+GB,8,12,1,1,227.0143,0.8666176717463806
8,9,RF+GB,8,12,1,1,228.0086,0.8666462699701107
8,9,RF+GB,8,12,1,1,229.0141,0.8699876262495028
8,9,RF+GB,8,12,1,1,230.0186,0.8749796033034442
8,9,RF+GB,8,12,1,1,231.0125,0.8757328803305374
8,9,RF+GB,8,12,1,1,232.0178,0.8733129366367776
8,9,RF+GB,8,12,1,1,233.0099,0.8749815931975761
8,9,RF+GB,8,12,1,1,234.0176,0.8725467829558211
8,9,RF+GB,8,12,1,1,235.0116,0.8759148961795928
8,9,RF+GB,8,12,1,1,236.0172,0.8758801162891545
8,9,RF+GB,8,12,1,1,237.0101,0.8747442613526469
8,9,RF+GB,8,12,1,1,238.0155,0.8704457730399758
8,9,RF+GB,8,12,1,1,239.008,0.8726042976989201
8,9,RF+GB,8,12,1,1,240.0153,0.8727978884011662
8,9,RF+GB,8,12,1,1,241.0105,0.8721093938407317
8,9,RF+GB,8,12,1,1,242.0131,0.8735995460198578
8,9,RF+GB,8,12,1,1,243.0095,0.8740009482024578
8,9,RF+GB,8,12,1,1,244.014,0.8755308237887263
8,9,RF+GB,8,12,1,1,245.0085,0.858633582892757
8,9,RF+GB,8,12,1,1,246.0148,0.8653176069492321
8,9,RF+GB,8,12,1,1,247.009,0.8702736128027893
8,9,RF+GB,8,12,1,1,248.0144,0.8725065584056401
8,9,RF+GB,8,12,1,1,249.0175,0.8775666172292356
8,9,RF+GB,8,12,1,1,250.0134,0.8801196170595591
8,9,RF+GB,8,12,1,1,251.0181,0.8792630284248988
8,9,RF+GB,8,12,1,1,252.0121,0.8801482900121058
8,9,RF+GB,8,12,1,1,253.0182,0.8818429753327258
8,9,RF+GB,8,12,1,1,254.0107,0.8837341024115946
8,9,RF+GB,8,12,1,1,255.0149,0.8794674660962443
8,9,RF+GB,8,12,1,1,256.0111,0.8798249476510297
8,9,RF+GB,8,12,1,1,257.0152,0.8796414910019477
8,9,RF+GB,8,12,1,1,258.0106,0.8805447382495768
8,9,RF+GB,8,12,1,1,259.0168,0.882349341126725
8,9,RF+GB,8,12,1,1,260.0113,0.8841488670333651
8,9,RF+GB,8,12,1,1,261.0168,0.88435578169015
8,9,RF+GB,8,12,1,1,262.0091,0.880336866896807
8,9,RF+GB,8,12,1,1,263.015,0.8788027901018989
8,9,RF+GB,8,12,1,1,264.0086,0.8804421662876194
8,9,RF+GB,8,12,1,1,265.0153,0.8804421662876194
8,9,RF+GB,8,12,1,1,266.0085,0.8804694567685656
8,9,RF+GB,8,12,1,1,267.0125,0.8803487403364667
8,9,RF+GB,8,12,1,1,268.0091,0.8832203072237641
8,9,RF+GB,8,12,1,1,269.0128,0.8857607422071502
8,9,RF+GB,8,12,1,1,270.0084,0.8825908647812224
8,9,RF+GB,8,12,1,1,271.0146,0.8812565758615172
8,9,RF+GB,8,12,1,1,272.0173,0.8836125617388747
8,9,RF+GB,8,12,1,1,273.0097,0.8813053814861918
8,9,RF+GB,8,12,1,1,274.0183,0.8787823352699083
8,9,RF+GB,8,12,1,1,275.0115,0.8781309915301719
8,9,RF+GB,8,12,1,1,276.0151,0.8764230234116901
8,9,RF+GB,8,12,1,1,277.0096,0.8747640905457832
8,9,RF+GB,8,12,1,1,278.0158,0.8753686088183403
8,9,RF+GB,8,12,1,1,279.0106,0.877968881400601
8,9,RF+GB,8,12,1,1,280.0164,0.8779847384374015
8,9,RF+GB,8,12,1,1,281.0103,0.8762740330087462
8,9,RF+GB,8,12,1,1,282.0149,0.8763180717707348
8,9,RF+GB,8,12,1,1,283.009,0.8762740330087462
8,9,RF+GB,8,12,1,1,284.0134,0.8746514051040681
8,9,RF+GB,8,12,1,1,285.0092,0.8764775297237795
8,9,RF+GB,8,12,1,1,286.0143,0.8754942074663136
8,9,RF+GB,8,12,1,1,287.0086,0.8751212311211023
8,9,RF+GB,8,12,1,1,288.0116,0.8716263130607427
8,9,RF+GB,8,12,1,1,289.0082,0.8706998600884381
8,9,RF+GB,8,12,1,1,290.0127,0.8691276632652314
8,9,RF+GB,8,12,1,1,291.0188,0.8707749345235134
8,9,RF+GB,8,12,1,1,292.0116,0.8724416011901801
8,9,RF+GB,8,12,1,1,293.0168,0.873048513554059
8,9,RF+GB,8,12,1,1,294.0131,0.8714651238911262
8,9,RF+GB,8,12,1,1,295.0175,0.870369253679453
8,9,RF+GB,8,12,1,1,296.0116,0.868097614091018
8,9,RF+GB,8,12,1,1,297.0178,0.868097614091018
8,9,RF+GB,8,12,1,1,298.0087,0.8680097762464576
8,9,RF+GB,8,12,1,1,299.016,0.8680250693097666
8,9,RF+GB,8,12,1,1,300.0092,0.8679714366577497
8,9,RF+GB,8,12,1,1,301.0147,0.8684753559232282
8,9,RF+GB,9,13,0,0,0.0110195,0.023702935280184727
8,9,RF+GB,9,13,0,0,1.005759,0.02449164232384879
8,9,RF+GB,9,13,0,0,2.00784,0.02448639226785672
8,9,RF+GB,9,13,0,0,3.007802,0.024717441664624307
8,9,RF+GB,9,13,0,0,4.007293,0.03543524155483284
8,9,RF+GB,9,13,0,0,5.008187,0.03876857488816617
8,9,RF+GB,9,13,0,0,6.008643,0.04710190822149951
8,9,RF+GB,9,13,0,0,7.009022,0.06645006062699961
8,9,RF+GB,9,13,0,0,8.008588,0.05804998217044565
8,9,RF+GB,9,13,0,0,9.008896,0.061142823243648066
8,9,RF+GB,9,13,0,0,10.00913,0.05949468106722844
8,9,RF+GB,9,13,0,0,11.01103,0.05516475621029152
8,9,RF+GB,9,13,0,0,12.01013,0.05475659749650163
8,9,RF+GB,9,13,0,0,13.01072,0.0719452488095563
8,9,RF+GB,9,13,0,0,14.01103,0.07924050788628197
8,9,RF+GB,9,13,0,0,15.0121,0.07954133190635307
8,9,RF+GB,9,13,0,0,16.00964,0.06627307801767403
8,9,RF+GB,9,13,0,0,17.01035,0.07028925376019858
8,9,RF+GB,9,13,0,0,18.01051,0.08321415581241914
8,9,RF+GB,9,13,0,0,19.0111,0.10360528763690063
8,9,RF+GB,9,13,0,0,20.01075,0.10302255827552319
8,9,RF+GB,9,13,0,0,21.00977,0.12794727196176642
8,9,RF+GB,9,13,0,0,22.0112,0.12803032931782923
8,9,RF+GB,9,13,0,0,23.01091,0.119588447875942
8,9,RF+GB,9,13,0,0,24.0096,0.12485325927187099
8,9,RF+GB,9,13,0,0,25.01049,0.1150196293191002
8,9,RF+GB,9,13,0,0,26.01068,0.12004524527559471
8,9,RF+GB,9,13,0,0,27.01039,0.11376760648946901
8,9,RF+GB,9,13,0,0,28.01047,0.108224697103335
8,9,RF+GB,9,13,0,0,29.01056,0.10902367940787273
8,9,RF+GB,9,13,0,0,30.01037,0.10679139058331895
8,9,RF+GB,9,13,0,0,31.01037,0.11981960852183773
8,9,RF+GB,9,13,0,0,32.01043,0.1127503155643833
8,9,RF+GB,9,13,0,0,33.01025,0.11294848990128184
8,9,RF+GB,9,13,0,0,34.01165,0.11508948461337093
8,9,RF+GB,9,13,0,0,35.01178,0.11478595946121375
8,9,RF+GB,9,13,0,0,36.01152,0.12825431112042307
8,9,RF+GB,9,13,0,0,37.01201,0.14947226548007728
8,9,RF+GB,9,13,0,0,38.01177,0.1633046118395206
8,9,RF+GB,9,13,0,0,39.01201,0.17239460667507425
8,9,RF+GB,9,13,0,0,40.01328,0.19318081819098326
8,9,RF+GB,9,13,0,0,41.01098,0.2007017394579829
8,9,RF+GB,9,13,0,0,42.01181,0.20735417780727008
8,9,RF+GB,9,13,0,0,43.011,0.21230565834496445
8,9,RF+GB,9,13,0,0,44.01217,0.2135345139965051
8,9,RF+GB,9,13,0,0,45.01147,0.2106296778750013
8,9,RF+GB,9,13,0,0,46.01141,0.20939903812654048
8,9,RF+GB,9,13,0,0,47.01147,0.2018723478423161
8,9,RF+GB,9,13,0,0,48.011,0.19711666068363176
8,9,RF+GB,9,13,0,0,49.01306,0.19537805195425065
8,9,RF+GB,9,13,0,0,50.01255,0.1891282554549235
8,9,RF+GB,9,13,0,0,51.0136,0.18185108606468392
8,9,RF+GB,9,13,0,0,52.01255,0.17885501281720845
8,9,RF+GB,9,13,0,0,53.01245,0.1755588993019847
8,9,RF+GB,9,13,0,0,54.01316,0.17359115604129888
8,9,RF+GB,9,13,0,0,55.01288,0.17860034147381554
8,9,RF+GB,9,13,0,0,56.01094,0.18069093213422588
8,9,RF+GB,9,13,0,0,57.01193,0.18498620003751443
8,9,RF+GB,9,13,0,0,58.01228,0.17579152502348047
8,9,RF+GB,9,13,0,0,59.01311,0.1854527186942222
8,9,RF+GB,9,13,0,0,60.01287,0.215518085732267
8,9,RF+GB,9,13,0,0,61.01322,0.2134130501522823
8,9,RF+GB,9,13,0,0,62.00483,0.19841356348319072
8,9,RF+GB,9,13,0,0,63.00399,0.20084062175878206
8,9,RF+GB,9,13,0,0,64.01481,0.19428703111667797
8,9,RF+GB,9,13,0,0,65.01499,0.21016825736736758
8,9,RF+GB,9,13,0,0,66.00488,0.19828475004676901
8,9,RF+GB,9,13,0,0,67.01431,0.21689635630193482
8,9,RF+GB,9,13,0,0,68.01569,0.2362066934384102
8,9,RF+GB,9,13,0,0,69.01431,0.2319718714071434
8,9,RF+GB,9,13,0,0,70.00444,0.23297218738983488
8,9,RF+GB,9,13,0,0,71.01484,0.22291947178373323
8,9,RF+GB,9,13,0,0,72.01485,0.22856736507925388
8,9,RF+GB,9,13,0,0,73.01538,0.22226532919344286
8,9,RF+GB,9,13,0,0,74.01483,0.21529096174699713
8,9,RF+GB,9,13,0,0,75.01283,0.2048758172135218
8,9,RF+GB,9,13,0,0,76.01294,0.20011328231909314
8,9,RF+GB,9,13,0,0,77.0144,0.2063421062057554
8,9,RF+GB,9,13,0,0,78.01477,0.22651614509103346
8,9,RF+GB,9,13,0,0,79.01405,0.22531444215774557
8,9,RF+GB,9,13,0,0,80.01414,0.2441727567873218
8,9,RF+GB,9,13,0,0,81.01292,0.24133278390554352
8,9,RF+GB,9,13,0,0,82.01397,0.22660958112050855
8,9,RF+GB,9,13,0,0,83.01512,0.2554612705759411
8,9,RF+GB,9,13,0,0,84.00425,0.27643434373261344
8,9,RF+GB,9,13,0,0,85.0048,0.2853105795437828
8,9,RF+GB,9,13,0,0,86.00455,0.2770368889120855
8,9,RF+GB,9,13,0,0,87.00511,0.2874159818785614
8,9,RF+GB,9,13,0,0,88.01478,0.2942352064577449
8,9,RF+GB,9,13,0,0,89.01393,0.3061597993805615
8,9,RF+GB,9,13,0,0,90.00504,0.26944158336515256
8,9,RF+GB,9,13,0,0,91.00574,0.3619215035024983
8,9,RF+GB,9,13,0,0,92.01431,0.35941395811276566
8,9,RF+GB,9,13,0,0,93.01505,0.42641111184326025
8,9,RF+GB,9,13,0,0,94.00507,0.5439221814981613
8,9,RF+GB,9,13,0,0,95.00547,0.5093378902459063
8,9,RF+GB,9,13,0,0,96.00397,0.4885500243925059
8,9,RF+GB,9,13,0,0,97.00613,0.5106380166431432
8,9,RF+GB,9,13,0,0,98.00716,0.5327717560243813
8,9,RF+GB,9,13,0,0,99.00568,0.5519936572821557
8,9,RF+GB,9,13,0,0,100.0066,0.4843683096935777
8,9,RF+GB,9,13,0,0,101.0064,0.47964446698946717
8,9,RF+GB,9,13,0,0,102.0046,0.47403541179751885
8,9,RF+GB,9,13,0,0,103.0056,0.44349626812374265
8,9,RF+GB,9,13,0,0,104.0057,0.4304281989646755
8,9,RF+GB,9,13,0,0,105.0069,0.4317110743380042
8,9,RF+GB,9,13,0,0,106.0045,0.493485384519999
8,9,RF+GB,9,13,0,0,107.0059,0.5624322782005058
8,9,RF+GB,9,13,0,0,108.0047,0.6035643529178305
8,9,RF+GB,9,13,0,0,109.0066,0.6501724489725258
8,9,RF+GB,9,13,0,0,110.0056,0.6736345437888984
8,9,RF+GB,9,13,0,0,111.0052,0.6741985727955238
8,9,RF+GB,9,13,0,0,112.0055,0.6554777019295495
8,9,RF+GB,9,13,0,0,113.0053,0.6586709330432383
8,9,RF+GB,9,13,0,0,114.0057,0.6845951992491008
8,9,RF+GB,9,13,0,0,115.0057,0.6725915534142408
8,9,RF+GB,9,13,0,0,116.006,0.6830744086535743
8,9,RF+GB,9,13,0,0,117.0064,0.7016819897461873
8,9,RF+GB,9,13,0,0,118.0063,0.6908478010117309
8,9,RF+GB,9,13,0,0,119.0068,0.7027024051576152
8,9,RF+GB,9,13,0,0,120.0069,0.6546402552612806
8,9,RF+GB,9,13,0,0,121.0075,0.6373861645600396
8,9,RF+GB,9,13,0,0,122.0072,0.6357326265489229
8,9,RF+GB,9,13,0,0,123.0058,0.6637935677247386
8,9,RF+GB,9,13,0,0,124.0076,0.6953400730849876
8,9,RF+GB,9,13,0,0,125.007,0.6962819123747668
8,9,RF+GB,9,13,0,0,126.0072,0.698794340735478
8,9,RF+GB,9,13,0,0,127.0068,0.7136390537539875
8,9,RF+GB,9,13,0,0,128.0076,0.721321125970407
8,9,RF+GB,9,13,0,0,129.0074,0.7440558421159083
8,9,RF+GB,9,13,0,0,130.0071,0.6871874853774289
8,9,RF+GB,9,13,1,3,131.0081,0.645470198454918
8,9,RF+GB,9,13,1,3,132.0073,0.7556335676890394
8,9,RF+GB,9,13,1,3,133.0062,0.7449158449354807
8,9,RF+GB,9,13,1,3,134.0074,0.7395691900577892
8,9,RF+GB,9,13,1,3,135.0069,0.7980611179558914
8,9,RF+GB,9,13,1,3,136.0064,0.7968684790385601
8,9,RF+GB,9,13,1,3,137.0067,0.8031295654727548
8,9,RF+GB,9,13,1,3,138.0067,0.7925787208544479
8,9,RF+GB,9,13,1,3,139.007,0.7958254555313897
8,9,RF+GB,9,13,1,3,140.0062,0.809057713202365
8,9,RF+GB,9,13,1,3,141.0073,0.8116561446512567
8,9,RF+GB,9,13,1,3,142.0084,0.8163655745145812
8,9,RF+GB,9,13,1,3,143.008,0.8221023135199126
8,9,RF+GB,9,13,1,3,144.0094,0.8288817288082801
8,9,RF+GB,9,13,1,3,145.0076,0.8279562033511134
8,9,RF+GB,9,13,1,3,146.0077,0.8282809205093489
8,9,RF+GB,9,13,1,3,147.0074,0.8296208559532515
8,9,RF+GB,9,13,1,3,148.0075,0.8153559107765895
8,9,RF+GB,9,13,1,3,149.0084,0.803561070925025
8,9,RF+GB,9,13,1,3,150.0068,0.7952836741471402
8,9,RF+GB,9,13,1,3,151.0084,0.8049702017081288
8,9,RF+GB,9,13,1,3,152.009,0.7931372329113324
8,9,RF+GB,9,13,1,3,153.0098,0.8111215296747003
8,9,RF+GB,9,13,1,3,154.0073,0.8188234898570014
8,9,RF+GB,9,13,0,0,155.0084,0.8195496848670569
8,9,RF+GB,9,13,0,0,156.0078,0.832801693008935
8,9,RF+GB,9,13,0,0,157.008,0.8322757775597591
8,9,RF+GB,9,13,0,0,158.0095,0.8331100340300628
8,9,RF+GB,9,13,0,0,159.0101,0.839532124727316
8,9,RF+GB,9,13,0,0,160.0103,0.8419388670577418
8,9,RF+GB,9,13,0,0,161.0102,0.8466211136919415
8,9,RF+GB,9,13,0,0,162.0098,0.844843130188736
8,9,RF+GB,9,13,0,0,163.0103,0.8406228581188335
8,9,RF+GB,9,13,0,0,164.0104,0.8410562158974513
8,9,RF+GB,9,13,0,0,165.0098,0.8354743784000701
8,9,RF+GB,9,13,0,0,166.0106,0.8364353070113227
8,9,RF+GB,9,13,0,0,167.0094,0.8390073631763539
8,9,RF+GB,9,13,0,0,168.0101,0.8459072574726554
8,9,RF+GB,9,13,0,0,169.0095,0.8444451112447037
8,9,RF+GB,9,13,0,0,170.0094,0.8367123196864981
8,9,RF+GB,9,13,0,0,171.0103,0.8348848833251867
8,9,RF+GB,9,13,0,0,172.0116,0.8341595402110653
8,9,RF+GB,9,13,0,0,173.0117,0.7700910709619058
8,9,RF+GB,9,13,0,0,174.0113,0.7717596345858528
8,9,RF+GB,9,13,0,0,175.0105,0.7632621633921444
8,9,RF+GB,9,13,0,0,176.0114,0.7041481269970322
8,9,RF+GB,9,13,0,0,177.011,0.7608528285333129
8,9,RF+GB,9,13,0,0,178.0101,0.7844391776226913
8,9,RF+GB,9,13,0,0,179.0093,0.7729253655834288
8,9,RF+GB,9,13,0,0,180.0106,0.7700154162593738
8,9,RF+GB,9,13,0,0,181.0108,0.767560274563348
8,9,RF+GB,9,13,0,0,182.0097,0.7727444859205146
8,9,RF+GB,9,13,0,0,183.0091,0.8291860913732474
8,9,RF+GB,9,13,0,0,184.0103,0.8270225229711968
8,9,RF+GB,9,13,0,0,185.0096,0.8298318392588481
8,9,RF+GB,9,13,0,0,186.01,0.8263203688118856
8,9,RF+GB,9,13,0,0,187.0108,0.8419598536568522
8,9,RF+GB,9,13,0,0,188.0104,0.842097671430214
8,9,RF+GB,9,13,0,0,189.0116,0.8468274926599213
8,9,RF+GB,9,13,0,0,190.0116,0.8441207950879491
8,9,RF+GB,9,13,0,0,191.0115,0.8489678560621261
8,9,RF+GB,9,13,0,0,192.0119,0.8572790747744906
8,9,RF+GB,9,13,0,0,193.0109,0.8600474566780293
8,9,RF+GB,9,13,0,0,194.0107,0.8601268882473267
8,9,RF+GB,9,13,0,0,195.01,0.8555932708438467
8,9,RF+GB,9,13,0,0,196.0102,0.854908804471072
8,9,RF+GB,9,13,0,0,197.0122,0.8493604567916581
8,9,RF+GB,9,13,0,0,198.0116,0.8554889142049286
8,9,RF+GB,9,13,0,0,199.0125,0.8627720139007051
8,9,RF+GB,9,13,0,0,200.0115,0.8640371069193586
8,9,RF+GB,9,13,0,0,201.0117,0.8718451490061238
8,9,RF+GB,9,13,0,0,202.0122,0.8720307506855578
8,9,RF+GB,9,13,0,0,203.0135,0.8722303165644605
8,9,RF+GB,9,13,0,0,204.0123,0.8700873201891282
8,9,RF+GB,9,13,0,0,205.0133,0.8745000090330595
8,9,RF+GB,9,13,0,0,206.013,0.8723038131802533
8,9,RF+GB,9,13,0,0,207.0117,0.8755234698348715
8,9,RF+GB,9,13,0,0,208.0125,0.8804108300604297
8,9,RF+GB,9,13,0,0,209.0119,0.880787671908591
8,9,RF+GB,9,13,0,0,210.0124,0.8798265717997635
8,9,RF+GB,9,13,0,0,211.013,0.8762175529129965
8,9,RF+GB,9,13,0,0,212.0144,0.8752059443898478
8,9,RF+GB,9,13,0,0,213.0136,0.8732935832566462
8,9,RF+GB,9,13,0,0,214.0147,0.8716052724213197
8,9,RF+GB,9,13,0,0,215.0134,0.8651794422207837
8,9,RF+GB,9,13,0,0,216.0129,0.866095204278827
8,9,RF+GB,9,13,0,0,217.0129,0.8782943347267365
8,9,RF+GB,9,13,0,0,218.0129,0.8965306909592101
8,9,RF+GB,9,13,0,0,219.0129,0.901780676837258
8,9,RF+GB,9,13,0,0,220.0126,0.8961471825933355
8,9,RF+GB,9,13,0,0,221.0129,0.8866550173344523
8,9,RF+GB,9,13,0,0,222.0122,0.8746391705547687
8,9,RF+GB,9,13,0,0,223.0122,0.8712864247286057
8,9,RF+GB,9,13,0,0,224.0124,0.8751657020497985
8,9,RF+GB,9,13,0,0,225.0121,0.872181604769242
8,9,RF+GB,9,13,0,0,226.0132,0.8741712563499919
8,9,RF+GB,9,13,0,0,227.0143,0.8727046949990347
8,9,RF+GB,9,13,0,0,228.0146,0.8728323121395096
8,9,RF+GB,9,13,0,0,229.014,0.8826730010570187
8,9,RF+GB,9,13,0,0,230.0146,0.8971588111364259
8,9,RF+GB,9,13,0,0,231.0143,0.9082172736879079
8,9,RF+GB,9,13,0,0,232.0145,0.9367529448275644
8,9,RF+GB,9,13,0,0,233.0145,0.9359627390893072
8,9,RF+GB,9,13,0,0,234.0137,0.932098356621829
8,9,RF+GB,9,13,0,0,235.0139,0.9114210997023032
8,9,RF+GB,9,13,0,0,236.0044,0.9040939006633741
8,9,RF+GB,9,13,0,0,237.0162,0.8941339298191396
8,9,RF+GB,9,13,0,0,238.0152,0.897355135087486
8,9,RF+GB,9,13,0,0,239.0044,0.8949761891435138
8,9,RF+GB,9,13,0,0,240.0048,0.8876777211921605
8,9,RF+GB,9,13,0,0,241.0044,0.8875433250756435
8,9,RF+GB,9,13,0,0,242.0045,0.8996890237246393
8,9,RF+GB,9,13,0,0,243.0043,0.8989426881892002
8,9,RF+GB,9,13,0,0,244.0162,0.8994489752855104
8,9,RF+GB,9,13,0,0,245.0155,0.9022392467433308
8,9,RF+GB,9,13,0,0,246.0154,0.8919457168806412
8,9,RF+GB,9,13,0,0,247.0153,0.8910050305733799
8,9,RF+GB,9,13,0,0,248.0145,0.8868629818607668
8,9,RF+GB,9,13,0,0,249.0152,0.8877205664398196
8,9,RF+GB,9,13,0,0,250.0147,0.8831726066882526
8,9,RF+GB,9,13,0,0,251.0159,0.8782287374513369
8,9,RF+GB,9,13,0,0,252.0157,0.8679836060282626
8,9,RF+GB,9,13,0,0,253.0046,0.8639182638441225
8,9,RF+GB,9,13,0,0,254.0047,0.8899085847937868
8,9,RF+GB,9,13,0,0,255.0051,0.8758138734635219
8,9,RF+GB,9,13,0,0,256.0152,0.8839685158586046
8,9,RF+GB,9,13,0,0,257.0048,0.9001823585006677
8,9,RF+GB,9,13,0,0,258.0048,0.9025100580290866
8,9,RF+GB,9,13,0,0,259.0142,0.9057311988739881
8,9,RF+GB,9,13,0,0,260.0155,0.8817807336018666
8,9,RF+GB,9,13,0,0,261.0048,0.8877161015970638
8,9,RF+GB,9,13,0,0,262.0058,0.8860681779759884
8,9,RF+GB,9,13,0,0,263.0071,0.8897213867940376
8,9,RF+GB,9,13,0,0,264.0063,0.8885380552347067
8,9,RF+GB,9,13,0,0,265.0065,0.8912909942489629
8,9,RF+GB,9,13,0,0,266.0061,0.8890567101123954
8,9,RF+GB,9,13,0,0,267.0054,0.8914542529994386
8,9,RF+GB,9,13,0,0,268.0065,0.8995549119936236
8,9,RF+GB,9,13,0,0,269.0069,0.9006958851749409
8,9,RF+GB,9,13,0,0,270.006,0.8981646769195716
8,9,RF+GB,9,13,0,0,271.0046,0.9040176205981474
8,9,RF+GB,9,13,0,0,272.0052,0.910130469160557
8,9,RF+GB,9,13,0,0,273.0052,0.910928330656188
8,9,RF+GB,9,13,0,0,274.0054,0.9069500080650071
8,9,RF+GB,9,13,0,0,275.0052,0.907826786888733
8,9,RF+GB,9,13,0,0,276.0056,0.9181314202994852
8,9,RF+GB,9,13,0,0,277.0053,0.9190963157064151
8,9,RF+GB,9,13,0,0,278.0059,0.925101816195028
8,9,RF+GB,9,13,0,0,279.0058,0.9297442278813306
8,9,RF+GB,9,13,0,0,280.0075,0.9216405428466439
8,9,RF+GB,9,13,0,0,281.0063,0.91724717256333
8,9,RF+GB,9,13,0,0,282.006,0.9214664953434057
8,9,RF+GB,9,13,0,0,283.005,0.9176503101442334
8,9,RF+GB,9,13,0,0,284.0056,0.9172115638897949
8,9,RF+GB,9,13,0,0,285.0061,0.9014745553362946
8,9,RF+GB,9,13,0,0,286.0067,0.8898686494377697
8,9,RF+GB,9,13,0,0,287.0079,0.8950448600173495
8,9,RF+GB,9,13,0,0,288.0077,0.8975304713711687
8,9,RF+GB,9,13,0,0,289.006,0.8980734865814217
8,9,RF+GB,9,13,0,0,290.0072,0.9002052840686745
8,9,RF+GB,9,13,0,0,291.0072,0.9233773127764847
8,9,RF+GB,9,13,0,0,292.0069,0.9168870282527866
8,9,RF+GB,9,13,0,0,293.0074,0.9115968600062987
8,9,RF+GB,9,13,0,0,294.0071,0.911368108029915
8,9,RF+GB,9,13,0,0,295.0074,0.9080376564092726
8,9,RF+GB,9,13,0,0,296.0071,0.905009501516858
8,9,RF+GB,9,13,0,0,297.0076,0.9110194159174747
8,9,RF+GB,9,13,0,0,298.0078,0.9102005115514096
8,9,RF+GB,9,13,0,0,299.007,0.910503234306943
8,9,RF+GB,9,13,0,0,300.0064,0.921434970941436
8,9,RF+GB,9,13,0,0,301.0068,0.9223116605215793
