pair_g,pair_h,model,participant,session,y,sev,t,proba
9,11,RF,9,13,0,0,0.0110195,0.04398468732758888
9,11,RF,9,13,0,0,1.005759,0.03913288606613562
9,11,RF,9,13,0,0,2.00784,0.03732163351230881
9,11,RF,9,13,0,0,3.007802,0.03732163351230881
9,11,RF,9,13,0,0,4.007293,0.047321633512308815
9,11,RF,9,13,0,0,5.008187,0.0568014872086423
9,11,RF,9,13,0,0,6.008643,0.0668014872086423
9,11,RF,9,13,0,0,7.009022,0.08528412118632578
9,11,RF,9,13,0,0,8.008588,0.1116369403130451
9,11,RF,9,13,0,0,9.008896,0.1628914776954497
9,11,RF,9,13,0,0,10.00913,0.18890367985827963
9,11,RF,9,13,0,0,11.01103,0.16774628368584749
9,11,RF,9,13,0,0,12.01013,0.18242727822624433
9,11,RF,9,13,0,0,13.01072,0.17691535245236736
9,11,RF,9,13,0,0,14.01103,0.1922874835599834
9,11,RF,9,13,0,0,15.0121,0.16361966520664167
9,11,RF,9,13,0,0,16.00964,0.15464837286334002
9,11,RF,9,13,0,0,17.01035,0.1573620342263113
9,11,RF,9,13,0,0,18.01051,0.1727785746074201
9,11,RF,9,13,0,0,19.0111,0.19964254270084303
9,11,RF,9,13,0,0,20.01075,0.20228319323264468
9,11,RF,9,13,0,0,21.00977,0.24139151695068653
9,11,RF,9,13,0,0,22.0112,0.24918474059278348
9,11,RF,9,13,0,0,23.01091,0.23925098197562272
9,11,RF,9,13,0,0,24.0096,0.24061873937328765
9,11,RF,9,13,0,0,25.01049,0.2254171835034149
9,11,RF,9,13,0,0,26.01068,0.22956096095557044
9,11,RF,9,13,0,0,27.01039,0.23469274153956396
9,11,RF,9,13,0,0,28.01047,0.2185995476585272
9,11,RF,9,13,0,0,29.01056,0.24114806392907667
9,11,RF,9,13,0,0,30.01037,0.23931081698874132
9,11,RF,9,13,0,0,31.01037,0.2644727025677807
9,11,RF,9,13,0,0,32.01043,0.2751148798611914
9,11,RF,9,13,0,0,33.01025,0.27717477044586925
9,11,RF,9,13,0,0,34.01165,0.2613206832640879
9,11,RF,9,13,0,0,35.01178,0.2502399733166348
9,11,RF,9,13,0,0,36.01152,0.2931484374680797
9,11,RF,9,13,0,0,37.01201,0.30714879606174333
9,11,RF,9,13,0,0,38.01177,0.30434212706331487
9,11,RF,9,13,0,0,39.01201,0.3248185210072406
9,11,RF,9,13,0,0,40.01328,0.34205547113223705
9,11,RF,9,13,0,0,41.01098,0.3418100616634449
9,11,RF,9,13,0,0,42.01181,0.3357020383944139
9,11,RF,9,13,0,0,43.011,0.338883951394516
9,11,RF,9,13,0,0,44.01217,0.3378860868247646
9,11,RF,9,13,0,0,45.01147,0.33942859821876115
9,11,RF,9,13,0,0,46.01141,0.34513985087268895
9,11,RF,9,13,0,0,47.01147,0.33825583348922733
9,11,RF,9,13,0,0,48.011,0.3487035691650506
9,11,RF,9,13,0,0,49.01306,0.3341115418856806
9,11,RF,9,13,0,0,50.01255,0.3394966593791532
9,11,RF,9,13,0,0,51.0136,0.3261633260458198
9,11,RF,9,13,0,0,52.01255,0.3340935384428723
9,11,RF,9,13,0,0,53.01245,0.35311591089738525
9,11,RF,9,13,0,0,54.01316,0.3436852270246138
9,11,RF,9,13,0,0,55.01288,0.3483144613596878
9,11,RF,9,13,0,0,56.01094,0.3458078021538679
9,11,RF,9,13,0,0,57.01193,0.36882642544476846
9,11,RF,9,13,0,0,58.01228,0.3574633391530702
9,11,RF,9,13,0,0,59.01311,0.3440713121337782
9,11,RF,9,13,0,0,60.01287,0.33923829311759085
9,11,RF,9,13,0,0,61.01322,0.34803878030916713
9,11,RF,9,13,0,0,62.00483,0.3472184992407162
9,11,RF,9,13,0,0,63.00399,0.3362592697727918
9,11,RF,9,13,0,0,64.01481,0.3339024533504129
9,11,RF,9,13,0,0,65.01499,0.35782149000294616
9,11,RF,9,13,0,0,66.00488,0.3509284579265303
9,11,RF,9,13,0,0,67.01431,0.3434270556169912
9,11,RF,9,13,0,0,68.01569,0.34676038895032457
9,11,RF,9,13,0,0,69.01431,0.3534270556169912
9,11,RF,9,13,0,0,70.00444,0.3543297623426862
9,11,RF,9,13,0,0,71.01484,0.3600803638049529
9,11,RF,9,13,0,0,72.01485,0.3632745194323814
9,11,RF,9,13,0,0,73.01538,0.3637555145668493
9,11,RF,9,13,0,0,74.01483,0.3587183975060096
9,11,RF,9,13,0,0,75.01283,0.3688184253959367
9,11,RF,9,13,0,0,76.01294,0.3618137421656514
9,11,RF,9,13,0,0,77.0144,0.3979987010060128
9,11,RF,9,13,0,0,78.01477,0.41359334070172993
9,11,RF,9,13,0,0,79.01405,0.4143092846843555
9,11,RF,9,13,0,0,80.01414,0.41998479504447483
9,11,RF,9,13,0,0,81.01292,0.4259705418654574
9,11,RF,9,13,0,0,82.01397,0.41117102989544313
9,11,RF,9,13,0,0,83.01512,0.42338354670420797
9,11,RF,9,13,0,0,84.00425,0.4260991367345486
9,11,RF,9,13,0,0,85.0048,0.4287338383541893
9,11,RF,9,13,0,0,86.00455,0.40169363791633383
9,11,RF,9,13,0,0,87.00511,0.3961509342331578
9,11,RF,9,13,0,0,88.01478,0.42015559577911027
9,11,RF,9,13,0,0,89.01393,0.41299752369489967
9,11,RF,9,13,0,0,90.00504,0.4206155523670418
9,11,RF,9,13,0,0,91.00574,0.42739854947627604
9,11,RF,9,13,0,0,92.01431,0.43679517006698215
9,11,RF,9,13,0,0,93.01505,0.42285824460911187
9,11,RF,9,13,0,0,94.00507,0.44671736210122065
9,11,RF,9,13,0,0,95.00547,0.4720497360665926
9,11,RF,9,13,0,0,96.00397,0.4905223073581026
9,11,RF,9,13,0,0,97.00613,0.49258603605023155
9,11,RF,9,13,0,0,98.00716,0.5037096345232208
9,11,RF,9,13,0,0,99.00568,0.5121522962690057
9,11,RF,9,13,0,0,100.0066,0.5082636028151807
9,11,RF,9,13,0,0,101.0064,0.5021257554946722
9,11,RF,9,13,0,0,102.0046,0.4954998339212947
9,11,RF,9,13,0,0,103.0056,0.49616529736228593
9,11,RF,9,13,0,0,104.0057,0.4941365546975639
9,11,RF,9,13,0,0,105.0069,0.5046969349063118
9,11,RF,9,13,0,0,106.0045,0.5120548150146338
9,11,RF,9,13,0,0,107.0059,0.5172149532916896
9,11,RF,9,13,0,0,108.0047,0.5081101068049436
9,11,RF,9,13,0,0,109.0066,0.5297913129844681
9,11,RF,9,13,0,0,110.0056,0.5493413391833843
9,11,RF,9,13,0,0,111.0052,0.5691318463952393
9,11,RF,9,13,0,0,112.0055,0.5661481908868313
9,11,RF,9,13,0,0,113.0053,0.5594815242201647
9,11,RF,9,13,0,0,114.0057,0.5602491707905018
9,11,RF,9,13,0,0,115.0057,0.5535825041238353
9,11,RF,9,13,0,0,116.006,0.5547750568762652
9,11,RF,9,13,0,0,117.0064,0.568853412132188
9,11,RF,9,13,0,0,118.0063,0.5647248999196169
9,11,RF,9,13,0,0,119.0068,0.5710984973092641
9,11,RF,9,13,0,0,120.0069,0.6225290527761144
9,11,RF,9,13,0,0,121.0075,0.6176835431340731
9,11,RF,9,13,0,0,122.0072,0.6177856626532019
9,11,RF,9,13,0,0,123.0058,0.6220511156006172
9,11,RF,9,13,0,0,124.0076,0.6253844489339505
9,11,RF,9,13,0,0,125.007,0.6315203576785813
9,11,RF,9,13,0,0,126.0072,0.6253946642411955
9,11,RF,9,13,0,0,127.0068,0.6365666742993442
9,11,RF,9,13,0,0,128.0076,0.6246266704941004
9,11,RF,9,13,0,0,129.0074,0.6498883015533965
9,11,RF,9,13,0,0,130.0071,0.6220123600330912
9,11,RF,9,13,1,3,131.0081,0.620635267520101
9,11,RF,9,13,1,3,132.0073,0.6455516831067035
9,11,RF,9,13,1,3,133.0062,0.653249051562803
9,11,RF,9,13,1,3,134.0074,0.664731449802627
9,11,RF,9,13,1,3,135.0069,0.654693406374479
9,11,RF,9,13,1,3,136.0064,0.6542029179158657
9,11,RF,9,13,1,3,137.0067,0.6629763135900397
9,11,RF,9,13,1,3,138.0067,0.6538270400218882
9,11,RF,9,13,1,3,139.007,0.6536993465727627
9,11,RF,9,13,1,3,140.0062,0.6577456833841618
9,11,RF,9,13,1,3,141.0073,0.6596174419885937
9,11,RF,9,13,1,3,142.0084,0.6557377239495779
9,11,RF,9,13,1,3,143.008,0.650637404007315
9,11,RF,9,13,1,3,144.0094,0.6493358115027397
9,11,RF,9,13,1,3,145.0076,0.6526573579430981
9,11,RF,9,13,1,3,146.0077,0.6693444649603427
9,11,RF,9,13,1,3,147.0074,0.6848247094988517
9,11,RF,9,13,1,3,148.0075,0.6671712353455002
9,11,RF,9,13,1,3,149.0084,0.6584431753294294
9,11,RF,9,13,1,3,150.0068,0.6553119254477785
9,11,RF,9,13,1,3,151.0084,0.6602684947135102
9,11,RF,9,13,1,3,152.009,0.6978205648997351
9,11,RF,9,13,1,3,153.0098,0.7132833315610412
9,11,RF,9,13,1,3,154.0073,0.716635101273486
9,11,RF,9,13,0,0,155.0084,0.7140527792623164
9,11,RF,9,13,0,0,156.0078,0.7359917652893034
9,11,RF,9,13,0,0,157.008,0.7280963552104124
9,11,RF,9,13,0,0,158.0095,0.7304530317833504
9,11,RF,9,13,0,0,159.0101,0.7274238002887724
9,11,RF,9,13,0,0,160.0103,0.7275047809350916
9,11,RF,9,13,0,0,161.0102,0.7385849180501602
9,11,RF,9,13,0,0,162.0098,0.7343478653597365
9,11,RF,9,13,0,0,163.0103,0.7422803205014941
9,11,RF,9,13,0,0,164.0104,0.7371179918503742
9,11,RF,9,13,0,0,165.0098,0.7231768464701281
9,11,RF,9,13,0,0,166.0106,0.7200382199698016
9,11,RF,9,13,0,0,167.0094,0.7015567646814156
9,11,RF,9,13,0,0,168.0101,0.6885495353870574
9,11,RF,9,13,0,0,169.0095,0.6826222109298903
9,11,RF,9,13,0,0,170.0094,0.6731246332350627
9,11,RF,9,13,0,0,171.0103,0.6861161466721206
9,11,RF,9,13,0,0,172.0116,0.672438636063917
9,11,RF,9,13,0,0,173.0117,0.6414675795612993
9,11,RF,9,13,0,0,174.0113,0.6318323752724918
9,11,RF,9,13,0,0,175.0105,0.6367378833693094
9,11,RF,9,13,0,0,176.0114,0.6405698034817847
9,11,RF,9,13,0,0,177.011,0.6296152094377335
9,11,RF,9,13,0,0,178.0101,0.6494167967424278
9,11,RF,9,13,0,0,179.0093,0.6424568481160416
9,11,RF,9,13,0,0,180.0106,0.6325841285518875
9,11,RF,9,13,0,0,181.0108,0.6563869891049182
9,11,RF,9,13,0,0,182.0097,0.6397270016776041
9,11,RF,9,13,0,0,183.0091,0.6764421604499269
9,11,RF,9,13,0,0,184.0103,0.683143916916136
9,11,RF,9,13,0,0,185.0096,0.6790160429598602
9,11,RF,9,13,0,0,186.01,0.6877730406175592
9,11,RF,9,13,0,0,187.0108,0.7087696876573772
9,11,RF,9,13,0,0,188.0104,0.7263697355559815
9,11,RF,9,13,0,0,189.0116,0.7549818144567993
9,11,RF,9,13,0,0,190.0116,0.7551567674047263
9,11,RF,9,13,0,0,191.0115,0.7526576073972968
9,11,RF,9,13,0,0,192.0119,0.7645301622736349
9,11,RF,9,13,0,0,193.0109,0.755394017698278
9,11,RF,9,13,0,0,194.0107,0.751109709136503
9,11,RF,9,13,0,0,195.01,0.7523220843229828
9,11,RF,9,13,0,0,196.0102,0.7379082125751287
9,11,RF,9,13,0,0,197.0122,0.7490077018176363
9,11,RF,9,13,0,0,198.0116,0.7484486032583761
9,11,RF,9,13,0,0,199.0125,0.7553145333407814
9,11,RF,9,13,0,0,200.0115,0.7622072392865613
9,11,RF,9,13,0,0,201.0117,0.7627462415305183
9,11,RF,9,13,0,0,202.0122,0.7745732099416451
9,11,RF,9,13,0,0,203.0135,0.7764343118016671
9,11,RF,9,13,0,0,204.0123,0.7646838784673856
9,11,RF,9,13,0,0,205.0133,0.768023899981013
9,11,RF,9,13,0,0,206.013,0.7777390663889896
9,11,RF,9,13,0,0,207.0117,0.7573378724817065
9,11,RF,9,13,0,0,208.0125,0.7588725259470529
9,11,RF,9,13,0,0,209.0119,0.7579190622514337
9,11,RF,9,13,0,0,210.0124,0.7546124458755105
9,11,RF,9,13,0,0,211.013,0.7596426755476625
9,11,RF,9,13,0,0,212.0144,0.7544639076708749
9,11,RF,9,13,0,0,213.0136,0.7565149386267532
9,11,RF,9,13,0,0,214.0147,0.7702006878847809
9,11,RF,9,13,0,0,215.0134,0.7470163582454244
9,11,RF,9,13,0,0,216.0129,0.7359208534367091
9,11,RF,9,13,0,0,217.0129,0.7413591543477105
9,11,RF,9,13,0,0,218.0129,0.7271557674100307
9,11,RF,9,13,0,0,219.0129,0.7367415681876857
9,11,RF,9,13,0,0,220.0126,0.7215812664432255
9,11,RF,9,13,0,0,221.0129,0.7119403737825308
9,11,RF,9,13,0,0,222.0122,0.7038438319045602
9,11,RF,9,13,0,0,223.0122,0.7252780062873619
9,11,RF,9,13,0,0,224.0124,0.729233500757635
9,11,RF,9,13,0,0,225.0121,0.7353306142189335
9,11,RF,9,13,0,0,226.0132,0.7577060093261424
9,11,RF,9,13,0,0,227.0143,0.7678745142808817
9,11,RF,9,13,0,0,228.0146,0.7522250052723874
9,11,RF,9,13,0,0,229.014,0.7461394053397444
9,11,RF,9,13,0,0,230.0146,0.7653026106429663
9,11,RF,9,13,0,0,231.0143,0.7973188564723259
9,11,RF,9,13,0,0,232.0145,0.8283236406332042
9,11,RF,9,13,0,0,233.0145,0.8247020742730671
9,11,RF,9,13,0,0,234.0137,0.8189227964591407
9,11,RF,9,13,0,0,235.0139,0.7831931835757491
9,11,RF,9,13,0,0,236.0044,0.76596248182029
9,11,RF,9,13,0,0,237.0162,0.757363718903295
9,11,RF,9,13,0,0,238.0152,0.7752255658371785
9,11,RF,9,13,0,0,239.0044,0.7809381157774561
9,11,RF,9,13,0,0,240.0048,0.7809007906163685
9,11,RF,9,13,0,0,241.0044,0.7677498005405882
9,11,RF,9,13,0,0,242.0045,0.7667998899057983
9,11,RF,9,13,0,0,243.0043,0.7551684676836861
9,11,RF,9,13,0,0,244.0162,0.7783355288070982
9,11,RF,9,13,0,0,245.0155,0.7801894945452231
9,11,RF,9,13,0,0,246.0154,0.7759190904531237
9,11,RF,9,13,0,0,247.0153,0.7675789107951269
9,11,RF,9,13,0,0,248.0145,0.7598498518753781
9,11,RF,9,13,0,0,249.0152,0.7615988262798702
9,11,RF,9,13,0,0,250.0147,0.7672097972619866
9,11,RF,9,13,0,0,251.0159,0.7571168128449686
9,11,RF,9,13,0,0,252.0157,0.7278012805298976
9,11,RF,9,13,0,0,253.0046,0.7161110443346963
9,11,RF,9,13,0,0,254.0047,0.778265837787443
9,11,RF,9,13,0,0,255.0051,0.7709998711010998
9,11,RF,9,13,0,0,256.0152,0.7569277089092779
9,11,RF,9,13,0,0,257.0048,0.7546859438455626
9,11,RF,9,13,0,0,258.0048,0.7756714865048988
9,11,RF,9,13,0,0,259.0142,0.7701179124102375
9,11,RF,9,13,0,0,260.0155,0.7733748190618545
9,11,RF,9,13,0,0,261.0048,0.7783585260007989
9,11,RF,9,13,0,0,262.0058,0.7624869115326874
9,11,RF,9,13,0,0,263.0071,0.7685976207621458
9,11,RF,9,13,0,0,264.0063,0.7670433070416384
9,11,RF,9,13,0,0,265.0065,0.8095303476948655
9,11,RF,9,13,0,0,266.0061,0.7667246680348806
9,11,RF,9,13,0,0,267.0054,0.803515992310366
9,11,RF,9,13,0,0,268.0065,0.8132810523946684
9,11,RF,9,13,0,0,269.0069,0.8116154251952625
9,11,RF,9,13,0,0,270.006,0.8510785512096934
9,11,RF,9,13,0,0,271.0046,0.8510801227954236
9,11,RF,9,13,0,0,272.0052,0.8557098656600851
9,11,RF,9,13,0,0,273.0052,0.8620212939223969
9,11,RF,9,13,0,0,274.0054,0.8341527570687116
9,11,RF,9,13,0,0,275.0052,0.8447920313357404
9,11,RF,9,13,0,0,276.0056,0.8203557528002839
9,11,RF,9,13,0,0,277.0053,0.8292294297491495
9,11,RF,9,13,0,0,278.0059,0.8552575365087866
9,11,RF,9,13,0,0,279.0058,0.8345937651581026
9,11,RF,9,13,0,0,280.0075,0.8164914673055453
9,11,RF,9,13,0,0,281.0063,0.8122854487972163
9,11,RF,9,13,0,0,282.006,0.8218002239082214
9,11,RF,9,13,0,0,283.005,0.8191928157633772
9,11,RF,9,13,0,0,284.0056,0.8106677975318303
9,11,RF,9,13,0,0,285.0061,0.7877447556448118
9,11,RF,9,13,0,0,286.0067,0.7480391993084529
9,11,RF,9,13,0,0,287.0079,0.744140391276941
9,11,RF,9,13,0,0,288.0077,0.75817775045678
9,11,RF,9,13,0,0,289.006,0.7527091017198957
9,11,RF,9,13,0,0,290.0072,0.7495349166876397
9,11,RF,9,13,0,0,291.0072,0.806175785499048
9,11,RF,9,13,0,0,292.0069,0.8043661045309513
9,11,RF,9,13,0,0,293.0074,0.8000557859819495
9,11,RF,9,13,0,0,294.0071,0.8248950913410569
9,11,RF,9,13,0,0,295.0074,0.8240089616738082
9,11,RF,9,13,0,0,296.0071,0.8181608464880001
9,11,RF,9,13,0,0,297.0076,0.8242441721548233
9,11,RF,9,13,0,0,298.0078,0.8203426757859561
9,11,RF,9,13,0,0,299.007,0.8209388689502501
9,11,RF,9,13,0,0,300.0064,0.8536565166174184
9,11,RF,9,13,0,0,301.0068,0.8707625114137719
9,11,RF,11,16,0,0,0.0,0.0018344334433443342
9,11,RF,11,16,0,0,1.006835,0.009337185404493397
9,11,RF,11,16,0,0,2.008246,0.11128869797180378
9,11,RF,11,16,0,0,2.998121,0.09309774263701577
9,11,RF,11,16,0,0,3.999469,0.10373516814998346
9,11,RF,11,16,0,0,4.998495,0.09243751990669238
9,11,RF,11,16,0,0,6.000052,0.0805120477873213
9,11,RF,11,16,0,0,7.00159,0.06469301400145837
9,11,RF,11,16,0,0,8.002184,0.06866643665057409
9,11,RF,11,16,0,0,9.001597,0.08397871406544204
9,11,RF,11,16,0,0,10.00276,0.07370728210386884
9,11,RF,11,16,0,0,10.99977,0.11389147880395427
9,11,RF,11,16,0,0,11.99999,0.09629710148171666
9,11,RF,11,16,0,0,13.00089,0.11451577363517844
9,11,RF,11,16,0,0,13.99989,0.10587877217848746
9,11,RF,11,16,0,0,15.00098,0.09945756673743306
9,11,RF,11,16,0,0,16.00064,0.07630790291937405
9,11,RF,11,16,0,0,16.99999,0.09637374623087504
9,11,RF,11,16,0,0,17.99896,0.11102476240449119
9,11,RF,11,16,0,0,18.99933,0.09347051366560817
9,11,RF,11,16,0,0,19.9995,0.06172069755546119
9,11,RF,11,16,0,0,20.9999,0.05710969015721265
9,11,RF,11,16,0,0,21.99905,0.08095786345165494
9,11,RF,11,16,0,0,23.0002,0.10844398906366204
9,11,RF,11,16,0,0,24.00146,0.13279838201774852
9,11,RF,11,16,0,0,25.00086,0.12593231985725817
9,11,RF,11,16,0,0,26.0012,0.10783459225214725
9,11,RF,11,16,0,0,27.00152,0.1364542109589676
9,11,RF,11,16,0,0,28.00169,0.20641267364184843
9,11,RF,11,16,0,0,29.00176,0.28979988432671716
9,11,RF,11,16,0,0,30.00079,0.293614391211795
9,11,RF,11,16,0,0,31.00031,0.23695881037301536
9,11,RF,11,16,0,0,32.00043,0.1869404783074072
9,11,RF,11,16,0,0,33.00219,0.16967066650611148
9,11,RF,11,16,0,0,34.00164,0.32250341974652313
9,11,RF,11,16,0,0,35.00283,0.2904296810902387
9,11,RF,11,16,0,0,36.00352,0.31530899123074685
9,11,RF,11,16,0,0,37.00388,0.32000130497893947
9,11,RF,11,16,0,0,38.00309,0.3526246155724359
9,11,RF,11,16,0,0,39.00269,0.391779391292412
9,11,RF,11,16,0,0,40.00256,0.4136743945967617
9,11,RF,11,16,0,0,41.00229,0.4323857917375602
9,11,RF,11,16,0,0,42.00187,0.33132391771616115
9,11,RF,11,16,0,0,43.00198,0.31764492695983226
9,11,RF,11,16,0,0,43.99989,0.33226230141378416
9,11,RF,11,16,0,0,45.00128,0.33875014067403714
9,11,RF,11,16,0,0,46.00084,0.3296836862228614
9,11,RF,11,16,0,0,47.00187,0.32732950523908383
9,11,RF,11,16,0,0,48.00152,0.3434252575471219
9,11,RF,11,16,0,0,49.00248,0.30418587183637275
9,11,RF,11,16,0,0,50.00288,0.2315964942774733
9,11,RF,11,16,0,0,51.00327,0.2124412296171482
9,11,RF,11,16,0,0,52.0029,0.19720108381919685
9,11,RF,11,16,0,0,53.00366,0.3089040982293019
9,11,RF,11,16,0,0,54.00496,0.31871715063915296
9,11,RF,11,16,0,0,55.0033,0.29395963357717864
9,11,RF,11,16,0,0,56.002,0.2892251495676065
9,11,RF,11,16,0,0,57.00315,0.2818857284230892
9,11,RF,11,16,0,0,58.00341,0.35179037801009744
9,11,RF,11,16,0,0,59.0027,0.3707119456858354
9,11,RF,11,16,0,0,60.00551,0.2504032487183063
9,11,RF,11,16,0,0,61.00465,0.2235259258827861
9,11,RF,11,16,0,0,62.00395,0.20503225681718623
9,11,RF,11,16,0,0,63.00386,0.22330363070436968
9,11,RF,11,16,0,0,64.00309,0.2482628371289718
9,11,RF,11,16,0,0,65.00378,0.24438728319268474
9,11,RF,11,16,0,0,66.00377,0.24637744284752577
9,11,RF,11,16,0,0,67.00208,0.2774326904175287
9,11,RF,11,16,0,0,68.00242,0.2640586389016576
9,11,RF,11,16,0,0,69.00261,0.2490498634335895
9,11,RF,11,16,0,0,70.00307,0.2612875409986719
9,11,RF,11,16,0,0,71.0035,0.3531315152847785
9,11,RF,11,16,0,0,72.00352,0.3875068568499129
9,11,RF,11,16,0,0,73.00365,0.39554646343952327
9,11,RF,11,16,0,0,74.0042,0.41897485618912644
9,11,RF,11,16,0,0,75.00552,0.3982947413409144
9,11,RF,11,16,0,0,76.00439,0.4311807154405268
9,11,RF,11,16,0,0,77.00546,0.4307554157611114
9,11,RF,11,16,0,0,78.00467,0.4091375052707625
9,11,RF,11,16,0,0,79.00395,0.40406726461048864
9,11,RF,11,16,0,0,80.00491,0.402354914574046
9,11,RF,11,16,0,0,81.00582,0.4725509277772212
9,11,RF,11,16,0,0,82.00645,0.582775182481829
9,11,RF,11,16,0,0,83.00783,0.5650239352084373
9,11,RF,11,16,0,0,84.00675,0.5402463352551181
9,11,RF,11,16,0,0,85.00592,0.5745462061379558
9,11,RF,11,16,0,0,86.00507,0.6136162055872412
9,11,RF,11,16,0,0,87.00529,0.6526195953183064
9,11,RF,11,16,0,0,88.00566,0.6608569411297892
9,11,RF,11,16,0,0,89.00539,0.6587973226819158
9,11,RF,11,16,0,0,90.00601,0.667546008556269
9,11,RF,11,16,0,0,91.00649,0.6762281899358159
9,11,RF,11,16,0,0,92.00535,0.6576735150325517
9,11,RF,11,16,0,0,93.005,0.6384996120525325
9,11,RF,11,16,0,0,94.00483,0.6300212850912662
9,11,RF,11,16,0,0,95.00599,0.5728756375005932
9,11,RF,11,16,0,0,96.005,0.6114499840985309
9,11,RF,11,16,0,0,97.00579,0.61427317094762
9,11,RF,11,16,0,0,98.00683,0.622858761746278
9,11,RF,11,16,0,0,99.0061,0.6110904137798711
9,11,RF,11,16,0,0,100.007,0.6401577918258073
9,11,RF,11,16,0,0,101.0064,0.6431939346012886
9,11,RF,11,16,0,0,102.0055,0.627298651728065
9,11,RF,11,16,0,0,103.0064,0.6316100588279479
9,11,RF,11,16,0,0,104.0067,0.6832892368980293
9,11,RF,11,16,0,0,105.007,0.690862405886637
9,11,RF,11,16,0,0,106.0086,0.6577685472392206
9,11,RF,11,16,0,0,107.0076,0.6101070299663651
9,11,RF,11,16,0,0,108.007,0.6551719279738641
9,11,RF,11,16,0,0,109.0076,0.6688893441817988
9,11,RF,11,16,0,0,110.0071,0.6676145012275438
9,11,RF,11,16,0,0,111.0071,0.6629986833908856
9,11,RF,11,16,0,0,112.0057,0.6663920678373828
9,11,RF,11,16,0,0,113.0061,0.6759181275943075
9,11,RF,11,16,0,0,114.0066,0.7461335358349357
9,11,RF,11,16,0,0,115.0063,0.725582483354159
9,11,RF,11,16,0,0,116.008,0.7339193361708369
9,11,RF,11,16,0,0,117.0076,0.6824252088106382
9,11,RF,11,16,0,0,118.0089,0.6652134168573216
9,11,RF,11,16,0,0,119.0079,0.7211780247664212
9,11,RF,11,16,0,0,120.0083,0.7152276860924622
9,11,RF,11,16,0,0,121.0086,0.7219644320932113
9,11,RF,11,16,0,0,122.0069,0.6944541890155556
9,11,RF,11,16,0,0,123.0086,0.6804536726304667
9,11,RF,11,16,0,0,124.0079,0.6656796136291026
9,11,RF,11,16,0,0,125.0084,0.7168289403001504
9,11,RF,11,16,0,0,125.9983,0.7126694632485218
9,11,RF,11,16,0,0,127.0077,0.6938565848447711
9,11,RF,11,16,0,0,128.0085,0.7320699941677251
9,11,RF,11,16,0,0,129.0084,0.708705424904152
9,11,RF,11,16,0,0,130.008,0.6920261855516454
9,11,RF,11,16,0,0,131.0082,0.6890700327935124
9,11,RF,11,16,0,0,132.0073,0.6887270931111834
9,11,RF,11,16,0,0,133.0074,0.7254452292105076
9,11,RF,11,16,0,0,134.0074,0.725654234597922
9,11,RF,11,16,0,0,135.0086,0.7543229010768068
9,11,RF,11,16,0,0,136.0081,0.7401391220658999
9,11,RF,11,16,0,0,137.008,0.7104072687609206
9,11,RF,11,16,0,0,138.0093,0.7319242418868047
9,11,RF,11,16,0,0,138.9987,0.6690755977119794
9,11,RF,11,16,0,0,139.999,0.7150844962206879
9,11,RF,11,16,0,0,141.0081,0.7289612880017848
9,11,RF,11,16,0,0,142.0078,0.7291708621480304
9,11,RF,11,16,0,0,143.0091,0.7637922363328773
9,11,RF,11,16,0,0,143.9994,0.7131181497868099
9,11,RF,11,16,0,0,144.9993,0.70731815395289
9,11,RF,11,16,0,0,145.9998,0.7159256917473985
9,11,RF,11,16,0,0,146.9992,0.6679986988477433
9,11,RF,11,16,0,0,147.9988,0.6756192031630371
9,11,RF,11,16,0,0,149.0094,0.6746023318131468
9,11,RF,11,16,0,0,149.9993,0.6630947882016427
9,11,RF,11,16,0,0,150.9984,0.6794254660166452
9,11,RF,11,16,0,0,151.9984,0.6792654884598907
9,11,RF,11,16,0,0,153.0085,0.6692654884598906
9,11,RF,11,16,0,0,154.0095,0.6631052620809017
9,11,RF,11,16,0,0,155.0089,0.7281564560585619
9,11,RF,11,16,0,0,155.9993,0.6914956165609352
9,11,RF,11,16,0,0,156.9987,0.7166885030835461
9,11,RF,11,16,1,1,158.0103,0.7335466882476123
9,11,RF,11,16,1,1,158.9988,0.7329992055823674
9,11,RF,11,16,1,1,159.999,0.707510419992885
9,11,RF,11,16,1,1,160.9999,0.7157536875811439
9,11,RF,11,16,1,1,161.999,0.7183467039634696
9,11,RF,11,16,1,1,162.9986,0.721105900719436
9,11,RF,11,16,1,1,164.0,0.7330927444553249
9,11,RF,11,16,1,1,164.9995,0.7142296435448078
9,11,RF,11,16,1,1,165.9988,0.7403780530238997
9,11,RF,11,16,1,1,167.0005,0.7364553912515639
9,11,RF,11,16,1,1,168.0003,0.736218060229532
9,11,RF,11,16,1,2,168.9998,0.732371010896697
9,11,RF,11,16,1,2,169.9999,0.7298709568494193
9,11,RF,11,16,1,2,170.9994,0.7402535832439227
9,11,RF,11,16,1,2,171.9991,0.7501150986567556
9,11,RF,11,16,1,2,172.9989,0.7382932378992513
9,11,RF,11,16,1,2,173.9989,0.7452801151584058
9,11,RF,11,16,1,2,174.9991,0.7417305645728337
9,11,RF,11,16,1,2,175.999,0.7373257920150684
9,11,RF,11,16,1,2,176.9999,0.7501558312538684
9,11,RF,11,16,1,2,178.0003,0.7316268354971498
9,11,RF,11,16,1,2,178.9995,0.7184821197984456
9,11,RF,11,16,1,2,179.9998,0.6754278388782468
9,11,RF,11,16,1,2,181.0004,0.6742831174813678
9,11,RF,11,16,1,2,182.0001,0.678055167008423
9,11,RF,11,16,1,2,182.9991,0.6767740466315232
9,11,RF,11,16,1,2,184.0005,0.6898817425231174
9,11,RF,11,16,1,2,185.0009,0.6735764657296602
9,11,RF,11,16,1,2,186.001,0.6781027981497629
9,11,RF,11,16,1,2,187.0014,0.6680369723871641
9,11,RF,11,16,1,2,188.0021,0.6692069350922742
9,11,RF,11,16,1,2,189.0015,0.65317513118797
9,11,RF,11,16,1,2,190.0005,0.654374924493321
9,11,RF,11,16,1,2,191.0013,0.6525909520654001
9,11,RF,11,16,1,2,192.0001,0.658270758839685
9,11,RF,11,16,1,2,192.9996,0.658270758839685
9,11,RF,11,16,1,2,194.0004,0.6767968234833147
9,11,RF,11,16,1,2,194.9993,0.665385817504722
9,11,RF,11,16,1,2,195.9999,0.7316948072100851
9,11,RF,11,16,1,2,197.0017,0.7168188593211983
9,11,RF,11,16,1,2,198.0014,0.7068937982460145
9,11,RF,11,16,1,2,199.0005,0.7253946730247475
9,11,RF,11,16,1,2,200.0002,0.7525992613287404
9,11,RF,11,16,1,2,201.0007,0.7162379788846123
9,11,RF,11,16,1,2,201.9999,0.6969265247874668
9,11,RF,11,16,1,2,203.0017,0.7114527495624293
9,11,RF,11,16,1,2,204.0013,0.7107698893272439
9,11,RF,11,16,1,2,205.0017,0.7251482384225277
9,11,RF,11,16,1,2,206.0016,0.7270965716455635
9,11,RF,11,16,1,2,207.0018,0.7327056602241987
9,11,RF,11,16,1,2,208.0024,0.7071207975335894
9,11,RF,11,16,1,2,209.0028,0.7002167998448909
9,11,RF,11,16,1,2,210.0018,0.7053496393884027
9,11,RF,11,16,1,2,211.0014,0.7045794325367315
9,11,RF,11,16,1,2,212.0015,0.6963626520354564
9,11,RF,11,16,1,2,213.0008,0.677296638960708
9,11,RF,11,16,1,2,214.0011,0.6776353156855234
9,11,RF,11,16,1,2,215.0008,0.6774210722403268
9,11,RF,11,16,1,2,216.0026,0.678601806881872
9,11,RF,11,16,1,2,217.0029,0.6671888294398038
9,11,RF,11,16,1,2,218.0034,0.6393584255930242
9,11,RF,11,16,1,2,219.0023,0.6423198724749155
9,11,RF,11,16,1,2,220.003,0.6558995218857953
9,11,RF,11,16,1,2,221.002,0.6496823605088775
9,11,RF,11,16,1,2,222.002,0.6496823605088775
9,11,RF,11,16,1,2,223.0025,0.6415739831966522
9,11,RF,11,16,1,2,224.004,0.6376709452352375
9,11,RF,11,16,1,2,225.0031,0.6365980653084958
9,11,RF,11,16,1,2,226.0039,0.644755381040069
9,11,RF,11,16,1,2,227.002,0.6350806992861794
9,11,RF,11,16,1,2,228.0034,0.6366004226870909
9,11,RF,11,16,1,2,229.0037,0.6494491189800997
9,11,RF,11,16,1,2,230.0028,0.6437548437060436
9,11,RF,11,16,1,2,231.0025,0.6455029067212017
9,11,RF,11,16,1,2,232.0024,0.6234047729846859
9,11,RF,11,16,1,2,233.0031,0.6203786657181433
9,11,RF,11,16,1,2,234.0032,0.6559574627420101
9,11,RF,11,16,1,2,235.0037,0.6559735714957424
9,11,RF,11,16,1,2,236.0033,0.6556388024656136
9,11,RF,11,16,1,2,237.0039,0.6444839800797938
9,11,RF,11,16,1,2,238.0043,0.6406222090791867
9,11,RF,11,16,1,2,239.0042,0.6354277825402196
9,11,RF,11,16,1,2,240.0038,0.6369294327052362
9,11,RF,11,16,1,2,241.0046,0.6474772712428476
9,11,RF,11,16,1,2,242.0053,0.6588572912566807
9,11,RF,11,16,1,2,243.0047,0.6606440844793394
9,11,RF,11,16,1,2,244.0056,0.7116125061137019
9,11,RF,11,16,1,2,245.005,0.7136603511685792
9,11,RF,11,16,1,2,246.0058,0.706794359523721
9,11,RF,11,16,1,2,247.004,0.6976939480248452
9,11,RF,11,16,1,2,248.0043,0.7022020416913547
9,11,RF,11,16,1,2,249.0041,0.6967460637786134
9,11,RF,11,16,1,2,250.0033,0.6965994179257428
9,11,RF,11,16,1,2,251.0055,0.6987415926248203
9,11,RF,11,16,1,2,252.0061,0.6891822032741038
9,11,RF,11,16,1,2,253.0053,0.653639063018959
9,11,RF,11,16,1,2,254.0054,0.653526246254908
9,11,RF,11,16,1,2,255.0071,0.6586612762193947
9,11,RF,11,16,1,2,256.0056,0.6449608020608677
9,11,RF,11,16,1,2,257.0051,0.6328969128927049
9,11,RF,11,16,1,2,258.0053,0.6361109637857942
9,11,RF,11,16,1,2,259.0051,0.6543438874769286
9,11,RF,11,16,1,2,260.0062,0.6927549991711964
9,11,RF,11,16,1,2,261.0061,0.692457050553316
9,11,RF,11,16,1,2,262.0057,0.692457050553316
9,11,RF,11,16,1,2,263.0062,0.6785758786823711
9,11,RF,11,16,1,2,264.0052,0.6918874278665252
9,11,RF,11,16,1,2,265.0056,0.6891523055278268
9,11,RF,11,16,1,2,266.0051,0.715324416427598
9,11,RF,11,16,1,2,267.0044,0.7134927332592812
9,11,RF,11,16,1,2,268.0049,0.6844764981472845
9,11,RF,11,16,1,2,269.0052,0.682973276396538
9,11,RF,11,16,1,2,270.0058,0.7299854564128019
9,11,RF,11,16,1,2,271.0061,0.720769622776771
9,11,RF,11,16,1,2,272.006,0.7219231004936949
9,11,RF,11,16,1,2,273.0064,0.7159407394823537
9,11,RF,11,16,1,2,274.0056,0.7207664743043847
9,11,RF,11,16,1,2,275.0049,0.7342819665027966
9,11,RF,11,16,1,2,276.007,0.7384883437987905
9,11,RF,11,16,1,2,277.0069,0.7679174336357941
9,11,RF,11,16,1,2,278.0079,0.7758591943055261
9,11,RF,11,16,1,2,279.0076,0.7857648821391052
9,11,RF,11,16,1,2,280.0078,0.7818655598919306
9,11,RF,11,16,1,2,281.0071,0.7794041101635488
9,11,RF,11,16,1,2,282.0072,0.7666183546066623
9,11,RF,11,16,1,2,283.0072,0.7599403722385206
9,11,RF,11,16,1,2,284.0067,0.7557695324063581
9,11,RF,11,16,1,2,285.0071,0.7181291239625377
9,11,RF,11,16,1,2,286.0052,0.7199472783800862
9,11,RF,11,16,1,2,287.0066,0.7143472017737132
9,11,RF,11,16,1,2,288.0072,0.6674734664084669
9,11,RF,11,16,1,2,289.007,0.6715212619636488
9,11,RF,11,16,1,2,290.0083,0.6820453795691047
9,11,RF,11,16,1,2,290.9982,0.6869170251501685
9,11,RF,11,16,1,2,292.0073,0.6647891188865228
9,11,RF,11,16,1,2,293.007,0.6652714470103717
9,11,RF,11,16,1,2,294.0068,0.6729036052912933
9,11,RF,11,16,1,2,295.0081,0.6820784370117129
9,11,RF,11,16,1,2,296.0071,0.7069493584695294
9,11,RF,11,16,1,2,297.0096,0.7054062923289488
9,11,RF,11,16,1,2,298.0091,0.7002305802140505
9,11,RF,11,16,1,2,299.0084,0.6968972468807171
9,11,RF,11,16,1,2,300.0071,0.6902305802140505
9,11,RF,11,16,1,2,301.0079,0.6858935533959161
9,11,RF,11,17,0,0,0.011267,0.018688946537805316
9,11,RF,11,17,0,0,1.009216,0.01185527890286054
9,11,RF,11,17,0,0,2.010768,0.03356802578540567
9,11,RF,11,17,0,0,3.010537,0.054690665831468054
9,11,RF,11,17,0,0,4.010739,0.2018395976580482
9,11,RF,11,17,0,0,5.012167,0.26204843868462946
9,11,RF,11,17,0,0,6.013333,0.29216987348709084
9,11,RF,11,17,0,0,7.013581,0.32200665774223597
9,11,RF,11,17,0,0,8.013154,0.299657069248192
9,11,RF,11,17,0,0,9.014494,0.3433882649208497
9,11,RF,11,17,0,0,10.01451,0.3680087540807626
9,11,RF,11,17,0,0,11.01476,0.33552684773380964
9,11,RF,11,17,0,0,12.01291,0.3394982410158163
9,11,RF,11,17,0,0,13.01344,0.3267356141553068
9,11,RF,11,17,0,0,14.01325,0.302011943094746
9,11,RF,11,17,0,0,15.01351,0.3126456558296722
9,11,RF,11,17,0,0,16.01389,0.3376674061720152
9,11,RF,11,17,0,0,17.01487,0.29638381024839
9,11,RF,11,17,0,0,18.0142,0.31722175008920284
9,11,RF,11,17,0,0,19.01457,0.34237711841440643
9,11,RF,11,17,0,0,20.01595,0.37124032036891186
9,11,RF,11,17,0,0,21.01333,0.36789912910692846
9,11,RF,11,17,0,0,22.01412,0.39902649763804304
9,11,RF,11,17,0,0,23.01465,0.42277951156911864
9,11,RF,11,17,0,0,24.01475,0.4394461782357853
9,11,RF,11,17,0,0,25.01406,0.431384191363032
9,11,RF,11,17,0,0,26.01443,0.4547491452535441
9,11,RF,11,17,0,0,27.01342,0.4553240187189476
9,11,RF,11,17,0,0,28.01403,0.4604988576314103
9,11,RF,11,17,0,0,29.01394,0.46690664585279734
9,11,RF,11,17,0,0,30.01456,0.4459209346883093
9,11,RF,11,17,0,0,31.01446,0.4547324577639569
9,11,RF,11,17,0,0,32.01382,0.433826910737882
9,11,RF,11,17,0,0,33.01542,0.4334947305411665
9,11,RF,11,17,0,0,34.01452,0.38433906992143846
9,11,RF,11,17,0,0,35.01497,0.3766927590580561
9,11,RF,11,17,0,0,36.01291,0.3630625163657158
9,11,RF,11,17,0,0,37.01405,0.3650965988346918
9,11,RF,11,17,0,0,38.01328,0.3540790630591712
9,11,RF,11,17,0,0,39.01426,0.36033192662025454
9,11,RF,11,17,0,0,40.01369,0.3581587620123301
9,11,RF,11,17,0,0,41.01524,0.33039873167219336
9,11,RF,11,17,0,0,42.00517,0.3315377283249635
9,11,RF,11,17,0,0,43.01529,0.3171937696839223
9,11,RF,11,17,0,0,44.01579,0.3307135233690361
9,11,RF,11,17,0,0,45.01544,0.32964205627598764
9,11,RF,11,17,0,0,46.00477,0.3159397335332463
9,11,RF,11,17,0,0,47.00568,0.34295738812161614
9,11,RF,11,17,0,0,48.01549,0.3330560860108326
9,11,RF,11,17,1,1,49.01421,0.33164178590673915
9,11,RF,11,17,1,1,50.01254,0.30215746248361386
9,11,RF,11,17,1,1,51.01536,0.32614757375193476
9,11,RF,11,17,1,2,52.00605,0.3281803769707078
9,11,RF,11,17,1,2,53.00695,0.31862989287212534
9,11,RF,11,17,1,2,54.00532,0.36867603533622434
9,11,RF,11,17,1,2,55.00634,0.35894026554581926
9,11,RF,11,17,1,2,56.00675,0.3565038970955863
9,11,RF,11,17,1,2,57.00716,0.37620252138315197
9,11,RF,11,17,1,2,58.00694,0.3804548900897754
9,11,RF,11,17,1,2,59.00693,0.36394016747121577
9,11,RF,11,17,1,2,60.0069,0.3341443523268607
9,11,RF,11,17,1,2,61.00563,0.38914440287909974
9,11,RF,11,17,1,2,62.00499,0.37631743551727226
9,11,RF,11,17,1,2,63.00678,0.3717779780641205
9,11,RF,11,17,1,2,64.0051,0.3793666478146282
9,11,RF,11,17,1,2,65.00654,0.3831398435370447
9,11,RF,11,17,1,2,66.00629,0.36860584181904793
9,11,RF,11,17,1,2,67.01572,0.3097646211175165
9,11,RF,11,17,1,2,68.00474,0.3200160322388639
9,11,RF,11,17,1,2,69.00492,0.31792313525686716
9,11,RF,11,17,1,2,70.01665,0.39835480997367106
9,11,RF,11,17,1,3,71.0051,0.3976851882901484
9,11,RF,11,17,1,3,72.00601,0.37416824866501236
9,11,RF,11,17,1,3,73.00735,0.33682863398300167
9,11,RF,11,17,1,3,74.00593,0.3330388238304958
9,11,RF,11,17,1,3,75.00636,0.33205780100225574
9,11,RF,11,17,1,3,76.00766,0.402155640024608
9,11,RF,11,17,1,3,77.0057,0.38752340253698336
9,11,RF,11,17,1,3,78.00646,0.39121949941218614
9,11,RF,11,17,1,3,79.01675,0.3440384238827926
9,11,RF,11,17,1,3,80.00556,0.35943244613955777
9,11,RF,11,17,1,3,81.007,0.42075380931206474
9,11,RF,11,17,1,3,82.00832,0.5403112367923294
9,11,RF,11,17,1,3,83.00883,0.5635082663368474
9,11,RF,11,17,1,3,84.00884,0.5609268301181652
9,11,RF,11,17,1,3,85.00963,0.5829093547189075
9,11,RF,11,17,1,3,86.00945,0.6074123883169924
9,11,RF,11,17,1,3,87.00805,0.59977699835921
9,11,RF,11,17,1,3,88.00813,0.5687885177240193
9,11,RF,11,17,1,3,89.00817,0.618738567083075
9,11,RF,11,17,1,3,90.00745,0.6090057330718667
9,11,RF,11,17,1,3,91.00802,0.606666202814044
9,11,RF,11,17,1,3,92.00787,0.6127131897355013
9,11,RF,11,17,1,3,93.00655,0.5643783204321721
9,11,RF,11,17,1,3,94.00692,0.5406564168179325
9,11,RF,11,17,1,3,95.00689,0.5356937551537738
9,11,RF,11,17,1,3,96.00686,0.6252230939304203
9,11,RF,11,17,1,3,97.00623,0.6563096346762738
9,11,RF,11,17,1,3,98.00809,0.6646914560217386
9,11,RF,11,17,1,3,99.00822,0.6620934597804657
9,11,RF,11,17,1,3,100.0084,0.6637821955432873
9,11,RF,11,17,1,3,101.0085,0.6285492664445071
9,11,RF,11,17,1,3,102.0082,0.5976532460953894
9,11,RF,11,17,1,3,103.009,0.6024260104498458
9,11,RF,11,17,1,3,104.0102,0.6695747735070763
9,11,RF,11,17,1,3,105.0087,0.6682852954556912
9,11,RF,11,17,1,3,106.008,0.6585964655577623
9,11,RF,11,17,1,3,107.0074,0.6537626607487099
9,11,RF,11,17,1,3,108.0091,0.6268056015531883
9,11,RF,11,17,1,3,109.0091,0.6160923997207787
9,11,RF,11,17,1,3,110.0097,0.6724426488426656
9,11,RF,11,17,1,3,111.0108,0.6904033984163787
9,11,RF,11,17,1,3,112.0106,0.6940389256967934
9,11,RF,11,17,1,3,113.0105,0.6486308119589107
9,11,RF,11,17,1,3,114.0107,0.6304939840786279
9,11,RF,11,17,1,3,115.0101,0.6160927065940085
9,11,RF,11,17,1,3,116.011,0.5924088670068359
9,11,RF,11,17,1,3,117.0095,0.5589260538482856
9,11,RF,11,17,1,3,118.0088,0.5351219117479185
9,11,RF,11,17,1,3,119.0105,0.5088382550941549
9,11,RF,11,17,1,3,120.0088,0.5424365391794667
9,11,RF,11,17,1,3,121.0088,0.5377187644249676
9,11,RF,11,17,1,3,122.0083,0.5783383942416915
9,11,RF,11,17,1,3,123.0078,0.5835081255005318
9,11,RF,11,17,1,3,124.0098,0.6170559844942486
9,11,RF,11,17,1,3,125.0086,0.5965251140938232
9,11,RF,11,17,1,3,126.0094,0.5974731607085969
9,11,RF,11,17,1,3,127.0103,0.5777456091662324
9,11,RF,11,17,1,3,128.0101,0.5881268483184608
9,11,RF,11,17,1,3,129.0102,0.5732999743357783
9,11,RF,11,17,1,3,130.0102,0.6606139753851688
9,11,RF,11,17,1,3,131.0108,0.7016625536362349
9,11,RF,11,17,1,3,132.0108,0.6986502166882544
9,11,RF,11,17,1,3,133.011,0.6974145218286804
9,11,RF,11,17,1,3,134.0108,0.7074416316825229
9,11,RF,11,17,1,3,135.0118,0.7289534971547844
9,11,RF,11,17,1,3,136.0104,0.7289397457796468
9,11,RF,11,17,1,3,137.0114,0.7274318092717103
9,11,RF,11,17,1,3,138.0086,0.696202952418243
9,11,RF,11,17,1,3,139.0096,0.6977060509815957
9,11,RF,11,17,1,3,140.0113,0.6907609910163495
9,11,RF,11,17,1,3,141.0135,0.6982265489459352
9,11,RF,11,17,1,3,142.0118,0.698883049273214
9,11,RF,11,17,1,3,143.0126,0.6955497159398807
9,11,RF,11,17,1,3,144.0129,0.6934063626963747
9,11,RF,11,17,1,3,145.012,0.6934063626963747
9,11,RF,11,17,1,3,146.0126,0.7021304547290805
9,11,RF,11,17,1,3,147.012,0.6939468149365298
9,11,RF,11,17,1,3,148.0111,0.6954802897125788
9,11,RF,11,17,1,3,149.0121,0.6988108727708846
9,11,RF,11,17,1,3,150.0108,0.7036639295051295
9,11,RF,11,17,1,3,151.0116,0.7003305961717962
9,11,RF,11,17,1,3,152.0109,0.698579579842131
9,11,RF,11,17,1,3,153.0105,0.698579579842131
9,11,RF,11,17,1,3,154.0101,0.698579579842131
9,11,RF,11,17,1,3,155.0105,0.70007376497493
9,11,RF,11,17,1,3,156.0103,0.7052234585157126
9,11,RF,11,17,1,3,157.011,0.7134228141655634
9,11,RF,11,17,1,3,158.0111,0.7067561474988967
9,11,RF,11,17,1,3,159.0116,0.6947311128645564
9,11,RF,11,17,1,3,160.0125,0.6731902446344505
9,11,RF,11,17,1,3,161.0122,0.6813677286392579
9,11,RF,11,17,1,3,162.0123,0.6721777453463702
9,11,RF,11,17,1,3,163.0105,0.6662177300570565
9,11,RF,11,17,1,3,164.0115,0.6533913768949468
9,11,RF,11,17,1,3,165.0127,0.6637303673219238
9,11,RF,11,17,1,3,166.0126,0.6997294747761058
9,11,RF,11,17,1,3,167.0138,0.6751915759038023
9,11,RF,11,17,1,3,168.0134,0.6549769839997042
9,11,RF,11,17,1,3,169.0139,0.6522916730294541
9,11,RF,11,17,1,3,170.0137,0.6677185811795188
9,11,RF,11,17,1,3,171.014,0.6625441351634885
9,11,RF,11,17,1,3,172.0133,0.61708369580814
9,11,RF,11,17,1,3,173.0134,0.6183234543247422
9,11,RF,11,17,1,3,174.0133,0.6164945214314528
9,11,RF,11,17,1,3,175.0133,0.6188727659281292
9,11,RF,11,17,1,3,176.0137,0.5796835950626059
9,11,RF,11,17,1,3,177.0143,0.5776829708470507
9,11,RF,11,17,1,3,178.0134,0.5776829708470507
9,11,RF,11,17,1,3,179.0132,0.6037431757576873
9,11,RF,11,17,1,3,180.013,0.6094116994926566
9,11,RF,11,17,1,3,181.0135,0.6085509115930864
9,11,RF,11,17,1,3,182.0134,0.6483304946344475
9,11,RF,11,17,1,3,183.0136,0.6574951130481508
9,11,RF,11,17,1,3,184.0135,0.6531851229544222
9,11,RF,11,17,1,3,185.0143,0.6403017601607681
9,11,RF,11,17,1,3,186.0142,0.60571754878129
9,11,RF,11,17,1,3,187.0137,0.6080947763095813
9,11,RF,11,17,1,3,188.0129,0.539630903314335
9,11,RF,11,17,1,3,189.0135,0.501653388853503
9,11,RF,11,17,1,3,190.0132,0.5219509601637362
9,11,RF,11,17,1,3,191.0142,0.5209743034033408
9,11,RF,11,17,1,3,192.0143,0.5235470005651833
9,11,RF,11,17,1,3,193.0143,0.5300218876175555
9,11,RF,11,17,1,3,194.0146,0.5276491333000457
9,11,RF,11,17,1,3,195.0144,0.5288042623174116
9,11,RF,11,17,1,3,196.0145,0.509179075772685
9,11,RF,11,17,1,3,197.0046,0.5155235673647013
9,11,RF,11,17,1,3,198.0152,0.5155235673647013
9,11,RF,11,17,1,3,199.0153,0.5081563798647014
9,11,RF,11,17,1,3,200.0146,0.5119982453901659
9,11,RF,11,17,1,3,201.0141,0.5106862264877565
9,11,RF,11,17,1,3,202.0137,0.527352893154423
9,11,RF,11,17,0,0,203.0151,0.5107465884138734
9,11,RF,11,17,0,0,204.0154,0.502930869270009
9,11,RF,11,17,0,0,205.0158,0.4796158960908834
9,11,RF,11,17,0,0,206.015,0.4705354216277013
9,11,RF,11,17,0,0,207.0146,0.4825897124510717
9,11,RF,11,17,0,0,208.0141,0.4779735156018761
9,11,RF,11,17,0,0,209.0146,0.4734224345033116
9,11,RF,11,17,0,0,210.0141,0.4779924413621167
9,11,RF,11,17,0,0,211.0146,0.478248151117423
9,11,RF,11,17,0,0,212.0141,0.47611364939274153
9,11,RF,11,17,0,0,213.013,0.48012112321074835
9,11,RF,11,17,0,0,214.014,0.470730629799843
9,11,RF,11,17,0,0,215.0143,0.4842963242402278
9,11,RF,11,17,0,0,216.0142,0.5154659324063776
9,11,RF,11,17,0,0,217.0132,0.4937602601776489
9,11,RF,11,17,0,0,218.0146,0.4979021621447746
9,11,RF,11,17,0,0,219.0155,0.5017664562905605
9,11,RF,11,17,0,0,220.0047,0.5017664562905605
9,11,RF,11,17,0,0,221.0041,0.5345474459317787
9,11,RF,11,17,0,0,222.0053,0.538344733500242
9,11,RF,11,17,0,0,223.0042,0.5208708970667878
9,11,RF,11,17,0,0,224.0043,0.5280246670297201
9,11,RF,11,17,0,0,225.0045,0.5200912989860259
9,11,RF,11,17,0,0,226.0041,0.5338443039574051
9,11,RF,11,17,0,0,227.0047,0.5344929883051492
9,11,RF,11,17,0,0,228.0157,0.5380062263743204
9,11,RF,11,17,0,0,229.0042,0.5280203135895852
9,11,RF,11,17,0,0,230.0042,0.5284557255474018
9,11,RF,11,17,0,0,231.015,0.5103817861959677
9,11,RF,11,17,0,0,232.0043,0.5013461231985614
9,11,RF,11,17,0,0,233.0045,0.526217799054004
9,11,RF,11,17,0,0,234.015,0.5407704140524902
9,11,RF,11,17,0,0,235.015,0.545629757129655
9,11,RF,11,17,0,0,236.0049,0.532589524534967
9,11,RF,11,17,0,0,237.0058,0.5248061601822298
9,11,RF,11,17,0,0,238.0066,0.5110482391877859
9,11,RF,11,17,0,0,239.0082,0.5224427250725754
9,11,RF,11,17,0,0,240.0067,0.5336751549290653
9,11,RF,11,17,0,0,241.0064,0.5231519426212855
9,11,RF,11,17,0,0,242.0061,0.5394257747387602
9,11,RF,11,17,0,0,243.0064,0.5355468340124198
9,11,RF,11,17,0,0,244.006,0.5435012005993227
9,11,RF,11,17,0,0,245.0055,0.5310738388245321
9,11,RF,11,17,0,0,246.0066,0.5398322697762914
9,11,RF,11,17,0,0,247.0063,0.5838019466229081
9,11,RF,11,17,0,0,248.0059,0.5840286351105607
9,11,RF,11,17,0,0,249.006,0.5649229609602265
9,11,RF,11,17,0,0,250.0056,0.5702606521172845
9,11,RF,11,17,0,0,251.0057,0.5689689138993871
9,11,RF,11,17,0,0,252.0064,0.5771517678990727
9,11,RF,11,17,0,0,253.0056,0.559015651945474
9,11,RF,11,17,0,0,254.0052,0.5408290017716864
9,11,RF,11,17,0,0,255.0055,0.5185452907950234
9,11,RF,11,17,0,0,256.0053,0.5083357932256999
9,11,RF,11,17,0,0,257.0049,0.5024325599141442
9,11,RF,11,17,0,0,258.0047,0.5044698889039348
9,11,RF,11,17,0,0,259.0052,0.49422284034917113
9,11,RF,11,17,0,0,260.0065,0.49987972496950855
9,11,RF,11,17,0,0,261.0071,0.48544721555639464
9,11,RF,11,17,0,0,262.0067,0.4849369281652298
9,11,RF,11,17,0,0,263.007,0.48063583800094817
9,11,RF,11,17,0,0,264.0072,0.475473178877893
9,11,RF,11,17,0,0,265.0074,0.4688065122112263
9,11,RF,11,17,0,0,266.0079,0.4649310299850807
9,11,RF,11,17,0,0,267.0063,0.42982754571213405
9,11,RF,11,17,0,0,268.0071,0.4135499055219433
9,11,RF,11,17,0,0,269.007,0.41288206535749344
9,11,RF,11,17,0,0,270.008,0.40263238374610505
9,11,RF,11,17,0,0,271.0076,0.4059052922876129
9,11,RF,11,17,0,0,272.0083,0.40478262215037897
9,11,RF,11,17,0,0,273.0101,0.4063043670310211
9,11,RF,11,17,0,0,274.0092,0.40946935388200567
9,11,RF,11,17,0,0,275.0092,0.4269841388668391
9,11,RF,11,17,0,0,276.0079,0.42597905078420245
9,11,RF,11,17,0,0,277.0084,0.44470302476787804
9,11,RF,11,17,0,0,278.0099,0.4540632089449671
9,11,RF,11,17,0,0,279.0088,0.4570547223820251
9,11,RF,11,17,0,0,280.0082,0.4517919102554449
9,11,RF,11,17,0,0,281.0092,0.4654439858834502
9,11,RF,11,17,0,0,282.0089,0.47349840192664466
9,11,RF,11,17,0,0,283.0091,0.46991741772356915
9,11,RF,11,17,0,0,284.0089,0.4556401351009985
9,11,RF,11,17,0,0,285.0094,0.4669382225232282
9,11,RF,11,17,0,0,286.0088,0.47510025301199144
9,11,RF,11,17,0,0,287.0086,0.47660190317700785
9,11,RF,11,17,0,0,288.0084,0.46669064626377404
9,11,RF,11,17,0,0,289.0072,0.46187452179418415
9,11,RF,11,17,0,0,290.008,0.4637215279233685
9,11,RF,11,17,0,0,291.0084,0.4681504215400933
9,11,RF,11,17,0,0,292.0078,0.4686039487372485
9,11,RF,11,17,0,0,293.0093,0.4653072117697058
9,11,RF,11,17,0,0,294.0094,0.47513151570918905
9,11,RF,11,17,0,0,295.0093,0.46851631847518
9,11,RF,11,17,0,0,296.0093,0.47481130511670133
9,11,RF,11,17,0,0,297.0098,0.490487876191761
9,11,RF,11,17,0,0,298.0105,0.5032446149819509
9,11,RF,11,17,0,0,299.0096,0.5003848868793609
9,11,RF,11,17,0,0,300.0081,0.5129275475609232
9,11,RF,11,17,0,0,301.008,0.5041811769242295
9,11,GB,9,13,0,0,0.0110195,0.002056250579782367
9,11,GB,9,13,0,0,1.005759,8.109572393493653e-05
9,11,GB,9,13,0,0,2.00784,0.000117549400858848
9,11,GB,9,13,0,0,3.007802,7.479210660640485e-05
9,11,GB,9,13,0,0,4.007293,9.909891660024303e-05
9,11,GB,9,13,0,0,5.008187,8.726733644960313e-05
9,11,GB,9,13,0,0,6.008643,8.726733644960313e-05
9,11,GB,9,13,0,0,7.009022,0.00011047454248947542
9,11,GB,9,13,0,0,8.008588,0.00012263413800482658
9,11,GB,9,13,0,0,9.008896,0.00018174037736487343
9,11,GB,9,13,0,0,10.00913,0.0006770153737076322
9,11,GB,9,13,0,0,11.01103,0.0005087540270698108
9,11,GB,9,13,0,0,12.01013,0.0008448690246639091
9,11,GB,9,13,0,0,13.01072,0.000825618750513359
9,11,GB,9,13,0,0,14.01103,0.0009636268722901136
9,11,GB,9,13,0,0,15.0121,0.0008818044022426733
9,11,GB,9,13,0,0,16.00964,0.001409901194615313
9,11,GB,9,13,0,0,17.01035,0.0013289214627139289
9,11,GB,9,13,0,0,18.01051,0.014277042282905267
9,11,GB,9,13,0,0,19.0111,0.007586922697855564
9,11,GB,9,13,0,0,20.01075,0.0178857834647224
9,11,GB,9,13,0,0,21.00977,0.04503084790612246
9,11,GB,9,13,0,0,22.0112,0.06844926180325453
9,11,GB,9,13,0,0,23.01091,0.06130078114960404
9,11,GB,9,13,0,0,24.0096,0.038105622622240355
9,11,GB,9,13,0,0,25.01049,0.036202310638613205
9,11,GB,9,13,0,0,26.01068,0.04321509263385972
9,11,GB,9,13,0,0,27.01039,0.04523902306257592
9,11,GB,9,13,0,0,28.01047,0.04773093196159276
9,11,GB,9,13,0,0,29.01056,0.04233115087807982
9,11,GB,9,13,0,0,30.01037,0.039028178770964206
9,11,GB,9,13,0,0,31.01037,0.07258803325569178
9,11,GB,9,13,0,0,32.01043,0.06810710928984912
9,11,GB,9,13,0,0,33.01025,0.0529702922143109
9,11,GB,9,13,0,0,34.01165,0.054603885368807614
9,11,GB,9,13,0,0,35.01178,0.0657305803826919
9,11,GB,9,13,0,0,36.01152,0.05834243494723022
9,11,GB,9,13,0,0,37.01201,0.05365052973741765
9,11,GB,9,13,0,0,38.01177,0.05616830533540143
9,11,GB,9,13,0,0,39.01201,0.04317958428904066
9,11,GB,9,13,0,0,40.01328,0.053095482457583845
9,11,GB,9,13,0,0,41.01098,0.03927789702929325
9,11,GB,9,13,0,0,42.01181,0.04475313170516016
9,11,GB,9,13,0,0,43.011,0.03719542324805506
9,11,GB,9,13,0,0,44.01217,0.03125226028219641
9,11,GB,9,13,0,0,45.01147,0.03125433403631883
9,11,GB,9,13,0,0,46.01141,0.03327146166427683
9,11,GB,9,13,0,0,47.01147,0.03327146166427683
9,11,GB,9,13,0,0,48.011,0.019090473823627486
9,11,GB,9,13,0,0,49.01306,0.02056970588363373
9,11,GB,9,13,0,0,50.01255,0.018598093604212492
9,11,GB,9,13,0,0,51.0136,0.012514207190980455
9,11,GB,9,13,0,0,52.01255,0.013748249062369685
9,11,GB,9,13,0,0,53.01245,0.03424404048878652
9,11,GB,9,13,0,0,54.01316,0.027906983227198683
9,11,GB,9,13,0,0,55.01288,0.027126276840113116
9,11,GB,9,13,0,0,56.01094,0.04569435978872199
9,11,GB,9,13,0,0,57.01193,0.04792330867632767
9,11,GB,9,13,0,0,58.01228,0.03519750177557083
9,11,GB,9,13,0,0,59.01311,0.05184027553861337
9,11,GB,9,13,0,0,60.01287,0.06498796524840637
9,11,GB,9,13,0,0,61.01322,0.07686745671763573
9,11,GB,9,13,0,0,62.00483,0.0564631841273718
9,11,GB,9,13,0,0,63.00399,0.0498272187191102
9,11,GB,9,13,0,0,64.01481,0.05415271356754541
9,11,GB,9,13,0,0,65.01499,0.07776195545381859
9,11,GB,9,13,0,0,66.00488,0.0783829615391078
9,11,GB,9,13,0,0,67.01431,0.08444737912420032
9,11,GB,9,13,0,0,68.01569,0.10684765752302737
9,11,GB,9,13,0,0,69.01431,0.13913363967387668
9,11,GB,9,13,0,0,70.00444,0.14321746766251556
9,11,GB,9,13,0,0,71.01484,0.14170839661680185
9,11,GB,9,13,0,0,72.01485,0.1397824386975257
9,11,GB,9,13,0,0,73.01538,0.2625334582067173
9,11,GB,9,13,0,0,74.01483,0.14830111694645265
9,11,GB,9,13,0,0,75.01283,0.14486723232404736
9,11,GB,9,13,0,0,76.01294,0.1521619470929762
9,11,GB,9,13,0,0,77.0144,0.10374719300145122
9,11,GB,9,13,0,0,78.01477,0.11578251922355066
9,11,GB,9,13,0,0,79.01405,0.18384401297963965
9,11,GB,9,13,0,0,80.01414,0.1723513358077264
9,11,GB,9,13,0,0,81.01292,0.1557761729879445
9,11,GB,9,13,0,0,82.01397,0.07584338453730537
9,11,GB,9,13,0,0,83.01512,0.10281089099306893
9,11,GB,9,13,0,0,84.00425,0.1298548779044121
9,11,GB,9,13,0,0,85.0048,0.11357654519134118
9,11,GB,9,13,0,0,86.00455,0.10854733982748459
9,11,GB,9,13,0,0,87.00511,0.12808778345493912
9,11,GB,9,13,0,0,88.01478,0.13046455782420074
9,11,GB,9,13,0,0,89.01393,0.21467602176649178
9,11,GB,9,13,0,0,90.00504,0.09876211335900908
9,11,GB,9,13,0,0,91.00574,0.15053761667793353
9,11,GB,9,13,0,0,92.01431,0.15753325972999283
9,11,GB,9,13,0,0,93.01505,0.21285562404225766
9,11,GB,9,13,0,0,94.00507,0.5996687228919232
9,11,GB,9,13,0,0,95.00547,0.6641178073027931
9,11,GB,9,13,0,0,96.00397,0.6783758378733566
9,11,GB,9,13,0,0,97.00613,0.6863601149120705
9,11,GB,9,13,0,0,98.00716,0.6904906912875458
9,11,GB,9,13,0,0,99.00568,0.6584172468341954
9,11,GB,9,13,0,0,100.0066,0.6170215564569467
9,11,GB,9,13,0,0,101.0064,0.6092056232465738
9,11,GB,9,13,0,0,102.0046,0.5758517369670004
9,11,GB,9,13,0,0,103.0056,0.6036687784912289
9,11,GB,9,13,0,0,104.0057,0.5933636415228928
9,11,GB,9,13,0,0,105.0069,0.5294301150576968
9,11,GB,9,13,0,0,106.0045,0.6642292931187239
9,11,GB,9,13,0,0,107.0059,0.7438523719133835
9,11,GB,9,13,0,0,108.0047,0.6510868441534589
9,11,GB,9,13,0,0,109.0066,0.6807232685716493
9,11,GB,9,13,0,0,110.0056,0.7821952862059407
9,11,GB,9,13,0,0,111.0052,0.7958232275729759
9,11,GB,9,13,0,0,112.0055,0.8054292651878968
9,11,GB,9,13,0,0,113.0053,0.8638499237413352
9,11,GB,9,13,0,0,114.0057,0.8638499237413352
9,11,GB,9,13,0,0,115.0057,0.8558142243391248
9,11,GB,9,13,0,0,116.006,0.8407931759141537
9,11,GB,9,13,0,0,117.0064,0.8465869306711954
9,11,GB,9,13,0,0,118.0063,0.7638593459840789
9,11,GB,9,13,0,0,119.0068,0.8716275756633021
9,11,GB,9,13,0,0,120.0069,0.7228505764029647
9,11,GB,9,13,0,0,121.0075,0.7297473290366339
9,11,GB,9,13,0,0,122.0072,0.7024040686655438
9,11,GB,9,13,0,0,123.0058,0.6740616772710937
9,11,GB,9,13,0,0,124.0076,0.6688753988022086
9,11,GB,9,13,0,0,125.007,0.7091901533477667
9,11,GB,9,13,0,0,126.0072,0.8379109883776622
9,11,GB,9,13,0,0,127.0068,0.8500908314846425
9,11,GB,9,13,0,0,128.0076,0.848704856975806
9,11,GB,9,13,0,0,129.0074,0.8295078742433953
9,11,GB,9,13,0,0,130.0071,0.8737743035332817
9,11,GB,9,13,1,3,131.0081,0.9184010175579762
9,11,GB,9,13,1,3,132.0073,0.9986927670204326
9,11,GB,9,13,1,3,133.0062,0.9986927670204326
9,11,GB,9,13,1,3,134.0074,0.9980504854295735
9,11,GB,9,13,1,3,135.0069,0.9985104022737167
9,11,GB,9,13,1,3,136.0064,0.9955943261010133
9,11,GB,9,13,1,3,137.0067,0.9939421851046597
9,11,GB,9,13,1,3,138.0067,0.9941147604624399
9,11,GB,9,13,1,3,139.007,0.9956150659283255
9,11,GB,9,13,1,3,140.0062,0.997294080565222
9,11,GB,9,13,1,3,141.0073,0.997653970135287
9,11,GB,9,13,1,3,142.0084,0.9981969720169175
9,11,GB,9,13,1,3,143.008,0.9982023067752939
9,11,GB,9,13,1,3,144.0094,0.998084711485782
9,11,GB,9,13,1,3,145.0076,0.998333141111314
9,11,GB,9,13,1,3,146.0077,0.9969385274329458
9,11,GB,9,13,1,3,147.0074,0.9972243748211397
9,11,GB,9,13,1,3,148.0075,0.998722553302302
9,11,GB,9,13,1,3,149.0084,0.9981195125231942
9,11,GB,9,13,1,3,150.0068,0.9979805339328613
9,11,GB,9,13,1,3,151.0084,0.9980736532952258
9,11,GB,9,13,1,3,152.009,0.9946688929242946
9,11,GB,9,13,1,3,153.0098,0.9923189963613238
9,11,GB,9,13,1,3,154.0073,0.9953257476202687
9,11,GB,9,13,0,0,155.0084,0.9953079483780072
9,11,GB,9,13,0,0,156.0078,0.9986087964028468
9,11,GB,9,13,0,0,157.008,0.9986940085333091
9,11,GB,9,13,0,0,158.0095,0.9988098986917765
9,11,GB,9,13,0,0,159.0101,0.9993691064776449
9,11,GB,9,13,0,0,160.0103,0.9988862566968274
9,11,GB,9,13,0,0,161.0102,0.9962922237935973
9,11,GB,9,13,0,0,162.0098,0.9964433857002012
9,11,GB,9,13,0,0,163.0103,0.9943516427669643
9,11,GB,9,13,0,0,164.0104,0.9947335531060684
9,11,GB,9,13,0,0,165.0098,0.9956124667302368
9,11,GB,9,13,0,0,166.0106,0.9948173713708123
9,11,GB,9,13,0,0,167.0094,0.9970850115332398
9,11,GB,9,13,0,0,168.0101,0.9968828162764148
9,11,GB,9,13,0,0,169.0095,0.9972842968780273
9,11,GB,9,13,0,0,170.0094,0.997562583703297
9,11,GB,9,13,0,0,171.0103,0.9979214586998394
9,11,GB,9,13,0,0,172.0116,0.9979259466130023
9,11,GB,9,13,0,0,173.0117,0.967613190505664
9,11,GB,9,13,0,0,174.0113,0.9582944544919553
9,11,GB,9,13,0,0,175.0105,0.9014726534973309
9,11,GB,9,13,0,0,176.0114,0.8514035921835733
9,11,GB,9,13,0,0,177.011,0.9545780753935611
9,11,GB,9,13,0,0,178.0101,0.9529014945517204
9,11,GB,9,13,0,0,179.0093,0.9529252862180222
9,11,GB,9,13,0,0,180.0106,0.9469039804662361
9,11,GB,9,13,0,0,181.0108,0.9554719070302855
9,11,GB,9,13,0,0,182.0097,0.9633058897961179
9,11,GB,9,13,0,0,183.0091,0.9966975220448637
9,11,GB,9,13,0,0,184.0103,0.993240372280193
9,11,GB,9,13,0,0,185.0096,0.9903594639736226
9,11,GB,9,13,0,0,186.01,0.9916082746251422
9,11,GB,9,13,0,0,187.0108,0.9931267602798671
9,11,GB,9,13,0,0,188.0104,0.9923970780522027
9,11,GB,9,13,0,0,189.0116,0.9985672351617245
9,11,GB,9,13,0,0,190.0116,0.9964586226637938
9,11,GB,9,13,0,0,191.0115,0.9983949482244935
9,11,GB,9,13,0,0,192.0119,0.9989874117950115
9,11,GB,9,13,0,0,193.0109,0.9983786578181364
9,11,GB,9,13,0,0,194.0107,0.9989792812747029
9,11,GB,9,13,0,0,195.01,0.9987974443729818
9,11,GB,9,13,0,0,196.0102,0.9984240927231688
9,11,GB,9,13,0,0,197.0122,0.9982555730653597
9,11,GB,9,13,0,0,198.0116,0.9984790538926049
9,11,GB,9,13,0,0,199.0125,0.99869282495942
9,11,GB,9,13,0,0,200.0115,0.9986669578550791
9,11,GB,9,13,0,0,201.0117,0.9968890491381558
9,11,GB,9,13,0,0,202.0122,0.9974091466549238
9,11,GB,9,13,0,0,203.0135,0.9981785987815966
9,11,GB,9,13,0,0,204.0123,0.9974987151975006
9,11,GB,9,13,0,0,205.0133,0.9981477687834088
9,11,GB,9,13,0,0,206.013,0.9981383934283432
9,11,GB,9,13,0,0,207.0117,0.9977668057352538
9,11,GB,9,13,0,0,208.0125,0.9979690497055661
9,11,GB,9,13,0,0,209.0119,0.9959435303236672
9,11,GB,9,13,0,0,210.0124,0.9959435303236672
9,11,GB,9,13,0,0,211.013,0.9979788911269065
9,11,GB,9,13,0,0,212.0144,0.9980664305742288
9,11,GB,9,13,0,0,213.0136,0.9982281013820227
9,11,GB,9,13,0,0,214.0147,0.9978332156779625
9,11,GB,9,13,0,0,215.0134,0.9980024903198558
9,11,GB,9,13,0,0,216.0129,0.9983321855019841
9,11,GB,9,13,0,0,217.0129,0.9977852380342468
9,11,GB,9,13,0,0,218.0129,0.9982880592304808
9,11,GB,9,13,0,0,219.0129,0.9979546032626423
9,11,GB,9,13,0,0,220.0126,0.9976354833274348
9,11,GB,9,13,0,0,221.0129,0.9971125953347114
9,11,GB,9,13,0,0,222.0122,0.9978840339739481
9,11,GB,9,13,0,0,223.0122,0.996481362027437
9,11,GB,9,13,0,0,224.0124,0.996978253413109
9,11,GB,9,13,0,0,225.0121,0.9980805965355692
9,11,GB,9,13,0,0,226.0132,0.9985365387530118
9,11,GB,9,13,0,0,227.0143,0.9982189894866732
9,11,GB,9,13,0,0,228.0146,0.9988415691518955
9,11,GB,9,13,0,0,229.014,0.9980295411539116
9,11,GB,9,13,0,0,230.0146,0.9986805813477626
9,11,GB,9,13,0,0,231.0143,0.9983216059240566
9,11,GB,9,13,0,0,232.0145,0.9997480748065439
9,11,GB,9,13,0,0,233.0145,0.9997136062577135
9,11,GB,9,13,0,0,234.0137,0.9996937294257091
9,11,GB,9,13,0,0,235.0139,0.9993678639147466
9,11,GB,9,13,0,0,236.0044,0.999299409513973
9,11,GB,9,13,0,0,237.0162,0.9985741131140369
9,11,GB,9,13,0,0,238.0152,0.9990266480249236
9,11,GB,9,13,0,0,239.0044,0.9992215732710065
9,11,GB,9,13,0,0,240.0048,0.9991982210855368
9,11,GB,9,13,0,0,241.0044,0.9991893748371381
9,11,GB,9,13,0,0,242.0045,0.999204706928312
9,11,GB,9,13,0,0,243.0043,0.9988612810228845
9,11,GB,9,13,0,0,244.0162,0.9992616955795804
9,11,GB,9,13,0,0,245.0155,0.9996204313716254
9,11,GB,9,13,0,0,246.0154,0.9994181285877358
9,11,GB,9,13,0,0,247.0153,0.9995654164661348
9,11,GB,9,13,0,0,248.0145,0.99925624143449
9,11,GB,9,13,0,0,249.0152,0.9992133219690681
9,11,GB,9,13,0,0,250.0147,0.999063855859679
9,11,GB,9,13,0,0,251.0159,0.9992501438504902
9,11,GB,9,13,0,0,252.0157,0.9969503749403724
9,11,GB,9,13,0,0,253.0046,0.9969618194737607
9,11,GB,9,13,0,0,254.0047,0.9960223329273037
9,11,GB,9,13,0,0,255.0051,0.9914902649824697
9,11,GB,9,13,0,0,256.0152,0.991746200746308
9,11,GB,9,13,0,0,257.0048,0.9953160801901201
9,11,GB,9,13,0,0,258.0048,0.9960875178902477
9,11,GB,9,13,0,0,259.0142,0.9964894723705938
9,11,GB,9,13,0,0,260.0155,0.996281045676612
9,11,GB,9,13,0,0,261.0048,0.9969494576415096
9,11,GB,9,13,0,0,262.0058,0.9937836901606288
9,11,GB,9,13,0,0,263.0071,0.9964353955697325
9,11,GB,9,13,0,0,264.0063,0.9964235018076487
9,11,GB,9,13,0,0,265.0065,0.998391329169142
9,11,GB,9,13,0,0,266.0061,0.9960296346172725
9,11,GB,9,13,0,0,267.0054,0.9988252221722477
9,11,GB,9,13,0,0,268.0065,0.9984385875741949
9,11,GB,9,13,0,0,269.0069,0.9990292396781062
9,11,GB,9,13,0,0,270.006,0.9987482815271638
9,11,GB,9,13,0,0,271.0046,0.9989771977846984
9,11,GB,9,13,0,0,272.0052,0.9994296948301218
9,11,GB,9,13,0,0,273.0052,0.9994838559896587
9,11,GB,9,13,0,0,274.0054,0.9994390505967431
9,11,GB,9,13,0,0,275.0052,0.9990097492621937
9,11,GB,9,13,0,0,276.0056,0.999256480972722
9,11,GB,9,13,0,0,277.0053,0.9990958446441343
9,11,GB,9,13,0,0,278.0059,0.9993608002241932
9,11,GB,9,13,0,0,279.0058,0.9993944126533855
9,11,GB,9,13,0,0,280.0075,0.9990941196183984
9,11,GB,9,13,0,0,281.0063,0.9991735465624079
9,11,GB,9,13,0,0,282.006,0.9994713169059787
9,11,GB,9,13,0,0,283.005,0.9994966682328972
9,11,GB,9,13,0,0,284.0056,0.9994107369465695
9,11,GB,9,13,0,0,285.0061,0.9992362507711093
9,11,GB,9,13,0,0,286.0067,0.9972141472328973
9,11,GB,9,13,0,0,287.0079,0.9967794051359917
9,11,GB,9,13,0,0,288.0077,0.99445956270403
9,11,GB,9,13,0,0,289.006,0.9933328008171771
9,11,GB,9,13,0,0,290.0072,0.9962186114343394
9,11,GB,9,13,0,0,291.0072,0.9990263188877044
9,11,GB,9,13,0,0,292.0069,0.9988856202943013
9,11,GB,9,13,0,0,293.0074,0.9989801838285212
9,11,GB,9,13,0,0,294.0071,0.9991165490390703
9,11,GB,9,13,0,0,295.0074,0.9990581967222913
9,11,GB,9,13,0,0,296.0071,0.9993205313169617
9,11,GB,9,13,0,0,297.0076,0.9991142794612378
9,11,GB,9,13,0,0,298.0078,0.9993146426557752
9,11,GB,9,13,0,0,299.007,0.9990195698488422
9,11,GB,9,13,0,0,300.0064,0.9992815950901652
9,11,GB,9,13,0,0,301.0068,0.9992791056545476
9,11,GB,11,16,0,0,0.0,7.297162797704755e-05
9,11,GB,11,16,0,0,1.006835,6.003181543527091e-05
9,11,GB,11,16,0,0,2.008246,0.000747872408971634
9,11,GB,11,16,0,0,2.998121,0.0005733456317814875
9,11,GB,11,16,0,0,3.999469,0.0006495363993016079
9,11,GB,11,16,0,0,4.998495,0.0011680647419792167
9,11,GB,11,16,0,0,6.000052,0.0009811214783868886
9,11,GB,11,16,0,0,7.00159,0.0033256240042049677
9,11,GB,11,16,0,0,8.002184,0.003803467134012452
9,11,GB,11,16,0,0,9.001597,0.003877383606463615
9,11,GB,11,16,0,0,10.00276,0.003239163063891861
9,11,GB,11,16,0,0,10.99977,0.0031238704548811995
9,11,GB,11,16,0,0,11.99999,0.0033112030463060037
9,11,GB,11,16,0,0,13.00089,0.003092768602857712
9,11,GB,11,16,0,0,13.99989,0.0029062809310466883
9,11,GB,11,16,0,0,15.00098,0.0028823156392604535
9,11,GB,11,16,0,0,16.00064,0.0028975575285324425
9,11,GB,11,16,0,0,16.99999,0.00827257030399986
9,11,GB,11,16,0,0,17.99896,0.007298804486031433
9,11,GB,11,16,0,0,18.99933,0.0014568557253117932
9,11,GB,11,16,0,0,19.9995,0.0012404720404849642
9,11,GB,11,16,0,0,20.9999,0.0011606294261417669
9,11,GB,11,16,0,0,21.99905,0.0010603008135254748
9,11,GB,11,16,0,0,23.0002,0.0010211093433210878
9,11,GB,11,16,0,0,24.00146,0.0010676063294515143
9,11,GB,11,16,0,0,25.00086,0.0014673133837740503
9,11,GB,11,16,0,0,26.0012,0.0011584553554711968
9,11,GB,11,16,0,0,27.00152,0.0009435070531748834
9,11,GB,11,16,0,0,28.00169,0.001594414069291475
9,11,GB,11,16,0,0,29.00176,0.007338371317832925
9,11,GB,11,16,0,0,30.00079,0.0018661248996167264
9,11,GB,11,16,0,0,31.00031,0.001123088942494424
9,11,GB,11,16,0,0,32.00043,0.0014399133785123232
9,11,GB,11,16,0,0,33.00219,0.0007759597902053378
9,11,GB,11,16,0,0,34.00164,0.003835479784416724
9,11,GB,11,16,0,0,35.00283,0.010864655742554857
9,11,GB,11,16,0,0,36.00352,0.017579124922606455
9,11,GB,11,16,0,0,37.00388,0.023352789606197168
9,11,GB,11,16,0,0,38.00309,0.022490332720409706
9,11,GB,11,16,0,0,39.00269,0.09162950823080546
9,11,GB,11,16,0,0,40.00256,0.5877866479166455
9,11,GB,11,16,0,0,41.00229,0.1479830529854136
9,11,GB,11,16,0,0,42.00187,0.017500469699100785
9,11,GB,11,16,0,0,43.00198,0.01151436058619392
9,11,GB,11,16,0,0,43.99989,0.016148207570505606
9,11,GB,11,16,0,0,45.00128,0.019018717429026354
9,11,GB,11,16,0,0,46.00084,0.01502770487188604
9,11,GB,11,16,0,0,47.00187,0.05561355411224436
9,11,GB,11,16,0,0,48.00152,0.2991840199152428
9,11,GB,11,16,0,0,49.00248,0.2268217462362523
9,11,GB,11,16,0,0,50.00288,0.02857058369460663
9,11,GB,11,16,0,0,51.00327,0.023913072784946275
9,11,GB,11,16,0,0,52.0029,0.0377317592278085
9,11,GB,11,16,0,0,53.00366,0.43721856573001394
9,11,GB,11,16,0,0,54.00496,0.35929982261772053
9,11,GB,11,16,0,0,55.0033,0.3669698503621322
9,11,GB,11,16,0,0,56.002,0.3449288275095201
9,11,GB,11,16,0,0,57.00315,0.504763967218138
9,11,GB,11,16,0,0,58.00341,0.1475974803509414
9,11,GB,11,16,0,0,59.0027,0.10476755107587245
9,11,GB,11,16,0,0,60.00551,0.03388359349074221
9,11,GB,11,16,0,0,61.00465,0.16835671783795067
9,11,GB,11,16,0,0,62.00395,0.13066942918179295
9,11,GB,11,16,0,0,63.00386,0.1325423520220341
9,11,GB,11,16,0,0,64.00309,0.1392824493069047
9,11,GB,11,16,0,0,65.00378,0.11848349820636189
9,11,GB,11,16,0,0,66.00377,0.0916000550303881
9,11,GB,11,16,0,0,67.00208,0.07265569279609095
9,11,GB,11,16,0,0,68.00242,0.09830031094890172
9,11,GB,11,16,0,0,69.00261,0.14583377792620644
9,11,GB,11,16,0,0,70.00307,0.14136519257172758
9,11,GB,11,16,0,0,71.0035,0.07681489982467829
9,11,GB,11,16,0,0,72.00352,0.3887457308516212
9,11,GB,11,16,0,0,73.00365,0.5687503951111323
9,11,GB,11,16,0,0,74.0042,0.5348300314969642
9,11,GB,11,16,0,0,75.00552,0.814261617688232
9,11,GB,11,16,0,0,76.00439,0.8298434032686209
9,11,GB,11,16,0,0,77.00546,0.5905142765388268
9,11,GB,11,16,0,0,78.00467,0.5078603889204243
9,11,GB,11,16,0,0,79.00395,0.48073549163256735
9,11,GB,11,16,0,0,80.00491,0.4554123461350125
9,11,GB,11,16,0,0,81.00582,0.43662188142676667
9,11,GB,11,16,0,0,82.00645,0.9064096909139414
9,11,GB,11,16,0,0,83.00783,0.7339399695853135
9,11,GB,11,16,0,0,84.00675,0.7929237039187286
9,11,GB,11,16,0,0,85.00592,0.8055488452996816
9,11,GB,11,16,0,0,86.00507,0.9592255188737987
9,11,GB,11,16,0,0,87.00529,0.9883573717002739
9,11,GB,11,16,0,0,88.00566,0.9759045570282628
9,11,GB,11,16,0,0,89.00539,0.9760110828905779
9,11,GB,11,16,0,0,90.00601,0.984892249529066
9,11,GB,11,16,0,0,91.00649,0.9706975059188861
9,11,GB,11,16,0,0,92.00535,0.9675635729199353
9,11,GB,11,16,0,0,93.005,0.9574699186476243
9,11,GB,11,16,0,0,94.00483,0.9565488591584467
9,11,GB,11,16,0,0,95.00599,0.9424578345405948
9,11,GB,11,16,0,0,96.005,0.9610786345550691
9,11,GB,11,16,0,0,97.00579,0.9869772369378805
9,11,GB,11,16,0,0,98.00683,0.9702899875479267
9,11,GB,11,16,0,0,99.0061,0.984642034037048
9,11,GB,11,16,0,0,100.007,0.9824494913290917
9,11,GB,11,16,0,0,101.0064,0.9824265339465333
9,11,GB,11,16,0,0,102.0055,0.959165542538244
9,11,GB,11,16,0,0,103.0064,0.9717473852857439
9,11,GB,11,16,0,0,104.0067,0.9827370820716143
9,11,GB,11,16,0,0,105.007,0.9750073596921213
9,11,GB,11,16,0,0,106.0086,0.8388421544063753
9,11,GB,11,16,0,0,107.0076,0.8282303468758795
9,11,GB,11,16,0,0,108.007,0.884214721173644
9,11,GB,11,16,0,0,109.0076,0.8968201154006048
9,11,GB,11,16,0,0,110.0071,0.9057156849552882
9,11,GB,11,16,0,0,111.0071,0.8081251698155826
9,11,GB,11,16,0,0,112.0057,0.7612906386767838
9,11,GB,11,16,0,0,113.0061,0.751396722615708
9,11,GB,11,16,0,0,114.0066,0.9674125101217634
9,11,GB,11,16,0,0,115.0063,0.9810994052693388
9,11,GB,11,16,0,0,116.008,0.9876842041724948
9,11,GB,11,16,0,0,117.0076,0.9919974153919147
9,11,GB,11,16,0,0,118.0089,0.9918879680037513
9,11,GB,11,16,0,0,119.0079,0.9969244035153447
9,11,GB,11,16,0,0,120.0083,0.9919253342840664
9,11,GB,11,16,0,0,121.0086,0.9860934846282033
9,11,GB,11,16,0,0,122.0069,0.9707067003459953
9,11,GB,11,16,0,0,123.0086,0.9059233825715456
9,11,GB,11,16,0,0,124.0079,0.7921545917398235
9,11,GB,11,16,0,0,125.0084,0.9528536177918453
9,11,GB,11,16,0,0,125.9983,0.9615291410753073
9,11,GB,11,16,0,0,127.0077,0.953700192323645
9,11,GB,11,16,0,0,128.0085,0.9889818231415286
9,11,GB,11,16,0,0,129.0084,0.9921518023146566
9,11,GB,11,16,0,0,130.008,0.9900910156145877
9,11,GB,11,16,0,0,131.0082,0.9925935200684336
9,11,GB,11,16,0,0,132.0073,0.9893042433182083
9,11,GB,11,16,0,0,133.0074,0.9907066622252773
9,11,GB,11,16,0,0,134.0074,0.9910473601397479
9,11,GB,11,16,0,0,135.0086,0.9935032700982545
9,11,GB,11,16,0,0,136.0081,0.9867204025407373
9,11,GB,11,16,0,0,137.008,0.9898158597863259
9,11,GB,11,16,0,0,138.0093,0.9923391705333328
9,11,GB,11,16,0,0,138.9987,0.9854396902871423
9,11,GB,11,16,0,0,139.999,0.9861575754922642
9,11,GB,11,16,0,0,141.0081,0.9959749022278159
9,11,GB,11,16,0,0,142.0078,0.9916585266247471
9,11,GB,11,16,0,0,143.0091,0.9964013472619887
9,11,GB,11,16,0,0,143.9994,0.9728713680992507
9,11,GB,11,16,0,0,144.9993,0.9782582249771207
9,11,GB,11,16,0,0,145.9998,0.9742142548864631
9,11,GB,11,16,0,0,146.9992,0.9746343478810137
9,11,GB,11,16,0,0,147.9988,0.9744418992272295
9,11,GB,11,16,0,0,149.0094,0.9747175380886837
9,11,GB,11,16,0,0,149.9993,0.9537407819047902
9,11,GB,11,16,0,0,150.9984,0.9459048118195784
9,11,GB,11,16,0,0,151.9984,0.9636642862730457
9,11,GB,11,16,0,0,153.0085,0.9599808675938043
9,11,GB,11,16,0,0,154.0095,0.9270069088395384
9,11,GB,11,16,0,0,155.0089,0.9974468394348563
9,11,GB,11,16,0,0,155.9993,0.9993988009932209
9,11,GB,11,16,0,0,156.9987,0.9992720080137809
9,11,GB,11,16,1,1,158.0103,0.9992170600579743
9,11,GB,11,16,1,1,158.9988,0.9990549400954495
9,11,GB,11,16,1,1,159.999,0.9994973447981007
9,11,GB,11,16,1,1,160.9999,0.9996003555288592
9,11,GB,11,16,1,1,161.999,0.9996151433867646
9,11,GB,11,16,1,1,162.9986,0.9993077992358435
9,11,GB,11,16,1,1,164.0,0.9993002560231131
9,11,GB,11,16,1,1,164.9995,0.9988265766981956
9,11,GB,11,16,1,1,165.9988,0.9990541554978567
9,11,GB,11,16,1,1,167.0005,0.9996443733585109
9,11,GB,11,16,1,1,168.0003,0.9996698630485115
9,11,GB,11,16,1,2,168.9998,0.9995323511708867
9,11,GB,11,16,1,2,169.9999,0.9994061910409932
9,11,GB,11,16,1,2,170.9994,0.9992591513944987
9,11,GB,11,16,1,2,171.9991,0.9995254523892051
9,11,GB,11,16,1,2,172.9989,0.9996744376670512
9,11,GB,11,16,1,2,173.9989,0.9996443176209554
9,11,GB,11,16,1,2,174.9991,0.99960145766816
9,11,GB,11,16,1,2,175.999,0.9997487428047184
9,11,GB,11,16,1,2,176.9999,0.9997047116163078
9,11,GB,11,16,1,2,178.0003,0.9996636928872484
9,11,GB,11,16,1,2,178.9995,0.9996790990565441
9,11,GB,11,16,1,2,179.9998,0.9829833755554598
9,11,GB,11,16,1,2,181.0004,0.9792348603919885
9,11,GB,11,16,1,2,182.0001,0.9839215316400275
9,11,GB,11,16,1,2,182.9991,0.9836202795580051
9,11,GB,11,16,1,2,184.0005,0.982347398598851
9,11,GB,11,16,1,2,185.0009,0.9861838954862452
9,11,GB,11,16,1,2,186.001,0.9865307426463104
9,11,GB,11,16,1,2,187.0014,0.9838420400792144
9,11,GB,11,16,1,2,188.0021,0.9785636869609632
9,11,GB,11,16,1,2,189.0015,0.9893505384883379
9,11,GB,11,16,1,2,190.0005,0.986425419407908
9,11,GB,11,16,1,2,191.0013,0.9843578346115182
9,11,GB,11,16,1,2,192.0001,0.9844225987474859
9,11,GB,11,16,1,2,192.9996,0.9599452008500075
9,11,GB,11,16,1,2,194.0004,0.9596017492744444
9,11,GB,11,16,1,2,194.9993,0.9634256502923169
9,11,GB,11,16,1,2,195.9999,0.9991189041084636
9,11,GB,11,16,1,2,197.0017,0.9989876111926703
9,11,GB,11,16,1,2,198.0014,0.9989569631161741
9,11,GB,11,16,1,2,199.0005,0.998927593500486
9,11,GB,11,16,1,2,200.0002,0.9989857056235548
9,11,GB,11,16,1,2,201.0007,0.999128852612904
9,11,GB,11,16,1,2,201.9999,0.9990720467573613
9,11,GB,11,16,1,2,203.0017,0.998904586717608
9,11,GB,11,16,1,2,204.0013,0.9985776877831976
9,11,GB,11,16,1,2,205.0017,0.9987517687163497
9,11,GB,11,16,1,2,206.0016,0.9987457395320812
9,11,GB,11,16,1,2,207.0018,0.9987853020065833
9,11,GB,11,16,1,2,208.0024,0.998688853248912
9,11,GB,11,16,1,2,209.0028,0.9989611817728897
9,11,GB,11,16,1,2,210.0018,0.9977832042728269
9,11,GB,11,16,1,2,211.0014,0.9974488510686677
9,11,GB,11,16,1,2,212.0015,0.998592900728258
9,11,GB,11,16,1,2,213.0008,0.9988972221648234
9,11,GB,11,16,1,2,214.0011,0.9989754859472298
9,11,GB,11,16,1,2,215.0008,0.9987726551986508
9,11,GB,11,16,1,2,216.0026,0.9979125112896691
9,11,GB,11,16,1,2,217.0029,0.9979654288862082
9,11,GB,11,16,1,2,218.0034,0.9500569707573402
9,11,GB,11,16,1,2,219.0023,0.9495659667375925
9,11,GB,11,16,1,2,220.003,0.9659540981686316
9,11,GB,11,16,1,2,221.002,0.9677264644363037
9,11,GB,11,16,1,2,222.002,0.9615663142016899
9,11,GB,11,16,1,2,223.0025,0.9358235578854441
9,11,GB,11,16,1,2,224.004,0.9416381076943662
9,11,GB,11,16,1,2,225.0031,0.9279313007875419
9,11,GB,11,16,1,2,226.0039,0.9150663445082136
9,11,GB,11,16,1,2,227.002,0.9263946837371462
9,11,GB,11,16,1,2,228.0034,0.9081364039870613
9,11,GB,11,16,1,2,229.0037,0.8803456689683441
9,11,GB,11,16,1,2,230.0028,0.9000429771074857
9,11,GB,11,16,1,2,231.0025,0.911514657373467
9,11,GB,11,16,1,2,232.0024,0.9216031750744227
9,11,GB,11,16,1,2,233.0031,0.9151904595183384
9,11,GB,11,16,1,2,234.0032,0.9969525065661144
9,11,GB,11,16,1,2,235.0037,0.9969600259191447
9,11,GB,11,16,1,2,236.0033,0.9969580436000514
9,11,GB,11,16,1,2,237.0039,0.9965485056785028
9,11,GB,11,16,1,2,238.0043,0.9966346313089766
9,11,GB,11,16,1,2,239.0042,0.9966553465352186
9,11,GB,11,16,1,2,240.0038,0.9851421237531497
9,11,GB,11,16,1,2,241.0046,0.9823514026786909
9,11,GB,11,16,1,2,242.0053,0.9806518269021031
9,11,GB,11,16,1,2,243.0047,0.9808631513872097
9,11,GB,11,16,1,2,244.0056,0.9965977832357054
9,11,GB,11,16,1,2,245.005,0.99684696071606
9,11,GB,11,16,1,2,246.0058,0.9959668749611399
9,11,GB,11,16,1,2,247.004,0.9960993457312803
9,11,GB,11,16,1,2,248.0043,0.9965351870261052
9,11,GB,11,16,1,2,249.0041,0.9968563806834837
9,11,GB,11,16,1,2,250.0033,0.9969931631903374
9,11,GB,11,16,1,2,251.0055,0.9966072472003936
9,11,GB,11,16,1,2,252.0061,0.9966675594252628
9,11,GB,11,16,1,2,253.0053,0.9124792309123305
9,11,GB,11,16,1,2,254.0054,0.9027833972086008
9,11,GB,11,16,1,2,255.0071,0.9037762716930147
9,11,GB,11,16,1,2,256.0056,0.9032316977229482
9,11,GB,11,16,1,2,257.0051,0.8854940908879142
9,11,GB,11,16,1,2,258.0053,0.9179060761105361
9,11,GB,11,16,1,2,259.0051,0.9118436326236428
9,11,GB,11,16,1,2,260.0062,0.9109036760460906
9,11,GB,11,16,1,2,261.0061,0.9680294847496308
9,11,GB,11,16,1,2,262.0057,0.9690061636004793
9,11,GB,11,16,1,2,263.0062,0.9886365692370324
9,11,GB,11,16,1,2,264.0052,0.9886952404877968
9,11,GB,11,16,1,2,265.0056,0.973699539239822
9,11,GB,11,16,1,2,266.0051,0.9749239651211288
9,11,GB,11,16,1,2,267.0044,0.9727902337227704
9,11,GB,11,16,1,2,268.0049,0.9684155028708625
9,11,GB,11,16,1,2,269.0052,0.9729565065103757
9,11,GB,11,16,1,2,270.0058,0.9996379467846405
9,11,GB,11,16,1,2,271.0061,0.9995600192836044
9,11,GB,11,16,1,2,272.006,0.9996377100608853
9,11,GB,11,16,1,2,273.0064,0.9996536502955261
9,11,GB,11,16,1,2,274.0056,0.9995962213569923
9,11,GB,11,16,1,2,275.0049,0.9995567272909943
9,11,GB,11,16,1,2,276.007,0.999278977122278
9,11,GB,11,16,1,2,277.0069,0.9991470624303467
9,11,GB,11,16,1,2,278.0079,0.999605950747563
9,11,GB,11,16,1,2,279.0076,0.9996670219340043
9,11,GB,11,16,1,2,280.0078,0.9996775949024352
9,11,GB,11,16,1,2,281.0071,0.9996644578657665
9,11,GB,11,16,1,2,282.0072,0.999611655233256
9,11,GB,11,16,1,2,283.0072,0.9995636025624749
9,11,GB,11,16,1,2,284.0067,0.9996189049607221
9,11,GB,11,16,1,2,285.0071,0.9995702104791002
9,11,GB,11,16,1,2,286.0052,0.9996442659107976
9,11,GB,11,16,1,2,287.0066,0.9995795674775625
9,11,GB,11,16,1,2,288.0072,0.9982449619526913
9,11,GB,11,16,1,2,289.007,0.9815574478757497
9,11,GB,11,16,1,2,290.0083,0.9781507654185657
9,11,GB,11,16,1,2,290.9982,0.9784397641870244
9,11,GB,11,16,1,2,292.0073,0.9891587072906904
9,11,GB,11,16,1,2,293.007,0.977038300572633
9,11,GB,11,16,1,2,294.0068,0.9707911278003447
9,11,GB,11,16,1,2,295.0081,0.9642381585899366
9,11,GB,11,16,1,2,296.0071,0.9784848899072898
9,11,GB,11,16,1,2,297.0096,0.9797233151631779
9,11,GB,11,16,1,2,298.0091,0.9794921735887862
9,11,GB,11,16,1,2,299.0084,0.979156542276397
9,11,GB,11,16,1,2,300.0071,0.9876401484317938
9,11,GB,11,16,1,2,301.0079,0.9885302758962339
9,11,GB,11,17,0,0,0.011267,0.0008731439345824439
9,11,GB,11,17,0,0,1.009216,0.0006464259749320373
9,11,GB,11,17,0,0,2.010768,0.0007915534061128979
9,11,GB,11,17,0,0,3.010537,0.0008467073326335734
9,11,GB,11,17,0,0,4.010739,0.006335408328584236
9,11,GB,11,17,0,0,5.012167,0.015872907694813723
9,11,GB,11,17,0,0,6.013333,0.02221961938816342
9,11,GB,11,17,0,0,7.013581,0.03147216850943585
9,11,GB,11,17,0,0,8.013154,0.026507832497141788
9,11,GB,11,17,0,0,9.014494,0.05355956661794992
9,11,GB,11,17,0,0,10.01451,0.04488199689432253
9,11,GB,11,17,0,0,11.01476,0.04600352775111804
9,11,GB,11,17,0,0,12.01291,0.0369565769776076
9,11,GB,11,17,0,0,13.01344,0.12232592620281915
9,11,GB,11,17,0,0,14.01325,0.16413903432626187
9,11,GB,11,17,0,0,15.01351,0.10420670025103794
9,11,GB,11,17,0,0,16.01389,0.02776223882481492
9,11,GB,11,17,0,0,17.01487,0.036360152560052386
9,11,GB,11,17,0,0,18.0142,0.05497591119650168
9,11,GB,11,17,0,0,19.01457,0.10640634973872645
9,11,GB,11,17,0,0,20.01595,0.35917192943969395
9,11,GB,11,17,0,0,21.01333,0.5508829451221553
9,11,GB,11,17,0,0,22.01412,0.2087292536609243
9,11,GB,11,17,0,0,23.01465,0.252189601297906
9,11,GB,11,17,0,0,24.01475,0.22138273227070795
9,11,GB,11,17,0,0,25.01406,0.2685514168913851
9,11,GB,11,17,0,0,26.01443,0.27582033205022544
9,11,GB,11,17,0,0,27.01342,0.2646734876106983
9,11,GB,11,17,0,0,28.01403,0.23750133062506923
9,11,GB,11,17,0,0,29.01394,0.2471801260933255
9,11,GB,11,17,0,0,30.01456,0.22686049444702228
9,11,GB,11,17,0,0,31.01446,0.21748685845658403
9,11,GB,11,17,0,0,32.01382,0.1694200503013032
9,11,GB,11,17,0,0,33.01542,0.17423805324757405
9,11,GB,11,17,0,0,34.01452,0.1773940502873005
9,11,GB,11,17,0,0,35.01497,0.02270812660871031
9,11,GB,11,17,0,0,36.01291,0.08971160106491446
9,11,GB,11,17,0,0,37.01405,0.11907523862457825
9,11,GB,11,17,0,0,38.01328,0.1400113228452025
9,11,GB,11,17,0,0,39.01426,0.13011944031801645
9,11,GB,11,17,0,0,40.01369,0.15496148174602567
9,11,GB,11,17,0,0,41.01524,0.1415535156086604
9,11,GB,11,17,0,0,42.00517,0.12277013560950423
9,11,GB,11,17,0,0,43.01529,0.04819697677356701
9,11,GB,11,17,0,0,44.01579,0.043273931264062857
9,11,GB,11,17,0,0,45.01544,0.031043743834959836
9,11,GB,11,17,0,0,46.00477,0.029131872047301045
9,11,GB,11,17,0,0,47.00568,0.03197708708428172
9,11,GB,11,17,0,0,48.01549,0.0314843127516751
9,11,GB,11,17,1,1,49.01421,0.032534920082385864
9,11,GB,11,17,1,1,50.01254,0.023369365122824944
9,11,GB,11,17,1,1,51.01536,0.01914391565874407
9,11,GB,11,17,1,2,52.00605,0.020609517907755413
9,11,GB,11,17,1,2,53.00695,0.0280483866418298
9,11,GB,11,17,1,2,54.00532,0.3628213430492389
9,11,GB,11,17,1,2,55.00634,0.30014928470913754
9,11,GB,11,17,1,2,56.00675,0.31136916805322173
9,11,GB,11,17,1,2,57.00716,0.29309411393738755
9,11,GB,11,17,1,2,58.00694,0.26782557612143965
9,11,GB,11,17,1,2,59.00693,0.20986257594737226
9,11,GB,11,17,1,2,60.0069,0.0651307189684906
9,11,GB,11,17,1,2,61.00563,0.18334729202109826
9,11,GB,11,17,1,2,62.00499,0.15967875217232594
9,11,GB,11,17,1,2,63.00678,0.19395493476488268
9,11,GB,11,17,1,2,64.0051,0.11778755285560999
9,11,GB,11,17,1,2,65.00654,0.053987681378667815
9,11,GB,11,17,1,2,66.00629,0.0474201512821856
9,11,GB,11,17,1,2,67.01572,0.02967159382439198
9,11,GB,11,17,1,2,68.00474,0.021646837954395388
9,11,GB,11,17,1,2,69.00492,0.023343742278762285
9,11,GB,11,17,1,2,70.01665,0.05367351983071935
9,11,GB,11,17,1,3,71.0051,0.04565710989160946
9,11,GB,11,17,1,3,72.00601,0.04787390046085487
9,11,GB,11,17,1,3,73.00735,0.033012362543764884
9,11,GB,11,17,1,3,74.00593,0.033155407467983185
9,11,GB,11,17,1,3,75.00636,0.025453232036404254
9,11,GB,11,17,1,3,76.00766,0.02954099507281534
9,11,GB,11,17,1,3,77.0057,0.025570909871459647
9,11,GB,11,17,1,3,78.00646,0.023565242196146943
9,11,GB,11,17,1,3,79.01675,0.02429110224670926
9,11,GB,11,17,1,3,80.00556,0.14782517936770004
9,11,GB,11,17,1,3,81.007,0.09577170295308277
9,11,GB,11,17,1,3,82.00832,0.4257939151962807
9,11,GB,11,17,1,3,83.00883,0.4778222017796687
9,11,GB,11,17,1,3,84.00884,0.4318551073582828
9,11,GB,11,17,1,3,85.00963,0.5798375549057712
9,11,GB,11,17,1,3,86.00945,0.612051727945876
9,11,GB,11,17,1,3,87.00805,0.4279176937388318
9,11,GB,11,17,1,3,88.00813,0.2623361097834531
9,11,GB,11,17,1,3,89.00817,0.7166011455742208
9,11,GB,11,17,1,3,90.00745,0.843715056307306
9,11,GB,11,17,1,3,91.00802,0.7603921067613122
9,11,GB,11,17,1,3,92.00787,0.7690396520379986
9,11,GB,11,17,1,3,93.00655,0.6871157705580384
9,11,GB,11,17,1,3,94.00692,0.7297510483424099
9,11,GB,11,17,1,3,95.00689,0.9093026377121192
9,11,GB,11,17,1,3,96.00686,0.9550926364444353
9,11,GB,11,17,1,3,97.00623,0.9757635145656277
9,11,GB,11,17,1,3,98.00809,0.9780323460502123
9,11,GB,11,17,1,3,99.00822,0.9827273721787315
9,11,GB,11,17,1,3,100.0084,0.9790758126677084
9,11,GB,11,17,1,3,101.0085,0.9588856436913701
9,11,GB,11,17,1,3,102.0082,0.9521709698090097
9,11,GB,11,17,1,3,103.009,0.9486576199327291
9,11,GB,11,17,1,3,104.0102,0.9667875048828072
9,11,GB,11,17,1,3,105.0087,0.9823327022577438
9,11,GB,11,17,1,3,106.008,0.9813395422144289
9,11,GB,11,17,1,3,107.0074,0.9698497302527879
9,11,GB,11,17,1,3,108.0091,0.9275523684740572
9,11,GB,11,17,1,3,109.0091,0.914186390870342
9,11,GB,11,17,1,3,110.0097,0.9602599684167951
9,11,GB,11,17,1,3,111.0108,0.9774821997512863
9,11,GB,11,17,1,3,112.0106,0.9823461899864131
9,11,GB,11,17,1,3,113.0105,0.9556657833269668
9,11,GB,11,17,1,3,114.0107,0.9557112232422752
9,11,GB,11,17,1,3,115.0101,0.9555423391408496
9,11,GB,11,17,1,3,116.011,0.914569962561689
9,11,GB,11,17,1,3,117.0095,0.9457694519014013
9,11,GB,11,17,1,3,118.0088,0.9246164902260126
9,11,GB,11,17,1,3,119.0105,0.9203023284248407
9,11,GB,11,17,1,3,120.0088,0.9159837548554343
9,11,GB,11,17,1,3,121.0088,0.8632061503016726
9,11,GB,11,17,1,3,122.0083,0.9001855466223887
9,11,GB,11,17,1,3,123.0078,0.7926891133670873
9,11,GB,11,17,1,3,124.0098,0.8849148730519285
9,11,GB,11,17,1,3,125.0086,0.8552309999133023
9,11,GB,11,17,1,3,126.0094,0.892711116814539
9,11,GB,11,17,1,3,127.0103,0.8861886264338937
9,11,GB,11,17,1,3,128.0101,0.8697911047218964
9,11,GB,11,17,1,3,129.0102,0.8805190678764974
9,11,GB,11,17,1,3,130.0102,0.969381792341603
9,11,GB,11,17,1,3,131.0108,0.977946390563082
9,11,GB,11,17,1,3,132.0108,0.9836346939904571
9,11,GB,11,17,1,3,133.011,0.984214338699165
9,11,GB,11,17,1,3,134.0108,0.984190671742779
9,11,GB,11,17,1,3,135.0118,0.9842869146790134
9,11,GB,11,17,1,3,136.0104,0.9855590051725905
9,11,GB,11,17,1,3,137.0114,0.986960802601552
9,11,GB,11,17,1,3,138.0086,0.9862958521067331
9,11,GB,11,17,1,3,139.0096,0.9880644181968451
9,11,GB,11,17,1,3,140.0113,0.9892690459462264
9,11,GB,11,17,1,3,141.0135,0.9880913221123069
9,11,GB,11,17,1,3,142.0118,0.9905717123768906
9,11,GB,11,17,1,3,143.0126,0.9885218932601852
9,11,GB,11,17,1,3,144.0129,0.9902298788756452
9,11,GB,11,17,1,3,145.012,0.9879622380454007
9,11,GB,11,17,1,3,146.0126,0.9879596986476072
9,11,GB,11,17,1,3,147.012,0.9796981729929718
9,11,GB,11,17,1,3,148.0111,0.9807586059684595
9,11,GB,11,17,1,3,149.0121,0.9846513929438153
9,11,GB,11,17,1,3,150.0108,0.9786099584428104
9,11,GB,11,17,1,3,151.0116,0.9777613016137551
9,11,GB,11,17,1,3,152.0109,0.9766555486238098
9,11,GB,11,17,1,3,153.0105,0.9805856642180494
9,11,GB,11,17,1,3,154.0101,0.9839581091102735
9,11,GB,11,17,1,3,155.0105,0.9829993894347782
9,11,GB,11,17,1,3,156.0103,0.9610872208874424
9,11,GB,11,17,1,3,157.011,0.9706716246235862
9,11,GB,11,17,1,3,158.0111,0.9524063993633765
9,11,GB,11,17,1,3,159.0116,0.9282615445930483
9,11,GB,11,17,1,3,160.0125,0.9315621337759421
9,11,GB,11,17,1,3,161.0122,0.9167211370787501
9,11,GB,11,17,1,3,162.0123,0.9436405954921477
9,11,GB,11,17,1,3,163.0105,0.9374104443614135
9,11,GB,11,17,1,3,164.0115,0.9486565019756392
9,11,GB,11,17,1,3,165.0127,0.952170007143297
9,11,GB,11,17,1,3,166.0126,0.9534991084234942
9,11,GB,11,17,1,3,167.0138,0.9609720065830359
9,11,GB,11,17,1,3,168.0134,0.9559346873413617
9,11,GB,11,17,1,3,169.0139,0.9339860756879704
9,11,GB,11,17,1,3,170.0137,0.9452434101597945
9,11,GB,11,17,1,3,171.014,0.9452434101597945
9,11,GB,11,17,1,3,172.0133,0.794720615542847
9,11,GB,11,17,1,3,173.0134,0.7932382434419245
9,11,GB,11,17,1,3,174.0133,0.7950198035818279
9,11,GB,11,17,1,3,175.0133,0.8094697759640189
9,11,GB,11,17,1,3,176.0137,0.8179813405359972
9,11,GB,11,17,1,3,177.0143,0.7986182611483696
9,11,GB,11,17,1,3,178.0134,0.8046318038679573
9,11,GB,11,17,1,3,179.0132,0.7678963557592132
9,11,GB,11,17,1,3,180.013,0.7572072039230464
9,11,GB,11,17,1,3,181.0135,0.7766181346219012
9,11,GB,11,17,1,3,182.0134,0.8104546562510025
9,11,GB,11,17,1,3,183.0136,0.8278453990481923
9,11,GB,11,17,1,3,184.0135,0.8285501775867123
9,11,GB,11,17,1,3,185.0143,0.8514450027078218
9,11,GB,11,17,1,3,186.0142,0.8389377505594249
9,11,GB,11,17,1,3,187.0137,0.845096164341629
9,11,GB,11,17,1,3,188.0129,0.6318938744013726
9,11,GB,11,17,1,3,189.0135,0.7229790948029156
9,11,GB,11,17,1,3,190.0132,0.7141814325522706
9,11,GB,11,17,1,3,191.0142,0.7160499859228371
9,11,GB,11,17,1,3,192.0143,0.7141814325522706
9,11,GB,11,17,1,3,193.0143,0.8869807740679356
9,11,GB,11,17,1,3,194.0146,0.8654048061347578
9,11,GB,11,17,1,3,195.0144,0.887974361306303
9,11,GB,11,17,1,3,196.0145,0.8933826139575513
9,11,GB,11,17,1,3,197.0046,0.9521929727047358
9,11,GB,11,17,1,3,198.0152,0.9528519979900385
9,11,GB,11,17,1,3,199.0153,0.9368386940389635
9,11,GB,11,17,1,3,200.0146,0.9360009771084051
9,11,GB,11,17,1,3,201.0141,0.9309858402717202
9,11,GB,11,17,1,3,202.0137,0.9156473593362077
9,11,GB,11,17,0,0,203.0151,0.919631888877819
9,11,GB,11,17,0,0,204.0154,0.8667092771463817
9,11,GB,11,17,0,0,205.0158,0.44553243214659616
9,11,GB,11,17,0,0,206.015,0.39232436708950896
9,11,GB,11,17,0,0,207.0146,0.43156978892656755
9,11,GB,11,17,0,0,208.0141,0.4718103149586132
9,11,GB,11,17,0,0,209.0146,0.8595893483293495
9,11,GB,11,17,0,0,210.0141,0.8021739941692955
9,11,GB,11,17,0,0,211.0146,0.780366734264838
9,11,GB,11,17,0,0,212.0141,0.6856461730313427
9,11,GB,11,17,0,0,213.013,0.18896628338495267
9,11,GB,11,17,0,0,214.014,0.23123225420264998
9,11,GB,11,17,0,0,215.0143,0.24019106488263192
9,11,GB,11,17,0,0,216.0142,0.24422848399270747
9,11,GB,11,17,0,0,217.0132,0.22293893857015332
9,11,GB,11,17,0,0,218.0146,0.2081529648673041
9,11,GB,11,17,0,0,219.0155,0.23875740442238344
9,11,GB,11,17,0,0,220.0047,0.23875740442238344
9,11,GB,11,17,0,0,221.0041,0.6301444856228003
9,11,GB,11,17,0,0,222.0053,0.5654014752245033
9,11,GB,11,17,0,0,223.0042,0.5455107428968519
9,11,GB,11,17,0,0,224.0043,0.5519067280598267
9,11,GB,11,17,0,0,225.0045,0.5519067280598267
9,11,GB,11,17,0,0,226.0041,0.6122048051772282
9,11,GB,11,17,0,0,227.0047,0.6676900862555034
9,11,GB,11,17,0,0,228.0157,0.6279181363853482
9,11,GB,11,17,0,0,229.0042,0.7312883842021953
9,11,GB,11,17,0,0,230.0042,0.6212222693604316
9,11,GB,11,17,0,0,231.015,0.3140260950156223
9,11,GB,11,17,0,0,232.0043,0.28730319680878863
9,11,GB,11,17,0,0,233.0045,0.29122674907670015
9,11,GB,11,17,0,0,234.015,0.29122674907670015
9,11,GB,11,17,0,0,235.015,0.2707119001355289
9,11,GB,11,17,0,0,236.0049,0.2531840639896823
9,11,GB,11,17,0,0,237.0058,0.29419447704124674
9,11,GB,11,17,0,0,238.0066,0.29419447704124674
9,11,GB,11,17,0,0,239.0082,0.6832398218031361
9,11,GB,11,17,0,0,240.0067,0.6204518968648323
9,11,GB,11,17,0,0,241.0064,0.5980450200344148
9,11,GB,11,17,0,0,242.0061,0.7054526978261326
9,11,GB,11,17,0,0,243.0064,0.6654801588277575
9,11,GB,11,17,0,0,244.006,0.667786513478154
9,11,GB,11,17,0,0,245.0055,0.6555866704726063
9,11,GB,11,17,0,0,246.0066,0.6893051328484983
9,11,GB,11,17,0,0,247.0063,0.6363156754106649
9,11,GB,11,17,0,0,248.0059,0.73408985951082
9,11,GB,11,17,0,0,249.006,0.8457247372538169
9,11,GB,11,17,0,0,250.0056,0.8624886658435584
9,11,GB,11,17,0,0,251.0057,0.8859918676203618
9,11,GB,11,17,0,0,252.0064,0.8909337186697919
9,11,GB,11,17,0,0,253.0056,0.8875140237010595
9,11,GB,11,17,0,0,254.0052,0.7490088776627392
9,11,GB,11,17,0,0,255.0055,0.4656331214747496
9,11,GB,11,17,0,0,256.0053,0.26319892842093123
9,11,GB,11,17,0,0,257.0049,0.27052079166829723
9,11,GB,11,17,0,0,258.0047,0.24410315381088357
9,11,GB,11,17,0,0,259.0052,0.26613110856212113
9,11,GB,11,17,0,0,260.0065,0.32299870193730007
9,11,GB,11,17,0,0,261.0071,0.32483437801580994
9,11,GB,11,17,0,0,262.0067,0.2795653235983217
9,11,GB,11,17,0,0,263.007,0.33667166660324377
9,11,GB,11,17,0,0,264.0072,0.31175647442137683
9,11,GB,11,17,0,0,265.0074,0.30767640092357385
9,11,GB,11,17,0,0,266.0079,0.2937968797798688
9,11,GB,11,17,0,0,267.0063,0.3041796031351005
9,11,GB,11,17,0,0,268.0071,0.27816423128694345
9,11,GB,11,17,0,0,269.007,0.21178455459805065
9,11,GB,11,17,0,0,270.008,0.22390401482566127
9,11,GB,11,17,0,0,271.0076,0.18553663786142624
9,11,GB,11,17,0,0,272.0083,0.20781659822397078
9,11,GB,11,17,0,0,273.0101,0.19685879629334946
9,11,GB,11,17,0,0,274.0092,0.22967133037231038
9,11,GB,11,17,0,0,275.0092,0.18696216815702055
9,11,GB,11,17,0,0,276.0079,0.21665011640789522
9,11,GB,11,17,0,0,277.0084,0.21322193032148642
9,11,GB,11,17,0,0,278.0099,0.2068147141434918
9,11,GB,11,17,0,0,279.0088,0.1975261286661185
9,11,GB,11,17,0,0,280.0082,0.32495893489060756
9,11,GB,11,17,0,0,281.0092,0.40438161491052643
9,11,GB,11,17,0,0,282.0089,0.41973617505966393
9,11,GB,11,17,0,0,283.0091,0.37972521230423845
9,11,GB,11,17,0,0,284.0089,0.40833183927991235
9,11,GB,11,17,0,0,285.0094,0.4219865854717221
9,11,GB,11,17,0,0,286.0088,0.4452517693813284
9,11,GB,11,17,0,0,287.0086,0.42065132000201827
9,11,GB,11,17,0,0,288.0084,0.40298019566633764
9,11,GB,11,17,0,0,289.0072,0.40896223401335446
9,11,GB,11,17,0,0,290.008,0.4222334087179801
9,11,GB,11,17,0,0,291.0084,0.41500211397608106
9,11,GB,11,17,0,0,292.0078,0.3856294827294231
9,11,GB,11,17,0,0,293.0093,0.3980209317438667
9,11,GB,11,17,0,0,294.0094,0.34177196109517616
9,11,GB,11,17,0,0,295.0093,0.34177196109517616
9,11,GB,11,17,0,0,296.0093,0.34177196109517616
9,11,GB,11,17,0,0,297.0098,0.4431310887273258
9,11,GB,11,17,0,0,298.0105,0.48252345055388923
9,11,GB,11,17,0,0,299.0096,0.4695859636496863
9,11,GB,11,17,0,0,300.0081,0.4749151839431967
9,11,GB,11,17,0,0,301.008,0.505191617914019
9,11,LR,9,13,0,0,0.0110195,0.8549002735261932
9,11,LR,9,13,0,0,1.005759,0.008578548419199064
9,11,LR,9,13,0,0,2.00784,0.00914019002396138
9,11,LR,9,13,0,0,3.007802,0.009287621686582362
9,11,LR,9,13,0,0,4.007293,0.009643731299579055
9,11,LR,9,13,0,0,5.008187,0.010198643991246382
9,11,LR,9,13,0,0,6.008643,0.010841200817855423
9,11,LR,9,13,0,0,7.009022,0.011494691834682196
9,11,LR,9,13,0,0,8.008588,0.002085112820923633
9,11,LR,9,13,0,0,9.008896,0.0003022118490707475
9,11,LR,9,13,0,0,10.00913,4.704875557479946e-05
9,11,LR,9,13,0,0,11.01103,5.912137848880866e-06
9,11,LR,9,13,0,0,12.01013,2.0176527519750984e-06
9,11,LR,9,13,0,0,13.01072,1.9059936690021625e-06
9,11,LR,9,13,0,0,14.01103,8.183715799829811e-07
9,11,LR,9,13,0,0,15.0121,7.152336737285649e-07
9,11,LR,9,13,0,0,16.00964,1.19434164909537e-06
9,11,LR,9,13,0,0,17.01035,2.1887259665856833e-06
9,11,LR,9,13,0,0,18.01051,3.161259636350046e-06
9,11,LR,9,13,0,0,19.0111,0.00034154727478379125
9,11,LR,9,13,0,0,20.01075,0.0002802968856653186
9,11,LR,9,13,0,0,21.00977,0.01258294067145811
9,11,LR,9,13,0,0,22.0112,0.00948312924573586
9,11,LR,9,13,0,0,23.01091,0.012114363088609326
9,11,LR,9,13,0,0,24.0096,0.011814604586877903
9,11,LR,9,13,0,0,25.01049,0.010604978419754711
9,11,LR,9,13,0,0,26.01068,0.009313848166377018
9,11,LR,9,13,0,0,27.01039,0.007797304836052963
9,11,LR,9,13,0,0,28.01047,0.0064201066178001896
9,11,LR,9,13,0,0,29.01056,0.05027775779681482
9,11,LR,9,13,0,0,30.01037,0.008316561276874369
9,11,LR,9,13,0,0,31.01037,0.007596529410156195
9,11,LR,9,13,0,0,32.01043,0.005337465531975223
9,11,LR,9,13,0,0,33.01025,0.004068077051041473
9,11,LR,9,13,0,0,34.01165,0.0020066812615579196
9,11,LR,9,13,0,0,35.01178,0.0015417599999486271
9,11,LR,9,13,0,0,36.01152,0.008627030545365325
9,11,LR,9,13,0,0,37.01201,0.06284070264751043
9,11,LR,9,13,0,0,38.01177,0.12057069137317497
9,11,LR,9,13,0,0,39.01201,0.1444582857619145
9,11,LR,9,13,0,0,40.01328,0.18882528293587608
9,11,LR,9,13,0,0,41.01098,0.20008369017063352
9,11,LR,9,13,0,0,42.01181,0.19197461029349172
9,11,LR,9,13,0,0,43.011,0.23250636909944575
9,11,LR,9,13,0,0,44.01217,0.23200367722794518
9,11,LR,9,13,0,0,45.01147,0.23432293501819387
9,11,LR,9,13,0,0,46.01141,0.2321139100224012
9,11,LR,9,13,0,0,47.01147,0.22813025737787052
9,11,LR,9,13,0,0,48.011,0.23654747162508077
9,11,LR,9,13,0,0,49.01306,0.14901893239828387
9,11,LR,9,13,0,0,50.01255,0.15526337932531042
9,11,LR,9,13,0,0,51.0136,0.14219280965318623
9,11,LR,9,13,0,0,52.01255,0.2259362739329537
9,11,LR,9,13,0,0,53.01245,0.12158922618433059
9,11,LR,9,13,0,0,54.01316,0.10663179536494832
9,11,LR,9,13,0,0,55.01288,0.14096502917143036
9,11,LR,9,13,0,0,56.01094,0.12185676830710059
9,11,LR,9,13,0,0,57.01193,0.05460902511327974
9,11,LR,9,13,0,0,58.01228,0.10773377554225974
9,11,LR,9,13,0,0,59.01311,0.1713942911751877
9,11,LR,9,13,0,0,60.01287,0.15016417338031632
9,11,LR,9,13,0,0,61.01322,0.09741750255445313
9,11,LR,9,13,0,0,62.00483,0.06371789459707193
9,11,LR,9,13,0,0,63.00399,0.056456630586555506
9,11,LR,9,13,0,0,64.01481,0.046635801627083216
9,11,LR,9,13,0,0,65.01499,0.04007132290053956
9,11,LR,9,13,0,0,66.00488,0.09866350999816872
9,11,LR,9,13,0,0,67.01431,0.12482985112918832
9,11,LR,9,13,0,0,68.01569,0.15491075170835109
9,11,LR,9,13,0,0,69.01431,0.1779275060719266
9,11,LR,9,13,0,0,70.00444,0.24996392992216787
9,11,LR,9,13,0,0,71.01484,0.17735754995611908
9,11,LR,9,13,0,0,72.01485,0.20281524486077893
9,11,LR,9,13,0,0,73.01538,0.2958278126040504
9,11,LR,9,13,0,0,74.01483,0.2798741980009961
9,11,LR,9,13,0,0,75.01283,0.240831876475615
9,11,LR,9,13,0,0,76.01294,0.1946895305061348
9,11,LR,9,13,0,0,77.0144,0.21714564894616176
9,11,LR,9,13,0,0,78.01477,0.2692818503346581
9,11,LR,9,13,0,0,79.01405,0.2830883729085552
9,11,LR,9,13,0,0,80.01414,0.3428291066615106
9,11,LR,9,13,0,0,81.01292,0.27546177669617566
9,11,LR,9,13,0,0,82.01397,0.21221732623905348
9,11,LR,9,13,0,0,83.01512,0.1913609478994948
9,11,LR,9,13,0,0,84.00425,0.16953940631436018
9,11,LR,9,13,0,0,85.0048,0.15607373512786102
9,11,LR,9,13,0,0,86.00455,0.09582185343299811
9,11,LR,9,13,0,0,87.00511,0.13428126390038936
9,11,LR,9,13,0,0,88.01478,0.1951249363085111
9,11,LR,9,13,0,0,89.01393,0.17744131285354603
9,11,LR,9,13,0,0,90.00504,0.13071646554458868
9,11,LR,9,13,0,0,91.00574,0.20262770211653824
9,11,LR,9,13,0,0,92.01431,0.20289637683787093
9,11,LR,9,13,0,0,93.01505,0.31375209437998747
9,11,LR,9,13,0,0,94.00507,0.23260315619905547
9,11,LR,9,13,0,0,95.00547,0.30531318752237696
9,11,LR,9,13,0,0,96.00397,0.30516561346523235
9,11,LR,9,13,0,0,97.00613,0.1839761274039774
9,11,LR,9,13,0,0,98.00716,0.14248884398195139
9,11,LR,9,13,0,0,99.00568,0.10859623259989852
9,11,LR,9,13,0,0,100.0066,0.08708065491916869
9,11,LR,9,13,0,0,101.0064,0.11504913303488089
9,11,LR,9,13,0,0,102.0046,0.07995072987251035
9,11,LR,9,13,0,0,103.0056,0.15149778413587695
9,11,LR,9,13,0,0,104.0057,0.2041695134694366
9,11,LR,9,13,0,0,105.0069,0.17022806505908716
9,11,LR,9,13,0,0,106.0045,0.09768243960245315
9,11,LR,9,13,0,0,107.0059,0.1803413505845226
9,11,LR,9,13,0,0,108.0047,0.25680102983123526
9,11,LR,9,13,0,0,109.0066,0.37197432372391404
9,11,LR,9,13,0,0,110.0056,0.40318096460085395
9,11,LR,9,13,0,0,111.0052,0.4073953044776403
9,11,LR,9,13,0,0,112.0055,0.382358362638273
9,11,LR,9,13,0,0,113.0053,0.2568448936611655
9,11,LR,9,13,0,0,114.0057,0.24210410934142346
9,11,LR,9,13,0,0,115.0057,0.23034374992280704
9,11,LR,9,13,0,0,116.006,0.23439817183159342
9,11,LR,9,13,0,0,117.0064,0.3244032362640529
9,11,LR,9,13,0,0,118.0063,0.35143483907159256
9,11,LR,9,13,0,0,119.0068,0.33742659962148397
9,11,LR,9,13,0,0,120.0069,0.23970757492465614
9,11,LR,9,13,0,0,121.0075,0.23632409558517722
9,11,LR,9,13,0,0,122.0072,0.2577816151218409
9,11,LR,9,13,0,0,123.0058,0.2676566493685028
9,11,LR,9,13,0,0,124.0076,0.2748793829683787
9,11,LR,9,13,0,0,125.007,0.3037063674007104
9,11,LR,9,13,0,0,126.0072,0.32885565735563377
9,11,LR,9,13,0,0,127.0068,0.4643320760032741
9,11,LR,9,13,0,0,128.0076,0.4855893080290824
9,11,LR,9,13,0,0,129.0074,0.4973678261638232
9,11,LR,9,13,0,0,130.0071,0.5354979225930151
9,11,LR,9,13,1,3,131.0081,0.5681328370932418
9,11,LR,9,13,1,3,132.0073,0.6166074359005078
9,11,LR,9,13,1,3,133.0062,0.6307199119847668
9,11,LR,9,13,1,3,134.0074,0.6034750508166541
9,11,LR,9,13,1,3,135.0069,0.5882800865444605
9,11,LR,9,13,1,3,136.0064,0.47076573491937534
9,11,LR,9,13,1,3,137.0067,0.48494515463795557
9,11,LR,9,13,1,3,138.0067,0.5686102020953292
9,11,LR,9,13,1,3,139.007,0.5842199344179612
9,11,LR,9,13,1,3,140.0062,0.5190526212623631
9,11,LR,9,13,1,3,141.0073,0.5400004437514435
9,11,LR,9,13,1,3,142.0084,0.5407550394171468
9,11,LR,9,13,1,3,143.008,0.5068008442378057
9,11,LR,9,13,1,3,144.0094,0.47367369393253467
9,11,LR,9,13,1,3,145.0076,0.4223406031474641
9,11,LR,9,13,1,3,146.0077,0.4175647305439006
9,11,LR,9,13,1,3,147.0074,0.42071438106567544
9,11,LR,9,13,1,3,148.0075,0.5135690851605412
9,11,LR,9,13,1,3,149.0084,0.5891387239624556
9,11,LR,9,13,1,3,150.0068,0.4580044245230072
9,11,LR,9,13,1,3,151.0084,0.5411750070154101
9,11,LR,9,13,1,3,152.009,0.3742586320257203
9,11,LR,9,13,1,3,153.0098,0.39682527671855095
9,11,LR,9,13,1,3,154.0073,0.3289186767552375
9,11,LR,9,13,0,0,155.0084,0.40264700513107266
9,11,LR,9,13,0,0,156.0078,0.4306676178224319
9,11,LR,9,13,0,0,157.008,0.43541143750506883
9,11,LR,9,13,0,0,158.0095,0.4012448898970692
9,11,LR,9,13,0,0,159.0101,0.4003712943408574
9,11,LR,9,13,0,0,160.0103,0.33633647146290746
9,11,LR,9,13,0,0,161.0102,0.28184105639798457
9,11,LR,9,13,0,0,162.0098,0.3376565392137818
9,11,LR,9,13,0,0,163.0103,0.26418367529409165
9,11,LR,9,13,0,0,164.0104,0.2299266836610454
9,11,LR,9,13,0,0,165.0098,0.23205320885708508
9,11,LR,9,13,0,0,166.0106,0.19790345140282792
9,11,LR,9,13,0,0,167.0094,0.1723226996340121
9,11,LR,9,13,0,0,168.0101,0.14662044730042229
9,11,LR,9,13,0,0,169.0095,0.1620461623601248
9,11,LR,9,13,0,0,170.0094,0.2450520146656053
9,11,LR,9,13,0,0,171.0103,0.12472062932899014
9,11,LR,9,13,0,0,172.0116,0.09063762874853618
9,11,LR,9,13,0,0,173.0117,0.07613583190262588
9,11,LR,9,13,0,0,174.0113,0.06478657748547745
9,11,LR,9,13,0,0,175.0105,0.05950985774603516
9,11,LR,9,13,0,0,176.0114,0.07562740597320065
9,11,LR,9,13,0,0,177.011,0.14130943898026158
9,11,LR,9,13,0,0,178.0101,0.24618082369315922
9,11,LR,9,13,0,0,179.0093,0.25437977413940455
9,11,LR,9,13,0,0,180.0106,0.1916935118698414
9,11,LR,9,13,0,0,181.0108,0.17828120880057455
9,11,LR,9,13,0,0,182.0097,0.1783392984584062
9,11,LR,9,13,0,0,183.0091,0.14510196747280035
9,11,LR,9,13,0,0,184.0103,0.15387910533640484
9,11,LR,9,13,0,0,185.0096,0.12203102460508393
9,11,LR,9,13,0,0,186.01,0.12737944907185839
9,11,LR,9,13,0,0,187.0108,0.09519372577202473
9,11,LR,9,13,0,0,188.0104,0.0711577742557584
9,11,LR,9,13,0,0,189.0116,0.057852053149010735
9,11,LR,9,13,0,0,190.0116,0.05504275334192828
9,11,LR,9,13,0,0,191.0115,0.05482988834485843
9,11,LR,9,13,0,0,192.0119,0.06771340791111384
9,11,LR,9,13,0,0,193.0109,0.07001733403767667
9,11,LR,9,13,0,0,194.0107,0.08559764283252437
9,11,LR,9,13,0,0,195.01,0.09754126688721808
9,11,LR,9,13,0,0,196.0102,0.06429376183523894
9,11,LR,9,13,0,0,197.0122,0.09173809034762186
9,11,LR,9,13,0,0,198.0116,0.061766330213302675
9,11,LR,9,13,0,0,199.0125,0.04940291899718973
9,11,LR,9,13,0,0,200.0115,0.07610797508431426
9,11,LR,9,13,0,0,201.0117,0.09533785884218156
9,11,LR,9,13,0,0,202.0122,0.11845659916231778
9,11,LR,9,13,0,0,203.0135,0.14511533108239244
9,11,LR,9,13,0,0,204.0123,0.11748468482885427
9,11,LR,9,13,0,0,205.0133,0.11054949083897313
9,11,LR,9,13,0,0,206.013,0.13863855683019166
9,11,LR,9,13,0,0,207.0117,0.10717942780885326
9,11,LR,9,13,0,0,208.0125,0.10505930772616517
9,11,LR,9,13,0,0,209.0119,0.12518792244165217
9,11,LR,9,13,0,0,210.0124,0.1342312825616008
9,11,LR,9,13,0,0,211.013,0.14582429753281417
9,11,LR,9,13,0,0,212.0144,0.12940556946131423
9,11,LR,9,13,0,0,213.0136,0.11548779415561529
9,11,LR,9,13,0,0,214.0147,0.08037926222357854
9,11,LR,9,13,0,0,215.0134,0.11852157982497313
9,11,LR,9,13,0,0,216.0129,0.11918891047656989
9,11,LR,9,13,0,0,217.0129,0.07621857375222255
9,11,LR,9,13,0,0,218.0129,0.12708680455732016
9,11,LR,9,13,0,0,219.0129,0.1477533778803741
9,11,LR,9,13,0,0,220.0126,0.13783143274515283
9,11,LR,9,13,0,0,221.0129,0.121905843992577
9,11,LR,9,13,0,0,222.0122,0.1027371421626621
9,11,LR,9,13,0,0,223.0122,0.08426011239282177
9,11,LR,9,13,0,0,224.0124,0.06080158156247656
9,11,LR,9,13,0,0,225.0121,0.07152529508171503
9,11,LR,9,13,0,0,226.0132,0.06366341693489982
9,11,LR,9,13,0,0,227.0143,0.0561097551507902
9,11,LR,9,13,0,0,228.0146,0.05536725697927722
9,11,LR,9,13,0,0,229.014,0.0555224854765788
9,11,LR,9,13,0,0,230.0146,0.07031886253924284
9,11,LR,9,13,0,0,231.0143,0.08831794815682947
9,11,LR,9,13,0,0,232.0145,0.11806583393608674
9,11,LR,9,13,0,0,233.0145,0.1548873618103256
9,11,LR,9,13,0,0,234.0137,0.17068656464129364
9,11,LR,9,13,0,0,235.0139,0.15718186996793831
9,11,LR,9,13,0,0,236.0044,0.14578903137668944
9,11,LR,9,13,0,0,237.0162,0.0993721212843275
9,11,LR,9,13,0,0,238.0152,0.07829001733544237
9,11,LR,9,13,0,0,239.0044,0.07846508782021336
9,11,LR,9,13,0,0,240.0048,0.07775092870110109
9,11,LR,9,13,0,0,241.0044,0.0813236327692598
9,11,LR,9,13,0,0,242.0045,0.0810832166398884
9,11,LR,9,13,0,0,243.0043,0.10650233461291406
9,11,LR,9,13,0,0,244.0162,0.16642200391826595
9,11,LR,9,13,0,0,245.0155,0.2096813354041201
9,11,LR,9,13,0,0,246.0154,0.1886011700852296
9,11,LR,9,13,0,0,247.0153,0.19580326485876184
9,11,LR,9,13,0,0,248.0145,0.17886363285076565
9,11,LR,9,13,0,0,249.0152,0.1807037278641099
9,11,LR,9,13,0,0,250.0147,0.12915204008746364
9,11,LR,9,13,0,0,251.0159,0.08108037230334941
9,11,LR,9,13,0,0,252.0157,0.07570797722064485
9,11,LR,9,13,0,0,253.0046,0.07957849320670411
9,11,LR,9,13,0,0,254.0047,0.08102717440975969
9,11,LR,9,13,0,0,255.0051,0.07481024666894716
9,11,LR,9,13,0,0,256.0152,0.0752720157657999
9,11,LR,9,13,0,0,257.0048,0.13155298091789155
9,11,LR,9,13,0,0,258.0048,0.17562508072122632
9,11,LR,9,13,0,0,259.0142,0.19303293731759044
9,11,LR,9,13,0,0,260.0155,0.20988455860963756
9,11,LR,9,13,0,0,261.0048,0.22366029095694717
9,11,LR,9,13,0,0,262.0058,0.13000656134609234
9,11,LR,9,13,0,0,263.0071,0.10047636384254455
9,11,LR,9,13,0,0,264.0063,0.1276661443959674
9,11,LR,9,13,0,0,265.0065,0.1121125223528207
9,11,LR,9,13,0,0,266.0061,0.09937830084932109
9,11,LR,9,13,0,0,267.0054,0.07893587645544023
9,11,LR,9,13,0,0,268.0065,0.14301673401663678
9,11,LR,9,13,0,0,269.0069,0.18557047895361595
9,11,LR,9,13,0,0,270.006,0.1902147172924308
9,11,LR,9,13,0,0,271.0046,0.17881121778348694
9,11,LR,9,13,0,0,272.0052,0.17884771011207964
9,11,LR,9,13,0,0,273.0052,0.20528957132329537
9,11,LR,9,13,0,0,274.0054,0.17336232645459393
9,11,LR,9,13,0,0,275.0052,0.11326452016230766
9,11,LR,9,13,0,0,276.0056,0.11824833315533832
9,11,LR,9,13,0,0,277.0053,0.16062052877173305
9,11,LR,9,13,0,0,278.0059,0.15689324600490598
9,11,LR,9,13,0,0,279.0058,0.1666117781298747
9,11,LR,9,13,0,0,280.0075,0.2392177653523363
9,11,LR,9,13,0,0,281.0063,0.27002503692171737
9,11,LR,9,13,0,0,282.006,0.3729951755949039
9,11,LR,9,13,0,0,283.005,0.5055877505661085
9,11,LR,9,13,0,0,284.0056,0.5288204507925399
9,11,LR,9,13,0,0,285.0061,0.5576944065708653
9,11,LR,9,13,0,0,286.0067,0.5047183322449534
9,11,LR,9,13,0,0,287.0079,0.3525988587743051
9,11,LR,9,13,0,0,288.0077,0.40420006735223846
9,11,LR,9,13,0,0,289.006,0.40894491752474366
9,11,LR,9,13,0,0,290.0072,0.532216534026134
9,11,LR,9,13,0,0,291.0072,0.635800305009912
9,11,LR,9,13,0,0,292.0069,0.6236787635919391
9,11,LR,9,13,0,0,293.0074,0.4849523814329011
9,11,LR,9,13,0,0,294.0071,0.48637975347786255
9,11,LR,9,13,0,0,295.0074,0.6138458256704071
9,11,LR,9,13,0,0,296.0071,0.537992943453546
9,11,LR,9,13,0,0,297.0076,0.7191342710209778
9,11,LR,9,13,0,0,298.0078,0.7569518086160869
9,11,LR,9,13,0,0,299.007,0.7295116377451424
9,11,LR,9,13,0,0,300.0064,0.9280490385894938
9,11,LR,9,13,0,0,301.0068,0.922096985010867
9,11,LR,11,16,0,0,0.0,0.028219548932802357
9,11,LR,11,16,0,0,1.006835,0.02376937828557355
9,11,LR,11,16,0,0,2.008246,1.119133760797232e-05
9,11,LR,11,16,0,0,2.998121,5.541760701559516e-07
9,11,LR,11,16,0,0,3.999469,9.045525891820027e-08
9,11,LR,11,16,0,0,4.998495,2.011565848253543e-08
9,11,LR,11,16,0,0,6.000052,7.209757150930139e-06
9,11,LR,11,16,0,0,7.00159,7.554340242749467e-06
9,11,LR,11,16,0,0,8.002184,1.145623928494995e-05
9,11,LR,11,16,0,0,9.001597,1.2789373206465558e-05
9,11,LR,11,16,0,0,10.00276,1.242982774678433e-05
9,11,LR,11,16,0,0,10.99977,0.014267649138372047
9,11,LR,11,16,0,0,11.99999,0.021607274260414228
9,11,LR,11,16,0,0,13.00089,0.34707117916194863
9,11,LR,11,16,0,0,13.99989,0.3393483381186063
9,11,LR,11,16,0,0,15.00098,0.37916542704962014
9,11,LR,11,16,0,0,16.00064,0.3409751458969386
9,11,LR,11,16,0,0,16.99999,0.29297409628689397
9,11,LR,11,16,0,0,17.99896,0.23064600011034686
9,11,LR,11,16,0,0,18.99933,0.16681460838713935
9,11,LR,11,16,0,0,19.9995,0.11423900961983981
9,11,LR,11,16,0,0,20.9999,0.319433723377552
9,11,LR,11,16,0,0,21.99905,0.4786084987579343
9,11,LR,11,16,0,0,23.0002,0.4042018375726813
9,11,LR,11,16,0,0,24.00146,0.3326936983436793
9,11,LR,11,16,0,0,25.00086,0.2570680599720606
9,11,LR,11,16,0,0,26.0012,0.18651200126553255
9,11,LR,11,16,0,0,27.00152,0.15206605956865685
9,11,LR,11,16,0,0,28.00169,0.8120568505515596
9,11,LR,11,16,0,0,29.00176,0.7745816531747876
9,11,LR,11,16,0,0,30.00079,0.816228644127475
9,11,LR,11,16,0,0,31.00031,0.7468769193312522
9,11,LR,11,16,0,0,32.00043,0.6244405873011515
9,11,LR,11,16,0,0,33.00219,0.43755023487534683
9,11,LR,11,16,0,0,34.00164,0.8509439682603431
9,11,LR,11,16,0,0,35.00283,0.7840347643917355
9,11,LR,11,16,0,0,36.00352,0.8165610355623608
9,11,LR,11,16,0,0,37.00388,0.7381870881836158
9,11,LR,11,16,0,0,38.00309,0.6764789547576917
9,11,LR,11,16,0,0,39.00269,0.6111099889150294
9,11,LR,11,16,0,0,40.00256,0.7158852823333703
9,11,LR,11,16,0,0,41.00229,0.8991605619915647
9,11,LR,11,16,0,0,42.00187,0.9157194641110028
9,11,LR,11,16,0,0,43.00198,0.9355620824098829
9,11,LR,11,16,0,0,43.99989,0.9192952067287732
9,11,LR,11,16,0,0,45.00128,0.8911236977390533
9,11,LR,11,16,0,0,46.00084,0.8654420909086505
9,11,LR,11,16,0,0,47.00187,0.8205633725482068
9,11,LR,11,16,0,0,48.00152,0.8655807634212327
9,11,LR,11,16,0,0,49.00248,0.825398703251911
9,11,LR,11,16,0,0,50.00288,0.8293944909755959
9,11,LR,11,16,0,0,51.00327,0.8168571264374711
9,11,LR,11,16,0,0,52.0029,0.8010633495637286
9,11,LR,11,16,0,0,53.00366,0.9019551815892247
9,11,LR,11,16,0,0,54.00496,0.9158960506431828
9,11,LR,11,16,0,0,55.0033,0.937012242640636
9,11,LR,11,16,0,0,56.002,0.9231089520078148
9,11,LR,11,16,0,0,57.00315,0.8861019350915823
9,11,LR,11,16,0,0,58.00341,0.9432972864463166
9,11,LR,11,16,0,0,59.0027,0.9181657283365359
9,11,LR,11,16,0,0,60.00551,0.9178337212777158
9,11,LR,11,16,0,0,61.00465,0.8943977187789691
9,11,LR,11,16,0,0,62.00395,0.8686674349091197
9,11,LR,11,16,0,0,63.00386,0.8451081361318604
9,11,LR,11,16,0,0,64.00309,0.8769003727853482
9,11,LR,11,16,0,0,65.00378,0.9236164616806076
9,11,LR,11,16,0,0,66.00377,0.9431227616963415
9,11,LR,11,16,0,0,67.00208,0.941103349397764
9,11,LR,11,16,0,0,68.00242,0.9381488519537701
9,11,LR,11,16,0,0,69.00261,0.9412958354525249
9,11,LR,11,16,0,0,70.00307,0.9382328632404114
9,11,LR,11,16,0,0,71.0035,0.9373586930356846
9,11,LR,11,16,0,0,72.00352,0.8997675361003785
9,11,LR,11,16,0,0,73.00365,0.8915851038638085
9,11,LR,11,16,0,0,74.0042,0.8874731411567589
9,11,LR,11,16,0,0,75.00552,0.8843606286399118
9,11,LR,11,16,0,0,76.00439,0.8909123790217061
9,11,LR,11,16,0,0,77.00546,0.9134424854087848
9,11,LR,11,16,0,0,78.00467,0.9418482861484127
9,11,LR,11,16,0,0,79.00395,0.9427523309378661
9,11,LR,11,16,0,0,80.00491,0.9192223019224547
9,11,LR,11,16,0,0,81.00582,0.9342760806916585
9,11,LR,11,16,0,0,82.00645,0.9186259367840788
9,11,LR,11,16,0,0,83.00783,0.922359141042762
9,11,LR,11,16,0,0,84.00675,0.921457325998366
9,11,LR,11,16,0,0,85.00592,0.9048333002568801
9,11,LR,11,16,0,0,86.00507,0.8956557739170954
9,11,LR,11,16,0,0,87.00529,0.9353221483670078
9,11,LR,11,16,0,0,88.00566,0.9521388034789846
9,11,LR,11,16,0,0,89.00539,0.9729505516627432
9,11,LR,11,16,0,0,90.00601,0.9740168648827455
9,11,LR,11,16,0,0,91.00649,0.9708870462377232
9,11,LR,11,16,0,0,92.00535,0.965476330660695
9,11,LR,11,16,0,0,93.005,0.9638789577219936
9,11,LR,11,16,0,0,94.00483,0.9647088877080842
9,11,LR,11,16,0,0,95.00599,0.9512417083051391
9,11,LR,11,16,0,0,96.005,0.9258863704502057
9,11,LR,11,16,0,0,97.00579,0.9107743891944097
9,11,LR,11,16,0,0,98.00683,0.9116369127041266
9,11,LR,11,16,0,0,99.0061,0.9034703288204012
9,11,LR,11,16,0,0,100.007,0.907124454685523
9,11,LR,11,16,0,0,101.0064,0.9425252083467606
9,11,LR,11,16,0,0,102.0055,0.9454700604148143
9,11,LR,11,16,0,0,103.0064,0.9341615275556422
9,11,LR,11,16,0,0,104.0067,0.9248819511906856
9,11,LR,11,16,0,0,105.007,0.9065181315564914
9,11,LR,11,16,0,0,106.0086,0.855420268016834
9,11,LR,11,16,0,0,107.0076,0.8325958519471525
9,11,LR,11,16,0,0,108.007,0.8508806367650811
9,11,LR,11,16,0,0,109.0076,0.8998407409850239
9,11,LR,11,16,0,0,110.0071,0.954216622932154
9,11,LR,11,16,0,0,111.0071,0.9552585377155537
9,11,LR,11,16,0,0,112.0057,0.947239550432578
9,11,LR,11,16,0,0,113.0061,0.9408177935660272
9,11,LR,11,16,0,0,114.0066,0.9234893321408824
9,11,LR,11,16,0,0,115.0063,0.8723319782103063
9,11,LR,11,16,0,0,116.008,0.837042907943216
9,11,LR,11,16,0,0,117.0076,0.8207082272633214
9,11,LR,11,16,0,0,118.0089,0.8218339329944945
9,11,LR,11,16,0,0,119.0079,0.8669696841257876
9,11,LR,11,16,0,0,120.0083,0.9239622821173787
9,11,LR,11,16,0,0,121.0086,0.9625850286242386
9,11,LR,11,16,0,0,122.0069,0.9668936162022952
9,11,LR,11,16,0,0,123.0086,0.9652878348844341
9,11,LR,11,16,0,0,124.0079,0.9634313896399033
9,11,LR,11,16,0,0,125.0084,0.9173546942790416
9,11,LR,11,16,0,0,125.9983,0.9076374350524548
9,11,LR,11,16,0,0,127.0077,0.9076811807752748
9,11,LR,11,16,0,0,128.0085,0.931860269597823
9,11,LR,11,16,0,0,129.0084,0.9559371907720783
9,11,LR,11,16,0,0,130.008,0.9674305497169683
9,11,LR,11,16,0,0,131.0082,0.9641903754812446
9,11,LR,11,16,0,0,132.0073,0.9624153776230792
9,11,LR,11,16,0,0,133.0074,0.9626282572758776
9,11,LR,11,16,0,0,134.0074,0.9507594204536295
9,11,LR,11,16,0,0,135.0086,0.9361989724964835
9,11,LR,11,16,0,0,136.0081,0.9407032367196356
9,11,LR,11,16,0,0,137.008,0.9441158818558208
9,11,LR,11,16,0,0,138.0093,0.9495341241414359
9,11,LR,11,16,0,0,138.9987,0.9639190615837336
9,11,LR,11,16,0,0,139.999,0.9754988241620304
9,11,LR,11,16,0,0,141.0081,0.9830154355890742
9,11,LR,11,16,0,0,142.0078,0.983087109209579
9,11,LR,11,16,0,0,143.0091,0.9799889796074738
9,11,LR,11,16,0,0,143.9994,0.9767486848382667
9,11,LR,11,16,0,0,144.9993,0.9630468571337153
9,11,LR,11,16,0,0,145.9998,0.96187946005413
9,11,LR,11,16,0,0,146.9992,0.9620334194618195
9,11,LR,11,16,0,0,147.9988,0.975126879098665
9,11,LR,11,16,0,0,149.0094,0.9873942774426684
9,11,LR,11,16,0,0,149.9993,0.991739895999432
9,11,LR,11,16,0,0,150.9984,0.9900074948383175
9,11,LR,11,16,0,0,151.9984,0.9879090496929938
9,11,LR,11,16,0,0,153.0085,0.987661505261765
9,11,LR,11,16,0,0,154.0095,0.9881658401199175
9,11,LR,11,16,0,0,155.0089,0.9835710205320167
9,11,LR,11,16,0,0,155.9993,0.9829338421320042
9,11,LR,11,16,0,0,156.9987,0.9858216934184826
9,11,LR,11,16,1,1,158.0103,0.990027819585438
9,11,LR,11,16,1,1,158.9988,0.9899204054245339
9,11,LR,11,16,1,1,159.999,0.9913053684450558
9,11,LR,11,16,1,1,160.9999,0.9945406951641034
9,11,LR,11,16,1,1,161.999,0.9965787154476266
9,11,LR,11,16,1,1,162.9986,0.996394900218551
9,11,LR,11,16,1,1,164.0,0.9960143888314452
9,11,LR,11,16,1,1,164.9995,0.994575037783341
9,11,LR,11,16,1,1,165.9988,0.9886839372461953
9,11,LR,11,16,1,1,167.0005,0.9895190327580532
9,11,LR,11,16,1,1,168.0003,0.9889293796857671
9,11,LR,11,16,1,2,168.9998,0.9905589380132657
9,11,LR,11,16,1,2,169.9999,0.9946010816429206
9,11,LR,11,16,1,2,170.9994,0.9948818037937371
9,11,LR,11,16,1,2,171.9991,0.9913850469942791
9,11,LR,11,16,1,2,172.9989,0.9918168182498375
9,11,LR,11,16,1,2,173.9989,0.9894222970567049
9,11,LR,11,16,1,2,174.9991,0.9856843450608153
9,11,LR,11,16,1,2,175.999,0.9866372852769212
9,11,LR,11,16,1,2,176.9999,0.9902924271464989
9,11,LR,11,16,1,2,178.0003,0.9930235200423051
9,11,LR,11,16,1,2,178.9995,0.9934470761201185
9,11,LR,11,16,1,2,179.9998,0.9938498364626347
9,11,LR,11,16,1,2,181.0004,0.9946374142709564
9,11,LR,11,16,1,2,182.0001,0.9963504753452361
9,11,LR,11,16,1,2,182.9991,0.9968716341783173
9,11,LR,11,16,1,2,184.0005,0.9961809666620539
9,11,LR,11,16,1,2,185.0009,0.9944522447253668
9,11,LR,11,16,1,2,186.001,0.9916910576914357
9,11,LR,11,16,1,2,187.0014,0.9878855426318585
9,11,LR,11,16,1,2,188.0021,0.9878182641585207
9,11,LR,11,16,1,2,189.0015,0.9874924694822993
9,11,LR,11,16,1,2,190.0005,0.993670681651598
9,11,LR,11,16,1,2,191.0013,0.9957484747164946
9,11,LR,11,16,1,2,192.0001,0.9949287882471396
9,11,LR,11,16,1,2,192.9996,0.9952501923597228
9,11,LR,11,16,1,2,194.0004,0.9955485736785047
9,11,LR,11,16,1,2,194.9993,0.9929294194471693
9,11,LR,11,16,1,2,195.9999,0.9914691458295831
9,11,LR,11,16,1,2,197.0017,0.9918981059129452
9,11,LR,11,16,1,2,198.0014,0.991363657948042
9,11,LR,11,16,1,2,199.0005,0.9905944044815347
9,11,LR,11,16,1,2,200.0002,0.9919984042837081
9,11,LR,11,16,1,2,201.0007,0.9952216264158724
9,11,LR,11,16,1,2,201.9999,0.9968929310834416
9,11,LR,11,16,1,2,203.0017,0.9968560436801973
9,11,LR,11,16,1,2,204.0013,0.9970834042881378
9,11,LR,11,16,1,2,205.0017,0.9939510532777681
9,11,LR,11,16,1,2,206.0016,0.9897362568323399
9,11,LR,11,16,1,2,207.0018,0.9909416209773637
9,11,LR,11,16,1,2,208.0024,0.9927067457262383
9,11,LR,11,16,1,2,209.0028,0.996161336124836
9,11,LR,11,16,1,2,210.0018,0.9979229798101494
9,11,LR,11,16,1,2,211.0014,0.9975480259057449
9,11,LR,11,16,1,2,212.0015,0.9968354298439074
9,11,LR,11,16,1,2,213.0008,0.996746755082969
9,11,LR,11,16,1,2,214.0011,0.9954510729665715
9,11,LR,11,16,1,2,215.0008,0.9927648768038777
9,11,LR,11,16,1,2,216.0026,0.9907108306031582
9,11,LR,11,16,1,2,217.0029,0.9905260806955053
9,11,LR,11,16,1,2,218.0034,0.9909134909384141
9,11,LR,11,16,1,2,219.0023,0.9931199469195644
9,11,LR,11,16,1,2,220.003,0.9960704039868516
9,11,LR,11,16,1,2,221.002,0.9964619277691071
9,11,LR,11,16,1,2,222.002,0.9957449206514788
9,11,LR,11,16,1,2,223.0025,0.9946612744090976
9,11,LR,11,16,1,2,224.004,0.9920198494573271
9,11,LR,11,16,1,2,225.0031,0.9854787678659982
9,11,LR,11,16,1,2,226.0039,0.9831558139092657
9,11,LR,11,16,1,2,227.002,0.9844276526538761
9,11,LR,11,16,1,2,228.0034,0.9932684616353031
9,11,LR,11,16,1,2,229.0037,0.9930218931421467
9,11,LR,11,16,1,2,230.0028,0.9899554355611763
9,11,LR,11,16,1,2,231.0025,0.9910786525925653
9,11,LR,11,16,1,2,232.0024,0.9870426951641434
9,11,LR,11,16,1,2,233.0031,0.9776789973734871
9,11,LR,11,16,1,2,234.0032,0.9704951703584862
9,11,LR,11,16,1,2,235.0037,0.9723110380399861
9,11,LR,11,16,1,2,236.0033,0.9761830970974944
9,11,LR,11,16,1,2,237.0039,0.9843577132789167
9,11,LR,11,16,1,2,238.0043,0.9872780944179567
9,11,LR,11,16,1,2,239.0042,0.9884374574514646
9,11,LR,11,16,1,2,240.0038,0.9858812160223759
9,11,LR,11,16,1,2,241.0046,0.9852232021140479
9,11,LR,11,16,1,2,242.0053,0.960335238808185
9,11,LR,11,16,1,2,243.0047,0.938764151854931
9,11,LR,11,16,1,2,244.0056,0.9388704600829859
9,11,LR,11,16,1,2,245.005,0.9585210215217245
9,11,LR,11,16,1,2,246.0058,0.9765149850133158
9,11,LR,11,16,1,2,247.004,0.9729054277125457
9,11,LR,11,16,1,2,248.0043,0.9728667919528668
9,11,LR,11,16,1,2,249.0041,0.9709660333533133
9,11,LR,11,16,1,2,250.0033,0.9589513972211046
9,11,LR,11,16,1,2,251.0055,0.9313288776056775
9,11,LR,11,16,1,2,252.0061,0.921787908692929
9,11,LR,11,16,1,2,253.0053,0.9240973099629343
9,11,LR,11,16,1,2,254.0054,0.9392447769515009
9,11,LR,11,16,1,2,255.0071,0.9646273305281681
9,11,LR,11,16,1,2,256.0056,0.979009451294844
9,11,LR,11,16,1,2,257.0051,0.9782446208039971
9,11,LR,11,16,1,2,258.0053,0.9699689848080209
9,11,LR,11,16,1,2,259.0051,0.9700212977674816
9,11,LR,11,16,1,2,260.0062,0.9410575428655877
9,11,LR,11,16,1,2,261.0061,0.9164296873799784
9,11,LR,11,16,1,2,262.0057,0.920641856795788
9,11,LR,11,16,1,2,263.0062,0.9380894487303972
9,11,LR,11,16,1,2,264.0052,0.9733391379635357
9,11,LR,11,16,1,2,265.0056,0.9709550494546829
9,11,LR,11,16,1,2,266.0051,0.9607742547637756
9,11,LR,11,16,1,2,267.0044,0.962344121575226
9,11,LR,11,16,1,2,268.0049,0.9513122030697818
9,11,LR,11,16,1,2,269.0052,0.9161240253168921
9,11,LR,11,16,1,2,270.0058,0.8925087863904246
9,11,LR,11,16,1,2,271.0061,0.8905117219334612
9,11,LR,11,16,1,2,272.006,0.8955895762046104
9,11,LR,11,16,1,2,273.0064,0.927070075840386
9,11,LR,11,16,1,2,274.0056,0.9572631758441674
9,11,LR,11,16,1,2,275.0049,0.9703658290731422
9,11,LR,11,16,1,2,276.007,0.9735548289496835
9,11,LR,11,16,1,2,277.0069,0.9777895973611156
9,11,LR,11,16,1,2,278.0079,0.9550544790320401
9,11,LR,11,16,1,2,279.0076,0.9387605039889585
9,11,LR,11,16,1,2,280.0078,0.9425909153986182
9,11,LR,11,16,1,2,281.0071,0.9611224421512683
9,11,LR,11,16,1,2,282.0072,0.9796975555077437
9,11,LR,11,16,1,2,283.0072,0.9769644791142458
9,11,LR,11,16,1,2,284.0067,0.9753806320664699
9,11,LR,11,16,1,2,285.0071,0.9748742692483138
9,11,LR,11,16,1,2,286.0052,0.9672152755715857
9,11,LR,11,16,1,2,287.0066,0.9527326190967
9,11,LR,11,16,1,2,288.0072,0.9553310824416567
9,11,LR,11,16,1,2,289.007,0.9581846177709036
9,11,LR,11,16,1,2,290.0083,0.9716164584722035
9,11,LR,11,16,1,2,290.9982,0.9843938660113944
9,11,LR,11,16,1,2,292.0073,0.9892948418974844
9,11,LR,11,16,1,2,293.007,0.9935234352078413
9,11,LR,11,16,1,2,294.0068,0.9939251981013352
9,11,LR,11,16,1,2,295.0081,0.9915805531762701
9,11,LR,11,16,1,2,296.0071,0.991594636553473
9,11,LR,11,16,1,2,297.0096,0.9931623374081073
9,11,LR,11,16,1,2,298.0091,0.9901222213515662
9,11,LR,11,16,1,2,299.0084,0.988807656586383
9,11,LR,11,16,1,2,300.0071,0.9892130186571135
9,11,LR,11,16,1,2,301.0079,0.9933025313482485
9,11,LR,11,17,0,0,0.011267,0.39011225424651264
9,11,LR,11,17,0,0,1.009216,0.22057616192366047
9,11,LR,11,17,0,0,2.010768,0.28536448484019555
9,11,LR,11,17,0,0,3.010537,0.2381858053256097
9,11,LR,11,17,0,0,4.010739,0.009708632207882014
9,11,LR,11,17,0,0,5.012167,0.0005344501057923607
9,11,LR,11,17,0,0,6.013333,4.072743038375033e-05
9,11,LR,11,17,0,0,7.013581,5.422560666994105e-06
9,11,LR,11,17,0,0,8.013154,3.5517223556876985e-06
9,11,LR,11,17,0,0,9.014494,2.678488079267237e-06
9,11,LR,11,17,0,0,10.01451,1.3362913710942463e-06
9,11,LR,11,17,0,0,11.01476,1.3372527120163872e-06
9,11,LR,11,17,0,0,12.01291,1.61494795178106e-06
9,11,LR,11,17,0,0,13.01344,0.001428828776293672
9,11,LR,11,17,0,0,14.01325,0.018342765433175267
9,11,LR,11,17,0,0,15.01351,0.02978899945595566
9,11,LR,11,17,0,0,16.01389,0.02745239515663804
9,11,LR,11,17,0,0,17.01487,0.026184625090761773
9,11,LR,11,17,0,0,18.0142,0.02766429434740514
9,11,LR,11,17,0,0,19.01457,0.06431008608350054
9,11,LR,11,17,0,0,20.01595,0.04667275318430514
9,11,LR,11,17,0,0,21.01333,0.10282631178431365
9,11,LR,11,17,0,0,22.01412,0.09245787550052428
9,11,LR,11,17,0,0,23.01465,0.1512259157971034
9,11,LR,11,17,0,0,24.01475,0.10490581939353963
9,11,LR,11,17,0,0,25.01406,0.20066474806148019
9,11,LR,11,17,0,0,26.01443,0.18714426768079323
9,11,LR,11,17,0,0,27.01342,0.2098983795683933
9,11,LR,11,17,0,0,28.01403,0.1678540042723445
9,11,LR,11,17,0,0,29.01394,0.12807914224080885
9,11,LR,11,17,0,0,30.01456,0.12774548332045846
9,11,LR,11,17,0,0,31.01446,0.11319865682344611
9,11,LR,11,17,0,0,32.01382,0.11995773037099652
9,11,LR,11,17,0,0,33.01542,0.1365196047358388
9,11,LR,11,17,0,0,34.01452,0.16911301029252107
9,11,LR,11,17,0,0,35.01497,0.15242593773328844
9,11,LR,11,17,0,0,36.01291,0.13535465426172139
9,11,LR,11,17,0,0,37.01405,0.099935083201683
9,11,LR,11,17,0,0,38.01328,0.0760232909252071
9,11,LR,11,17,0,0,39.01426,0.057769582285473464
9,11,LR,11,17,0,0,40.01369,0.03953342111811867
9,11,LR,11,17,0,0,41.01524,0.021234226272415262
9,11,LR,11,17,0,0,42.00517,0.04744402590474618
9,11,LR,11,17,0,0,43.01529,0.12293931898753788
9,11,LR,11,17,0,0,44.01579,0.1513186793671585
9,11,LR,11,17,0,0,45.01544,0.16367695470234495
9,11,LR,11,17,0,0,46.00477,0.20723120886879456
9,11,LR,11,17,0,0,47.00568,0.20377274717825847
9,11,LR,11,17,0,0,48.01549,0.2402445363680831
9,11,LR,11,17,1,1,49.01421,0.2913998143766122
9,11,LR,11,17,1,1,50.01254,0.2787465277116657
9,11,LR,11,17,1,1,51.01536,0.31767673480161934
9,11,LR,11,17,1,2,52.00605,0.2833780668145158
9,11,LR,11,17,1,2,53.00695,0.2878497752162579
9,11,LR,11,17,1,2,54.00532,0.4897058059867519
9,11,LR,11,17,1,2,55.00634,0.4824113265312918
9,11,LR,11,17,1,2,56.00675,0.5852547338482765
9,11,LR,11,17,1,2,57.00716,0.5770062886876801
9,11,LR,11,17,1,2,58.00694,0.5454248638907738
9,11,LR,11,17,1,2,59.00693,0.49188472849972514
9,11,LR,11,17,1,2,60.0069,0.44375777229039637
9,11,LR,11,17,1,2,61.00563,0.5900921065971383
9,11,LR,11,17,1,2,62.00499,0.6217383816863515
9,11,LR,11,17,1,2,63.00678,0.7335428389473903
9,11,LR,11,17,1,2,64.0051,0.7695431463103141
9,11,LR,11,17,1,2,65.00654,0.757581075658492
9,11,LR,11,17,1,2,66.00629,0.6574016865592869
9,11,LR,11,17,1,2,67.01572,0.56763918674987
9,11,LR,11,17,1,2,68.00474,0.49482519767719524
9,11,LR,11,17,1,2,69.00492,0.46325550887118705
9,11,LR,11,17,1,2,70.01665,0.46885063959977546
9,11,LR,11,17,1,3,71.0051,0.3916500540769437
9,11,LR,11,17,1,3,72.00601,0.4358915274296039
9,11,LR,11,17,1,3,73.00735,0.41043240905750533
9,11,LR,11,17,1,3,74.00593,0.3686184970451125
9,11,LR,11,17,1,3,75.00636,0.33108595601181734
9,11,LR,11,17,1,3,76.00766,0.455006284969384
9,11,LR,11,17,1,3,77.0057,0.5140360960078248
9,11,LR,11,17,1,3,78.00646,0.5887175470991892
9,11,LR,11,17,1,3,79.01675,0.5837730595254726
9,11,LR,11,17,1,3,80.00556,0.5287859610807405
9,11,LR,11,17,1,3,81.007,0.4936679278363476
9,11,LR,11,17,1,3,82.00832,0.4909763347649558
9,11,LR,11,17,1,3,83.00883,0.487493378490723
9,11,LR,11,17,1,3,84.00884,0.5857080323757775
9,11,LR,11,17,1,3,85.00963,0.6117215793870432
9,11,LR,11,17,1,3,86.00945,0.572047642754428
9,11,LR,11,17,1,3,87.00805,0.5124215642759814
9,11,LR,11,17,1,3,88.00813,0.49354394992252004
9,11,LR,11,17,1,3,89.00817,0.5564560633042207
9,11,LR,11,17,1,3,90.00745,0.6640524967361565
9,11,LR,11,17,1,3,91.00802,0.7601803670831231
9,11,LR,11,17,1,3,92.00787,0.7557860478943581
9,11,LR,11,17,1,3,93.00655,0.7381104834663831
9,11,LR,11,17,1,3,94.00692,0.7074402460700119
9,11,LR,11,17,1,3,95.00689,0.6179037462375413
9,11,LR,11,17,1,3,96.00686,0.5693846241111916
9,11,LR,11,17,1,3,97.00623,0.5669317900600034
9,11,LR,11,17,1,3,98.00809,0.5700868674215108
9,11,LR,11,17,1,3,99.00822,0.5984298428802631
9,11,LR,11,17,1,3,100.0084,0.5860610302304
9,11,LR,11,17,1,3,101.0085,0.5383515066049661
9,11,LR,11,17,1,3,102.0082,0.519742303978512
9,11,LR,11,17,1,3,103.009,0.5437211232188986
9,11,LR,11,17,1,3,104.0102,0.6339187135830637
9,11,LR,11,17,1,3,105.0087,0.686447632414258
9,11,LR,11,17,1,3,106.008,0.7862037082422542
9,11,LR,11,17,1,3,107.0074,0.7647733837355398
9,11,LR,11,17,1,3,108.0091,0.735781972640355
9,11,LR,11,17,1,3,109.0091,0.6801234501059906
9,11,LR,11,17,1,3,110.0097,0.6320946146637342
9,11,LR,11,17,1,3,111.0108,0.6200930317652618
9,11,LR,11,17,1,3,112.0106,0.7344700709650399
9,11,LR,11,17,1,3,113.0105,0.7699569081093321
9,11,LR,11,17,1,3,114.0107,0.7457785795811768
9,11,LR,11,17,1,3,115.0101,0.7428159444264918
9,11,LR,11,17,1,3,116.011,0.8173235963407878
9,11,LR,11,17,1,3,117.0095,0.8601576712344932
9,11,LR,11,17,1,3,118.0088,0.9301414531229902
9,11,LR,11,17,1,3,119.0105,0.9489699313401933
9,11,LR,11,17,1,3,120.0088,0.9453651421902178
9,11,LR,11,17,1,3,121.0088,0.9262941133296042
9,11,LR,11,17,1,3,122.0083,0.9174837861694606
9,11,LR,11,17,1,3,123.0078,0.9114956836821839
9,11,LR,11,17,1,3,124.0098,0.9007572315009734
9,11,LR,11,17,1,3,125.0086,0.8591352799284375
9,11,LR,11,17,1,3,126.0094,0.7772589837537124
9,11,LR,11,17,1,3,127.0103,0.7619800597826499
9,11,LR,11,17,1,3,128.0101,0.7348286822360025
9,11,LR,11,17,1,3,129.0102,0.7489034056804866
9,11,LR,11,17,1,3,130.0102,0.7999288543775893
9,11,LR,11,17,1,3,131.0108,0.8383577294522973
9,11,LR,11,17,1,3,132.0108,0.8777139606607561
9,11,LR,11,17,1,3,133.011,0.9139537353061258
9,11,LR,11,17,1,3,134.0108,0.9319334676868005
9,11,LR,11,17,1,3,135.0118,0.9351188490551213
9,11,LR,11,17,1,3,136.0104,0.9362324165225837
9,11,LR,11,17,1,3,137.0114,0.9360065539403157
9,11,LR,11,17,1,3,138.0086,0.9327511130673206
9,11,LR,11,17,1,3,139.0096,0.9343882478271233
9,11,LR,11,17,1,3,140.0113,0.9416270874879592
9,11,LR,11,17,1,3,141.0135,0.9496011596129978
9,11,LR,11,17,1,3,142.0118,0.9416278015962889
9,11,LR,11,17,1,3,143.0126,0.9544136687403733
9,11,LR,11,17,1,3,144.0129,0.9510531565482252
9,11,LR,11,17,1,3,145.012,0.9502916560038553
9,11,LR,11,17,1,3,146.0126,0.9578429991961702
9,11,LR,11,17,1,3,147.012,0.9653134666848826
9,11,LR,11,17,1,3,148.0111,0.9729255757171267
9,11,LR,11,17,1,3,149.0121,0.9805239907559004
9,11,LR,11,17,1,3,150.0108,0.9886225869819428
9,11,LR,11,17,1,3,151.0116,0.9867631083263925
9,11,LR,11,17,1,3,152.0109,0.9806137563117824
9,11,LR,11,17,1,3,153.0105,0.9730996938904845
9,11,LR,11,17,1,3,154.0101,0.9671870670547056
9,11,LR,11,17,1,3,155.0105,0.9574852942203967
9,11,LR,11,17,1,3,156.0103,0.9353300786911056
9,11,LR,11,17,1,3,157.011,0.9111696768631885
9,11,LR,11,17,1,3,158.0111,0.9120051502408539
9,11,LR,11,17,1,3,159.0116,0.9047714361852974
9,11,LR,11,17,1,3,160.0125,0.9092959913104323
9,11,LR,11,17,1,3,161.0122,0.9304459980347576
9,11,LR,11,17,1,3,162.0123,0.9539325450743835
9,11,LR,11,17,1,3,163.0105,0.9515989173811197
9,11,LR,11,17,1,3,164.0115,0.9349395193650715
9,11,LR,11,17,1,3,165.0127,0.917712608460347
9,11,LR,11,17,1,3,166.0126,0.8764881725519695
9,11,LR,11,17,1,3,167.0138,0.8444697559193406
9,11,LR,11,17,1,3,168.0134,0.8779308931583825
9,11,LR,11,17,1,3,169.0139,0.8662374375381844
9,11,LR,11,17,1,3,170.0137,0.8570143633841539
9,11,LR,11,17,1,3,171.014,0.878038921117371
9,11,LR,11,17,1,3,172.0133,0.8621629266650451
9,11,LR,11,17,1,3,173.0134,0.8460365017075591
9,11,LR,11,17,1,3,174.0133,0.8638247936622121
9,11,LR,11,17,1,3,175.0133,0.8751083733430525
9,11,LR,11,17,1,3,176.0137,0.8873187808094422
9,11,LR,11,17,1,3,177.0143,0.918433401366213
9,11,LR,11,17,1,3,178.0134,0.9653833186585188
9,11,LR,11,17,1,3,179.0132,0.9436136026712224
9,11,LR,11,17,1,3,180.013,0.8781504595964028
9,11,LR,11,17,1,3,181.0135,0.90564394442399
9,11,LR,11,17,1,3,182.0134,0.9223408024767343
9,11,LR,11,17,1,3,183.0136,0.9294482039899377
9,11,LR,11,17,1,3,184.0135,0.9200819339382557
9,11,LR,11,17,1,3,185.0143,0.915709507147682
9,11,LR,11,17,1,3,186.0142,0.928289925223044
9,11,LR,11,17,1,3,187.0137,0.9187682169864974
9,11,LR,11,17,1,3,188.0129,0.8801655442372537
9,11,LR,11,17,1,3,189.0135,0.8440550619343655
9,11,LR,11,17,1,3,190.0132,0.8498163852663637
9,11,LR,11,17,1,3,191.0142,0.8346286241180522
9,11,LR,11,17,1,3,192.0143,0.8464843531838401
9,11,LR,11,17,1,3,193.0143,0.861504479725319
9,11,LR,11,17,1,3,194.0146,0.82330825493555
9,11,LR,11,17,1,3,195.0144,0.8279101168025567
9,11,LR,11,17,1,3,196.0145,0.8415240335499411
9,11,LR,11,17,1,3,197.0046,0.8367650643973376
9,11,LR,11,17,1,3,198.0152,0.8075872154218312
9,11,LR,11,17,1,3,199.0153,0.7952356587972472
9,11,LR,11,17,1,3,200.0146,0.8041997885345618
9,11,LR,11,17,1,3,201.0141,0.7629410291450186
9,11,LR,11,17,1,3,202.0137,0.7054521064006479
9,11,LR,11,17,0,0,203.0151,0.7061247306517149
9,11,LR,11,17,0,0,204.0154,0.7337222508938732
9,11,LR,11,17,0,0,205.0158,0.7531796131636085
9,11,LR,11,17,0,0,206.015,0.6947217300575624
9,11,LR,11,17,0,0,207.0146,0.6395297035056533
9,11,LR,11,17,0,0,208.0141,0.6328041201401101
9,11,LR,11,17,0,0,209.0146,0.677235739493724
9,11,LR,11,17,0,0,210.0141,0.6839188896715004
9,11,LR,11,17,0,0,211.0146,0.6880859640280128
9,11,LR,11,17,0,0,212.0141,0.6623803290741003
9,11,LR,11,17,0,0,213.013,0.5798344812324635
9,11,LR,11,17,0,0,214.014,0.514126749326333
9,11,LR,11,17,0,0,215.0143,0.5162903009324511
9,11,LR,11,17,0,0,216.0142,0.6153637679574476
9,11,LR,11,17,0,0,217.0132,0.6470580171364632
9,11,LR,11,17,0,0,218.0146,0.6823656303583233
9,11,LR,11,17,0,0,219.0155,0.6731965213340636
9,11,LR,11,17,0,0,220.0047,0.6719753637273693
9,11,LR,11,17,0,0,221.0041,0.6946497398357092
9,11,LR,11,17,0,0,222.0053,0.6900919861720141
9,11,LR,11,17,0,0,223.0042,0.6813543474901846
9,11,LR,11,17,0,0,224.0043,0.7237518243132489
9,11,LR,11,17,0,0,225.0045,0.7614689949837345
9,11,LR,11,17,0,0,226.0041,0.8003428791132823
9,11,LR,11,17,0,0,227.0047,0.8348569179736487
9,11,LR,11,17,0,0,228.0157,0.8134603447285778
9,11,LR,11,17,0,0,229.0042,0.8298792366586982
9,11,LR,11,17,0,0,230.0042,0.8478699180369632
9,11,LR,11,17,0,0,231.015,0.854099387229735
9,11,LR,11,17,0,0,232.0043,0.8642584122758296
9,11,LR,11,17,0,0,233.0045,0.8754650396607482
9,11,LR,11,17,0,0,234.015,0.8623030552445722
9,11,LR,11,17,0,0,235.015,0.8445995835201373
9,11,LR,11,17,0,0,236.0049,0.8504090545436211
9,11,LR,11,17,0,0,237.0058,0.8453584007475953
9,11,LR,11,17,0,0,238.0066,0.792052489617745
9,11,LR,11,17,0,0,239.0082,0.5975746333909647
9,11,LR,11,17,0,0,240.0067,0.5036654848541561
9,11,LR,11,17,0,0,241.0064,0.4530664731793869
9,11,LR,11,17,0,0,242.0061,0.4069871830888105
9,11,LR,11,17,0,0,243.0064,0.492788571594015
9,11,LR,11,17,0,0,244.006,0.5911770908095133
9,11,LR,11,17,0,0,245.0055,0.671082136692146
9,11,LR,11,17,0,0,246.0066,0.7079422253859714
9,11,LR,11,17,0,0,247.0063,0.7070944628596503
9,11,LR,11,17,0,0,248.0059,0.6989639088833346
9,11,LR,11,17,0,0,249.006,0.6773958078594904
9,11,LR,11,17,0,0,250.0056,0.6459416863259472
9,11,LR,11,17,0,0,251.0057,0.6092691861163164
9,11,LR,11,17,0,0,252.0064,0.594364714794768
9,11,LR,11,17,0,0,253.0056,0.5578789015987357
9,11,LR,11,17,0,0,254.0052,0.4537949125673364
9,11,LR,11,17,0,0,255.0055,0.36976153466963213
9,11,LR,11,17,0,0,256.0053,0.4795575794291563
9,11,LR,11,17,0,0,257.0049,0.5488039185254382
9,11,LR,11,17,0,0,258.0047,0.5744652438069079
9,11,LR,11,17,0,0,259.0052,0.605464209808207
9,11,LR,11,17,0,0,260.0065,0.5838997976994121
9,11,LR,11,17,0,0,261.0071,0.5833402480548782
9,11,LR,11,17,0,0,262.0067,0.5374305252861314
9,11,LR,11,17,0,0,263.007,0.49396651881992665
9,11,LR,11,17,0,0,264.0072,0.44523021094872284
9,11,LR,11,17,0,0,265.0074,0.4201818509566977
9,11,LR,11,17,0,0,266.0079,0.43895893995919105
9,11,LR,11,17,0,0,267.0063,0.5622118326473193
9,11,LR,11,17,0,0,268.0071,0.6131842865888726
9,11,LR,11,17,0,0,269.007,0.5157493042506746
9,11,LR,11,17,0,0,270.008,0.39490437649502036
9,11,LR,11,17,0,0,271.0076,0.487484315854674
9,11,LR,11,17,0,0,272.0083,0.5395742059536508
9,11,LR,11,17,0,0,273.0101,0.4625090663468586
9,11,LR,11,17,0,0,274.0092,0.4361107588185488
9,11,LR,11,17,0,0,275.0092,0.4477385513042834
9,11,LR,11,17,0,0,276.0079,0.44977253280643986
9,11,LR,11,17,0,0,277.0084,0.45032518958985357
9,11,LR,11,17,0,0,278.0099,0.5223910394458725
9,11,LR,11,17,0,0,279.0088,0.6300050915674882
9,11,LR,11,17,0,0,280.0082,0.6049249123196546
9,11,LR,11,17,0,0,281.0092,0.6072783958827268
9,11,LR,11,17,0,0,282.0089,0.6204202110253099
9,11,LR,11,17,0,0,283.0091,0.6271723145137499
9,11,LR,11,17,0,0,284.0089,0.6835851389767824
9,11,LR,11,17,0,0,285.0094,0.7175654412119606
9,11,LR,11,17,0,0,286.0088,0.7205825668249285
9,11,LR,11,17,0,0,287.0086,0.651391049759412
9,11,LR,11,17,0,0,288.0084,0.5860850064568219
9,11,LR,11,17,0,0,289.0072,0.5468075200158564
9,11,LR,11,17,0,0,290.008,0.4327620788640838
9,11,LR,11,17,0,0,291.0084,0.3578872618739954
9,11,LR,11,17,0,0,292.0078,0.39796448916439486
9,11,LR,11,17,0,0,293.0093,0.3240261329016549
9,11,LR,11,17,0,0,294.0094,0.27359382705189655
9,11,LR,11,17,0,0,295.0093,0.2451307351732968
9,11,LR,11,17,0,0,296.0093,0.22476450635137413
9,11,LR,11,17,0,0,297.0098,0.1920717244246562
9,11,LR,11,17,0,0,298.0105,0.19236161754071038
9,11,LR,11,17,0,0,299.0096,0.2799101856815028
9,11,LR,11,17,0,0,300.0081,0.37402711613364725
9,11,LR,11,17,0,0,301.008,0.30709260500183766
9,11,MLP,9,13,0,0,0.0110195,2.7827264370097394e-07
9,11,MLP,9,13,0,0,1.005759,2.541056356459747e-07
9,11,MLP,9,13,0,0,2.00784,0.00040037886397671337
9,11,MLP,9,13,0,0,3.007802,0.0003978123389043127
9,11,MLP,9,13,0,0,4.007293,0.00048699865288593985
9,11,MLP,9,13,0,0,5.008187,0.0006228856836499951
9,11,MLP,9,13,0,0,6.008643,0.000781300133566579
9,11,MLP,9,13,0,0,7.009022,0.0009015520442027466
9,11,MLP,9,13,0,0,8.008588,0.0008336567206992404
9,11,MLP,9,13,0,0,9.008896,0.0007912994669151295
9,11,MLP,9,13,0,0,10.00913,0.0006655456043616168
9,11,MLP,9,13,0,0,11.01103,0.00037750128218575716
9,11,MLP,9,13,0,0,12.01013,0.00018182274744267172
9,11,MLP,9,13,0,0,13.01072,0.0001957461375792955
9,11,MLP,9,13,0,0,14.01103,0.0003924967654020882
9,11,MLP,9,13,0,0,15.0121,0.00048416131733535953
9,11,MLP,9,13,0,0,16.00964,0.0007170205249132955
9,11,MLP,9,13,0,0,17.01035,0.002369140483758148
9,11,MLP,9,13,0,0,18.01051,0.0019275418873469427
9,11,MLP,9,13,0,0,19.0111,0.05729582419795109
9,11,MLP,9,13,0,0,20.01075,0.009783175270142249
9,11,MLP,9,13,0,0,21.00977,0.1462176617181654
9,11,MLP,9,13,0,0,22.0112,0.10430148958212819
9,11,MLP,9,13,0,0,23.01091,0.08931105547588494
9,11,MLP,9,13,0,0,24.0096,0.0856257182667721
9,11,MLP,9,13,0,0,25.01049,0.08519228367590986
9,11,MLP,9,13,0,0,26.01068,0.0715981607960714
9,11,MLP,9,13,0,0,27.01039,0.06807904534067646
9,11,MLP,9,13,0,0,28.01047,0.06491935113078191
9,11,MLP,9,13,0,0,29.01056,0.13171967322537423
9,11,MLP,9,13,0,0,30.01037,0.09383530584478203
9,11,MLP,9,13,0,0,31.01037,0.114831170131772
9,11,MLP,9,13,0,0,32.01043,0.12216021561606755
9,11,MLP,9,13,0,0,33.01025,0.12117052844124217
9,11,MLP,9,13,0,0,34.01165,0.10077689163710152
9,11,MLP,9,13,0,0,35.01178,0.11752051114499246
9,11,MLP,9,13,0,0,36.01152,0.25904264058278376
9,11,MLP,9,13,0,0,37.01201,0.37019034748137064
9,11,MLP,9,13,0,0,38.01177,0.4257237611488988
9,11,MLP,9,13,0,0,39.01201,0.36926401580917256
9,11,MLP,9,13,0,0,40.01328,0.4164333087777518
9,11,MLP,9,13,0,0,41.01098,0.4932584406056538
9,11,MLP,9,13,0,0,42.01181,0.4513637423115915
9,11,MLP,9,13,0,0,43.011,0.47831083617932935
9,11,MLP,9,13,0,0,44.01217,0.44169212137594405
9,11,MLP,9,13,0,0,45.01147,0.46955423344304065
9,11,MLP,9,13,0,0,46.01141,0.4150952514374622
9,11,MLP,9,13,0,0,47.01147,0.4221304585730725
9,11,MLP,9,13,0,0,48.011,0.4380392992156589
9,11,MLP,9,13,0,0,49.01306,0.4670473040165084
9,11,MLP,9,13,0,0,50.01255,0.5357714990520517
9,11,MLP,9,13,0,0,51.0136,0.5075338265282777
9,11,MLP,9,13,0,0,52.01255,0.551299255039599
9,11,MLP,9,13,0,0,53.01245,0.4594398857224749
9,11,MLP,9,13,0,0,54.01316,0.5131068589909428
9,11,MLP,9,13,0,0,55.01288,0.37093903886745905
9,11,MLP,9,13,0,0,56.01094,0.4045257454344642
9,11,MLP,9,13,0,0,57.01193,0.2003140377731686
9,11,MLP,9,13,0,0,58.01228,0.38728158105813276
9,11,MLP,9,13,0,0,59.01311,0.5565408391825787
9,11,MLP,9,13,0,0,60.01287,0.1383310532084127
9,11,MLP,9,13,0,0,61.01322,0.12731492221668964
9,11,MLP,9,13,0,0,62.00483,0.17924565725089
9,11,MLP,9,13,0,0,63.00399,0.2967598474823533
9,11,MLP,9,13,0,0,64.01481,0.23442740795508188
9,11,MLP,9,13,0,0,65.01499,0.24892300543770568
9,11,MLP,9,13,0,0,66.00488,0.47449394431906766
9,11,MLP,9,13,0,0,67.01431,0.46817529733398255
9,11,MLP,9,13,0,0,68.01569,0.41790970437149466
9,11,MLP,9,13,0,0,69.01431,0.40581172433981827
9,11,MLP,9,13,0,0,70.00444,0.49114355234341195
9,11,MLP,9,13,0,0,71.01484,0.44469018522490483
9,11,MLP,9,13,0,0,72.01485,0.5562061311537577
9,11,MLP,9,13,0,0,73.01538,0.5583919559351508
9,11,MLP,9,13,0,0,74.01483,0.41780637300241413
9,11,MLP,9,13,0,0,75.01283,0.40039995755682956
9,11,MLP,9,13,0,0,76.01294,0.33991047276082054
9,11,MLP,9,13,0,0,77.0144,0.4798844017734516
9,11,MLP,9,13,0,0,78.01477,0.5299246874928942
9,11,MLP,9,13,0,0,79.01405,0.36182789506581164
9,11,MLP,9,13,0,0,80.01414,0.35456145659076405
9,11,MLP,9,13,0,0,81.01292,0.31005512696405857
9,11,MLP,9,13,0,0,82.01397,0.2990356472551894
9,11,MLP,9,13,0,0,83.01512,0.35141990254411265
9,11,MLP,9,13,0,0,84.00425,0.31121283629270763
9,11,MLP,9,13,0,0,85.0048,0.2628416577596456
9,11,MLP,9,13,0,0,86.00455,0.2564439513710215
9,11,MLP,9,13,0,0,87.00511,0.16149019373484846
9,11,MLP,9,13,0,0,88.01478,0.2212073863321246
9,11,MLP,9,13,0,0,89.01393,0.3269913189478633
9,11,MLP,9,13,0,0,90.00504,0.38070425487070625
9,11,MLP,9,13,0,0,91.00574,0.8260685699260597
9,11,MLP,9,13,0,0,92.01431,0.5983744980594192
9,11,MLP,9,13,0,0,93.01505,0.46787583424285584
9,11,MLP,9,13,0,0,94.00507,0.4587996513494184
9,11,MLP,9,13,0,0,95.00547,0.36965775463575884
9,11,MLP,9,13,0,0,96.00397,0.3458284382161496
9,11,MLP,9,13,0,0,97.00613,0.35101756085080543
9,11,MLP,9,13,0,0,98.00716,0.41512831497210195
9,11,MLP,9,13,0,0,99.00568,0.4370833667620141
9,11,MLP,9,13,0,0,100.0066,0.4602799648345777
9,11,MLP,9,13,0,0,101.0064,0.4464249410512338
9,11,MLP,9,13,0,0,102.0046,0.570584977713595
9,11,MLP,9,13,0,0,103.0056,0.5903662864833259
9,11,MLP,9,13,0,0,104.0057,0.6809299318171582
9,11,MLP,9,13,0,0,105.0069,0.4379388043302649
9,11,MLP,9,13,0,0,106.0045,0.6098878048584297
9,11,MLP,9,13,0,0,107.0059,0.4373264563979483
9,11,MLP,9,13,0,0,108.0047,0.6349597243613408
9,11,MLP,9,13,0,0,109.0066,0.6057698212312662
9,11,MLP,9,13,0,0,110.0056,0.5932517613677258
9,11,MLP,9,13,0,0,111.0052,0.5786009133510356
9,11,MLP,9,13,0,0,112.0055,0.5788328565482348
9,11,MLP,9,13,0,0,113.0053,0.5507026600175278
9,11,MLP,9,13,0,0,114.0057,0.5513040090038797
9,11,MLP,9,13,0,0,115.0057,0.5623777070951346
9,11,MLP,9,13,0,0,116.006,0.5440063902041569
9,11,MLP,9,13,0,0,117.0064,0.5077798013371664
9,11,MLP,9,13,0,0,118.0063,0.5602263617161182
9,11,MLP,9,13,0,0,119.0068,0.533898735976024
9,11,MLP,9,13,0,0,120.0069,0.5748782803444477
9,11,MLP,9,13,0,0,121.0075,0.5378944005326765
9,11,MLP,9,13,0,0,122.0072,0.5309483975166703
9,11,MLP,9,13,0,0,123.0058,0.5212138240958862
9,11,MLP,9,13,0,0,124.0076,0.5077879204668585
9,11,MLP,9,13,0,0,125.007,0.5087756556062185
9,11,MLP,9,13,0,0,126.0072,0.4835765610318397
9,11,MLP,9,13,0,0,127.0068,0.4623535888048927
9,11,MLP,9,13,0,0,128.0076,0.3958021088221566
9,11,MLP,9,13,0,0,129.0074,0.34617555861614085
9,11,MLP,9,13,0,0,130.0071,0.3386849054691867
9,11,MLP,9,13,1,3,131.0081,0.3546621382321726
9,11,MLP,9,13,1,3,132.0073,0.39035784121155376
9,11,MLP,9,13,1,3,133.0062,0.4339493699969092
9,11,MLP,9,13,1,3,134.0074,0.2800781151944965
9,11,MLP,9,13,1,3,135.0069,0.25021330072123105
9,11,MLP,9,13,1,3,136.0064,0.28565808542316695
9,11,MLP,9,13,1,3,137.0067,0.26027859846681917
9,11,MLP,9,13,1,3,138.0067,0.28293575917555314
9,11,MLP,9,13,1,3,139.007,0.33234444650055417
9,11,MLP,9,13,1,3,140.0062,0.21536441116421975
9,11,MLP,9,13,1,3,141.0073,0.2260767901452173
9,11,MLP,9,13,1,3,142.0084,0.2676784686299695
9,11,MLP,9,13,1,3,143.008,0.28803508821996165
9,11,MLP,9,13,1,3,144.0094,0.2945290961815747
9,11,MLP,9,13,1,3,145.0076,0.3548273443042668
9,11,MLP,9,13,1,3,146.0077,0.4912329172326061
9,11,MLP,9,13,1,3,147.0074,0.38274271498267687
9,11,MLP,9,13,1,3,148.0075,0.39802977006173595
9,11,MLP,9,13,1,3,149.0084,0.37820745549451473
9,11,MLP,9,13,1,3,150.0068,0.3717841384459932
9,11,MLP,9,13,1,3,151.0084,0.3737608705062779
9,11,MLP,9,13,1,3,152.009,0.5421869852928707
9,11,MLP,9,13,1,3,153.0098,0.46959410938551743
9,11,MLP,9,13,1,3,154.0073,0.45480301374545745
9,11,MLP,9,13,0,0,155.0084,0.4894183361251277
9,11,MLP,9,13,0,0,156.0078,0.5355259518269686
9,11,MLP,9,13,0,0,157.008,0.5677673656061502
9,11,MLP,9,13,0,0,158.0095,0.5262402976812763
9,11,MLP,9,13,0,0,159.0101,0.42459099566708797
9,11,MLP,9,13,0,0,160.0103,0.5765625895986204
9,11,MLP,9,13,0,0,161.0102,0.5242711688370614
9,11,MLP,9,13,0,0,162.0098,0.5575036118968737
9,11,MLP,9,13,0,0,163.0103,0.5722884912717502
9,11,MLP,9,13,0,0,164.0104,0.5485578205996129
9,11,MLP,9,13,0,0,165.0098,0.589573448257537
9,11,MLP,9,13,0,0,166.0106,0.5816370956902975
9,11,MLP,9,13,0,0,167.0094,0.5682942767157164
9,11,MLP,9,13,0,0,168.0101,0.5559569597652885
9,11,MLP,9,13,0,0,169.0095,0.5484198337907267
9,11,MLP,9,13,0,0,170.0094,0.6666045081978101
9,11,MLP,9,13,0,0,171.0103,0.730279508592705
9,11,MLP,9,13,0,0,172.0116,0.5425527540645606
9,11,MLP,9,13,0,0,173.0117,0.49876969472851235
9,11,MLP,9,13,0,0,174.0113,0.439191052261459
9,11,MLP,9,13,0,0,175.0105,0.42237205566114433
9,11,MLP,9,13,0,0,176.0114,0.595058659081785
9,11,MLP,9,13,0,0,177.011,0.5463554433042527
9,11,MLP,9,13,0,0,178.0101,0.42877421895617546
9,11,MLP,9,13,0,0,179.0093,0.3997719768491204
9,11,MLP,9,13,0,0,180.0106,0.5405770720868964
9,11,MLP,9,13,0,0,181.0108,0.49705657810484655
9,11,MLP,9,13,0,0,182.0097,0.5296743524093217
9,11,MLP,9,13,0,0,183.0091,0.5179420870968529
9,11,MLP,9,13,0,0,184.0103,0.706859079239784
9,11,MLP,9,13,0,0,185.0096,0.5376462607557911
9,11,MLP,9,13,0,0,186.01,0.5819537127660586
9,11,MLP,9,13,0,0,187.0108,0.6237017994765295
9,11,MLP,9,13,0,0,188.0104,0.5383122642404804
9,11,MLP,9,13,0,0,189.0116,0.5905457911111256
9,11,MLP,9,13,0,0,190.0116,0.5941969144576581
9,11,MLP,9,13,0,0,191.0115,0.5235646913608486
9,11,MLP,9,13,0,0,192.0119,0.6796198937611275
9,11,MLP,9,13,0,0,193.0109,0.6055162218492294
9,11,MLP,9,13,0,0,194.0107,0.6238360073166767
9,11,MLP,9,13,0,0,195.01,0.684368890943052
9,11,MLP,9,13,0,0,196.0102,0.6301843077765494
9,11,MLP,9,13,0,0,197.0122,0.5613883273687928
9,11,MLP,9,13,0,0,198.0116,0.5378416297649989
9,11,MLP,9,13,0,0,199.0125,0.6075129611119534
9,11,MLP,9,13,0,0,200.0115,0.6607818149096217
9,11,MLP,9,13,0,0,201.0117,0.6887121206183647
9,11,MLP,9,13,0,0,202.0122,0.7179897532934041
9,11,MLP,9,13,0,0,203.0135,0.653773794287753
9,11,MLP,9,13,0,0,204.0123,0.6834397104661899
9,11,MLP,9,13,0,0,205.0133,0.6646259424289137
9,11,MLP,9,13,0,0,206.013,0.6635192361918738
9,11,MLP,9,13,0,0,207.0117,0.6804442252232896
9,11,MLP,9,13,0,0,208.0125,0.7092021230506644
9,11,MLP,9,13,0,0,209.0119,0.7084097035951682
9,11,MLP,9,13,0,0,210.0124,0.6581427235141436
9,11,MLP,9,13,0,0,211.013,0.6263661948040152
9,11,MLP,9,13,0,0,212.0144,0.6216220629345937
9,11,MLP,9,13,0,0,213.0136,0.624411278025016
9,11,MLP,9,13,0,0,214.0147,0.6151928786728666
9,11,MLP,9,13,0,0,215.0134,0.6623840136651089
9,11,MLP,9,13,0,0,216.0129,0.6593913624846051
9,11,MLP,9,13,0,0,217.0129,0.2886423569445906
9,11,MLP,9,13,0,0,218.0129,0.6349289882471749
9,11,MLP,9,13,0,0,219.0129,0.6873188300213992
9,11,MLP,9,13,0,0,220.0126,0.6476339999442502
9,11,MLP,9,13,0,0,221.0129,0.7397719456242763
9,11,MLP,9,13,0,0,222.0122,0.7035587376503442
9,11,MLP,9,13,0,0,223.0122,0.6736113086992673
9,11,MLP,9,13,0,0,224.0124,0.6626591553693375
9,11,MLP,9,13,0,0,225.0121,0.6634454607028454
9,11,MLP,9,13,0,0,226.0132,0.6098309586029963
9,11,MLP,9,13,0,0,227.0143,0.6269931767262661
9,11,MLP,9,13,0,0,228.0146,0.5988212985903016
9,11,MLP,9,13,0,0,229.014,0.4557754727087709
9,11,MLP,9,13,0,0,230.0146,0.559885218631353
9,11,MLP,9,13,0,0,231.0143,0.6582355083997385
9,11,MLP,9,13,0,0,232.0145,0.6636975779015349
9,11,MLP,9,13,0,0,233.0145,0.7633189241108558
9,11,MLP,9,13,0,0,234.0137,0.7286521346870164
9,11,MLP,9,13,0,0,235.0139,0.698697251566319
9,11,MLP,9,13,0,0,236.0044,0.6815908902519128
9,11,MLP,9,13,0,0,237.0162,0.6720335443140687
9,11,MLP,9,13,0,0,238.0152,0.7068508469058424
9,11,MLP,9,13,0,0,239.0044,0.7153454408522175
9,11,MLP,9,13,0,0,240.0048,0.6377774222538588
9,11,MLP,9,13,0,0,241.0044,0.6172275824888015
9,11,MLP,9,13,0,0,242.0045,0.4994563043457391
9,11,MLP,9,13,0,0,243.0043,0.6149506712633651
9,11,MLP,9,13,0,0,244.0162,0.6397868283226172
9,11,MLP,9,13,0,0,245.0155,0.649556095114948
9,11,MLP,9,13,0,0,246.0154,0.6928257404223581
9,11,MLP,9,13,0,0,247.0153,0.635880463539807
9,11,MLP,9,13,0,0,248.0145,0.7002284286640468
9,11,MLP,9,13,0,0,249.0152,0.6917127707286292
9,11,MLP,9,13,0,0,250.0147,0.5860837432408721
9,11,MLP,9,13,0,0,251.0159,0.6463064567481283
9,11,MLP,9,13,0,0,252.0157,0.5838773124599987
9,11,MLP,9,13,0,0,253.0046,0.6596528174332584
9,11,MLP,9,13,0,0,254.0047,0.7284460212937581
9,11,MLP,9,13,0,0,255.0051,0.5405739402866185
9,11,MLP,9,13,0,0,256.0152,0.6264400577375216
9,11,MLP,9,13,0,0,257.0048,0.7973563865067296
9,11,MLP,9,13,0,0,258.0048,0.759687273158944
9,11,MLP,9,13,0,0,259.0142,0.7633316453457583
9,11,MLP,9,13,0,0,260.0155,0.7232449336345171
9,11,MLP,9,13,0,0,261.0048,0.75780380954652
9,11,MLP,9,13,0,0,262.0058,0.6469100492984007
9,11,MLP,9,13,0,0,263.0071,0.8137812007131451
9,11,MLP,9,13,0,0,264.0063,0.7982842336158227
9,11,MLP,9,13,0,0,265.0065,0.8000135917804264
9,11,MLP,9,13,0,0,266.0061,0.7876114767916329
9,11,MLP,9,13,0,0,267.0054,0.6934159773147053
9,11,MLP,9,13,0,0,268.0065,0.7075764264956491
9,11,MLP,9,13,0,0,269.0069,0.8164987587572969
9,11,MLP,9,13,0,0,270.006,0.7486329401534623
9,11,MLP,9,13,0,0,271.0046,0.7847345726548842
9,11,MLP,9,13,0,0,272.0052,0.755991205374245
9,11,MLP,9,13,0,0,273.0052,0.7266848919704191
9,11,MLP,9,13,0,0,274.0054,0.7238088749724677
9,11,MLP,9,13,0,0,275.0052,0.7049805527539121
9,11,MLP,9,13,0,0,276.0056,0.6790760736214163
9,11,MLP,9,13,0,0,277.0053,0.7613408765819348
9,11,MLP,9,13,0,0,278.0059,0.7781383140012256
9,11,MLP,9,13,0,0,279.0058,0.7806991868140247
9,11,MLP,9,13,0,0,280.0075,0.6753823484239355
9,11,MLP,9,13,0,0,281.0063,0.6534091003314778
9,11,MLP,9,13,0,0,282.006,0.8589326422761356
9,11,MLP,9,13,0,0,283.005,0.8166492244293984
9,11,MLP,9,13,0,0,284.0056,0.8001435654113699
9,11,MLP,9,13,0,0,285.0061,0.7288696051956809
9,11,MLP,9,13,0,0,286.0067,0.689737014008694
9,11,MLP,9,13,0,0,287.0079,0.6307840313222456
9,11,MLP,9,13,0,0,288.0077,0.804343698756479
9,11,MLP,9,13,0,0,289.006,0.806518825864966
9,11,MLP,9,13,0,0,290.0072,0.8635665371636226
9,11,MLP,9,13,0,0,291.0072,0.8495314986390627
9,11,MLP,9,13,0,0,292.0069,0.762752899806104
9,11,MLP,9,13,0,0,293.0074,0.792748295203137
9,11,MLP,9,13,0,0,294.0071,0.8381136741178268
9,11,MLP,9,13,0,0,295.0074,0.8126480897656356
9,11,MLP,9,13,0,0,296.0071,0.7972311880778616
9,11,MLP,9,13,0,0,297.0076,0.7776161841136391
9,11,MLP,9,13,0,0,298.0078,0.7925287930467958
9,11,MLP,9,13,0,0,299.007,0.8174107672744673
9,11,MLP,9,13,0,0,300.0064,0.784597792660542
9,11,MLP,9,13,0,0,301.0068,0.8176953140164819
9,11,MLP,11,16,0,0,0.0,0.008373338883361274
9,11,MLP,11,16,0,0,1.006835,0.02896935137584826
9,11,MLP,11,16,0,0,2.008246,0.0006530428463150608
9,11,MLP,11,16,0,0,2.998121,4.5522628428179776e-05
9,11,MLP,11,16,0,0,3.999469,7.83465630101589e-06
9,11,MLP,11,16,0,0,4.998495,2.841586386315026e-06
9,11,MLP,11,16,0,0,6.000052,0.0001571690168150989
9,11,MLP,11,16,0,0,7.00159,0.00010563928409568212
9,11,MLP,11,16,0,0,8.002184,0.00010443464058729416
9,11,MLP,11,16,0,0,9.001597,0.00010744361856299165
9,11,MLP,11,16,0,0,10.00276,0.00011088162228007465
9,11,MLP,11,16,0,0,10.99977,0.02946505373944038
9,11,MLP,11,16,0,0,11.99999,0.01439320747550422
9,11,MLP,11,16,0,0,13.00089,0.17399287455677173
9,11,MLP,11,16,0,0,13.99989,0.15292448475164086
9,11,MLP,11,16,0,0,15.00098,0.05508133711630508
9,11,MLP,11,16,0,0,16.00064,0.023883171384328522
9,11,MLP,11,16,0,0,16.99999,0.028378740637560324
9,11,MLP,11,16,0,0,17.99896,0.01246931008249214
9,11,MLP,11,16,0,0,18.99933,0.009298536421546813
9,11,MLP,11,16,0,0,19.9995,0.0061233700691633195
9,11,MLP,11,16,0,0,20.9999,0.018937601195468886
9,11,MLP,11,16,0,0,21.99905,0.03082297567756835
9,11,MLP,11,16,0,0,23.0002,0.019564151883954217
9,11,MLP,11,16,0,0,24.00146,0.015205496860207434
9,11,MLP,11,16,0,0,25.00086,0.014328298752889664
9,11,MLP,11,16,0,0,26.0012,0.012520727953579131
9,11,MLP,11,16,0,0,27.00152,0.014945690935043044
9,11,MLP,11,16,0,0,28.00169,0.24668179551837352
9,11,MLP,11,16,0,0,29.00176,0.2980991103182012
9,11,MLP,11,16,0,0,30.00079,0.17191151982632452
9,11,MLP,11,16,0,0,31.00031,0.12924526436374065
9,11,MLP,11,16,0,0,32.00043,0.11847624829290442
9,11,MLP,11,16,0,0,33.00219,0.1194930020886703
9,11,MLP,11,16,0,0,34.00164,0.5888550598926361
9,11,MLP,11,16,0,0,35.00283,0.5531437666765664
9,11,MLP,11,16,0,0,36.00352,0.4436423885303846
9,11,MLP,11,16,0,0,37.00388,0.3180265353576585
9,11,MLP,11,16,0,0,38.00309,0.3265659365996751
9,11,MLP,11,16,0,0,39.00269,0.2852881769428051
9,11,MLP,11,16,0,0,40.00256,0.34767944102082826
9,11,MLP,11,16,0,0,41.00229,0.5171136974126985
9,11,MLP,11,16,0,0,42.00187,0.5997152681482356
9,11,MLP,11,16,0,0,43.00198,0.513490472308412
9,11,MLP,11,16,0,0,43.99989,0.44890782118944483
9,11,MLP,11,16,0,0,45.00128,0.4260040441735539
9,11,MLP,11,16,0,0,46.00084,0.40107155181117266
9,11,MLP,11,16,0,0,47.00187,0.3530182005835048
9,11,MLP,11,16,0,0,48.00152,0.5949933071191492
9,11,MLP,11,16,0,0,49.00248,0.33219446077211695
9,11,MLP,11,16,0,0,50.00288,0.3391111415349372
9,11,MLP,11,16,0,0,51.00327,0.3627225334525429
9,11,MLP,11,16,0,0,52.0029,0.31960804686285843
9,11,MLP,11,16,0,0,53.00366,0.34078907977923495
9,11,MLP,11,16,0,0,54.00496,0.5558405254115725
9,11,MLP,11,16,0,0,55.0033,0.5442539377745462
9,11,MLP,11,16,0,0,56.002,0.42605464922830766
9,11,MLP,11,16,0,0,57.00315,0.3500159518078735
9,11,MLP,11,16,0,0,58.00341,0.6082712812591108
9,11,MLP,11,16,0,0,59.0027,0.48426357785155005
9,11,MLP,11,16,0,0,60.00551,0.5865993867586822
9,11,MLP,11,16,0,0,61.00465,0.47507924328488454
9,11,MLP,11,16,0,0,62.00395,0.3739885458277499
9,11,MLP,11,16,0,0,63.00386,0.28614643145626445
9,11,MLP,11,16,0,0,64.00309,0.3088969223376314
9,11,MLP,11,16,0,0,65.00378,0.4541874824395133
9,11,MLP,11,16,0,0,66.00377,0.4317150671880231
9,11,MLP,11,16,0,0,67.00208,0.39752880491180126
9,11,MLP,11,16,0,0,68.00242,0.41464193017599543
9,11,MLP,11,16,0,0,69.00261,0.4029031477756955
9,11,MLP,11,16,0,0,70.00307,0.42789384836955907
9,11,MLP,11,16,0,0,71.0035,0.5190712249769543
9,11,MLP,11,16,0,0,72.00352,0.47635476614455324
9,11,MLP,11,16,0,0,73.00365,0.4122308259220027
9,11,MLP,11,16,0,0,74.0042,0.38884283884951093
9,11,MLP,11,16,0,0,75.00552,0.4532965984136895
9,11,MLP,11,16,0,0,76.00439,0.4906884269886396
9,11,MLP,11,16,0,0,77.00546,0.4368683233090285
9,11,MLP,11,16,0,0,78.00467,0.4138900105735264
9,11,MLP,11,16,0,0,79.00395,0.5226880041462237
9,11,MLP,11,16,0,0,80.00491,0.5434688652195517
9,11,MLP,11,16,0,0,81.00582,0.46017992624877424
9,11,MLP,11,16,0,0,82.00645,0.5376657248468052
9,11,MLP,11,16,0,0,83.00783,0.6257356117318458
9,11,MLP,11,16,0,0,84.00675,0.6575128202323456
9,11,MLP,11,16,0,0,85.00592,0.664425057249015
9,11,MLP,11,16,0,0,86.00507,0.5810429799885081
9,11,MLP,11,16,0,0,87.00529,0.6210187845882111
9,11,MLP,11,16,0,0,88.00566,0.8021154726490725
9,11,MLP,11,16,0,0,89.00539,0.7956753047057851
9,11,MLP,11,16,0,0,90.00601,0.7832741027688425
9,11,MLP,11,16,0,0,91.00649,0.6578773173843873
9,11,MLP,11,16,0,0,92.00535,0.6656325761310378
9,11,MLP,11,16,0,0,93.005,0.6665953144081413
9,11,MLP,11,16,0,0,94.00483,0.6833234283404559
9,11,MLP,11,16,0,0,95.00599,0.6718720701907078
9,11,MLP,11,16,0,0,96.005,0.6991323195563037
9,11,MLP,11,16,0,0,97.00579,0.5196987951492209
9,11,MLP,11,16,0,0,98.00683,0.5572053258834369
9,11,MLP,11,16,0,0,99.0061,0.6307705957369641
9,11,MLP,11,16,0,0,100.007,0.6151376048772433
9,11,MLP,11,16,0,0,101.0064,0.6347764365918995
9,11,MLP,11,16,0,0,102.0055,0.6890484139857458
9,11,MLP,11,16,0,0,103.0064,0.7059358649651675
9,11,MLP,11,16,0,0,104.0067,0.6291345281092074
9,11,MLP,11,16,0,0,105.007,0.7485989390675155
9,11,MLP,11,16,0,0,106.0086,0.6680177677983928
9,11,MLP,11,16,0,0,107.0076,0.5519354330531019
9,11,MLP,11,16,0,0,108.007,0.5210413991103725
9,11,MLP,11,16,0,0,109.0076,0.6703960706302543
9,11,MLP,11,16,0,0,110.0071,0.6781919532511983
9,11,MLP,11,16,0,0,111.0071,0.5139108616428366
9,11,MLP,11,16,0,0,112.0057,0.6982964872564966
9,11,MLP,11,16,0,0,113.0061,0.6339218036370272
9,11,MLP,11,16,0,0,114.0066,0.66851181733097
9,11,MLP,11,16,0,0,115.0063,0.6540264471089962
9,11,MLP,11,16,0,0,116.008,0.6079371252615273
9,11,MLP,11,16,0,0,117.0076,0.5380360619536733
9,11,MLP,11,16,0,0,118.0089,0.6102510260827592
9,11,MLP,11,16,0,0,119.0079,0.5419982829038962
9,11,MLP,11,16,0,0,120.0083,0.7536633045217892
9,11,MLP,11,16,0,0,121.0086,0.7531294461569045
9,11,MLP,11,16,0,0,122.0069,0.7514211212870315
9,11,MLP,11,16,0,0,123.0086,0.7667107446285878
9,11,MLP,11,16,0,0,124.0079,0.678956051523984
9,11,MLP,11,16,0,0,125.0084,0.6504956997590393
9,11,MLP,11,16,0,0,125.9983,0.7536164725604377
9,11,MLP,11,16,0,0,127.0077,0.8071882326204501
9,11,MLP,11,16,0,0,128.0085,0.6325822545376975
9,11,MLP,11,16,0,0,129.0084,0.8270855881595583
9,11,MLP,11,16,0,0,130.008,0.8168228337269412
9,11,MLP,11,16,0,0,131.0082,0.764007171545059
9,11,MLP,11,16,0,0,132.0073,0.800662549297246
9,11,MLP,11,16,0,0,133.0074,0.7881808152391498
9,11,MLP,11,16,0,0,134.0074,0.7939625091725211
9,11,MLP,11,16,0,0,135.0086,0.7565771176606865
9,11,MLP,11,16,0,0,136.0081,0.7105268514202273
9,11,MLP,11,16,0,0,137.008,0.7629287100392775
9,11,MLP,11,16,0,0,138.0093,0.7724318715322398
9,11,MLP,11,16,0,0,138.9987,0.6471553594528611
9,11,MLP,11,16,0,0,139.999,0.8712955694919949
9,11,MLP,11,16,0,0,141.0081,0.8521069658639442
9,11,MLP,11,16,0,0,142.0078,0.8145799996706906
9,11,MLP,11,16,0,0,143.0091,0.71317626086284
9,11,MLP,11,16,0,0,143.9994,0.7858476055777974
9,11,MLP,11,16,0,0,144.9993,0.8512902666063394
9,11,MLP,11,16,0,0,145.9998,0.8037099632224582
9,11,MLP,11,16,0,0,146.9992,0.7625717685904319
9,11,MLP,11,16,0,0,147.9988,0.6505824124416162
9,11,MLP,11,16,0,0,149.0094,0.7685370723095032
9,11,MLP,11,16,0,0,149.9993,0.8092500410689243
9,11,MLP,11,16,0,0,150.9984,0.7613342034572712
9,11,MLP,11,16,0,0,151.9984,0.7952758182863671
9,11,MLP,11,16,0,0,153.0085,0.8101252537031879
9,11,MLP,11,16,0,0,154.0095,0.7469881282071483
9,11,MLP,11,16,0,0,155.0089,0.7358990127385963
9,11,MLP,11,16,0,0,155.9993,0.5809941858396297
9,11,MLP,11,16,0,0,156.9987,0.797599020931148
9,11,MLP,11,16,1,1,158.0103,0.8147850350570962
9,11,MLP,11,16,1,1,158.9988,0.8593165663685882
9,11,MLP,11,16,1,1,159.999,0.762175286124127
9,11,MLP,11,16,1,1,160.9999,0.8294091493955057
9,11,MLP,11,16,1,1,161.999,0.8179948345098995
9,11,MLP,11,16,1,1,162.9986,0.8241562814827414
9,11,MLP,11,16,1,1,164.0,0.8028309703347153
9,11,MLP,11,16,1,1,164.9995,0.6770811686570464
9,11,MLP,11,16,1,1,165.9988,0.839124669620518
9,11,MLP,11,16,1,1,167.0005,0.8437837918170707
9,11,MLP,11,16,1,1,168.0003,0.8297159526525913
9,11,MLP,11,16,1,2,168.9998,0.8287657472950543
9,11,MLP,11,16,1,2,169.9999,0.82446576959698
9,11,MLP,11,16,1,2,170.9994,0.8311189917661621
9,11,MLP,11,16,1,2,171.9991,0.7885146051511049
9,11,MLP,11,16,1,2,172.9989,0.7908160573202461
9,11,MLP,11,16,1,2,173.9989,0.7827615606907021
9,11,MLP,11,16,1,2,174.9991,0.7856470653915316
9,11,MLP,11,16,1,2,175.999,0.8276885012838228
9,11,MLP,11,16,1,2,176.9999,0.8632294647410577
9,11,MLP,11,16,1,2,178.0003,0.8474007257061987
9,11,MLP,11,16,1,2,178.9995,0.8642817523586981
9,11,MLP,11,16,1,2,179.9998,0.8428511955432487
9,11,MLP,11,16,1,2,181.0004,0.7366455955764868
9,11,MLP,11,16,1,2,182.0001,0.8816275770198229
9,11,MLP,11,16,1,2,182.9991,0.8572322867098463
9,11,MLP,11,16,1,2,184.0005,0.8357848356429084
9,11,MLP,11,16,1,2,185.0009,0.748606781240047
9,11,MLP,11,16,1,2,186.001,0.8045423226586705
9,11,MLP,11,16,1,2,187.0014,0.8496109021304231
9,11,MLP,11,16,1,2,188.0021,0.8036460352332003
9,11,MLP,11,16,1,2,189.0015,0.7863737495528175
9,11,MLP,11,16,1,2,190.0005,0.7212037038415825
9,11,MLP,11,16,1,2,191.0013,0.8296012505788855
9,11,MLP,11,16,1,2,192.0001,0.8164897108917074
9,11,MLP,11,16,1,2,192.9996,0.822363500670859
9,11,MLP,11,16,1,2,194.0004,0.8061673480464953
9,11,MLP,11,16,1,2,194.9993,0.8254990262107974
9,11,MLP,11,16,1,2,195.9999,0.8500174254817485
9,11,MLP,11,16,1,2,197.0017,0.8495024471371219
9,11,MLP,11,16,1,2,198.0014,0.822325701190655
9,11,MLP,11,16,1,2,199.0005,0.8562908068213059
9,11,MLP,11,16,1,2,200.0002,0.8286379927834625
9,11,MLP,11,16,1,2,201.0007,0.783513130363591
9,11,MLP,11,16,1,2,201.9999,0.8078046827616575
9,11,MLP,11,16,1,2,203.0017,0.83924303305558
9,11,MLP,11,16,1,2,204.0013,0.7769748273132573
9,11,MLP,11,16,1,2,205.0017,0.7741790515008881
9,11,MLP,11,16,1,2,206.0016,0.8088850618046641
9,11,MLP,11,16,1,2,207.0018,0.8093576973192829
9,11,MLP,11,16,1,2,208.0024,0.6802118775376128
9,11,MLP,11,16,1,2,209.0028,0.8736596705780558
9,11,MLP,11,16,1,2,210.0018,0.8862871180501618
9,11,MLP,11,16,1,2,211.0014,0.8730294525829196
9,11,MLP,11,16,1,2,212.0015,0.8487367181050892
9,11,MLP,11,16,1,2,213.0008,0.8618949226681828
9,11,MLP,11,16,1,2,214.0011,0.8520556400052475
9,11,MLP,11,16,1,2,215.0008,0.8327151270158145
9,11,MLP,11,16,1,2,216.0026,0.7796346307914206
9,11,MLP,11,16,1,2,217.0029,0.8109202562889678
9,11,MLP,11,16,1,2,218.0034,0.8348227462726889
9,11,MLP,11,16,1,2,219.0023,0.8072096189794138
9,11,MLP,11,16,1,2,220.003,0.7960477067122687
9,11,MLP,11,16,1,2,221.002,0.8338065319244274
9,11,MLP,11,16,1,2,222.002,0.8347637750747903
9,11,MLP,11,16,1,2,223.0025,0.7798607188923772
9,11,MLP,11,16,1,2,224.004,0.849545648052007
9,11,MLP,11,16,1,2,225.0031,0.831866116634253
9,11,MLP,11,16,1,2,226.0039,0.7892388713123094
9,11,MLP,11,16,1,2,227.002,0.7969941488832017
9,11,MLP,11,16,1,2,228.0034,0.780092971576865
9,11,MLP,11,16,1,2,229.0037,0.7038612831121953
9,11,MLP,11,16,1,2,230.0028,0.8026967841839614
9,11,MLP,11,16,1,2,231.0025,0.812505274708409
9,11,MLP,11,16,1,2,232.0024,0.7977323631370062
9,11,MLP,11,16,1,2,233.0031,0.8001320690968736
9,11,MLP,11,16,1,2,234.0032,0.7937985980165753
9,11,MLP,11,16,1,2,235.0037,0.7936286615132195
9,11,MLP,11,16,1,2,236.0033,0.8148543723691626
9,11,MLP,11,16,1,2,237.0039,0.858973296660763
9,11,MLP,11,16,1,2,238.0043,0.7917568706291738
9,11,MLP,11,16,1,2,239.0042,0.8218257564189755
9,11,MLP,11,16,1,2,240.0038,0.8235711400853714
9,11,MLP,11,16,1,2,241.0046,0.7360574695623116
9,11,MLP,11,16,1,2,242.0053,0.7630889471781346
9,11,MLP,11,16,1,2,243.0047,0.7728842096409013
9,11,MLP,11,16,1,2,244.0056,0.8290208931024509
9,11,MLP,11,16,1,2,245.005,0.8182263278532058
9,11,MLP,11,16,1,2,246.0058,0.8301619575055039
9,11,MLP,11,16,1,2,247.004,0.7414185478085371
9,11,MLP,11,16,1,2,248.0043,0.7689264793787384
9,11,MLP,11,16,1,2,249.0041,0.7695919831817541
9,11,MLP,11,16,1,2,250.0033,0.7775673026067039
9,11,MLP,11,16,1,2,251.0055,0.7434930473521331
9,11,MLP,11,16,1,2,252.0061,0.7901312000388162
9,11,MLP,11,16,1,2,253.0053,0.8100068588539582
9,11,MLP,11,16,1,2,254.0054,0.7979425386178659
9,11,MLP,11,16,1,2,255.0071,0.7453573182307797
9,11,MLP,11,16,1,2,256.0056,0.756395639182899
9,11,MLP,11,16,1,2,257.0051,0.7890991488697946
9,11,MLP,11,16,1,2,258.0053,0.7935745912949612
9,11,MLP,11,16,1,2,259.0051,0.7414374341599095
9,11,MLP,11,16,1,2,260.0062,0.860932898404373
9,11,MLP,11,16,1,2,261.0061,0.7842372210902763
9,11,MLP,11,16,1,2,262.0057,0.7938838030012946
9,11,MLP,11,16,1,2,263.0062,0.7854465990417583
9,11,MLP,11,16,1,2,264.0052,0.7708390792306079
9,11,MLP,11,16,1,2,265.0056,0.7111823029243706
9,11,MLP,11,16,1,2,266.0051,0.8147423058927926
9,11,MLP,11,16,1,2,267.0044,0.8219809443048229
9,11,MLP,11,16,1,2,268.0049,0.7814952100854927
9,11,MLP,11,16,1,2,269.0052,0.7439302856703237
9,11,MLP,11,16,1,2,270.0058,0.7715441146430192
9,11,MLP,11,16,1,2,271.0061,0.760008353521493
9,11,MLP,11,16,1,2,272.006,0.8488760841947264
9,11,MLP,11,16,1,2,273.0064,0.8489614579900288
9,11,MLP,11,16,1,2,274.0056,0.8081062943685471
9,11,MLP,11,16,1,2,275.0049,0.838591321581196
9,11,MLP,11,16,1,2,276.007,0.8043561509654075
9,11,MLP,11,16,1,2,277.0069,0.7407522119480388
9,11,MLP,11,16,1,2,278.0079,0.7412254673427793
9,11,MLP,11,16,1,2,279.0076,0.8086475180316165
9,11,MLP,11,16,1,2,280.0078,0.8286914016694386
9,11,MLP,11,16,1,2,281.0071,0.8630794511915004
9,11,MLP,11,16,1,2,282.0072,0.8433262053963754
9,11,MLP,11,16,1,2,283.0072,0.7634793900630072
9,11,MLP,11,16,1,2,284.0067,0.809385634947769
9,11,MLP,11,16,1,2,285.0071,0.7946410056600333
9,11,MLP,11,16,1,2,286.0052,0.7975389597605331
9,11,MLP,11,16,1,2,287.0066,0.7783972065434663
9,11,MLP,11,16,1,2,288.0072,0.7970994403044809
9,11,MLP,11,16,1,2,289.007,0.8445980225851638
9,11,MLP,11,16,1,2,290.0083,0.8219553769341638
9,11,MLP,11,16,1,2,290.9982,0.7034048181259077
9,11,MLP,11,16,1,2,292.0073,0.9178623579408235
9,11,MLP,11,16,1,2,293.007,0.894325424855615
9,11,MLP,11,16,1,2,294.0068,0.858256885285059
9,11,MLP,11,16,1,2,295.0081,0.6950578200461525
9,11,MLP,11,16,1,2,296.0071,0.8994524224136786
9,11,MLP,11,16,1,2,297.0096,0.9076828435759539
9,11,MLP,11,16,1,2,298.0091,0.89423806694378
9,11,MLP,11,16,1,2,299.0084,0.8581577554685006
9,11,MLP,11,16,1,2,300.0071,0.8083042876659726
9,11,MLP,11,16,1,2,301.0079,0.760110420429669
9,11,MLP,11,17,0,0,0.011267,0.09443098648720911
9,11,MLP,11,17,0,0,1.009216,0.07468440607344347
9,11,MLP,11,17,0,0,2.010768,0.11408887058791276
9,11,MLP,11,17,0,0,3.010537,0.09921585121847082
9,11,MLP,11,17,0,0,4.010739,0.04343236343039564
9,11,MLP,11,17,0,0,5.012167,0.008528876860805541
9,11,MLP,11,17,0,0,6.013333,0.0024294659485760537
9,11,MLP,11,17,0,0,7.013581,0.0009575784781759153
9,11,MLP,11,17,0,0,8.013154,0.0006634061017070944
9,11,MLP,11,17,0,0,9.014494,0.00037156430874045465
9,11,MLP,11,17,0,0,10.01451,0.00019097666602648305
9,11,MLP,11,17,0,0,11.01476,0.00026025416078451127
9,11,MLP,11,17,0,0,12.01291,0.0003431685905609241
9,11,MLP,11,17,0,0,13.01344,0.39611218536744014
9,11,MLP,11,17,0,0,14.01325,0.7505199208582448
9,11,MLP,11,17,0,0,15.01351,0.8381486104089717
9,11,MLP,11,17,0,0,16.01389,0.7711993658719503
9,11,MLP,11,17,0,0,17.01487,0.7855601236866346
9,11,MLP,11,17,0,0,18.0142,0.8332660267467701
9,11,MLP,11,17,0,0,19.01457,0.9007517284868345
9,11,MLP,11,17,0,0,20.01595,0.8482354358050364
9,11,MLP,11,17,0,0,21.01333,0.9002989108685613
9,11,MLP,11,17,0,0,22.01412,0.8889594564263101
9,11,MLP,11,17,0,0,23.01465,0.9266568283288855
9,11,MLP,11,17,0,0,24.01475,0.9016282017072018
9,11,MLP,11,17,0,0,25.01406,0.9328311332921269
9,11,MLP,11,17,0,0,26.01443,0.8954685019588737
9,11,MLP,11,17,0,0,27.01342,0.9316690562266385
9,11,MLP,11,17,0,0,28.01403,0.9217482776165267
9,11,MLP,11,17,0,0,29.01394,0.9151240718368382
9,11,MLP,11,17,0,0,30.01456,0.9091030796086388
9,11,MLP,11,17,0,0,31.01446,0.8609187939879991
9,11,MLP,11,17,0,0,32.01382,0.7932385414763893
9,11,MLP,11,17,0,0,33.01542,0.7607455444290575
9,11,MLP,11,17,0,0,34.01452,0.6777157475651099
9,11,MLP,11,17,0,0,35.01497,0.5947831697261176
9,11,MLP,11,17,0,0,36.01291,0.563135318476686
9,11,MLP,11,17,0,0,37.01405,0.48641940207891643
9,11,MLP,11,17,0,0,38.01328,0.4110918294834256
9,11,MLP,11,17,0,0,39.01426,0.3301823238005967
9,11,MLP,11,17,0,0,40.01369,0.2890392345773514
9,11,MLP,11,17,0,0,41.01524,0.1572730569893042
9,11,MLP,11,17,0,0,42.00517,0.23285540114453301
9,11,MLP,11,17,0,0,43.01529,0.3138562561696348
9,11,MLP,11,17,0,0,44.01579,0.3791467478815676
9,11,MLP,11,17,0,0,45.01544,0.3372656820886061
9,11,MLP,11,17,0,0,46.00477,0.27428506679435377
9,11,MLP,11,17,0,0,47.00568,0.3215725784200388
9,11,MLP,11,17,0,0,48.01549,0.39851215610927165
9,11,MLP,11,17,1,1,49.01421,0.36321716740570886
9,11,MLP,11,17,1,1,50.01254,0.3260910583646277
9,11,MLP,11,17,1,1,51.01536,0.40906834257291236
9,11,MLP,11,17,1,2,52.00605,0.343267956467052
9,11,MLP,11,17,1,2,53.00695,0.3639308094911926
9,11,MLP,11,17,1,2,54.00532,0.386774417926215
9,11,MLP,11,17,1,2,55.00634,0.5017123385431302
9,11,MLP,11,17,1,2,56.00675,0.5760060393640241
9,11,MLP,11,17,1,2,57.00716,0.4830347640851181
9,11,MLP,11,17,1,2,58.00694,0.39815218584893525
9,11,MLP,11,17,1,2,59.00693,0.2829447105764965
9,11,MLP,11,17,1,2,60.0069,0.24162859046829693
9,11,MLP,11,17,1,2,61.00563,0.38019386143205924
9,11,MLP,11,17,1,2,62.00499,0.35664996426735635
9,11,MLP,11,17,1,2,63.00678,0.4601097488671209
9,11,MLP,11,17,1,2,64.0051,0.43435890143325695
9,11,MLP,11,17,1,2,65.00654,0.30529876229814756
9,11,MLP,11,17,1,2,66.00629,0.2531774453016747
9,11,MLP,11,17,1,2,67.01572,0.2570327378590704
9,11,MLP,11,17,1,2,68.00474,0.2939783981095488
9,11,MLP,11,17,1,2,69.00492,0.26102302748267137
9,11,MLP,11,17,1,2,70.01665,0.4726800253538349
9,11,MLP,11,17,1,3,71.0051,0.32692490410421987
9,11,MLP,11,17,1,3,72.00601,0.4435795273653888
9,11,MLP,11,17,1,3,73.00735,0.41648105110409744
9,11,MLP,11,17,1,3,74.00593,0.37053169658502433
9,11,MLP,11,17,1,3,75.00636,0.3888817960417784
9,11,MLP,11,17,1,3,76.00766,0.21693064148195834
9,11,MLP,11,17,1,3,77.0057,0.3942785172556134
9,11,MLP,11,17,1,3,78.00646,0.41283881398897226
9,11,MLP,11,17,1,3,79.01675,0.516654908292265
9,11,MLP,11,17,1,3,80.00556,0.5168333533012934
9,11,MLP,11,17,1,3,81.007,0.5413553607641642
9,11,MLP,11,17,1,3,82.00832,0.5554438205411711
9,11,MLP,11,17,1,3,83.00883,0.5553729023905292
9,11,MLP,11,17,1,3,84.00884,0.6911105679606269
9,11,MLP,11,17,1,3,85.00963,0.7278780814911354
9,11,MLP,11,17,1,3,86.00945,0.7013860615288325
9,11,MLP,11,17,1,3,87.00805,0.7054335717697092
9,11,MLP,11,17,1,3,88.00813,0.6962046574663537
9,11,MLP,11,17,1,3,89.00817,0.6819693796930868
9,11,MLP,11,17,1,3,90.00745,0.634896226760252
9,11,MLP,11,17,1,3,91.00802,0.711463668987813
9,11,MLP,11,17,1,3,92.00787,0.6879180721473329
9,11,MLP,11,17,1,3,93.00655,0.6296603592497121
9,11,MLP,11,17,1,3,94.00692,0.6689656268773977
9,11,MLP,11,17,1,3,95.00689,0.7547694482526724
9,11,MLP,11,17,1,3,96.00686,0.7173038128432644
9,11,MLP,11,17,1,3,97.00623,0.7131719257020606
9,11,MLP,11,17,1,3,98.00809,0.5788711974458346
9,11,MLP,11,17,1,3,99.00822,0.69514508486319
9,11,MLP,11,17,1,3,100.0084,0.7124621486178774
9,11,MLP,11,17,1,3,101.0085,0.6954797675233237
9,11,MLP,11,17,1,3,102.0082,0.6444984966914851
9,11,MLP,11,17,1,3,103.009,0.5931555814480001
9,11,MLP,11,17,1,3,104.0102,0.6105834882144763
9,11,MLP,11,17,1,3,105.0087,0.7594175314158813
9,11,MLP,11,17,1,3,106.008,0.7293073952027591
9,11,MLP,11,17,1,3,107.0074,0.6224428620692859
9,11,MLP,11,17,1,3,108.0091,0.5786413866119792
9,11,MLP,11,17,1,3,109.0091,0.5589881773909064
9,11,MLP,11,17,1,3,110.0097,0.40214336823989594
9,11,MLP,11,17,1,3,111.0108,0.5890062202611088
9,11,MLP,11,17,1,3,112.0106,0.726307851374696
9,11,MLP,11,17,1,3,113.0105,0.6078801301616609
9,11,MLP,11,17,1,3,114.0107,0.5809090331103389
9,11,MLP,11,17,1,3,115.0101,0.5036344635508242
9,11,MLP,11,17,1,3,116.011,0.7409653736448077
9,11,MLP,11,17,1,3,117.0095,0.642840133994554
9,11,MLP,11,17,1,3,118.0088,0.6165949616083697
9,11,MLP,11,17,1,3,119.0105,0.5821707525149963
9,11,MLP,11,17,1,3,120.0088,0.4769244707501663
9,11,MLP,11,17,1,3,121.0088,0.5494224978289337
9,11,MLP,11,17,1,3,122.0083,0.5071392486369265
9,11,MLP,11,17,1,3,123.0078,0.4822585029266917
9,11,MLP,11,17,1,3,124.0098,0.5019443410228555
9,11,MLP,11,17,1,3,125.0086,0.5697079326924396
9,11,MLP,11,17,1,3,126.0094,0.5594411972548564
9,11,MLP,11,17,1,3,127.0103,0.5276759338246997
9,11,MLP,11,17,1,3,128.0101,0.6489093466058281
9,11,MLP,11,17,1,3,129.0102,0.6006723212083701
9,11,MLP,11,17,1,3,130.0102,0.5982927963317173
9,11,MLP,11,17,1,3,131.0108,0.6478416055573769
9,11,MLP,11,17,1,3,132.0108,0.7427775077585214
9,11,MLP,11,17,1,3,133.011,0.7291160119022678
9,11,MLP,11,17,1,3,134.0108,0.8003468836230249
9,11,MLP,11,17,1,3,135.0118,0.7920425680034097
9,11,MLP,11,17,1,3,136.0104,0.7453518852096351
9,11,MLP,11,17,1,3,137.0114,0.7216293448092699
9,11,MLP,11,17,1,3,138.0086,0.7180747776897711
9,11,MLP,11,17,1,3,139.0096,0.7127867475111217
9,11,MLP,11,17,1,3,140.0113,0.7761616211046654
9,11,MLP,11,17,1,3,141.0135,0.7620858417132567
9,11,MLP,11,17,1,3,142.0118,0.8102675682343254
9,11,MLP,11,17,1,3,143.0126,0.7511676205044383
9,11,MLP,11,17,1,3,144.0129,0.765410846699335
9,11,MLP,11,17,1,3,145.012,0.7388393637217452
9,11,MLP,11,17,1,3,146.0126,0.775819181305468
9,11,MLP,11,17,1,3,147.012,0.7534382911481395
9,11,MLP,11,17,1,3,148.0111,0.6774407937217628
9,11,MLP,11,17,1,3,149.0121,0.8755969657439664
9,11,MLP,11,17,1,3,150.0108,0.9127053338344105
9,11,MLP,11,17,1,3,151.0116,0.89545042551008
9,11,MLP,11,17,1,3,152.0109,0.8373151783760387
9,11,MLP,11,17,1,3,153.0105,0.8141374948456879
9,11,MLP,11,17,1,3,154.0101,0.8180976383901961
9,11,MLP,11,17,1,3,155.0105,0.8206693802276767
9,11,MLP,11,17,1,3,156.0103,0.824067926093137
9,11,MLP,11,17,1,3,157.011,0.7521904279091983
9,11,MLP,11,17,1,3,158.0111,0.7932608466339903
9,11,MLP,11,17,1,3,159.0116,0.8226229138676858
9,11,MLP,11,17,1,3,160.0125,0.768174791021599
9,11,MLP,11,17,1,3,161.0122,0.728386983017799
9,11,MLP,11,17,1,3,162.0123,0.8001200816105171
9,11,MLP,11,17,1,3,163.0105,0.7957671601867843
9,11,MLP,11,17,1,3,164.0115,0.6972828528816238
9,11,MLP,11,17,1,3,165.0127,0.7468764601294201
9,11,MLP,11,17,1,3,166.0126,0.6572484520434285
9,11,MLP,11,17,1,3,167.0138,0.7639714051278166
9,11,MLP,11,17,1,3,168.0134,0.8213032500910535
9,11,MLP,11,17,1,3,169.0139,0.7537595109016595
9,11,MLP,11,17,1,3,170.0137,0.8414769314346109
9,11,MLP,11,17,1,3,171.014,0.8424263587758808
9,11,MLP,11,17,1,3,172.0133,0.8424475532335894
9,11,MLP,11,17,1,3,173.0134,0.7798657582081457
9,11,MLP,11,17,1,3,174.0133,0.6477329446727964
9,11,MLP,11,17,1,3,175.0133,0.6303233249824399
9,11,MLP,11,17,1,3,176.0137,0.5818606702687932
9,11,MLP,11,17,1,3,177.0143,0.6357975444993386
9,11,MLP,11,17,1,3,178.0134,0.684160898956534
9,11,MLP,11,17,1,3,179.0132,0.5019408496140778
9,11,MLP,11,17,1,3,180.013,0.7272964179562112
9,11,MLP,11,17,1,3,181.0135,0.6681385995638859
9,11,MLP,11,17,1,3,182.0134,0.6781349164691328
9,11,MLP,11,17,1,3,183.0136,0.7846559462281701
9,11,MLP,11,17,1,3,184.0135,0.6849810042229937
9,11,MLP,11,17,1,3,185.0143,0.7332496665845527
9,11,MLP,11,17,1,3,186.0142,0.8565035674042514
9,11,MLP,11,17,1,3,187.0137,0.858061369893958
9,11,MLP,11,17,1,3,188.0129,0.746745837322472
9,11,MLP,11,17,1,3,189.0135,0.7230842467429464
9,11,MLP,11,17,1,3,190.0132,0.7420551357523969
9,11,MLP,11,17,1,3,191.0142,0.6949477706934037
9,11,MLP,11,17,1,3,192.0143,0.6964161116144952
9,11,MLP,11,17,1,3,193.0143,0.7542494118588033
9,11,MLP,11,17,1,3,194.0146,0.7809631560453754
9,11,MLP,11,17,1,3,195.0144,0.7392911016267538
9,11,MLP,11,17,1,3,196.0145,0.7393973024882614
9,11,MLP,11,17,1,3,197.0046,0.7128810935984786
9,11,MLP,11,17,1,3,198.0152,0.6582208288138522
9,11,MLP,11,17,1,3,199.0153,0.7227861355147382
9,11,MLP,11,17,1,3,200.0146,0.7404422413535758
9,11,MLP,11,17,1,3,201.0141,0.6499593549692956
9,11,MLP,11,17,1,3,202.0137,0.6280100699168577
9,11,MLP,11,17,0,0,203.0151,0.6931415549003416
9,11,MLP,11,17,0,0,204.0154,0.6640399992196613
9,11,MLP,11,17,0,0,205.0158,0.6528444176296676
9,11,MLP,11,17,0,0,206.015,0.5568899575755306
9,11,MLP,11,17,0,0,207.0146,0.6160222689372735
9,11,MLP,11,17,0,0,208.0141,0.6116447371226367
9,11,MLP,11,17,0,0,209.0146,0.6585463486138046
9,11,MLP,11,17,0,0,210.0141,0.6496238042661523
9,11,MLP,11,17,0,0,211.0146,0.5956960599086418
9,11,MLP,11,17,0,0,212.0141,0.5818371966422337
9,11,MLP,11,17,0,0,213.013,0.5275782859914074
9,11,MLP,11,17,0,0,214.014,0.6765349128456335
9,11,MLP,11,17,0,0,215.0143,0.7184351666838902
9,11,MLP,11,17,0,0,216.0142,0.5993762211841075
9,11,MLP,11,17,0,0,217.0132,0.6015222854877903
9,11,MLP,11,17,0,0,218.0146,0.6681788959019296
9,11,MLP,11,17,0,0,219.0155,0.6443829546065316
9,11,MLP,11,17,0,0,220.0047,0.7879332703165478
9,11,MLP,11,17,0,0,221.0041,0.687463553379554
9,11,MLP,11,17,0,0,222.0053,0.6855275033997238
9,11,MLP,11,17,0,0,223.0042,0.6811646328649971
9,11,MLP,11,17,0,0,224.0043,0.6420188146147138
9,11,MLP,11,17,0,0,225.0045,0.6896615101772386
9,11,MLP,11,17,0,0,226.0041,0.6462463067944137
9,11,MLP,11,17,0,0,227.0047,0.6670772746499825
9,11,MLP,11,17,0,0,228.0157,0.6270800460644048
9,11,MLP,11,17,0,0,229.0042,0.6699715831533527
9,11,MLP,11,17,0,0,230.0042,0.6841267987767482
9,11,MLP,11,17,0,0,231.015,0.6831216346779745
9,11,MLP,11,17,0,0,232.0043,0.7478407293051437
9,11,MLP,11,17,0,0,233.0045,0.7364960895099181
9,11,MLP,11,17,0,0,234.015,0.7439996967001401
9,11,MLP,11,17,0,0,235.015,0.7160884115713132
9,11,MLP,11,17,0,0,236.0049,0.7026803662851947
9,11,MLP,11,17,0,0,237.0058,0.7633261881355669
9,11,MLP,11,17,0,0,238.0066,0.6821634045709618
9,11,MLP,11,17,0,0,239.0082,0.683452267484261
9,11,MLP,11,17,0,0,240.0067,0.678329231310859
9,11,MLP,11,17,0,0,241.0064,0.7304350591669923
9,11,MLP,11,17,0,0,242.0061,0.6923285718095534
9,11,MLP,11,17,0,0,243.0064,0.6640208946005791
9,11,MLP,11,17,0,0,244.006,0.8045627139724448
9,11,MLP,11,17,0,0,245.0055,0.8666776125850931
9,11,MLP,11,17,0,0,246.0066,0.8958760424684599
9,11,MLP,11,17,0,0,247.0063,0.9259297921257443
9,11,MLP,11,17,0,0,248.0059,0.8859188763487106
9,11,MLP,11,17,0,0,249.006,0.8863202655860017
9,11,MLP,11,17,0,0,250.0056,0.7852492996900139
9,11,MLP,11,17,0,0,251.0057,0.8248681537529472
9,11,MLP,11,17,0,0,252.0064,0.8116134341950116
9,11,MLP,11,17,0,0,253.0056,0.8131158501370743
9,11,MLP,11,17,0,0,254.0052,0.8751903030795938
9,11,MLP,11,17,0,0,255.0055,0.7409509586335853
9,11,MLP,11,17,0,0,256.0053,0.8809750023174043
9,11,MLP,11,17,0,0,257.0049,0.8356602717352931
9,11,MLP,11,17,0,0,258.0047,0.8472640182019544
9,11,MLP,11,17,0,0,259.0052,0.902122020183902
9,11,MLP,11,17,0,0,260.0065,0.8827396896286082
9,11,MLP,11,17,0,0,261.0071,0.832885753124155
9,11,MLP,11,17,0,0,262.0067,0.8665581544705522
9,11,MLP,11,17,0,0,263.007,0.8156476973964514
9,11,MLP,11,17,0,0,264.0072,0.817925621040918
9,11,MLP,11,17,0,0,265.0074,0.7524160570708252
9,11,MLP,11,17,0,0,266.0079,0.7523000776363775
9,11,MLP,11,17,0,0,267.0063,0.7978649653102258
9,11,MLP,11,17,0,0,268.0071,0.7741292431267816
9,11,MLP,11,17,0,0,269.007,0.8374642262118491
9,11,MLP,11,17,0,0,270.008,0.7886269461561769
9,11,MLP,11,17,0,0,271.0076,0.8290294932072743
9,11,MLP,11,17,0,0,272.0083,0.8514993106221814
9,11,MLP,11,17,0,0,273.0101,0.8329682857890289
9,11,MLP,11,17,0,0,274.0092,0.7089537919791465
9,11,MLP,11,17,0,0,275.0092,0.7195970789648705
9,11,MLP,11,17,0,0,276.0079,0.6212606289925632
9,11,MLP,11,17,0,0,277.0084,0.6712341813186522
9,11,MLP,11,17,0,0,278.0099,0.7685744339296505
9,11,MLP,11,17,0,0,279.0088,0.7589799449985489
9,11,MLP,11,17,0,0,280.0082,0.7363298283251354
9,11,MLP,11,17,0,0,281.0092,0.7634646683892655
9,11,MLP,11,17,0,0,282.0089,0.822686904116358
9,11,MLP,11,17,0,0,283.0091,0.7972134352171131
9,11,MLP,11,17,0,0,284.0089,0.7862027121098746
9,11,MLP,11,17,0,0,285.0094,0.7682985764535168
9,11,MLP,11,17,0,0,286.0088,0.5850764383448547
9,11,MLP,11,17,0,0,287.0086,0.5874330304266078
9,11,MLP,11,17,0,0,288.0084,0.705823688509456
9,11,MLP,11,17,0,0,289.0072,0.6820469628856382
9,11,MLP,11,17,0,0,290.008,0.6891027076241194
9,11,MLP,11,17,0,0,291.0084,0.5680392838854472
9,11,MLP,11,17,0,0,292.0078,0.6489638085773896
9,11,MLP,11,17,0,0,293.0093,0.6865636331611986
9,11,MLP,11,17,0,0,294.0094,0.654118299342691
9,11,MLP,11,17,0,0,295.0093,0.7143447425088781
9,11,MLP,11,17,0,0,296.0093,0.6912550949422204
9,11,MLP,11,17,0,0,297.0098,0.6038758647816095
9,11,MLP,11,17,0,0,298.0105,0.6582094134942212
9,11,MLP,11,17,0,0,299.0096,0.6715108169420313
9,11,MLP,11,17,0,0,300.0081,0.648083107883663
9,11,MLP,11,17,0,0,301.008,0.5910043011241687
9,11,Clock,9,13,0,0,0.0110195,0.1955479421275183
9,11,Clock,9,13,0,0,1.005759,0.1970489486308957
9,11,Clock,9,13,0,0,2.00784,0.19856980700873766
9,11,Clock,9,13,0,0,3.007802,0.20009623472777244
9,11,Clock,9,13,0,0,4.007293,0.2016307191683428
9,11,Clock,9,13,0,0,5.008187,0.2031761537339467
9,11,Clock,9,13,0,0,6.008643,0.20472971508640783
9,11,Clock,9,13,0,0,7.009022,0.2062919591607505
9,11,Clock,9,13,0,0,8.008588,0.20786172736302486
9,11,Clock,9,13,0,0,9.008896,0.2094414643799019
9,11,Clock,9,13,0,0,10.00913,0.21102989040804926
9,11,Clock,9,13,0,0,11.01103,0.21262979249634137
9,11,Clock,9,13,0,0,12.01013,0.21423402066644434
9,11,Clock,9,13,0,0,13.01072,0.21584944734245137
9,11,Clock,9,13,0,0,14.01103,0.21747322742036032
9,11,Clock,9,13,0,0,15.0121,0.2191070534615253
9,11,Clock,9,13,0,0,16.00964,0.22074388280735366
9,11,Clock,9,13,0,0,17.01035,0.2223947009528777
9,11,Clock,9,13,0,0,18.01051,0.22405340158294368
9,11,Clock,9,13,0,0,19.0111,0.22572160289642001
9,11,Clock,9,13,0,0,20.01075,0.22739700159331716
9,11,Clock,9,13,0,0,21.00977,0.22908009339733051
9,11,Clock,9,13,0,0,22.0112,0.23077601509177448
9,11,Clock,9,13,0,0,23.01091,0.23247776969549383
9,11,Clock,9,13,0,0,24.0096,0.23418650228642834
9,11,Clock,9,13,0,0,25.01049,0.23590772876911312
9,11,Clock,9,13,0,0,26.01068,0.23763646410299868
9,11,Clock,9,13,0,0,27.01039,0.23937306524814939
9,11,Clock,9,13,0,0,28.01047,0.2411189909315067
9,11,Clock,9,13,0,0,29.01056,0.2428736015583823
9,11,Clock,9,13,0,0,30.01037,0.24463637219001336
9,11,Clock,9,13,0,0,31.01037,0.24640810846251032
9,11,Clock,9,13,0,0,32.01043,0.24818856572890863
9,11,Clock,9,13,0,0,33.01025,0.24997719290889792
9,11,Clock,9,13,0,0,34.01165,0.25177723902140087
9,11,Clock,9,13,0,0,35.01178,0.25358356482567
9,11,Clock,9,13,0,0,36.01152,0.2553977185603114
9,11,Clock,9,13,0,0,37.01201,0.2572217446607593
9,11,Clock,9,13,0,0,38.01177,0.25905292793507806
9,11,Clock,9,13,0,0,39.01201,0.2608934551549266
9,11,Clock,9,13,0,0,40.01328,0.26274433024904237
9,11,Clock,9,13,0,0,41.01098,0.26459698997639286
9,11,Clock,9,13,0,0,42.01181,0.2664638467312976
9,11,Clock,9,13,0,0,43.011,0.26833598867552844
9,11,Clock,9,13,0,0,44.01217,0.27022016567081275
9,11,Clock,9,13,0,0,45.01147,0.272109118583332
9,11,Clock,9,13,0,0,46.01141,0.2740075303121918
9,11,Clock,9,13,0,0,47.01147,0.27591439938292184
9,11,Clock,9,13,0,0,48.011,0.27782844277545815
9,11,Clock,9,13,0,0,49.01306,0.27975550823017487
9,11,Clock,9,13,0,0,50.01255,0.28168575058805084
9,11,Clock,9,13,0,0,51.0136,0.28362709860187263
9,11,Clock,9,13,0,0,52.01255,0.2855724127972672
9,11,Clock,9,13,0,0,53.01245,0.287527575303303
9,11,Clock,9,13,0,0,54.01316,0.28949229066885085
9,11,Clock,9,13,0,0,55.01288,0.2914629800681263
9,11,Clock,9,13,0,0,56.01094,0.2934382611155468
9,11,Clock,9,13,0,0,57.01193,0.2954271723083264
9,11,Clock,9,13,0,0,58.01228,0.29742261635683725
9,11,Clock,9,13,0,0,59.01311,0.29942677500687437
9,11,Clock,9,13,0,0,60.01287,0.3014364854020815
9,11,Clock,9,13,0,0,61.01322,0.30345503732418155
9,11,Clock,9,13,0,0,62.00483,0.30546345346985215
9,11,Clock,9,13,0,0,63.00399,0.30749467752758836
9,11,Clock,9,13,0,0,64.01481,0.30955721955327387
9,11,Clock,9,13,0,0,65.01499,0.311605550019295
9,11,Clock,9,13,0,0,66.00488,0.3136400856379316
9,11,Clock,9,13,0,0,67.01431,0.3157221859521498
9,11,Clock,9,13,0,0,68.01569,0.31779501747620426
9,11,Clock,9,13,0,0,69.01431,0.31986934939250555
9,11,Clock,9,13,0,0,70.00444,0.3219331019112216
9,11,Clock,9,13,0,0,71.01484,0.32404629363612053
9,11,Clock,9,13,0,0,72.01485,0.326144841007574
9,11,Clock,9,13,0,0,73.01538,0.32825148934320125
9,11,Clock,9,13,0,0,74.01483,0.33036278156377685
9,11,Clock,9,13,0,0,75.01283,0.33247785516622996
9,11,Clock,9,13,0,0,76.01294,0.3346041879077798
9,11,Clock,9,13,0,0,77.0144,0.3367401441291598
9,11,Clock,9,13,0,0,78.01477,0.3388804695832042
9,11,Clock,9,13,0,0,79.01405,0.3410250592454858
9,11,Clock,9,13,0,0,80.01414,0.34317790294514966
9,11,Clock,9,13,0,0,81.01292,0.345334394020587
9,11,Clock,9,13,0,0,82.01397,0.3475021975506462
9,11,Clock,9,13,0,0,83.01512,0.34967655644812695
9,11,Clock,9,13,0,0,84.00425,0.35183095755146215
9,11,Clock,9,13,0,0,85.0048,0.35401638817701636
9,11,Clock,9,13,0,0,86.00455,0.35620617644527086
9,11,Clock,9,13,0,0,87.00511,0.3584037901983545
9,11,Clock,9,13,0,0,88.01478,0.36062744029604094
9,11,Clock,9,13,0,0,89.01393,0.36283383700033145
9,11,Clock,9,13,0,0,90.00504,0.365028198577536
9,11,Clock,9,13,0,0,91.00574,0.3672494801665783
9,11,Clock,9,13,0,0,92.01431,0.3694939743795812
9,11,Clock,9,13,0,0,93.01505,0.37172662449481614
9,11,Clock,9,13,0,0,94.00507,0.3739407613842418
9,11,Clock,9,13,0,0,95.00547,0.3761834790304878
9,11,Clock,9,13,0,0,96.00397,0.37842724296852615
9,11,Clock,9,13,0,0,97.00613,0.38068448101722907
9,11,Clock,9,13,0,0,98.00716,0.38294433599278455
9,11,Clock,9,13,0,0,99.00568,0.38520357646350306
9,11,Clock,9,13,0,0,100.0066,0.3874732315972381
9,11,Clock,9,13,0,0,101.0064,0.3897452306670088
9,11,Clock,9,13,0,0,102.0046,0.39201837327551525
9,11,Clock,9,13,0,0,103.0056,0.39430260352835894
9,11,Clock,9,13,0,0,104.0057,0.3965894009260519
9,11,Clock,9,13,0,0,105.0069,0.3988832463689098
9,11,Clock,9,13,0,0,106.0045,0.40117328156160437
9,11,Clock,9,13,0,0,107.0059,0.4034763684363981
9,11,Clock,9,13,0,0,108.0047,0.4057777352562517
9,11,Clock,9,13,0,0,109.0066,0.40809040507366984
9,11,Clock,9,13,0,0,110.0056,0.4104004424804888
9,11,Clock,9,13,0,0,111.0052,0.4127158358544849
9,11,Clock,9,13,0,0,112.0055,0.41503670898398637
9,11,Clock,9,13,0,0,113.0053,0.4173602049190527
9,11,Clock,9,13,0,0,114.0057,0.41968876226375856
9,11,Clock,9,13,0,0,115.0057,0.422019975506142
9,11,Clock,9,13,0,0,116.006,0.42435536393699835
9,11,Clock,9,13,0,0,117.0064,0.42669438503559204
9,11,Clock,9,13,0,0,118.0063,0.42903550989248246
9,11,Clock,9,13,0,0,119.0068,0.4313812107488134
9,11,Clock,9,13,0,0,120.0069,0.4337290621623254
9,11,Clock,9,13,0,0,121.0075,0.43608107645962624
9,11,Clock,9,13,0,0,122.0072,0.4384338500330266
9,11,Clock,9,13,0,0,123.0058,0.4407867871373873
9,11,Clock,9,13,0,0,124.0076,0.4431499500827753
9,11,Clock,9,13,0,0,125.007,0.4455100287098025
9,11,Clock,9,13,0,0,126.0072,0.44787444378079405
9,11,Clock,9,13,0,0,127.0068,0.45023979115086155
9,11,Clock,9,13,0,0,128.0076,0.45261024663676463
9,11,Clock,9,13,0,0,129.0074,0.45498048322685414
9,11,Clock,9,13,0,0,130.0071,0.4573525079343064
9,11,Clock,9,13,1,3,131.0081,0.4597295853562316
9,11,Clock,9,13,1,3,132.0073,0.46210417959324324
9,11,Clock,9,13,1,3,133.0062,0.46447980468634625
9,11,Clock,9,13,1,3,134.0074,0.4668625278469185
9,11,Clock,9,13,1,3,135.0069,0.46924269273308866
9,11,Clock,9,13,1,3,136.0064,0.47162425770387706
9,11,Clock,9,13,1,3,137.0067,0.47400904359933743
9,11,Clock,9,13,1,3,138.0067,0.47639428772686465
9,11,Clock,9,13,1,3,139.007,0.47878133755852237
9,11,Clock,9,13,1,3,140.0062,0.4811666970795674
9,11,Clock,9,13,1,3,141.0073,0.4835574711966362
9,11,Clock,9,13,1,3,142.0084,0.4859490346794047
9,11,Clock,9,13,1,3,143.008,0.4883375951767745
9,11,Clock,9,13,1,3,144.0094,0.49073102868760565
9,11,Clock,9,13,1,3,145.0076,0.49311722664169444
9,11,Clock,9,13,1,3,146.0077,0.49550829856826517
9,11,Clock,9,13,1,3,147.0074,0.49789859087160343
9,11,Clock,9,13,1,3,148.0075,0.500289964346733
9,11,Clock,9,13,1,3,149.0084,0.5026832217609474
9,11,Clock,9,13,1,3,150.0068,0.5050703731809627
9,11,Clock,9,13,1,3,151.0084,0.5074649537543002
9,11,Clock,9,13,1,3,152.009,0.5098567847431436
9,11,Clock,9,13,1,3,153.0098,0.5122486385579994
9,11,Clock,9,13,1,3,154.0073,0.514632057405071
9,11,Clock,9,13,0,0,155.0084,0.5170234480125548
9,11,Clock,9,13,0,0,156.0078,0.5194099424717827
9,11,Clock,9,13,0,0,157.008,0.5217974816228806
9,11,Clock,9,13,0,0,158.0095,0.5241871557047706
9,11,Clock,9,13,0,0,159.0101,0.5265735397724379
9,11,Clock,9,13,0,0,160.0103,0.5289577649264041
9,11,Clock,9,13,0,0,161.0102,0.5313399426419068
9,11,Clock,9,13,0,0,162.0098,0.5337200027492979
9,11,Clock,9,13,0,0,163.0103,0.5361006701968433
9,11,Clock,9,13,0,0,164.0104,0.5384787503652226
9,11,Clock,9,13,0,0,165.0098,0.5408533772085056
9,11,Clock,9,13,0,0,166.0106,0.5432295179974667
9,11,Clock,9,13,0,0,167.0094,0.5455989170418103
9,11,Clock,9,13,0,0,168.0101,0.5479707714942393
9,11,Clock,9,13,0,0,169.0095,0.5503373790840241
9,11,Clock,9,13,0,0,170.0094,0.5527028648946887
9,11,Clock,9,13,0,0,171.0103,0.5550683462533037
9,11,Clock,9,13,0,0,172.0116,0.5574322710060813
9,11,Clock,9,13,0,0,173.0117,0.5597907915828438
9,11,Clock,9,13,0,0,174.0113,0.5621454304687372
9,11,Clock,9,13,0,0,175.0105,0.5644963042702921
9,11,Clock,9,13,0,0,176.0114,0.5668482951933642
9,11,Clock,9,13,0,0,177.011,0.569194235870066
9,11,Clock,9,13,0,0,178.0101,0.5715358953377071
9,11,Clock,9,13,0,0,179.0093,0.5738745696792382
9,11,Clock,9,13,0,0,180.0106,0.576214897842677
9,11,Clock,9,13,0,0,181.0108,0.5785492143158372
9,11,Clock,9,13,0,0,182.0097,0.5808770051340982
9,11,Clock,9,13,0,0,183.0091,0.5832023366038194
9,11,Clock,9,13,0,0,184.0103,0.5855281871148083
9,11,Clock,9,13,0,0,185.0096,0.5878458109915555
9,11,Clock,9,13,0,0,186.01,0.5901620879024249
9,11,Clock,9,13,0,0,187.0108,0.5924753232053536
9,11,Clock,9,13,0,0,188.0104,0.5947816880254109
9,11,Clock,9,13,0,0,189.0116,0.5970875281452264
9,11,Clock,9,13,0,0,190.0116,0.5993863513533204
9,11,Clock,9,13,0,0,191.0115,0.6016805984398282
9,11,Clock,9,13,0,0,192.0119,0.6039715049320966
9,11,Clock,9,13,0,0,193.0109,0.6062546527576208
9,11,Clock,9,13,0,0,194.0107,0.6085350120114685
9,11,Clock,9,13,0,0,195.01,0.6108094978389567
9,11,Clock,9,13,0,0,196.0102,0.6130812135568611
9,11,Clock,9,13,0,0,197.0122,0.6153521303426708
9,11,Clock,9,13,0,0,198.0116,0.6176121033646691
9,11,Clock,9,13,0,0,199.0125,0.6198704052199472
9,11,Clock,9,13,0,0,200.0115,0.6221192757508518
9,11,Clock,9,13,0,0,201.0117,0.6243655740566454
9,11,Clock,9,13,0,0,202.0122,0.62660721669108
9,11,Clock,9,13,0,0,203.0135,0.6288452055024732
9,11,Clock,9,13,0,0,204.0123,0.6310721056183057
9,11,Clock,9,13,0,0,205.0133,0.6332983504470647
9,11,Clock,9,13,0,0,206.013,0.6355160129358586
9,11,Clock,9,13,0,0,207.0117,0.6377257442001125
9,11,Clock,9,13,0,0,208.0125,0.6399342760674935
9,11,Clock,9,13,0,0,209.0119,0.6421338474871868
9,11,Clock,9,13,0,0,210.0124,0.6443298583264856
9,11,Clock,9,13,0,0,211.013,0.6465200116921191
9,11,Clock,9,13,0,0,212.0144,0.6487057942174772
9,11,Clock,9,13,0,0,213.0136,0.650880550567784
9,11,Clock,9,13,0,0,214.0147,0.653053177675515
9,11,Clock,9,13,0,0,215.0134,0.6552142699930231
9,11,Clock,9,13,0,0,216.0129,0.6573706729825245
9,11,Clock,9,13,0,0,217.0129,0.6595216789817655
9,11,Clock,9,13,0,0,218.0129,0.661666131241562
9,11,Clock,9,13,0,0,219.0129,0.663803962032032
9,11,Clock,9,13,0,0,220.0126,0.6659344877658837
9,11,Clock,9,13,0,0,221.0129,0.668059493397896
9,11,Clock,9,13,0,0,222.0122,0.6701756119750475
9,11,Clock,9,13,0,0,223.0122,0.6722863048414351
9,11,Clock,9,13,0,0,224.0124,0.6743904696678924
9,11,Clock,9,13,0,0,225.0121,0.6764865714978254
9,11,Clock,9,13,0,0,226.0132,0.6785785394917104
9,11,Clock,9,13,0,0,227.0143,0.6806633656613688
9,11,Clock,9,13,0,0,228.0146,0.6827393476077124
9,11,Clock,9,13,0,0,229.014,0.6848062246266192
9,11,Clock,9,13,0,0,230.0146,0.6868682605554366
9,11,Clock,9,13,0,0,231.0143,0.6889210890108789
9,11,Clock,9,13,0,0,232.0145,0.6909675428778321
9,11,Clock,9,13,0,0,233.0145,0.6930061295643622
9,11,Clock,9,13,0,0,234.0137,0.6950355950897125
9,11,Clock,9,13,0,0,235.0139,0.6970595123373379
9,11,Clock,9,13,0,0,236.0044,0.6990562864653805
9,11,Clock,9,13,0,0,237.0162,0.7010882719358807
9,11,Clock,9,13,0,0,238.0152,0.703086773048428
9,11,Clock,9,13,0,0,239.0044,0.7050580494708714
9,11,Clock,9,13,0,0,240.0048,0.7070439110796046
9,11,Clock,9,13,0,0,241.0044,0.7090202940419771
9,11,Clock,9,13,0,0,242.0045,0.7109898134082463
9,11,Clock,9,13,0,0,243.0043,0.7129508016022007
9,11,Clock,9,13,0,0,244.0162,0.7149274071512671
9,11,Clock,9,13,0,0,245.0155,0.7168713397899781
9,11,Clock,9,13,0,0,246.0154,0.7188083807752511
9,11,Clock,9,13,0,0,247.0153,0.7207373613221191
9,11,Clock,9,13,0,0,248.0145,0.7226568399532236
9,11,Clock,9,13,0,0,249.0152,0.7245710505732902
9,11,Clock,9,13,0,0,250.0147,0.7264747589997911
9,11,Clock,9,13,0,0,251.0159,0.728373476037456
9,11,Clock,9,13,0,0,252.0157,0.7302612617990965
9,11,Clock,9,13,0,0,253.0046,0.7321202879510809
9,11,Clock,9,13,0,0,254.0047,0.7339921135980109
9,11,Clock,9,13,0,0,255.0051,0.7358561177277398
9,11,Clock,9,13,0,0,256.0152,0.7377296872878596
9,11,Clock,9,13,0,0,257.0048,0.7395568917661591
9,11,Clock,9,13,0,0,258.0048,0.7413949128303825
9,11,Clock,9,13,0,0,259.0142,0.7432416226446825
9,11,Clock,9,13,0,0,260.0155,0.7450649875904658
9,11,Clock,9,13,0,0,261.0048,0.7468580717530076
9,11,Clock,9,13,0,0,262.0058,0.748663890029214
9,11,Clock,9,13,0,0,263.0071,0.7504616770143007
9,11,Clock,9,13,0,0,264.0063,0.752247052111251
9,11,Clock,9,13,0,0,265.0065,0.7540256808416782
9,11,Clock,9,13,0,0,266.0061,0.755794608452626
9,11,Clock,9,13,0,0,267.0054,0.7575543690258228
9,11,Clock,9,13,0,0,268.0065,0.7593086344495401
9,11,Clock,9,13,0,0,269.0069,0.7610529893914417
9,11,Clock,9,13,0,0,270.006,0.7627864336658854
9,11,Clock,9,13,0,0,271.0046,0.7645103004156831
9,11,Clock,9,13,0,0,272.0052,0.7662288773840421
9,11,Clock,9,13,0,0,273.0052,0.7679377310775599
9,11,Clock,9,13,0,0,274.0054,0.7696382109297762
9,11,Clock,9,13,0,0,275.0052,0.7713292198441171
9,11,Clock,9,13,0,0,276.0056,0.7730125521458798
9,11,Clock,9,13,0,0,277.0053,0.7746858897727399
9,11,Clock,9,13,0,0,278.0059,0.7763519303836748
9,11,Clock,9,13,0,0,279.0058,0.7780080728648842
9,11,Clock,9,13,0,0,280.0075,0.7796583906365228
9,11,Clock,9,13,0,0,281.0063,0.7812951004768625
9,11,Clock,9,13,0,0,282.006,0.782924575550064
9,11,Clock,9,13,0,0,283.005,0.7845440739246762
9,11,Clock,9,13,0,0,284.0056,0.7861573908276387
9,11,Clock,9,13,0,0,285.0061,0.7877617001728614
9,11,Clock,9,13,0,0,286.0067,0.7893573925750352
9,11,Clock,9,13,0,0,287.0079,0.7909451887048159
9,11,Clock,9,13,0,0,288.0077,0.792521954315358
9,11,Clock,9,13,0,0,289.006,0.7940876325441301
9,11,Clock,9,13,0,0,290.0072,0.7956490034531495
9,11,Clock,9,13,0,0,291.0072,0.7971997181723074
9,11,Clock,9,13,0,0,292.0069,0.7987411726899926
9,11,Clock,9,13,0,0,293.0074,0.8002750591941266
9,11,Clock,9,13,0,0,294.0071,0.8017989964723171
9,11,Clock,9,13,0,0,295.0074,0.8033149937852351
9,11,Clock,9,13,0,0,296.0071,0.8048213928902052
9,11,Clock,9,13,0,0,297.0076,0.8063201758526487
9,11,Clock,9,13,0,0,298.0078,0.8078097901413583
9,11,Clock,9,13,0,0,299.007,0.8092891256849369
9,11,Clock,9,13,0,0,300.0064,0.8107601001987882
9,11,Clock,9,13,0,0,301.0068,0.8122237860206166
9,11,Clock,11,16,0,0,0.0,0.19553136288684234
9,11,Clock,11,16,0,0,1.006835,0.19705057692647165
9,11,Clock,11,16,0,0,2.008246,0.19857042502148387
9,11,Clock,11,16,0,0,2.998121,0.20008141475265556
9,11,Clock,11,16,0,0,3.999469,0.20161867288540736
9,11,Clock,11,16,0,0,4.998495,0.20316114697108645
9,11,Clock,11,16,0,0,6.000052,0.2047163367862145
9,11,Clock,11,16,0,0,7.00159,0.20628031977917355
9,11,Clock,11,16,0,0,8.002184,0.20785164233455725
9,11,Clock,11,16,0,0,9.001597,0.20942990637282788
9,11,Clock,11,16,0,0,10.00276,0.2110197472854475
9,11,Clock,11,16,0,0,10.99977,0.21261176262743517
9,11,Clock,11,16,0,0,11.99999,0.21421769586357087
9,11,Clock,11,16,0,0,13.00089,0.21583353344503445
9,11,Clock,11,16,0,0,13.99989,0.2174550958546336
9,11,Clock,11,16,0,0,15.00098,0.21908885658752206
9,11,Clock,11,16,0,0,16.00064,0.22072907776191186
9,11,Clock,11,16,0,0,16.99999,0.22237756750162188
9,11,Clock,11,16,0,0,17.99896,0.22403419820479406
9,11,Clock,11,16,0,0,18.99933,0.22570192830358146
9,11,Clock,11,16,0,0,19.9995,0.22737809877752968
9,11,Clock,11,16,0,0,20.9999,0.2290634245611117
9,11,Clock,11,16,0,0,21.99905,0.23075538682774924
9,11,Clock,11,16,0,0,23.0002,0.23245949275061012
9,11,Clock,11,16,0,0,24.00146,0.23417253880703587
9,11,Clock,11,16,0,0,25.00086,0.2358911261680802
9,11,Clock,11,16,0,0,26.0012,0.23762003875406515
9,11,Clock,11,16,0,0,27.00152,0.23935762039861788
9,11,Clock,11,16,0,0,28.00169,0.2411036260227617
9,11,Clock,11,16,0,0,29.00176,0.24285812707681076
9,11,Clock,11,16,0,0,30.00079,0.24461943959733118
9,11,Clock,11,16,0,0,31.00031,0.24639024300715265
9,11,Clock,11,16,0,0,32.00043,0.24817072261682702
9,11,Clock,11,16,0,0,33.00219,0.24996273886639658
9,11,Clock,11,16,0,0,34.00164,0.25175920368544
9,11,Clock,11,16,0,0,35.00283,0.2535673637261959
9,11,Clock,11,16,0,0,36.00352,0.25538316882731654
9,11,Clock,11,16,0,0,37.00388,0.2572068899069821
9,11,Clock,11,16,0,0,38.00309,0.2590369958817508
9,11,Clock,11,16,0,0,39.00269,0.260876267849758
9,11,Clock,11,16,0,0,40.00256,0.2627244706454819
9,11,Clock,11,16,0,0,41.00229,0.2645808174127129
9,11,Clock,11,16,0,0,42.00187,0.26644526235762367
9,11,Clock,11,16,0,0,43.00198,0.2683190477776199
9,11,Clock,11,16,0,0,43.99989,0.27019700547561526
9,11,Clock,11,16,0,0,45.00128,0.27208981682107836
9,11,Clock,11,16,0,0,46.00084,0.2739874188076253
9,11,Clock,11,16,0,0,47.00187,0.2758960525164568
9,11,Clock,11,16,0,0,48.00152,0.27781024439242574
9,11,Clock,11,16,0,0,49.00248,0.2797351153431948
9,11,Clock,11,16,0,0,50.00288,0.2816670363607958
9,11,Clock,11,16,0,0,51.00327,0.2836070238774721
9,11,Clock,11,16,0,0,52.0029,0.2855535802209186
9,11,Clock,11,16,0,0,53.00366,0.28751034733451314
9,11,Clock,11,16,0,0,54.00496,0.2894761559861023
9,11,Clock,11,16,0,0,55.0033,0.2914440606529567
9,11,Clock,11,16,0,0,56.002,0.293420529833561
9,11,Clock,11,16,0,0,57.00315,0.295409697644385
9,11,Clock,11,16,0,0,58.00341,0.2974048905099343
9,11,Clock,11,16,0,0,59.0027,0.299405888665361
9,11,Clock,11,16,0,0,60.00551,0.3014216576164786
9,11,Clock,11,16,0,0,61.00465,0.3034377087461586
9,11,Clock,11,16,0,0,62.00395,0.30546166538150277
9,11,Clock,11,16,0,0,63.00386,0.3074944133701303
9,11,Clock,11,16,0,0,64.00309,0.3095332641263204
9,11,Clock,11,16,0,0,65.00378,0.3115825406643802
9,11,Clock,11,16,0,0,66.00377,0.3136377921903987
9,11,Clock,11,16,0,0,67.00208,0.31569691538077993
9,11,Clock,11,16,0,0,68.00242,0.31776749075324173
9,11,Clock,11,16,0,0,69.00261,0.3198449973766966
9,11,Clock,11,16,0,0,70.00307,0.3219302346780823
9,11,Clock,11,16,0,0,71.0035,0.3240225423092999
9,11,Clock,11,16,0,0,72.00352,0.32612102611192445
9,11,Clock,11,16,0,0,73.00365,0.3282267427897289
9,11,Clock,11,16,0,0,74.0042,0.3303402947633348
9,11,Clock,11,16,0,0,75.00552,0.33246234050969337
9,11,Clock,11,16,0,0,76.00439,0.3345859756196451
9,11,Clock,11,16,0,0,77.00546,0.3367210595414378
9,11,Clock,11,16,0,0,78.00467,0.33885882440866105
9,11,Clock,11,16,0,0,79.00395,0.34100334774454616
9,11,Clock,11,16,0,0,80.00491,0.34315801725336864
9,11,Clock,11,16,0,0,81.00582,0.34531905169869503
9,11,Clock,11,16,0,0,82.00645,0.3474858834890056
9,11,Clock,11,16,0,0,83.00783,0.34966069281690926
9,11,Clock,11,16,0,0,84.00675,0.35183641577175057
9,11,Clock,11,16,0,0,85.00592,0.35401884128249667
9,11,Clock,11,16,0,0,86.00507,0.35620733109696534
9,11,Clock,11,16,0,0,87.00529,0.358404176134685
9,11,Clock,11,16,0,0,88.00566,0.3606073341547442
9,11,Clock,11,16,0,0,89.00539,0.3628149428668009
9,11,Clock,11,16,0,0,90.00601,0.36503034659822
9,11,Clock,11,16,0,0,91.00649,0.36725115890353766
9,11,Clock,11,16,0,0,92.00535,0.3694739995561462
9,11,Clock,11,16,0,0,93.005,0.3717041631519818
9,11,Clock,11,16,0,0,94.00483,0.3739402147190423
9,11,Clock,11,16,0,0,95.00599,0.376184643475838
9,11,Clock,11,16,0,0,96.005,0.37842956016038715
9,11,Clock,11,16,0,0,97.00579,0.38068372403970235
9,11,Clock,11,16,0,0,98.00683,0.38294359454319327
9,11,Clock,11,16,0,0,99.0061,0.3852045442135799
9,11,Clock,11,16,0,0,100.007,0.3874741494989438
9,11,Clock,11,16,0,0,101.0064,0.3897452306670088
9,11,Clock,11,16,0,0,102.0055,0.39202042553668903
9,11,Clock,11,16,0,0,103.0064,0.39430443343251265
9,11,Clock,11,16,0,0,104.0067,0.39659168852086535
9,11,Clock,11,16,0,0,105.007,0.39888349132376344
9,11,Clock,11,16,0,0,106.0086,0.40118269530765716
9,11,Clock,11,16,0,0,107.0076,0.4034802849951175
9,11,Clock,11,16,0,0,108.007,0.40578304897201084
9,11,Clock,11,16,0,0,109.0076,0.40809271414198334
9,11,Clock,11,16,0,0,110.0071,0.4104039209251249
9,11,Clock,11,16,0,0,111.0071,0.41272023991015305
9,11,Clock,11,16,0,0,112.0057,0.41503716960302267
9,11,Clock,11,16,0,0,113.0061,0.4173620680959729
9,11,Clock,11,16,0,0,114.0066,0.4196908593870781
9,11,Clock,11,16,0,0,115.0063,0.4220213816393476
9,11,Clock,11,16,0,0,116.008,0.42436005200473287
9,11,Clock,11,16,0,0,117.0076,0.42669718760567027
9,11,Clock,11,16,0,0,118.0089,0.42904160541337805
9,11,Clock,11,16,0,0,119.0079,0.4313837882482388
9,11,Clock,11,16,0,0,120.0083,0.4337323598866412
9,11,Clock,11,16,0,0,121.0086,0.43608366050439756
9,11,Clock,11,16,0,0,122.0069,0.4384331313816651
9,11,Clock,11,16,0,0,123.0086,0.4407933883859431
9,11,Clock,11,16,0,0,124.0079,0.44315065235741485
9,11,Clock,11,16,0,0,125.0084,0.44551332750935363
9,11,Clock,11,16,0,0,125.9983,0.4478533858157614
9,11,Clock,11,16,0,0,127.0077,0.4502419224907409
9,11,Clock,11,16,0,0,128.0085,0.4526123799595424
9,11,Clock,11,16,0,0,129.0084,0.45498287176555297
9,11,Clock,11,16,0,0,130.008,0.45735464493357
9,11,Clock,11,16,0,0,131.0082,0.45972980285071274
9,11,Clock,11,16,0,0,132.0073,0.46210417959324324
9,11,Clock,11,16,0,0,133.0074,0.4644826725156274
9,11,Clock,11,16,0,0,134.0074,0.4668625278469185
9,11,Clock,11,16,0,0,135.0086,0.46924676367661433
9,11,Clock,11,16,0,0,136.0081,0.47162833094918555
9,11,Clock,11,16,0,0,137.008,0.474012136509509
9,11,Clock,11,16,0,0,138.0093,0.47640047648390194
9,11,Clock,11,16,0,0,138.9987,0.47876152508609365
9,11,Clock,11,16,0,0,139.999,0.48114950025831704
9,11,Clock,11,16,0,0,141.0081,0.48355940285072574
9,11,Clock,11,16,0,0,142.0078,0.4859475764018386
9,11,Clock,11,16,0,0,143.0091,0.48834022072230393
9,11,Clock,11,16,0,0,143.9994,0.49070713875159305
9,11,Clock,11,16,0,0,144.9993,0.49309738216254173
9,11,Clock,11,16,0,0,145.9998,0.4954894004785081
9,11,Clock,11,16,0,0,146.9992,0.4978789983701538
9,11,Clock,11,16,0,0,147.9988,0.5002691309867889
9,11,Clock,11,16,0,0,149.0094,0.502685593266704
9,11,Clock,11,16,0,0,149.9993,0.5050524240286558
9,11,Clock,11,16,0,0,150.9984,0.5074410244166154
9,11,Clock,11,16,0,0,151.9984,0.5098314369722596
9,11,Clock,11,16,0,0,153.0085,0.5122455391294359
9,11,Clock,11,16,0,0,154.0095,0.5146373433073322
9,11,Clock,11,16,0,0,155.0089,0.5170246142032351
9,11,Clock,11,16,0,0,155.9993,0.5193896504996666
9,11,Clock,11,16,0,0,156.9987,0.5217753039839969
9,11,Clock,11,16,1,1,158.0103,0.5241890485239883
9,11,Clock,11,16,1,1,158.9988,0.5265465801161299
9,11,Clock,11,16,1,1,159.999,0.5289308195813324
9,11,Clock,11,16,1,1,160.9999,0.5313154114383936
9,11,Clock,11,16,1,1,161.999,0.5336942882322828
9,11,Clock,11,16,1,1,162.9986,0.5360728313943397
9,11,Clock,11,16,1,1,164.0,0.5384540143553584
9,11,Clock,11,16,1,1,164.9995,0.5408289136406329
9,11,Clock,11,16,1,1,165.9988,0.5432014889842437
9,11,Clock,11,16,1,1,167.0005,0.545577822677944
9,11,Clock,11,16,1,1,168.0003,0.54794756314626
9,11,Clock,11,16,1,2,168.9998,0.5503144092276595
9,11,Clock,11,16,1,2,169.9999,0.5526803867068539
9,11,Clock,11,16,1,2,170.9994,0.5550426112750723
9,11,Clock,11,16,1,2,171.9991,0.55740278322666
9,11,Clock,11,16,1,2,172.9989,0.5597606175506585
9,11,Clock,11,16,1,2,173.9989,0.5621162255733525
9,11,Clock,11,16,1,2,174.9991,0.5644695027185617
9,11,Clock,11,16,1,2,175.999,0.5668191622611122
9,11,Clock,11,16,1,2,176.9999,0.5691681827400473
9,11,Clock,11,16,1,2,178.0003,0.5715129508043033
9,11,Clock,11,16,1,2,178.9995,0.5738516570038156
9,11,Clock,11,16,1,2,179.9998,0.5761896659294949
9,11,Clock,11,16,1,2,181.0004,0.5785249449581787
9,11,Clock,11,16,1,2,182.0001,0.5808546558879298
9,11,Clock,11,16,1,2,182.9991,0.5831791000017318
9,11,Clock,11,16,1,2,184.0005,0.5855054484661314
9,11,Clock,11,16,1,2,185.0009,0.5878256559122491
9,11,Clock,11,16,1,2,186.001,0.5901412964210263
9,11,Clock,11,16,1,2,187.0014,0.5924536166036756
9,11,Clock,11,16,1,2,188.0021,0.594762552862854
9,11,Clock,11,16,1,2,189.0015,0.5970642850420662
9,11,Clock,11,16,1,2,190.0005,0.5993608739643824
9,11,Clock,11,16,1,2,191.0013,0.6016571986889581
9,11,Clock,11,16,1,2,192.0001,0.6039445206537185
9,11,Clock,11,16,1,2,192.9996,0.6062288723037574
9,11,Clock,11,16,1,2,194.0004,0.6085115443265797
9,11,Clock,11,16,1,2,194.9993,0.610785177238566
9,11,Clock,11,16,1,2,195.9999,0.6130578451141292
9,11,Clock,11,16,1,2,197.0017,0.6153283293738602
9,11,Clock,11,16,1,2,198.0014,0.6175890791559363
9,11,Clock,11,16,1,2,199.0005,0.6198433753199831
9,11,Clock,11,16,1,2,200.0002,0.6220938522311016
9,11,Clock,11,16,1,2,201.0007,0.6243408949962672
9,11,Clock,11,16,1,2,201.9999,0.62657966015285
9,11,Clock,11,16,1,2,203.0017,0.6288188404010396
9,11,Clock,11,16,1,2,204.0013,0.6310476068038973
9,11,Clock,11,16,1,2,205.0017,0.6332725578162113
9,11,Clock,11,16,1,2,206.0016,0.6354907598005993
9,11,Clock,11,16,1,2,207.0018,0.6377038612877854
9,11,Clock,11,16,1,2,208.0024,0.6399120140586742
9,11,Clock,11,16,1,2,209.0028,0.6421138589435915
9,11,Clock,11,16,1,2,210.0018,0.6443066132936854
9,11,Clock,11,16,1,2,211.0014,0.6464946632782015
9,11,Clock,11,16,1,2,212.0015,0.6486776570460653
9,11,Clock,11,16,1,2,213.0008,0.6508527259851692
9,11,Clock,11,16,1,2,214.0011,0.6530237143920303
9,11,Clock,11,16,1,2,215.0008,0.6551870364503909
9,11,Clock,11,16,1,2,216.0026,0.6573484844438903
9,11,Clock,11,16,1,2,217.0029,0.6595002130473097
9,11,Clock,11,16,1,2,218.0034,0.6616458093338886
9,11,Clock,11,16,1,2,219.0023,0.6637813581806622
9,11,Clock,11,16,1,2,220.003,0.6659140655084377
9,11,Clock,11,16,1,2,221.002,0.6680363852815454
9,11,Clock,11,16,1,2,222.002,0.6701540301556196
9,11,Clock,11,16,1,2,223.0025,0.6722658547030146
9,11,Clock,11,16,1,2,224.004,0.6743728113407895
9,11,Clock,11,16,1,2,225.0031,0.6764677266150693
9,11,Clock,11,16,1,2,226.0039,0.6785591537459587
9,11,Clock,11,16,1,2,227.002,0.6806377969566572
9,11,Clock,11,16,1,2,228.0034,0.6827161438114737
9,11,Clock,11,16,1,2,229.0037,0.684784929350203
9,11,Clock,11,16,1,2,230.0028,0.6868439959896305
9,11,Clock,11,16,1,2,231.0025,0.688896911469499
9,11,Clock,11,16,1,2,232.0024,0.6909428297415479
9,11,Clock,11,16,1,2,233.0031,0.692982935339881
9,11,Clock,11,16,1,2,234.0032,0.6950143119116792
9,11,Clock,11,16,1,2,235.0037,0.697038894410798
9,11,Clock,11,16,1,2,236.0033,0.699054075845037
9,11,Clock,11,16,1,2,237.0039,0.701063620381533
9,11,Clock,11,16,1,2,238.0043,0.7030650195449664
9,11,Clock,11,16,1,2,239.0042,0.7050576549333781
9,11,Clock,11,16,1,2,240.0038,0.7070419159227092
9,11,Clock,11,16,1,2,241.0046,0.7090206854663668
9,11,Clock,11,16,1,2,242.0053,0.7109913728261403
9,11,Clock,11,16,1,2,243.0047,0.7129515781572239
9,11,Clock,11,16,1,2,244.0056,0.7149067345551234
9,11,Clock,11,16,1,2,245.005,0.7168509596912759
9,11,Clock,11,16,1,2,246.0058,0.7187898258927107
9,11,Clock,11,16,1,2,247.004,0.7207155941614046
9,11,Clock,11,16,1,2,248.0043,0.7226373002122222
9,11,Clock,11,16,1,2,249.0041,0.7245498758053885
9,11,Clock,11,16,1,2,250.0033,0.7264530953014589
9,11,Clock,11,16,1,2,251.0055,0.7283537834002122
9,11,Clock,11,16,1,2,252.0061,0.7302431790379309
9,11,Clock,11,16,1,2,253.0053,0.7321216045780794
9,11,Clock,11,16,1,2,254.0054,0.7339934243677054
9,11,Clock,11,16,1,2,255.0071,0.7358598338169817
9,11,Clock,11,16,1,2,256.0056,0.7377119536091072
9,11,Clock,11,16,1,2,257.0051,0.7395574539747615
9,11,Clock,11,16,1,2,258.0053,0.7413958641980741
9,11,Clock,11,16,1,2,259.0051,0.7432250232049584
9,11,Clock,11,16,1,2,260.0062,0.7450480774861639
9,11,Clock,11,16,1,2,261.0061,0.7468604446703198
9,11,Clock,11,16,1,2,262.0057,0.7486637252598533
9,11,Clock,11,16,1,2,263.0062,0.7504600371749239
9,11,Clock,11,16,1,2,264.0052,0.7522450937342102
9,11,Clock,11,16,1,2,265.0056,0.7540241108831935
9,11,Clock,11,16,1,2,266.0051,0.755792830634297
9,11,Clock,11,16,1,2,267.0044,0.757552599908974
9,11,Clock,11,16,1,2,268.0049,0.7593058605084473
9,11,Clock,11,16,1,2,269.0052,0.7610500169061808
9,11,Clock,11,16,1,2,270.0058,0.7627860639619374
9,11,Clock,11,16,1,2,271.0061,0.7645128753314452
9,11,Clock,11,16,1,2,272.006,0.7662302890292649
9,11,Clock,11,16,1,2,273.0064,0.7679398117442049
9,11,Clock,11,16,1,2,274.0056,0.7696385731796117
9,11,Clock,11,16,1,2,275.0049,0.7713287564968474
9,11,Clock,11,16,1,2,276.007,0.7730148568367224
9,11,Clock,11,16,1,2,277.0069,0.7746885390590833
9,11,Clock,11,16,1,2,278.0079,0.7763552752498485
9,11,Clock,11,16,1,2,279.0076,0.7780110471633636
9,11,Clock,11,16,1,2,280.0078,0.7796588920706077
9,11,Clock,11,16,1,2,281.0071,0.7812964471113932
9,11,Clock,11,16,1,2,282.0072,0.7829265102210767
9,11,Clock,11,16,1,2,283.0072,0.7845476263014457
9,11,Clock,11,16,1,2,284.0067,0.7861591573464773
9,11,Clock,11,16,1,2,285.0071,0.7877633106133777
9,11,Clock,11,16,1,2,286.0052,0.7893549659365953
9,11,Clock,11,16,1,2,287.0066,0.7909431133616031
9,11,Clock,11,16,1,2,288.0072,0.7925211863929186
9,11,Clock,11,16,1,2,289.007,0.794089159804144
9,11,Clock,11,16,1,2,290.0083,0.7956507119444297
9,11,Clock,11,16,1,2,290.9982,0.7971857967966605
9,11,Clock,11,16,1,2,292.0073,0.7987417826722478
9,11,Clock,11,16,1,2,293.007,0.8002744526969796
9,11,Clock,11,16,1,2,294.0068,0.8017985326142949
9,11,Clock,11,16,1,2,295.0081,0.8033160544970603
9,11,Clock,11,16,1,2,296.0071,0.8048213928902052
9,11,Clock,11,16,1,2,297.0096,0.8063231843290809
9,11,Clock,11,16,1,2,298.0091,0.8078116934155417
9,11,Clock,11,16,1,2,299.0084,0.8092911979653501
9,11,Clock,11,16,1,2,300.0071,0.8107611302180326
9,11,Clock,11,16,1,2,301.0079,0.8122253886411024
9,11,Clock,11,17,0,0,0.011267,0.19554831451239438
9,11,Clock,11,17,0,0,1.009216,0.19705418010321693
9,11,Clock,11,17,0,0,2.010768,0.19857426377310747
9,11,Clock,11,17,0,0,3.010537,0.2001004215517875
9,11,Clock,11,17,0,0,4.010739,0.2016360242992249
9,11,Clock,11,17,0,0,5.012167,0.20318231689811106
9,11,Clock,11,17,0,0,6.013333,0.20473701821775558
9,11,Clock,11,17,0,0,7.013581,0.20629909820201286
9,11,Clock,11,17,0,0,8.013154,0.20786891851662725
9,11,Clock,11,17,0,0,9.014494,0.20945032991409337
9,11,Clock,11,17,0,0,10.01451,0.21103845895966944
9,11,Clock,11,17,0,0,11.01476,0.2126357650315008
9,11,Clock,11,17,0,0,12.01291,0.21423849663341085
9,11,Clock,11,17,0,0,13.01344,0.21585385052285078
9,11,Clock,11,17,0,0,14.01325,0.2174768411357041
9,11,Clock,11,17,0,0,15.01351,0.2191093601412106
9,11,Clock,11,17,0,0,16.01389,0.22075087450055028
9,11,Clock,11,17,0,0,17.01487,0.22240217800751674
9,11,Clock,11,17,0,0,18.0142,0.2240595386649196
9,11,Clock,11,17,0,0,19.01457,0.22572740252617082
9,11,Clock,11,17,0,0,20.01595,0.22740573867128752
9,11,Clock,11,17,0,0,21.01333,0.22908610843409613
9,11,Clock,11,17,0,0,22.01412,0.23078097319190075
9,11,Clock,11,17,0,0,23.01465,0.23248415302837647
9,11,Clock,11,17,0,0,24.01475,0.2341953360887454
9,11,Clock,11,17,0,0,25.01406,0.23591388137402342
9,11,Clock,11,17,0,0,26.01443,0.23764296175049468
9,11,Clock,11,17,0,0,27.01342,0.2393783432253387
9,11,Clock,11,17,0,0,28.01403,0.24112522320636864
9,11,Clock,11,17,0,0,29.01394,0.2428795493315667
9,11,Clock,11,17,0,0,30.01456,0.2446437785522279
9,11,Clock,11,17,0,0,31.01446,0.24641537142246595
9,11,Clock,11,17,0,0,32.01382,0.24819461801360673
9,11,Clock,11,17,0,0,33.01542,0.24998646212196068
9,11,Clock,11,17,0,0,34.01452,0.25178240784279243
9,11,Clock,11,17,0,0,35.01497,0.25358933827266317
9,11,Clock,11,17,0,0,36.01291,0.2554002441774465
9,11,Clock,11,17,0,0,37.01405,0.25722547412155383
9,11,Clock,11,17,0,0,38.01328,0.2590557012279423
9,11,Clock,11,17,0,0,39.01426,0.2608976061080063
9,11,Clock,11,17,0,0,40.01369,0.2627450935555777
9,11,Clock,11,17,0,0,41.01524,0.26460492030141336
9,11,Clock,11,17,0,0,42.00517,0.2664514309089454
9,11,Clock,11,17,0,0,43.01529,0.2683440403164629
9,11,Clock,11,17,0,0,44.01579,0.2702269938141149
9,11,Clock,11,17,0,0,45.01544,0.2721166415165735
9,11,Clock,11,17,0,0,46.00477,0.273994894286629
9,11,Clock,11,17,0,0,47.00568,0.2759033343170577
9,11,Clock,11,17,0,0,48.01549,0.27783705907990225
9,11,Clock,11,17,1,1,49.01421,0.2797577210674723
9,11,Clock,11,17,1,1,50.01254,0.28168572844058964
9,11,Clock,11,17,1,1,51.01536,0.28363052354824714
9,11,Clock,11,17,1,2,52.00605,0.28555972864015805
9,11,Clock,11,17,1,2,53.00695,0.2875167974737134
9,11,Clock,11,17,1,2,54.00532,0.2894768689026917
9,11,Clock,11,17,1,2,55.00634,0.2914500656618119
9,11,Clock,11,17,1,2,56.00675,0.29342994760797253
9,11,Clock,11,17,1,2,57.00716,0.29541767926126533
9,11,Clock,11,17,1,2,58.00694,0.29741194265561727
9,11,Clock,11,17,1,2,59.00693,0.2994143762718544
9,11,Clock,11,17,1,2,60.0069,0.30142446180320376
9,11,Clock,11,17,1,2,61.00563,0.30343969066916526
9,11,Clock,11,17,1,2,62.00499,0.30546377857745466
9,11,Clock,11,17,1,2,63.00678,0.30750035694345285
9,11,Clock,11,17,1,2,64.0051,0.30953736579677876
9,11,Clock,11,17,1,2,65.00654,0.3115882068273707
9,11,Clock,11,17,1,2,66.00629,0.3136429760231359
9,11,Clock,11,17,1,2,67.01572,0.3157250866987943
9,11,Clock,11,17,1,2,68.00474,0.3177722999279523
9,11,Clock,11,17,1,2,69.00492,0.31984980737760177
9,11,Clock,11,17,1,2,70.01665,0.32195858901747604
9,11,Clock,11,17,1,3,71.0051,0.3240258827843389
9,11,Clock,11,17,1,3,72.00601,0.3261262701230108
9,11,Clock,11,17,1,3,73.00735,0.3282345463788254
9,11,Clock,11,17,1,3,74.00593,0.3303439429639664
9,11,Clock,11,17,1,3,75.00636,0.33246412192360447
9,11,Clock,11,17,1,3,76.00766,0.3345929452952492
9,11,Clock,11,17,1,3,77.0057,0.33672156476277326
9,11,Clock,11,17,1,3,78.00646,0.3388626662144661
9,11,Clock,11,17,1,3,79.01675,0.34103084799846056
9,11,Clock,11,17,1,3,80.00556,0.3431594153195873
9,11,Clock,11,17,1,3,81.007,0.3453216087299764
9,11,Clock,11,17,1,3,82.00832,0.3474899536980457
9,11,Clock,11,17,1,3,83.00883,0.349662866579338
9,11,Clock,11,17,1,3,84.00884,0.35184097541227827
9,11,Clock,11,17,1,3,85.00963,0.3540269516042819
9,11,Clock,11,17,1,3,86.00945,0.3562169365251418
9,11,Clock,11,17,1,3,87.00805,0.3584102504610945
9,11,Clock,11,17,1,3,88.00813,0.36061278547865155
9,11,Clock,11,17,1,3,89.00817,0.3628211002834251
9,11,Clock,11,17,1,3,90.00745,0.36503352635523917
9,11,Clock,11,17,1,3,91.00802,0.36725455030115706
9,11,Clock,11,17,1,3,92.00787,0.36947962646117644
9,11,Clock,11,17,1,3,93.00655,0.37170763968168874
9,11,Clock,11,17,1,3,94.00692,0.37394489555023297
9,11,Clock,11,17,1,3,95.00689,0.3761866641344002
9,11,Clock,11,17,1,3,96.00686,0.3784337482842022
9,11,Clock,11,17,1,3,97.00623,0.38068472187383645
9,11,Clock,11,17,1,3,98.00809,0.3829464396434272
9,11,Clock,11,17,1,3,99.00822,0.3852093311335627
9,11,Clock,11,17,1,3,100.0084,0.3874773188638049
9,11,Clock,11,17,1,3,101.0085,0.3897500035302106
9,11,Clock,11,17,1,3,102.0082,0.392026582343108
9,11,Clock,11,17,1,3,103.009,0.3943103762845399
9,11,Clock,11,17,1,3,104.0102,0.3965997038696745
9,11,Clock,11,17,1,3,105.0087,0.39888737561463494
9,11,Clock,11,17,1,3,106.008,0.40118132794336947
9,11,Clock,11,17,1,3,107.0074,0.4034798283553507
9,11,Clock,11,17,1,3,108.0091,0.4057878876396618
9,11,Clock,11,17,1,3,109.0091,0.40809618656533003
9,11,Clock,11,17,1,3,110.0097,0.4104099243531883
9,11,Clock,11,17,1,3,111.0108,0.412728818130973
9,11,Clock,11,17,1,3,112.0106,0.4150485433970979
9,11,Clock,11,17,1,3,113.0105,0.41737228899419204
9,11,Clock,11,17,1,3,114.0107,0.4197004031120374
9,11,Clock,11,17,1,3,115.0101,0.4220302456473906
9,11,Clock,11,17,1,3,116.011,0.42436705739367075
9,11,Clock,11,17,1,3,117.0095,0.42670163245576564
9,11,Clock,11,17,1,3,118.0088,0.42904135515696445
9,11,Clock,11,17,1,3,119.0105,0.4313898919248945
9,11,Clock,11,17,1,3,120.0088,0.4337335248450033
9,11,Clock,11,17,1,3,121.0088,0.4360841270684067
9,11,Clock,11,17,1,3,122.0083,0.43843643718006614
9,11,Clock,11,17,1,3,123.0078,0.4407914997432101
9,11,Clock,11,17,1,3,124.0098,0.44315515412332196
9,11,Clock,11,17,1,3,125.0086,0.4455137961916466
9,11,Clock,11,17,1,3,126.0094,0.44787964063383356
9,11,Clock,11,17,1,3,127.0103,0.45024808171201286
9,11,Clock,11,17,1,3,128.0101,0.45261617655523245
9,11,Clock,11,17,1,3,129.0102,0.45498710599833736
9,11,Clock,11,17,1,3,130.0102,0.45735986066717543
9,11,Clock,11,17,1,3,131.0108,0.4597360014498713
9,11,Clock,11,17,1,3,132.0108,0.46211252312245854
9,11,Clock,11,17,1,3,133.011,0.4644912397158222
9,11,Clock,11,17,1,3,134.0108,0.46687062844142846
9,11,Clock,11,17,1,3,135.0118,0.46925436035895907
9,11,Clock,11,17,1,3,136.0104,0.4716338225626801
9,11,Clock,11,17,1,3,137.0114,0.4740202508597903
9,11,Clock,11,17,1,3,138.0086,0.4763988382828044
9,11,Clock,11,17,1,3,139.0096,0.4787875289698487
9,11,Clock,11,17,1,3,140.0113,0.4811789024776574
9,11,Clock,11,17,1,3,141.0135,0.4835723048547876
9,11,Clock,11,17,1,3,142.0118,0.4859571281242446
9,11,Clock,11,17,1,3,143.0126,0.48834860788594386
9,11,Clock,11,17,1,3,144.0129,0.4907393810569074
9,11,Clock,11,17,1,3,145.012,0.4931277325512064
9,11,Clock,11,17,1,3,146.0126,0.49552000955311104
9,11,Clock,11,17,1,3,147.012,0.497909572891071
9,11,Clock,11,17,1,3,148.0111,0.5002985384963341
9,11,Clock,11,17,1,3,149.0121,0.5026920510586901
9,11,Clock,11,17,1,3,150.0108,0.5050799314640563
9,11,Clock,11,17,1,3,151.0116,0.507472577575743
9,11,Clock,11,17,1,3,152.0109,0.5098613072178042
9,11,Clock,11,17,1,3,153.0105,0.5122503158954176
9,11,Clock,11,17,1,3,154.0101,0.5146387650322092
9,11,Clock,11,17,1,3,155.0105,0.5170284407651022
9,11,Clock,11,17,1,3,156.0103,0.5194159171156459
9,11,Clock,11,17,1,3,157.011,0.5218046556518797
9,11,Clock,11,17,1,3,158.0111,0.5241909413425111
9,11,Clock,11,17,1,3,159.0116,0.5265771052754392
9,11,Clock,11,17,1,3,160.0125,0.5289630012491864
9,11,Clock,11,17,1,3,161.0122,0.5313447398373352
9,11,Clock,11,17,1,3,162.0123,0.533725959193785
9,11,Clock,11,17,1,3,163.0105,0.536101142039015
9,11,Clock,11,17,1,3,164.0115,0.5384813617804286
9,11,Clock,11,17,1,3,165.0127,0.540860263214324
9,11,Clock,11,17,1,3,166.0126,0.5432342618989798
9,11,Clock,11,17,1,3,167.0138,0.5456093375247989
9,11,Clock,11,17,1,3,168.0134,0.5479785798634831
9,11,Clock,11,17,1,3,169.0139,0.5503477804578163
9,11,Clock,11,17,1,3,170.0137,0.5527130395413159
9,11,Clock,11,17,1,3,171.014,0.5550771047289581
9,11,Clock,11,17,1,3,172.0133,0.5574363034914622
9,11,Clock,11,17,1,3,173.0134,0.5597947835850032
9,11,Clock,11,17,1,3,174.0133,0.562150136260304
9,11,Clock,11,17,1,3,175.0133,0.5645029059333537
9,11,Clock,11,17,1,3,176.0137,0.566853706056098
9,11,Clock,11,17,1,3,177.0143,0.569201965845949
9,11,Clock,11,17,1,3,178.0134,0.5715436149246607
9,11,Clock,11,17,1,3,179.0132,0.573883706109335
9,11,Clock,11,17,1,3,180.013,0.5762204930012343
9,11,Clock,11,17,1,3,181.0135,0.5785555128994265
9,11,Clock,11,17,1,3,182.0134,0.5808856036427983
9,11,Clock,11,17,1,3,183.0136,0.5832128018229731
9,11,Clock,11,17,1,3,184.0135,0.585535624911448
9,11,Clock,11,17,1,3,185.0143,0.5878567016837524
9,11,Clock,11,17,1,3,186.0142,0.5901718304891028
9,11,Clock,11,17,1,3,187.0137,0.5924820183505781
9,11,Clock,11,17,1,3,188.0129,0.5947874214831222
9,11,Clock,11,17,1,3,189.0135,0.5970919168997562
9,11,Clock,11,17,1,3,190.0132,0.599390030986825
9,11,Clock,11,17,1,3,191.0142,0.6016867893275868
9,11,Clock,11,17,1,3,192.0143,0.6039769854908611
9,11,Clock,11,17,1,3,193.0143,0.6062624216162212
9,11,Clock,11,17,1,3,194.0146,0.6085439122170095
9,11,Clock,11,17,1,3,195.0144,0.6108195242882987
9,11,Clock,11,17,1,3,196.0145,0.6130909762187513
9,11,Clock,11,17,1,3,197.0046,0.6153348928311295
9,11,Clock,11,17,1,3,198.0152,0.6176202375397452
9,11,Clock,11,17,1,3,199.0153,0.6198767327227478
9,11,Clock,11,17,1,3,200.0146,0.622126240511559
9,11,Clock,11,17,1,3,201.0141,0.6243709479134238
9,11,Clock,11,17,1,3,202.0137,0.6266105630301023
9,11,Clock,11,17,0,0,203.0151,0.6288487821044065
9,11,Clock,11,17,0,0,204.0154,0.6310790032208382
9,11,Clock,11,17,0,0,205.0158,0.6333038749191556
9,11,Clock,11,17,0,0,206.015,0.6355204414543014
9,11,Clock,11,17,0,0,207.0146,0.6377321504916825
9,11,Clock,11,17,0,0,208.0141,0.6399378069954588
9,11,Clock,11,17,0,0,209.0146,0.6421397835869995
9,11,Clock,11,17,0,0,210.0141,0.6443335707794895
9,11,Clock,11,17,0,0,211.0146,0.6465235137108472
9,11,Clock,11,17,0,0,212.0141,0.6487051290480433
9,11,Clock,11,17,0,0,213.013,0.650879257195189
9,11,Clock,11,17,0,0,214.014,0.6530516896590123
9,11,Clock,11,17,0,0,215.0143,0.6552162152070734
9,11,Clock,11,17,0,0,216.0142,0.6573734999172982
9,11,Clock,11,17,0,0,217.0132,0.6595223344198462
9,11,Clock,11,17,0,0,218.0146,0.6616697904284499
9,11,Clock,11,17,0,0,219.0155,0.6638095314537308
9,11,Clock,11,17,0,0,220.0047,0.6659176694814282
9,11,Clock,11,17,0,0,221.0041,0.668040851619227
9,11,Clock,11,17,0,0,222.0053,0.6701609983550812
9,11,Clock,11,17,0,0,223.0042,0.6722694238780578
9,11,Clock,11,17,0,0,224.0043,0.674373452305063
9,11,Clock,11,17,0,0,225.0045,0.6764706651768501
9,11,Clock,11,17,0,0,226.0041,0.6785595675696189
9,11,Clock,11,17,0,0,227.0047,0.6806434120134612
9,11,Clock,11,17,0,0,228.0157,0.6827416236804899
9,11,Clock,11,17,0,0,229.0042,0.6847859689305406
9,11,Clock,11,17,0,0,230.0042,0.6868468525440348
9,11,Clock,11,17,0,0,231.015,0.6889225277454074
9,11,Clock,11,17,0,0,232.0043,0.6909467253273525
9,11,Clock,11,17,0,0,233.0045,0.6929857919771223
9,11,Clock,11,17,0,0,234.015,0.6950382244942618
9,11,Clock,11,17,0,0,235.015,0.6970617312597241
9,11,Clock,11,17,0,0,236.0049,0.6990572996632808
9,11,Clock,11,17,0,0,237.0058,0.701067413004258
9,11,Clock,11,17,0,0,238.0066,0.7030696201525741
9,11,Clock,11,17,0,0,239.0082,0.7050656063220634
9,11,Clock,11,17,0,0,240.0067,0.7070476595346753
9,11,Clock,11,17,0,0,241.0064,0.7090242383812437
9,11,Clock,11,17,0,0,242.0061,0.710992962227701
9,11,Clock,11,17,0,0,243.0064,0.7129548934357074
9,11,Clock,11,17,0,0,244.006,0.7149075079346603
9,11,Clock,11,17,0,0,245.0055,0.7168519076225237
9,11,Clock,11,17,0,0,246.0066,0.7187913893694393
9,11,Clock,11,17,0,0,247.0063,0.720720029928931
9,11,Clock,11,17,0,0,248.0059,0.7226403716348843
9,11,Clock,11,17,0,0,249.006,0.7245534875290591
9,11,Clock,11,17,0,0,250.0056,0.7264574745288823
9,11,Clock,11,17,0,0,251.0057,0.7283541876568974
9,11,Clock,11,17,0,0,252.0064,0.730243725269258
9,11,Clock,11,17,0,0,253.0056,0.7321221770233207
9,11,Clock,11,17,0,0,254.0052,0.7339930539332092
9,11,Clock,11,17,0,0,255.0055,0.7358568552748352
9,11,Clock,11,17,0,0,256.0053,0.7377113888295714
9,11,Clock,11,17,0,0,257.0049,0.7395571166496944
9,11,Clock,11,17,0,0,258.0047,0.7413947449417299
9,11,Clock,11,17,0,0,259.0052,0.7432251903169119
9,11,Clock,11,17,0,0,260.0065,0.745048631927512
9,11,Clock,11,17,0,0,261.0071,0.746862265736424
9,11,Clock,11,17,0,0,262.0067,0.7486655377188749
9,11,Clock,11,17,0,0,263.007,0.7504614583694661
9,11,Clock,11,17,0,0,264.0072,0.7522486840841877
9,11,Clock,11,17,0,0,265.0074,0.7540272507934113
9,11,Clock,11,17,0,0,266.0079,0.7557977869544719
9,11,Clock,11,17,0,0,267.0063,0.7575559236970196
9,11,Clock,11,17,0,0,268.0071,0.7593097013441463
9,11,Clock,11,17,0,0,269.007,0.7610531486310076
9,11,Clock,11,17,0,0,270.008,0.7627898666121581
9,11,Clock,11,17,0,0,271.0076,0.7645154502277246
9,11,Clock,11,17,0,0,272.0083,0.7662342102349144
9,11,Clock,11,17,0,0,273.0101,0.767946105681555
9,11,Clock,11,17,0,0,274.0092,0.7696446278677704
9,11,Clock,11,17,0,0,275.0092,0.7713359640462634
9,11,Clock,11,17,0,0,276.0079,0.7730163932881012
9,11,Clock,11,17,0,0,277.0084,0.7746910354817678
9,11,Clock,11,17,0,0,278.0099,0.776358569401422
9,11,Clock,11,17,0,0,279.0088,0.7780130132094353
9,11,Clock,11,17,0,0,280.0082,0.7796595439336941
9,11,Clock,11,17,0,0,281.0092,0.7812998386089423
9,11,Clock,11,17,0,0,282.0089,0.7829292881884289
9,11,Clock,11,17,0,0,283.0091,0.7845506852585084
9,11,Clock,11,17,0,0,284.0089,0.7861626903522838
9,11,Clock,11,17,0,0,285.0094,0.7877669706722583
9,11,Clock,11,17,0,0,286.0088,0.789360692770423
9,11,Clock,11,17,0,0,287.0086,0.7909462987658941
9,11,Clock,11,17,0,0,288.0084,0.7925230582001888
9,11,Clock,11,17,0,0,289.0072,0.7940894938911536
9,11,Clock,11,17,0,0,290.008,0.7956502373645834
9,11,Clock,11,17,0,0,291.0084,0.797201558572035
9,11,Clock,11,17,0,0,292.0078,0.7987425803392642
9,11,Clock,11,17,0,0,293.0093,0.8002779983530309
9,11,Clock,11,17,0,0,294.0094,0.8018024753814342
9,11,Clock,11,17,0,0,295.0093,0.8033178992029887
9,11,Clock,11,17,0,0,296.0093,0.8048246941125222
9,11,Clock,11,17,0,0,297.0098,0.8063234578251778
9,11,Clock,11,17,0,0,298.0105,0.8078137779374519
9,11,Clock,11,17,0,0,299.0096,0.8092929999343277
9,11,Clock,11,17,0,0,300.0081,0.8107625632811365
9,11,Clock,11,17,0,0,301.008,0.8122255221923349
9,11,RF time only,9,13,0,0,0.0110195,0.0
9,11,RF time only,9,13,0,0,1.005759,0.0
9,11,RF time only,9,13,0,0,2.00784,0.0
9,11,RF time only,9,13,0,0,3.007802,0.0
9,11,RF time only,9,13,0,0,4.007293,0.0
9,11,RF time only,9,13,0,0,5.008187,0.13380220653950262
9,11,RF time only,9,13,0,0,6.008643,0.0
9,11,RF time only,9,13,0,0,7.009022,0.3834084027522967
9,11,RF time only,9,13,0,0,8.008588,0.1012895902259108
9,11,RF time only,9,13,0,0,9.008896,0.0
9,11,RF time only,9,13,0,0,10.00913,0.05301936009431924
9,11,RF time only,9,13,0,0,11.01103,0.008753478116663653
9,11,RF time only,9,13,0,0,12.01013,0.07943155106324695
9,11,RF time only,9,13,0,0,13.01072,0.006278901674385876
9,11,RF time only,9,13,0,0,14.01103,0.0023520736389757674
9,11,RF time only,9,13,0,0,15.0121,0.03860677281154681
9,11,RF time only,9,13,0,0,16.00964,0.03784164263537012
9,11,RF time only,9,13,0,0,17.01035,0.18315048574579196
9,11,RF time only,9,13,0,0,18.01051,0.37932025541420356
9,11,RF time only,9,13,0,0,19.0111,0.07168308458599254
9,11,RF time only,9,13,0,0,20.01075,0.33392090967886456
9,11,RF time only,9,13,0,0,21.00977,0.03811643217637177
9,11,RF time only,9,13,0,0,22.0112,0.24097357068676856
9,11,RF time only,9,13,0,0,23.01091,0.32369743976618454
9,11,RF time only,9,13,0,0,24.0096,0.333047387004786
9,11,RF time only,9,13,0,0,25.01049,0.0034201187117534155
9,11,RF time only,9,13,0,0,26.01068,0.4301345339481363
9,11,RF time only,9,13,0,0,27.01039,0.04064951422437033
9,11,RF time only,9,13,0,0,28.01047,0.20086679308815514
9,11,RF time only,9,13,0,0,29.01056,0.07562307406399665
9,11,RF time only,9,13,0,0,30.01037,0.1969304583662585
9,11,RF time only,9,13,0,0,31.01037,0.004183187596418892
9,11,RF time only,9,13,0,0,32.01043,0.009874490681968268
9,11,RF time only,9,13,0,0,33.01025,0.360040508196556
9,11,RF time only,9,13,0,0,34.01165,0.10184747264339528
9,11,RF time only,9,13,0,0,35.01178,0.4198484381583509
9,11,RF time only,9,13,0,0,36.01152,0.15675447855310284
9,11,RF time only,9,13,0,0,37.01201,0.5932912558168608
9,11,RF time only,9,13,0,0,38.01177,0.02209277359745952
9,11,RF time only,9,13,0,0,39.01201,0.19286662072411495
9,11,RF time only,9,13,0,0,40.01328,0.5111569790320789
9,11,RF time only,9,13,0,0,41.01098,0.33200059680461713
9,11,RF time only,9,13,0,0,42.01181,0.06481032574094227
9,11,RF time only,9,13,0,0,43.011,0.18835652233019667
9,11,RF time only,9,13,0,0,44.01217,0.007801750975302817
9,11,RF time only,9,13,0,0,45.01147,0.007087014057975099
9,11,RF time only,9,13,0,0,46.01141,0.03546849092047849
9,11,RF time only,9,13,0,0,47.01147,0.00516625962913747
9,11,RF time only,9,13,0,0,48.011,0.027756802735594145
9,11,RF time only,9,13,0,0,49.01306,0.22284675575822546
9,11,RF time only,9,13,0,0,50.01255,0.0041289740105619815
9,11,RF time only,9,13,0,0,51.0136,0.10086700171791087
9,11,RF time only,9,13,0,0,52.01255,0.06904895452353431
9,11,RF time only,9,13,0,0,53.01245,0.3378616194473235
9,11,RF time only,9,13,0,0,54.01316,0.052804540924581
9,11,RF time only,9,13,0,0,55.01288,0.023192933847234507
9,11,RF time only,9,13,0,0,56.01094,0.14810276007785503
9,11,RF time only,9,13,0,0,57.01193,0.05397715955203894
9,11,RF time only,9,13,0,0,58.01228,0.14310674837004167
9,11,RF time only,9,13,0,0,59.01311,0.33727344841968737
9,11,RF time only,9,13,0,0,60.01287,0.08215695047220521
9,11,RF time only,9,13,0,0,61.01322,0.536027716604392
9,11,RF time only,9,13,0,0,62.00483,0.5810033454732759
9,11,RF time only,9,13,0,0,63.00399,0.0023701002734731083
9,11,RF time only,9,13,0,0,64.01481,0.046906079122274985
9,11,RF time only,9,13,0,0,65.01499,0.36362434851047853
9,11,RF time only,9,13,0,0,66.00488,0.09326621987947716
9,11,RF time only,9,13,0,0,67.01431,0.5851505383504149
9,11,RF time only,9,13,0,0,68.01569,0.15568533428883
9,11,RF time only,9,13,0,0,69.01431,0.07454785278959401
9,11,RF time only,9,13,0,0,70.00444,0.4057188336553864
9,11,RF time only,9,13,0,0,71.01484,0.11420126110467227
9,11,RF time only,9,13,0,0,72.01485,0.11897246837374524
9,11,RF time only,9,13,0,0,73.01538,0.11552532344517057
9,11,RF time only,9,13,0,0,74.01483,0.31370180811897336
9,11,RF time only,9,13,0,0,75.01283,0.4236639079451149
9,11,RF time only,9,13,0,0,76.01294,0.19713011647832565
9,11,RF time only,9,13,0,0,77.0144,0.382817980970137
9,11,RF time only,9,13,0,0,78.01477,0.11747646898465319
9,11,RF time only,9,13,0,0,79.01405,0.06197287223299881
9,11,RF time only,9,13,0,0,80.01414,0.4684132096406374
9,11,RF time only,9,13,0,0,81.01292,0.26903969695458035
9,11,RF time only,9,13,0,0,82.01397,0.2372774625623661
9,11,RF time only,9,13,0,0,83.01512,0.06568975150365716
9,11,RF time only,9,13,0,0,84.00425,0.0845143142438686
9,11,RF time only,9,13,0,0,85.0048,0.5536552791298878
9,11,RF time only,9,13,0,0,86.00455,0.43803351220311354
9,11,RF time only,9,13,0,0,87.00511,0.9006347891865348
9,11,RF time only,9,13,0,0,88.01478,0.6027752000769729
9,11,RF time only,9,13,0,0,89.01393,0.22660652309416818
9,11,RF time only,9,13,0,0,90.00504,0.46499408589399044
9,11,RF time only,9,13,0,0,91.00574,0.5804673155154291
9,11,RF time only,9,13,0,0,92.01431,0.46062087464235724
9,11,RF time only,9,13,0,0,93.01505,0.7114701380568356
9,11,RF time only,9,13,0,0,94.00507,0.5439755338276526
9,11,RF time only,9,13,0,0,95.00547,0.32164961943244863
9,11,RF time only,9,13,0,0,96.00397,0.5497722205920016
9,11,RF time only,9,13,0,0,97.00613,0.0496218848079264
9,11,RF time only,9,13,0,0,98.00716,0.8262143264869031
9,11,RF time only,9,13,0,0,99.00568,0.06841808890046687
9,11,RF time only,9,13,0,0,100.0066,0.34679524138348267
9,11,RF time only,9,13,0,0,101.0064,0.3537856875865303
9,11,RF time only,9,13,0,0,102.0046,0.6489511064673351
9,11,RF time only,9,13,0,0,103.0056,0.1537737808510206
9,11,RF time only,9,13,0,0,104.0057,0.1878804535792137
9,11,RF time only,9,13,0,0,105.0069,0.6450109157356139
9,11,RF time only,9,13,0,0,106.0045,0.15606261066591115
9,11,RF time only,9,13,0,0,107.0059,0.13101184818571127
9,11,RF time only,9,13,0,0,108.0047,0.4912096611500802
9,11,RF time only,9,13,0,0,109.0066,0.2212195133628225
9,11,RF time only,9,13,0,0,110.0056,0.2701318949283551
9,11,RF time only,9,13,0,0,111.0052,0.40751419280790163
9,11,RF time only,9,13,0,0,112.0055,0.05712951456466767
9,11,RF time only,9,13,0,0,113.0053,0.4074030320298591
9,11,RF time only,9,13,0,0,114.0057,0.2887962982705319
9,11,RF time only,9,13,0,0,115.0057,0.18280705338019543
9,11,RF time only,9,13,0,0,116.006,0.27908525909482995
9,11,RF time only,9,13,0,0,117.0064,0.32014593162452215
9,11,RF time only,9,13,0,0,118.0063,0.29916895041883984
9,11,RF time only,9,13,0,0,119.0068,0.4610234654820982
9,11,RF time only,9,13,0,0,120.0069,0.35213693184642775
9,11,RF time only,9,13,0,0,121.0075,0.331747551057024
9,11,RF time only,9,13,0,0,122.0072,0.5758380453981957
9,11,RF time only,9,13,0,0,123.0058,0.4335478521481226
9,11,RF time only,9,13,0,0,124.0076,0.2766169941670601
9,11,RF time only,9,13,0,0,125.007,0.20358393522864243
9,11,RF time only,9,13,0,0,126.0072,0.4575911479805119
9,11,RF time only,9,13,0,0,127.0068,0.5368080198464447
9,11,RF time only,9,13,0,0,128.0076,0.28271707721566913
9,11,RF time only,9,13,0,0,129.0074,0.04723570027365184
9,11,RF time only,9,13,0,0,130.0071,0.20815728720343118
9,11,RF time only,9,13,1,3,131.0081,0.23024867586164366
9,11,RF time only,9,13,1,3,132.0073,0.0672835209970588
9,11,RF time only,9,13,1,3,133.0062,0.6613359631925423
9,11,RF time only,9,13,1,3,134.0074,0.42428854006043254
9,11,RF time only,9,13,1,3,135.0069,0.32728383895295254
9,11,RF time only,9,13,1,3,136.0064,0.051079307589871205
9,11,RF time only,9,13,1,3,137.0067,0.5019248983476202
9,11,RF time only,9,13,1,3,138.0067,0.31618536167929
9,11,RF time only,9,13,1,3,139.007,0.3732463600830555
9,11,RF time only,9,13,1,3,140.0062,0.5369336147309447
9,11,RF time only,9,13,1,3,141.0073,0.42992698996240536
9,11,RF time only,9,13,1,3,142.0084,0.3183905251349242
9,11,RF time only,9,13,1,3,143.008,0.3028921647039135
9,11,RF time only,9,13,1,3,144.0094,0.13800062401646723
9,11,RF time only,9,13,1,3,145.0076,0.445138303565505
9,11,RF time only,9,13,1,3,146.0077,0.4449949391930739
9,11,RF time only,9,13,1,3,147.0074,0.5231559981115462
9,11,RF time only,9,13,1,3,148.0075,0.5247549086486377
9,11,RF time only,9,13,1,3,149.0084,0.22210348665613083
9,11,RF time only,9,13,1,3,150.0068,0.4345547895146517
9,11,RF time only,9,13,1,3,151.0084,0.6585377123190567
9,11,RF time only,9,13,1,3,152.009,0.6189058957092849
9,11,RF time only,9,13,1,3,153.0098,0.31446297052216365
9,11,RF time only,9,13,1,3,154.0073,0.518346316900454
9,11,RF time only,9,13,0,0,155.0084,0.4009792713913891
9,11,RF time only,9,13,0,0,156.0078,0.6521065718792556
9,11,RF time only,9,13,0,0,157.008,0.3623367204615221
9,11,RF time only,9,13,0,0,158.0095,0.6627701357150072
9,11,RF time only,9,13,0,0,159.0101,0.29803784137390904
9,11,RF time only,9,13,0,0,160.0103,0.964074812805964
9,11,RF time only,9,13,0,0,161.0102,0.6906296821598708
9,11,RF time only,9,13,0,0,162.0098,0.7903599527636187
9,11,RF time only,9,13,0,0,163.0103,0.5662855029950336
9,11,RF time only,9,13,0,0,164.0104,0.5489528652502852
9,11,RF time only,9,13,0,0,165.0098,0.13695515229344407
9,11,RF time only,9,13,0,0,166.0106,0.7567755681264843
9,11,RF time only,9,13,0,0,167.0094,0.5543581481420434
9,11,RF time only,9,13,0,0,168.0101,0.4585637458810251
9,11,RF time only,9,13,0,0,169.0095,0.7059814969900504
9,11,RF time only,9,13,0,0,170.0094,0.5189477744462173
9,11,RF time only,9,13,0,0,171.0103,0.9350900922783398
9,11,RF time only,9,13,0,0,172.0116,0.28717597478444046
9,11,RF time only,9,13,0,0,173.0117,0.32876115185687843
9,11,RF time only,9,13,0,0,174.0113,0.8038444113373068
9,11,RF time only,9,13,0,0,175.0105,0.9078313472833205
9,11,RF time only,9,13,0,0,176.0114,0.9499024026276404
9,11,RF time only,9,13,0,0,177.011,0.8998584561040038
9,11,RF time only,9,13,0,0,178.0101,0.7853570707382462
9,11,RF time only,9,13,0,0,179.0093,0.5342240000726458
9,11,RF time only,9,13,0,0,180.0106,0.6934899107422462
9,11,RF time only,9,13,0,0,181.0108,0.6912397141438499
9,11,RF time only,9,13,0,0,182.0097,0.4990432456269909
9,11,RF time only,9,13,0,0,183.0091,0.8710516808756572
9,11,RF time only,9,13,0,0,184.0103,0.43105511902694216
9,11,RF time only,9,13,0,0,185.0096,0.8663292809025752
9,11,RF time only,9,13,0,0,186.01,0.6806440948326528
9,11,RF time only,9,13,0,0,187.0108,0.4192251595104373
9,11,RF time only,9,13,0,0,188.0104,0.5570759037780485
9,11,RF time only,9,13,0,0,189.0116,0.18430733354136888
9,11,RF time only,9,13,0,0,190.0116,0.6442029654924522
9,11,RF time only,9,13,0,0,191.0115,0.864586604876053
9,11,RF time only,9,13,0,0,192.0119,0.8904674409766167
9,11,RF time only,9,13,0,0,193.0109,0.9595090893848305
9,11,RF time only,9,13,0,0,194.0107,0.9139208855512205
9,11,RF time only,9,13,0,0,195.01,0.8451891581148736
9,11,RF time only,9,13,0,0,196.0102,0.9259312070171236
9,11,RF time only,9,13,0,0,197.0122,0.6167012177349437
9,11,RF time only,9,13,0,0,198.0116,0.42183494812369515
9,11,RF time only,9,13,0,0,199.0125,0.8536444460709809
9,11,RF time only,9,13,0,0,200.0115,0.6344637728898606
9,11,RF time only,9,13,0,0,201.0117,0.9886709467148188
9,11,RF time only,9,13,0,0,202.0122,0.45242983100092904
9,11,RF time only,9,13,0,0,203.0135,0.48295132592876283
9,11,RF time only,9,13,0,0,204.0123,0.6182698377503593
9,11,RF time only,9,13,0,0,205.0133,0.49267221018491386
9,11,RF time only,9,13,0,0,206.013,0.9918142756882544
9,11,RF time only,9,13,0,0,207.0117,0.5549922533416918
9,11,RF time only,9,13,0,0,208.0125,0.7819344112120267
9,11,RF time only,9,13,0,0,209.0119,0.4182129797768182
9,11,RF time only,9,13,0,0,210.0124,0.49274911851304476
9,11,RF time only,9,13,0,0,211.013,0.6745030539588808
9,11,RF time only,9,13,0,0,212.0144,0.8332349878455376
9,11,RF time only,9,13,0,0,213.0136,0.3781101262661345
9,11,RF time only,9,13,0,0,214.0147,0.5658892181200267
9,11,RF time only,9,13,0,0,215.0134,0.4902510132633594
9,11,RF time only,9,13,0,0,216.0129,0.7400223180782606
9,11,RF time only,9,13,0,0,217.0129,0.7916131704757291
9,11,RF time only,9,13,0,0,218.0129,0.7361674430617988
9,11,RF time only,9,13,0,0,219.0129,0.9372928833905411
9,11,RF time only,9,13,0,0,220.0126,0.7963316206838013
9,11,RF time only,9,13,0,0,221.0129,0.9422152509475046
9,11,RF time only,9,13,0,0,222.0122,0.7761683076079002
9,11,RF time only,9,13,0,0,223.0122,1.0
9,11,RF time only,9,13,0,0,224.0124,0.5832083085688614
9,11,RF time only,9,13,0,0,225.0121,0.9398722647351399
9,11,RF time only,9,13,0,0,226.0132,0.5433839363964021
9,11,RF time only,9,13,0,0,227.0143,0.7286258284556006
9,11,RF time only,9,13,0,0,228.0146,0.2910906646838663
9,11,RF time only,9,13,0,0,229.014,0.7952751647659113
9,11,RF time only,9,13,0,0,230.0146,0.6606213511985316
9,11,RF time only,9,13,0,0,231.0143,0.7281610493669392
9,11,RF time only,9,13,0,0,232.0145,0.4898488714686817
9,11,RF time only,9,13,0,0,233.0145,0.8954361851494563
9,11,RF time only,9,13,0,0,234.0137,0.5388018149566466
9,11,RF time only,9,13,0,0,235.0139,0.9725404923590905
9,11,RF time only,9,13,0,0,236.0044,0.8053133014001228
9,11,RF time only,9,13,0,0,237.0162,0.44711740692252816
9,11,RF time only,9,13,0,0,238.0152,0.8175102814966144
9,11,RF time only,9,13,0,0,239.0044,0.5385458302816396
9,11,RF time only,9,13,0,0,240.0048,0.6055680093188588
9,11,RF time only,9,13,0,0,241.0044,0.612989308588119
9,11,RF time only,9,13,0,0,242.0045,0.5945416170321293
9,11,RF time only,9,13,0,0,243.0043,0.6783021750901651
9,11,RF time only,9,13,0,0,244.0162,0.2901792292444432
9,11,RF time only,9,13,0,0,245.0155,0.29896843757345964
9,11,RF time only,9,13,0,0,246.0154,0.588557932083587
9,11,RF time only,9,13,0,0,247.0153,0.83054824953055
9,11,RF time only,9,13,0,0,248.0145,0.8550868385855717
9,11,RF time only,9,13,0,0,249.0152,0.7909938625946209
9,11,RF time only,9,13,0,0,250.0147,0.9083945832052321
9,11,RF time only,9,13,0,0,251.0159,0.9374300893617367
9,11,RF time only,9,13,0,0,252.0157,0.5298119204351818
9,11,RF time only,9,13,0,0,253.0046,0.6924766420171843
9,11,RF time only,9,13,0,0,254.0047,0.4798410406460191
9,11,RF time only,9,13,0,0,255.0051,0.3437024932152468
9,11,RF time only,9,13,0,0,256.0152,0.5564732331643447
9,11,RF time only,9,13,0,0,257.0048,0.28312054676871157
9,11,RF time only,9,13,0,0,258.0048,0.14376344126102394
9,11,RF time only,9,13,0,0,259.0142,0.9992735717778028
9,11,RF time only,9,13,0,0,260.0155,0.5368247764978233
9,11,RF time only,9,13,0,0,261.0048,0.3744748205536156
9,11,RF time only,9,13,0,0,262.0058,0.6080047437910013
9,11,RF time only,9,13,0,0,263.0071,0.7989252655768369
9,11,RF time only,9,13,0,0,264.0063,0.4061830926991379
9,11,RF time only,9,13,0,0,265.0065,0.2820749772500721
9,11,RF time only,9,13,0,0,266.0061,0.5127828087707715
9,11,RF time only,9,13,0,0,267.0054,0.258092677499152
9,11,RF time only,9,13,0,0,268.0065,0.7539860986421169
9,11,RF time only,9,13,0,0,269.0069,0.6581913230658023
9,11,RF time only,9,13,0,0,270.006,0.39657192296532745
9,11,RF time only,9,13,0,0,271.0046,0.16827168345225774
9,11,RF time only,9,13,0,0,272.0052,0.612511068605922
9,11,RF time only,9,13,0,0,273.0052,0.3545058424857577
9,11,RF time only,9,13,0,0,274.0054,0.559332572093649
9,11,RF time only,9,13,0,0,275.0052,0.3682811252684981
9,11,RF time only,9,13,0,0,276.0056,0.1542184837336191
9,11,RF time only,9,13,0,0,277.0053,0.17799646907074188
9,11,RF time only,9,13,0,0,278.0059,0.38521846782778335
9,11,RF time only,9,13,0,0,279.0058,0.4608205719323877
9,11,RF time only,9,13,0,0,280.0075,0.5143045661730199
9,11,RF time only,9,13,0,0,281.0063,0.5828139006079934
9,11,RF time only,9,13,0,0,282.006,0.38992223443144214
9,11,RF time only,9,13,0,0,283.005,0.39049571384610665
9,11,RF time only,9,13,0,0,284.0056,0.6122004691707729
9,11,RF time only,9,13,0,0,285.0061,0.4184526930334951
9,11,RF time only,9,13,0,0,286.0067,0.4153357309556068
9,11,RF time only,9,13,0,0,287.0079,0.973768124991773
9,11,RF time only,9,13,0,0,288.0077,0.5839379164528389
9,11,RF time only,9,13,0,0,289.006,0.5494181984308575
9,11,RF time only,9,13,0,0,290.0072,0.36157265025806135
9,11,RF time only,9,13,0,0,291.0072,0.6821438724511256
9,11,RF time only,9,13,0,0,292.0069,0.3894158218432259
9,11,RF time only,9,13,0,0,293.0074,0.5711505409456099
9,11,RF time only,9,13,0,0,294.0071,0.6364140190653583
9,11,RF time only,9,13,0,0,295.0074,0.7725955851195017
9,11,RF time only,9,13,0,0,296.0071,0.8503334136376485
9,11,RF time only,9,13,0,0,297.0076,0.9511050496705877
9,11,RF time only,9,13,0,0,298.0078,0.9724497413503357
9,11,RF time only,9,13,0,0,299.007,0.846898227721378
9,11,RF time only,9,13,0,0,300.0064,0.9674038363765277
9,11,RF time only,9,13,0,0,301.0068,0.6881712743746212
9,11,RF time only,11,16,0,0,0.0,0.0
9,11,RF time only,11,16,0,0,1.006835,0.0
9,11,RF time only,11,16,0,0,2.008246,0.0
9,11,RF time only,11,16,0,0,2.998121,0.0
9,11,RF time only,11,16,0,0,3.999469,0.0
9,11,RF time only,11,16,0,0,4.998495,0.0027620874789928466
9,11,RF time only,11,16,0,0,6.000052,0.0
9,11,RF time only,11,16,0,0,7.00159,0.3034546998207421
9,11,RF time only,11,16,0,0,8.002184,0.24542875278991383
9,11,RF time only,11,16,0,0,9.001597,0.1986255194831652
9,11,RF time only,11,16,0,0,10.00276,0.0009434736237591272
9,11,RF time only,11,16,0,0,10.99977,0.026981339426418737
9,11,RF time only,11,16,0,0,11.99999,0.003099204683339755
9,11,RF time only,11,16,0,0,13.00089,0.0
9,11,RF time only,11,16,0,0,13.99989,0.0115247376275645
9,11,RF time only,11,16,0,0,15.00098,0.0
9,11,RF time only,11,16,0,0,16.00064,0.0
9,11,RF time only,11,16,0,0,16.99999,0.0
9,11,RF time only,11,16,0,0,17.99896,0.0012560856864654334
9,11,RF time only,11,16,0,0,18.99933,0.0018073235895018076
9,11,RF time only,11,16,0,0,19.9995,0.0027697090828336665
9,11,RF time only,11,16,0,0,20.9999,0.003967645339064194
9,11,RF time only,11,16,0,0,21.99905,0.0
9,11,RF time only,11,16,0,0,23.0002,0.0
9,11,RF time only,11,16,0,0,24.00146,0.0
9,11,RF time only,11,16,0,0,25.00086,0.02078130207572023
9,11,RF time only,11,16,0,0,26.0012,0.19063936123880268
9,11,RF time only,11,16,0,0,27.00152,0.011502409950043087
9,11,RF time only,11,16,0,0,28.00169,0.0
9,11,RF time only,11,16,0,0,29.00176,0.0009609349190617772
9,11,RF time only,11,16,0,0,30.00079,0.0023622526636225267
9,11,RF time only,11,16,0,0,31.00031,0.07040362729612294
9,11,RF time only,11,16,0,0,32.00043,0.05889954255996789
9,11,RF time only,11,16,0,0,33.00219,0.10142245849432129
9,11,RF time only,11,16,0,0,34.00164,0.2143910994590098
9,11,RF time only,11,16,0,0,35.00283,0.36778503647725097
9,11,RF time only,11,16,0,0,36.00352,0.0
9,11,RF time only,11,16,0,0,37.00388,0.028477801797551307
9,11,RF time only,11,16,0,0,38.00309,0.36354592444313855
9,11,RF time only,11,16,0,0,39.00269,0.34509983210293804
9,11,RF time only,11,16,0,0,40.00256,0.0
9,11,RF time only,11,16,0,0,41.00229,0.27231672134579454
9,11,RF time only,11,16,0,0,42.00187,0.020629892047173932
9,11,RF time only,11,16,0,0,43.00198,0.023141014748507695
9,11,RF time only,11,16,0,0,43.99989,0.015810955104404185
9,11,RF time only,11,16,0,0,45.00128,0.17723001818650372
9,11,RF time only,11,16,0,0,46.00084,0.009361147586646171
9,11,RF time only,11,16,0,0,47.00187,0.07154585264407586
9,11,RF time only,11,16,0,0,48.00152,0.04743478789568991
9,11,RF time only,11,16,0,0,49.00248,0.023466833030512214
9,11,RF time only,11,16,0,0,50.00288,0.09073303547373915
9,11,RF time only,11,16,0,0,51.00327,0.3337273315497766
9,11,RF time only,11,16,0,0,52.0029,0.13481705402949942
9,11,RF time only,11,16,0,0,53.00366,0.6564276964105489
9,11,RF time only,11,16,0,0,54.00496,0.802315192836824
9,11,RF time only,11,16,0,0,55.0033,0.5166116079123398
9,11,RF time only,11,16,0,0,56.002,0.5115265792461404
9,11,RF time only,11,16,0,0,57.00315,0.22653994930661953
9,11,RF time only,11,16,0,0,58.00341,0.37409939737683606
9,11,RF time only,11,16,0,0,59.0027,0.014426804947836817
9,11,RF time only,11,16,0,0,60.00551,0.3649743070207717
9,11,RF time only,11,16,0,0,61.00465,0.33601043510113016
9,11,RF time only,11,16,0,0,62.00395,0.3585662250507847
9,11,RF time only,11,16,0,0,63.00386,0.0
9,11,RF time only,11,16,0,0,64.00309,0.23856133815411212
9,11,RF time only,11,16,0,0,65.00378,0.022167240677388112
9,11,RF time only,11,16,0,0,66.00377,0.08397762250308966
9,11,RF time only,11,16,0,0,67.00208,0.1348995222019349
9,11,RF time only,11,16,0,0,68.00242,0.027490296935733998
9,11,RF time only,11,16,0,0,69.00261,0.27054486291807306
9,11,RF time only,11,16,0,0,70.00307,0.3828509373441855
9,11,RF time only,11,16,0,0,71.0035,0.2932769788021633
9,11,RF time only,11,16,0,0,72.00352,0.1847297372787244
9,11,RF time only,11,16,0,0,73.00365,0.6614599464094753
9,11,RF time only,11,16,0,0,74.0042,0.24067257217600524
9,11,RF time only,11,16,0,0,75.00552,0.5225207875608102
9,11,RF time only,11,16,0,0,76.00439,0.20873216462359684
9,11,RF time only,11,16,0,0,77.00546,0.6030764888027166
9,11,RF time only,11,16,0,0,78.00467,0.08805606934736383
9,11,RF time only,11,16,0,0,79.00395,0.4496701515566167
9,11,RF time only,11,16,0,0,80.00491,0.28460475817276154
9,11,RF time only,11,16,0,0,81.00582,0.7376709718994356
9,11,RF time only,11,16,0,0,82.00645,0.5036237173720131
9,11,RF time only,11,16,0,0,83.00783,0.3720678974593232
9,11,RF time only,11,16,0,0,84.00675,0.539333697949875
9,11,RF time only,11,16,0,0,85.00592,0.4246176738835934
9,11,RF time only,11,16,0,0,86.00507,0.6213950955990368
9,11,RF time only,11,16,0,0,87.00529,0.937248653473808
9,11,RF time only,11,16,0,0,88.00566,0.441810891305933
9,11,RF time only,11,16,0,0,89.00539,0.6125843558721212
9,11,RF time only,11,16,0,0,90.00601,0.7601805866811424
9,11,RF time only,11,16,0,0,91.00649,0.7657643212906275
9,11,RF time only,11,16,0,0,92.00535,0.5028103518286262
9,11,RF time only,11,16,0,0,93.005,0.5812073065559279
9,11,RF time only,11,16,0,0,94.00483,0.5363658023384844
9,11,RF time only,11,16,0,0,95.00599,0.44696376664160636
9,11,RF time only,11,16,0,0,96.005,0.6276205976366153
9,11,RF time only,11,16,0,0,97.00579,0.03955149965745731
9,11,RF time only,11,16,0,0,98.00683,0.8243113836459297
9,11,RF time only,11,16,0,0,99.0061,0.11985784769504441
9,11,RF time only,11,16,0,0,100.007,0.544107983225621
9,11,RF time only,11,16,0,0,101.0064,0.3537856875865303
9,11,RF time only,11,16,0,0,102.0055,0.6489511064673351
9,11,RF time only,11,16,0,0,103.0064,0.42817910396536757
9,11,RF time only,11,16,0,0,104.0067,0.17802461240483913
9,11,RF time only,11,16,0,0,105.007,0.6450109157356139
9,11,RF time only,11,16,0,0,106.0086,0.6778401858276465
9,11,RF time only,11,16,0,0,107.0076,0.16106037463240078
9,11,RF time only,11,16,0,0,108.007,0.3330134730983455
9,11,RF time only,11,16,0,0,109.0076,0.44803993508654166
9,11,RF time only,11,16,0,0,110.0071,0.7656943134636998
9,11,RF time only,11,16,0,0,111.0071,0.34524769309453196
9,11,RF time only,11,16,0,0,112.0057,0.05712951456466767
9,11,RF time only,11,16,0,0,113.0061,0.38687182559873096
9,11,RF time only,11,16,0,0,114.0066,0.2062681247129949
9,11,RF time only,11,16,0,0,115.0063,0.18416251402542694
9,11,RF time only,11,16,0,0,116.008,0.4902128065804922
9,11,RF time only,11,16,0,0,117.0076,0.7394942269834218
9,11,RF time only,11,16,0,0,118.0089,0.48519107767478703
9,11,RF time only,11,16,0,0,119.0079,0.5184832722358004
9,11,RF time only,11,16,0,0,120.0083,0.6136858615604049
9,11,RF time only,11,16,0,0,121.0086,0.4223841432113641
9,11,RF time only,11,16,0,0,122.0069,0.5008443499410704
9,11,RF time only,11,16,0,0,123.0086,0.36194500604090685
9,11,RF time only,11,16,0,0,124.0079,0.2768483432886582
9,11,RF time only,11,16,0,0,125.0084,0.18274767735096786
9,11,RF time only,11,16,0,0,125.9983,0.6984693877246413
9,11,RF time only,11,16,0,0,127.0077,0.5368080198464447
9,11,RF time only,11,16,0,0,128.0085,0.28271707721566913
9,11,RF time only,11,16,0,0,129.0084,0.4626614976577365
9,11,RF time only,11,16,0,0,130.008,0.2059089475770084
9,11,RF time only,11,16,0,0,131.0082,0.23024867586164366
9,11,RF time only,11,16,0,0,132.0073,0.0672835209970588
9,11,RF time only,11,16,0,0,133.0074,0.3964890995375282
9,11,RF time only,11,16,0,0,134.0074,0.42428854006043254
9,11,RF time only,11,16,0,0,135.0086,0.45495421300637107
9,11,RF time only,11,16,0,0,136.0081,0.05294124378349056
9,11,RF time only,11,16,0,0,137.008,0.5787811266962694
9,11,RF time only,11,16,0,0,138.0093,0.345632807138683
9,11,RF time only,11,16,0,0,138.9987,0.4484194914401002
9,11,RF time only,11,16,0,0,139.999,0.267592813405044
9,11,RF time only,11,16,0,0,141.0081,0.40295096594227847
9,11,RF time only,11,16,0,0,142.0078,0.3183905251349242
9,11,RF time only,11,16,0,0,143.0091,0.3028921647039135
9,11,RF time only,11,16,0,0,143.9994,0.2946065825851036
9,11,RF time only,11,16,0,0,144.9993,0.7644854135042566
9,11,RF time only,11,16,0,0,145.9998,0.11170867150055305
9,11,RF time only,11,16,0,0,146.9992,0.5000974883785507
9,11,RF time only,11,16,0,0,147.9988,0.1648887779907875
9,11,RF time only,11,16,0,0,149.0094,0.41673220424972945
9,11,RF time only,11,16,0,0,149.9993,0.15734123987791063
9,11,RF time only,11,16,0,0,150.9984,0.5569408558064036
9,11,RF time only,11,16,0,0,151.9984,0.2553846822959363
9,11,RF time only,11,16,0,0,153.0085,0.31446297052216365
9,11,RF time only,11,16,0,0,154.0095,0.4420495705650567
9,11,RF time only,11,16,0,0,155.0089,0.6010972073089371
9,11,RF time only,11,16,0,0,155.9993,0.8625344919977325
9,11,RF time only,11,16,0,0,156.9987,0.541875890176068
9,11,RF time only,11,16,1,1,158.0103,0.6665587701527826
9,11,RF time only,11,16,1,1,158.9988,0.700608876978315
9,11,RF time only,11,16,1,1,159.999,0.6282606902987844
9,11,RF time only,11,16,1,1,160.9999,0.7328746524574447
9,11,RF time only,11,16,1,1,161.999,0.6673393571142215
9,11,RF time only,11,16,1,1,162.9986,0.3627547469699628
9,11,RF time only,11,16,1,1,164.0,0.883995949612001
9,11,RF time only,11,16,1,1,164.9995,0.3044241026602808
9,11,RF time only,11,16,1,1,165.9988,0.7718158101972996
9,11,RF time only,11,16,1,1,167.0005,0.7510233640693506
9,11,RF time only,11,16,1,1,168.0003,0.576382955801781
9,11,RF time only,11,16,1,2,168.9998,0.9351938342392724
9,11,RF time only,11,16,1,2,169.9999,0.7222878715600478
9,11,RF time only,11,16,1,2,170.9994,0.807510000814833
9,11,RF time only,11,16,1,2,171.9991,0.6505924174500757
9,11,RF time only,11,16,1,2,172.9989,0.3477017420153709
9,11,RF time only,11,16,1,2,173.9989,0.5646100566783606
9,11,RF time only,11,16,1,2,174.9991,0.358497839889819
9,11,RF time only,11,16,1,2,175.999,0.35935870153398886
9,11,RF time only,11,16,1,2,176.9999,0.5947218956338881
9,11,RF time only,11,16,1,2,178.0003,0.42007900816070454
9,11,RF time only,11,16,1,2,178.9995,0.7602824115625207
9,11,RF time only,11,16,1,2,179.9998,0.08717384816632594
9,11,RF time only,11,16,1,2,181.0004,0.7094172482859542
9,11,RF time only,11,16,1,2,182.0001,0.18301212431367642
9,11,RF time only,11,16,1,2,182.9991,0.36350017749452956
9,11,RF time only,11,16,1,2,184.0005,0.23484908570501337
9,11,RF time only,11,16,1,2,185.0009,0.8562173283299283
9,11,RF time only,11,16,1,2,186.001,0.9799884484256757
9,11,RF time only,11,16,1,2,187.0014,0.8510426424202887
9,11,RF time only,11,16,1,2,188.0021,0.6071731085322036
9,11,RF time only,11,16,1,2,189.0015,0.27569058323721135
9,11,RF time only,11,16,1,2,190.0005,0.37228876288929075
9,11,RF time only,11,16,1,2,191.0013,0.1352169130526003
9,11,RF time only,11,16,1,2,192.0001,0.5790251071583399
9,11,RF time only,11,16,1,2,192.9996,0.7337502722976247
9,11,RF time only,11,16,1,2,194.0004,0.35990813669647365
9,11,RF time only,11,16,1,2,194.9993,0.14309815690242486
9,11,RF time only,11,16,1,2,195.9999,0.3153461884882279
9,11,RF time only,11,16,1,2,197.0017,0.9347322812497396
9,11,RF time only,11,16,1,2,198.0014,0.9759733946804674
9,11,RF time only,11,16,1,2,199.0005,0.40096657961124565
9,11,RF time only,11,16,1,2,200.0002,0.6379403785845332
9,11,RF time only,11,16,1,2,201.0007,0.4671549565104344
9,11,RF time only,11,16,1,2,201.9999,0.6596050825509372
9,11,RF time only,11,16,1,2,203.0017,0.8887284870561001
9,11,RF time only,11,16,1,2,204.0013,0.945377813610986
9,11,RF time only,11,16,1,2,205.0017,0.8434480016830473
9,11,RF time only,11,16,1,2,206.0016,0.2600893763239344
9,11,RF time only,11,16,1,2,207.0018,0.39276407111261413
9,11,RF time only,11,16,1,2,208.0024,0.16868771921941778
9,11,RF time only,11,16,1,2,209.0028,0.5848448312845693
9,11,RF time only,11,16,1,2,210.0018,0.5357860734173651
9,11,RF time only,11,16,1,2,211.0014,0.23659977319423428
9,11,RF time only,11,16,1,2,212.0015,0.05824894841739738
9,11,RF time only,11,16,1,2,213.0008,0.5419562338199045
9,11,RF time only,11,16,1,2,214.0011,0.6801590753194214
9,11,RF time only,11,16,1,2,215.0008,0.3559158686104437
9,11,RF time only,11,16,1,2,216.0026,0.2583894825449519
9,11,RF time only,11,16,1,2,217.0029,0.444104368923533
9,11,RF time only,11,16,1,2,218.0034,0.7033147412005143
9,11,RF time only,11,16,1,2,219.0023,0.8527672861578884
9,11,RF time only,11,16,1,2,220.003,0.6483103380917495
9,11,RF time only,11,16,1,2,221.002,0.587167897250991
9,11,RF time only,11,16,1,2,222.002,0.47891553469098386
9,11,RF time only,11,16,1,2,223.0025,0.8768384703578072
9,11,RF time only,11,16,1,2,224.004,0.44622243424537894
9,11,RF time only,11,16,1,2,225.0031,0.3580295837929158
9,11,RF time only,11,16,1,2,226.0039,0.8854019790851498
9,11,RF time only,11,16,1,2,227.002,0.15391091251654435
9,11,RF time only,11,16,1,2,228.0034,0.8604066473148547
9,11,RF time only,11,16,1,2,229.0037,0.5522611479436692
9,11,RF time only,11,16,1,2,230.0028,0.410696662847074
9,11,RF time only,11,16,1,2,231.0025,0.8017593953575676
9,11,RF time only,11,16,1,2,232.0024,0.4522456854637385
9,11,RF time only,11,16,1,2,233.0031,0.6479191264423355
9,11,RF time only,11,16,1,2,234.0032,0.46734675866518954
9,11,RF time only,11,16,1,2,235.0037,0.44983739670515793
9,11,RF time only,11,16,1,2,236.0033,0.5685273996853087
9,11,RF time only,11,16,1,2,237.0039,0.08806110471769968
9,11,RF time only,11,16,1,2,238.0043,0.49286038925792186
9,11,RF time only,11,16,1,2,239.0042,0.5385458302816396
9,11,RF time only,11,16,1,2,240.0038,0.15139594772917228
9,11,RF time only,11,16,1,2,241.0046,0.612989308588119
9,11,RF time only,11,16,1,2,242.0053,0.19566698855789771
9,11,RF time only,11,16,1,2,243.0047,0.7155450185031959
9,11,RF time only,11,16,1,2,244.0056,0.6568265730769843
9,11,RF time only,11,16,1,2,245.005,0.8004419486989608
9,11,RF time only,11,16,1,2,246.0058,0.8153331906972351
9,11,RF time only,11,16,1,2,247.004,0.9197756287266293
9,11,RF time only,11,16,1,2,248.0043,0.8159381900484936
9,11,RF time only,11,16,1,2,249.0041,0.9040005175964613
9,11,RF time only,11,16,1,2,250.0033,0.35748416263872435
9,11,RF time only,11,16,1,2,251.0055,0.34352225886601634
9,11,RF time only,11,16,1,2,252.0061,0.5779771665894873
9,11,RF time only,11,16,1,2,253.0053,0.4438477433942268
9,11,RF time only,11,16,1,2,254.0054,0.40639952928672185
9,11,RF time only,11,16,1,2,255.0071,0.6345152970244519
9,11,RF time only,11,16,1,2,256.0056,0.6632492911253801
9,11,RF time only,11,16,1,2,257.0051,0.28495969496924595
9,11,RF time only,11,16,1,2,258.0053,0.263669321695781
9,11,RF time only,11,16,1,2,259.0051,0.3889398759965302
9,11,RF time only,11,16,1,2,260.0062,0.9049971860745781
9,11,RF time only,11,16,1,2,261.0061,0.9148020488096906
9,11,RF time only,11,16,1,2,262.0057,0.6080047437910013
9,11,RF time only,11,16,1,2,263.0062,0.7425452262701547
9,11,RF time only,11,16,1,2,264.0052,0.6898289199459181
9,11,RF time only,11,16,1,2,265.0056,0.526443518768868
9,11,RF time only,11,16,1,2,266.0051,0.7028452990164208
9,11,RF time only,11,16,1,2,267.0044,0.16717545165204084
9,11,RF time only,11,16,1,2,268.0049,0.5223816411680935
9,11,RF time only,11,16,1,2,269.0052,0.3636833683476961
9,11,RF time only,11,16,1,2,270.0058,0.39657192296532745
9,11,RF time only,11,16,1,2,271.0061,0.17384804428607303
9,11,RF time only,11,16,1,2,272.006,0.36719776555369205
9,11,RF time only,11,16,1,2,273.0064,0.359004852190246
9,11,RF time only,11,16,1,2,274.0056,0.559332572093649
9,11,RF time only,11,16,1,2,275.0049,0.3682811252684981
9,11,RF time only,11,16,1,2,276.007,0.8641231059527064
9,11,RF time only,11,16,1,2,277.0069,0.29859128006790964
9,11,RF time only,11,16,1,2,278.0079,0.9115814191691254
9,11,RF time only,11,16,1,2,279.0076,0.8820181779066145
9,11,RF time only,11,16,1,2,280.0078,0.5178582861970369
9,11,RF time only,11,16,1,2,281.0071,0.5868142506910613
9,11,RF time only,11,16,1,2,282.0072,0.6118003772203179
9,11,RF time only,11,16,1,2,283.0072,0.42482593047336187
9,11,RF time only,11,16,1,2,284.0067,0.5364098675213552
9,11,RF time only,11,16,1,2,285.0071,0.4184526930334951
9,11,RF time only,11,16,1,2,286.0052,0.41643459401111027
9,11,RF time only,11,16,1,2,287.0066,0.7460283954258686
9,11,RF time only,11,16,1,2,288.0072,0.2800568329680428
9,11,RF time only,11,16,1,2,289.007,0.5752263180185365
9,11,RF time only,11,16,1,2,290.0083,0.7650786552661689
9,11,RF time only,11,16,1,2,290.9982,0.8283181241584212
9,11,RF time only,11,16,1,2,292.0073,0.39446112484541734
9,11,RF time only,11,16,1,2,293.007,0.4692551762380974
9,11,RF time only,11,16,1,2,294.0068,0.6343520906548181
9,11,RF time only,11,16,1,2,295.0081,0.6268195004772423
9,11,RF time only,11,16,1,2,296.0071,0.8503334136376485
9,11,RF time only,11,16,1,2,297.0096,0.7932527142387616
9,11,RF time only,11,16,1,2,298.0091,0.9909859364220557
9,11,RF time only,11,16,1,2,299.0084,0.7831526826872147
9,11,RF time only,11,16,1,2,300.0071,0.9670804530895151
9,11,RF time only,11,16,1,2,301.0079,0.6775451087146493
9,11,RF time only,11,17,0,0,0.011267,0.0
9,11,RF time only,11,17,0,0,1.009216,0.0
9,11,RF time only,11,17,0,0,2.010768,0.0
9,11,RF time only,11,17,0,0,3.010537,0.0
9,11,RF time only,11,17,0,0,4.010739,0.0
9,11,RF time only,11,17,0,0,5.012167,0.0
9,11,RF time only,11,17,0,0,6.013333,0.13360613689023979
9,11,RF time only,11,17,0,0,7.013581,0.06594728884568052
9,11,RF time only,11,17,0,0,8.013154,0.13857342654722923
9,11,RF time only,11,17,0,0,9.014494,0.360502574243283
9,11,RF time only,11,17,0,0,10.01451,0.0012601857115785485
9,11,RF time only,11,17,0,0,11.01476,0.3482840313635779
9,11,RF time only,11,17,0,0,12.01291,0.3340635012388152
9,11,RF time only,11,17,0,0,13.01344,0.14761725591833064
9,11,RF time only,11,17,0,0,14.01325,0.06948621151674925
9,11,RF time only,11,17,0,0,15.01351,0.06775736280072274
9,11,RF time only,11,17,0,0,16.01389,0.12950759007902363
9,11,RF time only,11,17,0,0,17.01487,0.3513063694921016
9,11,RF time only,11,17,0,0,18.0142,0.3948665581010221
9,11,RF time only,11,17,0,0,19.01457,0.16752822249934743
9,11,RF time only,11,17,0,0,20.01595,0.3425712889500238
9,11,RF time only,11,17,0,0,21.01333,0.06357605942674505
9,11,RF time only,11,17,0,0,22.01412,0.3252518708897345
9,11,RF time only,11,17,0,0,23.01465,0.49529258705070306
9,11,RF time only,11,17,0,0,24.01475,0.3014945356145583
9,11,RF time only,11,17,0,0,25.01406,0.01257365605160831
9,11,RF time only,11,17,0,0,26.01443,0.05048300259811027
9,11,RF time only,11,17,0,0,27.01342,0.0118228791729728
9,11,RF time only,11,17,0,0,28.01403,0.15306008668301527
9,11,RF time only,11,17,0,0,29.01394,0.021022761458831155
9,11,RF time only,11,17,0,0,30.01456,0.07959750855491292
9,11,RF time only,11,17,0,0,31.01446,0.06301714537240538
9,11,RF time only,11,17,0,0,32.01382,0.015279668943466562
9,11,RF time only,11,17,0,0,33.01542,0.5031297699866072
9,11,RF time only,11,17,0,0,34.01452,0.16504403074723092
9,11,RF time only,11,17,0,0,35.01497,0.11833445868280226
9,11,RF time only,11,17,0,0,36.01291,0.15411376665098936
9,11,RF time only,11,17,0,0,37.01405,0.018869739793411798
9,11,RF time only,11,17,0,0,38.01328,0.013451627958000065
9,11,RF time only,11,17,0,0,39.01426,0.038475532971632385
9,11,RF time only,11,17,0,0,40.01369,0.4948084108080742
9,11,RF time only,11,17,0,0,41.01524,0.07445289853802972
9,11,RF time only,11,17,0,0,42.00517,0.3189881634531138
9,11,RF time only,11,17,0,0,43.01529,0.05712929424789454
9,11,RF time only,11,17,0,0,44.01579,0.008472682258270308
9,11,RF time only,11,17,0,0,45.01544,0.09645393606492969
9,11,RF time only,11,17,0,0,46.00477,0.6325693356504257
9,11,RF time only,11,17,0,0,47.00568,0.2321179844183705
9,11,RF time only,11,17,0,0,48.01549,0.14109281287300207
9,11,RF time only,11,17,1,1,49.01421,0.21540843626782735
9,11,RF time only,11,17,1,1,50.01254,0.0041289740105619815
9,11,RF time only,11,17,1,1,51.01536,0.10289515454395778
9,11,RF time only,11,17,1,2,52.00605,0.21082992539338685
9,11,RF time only,11,17,1,2,53.00695,0.126267117870316
9,11,RF time only,11,17,1,2,54.00532,0.5559719483339715
9,11,RF time only,11,17,1,2,55.00634,0.543590219332473
9,11,RF time only,11,17,1,2,56.00675,0.30281478224905195
9,11,RF time only,11,17,1,2,57.00716,0.3026728059501123
9,11,RF time only,11,17,1,2,58.00694,0.886349559505641
9,11,RF time only,11,17,1,2,59.00693,0.8759651726291436
9,11,RF time only,11,17,1,2,60.0069,0.7368408948588197
9,11,RF time only,11,17,1,2,61.00563,0.9488699681017408
9,11,RF time only,11,17,1,2,62.00499,0.5840317075836035
9,11,RF time only,11,17,1,2,63.00678,0.9768793550678773
9,11,RF time only,11,17,1,2,64.0051,0.5437328552146576
9,11,RF time only,11,17,1,2,65.00654,0.9457262086989292
9,11,RF time only,11,17,1,2,66.00629,0.8940424893410898
9,11,RF time only,11,17,1,2,67.01572,0.011057558572967583
9,11,RF time only,11,17,1,2,68.00474,0.04072972177244663
9,11,RF time only,11,17,1,2,69.00492,0.7296085285872447
9,11,RF time only,11,17,1,2,70.01665,0.0889469204814025
9,11,RF time only,11,17,1,3,71.0051,0.21907228383605087
9,11,RF time only,11,17,1,3,72.00601,0.576806076507698
9,11,RF time only,11,17,1,3,73.00735,0.5504602483793568
9,11,RF time only,11,17,1,3,74.00593,0.6629940664967692
9,11,RF time only,11,17,1,3,75.00636,0.8657960463417358
9,11,RF time only,11,17,1,3,76.00766,0.3382705658746937
9,11,RF time only,11,17,1,3,77.0057,0.5334049103651116
9,11,RF time only,11,17,1,3,78.00646,0.92496585696384
9,11,RF time only,11,17,1,3,79.01675,0.013125239233800035
9,11,RF time only,11,17,1,3,80.00556,0.6544741345079802
9,11,RF time only,11,17,1,3,81.007,0.7376709718994356
9,11,RF time only,11,17,1,3,82.00832,0.5344766805914865
9,11,RF time only,11,17,1,3,83.00883,0.44534148623276193
9,11,RF time only,11,17,1,3,84.00884,0.5734948921922085
9,11,RF time only,11,17,1,3,85.00963,0.35620402231605286
9,11,RF time only,11,17,1,3,86.00945,0.7666753808469866
9,11,RF time only,11,17,1,3,87.00805,0.31710144198014945
9,11,RF time only,11,17,1,3,88.00813,0.6427816459483613
9,11,RF time only,11,17,1,3,89.00817,0.2133646167253639
9,11,RF time only,11,17,1,3,90.00745,0.7733584015615441
9,11,RF time only,11,17,1,3,91.00802,0.35378145904102903
9,11,RF time only,11,17,1,3,92.00787,0.7638202075512409
9,11,RF time only,11,17,1,3,93.00655,0.6825401219147148
9,11,RF time only,11,17,1,3,94.00692,0.36918417969567224
9,11,RF time only,11,17,1,3,95.00689,0.20799758559448636
9,11,RF time only,11,17,1,3,96.00686,0.2777670163504152
9,11,RF time only,11,17,1,3,97.00623,0.05421879958525671
9,11,RF time only,11,17,1,3,98.00809,0.8300286251055052
9,11,RF time only,11,17,1,3,99.00822,0.8759299642169354
9,11,RF time only,11,17,1,3,100.0084,0.551847962087216
9,11,RF time only,11,17,1,3,101.0085,0.7847253335972852
9,11,RF time only,11,17,1,3,102.0082,0.4705919065067632
9,11,RF time only,11,17,1,3,103.009,0.7765700655985208
9,11,RF time only,11,17,1,3,104.0102,0.866875151609518
9,11,RF time only,11,17,1,3,105.0087,0.5637779776668559
9,11,RF time only,11,17,1,3,106.008,0.4980500880019024
9,11,RF time only,11,17,1,3,107.0074,0.16106037463240078
9,11,RF time only,11,17,1,3,108.0091,0.36832921383128536
9,11,RF time only,11,17,1,3,109.0091,0.7309461394025356
9,11,RF time only,11,17,1,3,110.0097,0.6536401912286337
9,11,RF time only,11,17,1,3,111.0108,0.7661574163369002
9,11,RF time only,11,17,1,3,112.0106,0.7254106968653001
9,11,RF time only,11,17,1,3,113.0105,0.5229515066723682
9,11,RF time only,11,17,1,3,114.0107,0.5555200079467671
9,11,RF time only,11,17,1,3,115.0101,0.6791772808378334
9,11,RF time only,11,17,1,3,116.011,0.5402949220833446
9,11,RF time only,11,17,1,3,117.0095,0.7855159543983848
9,11,RF time only,11,17,1,3,118.0088,0.48519107767478703
9,11,RF time only,11,17,1,3,119.0105,0.8675790183794053
9,11,RF time only,11,17,1,3,120.0088,0.6144622544121845
9,11,RF time only,11,17,1,3,121.0088,0.4223841432113641
9,11,RF time only,11,17,1,3,122.0083,0.4893510276464411
9,11,RF time only,11,17,1,3,123.0078,0.5037054654859099
9,11,RF time only,11,17,1,3,124.0098,0.34958212713404724
9,11,RF time only,11,17,1,3,125.0086,0.22398223442685974
9,11,RF time only,11,17,1,3,126.0094,0.20069567227241167
9,11,RF time only,11,17,1,3,127.0103,0.17126822896158467
9,11,RF time only,11,17,1,3,128.0101,0.43943435059604324
9,11,RF time only,11,17,1,3,129.0102,0.6138867669514131
9,11,RF time only,11,17,1,3,130.0102,0.5183045856467053
9,11,RF time only,11,17,1,3,131.0108,0.2295044582442167
9,11,RF time only,11,17,1,3,132.0108,0.541540009420253
9,11,RF time only,11,17,1,3,133.011,0.6383039294230781
9,11,RF time only,11,17,1,3,134.0108,0.7593372471952327
9,11,RF time only,11,17,1,3,135.0118,0.6158595591719885
9,11,RF time only,11,17,1,3,136.0104,0.6170991443961553
9,11,RF time only,11,17,1,3,137.0114,0.5278761792699657
9,11,RF time only,11,17,1,3,138.0086,0.345632807138683
9,11,RF time only,11,17,1,3,139.0096,0.3987405011550301
9,11,RF time only,11,17,1,3,140.0113,0.08550848536787813
9,11,RF time only,11,17,1,3,141.0135,0.9456178239704817
9,11,RF time only,11,17,1,3,142.0118,0.5098101300526956
9,11,RF time only,11,17,1,3,143.0126,0.9408493945766693
9,11,RF time only,11,17,1,3,144.0129,0.6055834140523407
9,11,RF time only,11,17,1,3,145.012,0.880425282395721
9,11,RF time only,11,17,1,3,146.0126,0.6533273779314474
9,11,RF time only,11,17,1,3,147.012,0.6645803384297098
9,11,RF time only,11,17,1,3,148.0111,0.6156154907136445
9,11,RF time only,11,17,1,3,149.0121,0.686631344959511
9,11,RF time only,11,17,1,3,150.0108,0.2947171081472162
9,11,RF time only,11,17,1,3,151.0116,0.4945352843553138
9,11,RF time only,11,17,1,3,152.0109,0.6599534670469815
9,11,RF time only,11,17,1,3,153.0105,0.6316097861557528
9,11,RF time only,11,17,1,3,154.0101,0.4420495705650567
9,11,RF time only,11,17,1,3,155.0105,0.6010972073089371
9,11,RF time only,11,17,1,3,156.0103,0.8443360444942944
9,11,RF time only,11,17,1,3,157.011,0.3635661845952297
9,11,RF time only,11,17,1,3,158.0111,0.5519206077091122
9,11,RF time only,11,17,1,3,159.0116,0.6906215363659289
9,11,RF time only,11,17,1,3,160.0125,0.28180809065469326
9,11,RF time only,11,17,1,3,161.0122,0.3642308765160248
9,11,RF time only,11,17,1,3,162.0123,0.34792164616390975
9,11,RF time only,11,17,1,3,163.0105,0.5662855029950336
9,11,RF time only,11,17,1,3,164.0115,0.7813567283759338
9,11,RF time only,11,17,1,3,165.0127,0.45681037113253176
9,11,RF time only,11,17,1,3,166.0126,0.3921442295294804
9,11,RF time only,11,17,1,3,167.0138,0.2910104320375444
9,11,RF time only,11,17,1,3,168.0134,0.7609551198175075
9,11,RF time only,11,17,1,3,169.0139,0.6960129106092237
9,11,RF time only,11,17,1,3,170.0137,0.9370227103679369
9,11,RF time only,11,17,1,3,171.014,0.5080231273967455
9,11,RF time only,11,17,1,3,172.0133,0.914702250623933
9,11,RF time only,11,17,1,3,173.0134,0.5297281379845852
9,11,RF time only,11,17,1,3,174.0133,0.3026939300767406
9,11,RF time only,11,17,1,3,175.0133,0.25008366698740847
9,11,RF time only,11,17,1,3,176.0137,0.23926635844001798
9,11,RF time only,11,17,1,3,177.0143,0.30962574531025683
9,11,RF time only,11,17,1,3,178.0134,0.19828669844019867
9,11,RF time only,11,17,1,3,179.0132,0.29103543753845806
9,11,RF time only,11,17,1,3,180.013,0.22437671912892984
9,11,RF time only,11,17,1,3,181.0135,0.6111205667699527
9,11,RF time only,11,17,1,3,182.0134,0.42273560016546335
9,11,RF time only,11,17,1,3,183.0136,0.5441933922590787
9,11,RF time only,11,17,1,3,184.0135,0.40925778707229005
9,11,RF time only,11,17,1,3,185.0143,0.4158023361555745
9,11,RF time only,11,17,1,3,186.0142,0.8501597345529955
9,11,RF time only,11,17,1,3,187.0137,0.250629054722055
9,11,RF time only,11,17,1,3,188.0129,0.6847393736176524
9,11,RF time only,11,17,1,3,189.0135,0.8232511171140224
9,11,RF time only,11,17,1,3,190.0132,0.4857614159123353
9,11,RF time only,11,17,1,3,191.0142,0.8002591121157152
9,11,RF time only,11,17,1,3,192.0143,0.5420101328985676
9,11,RF time only,11,17,1,3,193.0143,0.22638125314015176
9,11,RF time only,11,17,1,3,194.0146,0.46076845712060494
9,11,RF time only,11,17,1,3,195.0144,0.08453889658245436
9,11,RF time only,11,17,1,3,196.0145,0.36111955600815554
9,11,RF time only,11,17,1,3,197.0046,0.8278850653464576
9,11,RF time only,11,17,1,3,198.0152,0.42498197667931614
9,11,RF time only,11,17,1,3,199.0153,0.3055784088576031
9,11,RF time only,11,17,1,3,200.0146,0.2322822402147382
9,11,RF time only,11,17,1,3,201.0141,0.08953791253969344
9,11,RF time only,11,17,1,3,202.0137,0.5018785406395363
9,11,RF time only,11,17,0,0,203.0151,0.170279847811396
9,11,RF time only,11,17,0,0,204.0154,0.9214902211217786
9,11,RF time only,11,17,0,0,205.0158,0.3203976254728726
9,11,RF time only,11,17,0,0,206.015,0.9524322375649501
9,11,RF time only,11,17,0,0,207.0146,0.18366329757338923
9,11,RF time only,11,17,0,0,208.0141,0.8139267392424029
9,11,RF time only,11,17,0,0,209.0146,0.1736572216180693
9,11,RF time only,11,17,0,0,210.0141,0.9890010307084742
9,11,RF time only,11,17,0,0,211.0146,0.18989939314531795
9,11,RF time only,11,17,0,0,212.0141,0.1950827897165551
9,11,RF time only,11,17,0,0,213.013,0.2602753126975868
9,11,RF time only,11,17,0,0,214.014,0.16706375319942895
9,11,RF time only,11,17,0,0,215.0143,0.2357903415494085
9,11,RF time only,11,17,0,0,216.0142,0.4984966690598922
9,11,RF time only,11,17,0,0,217.0132,0.7916131704757291
9,11,RF time only,11,17,0,0,218.0146,0.7333470194727063
9,11,RF time only,11,17,0,0,219.0155,0.8869774285248981
9,11,RF time only,11,17,0,0,220.0047,0.7550386107838719
9,11,RF time only,11,17,0,0,221.0041,0.6155695484283148
9,11,RF time only,11,17,0,0,222.0053,0.713667645502426
9,11,RF time only,11,17,0,0,223.0042,0.6143562911351489
9,11,RF time only,11,17,0,0,224.0043,0.45452457103177446
9,11,RF time only,11,17,0,0,225.0045,0.7956383193518668
9,11,RF time only,11,17,0,0,226.0041,0.8682618847465869
9,11,RF time only,11,17,0,0,227.0047,0.8856034146497378
9,11,RF time only,11,17,0,0,228.0157,0.4747049989896195
9,11,RF time only,11,17,0,0,229.0042,0.8182225682232297
9,11,RF time only,11,17,0,0,230.0042,0.6246409116594798
9,11,RF time only,11,17,0,0,231.015,0.47768994143830557
9,11,RF time only,11,17,0,0,232.0043,0.5741130056581596
9,11,RF time only,11,17,0,0,233.0045,0.5738089275441832
9,11,RF time only,11,17,0,0,234.015,0.5565866095631632
9,11,RF time only,11,17,0,0,235.015,0.7104130715816613
9,11,RF time only,11,17,0,0,236.0049,0.9453102344579285
9,11,RF time only,11,17,0,0,237.0058,0.8845726068636692
9,11,RF time only,11,17,0,0,238.0066,0.8219840244269564
9,11,RF time only,11,17,0,0,239.0082,0.9825935308226307
9,11,RF time only,11,17,0,0,240.0067,0.8319924463979691
9,11,RF time only,11,17,0,0,241.0064,0.9061106964319033
9,11,RF time only,11,17,0,0,242.0061,0.9371557180374943
9,11,RF time only,11,17,0,0,243.0064,0.515814588494088
9,11,RF time only,11,17,0,0,244.006,0.6568265730769843
9,11,RF time only,11,17,0,0,245.0055,0.8004500435623543
9,11,RF time only,11,17,0,0,246.0066,0.33079895649962526
9,11,RF time only,11,17,0,0,247.0063,0.7187430722648745
9,11,RF time only,11,17,0,0,248.0059,0.7711145379014217
9,11,RF time only,11,17,0,0,249.006,0.8169639190523668
9,11,RF time only,11,17,0,0,250.0056,0.5872107880531019
9,11,RF time only,11,17,0,0,251.0057,0.34352225886601634
9,11,RF time only,11,17,0,0,252.0064,0.5779771665894873
9,11,RF time only,11,17,0,0,253.0056,0.4438477433942268
9,11,RF time only,11,17,0,0,254.0052,0.5276514544213785
9,11,RF time only,11,17,0,0,255.0055,0.7337853971285201
9,11,RF time only,11,17,0,0,256.0053,0.6392186732255049
9,11,RF time only,11,17,0,0,257.0049,0.28312054676871157
9,11,RF time only,11,17,0,0,258.0047,0.14376344126102394
9,11,RF time only,11,17,0,0,259.0052,0.34850992661545616
9,11,RF time only,11,17,0,0,260.0065,0.9083305194079113
9,11,RF time only,11,17,0,0,261.0071,0.8818055429497146
9,11,RF time only,11,17,0,0,262.0067,0.7911381948444207
9,11,RF time only,11,17,0,0,263.007,0.8496773851359849
9,11,RF time only,11,17,0,0,264.0072,0.46405292845086127
9,11,RF time only,11,17,0,0,265.0074,0.7389263847988559
9,11,RF time only,11,17,0,0,266.0079,0.5384319371620291
9,11,RF time only,11,17,0,0,267.0063,0.23303955272085086
9,11,RF time only,11,17,0,0,268.0071,0.8882274074771107
9,11,RF time only,11,17,0,0,269.007,0.6581913230658023
9,11,RF time only,11,17,0,0,270.008,0.9832606391982814
9,11,RF time only,11,17,0,0,271.0076,0.7011828296604528
9,11,RF time only,11,17,0,0,272.0083,0.8945729701134997
9,11,RF time only,11,17,0,0,273.0101,0.8977112227041429
9,11,RF time only,11,17,0,0,274.0092,0.5986653507632191
9,11,RF time only,11,17,0,0,275.0092,0.899827533415671
9,11,RF time only,11,17,0,0,276.0079,0.7806129270643372
9,11,RF time only,11,17,0,0,277.0084,0.6837405552490711
9,11,RF time only,11,17,0,0,278.0099,0.8946970587217472
9,11,RF time only,11,17,0,0,279.0088,0.8808968854518155
9,11,RF time only,11,17,0,0,280.0082,0.5132837930334349
9,11,RF time only,11,17,0,0,281.0092,0.9098309241481047
9,11,RF time only,11,17,0,0,282.0089,0.7132843427811215
9,11,RF time only,11,17,0,0,283.0091,0.8663291728408415
9,11,RF time only,11,17,0,0,284.0089,0.6613291585733081
9,11,RF time only,11,17,0,0,285.0094,0.5081467174370499
9,11,RF time only,11,17,0,0,286.0088,0.6309389857048471
9,11,RF time only,11,17,0,0,287.0086,0.9331301841352387
9,11,RF time only,11,17,0,0,288.0084,0.6468979714126047
9,11,RF time only,11,17,0,0,289.0072,0.5921484291643608
9,11,RF time only,11,17,0,0,290.008,0.7650786552661689
9,11,RF time only,11,17,0,0,291.0084,0.9082365423027642
9,11,RF time only,11,17,0,0,292.0078,0.39652605040070166
9,11,RF time only,11,17,0,0,293.0093,0.9229405136244071
9,11,RF time only,11,17,0,0,294.0094,0.6905139450962687
9,11,RF time only,11,17,0,0,295.0093,0.6551669110788674
9,11,RF time only,11,17,0,0,296.0093,0.9131858062440945
9,11,RF time only,11,17,0,0,297.0098,0.7069233421741746
9,11,RF time only,11,17,0,0,298.0105,0.6650581308656776
9,11,RF time only,11,17,0,0,299.0096,0.7303039991122329
9,11,RF time only,11,17,0,0,300.0081,0.9760960186811884
9,11,RF time only,11,17,0,0,301.008,0.682149020219295
9,11,GB time only,9,13,0,0,0.0110195,0.0009440015911810748
9,11,GB time only,9,13,0,0,1.005759,0.0009440015911810748
9,11,GB time only,9,13,0,0,2.00784,0.0009440015911810748
9,11,GB time only,9,13,0,0,3.007802,0.0009440015911810748
9,11,GB time only,9,13,0,0,4.007293,0.037106484913267644
9,11,GB time only,9,13,0,0,5.008187,0.037106484913267644
9,11,GB time only,9,13,0,0,6.008643,0.07306082580011977
9,11,GB time only,9,13,0,0,7.009022,0.10564721311567993
9,11,GB time only,9,13,0,0,8.008588,0.10804435578671814
9,11,GB time only,9,13,0,0,9.008896,0.10804435578671814
9,11,GB time only,9,13,0,0,10.00913,0.10804435578671814
9,11,GB time only,9,13,0,0,11.01103,0.10750551237457771
9,11,GB time only,9,13,0,0,12.01013,0.1081650250411978
9,11,GB time only,9,13,0,0,13.01072,0.1081650250411978
9,11,GB time only,9,13,0,0,14.01103,0.1081650250411978
9,11,GB time only,9,13,0,0,15.0121,0.13762545777227078
9,11,GB time only,9,13,0,0,16.00964,0.13762545777227078
9,11,GB time only,9,13,0,0,17.01035,0.07683109039836054
9,11,GB time only,9,13,0,0,18.01051,0.10870936383628366
9,11,GB time only,9,13,0,0,19.0111,0.137812450994472
9,11,GB time only,9,13,0,0,20.01075,0.10980964683221413
9,11,GB time only,9,13,0,0,21.00977,0.14206674249191303
9,11,GB time only,9,13,0,0,22.0112,0.07627072032327478
9,11,GB time only,9,13,0,0,23.01091,0.1381321241539387
9,11,GB time only,9,13,0,0,24.0096,0.10928779110992157
9,11,GB time only,9,13,0,0,25.01049,0.10928779110992157
9,11,GB time only,9,13,0,0,26.01068,0.17693071203615998
9,11,GB time only,9,13,0,0,27.01039,0.1729754660280866
9,11,GB time only,9,13,0,0,28.01047,0.14658390962095466
9,11,GB time only,9,13,0,0,29.01056,0.21314236278530463
9,11,GB time only,9,13,0,0,30.01037,0.2442585346000531
9,11,GB time only,9,13,0,0,31.01037,0.17619330924431095
9,11,GB time only,9,13,0,0,32.01043,0.24470376198484223
9,11,GB time only,9,13,0,0,33.01025,0.21228418983021474
9,11,GB time only,9,13,0,0,34.01165,0.20964797945085203
9,11,GB time only,9,13,0,0,35.01178,0.20964797945085203
9,11,GB time only,9,13,0,0,36.01152,0.21344584505429437
9,11,GB time only,9,13,0,0,37.01201,0.2440713024072719
9,11,GB time only,9,13,0,0,38.01177,0.21513623932608175
9,11,GB time only,9,13,0,0,39.01201,0.24019430052057508
9,11,GB time only,9,13,0,0,40.01328,0.24349564243572516
9,11,GB time only,9,13,0,0,41.01098,0.21513981270722754
9,11,GB time only,9,13,0,0,42.01181,0.2446194301307952
9,11,GB time only,9,13,0,0,43.011,0.17267549025405501
9,11,GB time only,9,13,0,0,44.01217,0.28499592700969695
9,11,GB time only,9,13,0,0,45.01147,0.18169378525006114
9,11,GB time only,9,13,0,0,46.01141,0.26943780608516293
9,11,GB time only,9,13,0,0,47.01147,0.21324477175993664
9,11,GB time only,9,13,0,0,48.011,0.21324477175993664
9,11,GB time only,9,13,0,0,49.01306,0.21324477175993664
9,11,GB time only,9,13,0,0,50.01255,0.21324477175993664
9,11,GB time only,9,13,0,0,51.0136,0.2103696766572177
9,11,GB time only,9,13,0,0,52.01255,0.2469620176246063
9,11,GB time only,9,13,0,0,53.01245,0.31143514406005707
9,11,GB time only,9,13,0,0,54.01316,0.31143514406005707
9,11,GB time only,9,13,0,0,55.01288,0.2782803627541551
9,11,GB time only,9,13,0,0,56.01094,0.3112871611355646
9,11,GB time only,9,13,0,0,57.01193,0.3112871611355646
9,11,GB time only,9,13,0,0,58.01228,0.285971574780714
9,11,GB time only,9,13,0,0,59.01311,0.3367193156287667
9,11,GB time only,9,13,0,0,60.01287,0.4042253296599176
9,11,GB time only,9,13,0,0,61.01322,0.4042253296599176
9,11,GB time only,9,13,0,0,62.00483,0.3182885441813508
9,11,GB time only,9,13,0,0,63.00399,0.3432033817741079
9,11,GB time only,9,13,0,0,64.01481,0.3382957346964936
9,11,GB time only,9,13,0,0,65.01499,0.34347532689891447
9,11,GB time only,9,13,0,0,66.00488,0.3191837425622988
9,11,GB time only,9,13,0,0,67.01431,0.337002512530859
9,11,GB time only,9,13,0,0,68.01569,0.3738321215709618
9,11,GB time only,9,13,0,0,69.01431,0.3462676533817101
9,11,GB time only,9,13,0,0,70.00444,0.3462676533817101
9,11,GB time only,9,13,0,0,71.01484,0.30890073616874025
9,11,GB time only,9,13,0,0,72.01485,0.30890073616874025
9,11,GB time only,9,13,0,0,73.01538,0.437392303541638
9,11,GB time only,9,13,0,0,74.01483,0.377891199465236
9,11,GB time only,9,13,0,0,75.01283,0.377891199465236
9,11,GB time only,9,13,0,0,76.01294,0.3420660706811286
9,11,GB time only,9,13,0,0,77.0144,0.3469828485593958
9,11,GB time only,9,13,0,0,78.01477,0.4379422137134628
9,11,GB time only,9,13,0,0,79.01405,0.432544692728466
9,11,GB time only,9,13,0,0,80.01414,0.43657736860363255
9,11,GB time only,9,13,0,0,81.01292,0.4134793568929756
9,11,GB time only,9,13,0,0,82.01397,0.4134793568929756
9,11,GB time only,9,13,0,0,83.01512,0.4304415779252251
9,11,GB time only,9,13,0,0,84.00425,0.4304415779252251
9,11,GB time only,9,13,0,0,85.0048,0.46652726229289343
9,11,GB time only,9,13,0,0,86.00455,0.4160386297378405
9,11,GB time only,9,13,0,0,87.00511,0.47356823394017744
9,11,GB time only,9,13,0,0,88.01478,0.48342599749969606
9,11,GB time only,9,13,0,0,89.01393,0.4452292640294342
9,11,GB time only,9,13,0,0,90.00504,0.4452292640294342
9,11,GB time only,9,13,0,0,91.00574,0.4452292640294342
9,11,GB time only,9,13,0,0,92.01431,0.46571860744497945
9,11,GB time only,9,13,0,0,93.01505,0.46571860744497945
9,11,GB time only,9,13,0,0,94.00507,0.4743976823563705
9,11,GB time only,9,13,0,0,95.00547,0.5257999490457951
9,11,GB time only,9,13,0,0,96.00397,0.491613835993449
9,11,GB time only,9,13,0,0,97.00613,0.4801678166816971
9,11,GB time only,9,13,0,0,98.00716,0.5033367711032379
9,11,GB time only,9,13,0,0,99.00568,0.5033367711032379
9,11,GB time only,9,13,0,0,100.0066,0.5851363895215924
9,11,GB time only,9,13,0,0,101.0064,0.547390778977649
9,11,GB time only,9,13,0,0,102.0046,0.547390778977649
9,11,GB time only,9,13,0,0,103.0056,0.547390778977649
9,11,GB time only,9,13,0,0,104.0057,0.5332394422376993
9,11,GB time only,9,13,0,0,105.0069,0.46217982431209553
9,11,GB time only,9,13,0,0,106.0045,0.46217982431209553
9,11,GB time only,9,13,0,0,107.0059,0.45083599278495845
9,11,GB time only,9,13,0,0,108.0047,0.5296819203577006
9,11,GB time only,9,13,0,0,109.0066,0.5296819203577006
9,11,GB time only,9,13,0,0,110.0056,0.46188907949278235
9,11,GB time only,9,13,0,0,111.0052,0.44849161953623956
9,11,GB time only,9,13,0,0,112.0055,0.44849161953623956
9,11,GB time only,9,13,0,0,113.0053,0.5565178890036645
9,11,GB time only,9,13,0,0,114.0057,0.5185494301669381
9,11,GB time only,9,13,0,0,115.0057,0.44583360946266803
9,11,GB time only,9,13,0,0,116.006,0.44583360946266803
9,11,GB time only,9,13,0,0,117.0064,0.44583360946266803
9,11,GB time only,9,13,0,0,118.0063,0.44583360946266803
9,11,GB time only,9,13,0,0,119.0068,0.48426744389211723
9,11,GB time only,9,13,0,0,120.0069,0.4730443180082392
9,11,GB time only,9,13,0,0,121.0075,0.4457608722004515
9,11,GB time only,9,13,0,0,122.0072,0.4457608722004515
9,11,GB time only,9,13,0,0,123.0058,0.4457608722004515
9,11,GB time only,9,13,0,0,124.0076,0.5134965750794983
9,11,GB time only,9,13,0,0,125.007,0.5038516939970423
9,11,GB time only,9,13,0,0,126.0072,0.47729860749382574
9,11,GB time only,9,13,0,0,127.0068,0.47729860749382574
9,11,GB time only,9,13,0,0,128.0076,0.49022227808328844
9,11,GB time only,9,13,0,0,129.0074,0.49022227808328844
9,11,GB time only,9,13,0,0,130.0071,0.5296571268062175
9,11,GB time only,9,13,1,3,131.0081,0.5296571268062175
9,11,GB time only,9,13,1,3,132.0073,0.46685642560673185
9,11,GB time only,9,13,1,3,133.0062,0.46685642560673185
9,11,GB time only,9,13,1,3,134.0074,0.4754798020118732
9,11,GB time only,9,13,1,3,135.0069,0.5037998938174332
9,11,GB time only,9,13,1,3,136.0064,0.5318250047019486
9,11,GB time only,9,13,1,3,137.0067,0.5416161381180427
9,11,GB time only,9,13,1,3,138.0067,0.4823800063093352
9,11,GB time only,9,13,1,3,139.007,0.4823800063093352
9,11,GB time only,9,13,1,3,140.0062,0.5339547037760496
9,11,GB time only,9,13,1,3,141.0073,0.5845772323612946
9,11,GB time only,9,13,1,3,142.0084,0.5191431308955948
9,11,GB time only,9,13,1,3,143.008,0.4989448448862239
9,11,GB time only,9,13,1,3,144.0094,0.4989448448862239
9,11,GB time only,9,13,1,3,145.0076,0.5478544252928866
9,11,GB time only,9,13,1,3,146.0077,0.5556775707194445
9,11,GB time only,9,13,1,3,147.0074,0.5140458346576857
9,11,GB time only,9,13,1,3,148.0075,0.5210113508010402
9,11,GB time only,9,13,1,3,149.0084,0.5210113508010402
9,11,GB time only,9,13,1,3,150.0068,0.5332502156136172
9,11,GB time only,9,13,1,3,151.0084,0.5403013209514662
9,11,GB time only,9,13,1,3,152.009,0.5338205518246143
9,11,GB time only,9,13,1,3,153.0098,0.5149882903865347
9,11,GB time only,9,13,1,3,154.0073,0.5635352600046909
9,11,GB time only,9,13,0,0,155.0084,0.5635352600046909
9,11,GB time only,9,13,0,0,156.0078,0.5696646522756226
9,11,GB time only,9,13,0,0,157.008,0.5422132388643988
9,11,GB time only,9,13,0,0,158.0095,0.6142247255501393
9,11,GB time only,9,13,0,0,159.0101,0.5434915698011004
9,11,GB time only,9,13,0,0,160.0103,0.6249519803991489
9,11,GB time only,9,13,0,0,161.0102,0.6249519803991489
9,11,GB time only,9,13,0,0,162.0098,0.5999543271599111
9,11,GB time only,9,13,0,0,163.0103,0.6155990821502744
9,11,GB time only,9,13,0,0,164.0104,0.5871716973357859
9,11,GB time only,9,13,0,0,165.0098,0.594545243469979
9,11,GB time only,9,13,0,0,166.0106,0.594545243469979
9,11,GB time only,9,13,0,0,167.0094,0.616098731543821
9,11,GB time only,9,13,0,0,168.0101,0.5716219775305523
9,11,GB time only,9,13,0,0,169.0095,0.6379683951684367
9,11,GB time only,9,13,0,0,170.0094,0.5858652484345273
9,11,GB time only,9,13,0,0,171.0103,0.642912687185754
9,11,GB time only,9,13,0,0,172.0116,0.642912687185754
9,11,GB time only,9,13,0,0,173.0117,0.5957815315195485
9,11,GB time only,9,13,0,0,174.0113,0.5842151787758957
9,11,GB time only,9,13,0,0,175.0105,0.644012861145736
9,11,GB time only,9,13,0,0,176.0114,0.644012861145736
9,11,GB time only,9,13,0,0,177.011,0.5453505905043116
9,11,GB time only,9,13,0,0,178.0101,0.6179357648442518
9,11,GB time only,9,13,0,0,179.0093,0.5851887282209192
9,11,GB time only,9,13,0,0,180.0106,0.6212628915760179
9,11,GB time only,9,13,0,0,181.0108,0.6396112643360772
9,11,GB time only,9,13,0,0,182.0097,0.6396112643360772
9,11,GB time only,9,13,0,0,183.0091,0.5961900760121801
9,11,GB time only,9,13,0,0,184.0103,0.5862209058960135
9,11,GB time only,9,13,0,0,185.0096,0.6170726972202396
9,11,GB time only,9,13,0,0,186.01,0.5735749409725519
9,11,GB time only,9,13,0,0,187.0108,0.5735749409725519
9,11,GB time only,9,13,0,0,188.0104,0.6422750721987351
9,11,GB time only,9,13,0,0,189.0116,0.5595765945708518
9,11,GB time only,9,13,0,0,190.0116,0.6231002315541752
9,11,GB time only,9,13,0,0,191.0115,0.6231002315541752
9,11,GB time only,9,13,0,0,192.0119,0.7172675641309234
9,11,GB time only,9,13,0,0,193.0109,0.7172675641309234
9,11,GB time only,9,13,0,0,194.0107,0.6390567334055021
9,11,GB time only,9,13,0,0,195.01,0.6031396991595611
9,11,GB time only,9,13,0,0,196.0102,0.6958857779528625
9,11,GB time only,9,13,0,0,197.0122,0.5885407917528126
9,11,GB time only,9,13,0,0,198.0116,0.5885407917528126
9,11,GB time only,9,13,0,0,199.0125,0.6728192873532186
9,11,GB time only,9,13,0,0,200.0115,0.6291457971790969
9,11,GB time only,9,13,0,0,201.0117,0.6362669763437693
9,11,GB time only,9,13,0,0,202.0122,0.671691352316786
9,11,GB time only,9,13,0,0,203.0135,0.6280494126394269
9,11,GB time only,9,13,0,0,204.0123,0.6280494126394269
9,11,GB time only,9,13,0,0,205.0133,0.6280494126394269
9,11,GB time only,9,13,0,0,206.013,0.6358843950118266
9,11,GB time only,9,13,0,0,207.0117,0.6494504660749101
9,11,GB time only,9,13,0,0,208.0125,0.6494504660749101
9,11,GB time only,9,13,0,0,209.0119,0.673686984296739
9,11,GB time only,9,13,0,0,210.0124,0.6016513840916842
9,11,GB time only,9,13,0,0,211.013,0.6068963721824702
9,11,GB time only,9,13,0,0,212.0144,0.6838210122257573
9,11,GB time only,9,13,0,0,213.0136,0.6527617425919474
9,11,GB time only,9,13,0,0,214.0147,0.5864330668606975
9,11,GB time only,9,13,0,0,215.0134,0.5864330668606975
9,11,GB time only,9,13,0,0,216.0129,0.6315908898933122
9,11,GB time only,9,13,0,0,217.0129,0.628598400317036
9,11,GB time only,9,13,0,0,218.0129,0.6795871233926674
9,11,GB time only,9,13,0,0,219.0129,0.730770099248994
9,11,GB time only,9,13,0,0,220.0126,0.730770099248994
9,11,GB time only,9,13,0,0,221.0129,0.6400962825018769
9,11,GB time only,9,13,0,0,222.0122,0.6516042254957484
9,11,GB time only,9,13,0,0,223.0122,0.7029820250418051
9,11,GB time only,9,13,0,0,224.0124,0.6602285567692746
9,11,GB time only,9,13,0,0,225.0121,0.6602285567692746
9,11,GB time only,9,13,0,0,226.0132,0.6859927080042701
9,11,GB time only,9,13,0,0,227.0143,0.629130408753985
9,11,GB time only,9,13,0,0,228.0146,0.7289857759598212
9,11,GB time only,9,13,0,0,229.014,0.6886822204236253
9,11,GB time only,9,13,0,0,230.0146,0.6544450951306331
9,11,GB time only,9,13,0,0,231.0143,0.6544450951306331
9,11,GB time only,9,13,0,0,232.0145,0.6544450951306331
9,11,GB time only,9,13,0,0,233.0145,0.6544450951306331
9,11,GB time only,9,13,0,0,234.0137,0.6868086251973218
9,11,GB time only,9,13,0,0,235.0139,0.6805472926773658
9,11,GB time only,9,13,0,0,236.0044,0.6805472926773658
9,11,GB time only,9,13,0,0,237.0162,0.6805472926773658
9,11,GB time only,9,13,0,0,238.0152,0.657910742649453
9,11,GB time only,9,13,0,0,239.0044,0.657910742649453
9,11,GB time only,9,13,0,0,240.0048,0.6893474720637071
9,11,GB time only,9,13,0,0,241.0044,0.7309674093048096
9,11,GB time only,9,13,0,0,242.0045,0.629394908634033
9,11,GB time only,9,13,0,0,243.0043,0.6651599565516971
9,11,GB time only,9,13,0,0,244.0162,0.6780869692644519
9,11,GB time only,9,13,0,0,245.0155,0.6780869692644519
9,11,GB time only,9,13,0,0,246.0154,0.6780869692644519
9,11,GB time only,9,13,0,0,247.0153,0.6780869692644519
9,11,GB time only,9,13,0,0,248.0145,0.6449649796945253
9,11,GB time only,9,13,0,0,249.0152,0.6782546929558677
9,11,GB time only,9,13,0,0,250.0147,0.6782546929558677
9,11,GB time only,9,13,0,0,251.0159,0.6782546929558677
9,11,GB time only,9,13,0,0,252.0157,0.6782546929558677
9,11,GB time only,9,13,0,0,253.0046,0.6676668534177088
9,11,GB time only,9,13,0,0,254.0047,0.6676668534177088
9,11,GB time only,9,13,0,0,255.0051,0.6806418605343543
9,11,GB time only,9,13,0,0,256.0152,0.6994026656895422
9,11,GB time only,9,13,0,0,257.0048,0.6994026656895422
9,11,GB time only,9,13,0,0,258.0048,0.6392281523322643
9,11,GB time only,9,13,0,0,259.0142,0.7344547259169659
9,11,GB time only,9,13,0,0,260.0155,0.7344547259169659
9,11,GB time only,9,13,0,0,261.0048,0.7344547259169659
9,11,GB time only,9,13,0,0,262.0058,0.6510828435509495
9,11,GB time only,9,13,0,0,263.0071,0.6901031199312067
9,11,GB time only,9,13,0,0,264.0063,0.6901031199312067
9,11,GB time only,9,13,0,0,265.0065,0.7139639318037135
9,11,GB time only,9,13,0,0,266.0061,0.708874819997744
9,11,GB time only,9,13,0,0,267.0054,0.6681324462491858
9,11,GB time only,9,13,0,0,268.0065,0.6681324462491858
9,11,GB time only,9,13,0,0,269.0069,0.7070301778581211
9,11,GB time only,9,13,0,0,270.006,0.7070301778581211
9,11,GB time only,9,13,0,0,271.0046,0.6852459623270989
9,11,GB time only,9,13,0,0,272.0052,0.6885894686697214
9,11,GB time only,9,13,0,0,273.0052,0.6885894686697214
9,11,GB time only,9,13,0,0,274.0054,0.6842520328203505
9,11,GB time only,9,13,0,0,275.0052,0.7329438957120145
9,11,GB time only,9,13,0,0,276.0056,0.7094155300981229
9,11,GB time only,9,13,0,0,277.0053,0.6765391847447306
9,11,GB time only,9,13,0,0,278.0059,0.6765391847447306
9,11,GB time only,9,13,0,0,279.0058,0.780939820651959
9,11,GB time only,9,13,0,0,280.0075,0.7366975010240904
9,11,GB time only,9,13,0,0,281.0063,0.7124383503810712
9,11,GB time only,9,13,0,0,282.006,0.7124383503810712
9,11,GB time only,9,13,0,0,283.005,0.7419326995373878
9,11,GB time only,9,13,0,0,284.0056,0.7379748218959618
9,11,GB time only,9,13,0,0,285.0061,0.7379748218959618
9,11,GB time only,9,13,0,0,286.0067,0.7425167492556962
9,11,GB time only,9,13,0,0,287.0079,0.7425167492556962
9,11,GB time only,9,13,0,0,288.0077,0.7373207040116628
9,11,GB time only,9,13,0,0,289.006,0.7105615798381066
9,11,GB time only,9,13,0,0,290.0072,0.7105615798381066
9,11,GB time only,9,13,0,0,291.0072,0.7105615798381066
9,11,GB time only,9,13,0,0,292.0069,0.7713305807134296
9,11,GB time only,9,13,0,0,293.0074,0.7966602136156696
9,11,GB time only,9,13,0,0,294.0071,0.7302434434163281
9,11,GB time only,9,13,0,0,295.0074,0.7302434434163281
9,11,GB time only,9,13,0,0,296.0071,0.8434081555764472
9,11,GB time only,9,13,0,0,297.0076,0.7721559244157796
9,11,GB time only,9,13,0,0,298.0078,0.7659858523411619
9,11,GB time only,9,13,0,0,299.007,0.7659858523411619
9,11,GB time only,9,13,0,0,300.0064,0.817196740520341
9,11,GB time only,9,13,0,0,301.0068,0.798664588474386
9,11,GB time only,11,16,0,0,0.0,0.0009440015911810748
9,11,GB time only,11,16,0,0,1.006835,0.0009440015911810748
9,11,GB time only,11,16,0,0,2.008246,0.0009440015911810748
9,11,GB time only,11,16,0,0,2.998121,0.0009440015911810748
9,11,GB time only,11,16,0,0,3.999469,0.0009440015911810748
9,11,GB time only,11,16,0,0,4.998495,0.037106484913267644
9,11,GB time only,11,16,0,0,6.000052,0.037106484913267644
9,11,GB time only,11,16,0,0,7.00159,0.10564721311567993
9,11,GB time only,11,16,0,0,8.002184,0.10564721311567993
9,11,GB time only,11,16,0,0,9.001597,0.10804435578671814
9,11,GB time only,11,16,0,0,10.00276,0.10804435578671814
9,11,GB time only,11,16,0,0,10.99977,0.10804435578671814
9,11,GB time only,11,16,0,0,11.99999,0.10750551237457771
9,11,GB time only,11,16,0,0,13.00089,0.1081650250411978
9,11,GB time only,11,16,0,0,13.99989,0.1081650250411978
9,11,GB time only,11,16,0,0,15.00098,0.1081650250411978
9,11,GB time only,11,16,0,0,16.00064,0.13762545777227078
9,11,GB time only,11,16,0,0,16.99999,0.07683109039836054
9,11,GB time only,11,16,0,0,17.99896,0.10870936383628366
9,11,GB time only,11,16,0,0,18.99933,0.137812450994472
9,11,GB time only,11,16,0,0,19.9995,0.10980964683221413
9,11,GB time only,11,16,0,0,20.9999,0.14206674249191303
9,11,GB time only,11,16,0,0,21.99905,0.07627072032327478
9,11,GB time only,11,16,0,0,23.0002,0.1381321241539387
9,11,GB time only,11,16,0,0,24.00146,0.10928779110992157
9,11,GB time only,11,16,0,0,25.00086,0.10928779110992157
9,11,GB time only,11,16,0,0,26.0012,0.17693071203615998
9,11,GB time only,11,16,0,0,27.00152,0.1729754660280866
9,11,GB time only,11,16,0,0,28.00169,0.14658390962095466
9,11,GB time only,11,16,0,0,29.00176,0.14658390962095466
9,11,GB time only,11,16,0,0,30.00079,0.21314236278530463
9,11,GB time only,11,16,0,0,31.00031,0.2442585346000531
9,11,GB time only,11,16,0,0,32.00043,0.17619330924431095
9,11,GB time only,11,16,0,0,33.00219,0.24470376198484223
9,11,GB time only,11,16,0,0,34.00164,0.21228418983021474
9,11,GB time only,11,16,0,0,35.00283,0.20964797945085203
9,11,GB time only,11,16,0,0,36.00352,0.21344584505429437
9,11,GB time only,11,16,0,0,37.00388,0.2440713024072719
9,11,GB time only,11,16,0,0,38.00309,0.21513623932608175
9,11,GB time only,11,16,0,0,39.00269,0.24019430052057508
9,11,GB time only,11,16,0,0,40.00256,0.24349564243572516
9,11,GB time only,11,16,0,0,41.00229,0.21513981270722754
9,11,GB time only,11,16,0,0,42.00187,0.2446194301307952
9,11,GB time only,11,16,0,0,43.00198,0.17267549025405501
9,11,GB time only,11,16,0,0,43.99989,0.17267549025405501
9,11,GB time only,11,16,0,0,45.00128,0.28499592700969695
9,11,GB time only,11,16,0,0,46.00084,0.18169378525006114
9,11,GB time only,11,16,0,0,47.00187,0.26943780608516293
9,11,GB time only,11,16,0,0,48.00152,0.21324477175993664
9,11,GB time only,11,16,0,0,49.00248,0.21324477175993664
9,11,GB time only,11,16,0,0,50.00288,0.21324477175993664
9,11,GB time only,11,16,0,0,51.00327,0.2103696766572177
9,11,GB time only,11,16,0,0,52.0029,0.2469620176246063
9,11,GB time only,11,16,0,0,53.00366,0.31143514406005707
9,11,GB time only,11,16,0,0,54.00496,0.31143514406005707
9,11,GB time only,11,16,0,0,55.0033,0.2782803627541551
9,11,GB time only,11,16,0,0,56.002,0.2782803627541551
9,11,GB time only,11,16,0,0,57.00315,0.3112871611355646
9,11,GB time only,11,16,0,0,58.00341,0.3112871611355646
9,11,GB time only,11,16,0,0,59.0027,0.285971574780714
9,11,GB time only,11,16,0,0,60.00551,0.3367193156287667
9,11,GB time only,11,16,0,0,61.00465,0.4042253296599176
9,11,GB time only,11,16,0,0,62.00395,0.3182885441813508
9,11,GB time only,11,16,0,0,63.00386,0.3432033817741079
9,11,GB time only,11,16,0,0,64.00309,0.3382957346964936
9,11,GB time only,11,16,0,0,65.00378,0.34347532689891447
9,11,GB time only,11,16,0,0,66.00377,0.3191837425622988
9,11,GB time only,11,16,0,0,67.00208,0.3191837425622988
9,11,GB time only,11,16,0,0,68.00242,0.337002512530859
9,11,GB time only,11,16,0,0,69.00261,0.3738321215709618
9,11,GB time only,11,16,0,0,70.00307,0.3462676533817101
9,11,GB time only,11,16,0,0,71.0035,0.3462676533817101
9,11,GB time only,11,16,0,0,72.00352,0.30890073616874025
9,11,GB time only,11,16,0,0,73.00365,0.437392303541638
9,11,GB time only,11,16,0,0,74.0042,0.377891199465236
9,11,GB time only,11,16,0,0,75.00552,0.377891199465236
9,11,GB time only,11,16,0,0,76.00439,0.3420660706811286
9,11,GB time only,11,16,0,0,77.00546,0.3469828485593958
9,11,GB time only,11,16,0,0,78.00467,0.3469828485593958
9,11,GB time only,11,16,0,0,79.00395,0.4379422137134628
9,11,GB time only,11,16,0,0,80.00491,0.432544692728466
9,11,GB time only,11,16,0,0,81.00582,0.43657736860363255
9,11,GB time only,11,16,0,0,82.00645,0.4134793568929756
9,11,GB time only,11,16,0,0,83.00783,0.4134793568929756
9,11,GB time only,11,16,0,0,84.00675,0.4304415779252251
9,11,GB time only,11,16,0,0,85.00592,0.46652726229289343
9,11,GB time only,11,16,0,0,86.00507,0.4160386297378405
9,11,GB time only,11,16,0,0,87.00529,0.47356823394017744
9,11,GB time only,11,16,0,0,88.00566,0.48342599749969606
9,11,GB time only,11,16,0,0,89.00539,0.48342599749969606
9,11,GB time only,11,16,0,0,90.00601,0.4452292640294342
9,11,GB time only,11,16,0,0,91.00649,0.4452292640294342
9,11,GB time only,11,16,0,0,92.00535,0.527974050205041
9,11,GB time only,11,16,0,0,93.005,0.46571860744497945
9,11,GB time only,11,16,0,0,94.00483,0.4743976823563705
9,11,GB time only,11,16,0,0,95.00599,0.5257999490457951
9,11,GB time only,11,16,0,0,96.005,0.491613835993449
9,11,GB time only,11,16,0,0,97.00579,0.4801678166816971
9,11,GB time only,11,16,0,0,98.00683,0.5033367711032379
9,11,GB time only,11,16,0,0,99.0061,0.5033367711032379
9,11,GB time only,11,16,0,0,100.007,0.5851363895215924
9,11,GB time only,11,16,0,0,101.0064,0.547390778977649
9,11,GB time only,11,16,0,0,102.0055,0.547390778977649
9,11,GB time only,11,16,0,0,103.0064,0.547390778977649
9,11,GB time only,11,16,0,0,104.0067,0.5332394422376993
9,11,GB time only,11,16,0,0,105.007,0.46217982431209553
9,11,GB time only,11,16,0,0,106.0086,0.45083599278495845
9,11,GB time only,11,16,0,0,107.0076,0.45083599278495845
9,11,GB time only,11,16,0,0,108.007,0.5296819203577006
9,11,GB time only,11,16,0,0,109.0076,0.5296819203577006
9,11,GB time only,11,16,0,0,110.0071,0.46188907949278235
9,11,GB time only,11,16,0,0,111.0071,0.44849161953623956
9,11,GB time only,11,16,0,0,112.0057,0.44849161953623956
9,11,GB time only,11,16,0,0,113.0061,0.5565178890036645
9,11,GB time only,11,16,0,0,114.0066,0.5185494301669381
9,11,GB time only,11,16,0,0,115.0063,0.44583360946266803
9,11,GB time only,11,16,0,0,116.008,0.44583360946266803
9,11,GB time only,11,16,0,0,117.0076,0.44583360946266803
9,11,GB time only,11,16,0,0,118.0089,0.48426744389211723
9,11,GB time only,11,16,0,0,119.0079,0.48426744389211723
9,11,GB time only,11,16,0,0,120.0083,0.4730443180082392
9,11,GB time only,11,16,0,0,121.0086,0.4457608722004515
9,11,GB time only,11,16,0,0,122.0069,0.4457608722004515
9,11,GB time only,11,16,0,0,123.0086,0.4457608722004515
9,11,GB time only,11,16,0,0,124.0079,0.5134965750794983
9,11,GB time only,11,16,0,0,125.0084,0.5038516939970423
9,11,GB time only,11,16,0,0,125.9983,0.47729860749382574
9,11,GB time only,11,16,0,0,127.0077,0.47729860749382574
9,11,GB time only,11,16,0,0,128.0085,0.49022227808328844
9,11,GB time only,11,16,0,0,129.0084,0.49022227808328844
9,11,GB time only,11,16,0,0,130.008,0.5296571268062175
9,11,GB time only,11,16,0,0,131.0082,0.5296571268062175
9,11,GB time only,11,16,0,0,132.0073,0.46685642560673185
9,11,GB time only,11,16,0,0,133.0074,0.4754798020118732
9,11,GB time only,11,16,0,0,134.0074,0.4754798020118732
9,11,GB time only,11,16,0,0,135.0086,0.5037998938174332
9,11,GB time only,11,16,0,0,136.0081,0.5318250047019486
9,11,GB time only,11,16,0,0,137.008,0.5416161381180427
9,11,GB time only,11,16,0,0,138.0093,0.4823800063093352
9,11,GB time only,11,16,0,0,138.9987,0.4823800063093352
9,11,GB time only,11,16,0,0,139.999,0.5339547037760496
9,11,GB time only,11,16,0,0,141.0081,0.5845772323612946
9,11,GB time only,11,16,0,0,142.0078,0.5191431308955948
9,11,GB time only,11,16,0,0,143.0091,0.4989448448862239
9,11,GB time only,11,16,0,0,143.9994,0.4989448448862239
9,11,GB time only,11,16,0,0,144.9993,0.5478544252928866
9,11,GB time only,11,16,0,0,145.9998,0.5556775707194445
9,11,GB time only,11,16,0,0,146.9992,0.5140458346576857
9,11,GB time only,11,16,0,0,147.9988,0.5140458346576857
9,11,GB time only,11,16,0,0,149.0094,0.5332502156136172
9,11,GB time only,11,16,0,0,149.9993,0.5332502156136172
9,11,GB time only,11,16,0,0,150.9984,0.5403013209514662
9,11,GB time only,11,16,0,0,151.9984,0.5338205518246143
9,11,GB time only,11,16,0,0,153.0085,0.5149882903865347
9,11,GB time only,11,16,0,0,154.0095,0.5635352600046909
9,11,GB time only,11,16,0,0,155.0089,0.5635352600046909
9,11,GB time only,11,16,0,0,155.9993,0.5696646522756226
9,11,GB time only,11,16,0,0,156.9987,0.5422132388643988
9,11,GB time only,11,16,1,1,158.0103,0.6142247255501393
9,11,GB time only,11,16,1,1,158.9988,0.6142247255501393
9,11,GB time only,11,16,1,1,159.999,0.5434915698011004
9,11,GB time only,11,16,1,1,160.9999,0.6249519803991489
9,11,GB time only,11,16,1,1,161.999,0.5999543271599111
9,11,GB time only,11,16,1,1,162.9986,0.6155990821502744
9,11,GB time only,11,16,1,1,164.0,0.6155990821502744
9,11,GB time only,11,16,1,1,164.9995,0.5871716973357859
9,11,GB time only,11,16,1,1,165.9988,0.594545243469979
9,11,GB time only,11,16,1,1,167.0005,0.616098731543821
9,11,GB time only,11,16,1,1,168.0003,0.5716219775305523
9,11,GB time only,11,16,1,2,168.9998,0.6379683951684367
9,11,GB time only,11,16,1,2,169.9999,0.6379683951684367
9,11,GB time only,11,16,1,2,170.9994,0.5858652484345273
9,11,GB time only,11,16,1,2,171.9991,0.642912687185754
9,11,GB time only,11,16,1,2,172.9989,0.5957815315195485
9,11,GB time only,11,16,1,2,173.9989,0.5842151787758957
9,11,GB time only,11,16,1,2,174.9991,0.5842151787758957
9,11,GB time only,11,16,1,2,175.999,0.644012861145736
9,11,GB time only,11,16,1,2,176.9999,0.5453505905043116
9,11,GB time only,11,16,1,2,178.0003,0.6179357648442518
9,11,GB time only,11,16,1,2,178.9995,0.5851887282209192
9,11,GB time only,11,16,1,2,179.9998,0.5851887282209192
9,11,GB time only,11,16,1,2,181.0004,0.6212628915760179
9,11,GB time only,11,16,1,2,182.0001,0.6396112643360772
9,11,GB time only,11,16,1,2,182.9991,0.5961900760121801
9,11,GB time only,11,16,1,2,184.0005,0.5862209058960135
9,11,GB time only,11,16,1,2,185.0009,0.5862209058960135
9,11,GB time only,11,16,1,2,186.001,0.6170726972202396
9,11,GB time only,11,16,1,2,187.0014,0.5735749409725519
9,11,GB time only,11,16,1,2,188.0021,0.6422750721987351
9,11,GB time only,11,16,1,2,189.0015,0.5595765945708518
9,11,GB time only,11,16,1,2,190.0005,0.6231002315541752
9,11,GB time only,11,16,1,2,191.0013,0.6231002315541752
9,11,GB time only,11,16,1,2,192.0001,0.6231002315541752
9,11,GB time only,11,16,1,2,192.9996,0.7172675641309234
9,11,GB time only,11,16,1,2,194.0004,0.6390567334055021
9,11,GB time only,11,16,1,2,194.9993,0.6031396991595611
9,11,GB time only,11,16,1,2,195.9999,0.6031396991595611
9,11,GB time only,11,16,1,2,197.0017,0.6958857779528625
9,11,GB time only,11,16,1,2,198.0014,0.5885407917528126
9,11,GB time only,11,16,1,2,199.0005,0.6728192873532186
9,11,GB time only,11,16,1,2,200.0002,0.6291457971790969
9,11,GB time only,11,16,1,2,201.0007,0.6362669763437693
9,11,GB time only,11,16,1,2,201.9999,0.6362669763437693
9,11,GB time only,11,16,1,2,203.0017,0.671691352316786
9,11,GB time only,11,16,1,2,204.0013,0.6280494126394269
9,11,GB time only,11,16,1,2,205.0017,0.6280494126394269
9,11,GB time only,11,16,1,2,206.0016,0.6358843950118266
9,11,GB time only,11,16,1,2,207.0018,0.6358843950118266
9,11,GB time only,11,16,1,2,208.0024,0.6494504660749101
9,11,GB time only,11,16,1,2,209.0028,0.673686984296739
9,11,GB time only,11,16,1,2,210.0018,0.6016513840916842
9,11,GB time only,11,16,1,2,211.0014,0.6068963721824702
9,11,GB time only,11,16,1,2,212.0015,0.6068963721824702
9,11,GB time only,11,16,1,2,213.0008,0.6838210122257573
9,11,GB time only,11,16,1,2,214.0011,0.6527617425919474
9,11,GB time only,11,16,1,2,215.0008,0.5864330668606975
9,11,GB time only,11,16,1,2,216.0026,0.6315908898933122
9,11,GB time only,11,16,1,2,217.0029,0.628598400317036
9,11,GB time only,11,16,1,2,218.0034,0.628598400317036
9,11,GB time only,11,16,1,2,219.0023,0.6795871233926674
9,11,GB time only,11,16,1,2,220.003,0.730770099248994
9,11,GB time only,11,16,1,2,221.002,0.6400962825018769
9,11,GB time only,11,16,1,2,222.002,0.6516042254957484
9,11,GB time only,11,16,1,2,223.0025,0.6516042254957484
9,11,GB time only,11,16,1,2,224.004,0.7029820250418051
9,11,GB time only,11,16,1,2,225.0031,0.6602285567692746
9,11,GB time only,11,16,1,2,226.0039,0.6859927080042701
9,11,GB time only,11,16,1,2,227.002,0.629130408753985
9,11,GB time only,11,16,1,2,228.0034,0.7289857759598212
9,11,GB time only,11,16,1,2,229.0037,0.7289857759598212
9,11,GB time only,11,16,1,2,230.0028,0.6886822204236253
9,11,GB time only,11,16,1,2,231.0025,0.6544450951306331
9,11,GB time only,11,16,1,2,232.0024,0.6544450951306331
9,11,GB time only,11,16,1,2,233.0031,0.6544450951306331
9,11,GB time only,11,16,1,2,234.0032,0.6544450951306331
9,11,GB time only,11,16,1,2,235.0037,0.6868086251973218
9,11,GB time only,11,16,1,2,236.0033,0.6805472926773658
9,11,GB time only,11,16,1,2,237.0039,0.6805472926773658
9,11,GB time only,11,16,1,2,238.0043,0.657910742649453
9,11,GB time only,11,16,1,2,239.0042,0.657910742649453
9,11,GB time only,11,16,1,2,240.0038,0.6893474720637071
9,11,GB time only,11,16,1,2,241.0046,0.7309674093048096
9,11,GB time only,11,16,1,2,242.0053,0.629394908634033
9,11,GB time only,11,16,1,2,243.0047,0.6651599565516971
9,11,GB time only,11,16,1,2,244.0056,0.6780869692644519
9,11,GB time only,11,16,1,2,245.005,0.6780869692644519
9,11,GB time only,11,16,1,2,246.0058,0.6780869692644519
9,11,GB time only,11,16,1,2,247.004,0.6780869692644519
9,11,GB time only,11,16,1,2,248.0043,0.6449649796945253
9,11,GB time only,11,16,1,2,249.0041,0.6449649796945253
9,11,GB time only,11,16,1,2,250.0033,0.6782546929558677
9,11,GB time only,11,16,1,2,251.0055,0.6782546929558677
9,11,GB time only,11,16,1,2,252.0061,0.6782546929558677
9,11,GB time only,11,16,1,2,253.0053,0.6676668534177088
9,11,GB time only,11,16,1,2,254.0054,0.6806418605343543
9,11,GB time only,11,16,1,2,255.0071,0.6806418605343543
9,11,GB time only,11,16,1,2,256.0056,0.7408075033274597
9,11,GB time only,11,16,1,2,257.0051,0.6994026656895422
9,11,GB time only,11,16,1,2,258.0053,0.6392281523322643
9,11,GB time only,11,16,1,2,259.0051,0.6392281523322643
9,11,GB time only,11,16,1,2,260.0062,0.7344547259169659
9,11,GB time only,11,16,1,2,261.0061,0.7344547259169659
9,11,GB time only,11,16,1,2,262.0057,0.6510828435509495
9,11,GB time only,11,16,1,2,263.0062,0.6901031199312067
9,11,GB time only,11,16,1,2,264.0052,0.6901031199312067
9,11,GB time only,11,16,1,2,265.0056,0.7139639318037135
9,11,GB time only,11,16,1,2,266.0051,0.708874819997744
9,11,GB time only,11,16,1,2,267.0044,0.6681324462491858
9,11,GB time only,11,16,1,2,268.0049,0.6681324462491858
9,11,GB time only,11,16,1,2,269.0052,0.7070301778581211
9,11,GB time only,11,16,1,2,270.0058,0.7070301778581211
9,11,GB time only,11,16,1,2,271.0061,0.6852459623270989
9,11,GB time only,11,16,1,2,272.006,0.6885894686697214
9,11,GB time only,11,16,1,2,273.0064,0.6885894686697214
9,11,GB time only,11,16,1,2,274.0056,0.6842520328203505
9,11,GB time only,11,16,1,2,275.0049,0.7329438957120145
9,11,GB time only,11,16,1,2,276.007,0.7094155300981229
9,11,GB time only,11,16,1,2,277.0069,0.6765391847447306
9,11,GB time only,11,16,1,2,278.0079,0.6765391847447306
9,11,GB time only,11,16,1,2,279.0076,0.780939820651959
9,11,GB time only,11,16,1,2,280.0078,0.7366975010240904
9,11,GB time only,11,16,1,2,281.0071,0.7124383503810712
9,11,GB time only,11,16,1,2,282.0072,0.7419326995373878
9,11,GB time only,11,16,1,2,283.0072,0.7419326995373878
9,11,GB time only,11,16,1,2,284.0067,0.7379748218959618
9,11,GB time only,11,16,1,2,285.0071,0.7379748218959618
9,11,GB time only,11,16,1,2,286.0052,0.7425167492556962
9,11,GB time only,11,16,1,2,287.0066,0.7425167492556962
9,11,GB time only,11,16,1,2,288.0072,0.7373207040116628
9,11,GB time only,11,16,1,2,289.007,0.7105615798381066
9,11,GB time only,11,16,1,2,290.0083,0.7105615798381066
9,11,GB time only,11,16,1,2,290.9982,0.7105615798381066
9,11,GB time only,11,16,1,2,292.0073,0.7713305807134296
9,11,GB time only,11,16,1,2,293.007,0.7966602136156696
9,11,GB time only,11,16,1,2,294.0068,0.7302434434163281
9,11,GB time only,11,16,1,2,295.0081,0.7302434434163281
9,11,GB time only,11,16,1,2,296.0071,0.8434081555764472
9,11,GB time only,11,16,1,2,297.0096,0.7721559244157796
9,11,GB time only,11,16,1,2,298.0091,0.7659858523411619
9,11,GB time only,11,16,1,2,299.0084,0.817196740520341
9,11,GB time only,11,16,1,2,300.0071,0.817196740520341
9,11,GB time only,11,16,1,2,301.0079,0.798664588474386
9,11,GB time only,11,17,0,0,0.011267,0.0009440015911810748
9,11,GB time only,11,17,0,0,1.009216,0.0009440015911810748
9,11,GB time only,11,17,0,0,2.010768,0.0009440015911810748
9,11,GB time only,11,17,0,0,3.010537,0.0009440015911810748
9,11,GB time only,11,17,0,0,4.010739,0.037106484913267644
9,11,GB time only,11,17,0,0,5.012167,0.037106484913267644
9,11,GB time only,11,17,0,0,6.013333,0.07306082580011977
9,11,GB time only,11,17,0,0,7.013581,0.10564721311567993
9,11,GB time only,11,17,0,0,8.013154,0.10804435578671814
9,11,GB time only,11,17,0,0,9.014494,0.10804435578671814
9,11,GB time only,11,17,0,0,10.01451,0.10804435578671814
9,11,GB time only,11,17,0,0,11.01476,0.10750551237457771
9,11,GB time only,11,17,0,0,12.01291,0.1081650250411978
9,11,GB time only,11,17,0,0,13.01344,0.1081650250411978
9,11,GB time only,11,17,0,0,14.01325,0.1081650250411978
9,11,GB time only,11,17,0,0,15.01351,0.13762545777227078
9,11,GB time only,11,17,0,0,16.01389,0.07683109039836054
9,11,GB time only,11,17,0,0,17.01487,0.10870936383628366
9,11,GB time only,11,17,0,0,18.0142,0.137812450994472
9,11,GB time only,11,17,0,0,19.01457,0.137812450994472
9,11,GB time only,11,17,0,0,20.01595,0.14206674249191303
9,11,GB time only,11,17,0,0,21.01333,0.14206674249191303
9,11,GB time only,11,17,0,0,22.01412,0.1381321241539387
9,11,GB time only,11,17,0,0,23.01465,0.1381321241539387
9,11,GB time only,11,17,0,0,24.01475,0.10928779110992157
9,11,GB time only,11,17,0,0,25.01406,0.10928779110992157
9,11,GB time only,11,17,0,0,26.01443,0.17693071203615998
9,11,GB time only,11,17,0,0,27.01342,0.1729754660280866
9,11,GB time only,11,17,0,0,28.01403,0.14658390962095466
9,11,GB time only,11,17,0,0,29.01394,0.21314236278530463
9,11,GB time only,11,17,0,0,30.01456,0.2442585346000531
9,11,GB time only,11,17,0,0,31.01446,0.17619330924431095
9,11,GB time only,11,17,0,0,32.01382,0.24470376198484223
9,11,GB time only,11,17,0,0,33.01542,0.21228418983021474
9,11,GB time only,11,17,0,0,34.01452,0.20964797945085203
9,11,GB time only,11,17,0,0,35.01497,0.21344584505429437
9,11,GB time only,11,17,0,0,36.01291,0.21344584505429437
9,11,GB time only,11,17,0,0,37.01405,0.2440713024072719
9,11,GB time only,11,17,0,0,38.01328,0.21513623932608175
9,11,GB time only,11,17,0,0,39.01426,0.24019430052057508
9,11,GB time only,11,17,0,0,40.01369,0.24349564243572516
9,11,GB time only,11,17,0,0,41.01524,0.21513981270722754
9,11,GB time only,11,17,0,0,42.00517,0.2446194301307952
9,11,GB time only,11,17,0,0,43.01529,0.17267549025405501
9,11,GB time only,11,17,0,0,44.01579,0.28499592700969695
9,11,GB time only,11,17,0,0,45.01544,0.18169378525006114
9,11,GB time only,11,17,0,0,46.00477,0.26943780608516293
9,11,GB time only,11,17,0,0,47.00568,0.26943780608516293
9,11,GB time only,11,17,0,0,48.01549,0.21324477175993664
9,11,GB time only,11,17,1,1,49.01421,0.21324477175993664
9,11,GB time only,11,17,1,1,50.01254,0.21324477175993664
9,11,GB time only,11,17,1,1,51.01536,0.2103696766572177
9,11,GB time only,11,17,1,2,52.00605,0.2469620176246063
9,11,GB time only,11,17,1,2,53.00695,0.31143514406005707
9,11,GB time only,11,17,1,2,54.00532,0.31143514406005707
9,11,GB time only,11,17,1,2,55.00634,0.2782803627541551
9,11,GB time only,11,17,1,2,56.00675,0.3112871611355646
9,11,GB time only,11,17,1,2,57.00716,0.3112871611355646
9,11,GB time only,11,17,1,2,58.00694,0.285971574780714
9,11,GB time only,11,17,1,2,59.00693,0.3367193156287667
9,11,GB time only,11,17,1,2,60.0069,0.3367193156287667
9,11,GB time only,11,17,1,2,61.00563,0.4042253296599176
9,11,GB time only,11,17,1,2,62.00499,0.3182885441813508
9,11,GB time only,11,17,1,2,63.00678,0.3432033817741079
9,11,GB time only,11,17,1,2,64.0051,0.3382957346964936
9,11,GB time only,11,17,1,2,65.00654,0.34347532689891447
9,11,GB time only,11,17,1,2,66.00629,0.3191837425622988
9,11,GB time only,11,17,1,2,67.01572,0.337002512530859
9,11,GB time only,11,17,1,2,68.00474,0.337002512530859
9,11,GB time only,11,17,1,2,69.00492,0.3738321215709618
9,11,GB time only,11,17,1,2,70.01665,0.3462676533817101
9,11,GB time only,11,17,1,3,71.0051,0.3462676533817101
9,11,GB time only,11,17,1,3,72.00601,0.30890073616874025
9,11,GB time only,11,17,1,3,73.00735,0.437392303541638
9,11,GB time only,11,17,1,3,74.00593,0.377891199465236
9,11,GB time only,11,17,1,3,75.00636,0.377891199465236
9,11,GB time only,11,17,1,3,76.00766,0.3420660706811286
9,11,GB time only,11,17,1,3,77.0057,0.3469828485593958
9,11,GB time only,11,17,1,3,78.00646,0.4379422137134628
9,11,GB time only,11,17,1,3,79.01675,0.432544692728466
9,11,GB time only,11,17,1,3,80.00556,0.432544692728466
9,11,GB time only,11,17,1,3,81.007,0.43657736860363255
9,11,GB time only,11,17,1,3,82.00832,0.4134793568929756
9,11,GB time only,11,17,1,3,83.00883,0.4134793568929756
9,11,GB time only,11,17,1,3,84.00884,0.4304415779252251
9,11,GB time only,11,17,1,3,85.00963,0.46652726229289343
9,11,GB time only,11,17,1,3,86.00945,0.4160386297378405
9,11,GB time only,11,17,1,3,87.00805,0.47356823394017744
9,11,GB time only,11,17,1,3,88.00813,0.48342599749969606
9,11,GB time only,11,17,1,3,89.00817,0.4452292640294342
9,11,GB time only,11,17,1,3,90.00745,0.4452292640294342
9,11,GB time only,11,17,1,3,91.00802,0.4452292640294342
9,11,GB time only,11,17,1,3,92.00787,0.527974050205041
9,11,GB time only,11,17,1,3,93.00655,0.46571860744497945
9,11,GB time only,11,17,1,3,94.00692,0.4743976823563705
9,11,GB time only,11,17,1,3,95.00689,0.5257999490457951
9,11,GB time only,11,17,1,3,96.00686,0.491613835993449
9,11,GB time only,11,17,1,3,97.00623,0.4801678166816971
9,11,GB time only,11,17,1,3,98.00809,0.5033367711032379
9,11,GB time only,11,17,1,3,99.00822,0.5851363895215924
9,11,GB time only,11,17,1,3,100.0084,0.5851363895215924
9,11,GB time only,11,17,1,3,101.0085,0.547390778977649
9,11,GB time only,11,17,1,3,102.0082,0.547390778977649
9,11,GB time only,11,17,1,3,103.009,0.547390778977649
9,11,GB time only,11,17,1,3,104.0102,0.5332394422376993
9,11,GB time only,11,17,1,3,105.0087,0.46217982431209553
9,11,GB time only,11,17,1,3,106.008,0.45083599278495845
9,11,GB time only,11,17,1,3,107.0074,0.45083599278495845
9,11,GB time only,11,17,1,3,108.0091,0.5296819203577006
9,11,GB time only,11,17,1,3,109.0091,0.5296819203577006
9,11,GB time only,11,17,1,3,110.0097,0.46188907949278235
9,11,GB time only,11,17,1,3,111.0108,0.44849161953623956
9,11,GB time only,11,17,1,3,112.0106,0.5565178890036645
9,11,GB time only,11,17,1,3,113.0105,0.5565178890036645
9,11,GB time only,11,17,1,3,114.0107,0.5185494301669381
9,11,GB time only,11,17,1,3,115.0101,0.44583360946266803
9,11,GB time only,11,17,1,3,116.011,0.44583360946266803
9,11,GB time only,11,17,1,3,117.0095,0.44583360946266803
9,11,GB time only,11,17,1,3,118.0088,0.48426744389211723
9,11,GB time only,11,17,1,3,119.0105,0.48426744389211723
9,11,GB time only,11,17,1,3,120.0088,0.4730443180082392
9,11,GB time only,11,17,1,3,121.0088,0.4457608722004515
9,11,GB time only,11,17,1,3,122.0083,0.4457608722004515
9,11,GB time only,11,17,1,3,123.0078,0.4457608722004515
9,11,GB time only,11,17,1,3,124.0098,0.5134965750794983
9,11,GB time only,11,17,1,3,125.0086,0.5038516939970423
9,11,GB time only,11,17,1,3,126.0094,0.47729860749382574
9,11,GB time only,11,17,1,3,127.0103,0.47729860749382574
9,11,GB time only,11,17,1,3,128.0101,0.49022227808328844
9,11,GB time only,11,17,1,3,129.0102,0.5296571268062175
9,11,GB time only,11,17,1,3,130.0102,0.5296571268062175
9,11,GB time only,11,17,1,3,131.0108,0.5296571268062175
9,11,GB time only,11,17,1,3,132.0108,0.46685642560673185
9,11,GB time only,11,17,1,3,133.011,0.4754798020118732
9,11,GB time only,11,17,1,3,134.0108,0.4754798020118732
9,11,GB time only,11,17,1,3,135.0118,0.5037998938174332
9,11,GB time only,11,17,1,3,136.0104,0.5318250047019486
9,11,GB time only,11,17,1,3,137.0114,0.5416161381180427
9,11,GB time only,11,17,1,3,138.0086,0.4823800063093352
9,11,GB time only,11,17,1,3,139.0096,0.4823800063093352
9,11,GB time only,11,17,1,3,140.0113,0.5339547037760496
9,11,GB time only,11,17,1,3,141.0135,0.5845772323612946
9,11,GB time only,11,17,1,3,142.0118,0.5191431308955948
9,11,GB time only,11,17,1,3,143.0126,0.4989448448862239
9,11,GB time only,11,17,1,3,144.0129,0.5478544252928866
9,11,GB time only,11,17,1,3,145.012,0.5556775707194445
9,11,GB time only,11,17,1,3,146.0126,0.5556775707194445
9,11,GB time only,11,17,1,3,147.012,0.5140458346576857
9,11,GB time only,11,17,1,3,148.0111,0.5210113508010402
9,11,GB time only,11,17,1,3,149.0121,0.5332502156136172
9,11,GB time only,11,17,1,3,150.0108,0.5403013209514662
9,11,GB time only,11,17,1,3,151.0116,0.5403013209514662
9,11,GB time only,11,17,1,3,152.0109,0.5338205518246143
9,11,GB time only,11,17,1,3,153.0105,0.5149882903865347
9,11,GB time only,11,17,1,3,154.0101,0.5635352600046909
9,11,GB time only,11,17,1,3,155.0105,0.5635352600046909
9,11,GB time only,11,17,1,3,156.0103,0.5696646522756226
9,11,GB time only,11,17,1,3,157.011,0.5422132388643988
9,11,GB time only,11,17,1,3,158.0111,0.6142247255501393
9,11,GB time only,11,17,1,3,159.0116,0.5434915698011004
9,11,GB time only,11,17,1,3,160.0125,0.6249519803991489
9,11,GB time only,11,17,1,3,161.0122,0.5999543271599111
9,11,GB time only,11,17,1,3,162.0123,0.5999543271599111
9,11,GB time only,11,17,1,3,163.0105,0.6155990821502744
9,11,GB time only,11,17,1,3,164.0115,0.5871716973357859
9,11,GB time only,11,17,1,3,165.0127,0.594545243469979
9,11,GB time only,11,17,1,3,166.0126,0.594545243469979
9,11,GB time only,11,17,1,3,167.0138,0.5716219775305523
9,11,GB time only,11,17,1,3,168.0134,0.5716219775305523
9,11,GB time only,11,17,1,3,169.0139,0.6379683951684367
9,11,GB time only,11,17,1,3,170.0137,0.5858652484345273
9,11,GB time only,11,17,1,3,171.014,0.642912687185754
9,11,GB time only,11,17,1,3,172.0133,0.642912687185754
9,11,GB time only,11,17,1,3,173.0134,0.5957815315195485
9,11,GB time only,11,17,1,3,174.0133,0.5842151787758957
9,11,GB time only,11,17,1,3,175.0133,0.644012861145736
9,11,GB time only,11,17,1,3,176.0137,0.5453505905043116
9,11,GB time only,11,17,1,3,177.0143,0.5453505905043116
9,11,GB time only,11,17,1,3,178.0134,0.6179357648442518
9,11,GB time only,11,17,1,3,179.0132,0.5851887282209192
9,11,GB time only,11,17,1,3,180.013,0.6212628915760179
9,11,GB time only,11,17,1,3,181.0135,0.6396112643360772
9,11,GB time only,11,17,1,3,182.0134,0.5961900760121801
9,11,GB time only,11,17,1,3,183.0136,0.5961900760121801
9,11,GB time only,11,17,1,3,184.0135,0.5862209058960135
9,11,GB time only,11,17,1,3,185.0143,0.6170726972202396
9,11,GB time only,11,17,1,3,186.0142,0.5735749409725519
9,11,GB time only,11,17,1,3,187.0137,0.5735749409725519
9,11,GB time only,11,17,1,3,188.0129,0.6422750721987351
9,11,GB time only,11,17,1,3,189.0135,0.5595765945708518
9,11,GB time only,11,17,1,3,190.0132,0.6231002315541752
9,11,GB time only,11,17,1,3,191.0142,0.6231002315541752
9,11,GB time only,11,17,1,3,192.0143,0.7172675641309234
9,11,GB time only,11,17,1,3,193.0143,0.6390567334055021
9,11,GB time only,11,17,1,3,194.0146,0.6390567334055021
9,11,GB time only,11,17,1,3,195.0144,0.6031396991595611
9,11,GB time only,11,17,1,3,196.0145,0.6958857779528625
9,11,GB time only,11,17,1,3,197.0046,0.6958857779528625
9,11,GB time only,11,17,1,3,198.0152,0.5885407917528126
9,11,GB time only,11,17,1,3,199.0153,0.6728192873532186
9,11,GB time only,11,17,1,3,200.0146,0.6291457971790969
9,11,GB time only,11,17,1,3,201.0141,0.6362669763437693
9,11,GB time only,11,17,1,3,202.0137,0.671691352316786
9,11,GB time only,11,17,0,0,203.0151,0.6280494126394269
9,11,GB time only,11,17,0,0,204.0154,0.6280494126394269
9,11,GB time only,11,17,0,0,205.0158,0.6280494126394269
9,11,GB time only,11,17,0,0,206.015,0.6358843950118266
9,11,GB time only,11,17,0,0,207.0146,0.6494504660749101
9,11,GB time only,11,17,0,0,208.0141,0.673686984296739
9,11,GB time only,11,17,0,0,209.0146,0.6016513840916842
9,11,GB time only,11,17,0,0,210.0141,0.6016513840916842
9,11,GB time only,11,17,0,0,211.0146,0.6068963721824702
9,11,GB time only,11,17,0,0,212.0141,0.6838210122257573
9,11,GB time only,11,17,0,0,213.013,0.6527617425919474
9,11,GB time only,11,17,0,0,214.014,0.5864330668606975
9,11,GB time only,11,17,0,0,215.0143,0.5864330668606975
9,11,GB time only,11,17,0,0,216.0142,0.6315908898933122
9,11,GB time only,11,17,0,0,217.0132,0.628598400317036
9,11,GB time only,11,17,0,0,218.0146,0.6795871233926674
9,11,GB time only,11,17,0,0,219.0155,0.730770099248994
9,11,GB time only,11,17,0,0,220.0047,0.730770099248994
9,11,GB time only,11,17,0,0,221.0041,0.6400962825018769
9,11,GB time only,11,17,0,0,222.0053,0.6516042254957484
9,11,GB time only,11,17,0,0,223.0042,0.6516042254957484
9,11,GB time only,11,17,0,0,224.0043,0.7029820250418051
9,11,GB time only,11,17,0,0,225.0045,0.6602285567692746
9,11,GB time only,11,17,0,0,226.0041,0.6859927080042701
9,11,GB time only,11,17,0,0,227.0047,0.629130408753985
9,11,GB time only,11,17,0,0,228.0157,0.7289857759598212
9,11,GB time only,11,17,0,0,229.0042,0.7289857759598212
9,11,GB time only,11,17,0,0,230.0042,0.6886822204236253
9,11,GB time only,11,17,0,0,231.015,0.6544450951306331
9,11,GB time only,11,17,0,0,232.0043,0.6544450951306331
9,11,GB time only,11,17,0,0,233.0045,0.6544450951306331
9,11,GB time only,11,17,0,0,234.015,0.6868086251973218
9,11,GB time only,11,17,0,0,235.015,0.6805472926773658
9,11,GB time only,11,17,0,0,236.0049,0.6805472926773658
9,11,GB time only,11,17,0,0,237.0058,0.6805472926773658
9,11,GB time only,11,17,0,0,238.0066,0.657910742649453
9,11,GB time only,11,17,0,0,239.0082,0.6893474720637071
9,11,GB time only,11,17,0,0,240.0067,0.6893474720637071
9,11,GB time only,11,17,0,0,241.0064,0.7309674093048096
9,11,GB time only,11,17,0,0,242.0061,0.629394908634033
9,11,GB time only,11,17,0,0,243.0064,0.6651599565516971
9,11,GB time only,11,17,0,0,244.006,0.6780869692644519
9,11,GB time only,11,17,0,0,245.0055,0.6780869692644519
9,11,GB time only,11,17,0,0,246.0066,0.6780869692644519
9,11,GB time only,11,17,0,0,247.0063,0.6780869692644519
9,11,GB time only,11,17,0,0,248.0059,0.6449649796945253
9,11,GB time only,11,17,0,0,249.006,0.6782546929558677
9,11,GB time only,11,17,0,0,250.0056,0.6782546929558677
9,11,GB time only,11,17,0,0,251.0057,0.6782546929558677
9,11,GB time only,11,17,0,0,252.0064,0.6782546929558677
9,11,GB time only,11,17,0,0,253.0056,0.6676668534177088
9,11,GB time only,11,17,0,0,254.0052,0.6806418605343543
9,11,GB time only,11,17,0,0,255.0055,0.6806418605343543
9,11,GB time only,11,17,0,0,256.0053,0.7408075033274597
9,11,GB time only,11,17,0,0,257.0049,0.6994026656895422
9,11,GB time only,11,17,0,0,258.0047,0.6392281523322643
9,11,GB time only,11,17,0,0,259.0052,0.6392281523322643
9,11,GB time only,11,17,0,0,260.0065,0.7344547259169659
9,11,GB time only,11,17,0,0,261.0071,0.7344547259169659
9,11,GB time only,11,17,0,0,262.0067,0.6510828435509495
9,11,GB time only,11,17,0,0,263.007,0.6901031199312067
9,11,GB time only,11,17,0,0,264.0072,0.6901031199312067
9,11,GB time only,11,17,0,0,265.0074,0.7139639318037135
9,11,GB time only,11,17,0,0,266.0079,0.708874819997744
9,11,GB time only,11,17,0,0,267.0063,0.6681324462491858
9,11,GB time only,11,17,0,0,268.0071,0.6681324462491858
9,11,GB time only,11,17,0,0,269.007,0.7070301778581211
9,11,GB time only,11,17,0,0,270.008,0.7070301778581211
9,11,GB time only,11,17,0,0,271.0076,0.6852459623270989
9,11,GB time only,11,17,0,0,272.0083,0.6885894686697214
9,11,GB time only,11,17,0,0,273.0101,0.6842520328203505
9,11,GB time only,11,17,0,0,274.0092,0.6842520328203505
9,11,GB time only,11,17,0,0,275.0092,0.7329438957120145
9,11,GB time only,11,17,0,0,276.0079,0.7094155300981229
9,11,GB time only,11,17,0,0,277.0084,0.6765391847447306
9,11,GB time only,11,17,0,0,278.0099,0.780939820651959
9,11,GB time only,11,17,0,0,279.0088,0.780939820651959
9,11,GB time only,11,17,0,0,280.0082,0.7366975010240904
9,11,GB time only,11,17,0,0,281.0092,0.7124383503810712
9,11,GB time only,11,17,0,0,282.0089,0.7419326995373878
9,11,GB time only,11,17,0,0,283.0091,0.7419326995373878
9,11,GB time only,11,17,0,0,284.0089,0.7379748218959618
9,11,GB time only,11,17,0,0,285.0094,0.7379748218959618
9,11,GB time only,11,17,0,0,286.0088,0.7425167492556962
9,11,GB time only,11,17,0,0,287.0086,0.7373207040116628
9,11,GB time only,11,17,0,0,288.0084,0.7373207040116628
9,11,GB time only,11,17,0,0,289.0072,0.7105615798381066
9,11,GB time only,11,17,0,0,290.008,0.7105615798381066
9,11,GB time only,11,17,0,0,291.0084,0.7105615798381066
9,11,GB time only,11,17,0,0,292.0078,0.7713305807134296
9,11,GB time only,11,17,0,0,293.0093,0.7966602136156696
9,11,GB time only,11,17,0,0,294.0094,0.7302434434163281
9,11,GB time only,11,17,0,0,295.0093,0.8434081555764472
9,11,GB time only,11,17,0,0,296.0093,0.8434081555764472
9,11,GB time only,11,17,0,0,297.0098,0.7721559244157796
9,11,GB time only,11,17,0,0,298.0105,0.7659858523411619
9,11,GB time only,11,17,0,0,299.0096,0.817196740520341
9,11,GB time only,11,17,0,0,300.0081,0.817196740520341
9,11,GB time only,11,17,0,0,301.008,0.798664588474386
9,11,RF+GB,9,13,0,0,0.0110195,0.023020468953685626
9,11,RF+GB,9,13,0,0,1.005759,0.01960699089503528
9,11,RF+GB,9,13,0,0,2.00784,0.01871959145658383
9,11,RF+GB,9,13,0,0,3.007802,0.018698212809457607
9,11,RF+GB,9,13,0,0,4.007293,0.02371036621445453
9,11,RF+GB,9,13,0,0,5.008187,0.028444377272545954
9,11,RF+GB,9,13,0,0,6.008643,0.033444377272545955
9,11,RF+GB,9,13,0,0,7.009022,0.042697297864407624
9,11,RF+GB,9,13,0,0,8.008588,0.05587978722552496
9,11,RF+GB,9,13,0,0,9.008896,0.08153660903640729
9,11,RF+GB,9,13,0,0,10.00913,0.09479034761599363
9,11,RF+GB,9,13,0,0,11.01103,0.08412751885645865
9,11,RF+GB,9,13,0,0,12.01013,0.09163607362545412
9,11,RF+GB,9,13,0,0,13.01072,0.08887048560144035
9,11,RF+GB,9,13,0,0,14.01103,0.09662555521613676
9,11,RF+GB,9,13,0,0,15.0121,0.08225073480444217
9,11,RF+GB,9,13,0,0,16.00964,0.07802913702897767
9,11,RF+GB,9,13,0,0,17.01035,0.07934547784451261
9,11,RF+GB,9,13,0,0,18.01051,0.09352780844516269
9,11,RF+GB,9,13,0,0,19.0111,0.1036147326993493
9,11,RF+GB,9,13,0,0,20.01075,0.11008448834868353
9,11,RF+GB,9,13,0,0,21.00977,0.1432111824284045
9,11,RF+GB,9,13,0,0,22.0112,0.158817001198019
9,11,RF+GB,9,13,0,0,23.01091,0.15027588156261337
9,11,RF+GB,9,13,0,0,24.0096,0.139362180997764
9,11,RF+GB,9,13,0,0,25.01049,0.13080974707101406
9,11,RF+GB,9,13,0,0,26.01068,0.13638802679471507
9,11,RF+GB,9,13,0,0,27.01039,0.13996588230106993
9,11,RF+GB,9,13,0,0,28.01047,0.13316523981005998
9,11,RF+GB,9,13,0,0,29.01056,0.14173960740357824
9,11,RF+GB,9,13,0,0,30.01037,0.13916949787985278
9,11,RF+GB,9,13,0,0,31.01037,0.16853036791173626
9,11,RF+GB,9,13,0,0,32.01043,0.17161099457552026
9,11,RF+GB,9,13,0,0,33.01025,0.16507253133009006
9,11,RF+GB,9,13,0,0,34.01165,0.15796228431644777
9,11,RF+GB,9,13,0,0,35.01178,0.15798527684966335
9,11,RF+GB,9,13,0,0,36.01152,0.17574543620765498
9,11,RF+GB,9,13,0,0,37.01201,0.18039966289958048
9,11,RF+GB,9,13,0,0,38.01177,0.18025521619935814
9,11,RF+GB,9,13,0,0,39.01201,0.18399905264814065
9,11,RF+GB,9,13,0,0,40.01328,0.19757547679491044
9,11,RF+GB,9,13,0,0,41.01098,0.19054397934636907
9,11,RF+GB,9,13,0,0,42.01181,0.19022758504978704
9,11,RF+GB,9,13,0,0,43.011,0.18803968732128554
9,11,RF+GB,9,13,0,0,44.01217,0.18456917355348051
9,11,RF+GB,9,13,0,0,45.01147,0.18534146612754
9,11,RF+GB,9,13,0,0,46.01141,0.1892056562684829
9,11,RF+GB,9,13,0,0,47.01147,0.18576364757675207
9,11,RF+GB,9,13,0,0,48.011,0.18389702149433904
9,11,RF+GB,9,13,0,0,49.01306,0.17734062388465716
9,11,RF+GB,9,13,0,0,50.01255,0.17904737649168284
9,11,RF+GB,9,13,0,0,51.0136,0.16933876661840014
9,11,RF+GB,9,13,0,0,52.01255,0.17392089375262101
9,11,RF+GB,9,13,0,0,53.01245,0.1936799756930859
9,11,RF+GB,9,13,0,0,54.01316,0.18579610512590625
9,11,RF+GB,9,13,0,0,55.01288,0.18772036909990045
9,11,RF+GB,9,13,0,0,56.01094,0.19575108097129496
9,11,RF+GB,9,13,0,0,57.01193,0.20837486706054806
9,11,RF+GB,9,13,0,0,58.01228,0.19633042046432053
9,11,RF+GB,9,13,0,0,59.01311,0.19795579383619577
9,11,RF+GB,9,13,0,0,60.01287,0.20211312918299862
9,11,RF+GB,9,13,0,0,61.01322,0.21245311851340143
9,11,RF+GB,9,13,0,0,62.00483,0.20184084168404398
9,11,RF+GB,9,13,0,0,63.00399,0.193043244245951
9,11,RF+GB,9,13,0,0,64.01481,0.19402758345897916
9,11,RF+GB,9,13,0,0,65.01499,0.21779172272838238
9,11,RF+GB,9,13,0,0,66.00488,0.21465570973281906
9,11,RF+GB,9,13,0,0,67.01431,0.21393721737059576
9,11,RF+GB,9,13,0,0,68.01569,0.22680402323667598
9,11,RF+GB,9,13,0,0,69.01431,0.24628034764543394
9,11,RF+GB,9,13,0,0,70.00444,0.24877361500260087
9,11,RF+GB,9,13,0,0,71.01484,0.2508943802108774
9,11,RF+GB,9,13,0,0,72.01485,0.25152847906495357
9,11,RF+GB,9,13,0,0,73.01538,0.31314448638678327
9,11,RF+GB,9,13,0,0,74.01483,0.25350975722623115
9,11,RF+GB,9,13,0,0,75.01283,0.256842828859992
9,11,RF+GB,9,13,0,0,76.01294,0.2569878446293138
9,11,RF+GB,9,13,0,0,77.0144,0.250872947003732
9,11,RF+GB,9,13,0,0,78.01477,0.2646879299626403
9,11,RF+GB,9,13,0,0,79.01405,0.2990766488319976
9,11,RF+GB,9,13,0,0,80.01414,0.29616806542610064
9,11,RF+GB,9,13,0,0,81.01292,0.29087335742670095
9,11,RF+GB,9,13,0,0,82.01397,0.24350720721637426
9,11,RF+GB,9,13,0,0,83.01512,0.26309721884863846
9,11,RF+GB,9,13,0,0,84.00425,0.27797700731948033
9,11,RF+GB,9,13,0,0,85.0048,0.27115519177276526
9,11,RF+GB,9,13,0,0,86.00455,0.2551204888719092
9,11,RF+GB,9,13,0,0,87.00511,0.26211935884404847
9,11,RF+GB,9,13,0,0,88.01478,0.27531007680165553
9,11,RF+GB,9,13,0,0,89.01393,0.3138367727306957
9,11,RF+GB,9,13,0,0,90.00504,0.25968883286302546
9,11,RF+GB,9,13,0,0,91.00574,0.28896808307710475
9,11,RF+GB,9,13,0,0,92.01431,0.2971642148984875
9,11,RF+GB,9,13,0,0,93.01505,0.31785693432568474
9,11,RF+GB,9,13,0,0,94.00507,0.523193042496572
9,11,RF+GB,9,13,0,0,95.00547,0.5680837716846929
9,11,RF+GB,9,13,0,0,96.00397,0.5844490726157296
9,11,RF+GB,9,13,0,0,97.00613,0.589473075481151
9,11,RF+GB,9,13,0,0,98.00716,0.5971001629053834
9,11,RF+GB,9,13,0,0,99.00568,0.5852847715516005
9,11,RF+GB,9,13,0,0,100.0066,0.5626425796360637
9,11,RF+GB,9,13,0,0,101.0064,0.555665689370623
9,11,RF+GB,9,13,0,0,102.0046,0.5356757854441476
9,11,RF+GB,9,13,0,0,103.0056,0.5499170379267574
9,11,RF+GB,9,13,0,0,104.0057,0.5437500981102283
9,11,RF+GB,9,13,0,0,105.0069,0.5170635249820044
9,11,RF+GB,9,13,0,0,106.0045,0.5881420540666789
9,11,RF+GB,9,13,0,0,107.0059,0.6305336626025366
9,11,RF+GB,9,13,0,0,108.0047,0.5795984754792012
9,11,RF+GB,9,13,0,0,109.0066,0.6052572907780587
9,11,RF+GB,9,13,0,0,110.0056,0.6657683126946625
9,11,RF+GB,9,13,0,0,111.0052,0.6824775369841076
9,11,RF+GB,9,13,0,0,112.0055,0.685788728037364
9,11,RF+GB,9,13,0,0,113.0053,0.71166572398075
9,11,RF+GB,9,13,0,0,114.0057,0.7120495472659185
9,11,RF+GB,9,13,0,0,115.0057,0.70469836423148
9,11,RF+GB,9,13,0,0,116.006,0.6977841163952094
9,11,RF+GB,9,13,0,0,117.0064,0.7077201714016916
9,11,RF+GB,9,13,0,0,118.0063,0.6642921229518479
9,11,RF+GB,9,13,0,0,119.0068,0.7213630364862831
9,11,RF+GB,9,13,0,0,120.0069,0.6726898145895395
9,11,RF+GB,9,13,0,0,121.0075,0.6737154360853534
9,11,RF+GB,9,13,0,0,122.0072,0.6600948656593728
9,11,RF+GB,9,13,0,0,123.0058,0.6480563964358554
9,11,RF+GB,9,13,0,0,124.0076,0.6471299238680795
9,11,RF+GB,9,13,0,0,125.007,0.670355255513174
9,11,RF+GB,9,13,0,0,126.0072,0.7316528263094288
9,11,RF+GB,9,13,0,0,127.0068,0.7433287528919934
9,11,RF+GB,9,13,0,0,128.0076,0.7366657637349532
9,11,RF+GB,9,13,0,0,129.0074,0.7396980878983959
9,11,RF+GB,9,13,0,0,130.0071,0.7478933317831864
9,11,RF+GB,9,13,1,3,131.0081,0.7695181425390386
9,11,RF+GB,9,13,1,3,132.0073,0.822122225063568
9,11,RF+GB,9,13,1,3,133.0062,0.8259709092916179
9,11,RF+GB,9,13,1,3,134.0074,0.8313909676161002
9,11,RF+GB,9,13,1,3,135.0069,0.8266019043240979
9,11,RF+GB,9,13,1,3,136.0064,0.8248986220084396
9,11,RF+GB,9,13,1,3,137.0067,0.8284592493473497
9,11,RF+GB,9,13,1,3,138.0067,0.823970900242164
9,11,RF+GB,9,13,1,3,139.007,0.8246572062505442
9,11,RF+GB,9,13,1,3,140.0062,0.8275198819746918
9,11,RF+GB,9,13,1,3,141.0073,0.8286357060619404
9,11,RF+GB,9,13,1,3,142.0084,0.8269673479832477
9,11,RF+GB,9,13,1,3,143.008,0.8244198553913045
9,11,RF+GB,9,13,1,3,144.0094,0.8237102614942609
9,11,RF+GB,9,13,1,3,145.0076,0.8254952495272061
9,11,RF+GB,9,13,1,3,146.0077,0.8331414961966442
9,11,RF+GB,9,13,1,3,147.0074,0.8410245421599957
9,11,RF+GB,9,13,1,3,148.0075,0.8329468943239011
9,11,RF+GB,9,13,1,3,149.0084,0.8282813439263118
9,11,RF+GB,9,13,1,3,150.0068,0.8266462296903199
9,11,RF+GB,9,13,1,3,151.0084,0.8291710740043681
9,11,RF+GB,9,13,1,3,152.009,0.8462447289120149
9,11,RF+GB,9,13,1,3,153.0098,0.8528011639611826
9,11,RF+GB,9,13,1,3,154.0073,0.8559804244468774
9,11,RF+GB,9,13,0,0,155.0084,0.8546803638201618
9,11,RF+GB,9,13,0,0,156.0078,0.8673002808460751
9,11,RF+GB,9,13,0,0,157.008,0.8633951818718608
9,11,RF+GB,9,13,0,0,158.0095,0.8646314652375635
9,11,RF+GB,9,13,0,0,159.0101,0.8633964533832086
9,11,RF+GB,9,13,0,0,160.0103,0.8631955188159595
9,11,RF+GB,9,13,0,0,161.0102,0.8674385709218788
9,11,RF+GB,9,13,0,0,162.0098,0.8653956255299688
9,11,RF+GB,9,13,0,0,163.0103,0.8683159816342292
9,11,RF+GB,9,13,0,0,164.0104,0.8659257724782212
9,11,RF+GB,9,13,0,0,165.0098,0.8593946566001824
9,11,RF+GB,9,13,0,0,166.0106,0.8574277956703069
9,11,RF+GB,9,13,0,0,167.0094,0.8493208881073278
9,11,RF+GB,9,13,0,0,168.0101,0.8427161758317361
9,11,RF+GB,9,13,0,0,169.0095,0.8399532539039588
9,11,RF+GB,9,13,0,0,170.0094,0.8353436084691799
9,11,RF+GB,9,13,0,0,171.0103,0.8420188026859801
9,11,RF+GB,9,13,0,0,172.0116,0.8351822913384597
9,11,RF+GB,9,13,0,0,173.0117,0.8045403850334816
9,11,RF+GB,9,13,0,0,174.0113,0.7950634148822235
9,11,RF+GB,9,13,0,0,175.0105,0.7691052684333202
9,11,RF+GB,9,13,0,0,176.0114,0.745986697832679
9,11,RF+GB,9,13,0,0,177.011,0.7920966424156473
9,11,RF+GB,9,13,0,0,178.0101,0.8011591456470741
9,11,RF+GB,9,13,0,0,179.0093,0.7976910671670319
9,11,RF+GB,9,13,0,0,180.0106,0.7897440545090618
9,11,RF+GB,9,13,0,0,181.0108,0.8059294480676018
9,11,RF+GB,9,13,0,0,182.0097,0.801516445736861
9,11,RF+GB,9,13,0,0,183.0091,0.8365698412473953
9,11,RF+GB,9,13,0,0,184.0103,0.8381921445981645
9,11,RF+GB,9,13,0,0,185.0096,0.8346877534667414
9,11,RF+GB,9,13,0,0,186.01,0.8396906576213508
9,11,RF+GB,9,13,0,0,187.0108,0.8509482239686221
9,11,RF+GB,9,13,0,0,188.0104,0.8593834068040921
9,11,RF+GB,9,13,0,0,189.0116,0.876774524809262
9,11,RF+GB,9,13,0,0,190.0116,0.87580769503426
9,11,RF+GB,9,13,0,0,191.0115,0.8755262778108952
9,11,RF+GB,9,13,0,0,192.0119,0.8817587870343232
9,11,RF+GB,9,13,0,0,193.0109,0.8768863377582072
9,11,RF+GB,9,13,0,0,194.0107,0.8750444952056029
9,11,RF+GB,9,13,0,0,195.01,0.8755597643479822
9,11,RF+GB,9,13,0,0,196.0102,0.8681661526491488
9,11,RF+GB,9,13,0,0,197.0122,0.8736316374414981
9,11,RF+GB,9,13,0,0,198.0116,0.8734638285754905
9,11,RF+GB,9,13,0,0,199.0125,0.8770036791501007
9,11,RF+GB,9,13,0,0,200.0115,0.8804370985708202
9,11,RF+GB,9,13,0,0,201.0117,0.879817645334337
9,11,RF+GB,9,13,0,0,202.0122,0.8859911782982844
9,11,RF+GB,9,13,0,0,203.0135,0.8873064552916319
9,11,RF+GB,9,13,0,0,204.0123,0.8810912968324431
9,11,RF+GB,9,13,0,0,205.0133,0.8830858343822109
9,11,RF+GB,9,13,0,0,206.013,0.8879387299086664
9,11,RF+GB,9,13,0,0,207.0117,0.8775523391084801
9,11,RF+GB,9,13,0,0,208.0125,0.8784207878263095
9,11,RF+GB,9,13,0,0,209.0119,0.8769312962875504
9,11,RF+GB,9,13,0,0,210.0124,0.8752779880995889
9,11,RF+GB,9,13,0,0,211.013,0.8788107833372845
9,11,RF+GB,9,13,0,0,212.0144,0.8762651691225518
9,11,RF+GB,9,13,0,0,213.0136,0.8773715200043879
9,11,RF+GB,9,13,0,0,214.0147,0.8840169517813716
9,11,RF+GB,9,13,0,0,215.0134,0.8725094242826401
9,11,RF+GB,9,13,0,0,216.0129,0.8671265194693466
9,11,RF+GB,9,13,0,0,217.0129,0.8695721961909786
9,11,RF+GB,9,13,0,0,218.0129,0.8627219133202557
9,11,RF+GB,9,13,0,0,219.0129,0.867348085725164
9,11,RF+GB,9,13,0,0,220.0126,0.8596083748853302
9,11,RF+GB,9,13,0,0,221.0129,0.8545264845586211
9,11,RF+GB,9,13,0,0,222.0122,0.8508639329392542
9,11,RF+GB,9,13,0,0,223.0122,0.8608796841573995
9,11,RF+GB,9,13,0,0,224.0124,0.863105877085372
9,11,RF+GB,9,13,0,0,225.0121,0.8667056053772514
9,11,RF+GB,9,13,0,0,226.0132,0.8781212740395772
9,11,RF+GB,9,13,0,0,227.0143,0.8830467518837775
9,11,RF+GB,9,13,0,0,228.0146,0.8755332872121415
9,11,RF+GB,9,13,0,0,229.014,0.872084473246828
9,11,RF+GB,9,13,0,0,230.0146,0.8819915959953645
9,11,RF+GB,9,13,0,0,231.0143,0.8978202311981913
9,11,RF+GB,9,13,0,0,232.0145,0.9140358577198741
9,11,RF+GB,9,13,0,0,233.0145,0.9122078402653904
9,11,RF+GB,9,13,0,0,234.0137,0.909308262942425
9,11,RF+GB,9,13,0,0,235.0139,0.8912805237452479
9,11,RF+GB,9,13,0,0,236.0044,0.8826309456671315
9,11,RF+GB,9,13,0,0,237.0162,0.8779689160086659
9,11,RF+GB,9,13,0,0,238.0152,0.887126106931051
9,11,RF+GB,9,13,0,0,239.0044,0.8900798445242313
9,11,RF+GB,9,13,0,0,240.0048,0.8900495058509527
9,11,RF+GB,9,13,0,0,241.0044,0.8834695876888632
9,11,RF+GB,9,13,0,0,242.0045,0.8830022984170551
9,11,RF+GB,9,13,0,0,243.0043,0.8770148743532853
9,11,RF+GB,9,13,0,0,244.0162,0.8887986121933393
9,11,RF+GB,9,13,0,0,245.0155,0.8899049629584243
9,11,RF+GB,9,13,0,0,246.0154,0.8876686095204298
9,11,RF+GB,9,13,0,0,247.0153,0.8835721636306308
9,11,RF+GB,9,13,0,0,248.0145,0.8795530466549341
9,11,RF+GB,9,13,0,0,249.0152,0.8804060741244691
9,11,RF+GB,9,13,0,0,250.0147,0.8831368265608328
9,11,RF+GB,9,13,0,0,251.0159,0.8781834783477294
9,11,RF+GB,9,13,0,0,252.0157,0.862375827735135
9,11,RF+GB,9,13,0,0,253.0046,0.8565364319042286
9,11,RF+GB,9,13,0,0,254.0047,0.8871440853573733
9,11,RF+GB,9,13,0,0,255.0051,0.8812450680417847
9,11,RF+GB,9,13,0,0,256.0152,0.874336954827793
9,11,RF+GB,9,13,0,0,257.0048,0.8750010120178413
9,11,RF+GB,9,13,0,0,258.0048,0.8858795021975733
9,11,RF+GB,9,13,0,0,259.0142,0.8833036923904156
9,11,RF+GB,9,13,0,0,260.0155,0.8848279323692332
9,11,RF+GB,9,13,0,0,261.0048,0.8876539918211542
9,11,RF+GB,9,13,0,0,262.0058,0.8781353008466581
9,11,RF+GB,9,13,0,0,263.0071,0.8825165081659392
9,11,RF+GB,9,13,0,0,264.0063,0.8817334044246435
9,11,RF+GB,9,13,0,0,265.0065,0.9039608384320037
9,11,RF+GB,9,13,0,0,266.0061,0.8813771513260765
9,11,RF+GB,9,13,0,0,267.0054,0.9011706072413068
9,11,RF+GB,9,13,0,0,268.0065,0.9058598199844317
9,11,RF+GB,9,13,0,0,269.0069,0.9053223324366844
9,11,RF+GB,9,13,0,0,270.006,0.9249134163684286
9,11,RF+GB,9,13,0,0,271.0046,0.925028660290061
9,11,RF+GB,9,13,0,0,272.0052,0.9275697802451035
9,11,RF+GB,9,13,0,0,273.0052,0.9307525749560278
9,11,RF+GB,9,13,0,0,274.0054,0.9167959038327274
9,11,RF+GB,9,13,0,0,275.0052,0.921900890298967
9,11,RF+GB,9,13,0,0,276.0056,0.909806116886503
9,11,RF+GB,9,13,0,0,277.0053,0.9141626371966418
9,11,RF+GB,9,13,0,0,278.0059,0.9273091683664898
9,11,RF+GB,9,13,0,0,279.0058,0.916994088905744
9,11,RF+GB,9,13,0,0,280.0075,0.9077927934619718
9,11,RF+GB,9,13,0,0,281.0063,0.905729497679812
9,11,RF+GB,9,13,0,0,282.006,0.9106357704071
9,11,RF+GB,9,13,0,0,283.005,0.9093447419981372
9,11,RF+GB,9,13,0,0,284.0056,0.9050392672391998
9,11,RF+GB,9,13,0,0,285.0061,0.8934905032079605
9,11,RF+GB,9,13,0,0,286.0067,0.8726266732706751
9,11,RF+GB,9,13,0,0,287.0079,0.8704598982064664
9,11,RF+GB,9,13,0,0,288.0077,0.8763186565804051
9,11,RF+GB,9,13,0,0,289.006,0.8730209512685364
9,11,RF+GB,9,13,0,0,290.0072,0.8728767640609896
9,11,RF+GB,9,13,0,0,291.0072,0.9026010521933763
9,11,RF+GB,9,13,0,0,292.0069,0.9016258624126263
9,11,RF+GB,9,13,0,0,293.0074,0.8995179849052353
9,11,RF+GB,9,13,0,0,294.0071,0.9120058201900636
9,11,RF+GB,9,13,0,0,295.0074,0.9115335791980498
9,11,RF+GB,9,13,0,0,296.0071,0.9087406889024809
9,11,RF+GB,9,13,0,0,297.0076,0.9116792258080305
9,11,RF+GB,9,13,0,0,298.0078,0.9098286592208656
9,11,RF+GB,9,13,0,0,299.007,0.9099792193995462
9,11,RF+GB,9,13,0,0,300.0064,0.9264690558537918
9,11,RF+GB,9,13,0,0,301.0068,0.9350208085341598
9,11,RF+GB,11,16,0,0,0.0,0.0009537025356606909
9,11,RF+GB,11,16,0,0,1.006835,0.004698608609964334
9,11,RF+GB,11,16,0,0,2.008246,0.05601828519038771
9,11,RF+GB,11,16,0,0,2.998121,0.04683554413439863
9,11,RF+GB,11,16,0,0,3.999469,0.052192352274642535
9,11,RF+GB,11,16,0,0,4.998495,0.0468027923243358
9,11,RF+GB,11,16,0,0,6.000052,0.04074658463285409
9,11,RF+GB,11,16,0,0,7.00159,0.03400931900283167
9,11,RF+GB,11,16,0,0,8.002184,0.03623495189229327
9,11,RF+GB,11,16,0,0,9.001597,0.043928048835952825
9,11,RF+GB,11,16,0,0,10.00276,0.038473222583880355
9,11,RF+GB,11,16,0,0,10.99977,0.058507674629417736
9,11,RF+GB,11,16,0,0,11.99999,0.04980415226401133
9,11,RF+GB,11,16,0,0,13.00089,0.05880427111901808
9,11,RF+GB,11,16,0,0,13.99989,0.054392526554767076
9,11,RF+GB,11,16,0,0,15.00098,0.05116994118834675
9,11,RF+GB,11,16,0,0,16.00064,0.03960273022395325
9,11,RF+GB,11,16,0,0,16.99999,0.05232315826743745
9,11,RF+GB,11,16,0,0,17.99896,0.05916178344526131
9,11,RF+GB,11,16,0,0,18.99933,0.04746368469545998
9,11,RF+GB,11,16,0,0,19.9995,0.031480584797973075
9,11,RF+GB,11,16,0,0,20.9999,0.029135159791677207
9,11,RF+GB,11,16,0,0,21.99905,0.041009082132590205
9,11,RF+GB,11,16,0,0,23.0002,0.05473254920349156
9,11,RF+GB,11,16,0,0,24.00146,0.06693299417360002
9,11,RF+GB,11,16,0,0,25.00086,0.0636998166205161
9,11,RF+GB,11,16,0,0,26.0012,0.054496523803809226
9,11,RF+GB,11,16,0,0,27.00152,0.06869885900607124
9,11,RF+GB,11,16,0,0,28.00169,0.10400354385556995
9,11,RF+GB,11,16,0,0,29.00176,0.14856912782227505
9,11,RF+GB,11,16,0,0,30.00079,0.14774025805570587
9,11,RF+GB,11,16,0,0,31.00031,0.11904094965775489
9,11,RF+GB,11,16,0,0,32.00043,0.09419019584295976
9,11,RF+GB,11,16,0,0,33.00219,0.08522331314815841
9,11,RF+GB,11,16,0,0,34.00164,0.16316944976546993
9,11,RF+GB,11,16,0,0,35.00283,0.15064716841639678
9,11,RF+GB,11,16,0,0,36.00352,0.16644405807667664
9,11,RF+GB,11,16,0,0,37.00388,0.17167704729256833
9,11,RF+GB,11,16,0,0,38.00309,0.18755747414642282
9,11,RF+GB,11,16,0,0,39.00269,0.24170444976160874
9,11,RF+GB,11,16,0,0,40.00256,0.5007305212567036
9,11,RF+GB,11,16,0,0,41.00229,0.2901844223614869
9,11,RF+GB,11,16,0,0,42.00187,0.17441219370763097
9,11,RF+GB,11,16,0,0,43.00198,0.1645796437730131
9,11,RF+GB,11,16,0,0,43.99989,0.17420525449214488
9,11,RF+GB,11,16,0,0,45.00128,0.17888442905153173
9,11,RF+GB,11,16,0,0,46.00084,0.17235569554737373
9,11,RF+GB,11,16,0,0,47.00187,0.1914715296756641
9,11,RF+GB,11,16,0,0,48.00152,0.3213046387311823
9,11,RF+GB,11,16,0,0,49.00248,0.26550380903631254
9,11,RF+GB,11,16,0,0,50.00288,0.13008353898603997
9,11,RF+GB,11,16,0,0,51.00327,0.11817715120104724
9,11,RF+GB,11,16,0,0,52.0029,0.11746642152350267
9,11,RF+GB,11,16,0,0,53.00366,0.37306133197965796
9,11,RF+GB,11,16,0,0,54.00496,0.33900848662843674
9,11,RF+GB,11,16,0,0,55.0033,0.3304647419696554
9,11,RF+GB,11,16,0,0,56.002,0.31707698853856325
9,11,RF+GB,11,16,0,0,57.00315,0.3933248478206136
9,11,RF+GB,11,16,0,0,58.00341,0.24969392918051941
9,11,RF+GB,11,16,0,0,59.0027,0.2377397483808539
9,11,RF+GB,11,16,0,0,60.00551,0.14214342110452427
9,11,RF+GB,11,16,0,0,61.00465,0.1959413218603684
9,11,RF+GB,11,16,0,0,62.00395,0.1678508429994896
9,11,RF+GB,11,16,0,0,63.00386,0.1779229913632019
9,11,RF+GB,11,16,0,0,64.00309,0.19377264321793825
9,11,RF+GB,11,16,0,0,65.00378,0.1814353906995233
9,11,RF+GB,11,16,0,0,66.00377,0.16898874893895693
9,11,RF+GB,11,16,0,0,67.00208,0.17504419160680984
9,11,RF+GB,11,16,0,0,68.00242,0.18117947492527967
9,11,RF+GB,11,16,0,0,69.00261,0.19744182067989796
9,11,RF+GB,11,16,0,0,70.00307,0.20132636678519975
9,11,RF+GB,11,16,0,0,71.0035,0.21497320755472837
9,11,RF+GB,11,16,0,0,72.00352,0.388126293850767
9,11,RF+GB,11,16,0,0,73.00365,0.4821484292753278
9,11,RF+GB,11,16,0,0,74.0042,0.4769024438430453
9,11,RF+GB,11,16,0,0,75.00552,0.6062781795145732
9,11,RF+GB,11,16,0,0,76.00439,0.6305120593545739
9,11,RF+GB,11,16,0,0,77.00546,0.5106348461499691
9,11,RF+GB,11,16,0,0,78.00467,0.45849894709559336
9,11,RF+GB,11,16,0,0,79.00395,0.442401378121528
9,11,RF+GB,11,16,0,0,80.00491,0.42888363035452925
9,11,RF+GB,11,16,0,0,81.00582,0.45458640460199395
9,11,RF+GB,11,16,0,0,82.00645,0.7445924366978852
9,11,RF+GB,11,16,0,0,83.00783,0.6494819523968753
9,11,RF+GB,11,16,0,0,84.00675,0.6665850195869234
9,11,RF+GB,11,16,0,0,85.00592,0.6900475257188188
9,11,RF+GB,11,16,0,0,86.00507,0.78642086223052
9,11,RF+GB,11,16,0,0,87.00529,0.8204884835092902
9,11,RF+GB,11,16,0,0,88.00566,0.818380749079026
9,11,RF+GB,11,16,0,0,89.00539,0.8174042027862469
9,11,RF+GB,11,16,0,0,90.00601,0.8262191290426675
9,11,RF+GB,11,16,0,0,91.00649,0.823462847927351
9,11,RF+GB,11,16,0,0,92.00535,0.8126185439762434
9,11,RF+GB,11,16,0,0,93.005,0.7979847653500785
9,11,RF+GB,11,16,0,0,94.00483,0.7932850721248564
9,11,RF+GB,11,16,0,0,95.00599,0.757666736020594
9,11,RF+GB,11,16,0,0,96.005,0.7862643093268
9,11,RF+GB,11,16,0,0,97.00579,0.8006252039427503
9,11,RF+GB,11,16,0,0,98.00683,0.7965743746471023
9,11,RF+GB,11,16,0,0,99.0061,0.7978662239084595
9,11,RF+GB,11,16,0,0,100.007,0.8113036415774495
9,11,RF+GB,11,16,0,0,101.0064,0.812810234273911
9,11,RF+GB,11,16,0,0,102.0055,0.7932320971331546
9,11,RF+GB,11,16,0,0,103.0064,0.8016787220568459
9,11,RF+GB,11,16,0,0,104.0067,0.8330131594848218
9,11,RF+GB,11,16,0,0,105.007,0.8329348827893792
9,11,RF+GB,11,16,0,0,106.0086,0.7483053508227979
9,11,RF+GB,11,16,0,0,107.0076,0.7191686884211224
9,11,RF+GB,11,16,0,0,108.007,0.7696933245737541
9,11,RF+GB,11,16,0,0,109.0076,0.7828547297912019
9,11,RF+GB,11,16,0,0,110.0071,0.7866650930914161
9,11,RF+GB,11,16,0,0,111.0071,0.735561926603234
9,11,RF+GB,11,16,0,0,112.0057,0.7138413532570833
9,11,RF+GB,11,16,0,0,113.0061,0.7136574251050077
9,11,RF+GB,11,16,0,0,114.0066,0.8567730229783496
9,11,RF+GB,11,16,0,0,115.0063,0.8533409443117489
9,11,RF+GB,11,16,0,0,116.008,0.8608017701716659
9,11,RF+GB,11,16,0,0,117.0076,0.8372113121012764
9,11,RF+GB,11,16,0,0,118.0089,0.8285506924305365
9,11,RF+GB,11,16,0,0,119.0079,0.859051214140883
9,11,RF+GB,11,16,0,0,120.0083,0.8535765101882643
9,11,RF+GB,11,16,0,0,121.0086,0.8540289583607072
9,11,RF+GB,11,16,0,0,122.0069,0.8325804446807754
9,11,RF+GB,11,16,0,0,123.0086,0.7931885276010062
9,11,RF+GB,11,16,0,0,124.0079,0.728917102684463
9,11,RF+GB,11,16,0,0,125.0084,0.8348412790459978
9,11,RF+GB,11,16,0,0,125.9983,0.8370993021619145
9,11,RF+GB,11,16,0,0,127.0077,0.823778388584208
9,11,RF+GB,11,16,0,0,128.0085,0.8605259086546269
9,11,RF+GB,11,16,0,0,129.0084,0.8504286136094044
9,11,RF+GB,11,16,0,0,130.008,0.8410586005831165
9,11,RF+GB,11,16,0,0,131.0082,0.840831776430973
9,11,RF+GB,11,16,0,0,132.0073,0.8390156682146959
9,11,RF+GB,11,16,0,0,133.0074,0.8580759457178924
9,11,RF+GB,11,16,0,0,134.0074,0.8583507973688349
9,11,RF+GB,11,16,0,0,135.0086,0.8739130855875306
9,11,RF+GB,11,16,0,0,136.0081,0.8634297623033187
9,11,RF+GB,11,16,0,0,137.008,0.8501115642736232
9,11,RF+GB,11,16,0,0,138.0093,0.8621317062100687
9,11,RF+GB,11,16,0,0,138.9987,0.8272576439995609
9,11,RF+GB,11,16,0,0,139.999,0.8506210358564761
9,11,RF+GB,11,16,0,0,141.0081,0.8624680951148004
9,11,RF+GB,11,16,0,0,142.0078,0.8604146943863887
9,11,RF+GB,11,16,0,0,143.0091,0.8800967917974329
9,11,RF+GB,11,16,0,0,143.9994,0.8429947589430302
9,11,RF+GB,11,16,0,0,144.9993,0.8427881894650053
9,11,RF+GB,11,16,0,0,145.9998,0.8450699733169308
9,11,RF+GB,11,16,0,0,146.9992,0.8213165233643784
9,11,RF+GB,11,16,0,0,147.9988,0.8250305511951332
9,11,RF+GB,11,16,0,0,149.0094,0.8246599349509152
9,11,RF+GB,11,16,0,0,149.9993,0.8084177850532164
9,11,RF+GB,11,16,0,0,150.9984,0.8126651389181119
9,11,RF+GB,11,16,0,0,151.9984,0.8214648873664682
9,11,RF+GB,11,16,0,0,153.0085,0.8146231780268475
9,11,RF+GB,11,16,0,0,154.0095,0.79505608546022
9,11,RF+GB,11,16,0,0,155.0089,0.8628016477467091
9,11,RF+GB,11,16,0,0,155.9993,0.845447208777078
9,11,RF+GB,11,16,0,0,156.9987,0.8579802555486635
9,11,RF+GB,11,16,1,1,158.0103,0.8663818741527933
9,11,RF+GB,11,16,1,1,158.9988,0.8660270728389085
9,11,RF+GB,11,16,1,1,159.999,0.8535038823954928
9,11,RF+GB,11,16,1,1,160.9999,0.8576770215550016
9,11,RF+GB,11,16,1,1,161.999,0.8589809236751171
9,11,RF+GB,11,16,1,1,162.9986,0.8602068499776397
9,11,RF+GB,11,16,1,1,164.0,0.866196500239219
9,11,RF+GB,11,16,1,1,164.9995,0.8565281101215017
9,11,RF+GB,11,16,1,1,165.9988,0.8697161042608782
9,11,RF+GB,11,16,1,1,167.0005,0.8680498823050373
9,11,RF+GB,11,16,1,1,168.0003,0.8679439616390217
9,11,RF+GB,11,16,1,2,168.9998,0.8659516810337918
9,11,RF+GB,11,16,1,2,169.9999,0.8646385739452063
9,11,RF+GB,11,16,1,2,170.9994,0.8697563673192107
9,11,RF+GB,11,16,1,2,171.9991,0.8748202755229804
9,11,RF+GB,11,16,1,2,172.9989,0.8689838377831512
9,11,RF+GB,11,16,1,2,173.9989,0.8724622163896806
9,11,RF+GB,11,16,1,2,174.9991,0.8706660111204969
9,11,RF+GB,11,16,1,2,175.999,0.8685372674098935
9,11,RF+GB,11,16,1,2,176.9999,0.8749302714350882
9,11,RF+GB,11,16,1,2,178.0003,0.8656452641921991
9,11,RF+GB,11,16,1,2,178.9995,0.8590806094274948
9,11,RF+GB,11,16,1,2,179.9998,0.8292056072168532
9,11,RF+GB,11,16,1,2,181.0004,0.8267589889366782
9,11,RF+GB,11,16,1,2,182.0001,0.8309883493242253
9,11,RF+GB,11,16,1,2,182.9991,0.8301971630947642
9,11,RF+GB,11,16,1,2,184.0005,0.8361145705609843
9,11,RF+GB,11,16,1,2,185.0009,0.8298801806079528
9,11,RF+GB,11,16,1,2,186.001,0.8323167703980366
9,11,RF+GB,11,16,1,2,187.0014,0.8259395062331892
9,11,RF+GB,11,16,1,2,188.0021,0.8238853110266187
9,11,RF+GB,11,16,1,2,189.0015,0.8212628348381539
9,11,RF+GB,11,16,1,2,190.0005,0.8204001719506144
9,11,RF+GB,11,16,1,2,191.0013,0.8184743933384591
9,11,RF+GB,11,16,1,2,192.0001,0.8213466787935855
9,11,RF+GB,11,16,1,2,192.9996,0.8091079798448462
9,11,RF+GB,11,16,1,2,194.0004,0.8181992863788796
9,11,RF+GB,11,16,1,2,194.9993,0.8144057338985194
9,11,RF+GB,11,16,1,2,195.9999,0.8654068556592743
9,11,RF+GB,11,16,1,2,197.0017,0.8579032352569342
9,11,RF+GB,11,16,1,2,198.0014,0.8529253806810944
9,11,RF+GB,11,16,1,2,199.0005,0.8621611332626167
9,11,RF+GB,11,16,1,2,200.0002,0.8757924834761477
9,11,RF+GB,11,16,1,2,201.0007,0.8576834157487581
9,11,RF+GB,11,16,1,2,201.9999,0.847999285772414
9,11,RF+GB,11,16,1,2,203.0017,0.8551786681400186
9,11,RF+GB,11,16,1,2,204.0013,0.8546737885552207
9,11,RF+GB,11,16,1,2,205.0017,0.8619500035694387
9,11,RF+GB,11,16,1,2,206.0016,0.8629211555888223
9,11,RF+GB,11,16,1,2,207.0018,0.8657454811153911
9,11,RF+GB,11,16,1,2,208.0024,0.8529048253912507
9,11,RF+GB,11,16,1,2,209.0028,0.8495889908088903
9,11,RF+GB,11,16,1,2,210.0018,0.8515664218306147
9,11,RF+GB,11,16,1,2,211.0014,0.8510141418026995
9,11,RF+GB,11,16,1,2,212.0015,0.8474777763818573
9,11,RF+GB,11,16,1,2,213.0008,0.8380969305627657
9,11,RF+GB,11,16,1,2,214.0011,0.8383054008163766
9,11,RF+GB,11,16,1,2,215.0008,0.8380968637194888
9,11,RF+GB,11,16,1,2,216.0026,0.8382571590857706
9,11,RF+GB,11,16,1,2,217.0029,0.832577129163006
9,11,RF+GB,11,16,1,2,218.0034,0.7947076981751822
9,11,RF+GB,11,16,1,2,219.0023,0.795942919606254
9,11,RF+GB,11,16,1,2,220.003,0.8109268100272135
9,11,RF+GB,11,16,1,2,221.002,0.8087044124725906
9,11,RF+GB,11,16,1,2,222.002,0.8056243373552837
9,11,RF+GB,11,16,1,2,223.0025,0.7886987705410482
9,11,RF+GB,11,16,1,2,224.004,0.7896545264648018
9,11,RF+GB,11,16,1,2,225.0031,0.7822646830480189
9,11,RF+GB,11,16,1,2,226.0039,0.7799108627741413
9,11,RF+GB,11,16,1,2,227.002,0.7807376915116628
9,11,RF+GB,11,16,1,2,228.0034,0.7723684133370761
9,11,RF+GB,11,16,1,2,229.0037,0.7648973939742219
9,11,RF+GB,11,16,1,2,230.0028,0.7718989104067646
9,11,RF+GB,11,16,1,2,231.0025,0.7785087820473344
9,11,RF+GB,11,16,1,2,232.0024,0.7725039740295543
9,11,RF+GB,11,16,1,2,233.0031,0.7677845626182409
9,11,RF+GB,11,16,1,2,234.0032,0.8264549846540623
9,11,RF+GB,11,16,1,2,235.0037,0.8264667987074436
9,11,RF+GB,11,16,1,2,236.0033,0.8262984230328325
9,11,RF+GB,11,16,1,2,237.0039,0.8205162428791484
9,11,RF+GB,11,16,1,2,238.0043,0.8186284201940817
9,11,RF+GB,11,16,1,2,239.0042,0.816041564537719
9,11,RF+GB,11,16,1,2,240.0038,0.8110357782291929
9,11,RF+GB,11,16,1,2,241.0046,0.8149143369607692
9,11,RF+GB,11,16,1,2,242.0053,0.8197545590793919
9,11,RF+GB,11,16,1,2,243.0047,0.8207536179332746
9,11,RF+GB,11,16,1,2,244.0056,0.8541051446747037
9,11,RF+GB,11,16,1,2,245.005,0.8552536559423196
9,11,RF+GB,11,16,1,2,246.0058,0.8513806172424305
9,11,RF+GB,11,16,1,2,247.004,0.8468966468780628
9,11,RF+GB,11,16,1,2,248.0043,0.84936861435873
9,11,RF+GB,11,16,1,2,249.0041,0.8468012222310486
9,11,RF+GB,11,16,1,2,250.0033,0.8467962905580401
9,11,RF+GB,11,16,1,2,251.0055,0.847674419912607
9,11,RF+GB,11,16,1,2,252.0061,0.8429248813496832
9,11,RF+GB,11,16,1,2,253.0053,0.7830591469656447
9,11,RF+GB,11,16,1,2,254.0054,0.7781548217317544
9,11,RF+GB,11,16,1,2,255.0071,0.7812187739562046
9,11,RF+GB,11,16,1,2,256.0056,0.774096249891908
9,11,RF+GB,11,16,1,2,257.0051,0.7591955018903096
9,11,RF+GB,11,16,1,2,258.0053,0.7770085199481651
9,11,RF+GB,11,16,1,2,259.0051,0.7830937600502856
9,11,RF+GB,11,16,1,2,260.0062,0.8018293376086435
9,11,RF+GB,11,16,1,2,261.0061,0.8302432676514734
9,11,RF+GB,11,16,1,2,262.0057,0.8307316070768976
9,11,RF+GB,11,16,1,2,263.0062,0.8336062239597017
9,11,RF+GB,11,16,1,2,264.0052,0.840291334177161
9,11,RF+GB,11,16,1,2,265.0056,0.8314259223838244
9,11,RF+GB,11,16,1,2,266.0051,0.8451241907743634
9,11,RF+GB,11,16,1,2,267.0044,0.8431414834910258
9,11,RF+GB,11,16,1,2,268.0049,0.8264460005090735
9,11,RF+GB,11,16,1,2,269.0052,0.8279648914534569
9,11,RF+GB,11,16,1,2,270.0058,0.8648117015987211
9,11,RF+GB,11,16,1,2,271.0061,0.8601648210301878
9,11,RF+GB,11,16,1,2,272.006,0.86078040527729
9,11,RF+GB,11,16,1,2,273.0064,0.8577971948889399
9,11,RF+GB,11,16,1,2,274.0056,0.8601813478306886
9,11,RF+GB,11,16,1,2,275.0049,0.8669193468968954
9,11,RF+GB,11,16,1,2,276.007,0.8688836604605342
9,11,RF+GB,11,16,1,2,277.0069,0.8835322480330704
9,11,RF+GB,11,16,1,2,278.0079,0.8877325725265446
9,11,RF+GB,11,16,1,2,279.0076,0.8927159520365547
9,11,RF+GB,11,16,1,2,280.0078,0.8907715773971829
9,11,RF+GB,11,16,1,2,281.0071,0.8895342840146576
9,11,RF+GB,11,16,1,2,282.0072,0.8831150049199592
9,11,RF+GB,11,16,1,2,283.0072,0.8797519874004978
9,11,RF+GB,11,16,1,2,284.0067,0.8776942186835401
9,11,RF+GB,11,16,1,2,285.0071,0.858849667220819
9,11,RF+GB,11,16,1,2,286.0052,0.8597957721454419
9,11,RF+GB,11,16,1,2,287.0066,0.8569633846256379
9,11,RF+GB,11,16,1,2,288.0072,0.8328592141805791
9,11,RF+GB,11,16,1,2,289.007,0.8265393549196993
9,11,RF+GB,11,16,1,2,290.0083,0.8300980724938352
9,11,RF+GB,11,16,1,2,290.9982,0.8326783946685965
9,11,RF+GB,11,16,1,2,292.0073,0.8269739130886067
9,11,RF+GB,11,16,1,2,293.007,0.8211548737915023
9,11,RF+GB,11,16,1,2,294.0068,0.821847366545819
9,11,RF+GB,11,16,1,2,295.0081,0.8231582978008247
9,11,RF+GB,11,16,1,2,296.0071,0.8427171241884096
9,11,RF+GB,11,16,1,2,297.0096,0.8425648037460634
9,11,RF+GB,11,16,1,2,298.0091,0.8398613769014183
9,11,RF+GB,11,16,1,2,299.0084,0.8380268945785571
9,11,RF+GB,11,16,1,2,300.0071,0.8389353643229222
9,11,RF+GB,11,16,1,2,301.0079,0.837211914646075
9,11,RF+GB,11,17,0,0,0.011267,0.009781045236193879
9,11,RF+GB,11,17,0,0,1.009216,0.0062508524388962886
9,11,RF+GB,11,17,0,0,2.010768,0.017179789595759287
9,11,RF+GB,11,17,0,0,3.010537,0.027768686582050815
9,11,RF+GB,11,17,0,0,4.010739,0.10408750299331622
9,11,RF+GB,11,17,0,0,5.012167,0.13896067318972158
9,11,RF+GB,11,17,0,0,6.013333,0.15719474643762713
9,11,RF+GB,11,17,0,0,7.013581,0.1767394131258359
9,11,RF+GB,11,17,0,0,8.013154,0.1630824508726669
9,11,RF+GB,11,17,0,0,9.014494,0.1984739157693998
9,11,RF+GB,11,17,0,0,10.01451,0.20644537548754258
9,11,RF+GB,11,17,0,0,11.01476,0.19076518774246384
9,11,RF+GB,11,17,0,0,12.01291,0.18822740899671198
9,11,RF+GB,11,17,0,0,13.01344,0.22453077017906298
9,11,RF+GB,11,17,0,0,14.01325,0.23307548871050393
9,11,RF+GB,11,17,0,0,15.01351,0.20842617804035507
9,11,RF+GB,11,17,0,0,16.01389,0.18271482249841506
9,11,RF+GB,11,17,0,0,17.01487,0.1663719814042212
9,11,RF+GB,11,17,0,0,18.0142,0.18609883064285226
9,11,RF+GB,11,17,0,0,19.01457,0.22439173407656643
9,11,RF+GB,11,17,0,0,20.01595,0.36520612490430293
9,11,RF+GB,11,17,0,0,21.01333,0.4593910371145419
9,11,RF+GB,11,17,0,0,22.01412,0.30387787564948365
9,11,RF+GB,11,17,0,0,23.01465,0.33748455643351233
9,11,RF+GB,11,17,0,0,24.01475,0.33041445525324664
9,11,RF+GB,11,17,0,0,25.01406,0.34996780412720857
9,11,RF+GB,11,17,0,0,26.01443,0.36528473865188477
9,11,RF+GB,11,17,0,0,27.01342,0.359998753164823
9,11,RF+GB,11,17,0,0,28.01403,0.34900009412823974
9,11,RF+GB,11,17,0,0,29.01394,0.3570433859730614
9,11,RF+GB,11,17,0,0,30.01456,0.3363907145676658
9,11,RF+GB,11,17,0,0,31.01446,0.33610965811027044
9,11,RF+GB,11,17,0,0,32.01382,0.3016234805195926
9,11,RF+GB,11,17,0,0,33.01542,0.30386639189437026
9,11,RF+GB,11,17,0,0,34.01452,0.2808665601043695
9,11,RF+GB,11,17,0,0,35.01497,0.1997004428333832
9,11,RF+GB,11,17,0,0,36.01291,0.22638705871531511
9,11,RF+GB,11,17,0,0,37.01405,0.24208591872963503
9,11,RF+GB,11,17,0,0,38.01328,0.24704519295218685
9,11,RF+GB,11,17,0,0,39.01426,0.24522568346913548
9,11,RF+GB,11,17,0,0,40.01369,0.25656012187917787
9,11,RF+GB,11,17,0,0,41.01524,0.23597612364042686
9,11,RF+GB,11,17,0,0,42.00517,0.22715393196723385
9,11,RF+GB,11,17,0,0,43.01529,0.18269537322874466
9,11,RF+GB,11,17,0,0,44.01579,0.18699372731654948
9,11,RF+GB,11,17,0,0,45.01544,0.18034290005547374
9,11,RF+GB,11,17,0,0,46.00477,0.17253580279027367
9,11,RF+GB,11,17,0,0,47.00568,0.18746723760294892
9,11,RF+GB,11,17,0,0,48.01549,0.18227019938125383
9,11,RF+GB,11,17,1,1,49.01421,0.1820883529945625
9,11,RF+GB,11,17,1,1,50.01254,0.1627634138032194
9,11,RF+GB,11,17,1,1,51.01536,0.17264574470533942
9,11,RF+GB,11,17,1,2,52.00605,0.1743949474392316
9,11,RF+GB,11,17,1,2,53.00695,0.17333913975697757
9,11,RF+GB,11,17,1,2,54.00532,0.3657486891927316
9,11,RF+GB,11,17,1,2,55.00634,0.3295447751274784
9,11,RF+GB,11,17,1,2,56.00675,0.33393653257440403
9,11,RF+GB,11,17,1,2,57.00716,0.33464831766026976
9,11,RF+GB,11,17,1,2,58.00694,0.3241402331056075
9,11,RF+GB,11,17,1,2,59.00693,0.28690137170929403
9,11,RF+GB,11,17,1,2,60.0069,0.19963753564767564
9,11,RF+GB,11,17,1,2,61.00563,0.286245847450099
9,11,RF+GB,11,17,1,2,62.00499,0.2679980938447991
9,11,RF+GB,11,17,1,2,63.00678,0.2828664564145016
9,11,RF+GB,11,17,1,2,64.0051,0.2485771003351191
9,11,RF+GB,11,17,1,2,65.00654,0.21856376245785628
9,11,RF+GB,11,17,1,2,66.00629,0.20801299655061678
9,11,RF+GB,11,17,1,2,67.01572,0.16971810747095425
9,11,RF+GB,11,17,1,2,68.00474,0.17083143509662962
9,11,RF+GB,11,17,1,2,69.00492,0.17063343876781473
9,11,RF+GB,11,17,1,2,70.01665,0.2260141649021952
9,11,RF+GB,11,17,1,3,71.0051,0.22167114909087893
9,11,RF+GB,11,17,1,3,72.00601,0.21102107456293362
9,11,RF+GB,11,17,1,3,73.00735,0.18492049826338328
9,11,RF+GB,11,17,1,3,74.00593,0.1830971156492395
9,11,RF+GB,11,17,1,3,75.00636,0.17875551651933
9,11,RF+GB,11,17,1,3,76.00766,0.21584831754871167
9,11,RF+GB,11,17,1,3,77.0057,0.2065471562042215
9,11,RF+GB,11,17,1,3,78.00646,0.20739237080416653
9,11,RF+GB,11,17,1,3,79.01675,0.18416476306475094
9,11,RF+GB,11,17,1,3,80.00556,0.2536288127536289
9,11,RF+GB,11,17,1,3,81.007,0.25826275613257377
9,11,RF+GB,11,17,1,3,82.00832,0.48305257599430507
9,11,RF+GB,11,17,1,3,83.00883,0.520665234058258
9,11,RF+GB,11,17,1,3,84.00884,0.496390968738224
9,11,RF+GB,11,17,1,3,85.00963,0.5813734548123393
9,11,RF+GB,11,17,1,3,86.00945,0.6097320581314343
9,11,RF+GB,11,17,1,3,87.00805,0.5138473460490209
9,11,RF+GB,11,17,1,3,88.00813,0.4155623137537362
9,11,RF+GB,11,17,1,3,89.00817,0.6676698563286478
9,11,RF+GB,11,17,1,3,90.00745,0.7263603946895864
9,11,RF+GB,11,17,1,3,91.00802,0.6835291547876781
9,11,RF+GB,11,17,1,3,92.00787,0.6908764208867499
9,11,RF+GB,11,17,1,3,93.00655,0.6257470454951053
9,11,RF+GB,11,17,1,3,94.00692,0.6352037325801712
9,11,RF+GB,11,17,1,3,95.00689,0.7224981964329464
9,11,RF+GB,11,17,1,3,96.00686,0.7901578651874278
9,11,RF+GB,11,17,1,3,97.00623,0.8160365746209508
9,11,RF+GB,11,17,1,3,98.00809,0.8213619010359754
9,11,RF+GB,11,17,1,3,99.00822,0.8224104159795986
9,11,RF+GB,11,17,1,3,100.0084,0.8214290041054979
9,11,RF+GB,11,17,1,3,101.0085,0.7937174550679387
9,11,RF+GB,11,17,1,3,102.0082,0.7749121079521996
9,11,RF+GB,11,17,1,3,103.009,0.7755418151912874
9,11,RF+GB,11,17,1,3,104.0102,0.8181811391949417
9,11,RF+GB,11,17,1,3,105.0087,0.8253089988567175
9,11,RF+GB,11,17,1,3,106.008,0.8199680038860956
9,11,RF+GB,11,17,1,3,107.0074,0.811806195500749
9,11,RF+GB,11,17,1,3,108.0091,0.7771789850136228
9,11,RF+GB,11,17,1,3,109.0091,0.7651393952955603
9,11,RF+GB,11,17,1,3,110.0097,0.8163513086297303
9,11,RF+GB,11,17,1,3,111.0108,0.8339427990838324
9,11,RF+GB,11,17,1,3,112.0106,0.8381925578416032
9,11,RF+GB,11,17,1,3,113.0105,0.8021482976429388
9,11,RF+GB,11,17,1,3,114.0107,0.7931026036604516
9,11,RF+GB,11,17,1,3,115.0101,0.7858175228674291
9,11,RF+GB,11,17,1,3,116.011,0.7534894147842625
9,11,RF+GB,11,17,1,3,117.0095,0.7523477528748435
9,11,RF+GB,11,17,1,3,118.0088,0.7298692009869655
9,11,RF+GB,11,17,1,3,119.0105,0.7145702917594978
9,11,RF+GB,11,17,1,3,120.0088,0.7292101470174505
9,11,RF+GB,11,17,1,3,121.0088,0.70046245736332
9,11,RF+GB,11,17,1,3,122.0083,0.7392619704320401
9,11,RF+GB,11,17,1,3,123.0078,0.6880986194338095
9,11,RF+GB,11,17,1,3,124.0098,0.7509854287730886
9,11,RF+GB,11,17,1,3,125.0086,0.7258780570035628
9,11,RF+GB,11,17,1,3,126.0094,0.7450921387615679
9,11,RF+GB,11,17,1,3,127.0103,0.7319671178000631
9,11,RF+GB,11,17,1,3,128.0101,0.7289589765201786
9,11,RF+GB,11,17,1,3,129.0102,0.7269095211061378
9,11,RF+GB,11,17,1,3,130.0102,0.8149978838633859
9,11,RF+GB,11,17,1,3,131.0108,0.8398044720996585
9,11,RF+GB,11,17,1,3,132.0108,0.8411424553393558
9,11,RF+GB,11,17,1,3,133.011,0.8408144302639227
9,11,RF+GB,11,17,1,3,134.0108,0.845816151712651
9,11,RF+GB,11,17,1,3,135.0118,0.8566202059168989
9,11,RF+GB,11,17,1,3,136.0104,0.8572493754761187
9,11,RF+GB,11,17,1,3,137.0114,0.8571963059366311
9,11,RF+GB,11,17,1,3,138.0086,0.8412494022624881
9,11,RF+GB,11,17,1,3,139.0096,0.8428852345892204
9,11,RF+GB,11,17,1,3,140.0113,0.840015018481288
9,11,RF+GB,11,17,1,3,141.0135,0.843158935529121
9,11,RF+GB,11,17,1,3,142.0118,0.8447273808250523
9,11,RF+GB,11,17,1,3,143.0126,0.8420358046000329
9,11,RF+GB,11,17,1,3,144.0129,0.8418181207860099
9,11,RF+GB,11,17,1,3,145.012,0.8406843003708877
9,11,RF+GB,11,17,1,3,146.0126,0.8450450766883439
9,11,RF+GB,11,17,1,3,147.012,0.8368224939647508
9,11,RF+GB,11,17,1,3,148.0111,0.8381194478405192
9,11,RF+GB,11,17,1,3,149.0121,0.84173113285735
9,11,RF+GB,11,17,1,3,150.0108,0.84113694397397
9,11,RF+GB,11,17,1,3,151.0116,0.8390459488927756
9,11,RF+GB,11,17,1,3,152.0109,0.8376175642329704
9,11,RF+GB,11,17,1,3,153.0105,0.8395826220300902
9,11,RF+GB,11,17,1,3,154.0101,0.8412688444762022
9,11,RF+GB,11,17,1,3,155.0105,0.8415365772048541
9,11,RF+GB,11,17,1,3,156.0103,0.8331553397015774
9,11,RF+GB,11,17,1,3,157.011,0.8420472193945748
9,11,RF+GB,11,17,1,3,158.0111,0.8295812734311365
9,11,RF+GB,11,17,1,3,159.0116,0.8114963287288024
9,11,RF+GB,11,17,1,3,160.0125,0.8023761892051964
9,11,RF+GB,11,17,1,3,161.0122,0.7990444328590041
9,11,RF+GB,11,17,1,3,162.0123,0.8079091704192589
9,11,RF+GB,11,17,1,3,163.0105,0.801814087209235
9,11,RF+GB,11,17,1,3,164.0115,0.8010239394352929
9,11,RF+GB,11,17,1,3,165.0127,0.8079501872326105
9,11,RF+GB,11,17,1,3,166.0126,0.8266142915998
9,11,RF+GB,11,17,1,3,167.0138,0.8180817912434191
9,11,RF+GB,11,17,1,3,168.0134,0.8054558356705329
9,11,RF+GB,11,17,1,3,169.0139,0.7931388743587122
9,11,RF+GB,11,17,1,3,170.0137,0.8064809956696566
9,11,RF+GB,11,17,1,3,171.014,0.8038937726616415
9,11,RF+GB,11,17,1,3,172.0133,0.7059021556754935
9,11,RF+GB,11,17,1,3,173.0134,0.7057808488833334
9,11,RF+GB,11,17,1,3,174.0133,0.7057571625066403
9,11,RF+GB,11,17,1,3,175.0133,0.7141712709460741
9,11,RF+GB,11,17,1,3,176.0137,0.6988324677993016
9,11,RF+GB,11,17,1,3,177.0143,0.6881506159977102
9,11,RF+GB,11,17,1,3,178.0134,0.691157387357504
9,11,RF+GB,11,17,1,3,179.0132,0.6858197657584503
9,11,RF+GB,11,17,1,3,180.013,0.6833094517078515
9,11,RF+GB,11,17,1,3,181.0135,0.6925845231074939
9,11,RF+GB,11,17,1,3,182.0134,0.7293925754427251
9,11,RF+GB,11,17,1,3,183.0136,0.7426702560481715
9,11,RF+GB,11,17,1,3,184.0135,0.7408676502705673
9,11,RF+GB,11,17,1,3,185.0143,0.7458733814342949
9,11,RF+GB,11,17,1,3,186.0142,0.7223276496703575
9,11,RF+GB,11,17,1,3,187.0137,0.7265954703256052
9,11,RF+GB,11,17,1,3,188.0129,0.5857623888578538
9,11,RF+GB,11,17,1,3,189.0135,0.6123162418282093
9,11,RF+GB,11,17,1,3,190.0132,0.6180661963580034
9,11,RF+GB,11,17,1,3,191.0142,0.618512144663089
9,11,RF+GB,11,17,1,3,192.0143,0.618864216558727
9,11,RF+GB,11,17,1,3,193.0143,0.7085013308427456
9,11,RF+GB,11,17,1,3,194.0146,0.6965269697174017
9,11,RF+GB,11,17,1,3,195.0144,0.7083893118118574
9,11,RF+GB,11,17,1,3,196.0145,0.7012808448651181
9,11,RF+GB,11,17,1,3,197.0046,0.7338582700347185
9,11,RF+GB,11,17,1,3,198.0152,0.73418778267737
9,11,RF+GB,11,17,1,3,199.0153,0.7224975369518325
9,11,RF+GB,11,17,1,3,200.0146,0.7239996112492855
9,11,RF+GB,11,17,1,3,201.0141,0.7208360333797383
9,11,RF+GB,11,17,1,3,202.0137,0.7215001262453153
9,11,RF+GB,11,17,0,0,203.0151,0.7151892386458463
9,11,RF+GB,11,17,0,0,204.0154,0.6848200732081953
9,11,RF+GB,11,17,0,0,205.0158,0.46257416411873975
9,11,RF+GB,11,17,0,0,206.015,0.4314298943586051
9,11,RF+GB,11,17,0,0,207.0146,0.4570797506888196
9,11,RF+GB,11,17,0,0,208.0141,0.47489191528024466
9,11,RF+GB,11,17,0,0,209.0146,0.6665058914163305
9,11,RF+GB,11,17,0,0,210.0141,0.6400832177657061
9,11,RF+GB,11,17,0,0,211.0146,0.6293074426911305
9,11,RF+GB,11,17,0,0,212.0141,0.5808799112120421
9,11,RF+GB,11,17,0,0,213.013,0.3345437032978505
9,11,RF+GB,11,17,0,0,214.014,0.3509814420012465
9,11,RF+GB,11,17,0,0,215.0143,0.36224369456142985
9,11,RF+GB,11,17,0,0,216.0142,0.37984720819954254
9,11,RF+GB,11,17,0,0,217.0132,0.3583495993739011
9,11,RF+GB,11,17,0,0,218.0146,0.35302756350603937
9,11,RF+GB,11,17,0,0,219.0155,0.370261930356472
9,11,RF+GB,11,17,0,0,220.0047,0.370261930356472
9,11,RF+GB,11,17,0,0,221.0041,0.5823459657772896
9,11,RF+GB,11,17,0,0,222.0053,0.5518731043623727
9,11,RF+GB,11,17,0,0,223.0042,0.5331908199818198
9,11,RF+GB,11,17,0,0,224.0043,0.5399656975447733
9,11,RF+GB,11,17,0,0,225.0045,0.5359990135229262
9,11,RF+GB,11,17,0,0,226.0041,0.5730245545673167
9,11,RF+GB,11,17,0,0,227.0047,0.6010915372803263
9,11,RF+GB,11,17,0,0,228.0157,0.5829621813798342
9,11,RF+GB,11,17,0,0,229.0042,0.6296543488958903
9,11,RF+GB,11,17,0,0,230.0042,0.5748389974539168
9,11,RF+GB,11,17,0,0,231.015,0.412203940605795
9,11,RF+GB,11,17,0,0,232.0043,0.39432466000367505
9,11,RF+GB,11,17,0,0,233.0045,0.4087222740653521
9,11,RF+GB,11,17,0,0,234.015,0.4159985815645951
9,11,RF+GB,11,17,0,0,235.015,0.40817082863259196
9,11,RF+GB,11,17,0,0,236.0049,0.39288679426232465
9,11,RF+GB,11,17,0,0,237.0058,0.4095003186117383
9,11,RF+GB,11,17,0,0,238.0066,0.40262135811451627
9,11,RF+GB,11,17,0,0,239.0082,0.6028412734378558
9,11,RF+GB,11,17,0,0,240.0067,0.5770635258969488
9,11,RF+GB,11,17,0,0,241.0064,0.5605984813278502
9,11,RF+GB,11,17,0,0,242.0061,0.6224392362824465
9,11,RF+GB,11,17,0,0,243.0064,0.6005134964200887
9,11,RF+GB,11,17,0,0,244.006,0.6056438570387384
9,11,RF+GB,11,17,0,0,245.0055,0.5933302546485693
9,11,RF+GB,11,17,0,0,246.0066,0.6145687013123948
9,11,RF+GB,11,17,0,0,247.0063,0.6100588110167865
9,11,RF+GB,11,17,0,0,248.0059,0.6590592473106903
9,11,RF+GB,11,17,0,0,249.006,0.7053238491070217
9,11,RF+GB,11,17,0,0,250.0056,0.7163746589804214
9,11,RF+GB,11,17,0,0,251.0057,0.7274803907598744
9,11,RF+GB,11,17,0,0,252.0064,0.7340427432844323
9,11,RF+GB,11,17,0,0,253.0056,0.7232648378232667
9,11,RF+GB,11,17,0,0,254.0052,0.6449189397172128
9,11,RF+GB,11,17,0,0,255.0055,0.4920892061348865
9,11,RF+GB,11,17,0,0,256.0053,0.38576736082331553
9,11,RF+GB,11,17,0,0,257.0049,0.3864766757912207
9,11,RF+GB,11,17,0,0,258.0047,0.3742865213574092
9,11,RF+GB,11,17,0,0,259.0052,0.38017697445564613
9,11,RF+GB,11,17,0,0,260.0065,0.4114392134534043
9,11,RF+GB,11,17,0,0,261.0071,0.40514079678610226
9,11,RF+GB,11,17,0,0,262.0067,0.3822511258817758
9,11,RF+GB,11,17,0,0,263.007,0.408653752302096
9,11,RF+GB,11,17,0,0,264.0072,0.3936148266496349
9,11,RF+GB,11,17,0,0,265.0074,0.38824145656740006
9,11,RF+GB,11,17,0,0,266.0079,0.37936395488247476
9,11,RF+GB,11,17,0,0,267.0063,0.3670035744236173
9,11,RF+GB,11,17,0,0,268.0071,0.3458570684044434
9,11,RF+GB,11,17,0,0,269.007,0.31233330997777203
9,11,RF+GB,11,17,0,0,270.008,0.3132681992858832
9,11,RF+GB,11,17,0,0,271.0076,0.29572096507451956
9,11,RF+GB,11,17,0,0,272.0083,0.3062996101871749
9,11,RF+GB,11,17,0,0,273.0101,0.3015815816621853
9,11,RF+GB,11,17,0,0,274.0092,0.319570342127158
9,11,RF+GB,11,17,0,0,275.0092,0.30697315351192983
9,11,RF+GB,11,17,0,0,276.0079,0.3213145835960488
9,11,RF+GB,11,17,0,0,277.0084,0.3289624775446822
9,11,RF+GB,11,17,0,0,278.0099,0.33043896154422947
9,11,RF+GB,11,17,0,0,279.0088,0.3272904255240718
9,11,RF+GB,11,17,0,0,280.0082,0.38837542257302626
9,11,RF+GB,11,17,0,0,281.0092,0.4349128003969883
9,11,RF+GB,11,17,0,0,282.0089,0.4466172884931543
9,11,RF+GB,11,17,0,0,283.0091,0.4248213150139038
9,11,RF+GB,11,17,0,0,284.0089,0.43198598719045544
9,11,RF+GB,11,17,0,0,285.0094,0.44446240399747516
9,11,RF+GB,11,17,0,0,286.0088,0.4601760111966599
9,11,RF+GB,11,17,0,0,287.0086,0.44862661158951306
9,11,RF+GB,11,17,0,0,288.0084,0.43483542096505584
9,11,RF+GB,11,17,0,0,289.0072,0.4354183779037693
9,11,RF+GB,11,17,0,0,290.008,0.4429774683206743
9,11,RF+GB,11,17,0,0,291.0084,0.44157626775808717
9,11,RF+GB,11,17,0,0,292.0078,0.42711671573333576
9,11,RF+GB,11,17,0,0,293.0093,0.4316640717567862
9,11,RF+GB,11,17,0,0,294.0094,0.40845173840218263
9,11,RF+GB,11,17,0,0,295.0093,0.40514413978517805
9,11,RF+GB,11,17,0,0,296.0093,0.40829163310593874
9,11,RF+GB,11,17,0,0,297.0098,0.4668094824595434
9,11,RF+GB,11,17,0,0,298.0105,0.4928840327679201
9,11,RF+GB,11,17,0,0,299.0096,0.4849854252645236
9,11,RF+GB,11,17,0,0,300.0081,0.4939213657520599
9,11,RF+GB,11,17,0,0,301.008,0.5046863974191242
