pair_g,pair_h,model,participant,session,y,sev,t,proba
3,12,RF,3,4,0,0,0.0,0.009207822573995337
3,12,RF,3,4,0,0,1.008661,0.02043354733967973
3,12,RF,3,4,0,0,2.002721,0.01376688067301306
3,12,RF,3,4,0,0,3.008869,0.026562927906093707
3,12,RF,3,4,0,0,4.00239,0.022887972075290957
3,12,RF,3,4,0,0,5.007593,0.03773097977495826
3,12,RF,3,4,0,0,6.002728,0.05063469766831703
3,12,RF,3,4,0,0,7.007195,0.05875163564903771
3,12,RF,3,4,0,0,8.00138,0.07944929548498589
3,12,RF,3,4,0,0,9.006776,0.07341140294729173
3,12,RF,3,4,0,0,10.00242,0.06661810197190389
3,12,RF,3,4,0,0,11.00579,0.136215987435516
3,12,RF,3,4,0,0,12.00219,0.14284267838620832
3,12,RF,3,4,0,0,13.00505,0.1452337049373939
3,12,RF,3,4,0,0,14.01213,0.17235498617818765
3,12,RF,3,4,0,0,15.00486,0.1991180674544414
3,12,RF,3,4,0,0,16.00989,0.23509254312122474
3,12,RF,3,4,0,0,17.0052,0.2679925773475767
3,12,RF,3,4,0,0,18.01026,0.2946986194779883
3,12,RF,3,4,0,0,19.00413,0.2998928679160126
3,12,RF,3,4,0,0,20.01035,0.28567171891058607
3,12,RF,3,4,0,0,21.00403,0.29962519575915986
3,12,RF,3,4,0,0,22.0082,0.30379990133254753
3,12,RF,3,4,0,0,23.00246,0.31524986226264073
3,12,RF,3,4,0,0,24.00895,0.30284972785493586
3,12,RF,3,4,0,0,25.00289,0.3241833194860866
3,12,RF,3,4,0,0,26.00946,0.34037849333267467
3,12,RF,3,4,0,0,27.00454,0.3577254921234157
3,12,RF,3,4,0,0,28.00746,0.39565256474515614
3,12,RF,3,4,0,0,29.00091,0.42246720123735065
3,12,RF,3,4,0,0,30.00637,0.3856618278662322
3,12,RF,3,4,0,0,31.00367,0.3946743340543628
3,12,RF,3,4,0,0,32.00863,0.40533447082337104
3,12,RF,3,4,0,0,33.0014,0.4258013996613791
3,12,RF,3,4,0,0,34.00493,0.42888597488424335
3,12,RF,3,4,0,0,35.01046,0.3764550462166532
3,12,RF,3,4,0,0,36.00857,0.3548804532797006
3,12,RF,3,4,0,0,37.01118,0.3765155974648259
3,12,RF,3,4,0,0,38.00753,0.4002807165998772
3,12,RF,3,4,0,0,39.01064,0.4183775360227979
3,12,RF,3,4,0,0,40.00348,0.39283818876766635
3,12,RF,3,4,0,0,41.01133,0.33587179262457034
3,12,RF,3,4,0,0,42.00616,0.3196283419567229
3,12,RF,3,4,0,0,43.01037,0.1482357220260011
3,12,RF,3,4,0,0,44.00665,0.1349727524891608
3,12,RF,3,4,0,0,45.0107,0.12017937930636985
3,12,RF,3,4,0,0,46.00231,0.14510189552804822
3,12,RF,3,4,0,0,47.01059,0.13973649858050427
3,12,RF,3,4,0,0,48.00177,0.13416080255430796
3,12,RF,3,4,0,0,48.99564,0.12221618148185671
3,12,RF,3,4,0,0,50.01097,0.12121889438584352
3,12,RF,3,4,0,0,51.01345,0.12333333060777486
3,12,RF,3,4,0,0,52.01149,0.12466004398101573
3,12,RF,12,18,0,0,0.0,0.001873293483875729
3,12,RF,12,18,0,0,1.008357,0.0
3,12,RF,12,18,0,0,2.00824,0.006666666666666667
3,12,RF,12,18,0,0,3.008948,0.022671746799542074
3,12,RF,12,18,0,0,3.999748,0.008540698103461
3,12,RF,12,18,0,0,4.999649,0.006666666666666667
3,12,RF,12,18,0,0,6.000401,0.022799913333157163
3,12,RF,12,18,0,0,6.999671,0.02823486754202809
3,12,RF,12,18,0,0,8.000978,0.046123943365623386
3,12,RF,12,18,0,0,9.002599,0.045524490409433245
3,12,RF,12,18,0,0,10.0028,0.05767263739250711
3,12,RF,12,18,0,0,11.00139,0.03544228813777517
3,12,RF,12,18,0,0,12.00211,0.04974264873698748
3,12,RF,12,18,0,0,13.00259,0.061276400487984675
3,12,RF,12,18,0,0,14.00278,0.05913739519759549
3,12,RF,12,18,0,0,15.00179,0.045804061864262155
3,12,RF,12,18,0,0,16.00156,0.04613105078133529
3,12,RF,12,18,0,0,17.0027,0.06967004900818734
3,12,RF,12,18,0,0,18.00079,0.051585605705463354
3,12,RF,12,18,0,0,19.00123,0.11087348487615022
3,12,RF,12,18,0,0,20.00084,0.11179567024020733
3,12,RF,12,18,0,0,21.00071,0.1067503729454026
3,12,RF,12,18,0,0,22.00156,0.11907986357505006
3,12,RF,12,18,0,0,23.00053,0.11078165347118843
3,12,RF,12,18,0,0,24.00102,0.10454649930228987
3,12,RF,12,18,0,0,25.00209,0.0873516877800753
3,12,RF,12,18,0,0,26.0016,0.0831946710628369
3,12,RF,12,18,0,0,27.00249,0.09137092491917084
3,12,RF,12,18,0,0,28.0012,0.09305501769728933
3,12,RF,12,18,0,0,29.00121,0.07461624646338336
3,12,RF,12,18,0,0,30.00123,0.07703381854371824
3,12,RF,12,18,0,0,31.00164,0.08693756789589331
3,12,RF,12,18,0,0,32.00216,0.1053041076870474
3,12,RF,12,18,0,0,33.00088,0.11860536685110347
3,12,RF,12,18,0,0,34.00269,0.0996077059393229
3,12,RF,12,18,0,0,35.00294,0.08741219458392546
3,12,RF,12,18,0,0,36.00311,0.10136761657542888
3,12,RF,12,18,0,0,37.00309,0.11041899481018774
3,12,RF,12,18,0,0,38.00405,0.12015122793218187
3,12,RF,12,18,0,0,39.00333,0.11659955127006257
3,12,RF,12,18,0,0,40.00485,0.12139865764620997
3,12,RF,12,18,0,0,41.00397,0.12138671449761093
3,12,RF,12,18,0,0,42.00266,0.11798207624285892
3,12,RF,12,18,0,0,43.00225,0.15419839942996041
3,12,RF,12,18,0,0,44.00298,0.14758982501029463
3,12,RF,12,18,0,0,45.00437,0.11070531369492069
3,12,RF,12,18,0,0,46.00364,0.10635381407127456
3,12,RF,12,18,0,0,47.00359,0.10947224952806006
3,12,RF,12,18,0,0,48.0054,0.11047128428921807
3,12,RF,12,18,0,0,49.00593,0.13406325965159166
3,12,RF,12,18,0,0,50.00617,0.14900486951819703
3,12,RF,12,18,0,0,51.00528,0.12519973855462316
3,12,RF,12,18,0,0,52.00639,0.12879615065630257
3,12,RF,12,18,1,1,53.00624,0.1253533947706708
3,12,RF,12,18,1,1,54.00494,0.11680716202032028
3,12,RF,12,18,1,1,55.00533,0.14349578910077293
3,12,RF,12,18,1,1,56.00521,0.13593380444737066
3,12,RF,12,18,1,1,57.00574,0.1326004711140373
3,12,RF,12,18,1,1,58.0062,0.12594733462735705
3,12,RF,12,18,1,1,59.00651,0.11557279021462757
3,12,RF,12,18,1,1,60.0065,0.09115939740503468
3,12,RF,12,18,1,1,61.00676,0.0820439710176463
3,12,RF,12,18,1,1,62.00747,0.08728565059848903
3,12,RF,12,18,1,1,63.00783,0.08204766078223931
3,12,RF,12,18,1,1,64.00652,0.11076935945322082
3,12,RF,12,18,1,1,65.00637,0.1130332937543533
3,12,RF,12,18,1,1,66.00661,0.11909312505418766
3,12,RF,12,18,1,1,67.00733,0.11859793322463093
3,12,RF,12,18,1,1,68.0062,0.13786751545337037
3,12,RF,12,18,1,1,69.00656,0.14848800172751697
3,12,RF,12,18,1,1,70.00576,0.16434558578050446
3,12,RF,12,18,1,1,71.007,0.16332888326580347
3,12,RF,12,18,1,1,72.00552,0.15759307007310602
3,12,RF,12,18,1,1,73.00641,0.15432400013869899
3,12,RF,12,18,1,1,74.00616,0.150004494901074
3,12,RF,12,18,1,1,75.00674,0.142507397853469
3,12,RF,12,18,1,1,76.00529,0.14129411364752997
3,12,RF,12,18,1,1,77.00492,0.12134431635522042
3,12,RF,12,18,1,1,78.00499,0.09731651536203235
3,12,RF,12,18,1,1,79.00438,0.129453819325772
3,12,RF,12,18,1,1,80.00517,0.11348177804468293
3,12,RF,12,18,1,1,81.00525,0.09841112213673023
3,12,RF,12,18,1,1,82.00571,0.0984111221367302
3,12,RF,12,18,1,1,83.0059,0.09498627007782208
3,12,RF,12,18,1,1,84.00636,0.10005958082022458
3,12,RF,12,18,1,1,85.00627,0.10860027892368557
3,12,RF,12,18,1,1,86.00544,0.1006728974887681
3,12,RF,12,18,1,1,87.00535,0.09846973631321283
3,12,RF,12,18,1,1,88.00661,0.11512032109279961
3,12,RF,12,18,1,1,89.00671,0.11424496841787407
3,12,RF,12,18,1,1,90.0069,0.135584340401472
3,12,RF,12,18,1,1,91.00655,0.13299501845855866
3,12,RF,12,18,1,1,92.00586,0.12820787929704228
3,12,RF,12,18,1,1,93.00626,0.12921260219572134
3,12,RF,12,18,1,1,94.00586,0.13720672075322016
3,12,RF,12,18,1,1,95.00709,0.14720672075322017
3,12,RF,12,18,1,1,96.00739,0.17722527213754657
3,12,RF,12,18,1,1,97.00674,0.1887682612245091
3,12,RF,12,18,1,1,98.00808,0.21261445353820024
3,12,RF,12,18,1,1,99.00751,0.2354666827150505
3,12,RF,12,18,1,1,100.0077,0.2871842691077757
3,12,RF,12,18,1,1,101.0096,0.2860780420623179
3,12,RF,12,18,1,1,102.0074,0.272060004780983
3,12,RF,12,18,1,1,103.0078,0.26302816356927133
3,12,RF,12,18,1,1,104.0074,0.25786587849696774
3,12,RF,12,18,1,1,105.0075,0.21562881290921468
3,12,RF,12,18,1,1,106.0091,0.28338059929875914
3,12,RF,12,18,1,1,107.0098,0.2878891631740962
3,12,RF,12,18,1,2,108.0099,0.29427717652931634
3,12,RF,12,18,1,2,109.0091,0.3263783306526781
3,12,RF,12,18,1,2,110.0078,0.3182844203015835
3,12,RF,12,18,1,2,111.0087,0.32829807243057774
3,12,RF,12,18,1,2,112.0099,0.32728300405112126
3,12,RF,12,18,1,2,113.0093,0.30345650170111615
3,12,RF,12,18,1,2,114.009,0.30948709681318765
3,12,RF,12,18,1,2,115.0081,0.31495710000395166
3,12,RF,12,18,1,2,116.0078,0.3310055481066181
3,12,RF,12,18,1,2,117.0074,0.31587888083627974
3,12,RF,12,18,1,2,118.0071,0.3546386768098989
3,12,RF,12,18,1,2,119.0083,0.3518262850074028
3,12,RF,12,18,1,2,120.009,0.35118614057542497
3,12,RF,12,18,1,2,120.9984,0.34383205309645193
3,12,RF,12,18,1,2,122.0074,0.35347093350603787
3,12,RF,12,18,1,2,123.0077,0.36903811646189943
3,12,RF,12,18,1,2,123.9986,0.34665736452740953
3,12,RF,12,18,1,2,125.0092,0.337180592145422
3,12,RF,12,18,1,2,125.9986,0.33640256319850137
3,12,RF,12,18,1,2,126.9988,0.3487211433245707
3,12,RF,12,18,1,2,127.9989,0.3971316620815337
3,12,RF,12,18,1,2,128.9988,0.4664999902017995
3,12,RF,12,18,1,2,129.9991,0.49331217066675226
3,12,RF,12,18,1,2,130.9994,0.4952827953476749
3,12,RF,12,18,1,2,131.999,0.500370642926673
3,12,RF,12,18,1,2,132.9998,0.506786941446052
3,12,RF,12,18,1,2,133.9993,0.5136043711191159
3,12,RF,12,18,1,2,134.9985,0.4944670185872248
3,12,RF,12,18,1,2,135.9998,0.48313175838679695
3,12,RF,12,18,1,2,136.9992,0.4719180943956782
3,12,RF,12,18,1,2,137.9989,0.46820788162438287
3,12,RF,12,18,1,2,138.9988,0.4527645618489372
3,12,RF,12,18,1,2,139.9986,0.4393253723884957
3,12,RF,12,18,1,2,140.9988,0.4222775590478642
3,12,RF,12,18,1,2,141.9991,0.41880201155090657
3,12,RF,12,18,1,2,142.9998,0.3789274088586763
3,12,RF,12,18,1,2,143.9999,0.36220740746540914
3,12,RF,12,18,1,2,145.0001,0.3388719939357651
3,12,RF,12,18,1,2,146.001,0.31603439149883467
3,12,RF,12,18,1,2,147.0007,0.33170174872487135
3,12,RF,12,18,1,2,148.0004,0.3542896932747176
3,12,RF,12,18,1,2,149.001,0.33937917342082186
3,12,RF,12,18,1,2,150.0006,0.32856157186149093
3,12,RF,12,18,1,2,151.0011,0.35135237496318084
3,12,RF,12,18,1,2,152.0004,0.3729245169410724
3,12,RF,12,18,1,2,153.001,0.4078046973476164
3,12,RF,12,18,1,2,154.0011,0.42867404624249056
3,12,RF,12,18,1,2,155.0003,0.41255532114911647
3,12,RF,12,18,1,2,156.001,0.3980178360227793
3,12,RF,12,18,1,2,156.9993,0.3542272099856348
3,12,RF,12,18,1,2,157.9988,0.35831747372831035
3,12,RF,12,18,1,2,159.0003,0.3328908391855403
3,12,RF,12,18,1,2,160.0008,0.31811150729889914
3,12,RF,12,18,1,2,160.9996,0.3027483166418612
3,12,RF,12,18,1,2,162.0001,0.31475800304814533
3,12,RF,12,18,1,2,163.0001,0.33493513440141676
3,12,RF,12,18,1,2,164.0005,0.341610778583674
3,12,RF,12,18,1,2,165.0004,0.3389634423763557
3,12,RF,12,18,1,2,166.0017,0.38459081198684797
3,12,RF,12,18,1,2,167.0011,0.4694075771464924
3,12,RF,12,18,1,2,168.0008,0.4773541012412849
3,12,RF,12,18,1,2,168.9998,0.49238633694525796
3,12,RF,12,18,1,2,170.0002,0.4918353142995418
3,12,RF,12,18,1,2,170.9997,0.483955536555238
3,12,RF,12,18,1,2,172.0014,0.4991546378861789
3,12,RF,12,18,1,2,173.0018,0.46504590624857994
3,12,RF,12,18,1,2,174.0013,0.45249907358892727
3,12,RF,12,18,1,2,175.0014,0.44357653607635505
3,12,RF,12,18,1,2,176.0028,0.417283983400482
3,12,RF,12,18,1,2,177.0029,0.39928475515136874
3,12,RF,12,18,1,2,178.0038,0.387476690161225
3,12,RF,12,18,1,2,179.0038,0.3901588393152375
3,12,RF,12,18,1,2,180.0031,0.39549140686473394
3,12,RF,12,18,1,2,181.0029,0.41647602600359834
3,12,RF,12,18,1,2,182.0026,0.4131508101523696
3,12,RF,12,18,1,2,183.0027,0.4233549978089494
3,12,RF,12,18,1,2,184.0022,0.43688220644439213
3,12,RF,12,18,1,2,185.0028,0.4442973151492377
3,12,RF,12,18,1,2,186.0024,0.4438051781975894
3,12,RF,12,18,1,2,187.0021,0.4571462600365681
3,12,RF,12,18,1,2,188.0025,0.4764662790415048
3,12,RF,12,18,1,3,189.0021,0.4839572296080382
3,12,RF,12,18,1,3,190.0029,0.500569504022615
3,12,RF,12,18,1,3,191.0034,0.5337852815528722
3,12,RF,12,18,1,3,192.002,0.5638239047938408
3,12,RF,12,18,1,3,193.0013,0.5590774817650989
3,12,RF,12,18,1,3,194.0016,0.5840278340598355
3,12,RF,12,18,1,3,195.0015,0.6211689153061675
3,12,RF,12,18,1,3,196.0016,0.6211205793899989
3,12,RF,12,18,1,3,197.0011,0.6270398105033645
3,12,RF,12,18,1,3,198.0019,0.6438999850283328
3,12,RF,12,18,1,3,199.0027,0.6930958686758456
3,12,RF,12,18,1,3,200.0016,0.6886296313371422
3,12,RF,12,18,1,3,201.0032,0.6824676212122212
3,12,RF,12,18,1,1,202.0032,0.6913339637845348
3,12,RF,12,18,1,1,203.0031,0.6785160905648463
3,12,RF,12,18,1,1,204.0051,0.6716947411850677
3,12,RF,12,18,1,1,205.0046,0.6627076653199658
3,12,RF,12,18,1,1,206.0048,0.6390267949038259
3,12,RF,12,18,1,1,207.0044,0.6189935870224887
3,12,RF,12,18,1,1,208.0034,0.642796258412054
3,12,RF,12,18,1,1,209.0041,0.6484304451914796
3,12,RF,12,18,1,1,210.0043,0.6351325335982392
3,12,RF,12,18,1,1,211.0044,0.6217798056173801
3,12,RF,12,18,1,1,212.0051,0.6050455920304195
3,12,RF,12,18,1,1,213.0056,0.584117524728952
3,12,RF,12,18,1,1,214.004,0.5691246482699039
3,12,RF,12,18,1,1,215.0044,0.5729049161660337
3,12,RF,12,18,1,1,216.0038,0.5538066342824344
3,12,RF,12,18,1,1,217.0047,0.5310300729734737
3,12,RF,12,18,1,1,218.0059,0.5238538434702209
3,12,RF,12,18,1,1,219.0059,0.5012983815565089
3,12,RF,12,18,1,1,220.0052,0.4972546321349036
3,12,RF,12,18,1,1,221.0061,0.4972546321349036
3,12,RF,12,18,1,1,222.0059,0.4939212988015702
3,12,RF,12,18,1,1,223.0056,0.49602429043094587
3,12,RF,12,18,1,1,224.0057,0.5006572078134137
3,12,RF,12,18,1,1,225.0056,0.5172929484016829
3,12,RF,12,18,1,1,226.0055,0.48663630481057835
3,12,RF,12,18,1,1,227.0059,0.4918071850985091
3,12,RF,12,18,1,1,228.005,0.479805997296717
3,12,RF,12,18,1,1,229.0065,0.4811855156152765
3,12,RF,12,18,1,1,230.0075,0.4803048292171122
3,12,RF,12,18,1,1,231.0063,0.49908229268393534
3,12,RF,12,18,1,1,232.0068,0.49979565182173746
3,12,RF,12,18,1,1,233.0066,0.49040774209581806
3,12,RF,12,18,1,1,234.0066,0.4908713585935229
3,12,RF,12,18,1,1,235.0065,0.5028493007240535
3,12,RF,12,18,1,1,236.0055,0.5151899693883198
3,12,RF,12,18,1,1,237.0056,0.501734715925566
3,12,RF,12,18,1,1,238.0052,0.4911901472574082
3,12,RF,12,18,1,1,239.0056,0.4996194588670169
3,12,RF,12,18,1,1,240.0051,0.49773583404228067
3,12,RF,12,18,1,1,241.0055,0.49227176538556755
3,12,RF,12,18,1,1,242.0062,0.48477153922543675
3,12,RF,12,18,1,2,243.0076,0.4719160304068993
3,12,RF,12,18,1,2,244.0073,0.46670017917820766
3,12,RF,12,18,1,2,245.0063,0.47143820589210333
3,12,RF,12,18,1,2,246.0071,0.44986518285464683
3,12,RF,12,18,1,2,247.0066,0.45748867423706147
3,12,RF,12,18,1,2,248.0063,0.466118030303301
3,12,RF,12,18,1,2,249.0063,0.4686128213261649
3,12,RF,12,18,1,2,250.0067,0.46883491084677414
3,12,RF,12,18,1,2,251.0069,0.4399018866550246
3,12,RF,12,18,1,2,252.0063,0.4391667762435597
3,12,RF,12,18,1,2,253.0062,0.4464189668792372
3,12,RF,12,18,1,2,254.007,0.44826274224636886
3,12,RF,12,18,1,3,255.0065,0.4495043763798153
3,12,RF,12,18,1,3,256.0077,0.4632968466034567
3,12,RF,12,18,1,3,257.0081,0.5011479264829212
3,12,RF,12,18,1,3,258.0063,0.4844812598162545
3,12,RF,12,18,1,3,259.008,0.4971774132464428
3,12,RF,12,18,1,3,260.007,0.49806217983406736
3,12,RF,12,18,1,3,261.0075,0.5515238042040763
3,12,RF,12,18,1,3,262.0077,0.54618514488398
3,12,RF,12,18,1,3,263.0085,0.5558133137240557
3,12,RF,12,18,1,3,264.0075,0.5457356427298736
3,12,RF,12,18,1,3,265.0075,0.5314814120983065
3,12,RF,12,18,1,3,266.0073,0.5262153800711498
3,12,RF,12,18,1,3,267.0079,0.5216012695516923
3,12,RF,12,18,1,3,268.0078,0.552835604915542
3,12,RF,12,18,1,3,269.0071,0.5684368627473925
3,12,RF,12,18,1,3,270.0084,0.5889452961637702
3,12,RF,12,18,1,3,271.0077,0.5931190142252353
3,12,RF,12,18,1,3,272.0077,0.5943950652824461
3,12,RF,12,18,1,3,273.0062,0.6065939015410594
3,12,RF,12,18,1,3,274.0075,0.6007210334013632
3,12,RF,12,18,1,3,275.0082,0.6067683331279287
3,12,RF,12,18,1,3,276.0084,0.6067444959892743
3,12,RF,12,18,1,3,277.008,0.6056336645972596
3,12,RF,12,18,1,3,278.0078,0.6049589107572635
3,12,RF,12,18,1,3,279.0087,0.5946788614983611
3,12,RF,12,18,1,3,279.9987,0.590300675120276
3,12,RF,12,18,1,3,280.9984,0.5884310714009933
3,12,RF,12,18,1,3,282.0078,0.5729752604863695
3,12,RF,12,18,1,3,283.0088,0.5801136296667075
3,12,RF,12,18,1,3,284.0084,0.5846507243221356
3,12,RF,12,18,1,3,285.0089,0.5947642906085102
3,12,RF,12,18,1,3,286.0092,0.6148167443432411
3,12,RF,12,18,1,3,287.0081,0.6022856804883905
3,12,RF,12,18,1,3,288.0087,0.6035450672545665
3,12,RF,12,18,1,3,289.0087,0.6047671093676971
3,12,RF,12,18,1,3,290.0087,0.5999062134928539
3,12,RF,12,18,1,3,290.9989,0.5936688208902547
3,12,RF,12,18,1,3,291.9995,0.6040950104635611
3,12,RF,12,18,1,3,293.0102,0.6165073193438163
3,12,RF,12,18,1,3,293.9985,0.623275278372493
3,12,RF,12,18,1,3,295.0103,0.6099401001568632
3,12,RF,12,18,1,3,296.0102,0.5942558949540379
3,12,RF,12,18,1,3,297.0093,0.5879184318182524
3,12,RF,12,18,1,3,297.9989,0.597345343435192
3,12,RF,12,18,1,3,298.9991,0.5987152977966999
3,12,RF,12,18,1,3,299.9987,0.6127550807305708
3,12,RF,12,18,1,3,300.9995,0.6026143824517592
3,12,RF,12,18,1,3,302.0092,0.5794056535660228
3,12,GB,3,4,0,0,0.0,0.00047163405829817777
3,12,GB,3,4,0,0,1.008661,0.0018027591753196862
3,12,GB,3,4,0,0,2.002721,0.001825952308945792
3,12,GB,3,4,0,0,3.008869,0.0018055581971645534
3,12,GB,3,4,0,0,4.00239,0.0007440869662246898
3,12,GB,3,4,0,0,5.007593,0.0007440634992304001
3,12,GB,3,4,0,0,6.002728,0.0033940305642838507
3,12,GB,3,4,0,0,7.007195,0.002584603323658023
3,12,GB,3,4,0,0,8.00138,0.0026170636720454768
3,12,GB,3,4,0,0,9.006776,0.0017710642076951908
3,12,GB,3,4,0,0,10.00242,0.001781048154057422
3,12,GB,3,4,0,0,11.00579,0.024361976505586896
3,12,GB,3,4,0,0,12.00219,0.022384097205551127
3,12,GB,3,4,0,0,13.00505,0.024125576473800224
3,12,GB,3,4,0,0,14.01213,0.03358961274221297
3,12,GB,3,4,0,0,15.00486,0.04651015499226501
3,12,GB,3,4,0,0,16.00989,0.04929979985026367
3,12,GB,3,4,0,0,17.0052,0.04826697062224497
3,12,GB,3,4,0,0,18.01026,0.042522755744502545
3,12,GB,3,4,0,0,19.00413,0.05396736992391507
3,12,GB,3,4,0,0,20.01035,0.06691693813997523
3,12,GB,3,4,0,0,21.00403,0.05641498266271715
3,12,GB,3,4,0,0,22.0082,0.05907443055680292
3,12,GB,3,4,0,0,23.00246,0.08578646039648541
3,12,GB,3,4,0,0,24.00895,0.07664196531287712
3,12,GB,3,4,0,0,25.00289,0.08473465129843147
3,12,GB,3,4,0,0,26.00946,0.09030302997834047
3,12,GB,3,4,0,0,27.00454,0.12944028490880324
3,12,GB,3,4,0,0,28.00746,0.15491569695832771
3,12,GB,3,4,0,0,29.00091,0.2075271436031914
3,12,GB,3,4,0,0,30.00637,0.19436692766806227
3,12,GB,3,4,0,0,31.00367,0.19980927942608534
3,12,GB,3,4,0,0,32.00863,0.19760450827979278
3,12,GB,3,4,0,0,33.0014,0.26723087484886754
3,12,GB,3,4,0,0,34.00493,0.31623929737140216
3,12,GB,3,4,0,0,35.01046,0.23600488154858235
3,12,GB,3,4,0,0,36.00857,0.09986637892891563
3,12,GB,3,4,0,0,37.01118,0.16377089514847928
3,12,GB,3,4,0,0,38.00753,0.38399192960197787
3,12,GB,3,4,0,0,39.01064,0.3847242861972819
3,12,GB,3,4,0,0,40.00348,0.2842954374654434
3,12,GB,3,4,0,0,41.01133,0.2924962572399741
3,12,GB,3,4,0,0,42.00616,0.32480936347266887
3,12,GB,3,4,0,0,43.01037,0.0019901022663720955
3,12,GB,3,4,0,0,44.00665,0.001550318717694894
3,12,GB,3,4,0,0,45.0107,0.001550318717694894
3,12,GB,3,4,0,0,46.00231,0.001795522824571856
3,12,GB,3,4,0,0,47.01059,0.0010081857969756781
3,12,GB,3,4,0,0,48.00177,0.0009300373673017102
3,12,GB,3,4,0,0,48.99564,0.0009300373673017102
3,12,GB,3,4,0,0,50.01097,0.0009300373673017102
3,12,GB,3,4,0,0,51.01345,0.0004989381078325938
3,12,GB,3,4,0,0,52.01149,0.0009309335352119584
3,12,GB,12,18,0,0,0.0,6.907779681663167e-05
3,12,GB,12,18,0,0,1.008357,6.342476048896517e-05
3,12,GB,12,18,0,0,2.00824,7.193358920921328e-05
3,12,GB,12,18,0,0,3.008948,6.999471633904403e-05
3,12,GB,12,18,0,0,3.999748,6.735679600788944e-05
3,12,GB,12,18,0,0,4.999649,6.735679600788944e-05
3,12,GB,12,18,0,0,6.000401,7.57997892568787e-05
3,12,GB,12,18,0,0,6.999671,4.3674515087305635e-05
3,12,GB,12,18,0,0,8.000978,9.210912041574807e-05
3,12,GB,12,18,0,0,9.002599,0.00020866036950978773
3,12,GB,12,18,0,0,10.0028,0.0003921475683898861
3,12,GB,12,18,0,0,11.00139,0.00015034512129666837
3,12,GB,12,18,0,0,12.00211,0.00015543796430228553
3,12,GB,12,18,0,0,13.00259,0.0002408282417012531
3,12,GB,12,18,0,0,14.00278,0.00025063041039262267
3,12,GB,12,18,0,0,15.00179,0.0002487990287344229
3,12,GB,12,18,0,0,16.00156,0.0002085125769138491
3,12,GB,12,18,0,0,17.0027,0.000202659556943987
3,12,GB,12,18,0,0,18.00079,0.00013232357663630045
3,12,GB,12,18,0,0,19.00123,0.0002709078244319476
3,12,GB,12,18,0,0,20.00084,0.0006377087051538884
3,12,GB,12,18,0,0,21.00071,0.0005771776076915864
3,12,GB,12,18,0,0,22.00156,0.00047666599908811967
3,12,GB,12,18,0,0,23.00053,0.00043067179243913334
3,12,GB,12,18,0,0,24.00102,0.0004430123976394528
3,12,GB,12,18,0,0,25.00209,0.00042819387324762243
3,12,GB,12,18,0,0,26.0016,0.0004517477274435656
3,12,GB,12,18,0,0,27.00249,0.0005177271109302992
3,12,GB,12,18,0,0,28.0012,0.0004013574654501585
3,12,GB,12,18,0,0,29.00121,0.0003207665980151792
3,12,GB,12,18,0,0,30.00123,0.00030867443702119424
3,12,GB,12,18,0,0,31.00164,0.0005893345971664769
3,12,GB,12,18,0,0,32.00216,0.0006974754985373748
3,12,GB,12,18,0,0,33.00088,0.0009149215288261865
3,12,GB,12,18,0,0,34.00269,0.0006359180320457335
3,12,GB,12,18,0,0,35.00294,0.0005891282705846419
3,12,GB,12,18,0,0,36.00311,0.00040626945687100187
3,12,GB,12,18,0,0,37.00309,0.0004162331786573486
3,12,GB,12,18,0,0,38.00405,0.00027235228060268785
3,12,GB,12,18,0,0,39.00333,0.00022890726615918696
3,12,GB,12,18,0,0,40.00485,0.00015181919593798668
3,12,GB,12,18,0,0,41.00397,0.0007972746876298204
3,12,GB,12,18,0,0,42.00266,0.001075275936624589
3,12,GB,12,18,0,0,43.00225,0.013125789453866029
3,12,GB,12,18,0,0,44.00298,0.006141856296505322
3,12,GB,12,18,0,0,45.00437,0.00014243851835684117
3,12,GB,12,18,0,0,46.00364,0.00023330262908681415
3,12,GB,12,18,0,0,47.00359,0.00027604668543592173
3,12,GB,12,18,0,0,48.0054,0.00027943540923618137
3,12,GB,12,18,0,0,49.00593,0.00046392440607369306
3,12,GB,12,18,0,0,50.00617,0.0005617926598398149
3,12,GB,12,18,0,0,51.00528,0.0010645960278362803
3,12,GB,12,18,0,0,52.00639,0.000982007976370836
3,12,GB,12,18,1,1,53.00624,0.0008398096808235478
3,12,GB,12,18,1,1,54.00494,0.0004412813980348777
3,12,GB,12,18,1,1,55.00533,0.0008097144896097477
3,12,GB,12,18,1,1,56.00521,0.0006923994653786771
3,12,GB,12,18,1,1,57.00574,0.0007212810227915177
3,12,GB,12,18,1,1,58.0062,0.0007635443457497292
3,12,GB,12,18,1,1,59.00651,0.0005063085663678509
3,12,GB,12,18,1,1,60.0065,0.0004614507147417066
3,12,GB,12,18,1,1,61.00676,0.0006053084159969115
3,12,GB,12,18,1,1,62.00747,0.00047755468525544054
3,12,GB,12,18,1,1,63.00783,0.0005420242605068028
3,12,GB,12,18,1,1,64.00652,0.0011630346778828357
3,12,GB,12,18,1,1,65.00637,0.0022762156432760035
3,12,GB,12,18,1,1,66.00661,0.0020297238311042503
3,12,GB,12,18,1,1,67.00733,0.0017874331705682962
3,12,GB,12,18,1,1,68.0062,0.0013241605919139597
3,12,GB,12,18,1,1,69.00656,0.0006646523160699528
3,12,GB,12,18,1,1,70.00576,0.0008837452663810101
3,12,GB,12,18,1,1,71.007,0.0010002595023705491
3,12,GB,12,18,1,1,72.00552,0.0009299386733982524
3,12,GB,12,18,1,1,73.00641,0.0011054576060733155
3,12,GB,12,18,1,1,74.00616,0.0012570189853590651
3,12,GB,12,18,1,1,75.00674,0.0010749028780673376
3,12,GB,12,18,1,1,76.00529,0.0007556323691774398
3,12,GB,12,18,1,1,77.00492,0.0006947193849499373
3,12,GB,12,18,1,1,78.00499,0.000699665151450572
3,12,GB,12,18,1,1,79.00438,0.0008569542968166376
3,12,GB,12,18,1,1,80.00517,0.0005400615541756378
3,12,GB,12,18,1,1,81.00525,0.0004271870422989715
3,12,GB,12,18,1,1,82.00571,0.00039629869109393534
3,12,GB,12,18,1,1,83.0059,0.00030303912176779237
3,12,GB,12,18,1,1,84.00636,0.000522144208006121
3,12,GB,12,18,1,1,85.00627,0.0003185301199364093
3,12,GB,12,18,1,1,86.00544,0.00039099307051823195
3,12,GB,12,18,1,1,87.00535,0.0021538720862561613
3,12,GB,12,18,1,1,88.00661,0.003475662349651499
3,12,GB,12,18,1,1,89.00671,0.009421609729039769
3,12,GB,12,18,1,1,90.0069,0.007767194328730058
3,12,GB,12,18,1,1,91.00655,0.00713065304602831
3,12,GB,12,18,1,1,92.00586,0.005779869253082304
3,12,GB,12,18,1,1,93.00626,0.005759251850432406
3,12,GB,12,18,1,1,94.00586,0.006960291085649554
3,12,GB,12,18,1,1,95.00709,0.006339496739046745
3,12,GB,12,18,1,1,96.00739,0.00801709429207782
3,12,GB,12,18,1,1,97.00674,0.015567449363790222
3,12,GB,12,18,1,1,98.00808,0.02592670010606719
3,12,GB,12,18,1,1,99.00751,0.038701523148874255
3,12,GB,12,18,1,1,100.0077,0.10370994955805414
3,12,GB,12,18,1,1,101.0096,0.19991733135317494
3,12,GB,12,18,1,1,102.0074,0.1069672096310078
3,12,GB,12,18,1,1,103.0078,0.030749568150194636
3,12,GB,12,18,1,1,104.0074,0.005073147579564582
3,12,GB,12,18,1,1,105.0075,0.00040425510337686833
3,12,GB,12,18,1,1,106.0091,0.02366026674780692
3,12,GB,12,18,1,1,107.0098,0.2076531633367298
3,12,GB,12,18,1,2,108.0099,0.32686246519326756
3,12,GB,12,18,1,2,109.0091,0.27336514622693825
3,12,GB,12,18,1,2,110.0078,0.34554906349339726
3,12,GB,12,18,1,2,111.0087,0.5430872942297886
3,12,GB,12,18,1,2,112.0099,0.4095852262477773
3,12,GB,12,18,1,2,113.0093,0.156769375374751
3,12,GB,12,18,1,2,114.009,0.05443566924896392
3,12,GB,12,18,1,2,115.0081,0.06019824161637177
3,12,GB,12,18,1,2,116.0078,0.16271737934607977
3,12,GB,12,18,1,2,117.0074,0.13180287099444188
3,12,GB,12,18,1,2,118.0071,0.060580204035529626
3,12,GB,12,18,1,2,119.0083,0.019509195950458105
3,12,GB,12,18,1,2,120.009,0.10220213036510092
3,12,GB,12,18,1,2,120.9984,0.28217506735548786
3,12,GB,12,18,1,2,122.0074,0.3191568235097057
3,12,GB,12,18,1,2,123.0077,0.8191752600093394
3,12,GB,12,18,1,2,123.9986,0.8601638304543382
3,12,GB,12,18,1,2,125.0092,0.7523320036553937
3,12,GB,12,18,1,2,125.9986,0.6557465103327348
3,12,GB,12,18,1,2,126.9988,0.6486355697986737
3,12,GB,12,18,1,2,127.9989,0.5553425336065806
3,12,GB,12,18,1,2,128.9988,0.683152029736445
3,12,GB,12,18,1,2,129.9991,0.5165736822061419
3,12,GB,12,18,1,2,130.9994,0.7522015869251465
3,12,GB,12,18,1,2,131.999,0.729690191764922
3,12,GB,12,18,1,2,132.9998,0.8578496908122508
3,12,GB,12,18,1,2,133.9993,0.9116767162399257
3,12,GB,12,18,1,2,134.9985,0.7348310314581803
3,12,GB,12,18,1,2,135.9998,0.31318755097426676
3,12,GB,12,18,1,2,136.9992,0.1398800219675361
3,12,GB,12,18,1,2,137.9989,0.1881413130958746
3,12,GB,12,18,1,2,138.9988,0.15515426418949133
3,12,GB,12,18,1,2,139.9986,0.13204137803564012
3,12,GB,12,18,1,2,140.9988,0.11878958974127801
3,12,GB,12,18,1,2,141.9991,0.0703552014506519
3,12,GB,12,18,1,2,142.9998,0.014520265559223278
3,12,GB,12,18,1,2,143.9999,0.013916513383432359
3,12,GB,12,18,1,2,145.0001,0.014916478766002092
3,12,GB,12,18,1,2,146.001,0.015726315918543305
3,12,GB,12,18,1,2,147.0007,0.02012547902968214
3,12,GB,12,18,1,2,148.0004,0.028291485290540402
3,12,GB,12,18,1,2,149.001,0.27915422361731546
3,12,GB,12,18,1,2,150.0006,0.6372961938301864
3,12,GB,12,18,1,2,151.0011,0.6308984924634325
3,12,GB,12,18,1,2,152.0004,0.6897312525435568
3,12,GB,12,18,1,2,153.001,0.7904186847674156
3,12,GB,12,18,1,2,154.0011,0.6496159404619966
3,12,GB,12,18,1,2,155.0003,0.5473252038314093
3,12,GB,12,18,1,2,156.001,0.04713779662961135
3,12,GB,12,18,1,2,156.9993,0.18903329006874886
3,12,GB,12,18,1,2,157.9988,0.28956291157612485
3,12,GB,12,18,1,2,159.0003,0.31650048207406817
3,12,GB,12,18,1,2,160.0008,0.2748189949427938
3,12,GB,12,18,1,2,160.9996,0.5856438298473651
3,12,GB,12,18,1,2,162.0001,0.7124586358651827
3,12,GB,12,18,1,2,163.0001,0.5751289408065974
3,12,GB,12,18,1,2,164.0005,0.652275183270022
3,12,GB,12,18,1,2,165.0004,0.6758411469752933
3,12,GB,12,18,1,2,166.0017,0.6748611429439142
3,12,GB,12,18,1,2,167.0011,0.8020833863136363
3,12,GB,12,18,1,2,168.0008,0.7455170357783248
3,12,GB,12,18,1,2,168.9998,0.748871268445769
3,12,GB,12,18,1,2,170.0002,0.7956603753753959
3,12,GB,12,18,1,2,170.9997,0.6974117653274251
3,12,GB,12,18,1,2,172.0014,0.37245685800188144
3,12,GB,12,18,1,2,173.0018,0.24919830066628362
3,12,GB,12,18,1,2,174.0013,0.18480625617083637
3,12,GB,12,18,1,2,175.0014,0.2534526332033709
3,12,GB,12,18,1,2,176.0028,0.18783104246502877
3,12,GB,12,18,1,2,177.0029,0.18523926132929647
3,12,GB,12,18,1,2,178.0038,0.2042377625676984
3,12,GB,12,18,1,2,179.0038,0.20269344076268034
3,12,GB,12,18,1,2,180.0031,0.3661575323514452
3,12,GB,12,18,1,2,181.0029,0.37274791851065364
3,12,GB,12,18,1,2,182.0026,0.3730300550169725
3,12,GB,12,18,1,2,183.0027,0.8154641130406666
3,12,GB,12,18,1,2,184.0022,0.5506063385323693
3,12,GB,12,18,1,2,185.0028,0.4874139332678229
3,12,GB,12,18,1,2,186.0024,0.7883566715098599
3,12,GB,12,18,1,2,187.0021,0.7137566032922068
3,12,GB,12,18,1,2,188.0025,0.6730253058027796
3,12,GB,12,18,1,3,189.0021,0.6493956075121268
3,12,GB,12,18,1,3,190.0029,0.6603412625442842
3,12,GB,12,18,1,3,191.0034,0.6811875780110151
3,12,GB,12,18,1,3,192.002,0.8163264747918528
3,12,GB,12,18,1,3,193.0013,0.8579575373925774
3,12,GB,12,18,1,3,194.0016,0.8949506881749933
3,12,GB,12,18,1,3,195.0015,0.9664462899869477
3,12,GB,12,18,1,3,196.0016,0.9715919288227898
3,12,GB,12,18,1,3,197.0011,0.9859398610334645
3,12,GB,12,18,1,3,198.0019,0.9938933632229368
3,12,GB,12,18,1,3,199.0027,0.98974456284564
3,12,GB,12,18,1,3,200.0016,0.991523772494522
3,12,GB,12,18,1,3,201.0032,0.991273867114303
3,12,GB,12,18,1,1,202.0032,0.991802743631543
3,12,GB,12,18,1,1,203.0031,0.9915553405214371
3,12,GB,12,18,1,1,204.0051,0.9889823525185768
3,12,GB,12,18,1,1,205.0046,0.987178750509602
3,12,GB,12,18,1,1,206.0048,0.9853893088840963
3,12,GB,12,18,1,1,207.0044,0.9936952141048981
3,12,GB,12,18,1,1,208.0034,0.9952866858037845
3,12,GB,12,18,1,1,209.0041,0.9967277017007361
3,12,GB,12,18,1,1,210.0043,0.9929770058584314
3,12,GB,12,18,1,1,211.0044,0.9933055384363024
3,12,GB,12,18,1,1,212.0051,0.988878456020971
3,12,GB,12,18,1,1,213.0056,0.9861712153901925
3,12,GB,12,18,1,1,214.004,0.9827841915623702
3,12,GB,12,18,1,1,215.0044,0.9844131350837858
3,12,GB,12,18,1,1,216.0038,0.972782812141172
3,12,GB,12,18,1,1,217.0047,0.9769435402198553
3,12,GB,12,18,1,1,218.0059,0.9131258624716476
3,12,GB,12,18,1,1,219.0059,0.9151340702758526
3,12,GB,12,18,1,1,220.0052,0.9122062513035907
3,12,GB,12,18,1,1,221.0061,0.9276420244508978
3,12,GB,12,18,1,1,222.0059,0.9479105285835079
3,12,GB,12,18,1,1,223.0056,0.9484898938723347
3,12,GB,12,18,1,1,224.0057,0.9354768702899634
3,12,GB,12,18,1,1,225.0056,0.9385370319212968
3,12,GB,12,18,1,1,226.0055,0.8272816627813538
3,12,GB,12,18,1,1,227.0059,0.8437340516154106
3,12,GB,12,18,1,1,228.005,0.8565623857614135
3,12,GB,12,18,1,1,229.0065,0.8226820624157856
3,12,GB,12,18,1,1,230.0075,0.8250964191073927
3,12,GB,12,18,1,1,231.0063,0.8434270176083328
3,12,GB,12,18,1,1,232.0068,0.8548415383388837
3,12,GB,12,18,1,1,233.0066,0.8554999633457898
3,12,GB,12,18,1,1,234.0066,0.8353423618724971
3,12,GB,12,18,1,1,235.0065,0.7524243497383946
3,12,GB,12,18,1,1,236.0055,0.7502035021316696
3,12,GB,12,18,1,1,237.0056,0.7837195155613842
3,12,GB,12,18,1,1,238.0052,0.7862854943563019
3,12,GB,12,18,1,1,239.0056,0.7571847477146005
3,12,GB,12,18,1,1,240.0051,0.7436585067474393
3,12,GB,12,18,1,1,241.0055,0.6904415629790613
3,12,GB,12,18,1,1,242.0062,0.6995030060754824
3,12,GB,12,18,1,2,243.0076,0.7011324587577674
3,12,GB,12,18,1,2,244.0073,0.7299120487301667
3,12,GB,12,18,1,2,245.0063,0.7485387161936767
3,12,GB,12,18,1,2,246.0071,0.6515761065675538
3,12,GB,12,18,1,2,247.0066,0.7510820101712528
3,12,GB,12,18,1,2,248.0063,0.7948479331318155
3,12,GB,12,18,1,2,249.0063,0.7635820680473601
3,12,GB,12,18,1,2,250.0067,0.6251531150782346
3,12,GB,12,18,1,2,251.0069,0.616209324416749
3,12,GB,12,18,1,2,252.0063,0.6482097221226626
3,12,GB,12,18,1,2,253.0062,0.7225680240762221
3,12,GB,12,18,1,2,254.007,0.7042618695861983
3,12,GB,12,18,1,3,255.0065,0.6745538362622383
3,12,GB,12,18,1,3,256.0077,0.6722327953351158
3,12,GB,12,18,1,3,257.0081,0.8315686906228689
3,12,GB,12,18,1,3,258.0063,0.8152072372868848
3,12,GB,12,18,1,3,259.008,0.8401893197482904
3,12,GB,12,18,1,3,260.007,0.9144305765105766
3,12,GB,12,18,1,3,261.0075,0.9820930638026913
3,12,GB,12,18,1,3,262.0077,0.9828606886105095
3,12,GB,12,18,1,3,263.0085,0.9770718704041861
3,12,GB,12,18,1,3,264.0075,0.9757418578023442
3,12,GB,12,18,1,3,265.0075,0.9746938296700566
3,12,GB,12,18,1,3,266.0073,0.971792300618931
3,12,GB,12,18,1,3,267.0079,0.9681113814119897
3,12,GB,12,18,1,3,268.0078,0.9684937459900914
3,12,GB,12,18,1,3,269.0071,0.9701698160061232
3,12,GB,12,18,1,3,270.0084,0.9730342071676166
3,12,GB,12,18,1,3,271.0077,0.9662528001820583
3,12,GB,12,18,1,3,272.0077,0.9577584379207397
3,12,GB,12,18,1,3,273.0062,0.9588464016899122
3,12,GB,12,18,1,3,274.0075,0.9613193619131675
3,12,GB,12,18,1,3,275.0082,0.9660035914836507
3,12,GB,12,18,1,3,276.0084,0.9703591795553496
3,12,GB,12,18,1,3,277.008,0.967036828776863
3,12,GB,12,18,1,3,278.0078,0.9607457327053607
3,12,GB,12,18,1,3,279.0087,0.9640514598856306
3,12,GB,12,18,1,3,279.9987,0.9601863365713669
3,12,GB,12,18,1,3,280.9984,0.9634723516715248
3,12,GB,12,18,1,3,282.0078,0.9726192549107954
3,12,GB,12,18,1,3,283.0088,0.9678551226042595
3,12,GB,12,18,1,3,284.0084,0.9752217445857982
3,12,GB,12,18,1,3,285.0089,0.9806397273313133
3,12,GB,12,18,1,3,286.0092,0.9843845769333655
3,12,GB,12,18,1,3,287.0081,0.9711785504826097
3,12,GB,12,18,1,3,288.0087,0.975781008505961
3,12,GB,12,18,1,3,289.0087,0.9640463793070947
3,12,GB,12,18,1,3,290.0087,0.9585512141967658
3,12,GB,12,18,1,3,290.9989,0.9580310960183442
3,12,GB,12,18,1,3,291.9995,0.9551894873826859
3,12,GB,12,18,1,3,293.0102,0.9600796739925329
3,12,GB,12,18,1,3,293.9985,0.9565836649663676
3,12,GB,12,18,1,3,295.0103,0.9614122356583248
3,12,GB,12,18,1,3,296.0102,0.9558421691207232
3,12,GB,12,18,1,3,297.0093,0.9537163366296202
3,12,GB,12,18,1,3,297.9989,0.9624855138013244
3,12,GB,12,18,1,3,298.9991,0.9651341299669653
3,12,GB,12,18,1,3,299.9987,0.959068417330474
3,12,GB,12,18,1,3,300.9995,0.9597446852634213
3,12,GB,12,18,1,3,302.0092,0.8247262530859957
3,12,LR,3,4,0,0,0.0,0.001977587848091887
3,12,LR,3,4,0,0,1.008661,0.007379189725840099
3,12,LR,3,4,0,0,2.002721,0.031333904415382384
3,12,LR,3,4,0,0,3.008869,0.038278719791096795
3,12,LR,3,4,0,0,4.00239,0.04765954324888887
3,12,LR,3,4,0,0,5.007593,0.07154575378185843
3,12,LR,3,4,0,0,6.002728,0.11096103956920852
3,12,LR,3,4,0,0,7.007195,0.13354270955861147
3,12,LR,3,4,0,0,8.00138,0.15572680996454516
3,12,LR,3,4,0,0,9.006776,0.18146873488596427
3,12,LR,3,4,0,0,10.00242,0.19921879600660533
3,12,LR,3,4,0,0,11.00579,0.22180703228613946
3,12,LR,3,4,0,0,12.00219,0.23597226626711243
3,12,LR,3,4,0,0,13.00505,0.24994127124357085
3,12,LR,3,4,0,0,14.01213,0.26097825650517803
3,12,LR,3,4,0,0,15.00486,0.27026209256897976
3,12,LR,3,4,0,0,16.00989,0.2799693407289818
3,12,LR,3,4,0,0,17.0052,0.2970008740353739
3,12,LR,3,4,0,0,18.01026,0.3095521978736844
3,12,LR,3,4,0,0,19.00413,0.21324713087214353
3,12,LR,3,4,0,0,20.01035,0.32727955336461517
3,12,LR,3,4,0,0,21.00403,0.3338321800344275
3,12,LR,3,4,0,0,22.0082,0.33895551104870103
3,12,LR,3,4,0,0,23.00246,0.343921436920065
3,12,LR,3,4,0,0,24.00895,0.3501789152102384
3,12,LR,3,4,0,0,25.00289,0.3206359357367976
3,12,LR,3,4,0,0,26.00946,0.32860943063761794
3,12,LR,3,4,0,0,27.00454,0.32986507703991896
3,12,LR,3,4,0,0,28.00746,0.2583306514833621
3,12,LR,3,4,0,0,29.00091,0.3705018013762434
3,12,LR,3,4,0,0,30.00637,0.35684561553340727
3,12,LR,3,4,0,0,31.00367,0.3432054080163733
3,12,LR,3,4,0,0,32.00863,0.3470760557174748
3,12,LR,3,4,0,0,33.0014,0.37163451181173274
3,12,LR,3,4,0,0,34.00493,0.390382603965073
3,12,LR,3,4,0,0,35.01046,0.42134726741637846
3,12,LR,3,4,0,0,36.00857,0.4530357681851795
3,12,LR,3,4,0,0,37.01118,0.47832440874393045
3,12,LR,3,4,0,0,38.00753,0.49941159462927237
3,12,LR,3,4,0,0,39.01064,0.5235318540085506
3,12,LR,3,4,0,0,40.00348,0.5163831110367553
3,12,LR,3,4,0,0,41.01133,0.5141880228421761
3,12,LR,3,4,0,0,42.00616,0.5040433281738685
3,12,LR,3,4,0,0,43.01037,0.4863604366293391
3,12,LR,3,4,0,0,44.00665,0.4712821975282212
3,12,LR,3,4,0,0,45.0107,0.4656154311236447
3,12,LR,3,4,0,0,46.00231,0.4545324855803033
3,12,LR,3,4,0,0,47.01059,0.44372602717045134
3,12,LR,3,4,0,0,48.00177,0.39361043215808283
3,12,LR,3,4,0,0,48.99564,0.3710259376693455
3,12,LR,3,4,0,0,50.01097,0.3899985622113578
3,12,LR,3,4,0,0,51.01345,0.4045735099246387
3,12,LR,3,4,0,0,52.01149,0.39864657688786653
3,12,LR,12,18,0,0,0.0,0.015819437092287194
3,12,LR,12,18,0,0,1.008357,0.020403783593746127
3,12,LR,12,18,0,0,2.00824,0.026850014941898138
3,12,LR,12,18,0,0,3.008948,0.03762213944486895
3,12,LR,12,18,0,0,3.999748,0.02855890967166101
3,12,LR,12,18,0,0,4.999649,0.025016073104740695
3,12,LR,12,18,0,0,6.000401,0.013044993915281314
3,12,LR,12,18,0,0,6.999671,0.0006658004851252079
3,12,LR,12,18,0,0,8.000978,6.23810650812388e-05
3,12,LR,12,18,0,0,9.002599,6.920730030615179e-06
3,12,LR,12,18,0,0,10.0028,2.2240538865080536e-06
3,12,LR,12,18,0,0,11.00139,4.782912712138193e-06
3,12,LR,12,18,0,0,12.00211,1.0080346374586184e-05
3,12,LR,12,18,0,0,13.00259,1.3553517519233793e-05
3,12,LR,12,18,0,0,14.00278,1.9896779005954863e-05
3,12,LR,12,18,0,0,15.00179,2.99801125594442e-05
3,12,LR,12,18,0,0,16.00156,6.568297028021316e-05
3,12,LR,12,18,0,0,17.0027,0.0001745873315853939
3,12,LR,12,18,0,0,18.00079,0.001010469402009463
3,12,LR,12,18,0,0,19.00123,0.01331395899898572
3,12,LR,12,18,0,0,20.00084,0.05331641145647627
3,12,LR,12,18,0,0,21.00071,0.06867288332005517
3,12,LR,12,18,0,0,22.00156,0.08947192267774316
3,12,LR,12,18,0,0,23.00053,0.0852758123264831
3,12,LR,12,18,0,0,24.00102,0.09040856297895886
3,12,LR,12,18,0,0,25.00209,0.11814263176100999
3,12,LR,12,18,0,0,26.0016,0.09796090345622964
3,12,LR,12,18,0,0,27.00249,0.0999631467375433
3,12,LR,12,18,0,0,28.0012,0.07064038240222904
3,12,LR,12,18,0,0,29.00121,0.05526952554901816
3,12,LR,12,18,0,0,30.00123,0.04081161729879888
3,12,LR,12,18,0,0,31.00164,0.05166396774294201
3,12,LR,12,18,0,0,32.00216,0.10358602569248711
3,12,LR,12,18,0,0,33.00088,0.08172782734880882
3,12,LR,12,18,0,0,34.00269,0.0623821758890609
3,12,LR,12,18,0,0,35.00294,0.04643772845937454
3,12,LR,12,18,0,0,36.00311,0.035752526367180446
3,12,LR,12,18,0,0,37.00309,0.026145781951686837
3,12,LR,12,18,0,0,38.00405,0.017850749033074563
3,12,LR,12,18,0,0,39.00333,0.016478758527896032
3,12,LR,12,18,0,0,40.00485,0.04110049387861045
3,12,LR,12,18,0,0,41.00397,0.039272601448307735
3,12,LR,12,18,0,0,42.00266,0.04853876791382553
3,12,LR,12,18,0,0,43.00225,0.044006302459591945
3,12,LR,12,18,0,0,44.00298,0.051594354957429006
3,12,LR,12,18,0,0,45.00437,0.047823155300846555
3,12,LR,12,18,0,0,46.00364,0.06493616986005919
3,12,LR,12,18,0,0,47.00359,0.08006660846143768
3,12,LR,12,18,0,0,48.0054,0.09364332682388218
3,12,LR,12,18,0,0,49.00593,0.11621619979860955
3,12,LR,12,18,0,0,50.00617,0.11787542982856787
3,12,LR,12,18,0,0,51.00528,0.11328412965543787
3,12,LR,12,18,0,0,52.00639,0.09509927363666125
3,12,LR,12,18,1,1,53.00624,0.06592127329707129
3,12,LR,12,18,1,1,54.00494,0.05771801000453219
3,12,LR,12,18,1,1,55.00533,0.12251572110285384
3,12,LR,12,18,1,1,56.00521,0.13648529338482002
3,12,LR,12,18,1,1,57.00574,0.14565752922950387
3,12,LR,12,18,1,1,58.0062,0.1390489636755772
3,12,LR,12,18,1,1,59.00651,0.1565966963797309
3,12,LR,12,18,1,1,60.0065,0.16783109285242426
3,12,LR,12,18,1,1,61.00676,0.22189463917028787
3,12,LR,12,18,1,1,62.00747,0.27278854806554637
3,12,LR,12,18,1,1,63.00783,0.3097417165249539
3,12,LR,12,18,1,1,64.00652,0.2894155975500866
3,12,LR,12,18,1,1,65.00637,0.3022473560082888
3,12,LR,12,18,1,1,66.00661,0.30208892626116357
3,12,LR,12,18,1,1,67.00733,0.30174398450036216
3,12,LR,12,18,1,1,68.0062,0.4115837190391601
3,12,LR,12,18,1,1,69.00656,0.2753100230285966
3,12,LR,12,18,1,1,70.00576,0.28529100293907167
3,12,LR,12,18,1,1,71.007,0.2950930522041095
3,12,LR,12,18,1,1,72.00552,0.3123403460069278
3,12,LR,12,18,1,1,73.00641,0.3309166506293979
3,12,LR,12,18,1,1,74.00616,0.36338661419454027
3,12,LR,12,18,1,1,75.00674,0.34653229754197895
3,12,LR,12,18,1,1,76.00529,0.3626475481915239
3,12,LR,12,18,1,1,77.00492,0.3481511245163197
3,12,LR,12,18,1,1,78.00499,0.32361961606204775
3,12,LR,12,18,1,1,79.00438,0.3479590362862072
3,12,LR,12,18,1,1,80.00517,0.3477521490305086
3,12,LR,12,18,1,1,81.00525,0.3554779872767292
3,12,LR,12,18,1,1,82.00571,0.3641631376835223
3,12,LR,12,18,1,1,83.0059,0.3404263322136516
3,12,LR,12,18,1,1,84.00636,0.3155959124534964
3,12,LR,12,18,1,1,85.00627,0.3237131293054633
3,12,LR,12,18,1,1,86.00544,0.2999895860797114
3,12,LR,12,18,1,1,87.00535,0.24066639964539546
3,12,LR,12,18,1,1,88.00661,0.2091919092590404
3,12,LR,12,18,1,1,89.00671,0.2217345673594442
3,12,LR,12,18,1,1,90.0069,0.2815202945496901
3,12,LR,12,18,1,1,91.00655,0.41221034662135386
3,12,LR,12,18,1,1,92.00586,0.46115122422849597
3,12,LR,12,18,1,1,93.00626,0.5729438889674876
3,12,LR,12,18,1,1,94.00586,0.5846628574511487
3,12,LR,12,18,1,1,95.00709,0.6162151211115148
3,12,LR,12,18,1,1,96.00739,0.6222442392102068
3,12,LR,12,18,1,1,97.00674,0.622550225510047
3,12,LR,12,18,1,1,98.00808,0.5830634364999956
3,12,LR,12,18,1,1,99.00751,0.5529581139897101
3,12,LR,12,18,1,1,100.0077,0.5559953274906592
3,12,LR,12,18,1,1,101.0096,0.5788208601702843
3,12,LR,12,18,1,1,102.0074,0.5588969681490127
3,12,LR,12,18,1,1,103.0078,0.49988673054541144
3,12,LR,12,18,1,1,104.0074,0.4715518124485864
3,12,LR,12,18,1,1,105.0075,0.41408806279819804
3,12,LR,12,18,1,1,106.0091,0.3177408598452169
3,12,LR,12,18,1,1,107.0098,0.1452996692433276
3,12,LR,12,18,1,2,108.0099,0.12730021693927157
3,12,LR,12,18,1,2,109.0091,0.17859582467895702
3,12,LR,12,18,1,2,110.0078,0.2838667747637428
3,12,LR,12,18,1,2,111.0087,0.38358645497848887
3,12,LR,12,18,1,2,112.0099,0.45959746552591185
3,12,LR,12,18,1,2,113.0093,0.44835553520755816
3,12,LR,12,18,1,2,114.009,0.388654732377571
3,12,LR,12,18,1,2,115.0081,0.29652375778061313
3,12,LR,12,18,1,2,116.0078,0.23689846074824308
3,12,LR,12,18,1,2,117.0074,0.20260846652198353
3,12,LR,12,18,1,2,118.0071,0.1775915140114512
3,12,LR,12,18,1,2,119.0083,0.14718022306986248
3,12,LR,12,18,1,2,120.009,0.2072482575035313
3,12,LR,12,18,1,2,120.9984,0.30832764366692883
3,12,LR,12,18,1,2,122.0074,0.3762620533340025
3,12,LR,12,18,1,2,123.0077,0.37878923498840217
3,12,LR,12,18,1,2,123.9986,0.3403237701207507
3,12,LR,12,18,1,2,125.0092,0.35678348438040003
3,12,LR,12,18,1,2,125.9986,0.3706063246348373
3,12,LR,12,18,1,2,126.9988,0.37458148840619365
3,12,LR,12,18,1,2,127.9989,0.4295344231198976
3,12,LR,12,18,1,2,128.9988,0.4802397227855816
3,12,LR,12,18,1,2,129.9991,0.5450551481309086
3,12,LR,12,18,1,2,130.9994,0.5302109709682359
3,12,LR,12,18,1,2,131.999,0.5805719604413447
3,12,LR,12,18,1,2,132.9998,0.5742755696090686
3,12,LR,12,18,1,2,133.9993,0.49031265456362727
3,12,LR,12,18,1,2,134.9985,0.43630113795955616
3,12,LR,12,18,1,2,135.9998,0.44771012527258186
3,12,LR,12,18,1,2,136.9992,0.3270550879370773
3,12,LR,12,18,1,2,137.9989,0.3263830441891376
3,12,LR,12,18,1,2,138.9988,0.4179530728288803
3,12,LR,12,18,1,2,139.9986,0.5077602073002739
3,12,LR,12,18,1,2,140.9988,0.4684127073583777
3,12,LR,12,18,1,2,141.9991,0.44336096060799035
3,12,LR,12,18,1,2,142.9998,0.438657435861554
3,12,LR,12,18,1,2,143.9999,0.4322131093414411
3,12,LR,12,18,1,2,145.0001,0.4843438497389073
3,12,LR,12,18,1,2,146.001,0.47772558765684886
3,12,LR,12,18,1,2,147.0007,0.3665368208966354
3,12,LR,12,18,1,2,148.0004,0.3948397149468274
3,12,LR,12,18,1,2,149.001,0.4867741166434413
3,12,LR,12,18,1,2,150.0006,0.5635050265290631
3,12,LR,12,18,1,2,151.0011,0.5534632965168136
3,12,LR,12,18,1,2,152.0004,0.5043863076484383
3,12,LR,12,18,1,2,153.001,0.5336241146663853
3,12,LR,12,18,1,2,154.0011,0.587640555032624
3,12,LR,12,18,1,2,155.0003,0.581465776690807
3,12,LR,12,18,1,2,156.001,0.46766228961865397
3,12,LR,12,18,1,2,156.9993,0.4255622887197691
3,12,LR,12,18,1,2,157.9988,0.44137385169609006
3,12,LR,12,18,1,2,159.0003,0.40528402131813734
3,12,LR,12,18,1,2,160.0008,0.373446010489308
3,12,LR,12,18,1,2,160.9996,0.25862839086588835
3,12,LR,12,18,1,2,162.0001,0.18197464817629017
3,12,LR,12,18,1,2,163.0001,0.1810844082783998
3,12,LR,12,18,1,2,164.0005,0.19822702212565568
3,12,LR,12,18,1,2,165.0004,0.23311368643077285
3,12,LR,12,18,1,2,166.0017,0.2199915355398661
3,12,LR,12,18,1,2,167.0011,0.3104484827980274
3,12,LR,12,18,1,2,168.0008,0.3819876992767765
3,12,LR,12,18,1,2,168.9998,0.3255411154002771
3,12,LR,12,18,1,2,170.0002,0.2780037546746923
3,12,LR,12,18,1,2,170.9997,0.3725980049367168
3,12,LR,12,18,1,2,172.0014,0.41353991383534994
3,12,LR,12,18,1,2,173.0018,0.33500809829081674
3,12,LR,12,18,1,2,174.0013,0.2554056455896062
3,12,LR,12,18,1,2,175.0014,0.23668691193988775
3,12,LR,12,18,1,2,176.0028,0.21091129770702005
3,12,LR,12,18,1,2,177.0029,0.20319784592216655
3,12,LR,12,18,1,2,178.0038,0.2666822231934239
3,12,LR,12,18,1,2,179.0038,0.26181148437896046
3,12,LR,12,18,1,2,180.0031,0.2570702941230122
3,12,LR,12,18,1,2,181.0029,0.2666943945056633
3,12,LR,12,18,1,2,182.0026,0.2639319674975361
3,12,LR,12,18,1,2,183.0027,0.25470248777161325
3,12,LR,12,18,1,2,184.0022,0.22829777365618953
3,12,LR,12,18,1,2,185.0028,0.2453161588339766
3,12,LR,12,18,1,2,186.0024,0.3058397925341497
3,12,LR,12,18,1,2,187.0021,0.18161526243193393
3,12,LR,12,18,1,2,188.0025,0.17615578176452018
3,12,LR,12,18,1,3,189.0021,0.1844767583708391
3,12,LR,12,18,1,3,190.0029,0.17134218677914903
3,12,LR,12,18,1,3,191.0034,0.16272621104736412
3,12,LR,12,18,1,3,192.002,0.16416725072042798
3,12,LR,12,18,1,3,193.0013,0.15296331723782308
3,12,LR,12,18,1,3,194.0016,0.12551698616404205
3,12,LR,12,18,1,3,195.0015,0.12291202944937715
3,12,LR,12,18,1,3,196.0016,0.10981057668545295
3,12,LR,12,18,1,3,197.0011,0.09373402329604175
3,12,LR,12,18,1,3,198.0019,0.0816687956454189
3,12,LR,12,18,1,3,199.0027,0.07007967629251755
3,12,LR,12,18,1,3,200.0016,0.07880203346005127
3,12,LR,12,18,1,3,201.0032,0.07557630787656978
3,12,LR,12,18,1,1,202.0032,0.07225484318152342
3,12,LR,12,18,1,1,203.0031,0.06836842791855975
3,12,LR,12,18,1,1,204.0051,0.08890696845141721
3,12,LR,12,18,1,1,205.0046,0.06978270413111992
3,12,LR,12,18,1,1,206.0048,0.08288116127320892
3,12,LR,12,18,1,1,207.0044,0.08685356532799374
3,12,LR,12,18,1,1,208.0034,0.08818869674628771
3,12,LR,12,18,1,1,209.0041,0.09523701451364107
3,12,LR,12,18,1,1,210.0043,0.09569515353795184
3,12,LR,12,18,1,1,211.0044,0.12505820008936813
3,12,LR,12,18,1,1,212.0051,0.18371639257440275
3,12,LR,12,18,1,1,213.0056,0.25856846096253805
3,12,LR,12,18,1,1,214.004,0.31376800323276266
3,12,LR,12,18,1,1,215.0044,0.48359348650839534
3,12,LR,12,18,1,1,216.0038,0.5987125183551938
3,12,LR,12,18,1,1,217.0047,0.6536153364549082
3,12,LR,12,18,1,1,218.0059,0.6877665683388431
3,12,LR,12,18,1,1,219.0059,0.7202811118776266
3,12,LR,12,18,1,1,220.0052,0.7470615862734582
3,12,LR,12,18,1,1,221.0061,0.7948275648167613
3,12,LR,12,18,1,1,222.0059,0.7949675556907718
3,12,LR,12,18,1,1,223.0056,0.8224361738727594
3,12,LR,12,18,1,1,224.0057,0.8378819030206139
3,12,LR,12,18,1,1,225.0056,0.8364960898471684
3,12,LR,12,18,1,1,226.0055,0.791899376983185
3,12,LR,12,18,1,1,227.0059,0.7194730459974915
3,12,LR,12,18,1,1,228.005,0.7322249169212458
3,12,LR,12,18,1,1,229.0065,0.7103933890160027
3,12,LR,12,18,1,1,230.0075,0.677768440814152
3,12,LR,12,18,1,1,231.0063,0.5826987033764471
3,12,LR,12,18,1,1,232.0068,0.4935097822246809
3,12,LR,12,18,1,1,233.0066,0.4929721185216361
3,12,LR,12,18,1,1,234.0066,0.43894152913269585
3,12,LR,12,18,1,1,235.0065,0.42880247156134854
3,12,LR,12,18,1,1,236.0055,0.37888591397946936
3,12,LR,12,18,1,1,237.0056,0.3226488314927273
3,12,LR,12,18,1,1,238.0052,0.3203428357098231
3,12,LR,12,18,1,1,239.0056,0.4616387537229318
3,12,LR,12,18,1,1,240.0051,0.4997174382138087
3,12,LR,12,18,1,1,241.0055,0.5236832626724229
3,12,LR,12,18,1,1,242.0062,0.5561060970803194
3,12,LR,12,18,1,2,243.0076,0.6331755498444142
3,12,LR,12,18,1,2,244.0073,0.7100751891166861
3,12,LR,12,18,1,2,245.0063,0.7190465200066631
3,12,LR,12,18,1,2,246.0071,0.7230370274543702
3,12,LR,12,18,1,2,247.0066,0.7217985934694758
3,12,LR,12,18,1,2,248.0063,0.6444550385953207
3,12,LR,12,18,1,2,249.0063,0.5044220674468223
3,12,LR,12,18,1,2,250.0067,0.5249310887296892
3,12,LR,12,18,1,2,251.0069,0.5027504346651331
3,12,LR,12,18,1,2,252.0063,0.4784909341207535
3,12,LR,12,18,1,2,253.0062,0.5223410046706006
3,12,LR,12,18,1,2,254.007,0.5466376809911855
3,12,LR,12,18,1,3,255.0065,0.531699198050626
3,12,LR,12,18,1,3,256.0077,0.5900695457469036
3,12,LR,12,18,1,3,257.0081,0.7138839512776674
3,12,LR,12,18,1,3,258.0063,0.7613250938197598
3,12,LR,12,18,1,3,259.008,0.8012633378613526
3,12,LR,12,18,1,3,260.007,0.8228596130214475
3,12,LR,12,18,1,3,261.0075,0.8085117768970667
3,12,LR,12,18,1,3,262.0077,0.7604253878364586
3,12,LR,12,18,1,3,263.0085,0.6387334025671327
3,12,LR,12,18,1,3,264.0075,0.5626749073982511
3,12,LR,12,18,1,3,265.0075,0.5047310686207243
3,12,LR,12,18,1,3,266.0073,0.41933967053860816
3,12,LR,12,18,1,3,267.0079,0.3063965624410665
3,12,LR,12,18,1,3,268.0078,0.4298820241541625
3,12,LR,12,18,1,3,269.0071,0.46037771632805297
3,12,LR,12,18,1,3,270.0084,0.38353600292197976
3,12,LR,12,18,1,3,271.0077,0.21939345586259915
3,12,LR,12,18,1,3,272.0077,0.1400589039774369
3,12,LR,12,18,1,3,273.0062,0.11237683513428995
3,12,LR,12,18,1,3,274.0075,0.07971159790783601
3,12,LR,12,18,1,3,275.0082,0.0760636422019081
3,12,LR,12,18,1,3,276.0084,0.09598791456729518
3,12,LR,12,18,1,3,277.008,0.09833383483556452
3,12,LR,12,18,1,3,278.0078,0.08947419519322024
3,12,LR,12,18,1,3,279.0087,0.07480291437880632
3,12,LR,12,18,1,3,279.9987,0.053527723880907103
3,12,LR,12,18,1,3,280.9984,0.04053663521210075
3,12,LR,12,18,1,3,282.0078,0.0353476171995317
3,12,LR,12,18,1,3,283.0088,0.04457478753278252
3,12,LR,12,18,1,3,284.0084,0.03716960088522708
3,12,LR,12,18,1,3,285.0089,0.04470182827008042
3,12,LR,12,18,1,3,286.0092,0.06490743925273061
3,12,LR,12,18,1,3,287.0081,0.03028115379803681
3,12,LR,12,18,1,3,288.0087,0.030392337674835925
3,12,LR,12,18,1,3,289.0087,0.032969220378915934
3,12,LR,12,18,1,3,290.0087,0.026803375928317566
3,12,LR,12,18,1,3,290.9989,0.028503540503782846
3,12,LR,12,18,1,3,291.9995,0.034304179779936946
3,12,LR,12,18,1,3,293.0102,0.04127745281588124
3,12,LR,12,18,1,3,293.9985,0.04519455077751085
3,12,LR,12,18,1,3,295.0103,0.05970068431095425
3,12,LR,12,18,1,3,296.0102,0.07895781735872348
3,12,LR,12,18,1,3,297.0093,0.10472993191239659
3,12,LR,12,18,1,3,297.9989,0.11917771065178528
3,12,LR,12,18,1,3,298.9991,0.2380060679448849
3,12,LR,12,18,1,3,299.9987,0.3537837397105973
3,12,LR,12,18,1,3,300.9995,0.40238879508247677
3,12,LR,12,18,1,3,302.0092,0.36232821581194447
3,12,MLP,3,4,0,0,0.0,0.0004234870768975548
3,12,MLP,3,4,0,0,1.008661,0.08682638950077164
3,12,MLP,3,4,0,0,2.002721,0.1697504253557613
3,12,MLP,3,4,0,0,3.008869,0.24941143179515735
3,12,MLP,3,4,0,0,4.00239,0.24972293639436277
3,12,MLP,3,4,0,0,5.007593,0.38669671671153283
3,12,MLP,3,4,0,0,6.002728,0.44041101508270364
3,12,MLP,3,4,0,0,7.007195,0.45544741064236755
3,12,MLP,3,4,0,0,8.00138,0.49344269994973683
3,12,MLP,3,4,0,0,9.006776,0.48123379073762823
3,12,MLP,3,4,0,0,10.00242,0.5017554906283379
3,12,MLP,3,4,0,0,11.00579,0.5312835185194443
3,12,MLP,3,4,0,0,12.00219,0.5809723669828144
3,12,MLP,3,4,0,0,13.00505,0.5611022276406938
3,12,MLP,3,4,0,0,14.01213,0.5681430665139269
3,12,MLP,3,4,0,0,15.00486,0.5496308924141488
3,12,MLP,3,4,0,0,16.00989,0.5537866528113361
3,12,MLP,3,4,0,0,17.0052,0.5280515927510778
3,12,MLP,3,4,0,0,18.01026,0.517616660044686
3,12,MLP,3,4,0,0,19.00413,0.448409253973973
3,12,MLP,3,4,0,0,20.01035,0.570187277813296
3,12,MLP,3,4,0,0,21.00403,0.5712462311211411
3,12,MLP,3,4,0,0,22.0082,0.5636266295846195
3,12,MLP,3,4,0,0,23.00246,0.5614033731753707
3,12,MLP,3,4,0,0,24.00895,0.49823478214237077
3,12,MLP,3,4,0,0,25.00289,0.6021420029101736
3,12,MLP,3,4,0,0,26.00946,0.5134150426406385
3,12,MLP,3,4,0,0,27.00454,0.6037247503332837
3,12,MLP,3,4,0,0,28.00746,0.33211198672652664
3,12,MLP,3,4,0,0,29.00091,0.5377234368557522
3,12,MLP,3,4,0,0,30.00637,0.5089415127967691
3,12,MLP,3,4,0,0,31.00367,0.6254110901203471
3,12,MLP,3,4,0,0,32.00863,0.6161567055497518
3,12,MLP,3,4,0,0,33.0014,0.48951512578968986
3,12,MLP,3,4,0,0,34.00493,0.6190009758120315
3,12,MLP,3,4,0,0,35.01046,0.6695464415289345
3,12,MLP,3,4,0,0,36.00857,0.640896656359976
3,12,MLP,3,4,0,0,37.01118,0.6859265322821858
3,12,MLP,3,4,0,0,38.00753,0.6793171200916515
3,12,MLP,3,4,0,0,39.01064,0.6794154611127934
3,12,MLP,3,4,0,0,40.00348,0.6109844470960291
3,12,MLP,3,4,0,0,41.01133,0.5921039962153134
3,12,MLP,3,4,0,0,42.00616,0.612770099102345
3,12,MLP,3,4,0,0,43.01037,0.4922427972023886
3,12,MLP,3,4,0,0,44.00665,0.5558534601796351
3,12,MLP,3,4,0,0,45.0107,0.5856842927038544
3,12,MLP,3,4,0,0,46.00231,0.3589841916208614
3,12,MLP,3,4,0,0,47.01059,0.20024753126614306
3,12,MLP,3,4,0,0,48.00177,0.2155531469973799
3,12,MLP,3,4,0,0,48.99564,0.15864204349634103
3,12,MLP,3,4,0,0,50.01097,0.2643288956520727
3,12,MLP,3,4,0,0,51.01345,0.300340146844358
3,12,MLP,3,4,0,0,52.01149,0.20270188513196774
3,12,MLP,12,18,0,0,0.0,0.017837161279342175
3,12,MLP,12,18,0,0,1.008357,0.010897063028819782
3,12,MLP,12,18,0,0,2.00824,0.010039167880099424
3,12,MLP,12,18,0,0,3.008948,0.039446990714274835
3,12,MLP,12,18,0,0,3.999748,0.01360636673913874
3,12,MLP,12,18,0,0,4.999649,0.02878054266980787
3,12,MLP,12,18,0,0,6.000401,0.023004446818482786
3,12,MLP,12,18,0,0,6.999671,0.008671500218803956
3,12,MLP,12,18,0,0,8.000978,0.0016113473159244636
3,12,MLP,12,18,0,0,9.002599,0.0003267852324996605
3,12,MLP,12,18,0,0,10.0028,0.0001443109480733551
3,12,MLP,12,18,0,0,11.00139,0.00016555924681610278
3,12,MLP,12,18,0,0,12.00211,0.00010110395983469474
3,12,MLP,12,18,0,0,13.00259,0.00010229986304172846
3,12,MLP,12,18,0,0,14.00278,0.00011704478532913165
3,12,MLP,12,18,0,0,15.00179,0.00014686671661687614
3,12,MLP,12,18,0,0,16.00156,0.00022739866986138342
3,12,MLP,12,18,0,0,17.0027,0.0003732583972549957
3,12,MLP,12,18,0,0,18.00079,0.023134855580216454
3,12,MLP,12,18,0,0,19.00123,0.07778814139718633
3,12,MLP,12,18,0,0,20.00084,0.11575863959886437
3,12,MLP,12,18,0,0,21.00071,0.10641456363929998
3,12,MLP,12,18,0,0,22.00156,0.10478935200412638
3,12,MLP,12,18,0,0,23.00053,0.10027664509224025
3,12,MLP,12,18,0,0,24.00102,0.10131359595665619
3,12,MLP,12,18,0,0,25.00209,0.12945386248164076
3,12,MLP,12,18,0,0,26.0016,0.11658053912580703
3,12,MLP,12,18,0,0,27.00249,0.09955563654644706
3,12,MLP,12,18,0,0,28.0012,0.08077921464373869
3,12,MLP,12,18,0,0,29.00121,0.056960935755816365
3,12,MLP,12,18,0,0,30.00123,0.04145616089661772
3,12,MLP,12,18,0,0,31.00164,0.050264306493529025
3,12,MLP,12,18,0,0,32.00216,0.1315185573534578
3,12,MLP,12,18,0,0,33.00088,0.13327266946288294
3,12,MLP,12,18,0,0,34.00269,0.10126116891073937
3,12,MLP,12,18,0,0,35.00294,0.06623164066600212
3,12,MLP,12,18,0,0,36.00311,0.05506530828469425
3,12,MLP,12,18,0,0,37.00309,0.05475218482457073
3,12,MLP,12,18,0,0,38.00405,0.056774768557103276
3,12,MLP,12,18,0,0,39.00333,0.0986649085460516
3,12,MLP,12,18,0,0,40.00485,0.25134958229394355
3,12,MLP,12,18,0,0,41.00397,0.26296610092119754
3,12,MLP,12,18,0,0,42.00266,0.32107796917058307
3,12,MLP,12,18,0,0,43.00225,0.24507225945470712
3,12,MLP,12,18,0,0,44.00298,0.25645011495712766
3,12,MLP,12,18,0,0,45.00437,0.298658702805648
3,12,MLP,12,18,0,0,46.00364,0.3088258545720671
3,12,MLP,12,18,0,0,47.00359,0.4308765483668299
3,12,MLP,12,18,0,0,48.0054,0.482974872241351
3,12,MLP,12,18,0,0,49.00593,0.49277720616669546
3,12,MLP,12,18,0,0,50.00617,0.45236483662548677
3,12,MLP,12,18,0,0,51.00528,0.34117749215049037
3,12,MLP,12,18,0,0,52.00639,0.30585290963923645
3,12,MLP,12,18,1,1,53.00624,0.31957155368385126
3,12,MLP,12,18,1,1,54.00494,0.3151591719827451
3,12,MLP,12,18,1,1,55.00533,0.4300398752956039
3,12,MLP,12,18,1,1,56.00521,0.45530336889012635
3,12,MLP,12,18,1,1,57.00574,0.481486468308726
3,12,MLP,12,18,1,1,58.0062,0.5461672083335096
3,12,MLP,12,18,1,1,59.00651,0.45529713278797085
3,12,MLP,12,18,1,1,60.0065,0.5228431729936568
3,12,MLP,12,18,1,1,61.00676,0.47944674484499517
3,12,MLP,12,18,1,1,62.00747,0.5293848349203112
3,12,MLP,12,18,1,1,63.00783,0.44722665947002566
3,12,MLP,12,18,1,1,64.00652,0.46333593158661174
3,12,MLP,12,18,1,1,65.00637,0.4161960730262337
3,12,MLP,12,18,1,1,66.00661,0.39618617318936566
3,12,MLP,12,18,1,1,67.00733,0.330991530346294
3,12,MLP,12,18,1,1,68.0062,0.3499960210976819
3,12,MLP,12,18,1,1,69.00656,0.19293996139213265
3,12,MLP,12,18,1,1,70.00576,0.21174218520354968
3,12,MLP,12,18,1,1,71.007,0.1915641631849496
3,12,MLP,12,18,1,1,72.00552,0.17164093472191166
3,12,MLP,12,18,1,1,73.00641,0.17901133302784436
3,12,MLP,12,18,1,1,74.00616,0.19890804260700518
3,12,MLP,12,18,1,1,75.00674,0.2023077747423615
3,12,MLP,12,18,1,1,76.00529,0.14552176503882358
3,12,MLP,12,18,1,1,77.00492,0.16257135772167744
3,12,MLP,12,18,1,1,78.00499,0.1569175308665508
3,12,MLP,12,18,1,1,79.00438,0.2712673649215108
3,12,MLP,12,18,1,1,80.00517,0.3356038519269475
3,12,MLP,12,18,1,1,81.00525,0.3011900964589025
3,12,MLP,12,18,1,1,82.00571,0.325572402183486
3,12,MLP,12,18,1,1,83.0059,0.2894385097193588
3,12,MLP,12,18,1,1,84.00636,0.2620761398285945
3,12,MLP,12,18,1,1,85.00627,0.2945138747425345
3,12,MLP,12,18,1,1,86.00544,0.2656509310602092
3,12,MLP,12,18,1,1,87.00535,0.3303731173427856
3,12,MLP,12,18,1,1,88.00661,0.22502779904277043
3,12,MLP,12,18,1,1,89.00671,0.25042584474789903
3,12,MLP,12,18,1,1,90.0069,0.33226011557197427
3,12,MLP,12,18,1,1,91.00655,0.417845625747662
3,12,MLP,12,18,1,1,92.00586,0.41069608690099046
3,12,MLP,12,18,1,1,93.00626,0.5100063064183705
3,12,MLP,12,18,1,1,94.00586,0.47914249618527505
3,12,MLP,12,18,1,1,95.00709,0.540088407762707
3,12,MLP,12,18,1,1,96.00739,0.5148760367675644
3,12,MLP,12,18,1,1,97.00674,0.5693792721722397
3,12,MLP,12,18,1,1,98.00808,0.5619553492718528
3,12,MLP,12,18,1,1,99.00751,0.618041543987264
3,12,MLP,12,18,1,1,100.0077,0.6307687947194657
3,12,MLP,12,18,1,1,101.0096,0.5639323376076575
3,12,MLP,12,18,1,1,102.0074,0.5919144165012279
3,12,MLP,12,18,1,1,103.0078,0.5152076900357898
3,12,MLP,12,18,1,1,104.0074,0.5423524837950253
3,12,MLP,12,18,1,1,105.0075,0.3048121322757076
3,12,MLP,12,18,1,1,106.0091,0.23723301356434742
3,12,MLP,12,18,1,1,107.0098,0.4187650483662785
3,12,MLP,12,18,1,2,108.0099,0.41580390771258835
3,12,MLP,12,18,1,2,109.0091,0.4481234354150336
3,12,MLP,12,18,1,2,110.0078,0.5599383638766054
3,12,MLP,12,18,1,2,111.0087,0.6191842081095863
3,12,MLP,12,18,1,2,112.0099,0.699914504334099
3,12,MLP,12,18,1,2,113.0093,0.7125369813203364
3,12,MLP,12,18,1,2,114.009,0.6741541109122854
3,12,MLP,12,18,1,2,115.0081,0.5513474498375195
3,12,MLP,12,18,1,2,116.0078,0.5546219261646727
3,12,MLP,12,18,1,2,117.0074,0.46892493572251764
3,12,MLP,12,18,1,2,118.0071,0.6108574873881646
3,12,MLP,12,18,1,2,119.0083,0.4436629376920214
3,12,MLP,12,18,1,2,120.009,0.515806232360886
3,12,MLP,12,18,1,2,120.9984,0.6108899902229897
3,12,MLP,12,18,1,2,122.0074,0.5082977858464148
3,12,MLP,12,18,1,2,123.0077,0.5244176827922428
3,12,MLP,12,18,1,2,123.9986,0.4056490236234537
3,12,MLP,12,18,1,2,125.0092,0.4552104376578284
3,12,MLP,12,18,1,2,125.9986,0.4078555247224068
3,12,MLP,12,18,1,2,126.9988,0.42854619380058506
3,12,MLP,12,18,1,2,127.9989,0.5066700944830288
3,12,MLP,12,18,1,2,128.9988,0.6039345843829297
3,12,MLP,12,18,1,2,129.9991,0.5183039149220032
3,12,MLP,12,18,1,2,130.9994,0.5631725959887558
3,12,MLP,12,18,1,2,131.999,0.6611258433675499
3,12,MLP,12,18,1,2,132.9998,0.5488950909042202
3,12,MLP,12,18,1,2,133.9993,0.48932626485024805
3,12,MLP,12,18,1,2,134.9985,0.4788203610430172
3,12,MLP,12,18,1,2,135.9998,0.35355100153526214
3,12,MLP,12,18,1,2,136.9992,0.44359133564236
3,12,MLP,12,18,1,2,137.9989,0.5181736091018587
3,12,MLP,12,18,1,2,138.9988,0.5412046569660298
3,12,MLP,12,18,1,2,139.9986,0.4920751847244127
3,12,MLP,12,18,1,2,140.9988,0.4744966313826609
3,12,MLP,12,18,1,2,141.9991,0.5029483296923819
3,12,MLP,12,18,1,2,142.9998,0.5548578595258848
3,12,MLP,12,18,1,2,143.9999,0.5599260924004271
3,12,MLP,12,18,1,2,145.0001,0.6421017989712346
3,12,MLP,12,18,1,2,146.001,0.49625086592848056
3,12,MLP,12,18,1,2,147.0007,0.3477188259786249
3,12,MLP,12,18,1,2,148.0004,0.4248621800372649
3,12,MLP,12,18,1,2,149.001,0.44636155402993954
3,12,MLP,12,18,1,2,150.0006,0.4602837933403919
3,12,MLP,12,18,1,2,151.0011,0.3705804293887264
3,12,MLP,12,18,1,2,152.0004,0.333046079073474
3,12,MLP,12,18,1,2,153.001,0.41651676898599177
3,12,MLP,12,18,1,2,154.0011,0.47872640184770354
3,12,MLP,12,18,1,2,155.0003,0.380242396985304
3,12,MLP,12,18,1,2,156.001,0.44841967668476934
3,12,MLP,12,18,1,2,156.9993,0.4125646403420581
3,12,MLP,12,18,1,2,157.9988,0.40849111174499286
3,12,MLP,12,18,1,2,159.0003,0.46296323294375974
3,12,MLP,12,18,1,2,160.0008,0.3463359866760662
3,12,MLP,12,18,1,2,160.9996,0.3450410828904508
3,12,MLP,12,18,1,2,162.0001,0.3718623037175792
3,12,MLP,12,18,1,2,163.0001,0.43187374097945636
3,12,MLP,12,18,1,2,164.0005,0.5685720140214979
3,12,MLP,12,18,1,2,165.0004,0.5437358971999511
3,12,MLP,12,18,1,2,166.0017,0.6016537992218636
3,12,MLP,12,18,1,2,167.0011,0.5233451285574551
3,12,MLP,12,18,1,2,168.0008,0.4719679627604776
3,12,MLP,12,18,1,2,168.9998,0.48905190501524126
3,12,MLP,12,18,1,2,170.0002,0.6143984857375858
3,12,MLP,12,18,1,2,170.9997,0.6822953326121368
3,12,MLP,12,18,1,2,172.0014,0.5915913908074129
3,12,MLP,12,18,1,2,173.0018,0.6171262256938596
3,12,MLP,12,18,1,2,174.0013,0.5202090504166033
3,12,MLP,12,18,1,2,175.0014,0.6000717357554006
3,12,MLP,12,18,1,2,176.0028,0.5616813864129067
3,12,MLP,12,18,1,2,177.0029,0.7055970113602246
3,12,MLP,12,18,1,2,178.0038,0.6911464360874182
3,12,MLP,12,18,1,2,179.0038,0.5977216673035245
3,12,MLP,12,18,1,2,180.0031,0.6115657101966117
3,12,MLP,12,18,1,2,181.0029,0.6927753834681315
3,12,MLP,12,18,1,2,182.0026,0.6517455505992688
3,12,MLP,12,18,1,2,183.0027,0.6569015968341365
3,12,MLP,12,18,1,2,184.0022,0.6499102642005504
3,12,MLP,12,18,1,2,185.0028,0.5951827990626986
3,12,MLP,12,18,1,2,186.0024,0.5923740377115657
3,12,MLP,12,18,1,2,187.0021,0.5471794642368281
3,12,MLP,12,18,1,2,188.0025,0.5314929508969667
3,12,MLP,12,18,1,3,189.0021,0.6243959177610813
3,12,MLP,12,18,1,3,190.0029,0.6160015249300581
3,12,MLP,12,18,1,3,191.0034,0.6215109512797016
3,12,MLP,12,18,1,3,192.002,0.6284686583010278
3,12,MLP,12,18,1,3,193.0013,0.5639340641464473
3,12,MLP,12,18,1,3,194.0016,0.5303277247001051
3,12,MLP,12,18,1,3,195.0015,0.5342041842553742
3,12,MLP,12,18,1,3,196.0016,0.5294088404044079
3,12,MLP,12,18,1,3,197.0011,0.5276102917430602
3,12,MLP,12,18,1,3,198.0019,0.5157360098796211
3,12,MLP,12,18,1,3,199.0027,0.49148623070394903
3,12,MLP,12,18,1,3,200.0016,0.40761738229249217
3,12,MLP,12,18,1,3,201.0032,0.44290981255881745
3,12,MLP,12,18,1,1,202.0032,0.42236159187941436
3,12,MLP,12,18,1,1,203.0031,0.38569233738585534
3,12,MLP,12,18,1,1,204.0051,0.3891587568618158
3,12,MLP,12,18,1,1,205.0046,0.47239736467749555
3,12,MLP,12,18,1,1,206.0048,0.4812872970825017
3,12,MLP,12,18,1,1,207.0044,0.5343626316333632
3,12,MLP,12,18,1,1,208.0034,0.4535445768740609
3,12,MLP,12,18,1,1,209.0041,0.5547570542489819
3,12,MLP,12,18,1,1,210.0043,0.47998107001645507
3,12,MLP,12,18,1,1,211.0044,0.4549994969710531
3,12,MLP,12,18,1,1,212.0051,0.5250642469486205
3,12,MLP,12,18,1,1,213.0056,0.5238543694943529
3,12,MLP,12,18,1,1,214.004,0.537599536854201
3,12,MLP,12,18,1,1,215.0044,0.6017995208820897
3,12,MLP,12,18,1,1,216.0038,0.6207784595541891
3,12,MLP,12,18,1,1,217.0047,0.6406349408470237
3,12,MLP,12,18,1,1,218.0059,0.6669347524019111
3,12,MLP,12,18,1,1,219.0059,0.7420714572904967
3,12,MLP,12,18,1,1,220.0052,0.7532728062158668
3,12,MLP,12,18,1,1,221.0061,0.7286442859971745
3,12,MLP,12,18,1,1,222.0059,0.7576527670682586
3,12,MLP,12,18,1,1,223.0056,0.7658363469913146
3,12,MLP,12,18,1,1,224.0057,0.7802870859255706
3,12,MLP,12,18,1,1,225.0056,0.783277948973678
3,12,MLP,12,18,1,1,226.0055,0.7861598413352597
3,12,MLP,12,18,1,1,227.0059,0.7970496772439787
3,12,MLP,12,18,1,1,228.005,0.8184423346807125
3,12,MLP,12,18,1,1,229.0065,0.7249619647836434
3,12,MLP,12,18,1,1,230.0075,0.7881305306453029
3,12,MLP,12,18,1,1,231.0063,0.6706632210627306
3,12,MLP,12,18,1,1,232.0068,0.6949794766804007
3,12,MLP,12,18,1,1,233.0066,0.7811230353290358
3,12,MLP,12,18,1,1,234.0066,0.6902674764836612
3,12,MLP,12,18,1,1,235.0065,0.7098387811886424
3,12,MLP,12,18,1,1,236.0055,0.6138868627083559
3,12,MLP,12,18,1,1,237.0056,0.731466509078815
3,12,MLP,12,18,1,1,238.0052,0.7319178079080934
3,12,MLP,12,18,1,1,239.0056,0.6395507268350921
3,12,MLP,12,18,1,1,240.0051,0.6198188100369182
3,12,MLP,12,18,1,1,241.0055,0.7003114306110167
3,12,MLP,12,18,1,1,242.0062,0.6618135590226294
3,12,MLP,12,18,1,2,243.0076,0.7361731451627493
3,12,MLP,12,18,1,2,244.0073,0.6747767713575951
3,12,MLP,12,18,1,2,245.0063,0.6702968504841695
3,12,MLP,12,18,1,2,246.0071,0.6292915393710943
3,12,MLP,12,18,1,2,247.0066,0.6425633832456719
3,12,MLP,12,18,1,2,248.0063,0.47960964648392634
3,12,MLP,12,18,1,2,249.0063,0.48877083025558654
3,12,MLP,12,18,1,2,250.0067,0.5580955823109328
3,12,MLP,12,18,1,2,251.0069,0.4604539820828311
3,12,MLP,12,18,1,2,252.0063,0.4965461876014461
3,12,MLP,12,18,1,2,253.0062,0.6108663196724756
3,12,MLP,12,18,1,2,254.007,0.6349509225989001
3,12,MLP,12,18,1,3,255.0065,0.6189021665890854
3,12,MLP,12,18,1,3,256.0077,0.7337261974119994
3,12,MLP,12,18,1,3,257.0081,0.5681557322503716
3,12,MLP,12,18,1,3,258.0063,0.6479040161701588
3,12,MLP,12,18,1,3,259.008,0.6460911281513054
3,12,MLP,12,18,1,3,260.007,0.5566685192130898
3,12,MLP,12,18,1,3,261.0075,0.6703596487252265
3,12,MLP,12,18,1,3,262.0077,0.6308002399859788
3,12,MLP,12,18,1,3,263.0085,0.5736336089215701
3,12,MLP,12,18,1,3,264.0075,0.5240695028469158
3,12,MLP,12,18,1,3,265.0075,0.5067106870936552
3,12,MLP,12,18,1,3,266.0073,0.48047031742570684
3,12,MLP,12,18,1,3,267.0079,0.4617970205646518
3,12,MLP,12,18,1,3,268.0078,0.5690987768066976
3,12,MLP,12,18,1,3,269.0071,0.46225657337192994
3,12,MLP,12,18,1,3,270.0084,0.5784709669681296
3,12,MLP,12,18,1,3,271.0077,0.5611056865416808
3,12,MLP,12,18,1,3,272.0077,0.6283632653269348
3,12,MLP,12,18,1,3,273.0062,0.6111873149331658
3,12,MLP,12,18,1,3,274.0075,0.5917742779983431
3,12,MLP,12,18,1,3,275.0082,0.5640031259819682
3,12,MLP,12,18,1,3,276.0084,0.605320007527764
3,12,MLP,12,18,1,3,277.008,0.5945110196124643
3,12,MLP,12,18,1,3,278.0078,0.5379933282393504
3,12,MLP,12,18,1,3,279.0087,0.6649980251475965
3,12,MLP,12,18,1,3,279.9987,0.6506526871334882
3,12,MLP,12,18,1,3,280.9984,0.7187419852589737
3,12,MLP,12,18,1,3,282.0078,0.5747908225953401
3,12,MLP,12,18,1,3,283.0088,0.766268674581723
3,12,MLP,12,18,1,3,284.0084,0.6856090570559761
3,12,MLP,12,18,1,3,285.0089,0.6661440751966301
3,12,MLP,12,18,1,3,286.0092,0.7570966966595566
3,12,MLP,12,18,1,3,287.0081,0.7392146980355938
3,12,MLP,12,18,1,3,288.0087,0.7368959688884749
3,12,MLP,12,18,1,3,289.0087,0.6487223683690915
3,12,MLP,12,18,1,3,290.0087,0.62316860313703
3,12,MLP,12,18,1,3,290.9989,0.6997914163433319
3,12,MLP,12,18,1,3,291.9995,0.68316087588081
3,12,MLP,12,18,1,3,293.0102,0.6939130541664262
3,12,MLP,12,18,1,3,293.9985,0.6417693423661661
3,12,MLP,12,18,1,3,295.0103,0.6365194043498718
3,12,MLP,12,18,1,3,296.0102,0.665229076155196
3,12,MLP,12,18,1,3,297.0093,0.5403852198715713
3,12,MLP,12,18,1,3,297.9989,0.6377041147826915
3,12,MLP,12,18,1,3,298.9991,0.7083728833568861
3,12,MLP,12,18,1,3,299.9987,0.6030856420951627
3,12,MLP,12,18,1,3,300.9995,0.5732140271890902
3,12,MLP,12,18,1,3,302.0092,0.5656427189895038
3,12,Clock,3,4,0,0,0.0,0.2096512754738522
3,12,Clock,3,4,0,0,1.008661,0.21113345249020293
3,12,Clock,3,4,0,0,2.002721,0.21260166815192696
3,12,Clock,3,4,0,0,3.008869,0.21409531285778172
3,12,Clock,3,4,0,0,4.00239,0.2155776902967918
3,12,Clock,3,4,0,0,5.007593,0.21708505870955702
3,12,Clock,3,4,0,0,6.002728,0.21858481768513802
3,12,Clock,3,4,0,0,7.007195,0.22010619472503098
3,12,Clock,3,4,0,0,8.00138,0.22161946799772209
3,12,Clock,3,4,0,0,9.006776,0.2231573590544997
3,12,Clock,3,4,0,0,10.00242,0.22468781522453343
3,12,Clock,3,4,0,0,11.00579,0.22623767186799024
3,12,Clock,3,4,0,0,12.00219,0.2277842342806946
3,12,Clock,3,4,0,0,13.00505,0.22934833511074632
3,12,Clock,3,4,0,0,14.01213,0.23092659359587808
3,12,Clock,3,4,0,0,15.00486,0.232489786084776
3,12,Clock,3,4,0,0,16.00989,0.23407984443020505
3,12,Clock,3,4,0,0,17.0052,0.23566195158056025
3,12,Clock,3,4,0,0,18.01026,0.23726704720136865
3,12,Clock,3,4,0,0,19.00413,0.23886166218273278
3,12,Clock,3,4,0,0,20.01035,0.2404835678752577
3,12,Clock,3,4,0,0,21.00403,0.24209263243257165
3,12,Clock,3,4,0,0,22.0082,0.24372610871931136
3,12,Clock,3,4,0,0,23.00246,0.24535081013804919
3,12,Clock,3,4,0,0,24.00895,0.24700292157830214
3,12,Clock,3,4,0,0,25.00289,0.24864175546740813
3,12,Clock,3,4,0,0,26.00946,0.25030881291365964
3,12,Clock,3,4,0,0,27.00454,0.2519641398961467
3,12,Clock,3,4,0,0,28.00746,0.2536398399427395
3,12,Clock,3,4,0,0,29.00091,0.25530695424957767
3,12,Clock,3,4,0,0,30.00637,0.2570015390348543
3,12,Clock,3,4,0,0,31.00367,0.25868961972194415
3,12,Clock,3,4,0,0,32.00863,0.2603979512646986
3,12,Clock,3,4,0,0,33.0014,0.26209272498130454
3,12,Clock,3,4,0,0,34.00493,0.26381307465171455
3,12,Clock,3,4,0,0,35.01046,0.26554410784616395
3,12,Clock,3,4,0,0,36.00857,0.26726952286107464
3,12,Clock,3,4,0,0,37.01118,0.2690098656742087
3,12,Clock,3,4,0,0,38.00753,0.2707464205537907
3,12,Clock,3,4,0,0,39.01064,0.2725018599134741
3,12,Clock,3,4,0,0,40.00348,0.2742463208581021
3,12,Clock,3,4,0,0,41.01133,0.2760242450345031
3,12,Clock,3,4,0,0,42.00616,0.2777861786977597
3,12,Clock,3,4,0,0,43.01037,0.2795717208635042
3,12,Clock,3,4,0,0,44.00665,0.28135009153258644
3,12,Clock,3,4,0,0,45.0107,0.28314927961434055
3,12,Clock,3,4,0,0,46.00231,0.2849329916196737
3,12,Clock,3,4,0,0,47.01059,0.286753596152847
3,12,Clock,3,4,0,0,48.00177,0.28855009140168225
3,12,Clock,3,4,0,0,48.99564,0.29035816142375054
3,12,Clock,3,4,0,0,50.01097,0.29221216899860314
3,12,Clock,3,4,0,0,51.01345,0.2940495108059503
3,12,Clock,3,4,0,0,52.01149,0.29588539289802235
3,12,Clock,12,18,0,0,0.0,0.2096512754738522
3,12,Clock,12,18,0,0,1.008357,0.2111330046475066
3,12,Clock,12,18,0,0,2.00824,0.2126098402916654
3,12,Clock,12,18,0,0,3.008948,0.214095430664557
3,12,Clock,12,18,0,0,3.999748,0.21557373858849282
3,12,Clock,12,18,0,0,4.999649,0.21707311619078082
3,12,Clock,12,18,0,0,6.000401,0.2185813020467333
3,12,Clock,12,18,0,0,6.999671,0.22009477056764773
3,12,Clock,12,18,0,0,8.000978,0.22161885537007736
3,12,Clock,12,18,0,0,9.002599,0.22315095390917342
3,12,Clock,12,18,0,0,10.0028,0.22468840008821644
3,12,Clock,12,18,0,0,11.00139,0.22623085999748843
3,12,Clock,12,18,0,0,12.00211,0.2277841096409419
3,12,Clock,12,18,0,0,13.00259,0.22934448992301154
3,12,Clock,12,18,0,0,14.00278,0.23091190600955092
3,12,Clock,12,18,0,0,15.00179,0.23248494078207296
3,12,Clock,12,18,0,0,16.00156,0.23406663551209214
3,12,Clock,12,18,0,0,17.0027,0.2356579706119461
3,12,Clock,12,18,0,0,18.00079,0.23725188840648945
3,12,Clock,12,18,0,0,19.00123,0.2388569999304157
3,12,Clock,12,18,0,0,20.00084,0.2404682036586868
3,12,Clock,12,18,0,0,21.00071,0.24208724305973614
3,12,Clock,12,18,0,0,22.00156,0.24371528382423974
3,12,Clock,12,18,0,0,23.00053,0.24534764890672245
3,12,Clock,12,18,0,0,24.00102,0.2469898775195563
3,12,Clock,12,18,0,0,25.00209,0.2486404348427041
3,12,Clock,12,18,0,0,26.0016,0.25029576627400474
3,12,Clock,12,18,0,0,27.00249,0.25196072157619215
3,12,Clock,12,18,0,0,28.0012,0.2536293579557049
3,12,Clock,12,18,0,0,29.00121,0.2553074578486518
3,12,Clock,12,18,0,0,30.00123,0.25699285697739765
3,12,Clock,12,18,0,0,31.00164,0.2586861773017819
3,12,Clock,12,18,0,0,32.00216,0.26038693002105473
3,12,Clock,12,18,0,0,33.00088,0.2620918374774776
3,12,Clock,12,18,0,0,34.00269,0.2638092278878558
3,12,Clock,12,18,0,0,35.00294,0.2655311373292959
3,12,Clock,12,18,0,0,36.00311,0.2672600603397703
3,12,Clock,12,18,0,0,37.00309,0.2689957926234513
3,12,Clock,12,18,0,0,38.00405,0.2707403446888774
3,12,Clock,12,18,0,0,39.00333,0.2724890435292951
3,12,Clock,12,18,0,0,40.00485,0.2742487318776652
3,12,Clock,12,18,0,0,41.00397,0.2760112381827217
3,12,Clock,12,18,0,0,42.00266,0.27777996441282116
3,12,Clock,12,18,0,0,43.00225,0.2795572590158172
3,12,Clock,12,18,0,0,44.00298,0.2813435283956312
3,12,Clock,12,18,0,0,45.00437,0.2831379174689299
3,12,Clock,12,18,0,0,46.00364,0.2849353840806443
3,12,Clock,12,18,0,0,47.00359,0.2867409326503649
3,12,Clock,12,18,0,0,48.0054,0.28855668588060124
3,12,Clock,12,18,0,0,49.00593,0.29037691994181036
3,12,Clock,12,18,0,0,50.00617,0.29220338285438097
3,12,Clock,12,18,0,0,51.00528,0.2940345076456878
3,12,Clock,12,18,0,0,52.00639,0.2958759941646465
3,12,Clock,12,18,1,1,53.00624,0.29772182171760864
3,12,Clock,12,18,1,1,54.00494,0.29957212707059844
3,12,Clock,12,18,1,1,55.00533,0.30143214368397403
3,12,Clock,12,18,1,1,56.00521,0.30329775988071894
3,12,Clock,12,18,1,1,57.00574,0.30517109486197225
3,12,Clock,12,18,1,1,58.0062,0.30705076472190346
3,12,Clock,12,18,1,1,59.00651,0.3089365907885564
3,12,Clock,12,18,1,1,60.0065,0.3108281893946833
3,12,Clock,12,18,1,1,61.00676,0.3127266437911363
3,12,Clock,12,18,1,1,62.00747,0.3146322583773922
3,12,Clock,12,18,1,1,63.00783,0.31654347239198244
3,12,Clock,12,18,1,1,64.00652,0.318457693789906
3,12,Clock,12,18,1,1,65.00637,0.32038029081885466
3,12,Clock,12,18,1,1,66.00661,0.32230975759562897
3,12,Clock,12,18,1,1,67.00733,0.3242462468716158
3,12,Clock,12,18,1,1,68.0062,0.32618516653542834
3,12,Clock,12,18,1,1,69.00656,0.32813295174426177
3,12,Clock,12,18,1,1,70.00576,0.3300844019320936
3,12,Clock,12,18,1,1,71.007,0.3320457333932792
3,12,Clock,12,18,1,1,72.00552,0.3340075491109605
3,12,Clock,12,18,1,1,73.00641,0.33597979286108465
3,12,Clock,12,18,1,1,74.00616,0.33795552291998743
3,12,Clock,12,18,1,1,75.00674,0.3399385739282699
3,12,Clock,12,18,1,1,76.00529,0.3419232121513545
3,12,Clock,12,18,1,1,77.00492,0.34391556230197173
3,12,Clock,12,18,1,1,78.00499,0.3459142896920078
3,12,Clock,12,18,1,1,79.00438,0.34791711053810204
3,12,Clock,12,18,1,1,80.00517,0.3499281484386859
3,12,Clock,12,18,1,1,81.00525,0.3519430898697004
3,12,Clock,12,18,1,1,82.00571,0.3539640877829798
3,12,Clock,12,18,1,1,83.0059,0.35598977450715596
3,12,Clock,12,18,1,1,84.00636,0.3580211878788582
3,12,Clock,12,18,1,1,85.00627,0.3600565772063588
3,12,Clock,12,18,1,1,86.00544,0.3620954992760069
3,12,Clock,12,18,1,1,87.00535,0.36414091312783065
3,12,Clock,12,18,1,1,88.00661,0.36619402077649216
3,12,Clock,12,18,1,1,89.00671,0.36824961387321664
3,12,Clock,12,18,1,1,90.0069,0.3703101929245997
3,12,Clock,12,18,1,1,91.00655,0.37237440183393544
3,12,Clock,12,18,1,1,92.00586,0.3744425477824182
3,12,Clock,12,18,1,1,93.00626,0.3765175706444486
3,12,Clock,12,18,1,1,94.00586,0.37859545022670127
3,12,Clock,12,18,1,1,95.00709,0.3806812003125521
3,12,Clock,12,18,1,1,96.00739,0.382769433917976
3,12,Clock,12,18,1,1,97.00674,0.3848599910411395
3,12,Clock,12,18,1,1,98.00808,0.3869590022530453
3,12,Clock,12,18,1,1,99.00751,0.389058194647216
3,12,Clock,12,18,1,1,100.0077,0.3911631158304981
3,12,Clock,12,18,1,1,101.0096,0.39327570143941687
3,12,Clock,12,18,1,1,102.0074,0.395383623777704
3,12,Clock,12,18,1,1,103.0078,0.3975009374490081
3,12,Clock,12,18,1,1,104.0074,0.3996204115031353
3,12,Clock,12,18,1,1,105.0075,0.40174470538921114
3,12,Clock,12,18,1,1,106.0091,0.4038758960638979
3,12,Clock,12,18,1,1,107.0098,0.40600879926089883
3,12,Clock,12,18,1,2,108.0099,0.40814396656672297
3,12,Clock,12,18,1,2,109.0091,0.41028067995849066
3,12,Clock,12,18,1,2,110.0078,0.4124197053526637
3,12,Clock,12,18,1,2,111.0087,0.4145667764860093
3,12,Clock,12,18,1,2,112.0099,0.41671775412769
3,12,Clock,12,18,1,2,113.0093,0.41886801379832406
3,12,Clock,12,18,1,2,114.009,0.42102201803915273
3,12,Clock,12,18,1,2,115.0081,0.42317773163064
3,12,Clock,12,18,1,2,116.0078,0.4253376608614548
3,12,Clock,12,18,1,2,117.0074,0.4275002457866776
3,12,Clock,12,18,1,2,118.0071,0.4296658200262741
3,12,Clock,12,18,1,2,119.0083,0.4318373349525227
3,12,Clock,12,18,1,2,120.009,0.43401039556785037
3,12,Clock,12,18,1,2,120.9984,0.4361614006311379
3,12,Clock,12,18,1,2,122.0074,0.43835750991200684
3,12,Clock,12,18,1,2,123.0077,0.4405370590960793
3,12,Clock,12,18,1,2,123.9986,0.442698390531544
3,12,Clock,12,18,1,2,125.0092,0.44490494273801506
3,12,Clock,12,18,1,2,125.9986,0.44706729282407937
3,12,Clock,12,18,1,2,126.9988,0.4492553072987168
3,12,Clock,12,18,1,2,127.9989,0.45144505327896206
3,12,Clock,12,18,1,2,128.9988,0.45363622956514477
3,12,Clock,12,18,1,2,129.9991,0.45583010753693654
3,12,Clock,12,18,1,2,130.9994,0.4580257009790677
3,12,Clock,12,18,1,2,131.999,0.4602213500099414
3,12,Clock,12,18,1,2,132.9998,0.46242122817954306
3,12,Clock,12,18,1,2,133.9993,0.46461968316501523
3,12,Clock,12,18,1,2,134.9985,0.4668188756165189
3,12,Clock,12,18,1,2,135.9998,0.46902396328771623
3,12,Clock,12,18,1,2,136.9992,0.4712260910170511
3,12,Clock,12,18,1,2,137.9989,0.4734299786010757
3,12,Clock,12,18,1,2,138.9988,0.47563533963443266
3,12,Clock,12,18,1,2,139.9986,0.4778414492805717
3,12,Clock,12,18,1,2,140.9988,0.48004929961815845
3,12,Clock,12,18,1,2,141.9991,0.482258165384415
3,12,Clock,12,18,1,2,142.9998,0.48446860120718327
3,12,Clock,12,18,1,2,143.9999,0.48667829614291347
3,12,Clock,12,18,1,2,145.0001,0.4888887817489448
3,12,Clock,12,18,1,2,146.001,0.4911012199159535
3,12,Clock,12,18,1,2,147.0007,0.49331134154910466
3,12,Clock,12,18,1,2,148.0004,0.4955217246333452
3,12,Clock,12,18,1,2,149.001,0.49773430728298607
3,12,Clock,12,18,1,2,150.0006,0.49994471793605105
3,12,Clock,12,18,1,2,151.0011,0.502157155251974
3,12,Clock,12,18,1,2,152.0004,0.5043668426569858
3,12,Clock,12,18,1,2,153.001,0.506579260823629
3,12,Clock,12,18,1,2,154.0011,0.5087902744581256
3,12,Clock,12,18,1,2,155.0003,0.5109989881562312
3,12,Clock,12,18,1,2,156.001,0.5132105769092159
3,12,Clock,12,18,1,2,156.9993,0.5154163222875536
3,12,Clock,12,18,1,2,157.9988,0.5176241295490961
3,12,Clock,12,18,1,2,159.0003,0.5198356958909098
3,12,Clock,12,18,1,2,160.0008,0.5220442288061392
3,12,Clock,12,18,1,2,160.9996,0.5242481972704433
3,12,Clock,12,18,1,2,162.0001,0.5264549565522715
3,12,Clock,12,18,1,2,163.0001,0.5286595729463617
3,12,Clock,12,18,1,2,164.0005,0.53086394583104
3,12,Clock,12,18,1,2,165.0004,0.5330660063499529
3,12,Clock,12,18,1,2,166.0017,0.5352698681215016
3,12,Clock,12,18,1,2,167.0011,0.5374681929014283
3,12,Clock,12,18,1,2,168.0008,0.539665698975439
3,12,Clock,12,18,1,2,168.9998,0.5418601562883182
3,12,Clock,12,18,1,2,170.0002,0.5440560374651112
3,12,Clock,12,18,1,2,170.9997,0.5462482334467843
3,12,Clock,12,18,1,2,172.0014,0.5484434842157165
3,12,Clock,12,18,1,2,173.0018,0.5506339791830196
3,12,Clock,12,18,1,2,174.0013,0.5528205435478597
3,12,Clock,12,18,1,2,175.0014,0.5550064000701627
3,12,Clock,12,18,1,2,176.0028,0.5571929609264511
3,12,Clock,12,18,1,2,177.0029,0.5593744465688592
3,12,Clock,12,18,1,2,178.0038,0.5615554030801327
3,12,Clock,12,18,1,2,179.0038,0.5637320253417571
3,12,Clock,12,18,1,2,180.0031,0.5659046697588798
3,12,Clock,12,18,1,2,181.0029,0.5680758772148825
3,12,Clock,12,18,1,2,182.0026,0.570244240438734
3,12,Clock,12,18,1,2,183.0027,0.5724108035510113
3,12,Clock,12,18,1,2,184.0022,0.5745732731304924
3,12,Clock,12,18,1,2,185.0028,0.5767352983744464
3,12,Clock,12,18,1,2,186.0024,0.5788921844366992
3,12,Clock,12,18,1,2,187.0021,0.5810463264276436
3,12,Clock,12,18,1,2,188.0025,0.583198859373292
3,12,Clock,12,18,1,3,189.0021,0.5853465217398721
3,12,Clock,12,18,1,3,190.0029,0.5874934965465445
3,12,Clock,12,18,1,3,191.0034,0.5896365276796112
3,12,Clock,12,18,1,3,192.002,0.5917720858502732
3,12,Clock,12,18,1,3,193.0013,0.5939056820089503
3,12,Clock,12,18,1,3,194.0016,0.5960378839992378
3,12,Clock,12,18,1,3,195.0015,0.598165589496156
3,12,Clock,12,18,1,3,196.0016,0.6002900569927699
3,12,Clock,12,18,1,3,197.0011,0.6024094651485475
3,12,Clock,12,18,1,3,198.0019,0.6045278140341805
3,12,Clock,12,18,1,3,199.0027,0.6066422140072688
3,12,Clock,12,18,1,3,200.0016,0.608748639517286
3,12,Clock,12,18,1,3,201.0032,0.6108566997905625
3,12,Clock,12,18,1,1,202.0032,0.6129572612283534
3,12,Clock,12,18,1,1,203.0031,0.6150534056566468
3,12,Clock,12,18,1,1,204.0051,0.6171496892949039
3,12,Clock,12,18,1,1,205.0046,0.6192364053011226
3,12,Clock,12,18,1,1,206.0048,0.6213202190405028
3,12,Clock,12,18,1,1,207.0044,0.6233982651153754
3,12,Clock,12,18,1,1,208.0034,0.6254705801880184
3,12,Clock,12,18,1,1,209.0041,0.6275418068035987
3,12,Clock,12,18,1,1,210.0043,0.6296073234492569
3,12,Clock,12,18,1,1,211.0044,0.6316678888871395
3,12,Clock,12,18,1,1,212.0051,0.6337249129840443
3,12,Clock,12,18,1,1,213.0056,0.6357766668755898
3,12,Clock,12,18,1,1,214.004,0.6378191933053875
3,12,Clock,12,18,1,1,215.0044,0.6398608282668229
3,12,Clock,12,18,1,1,216.0038,0.6418953994071976
3,12,Clock,12,18,1,1,217.0047,0.6439279055294128
3,12,Clock,12,18,1,1,218.0059,0.645955855823017
3,12,Clock,12,18,1,1,219.0059,0.6479761381530078
3,12,Clock,12,18,1,1,220.0052,0.6499897262617158
3,12,Clock,12,18,1,1,221.0061,0.6520011978451256
3,12,Clock,12,18,1,1,222.0059,0.6540050640462407
3,12,Clock,12,18,1,1,223.0056,0.6560032661393962
3,12,Clock,12,18,1,1,224.0057,0.6579967829684691
3,12,Clock,12,18,1,1,225.0056,0.659984310961891
3,12,Clock,12,18,1,1,226.0055,0.6619662223705912
3,12,Clock,12,18,1,1,227.0059,0.6639434876836655
3,12,Clock,12,18,1,1,228.005,0.6659124420496287
3,12,Clock,12,18,1,1,229.0065,0.6678803313600608
3,12,Clock,12,18,1,1,230.0075,0.6698414210198081
3,12,Clock,12,18,1,1,231.0063,0.6717923062793087
3,12,Clock,12,18,1,1,232.0068,0.673740601556754
3,12,Clock,12,18,1,1,233.0066,0.6756815542663938
3,12,Clock,12,18,1,1,234.0066,0.6776168685205693
3,12,Clock,12,18,1,1,235.0065,0.6795459055344328
3,12,Clock,12,18,1,1,236.0055,0.6814670972058853
3,12,Clock,12,18,1,1,237.0056,0.6833842692778027
3,12,Clock,12,18,1,1,238.0052,0.6852942705462755
3,12,Clock,12,18,1,1,239.0056,0.6871995322731226
3,12,Clock,12,18,1,1,240.0051,0.689096786289488
3,12,Clock,12,18,1,1,241.0055,0.690989407660661
3,12,Clock,12,18,1,1,242.0062,0.6928762170884254
3,12,Clock,12,18,1,2,243.0076,0.694757911662018
3,12,Clock,12,18,1,2,244.0073,0.6966299304861299
3,12,Clock,12,18,1,2,245.0063,0.6984941716798889
3,12,Clock,12,18,1,2,246.0071,0.7003551985367658
3,12,Clock,12,18,1,2,247.0066,0.7022072648356115
3,12,Clock,12,18,1,2,248.0063,0.704053058511292
3,12,Clock,12,18,1,2,249.0063,0.7058927636541863
3,12,Clock,12,18,1,2,250.0067,0.7077265059826131
3,12,Clock,12,18,1,2,251.0069,0.7095531577636492
3,12,Clock,12,18,1,2,252.0063,0.7113716080912619
3,12,Clock,12,18,1,2,253.0062,0.7131841588989454
3,12,Clock,12,18,1,2,254.007,0.7149915377674816
3,12,Clock,12,18,1,3,255.0065,0.7167896937810389
3,12,Clock,12,18,1,3,256.0077,0.7185839998829192
3,12,Clock,12,18,1,3,257.0081,0.7203699590199567
3,12,Clock,12,18,1,3,258.0063,0.7221450666744704
3,12,Clock,12,18,1,3,259.008,0.723919428856545
3,12,Clock,12,18,1,3,260.007,0.7256819817670007
3,12,Clock,12,18,1,3,261.0075,0.7274401949160686
3,12,Clock,12,18,1,3,262.0077,0.7291907579985054
3,12,Clock,12,18,1,3,263.0085,0.7309353513172949
3,12,Clock,12,18,1,3,264.0075,0.7326696537114519
3,12,Clock,12,18,1,3,265.0075,0.7343985769997178
3,12,Clock,12,18,1,3,266.0073,0.7361199788423822
3,12,Clock,12,18,1,3,267.0079,0.7378356165508929
3,12,Clock,12,18,1,3,268.0078,0.7395428506734328
3,12,Clock,12,18,1,3,269.0071,0.7412418305910861
3,12,Clock,12,18,1,3,270.0084,0.7429369312447855
3,12,Clock,12,18,1,3,271.0077,0.744621416653669
3,12,Clock,12,18,1,3,272.0077,0.7462998088067317
3,12,Clock,12,18,1,3,273.0062,0.7479684103545934
3,12,Clock,12,18,1,3,274.0075,0.7496343801625991
3,12,Clock,12,18,1,3,275.0082,0.7512919905779699
3,12,Clock,12,18,1,3,276.0084,0.7529413896374587
3,12,Clock,12,18,1,3,277.008,0.7545824734976939
3,12,Clock,12,18,1,3,278.0078,0.7562165342618499
3,12,Clock,12,18,1,3,279.0087,0.7578449403837798
3,12,Clock,12,18,1,3,279.9987,0.7594483242932626
3,12,Clock,12,18,1,3,280.9984,0.7610600985093282
3,12,Clock,12,18,1,3,282.0078,0.7626799367966391
3,12,Clock,12,18,1,3,283.0088,0.7642787728218378
3,12,Clock,12,18,1,3,284.0084,0.7658679658979884
3,12,Clock,12,18,1,3,285.0089,0.7674511501968676
3,12,Clock,12,18,1,3,286.0092,0.7690264740993051
3,12,Clock,12,18,1,3,287.0081,0.7705921690339511
3,12,Clock,12,18,1,3,288.0087,0.7721530546913508
3,12,Clock,12,18,1,3,289.0087,0.7737054936310352
3,12,Clock,12,18,1,3,290.0087,0.7752504338010944
3,12,Clock,12,18,1,3,290.9989,0.7767728448792267
3,12,Clock,12,18,1,3,291.9995,0.7783037758866383
3,12,Clock,12,18,1,3,293.0102,0.7798424778283778
3,12,Clock,12,18,1,3,293.9985,0.7813396972041494
3,12,Clock,12,18,1,3,295.0103,0.7828649044236662
3,12,Clock,12,18,1,3,296.0102,0.7843645576236368
3,12,Clock,12,18,1,3,297.0093,0.7858555508764361
3,12,Clock,12,18,1,3,297.9989,0.7873249279373719
3,12,Clock,12,18,1,3,298.9991,0.7888025824507771
3,12,Clock,12,18,1,3,299.9987,0.7902717655885177
3,12,Clock,12,18,1,3,300.9995,0.7917352518152606
3,12,Clock,12,18,1,3,302.0092,0.7932040393205295
3,12,RF time only,3,4,0,0,0.0,0.0
3,12,RF time only,3,4,0,0,1.008661,0.0
3,12,RF time only,3,4,0,0,2.002721,0.0
3,12,RF time only,3,4,0,0,3.008869,0.0
3,12,RF time only,3,4,0,0,4.00239,0.0
3,12,RF time only,3,4,0,0,5.007593,0.13082739524185827
3,12,RF time only,3,4,0,0,6.002728,0.0
3,12,RF time only,3,4,0,0,7.007195,0.10006000531749465
3,12,RF time only,3,4,0,0,8.00138,0.39011761587072935
3,12,RF time only,3,4,0,0,9.006776,0.0
3,12,RF time only,3,4,0,0,10.00242,0.02770884631708318
3,12,RF time only,3,4,0,0,11.00579,0.023831613049037033
3,12,RF time only,3,4,0,0,12.00219,0.010640911308135085
3,12,RF time only,3,4,0,0,13.00505,0.0697706704682238
3,12,RF time only,3,4,0,0,14.01213,0.0019142498708582388
3,12,RF time only,3,4,0,0,15.00486,0.03764732415589973
3,12,RF time only,3,4,0,0,16.00989,0.0247070287754231
3,12,RF time only,3,4,0,0,17.0052,0.0015520880324159847
3,12,RF time only,3,4,0,0,18.01026,0.13850301684747054
3,12,RF time only,3,4,0,0,19.00413,0.013290787443818267
3,12,RF time only,3,4,0,0,20.01035,0.38257971102917376
3,12,RF time only,3,4,0,0,21.00403,0.36643419176944325
3,12,RF time only,3,4,0,0,22.0082,0.0018847317541140877
3,12,RF time only,3,4,0,0,23.00246,0.0
3,12,RF time only,3,4,0,0,24.00895,0.061679274607594696
3,12,RF time only,3,4,0,0,25.00289,0.24001768295639334
3,12,RF time only,3,4,0,0,26.00946,0.11772889998230755
3,12,RF time only,3,4,0,0,27.00454,0.6525461982323878
3,12,RF time only,3,4,0,0,28.00746,0.011258425070419801
3,12,RF time only,3,4,0,0,29.00091,0.0010255493304724438
3,12,RF time only,3,4,0,0,30.00637,0.03108375565015409
3,12,RF time only,3,4,0,0,31.00367,0.14684045079038174
3,12,RF time only,3,4,0,0,32.00863,0.48310491888249063
3,12,RF time only,3,4,0,0,33.0014,0.0013332300222118909
3,12,RF time only,3,4,0,0,34.00493,0.10018205517854482
3,12,RF time only,3,4,0,0,35.01046,0.025269577112085388
3,12,RF time only,3,4,0,0,36.00857,0.3756405340475501
3,12,RF time only,3,4,0,0,37.01118,0.023223984086258097
3,12,RF time only,3,4,0,0,38.00753,0.3414659951875086
3,12,RF time only,3,4,0,0,39.01064,0.08784742507669054
3,12,RF time only,3,4,0,0,40.00348,0.0
3,12,RF time only,3,4,0,0,41.01133,0.3793540790196344
3,12,RF time only,3,4,0,0,42.00616,0.3686246374564622
3,12,RF time only,3,4,0,0,43.01037,0.3362490911655725
3,12,RF time only,3,4,0,0,44.00665,0.4600004076776697
3,12,RF time only,3,4,0,0,45.0107,0.00808998527410805
3,12,RF time only,3,4,0,0,46.00231,0.011958641388296398
3,12,RF time only,3,4,0,0,47.01059,0.005645708803778319
3,12,RF time only,3,4,0,0,48.00177,0.04025751720085699
3,12,RF time only,3,4,0,0,48.99564,0.13066157188702454
3,12,RF time only,3,4,0,0,50.01097,0.3708913214365597
3,12,RF time only,3,4,0,0,51.01345,0.20503473544600737
3,12,RF time only,3,4,0,0,52.01149,0.45238747648576055
3,12,RF time only,12,18,0,0,0.0,0.0
3,12,RF time only,12,18,0,0,1.008357,0.0
3,12,RF time only,12,18,0,0,2.00824,0.0
3,12,RF time only,12,18,0,0,3.008948,0.0
3,12,RF time only,12,18,0,0,3.999748,0.0
3,12,RF time only,12,18,0,0,4.999649,0.0019050254593756916
3,12,RF time only,12,18,0,0,6.000401,0.0
3,12,RF time only,12,18,0,0,6.999671,0.01876386030222631
3,12,RF time only,12,18,0,0,8.000978,0.39011761587072935
3,12,RF time only,12,18,0,0,9.002599,0.021216018565379087
3,12,RF time only,12,18,0,0,10.0028,0.0065314098113451
3,12,RF time only,12,18,0,0,11.00139,0.2234402670559148
3,12,RF time only,12,18,0,0,12.00211,0.010640911308135085
3,12,RF time only,12,18,0,0,13.00259,0.02654742421957049
3,12,RF time only,12,18,0,0,14.00278,0.1870090175686895
3,12,RF time only,12,18,0,0,15.00179,0.0013608729540140298
3,12,RF time only,12,18,0,0,16.00156,0.0
3,12,RF time only,12,18,0,0,17.0027,0.0
3,12,RF time only,12,18,0,0,18.00079,0.0
3,12,RF time only,12,18,0,0,19.00123,0.0
3,12,RF time only,12,18,0,0,20.00084,0.0
3,12,RF time only,12,18,0,0,21.00071,0.0018998597889454652
3,12,RF time only,12,18,0,0,22.00156,0.0
3,12,RF time only,12,18,0,0,23.00053,0.0
3,12,RF time only,12,18,0,0,24.00102,0.0
3,12,RF time only,12,18,0,0,25.00209,0.0762833517994454
3,12,RF time only,12,18,0,0,26.0016,0.22070283455653272
3,12,RF time only,12,18,0,0,27.00249,0.00571584388485797
3,12,RF time only,12,18,0,0,28.0012,0.003742090632557125
3,12,RF time only,12,18,0,0,29.00121,0.0010255493304724438
3,12,RF time only,12,18,0,0,30.00123,0.0
3,12,RF time only,12,18,0,0,31.00164,0.027911103869453578
3,12,RF time only,12,18,0,0,32.00216,0.1868843405470214
3,12,RF time only,12,18,0,0,33.00088,0.008864185098112603
3,12,RF time only,12,18,0,0,34.00269,0.3567392257590479
3,12,RF time only,12,18,0,0,35.00294,0.1801224791601627
3,12,RF time only,12,18,0,0,36.00311,0.0
3,12,RF time only,12,18,0,0,37.00309,0.04573057184119033
3,12,RF time only,12,18,0,0,38.00405,0.3574997102979546
3,12,RF time only,12,18,0,0,39.00333,0.12279764807399642
3,12,RF time only,12,18,0,0,40.00485,0.11160850113472645
3,12,RF time only,12,18,0,0,41.00397,0.3611037588162713
3,12,RF time only,12,18,0,0,42.00266,0.04897925806990699
3,12,RF time only,12,18,0,0,43.00225,0.028777849857322894
3,12,RF time only,12,18,0,0,44.00298,0.00887006414045701
3,12,RF time only,12,18,0,0,45.00437,0.3126627953816486
3,12,RF time only,12,18,0,0,46.00364,0.01416587229581041
3,12,RF time only,12,18,0,0,47.00359,0.39053691568090154
3,12,RF time only,12,18,0,0,48.0054,0.35154557624137805
3,12,RF time only,12,18,0,0,49.00593,0.31985818232963675
3,12,RF time only,12,18,0,0,50.00617,0.4390929301523036
3,12,RF time only,12,18,0,0,51.00528,0.23420467248269128
3,12,RF time only,12,18,0,0,52.00639,0.6850450398759395
3,12,RF time only,12,18,1,1,53.00624,0.4216192788432191
3,12,RF time only,12,18,1,1,54.00494,0.4061364220533645
3,12,RF time only,12,18,1,1,55.00533,0.36900597257650747
3,12,RF time only,12,18,1,1,56.00521,0.3658921273078189
3,12,RF time only,12,18,1,1,57.00574,0.4317477605898327
3,12,RF time only,12,18,1,1,58.0062,0.9156594569108927
3,12,RF time only,12,18,1,1,59.00651,0.8063029738282674
3,12,RF time only,12,18,1,1,60.0065,0.6615693977714779
3,12,RF time only,12,18,1,1,61.00676,0.9631537906521082
3,12,RF time only,12,18,1,1,62.00747,0.5364236185883725
3,12,RF time only,12,18,1,1,63.00783,0.9766233976262894
3,12,RF time only,12,18,1,1,64.00652,0.7784538569552103
3,12,RF time only,12,18,1,1,65.00637,0.9458983088425487
3,12,RF time only,12,18,1,1,66.00661,0.8894411332129668
3,12,RF time only,12,18,1,1,67.00733,0.7070585110315448
3,12,RF time only,12,18,1,1,68.0062,0.7400704061368508
3,12,RF time only,12,18,1,1,69.00656,0.6544853731151893
3,12,RF time only,12,18,1,1,70.00576,0.3880652026242434
3,12,RF time only,12,18,1,1,71.007,0.7715731393685291
3,12,RF time only,12,18,1,1,72.00552,0.39801368899377126
3,12,RF time only,12,18,1,1,73.00641,0.8249508255065309
3,12,RF time only,12,18,1,1,74.00616,0.5832824657393253
3,12,RF time only,12,18,1,1,75.00674,0.8718858603757698
3,12,RF time only,12,18,1,1,76.00529,0.04628047069153406
3,12,RF time only,12,18,1,1,77.00492,0.23750836678123094
3,12,RF time only,12,18,1,1,78.00499,0.07969259042647449
3,12,RF time only,12,18,1,1,79.00438,0.042251331933894
3,12,RF time only,12,18,1,1,80.00517,0.5148636007775383
3,12,RF time only,12,18,1,1,81.00525,0.6863212063697983
3,12,RF time only,12,18,1,1,82.00571,0.5795441652657056
3,12,RF time only,12,18,1,1,83.0059,0.6166213847767995
3,12,RF time only,12,18,1,1,84.00636,0.39090616683048657
3,12,RF time only,12,18,1,1,85.00627,0.2082659848896058
3,12,RF time only,12,18,1,1,86.00544,0.12630850809027777
3,12,RF time only,12,18,1,1,87.00535,0.3148287108223468
3,12,RF time only,12,18,1,1,88.00661,0.541576811731798
3,12,RF time only,12,18,1,1,89.00671,0.9341833237103708
3,12,RF time only,12,18,1,1,90.0069,0.8393672416449606
3,12,RF time only,12,18,1,1,91.00655,0.23502168130512133
3,12,RF time only,12,18,1,1,92.00586,0.15113468512684575
3,12,RF time only,12,18,1,1,93.00626,0.4651012235894305
3,12,RF time only,12,18,1,1,94.00586,0.10881578039211465
3,12,RF time only,12,18,1,1,95.00709,0.29386422574488036
3,12,RF time only,12,18,1,1,96.00739,0.520296092329411
3,12,RF time only,12,18,1,1,97.00674,0.6208050410398176
3,12,RF time only,12,18,1,1,98.00808,0.8430303764745772
3,12,RF time only,12,18,1,1,99.00751,0.6733581440816843
3,12,RF time only,12,18,1,1,100.0077,0.2779335899431674
3,12,RF time only,12,18,1,1,101.0096,0.5659154265077967
3,12,RF time only,12,18,1,1,102.0074,0.3820323083841778
3,12,RF time only,12,18,1,1,103.0078,0.3759126790737899
3,12,RF time only,12,18,1,1,104.0074,0.02594067980533954
3,12,RF time only,12,18,1,1,105.0075,0.18720461814709352
3,12,RF time only,12,18,1,1,106.0091,0.4590061154630831
3,12,RF time only,12,18,1,1,107.0098,0.783195371700329
3,12,RF time only,12,18,1,2,108.0099,0.8791426983838536
3,12,RF time only,12,18,1,2,109.0091,0.7106886738342616
3,12,RF time only,12,18,1,2,110.0078,0.7066718078639149
3,12,RF time only,12,18,1,2,111.0087,0.44320075213849547
3,12,RF time only,12,18,1,2,112.0099,0.8491982273276618
3,12,RF time only,12,18,1,2,113.0093,0.5154608183790095
3,12,RF time only,12,18,1,2,114.009,0.6270857868976426
3,12,RF time only,12,18,1,2,115.0081,0.1664769313344454
3,12,RF time only,12,18,1,2,116.0078,0.10046228062182336
3,12,RF time only,12,18,1,2,117.0074,0.2245237638458837
3,12,RF time only,12,18,1,2,118.0071,0.40447203803886433
3,12,RF time only,12,18,1,2,119.0083,0.32411365646369095
3,12,RF time only,12,18,1,2,120.009,0.41248462891168813
3,12,RF time only,12,18,1,2,120.9984,0.06292919556273341
3,12,RF time only,12,18,1,2,122.0074,0.09193900237773343
3,12,RF time only,12,18,1,2,123.0077,0.4356830572735949
3,12,RF time only,12,18,1,2,123.9986,0.47226490947949185
3,12,RF time only,12,18,1,2,125.0092,0.6603937707523988
3,12,RF time only,12,18,1,2,125.9986,0.2447957824740586
3,12,RF time only,12,18,1,2,126.9988,0.3239006974385255
3,12,RF time only,12,18,1,2,127.9989,0.35076111307412766
3,12,RF time only,12,18,1,2,128.9988,0.6076377963984411
3,12,RF time only,12,18,1,2,129.9991,0.5312325738534932
3,12,RF time only,12,18,1,2,130.9994,0.6105513114952744
3,12,RF time only,12,18,1,2,131.999,0.5870808851303764
3,12,RF time only,12,18,1,2,132.9998,0.6290854049343021
3,12,RF time only,12,18,1,2,133.9993,0.6445190396909297
3,12,RF time only,12,18,1,2,134.9985,0.28424241426237723
3,12,RF time only,12,18,1,2,135.9998,0.528923745812213
3,12,RF time only,12,18,1,2,136.9992,0.6173206232777736
3,12,RF time only,12,18,1,2,137.9989,0.4203286684466334
3,12,RF time only,12,18,1,2,138.9988,0.08976600138206847
3,12,RF time only,12,18,1,2,139.9986,0.023075795842178615
3,12,RF time only,12,18,1,2,140.9988,0.16037520332985125
3,12,RF time only,12,18,1,2,141.9991,0.1451584272785396
3,12,RF time only,12,18,1,2,142.9998,0.6156395586104441
3,12,RF time only,12,18,1,2,143.9999,0.10123638016529349
3,12,RF time only,12,18,1,2,145.0001,0.4401978816581165
3,12,RF time only,12,18,1,2,146.001,0.5138229521809159
3,12,RF time only,12,18,1,2,147.0007,0.29883081118481325
3,12,RF time only,12,18,1,2,148.0004,0.41693882810189764
3,12,RF time only,12,18,1,2,149.001,0.2889962473802403
3,12,RF time only,12,18,1,2,150.0006,0.06478048032486614
3,12,RF time only,12,18,1,2,151.0011,0.3838311664508468
3,12,RF time only,12,18,1,2,152.0004,0.503709058818403
3,12,RF time only,12,18,1,2,153.001,0.5080350146050814
3,12,RF time only,12,18,1,2,154.0011,0.4927815795775278
3,12,RF time only,12,18,1,2,155.0003,0.3880397499646918
3,12,RF time only,12,18,1,2,156.001,0.5697480832770611
3,12,RF time only,12,18,1,2,156.9993,0.4723191550736335
3,12,RF time only,12,18,1,2,157.9988,0.8278422325676057
3,12,RF time only,12,18,1,2,159.0003,0.390974039501736
3,12,RF time only,12,18,1,2,160.0008,0.7488748838253185
3,12,RF time only,12,18,1,2,160.9996,0.3969135696374445
3,12,RF time only,12,18,1,2,162.0001,0.9491211333199506
3,12,RF time only,12,18,1,2,163.0001,0.7691603902198489
3,12,RF time only,12,18,1,2,164.0005,0.8843217140812001
3,12,RF time only,12,18,1,2,165.0004,0.8375980439214024
3,12,RF time only,12,18,1,2,166.0017,0.8972523639435782
3,12,RF time only,12,18,1,2,167.0011,0.6826636933233001
3,12,RF time only,12,18,1,2,168.0008,0.5888415938496181
3,12,RF time only,12,18,1,2,168.9998,0.928131818436095
3,12,RF time only,12,18,1,2,170.0002,0.7539877899858058
3,12,RF time only,12,18,1,2,170.9997,0.8784759159140116
3,12,RF time only,12,18,1,2,172.0014,0.40687892863263303
3,12,RF time only,12,18,1,2,173.0018,0.910858746130365
3,12,RF time only,12,18,1,2,174.0013,0.3805541950760588
3,12,RF time only,12,18,1,2,175.0014,0.8256575476895275
3,12,RF time only,12,18,1,2,176.0028,0.3641031309901219
3,12,RF time only,12,18,1,2,177.0029,0.7785262364099902
3,12,RF time only,12,18,1,2,178.0038,0.794096004040004
3,12,RF time only,12,18,1,2,179.0038,0.5218390113250537
3,12,RF time only,12,18,1,2,180.0031,0.9025614421014474
3,12,RF time only,12,18,1,2,181.0029,0.8480547158188967
3,12,RF time only,12,18,1,2,182.0026,0.9486896213028805
3,12,RF time only,12,18,1,2,183.0027,0.9157890390142402
3,12,RF time only,12,18,1,2,184.0022,0.9629932778611614
3,12,RF time only,12,18,1,2,185.0028,0.2523669093900419
3,12,RF time only,12,18,1,2,186.0024,0.9212430930711283
3,12,RF time only,12,18,1,2,187.0021,0.610111186240154
3,12,RF time only,12,18,1,2,188.0025,0.8647391129450595
3,12,RF time only,12,18,1,3,189.0021,0.7306278402628499
3,12,RF time only,12,18,1,3,190.0029,0.9627312806367893
3,12,RF time only,12,18,1,3,191.0034,0.9135556148113526
3,12,RF time only,12,18,1,3,192.002,0.6143816950310267
3,12,RF time only,12,18,1,3,193.0013,0.6582030177957202
3,12,RF time only,12,18,1,3,194.0016,0.886494793378514
3,12,RF time only,12,18,1,3,195.0015,0.6368200485345357
3,12,RF time only,12,18,1,3,196.0016,0.6216630994236763
3,12,RF time only,12,18,1,3,197.0011,0.6883944328875456
3,12,RF time only,12,18,1,3,198.0019,0.9764840197973429
3,12,RF time only,12,18,1,3,199.0027,0.7033456894918418
3,12,RF time only,12,18,1,3,200.0016,0.7102750016935879
3,12,RF time only,12,18,1,3,201.0032,0.8477077474717525
3,12,RF time only,12,18,1,1,202.0032,0.7792773067467457
3,12,RF time only,12,18,1,1,203.0031,0.928147086827337
3,12,RF time only,12,18,1,1,204.0051,0.6389299517297659
3,12,RF time only,12,18,1,1,205.0046,0.4568787310743647
3,12,RF time only,12,18,1,1,206.0048,0.4563395687914482
3,12,RF time only,12,18,1,1,207.0044,0.965301503580573
3,12,RF time only,12,18,1,1,208.0034,0.6847803661186584
3,12,RF time only,12,18,1,1,209.0041,0.8182641227151679
3,12,RF time only,12,18,1,1,210.0043,0.46009264658056753
3,12,RF time only,12,18,1,1,211.0044,0.7472604341548796
3,12,RF time only,12,18,1,1,212.0051,0.9544684211825356
3,12,RF time only,12,18,1,1,213.0056,0.9820023205375075
3,12,RF time only,12,18,1,1,214.004,0.8720913529654392
3,12,RF time only,12,18,1,1,215.0044,0.7967354738499058
3,12,RF time only,12,18,1,1,216.0038,0.6833702650175395
3,12,RF time only,12,18,1,1,217.0047,0.26728204690303203
3,12,RF time only,12,18,1,1,218.0059,0.36951858706332513
3,12,RF time only,12,18,1,1,219.0059,0.39220274743061706
3,12,RF time only,12,18,1,1,220.0052,0.27448832790915145
3,12,RF time only,12,18,1,1,221.0061,0.5689863819009142
3,12,RF time only,12,18,1,1,222.0059,0.60887511326922
3,12,RF time only,12,18,1,1,223.0056,0.6408902296645099
3,12,RF time only,12,18,1,1,224.0057,0.5832084489970184
3,12,RF time only,12,18,1,1,225.0056,0.446747799503333
3,12,RF time only,12,18,1,1,226.0055,0.4872484594617123
3,12,RF time only,12,18,1,1,227.0059,0.3875707491916623
3,12,RF time only,12,18,1,1,228.005,0.9043939628371286
3,12,RF time only,12,18,1,1,229.0065,0.8685494600950155
3,12,RF time only,12,18,1,1,230.0075,0.8835749356358339
3,12,RF time only,12,18,1,1,231.0063,0.7964433251167474
3,12,RF time only,12,18,1,1,232.0068,0.7455779192093162
3,12,RF time only,12,18,1,1,233.0066,0.672494024725632
3,12,RF time only,12,18,1,1,234.0066,0.6039891592797707
3,12,RF time only,12,18,1,1,235.0065,0.3696951142587649
3,12,RF time only,12,18,1,1,236.0055,0.7360096011676873
3,12,RF time only,12,18,1,1,237.0056,0.16691704557903783
3,12,RF time only,12,18,1,1,238.0052,0.9024779200843892
3,12,RF time only,12,18,1,1,239.0056,0.9076752563359197
3,12,RF time only,12,18,1,1,240.0051,0.37203137601856245
3,12,RF time only,12,18,1,1,241.0055,0.3700738315131623
3,12,RF time only,12,18,1,1,242.0062,0.6452715497808216
3,12,RF time only,12,18,1,2,243.0076,0.3867735684953327
3,12,RF time only,12,18,1,2,244.0073,0.78387442872158
3,12,RF time only,12,18,1,2,245.0063,0.4326357004159435
3,12,RF time only,12,18,1,2,246.0071,0.16850026703744403
3,12,RF time only,12,18,1,2,247.0066,0.13880044748703685
3,12,RF time only,12,18,1,2,248.0063,0.3212306524276731
3,12,RF time only,12,18,1,2,249.0063,0.3679311898853181
3,12,RF time only,12,18,1,2,250.0067,0.529139002763628
3,12,RF time only,12,18,1,2,251.0069,0.803342527463136
3,12,RF time only,12,18,1,2,252.0063,0.28417568011486355
3,12,RF time only,12,18,1,2,253.0062,0.07741688055785645
3,12,RF time only,12,18,1,2,254.007,0.8256454243573662
3,12,RF time only,12,18,1,3,255.0065,0.6572823148108304
3,12,RF time only,12,18,1,3,256.0077,0.7556027873248706
3,12,RF time only,12,18,1,3,257.0081,0.959934698354567
3,12,RF time only,12,18,1,3,258.0063,0.6707122025796263
3,12,RF time only,12,18,1,3,259.008,0.5584569639108471
3,12,RF time only,12,18,1,3,260.007,0.728185623486756
3,12,RF time only,12,18,1,3,261.0075,0.5765486606842976
3,12,RF time only,12,18,1,3,262.0077,0.6912839855110842
3,12,RF time only,12,18,1,3,263.0085,0.17783863205177272
3,12,RF time only,12,18,1,3,264.0075,0.6289868787405434
3,12,RF time only,12,18,1,3,265.0075,0.06540132966108958
3,12,RF time only,12,18,1,3,266.0073,0.08876628456030966
3,12,RF time only,12,18,1,3,267.0079,0.059771327901189227
3,12,RF time only,12,18,1,3,268.0078,0.6923577672758131
3,12,RF time only,12,18,1,3,269.0071,0.13070699010179854
3,12,RF time only,12,18,1,3,270.0084,0.9411682205471067
3,12,RF time only,12,18,1,3,271.0077,0.5243503579445098
3,12,RF time only,12,18,1,3,272.0077,0.6151945196012261
3,12,RF time only,12,18,1,3,273.0062,0.2258821442720723
3,12,RF time only,12,18,1,3,274.0075,0.9179212416675134
3,12,RF time only,12,18,1,3,275.0082,0.3815276271487979
3,12,RF time only,12,18,1,3,276.0084,0.7520115721097411
3,12,RF time only,12,18,1,3,277.008,0.507913461974587
3,12,RF time only,12,18,1,3,278.0078,0.9403940795486257
3,12,RF time only,12,18,1,3,279.0087,0.7288063705696958
3,12,RF time only,12,18,1,3,279.9987,0.6109204453679193
3,12,RF time only,12,18,1,3,280.9984,0.3328281295647253
3,12,RF time only,12,18,1,3,282.0078,0.6027190777361459
3,12,RF time only,12,18,1,3,283.0088,0.799090711170249
3,12,RF time only,12,18,1,3,284.0084,0.5584945226013276
3,12,RF time only,12,18,1,3,285.0089,0.9904423330283404
3,12,RF time only,12,18,1,3,286.0092,0.7637952111228348
3,12,RF time only,12,18,1,3,287.0081,0.5887861539993822
3,12,RF time only,12,18,1,3,288.0087,0.2940234113249458
3,12,RF time only,12,18,1,3,289.0087,0.8822694993367196
3,12,RF time only,12,18,1,3,290.0087,0.7773801778828024
3,12,RF time only,12,18,1,3,290.9989,0.8897396929888854
3,12,RF time only,12,18,1,3,291.9995,0.6995288500982958
3,12,RF time only,12,18,1,3,293.0102,0.5727979293211973
3,12,RF time only,12,18,1,3,293.9985,0.9203721491194006
3,12,RF time only,12,18,1,3,295.0103,0.7491447598674441
3,12,RF time only,12,18,1,3,296.0102,0.6701539735184566
3,12,RF time only,12,18,1,3,297.0093,0.7773529450967286
3,12,RF time only,12,18,1,3,297.9989,0.6256276578949637
3,12,RF time only,12,18,1,3,298.9991,0.754159886087585
3,12,RF time only,12,18,1,3,299.9987,0.8853266089291215
3,12,RF time only,12,18,1,3,300.9995,0.564461233266336
3,12,RF time only,12,18,1,3,302.0092,0.7144728626319635
3,12,GB time only,3,4,0,0,0.0,0.0009259372228309099
3,12,GB time only,3,4,0,0,1.008661,0.0009259372228309099
3,12,GB time only,3,4,0,0,2.002721,0.0009259372228309099
3,12,GB time only,3,4,0,0,3.008869,0.0009259372228309099
3,12,GB time only,3,4,0,0,4.00239,0.0009259372228309099
3,12,GB time only,3,4,0,0,5.007593,0.03698237833770692
3,12,GB time only,3,4,0,0,6.002728,0.03747751916549546
3,12,GB time only,3,4,0,0,7.007195,0.10869466341407129
3,12,GB time only,3,4,0,0,8.00138,0.10710168561076164
3,12,GB time only,3,4,0,0,9.006776,0.07575213050996707
3,12,GB time only,3,4,0,0,10.00242,0.17389943753323192
3,12,GB time only,3,4,0,0,11.00579,0.07563500692949462
3,12,GB time only,3,4,0,0,12.00219,0.13985795976622023
3,12,GB time only,3,4,0,0,13.00505,0.10957667118336552
3,12,GB time only,3,4,0,0,14.01213,0.10957667118336552
3,12,GB time only,3,4,0,0,15.00486,0.10857901565924986
3,12,GB time only,3,4,0,0,16.00989,0.10879996869817557
3,12,GB time only,3,4,0,0,17.0052,0.10851255019341322
3,12,GB time only,3,4,0,0,18.01026,0.10873343033295979
3,12,GB time only,3,4,0,0,19.00413,0.10845274264148246
3,12,GB time only,3,4,0,0,20.01035,0.14377493969787233
3,12,GB time only,3,4,0,0,21.00403,0.14377493969787233
3,12,GB time only,3,4,0,0,22.0082,0.07686321876885846
3,12,GB time only,3,4,0,0,23.00246,0.13960317161187807
3,12,GB time only,3,4,0,0,24.00895,0.11188807980243524
3,12,GB time only,3,4,0,0,25.00289,0.14122485504684898
3,12,GB time only,3,4,0,0,26.00946,0.1454216672165737
3,12,GB time only,3,4,0,0,27.00454,0.23899044649601753
3,12,GB time only,3,4,0,0,28.00746,0.14825199904541755
3,12,GB time only,3,4,0,0,29.00091,0.14825199904541755
3,12,GB time only,3,4,0,0,30.00637,0.23895953855200133
3,12,GB time only,3,4,0,0,31.00367,0.14807255212754808
3,12,GB time only,3,4,0,0,32.00863,0.2713475291964609
3,12,GB time only,3,4,0,0,33.0014,0.2713475291964609
3,12,GB time only,3,4,0,0,34.00493,0.2157815914227717
3,12,GB time only,3,4,0,0,35.01046,0.24550266383841593
3,12,GB time only,3,4,0,0,36.00857,0.21067847364138384
3,12,GB time only,3,4,0,0,37.01118,0.21485611725788986
3,12,GB time only,3,4,0,0,38.00753,0.30201413437095925
3,12,GB time only,3,4,0,0,39.01064,0.18281709678839655
3,12,GB time only,3,4,0,0,40.00348,0.2714005892879416
3,12,GB time only,3,4,0,0,41.01133,0.2162390555452484
3,12,GB time only,3,4,0,0,42.00616,0.24503950424028909
3,12,GB time only,3,4,0,0,43.01037,0.21177793356627744
3,12,GB time only,3,4,0,0,44.00665,0.21177793356627744
3,12,GB time only,3,4,0,0,45.0107,0.21536613382923833
3,12,GB time only,3,4,0,0,46.00231,0.2416163834681514
3,12,GB time only,3,4,0,0,47.01059,0.2451104065746325
3,12,GB time only,3,4,0,0,48.00177,0.2451104065746325
3,12,GB time only,3,4,0,0,48.99564,0.2451104065746325
3,12,GB time only,3,4,0,0,50.01097,0.2482368896094931
3,12,GB time only,3,4,0,0,51.01345,0.29418040509323756
3,12,GB time only,3,4,0,0,52.01149,0.29205217165956054
3,12,GB time only,12,18,0,0,0.0,0.0009259372228309099
3,12,GB time only,12,18,0,0,1.008357,0.0009259372228309099
3,12,GB time only,12,18,0,0,2.00824,0.0009259372228309099
3,12,GB time only,12,18,0,0,3.008948,0.0009259372228309099
3,12,GB time only,12,18,0,0,3.999748,0.0009259372228309099
3,12,GB time only,12,18,0,0,4.999649,0.03698237833770692
3,12,GB time only,12,18,0,0,6.000401,0.03747751916549546
3,12,GB time only,12,18,0,0,6.999671,0.10869466341407129
3,12,GB time only,12,18,0,0,8.000978,0.10710168561076164
3,12,GB time only,12,18,0,0,9.002599,0.07575213050996707
3,12,GB time only,12,18,0,0,10.0028,0.17389943753323192
3,12,GB time only,12,18,0,0,11.00139,0.07563500692949462
3,12,GB time only,12,18,0,0,12.00211,0.13985795976622023
3,12,GB time only,12,18,0,0,13.00259,0.10957667118336552
3,12,GB time only,12,18,0,0,14.00278,0.10957667118336552
3,12,GB time only,12,18,0,0,15.00179,0.10857901565924986
3,12,GB time only,12,18,0,0,16.00156,0.10879996869817557
3,12,GB time only,12,18,0,0,17.0027,0.10851255019341322
3,12,GB time only,12,18,0,0,18.00079,0.10851255019341322
3,12,GB time only,12,18,0,0,19.00123,0.10873343033295979
3,12,GB time only,12,18,0,0,20.00084,0.10845274264148246
3,12,GB time only,12,18,0,0,21.00071,0.14377493969787233
3,12,GB time only,12,18,0,0,22.00156,0.07686321876885846
3,12,GB time only,12,18,0,0,23.00053,0.13960317161187807
3,12,GB time only,12,18,0,0,24.00102,0.11188807980243524
3,12,GB time only,12,18,0,0,25.00209,0.14122485504684898
3,12,GB time only,12,18,0,0,26.0016,0.1454216672165737
3,12,GB time only,12,18,0,0,27.00249,0.23899044649601753
3,12,GB time only,12,18,0,0,28.0012,0.14825199904541755
3,12,GB time only,12,18,0,0,29.00121,0.14825199904541755
3,12,GB time only,12,18,0,0,30.00123,0.21437898804281444
3,12,GB time only,12,18,0,0,31.00164,0.23895953855200133
3,12,GB time only,12,18,0,0,32.00216,0.14807255212754808
3,12,GB time only,12,18,0,0,33.00088,0.2713475291964609
3,12,GB time only,12,18,0,0,34.00269,0.2157815914227717
3,12,GB time only,12,18,0,0,35.00294,0.24550266383841593
3,12,GB time only,12,18,0,0,36.00311,0.21067847364138384
3,12,GB time only,12,18,0,0,37.00309,0.21485611725788986
3,12,GB time only,12,18,0,0,38.00405,0.30201413437095925
3,12,GB time only,12,18,0,0,39.00333,0.18281709678839655
3,12,GB time only,12,18,0,0,40.00485,0.2714005892879416
3,12,GB time only,12,18,0,0,41.00397,0.2714005892879416
3,12,GB time only,12,18,0,0,42.00266,0.2162390555452484
3,12,GB time only,12,18,0,0,43.00225,0.24503950424028909
3,12,GB time only,12,18,0,0,44.00298,0.21177793356627744
3,12,GB time only,12,18,0,0,45.00437,0.21536613382923833
3,12,GB time only,12,18,0,0,46.00364,0.2416163834681514
3,12,GB time only,12,18,0,0,47.00359,0.2451104065746325
3,12,GB time only,12,18,0,0,48.0054,0.2451104065746325
3,12,GB time only,12,18,0,0,49.00593,0.2482368896094931
3,12,GB time only,12,18,0,0,50.00617,0.2482368896094931
3,12,GB time only,12,18,0,0,51.00528,0.29418040509323756
3,12,GB time only,12,18,0,0,52.00639,0.29205217165956054
3,12,GB time only,12,18,1,1,53.00624,0.29205217165956054
3,12,GB time only,12,18,1,1,54.00494,0.3593353260126931
3,12,GB time only,12,18,1,1,55.00533,0.2546561931157291
3,12,GB time only,12,18,1,1,56.00521,0.2993902721140401
3,12,GB time only,12,18,1,1,57.00574,0.25697746981181074
3,12,GB time only,12,18,1,1,58.0062,0.31391074979233863
3,12,GB time only,12,18,1,1,59.00651,0.33047088799908403
3,12,GB time only,12,18,1,1,60.0065,0.31911209132847806
3,12,GB time only,12,18,1,1,61.00676,0.33155464498934495
3,12,GB time only,12,18,1,1,62.00747,0.3181548432367671
3,12,GB time only,12,18,1,1,63.00783,0.4284854887974066
3,12,GB time only,12,18,1,1,64.00652,0.4284854887974066
3,12,GB time only,12,18,1,1,65.00637,0.36504062407897536
3,12,GB time only,12,18,1,1,66.00661,0.31968916304409667
3,12,GB time only,12,18,1,1,67.00733,0.3334297406677273
3,12,GB time only,12,18,1,1,68.0062,0.32060483682204305
3,12,GB time only,12,18,1,1,69.00656,0.33583209168524153
3,12,GB time only,12,18,1,1,70.00576,0.33994957414978183
3,12,GB time only,12,18,1,1,71.007,0.2888920054019868
3,12,GB time only,12,18,1,1,72.00552,0.4192279777089286
3,12,GB time only,12,18,1,1,73.00641,0.3737525965508843
3,12,GB time only,12,18,1,1,74.00616,0.3737525965508843
3,12,GB time only,12,18,1,1,75.00674,0.3695137080091364
3,12,GB time only,12,18,1,1,76.00529,0.3538084660295058
3,12,GB time only,12,18,1,1,77.00492,0.4190232658776008
3,12,GB time only,12,18,1,1,78.00499,0.3534299732838874
3,12,GB time only,12,18,1,1,79.00438,0.407043368596659
3,12,GB time only,12,18,1,1,80.00517,0.4189759846654364
3,12,GB time only,12,18,1,1,81.00525,0.3844805410426128
3,12,GB time only,12,18,1,1,82.00571,0.4496043656846714
3,12,GB time only,12,18,1,1,83.0059,0.4496043656846714
3,12,GB time only,12,18,1,1,84.00636,0.42795024222889727
3,12,GB time only,12,18,1,1,85.00627,0.42795024222889727
3,12,GB time only,12,18,1,1,86.00544,0.45998419874298885
3,12,GB time only,12,18,1,1,87.00535,0.4440584370315468
3,12,GB time only,12,18,1,1,88.00661,0.4516128278038329
3,12,GB time only,12,18,1,1,89.00671,0.44555103839788374
3,12,GB time only,12,18,1,1,90.0069,0.5026822911692737
3,12,GB time only,12,18,1,1,91.00655,0.4682478758174992
3,12,GB time only,12,18,1,1,92.00586,0.43714389675676185
3,12,GB time only,12,18,1,1,93.00626,0.43714389675676185
3,12,GB time only,12,18,1,1,94.00586,0.4877898014556715
3,12,GB time only,12,18,1,1,95.00709,0.4468507280069138
3,12,GB time only,12,18,1,1,96.00739,0.5143297018075228
3,12,GB time only,12,18,1,1,97.00674,0.5207001359465031
3,12,GB time only,12,18,1,1,98.00808,0.5177166856097383
3,12,GB time only,12,18,1,1,99.00751,0.5470909147889906
3,12,GB time only,12,18,1,1,100.0077,0.5285203463358454
3,12,GB time only,12,18,1,1,101.0096,0.5336382953233747
3,12,GB time only,12,18,1,1,102.0074,0.4976081462539532
3,12,GB time only,12,18,1,1,103.0078,0.4640829343365148
3,12,GB time only,12,18,1,1,104.0074,0.4640829343365148
3,12,GB time only,12,18,1,1,105.0075,0.5185657110362699
3,12,GB time only,12,18,1,1,106.0091,0.5108799102899745
3,12,GB time only,12,18,1,1,107.0098,0.49716403920663904
3,12,GB time only,12,18,1,2,108.0099,0.485900120594263
3,12,GB time only,12,18,1,2,109.0091,0.4465815135511409
3,12,GB time only,12,18,1,2,110.0078,0.4465815135511409
3,12,GB time only,12,18,1,2,111.0087,0.4961036945917409
3,12,GB time only,12,18,1,2,112.0099,0.5342807625096123
3,12,GB time only,12,18,1,2,113.0093,0.41453350444927073
3,12,GB time only,12,18,1,2,114.009,0.4796473468646823
3,12,GB time only,12,18,1,2,115.0081,0.44341992620364795
3,12,GB time only,12,18,1,2,116.0078,0.44341992620364795
3,12,GB time only,12,18,1,2,117.0074,0.5201920211774752
3,12,GB time only,12,18,1,2,118.0071,0.4294535394964655
3,12,GB time only,12,18,1,2,119.0083,0.4171388242215239
3,12,GB time only,12,18,1,2,120.009,0.4531845496931854
3,12,GB time only,12,18,1,2,120.9984,0.4531845496931854
3,12,GB time only,12,18,1,2,122.0074,0.44327340612552957
3,12,GB time only,12,18,1,2,123.0077,0.5036444924058875
3,12,GB time only,12,18,1,2,123.9986,0.47180052849502707
3,12,GB time only,12,18,1,2,125.0092,0.47180052849502707
3,12,GB time only,12,18,1,2,125.9986,0.47180052849502707
3,12,GB time only,12,18,1,2,126.9988,0.47979178076945644
3,12,GB time only,12,18,1,2,127.9989,0.4739658166149754
3,12,GB time only,12,18,1,2,128.9988,0.47979178076945644
3,12,GB time only,12,18,1,2,129.9991,0.4739658166149754
3,12,GB time only,12,18,1,2,130.9994,0.4739658166149754
3,12,GB time only,12,18,1,2,131.999,0.5205163204104186
3,12,GB time only,12,18,1,2,132.9998,0.5188661857397769
3,12,GB time only,12,18,1,2,133.9993,0.5456257473624879
3,12,GB time only,12,18,1,2,134.9985,0.5401213991667562
3,12,GB time only,12,18,1,2,135.9998,0.5401213991667562
3,12,GB time only,12,18,1,2,136.9992,0.5358898693543652
3,12,GB time only,12,18,1,2,137.9989,0.5403729058351474
3,12,GB time only,12,18,1,2,138.9988,0.5711830038896168
3,12,GB time only,12,18,1,2,139.9986,0.5524949426130539
3,12,GB time only,12,18,1,2,140.9988,0.5429525477424548
3,12,GB time only,12,18,1,2,141.9991,0.5429525477424548
3,12,GB time only,12,18,1,2,142.9998,0.5372735548554382
3,12,GB time only,12,18,1,2,143.9999,0.5421857877961248
3,12,GB time only,12,18,1,2,145.0001,0.5840434765173478
3,12,GB time only,12,18,1,2,146.001,0.5337312674399902
3,12,GB time only,12,18,1,2,147.0007,0.5337312674399902
3,12,GB time only,12,18,1,2,148.0004,0.5550928430843012
3,12,GB time only,12,18,1,2,149.001,0.5582566882782165
3,12,GB time only,12,18,1,2,150.0006,0.5531804062316799
3,12,GB time only,12,18,1,2,151.0011,0.548468643984988
3,12,GB time only,12,18,1,2,152.0004,0.5499503594155422
3,12,GB time only,12,18,1,2,153.001,0.5499503594155422
3,12,GB time only,12,18,1,2,154.0011,0.5364713009903708
3,12,GB time only,12,18,1,2,155.0003,0.5428450644535355
3,12,GB time only,12,18,1,2,156.001,0.5999698326110465
3,12,GB time only,12,18,1,2,156.9993,0.536883288844029
3,12,GB time only,12,18,1,2,157.9988,0.536883288844029
3,12,GB time only,12,18,1,2,159.0003,0.5965223409747918
3,12,GB time only,12,18,1,2,160.0008,0.6107643139110213
3,12,GB time only,12,18,1,2,160.9996,0.6162259780469492
3,12,GB time only,12,18,1,2,162.0001,0.6141919923980889
3,12,GB time only,12,18,1,2,163.0001,0.6300744103047704
3,12,GB time only,12,18,1,2,164.0005,0.6300744103047704
3,12,GB time only,12,18,1,2,165.0004,0.5635228807496987
3,12,GB time only,12,18,1,2,166.0017,0.6441364360799938
3,12,GB time only,12,18,1,2,167.0011,0.6220728881458655
3,12,GB time only,12,18,1,2,168.0008,0.6159556221041358
3,12,GB time only,12,18,1,2,168.9998,0.6400203045061785
3,12,GB time only,12,18,1,2,170.0002,0.6400203045061785
3,12,GB time only,12,18,1,2,170.9997,0.6139798902844591
3,12,GB time only,12,18,1,2,172.0014,0.6568474290206129
3,12,GB time only,12,18,1,2,173.0018,0.5967499448459909
3,12,GB time only,12,18,1,2,174.0013,0.5912107955604498
3,12,GB time only,12,18,1,2,175.0014,0.5912107955604498
3,12,GB time only,12,18,1,2,176.0028,0.6431515685378458
3,12,GB time only,12,18,1,2,177.0029,0.5898480329080174
3,12,GB time only,12,18,1,2,178.0038,0.6431515685378458
3,12,GB time only,12,18,1,2,179.0038,0.5895254753075608
3,12,GB time only,12,18,1,2,180.0031,0.6366209211036181
3,12,GB time only,12,18,1,2,181.0029,0.6366209211036181
3,12,GB time only,12,18,1,2,182.0026,0.6418996851242477
3,12,GB time only,12,18,1,2,183.0027,0.5892996788410403
3,12,GB time only,12,18,1,2,184.0022,0.6220607094348752
3,12,GB time only,12,18,1,2,185.0028,0.6312105787355979
3,12,GB time only,12,18,1,2,186.0024,0.6044273111992052
3,12,GB time only,12,18,1,2,187.0021,0.6044273111992052
3,12,GB time only,12,18,1,2,188.0025,0.6321305165175729
3,12,GB time only,12,18,1,3,189.0021,0.6161475204660997
3,12,GB time only,12,18,1,3,190.0029,0.6227696509390224
3,12,GB time only,12,18,1,3,191.0034,0.6333864735764979
3,12,GB time only,12,18,1,3,192.002,0.6333864735764979
3,12,GB time only,12,18,1,3,193.0013,0.7261699651490094
3,12,GB time only,12,18,1,3,194.0016,0.6150729393969245
3,12,GB time only,12,18,1,3,195.0015,0.6922386266795749
3,12,GB time only,12,18,1,3,196.0016,0.6396888680875292
3,12,GB time only,12,18,1,3,197.0011,0.6396888680875292
3,12,GB time only,12,18,1,3,198.0019,0.6396888680875292
3,12,GB time only,12,18,1,3,199.0027,0.6692000717557036
3,12,GB time only,12,18,1,3,200.0016,0.6158263913838412
3,12,GB time only,12,18,1,3,201.0032,0.6678652999346063
3,12,GB time only,12,18,1,1,202.0032,0.6627552538022751
3,12,GB time only,12,18,1,1,203.0031,0.6627552538022751
3,12,GB time only,12,18,1,1,204.0051,0.5888166909244604
3,12,GB time only,12,18,1,1,205.0046,0.6707034790298733
3,12,GB time only,12,18,1,1,206.0048,0.5876447881598154
3,12,GB time only,12,18,1,1,207.0044,0.5971926429847744
3,12,GB time only,12,18,1,1,208.0034,0.6578550612441274
3,12,GB time only,12,18,1,1,209.0041,0.6578550612441274
3,12,GB time only,12,18,1,1,210.0043,0.6017302766947797
3,12,GB time only,12,18,1,1,211.0044,0.6123820842324884
3,12,GB time only,12,18,1,1,212.0051,0.6123820842324884
3,12,GB time only,12,18,1,1,213.0056,0.6663213706502259
3,12,GB time only,12,18,1,1,214.004,0.6663213706502259
3,12,GB time only,12,18,1,1,215.0044,0.5901125816307898
3,12,GB time only,12,18,1,1,216.0038,0.6440734571845476
3,12,GB time only,12,18,1,1,217.0047,0.5898803628804254
3,12,GB time only,12,18,1,1,218.0059,0.6226281397398383
3,12,GB time only,12,18,1,1,219.0059,0.6581302023088944
3,12,GB time only,12,18,1,1,220.0052,0.6581302023088944
3,12,GB time only,12,18,1,1,221.0061,0.6161634343036957
3,12,GB time only,12,18,1,1,222.0059,0.6932264617915422
3,12,GB time only,12,18,1,1,223.0056,0.6275269195280829
3,12,GB time only,12,18,1,1,224.0057,0.6610600715002996
3,12,GB time only,12,18,1,1,225.0056,0.6610600715002996
3,12,GB time only,12,18,1,1,226.0055,0.6610600715002996
3,12,GB time only,12,18,1,1,227.0059,0.6488061409516317
3,12,GB time only,12,18,1,1,228.005,0.6430509203434801
3,12,GB time only,12,18,1,1,229.0065,0.6474122588628791
3,12,GB time only,12,18,1,1,230.0075,0.7085929709471821
3,12,GB time only,12,18,1,1,231.0063,0.7085929709471821
3,12,GB time only,12,18,1,1,232.0068,0.6157809038908573
3,12,GB time only,12,18,1,1,233.0066,0.6493661824046549
3,12,GB time only,12,18,1,1,234.0066,0.6599751014039116
3,12,GB time only,12,18,1,1,235.0065,0.6187596749333831
3,12,GB time only,12,18,1,1,236.0055,0.6693828248460532
3,12,GB time only,12,18,1,1,237.0056,0.6693828248460532
3,12,GB time only,12,18,1,1,238.0052,0.6169908245098644
3,12,GB time only,12,18,1,1,239.0056,0.6683863589378368
3,12,GB time only,12,18,1,1,240.0051,0.6637061727416308
3,12,GB time only,12,18,1,1,241.0055,0.6148246381771354
3,12,GB time only,12,18,1,1,242.0062,0.6782041933900923
3,12,GB time only,12,18,1,2,243.0076,0.6782041933900923
3,12,GB time only,12,18,1,2,244.0073,0.6818715682194126
3,12,GB time only,12,18,1,2,245.0063,0.6464232198752154
3,12,GB time only,12,18,1,2,246.0071,0.6399268352061854
3,12,GB time only,12,18,1,2,247.0066,0.6302480039934419
3,12,GB time only,12,18,1,2,248.0063,0.6302480039934419
3,12,GB time only,12,18,1,2,249.0063,0.6594222264039162
3,12,GB time only,12,18,1,2,250.0067,0.6523631382740407
3,12,GB time only,12,18,1,2,251.0069,0.6586064610138878
3,12,GB time only,12,18,1,2,252.0063,0.5598774185386977
3,12,GB time only,12,18,1,2,253.0062,0.5598774185386977
3,12,GB time only,12,18,1,2,254.007,0.7182322894236809
3,12,GB time only,12,18,1,3,255.0065,0.690528343682758
3,12,GB time only,12,18,1,3,256.0077,0.6139917307051209
3,12,GB time only,12,18,1,3,257.0081,0.7019320669108927
3,12,GB time only,12,18,1,3,258.0063,0.7019320669108927
3,12,GB time only,12,18,1,3,259.008,0.6987495405467982
3,12,GB time only,12,18,1,3,260.007,0.6653082128575598
3,12,GB time only,12,18,1,3,261.0075,0.64319038596067
3,12,GB time only,12,18,1,3,262.0077,0.6478499305821396
3,12,GB time only,12,18,1,3,263.0085,0.6478499305821396
3,12,GB time only,12,18,1,3,264.0075,0.7374545763068542
3,12,GB time only,12,18,1,3,265.0075,0.651625761545533
3,12,GB time only,12,18,1,3,266.0073,0.66140778158374
3,12,GB time only,12,18,1,3,267.0079,0.6419295099344051
3,12,GB time only,12,18,1,3,268.0078,0.6419295099344051
3,12,GB time only,12,18,1,3,269.0071,0.6986969357999204
3,12,GB time only,12,18,1,3,270.0084,0.7122736376873945
3,12,GB time only,12,18,1,3,271.0077,0.626660510523362
3,12,GB time only,12,18,1,3,272.0077,0.6647024697447367
3,12,GB time only,12,18,1,3,273.0062,0.6647024697447367
3,12,GB time only,12,18,1,3,274.0075,0.6966249624241729
3,12,GB time only,12,18,1,3,275.0082,0.6142019607801537
3,12,GB time only,12,18,1,3,276.0084,0.6902243070863718
3,12,GB time only,12,18,1,3,277.008,0.6902243070863718
3,12,GB time only,12,18,1,3,278.0078,0.7213911943459866
3,12,GB time only,12,18,1,3,279.0087,0.715763251360263
3,12,GB time only,12,18,1,3,279.9987,0.6756066765354529
3,12,GB time only,12,18,1,3,280.9984,0.6756066765354529
3,12,GB time only,12,18,1,3,282.0078,0.6674115547706351
3,12,GB time only,12,18,1,3,283.0088,0.7459788514911764
3,12,GB time only,12,18,1,3,284.0084,0.7415171369488052
3,12,GB time only,12,18,1,3,285.0089,0.6677740406303745
3,12,GB time only,12,18,1,3,286.0092,0.7208949076160416
3,12,GB time only,12,18,1,3,287.0081,0.7208949076160416
3,12,GB time only,12,18,1,3,288.0087,0.6937629593269607
3,12,GB time only,12,18,1,3,289.0087,0.6984148273614855
3,12,GB time only,12,18,1,3,290.0087,0.677129913961126
3,12,GB time only,12,18,1,3,290.9989,0.677129913961126
3,12,GB time only,12,18,1,3,291.9995,0.7644327667257552
3,12,GB time only,12,18,1,3,293.0102,0.7420786740865339
3,12,GB time only,12,18,1,3,293.9985,0.7420786740865339
3,12,GB time only,12,18,1,3,295.0103,0.7955937294057763
3,12,GB time only,12,18,1,3,296.0102,0.7955937294057763
3,12,GB time only,12,18,1,3,297.0093,0.7421747868801937
3,12,GB time only,12,18,1,3,297.9989,0.7421747868801937
3,12,GB time only,12,18,1,3,298.9991,0.727274644684352
3,12,GB time only,12,18,1,3,299.9987,0.7668387207778783
3,12,GB time only,12,18,1,3,300.9995,0.773080291747419
3,12,GB time only,12,18,1,3,302.0092,0.773080291747419
3,12,RF+GB,3,4,0,0,0.0,0.004839728316146757
3,12,RF+GB,3,4,0,0,1.008661,0.011118153257499708
3,12,RF+GB,3,4,0,0,2.002721,0.007796416490979426
3,12,RF+GB,3,4,0,0,3.008869,0.01418424305162913
3,12,RF+GB,3,4,0,0,4.00239,0.011816029520757823
3,12,RF+GB,3,4,0,0,5.007593,0.019237521637094333
3,12,RF+GB,3,4,0,0,6.002728,0.02701436411630044
3,12,RF+GB,3,4,0,0,7.007195,0.030668119486347865
3,12,RF+GB,3,4,0,0,8.00138,0.04103317957851568
3,12,RF+GB,3,4,0,0,9.006776,0.037591233577493464
3,12,RF+GB,3,4,0,0,10.00242,0.03419957506298066
3,12,RF+GB,3,4,0,0,11.00579,0.08028898197055144
3,12,RF+GB,3,4,0,0,12.00219,0.08261338779587972
3,12,RF+GB,3,4,0,0,13.00505,0.08467964070559707
3,12,RF+GB,3,4,0,0,14.01213,0.10297229946020031
3,12,RF+GB,3,4,0,0,15.00486,0.12281411122335321
3,12,RF+GB,3,4,0,0,16.00989,0.1421961714857442
3,12,RF+GB,3,4,0,0,17.0052,0.15812977398491085
3,12,RF+GB,3,4,0,0,18.01026,0.16861068761124542
3,12,RF+GB,3,4,0,0,19.00413,0.17693011891996385
3,12,RF+GB,3,4,0,0,20.01035,0.17629432852528065
3,12,RF+GB,3,4,0,0,21.00403,0.1780200892109385
3,12,RF+GB,3,4,0,0,22.0082,0.18143716594467524
3,12,RF+GB,3,4,0,0,23.00246,0.20051816132956307
3,12,RF+GB,3,4,0,0,24.00895,0.18974584658390647
3,12,RF+GB,3,4,0,0,25.00289,0.20445898539225904
3,12,RF+GB,3,4,0,0,26.00946,0.21534076165550758
3,12,RF+GB,3,4,0,0,27.00454,0.24358288851610949
3,12,RF+GB,3,4,0,0,28.00746,0.2752841308517419
3,12,RF+GB,3,4,0,0,29.00091,0.31499717242027103
3,12,RF+GB,3,4,0,0,30.00637,0.2900143777671472
3,12,RF+GB,3,4,0,0,31.00367,0.29724180674022405
3,12,RF+GB,3,4,0,0,32.00863,0.3014694895515819
3,12,RF+GB,3,4,0,0,33.0014,0.3465161372551233
3,12,RF+GB,3,4,0,0,34.00493,0.37256263612782275
3,12,RF+GB,3,4,0,0,35.01046,0.3062299638826178
3,12,RF+GB,3,4,0,0,36.00857,0.2273734161043081
3,12,RF+GB,3,4,0,0,37.01118,0.2701432463066526
3,12,RF+GB,3,4,0,0,38.00753,0.3921363231009275
3,12,RF+GB,3,4,0,0,39.01064,0.40155091111003993
3,12,RF+GB,3,4,0,0,40.00348,0.3385668131165549
3,12,RF+GB,3,4,0,0,41.01133,0.3141840249322722
3,12,RF+GB,3,4,0,0,42.00616,0.32221885271469586
3,12,RF+GB,3,4,0,0,43.01037,0.0751129121461866
3,12,RF+GB,3,4,0,0,44.00665,0.06826153560342785
3,12,RF+GB,3,4,0,0,45.0107,0.060864849012032374
3,12,RF+GB,3,4,0,0,46.00231,0.07344870917631004
3,12,RF+GB,3,4,0,0,47.01059,0.07037234218873997
3,12,RF+GB,3,4,0,0,48.00177,0.06754541996080483
3,12,RF+GB,3,4,0,0,48.99564,0.06157310942457921
3,12,RF+GB,3,4,0,0,50.01097,0.061074465876572614
3,12,RF+GB,3,4,0,0,51.01345,0.06191613435780373
3,12,RF+GB,3,4,0,0,52.01149,0.06279548875811385
3,12,RF+GB,12,18,0,0,0.0,0.0009711856403461803
3,12,RF+GB,12,18,0,0,1.008357,3.1712380244482586e-05
3,12,RF+GB,12,18,0,0,2.00824,0.00336930012793794
3,12,RF+GB,12,18,0,0,3.008948,0.01137087075794056
3,12,RF+GB,12,18,0,0,3.999748,0.004304027449734444
3,12,RF+GB,12,18,0,0,4.999649,0.003367011731337278
3,12,RF+GB,12,18,0,0,6.000401,0.011437856561207022
3,12,RF+GB,12,18,0,0,6.999671,0.014139271028557698
3,12,RF+GB,12,18,0,0,8.000978,0.023108026243019567
3,12,RF+GB,12,18,0,0,9.002599,0.022866575389471518
3,12,RF+GB,12,18,0,0,10.0028,0.029032392480448498
3,12,RF+GB,12,18,0,0,11.00139,0.01779631662953592
3,12,RF+GB,12,18,0,0,12.00211,0.024949043350644882
3,12,RF+GB,12,18,0,0,13.00259,0.030758614364842965
3,12,RF+GB,12,18,0,0,14.00278,0.029694012803994058
3,12,RF+GB,12,18,0,0,15.00179,0.02302643044649829
3,12,RF+GB,12,18,0,0,16.00156,0.02316978167912457
3,12,RF+GB,12,18,0,0,17.0027,0.03493635428256566
3,12,RF+GB,12,18,0,0,18.00079,0.025858964641049826
3,12,RF+GB,12,18,0,0,19.00123,0.055572196350291085
3,12,RF+GB,12,18,0,0,20.00084,0.05621668947268061
3,12,RF+GB,12,18,0,0,21.00071,0.053663775276547095
3,12,RF+GB,12,18,0,0,22.00156,0.05977826478706909
3,12,RF+GB,12,18,0,0,23.00053,0.05560616263181378
3,12,RF+GB,12,18,0,0,24.00102,0.052494755849964665
3,12,RF+GB,12,18,0,0,25.00209,0.04388994082666146
3,12,RF+GB,12,18,0,0,26.0016,0.04182320939514023
3,12,RF+GB,12,18,0,0,27.00249,0.04594432601505057
3,12,RF+GB,12,18,0,0,28.0012,0.04672818758136974
3,12,RF+GB,12,18,0,0,29.00121,0.03746850653069927
3,12,RF+GB,12,18,0,0,30.00123,0.038671246490369716
3,12,RF+GB,12,18,0,0,31.00164,0.043763451246529896
3,12,RF+GB,12,18,0,0,32.00216,0.05300079159279239
3,12,RF+GB,12,18,0,0,33.00088,0.05976014418996483
3,12,RF+GB,12,18,0,0,34.00269,0.05012181198568432
3,12,RF+GB,12,18,0,0,35.00294,0.044000661427255054
3,12,RF+GB,12,18,0,0,36.00311,0.05088694301614994
3,12,RF+GB,12,18,0,0,37.00309,0.05541761399442255
3,12,RF+GB,12,18,0,0,38.00405,0.06021179010639228
3,12,RF+GB,12,18,0,0,39.00333,0.05841422926811088
3,12,RF+GB,12,18,0,0,40.00485,0.06077523842107398
3,12,RF+GB,12,18,0,0,41.00397,0.06109199459262037
3,12,RF+GB,12,18,0,0,42.00266,0.05952867608974175
3,12,RF+GB,12,18,0,0,43.00225,0.08366209444191322
3,12,RF+GB,12,18,0,0,44.00298,0.07686584065339998
3,12,RF+GB,12,18,0,0,45.00437,0.055423876106638764
3,12,RF+GB,12,18,0,0,46.00364,0.05329355835018069
3,12,RF+GB,12,18,0,0,47.00359,0.05487414810674799
3,12,RF+GB,12,18,0,0,48.0054,0.055375359849227125
3,12,RF+GB,12,18,0,0,49.00593,0.06726359202883268
3,12,RF+GB,12,18,0,0,50.00617,0.07478333108901843
3,12,RF+GB,12,18,0,0,51.00528,0.06313216729122972
3,12,RF+GB,12,18,0,0,52.00639,0.0648890793163367
3,12,RF+GB,12,18,1,1,53.00624,0.06309660222574719
3,12,RF+GB,12,18,1,1,54.00494,0.05862422170917758
3,12,RF+GB,12,18,1,1,55.00533,0.07215275179519134
3,12,RF+GB,12,18,1,1,56.00521,0.06831310195637467
3,12,RF+GB,12,18,1,1,57.00574,0.0666608760684144
3,12,RF+GB,12,18,1,1,58.0062,0.0633554394865534
3,12,RF+GB,12,18,1,1,59.00651,0.05803954939049771
3,12,RF+GB,12,18,1,1,60.0065,0.045810424059888194
3,12,RF+GB,12,18,1,1,61.00676,0.041324639716821605
3,12,RF+GB,12,18,1,1,62.00747,0.043881602641872235
3,12,RF+GB,12,18,1,1,63.00783,0.041294842521373054
3,12,RF+GB,12,18,1,1,64.00652,0.05596619706555183
3,12,RF+GB,12,18,1,1,65.00637,0.05765475469881465
3,12,RF+GB,12,18,1,1,66.00661,0.06056142444264596
3,12,RF+GB,12,18,1,1,67.00733,0.060192683197599614
3,12,RF+GB,12,18,1,1,68.0062,0.06959583802264216
3,12,RF+GB,12,18,1,1,69.00656,0.07457632702179347
3,12,RF+GB,12,18,1,1,70.00576,0.08261466552344274
3,12,RF+GB,12,18,1,1,71.007,0.082164571384087
3,12,RF+GB,12,18,1,1,72.00552,0.07926150437325213
3,12,RF+GB,12,18,1,1,73.00641,0.07771472887238615
3,12,RF+GB,12,18,1,1,74.00616,0.07563075694321654
3,12,RF+GB,12,18,1,1,75.00674,0.07179115036576816
3,12,RF+GB,12,18,1,1,76.00529,0.07102487300835371
3,12,RF+GB,12,18,1,1,77.00492,0.06101951787008518
3,12,RF+GB,12,18,1,1,78.00499,0.049008090256741466
3,12,RF+GB,12,18,1,1,79.00438,0.06515538681129432
3,12,RF+GB,12,18,1,1,80.00517,0.05701091979942929
3,12,RF+GB,12,18,1,1,81.00525,0.0494191545895146
3,12,RF+GB,12,18,1,1,82.00571,0.04940371041391207
3,12,RF+GB,12,18,1,1,83.0059,0.04764465459979494
3,12,RF+GB,12,18,1,1,84.00636,0.050290862514115346
3,12,RF+GB,12,18,1,1,85.00627,0.054459404521810986
3,12,RF+GB,12,18,1,1,86.00544,0.05053194527964317
3,12,RF+GB,12,18,1,1,87.00535,0.050311804199734494
3,12,RF+GB,12,18,1,1,88.00661,0.05929799172122555
3,12,RF+GB,12,18,1,1,89.00671,0.06183328907345692
3,12,RF+GB,12,18,1,1,90.0069,0.07167576736510102
3,12,RF+GB,12,18,1,1,91.00655,0.07006283575229348
3,12,RF+GB,12,18,1,1,92.00586,0.06699387427506229
3,12,RF+GB,12,18,1,1,93.00626,0.06748592702307687
3,12,RF+GB,12,18,1,1,94.00586,0.07208350591943485
3,12,RF+GB,12,18,1,1,95.00709,0.07677310874613345
3,12,RF+GB,12,18,1,1,96.00739,0.09262118321481219
3,12,RF+GB,12,18,1,1,97.00674,0.10216785529414966
3,12,RF+GB,12,18,1,1,98.00808,0.11927057682213371
3,12,RF+GB,12,18,1,1,99.00751,0.13708410293196238
3,12,RF+GB,12,18,1,1,100.0077,0.19544710933291493
3,12,RF+GB,12,18,1,1,101.0096,0.2429976867077464
3,12,RF+GB,12,18,1,1,102.0074,0.18951360720599542
3,12,RF+GB,12,18,1,1,103.0078,0.146888865859733
3,12,RF+GB,12,18,1,1,104.0074,0.13146951303826615
3,12,RF+GB,12,18,1,1,105.0075,0.10801653400629577
3,12,RF+GB,12,18,1,1,106.0091,0.15352043302328303
3,12,RF+GB,12,18,1,1,107.0098,0.24777116325541299
3,12,RF+GB,12,18,1,2,108.0099,0.3105698208612919
3,12,RF+GB,12,18,1,2,109.0091,0.2998717384398082
3,12,RF+GB,12,18,1,2,110.0078,0.3319167418974904
3,12,RF+GB,12,18,1,2,111.0087,0.4356926833301832
3,12,RF+GB,12,18,1,2,112.0099,0.3684341151494493
3,12,RF+GB,12,18,1,2,113.0093,0.23011293853793358
3,12,RF+GB,12,18,1,2,114.009,0.18196138303107579
3,12,RF+GB,12,18,1,2,115.0081,0.18757767081016172
3,12,RF+GB,12,18,1,2,116.0078,0.24686146372634893
3,12,RF+GB,12,18,1,2,117.0074,0.2238408759153608
3,12,RF+GB,12,18,1,2,118.0071,0.20760944042271426
3,12,RF+GB,12,18,1,2,119.0083,0.18566774047893045
3,12,RF+GB,12,18,1,2,120.009,0.22669413547026296
3,12,RF+GB,12,18,1,2,120.9984,0.31300356022596987
3,12,RF+GB,12,18,1,2,122.0074,0.33631387850787176
3,12,RF+GB,12,18,1,2,123.0077,0.5941066882356194
3,12,RF+GB,12,18,1,2,123.9986,0.6034105974908739
3,12,RF+GB,12,18,1,2,125.0092,0.5447562979004078
3,12,RF+GB,12,18,1,2,125.9986,0.4960745367656181
3,12,RF+GB,12,18,1,2,126.9988,0.4986783565616222
3,12,RF+GB,12,18,1,2,127.9989,0.47623709784405716
3,12,RF+GB,12,18,1,2,128.9988,0.5748260099691223
3,12,RF+GB,12,18,1,2,129.9991,0.5049429264364471
3,12,RF+GB,12,18,1,2,130.9994,0.6237421911364107
3,12,RF+GB,12,18,1,2,131.999,0.6150304173457974
3,12,RF+GB,12,18,1,2,132.9998,0.6823183161291514
3,12,RF+GB,12,18,1,2,133.9993,0.7126405436795209
3,12,RF+GB,12,18,1,2,134.9985,0.6146490250227026
3,12,RF+GB,12,18,1,2,135.9998,0.3981596546805318
3,12,RF+GB,12,18,1,2,136.9992,0.3058990581816072
3,12,RF+GB,12,18,1,2,137.9989,0.3281745973601287
3,12,RF+GB,12,18,1,2,138.9988,0.30395941301921425
3,12,RF+GB,12,18,1,2,139.9986,0.28568337521206794
3,12,RF+GB,12,18,1,2,140.9988,0.2705335743945711
3,12,RF+GB,12,18,1,2,141.9991,0.24457860650077923
3,12,RF+GB,12,18,1,2,142.9998,0.1967238372089498
3,12,RF+GB,12,18,1,2,143.9999,0.18806196042442075
3,12,RF+GB,12,18,1,2,145.0001,0.1768942363508836
3,12,RF+GB,12,18,1,2,146.001,0.16588035370868898
3,12,RF+GB,12,18,1,2,147.0007,0.17591361387727675
3,12,RF+GB,12,18,1,2,148.0004,0.191290589282629
3,12,RF+GB,12,18,1,2,149.001,0.30926669851906863
3,12,RF+GB,12,18,1,2,150.0006,0.4829288828458387
3,12,RF+GB,12,18,1,2,151.0011,0.4911254337133067
3,12,RF+GB,12,18,1,2,152.0004,0.5313278847423146
3,12,RF+GB,12,18,1,2,153.001,0.599111691057516
3,12,RF+GB,12,18,1,2,154.0011,0.5391449933522435
3,12,RF+GB,12,18,1,2,155.0003,0.4799402624902629
3,12,RF+GB,12,18,1,2,156.001,0.22257781632619533
3,12,RF+GB,12,18,1,2,156.9993,0.2716302500271918
3,12,RF+GB,12,18,1,2,157.9988,0.32394019265221763
3,12,RF+GB,12,18,1,2,159.0003,0.32469566062980426
3,12,RF+GB,12,18,1,2,160.0008,0.2964652511208465
3,12,RF+GB,12,18,1,2,160.9996,0.44419607324461313
3,12,RF+GB,12,18,1,2,162.0001,0.513608319456664
3,12,RF+GB,12,18,1,2,163.0001,0.45503203760400707
3,12,RF+GB,12,18,1,2,164.0005,0.49694298092684797
3,12,RF+GB,12,18,1,2,165.0004,0.5074022946758245
3,12,RF+GB,12,18,1,2,166.0017,0.5297259774653811
3,12,RF+GB,12,18,1,2,167.0011,0.6357454817300643
3,12,RF+GB,12,18,1,2,168.0008,0.6114355685098048
3,12,RF+GB,12,18,1,2,168.9998,0.6206288026955135
3,12,RF+GB,12,18,1,2,170.0002,0.6437478448374688
3,12,RF+GB,12,18,1,2,170.9997,0.5906836509413316
3,12,RF+GB,12,18,1,2,172.0014,0.43580574794403015
3,12,RF+GB,12,18,1,2,173.0018,0.3571221034574318
3,12,RF+GB,12,18,1,2,174.0013,0.3186526648798818
3,12,RF+GB,12,18,1,2,175.0014,0.34851458463986296
3,12,RF+GB,12,18,1,2,176.0028,0.3025575129327554
3,12,RF+GB,12,18,1,2,177.0029,0.2922620082403326
3,12,RF+GB,12,18,1,2,178.0038,0.2958572263644617
3,12,RF+GB,12,18,1,2,179.0038,0.2964261400389589
3,12,RF+GB,12,18,1,2,180.0031,0.3808244696080896
3,12,RF+GB,12,18,1,2,181.0029,0.39461197225712596
3,12,RF+GB,12,18,1,2,182.0026,0.393090432584671
3,12,RF+GB,12,18,1,2,183.0027,0.619409555424808
3,12,RF+GB,12,18,1,2,184.0022,0.4937442724883807
3,12,RF+GB,12,18,1,2,185.0028,0.46585562420853033
3,12,RF+GB,12,18,1,2,186.0024,0.6160809248537247
3,12,RF+GB,12,18,1,2,187.0021,0.5854514316643875
3,12,RF+GB,12,18,1,2,188.0025,0.5747457924221422
3,12,RF+GB,12,18,1,3,189.0021,0.5666764185600826
3,12,RF+GB,12,18,1,3,190.0029,0.5804553832834496
3,12,RF+GB,12,18,1,3,191.0034,0.6074864297819437
3,12,RF+GB,12,18,1,3,192.002,0.6900751897928468
3,12,RF+GB,12,18,1,3,193.0013,0.7085175095788381
3,12,RF+GB,12,18,1,3,194.0016,0.7394892611174144
3,12,RF+GB,12,18,1,3,195.0015,0.7938076026465576
3,12,RF+GB,12,18,1,3,196.0016,0.7963562541063943
3,12,RF+GB,12,18,1,3,197.0011,0.8064898357684145
3,12,RF+GB,12,18,1,3,198.0019,0.8188966741256347
3,12,RF+GB,12,18,1,3,199.0027,0.8414202157607429
3,12,RF+GB,12,18,1,3,200.0016,0.8400767019158321
3,12,RF+GB,12,18,1,3,201.0032,0.8368707441632621
3,12,RF+GB,12,18,1,1,202.0032,0.841568353708039
3,12,RF+GB,12,18,1,1,203.0031,0.8350357155431417
3,12,RF+GB,12,18,1,1,204.0051,0.8303385468518223
3,12,RF+GB,12,18,1,1,205.0046,0.8249432079147839
3,12,RF+GB,12,18,1,1,206.0048,0.8122080518939611
3,12,RF+GB,12,18,1,1,207.0044,0.8063444005636935
3,12,RF+GB,12,18,1,1,208.0034,0.8190414721079193
3,12,RF+GB,12,18,1,1,209.0041,0.8225790734461078
3,12,RF+GB,12,18,1,1,210.0043,0.8140547697283353
3,12,RF+GB,12,18,1,1,211.0044,0.8075426720268413
3,12,RF+GB,12,18,1,1,212.0051,0.7969620240256953
3,12,RF+GB,12,18,1,1,213.0056,0.7851443700595722
3,12,RF+GB,12,18,1,1,214.004,0.775954419916137
3,12,RF+GB,12,18,1,1,215.0044,0.7786590256249097
3,12,RF+GB,12,18,1,1,216.0038,0.7632947232118032
3,12,RF+GB,12,18,1,1,217.0047,0.7539868065966645
3,12,RF+GB,12,18,1,1,218.0059,0.7184898529709343
3,12,RF+GB,12,18,1,1,219.0059,0.7082162259161807
3,12,RF+GB,12,18,1,1,220.0052,0.7047304417192471
3,12,RF+GB,12,18,1,1,221.0061,0.7124483282929007
3,12,RF+GB,12,18,1,1,222.0059,0.720915913692539
3,12,RF+GB,12,18,1,1,223.0056,0.7222570921516402
3,12,RF+GB,12,18,1,1,224.0057,0.7180670390516886
3,12,RF+GB,12,18,1,1,225.0056,0.7279149901614899
3,12,RF+GB,12,18,1,1,226.0055,0.6569589837959661
3,12,RF+GB,12,18,1,1,227.0059,0.6677706183569598
3,12,RF+GB,12,18,1,1,228.005,0.6681841915290653
3,12,RF+GB,12,18,1,1,229.0065,0.651933789015531
3,12,RF+GB,12,18,1,1,230.0075,0.6527006241622525
3,12,RF+GB,12,18,1,1,231.0063,0.671254655146134
3,12,RF+GB,12,18,1,1,232.0068,0.6773185950803106
3,12,RF+GB,12,18,1,1,233.0066,0.6729538527208039
3,12,RF+GB,12,18,1,1,234.0066,0.66310686023301
3,12,RF+GB,12,18,1,1,235.0065,0.6276368252312241
3,12,RF+GB,12,18,1,1,236.0055,0.6326967357599947
3,12,RF+GB,12,18,1,1,237.0056,0.6427271157434751
3,12,RF+GB,12,18,1,1,238.0052,0.638737820806855
3,12,RF+GB,12,18,1,1,239.0056,0.6284021032908087
3,12,RF+GB,12,18,1,1,240.0051,0.6206971703948599
3,12,RF+GB,12,18,1,1,241.0055,0.5913566641823145
3,12,RF+GB,12,18,1,1,242.0062,0.5921372726504596
3,12,RF+GB,12,18,1,2,243.0076,0.5865242445823333
3,12,RF+GB,12,18,1,2,244.0073,0.5983061139541872
3,12,RF+GB,12,18,1,2,245.0063,0.6099884610428901
3,12,RF+GB,12,18,1,2,246.0071,0.5507206447111004
3,12,RF+GB,12,18,1,2,247.0066,0.6042853422041571
3,12,RF+GB,12,18,1,2,248.0063,0.6304829817175582
3,12,RF+GB,12,18,1,2,249.0063,0.6160974446867624
3,12,RF+GB,12,18,1,2,250.0067,0.5469940129625044
3,12,RF+GB,12,18,1,2,251.0069,0.5280556055358868
3,12,RF+GB,12,18,1,2,252.0063,0.5436882491831112
3,12,RF+GB,12,18,1,2,253.0062,0.5844934954777297
3,12,RF+GB,12,18,1,2,254.007,0.5762623059162836
3,12,RF+GB,12,18,1,3,255.0065,0.5620291063210268
3,12,RF+GB,12,18,1,3,256.0077,0.5677648209692863
3,12,RF+GB,12,18,1,3,257.0081,0.666358308552895
3,12,RF+GB,12,18,1,3,258.0063,0.6498442485515696
3,12,RF+GB,12,18,1,3,259.008,0.6686833664973666
3,12,RF+GB,12,18,1,3,260.007,0.7062463781723219
3,12,RF+GB,12,18,1,3,261.0075,0.7668084340033838
3,12,RF+GB,12,18,1,3,262.0077,0.7645229167472447
3,12,RF+GB,12,18,1,3,263.0085,0.7664425920641209
3,12,RF+GB,12,18,1,3,264.0075,0.7607387502661089
3,12,RF+GB,12,18,1,3,265.0075,0.7530876208841815
3,12,RF+GB,12,18,1,3,266.0073,0.7490038403450403
3,12,RF+GB,12,18,1,3,267.0079,0.744856325481841
3,12,RF+GB,12,18,1,3,268.0078,0.7606646754528167
3,12,RF+GB,12,18,1,3,269.0071,0.7693033393767579
3,12,RF+GB,12,18,1,3,270.0084,0.7809897516656934
3,12,RF+GB,12,18,1,3,271.0077,0.7796859072036468
3,12,RF+GB,12,18,1,3,272.0077,0.776076751601593
3,12,RF+GB,12,18,1,3,273.0062,0.7827201516154858
3,12,RF+GB,12,18,1,3,274.0075,0.7810201976572653
3,12,RF+GB,12,18,1,3,275.0082,0.7863859623057896
3,12,RF+GB,12,18,1,3,276.0084,0.788551837772312
3,12,RF+GB,12,18,1,3,277.008,0.7863352466870613
3,12,RF+GB,12,18,1,3,278.0078,0.7828523217313121
3,12,RF+GB,12,18,1,3,279.0087,0.7793651606919958
3,12,RF+GB,12,18,1,3,279.9987,0.7752435058458214
3,12,RF+GB,12,18,1,3,280.9984,0.7759517115362591
3,12,RF+GB,12,18,1,3,282.0078,0.7727972576985824
3,12,RF+GB,12,18,1,3,283.0088,0.7739843761354835
3,12,RF+GB,12,18,1,3,284.0084,0.7799362344539669
3,12,RF+GB,12,18,1,3,285.0089,0.7877020089699118
3,12,RF+GB,12,18,1,3,286.0092,0.7996006606383033
3,12,RF+GB,12,18,1,3,287.0081,0.7867321154855
3,12,RF+GB,12,18,1,3,288.0087,0.7896630378802637
3,12,RF+GB,12,18,1,3,289.0087,0.7844067443373959
3,12,RF+GB,12,18,1,3,290.0087,0.7792287138448099
3,12,RF+GB,12,18,1,3,290.9989,0.7758499584542995
3,12,RF+GB,12,18,1,3,291.9995,0.7796422489231235
3,12,RF+GB,12,18,1,3,293.0102,0.7882934966681746
3,12,RF+GB,12,18,1,3,293.9985,0.7899294716694303
3,12,RF+GB,12,18,1,3,295.0103,0.785676167907594
3,12,RF+GB,12,18,1,3,296.0102,0.7750490320373805
3,12,RF+GB,12,18,1,3,297.0093,0.7708173842239363
3,12,RF+GB,12,18,1,3,297.9989,0.7799154286182581
3,12,RF+GB,12,18,1,3,298.9991,0.7819247138818326
3,12,RF+GB,12,18,1,3,299.9987,0.7859117490305224
3,12,RF+GB,12,18,1,3,300.9995,0.7811795338575902
3,12,RF+GB,12,18,1,3,302.0092,0.7020659533260092
