config,model,fold,participant,session,y,sev,t,proba
merged_clock,Clock,0,0,0,0,0,0.0111798,0.20375287018680083
merged_clock,Clock,0,0,0,0,0,1.010126,0.20524357968262558
merged_clock,Clock,0,0,0,0,0,2.019704,0.2067583589820357
merged_clock,Clock,0,0,0,0,0,3.013207,0.20825707265796495
merged_clock,Clock,0,0,0,0,0,4.016532,0.20977871291001696
merged_clock,Clock,0,0,0,0,0,5.012938,0.21129792651418702
merged_clock,Clock,0,0,0,0,0,6.017008,0.212836956922587
merged_clock,Clock,0,0,0,0,0,7.011541,0.21436941634827705
merged_clock,Clock,0,0,0,0,0,8.017159,0.21592709908714897
merged_clock,Clock,0,0,0,0,0,9.019536,0.21748790569172693
merged_clock,Clock,0,0,0,0,0,10.01561,0.21904695169183444
merged_clock,Clock,0,0,0,0,0,11.01028,0.22061180858479978
merged_clock,Clock,0,0,0,0,0,12.01572,0.2222017396189859
merged_clock,Clock,0,0,0,0,0,13.0092,0.22378077947739553
merged_clock,Clock,0,0,0,0,0,14.01592,0.2253889926483857
merged_clock,Clock,0,0,0,0,0,15.01963,0.2270005401579632
merged_clock,Clock,0,0,0,0,0,16.01334,0.22860403076291982
merged_clock,Clock,0,0,0,0,0,17.01898,0.2302348700491688
merged_clock,Clock,0,0,0,0,0,18.01367,0.2318559563785569
merged_clock,Clock,0,0,0,0,0,19.01829,0.23350129687627322
merged_clock,Clock,0,0,0,0,0,20.01369,0.23513953044786184
merged_clock,Clock,0,0,0,0,0,21.01929,0.23680261446523015
merged_clock,Clock,0,0,0,0,0,22.01316,0.2384542529350671
merged_clock,Clock,0,0,0,0,0,23.0185,0.24013298330589328
merged_clock,Clock,0,0,0,0,0,24.0117,0.24179936498162233
merged_clock,Clock,0,0,0,0,0,25.0179,0.2434955721655895
merged_clock,Clock,0,0,0,0,0,26.01113,0.24517780775512865
merged_clock,Clock,0,0,0,0,0,27.01783,0.246890849647513
merged_clock,Clock,0,0,0,0,0,28.01027,0.24858748112841858
merged_clock,Clock,0,0,0,0,0,29.01607,0.2503148961349217
merged_clock,Clock,0,0,0,0,0,30.01095,0.2520314051331721
merged_clock,Clock,0,0,0,0,0,31.01513,0.2537718529341599
merged_clock,Clock,0,0,0,0,0,32.00915,0.2555024906966793
merged_clock,Clock,0,0,0,0,0,33.01395,0.2572597508463003
merged_clock,Clock,0,0,0,0,0,34.00961,0.25900880012958494
merged_clock,Clock,0,0,0,0,0,35.01472,0.2607822815991461
merged_clock,Clock,0,0,0,0,0,36.01988,0.26256368484220044
merged_clock,Clock,0,0,0,0,0,37.01426,0.2643336811534351
merged_clock,Clock,0,0,0,0,0,38.00901,0.2661119665258751
merged_clock,Clock,0,0,0,0,0,39.01337,0.26791514727177074
merged_clock,Clock,0,0,0,0,0,40.01944,0.26972914373129236
merged_clock,Clock,0,0,0,0,0,41.01356,0.2715291873717495
merged_clock,Clock,0,0,0,0,0,42.01715,0.27335399873893107
merged_clock,Clock,0,0,0,0,0,43.01268,0.275171693237781
merged_clock,Clock,0,0,0,0,0,44.01804,0.27701492724040017
merged_clock,Clock,0,0,0,0,0,45.01237,0.27884541408859875
merged_clock,Clock,0,0,0,0,0,46.01754,0.2807033731258485
merged_clock,Clock,0,0,0,0,0,47.01046,0.28254608309562085
merged_clock,Clock,0,0,0,0,0,48.01698,0.2844214961756724
merged_clock,Clock,0,0,0,0,0,49.01945,0.28629680350706566
merged_clock,Clock,0,0,0,0,0,50.01559,0.28816758031609746
merged_clock,Clock,0,0,0,0,0,51.01905,0.29005944159566716
merged_clock,Clock,0,0,0,0,0,52.01301,0.2919406101280028
merged_clock,Clock,0,0,0,0,0,53.0184,0.2938506906686042
merged_clock,Clock,0,0,0,0,0,54.01217,0.29574584722467967
merged_clock,Clock,0,0,0,0,0,55.00942,0.29765474615946214
merged_clock,Clock,0,0,0,0,0,56.01333,0.29958354530178266
merged_clock,Clock,0,0,0,0,0,57.01999,0.3015247909463292
merged_clock,Clock,0,0,0,0,0,58.01328,0.30344724044187527
merged_clock,Clock,0,0,0,0,0,59.01987,0.30540247203667026
merged_clock,Clock,0,0,0,0,0,60.01365,0.30733971968151014
merged_clock,Clock,0,0,0,0,0,61.01932,0.3093070931110046
merged_clock,Clock,0,0,0,0,0,62.01309,0.31125798741139965
merged_clock,Clock,0,0,0,0,0,63.01809,0.3132377752290468
merged_clock,Clock,0,0,0,0,0,64.00931,0.31519710200365997
merged_clock,Clock,0,0,0,0,0,65.01701,0.31719577957490036
merged_clock,Clock,0,0,0,0,0,66.01165,0.3191751712391222
merged_clock,Clock,0,0,0,0,0,67.01765,0.3211838248367632
merged_clock,Clock,0,0,0,0,0,68.01124,0.32317422681964564
merged_clock,Clock,0,0,0,0,0,69.01305,0.3251875949702553
merged_clock,Clock,0,0,0,0,0,70.0105,0.3271986451060195
merged_clock,Clock,0,0,0,0,0,71.01341,0.3292271306734573
merged_clock,Clock,0,0,0,0,0,72.01969,0.33126883737554763
merged_clock,Clock,0,0,0,0,0,73.0144,0.3332933218822175
merged_clock,Clock,0,0,0,0,0,74.01958,0.3353453920362793
merged_clock,Clock,0,0,0,0,0,75.01276,0.33737909154413087
merged_clock,Clock,0,0,0,0,0,76.02036,0.33944850004590815
merged_clock,Clock,0,0,0,0,0,77.01231,0.3414917484114683
merged_clock,Clock,0,0,0,0,0,78.00951,0.3435517740505571
merged_clock,Clock,0,0,0,0,0,79.01456,0.3456339920613828
merged_clock,Clock,0,0,0,0,0,80.01995,0.34772285955522075
merged_clock,Clock,0,0,0,0,0,81.01332,0.3497925161311486
merged_clock,Clock,0,0,0,0,0,82.01888,0.35189335192334337
merged_clock,Clock,0,0,0,0,0,83.01295,0.3539758170152019
merged_clock,Clock,0,0,0,0,0,84.01851,0.35608801788751704
merged_clock,Clock,0,0,0,0,0,85.01241,0.35818124972232757
merged_clock,Clock,0,0,0,0,0,86.01805,0.36030471038530154
merged_clock,Clock,0,0,0,0,0,87.01207,0.36240902128664293
merged_clock,Clock,0,0,0,0,0,88.01719,0.36454220759886086
merged_clock,Clock,0,0,0,0,0,89.01131,0.3666572930793752
merged_clock,Clock,0,0,0,0,0,90.01675,0.3688017054052737
merged_clock,Clock,0,0,0,0,0,91.01058,0.3709264745823969
merged_clock,Clock,0,0,0,0,0,92.0161,0.3730813109892708
merged_clock,Clock,0,0,0,0,0,93.00995,0.37521611220995443
merged_clock,Clock,0,0,0,0,0,94.01543,0.37738083687697405
merged_clock,Clock,0,0,0,0,0,95.00948,0.379525791559229
merged_clock,Clock,0,0,0,0,0,96.01478,0.38169979350617816
merged_clock,Clock,0,0,0,0,0,97.00899,0.38385449304429065
merged_clock,Clock,0,0,0,0,0,98.01366,0.3860365034695929
merged_clock,Clock,0,0,0,0,0,99.01953,0.3882257284812461
merged_clock,Clock,0,0,0,0,0,100.0095,0.390384746351596
merged_clock,Clock,0,0,0,0,0,101.0193,0.39259145768621057
merged_clock,Clock,0,0,0,0,0,102.0138,0.39476902057138186
merged_clock,Clock,0,0,0,0,0,103.0192,0.3969747091145935
merged_clock,Clock,0,0,11,0,0,0.0,0.20373623245031028
merged_clock,Clock,0,0,11,0,0,1.005654,0.2052368881803602
merged_clock,Clock,0,0,11,0,0,1.999173,0.2067274718408809
merged_clock,Clock,0,0,11,0,0,3.002083,0.2082402478657206
merged_clock,Clock,0,0,11,0,0,3.999141,0.2097522683996184
merged_clock,Clock,0,0,11,0,0,5.003696,0.21128379827464944
merged_clock,Clock,0,0,11,0,0,5.998943,0.2128091949555918
merged_clock,Clock,0,0,11,0,0,7.003345,0.2143567547334412
merged_clock,Clock,0,0,11,0,0,7.997371,0.21589636851097405
merged_clock,Clock,0,0,11,0,0,9.002963,0.21746203374087403
merged_clock,Clock,0,0,11,0,0,10.00653,0.21903270360975616
merged_clock,Clock,0,0,11,0,0,11.00301,0.2206003423119368
merged_clock,Clock,0,0,11,0,0,12.00731,0.2221884060526869
merged_clock,Clock,0,0,11,0,0,13.0013,0.22376819137000703
merged_clock,Clock,0,0,11,0,0,14.00772,0.22537586077445584
merged_clock,Clock,0,0,11,0,0,15.00131,0.22697105283214547
merged_clock,Clock,0,0,11,0,0,16.00742,0.22859445378637286
merged_clock,Clock,0,0,11,0,0,17.00138,0.23020625972334888
merged_clock,Clock,0,0,11,0,0,18.00624,0.23184381935166828
merged_clock,Clock,0,0,11,0,0,19.00101,0.23347292980502551
merged_clock,Clock,0,0,11,0,0,20.00458,0.2351244988429228
merged_clock,Clock,0,0,11,0,0,20.9966,0.2367649970545917
merged_clock,Clock,0,0,11,0,0,22.00436,0.23843959336094678
merged_clock,Clock,0,0,11,0,0,22.99845,0.24009942454878463
merged_clock,Clock,0,0,11,0,0,24.00414,0.2417866531696483
merged_clock,Clock,0,0,11,0,0,24.9982,0.24346228379399484
merged_clock,Clock,0,0,11,0,0,26.00216,0.2451625797310953
merged_clock,Clock,0,0,11,0,0,26.99732,0.24685586933008025
merged_clock,Clock,0,0,11,0,0,28.00365,0.24857614062354844
merged_clock,Clock,0,0,11,0,0,28.99718,0.25028238250710727
merged_clock,Clock,0,0,11,0,0,30.00214,0.2520161706001436
merged_clock,Clock,0,0,11,0,0,31.00707,0.25375785429726105
merged_clock,Clock,0,0,11,0,0,32.00147,0.25548908491231725
merged_clock,Clock,0,0,11,0,0,33.00709,0.25724772892951375
merged_clock,Clock,0,0,11,0,0,34.00131,0.258994186424084
merged_clock,Clock,0,0,11,0,0,35.00621,0.26076723204037006
merged_clock,Clock,0,0,11,0,0,36.00093,0.2625300323466793
merged_clock,Clock,0,0,11,0,0,37.0058,0.2643185883875847
merged_clock,Clock,0,0,11,0,0,38.0003,0.2660963647560471
merged_clock,Clock,0,0,11,0,0,39.00474,0.26789962250190813
merged_clock,Clock,0,0,11,0,0,39.99923,0.2696926274019824
merged_clock,Clock,0,0,11,0,0,41.0045,0.2715127487310782
merged_clock,Clock,0,0,11,0,0,41.99963,0.27332207521664553
merged_clock,Clock,0,0,11,0,0,43.00303,0.2751540355986207
merged_clock,Clock,0,0,11,0,0,43.99861,0.27697923524909834
merged_clock,Clock,0,0,11,0,0,45.00308,0.27882827282506595
merged_clock,Clock,0,0,11,0,0,45.99863,0.2806683512090169
merged_clock,Clock,0,0,11,0,0,47.00303,0.2825322650164631
merged_clock,Clock,0,0,11,0,0,48.00734,0.2844034992416502
merged_clock,Clock,0,0,11,0,0,49.00196,0.28626402112942056
merged_clock,Clock,0,0,11,0,0,49.99659,0.2881318279121525
merged_clock,Clock,0,0,11,0,0,51.00197,0.29002717444216386
merged_clock,Clock,0,0,11,0,0,51.99699,0.29191023775993297
merged_clock,Clock,0,0,11,0,0,53.00116,0.2938178786237261
merged_clock,Clock,0,0,11,0,0,54.00673,0.29573545412649777
merged_clock,Clock,0,0,11,0,0,55.00049,0.2976376208062396
merged_clock,Clock,0,0,11,0,0,56.00586,0.29956916848032783
merged_clock,Clock,0,0,11,0,0,56.99898,0.3014842069934112
merged_clock,Clock,0,0,11,0,0,58.00515,0.30343147899244394
merged_clock,Clock,0,0,11,0,0,59.00014,0.3053640809097345
merged_clock,Clock,0,0,11,0,0,60.00536,0.3073235323896097
merged_clock,Clock,0,0,11,0,0,60.99967,0.3092685791968817
merged_clock,Clock,0,0,11,0,0,62.00288,0.3112379132517966
merged_clock,Clock,0,0,11,0,0,62.99806,0.31319824862507367
merged_clock,Clock,0,0,11,0,0,64.00426,0.3151871016828745
merged_clock,Clock,0,0,11,0,0,64.99812,0.31715825011328314
merged_clock,Clock,0,0,11,0,0,66.0021,0.319156130939068
merged_clock,Clock,0,0,11,0,0,67.00589,0.3211603116244169
merged_clock,Clock,0,0,11,0,0,68.00378,0.323159255535266
merged_clock,Clock,0,0,11,0,0,69.00725,0.32517592315414195
merged_clock,Clock,0,0,11,0,0,70.00055,0.32717855505908855
merged_clock,Clock,0,0,11,0,0,70.99654,0.3291929440191214
merged_clock,Clock,0,0,11,0,0,72.00171,0.331232295444486
merged_clock,Clock,0,0,11,0,0,73.00714,0.3332785325361893
merged_clock,Clock,0,0,11,0,0,74.00115,0.3353077211995909
merged_clock,Clock,0,0,11,0,0,75.00734,0.3373679831828933
merged_clock,Clock,0,0,11,0,0,76.00099,0.3394086578981373
merged_clock,Clock,0,0,11,0,0,77.00608,0.3414789062088469
merged_clock,Clock,0,0,11,0,0,77.99821,0.34352839900073107
merged_clock,Clock,0,0,11,0,0,79.00536,0.3456149185599381
merged_clock,Clock,0,0,11,0,0,79.99953,0.3476803669619906
merged_clock,Clock,0,0,11,0,0,81.00559,0.34977639189489973
merged_clock,Clock,0,0,11,0,0,81.9987,0.3518511353322568
merged_clock,Clock,0,0,11,0,0,83.00321,0.35395539591040054
merged_clock,Clock,0,0,11,0,0,83.99826,0.3560454301047308
merged_clock,Clock,0,0,11,0,0,85.0041,0.35816371298074906
merged_clock,Clock,0,0,11,0,0,85.99722,0.3602606745740045
merged_clock,Clock,0,0,11,0,0,87.00324,0.36239031095271257
merged_clock,Clock,0,0,11,0,0,87.99718,0.36449968362191054
merged_clock,Clock,0,0,11,0,0,89.00275,0.3666390583523558
merged_clock,Clock,0,0,11,0,0,89.99678,0.3687590706398193
merged_clock,Clock,0,0,11,0,0,91.00227,0.370908690776793
merged_clock,Clock,0,0,11,0,0,92.00692,0.37306161909241553
merged_clock,Clock,0,0,11,0,0,92.99886,0.37519227347206424
merged_clock,Clock,0,0,11,0,0,94.00742,0.37736358700961137
merged_clock,Clock,0,0,11,0,0,95.00092,0.37950730033642005
merged_clock,Clock,0,0,11,0,0,96.00729,0.3816835903860654
merged_clock,Clock,0,0,11,0,0,96.9986,0.38383194888375
merged_clock,Clock,0,0,11,0,0,98.00396,0.386015420881349
merged_clock,Clock,0,0,11,0,0,98.99976,0.388182661345768
merged_clock,Clock,0,0,11,0,0,100.0045,0.39037383698243816
merged_clock,Clock,0,0,11,0,0,100.9991,0.3925472657600901
merged_clock,Clock,0,0,11,0,0,102.0037,0.3947468814786684
merged_clock,Clock,0,0,11,0,0,102.9981,0.39692836935951953
merged_clock,Clock,0,0,11,0,0,104.0048,0.39914101961266135
merged_clock,Clock,0,0,11,0,0,104.9988,0.40132981465834805
merged_clock,Clock,0,0,11,0,0,106.0037,0.40354660676177856
merged_clock,Clock,0,0,11,0,0,106.9978,0.40574346634751296
merged_clock,Clock,0,0,11,0,0,108.0019,0.4079662494185134
merged_clock,Clock,0,0,11,0,0,108.997,0.410172841429046
merged_clock,Clock,0,0,11,0,0,110.0033,0.4124079514769255
merged_clock,Clock,0,0,11,0,0,110.9977,0.41462017993481287
merged_clock,Clock,0,0,11,0,0,112.0025,0.41685904511850874
merged_clock,Clock,0,0,11,0,0,113.0051,0.41909642021190324
merged_clock,Clock,0,0,11,0,0,114.0014,0.42132306706408806
merged_clock,Clock,0,0,11,0,0,115.0066,0.42357282544669883
merged_clock,Clock,0,0,11,0,0,116.0008,0.4258010995152155
merged_clock,Clock,0,0,11,0,0,117.0067,0.42805865802919585
merged_clock,Clock,0,0,11,0,0,118.0007,0.4302924686464666
merged_clock,Clock,0,0,11,0,0,119.004,0.4325500435426572
merged_clock,Clock,0,0,11,0,0,119.9999,0.43479375717823737
merged_clock,Clock,0,0,11,0,0,121.0051,0.43706111853577767
merged_clock,Clock,0,0,11,0,0,121.9981,0.43930356551662614
merged_clock,Clock,0,0,11,0,0,123.0045,0.44157879772624187
merged_clock,Clock,0,0,11,0,0,123.9988,0.4438290860486131
merged_clock,Clock,0,0,11,0,0,125.003,0.44610411053917215
merged_clock,Clock,0,0,11,0,0,125.9979,0.44836031156491357
merged_clock,Clock,0,0,11,0,0,127.0004,0.4506358795145598
merged_clock,Clock,0,0,11,0,0,127.9971,0.4529003523524798
merged_clock,Clock,0,0,11,0,0,129.0031,0.45518791583435037
merged_clock,Clock,0,0,11,0,0,129.9973,0.4574505181997215
merged_clock,Clock,0,0,11,0,0,131.0024,0.4597397002010161
merged_clock,Clock,0,0,11,0,0,132.0075,0.4620306170956515
merged_clock,Clock,0,0,11,0,0,133.0012,0.4642970971150381
merged_clock,Clock,0,0,11,0,0,134.0076,0.46659403698896673
merged_clock,Clock,0,0,11,0,0,135.0007,0.46886203317994374
merged_clock,Clock,0,0,11,0,0,136.0064,0.47116008955868544
merged_clock,Clock,0,0,11,0,0,137.0005,0.4734328842796548
merged_clock,Clock,0,0,11,0,0,138.0051,0.4757307640568628
merged_clock,Clock,0,0,11,0,0,138.9997,0.47800679574562854
merged_clock,Clock,0,0,11,0,0,140.0048,0.48030781379370224
merged_clock,Clock,0,0,11,0,0,140.9992,0.48258513218588384
merged_clock,Clock,0,0,11,0,0,142.0045,0.484888136398866
merged_clock,Clock,0,0,11,0,0,142.9986,0.4871661145687695
merged_clock,Clock,0,0,11,0,0,144.0012,0.4894641434326036
merged_clock,Clock,0,0,11,0,0,144.9986,0.4917506533221397
merged_clock,Clock,0,0,11,0,0,146.0003,0.4940474100154478
merged_clock,Clock,0,0,11,0,0,146.9978,0.49633476040993635
merged_clock,Clock,0,0,11,0,0,148.0035,0.4986410553641985
merged_clock,Clock,0,0,11,0,0,149.0071,0.5009426141147014
merged_clock,Clock,0,0,11,0,0,150.0021,0.5032244326546159
merged_clock,Clock,0,0,11,0,0,150.9967,0.5055051721898013
merged_clock,Clock,0,0,11,0,0,151.9989,0.5078031049335435
merged_clock,Clock,0,0,11,0,0,152.9968,0.5100908439919172
merged_clock,Clock,0,0,11,0,0,154.0013,0.5123933031477403
merged_clock,Clock,0,0,11,0,0,155.0069,0.5146977538170493
merged_clock,Clock,0,0,11,0,0,156.0005,0.5169741069058081
merged_clock,Clock,0,0,11,0,0,157.0055,0.5192758218251945
merged_clock,Clock,0,0,11,0,0,158.0005,0.5215538759642603
merged_clock,Clock,0,0,11,0,0,159.0052,0.5238532040190856
merged_clock,Clock,0,0,11,0,0,160.0,0.5261288729197396
merged_clock,Clock,0,0,11,0,0,161.0043,0.528425187139469
merged_clock,Clock,0,0,11,0,0,161.9987,0.5306976741746491
merged_clock,Clock,0,0,11,0,0,163.0036,0.5329928593649478
merged_clock,Clock,0,0,11,0,0,163.9982,0.5352631461584579
merged_clock,Clock,0,0,11,0,0,165.0038,0.5375570603332522
merged_clock,Clock,0,0,11,0,0,165.9978,0.5398229597168029
merged_clock,Clock,0,0,11,0,0,167.0014,0.5421090687468368
merged_clock,Clock,0,0,11,0,0,167.9974,0.5443761167596572
merged_clock,Clock,0,0,11,0,0,169.0018,0.5466604058443058
merged_clock,Clock,0,0,11,0,0,169.9967,0.5489211744997833
merged_clock,Clock,0,0,11,0,0,171.0017,0.5512028132564037
merged_clock,Clock,0,0,11,0,0,172.0072,0.553483475154066
merged_clock,Clock,0,0,11,0,0,172.9998,0.5557326518785755
merged_clock,Clock,0,0,11,0,0,174.0071,0.5580127919500265
merged_clock,Clock,0,0,11,0,0,175.0004,0.5602588665160942
merged_clock,Clock,0,0,11,0,0,176.0057,0.5625295849790203
merged_clock,Clock,0,0,11,0,0,177.0004,0.5647737399065451
merged_clock,Clock,0,0,11,0,0,178.0047,0.5670368931652824
merged_clock,Clock,0,0,11,0,0,178.9979,0.5692722669798775
merged_clock,Clock,0,0,11,0,0,180.0024,0.5715302203463981
merged_clock,Clock,0,0,11,0,0,180.999,0.5737674674297917
merged_clock,Clock,0,0,11,0,0,182.0048,0.5760223463758132
merged_clock,Clock,0,0,11,0,0,182.9983,0.5782465167424243
merged_clock,Clock,0,0,11,0,0,184.0057,0.5804985699436153
merged_clock,Clock,0,0,11,0,0,184.9969,0.5827111298309497
merged_clock,Clock,0,0,11,0,0,186.0029,0.5849533281029832
merged_clock,Clock,0,0,11,0,0,186.9971,0.5871657862219433
merged_clock,Clock,0,0,11,0,0,188.0023,0.5893991531914541
merged_clock,Clock,0,0,11,0,0,188.9967,0.5916048978201927
merged_clock,Clock,0,0,11,0,0,190.0011,0.5938290727690776
merged_clock,Clock,0,0,11,0,0,191.0065,0.5960516297941781
merged_clock,Clock,0,0,11,0,0,192.0018,0.5982479818064416
merged_clock,Clock,0,0,11,0,0,193.0065,0.6004610827600476
merged_clock,Clock,0,0,11,0,0,194.0006,0.6026467944345086
merged_clock,Clock,0,0,11,0,0,195.0065,0.6048543119301724
merged_clock,Clock,0,0,11,0,0,196.0004,0.6070312846133838
merged_clock,Clock,0,0,11,0,0,197.0068,0.6092313379471882
merged_clock,Clock,0,0,11,0,0,197.999,0.6113959643430489
merged_clock,Clock,0,0,11,0,0,199.0047,0.6135856101405932
merged_clock,Clock,0,0,11,0,0,199.9992,0.615746363562195
merged_clock,Clock,0,0,11,0,0,201.0054,0.6179278725125723
merged_clock,Clock,0,0,11,0,0,201.9991,0.6200776315754365
merged_clock,Clock,0,0,11,0,0,203.0042,0.6222472673003698
merged_clock,Clock,0,0,11,0,0,203.998,0.6243877257684601
merged_clock,Clock,0,0,11,0,0,205.0036,0.626548652575822
merged_clock,Clock,0,0,11,0,0,205.9977,0.628679903286767
merged_clock,Clock,0,0,11,0,0,207.0026,0.63082923726365
merged_clock,Clock,0,0,11,0,0,207.9979,0.6329529392029375
merged_clock,Clock,0,0,11,0,0,209.0026,0.6350914740250597
merged_clock,Clock,0,0,11,0,0,209.9967,0.6372022340908795
merged_clock,Clock,0,0,11,0,0,211.0013,0.6393298927117761
merged_clock,Clock,0,0,11,0,0,211.9968,0.6414329077684081
merged_clock,Clock,0,0,11,0,0,213.0009,0.6435486070955792
merged_clock,Clock,0,0,11,0,0,214.0064,0.6456616331799463
merged_clock,Clock,0,0,11,0,0,215.0013,0.6477468247463162
merged_clock,Clock,0,0,11,0,0,216.0038,0.6498422621663338
merged_clock,Clock,0,0,11,0,0,217.0,0.651918814815584
merged_clock,Clock,0,0,11,0,0,218.0052,0.6540082971607579
merged_clock,Clock,0,0,11,0,0,218.9996,0.6560694925218831
merged_clock,Clock,0,0,11,0,0,220.0053,0.6581481320908346
merged_clock,Clock,0,0,11,0,0,220.9985,0.6601950295663213
merged_clock,Clock,0,0,11,0,0,222.0016,0.6622562486693719
merged_clock,Clock,0,0,11,0,0,222.9981,0.6642978062774628
merged_clock,Clock,0,0,11,0,0,224.0033,0.6663510104527022
merged_clock,Clock,0,0,11,0,0,224.9974,0.668375370793867
merged_clock,Clock,0,0,11,0,0,226.0015,0.6704137514336912
merged_clock,Clock,0,0,11,0,0,226.9972,0.6724287860486682
merged_clock,Clock,0,0,11,0,0,228.0004,0.6744526045541882
merged_clock,Clock,0,0,11,0,0,228.9968,0.676456272408933
merged_clock,Clock,0,0,11,0,0,230.0016,0.6784703123679121
merged_clock,Clock,0,0,11,0,0,231.0067,0.680478315241748
merged_clock,Clock,0,0,11,0,0,232.0004,0.6824569880672677
merged_clock,Clock,0,0,11,0,0,233.0059,0.684452489248042
merged_clock,Clock,0,0,11,0,0,234.0001,0.6864188869785299
merged_clock,Clock,0,0,11,0,0,235.006,0.6884016091761944
merged_clock,Clock,0,0,11,0,0,235.9996,0.6903533636586324
merged_clock,Clock,0,0,11,0,0,237.0053,0.6923219719877084
merged_clock,Clock,0,0,11,0,0,237.9991,0.6942604628160176
merged_clock,Clock,0,0,11,0,0,239.0033,0.696212260729506
merged_clock,Clock,0,0,11,0,0,239.9994,0.6981413822900683
merged_clock,Clock,0,0,11,0,0,241.0013,0.7000746700113673
merged_clock,Clock,0,0,11,0,0,241.9988,0.7019924278039512
merged_clock,Clock,0,0,11,0,0,243.0035,0.7039168793100813
merged_clock,Clock,0,0,11,0,0,243.9972,0.7058131562580716
merged_clock,Clock,0,0,11,0,0,245.0016,0.7077226572028346
merged_clock,Clock,0,0,11,0,0,246.0069,0.7096265358695966
merged_clock,Clock,0,0,11,0,0,247.0028,0.7115053983654535
merged_clock,Clock,0,0,11,0,0,247.9962,0.7133722916965024
merged_clock,Clock,0,0,11,0,0,249.0008,0.7152528643196535
merged_clock,Clock,0,0,11,0,0,250.0044,0.71712414541249
merged_clock,Clock,0,0,11,0,0,250.9995,0.7189722079201258
merged_clock,Clock,0,0,11,0,0,252.004,0.7208302485559215
merged_clock,Clock,0,0,11,0,0,253.0014,0.7226676984541379
merged_clock,Clock,0,0,11,0,0,254.0047,0.724508460977482
merged_clock,Clock,0,0,11,0,0,254.9996,0.7263263297985567
merged_clock,Clock,0,0,11,0,0,256.0051,0.7281559332502472
merged_clock,Clock,0,0,11,0,0,256.9993,0.7299574353650482
merged_clock,Clock,0,0,11,0,0,258.0034,0.7317692006962239
merged_clock,Clock,0,0,11,0,0,258.9968,0.7335540970727411
merged_clock,Clock,0,0,11,0,0,260.0031,0.7353544574478854
merged_clock,Clock,0,0,11,0,0,260.997,0.7371249346720368
merged_clock,Clock,0,0,11,0,0,262.0032,0.7389095388052714
merged_clock,Clock,0,0,11,0,0,262.9989,0.7406677927338319
merged_clock,Clock,0,0,11,0,0,264.0024,0.7424320383359102
merged_clock,Clock,0,0,11,0,0,265.0065,0.7441894396163358
merged_clock,Clock,0,0,11,0,0,266.0035,0.7459266447421603
merged_clock,Clock,0,0,11,0,0,267.0055,0.7476646617751815
merged_clock,Clock,0,0,11,0,0,267.9995,0.7493810619155443
merged_clock,Clock,0,0,11,0,0,268.9961,0.7510940700837074
merged_clock,Clock,0,0,11,0,0,269.9988,0.7528097030670686
merged_clock,Clock,0,0,11,0,0,271.0055,0.7545241162690864
merged_clock,Clock,0,0,11,0,0,272.0012,0.7562119104155979
merged_clock,Clock,0,0,11,0,0,273.0062,0.7579074903389272
merged_clock,Clock,0,0,11,0,0,274.0008,0.7595775937274414
merged_clock,Clock,0,0,11,0,0,275.0057,0.7612570025868605
merged_clock,Clock,0,0,11,0,0,275.999,0.7629090499692482
merged_clock,Clock,0,0,11,0,0,277.0037,0.7645720478146402
merged_clock,Clock,0,0,11,0,0,277.9997,0.766212663892147
merged_clock,Clock,0,0,11,0,0,279.0042,0.767859241094634
merged_clock,Clock,0,0,11,0,0,279.998,0.7694802314271053
merged_clock,Clock,0,0,11,0,0,281.0041,0.7711132391044344
merged_clock,Clock,0,0,11,0,0,282.0066,0.7727322939563215
merged_clock,Clock,0,0,11,0,0,283.0038,0.7743347850663626
merged_clock,Clock,0,0,11,0,0,283.9988,0.7759257002449721
merged_clock,Clock,0,0,11,0,0,285.0032,0.7775235375512785
merged_clock,Clock,0,0,11,0,0,285.9972,0.7790967956205559
merged_clock,Clock,0,0,11,0,0,287.0021,0.7806792268269049
merged_clock,Clock,0,0,11,0,0,288.0069,0.7822532997783963
merged_clock,Clock,0,0,11,0,0,289.0023,0.7838045933582982
merged_clock,Clock,0,0,11,0,0,290.0042,0.7853579666478633
merged_clock,Clock,0,0,11,0,0,291.0005,0.7868945287253011
merged_clock,Clock,0,0,11,0,0,292.0034,0.7884331876748227
merged_clock,Clock,0,0,11,0,0,293.0,0.7899541339445392
merged_clock,Clock,0,0,11,0,0,294.0058,0.7914809451872012
merged_clock,Clock,0,0,11,0,0,294.997,0.7929775998329008
merged_clock,Clock,0,0,11,0,0,296.0063,0.7944933619542125
merged_clock,Clock,0,0,11,0,0,296.9982,0.795975014092274
merged_clock,Clock,0,0,11,0,0,298.0031,0.7974679693920456
merged_clock,Clock,0,0,11,0,0,299.0002,0.7989412476139088
merged_clock,Clock,0,0,11,0,0,300.0031,0.8004149882757455
merged_clock,Clock,0,0,11,0,0,300.9982,0.8018692196575176
merged_clock,Clock,1,1,1,0,0,0.01117,0.2185043764647958
merged_clock,Clock,1,1,1,0,0,1.011713,0.2199729139547656
merged_clock,Clock,1,1,1,0,0,2.016086,0.22145418668789904
merged_clock,Clock,1,1,1,0,0,3.010023,0.2229270812556927
merged_clock,Clock,1,1,1,0,0,4.014092,0.22442206952718532
merged_clock,Clock,1,1,1,0,0,5.009541,0.22591124307149782
merged_clock,Clock,1,1,1,0,0,6.015486,0.2274232129393676
merged_clock,Clock,1,1,1,0,0,7.010711,0.2289260842572794
merged_clock,Clock,1,1,1,0,0,8.01416,0.23044842951951572
merged_clock,Clock,1,1,1,0,0,9.006648,0.2319611079487711
merged_clock,Clock,1,1,1,0,0,10.01408,0.23350363680600467
merged_clock,Clock,1,1,1,0,0,11.00948,0.23503473499711183
merged_clock,Clock,1,1,1,0,0,12.0152,0.2365887543885208
merged_clock,Clock,1,1,1,0,0,13.00861,0.2381307008369933
merged_clock,Clock,1,1,1,0,0,14.01411,0.23969843336066926
merged_clock,Clock,1,1,1,0,0,15.00742,0.24125408487348207
merged_clock,Clock,1,1,1,0,0,16.01288,0.24283576442007868
merged_clock,Clock,1,1,1,0,0,17.00756,0.24440740205203298
merged_clock,Clock,1,1,1,0,0,18.01238,0.24600203290719702
merged_clock,Clock,1,1,1,0,0,19.01628,0.2476021868993252
merged_clock,Clock,1,1,1,0,0,20.01117,0.24919485681929926
merged_clock,Clock,1,1,1,0,0,21.01689,0.25081180552885657
merged_clock,Clock,1,1,1,0,0,22.01118,0.25241722560488494
merged_clock,Clock,1,1,1,0,0,23.01584,0.25404628512287575
merged_clock,Clock,1,1,1,0,0,24.00792,0.2556617332541021
merged_clock,Clock,1,1,1,0,0,25.01688,0.25731157309256963
merged_clock,Clock,1,1,1,0,0,26.01011,0.25894247274406473
merged_clock,Clock,1,1,1,0,0,27.01634,0.26060155864109613
merged_clock,Clock,1,1,1,0,0,28.0107,0.26224782103546584
merged_clock,Clock,1,1,1,0,0,29.01453,0.26391654563857025
merged_clock,Clock,1,1,1,0,0,30.01735,0.26559037524987555
merged_clock,Clock,1,1,1,0,0,31.0131,0.2672590964278514
merged_clock,Clock,1,1,1,0,0,32.00871,0.26893422494055114
merged_clock,Clock,1,1,1,0,0,33.01338,0.2706313092304938
merged_clock,Clock,1,1,1,0,0,34.01722,0.272333706813162
merged_clock,Clock,1,1,1,0,0,35.01074,0.27402518111389834
merged_clock,Clock,1,1,1,0,0,36.00694,0.27572777251354247
merged_clock,Clock,1,1,1,0,0,37.01048,0.27744951598879763
merged_clock,Clock,1,1,1,0,0,38.007,0.2791657550430885
merged_clock,Clock,1,1,1,0,0,39.01202,0.2809032039994054
merged_clock,Clock,1,1,1,0,0,40.01754,0.28264809510446137
merged_clock,Clock,1,1,1,0,0,41.01146,0.28437929497024
merged_clock,Clock,1,1,1,0,0,42.01553,0.2861346477507985
merged_clock,Clock,1,1,1,0,0,43.00849,0.2878769495254443
merged_clock,Clock,1,1,1,0,0,44.01608,0.2896513586735023
merged_clock,Clock,1,1,1,0,0,45.00916,0.2914065421983303
merged_clock,Clock,1,1,1,0,0,46.0147,0.29319011655464794
merged_clock,Clock,1,1,1,0,0,47.00968,0.2949612271772397
merged_clock,Clock,1,1,1,0,0,48.01569,0.2967582793767617
merged_clock,Clock,1,1,1,0,0,49.01762,0.29855432102280605
merged_clock,Clock,1,1,1,0,0,50.01362,0.30034590160654184
merged_clock,Clock,1,1,1,0,0,51.00938,0.30214317465849777
merged_clock,Clock,1,1,1,0,0,52.01329,0.3039613120504566
merged_clock,Clock,1,1,1,0,0,53.00856,0.30576986903310305
merged_clock,Clock,1,1,1,0,0,54.01245,0.3076001757780561
merged_clock,Clock,1,1,1,0,0,55.01742,0.3094385332131348
merged_clock,Clock,1,1,1,0,0,56.01233,0.3112644395198771
merged_clock,Clock,1,1,1,0,0,57.00716,0.3130960943436644
merged_clock,Clock,1,1,1,0,0,58.0125,0.31495304170804955
merged_clock,Clock,1,1,1,0,0,59.01717,0.31681467679953046
merged_clock,Clock,1,1,1,0,0,60.01192,0.3186637317537788
merged_clock,Clock,1,1,1,0,0,61.01719,0.32053815588222695
merged_clock,Clock,1,1,1,0,0,62.01035,0.3223957074924778
merged_clock,Clock,1,1,1,0,0,63.01582,0.3242820154505048
merged_clock,Clock,1,1,1,0,0,64.00895,0.3261507912045841
merged_clock,Clock,1,1,1,0,0,65.01629,0.32805196620685945
merged_clock,Clock,1,1,1,0,0,66.00889,0.3299308544329794
merged_clock,Clock,1,1,1,0,0,67.01521,0.331841283674805
merged_clock,Clock,1,1,1,0,0,68.00865,0.3337326959230129
merged_clock,Clock,1,1,1,0,0,69.01254,0.33564945837872834
merged_clock,Clock,1,1,1,0,0,70.00777,0.33755503370848006
merged_clock,Clock,1,1,1,0,0,71.01376,0.33948661230555915
merged_clock,Clock,1,1,1,0,0,72.00739,0.34139970311481427
merged_clock,Clock,1,1,1,0,0,73.01227,0.3433397111801181
merged_clock,Clock,1,1,1,0,0,74.0178,0.34528623558475574
merged_clock,Clock,1,1,1,0,0,75.01261,0.34721712675367195
merged_clock,Clock,1,1,1,0,0,76.00688,0.34915200186416767
merged_clock,Clock,1,1,1,0,0,77.01274,0.3511144999029042
merged_clock,Clock,1,1,1,0,0,78.01605,0.35307705369051856
merged_clock,Clock,1,1,1,0,0,79.01296,0.35503200669298707
merged_clock,Clock,1,1,1,0,0,80.01711,0.3570060620081683
merged_clock,Clock,1,1,1,0,0,81.01061,0.3589639692254581
merged_clock,Clock,1,1,1,0,0,82.0156,0.36094931190585267
merged_clock,Clock,1,1,1,0,0,83.00863,0.36291570114925376
merged_clock,Clock,1,1,1,0,0,84.01574,0.36491467306368386
merged_clock,Clock,1,1,1,0,0,85.0093,0.36689132617249526
merged_clock,Clock,1,1,1,0,0,86.01538,0.3688974601288383
merged_clock,Clock,1,1,1,0,0,87.01017,0.37088554569573867
merged_clock,Clock,1,1,1,0,0,88.01458,0.37289730568472573
merged_clock,Clock,1,1,1,0,0,89.00919,0.3748937898099787
merged_clock,Clock,1,1,1,0,0,90.01373,0.3769145267598864
merged_clock,Clock,1,1,1,0,0,91.00745,0.3789177062777339
merged_clock,Clock,1,1,1,0,0,92.01399,0.38095097237508896
merged_clock,Clock,1,1,1,0,0,93.00795,0.3829629138455048
merged_clock,Clock,1,1,1,0,0,94.01385,0.38500311412298954
merged_clock,Clock,1,1,1,0,0,95.00763,0.3870227198944224
merged_clock,Clock,1,1,1,0,0,96.01188,0.38906755204123356
merged_clock,Clock,1,1,1,0,0,97.01619,0.3911164191699134
merged_clock,Clock,1,1,1,0,0,98.01112,0.39314994987435964
merged_clock,Clock,1,1,1,0,0,99.01691,0.39520942608284587
merged_clock,Clock,1,1,1,0,0,100.0111,0.39724883404572015
merged_clock,Clock,1,1,1,0,0,101.0153,0.39931238939037544
merged_clock,Clock,1,1,1,0,0,102.0095,0.4013589348419044
merged_clock,Clock,1,1,1,0,0,103.0172,0.40343677731547806
merged_clock,Clock,1,1,1,0,0,104.0113,0.4054899867508603
merged_clock,Clock,1,1,1,0,0,105.0151,0.40756658338648794
merged_clock,Clock,1,1,1,0,0,106.0108,0.40962970119262027
merged_clock,Clock,1,1,1,0,0,107.0141,0.41171177064278913
merged_clock,Clock,1,1,1,0,0,108.009,0.4137795498495305
merged_clock,Clock,1,1,1,0,0,109.0136,0.415870571455126
merged_clock,Clock,1,1,1,0,0,110.0081,0.4179435552512255
merged_clock,Clock,1,1,1,0,0,111.0134,0.42004199219102495
merged_clock,Clock,1,1,1,0,0,112.0083,0.4221215887753755
merged_clock,Clock,1,1,1,0,0,113.0137,0.42422593764750866
merged_clock,Clock,1,1,1,0,0,114.0163,0.42632714969633606
merged_clock,Clock,1,1,1,0,0,115.0127,0.42841803310570264
merged_clock,Clock,1,1,1,0,0,116.0165,0.4305270173367724
merged_clock,Clock,1,1,1,0,0,117.0131,0.4326233666251051
merged_clock,Clock,1,1,1,0,0,118.0074,0.4347172924119545
merged_clock,Clock,1,1,1,0,0,119.0124,0.4368361137503395
merged_clock,Clock,1,1,1,0,0,120.0171,0.43895661460525515
merged_clock,Clock,1,1,1,0,0,121.0103,0.4410550426113142
merged_clock,Clock,1,1,1,0,0,122.0169,0.4431839264793102
merged_clock,Clock,1,1,1,0,0,123.0101,0.4452865240149752
merged_clock,Clock,1,1,1,0,0,124.0158,0.44741757463196263
merged_clock,Clock,1,1,1,0,0,125.0102,0.4495265839863243
merged_clock,Clock,1,1,1,0,0,126.0149,0.4516592819145936
merged_clock,Clock,1,1,1,0,0,127.0104,0.4537742015290877
merged_clock,Clock,1,1,1,0,0,128.0166,0.45591355812283785
merged_clock,Clock,1,1,1,0,0,129.0081,0.4580232490819351
merged_clock,Clock,1,1,1,0,0,130.0157,0.46016873580747003
merged_clock,Clock,1,1,1,0,0,131.0171,0.4623024950654848
merged_clock,Clock,1,1,1,0,0,132.012,0.46442373982385227
merged_clock,Clock,1,1,1,0,0,133.0084,0.46654952885292783
merged_clock,Clock,1,1,1,0,0,134.0133,0.468694648512035
merged_clock,Clock,1,1,1,0,0,135.0176,0.4708396218191223
merged_clock,Clock,1,1,1,0,0,136.0133,0.4729673435474554
merged_clock,Clock,1,1,1,0,0,137.0177,0.4751146132810809
merged_clock,Clock,1,1,1,0,0,138.0114,0.4772399216494146
merged_clock,Clock,1,1,1,0,0,139.0168,0.4793911000798307
merged_clock,Clock,1,1,1,0,0,140.0116,0.4815203408767489
merged_clock,Clock,1,1,1,0,0,141.0165,0.48367188367885566
merged_clock,Clock,1,1,1,0,0,142.011,0.48580177467407676
merged_clock,Clock,1,1,1,0,0,143.0163,0.48795529372576857
merged_clock,Clock,1,1,1,0,0,144.0097,0.4900837892209905
merged_clock,Clock,1,1,1,0,0,145.0154,0.49223896918271653
merged_clock,Clock,1,1,1,0,0,146.0085,0.49436745562884055
merged_clock,Clock,1,1,1,0,0,147.0164,0.49652787303156853
merged_clock,Clock,1,1,1,0,0,148.0085,0.49865453318930475
merged_clock,Clock,1,1,1,0,0,149.016,0.5008142786405926
merged_clock,Clock,1,1,1,0,0,150.0092,0.5029433131768253
merged_clock,Clock,1,1,1,0,0,151.0134,0.5050958221661416
merged_clock,Clock,1,1,1,0,0,152.0077,0.5072269508896553
merged_clock,Clock,1,1,1,0,0,153.0148,0.5093852180237246
merged_clock,Clock,1,1,1,0,0,154.0075,0.5115123065954512
merged_clock,Clock,1,1,1,0,0,155.0121,0.5136644401103531
merged_clock,Clock,1,1,1,0,0,156.0179,0.515818648524053
merged_clock,Clock,1,1,1,0,0,157.0133,0.5179500227509443
merged_clock,Clock,1,1,1,0,0,158.017,0.5200984766345774
merged_clock,Clock,1,1,1,1,1,159.0134,0.5222305831419367
merged_clock,Clock,1,1,1,1,1,160.0153,0.5243736600145732
merged_clock,Clock,1,1,1,1,1,161.0105,0.5265014878178754
merged_clock,Clock,1,1,1,1,1,162.0167,0.5286518596788758
merged_clock,Clock,1,1,1,1,1,163.0101,0.5307738619441285
merged_clock,Clock,1,1,1,1,1,164.0167,0.5329228906735921
merged_clock,Clock,1,1,1,1,1,165.01,0.5350423484032413
merged_clock,Clock,1,1,1,1,1,166.0166,0.5371889064630329
merged_clock,Clock,1,1,1,1,1,167.0097,0.5393053179592738
merged_clock,Clock,1,1,1,1,1,168.0145,0.5414451966999937
merged_clock,Clock,1,1,1,1,1,169.0094,0.5435625129310026
merged_clock,Clock,1,1,1,1,1,170.0143,0.5456995019386792
merged_clock,Clock,1,1,1,1,1,171.009,0.5478131585149303
merged_clock,Clock,1,1,1,1,1,172.0131,0.549945040012389
merged_clock,Clock,1,1,1,1,1,173.0077,0.552054931695554
merged_clock,Clock,1,1,1,1,1,174.0119,0.5541832837062491
merged_clock,Clock,1,1,1,1,1,175.0074,0.5562912426072262
merged_clock,Clock,1,1,1,1,1,176.0135,0.5584195996806576
merged_clock,Clock,1,1,1,1,1,177.0083,0.5605219299842445
merged_clock,Clock,1,1,1,1,1,178.0119,0.5626406680541239
merged_clock,Clock,1,1,1,1,1,179.0159,0.5647579593223405
merged_clock,Clock,1,1,1,1,1,180.0122,0.5668567003460436
merged_clock,Clock,1,1,1,1,1,181.0171,0.5689711105279164
merged_clock,Clock,1,1,1,1,1,182.0101,0.5710580110267747
merged_clock,Clock,1,1,1,1,1,183.017,0.5731715483262302
merged_clock,Clock,1,1,1,1,1,184.0104,0.5752541568623085
merged_clock,Clock,1,1,1,1,1,185.016,0.5773596066826702
merged_clock,Clock,1,1,1,1,1,186.0099,0.5794377947329049
merged_clock,Clock,1,1,1,1,1,187.0144,0.5815352996853732
merged_clock,Clock,1,1,1,1,1,188.0091,0.5836094166237638
merged_clock,Clock,1,1,1,1,1,189.0153,0.5857045478931823
merged_clock,Clock,1,1,1,1,1,190.0178,0.5877888796085646
merged_clock,Clock,1,1,1,1,1,191.0139,0.5898567736039712
merged_clock,Clock,1,1,1,1,1,192.0072,0.5919157123668218
merged_clock,Clock,1,1,1,1,1,193.0147,0.5940007750188877
merged_clock,Clock,1,1,1,1,1,194.018,0.5960738225458977
merged_clock,Clock,1,1,1,1,1,195.0136,0.5981275326014381
merged_clock,Clock,1,1,1,1,1,196.0182,0.6001963600090396
merged_clock,Clock,1,1,1,1,1,197.0123,0.6022400248871883
merged_clock,Clock,1,1,1,1,1,198.0176,0.6043030951030148
merged_clock,Clock,1,1,1,1,1,199.0128,0.6063418160385355
merged_clock,Clock,1,1,1,1,1,200.0179,0.608397039994796
merged_clock,Clock,1,1,1,1,1,201.0128,0.6104276435420632
merged_clock,Clock,1,1,1,1,1,202.017,0.6124733371892466
merged_clock,Clock,1,1,1,1,1,203.011,0.6144943682537165
merged_clock,Clock,1,1,1,1,1,204.0154,0.6165325241847471
merged_clock,Clock,1,1,1,1,1,205.0106,0.618548009124747
merged_clock,Clock,1,1,1,1,1,206.0153,0.6205785826803025
merged_clock,Clock,1,1,1,1,1,207.0097,0.6225841903786358
merged_clock,Clock,1,1,1,1,1,208.0152,0.6246079130579774
merged_clock,Clock,1,1,1,1,1,209.0085,0.6266028330649862
merged_clock,Clock,1,1,1,1,1,210.0149,0.6286196635936846
merged_clock,Clock,1,1,1,1,1,211.008,0.6306054763308979
merged_clock,Clock,1,1,1,1,1,212.0132,0.6326109913275169
merged_clock,Clock,1,1,1,1,1,213.0077,0.6345906592223726
merged_clock,Clock,1,1,1,1,1,214.0134,0.636587975330917
merged_clock,Clock,1,1,1,1,1,215.0166,0.6385756697905229
merged_clock,Clock,1,1,1,1,1,216.0125,0.640544201251615
merged_clock,Clock,1,1,1,1,1,217.0173,0.6425255637186602
merged_clock,Clock,1,1,1,1,1,218.0123,0.6444827902274608
merged_clock,Clock,1,1,1,1,1,219.0179,0.646455980418382
merged_clock,Clock,1,1,1,1,1,220.012,0.648401703202336
merged_clock,Clock,1,1,1,1,1,221.0149,0.6503596765231063
merged_clock,Clock,1,1,1,1,1,222.0121,0.6523015244507773
merged_clock,Clock,1,1,1,1,1,223.0156,0.6542505151931285
merged_clock,Clock,1,1,1,1,1,224.0098,0.6561763627536494
merged_clock,Clock,1,1,1,1,1,225.0164,0.6581210228355461
merged_clock,Clock,1,1,1,1,1,226.0096,0.660034576280859
merged_clock,Clock,1,1,1,1,1,227.0158,0.6619678655584644
merged_clock,Clock,1,1,1,1,1,228.0088,0.6638705342014093
merged_clock,Clock,1,1,1,1,1,229.0149,0.6657928511384984
merged_clock,Clock,1,1,1,1,1,230.009,0.6676868885077081
merged_clock,Clock,1,1,1,1,1,231.0149,0.669597865904931
merged_clock,Clock,1,1,1,1,1,232.0089,0.6714807774655698
merged_clock,Clock,1,1,1,1,1,233.0146,0.6733802650553962
merged_clock,Clock,1,1,1,1,1,234.009,0.6752528213693132
merged_clock,Clock,1,1,1,1,1,235.0126,0.6771370382822299
merged_clock,Clock,1,1,1,1,1,236.0177,0.6790183141772177
merged_clock,Clock,1,1,1,1,1,237.013,0.6808755428405249
merged_clock,Clock,1,1,1,1,1,238.0185,0.6827459780445949
merged_clock,Clock,1,1,1,1,1,239.011,0.6845864868334051
merged_clock,Clock,1,1,1,1,1,240.0166,0.6864453852052047
merged_clock,Clock,1,1,1,1,1,241.0094,0.6882747645977789
merged_clock,Clock,1,1,1,1,1,242.0172,0.6901257943905984
merged_clock,Clock,1,1,1,1,1,243.0123,0.6919475486596345
merged_clock,Clock,1,1,1,1,1,244.0173,0.693781385520814
merged_clock,Clock,1,1,1,1,1,245.0097,0.6955862244705802
merged_clock,Clock,1,1,1,1,1,246.0143,0.6974071272772051
merged_clock,Clock,1,1,1,1,1,247.0115,0.6992085296111505
merged_clock,Clock,1,1,1,1,1,248.0148,0.7010147473337351
merged_clock,Clock,1,1,1,1,1,249.0099,0.7028000536760188
merged_clock,Clock,1,1,1,1,1,250.0144,0.7045959677415968
merged_clock,Clock,1,1,1,1,1,251.0083,0.7063667031037998
merged_clock,Clock,1,1,1,1,1,252.0145,0.7081530162568407
merged_clock,Clock,1,1,1,1,1,253.0079,0.7099103458885003
merged_clock,Clock,1,1,1,1,1,254.0143,0.7116842495120979
merged_clock,Clock,1,1,1,1,1,255.0172,0.7134455587294254
merged_clock,Clock,1,1,1,1,1,256.0126,0.7151873285051582
merged_clock,Clock,1,1,1,1,1,257.0185,0.7169409534281497
merged_clock,Clock,1,1,1,1,1,258.0135,0.7186691407344487
merged_clock,Clock,1,1,1,1,1,259.0159,0.7204036999061234
merged_clock,Clock,1,1,1,1,1,260.0107,0.7221186249890585
merged_clock,Clock,1,1,1,1,1,261.0175,0.7238475687337821
merged_clock,Clock,1,1,1,1,1,262.0101,0.7255456661336175
merged_clock,Clock,1,1,1,1,1,263.0176,0.7272625863416022
merged_clock,Clock,1,1,1,1,1,264.0102,0.7289474960945738
merged_clock,Clock,1,1,1,1,1,265.0153,0.7306469672034158
merged_clock,Clock,1,1,1,1,1,266.0099,0.7323220500628247
merged_clock,Clock,1,1,1,1,1,267.0131,0.7340049160485516
merged_clock,Clock,1,1,1,1,1,268.0103,0.7356710472624303
merged_clock,Clock,1,1,1,1,1,269.014,0.7373412209471438
merged_clock,Clock,1,1,1,1,1,270.0093,0.7389907056294197
merged_clock,Clock,1,1,1,1,1,271.0136,0.7406483038611729
merged_clock,Clock,1,1,1,1,1,272.0177,0.7422986957069226
merged_clock,Clock,1,1,1,1,1,273.0117,0.7439257162763264
merged_clock,Clock,1,1,1,1,1,274.0082,0.7455501060408435
merged_clock,Clock,1,1,1,1,1,275.0127,0.747180595373044
merged_clock,Clock,1,1,1,1,1,276.0079,0.7487891935850013
merged_clock,Clock,1,1,1,1,1,277.0104,0.7504026900023483
merged_clock,Clock,1,1,1,1,1,278.0177,0.7520169169287487
merged_clock,Clock,1,1,1,1,1,279.0114,0.7536025099896022
merged_clock,Clock,1,1,1,1,1,280.0178,0.7552013422493966
merged_clock,Clock,1,1,1,1,1,281.0122,0.7567742674916613
merged_clock,Clock,1,1,1,1,1,282.0167,0.7583561449343611
merged_clock,Clock,1,1,1,1,1,283.012,0.7599166281173849
merged_clock,Clock,1,1,1,1,1,284.0148,0.76148189568852
merged_clock,Clock,1,1,1,1,1,285.0095,0.7630275546965569
merged_clock,Clock,1,1,1,1,1,286.0141,0.7645816023938525
merged_clock,Clock,1,1,1,1,1,287.0091,0.7661138130080415
merged_clock,Clock,1,1,1,1,1,288.0128,0.7676523840861148
merged_clock,Clock,1,1,1,1,1,289.01,0.7691740340548588
merged_clock,Clock,1,1,1,1,1,290.0158,0.7707016902519345
merged_clock,Clock,1,1,1,1,1,291.0091,0.772203358210561
merged_clock,Clock,1,1,1,1,1,292.0115,0.7737117784049746
merged_clock,Clock,1,1,1,1,1,293.0083,0.7752047274144612
merged_clock,Clock,1,1,1,1,1,294.0121,0.7767010626518459
merged_clock,Clock,1,1,1,1,1,295.0086,0.7781795373761217
merged_clock,Clock,1,1,1,1,1,296.0102,0.7796584625944729
merged_clock,Clock,1,1,1,1,1,297.008,0.7811247532616977
merged_clock,Clock,1,1,1,1,1,298.0137,0.7825955386487897
merged_clock,Clock,1,1,1,1,1,299.0174,0.784056248842462
merged_clock,Clock,1,1,1,1,1,300.0114,0.7854958582384938
merged_clock,Clock,1,1,1,1,1,301.0161,0.7869438346144049
merged_clock,Clock,2,2,2,0,0,0.0,0.19913199165741483
merged_clock,Clock,2,2,2,0,0,1.000205,0.2006434072226461
merged_clock,Clock,2,2,2,0,0,1.994169,0.20215388761469755
merged_clock,Clock,2,2,2,0,0,2.99987,0.20369082888476966
merged_clock,Clock,2,2,2,0,0,4.004305,0.20523449790955517
merged_clock,Clock,2,2,2,0,0,4.998423,0.20677083958108297
merged_clock,Clock,2,2,2,0,0,5.993399,0.20831700423359026
merged_clock,Clock,2,2,2,0,0,6.99834,0.2098872850201855
merged_clock,Clock,2,2,2,0,0,8.003426,0.21146646842657343
merged_clock,Clock,2,2,2,0,0,8.995827,0.21303423649740968
merged_clock,Clock,2,2,2,0,0,10.00222,0.21463274870011234
merged_clock,Clock,2,2,2,0,0,10.9963,0.21622024182679775
merged_clock,Clock,2,2,2,0,0,12.00186,0.21783470114350006
merged_clock,Clock,2,2,2,0,0,12.99631,0.21943986016080608
merged_clock,Clock,2,2,2,0,0,14.00165,0.22107122039554683
merged_clock,Clock,2,2,2,0,0,14.99503,0.2226916881771551
merged_clock,Clock,2,2,2,0,0,16.00142,0.22434199988327952
merged_clock,Clock,2,2,2,0,0,16.99521,0.22598016646901414
merged_clock,Clock,2,2,2,0,0,17.99982,0.22764475635825443
merged_clock,Clock,2,2,2,0,0,18.99629,0.22930438196509814
merged_clock,Clock,2,2,2,0,0,20.00061,0.23098566439037868
merged_clock,Clock,2,2,2,0,0,20.99563,0.23265986429188854
merged_clock,Clock,2,2,2,0,0,21.99956,0.23435760518243107
merged_clock,Clock,2,2,2,0,0,22.99362,0.23604710862579534
merged_clock,Clock,2,2,2,0,0,23.99915,0.23776464815603363
merged_clock,Clock,2,2,2,0,0,24.99448,0.23947321699046953
merged_clock,Clock,2,2,2,0,0,25.99742,0.24120333549007472
merged_clock,Clock,2,2,2,0,0,26.99371,0.2429304064547287
merged_clock,Clock,2,2,2,0,0,27.99764,0.24467919828887674
merged_clock,Clock,2,2,2,0,0,29.00353,0.24643991835150275
merged_clock,Clock,2,2,2,0,0,29.99711,0.24818744196415132
merged_clock,Clock,2,2,2,0,0,31.00312,0.24996526562932755
merged_clock,Clock,2,2,2,0,0,31.99651,0.25172909744700983
merged_clock,Clock,2,2,2,0,0,33.00121,0.25352139268110985
merged_clock,Clock,2,2,2,0,0,33.9953,0.25530303713690744
merged_clock,Clock,2,2,2,0,0,35.00201,0.25711566315247025
merged_clock,Clock,2,2,2,0,0,35.99474,0.2589113367018845
merged_clock,Clock,2,2,2,0,0,37.00034,0.2607385897580588
merged_clock,Clock,2,2,2,0,0,37.99348,0.26255137687633645
merged_clock,Clock,2,2,2,0,0,38.99988,0.2643966263265103
merged_clock,Clock,2,2,2,0,0,39.99434,0.26622811625160386
merged_clock,Clock,2,2,2,0,0,40.99866,0.26808595796900536
merged_clock,Clock,2,2,2,0,0,41.99391,0.2699351035269889
merged_clock,Clock,2,2,2,0,0,42.99882,0.271810330143398
merged_clock,Clock,2,2,2,0,0,44.00379,0.2736938147805933
merged_clock,Clock,2,2,2,0,0,44.99791,0.27556494067768766
merged_clock,Clock,2,2,2,0,0,46.00389,0.2774664439542977
merged_clock,Clock,2,2,2,0,0,46.99784,0.2793531223091145
merged_clock,Clock,2,2,2,0,0,48.00324,0.28126950154651054
merged_clock,Clock,2,2,2,0,0,48.99698,0.2831715022857799
merged_clock,Clock,2,2,2,0,0,50.00296,0.28510483677056786
merged_clock,Clock,2,2,2,0,0,50.99651,0.2870220468535002
merged_clock,Clock,2,2,2,0,0,51.99992,0.2889660814404653
merged_clock,Clock,2,2,2,0,0,52.99696,0.2909054941202217
merged_clock,Clock,2,2,2,0,0,54.00121,0.2928666695861954
merged_clock,Clock,2,2,2,0,0,54.99426,0.29481356846785745
merged_clock,Clock,2,2,2,0,0,56.00108,0.2967951334093561
merged_clock,Clock,2,2,2,0,0,56.99522,0.29875927376573
merged_clock,Clock,2,2,2,0,0,57.99969,0.30075137938143937
merged_clock,Clock,2,2,2,0,0,58.99453,0.30273182251399156
merged_clock,Clock,2,2,2,0,0,60.00053,0.30474196784536955
merged_clock,Clock,2,2,2,0,0,60.99381,0.30673402689837753
merged_clock,Clock,2,2,2,0,0,61.99977,0.3087589024078426
merged_clock,Clock,2,2,2,0,0,63.00386,0.31078736180618655
merged_clock,Clock,2,2,2,0,0,63.99706,0.31280099673000056
merged_clock,Clock,2,2,2,0,0,65.00371,0.3148491332847068
merged_clock,Clock,2,2,2,0,0,65.99866,0.31688056657046876
merged_clock,Clock,2,2,2,0,0,67.00185,0.31893591648001063
merged_clock,Clock,2,2,2,0,0,67.99766,0.32098314033212516
merged_clock,Clock,2,2,2,0,0,69.00256,0.3230560632214795
merged_clock,Clock,2,2,2,0,0,69.99706,0.32511438862751096
merged_clock,Clock,2,2,2,0,0,71.00292,0.3272031186101603
merged_clock,Clock,2,2,2,0,0,71.99744,0.32927504614735403
merged_clock,Clock,2,2,2,0,0,73.00128,0.3313731651089235
merged_clock,Clock,2,2,2,0,0,73.9956,0.3334579943222603
merged_clock,Clock,2,2,2,0,0,75.00233,0.3355755072016586
merged_clock,Clock,2,2,2,0,0,75.99583,0.337671697987801
merged_clock,Clock,2,2,2,0,0,77.00105,0.3397991417519682
merged_clock,Clock,2,2,2,0,0,77.99459,0.341908220212025
merged_clock,Clock,2,2,2,0,0,79.00166,0.3440524274203613
merged_clock,Clock,2,2,2,0,0,79.99458,0.3461727413007116
merged_clock,Clock,2,2,2,0,0,81.00029,0.34832660787379266
merged_clock,Clock,2,2,2,0,0,82.00448,0.3504834263078986
merged_clock,Clock,2,2,2,0,0,82.99762,0.35262254450501823
merged_clock,Clock,2,2,2,0,0,83.99378,0.3547741217866873
merged_clock,Clock,2,2,2,0,0,84.99883,0.35695086528158537
merged_clock,Clock,2,2,2,0,0,86.00435,0.3591345426744175
merged_clock,Clock,2,2,2,0,0,86.99805,0.36129830521381867
merged_clock,Clock,2,2,2,0,0,88.00208,0.36349030916733527
merged_clock,Clock,2,2,2,0,0,88.9961,0.36566604331933744
merged_clock,Clock,2,2,2,0,0,90.00268,0.3678748659380735
merged_clock,Clock,2,2,2,0,0,90.99656,0.3700612837815843
merged_clock,Clock,2,2,2,0,0,92.00213,0.37227885084775764
merged_clock,Clock,2,2,2,0,0,92.99535,0.37447448505783976
merged_clock,Clock,2,2,2,0,0,94.00014,0.3767009400339223
merged_clock,Clock,2,2,2,0,0,94.99482,0.37891015223930374
merged_clock,Clock,2,2,2,0,0,96.00101,0.3811500389218871
merged_clock,Clock,2,2,2,0,0,96.99474,0.38336718191538954
merged_clock,Clock,2,2,2,0,0,97.99886,0.3856124293766289
merged_clock,Clock,2,2,2,0,0,98.99485,0.38784431092799826
merged_clock,Clock,2,2,2,0,0,100.0004,0.39010239844267947
merged_clock,Clock,2,2,2,0,0,100.9946,0.39233965052141206
merged_clock,Clock,2,2,2,0,0,101.9996,0.3946058165935972
merged_clock,Clock,2,2,2,0,0,103.0037,0.3968744697771976
merged_clock,Clock,2,2,2,0,0,103.9989,0.3991274084988987
merged_clock,Clock,2,2,2,0,0,105.0039,0.40140686474317594
merged_clock,Clock,2,2,2,0,0,105.9986,0.4036671669550146
merged_clock,Clock,2,2,2,0,0,107.0032,0.40595412972220923
merged_clock,Clock,2,2,2,0,0,107.9987,0.4082244211392663
merged_clock,Clock,2,2,2,0,0,108.9936,0.4104972399990295
merged_clock,Clock,2,2,2,0,0,109.9969,0.4127931418615564
merged_clock,Clock,2,2,2,0,0,111.0026,0.4150983383966892
merged_clock,Clock,2,2,2,0,0,111.9943,0.41737509072199824
merged_clock,Clock,2,2,2,0,0,113.0022,0.41969264313861127
merged_clock,Clock,2,2,2,0,0,113.9966,0.4219826389605685
merged_clock,Clock,2,2,2,0,0,115.0023,0.4243020722160443
merged_clock,Clock,2,2,2,0,0,115.9952,0.42659527374630973
merged_clock,Clock,2,2,2,0,0,117.0004,0.42892008138340765
merged_clock,Clock,2,2,2,0,0,117.9948,0.4312230119674742
merged_clock,Clock,2,2,2,0,0,118.9998,0.43355352799098545
merged_clock,Clock,2,2,2,0,0,119.9942,0.4358623489761373
merged_clock,Clock,2,2,2,0,0,120.9996,0.43819954399046507
merged_clock,Clock,2,2,2,0,0,121.9939,0.44051361681476436
merged_clock,Clock,2,2,2,0,0,122.9996,0.4428568852655488
merged_clock,Clock,2,2,2,0,0,123.9944,0.4451772388488602
merged_clock,Clock,2,2,2,0,0,124.9997,0.44752452703989826
merged_clock,Clock,2,2,2,0,0,126.0041,0.44987203334601855
merged_clock,Clock,2,2,2,0,0,126.9962,0.45219300688112085
merged_clock,Clock,2,2,2,0,0,128.001,0.45454581911390723
merged_clock,Clock,2,2,2,0,0,128.9966,0.4568790547798214
merged_clock,Clock,2,2,2,0,0,130.0031,0.45923978335041743
merged_clock,Clock,2,2,2,0,0,130.9969,0.4615725320703822
merged_clock,Clock,2,2,2,0,0,132.0034,0.46393679638836915
merged_clock,Clock,2,2,2,0,0,132.9951,0.466267880283726
merged_clock,Clock,2,2,2,0,0,134.0018,0.46863572879494575
merged_clock,Clock,2,2,2,0,0,134.9952,0.4709736669157889
merged_clock,Clock,2,2,2,0,0,136.0003,0.4733404814382763
merged_clock,Clock,2,2,2,0,0,136.9947,0.4756832523812611
merged_clock,Clock,2,2,2,0,0,138.0004,0.4780537143501073
merged_clock,Clock,2,2,2,0,0,139.0037,0.48041951512287395
merged_clock,Clock,2,2,2,0,0,139.9993,0.48276805024377967
merged_clock,Clock,2,2,2,0,0,140.9939,0.48511497015167354
merged_clock,Clock,2,2,2,0,0,141.9993,0.48748804907629373
merged_clock,Clock,2,2,2,0,0,143.0044,0.4898609716155966
merged_clock,Clock,2,2,2,0,0,143.9993,0.4922102803303272
merged_clock,Clock,2,2,2,0,0,144.9935,0.49455827534975083
merged_clock,Clock,2,2,2,0,0,145.9975,0.4969296490830882
merged_clock,Clock,2,2,2,0,0,147.002,0.4993023503695185
merged_clock,Clock,2,2,2,0,0,147.9976,0.501654070305552
merged_clock,Clock,2,2,2,0,0,149.004,0.5040311977358058
merged_clock,Clock,2,2,2,0,0,149.9961,0.5063743762654827
merged_clock,Clock,2,2,2,0,0,151.0017,0.5087491630211944
merged_clock,Clock,2,2,2,0,0,151.9958,0.511096428091048
merged_clock,Clock,2,2,2,0,0,153.0004,0.5134679474543586
merged_clock,Clock,2,2,2,0,0,153.9949,0.5158150600932732
merged_clock,Clock,2,2,2,0,0,155.0013,0.5181895155572538
merged_clock,Clock,2,2,2,0,0,155.9958,0.5205351198067065
merged_clock,Clock,2,2,2,0,0,157.0011,0.5229052479322559
merged_clock,Clock,2,2,2,0,0,158.0043,0.5252694197174582
merged_clock,Clock,2,2,2,0,0,159.0005,0.5276159660549072
merged_clock,Clock,2,2,2,0,0,160.0046,0.529979860036453
merged_clock,Clock,2,2,2,0,0,160.9996,0.5323210538813451
merged_clock,Clock,2,2,2,0,0,162.0037,0.5346821677807545
merged_clock,Clock,2,2,2,0,0,162.9976,0.5370178196902546
merged_clock,Clock,2,2,2,0,0,164.0039,0.539380933692374
merged_clock,Clock,2,2,2,0,0,164.9958,0.5417084911760718
merged_clock,Clock,2,2,2,0,0,165.9934,0.5440475694554612
merged_clock,Clock,2,2,2,0,0,166.9979,0.5464008931559562
merged_clock,Clock,2,2,2,0,0,168.0029,0.5487533231362628
merged_clock,Clock,2,2,2,0,0,168.9963,0.5510764694407151
merged_clock,Clock,2,2,2,0,0,170.0005,0.5534225809007383
merged_clock,Clock,2,2,2,0,0,170.9958,0.5557455634919884
merged_clock,Clock,2,2,2,0,0,172.0012,0.5580896502755347
merged_clock,Clock,2,2,2,0,0,172.9956,0.5604055440001324
merged_clock,Clock,2,2,2,0,0,174.0013,0.5627450623977621
merged_clock,Clock,2,2,2,0,0,174.9954,0.565054899506261
merged_clock,Clock,2,2,2,0,0,176.0,0.5673862273944447
merged_clock,Clock,2,2,2,0,0,176.9954,0.5696932987604488
merged_clock,Clock,2,2,2,0,0,178.0005,0.5720197602405093
merged_clock,Clock,2,2,2,0,0,179.0044,0.5743402571508368
merged_clock,Clock,2,2,2,0,0,179.9999,0.5766381261368757
merged_clock,Clock,2,2,2,0,0,180.9948,0.5789313140527887
merged_clock,Clock,2,2,2,0,0,181.9996,0.581243875946706
merged_clock,Clock,2,2,2,0,0,182.9938,0.5835285226702118
merged_clock,Clock,2,2,2,0,0,183.9996,0.5858361725417864
merged_clock,Clock,2,2,2,0,0,185.0037,0.5881361493540057
merged_clock,Clock,2,2,2,0,0,185.9989,0.5904119922244309
merged_clock,Clock,2,2,2,0,0,187.0027,0.5927035634926088
merged_clock,Clock,2,2,2,0,0,187.9986,0.5949731122152188
merged_clock,Clock,2,2,2,0,0,189.0018,0.5972552196281797
merged_clock,Clock,2,2,2,0,0,189.9977,0.5995165429016736
merged_clock,Clock,2,2,2,0,0,191.0019,0.6017924644624879
merged_clock,Clock,2,2,2,0,0,191.9964,0.604042029000101
merged_clock,Clock,2,2,2,0,0,193.0019,0.6063120462021292
merged_clock,Clock,2,2,2,0,0,193.9954,0.6085504541004989
merged_clock,Clock,2,2,2,0,0,195.001,0.6108114834608593
merged_clock,Clock,2,2,2,0,0,195.9944,0.6130403966215849
merged_clock,Clock,2,2,2,0,0,197.0007,0.6152934564938265
merged_clock,Clock,2,2,2,0,0,197.9939,0.6175123319288401
merged_clock,Clock,2,2,2,0,0,198.9984,0.6197514951574676
merged_clock,Clock,2,2,2,0,0,200.0031,0.6219860150000942
merged_clock,Clock,2,2,2,0,0,200.9996,0.6241972050962654
merged_clock,Clock,2,2,2,0,0,202.0045,0.6264217863370671
merged_clock,Clock,2,2,2,0,0,202.9982,0.6286163289019802
merged_clock,Clock,2,2,2,0,0,204.004,0.630832203246414
merged_clock,Clock,2,2,2,0,0,204.9996,0.6330202020870666
merged_clock,Clock,2,2,2,0,0,206.0046,0.6352232774327633
merged_clock,Clock,2,2,2,0,0,206.9983,0.6373960784267183
merged_clock,Clock,2,2,2,0,0,208.0024,0.6395858800955642
merged_clock,Clock,2,2,2,0,0,208.9951,0.6417451630260076
merged_clock,Clock,2,2,2,0,0,210.0027,0.6439309756029106
merged_clock,Clock,2,2,2,0,0,210.9949,0.6460775437256321
merged_clock,Clock,2,2,2,0,0,212.0016,0.6482494719528535
merged_clock,Clock,2,2,2,0,0,212.9949,0.6503865012445875
merged_clock,Clock,2,2,2,0,0,214.0006,0.6525440498663144
merged_clock,Clock,2,2,2,0,0,214.9952,0.6546716575073697
merged_clock,Clock,2,2,2,0,0,216.0003,0.656815480335506
merged_clock,Clock,2,2,2,0,0,216.9954,0.6589316725206346
merged_clock,Clock,2,2,2,0,0,217.9993,0.6610601565317397
merged_clock,Clock,2,2,2,0,0,218.9953,0.6631654976172691
merged_clock,Clock,2,2,2,0,0,220.0006,0.6652839349866319
merged_clock,Clock,2,2,2,0,0,220.9946,0.6673720485343211
merged_clock,Clock,2,2,2,0,0,221.9974,0.6694720155533262
merged_clock,Clock,2,2,2,0,0,223.0048,0.671574820937262
merged_clock,Clock,2,2,2,0,0,223.9989,0.6736431311825235
merged_clock,Clock,2,2,2,0,0,225.004,0.6757274831937949
merged_clock,Clock,2,2,2,0,0,225.9989,0.6777838577542812
merged_clock,Clock,2,2,2,0,0,227.0026,0.6798514453628552
merged_clock,Clock,2,2,2,0,0,227.9984,0.6818958243003571
merged_clock,Clock,2,2,2,0,0,229.0035,0.6839521970689982
merged_clock,Clock,2,2,2,0,0,229.9966,0.6859769880084868
merged_clock,Clock,2,2,2,0,0,231.002,0.6880196677044085
merged_clock,Clock,2,2,2,0,0,231.9962,0.6900324301113643
merged_clock,Clock,2,2,2,0,0,233.0006,0.6920585440426849
merged_clock,Clock,2,2,2,0,0,233.9961,0.6940594383787351
merged_clock,Clock,2,2,2,0,0,235.0027,0.696075246159897
merged_clock,Clock,2,2,2,0,0,235.996,0.6980570523961531
merged_clock,Clock,2,2,2,0,0,237.0018,0.70005629881531
merged_clock,Clock,2,2,2,0,0,237.995,0.7020230473269653
merged_clock,Clock,2,2,2,0,0,239.0019,0.7040093617583455
merged_clock,Clock,2,2,2,0,0,239.9948,0.7059604784220105
merged_clock,Clock,2,2,2,0,0,240.9989,0.7079259806722136
merged_clock,Clock,2,2,2,0,0,242.0038,0.7098852877804354
merged_clock,Clock,2,2,2,0,0,242.9988,0.7118176080700235
merged_clock,Clock,2,2,2,0,0,244.0048,0.7137635149262472
merged_clock,Clock,2,2,2,0,0,244.9977,0.7156763014386472
merged_clock,Clock,2,2,2,0,0,246.0033,0.7176057009095101
merged_clock,Clock,2,2,2,0,0,246.9974,0.7195052296405537
merged_clock,Clock,2,2,2,0,0,248.0032,0.721419136927689
merged_clock,Clock,2,2,2,0,0,248.9989,0.72330590598569
merged_clock,Clock,2,2,2,0,0,250.0025,0.7251996472672291
merged_clock,Clock,2,2,2,0,0,250.9969,0.7270680667460351
merged_clock,Clock,2,2,2,0,0,252.0007,0.7289460787029841
merged_clock,Clock,2,2,2,0,0,252.9972,0.730802366947888
merged_clock,Clock,2,2,2,0,0,254.0013,0.7326646963042511
merged_clock,Clock,2,2,2,0,0,254.9957,0.7345009416212762
merged_clock,Clock,2,2,2,0,0,256.0012,0.7363494620776149
merged_clock,Clock,2,2,2,0,0,256.9948,0.7381680215536497
merged_clock,Clock,2,2,2,0,0,258.0016,0.7400023780297125
merged_clock,Clock,2,2,2,0,0,258.9961,0.7418061775991189
merged_clock,Clock,2,2,2,0,0,260.0005,0.7436196103326762
merged_clock,Clock,2,2,2,0,0,261.005,0.7454248962551177
merged_clock,Clock,2,2,2,0,0,261.9996,0.7472040907199421
merged_clock,Clock,2,2,2,0,0,263.005,0.7489942284956284
merged_clock,Clock,2,2,2,0,0,263.9995,0.7507566563840626
merged_clock,Clock,2,2,2,0,0,265.0048,0.7525297542460941
merged_clock,Clock,2,2,2,0,0,265.9982,0.7542735778886094
merged_clock,Clock,2,2,2,0,0,267.0045,0.7560315420817141
merged_clock,Clock,2,2,2,0,0,267.9995,0.7577614383962574
merged_clock,Clock,2,2,2,0,0,269.0038,0.7594989825269158
merged_clock,Clock,2,2,2,0,0,269.9978,0.7612102758879762
merged_clock,Clock,2,2,2,0,0,271.0036,0.7629333768206463
merged_clock,Clock,2,2,2,0,0,271.9975,0.7646276502570806
merged_clock,Clock,2,2,2,0,0,273.0035,0.7663340226342763
merged_clock,Clock,2,2,2,0,0,273.996,0.7680090192103188
merged_clock,Clock,2,2,2,0,0,275.0023,0.7696987212132003
merged_clock,Clock,2,2,2,0,0,275.9955,0.771358015208784
merged_clock,Clock,2,2,2,0,0,277.0023,0.7730313429808624
merged_clock,Clock,2,2,2,0,0,277.996,0.7746744602999837
merged_clock,Clock,2,2,2,0,0,279.0019,0.7763291025067622
merged_clock,Clock,2,2,2,0,0,279.9952,0.7779545559960257
merged_clock,Clock,2,2,2,0,0,280.9987,0.7795880503425056
merged_clock,Clock,2,2,2,0,0,282.0053,0.7812179834761543
merged_clock,Clock,2,2,2,0,0,282.9994,0.7828190734453752
merged_clock,Clock,2,2,2,0,0,284.0045,0.7844292822756586
merged_clock,Clock,2,2,2,0,0,284.9988,0.7860136965474896
merged_clock,Clock,2,2,2,0,0,286.0036,0.7876061639417478
merged_clock,Clock,2,2,2,0,0,286.9983,0.7891740798165041
merged_clock,Clock,2,2,2,0,0,288.0022,0.790747905553671
merged_clock,Clock,2,2,2,0,0,288.9989,0.7923018766164195
merged_clock,Clock,2,2,2,0,0,290.0029,0.7938585938319269
merged_clock,Clock,2,2,2,1,1,290.9975,0.7953922034103558
merged_clock,Clock,2,2,2,1,1,292.0027,0.7969335147187188
merged_clock,Clock,2,2,2,1,1,292.9962,0.7984483855786755
merged_clock,Clock,2,2,2,1,1,294.0034,0.799975509553012
merged_clock,Clock,2,2,2,1,1,294.9959,0.801471872241009
merged_clock,Clock,2,2,2,1,1,296.0013,0.8029790490570611
merged_clock,Clock,2,2,2,1,1,296.9955,0.8044609294820628
merged_clock,Clock,2,2,2,1,1,298.0017,0.8059520807202613
merged_clock,Clock,2,2,2,1,1,298.9961,0.8074172317714792
merged_clock,Clock,2,2,2,1,1,300.0004,0.8088884307588332
merged_clock,Clock,2,2,2,1,1,300.9952,0.8103372488530768
merged_clock,Clock,2,2,3,0,0,0.011238,0.19914892584690477
merged_clock,Clock,2,2,3,0,0,1.010427,0.2006588979434748
merged_clock,Clock,2,2,3,0,0,2.005901,0.2021717669304996
merged_clock,Clock,2,2,3,0,0,3.009208,0.20370513999668907
merged_clock,Clock,2,2,3,0,0,4.013891,0.20524927241828644
merged_clock,Clock,2,2,3,0,0,5.009709,0.2067883296978886
merged_clock,Clock,2,2,3,0,0,6.013655,0.20834856985895164
merged_clock,Clock,2,2,3,0,0,7.01029,0.20990600982978547
merged_clock,Clock,2,2,3,0,0,8.004245,0.21146775909716758
merged_clock,Clock,2,2,3,0,0,9.006847,0.21305169413029545
merged_clock,Clock,2,2,3,0,0,10.00374,0.2146351698321561
merged_clock,Clock,2,2,3,0,0,11.00845,0.2162396969314366
merged_clock,Clock,2,2,3,0,0,12.00327,0.2178369718187118
merged_clock,Clock,2,2,3,0,0,13.00797,0.21945873048255873
merged_clock,Clock,2,2,3,0,0,14.01414,0.22109154282784188
merged_clock,Clock,2,2,3,0,0,15.00711,0.22271144468362405
merged_clock,Clock,2,2,3,0,0,16.01306,0.2243611392251028
merged_clock,Clock,2,2,3,0,0,17.00686,0.22599942060966643
merged_clock,Clock,2,2,3,0,0,18.01257,0.22766593582581882
merged_clock,Clock,2,2,3,0,0,19.00748,0.22932306783671838
merged_clock,Clock,2,2,3,0,0,20.01261,0.23100580358006212
merged_clock,Clock,2,2,3,0,0,21.00554,0.23267658208699063
merged_clock,Clock,2,2,3,0,0,22.01061,0.23437634153975148
merged_clock,Clock,2,2,3,0,0,23.01419,0.23608215937390759
merged_clock,Clock,2,2,3,0,0,24.01053,0.23778413736682041
merged_clock,Clock,2,2,3,0,0,25.00407,0.23948972013037445
merged_clock,Clock,2,2,3,0,0,26.01028,0.24122557704462766
merged_clock,Clock,2,2,3,0,0,27.00355,0.2429475059458903
merged_clock,Clock,2,2,3,0,0,28.00709,0.24469569829079996
merged_clock,Clock,2,2,3,0,0,29.00403,0.24644079519149778
merged_clock,Clock,2,2,3,0,0,30.00948,0.24820924925613752
merged_clock,Clock,2,2,3,0,0,31.01333,0.24998335228865232
merged_clock,Clock,2,2,3,0,0,32.00739,0.25174846043942134
merged_clock,Clock,2,2,3,0,0,33.0139,0.25354408700294384
merged_clock,Clock,2,2,3,0,0,34.0069,0.2553238764416854
merged_clock,Clock,2,2,3,0,0,35.01249,0.25713457519489563
merged_clock,Clock,2,2,3,0,0,36.00776,0.2589349409406587
merged_clock,Clock,2,2,3,0,0,37.01255,0.2607608290320548
merged_clock,Clock,2,2,3,0,0,38.00636,0.262574937167296
merged_clock,Clock,2,2,3,0,0,39.01038,0.2644159183505681
merged_clock,Clock,2,2,3,0,0,40.0048,0.2662474231301468
merged_clock,Clock,2,2,3,0,0,41.01232,0.2681112842290048
merged_clock,Clock,2,2,3,0,0,42.00532,0.26995634905902793
merged_clock,Clock,2,2,3,0,0,43.01156,0.2718341510568749
merged_clock,Clock,2,2,3,0,0,44.00523,0.2736965159200432
merged_clock,Clock,2,2,3,0,0,45.0106,0.2755888797604417
merged_clock,Clock,2,2,3,0,0,46.00391,0.2774664800834778
merged_clock,Clock,2,2,3,0,0,47.00961,0.279375507533749
merged_clock,Clock,2,2,3,0,0,48.00344,0.28126988772169553
merged_clock,Clock,2,2,3,0,0,49.00859,0.28319377326851547
merged_clock,Clock,2,2,3,0,0,50.01414,0.2851263691595109
merged_clock,Clock,2,2,3,0,0,51.00926,0.28704669751279716
merged_clock,Clock,2,2,3,0,0,52.01384,0.288993105009023
merged_clock,Clock,2,2,3,0,0,53.00763,0.29092628999814024
merged_clock,Clock,2,2,3,0,0,54.01284,0.2928894288474411
merged_clock,Clock,2,2,3,0,0,55.007,0.29483859658641554
merged_clock,Clock,2,2,3,0,0,56.0122,0.29681706176512207
merged_clock,Clock,2,2,3,0,0,57.00453,0.2987777062379921
merged_clock,Clock,2,2,3,0,0,58.01069,0.30077323245233306
merged_clock,Clock,2,2,3,0,0,59.00611,0.3027549212734717
merged_clock,Clock,2,2,3,0,0,60.00909,0.30475910456092425
merged_clock,Clock,2,2,3,0,0,61.00516,0.3067568367975278
merged_clock,Clock,2,2,3,0,0,62.01141,0.3087823727799292
merged_clock,Clock,2,2,3,0,0,63.00307,0.3107857636989819
merged_clock,Clock,2,2,3,0,0,64.00782,0.3128228532792534
merged_clock,Clock,2,2,3,0,0,65.004,0.31484972419576956
merged_clock,Clock,2,2,3,0,0,66.0097,0.31690314629621685
merged_clock,Clock,2,2,3,0,0,67.00374,0.31893979971868486
merged_clock,Clock,2,2,3,0,0,68.00844,0.32100534081650556
merged_clock,Clock,2,2,3,0,0,69.01296,0.3230775506079601
merged_clock,Clock,2,2,3,0,0,70.00988,0.3251409612507079
merged_clock,Clock,2,2,3,0,0,71.0142,0.32722657350140194
merged_clock,Clock,2,2,3,0,0,72.00565,0.3292921926019297
merged_clock,Clock,2,2,3,0,0,73.01225,0.33139613279301455
merged_clock,Clock,2,2,3,0,0,74.0084,0.3334848798739609
merged_clock,Clock,2,2,3,0,0,75.01354,0.33559913429953486
merged_clock,Clock,2,2,3,0,0,76.00615,0.33769351133125425
merged_clock,Clock,2,2,3,0,0,77.0134,0.3398253075861043
merged_clock,Clock,2,2,3,0,0,78.00726,0.341935161816213
merged_clock,Clock,2,2,3,0,0,79.01142,0.3440732349314291
merged_clock,Clock,2,2,3,0,0,80.00616,0.3461974926207798
merged_clock,Clock,2,2,3,0,0,81.01123,0.34835007296193893
merged_clock,Clock,2,2,3,0,0,82.00616,0.35048703650592217
merged_clock,Clock,2,2,3,0,0,83.00994,0.35264912097003454
merged_clock,Clock,2,2,3,0,0,84.00312,0.3547943194107215
merged_clock,Clock,2,2,3,0,0,85.00861,0.35697207798176467
merged_clock,Clock,2,2,3,0,0,86.00405,0.3591338956240802
merged_clock,Clock,2,2,3,0,0,87.01019,0.36132478799298395
merged_clock,Clock,2,2,3,0,0,88.01415,0.36351669438534356
merged_clock,Clock,2,2,3,0,0,89.00842,0.36569304753086807
merged_clock,Clock,2,2,3,0,0,90.01416,0.36790009467398166
merged_clock,Clock,2,2,3,0,0,91.0079,0.3700862553831187
merged_clock,Clock,2,2,3,0,0,92.00355,0.3722819841219672
merged_clock,Clock,2,2,3,0,0,93.00796,0.37450238050876394
merged_clock,Clock,2,2,3,0,0,94.01137,0.37672585476809095
merged_clock,Clock,2,2,3,0,0,95.00732,0.3789379404362798
merged_clock,Clock,2,2,3,0,0,96.01418,0.3811794039005427
merged_clock,Clock,2,2,3,0,0,97.00631,0.38339301616752314
merged_clock,Clock,2,2,3,0,0,98.01198,0.38564178728207493
merged_clock,Clock,2,2,3,0,0,99.0062,0.38786977788535626
merged_clock,Clock,2,2,3,0,0,100.012,0.390128485169054
merged_clock,Clock,2,2,3,0,0,101.0051,0.3923632985946407
merged_clock,Clock,2,2,3,0,0,102.0107,0.3946308557977116
merged_clock,Clock,2,2,3,0,0,103.0037,0.3968744697771976
merged_clock,Clock,2,2,3,0,0,104.0105,0.3991536864756768
merged_clock,Clock,2,2,3,0,0,105.0039,0.40140686474317594
merged_clock,Clock,2,2,3,0,0,106.0083,0.4036892395139762
merged_clock,Clock,2,2,3,0,0,107.0031,0.405953903731883
merged_clock,Clock,2,2,3,0,0,108.0084,0.40824655487972705
merged_clock,Clock,2,2,3,0,0,109.0032,0.4105191847087387
merged_clock,Clock,2,2,3,0,0,110.0087,0.4128201557369767
merged_clock,Clock,2,2,3,0,0,111.0139,0.4151242588405974
merged_clock,Clock,2,2,3,0,0,112.0062,0.4174024367212888
merged_clock,Clock,2,2,3,0,0,113.0129,0.4197172751695343
merged_clock,Clock,2,2,3,0,0,114.0063,0.42200500428872184
merged_clock,Clock,2,2,3,0,0,115.0135,0.42432792152535925
merged_clock,Clock,2,2,3,0,0,116.0077,0.4266241568965463
merged_clock,Clock,2,2,3,0,0,117.013,0.42894925139337736
merged_clock,Clock,2,2,3,0,0,118.0064,0.4312499041484107
merged_clock,Clock,2,2,3,0,0,119.0118,0.4335813752968784
merged_clock,Clock,2,2,3,0,0,120.0056,0.43588883017411006
merged_clock,Clock,2,2,3,0,0,121.0098,0.4382232707043165
merged_clock,Clock,2,2,3,0,0,122.0058,0.4405413325211591
merged_clock,Clock,2,2,3,0,0,123.0083,0.4428771614694433
merged_clock,Clock,2,2,3,0,0,124.0142,0.44522344274786296
merged_clock,Clock,2,2,3,0,0,125.0098,0.447548124735506
merged_clock,Clock,2,2,3,0,0,126.0131,0.44989308499735237
merged_clock,Clock,2,2,3,0,0,127.0085,0.45222179202825186
merged_clock,Clock,2,2,3,0,0,128.0035,0.4545516455581758
merged_clock,Clock,2,2,3,0,0,129.0072,0.45690391838305117
merged_clock,Clock,2,2,3,0,0,130.014,0.45926538286255736
merged_clock,Clock,2,2,3,0,0,131.0072,0.4615967174075436
merged_clock,Clock,2,2,3,0,0,132.0132,0.4639598156230217
merged_clock,Clock,2,2,3,0,0,133.0071,0.4662960811617484
merged_clock,Clock,2,2,3,0,0,134.0137,0.46866373172433334
merged_clock,Clock,2,2,3,0,0,135.0055,0.4709979139430612
merged_clock,Clock,2,2,3,0,0,136.0135,0.47337157000660735
merged_clock,Clock,2,2,3,0,0,137.0076,0.47571363667683997
merged_clock,Clock,2,2,3,0,0,138.0122,0.4780815578688061
merged_clock,Clock,2,2,3,0,0,139.006,0.48042494925495094
merged_clock,Clock,2,2,3,0,0,140.0114,0.4827965983624037
merged_clock,Clock,2,2,3,0,0,141.0062,0.48514399502414046
merged_clock,Clock,2,2,3,0,0,142.0109,0.48751542455632674
merged_clock,Clock,2,2,3,0,0,143.0041,0.4898602870823198
merged_clock,Clock,2,2,3,0,0,144.0106,0.49223698165080176
merged_clock,Clock,2,2,3,0,0,145.0049,0.4945851962144614
merged_clock,Clock,2,2,3,0,0,146.0097,0.4969584823171919
merged_clock,Clock,2,2,3,0,0,147.0045,0.4993082613919069
merged_clock,Clock,2,2,3,0,0,148.0082,0.5016790837926255
merged_clock,Clock,2,2,3,0,0,149.0146,0.5040562459052428
merged_clock,Clock,2,2,3,0,0,150.0082,0.5064029536101637
merged_clock,Clock,2,2,3,0,0,151.0033,0.5087529463652579
merged_clock,Clock,2,2,3,0,0,152.0067,0.5111221500095143
merged_clock,Clock,2,2,3,0,0,153.0131,0.5134979493488622
merged_clock,Clock,2,2,3,0,0,154.0056,0.5158403008403099
merged_clock,Clock,2,2,3,0,0,155.0124,0.5182157200045311
merged_clock,Clock,2,2,3,0,0,156.0072,0.5205619983708208
merged_clock,Clock,2,2,3,0,0,157.0128,0.5229328347426115
merged_clock,Clock,2,2,3,0,0,158.0061,0.52527366191348
merged_clock,Clock,2,2,3,0,0,159.0115,0.5276418736286642
merged_clock,Clock,2,2,3,0,0,160.0054,0.5299817634413823
merged_clock,Clock,2,2,3,0,0,161.0108,0.5323473987248277
merged_clock,Clock,2,2,3,0,0,162.0054,0.5346861851593534
merged_clock,Clock,2,2,3,0,0,163.0095,0.5370457789296772
merged_clock,Clock,2,2,3,0,0,164.0036,0.5393802173063044
merged_clock,Clock,2,2,3,0,0,165.0094,0.5417403817559621
merged_clock,Clock,2,2,3,0,0,166.0135,0.5440947049176013
merged_clock,Clock,2,2,3,0,0,167.0089,0.5464266561508158
merged_clock,Clock,2,2,3,0,0,168.0038,0.5487554294477552
merged_clock,Clock,2,2,3,0,0,169.0093,0.5511068216746682
merged_clock,Clock,2,2,3,0,0,170.0146,0.5534555041053165
merged_clock,Clock,2,2,3,0,0,171.0075,0.5557728645859874
merged_clock,Clock,2,2,3,0,0,172.0137,0.5581187707636314
merged_clock,Clock,2,2,3,0,0,173.0077,0.5604337086530203
merged_clock,Clock,2,2,3,0,0,174.0128,0.5627718105868506
merged_clock,Clock,2,2,3,0,0,175.0064,0.5650804109030302
merged_clock,Clock,2,2,3,0,0,176.0134,0.567417297986424
merged_clock,Clock,2,2,3,0,0,177.0064,0.569718745266549
merged_clock,Clock,2,2,3,0,0,178.0123,0.5720470431286856
merged_clock,Clock,2,2,3,0,0,179.0055,0.574342794870144
merged_clock,Clock,2,2,3,0,0,180.0109,0.5766635023310592
merged_clock,Clock,2,2,3,0,0,181.004,0.578952506148349
merged_clock,Clock,2,2,3,0,0,182.0105,0.5812689309074602
merged_clock,Clock,2,2,3,0,0,183.0044,0.5835528381463919
merged_clock,Clock,2,2,3,0,0,184.0103,0.5858606937680833
merged_clock,Clock,2,2,3,0,0,185.0039,0.5881366382754586
merged_clock,Clock,2,2,3,0,0,186.0109,0.5904393953489853
merged_clock,Clock,2,2,3,0,0,187.0144,0.5927302577993256
merged_clock,Clock,2,2,3,0,0,188.0096,0.5949981612939295
merged_clock,Clock,2,2,3,0,0,189.0142,0.5972834135216764
merged_clock,Clock,2,2,3,0,0,190.0089,0.5995419501027427
merged_clock,Clock,2,2,3,0,0,191.0136,0.6018189287187014
merged_clock,Clock,2,2,3,0,0,192.0078,0.6040677869662998
merged_clock,Clock,2,2,3,0,0,193.0136,0.6063384065768407
merged_clock,Clock,2,2,3,0,0,194.0066,0.6085756623704599
merged_clock,Clock,2,2,3,0,0,195.0137,0.6108399978682325
merged_clock,Clock,2,2,3,0,0,196.0059,0.6130661835917337
merged_clock,Clock,2,2,3,0,0,197.0126,0.615320074800682
merged_clock,Clock,2,2,3,0,0,198.0066,0.6175406968467031
merged_clock,Clock,2,2,3,0,0,199.0112,0.6197800001120717
merged_clock,Clock,2,2,3,0,0,200.0051,0.6219904555664917
merged_clock,Clock,2,2,3,0,0,201.0101,0.624220472316419
merged_clock,Clock,2,2,3,0,0,202.0057,0.6264244516882959
merged_clock,Clock,2,2,3,0,0,203.0104,0.6286432548865737
merged_clock,Clock,2,2,3,0,0,204.0044,0.6308330761984575
merged_clock,Clock,2,2,3,0,0,205.0099,0.6330428088023103
merged_clock,Clock,2,2,3,0,0,206.0038,0.6352215402844819
merged_clock,Clock,2,2,3,0,0,207.0091,0.637419636230552
merged_clock,Clock,2,2,3,0,0,208.0138,0.6396107053851401
merged_clock,Clock,2,2,3,0,0,209.0093,0.6417759884420456
merged_clock,Clock,2,2,3,0,0,210.0041,0.6439340167686949
merged_clock,Clock,2,2,3,0,0,211.0063,0.646102169285926
merged_clock,Clock,2,2,3,0,0,212.0139,0.6482759681822733
merged_clock,Clock,2,2,3,0,0,213.0081,0.6504148573942239
merged_clock,Clock,2,2,3,0,0,214.0138,0.6525723245020365
merged_clock,Clock,2,2,3,0,0,215.0059,0.6546945380153889
merged_clock,Clock,2,2,3,0,0,216.0132,0.656842940242829
merged_clock,Clock,2,2,3,0,0,217.0059,0.6589539642084344
merged_clock,Clock,2,2,3,0,0,218.0114,0.6610857723588006
merged_clock,Clock,2,2,3,0,0,219.006,0.6631880726784302
merged_clock,Clock,2,2,3,0,0,220.0104,0.665304577734014
merged_clock,Clock,2,2,3,0,0,221.0062,0.6673963712446523
merged_clock,Clock,2,2,3,0,0,222.0106,0.6694996103486703
merged_clock,Clock,2,2,3,0,0,223.0049,0.6715750117299041
merged_clock,Clock,2,2,3,0,0,224.0104,0.6736670293927551
merged_clock,Clock,2,2,3,0,0,225.0054,0.6757303895452189
merged_clock,Clock,2,2,3,0,0,226.009,0.6778047011618676
merged_clock,Clock,2,2,3,0,0,227.0141,0.6798751049962686
merged_clock,Clock,2,2,3,0,0,228.007,0.6819134619075963
merged_clock,Clock,2,2,3,0,0,229.0136,0.6839728275082535
merged_clock,Clock,2,2,3,0,0,230.007,0.6859981680613908
merged_clock,Clock,2,2,3,0,0,231.0132,0.6880423817803778
merged_clock,Clock,2,2,3,0,0,232.0052,0.6900506233634827
merged_clock,Clock,2,2,3,0,0,233.0103,0.6920780847395136
merged_clock,Clock,2,2,3,0,0,234.006,0.6940793061943487
merged_clock,Clock,2,2,3,0,0,235.0119,0.696093637431503
merged_clock,Clock,2,2,3,0,0,236.0068,0.6980785663321818
merged_clock,Clock,2,2,3,0,0,237.0114,0.7000753400482493
merged_clock,Clock,2,2,3,0,0,238.0062,0.7020451833911612
merged_clock,Clock,2,2,3,0,0,239.0112,0.7040276573099865
merged_clock,Clock,2,2,3,0,0,240.0064,0.7059832225595662
merged_clock,Clock,2,2,3,0,0,241.0103,0.7079482481609148
merged_clock,Clock,2,2,3,0,0,242.0039,0.7098854956234643
merged_clock,Clock,2,2,3,0,0,243.0101,0.7118395221950263
merged_clock,Clock,2,2,3,0,0,244.0035,0.7137609817901538
merged_clock,Clock,2,2,3,0,0,245.0085,0.7156970712704124
merged_clock,Clock,2,2,3,0,0,246.0035,0.7176060807179111
merged_clock,Clock,2,2,3,0,0,247.0071,0.7195237054428815
merged_clock,Clock,2,2,3,0,0,248.0035,0.7214196874461176
merged_clock,Clock,2,2,3,0,0,249.0085,0.7233240545943969
merged_clock,Clock,2,2,3,0,0,250.0133,0.725219988521578
merged_clock,Clock,2,2,3,0,0,251.0078,0.7270884933923056
merged_clock,Clock,2,2,3,0,0,252.0139,0.7289707183448906
merged_clock,Clock,2,2,3,0,0,253.0063,0.7308192992680544
merged_clock,Clock,2,2,3,0,0,254.012,0.7326844910064096
merged_clock,Clock,2,2,3,0,0,255.0076,0.7345228705834171
merged_clock,Clock,2,2,3,0,0,256.0135,0.7363720208434108
merged_clock,Clock,2,2,3,0,0,257.0063,0.7381889754179238
merged_clock,Clock,2,2,3,0,0,258.0114,0.7400202411888263
merged_clock,Clock,2,2,3,0,0,259.0068,0.7418255615527461
merged_clock,Clock,2,2,3,0,0,260.0124,0.7436410490070485
merged_clock,Clock,2,2,3,0,0,261.0036,0.7454223792236216
merged_clock,Clock,2,2,3,0,0,262.0094,0.747221573639513
merged_clock,Clock,2,2,3,0,0,263.0131,0.7490085936193673
merged_clock,Clock,2,2,3,0,0,264.0099,0.7507750006603238
merged_clock,Clock,2,2,3,0,0,265.0028,0.7525262638745487
merged_clock,Clock,2,2,3,0,0,266.0089,0.7542923358774559
merged_clock,Clock,2,2,3,0,0,267.0042,0.7560310634229935
merged_clock,Clock,2,2,3,0,0,268.0081,0.7577763108494546
merged_clock,Clock,2,2,3,0,0,269.0143,0.7595171001391265
merged_clock,Clock,2,2,3,0,0,270.0072,0.7612264183769825
merged_clock,Clock,2,2,3,0,0,271.0114,0.7629467273395525
merged_clock,Clock,2,2,3,0,0,272.0073,0.7646443077415958
merged_clock,Clock,2,2,3,0,0,273.0117,0.7663478598600297
merged_clock,Clock,2,2,3,0,0,274.006,0.768025869595706
merged_clock,Clock,2,2,3,0,0,275.0121,0.7697151278999815
merged_clock,Clock,2,2,3,0,0,276.005,0.7713738302883241
merged_clock,Clock,2,2,3,0,0,277.0126,0.7730484422566201
merged_clock,Clock,2,2,3,0,0,278.003,0.7746859859876182
merged_clock,Clock,2,2,3,0,0,279.0113,0.7763445232386876
merged_clock,Clock,2,2,3,0,0,280.0044,0.7779695480692681
merged_clock,Clock,2,2,3,0,0,281.0101,0.7796065800429689
merged_clock,Clock,2,2,3,0,0,282.0047,0.7812169978229581
merged_clock,Clock,2,2,3,0,0,283.0086,0.7828338777805481
merged_clock,Clock,2,2,3,0,0,284.0052,0.784430403726299
merged_clock,Clock,2,2,3,0,0,285.0094,0.7860305249433013
merged_clock,Clock,2,2,3,0,0,286.0031,0.78760539218372
merged_clock,Clock,2,2,3,0,0,287.0089,0.7891907743020574
merged_clock,Clock,2,2,3,0,0,288.0141,0.7907665121892888
merged_clock,Clock,2,2,3,0,0,289.0098,0.7923188156249655
merged_clock,Clock,2,2,3,0,0,290.0146,0.7938766656833007
merged_clock,Clock,2,2,3,0,0,291.0092,0.7954101754635777
merged_clock,Clock,2,2,3,0,0,292.0125,0.7969485396959753
merged_clock,Clock,2,2,3,0,0,293.0078,0.7984660644056806
merged_clock,Clock,2,2,3,0,0,294.0122,0.7999888434296398
merged_clock,Clock,2,2,3,0,0,295.0077,0.8014895811842524
merged_clock,Clock,2,2,3,0,0,296.0117,0.8029945583580189
merged_clock,Clock,2,2,3,0,0,297.005,0.8044750352461465
merged_clock,Clock,2,2,3,0,0,298.0123,0.8059677281846811
merged_clock,Clock,2,2,3,0,0,299.0035,0.8074281266386396
merged_clock,Clock,2,2,3,0,0,300.0103,0.8089029170087584
merged_clock,Clock,2,2,3,0,0,301.0058,0.8103526259169934
merged_clock,Clock,2,2,10,0,0,0.0111669,0.19914881870521003
merged_clock,Clock,2,2,10,0,0,1.012057,0.20066136810867916
merged_clock,Clock,2,2,10,0,0,2.016093,0.20218730001753357
merged_clock,Clock,2,2,10,0,0,3.010889,0.20370771648555724
merged_clock,Clock,2,2,10,0,0,4.016617,0.2052534732732224
merged_clock,Clock,2,2,10,0,0,5.021381,0.2068064195368916
merged_clock,Clock,2,2,10,0,0,6.014998,0.20835066246940026
merged_clock,Clock,2,2,10,0,0,7.020225,0.20992157803579647
merged_clock,Clock,2,2,10,0,0,8.013659,0.21148259095379823
merged_clock,Clock,2,2,10,0,0,9.020951,0.21307403737363423
merged_clock,Clock,2,2,10,0,0,10.01489,0.21465292793858629
merged_clock,Clock,2,2,10,0,0,11.01861,0.21625596750314172
merged_clock,Clock,2,2,10,0,0,12.01271,0.2178521684335612
merged_clock,Clock,2,2,10,0,0,13.01954,0.21947745687225176
merged_clock,Clock,2,2,10,0,0,14.01319,0.22108999730152604
merged_clock,Clock,2,2,10,0,0,15.01802,0.22272928994238042
merged_clock,Clock,2,2,10,0,0,16.01334,0.22436160023945634
merged_clock,Clock,2,2,10,0,0,17.01859,0.22601880831965326
merged_clock,Clock,2,2,10,0,0,18.01184,0.22766472535202253
merged_clock,Clock,2,2,10,0,0,19.01682,0.22933866516381465
merged_clock,Clock,2,2,10,0,0,20.02117,0.2310201716306611
merged_clock,Clock,2,2,10,0,0,21.0167,0.23269540830426944
merged_clock,Clock,2,2,10,0,0,22.02043,0.2343929897654651
merged_clock,Clock,2,2,10,0,0,23.01568,0.23608469772719878
merged_clock,Clock,2,2,10,0,0,24.01937,0.23779927353694955
merged_clock,Clock,2,2,10,0,0,25.01513,0.23950875156803092
merged_clock,Clock,2,2,10,0,0,26.01989,0.24124219562809132
merged_clock,Clock,2,2,10,0,0,27.01472,0.2429669199468031
merged_clock,Clock,2,2,10,0,0,28.01895,0.24471640928913366
merged_clock,Clock,2,2,10,0,0,29.01199,0.2464547613268124
merged_clock,Clock,2,2,10,0,0,30.01753,0.2482234440211846
merged_clock,Clock,2,2,10,0,0,31.01381,0.24998420038619049
merged_clock,Clock,2,2,10,0,0,32.01852,0.2517682725463599
merged_clock,Clock,2,2,10,0,0,33.01236,0.25354133114358385
merged_clock,Clock,2,2,10,0,0,34.01991,0.25534724575182555
merged_clock,Clock,2,2,10,0,0,35.01221,0.257134072606103
merged_clock,Clock,2,2,10,0,0,36.01753,0.2589526536840974
merged_clock,Clock,2,2,10,0,0,37.01078,0.2607576052686429
merged_clock,Clock,2,2,10,0,0,38.01584,0.2625922802536691
merged_clock,Clock,2,2,10,0,0,39.01059,0.2644163039198319
merged_clock,Clock,2,2,10,0,0,40.01589,0.2662678927753596
merged_clock,Clock,2,2,10,0,0,41.02021,0.2681259106402279
merged_clock,Clock,2,2,10,0,0,42.01669,0.26997751750436405
merged_clock,Clock,2,2,10,0,0,43.01923,0.2718484984557083
merged_clock,Clock,2,2,10,0,0,44.0157,0.27371618386858926
merged_clock,Clock,2,2,10,0,0,45.02111,0.2756087040518522
merged_clock,Clock,2,2,10,0,0,46.01507,0.27748762337671035
merged_clock,Clock,2,2,10,0,0,47.02006,0.27939539030737603
merged_clock,Clock,2,2,10,0,0,48.01473,0.28129144846708676
merged_clock,Clock,2,2,10,0,0,49.01929,0.2832142965805728
merged_clock,Clock,2,2,10,0,0,50.01391,0.28512592101726536
merged_clock,Clock,2,2,10,0,0,51.01996,0.28706738822547173
merged_clock,Clock,2,2,10,0,0,52.01444,0.28899426774486237
merged_clock,Clock,2,2,10,0,0,53.01861,0.2909476890314578
merged_clock,Clock,2,2,10,0,0,54.01284,0.2928894288474411
merged_clock,Clock,2,2,10,0,0,55.0173,0.29485882980149597
merged_clock,Clock,2,2,10,0,0,56.01141,0.2968155045576894
merged_clock,Clock,2,2,10,0,0,57.01705,0.29880249029574024
merged_clock,Clock,2,2,10,0,0,58.01223,0.3007762948349317
merged_clock,Clock,2,2,10,1,1,59.01763,0.3027778992896293
merged_clock,Clock,2,2,10,1,1,60.0202,0.30478134338726665
merged_clock,Clock,2,2,10,1,1,61.0151,0.3067768039000484
merged_clock,Clock,2,2,10,1,1,62.01236,0.3087842883012575
merged_clock,Clock,2,2,10,1,1,63.01472,0.3108093420282684
merged_clock,Clock,2,2,10,1,1,64.02164,0.3128509170376654
merged_clock,Clock,2,2,10,1,1,65.01318,0.3148684470566335
merged_clock,Clock,2,2,10,1,1,66.01991,0.316924041503238
merged_clock,Clock,2,2,10,1,1,67.01516,0.318963240608569
merged_clock,Clock,2,2,10,1,1,68.0201,0.3210293647579004
merged_clock,Clock,2,2,10,1,1,69.01548,0.32308275309559675
merged_clock,Clock,2,2,10,1,1,70.01782,0.3251574273516189
merged_clock,Clock,2,2,10,1,1,71.01399,0.3272261450213556
merged_clock,Clock,2,2,10,1,1,72.0199,0.32932191738412464
merged_clock,Clock,2,2,10,1,1,73.01332,0.3313983689108484
merged_clock,Clock,2,2,10,1,1,74.01628,0.33350143152991846
merged_clock,Clock,2,2,10,1,1,75.01249,0.33559691621043347
merged_clock,Clock,2,2,10,1,1,76.01789,0.3377183242444095
merged_clock,Clock,2,2,10,1,1,77.01308,0.339824628361733
merged_clock,Clock,2,2,10,1,1,78.01806,0.34195811407755994
merged_clock,Clock,2,2,10,1,1,79.01257,0.34407569152617107
merged_clock,Clock,2,2,10,1,1,80.01762,0.34622200002164943
merged_clock,Clock,2,2,10,1,1,81.01065,0.3483488293265309
merged_clock,Clock,2,2,10,1,1,82.01672,0.3505097647366202
merged_clock,Clock,2,2,10,1,1,83.0102,0.3526496804843618
merged_clock,Clock,2,2,10,1,1,84.01569,0.3548215144148404
merged_clock,Clock,2,2,10,1,1,85.01024,0.3569756024550768
merged_clock,Clock,2,2,10,1,1,86.01532,0.3591584009395327
merged_clock,Clock,2,2,10,1,1,87.02048,0.3613472125127818
merged_clock,Clock,2,2,10,1,1,88.01484,0.3635181954654236
merged_clock,Clock,2,2,10,1,1,89.01871,0.36571558791564285
merged_clock,Clock,2,2,10,1,1,90.01411,0.36789997732935
merged_clock,Clock,2,2,10,1,1,91.02004,0.37011300904098987
merged_clock,Clock,2,2,10,1,1,92.01411,0.37230529871435636
merged_clock,Clock,2,2,10,1,1,93.01667,0.3745216646553721
merged_clock,Clock,2,2,10,1,1,94.01209,0.37672746273867996
merged_clock,Clock,2,2,10,1,1,95.01888,0.3789636596463896
merged_clock,Clock,2,2,10,1,1,96.01253,0.3811757141015899
merged_clock,Clock,2,2,10,1,1,97.01734,0.3834176581587413
merged_clock,Clock,2,2,10,1,1,98.01128,0.38564021604092885
merged_clock,Clock,2,2,10,1,1,99.01738,0.3878948517987131
merged_clock,Clock,2,2,10,1,1,100.0119,0.3901282622029174
merged_clock,Clock,2,2,10,1,1,101.0169,0.3923898860939096
merged_clock,Clock,2,2,10,1,1,102.0109,0.3946313207675306
merged_clock,Clock,2,2,10,1,1,103.0154,0.39690093897484585
merged_clock,Clock,2,2,10,1,1,104.0211,0.39917771750227715
merged_clock,Clock,2,2,10,1,1,105.0151,0.4014322918357362
merged_clock,Clock,2,2,10,1,1,106.0185,0.40371244041482307
merged_clock,Clock,2,2,10,1,1,107.0145,0.4059798928804931
merged_clock,Clock,2,2,10,1,1,108.0193,0.4082714405445221
merged_clock,Clock,2,2,10,1,1,109.0143,0.41054456635530523
merged_clock,Clock,2,2,10,1,1,110.0176,0.41284054754171606
merged_clock,Clock,2,2,10,1,1,111.014,0.4151244863685185
merged_clock,Clock,2,2,10,1,1,112.0183,0.4174302390080104
merged_clock,Clock,2,2,10,1,1,113.0131,0.41971773164715426
merged_clock,Clock,2,2,10,1,1,114.0191,0.4220344911418423
merged_clock,Clock,2,2,10,1,1,115.0122,0.4243249280555351
merged_clock,Clock,2,2,10,1,1,116.0176,0.4266470451207436
merged_clock,Clock,2,2,10,1,1,117.0129,0.4289490218453669
merged_clock,Clock,2,2,10,1,1,118.0164,0.43127308373028933
merged_clock,Clock,2,2,10,1,1,119.011,0.4335795164363106
merged_clock,Clock,2,2,10,1,1,120.0165,0.4359141595871616
merged_clock,Clock,2,2,10,1,1,121.0208,0.438248843342781
merged_clock,Clock,2,2,10,1,1,122.0172,0.440567875987425
merged_clock,Clock,2,2,10,1,1,123.0102,0.4428815902445741
merged_clock,Clock,2,2,10,1,1,124.0157,0.44522695036577314
merged_clock,Clock,2,2,10,1,1,125.0099,0.44754835643610563
merged_clock,Clock,2,2,10,1,1,126.0156,0.44989893667468456
merged_clock,Clock,2,2,10,1,1,127.0205,0.45224988106865693
merged_clock,Clock,2,2,10,1,1,128.0132,0.45457437953334506
merged_clock,Clock,2,2,10,1,1,129.0192,0.45693203776717156
merged_clock,Clock,2,2,10,1,1,130.0125,0.45926183830189676
merged_clock,Clock,2,2,10,1,1,131.019,0.4616244143194004
merged_clock,Clock,2,2,10,1,1,132.013,0.46395934949992396
merged_clock,Clock,2,2,10,1,1,133.0187,0.4663233852705278
merged_clock,Clock,2,2,10,1,1,134.0126,0.4686611468302731
merged_clock,Clock,2,2,10,1,1,135.0184,0.47102830374383226
merged_clock,Clock,2,2,10,1,1,136.0119,0.4733677962387426
merged_clock,Clock,2,2,10,1,1,137.0159,0.4757331977859467
merged_clock,Clock,2,2,10,1,1,138.0115,0.47807990308223247
merged_clock,Clock,2,2,10,1,1,139.0161,0.4804487731204232
merged_clock,Clock,2,2,10,1,1,140.0103,0.4827940063469952
merged_clock,Clock,2,2,10,1,1,141.0157,0.48516642995081444
merged_clock,Clock,2,2,10,1,1,142.0195,0.48753574009256373
merged_clock,Clock,2,2,10,1,1,143.0153,0.48988673171125907
merged_clock,Clock,2,2,10,1,1,144.0207,0.4922608363092548
merged_clock,Clock,2,2,10,1,1,145.0155,0.494610243098047
merged_clock,Clock,2,2,10,1,1,146.0199,0.49698255808317476
merged_clock,Clock,2,2,10,1,1,147.0127,0.4993276163872917
merged_clock,Clock,2,2,10,1,1,148.02,0.501706980668866
merged_clock,Clock,2,2,10,1,1,149.0134,0.5040533987042726
merged_clock,Clock,2,2,10,1,1,150.02,0.5064308462114104
merged_clock,Clock,2,2,10,1,1,151.0128,0.5087753941860641
merged_clock,Clock,2,2,10,1,1,152.019,0.5111511861660253
merged_clock,Clock,2,2,10,1,1,153.0129,0.5134974451161441
merged_clock,Clock,2,2,10,1,1,154.0177,0.5158688541129255
merged_clock,Clock,2,2,10,1,1,155.0138,0.5182189955533985
merged_clock,Clock,2,2,10,1,1,156.0173,0.520585818364295
merged_clock,Clock,2,2,10,1,1,157.0121,0.5229311802572757
merged_clock,Clock,2,2,10,1,1,158.0172,0.5252997980745757
merged_clock,Clock,2,2,10,1,1,159.0117,0.5276423407541483
merged_clock,Clock,2,2,10,1,1,160.0161,0.5300069385829962
merged_clock,Clock,2,2,10,1,1,161.021,0.532371374529168
merged_clock,Clock,2,2,10,1,1,162.0149,0.5347084958764513
merged_clock,Clock,2,2,10,1,1,163.0101,0.5370471768855347
merged_clock,Clock,2,2,10,1,1,164.014,0.5394046459794458
merged_clock,Clock,2,2,10,1,1,165.0201,0.5417654716351373
merged_clock,Clock,2,2,10,1,1,166.0137,0.5440951698309736
merged_clock,Clock,2,2,10,1,1,167.0202,0.5464531335327535
merged_clock,Clock,2,2,10,1,1,168.0124,0.5487755642694304
merged_clock,Clock,2,2,10,1,1,169.0185,0.5511283283738541
merged_clock,Clock,2,2,10,1,1,170.0145,0.5534552546888624
merged_clock,Clock,2,2,10,1,1,171.0195,0.5558008416289075
merged_clock,Clock,2,2,10,1,1,172.0128,0.5581166729640482
merged_clock,Clock,2,2,10,1,1,173.0173,0.5604560483089919
merged_clock,Clock,2,2,10,1,1,174.0125,0.562771101090526
merged_clock,Clock,2,2,10,1,1,175.0163,0.5651034062972444
merged_clock,Clock,2,2,10,1,1,176.0207,0.5674342485755755
merged_clock,Clock,2,2,10,1,1,177.0161,0.5697412227072438
merged_clock,Clock,2,2,10,1,1,178.012,0.5720463372380048
merged_clock,Clock,2,2,10,1,1,179.0161,0.5743672907092827
merged_clock,Clock,2,2,10,1,1,180.012,0.576666036408686
merged_clock,Clock,2,2,10,1,1,181.0155,0.5789790046445918
merged_clock,Clock,2,2,10,1,1,182.0101,0.5812680185492964
merged_clock,Clock,2,2,10,1,1,183.0154,0.5835780991831404
merged_clock,Clock,2,2,10,1,1,184.0213,0.5858859141574609
merged_clock,Clock,2,2,10,1,1,185.0127,0.5881567537501334
merged_clock,Clock,2,2,10,1,1,186.0206,0.590461568458506
merged_clock,Clock,2,2,10,1,1,187.0159,0.5927336685057251
merged_clock,Clock,2,2,10,1,1,188.018,0.5950173038763515
merged_clock,Clock,2,2,10,1,1,189.0154,0.597286118437068
merged_clock,Clock,2,2,10,1,1,190.0186,0.5995639646288794
merged_clock,Clock,2,2,10,1,1,191.0107,0.6018123645331008
merged_clock,Clock,2,2,10,1,1,192.0174,0.6040894756226076
merged_clock,Clock,2,2,10,1,1,193.0112,0.6063330037828544
merged_clock,Clock,2,2,10,1,1,194.017,0.6085990499067118
merged_clock,Clock,2,2,10,1,1,195.011,0.6108339317657279
merged_clock,Clock,2,2,10,1,1,196.0182,0.6130937482726498
merged_clock,Clock,2,2,10,1,1,197.0109,0.6153162527272708
merged_clock,Clock,2,2,10,1,1,198.0163,0.6175623190253147
merged_clock,Clock,2,2,10,1,1,199.0115,0.6197806796003147
merged_clock,Clock,2,2,10,1,1,200.0158,0.6220142173336138
merged_clock,Clock,2,2,10,1,1,201.0212,0.6242450578402569
merged_clock,Clock,2,2,10,1,1,202.0163,0.6264478659628503
merged_clock,Clock,2,2,10,1,1,203.021,0.628666612530994
merged_clock,Clock,2,2,10,1,1,204.0153,0.6308570820441033
merged_clock,Clock,2,2,10,1,1,205.0196,0.6330641088161634
merged_clock,Clock,2,2,10,1,1,206.0148,0.6352456261993829
merged_clock,Clock,2,2,10,1,1,207.0199,0.637443226693839
merged_clock,Clock,2,2,10,1,1,208.0151,0.6396135634026897
merged_clock,Clock,2,2,10,1,1,209.0168,0.6417922956075262
merged_clock,Clock,2,2,10,1,1,210.0138,0.6439550071071587
merged_clock,Clock,2,2,10,1,1,211.0185,0.6461285082175826
merged_clock,Clock,2,2,10,1,1,212.0106,0.6482688675453299
merged_clock,Clock,2,2,10,1,1,213.0167,0.6504333129062365
merged_clock,Clock,2,2,10,1,1,214.0211,0.6525879813230002
merged_clock,Clock,2,2,10,1,1,215.0173,0.6547188844358364
merged_clock,Clock,2,2,10,1,1,216.0123,0.6568410229579308
merged_clock,Clock,2,2,10,1,1,217.0155,0.6589743436393195
merged_clock,Clock,2,2,10,1,1,218.0131,0.6610893901549353
merged_clock,Clock,2,2,10,1,1,219.0151,0.6632072979280021
merged_clock,Clock,2,2,10,1,1,220.0206,0.6653260224065215
merged_clock,Clock,2,2,10,1,1,221.0155,0.6674158927745987
merged_clock,Clock,2,2,10,1,1,222.0192,0.6695175702650369
merged_clock,Clock,2,2,10,1,1,223.0144,0.6715948220576652
merged_clock,Clock,2,2,10,1,1,224.0182,0.6736832251469342
merged_clock,Clock,2,2,10,1,1,225.0146,0.67574943844793
merged_clock,Clock,2,2,10,1,1,226.0191,0.6778255438620424
merged_clock,Clock,2,2,10,1,1,227.0143,0.6798755129128692
merged_clock,Clock,2,2,10,1,1,228.0199,0.6819398860696042
merged_clock,Clock,2,2,10,1,1,229.0149,0.6839754763792414
merged_clock,Clock,2,2,10,1,1,230.0192,0.6860229806570003
merged_clock,Clock,2,2,10,1,1,231.0134,0.6880427840651299
merged_clock,Clock,2,2,10,1,1,232.0176,0.6900756612503101
merged_clock,Clock,2,2,10,1,1,233.0125,0.6920825089526681
merged_clock,Clock,2,2,10,1,1,234.0187,0.6941048057384672
merged_clock,Clock,2,2,10,1,1,235.0131,0.6960960468551255
merged_clock,Clock,2,2,10,1,1,236.0166,0.6980980739797231
merged_clock,Clock,2,2,10,1,1,237.0101,0.7000727669490383
merged_clock,Clock,2,2,10,1,1,238.0171,0.7020667455408534
merged_clock,Clock,2,2,10,1,1,239.0119,0.704029039213371
merged_clock,Clock,2,2,10,1,1,240.0162,0.7060024644952748
merged_clock,Clock,2,2,10,1,1,241.0115,0.7079506030311246
merged_clock,Clock,2,2,10,1,1,242.0157,0.7099084468904969
merged_clock,Clock,2,2,10,1,1,243.0193,0.7118573544149743
merged_clock,Clock,2,2,10,1,1,244.015,0.7137831904563566
merged_clock,Clock,2,2,10,1,1,245.0209,0.7157209202457707
merged_clock,Clock,2,2,10,1,1,246.0146,0.7176273494938947
merged_clock,Clock,2,2,10,1,1,247.0186,0.7195456426752621
merged_clock,Clock,2,2,10,1,1,248.015,0.7214415337962351
merged_clock,Clock,2,2,10,1,1,249.0188,0.7233435296286725
merged_clock,Clock,2,2,10,1,1,250.0104,0.725214529802194
merged_clock,Clock,2,2,10,1,1,251.0183,0.7271081753076803
merged_clock,Clock,2,2,10,1,1,252.0135,0.728969977751888
merged_clock,Clock,2,2,10,1,1,253.0179,0.7308408536771365
merged_clock,Clock,2,2,10,1,1,254.0114,0.732683389756423
merged_clock,Clock,2,2,10,1,1,255.018,0.7345420434204828
merged_clock,Clock,2,2,10,1,1,256.0106,0.7363667031318356
merged_clock,Clock,2,2,10,1,1,257.0179,0.7382102068201418
merged_clock,Clock,2,2,10,1,1,258.0125,0.7400222382627253
merged_clock,Clock,2,2,10,1,1,259.0168,0.7418436744751837
merged_clock,Clock,2,2,10,1,1,260.0098,0.7436363765755685
merged_clock,Clock,2,2,10,1,1,261.0157,0.745444047045027
merged_clock,Clock,2,2,10,1,1,262.0208,0.7472419421379095
merged_clock,Clock,2,2,10,1,1,263.0148,0.7490116291981942
merged_clock,Clock,2,2,10,1,1,264.0195,0.7507919952878155
merged_clock,Clock,2,2,10,1,1,265.0154,0.7525484405964021
merged_clock,Clock,2,2,10,1,1,266.0211,0.7543136578887706
merged_clock,Clock,2,2,10,1,1,267.0141,0.7560482947362093
merged_clock,Clock,2,2,10,1,1,268.0197,0.7577964749984124
merged_clock,Clock,2,2,10,1,1,269.0141,0.7595167314760818
merged_clock,Clock,2,2,10,1,1,270.0194,0.7612473815304488
merged_clock,Clock,2,2,10,1,1,271.015,0.7629528809198671
merged_clock,Clock,2,2,10,1,1,272.0182,0.7646628323967772
merged_clock,Clock,2,2,10,1,1,273.0125,0.7663492538773102
merged_clock,Clock,2,2,10,1,1,274.0172,0.768044722520357
merged_clock,Clock,2,2,10,1,1,275.0119,0.7697148212404513
merged_clock,Clock,2,2,10,1,1,276.0185,0.7713963057008333
merged_clock,Clock,2,2,10,1,1,277.0111,0.7730459634239325
merged_clock,Clock,2,2,10,1,1,278.0171,0.7747092374123465
merged_clock,Clock,2,2,10,1,1,279.011,0.7763440225774615
merged_clock,Clock,2,2,10,1,1,280.0167,0.7779896193802636
merged_clock,Clock,2,2,10,1,1,281.0197,0.7796221857419645
merged_clock,Clock,2,2,10,1,1,282.0163,0.7812357246870084
merged_clock,Clock,2,2,10,1,1,283.0205,0.7828529948828272
merged_clock,Clock,2,2,10,1,1,284.0165,0.7844484926281867
merged_clock,Clock,2,2,10,1,1,285.02,0.7860473523759236
merged_clock,Clock,2,2,10,1,1,286.0127,0.7876205375607188
merged_clock,Clock,2,2,10,1,1,287.0202,0.7892085231234454
merged_clock,Clock,2,2,10,1,1,288.0143,0.7907668461434281
merged_clock,Clock,2,2,10,1,1,289.0207,0.7923357536141237
merged_clock,Clock,2,2,10,1,1,290.0141,0.7938759107469298
merged_clock,Clock,2,2,10,1,1,291.0206,0.7954277240654261
merged_clock,Clock,2,2,10,1,1,292.0137,0.7969503594351092
merged_clock,Clock,2,2,10,1,1,293.0199,0.7984844380208277
merged_clock,Clock,2,2,10,1,1,294.0122,0.7999888434296398
merged_clock,Clock,2,2,10,1,1,295.0179,0.8015049493815585
merged_clock,Clock,2,2,10,1,1,296.0117,0.8029945583580189
merged_clock,Clock,2,2,10,1,1,297.018,0.8044943557178599
merged_clock,Clock,2,2,10,1,1,298.0117,0.8059668263395505
merged_clock,Clock,2,2,10,1,1,299.0169,0.8074478079453873
merged_clock,Clock,2,2,10,1,1,300.011,0.8089038975861383
merged_clock,Clock,2,2,10,1,1,301.0153,0.8103664068544342
merged_clock,Clock,3,3,4,0,0,0.0,0.22414905896675916
merged_clock,Clock,3,3,4,0,0,1.008661,0.2256047672648605
merged_clock,Clock,3,3,4,0,0,2.002721,0.227045945863731
merged_clock,Clock,3,3,4,0,0,3.008869,0.2285112580196379
merged_clock,Clock,3,3,4,0,0,4.00239,0.2299646994731608
merged_clock,Clock,3,3,4,0,0,5.007593,0.23144181719133458
merged_clock,Clock,3,3,4,0,0,6.002728,0.2329106584996967
merged_clock,Clock,3,3,4,0,0,7.007195,0.23439984478253503
merged_clock,Clock,3,3,4,0,0,8.00138,0.2358802799148307
merged_clock,Clock,3,3,4,0,0,9.006776,0.23738396992729774
merged_clock,Clock,3,3,4,0,0,10.00242,0.23887956900002097
merged_clock,Clock,3,3,4,0,0,11.00579,0.2403932996795841
merged_clock,Clock,3,3,4,0,0,12.00219,0.2419029913442522
merged_clock,Clock,3,3,4,0,0,13.00505,0.24342897668683985
merged_clock,Clock,3,3,4,0,0,14.01213,0.24496794029060887
merged_clock,Clock,3,3,4,0,0,15.00486,0.24649139489289942
merged_clock,Clock,3,3,4,0,0,16.00989,0.2480402052922495
merged_clock,Clock,3,3,4,0,0,17.0052,0.24958045097891468
merged_clock,Clock,3,3,4,0,0,18.01026,0.2511422495063804
merged_clock,Clock,3,3,4,0,0,19.00413,0.2526930330765954
merged_clock,Clock,3,3,4,0,0,20.01035,0.25426953016222464
merged_clock,Clock,3,3,4,0,0,21.00403,0.25583272965526943
merged_clock,Clock,3,3,4,0,0,22.0082,0.25741882207656414
merged_clock,Clock,3,3,4,0,0,23.00246,0.25899557994579453
merged_clock,Clock,3,3,4,0,0,24.00895,0.260598114733113
merged_clock,Clock,3,3,4,0,0,25.00289,0.2621869575751854
merged_clock,Clock,3,3,4,0,0,26.00946,0.2638023409603391
merged_clock,Clock,3,3,4,0,0,27.00454,0.26540554552438095
merged_clock,Clock,3,3,4,0,0,28.00746,0.2670276660550671
merged_clock,Clock,3,3,4,0,0,29.00091,0.26864066948534415
merged_clock,Clock,3,3,4,0,0,30.00637,0.27027943654358844
merged_clock,Clock,3,3,4,0,0,31.00367,0.27191110511525607
merged_clock,Clock,3,3,4,0,0,32.00863,0.27356153479998896
merged_clock,Clock,3,3,4,0,0,33.0014,0.2751980665613845
merged_clock,Clock,3,3,4,0,0,34.00493,0.2768584894300044
merged_clock,Clock,3,3,4,0,0,35.01046,0.2785284128879871
merged_clock,Clock,3,3,4,0,0,36.00857,0.2801921158590754
merged_clock,Clock,3,3,4,0,0,37.01118,0.2818694117122927
merged_clock,Clock,3,3,4,0,0,38.00753,0.2835422637087157
merged_clock,Clock,3,3,4,0,0,39.01064,0.28523251096117386
merged_clock,Clock,3,3,4,0,0,40.00348,0.2869114028883408
merged_clock,Clock,3,3,4,0,0,41.01133,0.28862170433766754
merged_clock,Clock,3,3,4,0,0,42.00616,0.29031583955677115
merged_clock,Clock,3,3,4,0,0,43.01037,0.2920318876041141
merged_clock,Clock,3,3,4,0,0,44.00665,0.29374026439197964
merged_clock,Clock,3,3,4,0,0,45.0107,0.29546785717441443
merged_clock,Clock,3,3,4,0,0,46.00231,0.29717982200561593
merged_clock,Clock,3,3,4,0,0,47.01059,0.2989264161557628
merged_clock,Clock,3,3,4,0,0,48.00177,0.3006491182775357
merged_clock,Clock,3,3,4,0,0,48.99564,0.3023821634811377
merged_clock,Clock,3,3,4,0,0,50.01097,0.30415846143308123
merged_clock,Clock,3,3,4,0,0,51.01345,0.3059180234895122
merged_clock,Clock,3,3,4,0,0,52.01149,0.3076754324149536
merged_clock,Clock,3,4,5,0,0,0.0112268,0.22416522476368922
merged_clock,Clock,3,4,5,0,0,1.010952,0.22560808121727519
merged_clock,Clock,3,4,5,0,0,2.01688,0.22706652028299346
merged_clock,Clock,3,4,5,0,0,3.010709,0.22851394397404104
merged_clock,Clock,3,4,5,0,0,4.015441,0.22998383516402698
merged_clock,Clock,3,4,5,0,0,5.010154,0.23144558839690357
merged_clock,Clock,3,4,5,0,0,6.01441,0.23292793993283112
merged_clock,Clock,3,4,5,0,0,7.008793,0.23440221899812896
merged_clock,Clock,3,4,5,0,0,8.014668,0.2359001114498479
merged_clock,Clock,3,4,5,0,0,9.007746,0.2373854236917645
merged_clock,Clock,3,4,5,0,0,10.01372,0.23889657894479943
merged_clock,Clock,3,4,5,0,0,11.00726,0.24039552304965053
merged_clock,Clock,3,4,5,0,0,12.01249,0.2419186319802829
merged_clock,Clock,3,4,5,0,0,13.00669,0.24343147799269524
merged_clock,Clock,3,4,5,0,0,14.01282,0.24496899766479846
merged_clock,Clock,3,4,5,0,0,15.00744,0.24649536200490363
merged_clock,Clock,3,4,5,0,0,16.01075,0.2480415337228834
merged_clock,Clock,3,4,5,0,0,17.01668,0.24959825402200925
merged_clock,Clock,3,4,5,0,0,18.0118,0.251144649315541
merged_clock,Clock,3,4,5,0,0,19.01557,0.2527109207473318
merged_clock,Clock,3,4,5,0,0,20.00926,0.25426782031931117
merged_clock,Clock,3,4,5,0,0,21.01652,0.2558524171821309
merged_clock,Clock,3,4,5,0,0,22.00971,0.2574212129445291
merged_clock,Clock,3,4,5,0,0,23.01418,0.2590142016477473
merged_clock,Clock,3,4,5,0,0,24.00919,0.2605984981466419
merged_clock,Clock,3,4,5,0,0,25.01588,0.2622077652838756
merged_clock,Clock,3,4,5,0,0,26.00942,0.2638022765527273
merged_clock,Clock,3,4,5,0,0,27.01412,0.2654210113730486
merged_clock,Clock,3,4,5,0,0,28.00889,0.2670299842564581
merged_clock,Clock,3,4,5,0,0,29.01367,0.2686614274208616
merged_clock,Clock,3,4,5,0,0,30.00709,0.27028061078229465
merged_clock,Clock,3,4,5,0,0,31.01377,0.27192766016375935
merged_clock,Clock,3,4,5,0,0,32.00727,0.27355930031413445
merged_clock,Clock,3,4,5,0,0,33.01159,0.2752148941427578
merged_clock,Clock,3,4,5,0,0,34.00792,0.2768634470639077
merged_clock,Clock,3,4,5,0,0,35.01075,0.27852889525479246
merged_clock,Clock,3,4,5,0,0,36.00707,0.2801896060401053
merged_clock,Clock,3,4,5,0,0,37.01272,0.2818719882261363
merged_clock,Clock,3,4,5,0,0,38.01709,0.28355834317908335
merged_clock,Clock,3,4,5,0,0,39.01067,0.28523256247557793
merged_clock,Clock,3,4,5,0,0,40.01581,0.2869322884881975
merged_clock,Clock,3,4,5,0,0,41.01084,0.288620874268945
merged_clock,Clock,3,4,5,0,0,42.01547,0.2903317179861412
merged_clock,Clock,3,4,5,0,0,43.01104,0.2920330369003814
merged_clock,Clock,3,4,5,0,0,44.01458,0.293753887090762
merged_clock,Clock,3,4,5,0,0,45.00882,0.29546461578324973
merged_clock,Clock,3,4,5,0,0,46.01222,0.2971969543804657
merged_clock,Clock,3,4,5,0,0,47.00699,0.2989201677080064
merged_clock,Clock,3,4,5,0,0,48.01369,0.30066987164049697
merged_clock,Clock,3,4,5,0,0,49.00858,0.3024047637516629
merged_clock,Clock,3,4,5,0,0,50.01452,0.30416467828544175
merged_clock,Clock,3,4,5,0,0,51.00806,0.305908547401506
merged_clock,Clock,3,4,5,0,0,52.01318,0.3076784128681845
merged_clock,Clock,3,4,5,0,0,53.00839,0.3094364181845485
merged_clock,Clock,3,4,5,0,0,54.01276,0.3112162156487983
merged_clock,Clock,3,4,5,0,0,55.0175,0.31300226889350974
merged_clock,Clock,3,4,5,0,0,56.01182,0.3147752754978041
merged_clock,Clock,3,4,5,0,0,57.00686,0.3165549822769928
merged_clock,Clock,3,4,5,0,0,58.01109,0.3183565946064045
merged_clock,Clock,3,4,5,0,0,59.01705,0.3201667782477104
merged_clock,Clock,3,4,5,0,0,60.01059,0.32195993542470336
merged_clock,Clock,3,4,5,0,0,61.01579,0.3237794925525702
merged_clock,Clock,3,4,5,0,0,62.00929,0.3255831238382042
merged_clock,Clock,3,4,5,0,0,63.01626,0.32741649700580877
merged_clock,Clock,3,4,5,0,0,64.01065,0.32923215656837235
merged_clock,Clock,3,4,5,0,0,65.01405,0.3310694503444539
merged_clock,Clock,3,4,5,0,0,66.00948,0.3328972486262589
merged_clock,Clock,3,4,5,0,0,67.01539,0.33474940254037683
merged_clock,Clock,3,4,5,0,0,68.00793,0.3365819487424304
merged_clock,Clock,3,4,5,0,0,69.014,0.3384445138110649
merged_clock,Clock,3,4,5,0,0,70.00879,0.34029112466099076
merged_clock,Clock,3,4,5,0,0,71.01364,0.3421613541523654
merged_clock,Clock,3,4,5,0,0,72.00794,0.344016786651932
merged_clock,Clock,3,4,5,0,0,73.01243,0.3458960702584114
merged_clock,Clock,3,4,5,0,0,74.01789,0.3477820112822875
merged_clock,Clock,3,4,5,0,0,75.01195,0.34965126306721284
merged_clock,Clock,3,4,5,0,0,76.01669,0.3515453210368274
merged_clock,Clock,3,4,5,0,0,77.01137,0.35342500844443925
merged_clock,Clock,3,4,5,0,0,78.01778,0.3553314942615985
merged_clock,Clock,3,4,5,0,0,79.00958,0.3572148201673781
merged_clock,Clock,3,4,5,0,0,80.01713,0.359132560695891
merged_clock,Clock,3,4,5,0,0,81.01,0.36102679080266076
merged_clock,Clock,3,4,5,0,0,82.01595,0.36295038796116036
merged_clock,Clock,3,4,5,0,0,83.00983,0.36485520847693514
merged_clock,Clock,3,4,5,0,0,84.01365,0.3667834014877794
merged_clock,Clock,3,4,5,0,0,85.00916,0.3686998570383627
merged_clock,Clock,3,4,5,0,0,86.01279,0.37063612854782924
merged_clock,Clock,3,4,5,0,0,87.00995,0.3725640601617421
merged_clock,Clock,3,4,5,0,0,88.01443,0.374510243630286
merged_clock,Clock,3,4,5,0,0,89.00826,0.37643980856651815
merged_clock,Clock,3,4,5,0,0,90.01387,0.37839622706967563
merged_clock,Clock,3,4,5,0,0,91.00777,0.3803337583879661
merged_clock,Clock,3,4,5,0,0,92.01324,0.38229773848485565
merged_clock,Clock,3,4,5,0,0,93.00788,0.3842443628405134
merged_clock,Clock,3,4,5,0,0,94.01026,0.38620988599373907
merged_clock,Clock,3,4,5,0,0,95.00691,0.3881678583222902
merged_clock,Clock,3,4,5,1,1,96.01107,0.3901442370994766
merged_clock,Clock,3,4,5,1,1,97.01478,0.39212334105507957
merged_clock,Clock,3,4,5,1,1,98.00982,0.3940888614862704
merged_clock,Clock,3,4,5,1,1,99.0165,0.39608087276915344
merged_clock,Clock,3,4,5,1,1,100.0108,0.39805177230788813
merged_clock,Clock,3,4,5,1,1,101.0142,0.40004405487111494
merged_clock,Clock,3,4,5,1,1,102.0099,0.4020243415207227
merged_clock,Clock,3,4,5,1,1,103.0166,0.40402974789499524
merged_clock,Clock,3,4,5,1,1,104.0105,0.40601280181996396
merged_clock,Clock,3,4,5,1,1,105.0166,0.4080233380291059
merged_clock,Clock,3,4,5,1,1,106.0182,0.4100279417002585
merged_clock,Clock,3,4,5,1,1,107.0155,0.4120269078560791
merged_clock,Clock,3,4,5,1,1,108.0081,0.4140193398884987
merged_clock,Clock,3,4,5,1,1,109.0137,0.4160407407421848
merged_clock,Clock,3,4,5,1,1,110.0078,0.41804179460817864
merged_clock,Clock,3,4,5,1,1,111.0129,0.42006775574067706
merged_clock,Clock,3,4,5,1,1,112.0085,0.4220772145795432
merged_clock,Clock,3,4,5,1,1,113.0132,0.42410766259839244
merged_clock,Clock,3,4,5,1,1,114.0183,0.4261414946707989
merged_clock,Clock,3,4,5,1,1,115.0109,0.4281524791607458
merged_clock,Clock,3,4,5,1,1,116.0171,0.43019343299920976
merged_clock,Clock,3,4,5,1,1,117.0108,0.43221138512063406
merged_clock,Clock,3,4,5,1,1,118.017,0.4342569943054592
merged_clock,Clock,3,4,5,1,1,119.0105,0.43627899375566476
merged_clock,Clock,3,4,5,1,1,120.017,0.4383296145038089
merged_clock,Clock,3,4,5,1,1,121.0103,0.44035541203008394
merged_clock,Clock,3,4,5,1,1,122.0142,0.442404842266341
merged_clock,Clock,3,4,5,1,1,123.0111,0.4444419329112718
merged_clock,Clock,3,4,5,1,1,124.0154,0.44649603579361047
merged_clock,Clock,3,4,5,1,1,125.0098,0.44853168596638177
merged_clock,Clock,3,4,5,1,1,126.016,0.4505932384586487
merged_clock,Clock,3,4,5,1,1,127.0077,0.45262675259335927
merged_clock,Clock,3,4,5,1,1,128.0149,0.4546936599174836
merged_clock,Clock,3,4,5,1,1,129.0092,0.456735656091706
merged_clock,Clock,3,4,5,1,1,130.0139,0.4588004703732285
merged_clock,Clock,3,4,5,1,1,131.0076,0.4608440675588624
merged_clock,Clock,3,4,5,1,1,132.0115,0.4629099956113235
merged_clock,Clock,3,4,5,1,1,133.0071,0.464960068786712
merged_clock,Clock,3,4,5,1,1,134.0139,0.4670344402573473
merged_clock,Clock,3,4,5,1,1,135.0174,0.4691031244354906
merged_clock,Clock,3,4,5,1,1,136.0132,0.4711570053113818
merged_clock,Clock,3,4,5,1,1,137.0163,0.4732269173871526
merged_clock,Clock,3,4,5,1,1,138.0116,0.47528164990149047
merged_clock,Clock,3,4,5,1,1,139.0176,0.4773593150104533
merged_clock,Clock,3,4,5,1,1,140.0102,0.4794100796021159
merged_clock,Clock,3,4,5,1,1,141.0144,0.4814855412071211
merged_clock,Clock,3,4,5,1,1,142.0095,0.4835428063202623
merged_clock,Clock,3,4,5,1,1,143.0164,0.485625024060031
merged_clock,Clock,3,4,5,1,1,144.0101,0.48768043683202655
merged_clock,Clock,3,4,5,1,1,145.0154,0.4897602604908454
merged_clock,Clock,3,4,5,1,1,146.0091,0.4918164408530032
merged_clock,Clock,3,4,5,1,1,147.0136,0.4938952566432049
merged_clock,Clock,3,4,5,1,1,148.0082,0.49595378649337557
merged_clock,Clock,3,4,5,1,1,149.0152,0.4980381313778471
merged_clock,Clock,3,4,5,1,1,150.0077,0.5000925391200494
merged_clock,Clock,3,4,5,1,1,151.0137,0.5021748639686706
merged_clock,Clock,3,4,5,1,1,152.0168,0.504251112743287
merged_clock,Clock,3,4,5,1,1,153.0125,0.5063118988464761
merged_clock,Clock,3,4,5,1,1,154.0174,0.5083915106311302
merged_clock,Clock,3,4,5,1,1,155.0128,0.5104511950448448
merged_clock,Clock,3,4,5,1,1,156.0177,0.5125301579466591
merged_clock,Clock,3,4,5,1,1,157.0102,0.5145830310484405
merged_clock,Clock,3,4,5,1,1,158.0163,0.5166635543824927
merged_clock,Clock,3,4,5,1,1,159.0115,0.5187209804752261
merged_clock,Clock,3,4,5,1,1,160.0177,0.5208004734772453
merged_clock,Clock,3,4,5,1,1,161.0104,0.5228513835410527
merged_clock,Clock,3,4,5,1,1,162.0165,0.5249291542186034
merged_clock,Clock,3,4,5,1,1,163.0099,0.5269798918546231
merged_clock,Clock,3,4,5,1,1,164.0155,0.5290548704498813
merged_clock,Clock,3,4,5,1,1,165.0094,0.5311047138321192
merged_clock,Clock,3,4,5,1,1,166.0161,0.533179890955194
merged_clock,Clock,3,4,5,1,1,167.0091,0.5352256985337885
merged_clock,Clock,3,4,5,1,1,168.0139,0.5372946319965716
merged_clock,Clock,3,4,5,1,1,169.0086,0.5393415025342907
merged_clock,Clock,3,4,5,1,1,170.0137,0.5414084087307223
merged_clock,Clock,3,4,5,1,1,171.0075,0.5434506949530359
merged_clock,Clock,3,4,5,1,1,172.0139,0.5455173627888001
merged_clock,Clock,3,4,5,1,1,173.0076,0.5475564230382917
merged_clock,Clock,3,4,5,1,1,174.0126,0.549617062065172
merged_clock,Clock,3,4,5,1,1,175.0179,0.5516765939458942
merged_clock,Clock,3,4,5,1,1,176.0124,0.5537122823692282
merged_clock,Clock,3,4,5,1,1,177.0172,0.5557671941883947
merged_clock,Clock,3,4,5,1,1,178.0104,0.5577965479239616
merged_clock,Clock,3,4,5,1,1,179.0168,0.5598508717535688
merged_clock,Clock,3,4,5,1,1,180.0106,0.5618774895460896
merged_clock,Clock,3,4,5,1,1,181.0163,0.563926247018235
merged_clock,Clock,3,4,5,1,1,182.0099,0.5659482449115422
merged_clock,Clock,3,4,5,1,1,183.0135,0.5679883554638314
merged_clock,Clock,3,4,5,1,1,184.0087,0.5700091003868157
merged_clock,Clock,3,4,5,1,1,185.0154,0.5720508356581768
merged_clock,Clock,3,4,5,1,1,186.0081,0.5740617927307625
merged_clock,Clock,3,4,5,1,1,187.016,0.576101032791329
merged_clock,Clock,3,4,5,1,1,188.0089,0.5781073638860207
merged_clock,Clock,3,4,5,1,1,189.0137,0.5801351541967872
merged_clock,Clock,3,4,5,1,1,190.0086,0.5821402974986166
merged_clock,Clock,3,4,5,1,1,191.0144,0.5841646417212075
merged_clock,Clock,3,4,5,1,1,192.0072,0.5861600394947547
merged_clock,Clock,3,4,5,1,1,193.0135,0.5881796960494613
merged_clock,Clock,3,4,5,1,1,194.0179,0.5901925675063815
merged_clock,Clock,3,4,5,1,1,195.013,0.5921838406968026
merged_clock,Clock,3,4,5,1,1,196.0172,0.5941902478928476
merged_clock,Clock,3,4,5,1,1,197.0123,0.5961753871847244
merged_clock,Clock,3,4,5,1,1,198.0175,0.5981774859168051
merged_clock,Clock,3,4,5,1,1,199.0116,0.6001542446933328
merged_clock,Clock,3,4,5,1,1,200.0164,0.6021489942201186
merged_clock,Clock,3,4,5,1,1,201.0108,0.6041197498518645
merged_clock,Clock,3,4,5,1,1,202.0157,0.6061078812640289
merged_clock,Clock,3,4,5,1,1,203.0093,0.6080701947992763
merged_clock,Clock,3,4,5,1,1,204.016,0.610054869289648
merged_clock,Clock,3,4,5,1,1,205.009,0.6120089366707606
merged_clock,Clock,3,4,5,1,1,206.0156,0.6139860879789274
merged_clock,Clock,3,4,5,1,1,207.0176,0.6159504906698656
merged_clock,Clock,3,4,5,1,1,208.0142,0.6179005883152243
merged_clock,Clock,3,4,5,1,1,209.008,0.619841387814463
merged_clock,Clock,3,4,5,1,1,210.014,0.6218021616971479
merged_clock,Clock,3,4,5,1,1,211.0073,0.6237342330036965
merged_clock,Clock,3,4,5,1,1,212.0144,0.6256891839076754
merged_clock,Clock,3,4,5,1,1,213.0071,0.6276121385368417
merged_clock,Clock,3,4,5,1,1,214.0131,0.6295567859850955
merged_clock,Clock,3,4,5,1,1,215.0179,0.6314948888837991
merged_clock,Clock,3,4,5,1,1,216.013,0.6334101279100783
merged_clock,Clock,3,4,5,1,1,217.0178,0.6353397773793465
merged_clock,Clock,3,4,5,1,1,218.0116,0.6372440006989016
merged_clock,Clock,3,4,5,1,1,219.016,0.6391642082452816
merged_clock,Clock,3,4,5,1,1,220.0108,0.6410616620743101
merged_clock,Clock,3,4,5,1,1,221.0161,0.6429746654642344
merged_clock,Clock,3,4,5,1,1,222.0095,0.6448605823295901
merged_clock,Clock,3,4,5,1,1,223.0147,0.6467642932027863
merged_clock,Clock,3,4,5,1,1,224.0093,0.6486433769522132
merged_clock,Clock,3,4,5,1,1,225.0162,0.6505410446039996
merged_clock,Clock,3,4,5,1,1,226.0088,0.6524070817127582
merged_clock,Clock,3,4,5,1,1,227.0151,0.6542941125748047
merged_clock,Clock,3,4,5,1,1,228.0091,0.6561532955903382
merged_clock,Clock,3,4,5,1,1,229.0138,0.6580276640051622
merged_clock,Clock,3,4,5,1,1,230.0083,0.6598781699004702
merged_clock,Clock,3,4,5,1,1,231.0125,0.6617417676668018
merged_clock,Clock,3,4,5,1,1,232.0183,0.6636033212059874
merged_clock,Clock,3,4,5,1,1,233.0139,0.6654410208603596
merged_clock,Clock,3,4,5,1,1,234.0073,0.6672696477248596
merged_clock,Clock,3,4,5,1,1,235.0123,0.6691145364301522
merged_clock,Clock,3,4,5,1,1,236.016,0.6709518692624126
merged_clock,Clock,3,4,5,1,1,237.0108,0.672767746115955
merged_clock,Clock,3,4,5,1,1,238.017,0.6745991792838212
merged_clock,Clock,3,4,5,1,1,239.0087,0.6763990221503449
merged_clock,Clock,3,4,5,1,1,240.0161,0.6782220306771621
merged_clock,Clock,3,4,5,1,1,241.01,0.6800152986999431
merged_clock,Clock,3,4,5,1,1,242.016,0.68182502377394
merged_clock,Clock,3,4,5,1,1,243.0107,0.6836090003752155
merged_clock,Clock,3,4,5,1,1,244.0154,0.6854054606571147
merged_clock,Clock,3,4,5,1,1,245.0092,0.6871769974037858
merged_clock,Clock,3,4,5,1,1,246.0161,0.6889663149577224
merged_clock,Clock,3,4,5,1,1,247.0085,0.6907243648395587
merged_clock,Clock,3,4,5,1,1,248.0154,0.6925024714176439
merged_clock,Clock,3,4,5,1,1,249.0085,0.6942506375695747
merged_clock,Clock,3,4,5,1,1,250.0141,0.6960151208030014
merged_clock,Clock,3,4,5,1,1,251.0076,0.6977527258132374
merged_clock,Clock,3,4,5,1,1,252.0128,0.6995050557995823
merged_clock,Clock,3,4,5,1,1,253.0088,0.7012356159981595
merged_clock,Clock,3,4,5,1,1,254.0108,0.7029708093410864
merged_clock,Clock,3,4,5,1,1,255.0078,0.7046915453382677
merged_clock,Clock,3,4,5,1,1,256.012,0.7064188433897036
merged_clock,Clock,3,4,5,1,1,257.0182,0.7081436432212511
merged_clock,Clock,3,4,5,1,1,258.0112,0.7098399895955241
merged_clock,Clock,3,4,5,1,1,259.0172,0.7115525859369692
merged_clock,Clock,3,4,5,1,1,260.0108,0.7132381241023371
merged_clock,Clock,3,4,5,1,1,261.017,0.7149390272340972
merged_clock,Clock,3,4,5,1,1,262.0099,0.7166114777114468
merged_clock,Clock,3,4,5,1,1,263.0157,0.7182996100621957
merged_clock,Clock,3,4,5,1,1,264.0089,0.7199606273221725
merged_clock,Clock,3,4,5,1,1,265.0158,0.721638385931536
merged_clock,Clock,3,4,5,1,1,266.0085,0.7232864407144277
merged_clock,Clock,3,4,5,1,1,267.0144,0.7249502233960838
merged_clock,Clock,3,4,5,1,1,268.0078,0.726587253816979
merged_clock,Clock,3,4,5,1,1,269.0122,0.7282361965352515
merged_clock,Clock,3,4,5,1,1,270.0178,0.72988083449743
merged_clock,Clock,3,4,5,1,1,271.0129,0.7315021670856717
merged_clock,Clock,3,4,5,1,1,272.0069,0.7331154971909445
merged_clock,Clock,3,4,5,1,1,273.0135,0.7347429876803667
merged_clock,Clock,3,4,5,1,1,274.0166,0.7363585305163163
merged_clock,Clock,3,4,5,1,1,275.0122,0.7379557231326516
merged_clock,Clock,3,4,5,1,1,276.0172,0.7395616521679614
merged_clock,Clock,3,4,5,1,1,277.0125,0.7411457764132059
merged_clock,Clock,3,4,5,1,1,278.0169,0.7427380051325677
merged_clock,Clock,3,4,5,1,1,279.0107,0.7443071324580257
merged_clock,Clock,3,4,5,1,1,280.0169,0.745889408371212
merged_clock,Clock,3,4,5,1,1,281.0101,0.7474448961707888
merged_clock,Clock,3,4,5,1,1,282.0158,0.7490135425660276
merged_clock,Clock,3,4,5,1,1,283.0089,0.7505561601331904
merged_clock,Clock,3,4,5,1,1,284.0149,0.7521123150016411
merged_clock,Clock,3,4,5,1,1,285.0083,0.7536426202967438
merged_clock,Clock,3,4,5,1,1,286.0139,0.7551851934945246
merged_clock,Clock,3,4,5,1,1,287.0074,0.7567028048281851
merged_clock,Clock,3,4,5,1,1,288.0117,0.758230418131433
merged_clock,Clock,3,4,5,1,1,289.007,0.7597378792204664
merged_clock,Clock,3,4,5,1,1,290.0117,0.7612530454718389
merged_clock,Clock,3,4,5,1,1,291.008,0.7627490661641486
merged_clock,Clock,3,4,5,1,1,292.0127,0.7642511354373753
merged_clock,Clock,3,4,5,1,1,293.017,0.7657460263020416
merged_clock,Clock,3,4,5,1,1,294.0127,0.7672215997197239
merged_clock,Clock,3,4,5,1,1,295.0174,0.7687039393683431
merged_clock,Clock,3,4,5,1,1,296.0103,0.7701624029448404
merged_clock,Clock,3,4,5,1,1,297.017,0.7716344838781413
merged_clock,Clock,3,4,5,1,1,298.0103,0.7730804997495612
merged_clock,Clock,3,4,5,1,1,299.0154,0.7745370675643323
merged_clock,Clock,3,4,5,1,1,300.0082,0.7759692935468897
merged_clock,Clock,3,4,5,1,1,301.0146,0.7774144938391128
merged_clock,Clock,3,4,6,0,0,0.0,0.22414905896675916
merged_clock,Clock,3,4,6,0,0,1.00495,0.22559939928005715
merged_clock,Clock,3,4,6,0,0,1.998281,0.2270394942614432
merged_clock,Clock,3,4,6,0,0,3.004618,0.22850505305574878
merged_clock,Clock,3,4,6,0,0,3.999141,0.22995993599934614
merged_clock,Clock,3,4,6,0,0,5.003382,0.23143561551257727
merged_clock,Clock,3,4,6,0,0,5.998161,0.23290390248439333
merged_clock,Clock,3,4,6,0,0,7.000859,0.23439043027153525
merged_clock,Clock,3,4,6,0,0,7.997983,0.2358752104910988
merged_clock,Clock,3,4,6,0,0,9.002149,0.2373770342543896
merged_clock,Clock,3,4,6,0,0,9.996326,0.23887039534540053
merged_clock,Clock,3,4,6,0,0,11.00007,0.24038465145160814
merged_clock,Clock,3,4,6,0,0,11.99659,0.2418944885487566
merged_clock,Clock,3,4,6,0,0,13.00098,0.24342277148763658
merged_clock,Clock,3,4,6,0,0,13.99541,0.24494233641937854
merged_clock,Clock,3,4,6,0,0,14.99912,0.2464825676728742
merged_clock,Clock,3,4,6,0,0,15.99681,0.24802000695931373
merged_clock,Clock,3,4,6,0,0,16.99845,0.24956998369397487
merged_clock,Clock,3,4,6,0,0,18.00539,0.25113466704120707
merged_clock,Clock,3,4,6,0,0,18.9994,0.25268563728556365
merged_clock,Clock,3,4,6,0,0,20.00367,0.25425904364422924
merged_clock,Clock,3,4,6,0,0,20.99707,0.25582175883044994
merged_clock,Clock,3,4,6,0,0,22.00514,0.25741398000962556
merged_clock,Clock,3,4,6,0,0,22.99883,0.25898981236546925
merged_clock,Clock,3,4,6,0,0,24.00393,0.26059010573402147
merged_clock,Clock,3,4,6,0,0,24.99814,0.2621793508529881
merged_clock,Clock,3,4,6,0,0,26.00431,0.2637940600644324
merged_clock,Clock,3,4,6,0,0,26.99778,0.2653946338723648
merged_clock,Clock,3,4,6,0,0,28.00385,0.2670218180625365
merged_clock,Clock,3,4,6,0,0,28.99657,0.2686336107773463
merged_clock,Clock,3,4,6,0,0,30.00375,0.27027515698461374
merged_clock,Clock,3,4,6,0,0,30.99679,0.2718998280340021
merged_clock,Clock,3,4,6,0,0,32.00263,0.27355166172230405
merged_clock,Clock,3,4,6,0,0,32.99657,0.2751900908509709
merged_clock,Clock,3,4,6,0,0,34.00122,0.27685234305179446
merged_clock,Clock,3,4,6,0,0,35.00551,0.27852017464988604
merged_clock,Clock,3,4,6,0,0,36.00011,0.2801779871586148
merged_clock,Clock,3,4,6,0,0,36.99636,0.28184457434116267
merged_clock,Clock,3,4,6,0,0,38.00019,0.2835299189505233
merged_clock,Clock,3,4,6,0,0,39.00475,0.2852225687858658
merged_clock,Clock,3,4,6,0,0,39.99985,0.2869052575769842
merged_clock,Clock,3,4,6,0,0,41.00478,0.2886105698620688
merged_clock,Clock,3,4,6,0,0,41.99879,0.2903032673283654
merged_clock,Clock,3,4,6,0,0,42.99495,0.2920054937018337
merged_clock,Clock,3,4,6,0,0,43.99932,0.2937276773200986
merged_clock,Clock,3,4,6,0,0,45.00479,0.2954576728323013
merged_clock,Clock,3,4,6,0,0,45.99848,0.297173198783602
merged_clock,Clock,3,4,6,0,0,47.00407,0.29891510413740074
merged_clock,Clock,3,4,6,0,0,47.99735,0.3006414214778914
merged_clock,Clock,3,4,6,0,0,49.00396,0.3023966949721349
merged_clock,Clock,3,4,6,0,0,49.99818,0.3041360479344649
merged_clock,Clock,3,4,6,0,0,51.00159,0.30589717363013064
merged_clock,Clock,3,4,6,0,0,51.99651,0.3076490127103594
merged_clock,Clock,3,4,6,0,0,53.00211,0.30942530917145905
merged_clock,Clock,3,4,6,0,0,53.99723,0.3111886536604262
merged_clock,Clock,3,4,6,0,0,55.00178,0.31297428103397906
merged_clock,Clock,3,4,6,0,0,55.99569,0.31474646601702955
merged_clock,Clock,3,4,6,0,0,56.99967,0.3165421017331562
merged_clock,Clock,3,4,6,0,0,57.99514,0.3183279385983053
merged_clock,Clock,3,4,6,0,0,59.0001,0.32013622786954526
merged_clock,Clock,3,4,6,0,0,60.00412,0.3219482416762412
merged_clock,Clock,3,4,6,0,0,60.99954,0.32375003397110225
merged_clock,Clock,3,4,6,0,0,62.00455,0.32557451025619477
merged_clock,Clock,3,4,6,0,0,62.99667,0.32738078206677584
merged_clock,Clock,3,4,6,0,0,64.00391,0.3292198247405069
merged_clock,Clock,3,4,6,0,0,64.99876,0.3310414018166039
merged_clock,Clock,3,4,6,0,0,66.00466,0.3328883827438284
merged_clock,Clock,3,4,6,0,0,66.99519,0.33471216749619936
merged_clock,Clock,3,4,6,0,0,68.00278,0.3365724277175346
merged_clock,Clock,3,4,6,0,0,68.99691,0.3384128329707108
merged_clock,Clock,3,4,6,0,0,70.00152,0.3402776102686375
merged_clock,Clock,3,4,6,0,0,70.99718,0.3421306711902439
merged_clock,Clock,3,4,6,0,0,72.00053,0.3440029306059623
merged_clock,Clock,3,4,6,0,0,72.99554,0.34586442814436963
merged_clock,Clock,3,4,6,0,0,74.00175,0.3477516925133389
merged_clock,Clock,3,4,6,0,0,74.99531,0.34961993504912126
merged_clock,Clock,3,4,6,0,0,76.00156,0.35151675175083014
merged_clock,Clock,3,4,6,0,0,76.9957,0.3533953592288169
merged_clock,Clock,3,4,6,0,0,77.99854,0.3552950156882593
merged_clock,Clock,3,4,6,1,1,79.00594,0.35720790159189547
merged_clock,Clock,3,4,6,1,1,79.99966,0.3590992675778831
merged_clock,Clock,3,4,6,1,1,81.0055,0.3610181932134303
merged_clock,Clock,3,4,6,1,1,81.99766,0.36291536397829055
merged_clock,Clock,3,4,6,1,1,83.00455,0.3648450786583073
merged_clock,Clock,3,4,6,1,1,83.99812,0.36675354602624133
merged_clock,Clock,3,4,6,1,1,85.00332,0.3686885944109651
merged_clock,Clock,3,4,6,1,1,85.9983,0.37060814694205774
merged_clock,Clock,3,4,6,1,1,87.00482,0.3725541371815952
merged_clock,Clock,3,4,6,1,1,87.99602,0.3744745379126715
merged_clock,Clock,3,4,6,1,1,89.00328,0.37643012601664555
merged_clock,Clock,3,4,6,1,1,89.99747,0.37836428253433535
merged_clock,Clock,3,4,6,1,1,91.00337,0.3803251831110383
merged_clock,Clock,3,4,6,1,1,91.99653,0.3822650704649011
merged_clock,Clock,3,4,6,1,1,93.00198,0.38423280976027535
merged_clock,Clock,3,4,6,1,1,93.99605,0.3861819891439737
merged_clock,Clock,3,4,6,1,1,95.0014,0.38815702674529057
merged_clock,Clock,3,4,6,1,1,95.99513,0.3901128400150182
merged_clock,Clock,3,4,6,1,1,97.00123,0.3920965998658989
merged_clock,Clock,3,4,6,1,1,98.00561,0.39408053531347803
merged_clock,Clock,3,4,6,1,1,99.00047,0.3960491268748195
merged_clock,Clock,3,4,6,1,1,100.0045,0.3980392702562497
merged_clock,Clock,3,4,6,1,1,100.9993,0.4000144455180578
merged_clock,Clock,3,4,6,1,1,102.0045,0.402013589946462
merged_clock,Clock,3,4,6,1,1,102.9964,0.4039894712040741
merged_clock,Clock,3,4,6,1,1,104.0036,0.4059990301133817
merged_clock,Clock,3,4,6,1,1,104.998,0.40798613982372406
merged_clock,Clock,3,4,6,1,1,106.0024,0.4099962952697096
merged_clock,Clock,3,4,6,1,1,106.9969,0.411989598676734
merged_clock,Clock,3,4,6,1,1,108.0033,0.4140097003127088
merged_clock,Clock,3,4,6,1,1,108.9968,0.4160067475548819
merged_clock,Clock,3,4,6,1,1,110.0023,0.4180307143471341
merged_clock,Clock,3,4,6,1,1,110.9956,0.4200328546074849
merged_clock,Clock,3,4,6,1,1,112.0019,0.42206388609315365
merged_clock,Clock,3,4,6,1,1,112.9961,0.424073087815754
merged_clock,Clock,3,4,6,1,1,114.0015,0.4261074792107419
merged_clock,Clock,3,4,6,1,1,114.9951,0.42812044896658763
merged_clock,Clock,3,4,6,1,1,115.9994,0.4301575094186361
merged_clock,Clock,3,4,6,1,1,116.9956,0.43218048989838825
merged_clock,Clock,3,4,6,1,1,118.0012,0.4342248542051473
merged_clock,Clock,3,4,6,1,1,119.0061,0.43627004516078777
merged_clock,Clock,3,4,6,1,1,119.9999,0.4382947627005969
merged_clock,Clock,3,4,6,1,1,121.005,0.4403445926055222
merged_clock,Clock,3,4,6,1,1,121.9982,0.4423721655181689
merged_clock,Clock,3,4,6,1,1,123.0025,0.44442435482735815
merged_clock,Clock,3,4,6,1,1,123.9976,0.4464595989610114
merged_clock,Clock,3,4,6,1,1,125.0031,0.4485179516775664
merged_clock,Clock,3,4,6,1,1,125.9979,0.4505561451999374
merged_clock,Clock,3,4,6,1,1,127.0042,0.45261958466725977
merged_clock,Clock,3,4,6,1,1,127.9954,0.4546536422268152
merged_clock,Clock,3,4,6,1,1,129.0022,0.4567212673585076
merged_clock,Clock,3,4,6,1,1,129.9973,0.4587663398815156
merged_clock,Clock,3,4,6,1,1,131.0019,0.4608323587891409
merged_clock,Clock,3,4,6,1,1,131.9967,0.4628795273106152
merged_clock,Clock,3,4,6,1,1,133.0011,0.46494771703673465
merged_clock,Clock,3,4,6,1,1,133.9959,0.46699733266553756
merged_clock,Clock,3,4,6,1,1,135.0006,0.4690684827677624
merged_clock,Clock,3,4,6,1,1,135.9956,0.4711207096482581
merged_clock,Clock,3,4,6,1,1,137.0,0.4731932819138941
merged_clock,Clock,3,4,6,1,1,137.9949,0.4752471809572199
merged_clock,Clock,3,4,6,1,1,139.0005,0.4773240129469677
merged_clock,Clock,3,4,6,1,1,140.005,0.4793993590711951
merged_clock,Clock,3,4,6,1,1,141.0011,0.48145803728910197
merged_clock,Clock,3,4,6,1,1,142.0049,0.4835332781222734
merged_clock,Clock,3,4,6,1,1,143.0005,0.48559214021208597
merged_clock,Clock,3,4,6,1,1,144.0034,0.48766657963657406
merged_clock,Clock,3,4,6,1,1,144.9979,0.48972404824658644
merged_clock,Clock,3,4,6,1,1,146.0038,0.49180548394999973
merged_clock,Clock,3,4,6,1,1,146.9981,0.4938631715374648
merged_clock,Clock,3,4,6,1,1,148.0031,0.4959432379424347
merged_clock,Clock,3,4,6,1,1,148.9964,0.4979992198089556
merged_clock,Clock,3,4,6,1,1,150.0031,0.5000830005827301
merged_clock,Clock,3,4,6,1,1,150.998,0.5021423640605204
merged_clock,Clock,3,4,6,1,1,152.0034,0.5042233834897569
merged_clock,Clock,3,4,6,1,1,152.9952,0.5062760876290504
merged_clock,Clock,3,4,6,1,1,154.0003,0.5083561458441548
merged_clock,Clock,3,4,6,1,1,154.9953,0.5104149833260225
merged_clock,Clock,3,4,6,1,1,156.0001,0.5124937637513147
merged_clock,Clock,3,4,6,1,1,156.995,0.5145515995276435
merged_clock,Clock,3,4,6,1,1,157.9995,0.516628818323694
merged_clock,Clock,3,4,6,1,1,158.9955,0.5186878946360853
merged_clock,Clock,3,4,6,1,1,160.0004,0.5207647184639665
merged_clock,Clock,3,4,6,1,1,161.0052,0.5228406356914184
merged_clock,Clock,3,4,6,1,1,161.9997,0.5248944659404925
merged_clock,Clock,3,4,6,1,1,163.0055,0.5269707904847832
merged_clock,Clock,3,4,6,1,1,163.9982,0.5290191743528663
merged_clock,Clock,3,4,6,1,1,165.0044,0.531094394174916
merged_clock,Clock,3,4,6,1,1,165.9982,0.5331430052314747
merged_clock,Clock,3,4,6,1,1,167.0028,0.5352127502585756
merged_clock,Clock,3,4,6,1,1,167.9974,0.5372606788686384
merged_clock,Clock,3,4,6,1,1,169.0004,0.5393246151957718
merged_clock,Clock,3,4,6,1,1,169.9961,0.5413722099153042
merged_clock,Clock,3,4,6,1,1,171.0027,0.5434408209334537
merged_clock,Clock,3,4,6,1,1,171.9965,0.5454816545511143
merged_clock,Clock,3,4,6,1,1,173.0008,0.547542463721208
merged_clock,Clock,3,4,6,1,1,173.9957,0.5495824107472651
merged_clock,Clock,3,4,6,1,1,175.0005,0.551640971896666
merged_clock,Clock,3,4,6,1,1,176.0067,0.5537006060316886
merged_clock,Clock,3,4,6,1,1,176.9993,0.555730606078028
merged_clock,Clock,3,4,6,1,1,178.0047,0.5577848931036037
merged_clock,Clock,3,4,6,1,1,178.9991,0.559814758314542
merged_clock,Clock,3,4,6,1,1,180.0038,0.5618636185254278
merged_clock,Clock,3,4,6,1,1,180.9995,0.5638920405464656
merged_clock,Clock,3,4,6,1,1,182.0041,0.5659364515381077
merged_clock,Clock,3,4,6,1,1,183.0005,0.5679619427818192
merged_clock,Clock,3,4,6,1,1,184.0035,0.5699985411729205
merged_clock,Clock,3,4,6,1,1,184.9995,0.5720186076481807
merged_clock,Clock,3,4,6,1,1,186.0027,0.5740508570761037
merged_clock,Clock,3,4,6,1,1,186.9969,0.5760624045075755
merged_clock,Clock,3,4,6,1,1,188.0041,0.5780976883221272
merged_clock,Clock,3,4,6,1,1,188.9965,0.5801004723342634
merged_clock,Clock,3,4,6,1,1,190.0023,0.5821276050646658
merged_clock,Clock,3,4,6,1,1,190.997,0.5841296244388032
merged_clock,Clock,3,4,6,1,1,192.0012,0.5861479952967983
merged_clock,Clock,3,4,6,1,1,192.9953,0.5881431871414525
merged_clock,Clock,3,4,6,1,1,194.0018,0.5901603296547959
merged_clock,Clock,3,4,6,1,1,194.9951,0.592148050855563
merged_clock,Clock,3,4,6,1,1,196.0017,0.5941592963856365
merged_clock,Clock,3,4,6,1,1,196.9955,0.5961418987536837
merged_clock,Clock,3,4,6,1,1,197.9992,0.5981410755699839
merged_clock,Clock,3,4,6,1,1,199.0046,0.6001403289815643
merged_clock,Clock,3,4,6,1,1,199.9997,0.6021158521580561
merged_clock,Clock,3,4,6,1,1,201.0053,0.604108842207264
merged_clock,Clock,3,4,6,1,1,201.9996,0.6060760597624872
merged_clock,Clock,3,4,6,1,1,203.0045,0.6080607405213931
merged_clock,Clock,3,4,6,1,1,203.9994,0.6100221696693985
merged_clock,Clock,3,4,6,1,1,205.0027,0.6119965467958682
merged_clock,Clock,3,4,6,1,1,205.9978,0.6139511737725373
merged_clock,Clock,3,4,6,1,1,207.0028,0.6159215307199543
merged_clock,Clock,3,4,6,1,1,207.9981,0.6178690890392431
merged_clock,Clock,3,4,6,1,1,209.0018,0.6198293010807802
merged_clock,Clock,3,4,6,1,1,209.9971,0.6217692421934361
merged_clock,Clock,3,4,6,1,1,211.0018,0.6237235588346153
merged_clock,Clock,3,4,6,1,1,211.9965,0.6256544757173761
merged_clock,Clock,3,4,6,1,1,213.0005,0.6275993827143465
merged_clock,Clock,3,4,6,1,1,213.9955,0.6295227839109994
merged_clock,Clock,3,4,6,1,1,215.0018,0.6314638712780598
merged_clock,Clock,3,4,6,1,1,216.0054,0.6333955184791806
merged_clock,Clock,3,4,6,1,1,216.999,0.6353036861632325
merged_clock,Clock,3,4,6,1,1,218.0052,0.637231763771538
merged_clock,Clock,3,4,6,1,1,219.0004,0.6391343997299226
merged_clock,Clock,3,4,6,1,1,219.9952,0.6410319222739652
merged_clock,Clock,3,4,6,1,1,220.9994,0.6429429366644347
merged_clock,Clock,3,4,6,1,1,222.004,0.6448501373011827
merged_clock,Clock,3,4,6,1,1,222.9986,0.6467338418610895
merged_clock,Clock,3,4,6,1,1,224.0039,0.6486332129076222
merged_clock,Clock,3,4,6,1,1,224.9971,0.650505084545337
merged_clock,Clock,3,4,6,1,1,226.0025,0.6523952491739797
merged_clock,Clock,3,4,6,1,1,226.997,0.6542601910473165
merged_clock,Clock,3,4,6,1,1,228.0032,0.6561422929824094
merged_clock,Clock,3,4,6,1,1,228.9982,0.657998608413143
merged_clock,Clock,3,4,6,1,1,230.0016,0.6598657218458691
merged_clock,Clock,3,4,6,1,1,230.9958,0.6617108291993296
merged_clock,Clock,3,4,6,1,1,232.0021,0.6635733971814071
merged_clock,Clock,3,4,6,1,1,232.996,0.6654080275597661
merged_clock,Clock,3,4,6,1,1,234.0009,0.667257894785278
merged_clock,Clock,3,4,6,1,1,234.9951,0.6690830119908434
merged_clock,Clock,3,4,6,1,1,236.0014,0.6709251756989472
merged_clock,Clock,3,4,6,1,1,236.9952,0.6727392922394931
merged_clock,Clock,3,4,6,1,1,238.0005,0.6745691990271471
merged_clock,Clock,3,4,6,1,1,239.0048,0.6763919705077925
merged_clock,Clock,3,4,6,1,1,239.998,0.6781893298054156
merged_clock,Clock,3,4,6,1,1,241.0045,0.6800054020365391
merged_clock,Clock,3,4,6,1,1,241.9997,0.6817957241415806
merged_clock,Clock,3,4,6,1,1,243.0043,0.6835975509158111
merged_clock,Clock,3,4,6,1,1,243.9979,0.6853742136324205
merged_clock,Clock,3,4,6,1,1,245.0045,0.6871686325949886
merged_clock,Clock,3,4,6,1,1,245.9983,0.6889347466792658
merged_clock,Clock,3,4,6,1,1,247.0034,0.6907153504714232
merged_clock,Clock,3,4,6,1,1,247.9966,0.6924693261506247
merged_clock,Clock,3,4,6,1,1,249.0038,0.6942423777475146
merged_clock,Clock,3,4,6,1,1,249.9967,0.6959846472837014
merged_clock,Clock,3,4,6,1,1,251.0027,0.697744173033357
merged_clock,Clock,3,4,6,1,1,251.9969,0.6994773837073285
merged_clock,Clock,3,4,6,1,1,253.0018,0.7012234668623205
merged_clock,Clock,3,4,6,1,1,254.0059,0.7029623413600747
merged_clock,Clock,3,4,6,1,1,255.0009,0.7046796615939822
merged_clock,Clock,3,4,6,1,1,256.006,0.7064085723169834
merged_clock,Clock,3,4,6,1,1,257.0001,0.7081126744769741
merged_clock,Clock,3,4,6,1,1,257.9961,0.7098142276025287
merged_clock,Clock,3,4,6,1,1,259.0005,0.7115241654332136
merged_clock,Clock,3,4,6,1,1,260.0055,0.7132291317332855
merged_clock,Clock,3,4,6,1,1,260.9998,0.7149099827267217
merged_clock,Clock,3,4,6,1,1,262.0056,0.7166042937793196
merged_clock,Clock,3,4,6,1,1,262.9988,0.7182713354734025
merged_clock,Clock,3,4,6,1,1,264.0048,0.7199537498362438
merged_clock,Clock,3,4,6,1,1,264.9983,0.7216092506200367
merged_clock,Clock,3,4,6,1,1,266.0038,0.7232786526398973
merged_clock,Clock,3,4,6,1,1,266.9969,0.7249213025904758
merged_clock,Clock,3,4,6,1,1,268.0023,0.7265781681995067
merged_clock,Clock,3,4,6,1,1,268.9973,0.7282117925497605
merged_clock,Clock,3,4,6,1,1,270.0033,0.7298571710621965
merged_clock,Clock,3,4,6,1,1,270.9977,0.7314774519364959
merged_clock,Clock,3,4,6,1,1,272.0032,0.7331095151543887
merged_clock,Clock,3,4,6,1,1,272.9963,0.7347152614989002
merged_clock,Clock,3,4,6,1,1,274.0013,0.736333954097093
merged_clock,Clock,3,4,6,1,1,275.0058,0.7379454620165131
merged_clock,Clock,3,4,6,1,1,276.0016,0.7395367333420202
merged_clock,Clock,3,4,6,1,1,276.9961,0.7411196956529967
merged_clock,Clock,3,4,6,1,1,278.0005,0.742712029105603
merged_clock,Clock,3,4,6,1,1,279.0054,0.7442987650769577
merged_clock,Clock,3,4,6,1,1,280.0003,0.7458633542981812
merged_clock,Clock,3,4,6,1,1,281.0043,0.7474358334430968
merged_clock,Clock,3,4,6,1,1,281.9992,0.7489877010157654
merged_clock,Clock,3,4,6,1,1,283.0033,0.750547455635794
merged_clock,Clock,3,4,6,1,1,283.9978,0.7520859331051828
merged_clock,Clock,3,4,6,1,1,285.0029,0.7536343165506602
merged_clock,Clock,3,4,6,1,1,285.9962,0.7551580978040554
merged_clock,Clock,3,4,6,1,1,287.0033,0.7566965712722669
merged_clock,Clock,3,4,6,1,1,287.9975,0.7582088787199713
merged_clock,Clock,3,4,6,1,1,289.0008,0.7597285162047822
merged_clock,Clock,3,4,6,1,1,289.995,0.7612279245986077
merged_clock,Clock,3,4,6,1,1,291.0015,0.7627393265847904
merged_clock,Clock,3,4,6,1,1,291.9957,0.7642257770349529
merged_clock,Clock,3,4,6,1,1,292.9995,0.7657200541527627
merged_clock,Clock,3,4,6,1,1,293.9948,0.7671951547459697
merged_clock,Clock,3,4,6,1,1,295.0001,0.7686784656724007
merged_clock,Clock,3,4,6,1,1,296.0042,0.7701534574544839
merged_clock,Clock,3,4,6,1,1,297.0004,0.7716102612028143
merged_clock,Clock,3,4,6,1,1,298.0045,0.7730720333167023
merged_clock,Clock,3,4,6,1,1,299.0001,0.7745149161714858
merged_clock,Clock,3,4,6,1,1,300.0042,0.7759635392510292
merged_clock,Clock,3,4,6,1,1,300.9987,0.7773917130932729
merged_clock,Clock,4,5,7,0,0,0.0,0.21509694332645646
merged_clock,Clock,4,5,7,0,0,0.9979449,0.21657163539069563
merged_clock,Clock,4,5,7,0,0,1.994617,0.21805173427832225
merged_clock,Clock,4,5,7,0,0,3.0001,0.2195522951345911
merged_clock,Clock,4,5,7,0,0,3.992538,0.22104065171524565
merged_clock,Clock,4,5,7,0,0,4.998353,0.22255642883169746
merged_clock,Clock,4,5,7,0,0,5.994089,0.22406431026616802
merged_clock,Clock,4,5,7,0,0,6.999735,0.2255945588296106
merged_clock,Clock,4,5,7,0,0,7.992708,0.22711277686310738
merged_clock,Clock,4,5,7,0,0,8.99801,0.22865717955652284
merged_clock,Clock,4,5,7,0,0,9.992953,0.23019293040347935
merged_clock,Clock,4,5,7,0,0,10.99727,0.23175046664926602
merged_clock,Clock,4,5,7,0,0,12.00375,0.2333187270450814
merged_clock,Clock,4,5,7,0,0,12.99432,0.2348693907678959
merged_clock,Clock,4,5,7,0,0,14.00173,0.2364537267546915
merged_clock,Clock,4,5,7,0,0,14.99507,0.23802314462720114
merged_clock,Clock,4,5,7,0,0,16.00235,0.2396218842006345
merged_clock,Clock,4,5,7,0,0,16.9948,0.2412042654578274
merged_clock,Clock,4,5,7,0,0,17.99868,0.2428121052530983
merged_clock,Clock,4,5,7,0,0,18.99538,0.2444156340787393
merged_clock,Clock,4,5,7,0,0,19.99832,0.2460364164523548
merged_clock,Clock,4,5,7,0,0,20.9952,0.24765456583706486
merged_clock,Clock,4,5,7,0,0,22.00016,0.24929304366422136
merged_clock,Clock,4,5,7,0,0,22.9937,0.2509200023462001
merged_clock,Clock,4,5,7,0,0,23.99834,0.2525723032967984
merged_clock,Clock,4,5,7,0,0,24.99279,0.2542149221968976
merged_clock,Clock,4,5,7,0,0,25.99831,0.25588297031822993
merged_clock,Clock,4,5,7,0,0,27.00385,0.25755821859938133
merged_clock,Clock,4,5,7,0,0,27.99797,0.25922146445114475
merged_clock,Clock,4,5,7,0,0,29.00375,0.2609113073270203
merged_clock,Clock,4,5,7,0,0,29.99829,0.26258925757827906
merged_clock,Clock,4,5,7,0,0,31.0024,0.26429038867127347
merged_clock,Clock,4,5,7,0,0,31.99665,0.26598175861702567
merged_clock,Clock,4,5,7,0,0,33.00146,0.2676980870744677
merged_clock,Clock,4,5,7,0,0,33.99636,0.26940439385776993
merged_clock,Clock,4,5,7,0,0,35.00234,0.2711366639528666
merged_clock,Clock,4,5,7,0,0,35.99362,0.27285045721137474
merged_clock,Clock,4,5,7,0,0,37.00188,0.2746005246690714
merged_clock,Clock,4,5,7,0,0,37.99537,0.27633176128501297
merged_clock,Clock,4,5,7,0,0,39.00058,0.27809027567121974
merged_clock,Clock,4,5,7,0,0,39.99454,0.2798358585605355
merged_clock,Clock,4,5,7,0,0,41.00016,0.2816087156788352
merged_clock,Clock,4,5,7,0,0,41.99364,0.2833668626732424
merged_clock,Clock,4,5,7,0,0,42.99908,0.2851529132468082
merged_clock,Clock,4,5,7,0,0,43.9943,0.28692745728939467
merged_clock,Clock,4,5,7,0,0,44.9986,0.28872486316507945
merged_clock,Clock,4,5,7,0,0,45.99447,0.2905137692545077
merged_clock,Clock,4,5,7,0,0,46.99823,0.29232345956455585
merged_clock,Clock,4,5,7,0,0,48.00225,0.2941402195631416
merged_clock,Clock,4,5,7,0,0,48.99792,0.2959483569422494
merged_clock,Clock,4,5,7,0,0,49.99257,0.2977610540570086
merged_clock,Clock,4,5,7,0,0,50.99813,0.2996001248533875
merged_clock,Clock,4,5,7,0,0,52.00381,0.30144589589764215
merged_clock,Clock,4,5,7,0,0,52.99578,0.3032728204102632
merged_clock,Clock,4,5,7,0,0,54.0017,0.3051318056454955
merged_clock,Clock,4,5,7,0,0,54.99515,0.3069740015477779
merged_clock,Clock,4,5,7,0,0,56.00211,0.30884755105446937
merged_clock,Clock,4,5,7,0,0,56.99607,0.3107031053401131
merged_clock,Clock,4,5,7,0,0,58.00155,0.3125863720078499
merged_clock,Clock,4,5,7,0,0,58.99435,0.31445198648124945
merged_clock,Clock,4,5,7,0,0,60.0008,0.31634938449329025
merged_clock,Clock,4,5,7,0,0,60.994,0.31822781237052283
merged_clock,Clock,4,5,7,0,0,61.99949,0.32013552754024616
merged_clock,Clock,4,5,7,0,0,62.99507,0.32203039202825695
merged_clock,Clock,4,5,7,0,0,63.99815,0.32394546134888075
merged_clock,Clock,4,5,7,0,0,64.99374,0.32585207557978807
merged_clock,Clock,4,5,7,0,0,65.99939,0.32778383771720165
merged_clock,Clock,4,5,7,0,0,66.9928,0.329697822794851
merged_clock,Clock,4,5,7,0,0,67.99718,0.3316387023478878
merged_clock,Clock,4,5,7,0,0,69.00393,0.33358992685929095
merged_clock,Clock,4,5,7,0,0,69.99723,0.33552068500245824
merged_clock,Clock,4,5,7,0,0,71.00259,0.33748049107324124
merged_clock,Clock,4,5,7,0,0,71.99445,0.3394194901930159
merged_clock,Clock,4,5,7,0,0,73.00022,0.3413911780624357
merged_clock,Clock,4,5,7,0,0,73.99709,0.3433508540433267
merged_clock,Clock,4,5,7,0,0,75.00314,0.3453339977026939
merged_clock,Clock,4,5,7,0,0,75.99519,0.3472948283567333
merged_clock,Clock,4,5,7,0,0,76.99998,0.3492861213934829
merged_clock,Clock,4,5,7,0,0,77.99554,0.35126433476877233
merged_clock,Clock,4,5,7,0,0,79.00001,0.3532654453741231
merged_clock,Clock,4,5,7,0,0,79.99461,0.3552519847135822
merged_clock,Clock,4,5,7,0,0,81.00056,0.35726625412344815
merged_clock,Clock,4,5,7,0,0,82.00359,0.35927973779723205
merged_clock,Clock,4,5,7,0,0,82.99943,0.36128367952090285
merged_clock,Clock,4,5,7,0,0,83.99486,0.36329164431177935
merged_clock,Clock,4,5,7,0,0,85.00007,0.36532418658094834
merged_clock,Clock,4,5,7,0,0,86.00393,0.3673587992193706
merged_clock,Clock,4,5,7,0,0,86.99812,0.3693784882712032
merged_clock,Clock,4,5,7,0,0,87.99282,0.3714037889291907
merged_clock,Clock,4,5,7,0,0,88.99699,0.3734529610452098
merged_clock,Clock,4,5,7,0,0,90.00186,0.3755081380093401
merged_clock,Clock,4,5,7,0,0,90.99645,0.37754670706393967
merged_clock,Clock,4,5,7,0,0,92.00201,0.3796121592668791
merged_clock,Clock,4,5,7,0,0,92.99689,0.3816599892394611
merged_clock,Clock,4,5,7,0,0,94.00135,0.3837318188568016
merged_clock,Clock,4,5,7,0,0,94.9968,0.38578923652394986
merged_clock,Clock,4,5,7,0,0,96.00082,0.3878684878250139
merged_clock,Clock,4,5,7,0,0,96.99449,0.3899303589772263
merged_clock,Clock,4,5,7,0,0,98.00054,0.39202192329670693
merged_clock,Clock,4,5,7,0,0,98.99588,0.3940951265530145
merged_clock,Clock,4,5,7,0,0,100.0011,0.3961927856088457
merged_clock,Clock,4,5,7,0,0,100.9948,0.3982701647523199
merged_clock,Clock,4,5,7,0,0,101.9992,0.40037365079482007
merged_clock,Clock,4,5,7,0,0,103.0026,0.4024787169706078
merged_clock,Clock,4,5,7,0,0,103.9996,0.40457391999243447
merged_clock,Clock,4,5,7,0,0,104.9937,0.4066664829463263
merged_clock,Clock,4,5,7,0,0,105.999,0.40878608816398354
merged_clock,Clock,4,5,7,0,0,106.9934,0.410886048368929
merged_clock,Clock,4,5,7,0,0,107.9972,0.4130091561402906
merged_clock,Clock,4,5,7,0,0,109.0041,0.4151420701579454
merged_clock,Clock,4,5,7,0,0,109.9973,0.41724909486983985
merged_clock,Clock,4,5,7,0,0,111.0035,0.4193867848898014
merged_clock,Clock,4,5,7,0,0,111.9956,0.4214974718476776
merged_clock,Clock,4,5,7,0,0,113.0022,0.42364195037278807
merged_clock,Clock,4,5,7,0,0,113.9961,0.4257622088041115
merged_clock,Clock,4,5,7,0,0,115.0029,0.4279127595168826
merged_clock,Clock,4,5,7,0,0,115.9965,0.4300377912412334
merged_clock,Clock,4,5,7,0,0,117.001,0.43218876359755665
merged_clock,Clock,4,5,7,0,0,117.9928,0.43431504668964527
merged_clock,Clock,4,5,7,0,0,119.0004,0.4364776818265502
merged_clock,Clock,4,5,7,0,0,119.9944,0.4386135064836903
merged_clock,Clock,4,5,7,0,0,120.9998,0.4407761387751187
merged_clock,Clock,4,5,7,0,0,121.9927,0.44291408185932063
merged_clock,Clock,4,5,7,0,0,122.9995,0.44508411796303127
merged_clock,Clock,4,5,7,0,0,123.9934,0.4472284195833295
merged_clock,Clock,4,5,7,0,0,124.9973,0.44939627818265265
merged_clock,Clock,4,5,7,0,0,125.9932,0.4515487719793661
merged_clock,Clock,4,5,7,0,0,126.9995,0.45372556751383686
merged_clock,Clock,4,5,7,0,0,127.9935,0.45587751426201367
merged_clock,Clock,4,5,7,0,0,128.9974,0.45805257335418614
merged_clock,Clock,4,5,7,0,0,129.9926,0.46021033487888174
merged_clock,Clock,4,5,7,0,0,130.9946,0.46238435950118245
merged_clock,Clock,4,5,7,0,0,132.0014,0.4645702542756509
merged_clock,Clock,4,5,7,0,0,132.9977,0.466734664422127
merged_clock,Clock,4,5,7,0,0,134.0006,0.46891469344430103
merged_clock,Clock,4,5,7,0,0,134.9947,0.4710767892246478
merged_clock,Clock,4,5,7,0,0,135.9991,0.4732623551084409
merged_clock,Clock,4,5,7,0,0,136.9946,0.47542957535597813
merged_clock,Clock,4,5,7,0,0,138.0004,0.47762015820728637
merged_clock,Clock,4,5,7,0,0,138.9938,0.47978460160508757
merged_clock,Clock,4,5,7,0,0,139.9987,0.4819748512458379
merged_clock,Clock,4,5,7,0,0,141.0029,0.4841642632083719
merged_clock,Clock,4,5,7,0,0,141.998,0.486334447403173
merged_clock,Clock,4,5,7,0,0,143.0033,0.4885273839411687
merged_clock,Clock,4,5,7,0,0,143.9993,0.49070048556529444
merged_clock,Clock,4,5,7,0,0,144.9935,0.49287000933532793
merged_clock,Clock,4,5,7,0,0,145.9986,0.4950635801237312
merged_clock,Clock,4,5,7,0,0,146.9928,0.4972335609092717
merged_clock,Clock,4,5,7,0,0,147.9981,0.4994278596488726
merged_clock,Clock,4,5,7,0,0,149.0022,0.5016195825540449
merged_clock,Clock,4,5,7,0,0,149.9987,0.503794657584577
merged_clock,Clock,4,5,7,0,0,151.0019,0.5059842084256649
merged_clock,Clock,4,5,7,0,0,151.9956,0.508152785377819
merged_clock,Clock,4,5,7,0,0,153.0024,0.5103496202654373
merged_clock,Clock,4,5,7,0,0,153.9956,0.5125164313770985
merged_clock,Clock,4,5,7,0,0,155.0018,0.5147110914443696
merged_clock,Clock,4,5,7,0,0,155.9956,0.5168781703709546
merged_clock,Clock,4,5,7,0,0,156.9987,0.5190648687996152
merged_clock,Clock,4,5,7,0,0,157.9938,0.521233416055488
merged_clock,Clock,4,5,7,0,0,158.9985,0.5234220671519724
merged_clock,Clock,4,5,7,0,0,159.9931,0.5255878280200749
merged_clock,Clock,4,5,7,0,0,160.9992,0.5277776622329796
merged_clock,Clock,4,5,7,0,0,162.0035,0.5299624788050217
merged_clock,Clock,4,5,7,0,0,162.9995,0.5321281369971191
merged_clock,Clock,4,5,7,0,0,163.9937,0.5342886737282456
merged_clock,Clock,4,5,7,0,0,164.9992,0.5364724735429236
merged_clock,Clock,4,5,7,0,0,166.0039,0.538653120626905
merged_clock,Clock,4,5,7,0,0,166.9984,0.5408101559668276
merged_clock,Clock,4,5,7,0,0,167.9929,0.5429656962105884
merged_clock,Clock,4,5,7,0,0,168.997,0.5451403747299387
merged_clock,Clock,4,5,7,0,0,170.0035,0.5473185480328393
merged_clock,Clock,4,5,7,0,0,170.9975,0.5494678998062018
merged_clock,Clock,4,5,7,0,0,172.001,0.5516359355590121
merged_clock,Clock,4,5,7,0,0,172.9949,0.553781270305798
merged_clock,Clock,4,5,7,0,0,174.0025,0.5559541383279272
merged_clock,Clock,4,5,7,0,0,174.9966,0.5580957901800704
merged_clock,Clock,4,5,7,0,0,176.0022,0.560260031725835
merged_clock,Clock,4,5,7,0,0,176.9957,0.5623959838746092
merged_clock,Clock,4,5,7,0,0,178.0007,0.564554319739371
merged_clock,Clock,4,5,7,0,0,178.996,0.5666894059042201
merged_clock,Clock,4,5,7,0,0,180.0002,0.5688410684638258
merged_clock,Clock,4,5,7,0,0,180.9951,0.5709702603730097
merged_clock,Clock,4,5,7,0,0,181.9999,0.5731179498202569
merged_clock,Clock,4,5,7,0,0,182.9938,0.5752396761783385
merged_clock,Clock,4,5,7,0,0,183.9994,0.5773835355202551
merged_clock,Clock,4,5,7,0,0,184.9946,0.5795023431487966
merged_clock,Clock,4,5,7,0,0,185.9985,0.5816367365462006
merged_clock,Clock,4,5,7,0,0,187.0036,0.5837706025496834
merged_clock,Clock,4,5,7,0,0,187.9986,0.5858799353045521
merged_clock,Clock,4,5,7,0,0,188.994,0.5879869944250387
merged_clock,Clock,4,5,7,0,0,189.9969,0.5901066559577526
merged_clock,Clock,4,5,7,0,0,191.0028,0.592229313413853
merged_clock,Clock,4,5,7,0,0,191.9973,0.5943245085478144
merged_clock,Clock,4,5,7,0,0,193.0028,0.5964394273434487
merged_clock,Clock,4,5,7,0,0,193.9961,0.5985251256852459
merged_clock,Clock,4,5,7,0,0,195.0002,0.6006299207792811
merged_clock,Clock,4,5,7,0,0,195.9969,0.6027155336147567
merged_clock,Clock,4,5,7,0,0,197.0008,0.6048124193856463
merged_clock,Clock,4,5,7,0,0,197.996,0.6068873708225316
merged_clock,Clock,4,5,7,0,0,199.0008,0.6089783945261827
merged_clock,Clock,4,5,7,0,0,199.9948,0.611043037814443
merged_clock,Clock,4,5,7,0,0,201.001,0.6131289869217541
merged_clock,Clock,4,5,7,0,0,201.9949,0.6151853423230296
merged_clock,Clock,4,5,7,0,0,202.9978,0.6172561612212452
merged_clock,Clock,4,5,7,0,0,203.994,0.6193089432260224
merged_clock,Clock,4,5,7,0,0,204.9967,0.6213708217631917
merged_clock,Clock,4,5,7,0,0,205.9934,0.6234160001065702
merged_clock,Clock,4,5,7,0,0,207.0,0.6254770761725182
merged_clock,Clock,4,5,7,0,0,208.0029,0.6275260444774835
merged_clock,Clock,4,5,7,0,0,208.9988,0.6295561807496121
merged_clock,Clock,4,5,7,0,0,210.0011,0.6315947680228925
merged_clock,Clock,4,5,7,0,0,210.9983,0.6336183355739909
merged_clock,Clock,4,5,7,0,0,212.0021,0.6356505297235361
merged_clock,Clock,4,5,7,0,0,212.9966,0.6376591209112519
merged_clock,Clock,4,5,7,0,0,214.0021,0.6396850868567634
merged_clock,Clock,4,5,7,0,0,214.9953,0.6416813702313592
merged_clock,Clock,4,5,7,0,0,216.0009,0.6436975962985978
merged_clock,Clock,4,5,7,0,0,216.996,0.6456877721481893
merged_clock,Clock,4,5,7,0,0,218.0005,0.6476916430129379
merged_clock,Clock,4,5,7,1,1,218.9956,0.6496716512604966
merged_clock,Clock,4,5,7,1,1,219.9999,0.6516647225131659
merged_clock,Clock,4,5,7,1,1,220.9944,0.6536331662654037
merged_clock,Clock,4,5,7,1,1,221.9987,0.6556156769226299
merged_clock,Clock,4,5,7,1,1,223.0024,0.6575915846522523
merged_clock,Clock,4,5,7,1,1,223.999,0.6595481320130616
merged_clock,Clock,4,5,7,1,1,224.994,0.6614961519448405
merged_clock,Clock,4,5,7,1,1,225.9992,0.6634585845770136
merged_clock,Clock,4,5,7,1,1,226.9933,0.6653938011167796
merged_clock,Clock,4,5,7,1,1,227.9978,0.6673436403519418
merged_clock,Clock,4,5,7,1,1,228.9928,0.6692693930561677
merged_clock,Clock,4,5,7,1,1,229.9977,0.6712085721428748
merged_clock,Clock,4,5,7,1,1,231.0025,0.673141758226347
merged_clock,Clock,4,5,7,1,1,231.9957,0.675046841092636
merged_clock,Clock,4,5,7,1,1,233.0028,0.6769727198005364
merged_clock,Clock,4,5,7,1,1,233.996,0.6788661262904586
merged_clock,Clock,4,5,7,1,1,235.002,0.6807779599658955
merged_clock,Clock,4,5,7,1,1,235.9946,0.6826583920649261
merged_clock,Clock,4,5,7,1,1,237.0005,0.6845579668523383
merged_clock,Clock,4,5,7,1,1,237.9957,0.6864312634206625
merged_clock,Clock,4,5,7,1,1,238.9999,0.6883153642121416
merged_clock,Clock,4,5,7,1,1,239.9937,0.6901738535327828
merged_clock,Clock,4,5,7,1,1,240.9994,0.6920483662323843
merged_clock,Clock,4,5,7,1,1,241.9947,0.6938972687619605
merged_clock,Clock,4,5,7,1,1,242.9996,0.695757689861641
merged_clock,Clock,4,5,7,1,1,243.9935,0.6975914679391675
merged_clock,Clock,4,5,7,1,1,244.9977,0.6994378734902119
merged_clock,Clock,4,5,7,1,1,246.0013,0.7012767445964201
merged_clock,Clock,4,5,7,1,1,246.9993,0.7030989342379775
merged_clock,Clock,4,5,7,1,1,247.9925,0.7049059563146187
merged_clock,Clock,4,5,7,1,1,248.9948,0.7067230534078142
merged_clock,Clock,4,5,7,1,1,250.0025,0.7085433273722099
merged_clock,Clock,4,5,7,1,1,250.998,0.7103350043629508
merged_clock,Clock,4,5,7,1,1,252.0027,0.7121366111323252
merged_clock,Clock,4,5,7,1,1,252.9959,0.7139110091131714
merged_clock,Clock,4,5,7,1,1,254.0011,0.7157001708252418
merged_clock,Clock,4,5,7,1,1,254.9948,0.7174622090466432
merged_clock,Clock,4,5,7,1,1,256.0013,0.7192402097757323
merged_clock,Clock,4,5,7,1,1,256.994,0.7209870652364487
merged_clock,Clock,4,5,7,1,1,258.0011,0.7227524970093484
merged_clock,Clock,4,5,7,1,1,258.9933,0.7244850195427187
merged_clock,Clock,4,5,7,1,1,259.9996,0.7262353449860738
merged_clock,Clock,4,5,7,1,1,260.9945,0.727958991572646
merged_clock,Clock,4,5,7,1,1,262.0007,0.729695271165188
merged_clock,Clock,4,5,7,1,1,262.9942,0.7314027825948253
merged_clock,Clock,4,5,7,1,1,263.9989,0.7331225859174465
merged_clock,Clock,4,5,7,1,1,265.0031,0.7348345390230535
merged_clock,Clock,4,5,7,1,1,265.9983,0.7365241519999239
merged_clock,Clock,4,5,7,1,1,267.0032,0.7382232606011346
merged_clock,Clock,4,5,7,1,1,267.9985,0.7398991289396517
merged_clock,Clock,4,5,7,1,1,269.0014,0.7415807391209506
merged_clock,Clock,4,5,7,1,1,269.9975,0.7432439110527842
merged_clock,Clock,4,5,7,1,1,271.003,0.7449156554371135
merged_clock,Clock,4,5,7,1,1,271.9947,0.7465574394243532
merged_clock,Clock,4,5,7,1,1,273.0017,0.748217427847759
merged_clock,Clock,4,5,7,1,1,273.9952,0.7498480460940341
merged_clock,Clock,4,5,7,1,1,275.0027,0.7514944024644288
merged_clock,Clock,4,5,7,1,1,275.9961,0.7531106522644843
merged_clock,Clock,4,5,7,1,1,276.9996,0.7547361473211324
merged_clock,Clock,4,5,7,1,1,277.9951,0.7563414884747992
merged_clock,Clock,4,5,7,1,1,278.9993,0.7579536729359708
merged_clock,Clock,4,5,7,1,1,279.9949,0.7595448584447666
merged_clock,Clock,4,5,7,1,1,280.9994,0.7611429771724642
merged_clock,Clock,4,5,7,1,1,282.0031,0.7627325868685105
merged_clock,Clock,4,5,7,1,1,282.9984,0.7643016456580212
merged_clock,Clock,4,5,7,1,1,283.9934,0.7658630356109986
merged_clock,Clock,4,5,7,1,1,284.9965,0.7674298324220117
merged_clock,Clock,4,5,7,1,1,285.9926,0.7689785148346501
merged_clock,Clock,4,5,7,1,1,286.9979,0.7705341021089851
merged_clock,Clock,4,5,7,1,1,288.0005,0.7720781932201302
merged_clock,Clock,4,5,7,1,1,288.9972,0.7736059402808023
merged_clock,Clock,4,5,7,1,1,289.9999,0.775135578853155
merged_clock,Clock,4,5,7,1,1,290.9973,0.7766498239638242
merged_clock,Clock,4,5,7,1,1,292.0016,0.7781671396534503
merged_clock,Clock,4,5,7,1,1,292.9963,0.7796627449827936
merged_clock,Clock,4,5,7,1,1,294.0009,0.7811658153089498
merged_clock,Clock,4,5,7,1,1,294.9931,0.7826431336282188
merged_clock,Clock,4,5,7,1,1,296.0004,0.7841355159502104
merged_clock,Clock,4,5,7,1,1,296.9958,0.7856029561179209
merged_clock,Clock,4,5,7,1,1,297.9999,0.7870759009053093
merged_clock,Clock,4,5,7,1,1,298.994,0.7885268325644043
merged_clock,Clock,4,5,7,1,1,299.9984,0.7899855018738949
merged_clock,Clock,4,5,7,1,1,300.9926,0.791422036748318
merged_clock,Clock,4,5,7,1,1,301.9978,0.7928670757588171
merged_clock,Clock,5,6,8,0,0,0.0111263,0.1911682260276355
merged_clock,Clock,5,6,8,0,0,1.012533,0.1926722424224487
merged_clock,Clock,5,6,8,0,0,2.006725,0.19417431833989662
merged_clock,Clock,5,6,8,0,0,3.011544,0.19570146434998262
merged_clock,Clock,5,6,8,0,0,4.002677,0.19721669657222296
merged_clock,Clock,5,6,8,0,0,5.009711,0.19876528444442132
merged_clock,Clock,5,6,8,0,0,6.004739,0.20030437309413934
merged_clock,Clock,5,6,8,0,0,7.009674,0.2018678348715317
merged_clock,Clock,5,6,8,0,0,8.003508,0.20342297348856406
merged_clock,Clock,5,6,8,0,0,9.006954,0.2050021875060833
merged_clock,Clock,5,6,8,0,0,10.00293,0.20657862266039323
merged_clock,Clock,5,6,8,0,0,11.00604,0.2081753949724694
merged_clock,Clock,5,6,8,1,1,12.00364,0.20977240175571538
merged_clock,Clock,5,6,8,1,1,13.00802,0.21138933436318486
merged_clock,Clock,5,6,8,1,1,14.00243,0.21299918399332768
merged_clock,Clock,5,6,8,1,1,15.00691,0.21463439667239886
merged_clock,Clock,5,6,8,1,1,16.01181,0.2162794019030793
merged_clock,Clock,5,6,8,1,1,17.00746,0.2179182477327463
merged_clock,Clock,5,6,8,1,1,18.01327,0.21958289419989302
merged_clock,Clock,5,6,8,1,1,19.00703,0.2212365550314356
merged_clock,Clock,5,6,8,1,1,20.01132,0.2229167743586635
merged_clock,Clock,5,6,8,1,1,21.00361,0.22458583691768375
merged_clock,Clock,5,6,8,1,1,22.01139,0.22629002004335722
merged_clock,Clock,5,6,8,1,1,23.00565,0.22798028473840273
merged_clock,Clock,5,6,8,1,1,24.01185,0.2296998889864867
merged_clock,Clock,5,6,8,1,1,25.00333,0.23140321918184548
merged_clock,Clock,5,6,8,1,1,26.01048,0.2331424896091771
merged_clock,Clock,5,6,8,1,1,27.0047,0.2348683312972119
merged_clock,Clock,5,6,8,1,1,28.00931,0.2366211836756025
merged_clock,Clock,5,6,8,1,1,29.00375,0.23836516116299217
merged_clock,Clock,5,6,8,1,1,30.00954,0.24013800655276454
merged_clock,Clock,5,6,8,1,1,31.00254,0.24189713317006453
merged_clock,Clock,5,6,8,1,1,32.00864,0.24368839427614888
merged_clock,Clock,5,6,8,1,1,33.0032,0.24546792598224623
merged_clock,Clock,5,6,8,1,1,34.00835,0.24727529204326523
merged_clock,Clock,5,6,8,1,1,35.01365,0.2490918419454675
merged_clock,Clock,5,6,8,1,1,36.00763,0.2508966869388345
merged_clock,Clock,5,6,8,1,1,37.01249,0.2527301058942542
merged_clock,Clock,5,6,8,1,1,38.00724,0.2545537922517519
merged_clock,Clock,5,6,8,1,1,39.01177,0.2564041753801453
merged_clock,Clock,5,6,8,1,1,40.00622,0.25824465954135994
merged_clock,Clock,5,6,8,1,1,41.01126,0.2601134630378549
merged_clock,Clock,5,6,8,1,1,42.00632,0.2619723281132364
merged_clock,Clock,5,6,8,1,1,43.01094,0.26385772201962027
merged_clock,Clock,5,6,8,1,1,44.00538,0.26573255978384014
merged_clock,Clock,5,6,8,1,1,45.00897,0.2676332470268193
merged_clock,Clock,5,6,8,1,1,46.00489,0.2695279188754171
merged_clock,Clock,5,6,8,1,1,47.00764,0.27144410993434426
merged_clock,Clock,5,6,8,1,1,48.00322,0.2733550301229143
merged_clock,Clock,5,6,8,1,1,49.0089,0.2752938362386772
merged_clock,Clock,5,6,8,1,1,50.00442,0.2772214344970294
merged_clock,Clock,5,6,8,1,1,51.00952,0.2791759976713298
merged_clock,Clock,5,6,8,1,1,52.00426,0.28111870375820147
merged_clock,Clock,5,6,8,1,1,53.00848,0.28308825065546317
merged_clock,Clock,5,6,8,1,1,54.00241,0.2850458191617943
merged_clock,Clock,5,6,8,1,1,55.00602,0.28703068463321546
merged_clock,Clock,5,6,8,1,1,56.01323,0.2890309503132232
merged_clock,Clock,5,6,8,1,1,57.00426,0.29100713890659125
merged_clock,Clock,5,6,8,1,1,58.01067,0.2930221195973477
merged_clock,Clock,5,6,8,1,1,59.0066,0.29502413914021813
merged_clock,Clock,5,6,8,1,1,60.01128,0.29705178598161724
merged_clock,Clock,5,6,8,1,1,61.00568,0.299066585345134
merged_clock,Clock,5,6,8,1,1,62.01031,0.3011100474067926
merged_clock,Clock,5,6,8,1,1,63.005,0.3031410953957163
merged_clock,Clock,5,6,8,1,1,64.01,0.3052010354271404
merged_clock,Clock,5,6,8,1,1,65.00407,0.30724625723094195
merged_clock,Clock,5,6,8,1,1,66.01032,0.309324307361389
merged_clock,Clock,5,6,8,1,1,67.00389,0.31138374711910227
merged_clock,Clock,5,6,8,1,1,68.00977,0.3134763389839951
merged_clock,Clock,5,6,8,1,1,69.00293,0.3155499310628747
merged_clock,Clock,5,6,8,1,1,70.00932,0.3176586784850963
merged_clock,Clock,5,6,8,1,1,71.00261,0.3197473240910562
merged_clock,Clock,5,6,8,1,1,72.00746,0.32186767313048187
merged_clock,Clock,5,6,8,1,1,73.00294,0.32397549789816843
merged_clock,Clock,5,6,8,1,1,74.00814,0.32611119075479017
merged_clock,Clock,5,6,8,1,1,75.01319,0.3282538003895178
merged_clock,Clock,5,6,8,1,1,76.00666,0.3303787722638637
merged_clock,Clock,5,6,8,1,1,77.01159,0.3325353223416002
merged_clock,Clock,5,6,8,1,1,78.00659,0.33467750887222947
merged_clock,Clock,5,6,8,1,1,79.01199,0.33684902688172436
merged_clock,Clock,5,6,8,1,1,80.0071,0.33900512008982775
merged_clock,Clock,5,6,8,1,1,81.01176,0.341188690176473
merged_clock,Clock,5,6,8,1,1,82.00599,0.3433562627198277
merged_clock,Clock,5,6,8,1,1,83.01203,0.3455562485699417
merged_clock,Clock,5,6,8,1,1,84.00549,0.3477352300142789
merged_clock,Clock,5,6,8,1,1,85.01128,0.3499477490093501
merged_clock,Clock,5,6,8,1,1,86.00328,0.3521363024040452
merged_clock,Clock,5,6,8,1,1,87.01077,0.3543653972889121
merged_clock,Clock,5,6,8,1,1,88.00428,0.35656976347185054
merged_clock,Clock,5,6,8,1,1,89.00924,0.35880573628553347
merged_clock,Clock,5,6,8,1,1,90.00323,0.3610233525623954
merged_clock,Clock,5,6,8,1,1,91.00959,0.3632746299968017
merged_clock,Clock,5,6,8,1,1,92.0034,0.3655037278570614
merged_clock,Clock,5,6,8,1,1,93.00835,0.3677636683877763
merged_clock,Clock,5,6,8,1,1,94.01284,0.37002841705470296
merged_clock,Clock,5,6,8,1,1,95.00739,0.37227640182179567
merged_clock,Clock,5,6,8,1,1,96.01205,0.3745528405455423
merged_clock,Clock,5,6,8,1,1,97.00794,0.37681492468942884
merged_clock,Clock,5,6,8,1,1,98.01041,0.37909736403374705
merged_clock,Clock,5,6,8,1,1,99.0069,0.3813715186001926
merged_clock,Clock,5,6,8,1,1,100.0121,0.38367083828673143
merged_clock,Clock,5,6,8,1,1,101.0061,0.3859496660322917
merged_clock,Clock,5,6,8,1,1,102.0104,0.38825717604405374
merged_clock,Clock,5,6,8,1,1,103.0028,0.39054228993620904
merged_clock,Clock,5,6,8,1,1,104.0098,0.3928659471302107
merged_clock,Clock,5,6,8,1,1,105.0038,0.39516435526593063
merged_clock,Clock,5,6,8,1,1,106.0078,0.39749060486790566
merged_clock,Clock,5,6,8,1,1,107.0034,0.39980199351611845
merged_clock,Clock,5,6,8,1,1,108.0105,0.4021446045286933
merged_clock,Clock,5,6,8,1,1,109.0032,0.40445810805385873
merged_clock,Clock,5,6,8,1,1,110.0085,0.40680531961959
merged_clock,Clock,5,6,8,1,1,111.0039,0.4091336101377946
merged_clock,Clock,5,6,8,1,1,112.0084,0.41148732863966975
merged_clock,Clock,5,6,8,1,1,113.0033,0.41382255703269355
merged_clock,Clock,5,6,8,1,1,114.0078,0.4161842324574073
merged_clock,Clock,5,6,8,1,1,115.0025,0.41852669245864826
merged_clock,Clock,5,6,8,1,1,116.0068,0.4208954693896971
merged_clock,Clock,5,6,8,1,1,117.013,0.4232724030924863
merged_clock,Clock,5,6,8,1,1,118.0074,0.4256249505498555
merged_clock,Clock,5,6,8,1,1,119.0124,0.4280059949759233
merged_clock,Clock,5,6,8,1,1,120.0065,0.43036451281668275
merged_clock,Clock,5,6,8,1,1,121.0116,0.4327523306026235
merged_clock,Clock,5,6,8,1,1,122.0045,0.4351142560079171
merged_clock,Clock,5,6,8,1,1,123.0113,0.43751224123029364
merged_clock,Clock,5,6,8,1,1,124.0041,0.43987974504473787
merged_clock,Clock,5,6,8,1,1,125.0098,0.4422808242415501
merged_clock,Clock,5,6,8,1,1,126.0048,0.4446589882776935
merged_clock,Clock,5,6,8,1,1,127.0095,0.4470629220866661
merged_clock,Clock,5,6,8,1,1,128.0036,0.44944393898148066
merged_clock,Clock,5,6,8,1,1,129.009,0.4518543770365757
merged_clock,Clock,5,6,8,1,1,130.0039,0.45424187219780393
merged_clock,Clock,5,6,8,1,1,131.0088,0.45665548900253916
merged_clock,Clock,5,6,8,1,1,132.0122,0.4590675467377323
merged_clock,Clock,5,6,8,1,1,133.0076,0.46146224424778
merged_clock,Clock,5,6,8,1,1,134.0139,0.4638849977728695
merged_clock,Clock,5,6,8,1,1,135.0082,0.4662805154620279
merged_clock,Clock,5,6,8,1,1,136.0131,0.4687032005486338
merged_clock,Clock,5,6,8,1,1,137.0078,0.4711026928380446
merged_clock,Clock,5,6,8,1,1,138.013,0.473528903486853
merged_clock,Clock,5,6,8,1,1,139.0039,0.4759218296802279
merged_clock,Clock,5,6,8,1,1,140.0123,0.4783581188382468
merged_clock,Clock,5,6,8,1,1,141.0059,0.48075969340678315
merged_clock,Clock,5,6,8,1,1,142.0129,0.483194519482126
merged_clock,Clock,5,6,8,1,1,143.0045,0.4855929363187418
merged_clock,Clock,5,6,8,1,1,144.0114,0.4880290122243171
merged_clock,Clock,5,6,8,1,1,145.0053,0.4904341931955997
merged_clock,Clock,5,6,8,1,1,146.01,0.49286596721760095
merged_clock,Clock,5,6,8,1,1,147.0052,0.4952751025165643
merged_clock,Clock,5,6,8,1,1,148.0087,0.4977045167155735
merged_clock,Clock,5,6,8,1,1,149.0129,0.5001357386717356
merged_clock,Clock,5,6,8,1,1,150.0087,0.5025466362383916
merged_clock,Clock,5,6,8,1,1,151.0138,0.5049799112923263
merged_clock,Clock,5,6,8,1,1,152.0095,0.5073902356631252
merged_clock,Clock,5,6,8,1,1,153.0142,0.5098219674203038
merged_clock,Clock,5,6,8,1,1,154.0081,0.5122270946643932
merged_clock,Clock,5,6,8,1,1,155.0137,0.5146599666321137
merged_clock,Clock,5,6,8,1,1,156.0075,0.5170636206213898
merged_clock,Clock,5,6,8,1,1,157.0126,0.519493781387912
merged_clock,Clock,5,6,8,1,1,158.0068,0.5218966936482003
merged_clock,Clock,5,6,8,1,1,159.0132,0.5243280403895803
merged_clock,Clock,5,6,8,1,1,160.0063,0.5267261493624258
merged_clock,Clock,5,6,8,1,1,161.0108,0.5291505283536152
merged_clock,Clock,5,6,8,1,1,162.006,0.5315510874952454
merged_clock,Clock,5,6,8,1,1,163.0109,0.5339735743351095
merged_clock,Clock,5,6,8,1,1,164.0049,0.5363682224016436
merged_clock,Clock,5,6,8,1,1,165.01,0.538787890235799
merged_clock,Clock,5,6,8,1,1,166.0045,0.5411802674526899
merged_clock,Clock,5,6,8,1,1,167.0095,0.5435959712283701
merged_clock,Clock,5,6,8,1,1,168.0032,0.5459824829689895
merged_clock,Clock,5,6,8,1,1,169.0091,0.548396124454839
merged_clock,Clock,5,6,8,1,1,170.0035,0.5507799604424644
merged_clock,Clock,5,6,8,1,1,171.0077,0.5531849516502297
merged_clock,Clock,5,6,8,1,1,172.0033,0.5555668415455636
merged_clock,Clock,5,6,8,1,1,173.0079,0.5579677204173992
merged_clock,Clock,5,6,8,1,1,174.0131,0.5603673125807324
merged_clock,Clock,5,6,8,1,1,175.0073,0.5627378336054913
merged_clock,Clock,5,6,8,1,1,176.0123,0.565131240729739
merged_clock,Clock,5,6,8,1,1,177.0065,0.567495936752266
merged_clock,Clock,5,6,8,1,1,178.0104,0.5698805981278523
merged_clock,Clock,5,6,8,1,1,179.0055,0.5722411144765742
merged_clock,Clock,5,6,8,1,1,180.0111,0.5746232332694439
merged_clock,Clock,5,6,8,1,1,181.0053,0.5769749503831045
merged_clock,Clock,5,6,8,1,1,182.0111,0.5793505538459276
merged_clock,Clock,5,6,8,1,1,183.0054,0.5816954129223323
merged_clock,Clock,5,6,8,1,1,184.0106,0.5840622174743723
merged_clock,Clock,5,6,8,1,1,185.0048,0.586399311466907
merged_clock,Clock,5,6,8,1,1,186.01,0.5887582812463824
merged_clock,Clock,5,6,8,1,1,187.0047,0.5910886410555548
merged_clock,Clock,5,6,8,1,1,188.0081,0.5934352370663851
merged_clock,Clock,5,6,8,1,1,189.0033,0.5957584298140637
merged_clock,Clock,5,6,8,1,1,190.0063,0.5980955251811029
merged_clock,Clock,5,6,8,1,1,191.0028,0.6004130682572605
merged_clock,Clock,5,6,8,1,1,192.0089,0.6027483446962908
merged_clock,Clock,5,6,8,1,1,193.0028,0.6050507715207294
merged_clock,Clock,5,6,8,1,1,194.0075,0.6073734611852275
merged_clock,Clock,5,6,8,1,1,195.0103,0.609686907207615
merged_clock,Clock,5,6,8,1,1,196.0071,0.6119816397445244
merged_clock,Clock,5,6,8,1,1,197.013,0.6142923191456635
merged_clock,Clock,5,6,8,1,1,198.0058,0.6165678504280212
merged_clock,Clock,5,6,8,1,1,199.0128,0.6188707371065465
merged_clock,Clock,5,6,8,1,1,200.0057,0.6211361598294017
merged_clock,Clock,5,6,8,1,1,201.0118,0.6234262852164163
merged_clock,Clock,5,6,8,1,1,202.0059,0.6256837418991732
merged_clock,Clock,5,6,8,1,1,203.0114,0.6279614968193892
merged_clock,Clock,5,6,8,1,1,204.0047,0.6302060674385391
merged_clock,Clock,5,6,8,1,1,205.0115,0.6324754221775432
merged_clock,Clock,5,6,8,1,1,206.0058,0.6347108283658323
merged_clock,Clock,5,6,8,1,1,207.0091,0.636960603875374
merged_clock,Clock,5,6,8,1,1,208.0048,0.6391874620927217
merged_clock,Clock,5,6,8,1,1,209.0109,0.6414314622013013
merged_clock,Clock,5,6,8,1,1,210.0142,0.643663117899876
merged_clock,Clock,5,6,8,1,1,211.0105,0.6458730049848161
merged_clock,Clock,5,6,8,1,1,212.0143,0.6480932617860148
merged_clock,Clock,5,6,8,1,1,213.0075,0.6502838134135632
merged_clock,Clock,5,6,8,1,1,214.0034,0.6524739385968022
merged_clock,Clock,5,6,8,1,1,215.0077,0.654676039620731
merged_clock,Clock,5,6,8,1,1,216.0128,0.6568732569930862
merged_clock,Clock,5,6,8,1,1,217.0073,0.6590406974416451
merged_clock,Clock,5,6,8,1,1,218.0133,0.6612265004283578
merged_clock,Clock,5,6,8,1,1,219.0063,0.6633773004526597
merged_clock,Clock,5,6,8,1,1,220.0116,0.6655478650238479
merged_clock,Clock,5,6,8,1,1,221.0034,0.6676824605059625
merged_clock,Clock,5,6,8,1,1,222.0124,0.6698470224223101
merged_clock,Clock,5,6,8,1,1,223.0052,0.6719698202473139
merged_clock,Clock,5,6,8,1,1,224.0106,0.6741124250173487
merged_clock,Clock,5,6,8,1,1,225.0051,0.6762246451070011
merged_clock,Clock,5,6,8,1,1,226.011,0.6783538252048747
merged_clock,Clock,5,6,8,1,1,227.0034,0.680447184189356
merged_clock,Clock,5,6,8,1,1,228.0098,0.6825626559912584
merged_clock,Clock,5,6,8,1,1,229.0035,0.6846440689956951
merged_clock,Clock,5,6,8,1,1,230.0087,0.6867420681618052
merged_clock,Clock,5,6,8,1,1,231.003,0.6888098380391856
merged_clock,Clock,5,6,8,1,1,232.008,0.6908921938729321
merged_clock,Clock,5,6,8,1,1,233.0139,0.6929687129788571
merged_clock,Clock,5,6,8,1,1,234.0074,0.6950119748468343
merged_clock,Clock,5,6,8,1,1,235.0029,0.6970516715197032
merged_clock,Clock,5,6,8,1,1,236.0081,0.6991034035241056
merged_clock,Clock,5,6,8,1,1,237.012,0.7011445346881398
merged_clock,Clock,5,6,8,1,1,238.0068,0.7031593468638203
merged_clock,Clock,5,6,8,1,1,239.0122,0.7051876085379579
merged_clock,Clock,5,6,8,1,1,240.0048,0.7071821096400387
merged_clock,Clock,5,6,8,1,1,241.0114,0.7091966293219887
merged_clock,Clock,5,6,8,1,1,242.0057,0.7111785161505194
merged_clock,Clock,5,6,8,1,1,243.0114,0.7131749093884225
merged_clock,Clock,5,6,8,1,1,244.005,0.7151391889194958
merged_clock,Clock,5,6,8,1,1,245.0085,0.7171147780763287
merged_clock,Clock,5,6,8,1,1,246.0043,0.7190670033077267
merged_clock,Clock,5,6,8,1,1,247.0102,0.7210306450288055
merged_clock,Clock,5,6,8,1,1,248.0034,0.7229612547468725
merged_clock,Clock,5,6,8,1,1,249.0086,0.7249067640845953
merged_clock,Clock,5,6,8,1,1,250.012,0.7268402817779991
merged_clock,Clock,5,6,8,1,1,251.0087,0.7287525005472806
merged_clock,Clock,5,6,8,1,1,252.0134,0.7306715317484878
merged_clock,Clock,5,6,8,1,1,253.0077,0.7325622533447963
merged_clock,Clock,5,6,8,1,1,254.0119,0.7344632011493416
merged_clock,Clock,5,6,8,1,1,255.0081,0.7363404672627583
merged_clock,Clock,5,6,8,1,1,256.0134,0.7382262122268838
merged_clock,Clock,5,6,8,1,1,257.007,0.7400814287347675
merged_clock,Clock,5,6,8,1,1,258.0121,0.7419494264670786
merged_clock,Clock,5,6,8,1,1,259.007,0.7437898359074812
merged_clock,Clock,5,6,8,1,1,260.0117,0.745639613153625
merged_clock,Clock,5,6,8,1,1,261.005,0.7474597613068231
merged_clock,Clock,5,6,8,1,1,262.0108,0.7492939721798612
merged_clock,Clock,5,6,8,1,1,263.0057,0.7510995727169995
merged_clock,Clock,5,6,8,1,1,264.01,0.7529133922653116
merged_clock,Clock,5,6,8,1,1,265.0052,0.7547019516515536
merged_clock,Clock,5,6,8,1,1,266.0104,0.7564996633652928
merged_clock,Clock,5,6,8,1,1,267.0128,0.7582833820338227
merged_clock,Clock,5,6,8,1,1,268.0097,0.7600485308234174
merged_clock,Clock,5,6,8,1,1,269.0036,0.7617995293464079
merged_clock,Clock,5,6,8,1,1,270.0091,0.7635620012789255
merged_clock,Clock,5,6,8,1,1,271.014,0.7653144413374978
merged_clock,Clock,5,6,8,1,1,272.0055,0.7670346190433411
merged_clock,Clock,5,6,8,1,1,273.0126,0.7687728976568541
merged_clock,Clock,5,6,8,1,1,274.0073,0.7704808161418408
merged_clock,Clock,5,6,8,1,1,275.0133,0.7721991459668088
merged_clock,Clock,5,6,8,1,1,276.007,0.7738874938441986
merged_clock,Clock,5,6,8,1,1,277.0134,0.7755884163150556
merged_clock,Clock,5,6,8,1,1,278.0072,0.7772590950120192
merged_clock,Clock,5,6,8,1,1,279.0129,0.7789407290504576
merged_clock,Clock,5,6,8,1,1,280.0068,0.7805936626998753
merged_clock,Clock,5,6,8,1,1,281.011,0.7822546572389892
merged_clock,Clock,5,6,8,1,1,282.0045,0.7838890354898363
merged_clock,Clock,5,6,8,1,1,283.0108,0.7855354223027371
merged_clock,Clock,5,6,8,1,1,284.0054,0.7871536583810067
merged_clock,Clock,5,6,8,1,1,285.0088,0.7887771489161053
merged_clock,Clock,5,6,8,1,1,286.004,0.7903784312743453
merged_clock,Clock,5,6,8,1,1,287.0099,0.7919878173653107
merged_clock,Clock,5,6,8,1,1,288.0023,0.7935666754366645
merged_clock,Clock,5,6,8,1,1,289.0085,0.7951584570065433
merged_clock,Clock,5,6,8,1,1,290.0032,0.7967230161114826
merged_clock,Clock,5,6,8,1,1,291.007,0.7982928385793682
merged_clock,Clock,5,6,8,1,1,292.003,0.7998415184338443
merged_clock,Clock,5,6,8,1,1,293.0081,0.8013952840633791
merged_clock,Clock,5,6,8,1,1,294.0127,0.8029392117150802
merged_clock,Clock,5,6,8,1,1,295.0076,0.8044592819923129
merged_clock,Clock,5,6,8,1,1,296.0129,0.8059862199771223
merged_clock,Clock,5,6,8,1,1,297.0052,0.8074844706702476
merged_clock,Clock,5,6,8,1,1,298.0126,0.8089965455846205
merged_clock,Clock,5,6,8,1,1,299.0057,0.8104782414379144
merged_clock,Clock,5,6,8,1,1,300.0108,0.8119688485030198
merged_clock,Clock,5,6,8,1,1,301.005,0.8134344189728783
merged_clock,Clock,5,6,29,0,0,0.0112192,0.19116836513687988
merged_clock,Clock,5,6,29,0,0,1.011824,0.19267117448680687
merged_clock,Clock,5,6,29,0,0,2.016775,0.1941895473972943
merged_clock,Clock,5,6,29,0,0,3.01134,0.1957011532543782
merged_clock,Clock,5,6,29,0,0,4.016446,0.19723780887435288
merged_clock,Clock,5,6,29,0,0,5.010691,0.19876679648573836
merged_clock,Clock,5,6,29,0,0,6.014781,0.20031995157806134
merged_clock,Clock,5,6,29,0,0,7.021184,0.20188579447183755
merged_clock,Clock,5,6,29,0,0,8.014297,0.2034399046998455
merged_clock,Clock,5,6,29,0,0,9.017834,0.20501935933088944
merged_clock,Clock,5,6,29,0,0,10.0143,0.20659667185637112
merged_clock,Clock,5,6,29,0,0,11.0198,0.2081973624667438
merged_clock,Clock,5,6,29,0,0,12.01373,0.20978859998480373
merged_clock,Clock,5,6,29,0,0,13.01924,0.21140744860986535
merged_clock,Clock,5,6,29,0,0,14.01323,0.21301671768555608
merged_clock,Clock,5,6,29,0,0,15.01874,0.21465370817926357
merged_clock,Clock,5,6,29,0,0,16.02178,0.21629576780042625
merged_clock,Clock,5,6,29,0,0,17.0179,0.217935480774325
merged_clock,Clock,5,6,29,0,0,18.01236,0.21958138432280086
merged_clock,Clock,5,6,29,0,0,19.01663,0.22125257271224782
merged_clock,Clock,5,6,29,0,0,20.01117,0.2229165215824494
merged_clock,Clock,5,6,29,0,0,21.01589,0.2246065469270392
merged_clock,Clock,5,6,29,0,0,22.01227,0.22629151092972016
merged_clock,Clock,5,6,29,0,0,23.01739,0.22800029561786836
merged_clock,Clock,5,6,29,0,0,24.01122,0.2296988104546358
merged_clock,Clock,5,6,29,0,0,25.01702,0.23142679818130957
merged_clock,Clock,5,6,29,0,0,26.0217,0.23316191513224446
merged_clock,Clock,5,6,29,0,0,27.01569,0.23488745822216156
merged_clock,Clock,5,6,29,0,0,28.02129,0.2366421409497963
merged_clock,Clock,5,6,29,0,0,29.01555,0.23838590942329968
merged_clock,Clock,5,6,29,0,0,30.01976,0.24015606616857726
merged_clock,Clock,5,6,29,0,0,31.01329,0.2419162246905981
merged_clock,Clock,5,6,29,0,0,32.02007,0.24370879373941828
merged_clock,Clock,5,6,29,0,0,33.01092,0.24548177504021224
merged_clock,Clock,5,6,29,0,0,34.01912,0.24729470395108613
merged_clock,Clock,5,6,29,0,0,35.01377,0.2490920630641482
merged_clock,Clock,5,6,29,0,0,36.01718,0.25091407335124233
merged_clock,Clock,5,6,29,0,0,37.01274,0.2527305663709578
merged_clock,Clock,5,6,29,0,0,38.01831,0.2545741361285707
merged_clock,Clock,5,6,29,0,0,39.01217,0.25640491495263096
merged_clock,Clock,5,6,29,0,0,40.01754,0.2582656561950806
merged_clock,Clock,5,6,29,0,0,41.01052,0.2601120837403836
merged_clock,Clock,5,6,29,0,0,42.01724,0.26199277078356303
merged_clock,Clock,5,6,29,0,0,43.02027,0.2638752740066672
merged_clock,Clock,5,6,29,0,0,44.01577,0.265752195438427
merged_clock,Clock,5,6,29,0,0,45.02153,0.2676570922664578
merged_clock,Clock,5,6,29,0,0,46.01505,0.26954728833007896
merged_clock,Clock,5,6,29,0,0,47.02,0.2714677816201298
merged_clock,Clock,5,6,29,0,0,48.01451,0.27337675117296656
merged_clock,Clock,5,6,29,0,0,49.02043,0.27531611733154976
merged_clock,Clock,5,6,29,0,0,50.01405,0.2772401180489703
merged_clock,Clock,5,6,29,0,0,51.02033,0.27919705934736727
merged_clock,Clock,5,6,29,0,0,52.01211,0.2811340686152515
merged_clock,Clock,5,6,29,0,0,53.01879,0.2831085168401299
merged_clock,Clock,5,6,29,0,0,54.01346,0.2850676228734995
merged_clock,Clock,5,6,29,0,0,55.01865,0.2870557168124863
merged_clock,Clock,5,6,29,0,0,56.0123,0.28902909800588555
merged_clock,Clock,5,6,29,0,0,57.01873,0.2910360503694413
merged_clock,Clock,5,6,29,0,0,58.01094,0.2930226629650453
merged_clock,Clock,5,6,29,0,0,59.01741,0.2950459147319108
merged_clock,Clock,5,6,29,0,0,60.01103,0.29705127685216487
merged_clock,Clock,5,6,29,0,0,61.01686,0.2990892839374048
merged_clock,Clock,5,6,29,0,0,62.02135,0.30113254680002427
merged_clock,Clock,5,6,29,0,0,63.01606,0.3031637197421072
merged_clock,Clock,5,6,29,0,0,64.01111,0.3052033072427025
merged_clock,Clock,5,6,29,0,0,65.01536,0.3072695325341543
merged_clock,Clock,5,6,29,0,0,66.01973,0.30934377072238217
merged_clock,Clock,5,6,29,0,0,67.01254,0.31140171314921977
merged_clock,Clock,5,6,29,0,0,68.02018,0.3134980280977244
merged_clock,Clock,5,6,29,0,0,69.01416,0.3155734211906662
merged_clock,Clock,5,6,29,0,0,70.02119,0.3176835820135649
merged_clock,Clock,5,6,29,0,0,71.01406,0.3197714467705942
merged_clock,Clock,5,6,29,0,0,72.01811,0.32189018669192937
merged_clock,Clock,5,6,29,0,0,73.01423,0.3239994477964797
merged_clock,Clock,5,6,29,0,0,74.01737,0.32613083815377475
merged_clock,Clock,5,6,29,0,0,75.01094,0.3282489942722026
merged_clock,Clock,5,6,29,0,0,76.0176,0.33040221224728034
merged_clock,Clock,5,6,29,0,0,77.02081,0.33255514938077996
merged_clock,Clock,5,6,29,0,0,78.01769,0.3347014469040845
merged_clock,Clock,5,6,29,0,0,79.01154,0.3368480531072024
merged_clock,Clock,5,6,29,0,0,80.01762,0.3390279350484424
merged_clock,Clock,5,6,29,0,0,81.01078,0.341186564368721
merged_clock,Clock,5,6,29,0,0,82.01668,0.34337960154297087
merged_clock,Clock,5,6,29,0,0,83.01159,0.345555279449446
merged_clock,Clock,5,6,29,0,0,84.0154,0.3477569994468174
merged_clock,Clock,5,6,29,0,0,85.0213,0.3499698347597053
merged_clock,Clock,5,6,29,0,0,86.01613,0.3521646883595719
merged_clock,Clock,5,6,29,0,0,87.02153,0.354389232708629
merged_clock,Clock,5,6,29,0,0,88.01397,0.35659129200998807
merged_clock,Clock,5,6,29,0,0,89.02009,0.35882990836653517
merged_clock,Clock,5,6,29,0,0,90.0147,0.361048987591834
merged_clock,Clock,5,6,29,0,0,91.01833,0.3632942155510051
merged_clock,Clock,5,6,29,0,0,92.01338,0.3655261405102323
merged_clock,Clock,5,6,29,0,0,93.01836,0.36778620801193285
merged_clock,Clock,5,6,29,0,0,94.01306,0.3700289165290095
merged_clock,Clock,5,6,29,0,0,95.01991,0.3723047358463252
merged_clock,Clock,5,6,29,0,0,96.01231,0.374553429039177
merged_clock,Clock,5,6,29,0,0,97.01806,0.3768379313137606
merged_clock,Clock,5,6,29,0,0,98.01287,0.37910298145560745
merged_clock,Clock,5,6,29,0,0,99.0177,0.3813962020471002
merged_clock,Clock,5,6,29,0,0,100.0129,0.3836726727972037
merged_clock,Clock,5,6,29,0,0,101.0174,0.3859755991132465
merged_clock,Clock,5,6,29,0,0,102.012,0.3882608612979924
merged_clock,Clock,5,6,29,0,0,103.0166,0.39057410373721657
merged_clock,Clock,5,6,29,0,0,104.0114,0.3928696304122881
merged_clock,Clock,5,6,29,0,0,105.016,0.3951925928787709
merged_clock,Clock,5,6,29,0,0,106.0215,0.3975223854558311
merged_clock,Clock,5,6,29,0,0,107.0152,0.39982940376380843
merged_clock,Clock,5,6,29,0,0,108.0193,0.40216510419670026
merged_clock,Clock,5,6,29,0,0,109.015,0.40448564019039396
merged_clock,Clock,5,6,29,0,0,110.0205,0.40683336596598085
merged_clock,Clock,5,6,29,0,0,111.0144,0.4091581875349107
merged_clock,Clock,5,6,29,0,0,112.0205,0.4115157064556157
merged_clock,Clock,5,6,29,0,0,113.0114,0.4138415730943115
merged_clock,Clock,5,6,29,0,0,114.0195,0.41621177156886935
merged_clock,Clock,5,6,29,0,0,115.0128,0.4185509668996923
merged_clock,Clock,5,6,29,0,0,116.0194,0.420925220586833
merged_clock,Clock,5,6,29,0,0,117.0126,0.42327146520034026
merged_clock,Clock,5,6,29,0,0,118.0177,0.4256493353180372
merged_clock,Clock,5,6,29,0,0,119.0121,0.42800528952818984
merged_clock,Clock,5,6,29,0,0,120.0173,0.43039016113549455
merged_clock,Clock,5,6,29,0,0,121.0209,0.43277444002862814
merged_clock,Clock,5,6,29,0,0,122.0168,0.4351435306313172
merged_clock,Clock,5,6,29,0,0,123.0214,0.43753631548882577
merged_clock,Clock,5,6,29,0,0,124.0167,0.43990981878664026
merged_clock,Clock,5,6,29,0,0,125.021,0.44230757902606704
merged_clock,Clock,5,6,29,0,0,126.0145,0.4446821961426546
merged_clock,Clock,5,6,29,0,0,127.0109,0.4470662827228368
merged_clock,Clock,5,6,29,0,0,128.0153,0.4494719845288232
merged_clock,Clock,5,6,29,0,0,129.0204,0.4518817175298362
merged_clock,Clock,5,6,29,0,0,130.0143,0.4542668196087359
merged_clock,Clock,5,6,29,0,0,131.0208,0.4566843079217981
merged_clock,Clock,5,6,29,0,0,132.0134,0.45907040896048157
merged_clock,Clock,5,6,29,0,0,133.019,0.46148967664564333
merged_clock,Clock,5,6,29,0,0,134.0134,0.46388378502326055
merged_clock,Clock,5,6,29,0,0,135.0182,0.46630463975402264
merged_clock,Clock,5,6,29,0,0,136.0138,0.4687048564585809
merged_clock,Clock,5,6,29,0,0,137.0193,0.47113045470561793
merged_clock,Clock,5,6,29,0,0,138.0129,0.4735286456125624
merged_clock,Clock,5,6,29,0,0,139.018,0.47595588571543335
merged_clock,Clock,5,6,29,0,0,140.0114,0.4783559433009984
merged_clock,Clock,5,6,29,0,0,141.0173,0.48078724882221735
merged_clock,Clock,5,6,29,0,0,142.0123,0.48319308034337544
merged_clock,Clock,5,6,29,0,0,143.0174,0.48562412706501573
merged_clock,Clock,5,6,29,0,0,144.0198,0.48804935602094807
merged_clock,Clock,5,6,29,0,0,145.0158,0.4904596005164452
merged_clock,Clock,5,6,29,0,0,146.022,0.4928950352523831
merged_clock,Clock,5,6,29,0,0,147.0161,0.49530147728436835
merged_clock,Clock,5,6,29,0,0,148.0215,0.49773551102260216
merged_clock,Clock,5,6,29,0,0,149.0159,0.5001430163892282
merged_clock,Clock,5,6,29,0,0,150.0214,0.5025773717837936
merged_clock,Clock,5,6,29,0,0,151.0148,0.5049823492706043
merged_clock,Clock,5,6,29,0,0,152.0203,0.5074163484480304
merged_clock,Clock,5,6,29,0,0,153.015,0.5098238877008925
merged_clock,Clock,5,6,29,0,0,154.0197,0.5122551543116514
merged_clock,Clock,5,6,29,0,0,155.0137,0.5146599666321137
merged_clock,Clock,5,6,29,0,0,156.0195,0.5170926237321799
merged_clock,Clock,5,6,29,0,0,157.0139,0.5194969167462061
merged_clock,Clock,5,6,29,0,0,158.0179,0.5219234994420563
merged_clock,Clock,5,6,29,0,0,159.0134,0.5243285195081004
merged_clock,Clock,5,6,29,0,0,160.0171,0.5267522300132007
merged_clock,Clock,5,6,29,0,0,161.0113,0.5291517433198025
merged_clock,Clock,5,6,29,0,0,162.0164,0.5315761820347988
merged_clock,Clock,5,6,29,0,0,163.022,0.534000344379556
merged_clock,Clock,5,6,29,0,0,164.0161,0.5363951948005032
merged_clock,Clock,5,6,29,0,0,165.022,0.5388167890679519
merged_clock,Clock,5,6,29,0,0,166.0165,0.5412091073361225
merged_clock,Clock,5,6,29,0,0,167.0112,0.5436000406937574
merged_clock,Clock,5,6,29,0,0,168.0158,0.5460127027855631
merged_clock,Clock,5,6,29,0,0,169.0202,0.5484227666586953
merged_clock,Clock,5,6,29,0,0,170.0141,0.5508053706834353
merged_clock,Clock,5,6,29,0,0,171.0207,0.5532160705208468
merged_clock,Clock,5,6,29,0,0,172.0139,0.5555921994924999
merged_clock,Clock,5,6,29,0,0,173.0192,0.5579946904218591
merged_clock,Clock,5,6,29,0,0,174.013,0.5603670577511581
merged_clock,Clock,5,6,29,0,0,175.0175,0.5627621590302427
merged_clock,Clock,5,6,29,0,0,176.0135,0.5651341096817136
merged_clock,Clock,5,6,29,0,0,177.0181,0.5675235013868812
merged_clock,Clock,5,6,29,0,0,178.0124,0.569885343088389
merged_clock,Clock,5,6,29,0,0,179.0186,0.5722721855509288
merged_clock,Clock,5,6,29,0,0,180.0117,0.5746246780628108
merged_clock,Clock,5,6,29,0,0,181.0171,0.5770028661248721
merged_clock,Clock,5,6,29,0,0,182.0113,0.5793510580179061
merged_clock,Clock,5,6,29,0,0,183.0171,0.5817229912927384
merged_clock,Clock,5,6,29,0,0,184.0217,0.5840883154586752
merged_clock,Clock,5,6,29,0,0,185.0134,0.58641948904188
merged_clock,Clock,5,6,29,0,0,186.0216,0.5887855084793856
merged_clock,Clock,5,6,29,0,0,187.0153,0.5911134638986332
merged_clock,Clock,5,6,29,0,0,188.0214,0.5934662901683624
merged_clock,Clock,5,6,29,0,0,189.0154,0.5957866505590238
merged_clock,Clock,5,6,29,0,0,190.0175,0.5981215971497683
merged_clock,Clock,5,6,29,0,0,191.0144,0.600440012072952
merged_clock,Clock,5,6,29,0,0,192.0198,0.6027736430383644
merged_clock,Clock,5,6,29,0,0,193.0143,0.6050773611315053
merged_clock,Clock,5,6,29,0,0,194.0198,0.6074018635134977
merged_clock,Clock,5,6,29,0,0,195.0145,0.6096965775029635
merged_clock,Clock,5,6,29,0,0,196.0186,0.6120080970485414
merged_clock,Clock,5,6,29,0,0,197.0138,0.6142941397908895
merged_clock,Clock,5,6,29,0,0,198.0177,0.6165950992140806
merged_clock,Clock,5,6,29,0,0,199.0128,0.6188707371065465
merged_clock,Clock,5,6,29,0,0,200.015,0.6211573371747862
merged_clock,Clock,5,6,29,0,0,201.0131,0.623429268687781
merged_clock,Clock,5,6,29,0,0,202.0175,0.6257100439743479
merged_clock,Clock,5,6,29,0,0,203.0224,0.6279863876414327
merged_clock,Clock,5,6,29,0,0,204.0173,0.6302345123442131
merged_clock,Clock,5,6,29,0,0,205.0222,0.6324995007697095
merged_clock,Clock,5,6,29,0,0,206.0159,0.6347335089357893
merged_clock,Clock,5,6,29,0,0,207.0197,0.6369843522568015
merged_clock,Clock,5,6,29,0,0,208.0167,0.6392140099429476
merged_clock,Clock,5,6,29,0,0,209.0206,0.6414530775762393
merged_clock,Clock,5,6,29,0,0,210.0151,0.6436651175769152
merged_clock,Clock,5,6,29,0,0,211.0197,0.6458933851090062
merged_clock,Clock,5,6,29,0,0,212.0139,0.6480923855367312
merged_clock,Clock,5,6,29,0,0,213.0196,0.6503104619405801
merged_clock,Clock,5,6,29,0,0,214.0141,0.6524974268488298
merged_clock,Clock,5,6,29,0,0,215.0178,0.6546981549581226
merged_clock,Clock,5,6,29,0,0,216.012,0.6568714917620927
merged_clock,Clock,5,6,29,0,0,217.0189,0.6590659660113176
merged_clock,Clock,5,6,29,0,0,218.0127,0.6612251763640508
merged_clock,Clock,5,6,29,0,0,219.0185,0.6634036656726017
merged_clock,Clock,5,6,29,0,0,220.0132,0.6655513187702282
merged_clock,Clock,5,6,29,0,0,221.0173,0.6677123295137725
merged_clock,Clock,5,6,29,0,0,222.0124,0.6698470224223101
merged_clock,Clock,5,6,29,0,0,223.017,0.6719949983803921
merged_clock,Clock,5,6,29,0,0,224.0219,0.6741364472062225
merged_clock,Clock,5,6,29,0,0,225.0162,0.6762481981443335
merged_clock,Clock,5,6,29,0,0,226.0217,0.6783764265171146
merged_clock,Clock,5,6,29,0,0,227.0157,0.6804730813272699
merged_clock,Clock,5,6,29,0,0,228.0207,0.6825855481736199
merged_clock,Clock,5,6,29,0,0,229.0154,0.6846689541423844
merged_clock,Clock,5,6,29,0,0,230.0205,0.6867666409790115
merged_clock,Clock,5,6,29,0,0,231.0153,0.688835367372117
merged_clock,Clock,5,6,29,0,0,232.0194,0.6909157671901686
merged_clock,Clock,5,6,29,0,0,233.0133,0.6929674868098289
merged_clock,Clock,5,6,29,0,0,234.0184,0.6950345582978668
merged_clock,Clock,5,6,29,0,0,235.0122,0.6970707061587756
merged_clock,Clock,5,6,29,0,0,236.0163,0.699120095782838
merged_clock,Clock,5,6,29,0,0,237.0122,0.7011449681846467
merged_clock,Clock,5,6,29,0,0,238.0178,0.7031815846724532
merged_clock,Clock,5,6,29,0,0,239.0128,0.7051888066667134
merged_clock,Clock,5,6,29,0,0,240.0172,0.7072069560185551
merged_clock,Clock,5,6,29,0,0,241.0219,0.7092175962252865
merged_clock,Clock,5,6,29,0,0,242.0162,0.7111993983494799
merged_clock,Clock,5,6,29,0,0,243.0118,0.7131756953027015
merged_clock,Clock,5,6,29,0,0,244.017,0.7151628494223097
merged_clock,Clock,5,6,29,0,0,245.0216,0.7171405275952275
merged_clock,Clock,5,6,29,0,0,246.0154,0.7190887045848946
merged_clock,Clock,5,6,29,0,0,247.0208,0.7210513023574762
merged_clock,Clock,5,6,29,0,0,248.0148,0.7229833630005629
merged_clock,Clock,5,6,29,0,0,249.0202,0.7249291592192729
merged_clock,Clock,5,6,29,0,0,250.0158,0.7268475871167366
merged_clock,Clock,5,6,29,0,0,251.0202,0.7287745244900431
merged_clock,Clock,5,6,29,0,0,252.0149,0.7306743815726535
merged_clock,Clock,5,6,29,0,0,253.0197,0.732585007831763
merged_clock,Clock,5,6,29,0,0,254.0136,0.7344664000817008
merged_clock,Clock,5,6,29,0,0,255.0182,0.7363594587548603
merged_clock,Clock,5,6,29,0,0,256.0139,0.7382271260330828
merged_clock,Clock,5,6,29,0,0,257.0173,0.7401006438100222
merged_clock,Clock,5,6,29,0,0,258.013,0.7419511240009273
merged_clock,Clock,5,6,29,0,0,259.0187,0.7438114623352938
merged_clock,Clock,5,6,29,0,0,260.021,0.7456567088840079
merged_clock,Clock,5,6,29,0,0,261.0178,0.7474831355795208
merged_clock,Clock,5,6,29,0,0,262.0128,0.7492975808507762
merged_clock,Clock,5,6,29,0,0,263.0165,0.7511191311473305
merged_clock,Clock,5,6,29,0,0,264.022,0.7529349991925416
merged_clock,Clock,5,6,29,0,0,265.0162,0.7547217024180057
merged_clock,Clock,5,6,29,0,0,266.0201,0.7565169752337395
merged_clock,Clock,5,6,29,0,0,267.0135,0.7582846279364703
merged_clock,Clock,5,6,29,0,0,268.0216,0.7600695509493847
merged_clock,Clock,5,6,29,0,0,269.0137,0.7618172801972241
merged_clock,Clock,5,6,29,0,0,270.0212,0.7635831828244934
merged_clock,Clock,5,6,29,0,0,271.0142,0.76531475982787
merged_clock,Clock,5,6,29,0,0,272.0176,0.7670555843993647
merged_clock,Clock,5,6,29,0,0,273.0138,0.7687749465487769
merged_clock,Clock,5,6,29,0,0,274.0176,0.7704984807811581
merged_clock,Clock,5,6,29,0,0,275.0136,0.7721996658470398
merged_clock,Clock,5,6,29,0,0,276.0194,0.7739085413918261
merged_clock,Clock,5,6,29,0,0,277.011,0.7755843525793199
merged_clock,Clock,5,6,29,0,0,278.0184,0.7772778725125865
merged_clock,Clock,5,6,29,0,0,279.0128,0.7789405254905392
merged_clock,Clock,5,6,29,0,0,280.0181,0.7806123902761537
merged_clock,Clock,5,6,29,0,0,281.0127,0.7822574762840524
merged_clock,Clock,5,6,29,0,0,282.0156,0.783907259271319
merged_clock,Clock,5,6,29,0,0,283.0111,0.785535920200261
merged_clock,Clock,5,6,29,0,0,284.0166,0.7871718301510958
merged_clock,Clock,5,6,29,0,0,285.0219,0.7887983211520837
merged_clock,Clock,5,6,29,0,0,286.016,0.7903976740597833
merged_clock,Clock,5,6,29,0,0,287.0216,0.7920065131239493
merged_clock,Clock,5,6,29,0,0,288.0144,0.7935858956305404
merged_clock,Clock,5,6,29,0,0,289.0197,0.7951761231954078
merged_clock,Clock,5,6,29,0,0,290.0124,0.7967374229799532
merged_clock,Clock,5,6,29,0,0,291.018,0.7983100175018075
merged_clock,Clock,5,6,29,0,0,292.0144,0.7998592135793343
merged_clock,Clock,5,6,29,0,0,293.0191,0.8014122644886704
merged_clock,Clock,5,6,29,0,0,294.0126,0.8029390714262021
merged_clock,Clock,5,6,29,0,0,295.0191,0.8044768081565774
merged_clock,Clock,5,6,29,0,0,296.0124,0.8059854343277449
merged_clock,Clock,5,6,29,0,0,297.0182,0.8075040416118245
merged_clock,Clock,5,6,29,0,0,298.0114,0.8089947645472569
merged_clock,Clock,5,6,29,0,0,299.0173,0.8104954913894176
merged_clock,Clock,5,6,29,0,0,300.0121,0.8119707436188949
merged_clock,Clock,5,6,29,0,0,301.018,0.813453524785687
merged_clock,Clock,6,7,9,0,0,0.0,0.19990025198285927
merged_clock,Clock,6,7,9,0,0,1.010857,0.20142112941859502
merged_clock,Clock,6,7,9,0,0,2.004008,0.20292377796779038
merged_clock,Clock,6,7,9,0,0,3.008775,0.2044524887086136
merged_clock,Clock,6,7,9,0,0,4.003844,0.20597486107446863
merged_clock,Clock,6,7,9,0,0,5.009299,0.207521634142856
merged_clock,Clock,6,7,9,0,0,6.001891,0.20905701300440896
merged_clock,Clock,6,7,9,0,0,7.009582,0.21062427906468695
merged_clock,Clock,6,7,9,0,0,8.002859,0.2121775409264602
merged_clock,Clock,6,7,9,0,0,9.008507,0.21375865735358257
merged_clock,Clock,6,7,9,0,0,10.01228,0.21534536515724692
merged_clock,Clock,6,7,9,0,0,11.00762,0.2169271615040486
merged_clock,Clock,6,7,9,0,0,12.01299,0.21853340906482102
merged_clock,Clock,6,7,9,0,0,13.00829,0.2201319902040657
merged_clock,Clock,6,7,9,0,0,14.01243,0.22175325643205898
merged_clock,Clock,6,7,9,0,0,15.00682,0.22336717656957406
merged_clock,Clock,6,7,9,0,0,16.01252,0.22500794739155344
merged_clock,Clock,6,7,9,0,0,17.00607,0.226637275574731
merged_clock,Clock,6,7,9,0,0,18.00893,0.22829031447903864
merged_clock,Clock,6,7,9,0,0,19.00532,0.22994107611152148
merged_clock,Clock,6,7,9,0,0,20.01157,0.23161665355880973
merged_clock,Clock,6,7,9,0,0,21.00517,0.2332795183541182
merged_clock,Clock,6,7,9,0,0,22.01002,0.2349696360451713
merged_clock,Clock,6,7,9,0,0,23.00336,0.23664871975701526
merged_clock,Clock,6,7,9,0,0,24.00921,0.2383573641473716
merged_clock,Clock,6,7,9,0,0,25.00423,0.24005593242710435
merged_clock,Clock,6,7,9,0,0,26.0091,0.2417796996826489
merged_clock,Clock,6,7,9,0,0,27.00358,0.2434939265490543
merged_clock,Clock,6,7,9,0,0,28.008,0.24523363287606445
merged_clock,Clock,6,7,9,0,0,29.0113,0.24697975773873676
merged_clock,Clock,6,7,9,0,0,30.00648,0.2487199861432552
merged_clock,Clock,6,7,9,0,0,31.01218,0.2504869254519107
merged_clock,Clock,6,7,9,0,0,32.01327,0.2522540457364547
merged_clock,Clock,6,7,9,0,0,33.00269,0.254008658778199
merged_clock,Clock,6,7,9,0,0,34.00729,0.25579841175691287
merged_clock,Clock,6,7,9,0,0,35.01267,0.25759781683121197
merged_clock,Clock,6,7,9,0,0,36.00651,0.25938468009496957
merged_clock,Clock,6,7,9,0,0,37.01114,0.2611990979758678
merged_clock,Clock,6,7,9,0,0,38.00675,0.26300530367940594
merged_clock,Clock,6,7,9,0,0,39.01079,0.2648349257031062
merged_clock,Clock,6,7,9,0,0,40.00484,0.2666543369037847
merged_clock,Clock,6,7,9,0,0,41.00976,0.26850171207683765
merged_clock,Clock,6,7,9,0,0,42.0034,0.2703362885188698
merged_clock,Clock,6,7,9,0,0,43.00932,0.2722015613248258
merged_clock,Clock,6,7,9,0,0,44.00345,0.2740528649286539
merged_clock,Clock,6,7,9,0,0,45.00893,0.27593326171581295
merged_clock,Clock,6,7,9,0,0,46.00344,0.2778009757653602
merged_clock,Clock,6,7,9,0,0,47.00849,0.27969636680221216
merged_clock,Clock,6,7,9,0,0,48.00286,0.2815793789409184
merged_clock,Clock,6,7,9,0,0,49.0075,0.28348964503170865
merged_clock,Clock,6,7,9,0,0,50.00309,0.28539041190318576
merged_clock,Clock,6,7,9,0,0,51.00732,0.2873154085575624
merged_clock,Clock,6,7,9,0,0,52.00229,0.28923027312393484
merged_clock,Clock,6,7,9,0,0,53.00702,0.2911715844033565
merged_clock,Clock,6,7,9,0,0,54.01043,0.2931179868582804
merged_clock,Clock,6,7,9,0,0,55.00597,0.2950566295869817
merged_clock,Clock,6,7,9,0,0,56.01126,0.2970218035809141
merged_clock,Clock,6,7,9,0,0,57.00449,0.29897080058759934
merged_clock,Clock,6,7,9,0,0,58.01247,0.30095622193821714
merged_clock,Clock,6,7,9,0,0,59.00337,0.30291529447187104
merged_clock,Clock,6,7,9,0,0,60.01045,0.3049137273045961
merged_clock,Clock,6,7,9,0,0,61.00511,0.3068947640462311
merged_clock,Clock,6,7,9,0,0,62.01097,0.30890537207094226
merged_clock,Clock,6,7,9,0,0,63.00246,0.3108943647029489
merged_clock,Clock,6,7,9,0,0,64.00946,0.31292164616116336
merged_clock,Clock,6,7,9,0,0,65.00378,0.3149304352944597
merged_clock,Clock,6,7,9,0,0,66.00845,0.3169672114515094
merged_clock,Clock,6,7,9,0,0,67.01259,0.31900992239276627
merged_clock,Clock,6,7,9,0,0,68.00716,0.32104004789797974
merged_clock,Clock,6,7,9,0,0,69.00375,0.32308112677559614
merged_clock,Clock,6,7,9,0,0,70.0084,0.3251455349821831
merged_clock,Clock,6,7,9,0,0,71.01236,0.32721533986946466
merged_clock,Clock,6,7,9,0,0,72.00837,0.3292754220849695
merged_clock,Clock,6,7,9,0,0,73.01229,0.3313585290803498
merged_clock,Clock,6,7,9,0,0,74.00718,0.3334294302826677
merged_clock,Clock,6,7,9,0,0,75.00195,0.3355065404897847
merged_clock,Clock,6,7,9,0,0,76.00713,0.3376118661840787
merged_clock,Clock,6,7,9,0,0,77.01099,0.3397208555514184
merged_clock,Clock,6,7,9,0,0,78.00605,0.3418176722624703
merged_clock,Clock,6,7,9,0,0,79.01041,0.34394035828687924
merged_clock,Clock,6,7,9,0,0,80.00455,0.3460476095976724
merged_clock,Clock,6,7,9,0,0,81.00941,0.34818373959351717
merged_clock,Clock,6,7,9,0,0,82.00479,0.3503057623043082
merged_clock,Clock,6,7,9,0,0,83.01033,0.35245546455649995
merged_clock,Clock,6,7,9,0,0,84.00458,0.35458691848687707
merged_clock,Clock,6,7,9,0,0,85.00943,0.3567469886550233
merged_clock,Clock,6,7,9,0,0,86.0033,0.3588892046335987
merged_clock,Clock,6,7,9,0,0,87.00764,0.3610596989795747
merged_clock,Clock,6,7,9,0,0,88.01254,0.3632371242704127
merged_clock,Clock,6,7,9,0,0,89.00892,0.3654016176637523
merged_clock,Clock,6,7,9,0,0,90.00252,0.3675655080986612
merged_clock,Clock,6,7,9,0,0,91.008,0.36976072998125553
merged_clock,Clock,6,7,9,0,0,92.0022,0.3719366091064745
merged_clock,Clock,6,7,9,0,0,93.00605,0.3741389066259335
merged_clock,Clock,6,7,9,0,0,94.01204,0.37635113361424133
merged_clock,Clock,6,7,9,0,0,95.004,0.3785375680192584
merged_clock,Clock,6,7,9,0,0,96.01266,0.38076588641237696
merged_clock,Clock,6,7,9,0,0,97.00523,0.3829635889327163
merged_clock,Clock,6,7,9,0,0,98.01138,0.38519623646605117
merged_clock,Clock,6,7,9,0,0,99.00487,0.387405533457466
merged_clock,Clock,6,7,9,0,0,100.0101,0.3896456818084773
merged_clock,Clock,6,7,9,0,0,101.0045,0.3918662793205989
merged_clock,Clock,6,7,9,0,0,102.0105,0.3941173358704904
merged_clock,Clock,6,7,9,0,0,103.0041,0.3963450709493175
merged_clock,Clock,6,7,9,0,0,104.0079,0.39860005119543523
merged_clock,Clock,6,7,9,0,0,105.0028,0.40083930052507083
merged_clock,Clock,6,7,9,0,0,106.0073,0.40310435995213184
merged_clock,Clock,6,7,9,0,0,107.0039,0.4053556876722615
merged_clock,Clock,6,7,9,0,0,108.0086,0.4076293546669853
merged_clock,Clock,6,7,9,0,0,109.0115,0.4099028984029418
merged_clock,Clock,6,7,9,0,0,110.0068,0.41216302946325684
merged_clock,Clock,6,7,9,0,0,111.0023,0.41442732196224213
merged_clock,Clock,6,7,9,0,0,112.0057,0.41671325703247236
merged_clock,Clock,6,7,9,0,0,113.0022,0.41898701213073847
merged_clock,Clock,6,7,9,0,0,114.0067,0.42128251617659035
merged_clock,Clock,6,7,9,0,0,115.0116,0.42358233654133126
merged_clock,Clock,6,7,9,0,0,116.0059,0.4258611676419402
merged_clock,Clock,6,7,9,0,0,117.012,0.42817025887326204
merged_clock,Clock,6,7,9,0,0,118.0053,0.4304530417512534
merged_clock,Clock,6,7,9,0,0,119.0113,0.4327680176626619
merged_clock,Clock,6,7,9,0,0,120.004,0.43505527408238287
merged_clock,Clock,6,7,9,0,0,121.0116,0.43737969199192384
merged_clock,Clock,6,7,9,0,0,122.0051,0.43967428079133336
merged_clock,Clock,6,7,9,0,0,123.0088,0.44199504966677583
merged_clock,Clock,6,7,9,0,0,124.0022,0.44429450107589896
merged_clock,Clock,6,7,9,0,0,125.0091,0.44662764753066303
merged_clock,Clock,6,7,9,0,0,126.0131,0.4489564018687041
merged_clock,Clock,6,7,9,0,0,127.0093,0.4512692848693412
merged_clock,Clock,6,7,9,0,0,128.0022,0.453576595061812
merged_clock,Clock,6,7,9,0,0,129.0071,0.45591382545884235
merged_clock,Clock,6,7,9,0,0,130.0107,0.45824997886069946
merged_clock,Clock,6,7,9,0,0,131.0053,0.46056698881273767
merged_clock,Clock,6,7,9,0,0,132.0118,0.4629134610161196
merged_clock,Clock,6,7,9,0,0,133.0079,0.4652373266810809
merged_clock,Clock,6,7,9,0,0,134.0121,0.4675815875130732
merged_clock,Clock,6,7,9,0,0,135.0053,0.4699015745947586
merged_clock,Clock,6,7,9,0,0,136.0091,0.47224765539357205
merged_clock,Clock,6,7,9,0,0,137.0051,0.4745767249149483
merged_clock,Clock,6,7,9,0,0,138.0117,0.47693171706918613
merged_clock,Clock,6,7,9,0,0,139.0044,0.4792551576336656
merged_clock,Clock,6,7,9,0,0,140.0102,0.48161019166543373
merged_clock,Clock,6,7,9,0,0,141.0047,0.4839395911283524
merged_clock,Clock,6,7,9,0,0,142.0098,0.4862945031670333
merged_clock,Clock,6,7,9,0,0,143.004,0.4886244882283722
merged_clock,Clock,6,7,9,0,0,144.0087,0.49097957814147575
merged_clock,Clock,6,7,9,0,0,145.0037,0.49331231478026755
merged_clock,Clock,6,7,9,0,0,146.0064,0.49566341152979254
merged_clock,Clock,6,7,9,0,0,147.0023,0.49799877704185447
merged_clock,Clock,6,7,9,0,0,148.009,0.5003595282132162
merged_clock,Clock,6,7,9,0,0,149.0022,0.5026885966150011
merged_clock,Clock,6,7,9,0,0,150.007,0.5050447762014626
merged_clock,Clock,6,7,9,0,0,151.0124,0.5074021269529949
merged_clock,Clock,6,7,9,0,0,152.0058,0.5097309983362386
merged_clock,Clock,6,7,9,0,0,153.0125,0.5120906317101221
merged_clock,Clock,6,7,9,0,0,154.0059,0.51441858560407
merged_clock,Clock,6,7,9,0,0,155.012,0.5167756160173729
merged_clock,Clock,6,7,9,0,0,156.0056,0.5191026728011437
merged_clock,Clock,6,7,9,0,0,157.0095,0.5214530100034048
merged_clock,Clock,6,7,9,0,0,158.0051,0.5237829403760935
merged_clock,Clock,6,7,9,0,0,159.0107,0.5261352453638404
merged_clock,Clock,6,7,9,0,0,160.005,0.5284599975228083
merged_clock,Clock,6,7,9,0,0,161.0104,0.53080943116207
merged_clock,Clock,6,7,9,0,0,162.0026,0.5331266482566122
merged_clock,Clock,6,7,9,0,0,163.0088,0.5354751558638157
merged_clock,Clock,6,7,9,0,0,164.005,0.5377987521012535
merged_clock,Clock,6,7,9,0,0,165.0086,0.540137950288455
merged_clock,Clock,6,7,9,0,0,166.004,0.5424562691721043
merged_clock,Clock,6,7,9,0,0,167.0067,0.5447897531849786
merged_clock,Clock,6,7,9,0,0,168.0017,0.547103362158973
merged_clock,Clock,6,7,9,0,0,169.007,0.5494388904959738
merged_clock,Clock,6,7,9,0,0,170.0125,0.55177266695953
merged_clock,Clock,6,7,9,0,0,171.0077,0.5540803301030367
merged_clock,Clock,6,7,9,0,0,172.0127,0.5564083092533779
merged_clock,Clock,6,7,9,0,0,173.0063,0.5587074881751356
merged_clock,Clock,6,7,9,0,0,174.0121,0.5610323169801535
merged_clock,Clock,6,7,9,0,0,175.0057,0.5633263384622972
merged_clock,Clock,6,7,9,0,0,176.009,0.5656399841519822
merged_clock,Clock,6,7,9,0,0,177.0054,0.5679348980135214
merged_clock,Clock,6,7,9,0,0,178.0107,0.5702473490813047
merged_clock,Clock,6,7,9,0,0,179.0044,0.5725301161777274
merged_clock,Clock,6,7,9,0,0,180.0109,0.5748391481386279
merged_clock,Clock,6,7,9,0,0,181.0037,0.577113551221801
merged_clock,Clock,6,7,9,0,0,182.0092,0.5794137453565851
merged_clock,Clock,6,7,9,0,0,183.0044,0.5816869530377906
merged_clock,Clock,6,7,9,0,0,184.01,0.583980412006905
merged_clock,Clock,6,7,9,0,0,185.0026,0.5862406607309046
merged_clock,Clock,6,7,9,0,0,186.0089,0.5885284084328202
merged_clock,Clock,6,7,9,0,0,187.0022,0.5907828543699963
merged_clock,Clock,6,7,9,0,0,188.0093,0.593064716934443
merged_clock,Clock,6,7,9,0,0,189.0019,0.5953098473549696
merged_clock,Clock,6,7,9,0,0,190.0066,0.5975782573965768
merged_clock,Clock,6,7,9,0,0,191.0022,0.5998219885821195
merged_clock,Clock,6,7,9,0,0,192.0062,0.6020804349803833
merged_clock,Clock,6,7,9,0,0,193.0127,0.6043401560219254
merged_clock,Clock,6,7,9,0,0,194.0062,0.6065663278191261
merged_clock,Clock,6,7,9,0,0,195.0111,0.6088135463320992
merged_clock,Clock,6,7,9,0,0,196.0059,0.6110336739652265
merged_clock,Clock,6,7,9,0,0,197.0122,0.6132747675282537
merged_clock,Clock,6,7,9,0,0,198.0046,0.6154801811647258
merged_clock,Clock,6,7,9,0,0,199.0119,0.6177139147045354
merged_clock,Clock,6,7,9,0,0,200.0042,0.6199095003084506
merged_clock,Clock,6,7,9,0,0,201.0093,0.622128421326594
merged_clock,Clock,6,7,9,0,0,202.0029,0.6243169600525179
merged_clock,Clock,6,7,9,0,0,203.0072,0.6265239108878766
merged_clock,Clock,6,7,9,0,0,204.0044,0.6287100373316545
merged_clock,Clock,6,7,9,0,0,205.0088,0.6309066714082248
merged_clock,Clock,6,7,9,0,0,206.0029,0.6330754184398344
merged_clock,Clock,6,7,9,0,0,207.0089,0.6352646579814665
merged_clock,Clock,6,7,9,0,0,208.0036,0.6374238373582398
merged_clock,Clock,6,7,9,0,0,209.0077,0.6395978108847398
merged_clock,Clock,6,7,9,0,0,210.0134,0.6417694973658983
merged_clock,Clock,6,7,9,0,0,211.007,0.6439093910466916
merged_clock,Clock,6,7,9,0,0,212.0127,0.6460694737418551
merged_clock,Clock,6,7,9,0,0,213.0077,0.6482007646725801
merged_clock,Clock,6,7,9,0,0,214.012,0.6503459567629521
merged_clock,Clock,6,7,9,0,0,215.0076,0.6524666139975582
merged_clock,Clock,6,7,9,0,0,216.0126,0.6546011757583189
merged_clock,Clock,6,7,9,0,0,217.0052,0.656703291206342
merged_clock,Clock,6,7,9,0,0,218.0107,0.6588264674577502
merged_clock,Clock,6,7,9,0,0,219.0056,0.6609210316502248
merged_clock,Clock,6,7,9,0,0,220.01,0.663029205068062
merged_clock,Clock,6,7,9,0,0,221.0049,0.6651110827882641
merged_clock,Clock,6,7,9,0,0,222.0097,0.6672071807457612
merged_clock,Clock,6,7,9,0,0,223.0046,0.6692760897867485
merged_clock,Clock,6,7,9,0,0,224.0106,0.6713614945474726
merged_clock,Clock,6,7,9,0,0,225.0023,0.6734106395542676
merged_clock,Clock,6,7,9,0,0,226.0093,0.6754846227221267
merged_clock,Clock,6,7,9,0,0,227.0034,0.6775253488084128
merged_clock,Clock,6,7,9,0,0,228.0077,0.6795801494138018
merged_clock,Clock,6,7,9,0,0,229.0115,0.6816269843877152
merged_clock,Clock,6,7,9,0,0,230.0086,0.6836532413547884
merged_clock,Clock,6,7,9,0,0,231.0133,0.6856879115286069
merged_clock,Clock,6,7,9,0,0,232.0076,0.6876945084449237
merged_clock,Clock,6,7,9,0,0,233.0127,0.6897157795617348
merged_clock,Clock,6,7,9,0,0,234.0066,0.6917074605256234
merged_clock,Clock,6,7,9,0,0,235.0105,0.6937119244193898
merged_clock,Clock,6,7,9,0,0,236.0072,0.695694817167275
merged_clock,Clock,6,7,9,0,0,237.012,0.697686467863692
merged_clock,Clock,6,7,9,0,0,238.0055,0.6996484537071362
merged_clock,Clock,6,7,9,0,0,239.0111,0.7016269142652752
merged_clock,Clock,6,7,9,0,0,240.0055,0.7035759534368982
merged_clock,Clock,6,7,9,0,0,241.0118,0.7055407991388749
merged_clock,Clock,6,7,9,0,0,242.0053,0.707473183505004
merged_clock,Clock,6,7,9,0,0,243.0082,0.7094162856614163
merged_clock,Clock,6,7,9,0,0,244.0037,0.7113374929371952
merged_clock,Clock,6,7,9,0,0,245.0088,0.7132695743719527
merged_clock,Clock,6,7,9,0,0,246.0034,0.7151738137390865
merged_clock,Clock,6,7,9,0,0,247.0084,0.7170902268384758
merged_clock,Clock,6,7,9,0,0,248.0035,0.7189800148472152
merged_clock,Clock,6,7,9,0,0,249.0082,0.720880237377253
merged_clock,Clock,6,7,9,0,0,250.0024,0.7227528333502592
merged_clock,Clock,6,7,9,0,0,251.0055,0.7246343163382074
merged_clock,Clock,6,7,9,0,0,252.0137,0.7265173896282543
merged_clock,Clock,6,7,9,0,0,253.0079,0.7283664169356676
merged_clock,Clock,6,7,9,0,0,254.0134,0.7302284508294932
merged_clock,Clock,6,7,9,0,0,255.0046,0.7320561101274543
merged_clock,Clock,6,7,9,0,0,256.0128,0.7339070391345389
merged_clock,Clock,6,7,9,0,0,257.0056,0.7357217739768629
merged_clock,Clock,6,7,9,0,0,258.0126,0.7375542702201682
merged_clock,Clock,6,7,9,0,0,259.0049,0.7393520273421358
merged_clock,Clock,6,7,9,0,0,260.011,0.7411665597501461
merged_clock,Clock,6,7,9,0,0,261.0039,0.7429492898569595
merged_clock,Clock,6,7,9,0,0,262.0095,0.7447465545230576
merged_clock,Clock,6,7,9,0,0,263.0046,0.7465169605065616
merged_clock,Clock,6,7,9,0,0,264.0086,0.7482949277624994
merged_clock,Clock,6,7,9,0,0,265.0035,0.75004860694491
merged_clock,Clock,6,7,9,0,0,266.0096,0.7518137238877266
merged_clock,Clock,6,7,9,0,0,267.0036,0.7535493663835134
merged_clock,Clock,6,7,9,0,0,268.0081,0.7552950228519257
merged_clock,Clock,6,7,9,0,0,269.0135,0.7570338809013426
merged_clock,Clock,6,7,9,0,0,270.0073,0.7587444175798453
merged_clock,Clock,6,7,9,0,0,271.0132,0.7604674243552935
merged_clock,Clock,6,7,9,0,0,272.0059,0.7621594625843785
merged_clock,Clock,6,7,9,0,0,273.0122,0.7638663414166669
merged_clock,Clock,6,7,9,0,0,274.0061,0.765543827559859
merged_clock,Clock,6,7,9,0,0,275.0115,0.7672323022722476
merged_clock,Clock,6,7,9,0,0,276.0062,0.7688944337424239
merged_clock,Clock,6,7,9,0,0,277.0106,0.7705643401610528
merged_clock,Clock,6,7,9,0,0,278.0053,0.7722097929649172
merged_clock,Clock,6,7,9,0,0,279.0114,0.7738655944234234
merged_clock,Clock,6,7,9,0,0,280.0054,0.7754930733358335
merged_clock,Clock,6,7,9,0,0,281.0103,0.7771299630986839
merged_clock,Clock,6,7,9,0,0,282.0045,0.7787409615767441
merged_clock,Clock,6,7,9,0,0,283.0095,0.7803610249498565
merged_clock,Clock,6,7,9,0,0,284.0027,0.7819536591034317
merged_clock,Clock,6,7,9,0,0,285.0096,0.7835597956921728
merged_clock,Clock,6,7,9,0,0,286.0039,0.7851373600237583
merged_clock,Clock,6,7,9,0,0,287.0097,0.7867246644040803
merged_clock,Clock,6,7,9,0,0,288.0026,0.7882831961712444
merged_clock,Clock,6,7,9,0,0,289.0073,0.7898517703508536
merged_clock,Clock,6,7,9,0,0,290.0028,0.7913975739993409
merged_clock,Clock,6,7,9,0,0,291.0077,0.7929494168718693
merged_clock,Clock,6,7,9,0,0,292.0119,0.7944916847978402
merged_clock,Clock,6,7,9,0,0,293.0062,0.7960103134634596
merged_clock,Clock,6,7,9,0,0,294.0128,0.7975392084398114
merged_clock,Clock,6,7,9,0,0,295.0057,0.7990389447968431
merged_clock,Clock,6,7,9,0,0,296.0127,0.8005514220926335
merged_clock,Clock,6,7,9,0,0,297.0052,0.8020337476074357
merged_clock,Clock,6,7,9,0,0,298.0118,0.8035286851608049
merged_clock,Clock,6,7,9,0,0,299.0054,0.8049958910158971
merged_clock,Clock,6,7,9,0,0,300.0099,0.8064707299447541
merged_clock,Clock,6,7,9,0,0,301.0043,0.8079224165976018
merged_clock,Clock,7,8,12,0,0,0.0110377,0.19444007334637423
merged_clock,Clock,7,8,12,0,0,1.010147,0.1959261648927355
merged_clock,Clock,7,8,12,0,0,2.016094,0.19743108974635498
merged_clock,Clock,7,8,12,0,0,3.009745,0.1989261598389865
merged_clock,Clock,7,8,12,1,1,4.01616,0.20044909385495915
merged_clock,Clock,7,8,12,1,1,5.009424,0.20196067685842342
merged_clock,Clock,7,8,12,1,1,6.01379,0.2034977957478271
merged_clock,Clock,7,8,12,1,1,7.008862,0.20502926351463213
merged_clock,Clock,7,8,12,1,1,8.014355,0.20658544034897405
merged_clock,Clock,7,8,12,1,1,9.019238,0.20814938563962165
merged_clock,Clock,7,8,12,1,1,10.01213,0.20970322141633357
merged_clock,Clock,7,8,12,1,1,11.0166,0.21128383120335303
merged_clock,Clock,7,8,12,1,1,12.01287,0.2128601364508736
merged_clock,Clock,7,8,12,1,1,13.01876,0.2144603491845247
merged_clock,Clock,7,8,12,1,1,14.01381,0.21605190515942785
merged_clock,Clock,7,8,12,1,1,15.01681,0.21766481795057477
merged_clock,Clock,7,8,12,1,1,16.01281,0.21927505496133723
merged_clock,Clock,7,8,12,1,1,17.01839,0.22090945503358855
merged_clock,Clock,7,8,12,1,1,18.01066,0.22253075715728432
merged_clock,Clock,7,8,12,1,1,19.01831,0.22418586410140676
merged_clock,Clock,7,8,12,1,1,20.01064,0.2258243404166375
merged_clock,Clock,7,8,12,1,1,21.0165,0.22749379876269937
merged_clock,Clock,7,8,12,1,1,22.01155,0.22915386288152356
merged_clock,Clock,7,8,12,1,1,23.01568,0.23083768446740696
merged_clock,Clock,7,8,12,1,1,24.0096,0.23251289398283567
merged_clock,Clock,7,8,12,1,1,25.01568,0.23421721206560447
merged_clock,Clock,7,8,12,1,1,26.00962,0.23590946070785002
merged_clock,Clock,7,8,12,1,1,27.01536,0.23763038133975065
merged_clock,Clock,7,8,12,1,1,28.0098,0.23934044453601294
merged_clock,Clock,7,8,12,1,1,29.01463,0.24107692073915798
merged_clock,Clock,7,8,12,1,1,30.0086,0.24280307029835907
merged_clock,Clock,7,8,12,1,1,31.01355,0.2445568019957556
merged_clock,Clock,7,8,12,1,1,32.01867,0.24631937843827872
merged_clock,Clock,7,8,12,1,1,33.01118,0.24806821795445957
merged_clock,Clock,7,8,12,1,1,34.01851,0.2498516517671648
merged_clock,Clock,7,8,12,1,1,35.01208,0.2516190883386785
merged_clock,Clock,7,8,12,1,1,36.01853,0.25341787493665724
merged_clock,Clock,7,8,12,1,1,37.01241,0.25520250565324165
merged_clock,Clock,7,8,12,1,1,38.01729,0.25701526995452645
merged_clock,Clock,7,8,12,1,1,39.01123,0.2588165697945344
merged_clock,Clock,7,8,12,1,1,40.0166,0.2606469196937474
merged_clock,Clock,7,8,12,1,1,41.00916,0.26246214264741197
merged_clock,Clock,7,8,12,1,1,42.01604,0.2643118616158566
merged_clock,Clock,7,8,12,1,1,43.00914,0.2661444223634637
merged_clock,Clock,7,8,12,1,1,44.01637,0.26801130702058834
merged_clock,Clock,7,8,12,1,1,45.01945,0.26987873438842014
merged_clock,Clock,7,8,12,1,1,46.01505,0.2717403178522146
merged_clock,Clock,7,8,12,1,1,47.0084,0.273605701817462
merged_clock,Clock,7,8,12,1,1,48.01484,0.27550378296193573
merged_clock,Clock,7,8,12,1,1,49.00824,0.2773852555785389
merged_clock,Clock,7,8,12,1,1,50.01454,0.279299213260338
merged_clock,Clock,7,8,12,1,1,51.01845,0.2812166598524714
merged_clock,Clock,7,8,12,1,1,52.01202,0.2831222232324714
merged_clock,Clock,7,8,12,1,1,53.01875,0.2850609747723626
merged_clock,Clock,7,8,12,1,1,54.01386,0.2869851731933419
merged_clock,Clock,7,8,12,1,1,55.01745,0.2889336079620206
merged_clock,Clock,7,8,12,1,1,56.01162,0.29087147896162474
merged_clock,Clock,7,8,12,1,1,57.01839,0.29284170094964246
merged_clock,Clock,7,8,12,1,1,58.01215,0.29479410565484515
merged_clock,Clock,7,8,12,1,1,59.01632,0.2967746365416191
merged_clock,Clock,7,8,12,1,1,60.01164,0.2987452801772148
merged_clock,Clock,7,8,12,1,1,61.01605,0.3007415144937715
merged_clock,Clock,7,8,12,1,1,62.01088,0.30272618375143967
merged_clock,Clock,7,8,12,1,1,63.01574,0.3047383621778417
merged_clock,Clock,7,8,12,1,1,64.0106,0.3067378911814708
merged_clock,Clock,7,8,12,1,1,65.01489,0.3087637860674408
merged_clock,Clock,7,8,12,1,1,66.00845,0.31077529090305106
merged_clock,Clock,7,8,12,1,1,67.01373,0.3128178225123463
merged_clock,Clock,7,8,12,1,1,68.01971,0.31486906378544804
merged_clock,Clock,7,8,12,1,1,69.01488,0.3169054077118901
merged_clock,Clock,7,8,12,1,1,70.01777,0.3189646711802688
merged_clock,Clock,7,8,12,1,1,71.01369,0.32101663506700423
merged_clock,Clock,7,8,12,1,1,72.01964,0.32309631340798395
merged_clock,Clock,7,8,12,1,1,73.01192,0.32515460507189575
merged_clock,Clock,7,8,12,1,1,74.01961,0.3272517967602646
merged_clock,Clock,7,8,12,1,1,75.01247,0.3293248943559477
merged_clock,Clock,7,8,12,1,1,76.01733,0.3314298346842714
merged_clock,Clock,7,8,12,1,1,77.01091,0.333517803888607
merged_clock,Clock,7,8,12,1,1,78.01698,0.33563869344387404
merged_clock,Clock,7,8,12,1,1,79.01109,0.33774089821894554
merged_clock,Clock,7,8,12,1,1,80.01685,0.33987428358411936
merged_clock,Clock,7,8,12,1,1,81.01129,0.34199006010018557
merged_clock,Clock,7,8,12,1,1,82.0164,0.34413495256742005
merged_clock,Clock,7,8,12,1,1,83.00986,0.34626123034259465
merged_clock,Clock,7,8,12,1,1,84.01507,0.3484189396294167
merged_clock,Clock,7,8,12,1,1,85.0094,0.3505594302701128
merged_clock,Clock,7,8,12,1,1,86.01546,0.3527313028429436
merged_clock,Clock,7,8,12,1,1,87.00921,0.3548825999814785
merged_clock,Clock,7,8,12,1,1,88.01216,0.3570597806995764
merged_clock,Clock,7,8,12,1,1,89.00884,0.35922921137724445
merged_clock,Clock,7,8,12,1,1,90.01527,0.3614257051211235
merged_clock,Clock,7,8,12,1,1,91.01823,0.3636204183037335
merged_clock,Clock,7,8,12,1,1,92.01326,0.3658034107653175
merged_clock,Clock,7,8,12,1,1,93.0173,0.36801177309142
merged_clock,Clock,7,8,12,1,1,94.012,0.3702050513007215
merged_clock,Clock,7,8,12,1,1,95.01615,0.37242461824635187
merged_clock,Clock,7,8,12,1,1,96.01204,0.37463124654951696
merged_clock,Clock,7,8,12,1,1,97.01764,0.3768646945352089
merged_clock,Clock,7,8,12,1,1,98.0108,0.3790756691231924
merged_clock,Clock,7,8,12,1,1,99.01787,0.38132272951939317
merged_clock,Clock,7,8,12,1,1,100.0112,0.38354413601033355
merged_clock,Clock,7,8,12,1,1,101.0159,0.3857959198554787
merged_clock,Clock,7,8,12,1,1,102.0096,0.3880278647570758
merged_clock,Clock,7,8,12,1,1,103.0159,0.39029291644626646
merged_clock,Clock,7,8,12,1,1,104.0102,0.39253561169863127
merged_clock,Clock,7,8,12,1,1,105.0157,0.3948081884148357
merged_clock,Clock,7,8,12,1,1,106.0086,0.39705675045660566
merged_clock,Clock,7,8,12,1,1,107.0142,0.39933852038775497
merged_clock,Clock,7,8,12,1,1,108.009,0.4016001027345
merged_clock,Clock,7,8,12,1,1,109.0137,0.4038884398988673
merged_clock,Clock,7,8,12,1,1,110.0089,0.40615927225059273
merged_clock,Clock,7,8,12,1,1,111.0139,0.40845653620881045
merged_clock,Clock,7,8,12,1,1,112.0085,0.41073397430262815
merged_clock,Clock,7,8,12,1,1,113.0106,0.4130324608417335
merged_clock,Clock,7,8,12,1,1,114.017,0.4153446379184172
merged_clock,Clock,7,8,12,1,1,115.0134,0.4176375137414959
merged_clock,Clock,7,8,12,1,1,116.0167,0.4199498812843725
merged_clock,Clock,7,8,12,1,1,117.0123,0.42224796859346275
merged_clock,Clock,7,8,12,1,1,118.0174,0.42457141810594223
merged_clock,Clock,7,8,12,1,1,119.0114,0.4268724723112927
merged_clock,Clock,7,8,12,1,1,120.0172,0.4292040751173805
merged_clock,Clock,7,8,12,1,1,121.0105,0.4315097962064435
merged_clock,Clock,7,8,12,1,1,122.0162,0.43384732380892993
merged_clock,Clock,7,8,12,1,1,123.0094,0.43615869761336573
merged_clock,Clock,7,8,12,1,1,124.015,0.43850175232549465
merged_clock,Clock,7,8,12,1,1,125.0093,0.44082117991039854
merged_clock,Clock,7,8,12,1,1,126.0151,0.4431700586039694
merged_clock,Clock,7,8,12,1,1,127.0096,0.4454950516088871
merged_clock,Clock,7,8,12,1,1,128.0141,0.44784585179223835
merged_clock,Clock,7,8,12,1,1,129.0185,0.4501987350561818
merged_clock,Clock,7,8,12,1,1,130.014,0.45253301533961193
merged_clock,Clock,7,8,12,1,1,131.0189,0.4548914187195843
merged_clock,Clock,7,8,12,1,1,132.0128,0.457225995005642
merged_clock,Clock,7,8,12,1,1,133.019,0.4595913745073967
merged_clock,Clock,7,8,12,1,1,134.0107,0.46192446023462247
merged_clock,Clock,7,8,12,1,1,135.0182,0.4642964448159099
merged_clock,Clock,7,8,12,1,1,136.0107,0.4666346611950216
merged_clock,Clock,7,8,12,1,1,137.0173,0.46900762740802804
merged_clock,Clock,7,8,12,1,1,138.0118,0.471353410256902
merged_clock,Clock,7,8,12,1,1,139.0185,0.4737292756355378
merged_clock,Clock,7,8,12,1,1,140.011,0.4760728158804527
merged_clock,Clock,7,8,12,1,1,141.0155,0.4784457482791597
merged_clock,Clock,7,8,12,1,1,142.0092,0.48079411812049894
merged_clock,Clock,7,8,12,1,1,143.0148,0.48317147896380047
merged_clock,Clock,7,8,12,1,1,144.0097,0.4855243024527864
merged_clock,Clock,7,8,12,1,1,145.0158,0.4879042286043475
merged_clock,Clock,7,8,12,1,1,146.009,0.490254229045749
merged_clock,Clock,7,8,12,1,1,147.0147,0.49263420051612883
merged_clock,Clock,7,8,12,1,1,148.0176,0.49500789646755355
merged_clock,Clock,7,8,12,1,1,149.0135,0.4973652747028715
merged_clock,Clock,7,8,12,1,1,150.0089,0.4997215419812662
merged_clock,Clock,7,8,12,1,1,151.0133,0.5020991685336239
merged_clock,Clock,7,8,12,1,1,152.0182,0.5044778559202096
merged_clock,Clock,7,8,12,1,1,153.0136,0.5068338416964292
merged_clock,Clock,7,8,12,1,1,154.0181,0.5092110806967157
merged_clock,Clock,7,8,12,1,1,155.0128,0.511564726195801
merged_clock,Clock,7,8,12,1,1,156.0166,0.513939370191454
merged_clock,Clock,7,8,12,1,1,157.0118,0.5162930346763072
merged_clock,Clock,7,8,12,1,1,158.0165,0.518668448347741
merged_clock,Clock,7,8,12,1,1,159.0093,0.5210148941984891
merged_clock,Clock,7,8,12,1,1,160.0144,0.5233894987675989
merged_clock,Clock,7,8,12,1,1,161.0088,0.5257377569823983
merged_clock,Clock,7,8,12,1,1,162.0157,0.5281143666668827
merged_clock,Clock,7,8,12,1,1,163.0096,0.5304590421879246
merged_clock,Clock,7,8,12,1,1,164.0156,0.532830894152252
merged_clock,Clock,7,8,12,1,1,165.0181,0.5351930324470424
merged_clock,Clock,7,8,12,1,1,166.015,0.5375404115340695
merged_clock,Clock,7,8,12,1,1,167.0088,0.5398788417502105
merged_clock,Clock,7,8,12,1,1,168.0134,0.5422408726876788
merged_clock,Clock,7,8,12,1,1,169.0189,0.5446031562296362
merged_clock,Clock,7,8,12,1,1,170.0132,0.5469371197231612
merged_clock,Clock,7,8,12,1,1,171.0085,0.5492713821885256
merged_clock,Clock,7,8,12,1,1,172.0134,0.5516259556059867
merged_clock,Clock,7,8,12,1,1,173.0177,0.5539768246152649
merged_clock,Clock,7,8,12,1,1,174.0111,0.5562997828590737
merged_clock,Clock,7,8,12,1,1,175.0181,0.5586520585601636
merged_clock,Clock,7,8,12,1,1,176.0109,0.5609685767063014
merged_clock,Clock,7,8,12,1,1,177.017,0.5633134333866279
merged_clock,Clock,7,8,12,1,1,178.011,0.5656273131768025
merged_clock,Clock,7,8,12,1,1,179.0166,0.567965280886989
merged_clock,Clock,7,8,12,1,1,180.0093,0.5702702703246508
merged_clock,Clock,7,8,12,1,1,181.0153,0.5726030855463486
merged_clock,Clock,7,8,12,1,1,182.0092,0.5749046404201057
merged_clock,Clock,7,8,12,1,1,183.0143,0.5772288329652656
merged_clock,Clock,7,8,12,1,1,184.0083,0.5795240163282925
merged_clock,Clock,7,8,12,1,1,185.0125,0.5818392488122369
merged_clock,Clock,7,8,12,1,1,186.0095,0.5841343498263251
merged_clock,Clock,7,8,12,1,1,187.0145,0.586444134442596
merged_clock,Clock,7,8,12,1,1,188.0086,0.5887251793174634
merged_clock,Clock,7,8,12,1,1,189.0136,0.5910273179050405
merged_clock,Clock,7,8,12,1,1,190.0171,0.5933220900174287
merged_clock,Clock,7,8,12,1,1,191.013,0.5955954307825199
merged_clock,Clock,7,8,12,1,1,192.0174,0.5978840248840424
merged_clock,Clock,7,8,12,1,1,193.0106,0.6001429479479873
merged_clock,Clock,7,8,12,1,1,194.0183,0.6024304604807164
merged_clock,Clock,7,8,12,1,1,195.011,0.6046795907835818
merged_clock,Clock,7,8,12,1,1,196.0152,0.6069502540376994
merged_clock,Clock,7,8,12,1,1,197.0104,0.6091960436278689
merged_clock,Clock,7,8,12,1,1,198.0171,0.6114630636171611
merged_clock,Clock,7,8,12,1,1,199.0101,0.6136945126709512
merged_clock,Clock,7,8,12,1,1,200.0164,0.6159509997011062
merged_clock,Clock,7,8,12,1,1,201.0086,0.618170995503113
merged_clock,Clock,7,8,12,1,1,202.0159,0.6204197192503943
merged_clock,Clock,7,8,12,1,1,203.0097,0.6226332740959711
merged_clock,Clock,7,8,12,1,1,204.015,0.624867228845965
merged_clock,Clock,7,8,12,1,1,205.0092,0.6270713160893308
merged_clock,Clock,7,8,12,1,1,206.0141,0.6292937641864773
merged_clock,Clock,7,8,12,1,1,207.008,0.631486509066237
merged_clock,Clock,7,8,12,1,1,208.0141,0.6337006646985824
merged_clock,Clock,7,8,12,1,1,209.0079,0.6358822245567041
merged_clock,Clock,7,8,12,1,1,210.0141,0.6380853059579168
merged_clock,Clock,7,8,12,1,1,211.0173,0.6402760758833678
merged_clock,Clock,7,8,12,1,1,212.0122,0.6424429605643971
merged_clock,Clock,7,8,12,1,1,213.0178,0.6446272400012094
merged_clock,Clock,7,8,12,1,1,214.0104,0.6467773894953462
merged_clock,Clock,7,8,12,1,1,215.0173,0.6489524568306194
merged_clock,Clock,7,8,12,1,1,216.0121,0.6510953277467444
merged_clock,Clock,7,8,12,1,1,217.016,0.6532516461525161
merged_clock,Clock,7,8,12,1,1,218.0118,0.6553843310788352
merged_clock,Clock,7,8,12,1,1,219.017,0.6575308504310656
merged_clock,Clock,7,8,12,1,1,220.0112,0.6596475550265568
merged_clock,Clock,7,8,12,1,1,221.0145,0.6617771812535805
merged_clock,Clock,7,8,12,1,1,222.0105,0.6638848610201902
merged_clock,Clock,7,8,12,1,1,223.0154,0.6660047729853541
merged_clock,Clock,7,8,12,1,1,224.0105,0.668097430407261
merged_clock,Clock,7,8,12,1,1,225.0148,0.6702027264550622
merged_clock,Clock,7,8,12,1,1,226.0095,0.6722811963390735
merged_clock,Clock,7,8,12,1,1,227.0143,0.6743739040899862
merged_clock,Clock,7,8,12,1,1,228.0086,0.6764379551997833
merged_clock,Clock,7,8,12,1,1,229.0141,0.6785182621064381
merged_clock,Clock,7,8,12,1,1,230.0186,0.6805894679630914
merged_clock,Clock,7,8,12,1,1,231.0125,0.6826318166748077
merged_clock,Clock,7,8,12,1,1,232.0178,0.6846904891648656
merged_clock,Clock,7,8,12,1,1,233.0099,0.6867150180182339
merged_clock,Clock,7,8,12,1,1,234.0176,0.6887641120395244
merged_clock,Clock,7,8,12,1,1,235.0116,0.6907781555665036
merged_clock,Clock,7,8,12,1,1,236.0172,0.6928083493343317
merged_clock,Clock,7,8,12,1,1,237.0101,0.6948056125096479
merged_clock,Clock,7,8,12,1,1,238.0155,0.6968205725963758
merged_clock,Clock,7,8,12,1,1,239.008,0.6988022694064254
merged_clock,Clock,7,8,12,1,1,240.0153,0.7008059922412954
merged_clock,Clock,7,8,12,1,1,241.0105,0.7027780923132003
merged_clock,Clock,7,8,12,1,1,242.0131,0.7047572809710301
merged_clock,Clock,7,8,12,1,1,243.0095,0.7067166019391674
merged_clock,Clock,7,8,12,1,1,244.014,0.7086841344788322
merged_clock,Clock,7,8,12,1,1,245.0085,0.7106243818882452
merged_clock,Clock,7,8,12,1,1,246.0148,0.7125798524166113
merged_clock,Clock,7,8,12,1,1,247.009,0.7145040459052434
merged_clock,Clock,7,8,12,1,1,248.0144,0.7164420288653708
merged_clock,Clock,7,8,12,1,1,249.0175,0.7183676279488733
merged_clock,Clock,7,8,12,1,1,250.0134,0.7202715160204437
merged_clock,Clock,7,8,12,1,1,251.0181,0.7221842376879766
merged_clock,Clock,7,8,12,1,1,252.0121,0.7240686555752555
merged_clock,Clock,7,8,12,1,1,253.0182,0.7259679358866628
merged_clock,Clock,7,8,12,1,1,254.0107,0.7278335276457095
merged_clock,Clock,7,8,12,1,1,255.0149,0.7297130050496371
merged_clock,Clock,7,8,12,1,1,256.0111,0.731569451247981
merged_clock,Clock,7,8,12,1,1,257.0152,0.7334323808354867
merged_clock,Clock,7,8,12,1,1,258.0106,0.7352710298765623
merged_clock,Clock,7,8,12,1,1,259.0168,0.7371214209772944
merged_clock,Clock,7,8,12,1,1,260.0113,0.7389420094721761
merged_clock,Clock,7,8,12,1,1,261.0168,0.7407745113922085
merged_clock,Clock,7,8,12,1,1,262.0091,0.7425746583149804
merged_clock,Clock,7,8,12,1,1,263.015,0.7443911961389699
merged_clock,Clock,7,8,12,1,1,264.0086,0.7461771867364493
merged_clock,Clock,7,8,12,1,1,265.0153,0.7479782927075239
merged_clock,Clock,7,8,12,1,1,266.0085,0.7497469949615728
merged_clock,Clock,7,8,12,1,1,267.0125,0.7515264564093738
merged_clock,Clock,7,8,12,1,1,268.0091,0.753284378553872
merged_clock,Clock,7,8,12,1,1,269.0128,0.755046370339209
merged_clock,Clock,7,8,12,1,1,270.0084,0.7567857467301894
merged_clock,Clock,7,8,12,1,1,271.0146,0.7585350883041675
merged_clock,Clock,7,8,12,1,1,272.0173,0.7602698292788505
merged_clock,Clock,7,8,12,1,1,273.0097,0.7619783041687079
merged_clock,Clock,7,8,12,1,1,274.0183,0.7637060788575337
merged_clock,Clock,7,8,12,1,1,275.0115,0.765398970603991
merged_clock,Clock,7,8,12,1,1,276.0151,0.767101037642772
merged_clock,Clock,7,8,12,1,1,277.0096,0.7687791794966607
merged_clock,Clock,7,8,12,1,1,278.0158,0.7704684208346977
merged_clock,Clock,7,8,12,1,1,279.0106,0.7721299643304622
merged_clock,Clock,7,8,12,1,1,280.0164,0.773801270910976
merged_clock,Clock,7,8,12,1,1,281.0103,0.7754443110907616
merged_clock,Clock,7,8,12,1,1,282.0149,0.7770963241580043
merged_clock,Clock,7,8,12,1,1,283.009,0.7787225731034751
merged_clock,Clock,7,8,12,1,1,284.0134,0.7803570026907883
merged_clock,Clock,7,8,12,1,1,285.0092,0.7819688468517788
merged_clock,Clock,7,8,12,1,1,286.0143,0.7835871381451971
merged_clock,Clock,7,8,12,1,1,287.0086,0.7851794151262622
merged_clock,Clock,7,8,12,1,1,288.0116,0.7867769809789932
merged_clock,Clock,7,8,12,1,1,289.0082,0.7883557918537186
merged_clock,Clock,7,8,12,1,1,290.0127,0.7899384050581226
merged_clock,Clock,7,8,12,1,1,291.0188,0.7915148409374135
merged_clock,Clock,7,8,12,1,1,292.0116,0.7930618693198157
merged_clock,Clock,7,8,12,1,1,293.0168,0.7946195915058911
merged_clock,Clock,7,8,12,1,1,294.0131,0.7961548612879742
merged_clock,Clock,7,8,12,1,1,295.0175,0.7976939811581143
merged_clock,Clock,7,8,12,1,1,296.0116,0.799208783911573
merged_clock,Clock,7,8,12,1,1,297.0178,0.8007333369560956
merged_clock,Clock,7,8,12,1,1,298.0087,0.8022262103268524
merged_clock,Clock,7,8,12,1,1,299.016,0.8037351201273295
merged_clock,Clock,7,8,12,1,1,300.0092,0.8052143745509863
merged_clock,Clock,7,8,12,1,1,301.0147,0.806703365953503
merged_clock,Clock,8,9,13,0,0,0.0110195,0.19925756467100242
merged_clock,Clock,8,9,13,0,0,1.005759,0.20075307784823837
merged_clock,Clock,8,9,13,0,0,2.00784,0.202268110698556
merged_clock,Clock,8,9,13,0,0,3.007802,0.2037884313669367
merged_clock,Clock,8,9,13,0,0,4.007293,0.20531651630266173
merged_clock,Clock,8,9,13,0,0,5.008187,0.20685524452186327
merged_clock,Clock,8,9,13,0,0,6.008643,0.2084018026319709
merged_clock,Clock,8,9,13,0,0,7.009022,0.209956742361382
merged_clock,Clock,8,9,13,0,0,8.008588,0.21151890901281767
merged_clock,Clock,8,9,13,0,0,9.008896,0.21309073362340353
merged_clock,Clock,8,9,13,0,0,10.00913,0.21467094072995324
merged_clock,Clock,8,9,13,0,0,11.01103,0.2162623005529423
merged_clock,Clock,8,9,13,0,0,12.01013,0.2178576999912876
merged_clock,Clock,8,9,13,0,0,13.01072,0.2194639724502145
merged_clock,Clock,8,9,13,0,0,14.01103,0.22107828679349506
merged_clock,Clock,8,9,13,0,0,15.0121,0.22270232387953653
merged_clock,Clock,8,9,13,0,0,16.00964,0.22432908273395202
merged_clock,Clock,8,9,13,0,0,17.01035,0.22596947983357368
merged_clock,Clock,8,9,13,0,0,18.01051,0.22761744483881802
merged_clock,Clock,8,9,13,0,0,19.0111,0.229274584018421
merged_clock,Clock,8,9,13,0,0,20.01075,0.23093860808390895
merged_clock,Clock,8,9,13,0,0,21.00977,0.23261000859042122
merged_clock,Clock,8,9,13,0,0,22.0112,0.23429388454461686
merged_clock,Clock,8,9,13,0,0,23.01091,0.235983287040212
merged_clock,Clock,8,9,13,0,0,24.0096,0.23767935261937692
merged_clock,Clock,8,9,13,0,0,25.01049,0.23938755455914135
merged_clock,Clock,8,9,13,0,0,26.01068,0.24110294371770766
merged_clock,Clock,8,9,13,0,0,27.01039,0.2428258735767641
merged_clock,Clock,8,9,13,0,0,28.01047,0.2445577902749658
merged_clock,Clock,8,9,13,0,0,29.01056,0.24629805809434363
merged_clock,Clock,8,9,13,0,0,30.01037,0.24804615543067268
merged_clock,Clock,8,9,13,0,0,31.01037,0.2498028802297911
merged_clock,Clock,8,9,13,0,0,32.01043,0.2515679888440725
merged_clock,Clock,8,9,13,0,0,33.01025,0.2533409340828895
merged_clock,Clock,8,9,13,0,0,34.01165,0.2551249350635031
merged_clock,Clock,8,9,13,0,0,35.01178,0.2569148973909902
merged_clock,Clock,8,9,13,0,0,36.01152,0.258712355132093
merged_clock,Clock,8,9,13,0,0,37.01201,0.2605193330165292
merged_clock,Clock,8,9,13,0,0,38.01177,0.26233314051942314
merged_clock,Clock,8,9,13,0,0,39.01201,0.26415594310290114
merged_clock,Clock,8,9,13,0,0,40.01328,0.2659887338309062
merged_clock,Clock,8,9,13,0,0,41.01098,0.26782303355719156
merged_clock,Clock,8,9,13,0,0,42.01181,0.26967113132613135
merged_clock,Clock,8,9,13,0,0,43.011,0.2715242038126035
merged_clock,Clock,8,9,13,0,0,44.01217,0.2733889315814878
merged_clock,Clock,8,9,13,0,0,45.01147,0.275258130024654
merged_clock,Clock,8,9,13,0,0,46.01141,0.2771364332241849
merged_clock,Clock,8,9,13,0,0,47.01147,0.2790228497611156
merged_clock,Clock,8,9,13,0,0,48.011,0.28091611031966945
merged_clock,Clock,8,9,13,0,0,49.01306,0.2828219982261296
merged_clock,Clock,8,9,13,0,0,50.01255,0.28473077642152356
merged_clock,Clock,8,9,13,0,0,51.0136,0.28665028581413327
merged_clock,Clock,8,9,13,0,0,52.01255,0.288573467439099
merged_clock,Clock,8,9,13,0,0,53.01245,0.29050613697763644
merged_clock,Clock,8,9,13,0,0,54.01316,0.2924480018250157
merged_clock,Clock,8,9,13,0,0,55.01288,0.29439552499965643
merged_clock,Clock,8,9,13,0,0,56.01094,0.2963473415456492
merged_clock,Clock,8,9,13,0,0,57.01193,0.29831238238649305
merged_clock,Clock,8,9,13,0,0,58.01228,0.3002836348927655
merged_clock,Clock,8,9,13,0,0,59.01311,0.30226325478551624
merged_clock,Clock,8,9,13,0,0,60.01287,0.30424811856962647
merged_clock,Clock,8,9,13,0,0,61.01322,0.30624147600355744
merged_clock,Clock,8,9,13,0,0,62.00483,0.30822459006848313
merged_clock,Clock,8,9,13,0,0,63.00399,0.3102299904284474
merged_clock,Clock,8,9,13,0,0,64.01481,0.3122660728322406
merged_clock,Clock,8,9,13,0,0,65.01499,0.31428789217739184
merged_clock,Clock,8,9,13,0,0,66.00488,0.3162958677958216
merged_clock,Clock,8,9,13,0,0,67.01431,0.31835055583006466
merged_clock,Clock,8,9,13,0,0,68.01569,0.3203958679751024
merged_clock,Clock,8,9,13,0,0,69.01431,0.3224424350460062
merged_clock,Clock,8,9,13,0,0,70.00444,0.3244783436803321
merged_clock,Clock,8,9,13,0,0,71.01484,0.326562799810604
merged_clock,Clock,8,9,13,0,0,72.01485,0.32863258910154886
merged_clock,Clock,8,9,13,0,0,73.01538,0.33071014957869393
merged_clock,Clock,8,9,13,0,0,74.01483,0.33279207327053656
merged_clock,Clock,8,9,13,0,0,75.01283,0.33487751173393915
merged_clock,Clock,8,9,13,0,0,76.01294,0.33697383904187594
merged_clock,Clock,8,9,13,0,0,77.0144,0.3390794428772521
merged_clock,Clock,8,9,13,0,0,78.01477,0.34118914498715563
merged_clock,Clock,8,9,13,0,0,79.01405,0.3433028439938683
merged_clock,Clock,8,9,13,0,0,80.01414,0.34542447386678815
merged_clock,Clock,8,9,13,0,0,81.01292,0.34754949646059086
merged_clock,Clock,8,9,13,0,0,82.01397,0.3496854663393273
merged_clock,Clock,8,9,13,0,0,83.01512,0.3518276972497485
merged_clock,Clock,8,9,13,0,0,84.00425,0.3539500730028162
merged_clock,Clock,8,9,13,0,0,85.0048,0.35610282493506057
merged_clock,Clock,8,9,13,0,0,86.00455,0.3582596787713591
merged_clock,Clock,8,9,13,0,0,87.00511,0.3604240520892421
merged_clock,Clock,8,9,13,0,0,88.01478,0.3626138794775301
merged_clock,Clock,8,9,13,0,0,89.01393,0.3647865320597317
merged_clock,Clock,8,9,13,0,0,90.00504,0.36694715540196776
merged_clock,Clock,8,9,13,0,0,91.00574,0.36913410738167834
merged_clock,Clock,8,9,13,0,0,92.01431,0.37134373543516147
merged_clock,Clock,8,9,13,0,0,93.01505,0.37354152962403736
merged_clock,Clock,8,9,13,0,0,94.00507,0.3757209319534808
merged_clock,Clock,8,9,13,0,0,95.00547,0.3779282999845631
merged_clock,Clock,8,9,13,0,0,96.00397,0.380136533469777
merged_clock,Clock,8,9,13,0,0,97.00613,0.38235786540123157
merged_clock,Clock,8,9,13,0,0,98.00716,0.3845816131408624
merged_clock,Clock,8,9,13,0,0,99.00568,0.3868046002445529
merged_clock,Clock,8,9,13,0,0,100.0066,0.38903768146470113
merged_clock,Clock,8,9,13,0,0,101.0064,0.39127291841946527
merged_clock,Clock,8,9,13,0,0,102.0046,0.3935091333697911
merged_clock,Clock,8,9,13,0,0,103.0056,0.3957561112889279
merged_clock,Clock,8,9,13,0,0,104.0057,0.39800547294342
merged_clock,Clock,8,9,13,0,0,105.0069,0.4002616286072338
merged_clock,Clock,8,9,13,0,0,106.0045,0.4025139017082148
merged_clock,Clock,8,9,13,0,0,107.0059,0.40477887893922854
merged_clock,Clock,8,9,13,0,0,108.0047,0.40704203564003955
merged_clock,Clock,8,9,13,0,0,109.0066,0.40931618147816895
merged_clock,Clock,8,9,13,0,0,110.0056,0.4115876161073717
merged_clock,Clock,8,9,13,0,0,111.0052,0.4138641978386382
merged_clock,Clock,8,9,13,0,0,112.0055,0.41614605119778514
merged_clock,Clock,8,9,13,0,0,113.0053,0.4184303703141229
merged_clock,Clock,8,9,13,0,0,114.0057,0.42071955577758124
merged_clock,Clock,8,9,13,0,0,115.0057,0.42301124587117783
merged_clock,Clock,8,9,13,0,0,116.006,0.42530693733398683
merged_clock,Clock,8,9,13,0,0,117.0064,0.4276061000297145
merged_clock,Clock,8,9,13,0,0,118.0063,0.42990723441712814
merged_clock,Clock,8,9,13,0,0,119.0068,0.43221277378356016
merged_clock,Clock,8,9,13,0,0,120.0069,0.43452033750504626
merged_clock,Clock,8,9,13,0,0,121.0075,0.4368319067152604
merged_clock,Clock,8,9,13,0,0,122.0072,0.4391441397617892
merged_clock,Clock,8,9,13,0,0,123.0058,0.4414564548073854
merged_clock,Clock,8,9,13,0,0,124.0076,0.4437787436321699
merged_clock,Clock,8,9,13,0,0,125.007,0.446097929659332
merged_clock,Clock,8,9,13,0,0,126.0072,0.4484213087289439
merged_clock,Clock,8,9,13,0,0,127.0068,0.4507455392605835
merged_clock,Clock,8,9,13,0,0,128.0076,0.4530747279568279
merged_clock,Clock,8,9,13,0,0,129.0074,0.4554036440746344
merged_clock,Clock,8,9,13,0,0,130.0071,0.4577342633031064
merged_clock,Clock,8,9,13,1,3,131.0081,0.46006979675169146
merged_clock,Clock,8,9,13,1,3,132.0073,0.4624028438691235
merged_clock,Clock,8,9,13,1,3,133.0062,0.4647368609773914
merged_clock,Clock,8,9,13,1,3,134.0074,0.4670778125399082
merged_clock,Clock,8,9,13,1,3,135.0069,0.4694162151218016
merged_clock,Clock,8,9,13,1,3,136.0064,0.47175596138789283
merged_clock,Clock,8,9,13,1,3,137.0067,0.47409884385103856
merged_clock,Clock,8,9,13,1,3,138.0067,0.47644215203738893
merged_clock,Clock,8,9,13,1,3,139.007,0.4787872134376026
merged_clock,Clock,8,9,13,1,3,140.0062,0.4811305972687671
merged_clock,Clock,8,9,13,1,3,141.0073,0.4834792871203723
merged_clock,Clock,8,9,13,1,3,142.0084,0.4858287428821665
merged_clock,Clock,8,9,13,1,3,143.008,0.48817524273513896
merged_clock,Clock,8,9,13,1,3,144.0094,0.4905265277374791
merged_clock,Clock,8,9,13,1,3,145.0076,0.4928707062931823
merged_clock,Clock,8,9,13,1,3,146.0077,0.49521967843229325
merged_clock,Clock,8,9,13,1,3,147.0074,0.49756789386004746
merged_clock,Clock,8,9,13,1,3,148.0075,0.4999171843649278
merged_clock,Clock,8,9,13,1,3,149.0084,0.5022683423652753
merged_clock,Clock,8,9,13,1,3,150.0068,0.5046135221728406
merged_clock,Clock,8,9,13,1,3,151.0084,0.5069660247275184
merged_clock,Clock,8,9,13,1,3,152.009,0.5093158539791038
merged_clock,Clock,8,9,13,1,3,153.0098,0.5116657373609259
merged_clock,Clock,8,9,13,1,3,154.0073,0.5140073690545733
merged_clock,Clock,8,9,13,0,0,155.0084,0.5163568718733185
merged_clock,Clock,8,9,13,0,0,156.0078,0.5187016071189474
merged_clock,Clock,8,9,13,0,0,157.008,0.5210474153174544
merged_clock,Clock,8,9,13,0,0,158.0095,0.5233953714960361
merged_clock,Clock,8,9,13,0,0,159.0101,0.5257401491280183
merged_clock,Clock,8,9,13,0,0,160.0103,0.5280828631512025
merged_clock,Clock,8,9,13,0,0,161.0102,0.5304236266840647
merged_clock,Clock,8,9,13,0,0,162.0098,0.5327623743474355
merged_clock,Clock,8,9,13,0,0,163.0103,0.5351017874629418
merged_clock,Clock,8,9,13,0,0,164.0104,0.5374387304164305
merged_clock,Clock,8,9,13,0,0,165.0098,0.5397723555922221
merged_clock,Clock,8,9,13,0,0,166.0106,0.542107548129116
merged_clock,Clock,8,9,13,0,0,167.0094,0.5444361980612992
merged_clock,Clock,8,9,13,0,0,168.0101,0.5467673478644893
merged_clock,Clock,8,9,13,0,0,169.0095,0.5490934310108291
merged_clock,Clock,8,9,13,0,0,170.0094,0.5514185052961674
merged_clock,Clock,8,9,13,0,0,171.0103,0.5537436726076256
merged_clock,Clock,8,9,13,0,0,172.0116,0.5560674108660243
merged_clock,Clock,8,9,13,0,0,173.0117,0.5583859411727379
merged_clock,Clock,8,9,13,0,0,174.0113,0.5607007632812412
merged_clock,Clock,8,9,13,0,0,175.0105,0.5630119949913295
merged_clock,Clock,8,9,13,0,0,176.0114,0.56532443968901
merged_clock,Clock,8,9,13,0,0,177.011,0.5676310538442546
merged_clock,Clock,8,9,13,0,0,178.0101,0.569933579737602
merged_clock,Clock,8,9,13,0,0,179.0093,0.5722332948987763
merged_clock,Clock,8,9,13,0,0,180.0106,0.5745347645706678
merged_clock,Clock,8,9,13,0,0,181.0108,0.5768304538345871
merged_clock,Clock,8,9,13,0,0,182.0097,0.5791198598330626
merged_clock,Clock,8,9,13,0,0,183.0091,0.5814069846953311
merged_clock,Clock,8,9,13,0,0,184.0103,0.5836947613622121
merged_clock,Clock,8,9,13,0,0,185.0096,0.585974590270331
merged_clock,Clock,8,9,13,0,0,186.01,0.5882532416507068
merged_clock,Clock,8,9,13,0,0,187.0108,0.590529051615007
merged_clock,Clock,8,9,13,0,0,188.0104,0.5927982559007123
merged_clock,Clock,8,9,13,0,0,189.0116,0.59506710094309
merged_clock,Clock,8,9,13,0,0,190.0116,0.5973292015478203
merged_clock,Clock,8,9,13,0,0,191.0115,0.5995869619232416
merged_clock,Clock,8,9,13,0,0,192.0119,0.6018416007176467
merged_clock,Clock,8,9,13,0,0,193.0109,0.6040887721958033
merged_clock,Clock,8,9,13,0,0,194.0107,0.6063333705639641
merged_clock,Clock,8,9,13,0,0,195.01,0.6085723619525016
merged_clock,Clock,8,9,13,0,0,196.0102,0.6108088038394464
merged_clock,Clock,8,9,13,0,0,197.0122,0.6130446399673202
merged_clock,Clock,8,9,13,0,0,198.0116,0.6152698843924475
merged_clock,Clock,8,9,13,0,0,199.0125,0.617493669260658
merged_clock,Clock,8,9,13,0,0,200.0115,0.6197083552068645
merged_clock,Clock,8,9,13,0,0,201.0117,0.6219206991093436
merged_clock,Clock,8,9,13,0,0,202.0122,0.6241286516372705
merged_clock,Clock,8,9,13,0,0,203.0135,0.6263332020486659
merged_clock,Clock,8,9,13,0,0,204.0123,0.6285270281395223
merged_clock,Clock,8,9,13,0,0,205.0133,0.6307204103134622
merged_clock,Clock,8,9,13,0,0,206.013,0.6329055407893768
merged_clock,Clock,8,9,13,0,0,207.0117,0.6350830623517896
merged_clock,Clock,8,9,13,0,0,208.0125,0.6372596109230655
merged_clock,Clock,8,9,13,0,0,209.0119,0.639427539889236
merged_clock,Clock,8,9,13,0,0,210.0124,0.641592173116626
merged_clock,Clock,8,9,13,0,0,211.013,0.6437512486323261
merged_clock,Clock,8,9,13,0,0,212.0144,0.6459062339347683
merged_clock,Clock,8,9,13,0,0,213.0136,0.648050568607973
merged_clock,Clock,8,9,13,0,0,214.0147,0.6501930265831838
merged_clock,Clock,8,9,13,0,0,215.0134,0.6523243342493606
merged_clock,Clock,8,9,13,0,0,216.0129,0.6544512436209073
merged_clock,Clock,8,9,13,0,0,217.0129,0.6565730585411768
merged_clock,Clock,8,9,13,0,0,218.0129,0.6586886394621136
merged_clock,Clock,8,9,13,0,0,219.0129,0.6607979208396072
merged_clock,Clock,8,9,13,0,0,220.0126,0.6629002293308064
merged_clock,Clock,8,9,13,0,0,221.0129,0.6649973275142543
merged_clock,Clock,8,9,13,0,0,222.0122,0.6670858936173435
merged_clock,Clock,8,9,13,0,0,223.0122,0.6691693448605706
merged_clock,Clock,8,9,13,0,0,224.0124,0.6712465944541828
merged_clock,Clock,8,9,13,0,0,225.0121,0.6733161278998825
merged_clock,Clock,8,9,13,0,0,226.0132,0.6753818257665282
merged_clock,Clock,8,9,13,0,0,227.0143,0.6774407191828502
merged_clock,Clock,8,9,13,0,0,228.0146,0.6794911273974343
merged_clock,Clock,8,9,13,0,0,229.014,0.6815327929923808
merged_clock,Clock,8,9,13,0,0,230.0146,0.6835699285580443
merged_clock,Clock,8,9,13,0,0,231.0143,0.6855982211442047
merged_clock,Clock,8,9,13,0,0,232.0145,0.6876204701655838
merged_clock,Clock,8,9,13,0,0,233.0145,0.6896352012854
merged_clock,Clock,8,9,13,0,0,234.0137,0.6916411752420686
merged_clock,Clock,8,9,13,0,0,235.0139,0.6936419240111241
merged_clock,Clock,8,9,13,0,0,236.0044,0.6956160968808364
merged_clock,Clock,8,9,13,0,0,237.0162,0.6976253473475926
merged_clock,Clock,8,9,13,0,0,238.0152,0.6996017518711584
merged_clock,Clock,8,9,13,0,0,239.0044,0.7015514921146876
merged_clock,Clock,8,9,13,0,0,240.0048,0.703515921838847
merged_clock,Clock,8,9,13,0,0,241.0044,0.7054712410852844
merged_clock,Clock,8,9,13,0,0,242.0045,0.7074200368990822
merged_clock,Clock,8,9,13,0,0,243.0043,0.7093606592698861
merged_clock,Clock,8,9,13,0,0,244.0162,0.7113170105877945
merged_clock,Clock,8,9,13,0,0,245.0155,0.713241295036309
merged_clock,Clock,8,9,13,0,0,246.0154,0.715159028161474
merged_clock,Clock,8,9,13,0,0,247.0153,0.7170690527972757
merged_clock,Clock,8,9,13,0,0,248.0145,0.7189699410124564
merged_clock,Clock,8,9,13,0,0,249.0152,0.7208658856465758
merged_clock,Clock,8,9,13,0,0,250.0147,0.7227517021528531
merged_clock,Clock,8,9,13,0,0,251.0159,0.7246328492623225
merged_clock,Clock,8,9,13,0,0,252.0157,0.7265034416405984
merged_clock,Clock,8,9,13,0,0,253.0046,0.7283458076619406
merged_clock,Clock,8,9,13,0,0,254.0047,0.7302011334821064
merged_clock,Clock,8,9,13,0,0,255.0051,0.7320489839494794
merged_clock,Clock,8,9,13,0,0,256.0152,0.7339065987698878
merged_clock,Clock,8,9,13,0,0,257.0048,0.7357185184223127
merged_clock,Clock,8,9,13,0,0,258.0048,0.7375414411806862
merged_clock,Clock,8,9,13,0,0,259.0142,0.7393732641014278
merged_clock,Clock,8,9,13,0,0,260.0155,0.741182211413382
merged_clock,Clock,8,9,13,0,0,261.0048,0.7429613926220607
merged_clock,Clock,8,9,13,0,0,262.0058,0.7447534879581479
merged_clock,Clock,8,9,13,0,0,263.0071,0.7465378938082822
merged_clock,Clock,8,9,13,0,0,264.0063,0.7483102602946244
merged_clock,Clock,8,9,13,0,0,265.0065,0.7500762100366694
merged_clock,Clock,8,9,13,0,0,266.0061,0.7518328083243807
merged_clock,Clock,8,9,13,0,0,267.0054,0.7535805838865378
merged_clock,Clock,8,9,13,0,0,268.0065,0.7553231829466927
merged_clock,Clock,8,9,13,0,0,269.0069,0.7570562186684799
merged_clock,Clock,8,9,13,0,0,270.006,0.758778695145131
merged_clock,Clock,8,9,13,0,0,271.0046,0.7604919349130863
merged_clock,Clock,8,9,13,0,0,272.0052,0.7622001984494169
merged_clock,Clock,8,9,13,0,0,273.0052,0.7638990779664971
merged_clock,Clock,8,9,13,0,0,274.0054,0.765589913331469
merged_clock,Clock,8,9,13,0,0,275.0052,0.767271612006976
merged_clock,Clock,8,9,13,0,0,276.0056,0.7689459569171782
merged_clock,Clock,8,9,13,0,0,277.0053,0.7706106406886409
merged_clock,Clock,8,9,13,0,0,278.0059,0.7722683454057544
merged_clock,Clock,8,9,13,0,0,279.0058,0.7739164813362673
merged_clock,Clock,8,9,13,0,0,280.0075,0.7755591009199008
merged_clock,Clock,8,9,13,0,0,281.0063,0.7771884549726705
merged_clock,Clock,8,9,13,0,0,282.006,0.7788108853539983
merged_clock,Clock,8,9,13,0,0,283.005,0.7804236602183351
merged_clock,Clock,8,9,13,0,0,284.0056,0.7820305575115978
merged_clock,Clock,8,9,13,0,0,285.0061,0.78362876108945
merged_clock,Clock,8,9,13,0,0,286.0067,0.7852186581155615
merged_clock,Clock,8,9,13,0,0,287.0079,0.7868009649387033
merged_clock,Clock,8,9,13,0,0,288.0077,0.7883725557783777
merged_clock,Clock,8,9,13,0,0,289.006,0.7899333707153874
merged_clock,Clock,8,9,13,0,0,290.0072,0.7914901672506026
merged_clock,Clock,8,9,13,0,0,291.0072,0.79303661369782
merged_clock,Clock,8,9,13,0,0,292.0069,0.7945740994426767
merged_clock,Clock,8,9,13,0,0,293.0074,0.7961043103481894
merged_clock,Clock,8,9,13,0,0,294.0071,0.7976248687252862
merged_clock,Clock,8,9,13,0,0,295.0074,0.7991377770685
merged_clock,Clock,8,9,13,0,0,296.0071,0.8006413782666721
merged_clock,Clock,8,9,13,0,0,297.0076,0.8021376485162903
merged_clock,Clock,8,9,13,0,0,298.0078,0.8036250357889285
merged_clock,Clock,8,9,13,0,0,299.007,0.8051024288185682
merged_clock,Clock,8,9,13,0,0,300.0064,0.8065717401385436
merged_clock,Clock,8,9,13,0,0,301.0068,0.8080340390007197
merged_clock,Clock,9,10,14,0,0,0.0,0.21585941719894483
merged_clock,Clock,9,10,14,0,0,0.9938436,0.21730768212012064
merged_clock,Clock,9,10,14,0,0,1.995645,0.21877463381748793
merged_clock,Clock,9,10,14,0,0,2.99443,0.22024425257565752
merged_clock,Clock,9,10,14,0,0,3.995084,0.22172371152265655
merged_clock,Clock,9,10,14,0,0,4.996181,0.2232109233432651
merged_clock,Clock,9,10,14,0,0,5.995663,0.22470281441451911
merged_clock,Clock,9,10,14,0,0,6.996557,0.22620389574247163
merged_clock,Clock,9,10,14,0,0,7.995745,0.22770948268022745
merged_clock,Clock,9,10,14,0,0,8.996756,0.22922488752177983
merged_clock,Clock,9,10,14,0,0,9.996318,0.23074515648046953
merged_clock,Clock,9,10,14,0,0,10.99692,0.23227406177107812
merged_clock,Clock,9,10,14,0,0,11.99891,0.2338121547898285
merged_clock,Clock,9,10,14,0,0,12.99294,0.23534500719780937
merged_clock,Clock,9,10,14,0,0,14.00346,0.23691040406571315
merged_clock,Clock,9,10,14,0,0,15.00192,0.23846415564715814
merged_clock,Clock,9,10,14,0,0,16.00224,0.24002780554253453
merged_clock,Clock,9,10,14,0,0,17.00237,0.24159816009117047
merged_clock,Clock,9,10,14,0,0,18.00238,0.24317530813230046
merged_clock,Clock,9,10,14,0,0,19.00265,0.24475984088282102
merged_clock,Clock,9,10,14,0,0,19.99545,0.24633942791489732
merged_clock,Clock,9,10,14,0,0,20.99656,0.24793917080926928
merged_clock,Clock,9,10,14,0,0,21.99791,0.24954624920175275
merged_clock,Clock,9,10,14,0,0,22.99687,0.2511564050902323
merged_clock,Clock,9,10,14,0,0,24.00793,0.2527930799930713
merged_clock,Clock,9,10,14,0,0,25.00187,0.2544089017464291
merged_clock,Clock,9,10,14,0,0,25.99595,0.2560317467015123
merged_clock,Clock,9,10,14,0,0,27.00632,0.2576881250049069
merged_clock,Clock,9,10,14,0,0,28.00274,0.25932846982771507
merged_clock,Clock,9,10,14,0,0,29.00299,0.2609819295057705
merged_clock,Clock,9,10,14,0,0,30.00318,0.26264209169277647
merged_clock,Clock,9,10,14,0,0,31.00282,0.2643081201576248
merged_clock,Clock,9,10,14,0,0,32.00334,0.2659823853901712
merged_clock,Clock,9,10,14,0,0,33.00315,0.2676621967594992
merged_clock,Clock,9,10,14,0,0,34.00325,0.26934921406314016
merged_clock,Clock,9,10,14,0,0,35.00328,0.2710428124508426
merged_clock,Clock,9,10,14,0,0,36.00498,0.2727459245039993
merged_clock,Clock,9,10,14,0,0,37.00388,0.2744509269376659
merged_clock,Clock,9,10,14,0,0,38.00239,0.2761618724147472
merged_clock,Clock,9,10,14,0,0,38.99727,0.27787313387578916
merged_clock,Clock,9,10,14,0,0,39.99824,0.27960144866544867
merged_clock,Clock,9,10,14,0,0,40.99879,0.28133558990737534
merged_clock,Clock,9,10,14,0,0,41.9988,0.28307531618178366
merged_clock,Clock,9,10,14,0,0,43.0019,0.2848269492467359
merged_clock,Clock,9,10,14,0,0,43.99906,0.286574659187116
merged_clock,Clock,9,10,14,0,0,44.99318,0.28832340501201603
merged_clock,Clock,9,10,14,0,0,46.00409,0.2901081835595602
merged_clock,Clock,9,10,14,0,0,47.00413,0.2918801864009384
merged_clock,Clock,9,10,14,0,0,48.00439,0.2936589227900706
merged_clock,Clock,9,10,14,0,0,49.00425,0.29544326025875206
merged_clock,Clock,9,10,14,0,0,50.00445,0.29723449326973894
merged_clock,Clock,9,10,14,0,0,51.00471,0.29903208003169407
merged_clock,Clock,9,10,14,0,0,52.00438,0.30083481625202624
merged_clock,Clock,9,10,14,0,0,53.00458,0.3026446961854205
merged_clock,Clock,9,10,14,0,0,54.00512,0.30446133365817846
merged_clock,Clock,9,10,14,0,0,55.00455,0.30628206753241405
merged_clock,Clock,9,10,14,0,0,56.00478,0.3081103261255018
merged_clock,Clock,9,10,14,0,0,57.00501,0.309944622057054
merged_clock,Clock,9,10,14,0,0,58.0048,0.31178410882277846
merged_clock,Clock,9,10,14,0,0,59.00499,0.3136302914255471
merged_clock,Clock,9,10,14,0,0,60.00488,0.31548183574074623
merged_clock,Clock,9,10,14,0,0,61.00513,0.3173399312948074
merged_clock,Clock,9,10,14,0,0,62.0053,0.31920371062782427
merged_clock,Clock,9,10,14,0,0,63.00535,0.32107306649001865
merged_clock,Clock,9,10,14,0,0,64.00523,0.32294786868732006
merged_clock,Clock,9,10,14,0,0,65.00559,0.32482927148747937
merged_clock,Clock,9,10,14,0,0,66.00542,0.32671533677987263
merged_clock,Clock,9,10,14,0,0,67.00605,0.328608555624156
merged_clock,Clock,9,10,14,0,0,68.00515,0.33050444551563607
merged_clock,Clock,9,10,14,0,0,68.99735,0.33239271349063887
merged_clock,Clock,9,10,14,0,0,69.99286,0.33429269693484376
merged_clock,Clock,9,10,14,0,0,71.00539,0.33623069638194186
merged_clock,Clock,9,10,14,0,0,72.00552,0.3381504077884517
merged_clock,Clock,9,10,14,0,0,73.00076,0.34006602353099524
merged_clock,Clock,9,10,14,0,0,74.00061,0.34199578994406976
merged_clock,Clock,9,10,14,0,0,75.00166,0.3439331360970625
merged_clock,Clock,9,10,14,0,0,76.00089,0.34587214510677106
merged_clock,Clock,9,10,14,0,0,77.00264,0.34782119530372924
merged_clock,Clock,9,10,14,0,0,78.00224,0.3497711682217459
merged_clock,Clock,9,10,14,0,0,78.99158,0.3517060677199512
merged_clock,Clock,9,10,14,0,0,79.99146,0.3536665636853646
merged_clock,Clock,9,10,14,0,0,80.99174,0.3556327588384695
merged_clock,Clock,9,10,14,0,0,81.99246,0.35760472516979286
merged_clock,Clock,9,10,14,0,0,82.99165,0.3595784912028473
merged_clock,Clock,9,10,14,1,1,84.00262,0.36158035837497987
merged_clock,Clock,9,10,14,1,1,84.99129,0.3635427415464631
merged_clock,Clock,9,10,14,1,1,85.99194,0.36553355061438125
merged_clock,Clock,9,10,14,1,1,86.99156,0.3675268947346269
merged_clock,Clock,9,10,14,1,1,87.99229,0.36952699156999746
merged_clock,Clock,9,10,14,1,1,88.99271,0.37153096711847455
merged_clock,Clock,9,10,14,1,1,89.9978,0.37354877085003574
merged_clock,Clock,9,10,14,1,1,90.99335,0.37555174562895083
merged_clock,Clock,9,10,14,1,1,91.99343,0.3775681497731356
merged_clock,Clock,9,10,14,1,1,92.99368,0.3795891386757686
merged_clock,Clock,9,10,14,1,1,93.99532,0.3816171271276207
merged_clock,Clock,9,10,14,1,1,94.99329,0.3836417977083648
merged_clock,Clock,9,10,14,1,1,95.994,0.38567608407611054
merged_clock,Clock,9,10,14,1,1,96.99419,0.3877132986676546
merged_clock,Clock,9,10,14,1,1,97.99377,0.389753215793656
merged_clock,Clock,9,10,14,1,1,98.99473,0.3917998240337955
merged_clock,Clock,9,10,14,1,1,99.99406,0.3938468955953677
merged_clock,Clock,9,10,14,1,1,100.9943,0.39589958112810025
merged_clock,Clock,9,10,14,1,1,101.994,0.3979548266450722
merged_clock,Clock,9,10,14,1,1,102.9951,0.4000165545556691
merged_clock,Clock,9,10,14,1,1,103.9949,0.40207915221056784
merged_clock,Clock,9,10,14,1,1,104.9941,0.4041439747574202
merged_clock,Clock,9,10,15,0,0,0.0,0.21585941719894483
merged_clock,Clock,9,10,15,0,0,1.00886,0.21732961826200692
merged_clock,Clock,9,10,15,0,0,2.009711,0.2187952814936457
merged_clock,Clock,9,10,15,0,0,3.010001,0.22026721964837834
merged_clock,Clock,9,10,15,0,0,4.010802,0.2217470066767131
merged_clock,Clock,9,10,15,0,0,5.011194,0.2232332807249984
merged_clock,Clock,9,10,15,0,0,6.011339,0.2247262697564579
merged_clock,Clock,9,10,15,0,0,7.01052,0.22622488634019772
merged_clock,Clock,9,10,15,0,0,8.011712,0.22773359902752568
merged_clock,Clock,9,10,15,0,0,9.011523,0.22924729684614117
merged_clock,Clock,9,10,15,0,0,10.01203,0.23076910933198086
merged_clock,Clock,9,10,15,0,0,11.0026,0.23228276099433048
merged_clock,Clock,9,10,15,0,0,12.01134,0.2338312799722922
merged_clock,Clock,9,10,15,0,0,13.00213,0.23535921050785755
merged_clock,Clock,9,10,15,0,0,14.01389,0.23692659907868008
merged_clock,Clock,9,10,15,0,0,15.00279,0.23846551364247334
merged_clock,Clock,9,10,15,0,0,16.00256,0.2400283075521464
merged_clock,Clock,9,10,15,0,0,17.00368,0.24160021911588742
merged_clock,Clock,9,10,15,0,0,18.0031,0.2431764447122473
merged_clock,Clock,9,10,15,0,0,19.00284,0.24476014369169727
merged_clock,Clock,9,10,15,0,0,20.01262,0.24636680936241404
merged_clock,Clock,9,10,15,0,0,21.00239,0.2479485085587215
merged_clock,Clock,9,10,15,0,0,22.0132,0.24957084406032842
merged_clock,Clock,9,10,15,0,0,23.00261,0.2511656756524936
merged_clock,Clock,9,10,15,0,0,24.00322,0.25278543738024933
merged_clock,Clock,9,10,15,0,0,25.00241,0.2544097842064444
merged_clock,Clock,9,10,15,0,0,26.00337,0.25604388471898554
merged_clock,Clock,9,10,15,0,0,27.01365,0.2577001670709726
merged_clock,Clock,9,10,15,0,0,28.01243,0.25934445404747575
merged_clock,Clock,9,10,15,0,0,29.01376,0.2609997680394426
merged_clock,Clock,9,10,15,0,0,30.01269,0.26265790950978946
merged_clock,Clock,9,10,15,0,0,31.01258,0.26432442281923846
merged_clock,Clock,9,10,15,1,2,32.00238,0.2659807735119082
merged_clock,Clock,9,10,15,1,2,33.00299,0.26766192703473574
merged_clock,Clock,9,10,15,1,2,34.00255,0.26934802770458627
merged_clock,Clock,9,10,15,1,2,35.0125,0.27105845824528374
merged_clock,Clock,9,10,15,1,2,36.01362,0.2727606440068486
merged_clock,Clock,9,10,15,1,2,37.00216,0.27444798468634557
merged_clock,Clock,9,10,15,1,2,38.00323,0.27616331320822546
merged_clock,Clock,9,10,15,1,2,39.00232,0.27788183800661365
merged_clock,Clock,9,10,15,1,2,40.01332,0.2796275356953908
merged_clock,Clock,9,10,15,1,2,41.00361,0.2813439561657336
merged_clock,Clock,9,10,15,1,2,42.00338,0.2830833015588314
merged_clock,Clock,9,10,15,1,2,43.0035,0.2848297522007571
merged_clock,Clock,9,10,15,1,2,44.00412,0.28658354111095885
merged_clock,Clock,9,10,15,1,2,45.00365,0.288341858836088
merged_clock,Clock,9,10,15,1,2,46.00402,0.2901080621094874
merged_clock,Clock,9,10,15,1,2,47.00361,0.29187925870703796
merged_clock,Clock,9,10,15,1,2,48.00445,0.2936590315204423
merged_clock,Clock,9,10,15,1,2,49.00403,0.29544286471815573
merged_clock,Clock,9,10,15,1,2,50.00386,0.29723343251721623
merged_clock,Clock,9,10,15,1,2,51.00405,0.29903089198171406
merged_clock,Clock,9,10,15,1,2,52.00381,0.3008337894968172
merged_clock,Clock,9,10,15,1,2,53.00243,0.30264079642547537
merged_clock,Clock,9,10,15,1,2,54.00445,0.3044601195310479
merged_clock,Clock,9,10,15,1,2,55.00421,0.3062814479951538
merged_clock,Clock,9,10,15,1,3,56.00389,0.30810869881073305
merged_clock,Clock,9,10,15,1,3,57.00539,0.3099453227721903
merged_clock,Clock,9,10,15,1,3,58.0059,0.3117861404801467
merged_clock,Clock,9,10,15,1,3,59.00703,0.3136340645791835
merged_clock,Clock,9,10,15,1,3,60.00637,0.31548460211095203
merged_clock,Clock,9,10,15,1,3,61.00676,0.31734296191412137
merged_clock,Clock,9,10,15,1,3,62.00621,0.3192054122251931
merged_clock,Clock,9,10,15,1,3,63.00618,0.32107462337719206
merged_clock,Clock,9,10,15,1,3,64.0068,0.3229508057458431
merged_clock,Clock,9,10,15,1,3,65.00616,0.3248303349055262
merged_clock,Clock,9,10,15,1,3,66.00577,0.326715999804219
merged_clock,Clock,9,10,15,1,3,67.00564,0.3286077749831874
merged_clock,Clock,9,10,15,1,3,68.00629,0.33050660582110036
merged_clock,Clock,9,10,15,1,3,69.00594,0.3324090861602401
merged_clock,Clock,9,10,15,1,3,70.0061,0.3343180115477554
merged_clock,Clock,9,10,15,1,3,71.00562,0.33623114971724083
merged_clock,Clock,9,10,15,1,3,72.00675,0.3381527688049002
merged_clock,Clock,9,10,15,1,3,73.00628,0.34007665537249204
merged_clock,Clock,9,10,15,1,3,74.00642,0.3420070111797653
merged_clock,Clock,9,10,15,1,3,75.00628,0.3439420811591352
merged_clock,Clock,9,10,15,1,3,76.00616,0.34588237411485107
merged_clock,Clock,9,10,15,1,3,77.00648,0.3478286717645364
merged_clock,Clock,9,10,15,1,3,78.00641,0.3497793049231921
merged_clock,Clock,9,10,15,1,3,79.0057,0.35173372243712564
merged_clock,Clock,9,10,15,1,3,80.00527,0.3536936743342196
merged_clock,Clock,9,10,15,1,3,81.00513,0.35565911139274886
merged_clock,Clock,9,10,15,1,3,82.00486,0.3576291858601581
merged_clock,Clock,9,10,15,1,3,83.0058,0.3596064668361741
merged_clock,Clock,9,10,15,1,3,84.0052,0.3615854859884349
merged_clock,Clock,9,10,15,1,3,85.00475,0.3635695011366953
merged_clock,Clock,9,10,15,1,3,86.007,0.365563548716682
merged_clock,Clock,9,10,15,1,3,87.00614,0.3675560020567749
merged_clock,Clock,9,10,15,1,3,88.00693,0.3695562868692022
merged_clock,Clock,9,10,15,1,3,89.00721,0.37156005225732003
merged_clock,Clock,9,10,15,1,3,90.00803,0.3735693331340979
merged_clock,Clock,9,10,15,1,3,91.00728,0.37557980491744064
merged_clock,Clock,9,10,15,1,3,92.00771,0.37759697698894906
merged_clock,Clock,9,10,15,1,3,93.00655,0.37961517125544686
merged_clock,Clock,9,10,15,1,3,94.00748,0.38164175969198944
merged_clock,Clock,9,10,15,1,2,95.00575,0.3836670996507667
merged_clock,Clock,9,10,15,1,2,96.00608,0.3857006599726694
merged_clock,Clock,9,10,15,1,2,97.00787,0.3877412046213446
merged_clock,Clock,9,10,15,1,2,98.00744,0.38978114393331625
merged_clock,Clock,9,10,15,1,2,99.00913,0.3918293036452239
merged_clock,Clock,9,10,15,1,2,100.0094,0.3938783535932731
merged_clock,Clock,9,10,15,1,3,101.0087,0.39592915272944273
merged_clock,Clock,9,10,15,1,3,102.0103,0.3979883597277616
merged_clock,Clock,9,10,15,1,3,103.0083,0.4000437609777495
merged_clock,Clock,9,10,15,1,1,104.0082,0.40210660969015677
merged_clock,Clock,9,10,15,1,1,105.008,0.404172724499961
merged_clock,Clock,9,10,15,1,1,106.0099,0.406246588671035
merged_clock,Clock,9,10,15,1,1,107.0084,0.4083167412499804
merged_clock,Clock,9,10,15,1,1,108.0087,0.41039389337769877
merged_clock,Clock,9,10,15,1,1,109.0068,0.4124696727634662
merged_clock,Clock,9,10,15,1,1,110.0074,0.4145537855400993
merged_clock,Clock,9,10,15,1,1,111.0089,0.416642840478047
merged_clock,Clock,9,10,15,1,1,112.0072,0.4187281948717781
merged_clock,Clock,9,10,15,1,1,113.0089,0.4208235802141559
merged_clock,Clock,9,10,15,1,1,114.0088,0.42291803200036626
merged_clock,Clock,9,10,15,1,1,115.0087,0.42501527442728737
merged_clock,Clock,9,10,15,1,1,116.0084,0.42711480269991037
merged_clock,Clock,9,10,15,1,1,117.0076,0.4292159008112847
merged_clock,Clock,9,10,15,1,1,118.0086,0.43132334602717076
merged_clock,Clock,9,10,15,1,1,119.0079,0.4334296929894064
merged_clock,Clock,9,10,15,1,3,120.0088,0.4355418310181545
merged_clock,Clock,9,10,15,1,3,121.0087,0.4376541984066403
merged_clock,Clock,9,10,15,1,3,122.008,0.43976756972554204
merged_clock,Clock,9,10,15,1,3,123.0088,0.44188627830374755
merged_clock,Clock,9,10,15,1,3,124.009,0.44400585899382206
merged_clock,Clock,9,10,15,1,3,125.0094,0.44612788446296214
merged_clock,Clock,9,10,15,1,3,126.0088,0.4482497522921829
merged_clock,Clock,9,10,15,1,3,127.0087,0.4503745764528939
merged_clock,Clock,9,10,15,1,3,128.0098,0.45250376103630174
merged_clock,Clock,9,10,15,1,3,129.01,0.4546327682336858
merged_clock,Clock,9,10,15,1,3,130.0099,0.45676281763123333
merged_clock,Clock,9,10,15,1,3,131.0097,0.4588942216168548
merged_clock,Clock,9,10,15,1,3,132.01,0.4610281727615113
merged_clock,Clock,9,10,15,1,3,133.0083,0.4631593173163039
merged_clock,Clock,9,10,15,1,3,134.0089,0.4652966992600283
merged_clock,Clock,9,10,15,1,3,135.0096,0.46743558477506564
merged_clock,Clock,9,10,15,1,3,136.0106,0.46957632066895766
merged_clock,Clock,9,10,15,1,3,137.0105,0.4717157926978952
merged_clock,Clock,9,10,15,1,3,138.0096,0.47385460531138346
merged_clock,Clock,9,10,15,1,3,139.0117,0.4760008170816647
merged_clock,Clock,9,10,15,1,3,140.0122,0.47814448216513955
merged_clock,Clock,9,10,15,1,3,141.0113,0.480285943112116
merged_clock,Clock,9,10,15,1,3,142.0108,0.48242897944216706
merged_clock,Clock,9,10,15,1,3,143.0115,0.48457524809041946
merged_clock,Clock,9,10,15,1,3,144.0115,0.4867205798614729
merged_clock,Clock,9,10,15,1,3,145.0113,0.4888659753345096
merged_clock,Clock,9,10,15,1,3,146.0109,0.49101132254121516
merged_clock,Clock,9,10,15,1,3,147.0109,0.4931578852841544
merged_clock,Clock,9,10,15,1,3,148.0114,0.49530578137458997
merged_clock,Clock,9,10,15,1,3,149.0116,0.4974531955197185
merged_clock,Clock,9,10,15,1,3,150.0122,0.49960158820489897
merged_clock,Clock,9,10,15,1,2,151.0115,0.5017471780859101
merged_clock,Clock,9,10,15,1,2,152.0109,0.5038929001835483
merged_clock,Clock,9,10,15,1,2,153.0103,0.5060385116523668
merged_clock,Clock,9,10,15,1,2,154.0105,0.5081856038966827
merged_clock,Clock,9,10,15,1,2,155.0108,0.5103326234546509
merged_clock,Clock,9,10,15,1,2,156.0114,0.5124798839699143
merged_clock,Clock,9,10,15,1,2,157.0102,0.5146228213329928
merged_clock,Clock,9,10,15,1,2,158.0121,0.5167718971394711
merged_clock,Clock,9,10,15,1,2,159.0114,0.5189147584172411
merged_clock,Clock,9,10,15,1,2,160.0114,0.5210584284831065
merged_clock,Clock,9,10,15,1,2,161.012,0.5232025982666031
merged_clock,Clock,9,10,15,1,2,162.012,0.525344638721508
merged_clock,Clock,9,10,15,1,2,163.0119,0.5274855508885985
merged_clock,Clock,9,10,15,1,2,164.0116,0.529624995576071
merged_clock,Clock,9,10,15,1,2,165.0118,0.5317644289832947
merged_clock,Clock,9,10,15,1,2,166.0128,0.5339044235969259
merged_clock,Clock,9,10,15,1,2,167.0113,0.5360378259707096
merged_clock,Clock,9,10,15,1,2,168.0124,0.5381754472377887
merged_clock,Clock,9,10,15,1,2,169.0126,0.540309745318162
merged_clock,Clock,9,10,15,1,2,170.012,0.5424408419654089
merged_clock,Clock,9,10,15,1,3,171.0021,0.5445506253558574
merged_clock,Clock,9,10,15,1,3,172.0126,0.5467021996342072
merged_clock,Clock,9,10,15,1,3,173.0018,0.5488067306780142
merged_clock,Clock,9,10,15,1,3,174.0127,0.550955621634948
merged_clock,Clock,9,10,15,1,3,175.0114,0.5530767302390432
merged_clock,Clock,9,10,15,1,3,176.0107,0.5551971706031018
merged_clock,Clock,9,10,15,1,3,177.0121,0.5573200646961132
merged_clock,Clock,9,10,15,1,3,178.0022,0.5594169329117171
merged_clock,Clock,9,10,15,1,3,179.0018,0.5615317851923977
merged_clock,Clock,9,10,15,1,3,180.0022,0.5636460803521233
merged_clock,Clock,9,10,15,1,3,181.0027,0.5657582898135587
merged_clock,Clock,9,10,15,1,3,182.0018,0.5678651550627593
merged_clock,Clock,9,10,15,1,3,183.0034,0.5699748357505965
merged_clock,Clock,9,10,15,1,3,184.0031,0.5720779680291108
merged_clock,Clock,9,10,15,1,3,185.0026,0.574178082365935
merged_clock,Clock,9,10,15,1,3,186.0023,0.5762759719160069
merged_clock,Clock,9,10,15,1,3,187.0024,0.5783719143983683
merged_clock,Clock,9,10,15,1,3,188.0022,0.5804644306586286
merged_clock,Clock,9,10,15,1,3,189.0028,0.5825557464503722
merged_clock,Clock,9,10,15,1,3,190.0025,0.5846421875725818
merged_clock,Clock,9,10,15,1,3,191.0136,0.5867493352760026
merged_clock,Clock,9,10,15,1,3,192.013,0.5888290071914676
merged_clock,Clock,9,10,15,1,3,193.0126,0.5909059220953709
merged_clock,Clock,9,10,15,1,3,194.0021,0.5929586590389672
merged_clock,Clock,9,10,15,1,3,195.002,0.5950296606080469
merged_clock,Clock,9,10,15,1,3,196.013,0.5971202360235331
merged_clock,Clock,9,10,15,1,3,197.0017,0.5991612749823325
merged_clock,Clock,9,10,15,1,2,198.0028,0.6012244554002888
merged_clock,Clock,9,10,15,1,2,199.0026,0.603281318991912
merged_clock,Clock,9,10,15,1,2,200.0038,0.6053374493037905
merged_clock,Clock,9,10,15,1,2,201.0034,0.6073865768899835
merged_clock,Clock,9,10,15,1,2,202.0037,0.6094333334149319
merged_clock,Clock,9,10,15,1,2,203.003,0.6114742525806157
merged_clock,Clock,9,10,15,1,3,204.0034,0.6135134765142274
merged_clock,Clock,9,10,15,1,3,205.0019,0.6155448811290286
merged_clock,Clock,9,10,15,1,3,206.0034,0.6175783303803403
merged_clock,Clock,9,10,15,1,3,207.0031,0.619604026146597
merged_clock,Clock,9,10,15,1,3,208.0033,0.6216265830289548
merged_clock,Clock,9,10,15,1,3,209.0043,0.6236465482771371
merged_clock,Clock,9,10,15,1,3,210.005,0.6256616098192318
merged_clock,Clock,9,10,15,1,3,211.0051,0.6276710985397143
merged_clock,Clock,9,10,15,1,3,212.0062,0.6296782017913999
merged_clock,Clock,9,10,15,1,3,213.0054,0.6316770536509848
merged_clock,Clock,9,10,15,1,3,214.0046,0.6336713628110359
merged_clock,Clock,9,10,15,1,3,215.0034,0.6356603431494401
merged_clock,Clock,9,10,15,1,3,216.0043,0.6376488479219323
merged_clock,Clock,9,10,15,1,3,217.0041,0.6396304775735816
merged_clock,Clock,9,10,15,1,3,218.0035,0.6416065475009701
merged_clock,Clock,9,10,15,1,3,219.0033,0.6435786313632974
merged_clock,Clock,9,10,15,1,3,220.0032,0.645546068505776
merged_clock,Clock,9,10,15,1,3,221.004,0.6475103284563204
merged_clock,Clock,9,10,15,1,3,222.0033,0.6494666900525042
merged_clock,Clock,9,10,15,1,3,223.0033,0.651419407790233
merged_clock,Clock,9,10,15,1,3,224.0031,0.6533666674833764
merged_clock,Clock,9,10,15,1,3,225.0042,0.655311321297991
merged_clock,Clock,9,10,15,1,3,226.0043,0.6572488695974003
merged_clock,Clock,9,10,15,1,3,227.0046,0.6591815443381056
merged_clock,Clock,9,10,15,1,3,228.0037,0.6611066502734433
merged_clock,Clock,9,10,15,1,3,229.0048,0.663030305884736
merged_clock,Clock,9,10,15,1,3,230.0053,0.6649473791166075
merged_clock,Clock,9,10,15,1,3,231.0052,0.6668579195118547
merged_clock,Clock,9,10,15,1,3,232.0044,0.6687616280917411
merged_clock,Clock,9,10,15,1,3,233.0045,0.6706615674142837
merged_clock,Clock,9,10,15,1,3,234.0041,0.6725549924131742
merged_clock,Clock,9,10,15,1,3,235.0048,0.6744448877071093
merged_clock,Clock,9,10,15,1,3,236.0052,0.6763285508887257
merged_clock,Clock,9,10,15,1,3,237.0064,0.6782080025202748
merged_clock,Clock,9,10,15,1,3,238.0054,0.6800776257760454
merged_clock,Clock,9,10,15,1,3,239.0061,0.6819446357362954
merged_clock,Clock,9,10,15,1,3,240.0073,0.6838067226248131
merged_clock,Clock,9,10,15,1,3,241.0066,0.6856594586990568
merged_clock,Clock,9,10,15,1,3,242.0051,0.6875047794508247
merged_clock,Clock,9,10,15,1,3,243.0055,0.6893476834310942
merged_clock,Clock,9,10,15,1,3,244.0059,0.6911846289324068
merged_clock,Clock,9,10,15,1,3,245.0067,0.6930162464509209
merged_clock,Clock,9,10,15,1,3,246.0062,0.6948394347814139
merged_clock,Clock,9,10,15,1,3,247.0051,0.6966554546265972
merged_clock,Clock,9,10,15,1,3,248.0047,0.698466626819722
merged_clock,Clock,9,10,15,1,3,249.005,0.7002729029360104
merged_clock,Clock,9,10,15,1,3,250.0042,0.7020709731732768
merged_clock,Clock,9,10,15,1,3,251.0043,0.7038644572440542
merged_clock,Clock,9,10,15,1,3,252.0042,0.7056512902589293
merged_clock,Clock,9,10,15,1,3,253.0042,0.7074320131001909
merged_clock,Clock,9,10,15,1,3,254.005,0.7092078349085794
merged_clock,Clock,9,10,15,1,3,255.006,0.7109776047421499
merged_clock,Clock,9,10,15,1,3,256.0055,0.7127383369045825
merged_clock,Clock,9,10,15,1,3,257.0062,0.7144947619570412
merged_clock,Clock,9,10,15,1,3,258.0062,0.7162434979829188
merged_clock,Clock,9,10,15,1,3,259.006,0.7179854322012609
merged_clock,Clock,9,10,15,1,3,260.0067,0.7197223907722936
merged_clock,Clock,9,10,15,1,3,261.0068,0.7214517482139314
merged_clock,Clock,9,10,15,1,3,262.0071,0.7231749066757382
merged_clock,Clock,9,10,15,1,3,263.0071,0.7248909474998984
merged_clock,Clock,9,10,15,1,3,264.0059,0.7265982895679756
merged_clock,Clock,9,10,15,1,3,265.0059,0.7283010818239346
merged_clock,Clock,9,10,15,1,3,266.0051,0.7299958665493173
merged_clock,Clock,9,10,15,1,3,267.005,0.7316851578679973
merged_clock,Clock,9,10,15,1,3,268.0077,0.7333724042230656
merged_clock,Clock,9,10,15,1,3,269.0074,0.7350478802650566
merged_clock,Clock,9,10,15,1,3,270.0074,0.7367171158800779
merged_clock,Clock,9,10,15,1,3,271.0076,0.7383799325262607
merged_clock,Clock,9,10,15,1,3,272.0084,0.7400369111240457
merged_clock,Clock,9,10,15,1,3,273.0081,0.7416852588452949
merged_clock,Clock,9,10,15,1,3,274.0081,0.7433272799938442
merged_clock,Clock,9,10,15,1,3,275.0086,0.7449632990632713
merged_clock,Clock,9,10,15,1,3,276.0083,0.7465911063569468
merged_clock,Clock,9,10,15,1,3,277.0078,0.7482117392694693
merged_clock,Clock,9,10,15,1,3,278.0077,0.749826070720583
merged_clock,Clock,9,10,15,1,3,279.0075,0.7514333925254657
merged_clock,Clock,9,10,15,1,3,280.0075,0.7530340813073705
merged_clock,Clock,9,10,15,1,3,281.0084,0.7546292355085514
merged_clock,Clock,9,10,15,1,3,282.0073,0.7562142813554164
merged_clock,Clock,9,10,15,1,3,283.0066,0.7577929998639739
merged_clock,Clock,9,10,15,1,3,284.0081,0.759368196357404
merged_clock,Clock,9,10,15,1,3,285.008,0.7609339010435312
merged_clock,Clock,9,10,15,1,3,286.0081,0.7624928893781413
merged_clock,Clock,9,10,15,1,3,287.0085,0.764045383525936
merged_clock,Clock,9,10,15,1,3,288.0079,0.7655892501303955
merged_clock,Clock,9,10,15,1,3,289.0075,0.767126421748192
merged_clock,Clock,9,10,15,1,3,290.0084,0.7686585166971943
merged_clock,Clock,9,10,15,1,3,291.0092,0.7701834124000305
merged_clock,Clock,9,10,15,1,3,292.0091,0.7716999029535909
merged_clock,Clock,9,10,15,1,3,293.0085,0.7732085979254669
merged_clock,Clock,9,10,15,1,3,294.0087,0.7747113771324148
merged_clock,Clock,9,10,15,1,3,295.0091,0.7762073993621282
merged_clock,Clock,9,10,15,1,3,296.0094,0.7776962020112447
merged_clock,Clock,9,10,15,1,3,297.009,0.7791768807222793
merged_clock,Clock,9,10,15,1,2,298.0085,0.7806503442136462
merged_clock,Clock,9,10,15,1,2,299.0079,0.782116546521263
merged_clock,Clock,9,10,15,1,3,300.0077,0.7835762431579638
merged_clock,Clock,9,10,15,1,3,301.0072,0.7850284504453467
merged_clock,Clock,9,10,33,0,0,0.0112436,0.21587576259129884
merged_clock,Clock,9,10,33,0,0,1.008917,0.21732970150524644
merged_clock,Clock,9,10,33,0,0,2.016773,0.21880564838307512
merged_clock,Clock,9,10,33,0,0,3.010272,0.22026761950989204
merged_clock,Clock,9,10,33,0,0,4.015651,0.2217541943403168
merged_clock,Clock,9,10,33,0,0,5.009819,0.22323123274090334
merged_clock,Clock,9,10,33,0,0,6.015376,0.2247323102790324
merged_clock,Clock,9,10,33,0,0,7.008871,0.22622240742521182
merged_clock,Clock,9,10,33,0,0,8.015471,0.22773927745227335
merged_clock,Clock,9,10,33,0,0,9.009403,0.22924407970741337
merged_clock,Clock,9,10,33,0,0,10.01235,0.23076959785741163
merged_clock,Clock,9,10,33,0,0,11.00952,0.23229335928053152
merged_clock,Clock,9,10,33,0,0,12.01396,0.23383531086716308
merged_clock,Clock,9,10,33,0,0,13.01663,0.23538162364170634
merged_clock,Clock,9,10,33,0,0,14.01211,0.23692383445582743
merged_clock,Clock,9,10,33,0,0,15.00706,0.23847217280482
merged_clock,Clock,9,10,33,0,0,16.01362,0.2400456362885429
merged_clock,Clock,9,10,33,0,0,17.01781,0.24162245794511591
merged_clock,Clock,9,10,33,0,0,18.01235,0.24319106681824496
merged_clock,Clock,9,10,33,0,0,19.01814,0.24478443584465373
merged_clock,Clock,9,10,33,0,0,20.01143,0.24636491148191914
merged_clock,Clock,9,10,33,0,0,21.01698,0.2479718738197007
merged_clock,Clock,9,10,33,0,0,22.01081,0.24956699995243842
merged_clock,Clock,9,10,33,0,0,23.01602,0.2511873386604076
merged_clock,Clock,9,10,33,0,0,24.00986,0.25279620824832744
merged_clock,Clock,9,10,33,0,0,25.01611,0.25443210117190473
merged_clock,Clock,9,10,33,0,0,26.00928,0.2560535517185395
merged_clock,Clock,9,10,33,0,0,27.0155,0.2577032034969132
merged_clock,Clock,9,10,33,0,0,28.00871,0.2593383182968565
merged_clock,Clock,9,10,33,0,0,29.01274,0.26099807767343325
merged_clock,Clock,9,10,33,0,0,30.00798,0.26265007666333967
merged_clock,Clock,9,10,33,0,0,31.01449,0.26432761143779876
merged_clock,Clock,9,10,33,0,0,32.00732,0.2659890568414422
merged_clock,Clock,9,10,33,0,0,33.01347,0.2676795686819022
merged_clock,Clock,9,10,33,0,0,34.01705,0.2693725421531611
merged_clock,Clock,9,10,33,0,0,35.01319,0.2710596299225611
merged_clock,Clock,9,10,33,0,0,36.01543,0.2727637309412774
merged_clock,Clock,9,10,33,0,0,37.00973,0.27446093465325033
merged_clock,Clock,9,10,33,0,0,38.007,0.2761697837380748
merged_clock,Clock,9,10,33,0,0,39.00919,0.2778936782604707
merged_clock,Clock,9,10,33,0,0,40.01445,0.279629489147897
merged_clock,Clock,9,10,33,0,0,41.00828,0.28135207085231667
merged_clock,Clock,9,10,33,0,0,42.01437,0.28310245771092224
merged_clock,Clock,9,10,33,0,0,43.01015,0.2848413846373126
merged_clock,Clock,9,10,33,0,0,44.01503,0.2866026987622996
merged_clock,Clock,9,10,33,0,0,45.00959,0.2883523263993834
merged_clock,Clock,9,10,33,0,0,46.01301,0.2901239588301326
merged_clock,Clock,9,10,33,0,0,47.01064,0.29189173870518786
merged_clock,Clock,9,10,33,0,0,48.01562,0.29367892957445985
merged_clock,Clock,9,10,33,0,0,49.00877,0.29545134162963427
merged_clock,Clock,9,10,33,0,0,50.01338,0.29725050747646803
merged_clock,Clock,9,10,33,0,0,51.00829,0.2990385216446016
merged_clock,Clock,9,10,33,0,0,52.01376,0.3008517614468173
merged_clock,Clock,9,10,33,0,0,53.0085,0.30265179741709414
merged_clock,Clock,9,10,33,0,0,54.01244,0.30447464760799786
merged_clock,Clock,9,10,33,0,0,55.00781,0.30628801234125397
merged_clock,Clock,9,10,33,0,0,56.01295,0.3081252864700471
merged_clock,Clock,9,10,33,0,0,57.01688,0.3099664287210517
merged_clock,Clock,9,10,33,0,0,58.01299,0.31179920231185815
merged_clock,Clock,9,10,33,0,0,59.0177,0.3136537911687581
merged_clock,Clock,9,10,33,0,0,60.01258,0.31549612053975545
merged_clock,Clock,9,10,33,0,0,61.0162,0.3173605284552473
merged_clock,Clock,9,10,33,0,0,62.01058,0.3192135642961518
merged_clock,Clock,9,10,33,0,0,63.0151,0.3210913208852164
merged_clock,Clock,9,10,33,0,0,64.00949,0.32295586325008746
merged_clock,Clock,9,10,33,0,0,65.01633,0.32484949111023237
merged_clock,Clock,9,10,33,0,0,66.00727,0.32671883928588447
merged_clock,Clock,9,10,33,0,0,67.01327,0.3286222314510012
merged_clock,Clock,9,10,33,0,0,68.00963,0.3305129562906431
merged_clock,Clock,9,10,33,0,0,69.01522,0.33242676793490117
merged_clock,Clock,9,10,33,0,0,70.00723,0.33432016975014245
merged_clock,Clock,9,10,33,0,0,71.01301,0.3362453056292939
merged_clock,Clock,9,10,33,0,0,72.01773,0.3381738716640078
merged_clock,Clock,9,10,33,0,0,73.01257,0.34008878733862896
merged_clock,Clock,9,10,33,0,0,74.00776,0.34200960639217015
merged_clock,Clock,9,10,33,0,0,75.0119,0.3439529780206481
merged_clock,Clock,9,10,33,0,0,76.00701,0.3458840344890303
merged_clock,Clock,9,10,33,0,0,77.00965,0.34783485513669493
merged_clock,Clock,9,10,33,0,0,78.01656,0.34979914036222315
merged_clock,Clock,9,10,33,0,0,79.01218,0.35174640718632877
merged_clock,Clock,9,10,33,0,0,80.01429,0.3537113791442342
merged_clock,Clock,9,10,33,0,0,81.01093,0.35567053861271414
merged_clock,Clock,9,10,33,0,0,82.01371,0.3576466474835606
merged_clock,Clock,9,10,33,0,0,83.00771,0.35961025433344906
merged_clock,Clock,9,10,33,0,0,84.01353,0.3616019883448712
merged_clock,Clock,9,10,33,0,0,85.0094,0.3635787345283795
merged_clock,Clock,9,10,33,0,0,86.01452,0.36557851776480216
merged_clock,Clock,9,10,33,0,0,87.00967,0.36756303913672506
merged_clock,Clock,9,10,33,0,0,88.01543,0.36957329354422735
merged_clock,Clock,9,10,33,0,0,89.00916,0.3715639691067252
merged_clock,Clock,9,10,33,0,0,90.01366,0.37358063415142956
merged_clock,Clock,9,10,33,0,0,91.00769,0.3755806347229189
merged_clock,Clock,9,10,33,0,0,92.01402,0.3776097123647892
merged_clock,Clock,9,10,33,0,0,93.01786,0.379638040993156
merged_clock,Clock,9,10,33,0,0,94.01264,0.3816522283295733
merged_clock,Clock,9,10,33,0,0,95.00688,0.38366939281568807
merged_clock,Clock,9,10,33,0,0,96.0119,0.3857125056697975
merged_clock,Clock,9,10,33,0,0,97.01766,0.38776116234094643
merged_clock,Clock,9,10,33,0,0,98.01197,0.3897904015230704
merged_clock,Clock,9,10,33,0,0,99.01741,0.39184624541028273
merged_clock,Clock,9,10,33,0,0,100.0111,0.3938818420281403
merged_clock,Clock,9,10,33,0,0,101.0167,0.39594559217348474
merged_clock,Clock,9,10,33,0,0,102.0112,0.3979902122387072
merged_clock,Clock,9,10,33,0,0,103.0155,0.4000586068229891
merged_clock,Clock,9,10,33,0,0,104.0091,0.40210846856638827
merged_clock,Clock,9,10,33,0,0,105.0152,0.4041876045646867
merged_clock,Clock,9,10,33,0,0,106.0089,0.40624451819615803
merged_clock,Clock,9,10,33,0,0,107.0142,0.40832877234667136
merged_clock,Clock,9,10,33,0,0,108.0181,0.4104134268695608
merged_clock,Clock,9,10,33,0,0,109.0141,0.4124848691316245
merged_clock,Clock,9,10,33,0,0,110.0083,0.4145556620607831
merged_clock,Clock,9,10,33,0,0,111.0131,0.41665159970186777
merged_clock,Clock,9,10,33,0,0,112.0075,0.4187288168559515
merged_clock,Clock,9,10,33,0,0,113.0127,0.4208315334631211
merged_clock,Clock,9,10,33,0,0,114.0173,0.42293586293852464
merged_clock,Clock,9,10,33,0,0,115.0134,0.42502513826791544
merged_clock,Clock,9,10,33,0,0,116.007,0.4271118686593847
merged_clock,Clock,9,10,33,0,0,117.0128,0.42922684885671797
merged_clock,Clock,9,10,33,0,0,118.0072,0.4313204048426532
merged_clock,Clock,9,10,33,0,0,119.0113,0.4334368694672439
merged_clock,Clock,9,10,33,0,0,120.0162,0.4355574566764414
merged_clock,Clock,9,10,33,0,0,121.0102,0.43765737531220816
merged_clock,Clock,9,10,33,0,0,122.017,0.43978660286565097
merged_clock,Clock,9,10,33,0,0,123.0113,0.4418915787297533
merged_clock,Clock,9,10,33,0,0,124.0157,0.44402006127167465
merged_clock,Clock,9,10,33,0,0,125.0097,0.4461285159096813
merged_clock,Clock,9,10,33,0,0,126.0155,0.4482639970784878
merged_clock,Clock,9,10,33,0,0,127.0097,0.45037670123957163
merged_clock,Clock,9,10,33,0,0,128.0143,0.4525133386941094
merged_clock,Clock,9,10,33,0,0,129.0082,0.4546289341229925
merged_clock,Clock,9,10,33,0,0,130.0144,0.45677241022698295
merged_clock,Clock,9,10,33,0,0,131.0084,0.458891455652001
merged_clock,Clock,9,10,33,0,0,132.0137,0.46103608562206233
merged_clock,Clock,9,10,33,0,0,133.0087,0.463160164509379
merged_clock,Clock,9,10,33,0,0,134.0128,0.46530504599218414
merged_clock,Clock,9,10,33,0,0,135.0174,0.4674522552868304
merged_clock,Clock,9,10,33,0,0,136.0128,0.4695810209627398
merged_clock,Clock,9,10,33,0,0,137.0152,0.47172585117950533
merged_clock,Clock,9,10,33,0,0,138.0118,0.47385931017192934
merged_clock,Clock,9,10,33,0,0,139.0171,0.47601238819701897
merged_clock,Clock,9,10,33,0,0,140.0105,0.4781408198097844
merged_clock,Clock,9,10,33,0,0,141.0169,0.48029794816244614
merged_clock,Clock,9,10,33,0,0,142.0098,0.4824268198070597
merged_clock,Clock,9,10,33,0,0,143.0157,0.4845842491285657
merged_clock,Clock,9,10,33,0,0,144.0096,0.4867164874749136
merged_clock,Clock,9,10,33,0,0,145.0155,0.48887498047807776
merged_clock,Clock,9,10,33,0,0,146.0091,0.49100745785048877
merged_clock,Clock,9,10,33,0,0,147.015,0.49316669667022556
merged_clock,Clock,9,10,33,0,0,148.0085,0.49529955710425355
merged_clock,Clock,9,10,33,0,0,149.0145,0.49745942017834793
merged_clock,Clock,9,10,33,0,0,150.0182,0.49961446374517804
merged_clock,Clock,9,10,33,0,0,151.0129,0.5017501594104758
merged_clock,Clock,9,10,33,0,0,152.0079,0.5038864791791711
merged_clock,Clock,9,10,33,0,0,153.0136,0.5060455872561722
merged_clock,Clock,9,10,33,0,0,154.0162,0.5081978536739615
merged_clock,Clock,9,10,33,0,0,155.0137,0.5103388456144624
merged_clock,Clock,9,10,33,0,0,156.018,0.51249406115867
merged_clock,Clock,9,10,33,0,0,157.0122,0.5146271422446331
merged_clock,Clock,9,10,33,0,0,158.0171,0.5167826310450744
merged_clock,Clock,9,10,33,0,0,159.0121,0.5189162633219757
merged_clock,Clock,9,10,33,0,0,160.0178,0.5210721641868994
merged_clock,Clock,9,10,33,0,0,161.0116,0.5232017482834378
merged_clock,Clock,9,10,33,0,0,162.0148,0.5253506514753217
merged_clock,Clock,9,10,33,0,0,163.0095,0.5274804227621092
merged_clock,Clock,9,10,33,0,0,164.0153,0.5296329288370667
merged_clock,Clock,9,10,33,0,0,165.0099,0.5317603828632368
merged_clock,Clock,9,10,33,0,0,166.0155,0.5339101958397808
merged_clock,Clock,9,10,33,0,0,167.0089,0.536032676428852
merged_clock,Clock,9,10,33,0,0,168.0149,0.538180756342838
merged_clock,Clock,9,10,33,0,0,169.0092,0.5403024868221591
merged_clock,Clock,9,10,33,0,0,170.0149,0.5424470219294094
merged_clock,Clock,9,10,33,0,0,171.0072,0.5445614810390552
merged_clock,Clock,9,10,33,0,0,172.0139,0.5467049601249964
merged_clock,Clock,9,10,33,0,0,173.0183,0.5488418089266129
merged_clock,Clock,9,10,33,0,0,174.0134,0.5509571130439168
merged_clock,Clock,9,10,33,0,0,175.007,0.553067401028777
merged_clock,Clock,9,10,33,0,0,176.0129,0.5552018308614676
merged_clock,Clock,9,10,33,0,0,177.0179,0.5573323506828801
merged_clock,Clock,9,10,33,0,0,178.0116,0.5594368293440071
merged_clock,Clock,9,10,33,0,0,179.0166,0.5615630830036372
merged_clock,Clock,9,10,33,0,0,180.0096,0.5636617124952952
merged_clock,Clock,9,10,33,0,0,181.0174,0.565789293855432
merged_clock,Clock,9,10,33,0,0,182.0096,0.5678815880532292
merged_clock,Clock,9,10,33,0,0,183.0168,0.5700030373501119
merged_clock,Clock,9,10,33,0,0,184.0094,0.5720912175872935
merged_clock,Clock,9,10,33,0,0,185.0158,0.5742057977082391
merged_clock,Clock,9,10,33,0,0,186.0094,0.5762908517370438
merged_clock,Clock,9,10,33,0,0,187.0155,0.5783993654653594
merged_clock,Clock,9,10,33,0,0,188.0086,0.5804778343659576
merged_clock,Clock,9,10,33,0,0,189.0138,0.5825786919891905
merged_clock,Clock,9,10,33,0,0,190.0071,0.584651766364727
merged_clock,Clock,9,10,33,0,0,191.0133,0.5867487315317194
merged_clock,Clock,9,10,33,0,0,192.0072,0.5888169504387909
merged_clock,Clock,9,10,33,1,1,193.0136,0.5909079812441429
merged_clock,Clock,9,10,33,1,1,194.0184,0.5929924391993497
merged_clock,Clock,9,10,33,1,1,195.0134,0.5950532497183809
merged_clock,Clock,9,10,33,1,1,196.017,0.5971284958373139
merged_clock,Clock,9,10,33,1,1,197.0135,0.5991856353124981
merged_clock,Clock,9,10,33,1,1,198.0153,0.6012501876351852
merged_clock,Clock,9,10,33,1,1,199.0126,0.6033018937947141
merged_clock,Clock,9,10,33,1,1,200.0165,0.6053634973388926
merged_clock,Clock,9,10,33,1,1,201.0111,0.6074023272671906
merged_clock,Clock,9,10,33,1,1,202.017,0.6094605332081788
merged_clock,Clock,9,10,33,1,1,203.0101,0.611488729666531
merged_clock,Clock,9,10,33,1,1,204.0153,0.613537713644367
merged_clock,Clock,9,10,33,1,1,205.009,0.6155593018985684
merged_clock,Clock,9,10,33,1,1,206.0139,0.6175996241006804
merged_clock,Clock,9,10,33,1,1,207.0084,0.6196147749516789
merged_clock,Clock,9,10,33,1,1,208.0139,0.6216480051938661
merged_clock,Clock,9,10,33,1,1,209.0082,0.6236543917063629
merged_clock,Clock,9,10,33,1,1,210.0141,0.6256799025710756
merged_clock,Clock,9,10,33,1,1,211.0076,0.6276761212104289
merged_clock,Clock,9,10,33,1,1,212.0133,0.6296924419092249
merged_clock,Clock,9,10,33,1,1,213.0174,0.6317010184450818
merged_clock,Clock,9,10,33,1,1,214.0124,0.6336869380309141
merged_clock,Clock,9,10,33,1,1,215.0173,0.635687991935968
merged_clock,Clock,9,10,33,1,1,216.0115,0.63766313958261
merged_clock,Clock,9,10,33,1,1,217.0073,0.6396367908528129
merged_clock,Clock,9,10,33,1,1,218.0122,0.6416237540402402
merged_clock,Clock,9,10,33,1,1,219.0177,0.6436070081227617
merged_clock,Clock,9,10,33,1,1,220.0105,0.6455604017382534
merged_clock,Clock,9,10,33,1,1,221.0166,0.6475350342823187
merged_clock,Clock,9,10,33,1,1,222.0104,0.6494805928212114
merged_clock,Clock,9,10,33,1,1,223.0163,0.6514447607880165
merged_clock,Clock,9,10,33,1,1,224.0094,0.6533789251248175
merged_clock,Clock,9,10,33,1,1,225.0164,0.6553350017929238
merged_clock,Clock,9,10,33,1,1,226.0074,0.6572548624850291
merged_clock,Clock,9,10,33,1,1,227.0149,0.6592014171339409
merged_clock,Clock,9,10,33,1,1,228.0098,0.661118394490403
merged_clock,Clock,9,10,33,1,1,229.0145,0.6630488978468689
merged_clock,Clock,9,10,33,1,1,230.0083,0.6649531308380451
merged_clock,Clock,9,10,33,1,1,231.012,0.6668708749397451
merged_clock,Clock,9,10,33,1,1,232.0079,0.6687683049288989
merged_clock,Clock,9,10,33,1,1,233.013,0.6706776897807439
merged_clock,Clock,9,10,33,1,1,234.0078,0.6725619765434733
merged_clock,Clock,9,10,33,1,1,235.0124,0.6744592171252126
merged_clock,Clock,9,10,33,1,1,236.0075,0.6763328827118483
merged_clock,Clock,9,10,33,1,1,237.0128,0.6782200145486572
merged_clock,Clock,9,10,33,1,1,238.0176,0.6801004068849908
merged_clock,Clock,9,10,33,1,1,239.0123,0.6819561757637281
merged_clock,Clock,9,10,33,1,1,240.0179,0.6838264149365304
merged_clock,Clock,9,10,33,1,1,241.011,0.6856675932106499
merged_clock,Clock,9,10,33,1,1,242.0172,0.687527105763118
merged_clock,Clock,9,10,33,1,1,243.0096,0.6893552325361257
merged_clock,Clock,9,10,33,1,1,244.0155,0.6912022231496913
merged_clock,Clock,9,10,33,1,1,245.0092,0.6930208187436173
merged_clock,Clock,9,10,33,1,1,246.0151,0.6948556623109997
merged_clock,Clock,9,10,33,1,1,247.0096,0.6966636243267234
merged_clock,Clock,9,10,33,1,1,248.0139,0.6984832695554357
merged_clock,Clock,9,10,33,1,1,249.0083,0.7002788441854713
merged_clock,Clock,9,10,33,1,1,250.0137,0.7020880500281252
merged_clock,Clock,9,10,33,1,1,251.0181,0.7038891500635476
merged_clock,Clock,9,10,33,1,1,252.0131,0.7056671863908284
merged_clock,Clock,9,10,33,1,1,253.0074,0.7074377089889311
merged_clock,Clock,9,10,33,1,1,254.0126,0.7092212939090572
merged_clock,Clock,9,10,33,1,1,255.0178,0.7109984473593941
merged_clock,Clock,9,10,33,1,1,256.0127,0.7127510010894973
merged_clock,Clock,9,10,33,1,1,257.0155,0.7145110687548971
merged_clock,Clock,9,10,33,1,1,258.0105,0.716251008767769
merged_clock,Clock,9,10,33,1,1,259.0159,0.7180026266125776
merged_clock,Clock,9,10,33,1,1,260.0117,0.7197310086457211
merged_clock,Clock,9,10,33,1,1,261.0157,0.7214670751923576
merged_clock,Clock,9,10,33,1,1,262.0101,0.7231800487169698
merged_clock,Clock,9,10,33,1,1,263.0164,0.724906836864266
merged_clock,Clock,9,10,33,1,1,264.0082,0.7266022466075693
merged_clock,Clock,9,10,33,1,1,265.0156,0.7283175741110012
merged_clock,Clock,9,10,33,1,1,266.0092,0.730002788926662
merged_clock,Clock,9,10,33,1,1,267.0138,0.7316999768032373
merged_clock,Clock,9,10,33,1,1,268.0067,0.7333707642237971
merged_clock,Clock,9,10,33,1,1,269.0132,0.7350576295878601
merged_clock,Clock,9,10,33,1,1,270.0068,0.736716149961176
merged_clock,Clock,9,10,33,1,1,271.0131,0.7383890459533756
merged_clock,Clock,9,10,33,1,1,272.0063,0.7400334319255112
merged_clock,Clock,9,10,33,1,1,273.0119,0.7416915356494395
merged_clock,Clock,9,10,33,1,1,274.0159,0.7433400813454029
merged_clock,Clock,9,10,33,1,1,275.0108,0.7449668844104309
merged_clock,Clock,9,10,33,1,1,276.0157,0.7466031062231447
merged_clock,Clock,9,10,33,1,1,277.0098,0.7482149487495255
merged_clock,Clock,9,10,33,1,1,278.0152,0.749838165386118
merged_clock,Clock,9,10,33,1,1,279.0087,0.7514353017628591
merged_clock,Clock,9,10,33,1,1,280.0157,0.7530471442764013
merged_clock,Clock,9,10,33,1,1,281.0095,0.7546309826218327
merged_clock,Clock,9,10,33,1,1,282.0148,0.7562261675882511
merged_clock,Clock,9,10,33,1,1,283.0088,0.7577964634886807
merged_clock,Clock,9,10,33,1,1,284.013,0.7593759069848278
merged_clock,Clock,9,10,33,1,1,285.0075,0.7609331381770185
merged_clock,Clock,9,10,33,1,1,286.0132,0.7625008634444312
merged_clock,Clock,9,10,33,1,1,287.0068,0.7640427374609243
merged_clock,Clock,9,10,33,1,1,288.0128,0.7655967759128799
merged_clock,Clock,9,10,33,1,1,289.0161,0.7671396253025156
merged_clock,Clock,9,10,33,1,1,290.0139,0.7686669058310741
merged_clock,Clock,9,10,33,1,1,291.0168,0.7701950100772643
merged_clock,Clock,9,10,33,1,1,292.0091,0.7716999029535909
merged_clock,Clock,9,10,33,1,1,293.015,0.7732183874005494
merged_clock,Clock,9,10,33,1,1,294.0107,0.774714396279222
merged_clock,Clock,9,10,33,1,1,295.0058,0.77620248220804
merged_clock,Clock,9,10,33,1,1,296.0114,0.7776991926356648
merged_clock,Clock,9,10,33,1,1,297.006,0.7791724612241592
merged_clock,Clock,9,10,33,1,1,298.01,0.7806525433451131
merged_clock,Clock,9,10,33,1,1,299.0135,0.7821247199466546
merged_clock,Clock,9,10,33,1,1,300.0104,0.7835801989776838
merged_clock,Clock,9,10,33,1,1,301.0153,0.7850401715036137
merged_clock,Clock,10,11,16,0,0,0.0,0.20267923401253052
merged_clock,Clock,10,11,16,0,0,1.006835,0.2041804980997413
merged_clock,Clock,10,11,16,0,0,2.008246,0.20568185931657534
merged_clock,Clock,10,11,16,0,0,2.998121,0.20717395034221414
merged_clock,Clock,10,11,16,0,0,3.999469,0.20869145499631095
merged_clock,Clock,10,11,16,0,0,4.998495,0.21021358057938155
merged_clock,Clock,10,11,16,0,0,6.000052,0.21174772421522084
merged_clock,Clock,10,11,16,0,0,7.00159,0.21329001096314
merged_clock,Clock,10,11,16,0,0,8.002184,0.21483900471415712
merged_clock,Clock,10,11,16,0,0,9.001597,0.2163943113828535
merged_clock,Clock,10,11,16,0,0,10.00276,0.21796049520461236
merged_clock,Clock,10,11,16,0,0,10.99977,0.21952829235549198
merged_clock,Clock,10,11,16,0,0,11.99999,0.2211092652728505
merged_clock,Clock,10,11,16,0,0,13.00089,0.22269945664582377
merged_clock,Clock,10,11,16,0,0,13.99989,0.22429475127499965
merged_clock,Clock,10,11,16,0,0,15.00098,0.2259015147218362
merged_clock,Clock,10,11,16,0,0,16.00064,0.22751410055992247
merged_clock,Clock,10,11,16,0,0,16.99999,0.229134285070224
merged_clock,Clock,10,11,16,0,0,17.99896,0.23076194071218017
merged_clock,Clock,10,11,16,0,0,18.99933,0.23239997076247929
merged_clock,Clock,10,11,16,0,0,19.9995,0.23404576007940156
merged_clock,Clock,10,11,16,0,0,20.9999,0.2357000081696563
merged_clock,Clock,10,11,16,0,0,21.99905,0.2373602411040593
merged_clock,Clock,10,11,16,0,0,23.0002,0.2390318599069442
merged_clock,Clock,10,11,16,0,0,24.00146,0.24071171826187948
merged_clock,Clock,10,11,16,0,0,25.00086,0.24239648246147827
merged_clock,Clock,10,11,16,0,0,26.0012,0.2440908409793616
merged_clock,Clock,10,11,16,0,0,27.00152,0.24579316809278204
merged_clock,Clock,10,11,16,0,0,28.00169,0.2475032219851233
merged_clock,Clock,10,11,16,0,0,29.00176,0.24922107107863176
merged_clock,Clock,10,11,16,0,0,30.00079,0.2509450658235259
merged_clock,Clock,10,11,16,0,0,31.00031,0.2526778277352232
merged_clock,Clock,10,11,16,0,0,32.00043,0.25441953581576265
merged_clock,Clock,10,11,16,0,0,33.00219,0.2561720068606998
merged_clock,Clock,10,11,16,0,0,34.00164,0.25792830844781234
merged_clock,Clock,10,11,16,0,0,35.00283,0.25969552446417465
merged_clock,Clock,10,11,16,0,0,36.00352,0.26146969440299267
merged_clock,Clock,10,11,16,0,0,37.00388,0.26325108261412955
merged_clock,Clock,10,11,16,0,0,38.00309,0.2650381937960465
merged_clock,Clock,10,11,16,0,0,39.00269,0.26683374349465605
merged_clock,Clock,10,11,16,0,0,40.00256,0.2686375009310957
merged_clock,Clock,10,11,16,0,0,41.00229,0.2704486974746047
merged_clock,Clock,10,11,16,0,0,42.00187,0.2722672881695419
merged_clock,Clock,10,11,16,0,0,43.00198,0.27409448407727544
merged_clock,Clock,10,11,16,0,0,43.99989,0.27592524647272937
merged_clock,Clock,10,11,16,0,0,45.00128,0.27776998713916606
merged_clock,Clock,10,11,16,0,0,46.00084,0.2796188973187449
merged_clock,Clock,10,11,16,0,0,47.00187,0.2814780582424263
merged_clock,Clock,10,11,16,0,0,48.00152,0.2833421382937146
merged_clock,Clock,10,11,16,0,0,49.00248,0.28521612460658
merged_clock,Clock,10,11,16,0,0,50.00288,0.2870964838975946
merged_clock,Clock,10,11,16,0,0,51.00327,0.28898420634176014
merged_clock,Clock,10,11,16,0,0,52.0029,0.2908778357358955
merged_clock,Clock,10,11,16,0,0,53.00366,0.2927809153993365
merged_clock,Clock,10,11,16,0,0,54.00496,0.29469230775462846
merged_clock,Clock,10,11,16,0,0,55.0033,0.296605262159292
merged_clock,Clock,10,11,16,0,0,56.002,0.2985260693362428
merged_clock,Clock,10,11,16,0,0,57.00315,0.3004587460939728
merged_clock,Clock,10,11,16,0,0,58.00341,0.3023968085035748
merged_clock,Clock,10,11,16,0,0,59.0027,0.30434004572267365
merged_clock,Clock,10,11,16,0,0,60.00551,0.3062971641347396
merged_clock,Clock,10,11,16,0,0,61.00465,0.30825409833703765
merged_clock,Clock,10,11,16,0,0,62.00395,0.31021825218253757
merged_clock,Clock,10,11,16,0,0,63.00386,0.31219048659503046
merged_clock,Clock,10,11,16,0,0,64.00309,0.3141681949571634
merged_clock,Clock,10,11,16,0,0,65.00378,0.31615557212500556
merged_clock,Clock,10,11,16,0,0,66.00377,0.3181483033496085
merged_clock,Clock,10,11,16,0,0,67.00208,0.3201443530690604
merged_clock,Clock,10,11,16,0,0,68.00242,0.32215107171148394
merged_clock,Clock,10,11,16,0,0,69.00261,0.32416407900759103
merged_clock,Clock,10,11,16,0,0,70.00307,0.32618415205045687
merged_clock,Clock,10,11,16,0,0,71.0035,0.32821065364932134
merged_clock,Clock,10,11,16,0,0,72.00352,0.3302427208328273
merged_clock,Clock,10,11,16,0,0,73.00365,0.33228137994777573
merged_clock,Clock,10,11,16,0,0,74.0042,0.33432721690795714
merged_clock,Clock,10,11,16,0,0,75.00552,0.33638087149607876
merged_clock,Clock,10,11,16,0,0,76.00439,0.3384356660725321
merged_clock,Clock,10,11,16,0,0,77.00546,0.3405011439686574
merged_clock,Clock,10,11,16,0,0,78.00467,0.3425688264045941
merged_clock,Clock,10,11,16,0,0,79.00395,0.3446426618272404
merged_clock,Clock,10,11,16,0,0,80.00491,0.3467259289383837
merged_clock,Clock,10,11,16,0,0,81.00582,0.34881497466853534
merged_clock,Clock,10,11,16,0,0,82.00645,0.3509092544159376
merged_clock,Clock,10,11,16,0,0,83.00783,0.3530108791180046
merged_clock,Clock,10,11,16,0,0,84.00675,0.3551130275969516
merged_clock,Clock,10,11,16,0,0,85.00592,0.35722129840901506
merged_clock,Clock,10,11,16,0,0,86.00507,0.3593350791667446
merged_clock,Clock,10,11,16,0,0,87.00529,0.36145658645101
merged_clock,Clock,10,11,16,0,0,88.00566,0.3635838519506608
merged_clock,Clock,10,11,16,0,0,89.00539,0.3657150823936293
merged_clock,Clock,10,11,16,0,0,90.00601,0.3678535110039698
merged_clock,Clock,10,11,16,0,0,91.00649,0.3699968387152548
merged_clock,Clock,10,11,16,0,0,92.00535,0.37214180900508587
merged_clock,Clock,10,11,16,0,0,93.005,0.37429353639777413
merged_clock,Clock,10,11,16,0,0,94.00483,0.37645064105380427
merged_clock,Clock,10,11,16,0,0,95.00599,0.37861552884699884
merged_clock,Clock,10,11,16,0,0,96.005,0.3807805957807891
merged_clock,Clock,10,11,16,0,0,97.00579,0.382954295135695
merged_clock,Clock,10,11,16,0,0,98.00683,0.3851332173705367
merged_clock,Clock,10,11,16,0,0,99.0061,0.38731290700993765
merged_clock,Clock,10,11,16,0,0,100.007,0.3895006739469755
merged_clock,Clock,10,11,16,0,0,101.0064,0.39168960305959905
merged_clock,Clock,10,11,16,0,0,102.0055,0.39388224330054156
merged_clock,Clock,10,11,16,0,0,103.0064,0.3960831288604783
merged_clock,Clock,10,11,16,0,0,104.0067,0.39828690205806966
merged_clock,Clock,10,11,16,0,0,105.007,0.4004948222851497
merged_clock,Clock,10,11,16,0,0,106.0086,0.40270964433013245
merged_clock,Clock,10,11,16,0,0,107.0076,0.4049226903087195
merged_clock,Clock,10,11,16,0,0,108.007,0.40714050608207697
merged_clock,Clock,10,11,16,0,0,109.0076,0.4093647607726887
merged_clock,Clock,10,11,16,0,0,110.0071,0.41159029947005116
merged_clock,Clock,10,11,16,0,0,111.0071,0.4138205671742796
merged_clock,Clock,10,11,16,0,0,112.0057,0.4160512365216427
merged_clock,Clock,10,11,16,0,0,113.0061,0.4182893982681728
merged_clock,Clock,10,11,16,0,0,114.0066,0.4205311347656427
merged_clock,Clock,10,11,16,0,0,115.0063,0.4227743720319655
merged_clock,Clock,10,11,16,0,0,116.008,0.42502529352399265
merged_clock,Clock,10,11,16,0,0,117.0076,0.4272745866902106
merged_clock,Clock,10,11,16,0,0,118.0089,0.42953074426760746
merged_clock,Clock,10,11,16,0,0,119.0079,0.431784614599614
merged_clock,Clock,10,11,16,0,0,120.0083,0.4340445036511947
merged_clock,Clock,10,11,16,0,0,121.0086,0.43630689676352175
merged_clock,Clock,10,11,16,0,0,122.0069,0.4385674152262329
merged_clock,Clock,10,11,16,0,0,123.0086,0.44083820435627297
merged_clock,Clock,10,11,16,0,0,124.0079,0.4431060145130522
merged_clock,Clock,10,11,16,0,0,125.0084,0.4453789385868686
merged_clock,Clock,10,11,16,0,0,125.9983,0.44763002186783113
merged_clock,Clock,10,11,16,0,0,127.0077,0.4499276627928555
merged_clock,Clock,10,11,16,0,0,128.0085,0.4522078429682208
merged_clock,Clock,10,11,16,0,0,129.0084,0.45448799468905726
merged_clock,Clock,10,11,16,0,0,130.008,0.4567693251783988
merged_clock,Clock,10,11,16,0,0,131.0082,0.4590538652399375
merged_clock,Clock,10,11,16,0,0,132.0073,0.461337615590173
merged_clock,Clock,10,11,16,0,0,133.0074,0.46362529436814465
merged_clock,Clock,10,11,16,0,0,134.0074,0.4659142606366723
merged_clock,Clock,10,11,16,0,0,135.0086,0.46820742495899703
merged_clock,Clock,10,11,16,0,0,136.0081,0.47049801532642893
merged_clock,Clock,10,11,16,0,0,137.008,0.47279075895174366
merged_clock,Clock,10,11,16,0,0,138.0093,0.47508787208220254
merged_clock,Clock,10,11,16,0,0,138.9987,0.47735875213055584
merged_clock,Clock,10,11,16,0,0,139.999,0.4796555542098407
merged_clock,Clock,10,11,16,0,0,141.0081,0.48197347870157303
merged_clock,Clock,10,11,16,0,0,142.0078,0.4842705432557437
merged_clock,Clock,10,11,16,0,0,143.0091,0.48657195559768046
merged_clock,Clock,10,11,16,0,0,143.9994,0.4888486771556318
merged_clock,Clock,10,11,16,0,0,144.9993,0.49114789807305564
merged_clock,Clock,10,11,16,0,0,145.9998,0.4934488973422619
merged_clock,Clock,10,11,16,0,0,146.9992,0.49574764707380176
merged_clock,Clock,10,11,16,0,0,147.9988,0.49804699780414
merged_clock,Clock,10,11,16,0,0,149.0094,0.5003717741833743
merged_clock,Clock,10,11,16,0,0,149.9993,0.5026489035456243
merged_clock,Clock,10,11,16,0,0,150.9984,0.5049470869763444
merged_clock,Clock,10,11,16,0,0,151.9984,0.5072471319102547
merged_clock,Clock,10,11,16,0,0,153.0085,0.5095700986002994
merged_clock,Clock,10,11,16,0,0,154.0095,0.511871743587342
merged_clock,Clock,10,11,16,0,0,155.0089,0.5141691675330278
merged_clock,Clock,10,11,16,0,0,155.9993,0.5164453406548345
merged_clock,Clock,10,11,16,0,0,156.9987,0.5187415122539918
merged_clock,Clock,10,11,16,1,1,158.0103,0.5210648886425809
merged_clock,Clock,10,11,16,1,1,158.9988,0.5233343269094277
merged_clock,Clock,10,11,16,1,1,159.999,0.5256296539880538
merged_clock,Clock,10,11,16,1,1,160.9999,0.5279255081056172
merged_clock,Clock,10,11,16,1,1,161.999,0.5302160547842892
merged_clock,Clock,10,11,16,1,1,162.9986,0.532506482711086
merged_clock,Clock,10,11,16,1,1,164.0,0.534799663296493
merged_clock,Clock,10,11,16,1,1,164.9995,0.5370870101922451
merged_clock,Clock,10,11,16,1,1,165.9988,0.539372343778113
merged_clock,Clock,10,11,16,1,1,167.0005,0.5416615307303074
merged_clock,Clock,10,11,16,1,1,168.0003,0.5439446064930279
merged_clock,Clock,10,11,16,1,2,168.9998,0.5462251409926834
merged_clock,Clock,10,11,16,1,2,169.9999,0.5485050933486771
merged_clock,Clock,10,11,16,1,2,170.9994,0.5507816911658929
merged_clock,Clock,10,11,16,1,2,171.9991,0.5530565799247615
merged_clock,Clock,10,11,16,1,2,172.9989,0.5553294919424011
merged_clock,Clock,10,11,16,1,2,173.9989,0.5576005415118956
merged_clock,Clock,10,11,16,1,2,174.9991,0.5598696347655755
merged_clock,Clock,10,11,16,1,2,175.999,0.5621355376750303
merged_clock,Clock,10,11,16,1,2,176.9999,0.5644011295719394
merged_clock,Clock,10,11,16,1,2,178.0003,0.5666629322532045
merged_clock,Clock,10,11,16,1,2,178.9995,0.5689192059788164
merged_clock,Clock,10,11,16,1,2,179.9998,0.5711751326170951
merged_clock,Clock,10,11,16,1,2,181.0004,0.5734287579341067
merged_clock,Clock,10,11,16,1,2,182.0001,0.5756773489234698
merged_clock,Clock,10,11,16,1,2,182.9991,0.5779212017207414
merged_clock,Clock,10,11,16,1,2,184.0005,0.5801672458354884
merged_clock,Clock,10,11,16,1,2,185.0009,0.5824077203735715
merged_clock,Clock,10,11,16,1,2,186.001,0.5846441505411386
merged_clock,Clock,10,11,16,1,2,187.0014,0.586877746134834
merged_clock,Clock,10,11,16,1,2,188.0021,0.589108451795881
merged_clock,Clock,10,11,16,1,2,189.0015,0.5913325818646878
merged_clock,Clock,10,11,16,1,2,190.0005,0.5935521322385298
merged_clock,Clock,10,11,16,1,2,191.0013,0.5957718245850807
merged_clock,Clock,10,11,16,1,2,192.0001,0.5979832171870162
merged_clock,Clock,10,11,16,1,2,192.9996,0.6001921466971627
merged_clock,Clock,10,11,16,1,2,194.0004,0.602399867565192
merged_clock,Clock,10,11,16,1,2,194.9993,0.6045992666288652
merged_clock,Clock,10,11,16,1,2,195.9999,0.6067981591722679
merged_clock,Clock,10,11,16,1,2,197.0017,0.6089953728983202
merged_clock,Clock,10,11,16,1,2,198.0014,0.611183604790243
merged_clock,Clock,10,11,16,1,2,199.0005,0.6133660333185762
merged_clock,Clock,10,11,16,1,2,200.0002,0.61554521337738
merged_clock,Clock,10,11,16,1,2,201.0007,0.617721523245097
merged_clock,Clock,10,11,16,1,2,201.9999,0.6198902758865007
merged_clock,Clock,10,11,16,1,2,203.0017,0.6220598972695494
merged_clock,Clock,10,11,16,1,2,204.0013,0.6242198992351514
merged_clock,Clock,10,11,16,1,2,205.0017,0.626376679645551
merged_clock,Clock,10,11,16,1,2,206.0016,0.6285273988344396
merged_clock,Clock,10,11,16,1,2,207.0018,0.6306736587936984
merged_clock,Clock,10,11,16,1,2,208.0024,0.6328156108676395
merged_clock,Clock,10,11,16,1,2,209.0028,0.6349519403235606
merged_clock,Clock,10,11,16,1,2,210.0018,0.6370799495219445
merged_clock,Clock,10,11,16,1,2,211.0014,0.6392038978042204
merged_clock,Clock,10,11,16,1,2,212.0015,0.6413234476387021
merged_clock,Clock,10,11,16,1,2,213.0008,0.6434358166069853
merged_clock,Clock,10,11,16,1,2,214.0011,0.6455447412968578
merged_clock,Clock,10,11,16,1,2,215.0008,0.6476467415367777
merged_clock,Clock,10,11,16,1,2,216.0026,0.6497474493150255
merged_clock,Clock,10,11,16,1,2,217.0029,0.6518392428513997
merged_clock,Clock,10,11,16,1,2,218.0034,0.6539256107402617
merged_clock,Clock,10,11,16,1,2,219.0023,0.6560027471507381
merged_clock,Clock,10,11,16,1,2,220.003,0.6580776632976237
merged_clock,Clock,10,11,16,1,2,221.002,0.6601430198073349
merged_clock,Clock,10,11,16,1,2,222.002,0.6622043774200059
merged_clock,Clock,10,11,16,1,2,223.0025,0.6642606242782875
merged_clock,Clock,10,11,16,1,2,224.004,0.666312690739827
merged_clock,Clock,10,11,16,1,2,225.0031,0.668353590684526
merged_clock,Clock,10,11,16,1,2,226.0039,0.6703916577288979
merged_clock,Clock,10,11,16,1,2,227.002,0.6724178337974703
merged_clock,Clock,10,11,16,1,2,228.0034,0.6744442930373924
merged_clock,Clock,10,11,16,1,2,229.0037,0.6764620048383022
merged_clock,Clock,10,11,16,1,2,230.0028,0.6784708145587162
merged_clock,Clock,10,11,16,1,2,231.0025,0.6804742032527777
merged_clock,Clock,10,11,16,1,2,232.0024,0.6824713467560282
merged_clock,Clock,10,11,16,1,2,233.0031,0.6844634029232928
merged_clock,Clock,10,11,16,1,2,234.0032,0.686447524834093
merged_clock,Clock,10,11,16,1,2,235.0037,0.6884256026796403
merged_clock,Clock,10,11,16,1,2,236.0033,0.6903950892218688
merged_clock,Clock,10,11,16,1,2,237.0039,0.6923596635862576
merged_clock,Clock,10,11,16,1,2,238.0043,0.6943168742314072
merged_clock,Clock,10,11,16,1,2,239.0042,0.6962661157312543
merged_clock,Clock,10,11,16,1,2,240.0038,0.6982077681173929
merged_clock,Clock,10,11,16,1,2,241.0046,0.7001446529922778
merged_clock,Clock,10,11,16,1,2,242.0053,0.7020742350802561
merged_clock,Clock,10,11,16,1,2,243.0047,0.7039941628315873
merged_clock,Clock,10,11,16,1,2,244.0056,0.7059097572810122
merged_clock,Clock,10,11,16,1,2,245.005,0.7078152544096855
merged_clock,Clock,10,11,16,1,2,246.0058,0.7097161146170969
merged_clock,Clock,10,11,16,1,2,247.004,0.7116047485523234
merged_clock,Clock,10,11,16,1,2,248.0043,0.7134900161914035
merged_clock,Clock,10,11,16,1,2,249.0041,0.715366945725394
merged_clock,Clock,10,11,16,1,2,250.0033,0.717235313412596
merged_clock,Clock,10,11,16,1,2,251.0055,0.7191018198361147
merged_clock,Clock,10,11,16,1,2,252.0061,0.7209578613300922
merged_clock,Clock,10,11,16,1,2,253.0053,0.7228037501506274
merged_clock,Clock,10,11,16,1,2,254.0054,0.7246437728771669
merged_clock,Clock,10,11,16,1,2,255.0071,0.7264791051635615
merged_clock,Clock,10,11,16,1,2,256.0056,0.7283010121384323
merged_clock,Clock,10,11,16,1,2,257.0051,0.7301170348143192
merged_clock,Clock,10,11,16,1,2,258.0053,0.7319267094862026
merged_clock,Clock,10,11,16,1,2,259.0051,0.733727906937461
merged_clock,Clock,10,11,16,1,2,260.0062,0.7355237240841641
merged_clock,Clock,10,11,16,1,2,261.0061,0.737309644721996
merged_clock,Clock,10,11,16,1,2,262.0057,0.7390872420708842
merged_clock,Clock,10,11,16,1,2,263.0062,0.7408586018331412
merged_clock,Clock,10,11,16,1,2,264.0052,0.7426194935975841
merged_clock,Clock,10,11,16,1,2,265.0056,0.7443750598488645
merged_clock,Clock,10,11,16,1,2,266.0051,0.7461210963099558
merged_clock,Clock,10,11,16,1,2,267.0044,0.7478589285799956
merged_clock,Clock,10,11,16,1,2,268.0049,0.7495909659412482
merged_clock,Clock,10,11,16,1,2,269.0052,0.7513146420573413
merged_clock,Clock,10,11,16,1,2,270.0058,0.7530309369429083
merged_clock,Clock,10,11,16,1,2,271.0061,0.7547387337614201
merged_clock,Clock,10,11,16,1,2,272.006,0.7564378682226729
merged_clock,Clock,10,11,16,1,2,273.0064,0.7581298275606636
merged_clock,Clock,10,11,16,1,2,274.0056,0.759811766717396
merged_clock,Clock,10,11,16,1,2,275.0049,0.7614858425283871
merged_clock,Clock,10,11,16,1,2,276.007,0.7631565062640616
merged_clock,Clock,10,11,16,1,2,277.0069,0.7648154958408588
merged_clock,Clock,10,11,16,1,2,278.0079,0.7664682303756396
merged_clock,Clock,10,11,16,1,2,279.0076,0.7681107211911582
merged_clock,Clock,10,11,16,1,2,280.0078,0.7697459763827201
merged_clock,Clock,10,11,16,1,2,281.0071,0.7713716466385133
merged_clock,Clock,10,11,16,1,2,282.0072,0.7729905052668471
merged_clock,Clock,10,11,16,1,2,283.0072,0.7746011035562004
merged_clock,Clock,10,11,16,1,2,284.0067,0.7762028027483173
merged_clock,Clock,10,11,16,1,2,285.0071,0.7777977925883038
merged_clock,Clock,10,11,16,1,2,286.0052,0.7793809763408606
merged_clock,Clock,10,11,16,1,2,287.0066,0.7809612925900185
merged_clock,Clock,10,11,16,1,2,288.0072,0.7825322049677846
merged_clock,Clock,10,11,16,1,2,289.007,0.7840936821655431
merged_clock,Clock,10,11,16,1,2,290.0083,0.7856493831933187
merged_clock,Clock,10,11,16,1,2,290.9982,0.7871793232452011
merged_clock,Clock,10,11,16,1,2,292.0073,0.7887307142048815
merged_clock,Clock,10,11,16,1,2,293.007,0.790259473912008
merged_clock,Clock,10,11,16,1,2,294.0068,0.7917802769406781
merged_clock,Clock,10,11,16,1,2,295.0081,0.7932951474134982
merged_clock,Clock,10,11,16,1,2,296.0071,0.7947984638874983
merged_clock,Clock,10,11,16,1,2,297.0096,0.7962988472548903
merged_clock,Clock,10,11,16,1,2,298.0091,0.7977865664654211
merged_clock,Clock,10,11,16,1,2,299.0084,0.7992658888952083
merged_clock,Clock,10,11,16,1,2,300.0071,0.8007362408806424
merged_clock,Clock,10,11,16,1,2,301.0079,0.8022015180165619
merged_clock,Clock,10,11,17,0,0,0.011267,0.2026959882886326
merged_clock,Clock,10,11,17,0,0,1.009216,0.20418405807283058
merged_clock,Clock,10,11,17,0,0,2.010768,0.2056856507091674
merged_clock,Clock,10,11,17,0,0,3.010537,0.20719271613700826
merged_clock,Clock,10,11,17,0,0,4.010739,0.2087085804392873
merged_clock,Clock,10,11,17,0,0,5.012167,0.210234467576405
merged_clock,Clock,10,11,17,0,0,6.013333,0.2117681222074755
merged_clock,Clock,10,11,17,0,0,7.013581,0.21330852567060857
merged_clock,Clock,10,11,17,0,0,8.013154,0.21485603246231194
merged_clock,Clock,10,11,17,0,0,9.014494,0.2164144343877446
merged_clock,Clock,10,11,17,0,0,10.01451,0.21797892529341195
merged_clock,Clock,10,11,17,0,0,11.01476,0.21955192560812173
merged_clock,Clock,10,11,17,0,0,12.01291,0.22112973927560345
merged_clock,Clock,10,11,17,0,0,13.01344,0.2227194478831197
merged_clock,Clock,10,11,17,0,0,14.01325,0.22431614071647832
merged_clock,Clock,10,11,17,0,0,15.01351,0.2259216760942045
merged_clock,Clock,10,11,17,0,0,16.01389,0.22753552649715367
merged_clock,Clock,10,11,17,0,0,17.01487,0.22915846900345904
merged_clock,Clock,10,11,17,0,0,18.0142,0.2307868338627805
merged_clock,Clock,10,11,17,0,0,19.01457,0.23242498722352545
merged_clock,Clock,10,11,17,0,0,20.01595,0.23407289456397554
merged_clock,Clock,10,11,17,0,0,21.01333,0.2357222701464343
merged_clock,Clock,10,11,17,0,0,22.01412,0.2373853436077696
merged_clock,Clock,10,11,17,0,0,23.01465,0.23905604618519422
merged_clock,Clock,10,11,17,0,0,24.01475,0.24073407032358415
merged_clock,Clock,10,11,17,0,0,25.01406,0.2424187863056273
merged_clock,Clock,10,11,17,0,0,26.01443,0.2441133023083583
merged_clock,Clock,10,11,17,0,0,27.01342,0.24581346730051962
merged_clock,Clock,10,11,17,0,0,28.01403,0.24752437118679696
merged_clock,Clock,10,11,17,0,0,29.01394,0.2492420425884782
merged_clock,Clock,10,11,17,0,0,30.01456,0.25096888545169294
merged_clock,Clock,10,11,17,0,0,31.01446,0.25270241258501247
merged_clock,Clock,10,11,17,0,0,32.01382,0.25444290733653824
merged_clock,Clock,10,11,17,0,0,33.01542,0.2561952031175104
merged_clock,Clock,10,11,17,0,0,34.01452,0.2579509904563951
merged_clock,Clock,10,11,17,0,0,35.01497,0.2597169982398445
merged_clock,Clock,10,11,17,0,0,36.01291,0.26148637578327827
merged_clock,Clock,10,11,17,0,0,37.01405,0.2632692328042728
merged_clock,Clock,10,11,17,0,0,38.01328,0.26505645706139147
merged_clock,Clock,10,11,17,0,0,39.01426,0.2668545715224552
merged_clock,Clock,10,11,17,0,0,40.01369,0.2686576250393926
merged_clock,Clock,10,11,17,0,0,41.01524,0.27047221080411993
merged_clock,Clock,10,11,17,0,0,42.00517,0.2722733041748864
merged_clock,Clock,10,11,17,0,0,43.01529,0.27411885180968576
merged_clock,Clock,10,11,17,0,0,44.01579,0.27595447712667975
merged_clock,Clock,10,11,17,0,0,45.01544,0.2777961269917027
merged_clock,Clock,10,11,17,0,0,46.00477,0.27962617999921735
merged_clock,Clock,10,11,17,0,0,47.00568,0.281485150347113
merged_clock,Clock,10,11,17,0,0,48.01549,0.283368247507426
merged_clock,Clock,10,11,17,1,1,49.01421,0.2852381298283455
merged_clock,Clock,10,11,17,1,1,50.01254,0.2871146747181397
merged_clock,Clock,10,11,17,1,1,51.01536,0.289007069938694
merged_clock,Clock,10,11,17,1,2,52.00605,0.2908838162168385
merged_clock,Clock,10,11,17,1,2,53.00695,0.2927871877740908
merged_clock,Clock,10,11,17,1,2,54.00532,0.29469300085010264
merged_clock,Clock,10,11,17,1,2,55.00634,0.2966110987669349
merged_clock,Clock,10,11,17,1,2,56.00675,0.2985352207610104
merged_clock,Clock,10,11,17,1,2,57.00716,0.30046650009465437
merged_clock,Clock,10,11,17,1,2,58.00694,0.30240365789398627
merged_clock,Clock,10,11,17,1,2,59.00693,0.30434828734482033
merged_clock,Clock,10,11,17,1,2,60.0069,0.30629988641057615
merged_clock,Clock,10,11,17,1,2,61.00563,0.30825602192065205
merged_clock,Clock,10,11,17,1,2,62.00499,0.3102203027035411
merged_clock,Clock,10,11,17,1,2,63.00678,0.31219625257605316
merged_clock,Clock,10,11,17,1,2,64.0051,0.3141721731773125
merged_clock,Clock,10,11,17,1,2,65.00654,0.3161610665277262
merged_clock,Clock,10,11,17,1,2,66.00629,0.3181533289394646
merged_clock,Clock,10,11,17,1,2,67.01572,0.32017165847529094
merged_clock,Clock,10,11,17,1,2,68.00474,0.3221557320714418
merged_clock,Clock,10,11,17,1,2,69.00492,0.32416873918176015
merged_clock,Clock,10,11,17,1,2,70.01665,0.32621161740746324
merged_clock,Clock,10,11,17,1,3,71.0051,0.32821388872841417
merged_clock,Clock,10,11,17,1,3,72.00601,0.33024779835556733
merged_clock,Clock,10,11,17,1,3,73.00735,0.33228893426898565
merged_clock,Clock,10,11,17,1,3,74.00593,0.33433074787651473
merged_clock,Clock,10,11,17,1,3,75.00636,0.33638259532894677
merged_clock,Clock,10,11,17,1,3,76.00766,0.33844240916864304
merged_clock,Clock,10,11,17,1,3,77.0057,0.34050163267300476
merged_clock,Clock,10,11,17,1,3,78.00646,0.34257254191822806
merged_clock,Clock,10,11,17,1,3,79.01675,0.3446692531501543
merged_clock,Clock,10,11,17,1,3,80.00556,0.3467272805527533
merged_clock,Clock,10,11,17,1,3,81.007,0.3488174462997677
merged_clock,Clock,10,11,17,1,3,82.00832,0.35091318799786836
merged_clock,Clock,10,11,17,1,3,83.00883,0.35301297955029626
merged_clock,Clock,10,11,17,1,3,84.00884,0.355117432676118
merged_clock,Clock,10,11,17,1,3,85.00963,0.3572291325059949
merged_clock,Clock,10,11,17,1,3,86.00945,0.3593443559337978
merged_clock,Clock,10,11,17,1,3,87.00805,0.36146245199650895
merged_clock,Clock,10,11,17,1,3,88.00813,0.36358911507791525
merged_clock,Clock,10,11,17,1,3,89.00817,0.36572102631903725
merged_clock,Clock,10,11,17,1,3,90.00745,0.36785658004700517
merged_clock,Clock,10,11,17,1,3,91.00802,0.37000011154389084
merged_clock,Clock,10,11,17,1,3,92.00787,0.37214723839521224
merged_clock,Clock,10,11,17,1,3,93.00655,0.37429689041782005
merged_clock,Clock,10,11,17,1,3,94.00692,0.37645515630804244
merged_clock,Clock,10,11,17,1,3,95.00689,0.37861747776244736
merged_clock,Clock,10,11,17,1,3,96.00686,0.38078463466883744
merged_clock,Clock,10,11,17,1,3,97.00623,0.38295525728886465
merged_clock,Clock,10,11,17,1,3,98.00809,0.38513596038607145
merged_clock,Clock,10,11,17,1,3,99.00822,0.38731752160033506
merged_clock,Clock,10,11,17,1,3,100.0084,0.38950372884589224
merged_clock,Clock,10,11,17,1,3,101.0085,0.39169420300440816
merged_clock,Clock,10,11,17,1,3,102.0082,0.3938881763716462
merged_clock,Clock,10,11,17,1,3,103.009,0.39608885511571085
merged_clock,Clock,10,11,17,1,3,104.0102,0.3982946244410244
merged_clock,Clock,10,11,17,1,3,105.0087,0.4004985642114361
merged_clock,Clock,10,11,17,1,3,106.008,0.40270832721530136
merged_clock,Clock,10,11,17,1,3,107.0074,0.4049222504932373
merged_clock,Clock,10,11,17,1,3,108.0091,0.40714516603253326
merged_clock,Clock,10,11,17,1,3,109.0091,0.40936810463445766
merged_clock,Clock,10,11,17,1,3,110.0097,0.41159608011803944
merged_clock,Clock,10,11,17,1,3,111.0108,0.41382882636313356
merged_clock,Clock,10,11,17,1,3,112.0106,0.4160621864169615
merged_clock,Clock,10,11,17,1,3,113.0105,0.4182992374614213
merged_clock,Clock,10,11,17,1,3,114.0107,0.42054032138208325
merged_clock,Clock,10,11,17,1,3,115.0101,0.4227829037502988
merged_clock,Clock,10,11,17,1,3,116.011,0.4250320358337442
merged_clock,Clock,10,11,17,1,3,117.0095,0.42727886433927226
merged_clock,Clock,10,11,17,1,3,118.0088,0.4295305034400173
merged_clock,Clock,10,11,17,1,3,119.0105,0.43179048796441727
merged_clock,Clock,10,11,17,1,3,120.0088,0.4340456245896444
merged_clock,Clock,10,11,17,1,3,121.0088,0.4363073456741975
merged_clock,Clock,10,11,17,1,3,122.0083,0.43857059578833385
merged_clock,Clock,10,11,17,1,3,123.0078,0.44083638734525327
merged_clock,Clock,10,11,17,1,3,124.0098,0.44311034535516014
merged_clock,Clock,10,11,17,1,3,125.0086,0.44537938945668337
merged_clock,Clock,10,11,17,1,3,126.0094,0.4476552779699303
merged_clock,Clock,10,11,17,1,3,127.0103,0.44993358753066676
merged_clock,Clock,10,11,17,1,3,128.0101,0.45221149492170326
merged_clock,Clock,10,11,17,1,3,129.0102,0.4544920675037106
merged_clock,Clock,10,11,17,1,3,130.0102,0.4567743419672127
merged_clock,Clock,10,11,17,1,3,131.0108,0.45905982729440603
merged_clock,Clock,10,11,17,1,3,132.0108,0.4613456406009745
merged_clock,Clock,10,11,17,1,3,133.011,0.4636335344147725
merged_clock,Clock,10,11,17,1,3,134.0108,0.46592205183112445
merged_clock,Clock,10,11,17,1,3,135.0118,0.4682147314522699
merged_clock,Clock,10,11,17,1,3,136.0104,0.4705032971554511
merged_clock,Clock,10,11,17,1,3,137.0114,0.4727985633416398
merged_clock,Clock,10,11,17,1,3,138.0086,0.475086296450436
merged_clock,Clock,10,11,17,1,3,139.0096,0.4773837630409563
merged_clock,Clock,10,11,17,1,3,140.0113,0.4796838340316048
merged_clock,Clock,10,11,17,1,3,141.0135,0.48198588837974005
merged_clock,Clock,10,11,17,1,3,142.0118,0.4842797306692755
merged_clock,Clock,10,11,17,1,3,143.0126,0.48658002305017745
merged_clock,Clock,10,11,17,1,3,144.0129,0.48887969120904523
merged_clock,Clock,10,11,17,1,3,145.012,0.4911770931328486
merged_clock,Clock,10,11,17,1,3,146.0126,0.4934783422009883
merged_clock,Clock,10,11,17,1,3,147.012,0.4957770597513646
merged_clock,Clock,10,11,17,1,3,148.0111,0.49807528893135355
merged_clock,Clock,10,11,17,1,3,149.0121,0.5003779870890824
merged_clock,Clock,10,11,17,1,3,150.0108,0.5026753690865263
merged_clock,Clock,10,11,17,1,3,151.0116,0.5049774465081021
merged_clock,Clock,10,11,17,1,3,152.0109,0.5072758737148093
merged_clock,Clock,10,11,17,1,3,153.0105,0.509574695169765
merged_clock,Clock,10,11,17,1,3,154.0101,0.5118731117616003
merged_clock,Clock,10,11,17,1,3,155.0105,0.5141728501965788
merged_clock,Clock,10,11,17,1,3,156.0103,0.5164706211868293
merged_clock,Clock,10,11,17,1,3,157.011,0.5187697639976896
merged_clock,Clock,10,11,17,1,3,158.0111,0.5210667106640712
merged_clock,Clock,10,11,17,1,3,159.0116,0.5233637125794726
merged_clock,Clock,10,11,17,1,3,160.0125,0.5256606368127347
merged_clock,Clock,10,11,17,1,3,161.0122,0.5279537463096994
merged_clock,Clock,10,11,17,1,3,162.0123,0.5302465511195917
merged_clock,Clock,10,11,17,1,3,163.0105,0.5325337458138075
merged_clock,Clock,10,11,17,1,3,164.0115,0.5348260012861407
merged_clock,Clock,10,11,17,1,3,165.0127,0.5371172055304875
merged_clock,Clock,10,11,17,1,3,166.0126,0.5394039132139855
merged_clock,Clock,10,11,17,1,3,167.0138,0.5416918914439799
merged_clock,Clock,10,11,17,1,3,168.0134,0.5439744905111359
merged_clock,Clock,10,11,17,1,3,169.0139,0.5462572970810687
merged_clock,Clock,10,11,17,1,3,170.0137,0.548536560769897
merged_clock,Clock,10,11,17,1,3,171.014,0.5508149362663105
merged_clock,Clock,10,11,17,1,3,172.0133,0.5530888909331141
merged_clock,Clock,10,11,17,1,3,173.0134,0.555362429485129
merged_clock,Clock,10,11,17,1,3,174.0133,0.5576332370269481
merged_clock,Clock,10,11,17,1,3,175.0133,0.5599018451760285
merged_clock,Clock,10,11,17,1,3,176.0137,0.5621688523708992
merged_clock,Clock,10,11,17,1,3,177.0143,0.5644337150905498
merged_clock,Clock,10,11,17,1,3,178.0134,0.5666925134796557
merged_clock,Clock,10,11,17,1,3,179.0132,0.5689501276931175
merged_clock,Clock,10,11,17,1,3,180.013,0.5712048796283359
merged_clock,Clock,10,11,17,1,3,181.0135,0.5734582592978028
merged_clock,Clock,10,11,17,1,3,182.0134,0.5757072213996995
merged_clock,Clock,10,11,17,1,3,183.0136,0.5779537376329202
merged_clock,Clock,10,11,17,1,3,184.0135,0.580196382959703
merged_clock,Clock,10,11,17,1,3,185.0143,0.5824377017397883
merged_clock,Clock,10,11,17,1,3,186.0142,0.5846736426150636
merged_clock,Clock,10,11,17,1,3,187.0137,0.5869051832682368
merged_clock,Clock,10,11,17,1,3,188.0129,0.5891324799143852
merged_clock,Clock,10,11,17,1,3,189.0135,0.5913592844864132
merged_clock,Clock,10,11,17,1,3,190.0132,0.5935803137336589
merged_clock,Clock,10,11,17,1,3,191.0142,0.5958004303585757
merged_clock,Clock,10,11,17,1,3,192.0143,0.5980146072583188
merged_clock,Clock,10,11,17,1,3,193.0143,0.6002245913972389
merged_clock,Clock,10,11,17,1,3,194.0146,0.6024311756849854
merged_clock,Clock,10,11,17,1,3,195.0144,0.6046324955084315
merged_clock,Clock,10,11,17,1,3,196.0145,0.6068302179701548
merged_clock,Clock,10,11,17,1,3,197.0046,0.6090017251830956
merged_clock,Clock,10,11,17,1,3,198.0152,0.6112137668015117
merged_clock,Clock,10,11,17,1,3,199.0153,0.6133983306386278
merged_clock,Clock,10,11,17,1,3,200.0146,0.6155765788838872
merged_clock,Clock,10,11,17,1,3,201.0141,0.6177506332665141
merged_clock,Clock,10,11,17,1,3,202.0137,0.6199202155901958
merged_clock,Clock,10,11,17,0,0,203.0151,0.6220889120470797
merged_clock,Clock,10,11,17,0,0,204.0154,0.6242503303659785
merged_clock,Clock,10,11,17,0,0,205.0158,0.6264070406501653
merged_clock,Clock,10,11,17,0,0,206.015,0.6285561807945552
merged_clock,Clock,10,11,17,0,0,207.0146,0.6307010967640613
merged_clock,Clock,10,11,17,0,0,208.0141,0.6328406334585921
merged_clock,Clock,10,11,17,0,0,209.0146,0.6349770965655179
merged_clock,Clock,10,11,17,0,0,210.0141,0.6371061141722937
merged_clock,Clock,10,11,17,0,0,211.0146,0.6392319064265735
merged_clock,Clock,10,11,17,0,0,212.0141,0.6413501245021435
merged_clock,Clock,10,11,17,0,0,213.013,0.643461586206527
merged_clock,Clock,10,11,17,0,0,214.014,0.6455719202270139
merged_clock,Clock,10,11,17,0,0,215.0143,0.6476750967887569
merged_clock,Clock,10,11,17,0,0,216.0142,0.6497717649339876
merged_clock,Clock,10,11,17,0,0,217.0132,0.6518607508290005
merged_clock,Clock,10,11,17,0,0,218.0146,0.6539489328969987
merged_clock,Clock,10,11,17,0,0,219.0155,0.6560301534403407
merged_clock,Clock,10,11,17,0,0,220.0047,0.6580811700755429
merged_clock,Clock,10,11,17,0,0,221.0041,0.6601473668479718
merged_clock,Clock,10,11,17,0,0,222.0053,0.6622111613195915
merged_clock,Clock,10,11,17,0,0,223.0042,0.6642640999951144
merged_clock,Clock,10,11,17,0,0,224.0043,0.6663133150915282
merged_clock,Clock,10,11,17,0,0,225.0045,0.6683564538747313
merged_clock,Clock,10,11,17,0,0,226.0041,0.6703920610507428
merged_clock,Clock,10,11,17,0,0,227.0047,0.6724233078960072
merged_clock,Clock,10,11,17,0,0,228.0157,0.6744691403598752
merged_clock,Clock,10,11,17,0,0,229.0042,0.676463018899149
merged_clock,Clock,10,11,17,0,0,230.0042,0.6784736017944704
merged_clock,Clock,10,11,17,0,0,231.015,0.6804992052217719
merged_clock,Clock,10,11,17,0,0,232.0043,0.6824751500307559
merged_clock,Clock,10,11,17,0,0,233.0045,0.6844661926938966
merged_clock,Clock,10,11,17,0,0,234.015,0.6864708846821571
merged_clock,Clock,10,11,17,0,0,235.015,0.6884479183636169
merged_clock,Clock,10,11,17,0,0,236.0049,0.6903982404173556
merged_clock,Clock,10,11,17,0,0,237.0058,0.6923633719045045
merged_clock,Clock,10,11,17,0,0,238.0066,0.6943213739574716
merged_clock,Clock,10,11,17,0,0,239.0082,0.6962738951722625
merged_clock,Clock,10,11,17,0,0,240.0067,0.6982133892750919
merged_clock,Clock,10,11,17,0,0,241.0064,0.7001481312509193
merged_clock,Clock,10,11,17,0,0,242.0061,0.7020757915763913
merged_clock,Clock,10,11,17,0,0,243.0064,0.7039974105073423
merged_clock,Clock,10,11,17,0,0,244.006,0.7059105151332787
merged_clock,Clock,10,11,17,0,0,245.0055,0.7078161836087438
merged_clock,Clock,10,11,17,0,0,246.0066,0.7097176476960345
merged_clock,Clock,10,11,17,0,0,247.0063,0.7116090994981229
merged_clock,Clock,10,11,17,0,0,248.0059,0.7134930298727105
merged_clock,Clock,10,11,17,0,0,249.006,0.7153704907233622
merged_clock,Clock,10,11,17,0,0,250.0056,0.7172396131656525
merged_clock,Clock,10,11,17,0,0,251.0057,0.7191022168894913
merged_clock,Clock,10,11,17,0,0,252.0064,0.7209583980092753
merged_clock,Clock,10,11,17,0,0,253.0056,0.722804312775857
merged_clock,Clock,10,11,17,0,0,254.0052,0.7246434086731522
merged_clock,Clock,10,11,17,0,0,255.0055,0.7264761757133782
merged_clock,Clock,10,11,17,0,0,256.0053,0.7283004564761228
merged_clock,Clock,10,11,17,0,0,257.0049,0.7301167028196576
merged_clock,Clock,10,11,17,0,0,258.0047,0.7319256075322944
merged_clock,Clock,10,11,17,0,0,259.0052,0.7337280715237247
merged_clock,Clock,10,11,17,0,0,260.0065,0.735524270338436
merged_clock,Clock,10,11,17,0,0,261.0071,0.7373114395331295
merged_clock,Clock,10,11,17,0,0,262.0067,0.7390890290345661
merged_clock,Clock,10,11,17,0,0,263.007,0.7408600035375419
merged_clock,Clock,10,11,17,0,0,264.0072,0.7426230359821431
merged_clock,Clock,10,11,17,0,0,265.0074,0.7443781589305939
merged_clock,Clock,10,11,17,0,0,266.0079,0.7461259899579531
merged_clock,Clock,10,11,17,0,0,267.0063,0.7478622115341623
merged_clock,Clock,10,11,17,0,0,268.0071,0.7495947609813451
merged_clock,Clock,10,11,17,0,0,269.007,0.7513177375800832
merged_clock,Clock,10,11,17,0,0,270.008,0.7530346970254161
merged_clock,Clock,10,11,17,0,0,271.0076,0.754741280778692
merged_clock,Clock,10,11,17,0,0,272.0083,0.756441748418763
merged_clock,Clock,10,11,17,0,0,273.0101,0.7581360580073822
merged_clock,Clock,10,11,17,0,0,274.0092,0.759817762579338
merged_clock,Clock,10,11,17,0,0,275.0092,0.7614929827434733
merged_clock,Clock,10,11,17,0,0,276.0079,0.7631580289386122
merged_clock,Clock,10,11,17,0,0,277.0084,0.7648179708203635
merged_clock,Clock,10,11,17,0,0,278.0099,0.766471497480699
merged_clock,Clock,10,11,17,0,0,279.0088,0.7681126718420741
merged_clock,Clock,10,11,17,0,0,280.0082,0.7697466233902088
merged_clock,Clock,10,11,17,0,0,281.0092,0.771375014173755
merged_clock,Clock,10,11,17,0,0,282.0089,0.7729932646758151
merged_clock,Clock,10,11,17,0,0,283.0091,0.7746041432597961
merged_clock,Clock,10,11,17,0,0,284.0089,0.7762063148869343
merged_clock,Clock,10,11,17,0,0,285.0094,0.7778014324553886
merged_clock,Clock,10,11,17,0,0,286.0088,0.7793866738164535
merged_clock,Clock,10,11,17,0,0,287.0086,0.7809644629149675
merged_clock,Clock,10,11,17,0,0,288.0084,0.7825340686512898
merged_clock,Clock,10,11,17,0,0,289.0072,0.7840940149345189
merged_clock,Clock,10,11,17,0,0,290.008,0.7856489102973769
merged_clock,Clock,10,11,17,0,0,291.0084,0.7871950353365069
merged_clock,Clock,10,11,17,0,0,292.0078,0.7887315096773759
merged_clock,Clock,10,11,17,0,0,293.0093,0.7902630112348071
merged_clock,Clock,10,11,17,0,0,294.0094,0.7917842120261712
merged_clock,Clock,10,11,17,0,0,295.0093,0.7932969892698568
merged_clock,Clock,10,11,17,0,0,296.0093,0.7948017613454158
merged_clock,Clock,10,11,17,0,0,297.0098,0.7962991205502983
merged_clock,Clock,10,11,17,0,0,298.0105,0.7977886503065765
merged_clock,Clock,10,11,17,0,0,299.0096,0.7992676910111
merged_clock,Clock,10,11,17,0,0,300.0081,0.8007376746468355
merged_clock,Clock,10,11,17,0,0,301.008,0.8022016516882109
merged_clock,Clock,11,12,18,0,0,0.0,0.20761883383986734
merged_clock,Clock,11,12,18,0,0,1.008357,0.20910858930069615
merged_clock,Clock,11,12,18,0,0,2.00824,0.2105935748282577
merged_clock,Clock,11,12,18,0,0,3.008948,0.21208751311967633
merged_clock,Clock,11,12,18,0,0,3.999748,0.21357427565642384
merged_clock,Clock,11,12,18,0,0,4.999649,0.21508237732146093
merged_clock,Clock,11,12,18,0,0,6.000401,0.21659948833602505
merged_clock,Clock,11,12,18,0,0,6.999671,0.21812206285991328
merged_clock,Clock,11,12,18,0,0,8.000978,0.21965546745989972
merged_clock,Clock,11,12,18,0,0,9.002599,0.22119708491878304
merged_clock,Clock,11,12,18,0,0,10.0028,0.22274423302322413
merged_clock,Clock,11,12,18,0,0,11.00139,0.22429657575148976
merged_clock,Clock,11,12,18,0,0,12.00211,0.22585992688333015
merged_clock,Clock,11,12,18,0,0,13.00259,0.2274306045797841
merged_clock,Clock,11,12,18,0,0,14.00278,0.22900851387288446
merged_clock,Clock,11,12,18,0,0,15.00179,0.23059222841629773
merged_clock,Clock,11,12,18,0,0,16.00156,0.23218481060120955
merged_clock,Clock,11,12,18,0,0,17.0027,0.23378724860673203
merged_clock,Clock,11,12,18,0,0,18.00079,0.2353924356615195
merged_clock,Clock,11,12,18,0,0,19.00123,0.2370090440240653
merged_clock,Clock,11,12,18,0,0,20.00084,0.23863193644006417
merged_clock,Clock,11,12,18,0,0,21.00071,0.2402628693511461
merged_clock,Clock,11,12,18,0,0,22.00156,0.24190301771397602
merged_clock,Clock,11,12,18,0,0,23.00053,0.24354766990497953
merged_clock,Clock,11,12,18,0,0,24.00102,0.2452024071315279
merged_clock,Clock,11,12,18,0,0,25.00209,0.2468656837007573
merged_clock,Clock,11,12,18,0,0,26.0016,0.2485339177340181
merged_clock,Clock,11,12,18,0,0,27.00249,0.250211997062232
merged_clock,Clock,11,12,18,0,0,28.0012,0.25189393215310646
merged_clock,Clock,11,12,18,0,0,29.00121,0.2535855515909072
merged_clock,Clock,11,12,18,0,0,30.00123,0.2552846741754801
merged_clock,Clock,11,12,18,0,0,31.00164,0.2569919272214805
merged_clock,Clock,11,12,18,0,0,32.00216,0.258706818191529
merged_clock,Clock,11,12,18,0,0,33.00088,0.26042604196816865
merged_clock,Clock,11,12,18,0,0,34.00269,0.26215799710314935
merged_clock,Clock,11,12,18,0,0,35.00294,0.26389465255919053
merged_clock,Clock,11,12,18,0,0,36.00311,0.26563852395779336
merged_clock,Clock,11,12,18,0,0,37.00309,0.2673894052230269
merged_clock,Clock,11,12,18,0,0,38.00405,0.26914932459513624
merged_clock,Clock,11,12,18,0,0,39.00333,0.2709135677450604
merged_clock,Clock,11,12,18,0,0,40.00485,0.27268903830955155
merged_clock,Clock,11,12,18,0,0,41.00397,0.2744674913495114
merged_clock,Clock,11,12,18,0,0,42.00266,0.27625235893019034
merged_clock,Clock,11,12,18,0,0,43.00225,0.27804601090604625
merged_clock,Clock,11,12,18,0,0,44.00298,0.27984885769097306
merged_clock,Clock,11,12,18,0,0,45.00437,0.28166003645572113
merged_clock,Clock,11,12,18,0,0,46.00364,0.2834744573605479
merged_clock,Clock,11,12,18,0,0,47.00359,0.28529717149887485
merged_clock,Clock,11,12,18,0,0,48.0054,0.28713032200142297
merged_clock,Clock,11,12,18,0,0,49.00593,0.288968130018083
merged_clock,Clock,11,12,18,0,0,50.00617,0.29081235980718473
merged_clock,Clock,11,12,18,0,0,51.00528,0.29266142851956395
merged_clock,Clock,11,12,18,0,0,52.00639,0.2945210916487111
merged_clock,Clock,11,12,18,1,1,53.00624,0.29638526880623006
merged_clock,Clock,11,12,18,1,1,54.00494,0.2982540972090132
merged_clock,Clock,11,12,18,1,1,55.00533,0.3001328623421599
merged_clock,Clock,11,12,18,1,1,56.00521,0.30201741081073546
merged_clock,Clock,11,12,18,1,1,57.00574,0.30390988281825604
merged_clock,Clock,11,12,18,1,1,58.0062,0.30580887987045385
merged_clock,Clock,11,12,18,1,1,59.00651,0.3077142208278233
merged_clock,Clock,11,12,18,1,1,60.0065,0.3096255173466811
merged_clock,Clock,11,12,18,1,1,61.00676,0.3115438632994937
merged_clock,Clock,11,12,18,1,1,62.00747,0.31346956572767615
merged_clock,Clock,11,12,18,1,1,63.00783,0.3154010467268788
merged_clock,Clock,11,12,18,1,1,64.00652,0.31733568566702436
merged_clock,Clock,11,12,18,1,1,65.00637,0.31927890719683405
merged_clock,Clock,11,12,18,1,1,66.00661,0.32122918875368145
merged_clock,Clock,11,12,18,1,1,67.00733,0.323186684061754
merged_clock,Clock,11,12,18,1,1,68.0062,0.32514675010606947
merged_clock,Clock,11,12,18,1,1,69.00656,0.327115891278972
merged_clock,Clock,11,12,18,1,1,70.00576,0.329088849135582
merged_clock,Clock,11,12,18,1,1,71.007,0.3310719076836906
merged_clock,Clock,11,12,18,1,1,72.00552,0.33305556472460085
merged_clock,Clock,11,12,18,1,1,73.00641,0.33504987367780054
merged_clock,Clock,11,12,18,1,1,74.00616,0.3370478143220704
merged_clock,Clock,11,12,18,1,1,75.00674,0.3390532632946063
merged_clock,Clock,11,12,18,1,1,76.00529,0.34106042082401916
merged_clock,Clock,11,12,18,1,1,77.00492,0.34307547985514236
merged_clock,Clock,11,12,18,1,1,78.00499,0.34509708957199664
merged_clock,Clock,11,12,18,1,1,79.00438,0.3471229388338531
merged_clock,Clock,11,12,18,1,1,80.00517,0.34915719755427793
merged_clock,Clock,11,12,18,1,1,81.00525,0.3511955012694874
merged_clock,Clock,11,12,18,1,1,82.00571,0.35324002658336295
merged_clock,Clock,11,12,18,1,1,83.0059,0.35528938862982173
merged_clock,Clock,11,12,18,1,1,84.00636,0.3573446360590009
merged_clock,Clock,11,12,18,1,1,85.00627,0.3594039962565111
merged_clock,Clock,11,12,18,1,1,86.00544,0.3614670192458195
merged_clock,Clock,11,12,18,1,1,87.00535,0.3635366976482759
merged_clock,Clock,11,12,18,1,1,88.00661,0.36561424658351305
merged_clock,Clock,11,12,18,1,1,89.00671,0.3676943942724517
merged_clock,Clock,11,12,18,1,1,90.0069,0.36977966947980595
merged_clock,Clock,11,12,18,1,1,91.00655,0.3718686983004978
merged_clock,Clock,11,12,18,1,1,92.00586,0.37396178997787655
merged_clock,Clock,11,12,18,1,1,93.00626,0.37606191838202946
merged_clock,Clock,11,12,18,1,1,94.00586,0.3781650131365084
merged_clock,Clock,11,12,18,1,1,95.00709,0.38027614735452636
merged_clock,Clock,11,12,18,1,1,96.00739,0.3823898669402774
merged_clock,Clock,11,12,18,1,1,97.00674,0.3845060080879644
merged_clock,Clock,11,12,18,1,1,98.00808,0.38663077482505837
merged_clock,Clock,11,12,18,1,1,99.00751,0.3887557910456768
merged_clock,Clock,11,12,18,1,1,100.0077,0.3908866707677096
merged_clock,Clock,11,12,18,1,1,101.0096,0.3930253719879868
merged_clock,Clock,11,12,18,1,1,102.0074,0.3951594126330265
merged_clock,Clock,11,12,18,1,1,103.0078,0.39730301952923985
merged_clock,Clock,11,12,18,1,1,104.0074,0.39944887028343656
merged_clock,Clock,11,12,18,1,1,105.0075,0.40159965558783756
merged_clock,Clock,11,12,18,1,1,106.0091,0.40375747660994776
merged_clock,Clock,11,12,18,1,1,107.0098,0.40591708247720343
merged_clock,Clock,11,12,18,1,2,108.0099,0.40807902967623894
merged_clock,Clock,11,12,18,1,2,109.0091,0.4102425891631491
merged_clock,Clock,11,12,18,1,2,110.0078,0.4124085344585898
merged_clock,Clock,11,12,18,1,2,111.0087,0.41458266962828466
merged_clock,Clock,11,12,18,1,2,112.0099,0.4167608014598755
merged_clock,Clock,11,12,18,1,2,113.0093,0.4189382450221276
merged_clock,Clock,11,12,18,1,2,114.009,0.42111951718999624
merged_clock,Clock,11,12,18,1,2,115.0081,0.42330255495494434
merged_clock,Clock,11,12,18,1,2,116.0078,0.4254898943474522
merged_clock,Clock,11,12,18,1,2,117.0074,0.4276799536098811
merged_clock,Clock,11,12,18,1,2,118.0071,0.42987306854450974
merged_clock,Clock,11,12,18,1,2,119.0083,0.4320722260490452
merged_clock,Clock,11,12,18,1,2,120.009,0.43427297312758795
merged_clock,Clock,11,12,18,1,2,120.9984,0.436451405353865
merged_clock,Clock,11,12,18,1,2,122.0074,0.4386755369874452
merged_clock,Clock,11,12,18,1,2,123.0077,0.44088291506848665
merged_clock,Clock,11,12,18,1,2,123.9986,0.44307185819083056
merged_clock,Clock,11,12,18,1,2,125.0092,0.44530661338970223
merged_clock,Clock,11,12,18,1,2,125.9986,0.4474966126591191
merged_clock,Clock,11,12,18,1,2,126.9988,0.44971261353349107
merged_clock,Clock,11,12,18,1,2,127.9989,0.45193037498578753
merged_clock,Clock,11,12,18,1,2,128.9988,0.4541495897746247
merged_clock,Clock,11,12,18,1,2,129.9991,0.4563715433555803
merged_clock,Clock,11,12,18,1,2,130.9994,0.4585952346917204
merged_clock,Clock,11,12,18,1,2,131.999,0.4608189804521989
merged_clock,Clock,11,12,18,1,2,132.9998,0.4630470053759346
merged_clock,Clock,11,12,18,1,2,133.9993,0.4652735826021117
merged_clock,Clock,11,12,18,1,2,134.9985,0.4675008982134492
merged_clock,Clock,11,12,18,1,2,135.9998,0.46973417366489995
merged_clock,Clock,11,12,18,1,2,136.9992,0.47196443836296703
merged_clock,Clock,11,12,18,1,2,137.9989,0.47419647020587835
merged_clock,Clock,11,12,18,1,2,138.9988,0.4764299768818751
merged_clock,Clock,11,12,18,1,2,139.9986,0.47866422206089543
merged_clock,Clock,11,12,18,1,2,140.9988,0.4809002082218863
merged_clock,Clock,11,12,18,1,2,141.9991,0.4831371985980041
merged_clock,Clock,11,12,18,1,2,142.9998,0.48537575261324445
merged_clock,Clock,11,12,18,1,2,143.9999,0.4876135276904111
merged_clock,Clock,11,12,18,1,2,145.0001,0.48985207262634994
merged_clock,Clock,11,12,18,1,2,146.001,0.4920925617780699
merged_clock,Clock,11,12,18,1,2,147.0007,0.49433066971049205
merged_clock,Clock,11,12,18,1,2,148.0004,0.49656900488236483
merged_clock,Clock,11,12,18,1,2,149.001,0.4988095276315988
merged_clock,Clock,11,12,18,1,2,150.0006,0.501047808972008
merged_clock,Clock,11,12,18,1,2,151.0011,0.5032880982848759
merged_clock,Clock,11,12,18,1,2,152.0004,0.5055255566684562
merged_clock,Clock,11,12,18,1,2,153.001,0.5077657314544816
merged_clock,Clock,11,12,18,1,2,154.0011,0.5100044332042053
merged_clock,Clock,11,12,18,1,2,155.0003,0.51224075321189
merged_clock,Clock,11,12,18,1,2,156.001,0.5144799289096608
merged_clock,Clock,11,12,18,1,2,156.9993,0.516713131015947
merged_clock,Clock,11,12,18,1,2,157.9988,0.5189483611273343
merged_clock,Clock,11,12,18,1,2,159.0003,0.5211873350662952
merged_clock,Clock,11,12,18,1,2,160.0008,0.523423173898046
merged_clock,Clock,11,12,18,1,2,160.9996,0.5256543257887474
merged_clock,Clock,11,12,18,1,2,162.0001,0.5278882345930401
merged_clock,Clock,11,12,18,1,2,163.0001,0.530119903665869
merged_clock,Clock,11,12,18,1,2,164.0005,0.5323512535957539
merged_clock,Clock,11,12,18,1,2,165.0004,0.5345801881259072
merged_clock,Clock,11,12,18,1,2,166.0017,0.5368108688919198
merged_clock,Clock,11,12,18,1,2,167.0011,0.539035866341028
merged_clock,Clock,11,12,18,1,2,168.0008,0.5412599541476163
merged_clock,Clock,11,12,18,1,2,168.9998,0.5434808732989578
merged_clock,Clock,11,12,18,1,2,170.0002,0.5457031482470581
merged_clock,Clock,11,12,18,1,2,170.9997,0.5479216064606072
merged_clock,Clock,11,12,18,1,2,172.0014,0.5501430665029975
merged_clock,Clock,11,12,18,1,2,173.0018,0.5523596224415365
merged_clock,Clock,11,12,18,1,2,174.0013,0.5545721076470642
merged_clock,Clock,11,12,18,1,2,175.0014,0.5567837811937577
merged_clock,Clock,11,12,18,1,2,176.0028,0.5589960697471431
merged_clock,Clock,11,12,18,1,2,177.0029,0.5612031238628487
merged_clock,Clock,11,12,18,1,2,178.0038,0.563409541105683
merged_clock,Clock,11,12,18,1,2,179.0038,0.5656114700966869
merged_clock,Clock,11,12,18,1,2,180.0031,0.5678092698048166
merged_clock,Clock,11,12,18,1,2,181.0029,0.5700055087564729
merged_clock,Clock,11,12,18,1,2,182.0026,0.5721987616074274
merged_clock,Clock,11,12,18,1,2,183.0027,0.5743900826490703
merged_clock,Clock,11,12,18,1,2,184.0022,0.576577150545879
merged_clock,Clock,11,12,18,1,2,185.0028,0.5787636542004133
merged_clock,Clock,11,12,18,1,2,186.0024,0.5809448439022215
merged_clock,Clock,11,12,18,1,2,187.0021,0.5831231402384403
merged_clock,Clock,11,12,18,1,2,188.0025,0.5852996891722971
merged_clock,Clock,11,12,18,1,3,189.0021,0.5874711911805968
merged_clock,Clock,11,12,18,1,3,190.0029,0.589641874045528
merged_clock,Clock,11,12,18,1,3,191.0034,0.5918084439587894
merged_clock,Clock,11,12,18,1,3,192.002,0.5939673317409424
merged_clock,Clock,11,12,18,1,3,193.0013,0.5961241072636799
merged_clock,Clock,11,12,18,1,3,194.0016,0.5982793427198859
merged_clock,Clock,11,12,18,1,3,195.0015,0.600429900692469
merged_clock,Clock,11,12,18,1,3,196.0016,0.6025770517959093
merged_clock,Clock,11,12,18,1,3,197.0011,0.604718953917192
merged_clock,Clock,11,12,18,1,3,198.0019,0.6068596480580264
merged_clock,Clock,11,12,18,1,3,199.0027,0.6089962124746048
merged_clock,Clock,11,12,18,1,3,200.0016,0.6111245784968642
merged_clock,Clock,11,12,18,1,3,201.0032,0.6132544539751313
merged_clock,Clock,11,12,18,1,1,202.0032,0.6153766092935952
merged_clock,Clock,11,12,18,1,1,203.0031,0.6174941570954291
merged_clock,Clock,11,12,18,1,1,204.0051,0.61961169847946
merged_clock,Clock,11,12,18,1,1,205.0046,0.6217194270836505
merged_clock,Clock,11,12,18,1,1,206.0048,0.6238240746460109
merged_clock,Clock,11,12,18,1,1,207.0044,0.6259227459894023
merged_clock,Clock,11,12,18,1,1,208.0034,0.6280154773348103
merged_clock,Clock,11,12,18,1,1,209.0041,0.6301069556600577
merged_clock,Clock,11,12,18,1,1,210.0043,0.632192512970373
merged_clock,Clock,11,12,18,1,1,211.0044,0.6342729145442809
merged_clock,Clock,11,12,18,1,1,212.0051,0.6363495827451068
merged_clock,Clock,11,12,18,1,1,213.0056,0.6384207711749484
merged_clock,Clock,11,12,18,1,1,214.004,0.640482484754408
merged_clock,Clock,11,12,18,1,1,215.0044,0.6425431369496356
merged_clock,Clock,11,12,18,1,1,216.0038,0.6445964968426199
merged_clock,Clock,11,12,18,1,1,217.0047,0.6466476084786305
merged_clock,Clock,11,12,18,1,1,218.0059,0.6486939570363494
merged_clock,Clock,11,12,18,1,1,219.0059,0.6507324016379643
merged_clock,Clock,11,12,18,1,1,220.0052,0.6527639245587257
merged_clock,Clock,11,12,18,1,1,221.0061,0.6547931433739934
merged_clock,Clock,11,12,18,1,1,222.0059,0.6568145200371734
merged_clock,Clock,11,12,18,1,1,223.0056,0.6588300124930151
merged_clock,Clock,11,12,18,1,1,224.0057,0.6608406074087615
merged_clock,Clock,11,12,18,1,1,225.0056,0.6628449894587286
merged_clock,Clock,11,12,18,1,1,226.0055,0.6648435336033324
merged_clock,Clock,11,12,18,1,1,227.0059,0.6668372178703473
merged_clock,Clock,11,12,18,1,1,228.005,0.6688223467475974
merged_clock,Clock,11,12,18,1,1,229.0065,0.6708062249582639
merged_clock,Clock,11,12,18,1,1,230.0075,0.6727830704344826
merged_clock,Clock,11,12,18,1,1,231.0063,0.674749451454653
merged_clock,Clock,11,12,18,1,1,232.0068,0.6767130427463721
merged_clock,Clock,11,12,18,1,1,233.0066,0.6786690538663334
merged_clock,Clock,11,12,18,1,1,234.0066,0.6806192020428496
merged_clock,Clock,11,12,18,1,1,235.0065,0.6825628433611707
merged_clock,Clock,11,12,18,1,1,236.0055,0.6844983979463016
merged_clock,Clock,11,12,18,1,1,237.0056,0.6864297199398853
merged_clock,Clock,11,12,18,1,1,238.0052,0.6883536346002879
merged_clock,Clock,11,12,18,1,1,239.0056,0.6902725907397754
merged_clock,Clock,11,12,18,1,1,240.0051,0.692183296680717
merged_clock,Clock,11,12,18,1,1,241.0055,0.6940891514022903
merged_clock,Clock,11,12,18,1,1,242.0062,0.695988967039393
merged_clock,Clock,11,12,18,1,2,243.0076,0.6978834452513951
merged_clock,Clock,11,12,18,1,2,244.0073,0.6997679945200023
merged_clock,Clock,11,12,18,1,2,245.0063,0.7016445264552635
merged_clock,Clock,11,12,18,1,2,246.0071,0.7035176342665557
merged_clock,Clock,11,12,18,1,2,247.0066,0.7053815344601713
merged_clock,Clock,11,12,18,1,2,248.0063,0.7072389326610988
merged_clock,Clock,11,12,18,1,2,249.0063,0.7090900142114543
merged_clock,Clock,11,12,18,1,2,250.0067,0.7109349056705785
merged_clock,Clock,11,12,18,1,2,251.0069,0.7127724726866056
merged_clock,Clock,11,12,18,1,2,252.0063,0.7146015983240283
merged_clock,Clock,11,12,18,1,2,253.0062,0.7164245984716274
merged_clock,Clock,11,12,18,1,2,254.007,0.7182422048842312
merged_clock,Clock,11,12,18,1,3,255.0065,0.7200503442502876
merged_clock,Clock,11,12,18,1,3,256.0077,0.7218544196763647
merged_clock,Clock,11,12,18,1,3,257.0081,0.7236499098354986
merged_clock,Clock,11,12,18,1,3,258.0063,0.7254342982101732
merged_clock,Clock,11,12,18,1,3,259.008,0.7272177437952025
merged_clock,Clock,11,12,18,1,3,260.007,0.7289891264781244
merged_clock,Clock,11,12,18,1,3,261.0075,0.730755954119964
merged_clock,Clock,11,12,18,1,3,262.0077,0.732514900461672
merged_clock,Clock,11,12,18,1,3,263.0085,0.7342676544042827
merged_clock,Clock,11,12,18,1,3,264.0075,0.7360098755867115
merged_clock,Clock,11,12,18,1,3,265.0075,0.7377464991881973
merged_clock,Clock,11,12,18,1,3,266.0073,0.7394753738146402
merged_clock,Clock,11,12,18,1,3,267.0079,0.7411982649741099
merged_clock,Clock,11,12,18,1,3,268.0078,0.742912522791732
merged_clock,Clock,11,12,18,1,3,269.0071,0.7446182984433216
merged_clock,Clock,11,12,18,1,3,270.0084,0.7463199847912712
merged_clock,Clock,11,12,18,1,3,271.0077,0.7480108205317406
merged_clock,Clock,11,12,18,1,3,272.0077,0.749695345948366
merged_clock,Clock,11,12,18,1,3,273.0062,0.7513698513066841
merged_clock,Clock,11,12,18,1,3,274.0075,0.7530415213394966
merged_clock,Clock,11,12,18,1,3,275.0082,0.754704609100351
merged_clock,Clock,11,12,18,1,3,276.0084,0.7563592644146494
merged_clock,Clock,11,12,18,1,3,277.008,0.7580053844197707
merged_clock,Clock,11,12,18,1,3,278.0078,0.7596442663042375
merged_clock,Clock,11,12,18,1,3,279.0087,0.7612772832232587
merged_clock,Clock,11,12,18,1,3,279.9987,0.7628850166623627
merged_clock,Clock,11,12,18,1,3,280.9984,0.7645009711868898
merged_clock,Clock,11,12,18,1,3,282.0078,0.7661248151883131
merged_clock,Clock,11,12,18,1,3,283.0088,0.7677274112235564
merged_clock,Clock,11,12,18,1,3,284.0084,0.769320149319342
merged_clock,Clock,11,12,18,1,3,285.0089,0.7709066730521167
merged_clock,Clock,11,12,18,1,3,286.0092,0.7724851278878236
merged_clock,Clock,11,12,18,1,3,287.0081,0.7740537434095619
merged_clock,Clock,11,12,18,1,3,288.0087,0.7756173494251565
merged_clock,Clock,11,12,18,1,3,289.0087,0.77717230308074
merged_clock,Clock,11,12,18,1,3,290.0087,0.7787195552969157
merged_clock,Clock,11,12,18,1,3,290.9989,0.7802440573186441
merged_clock,Clock,11,12,18,1,3,291.9995,0.7817769019250301
merged_clock,Clock,11,12,18,1,3,293.0102,0.7833173346608443
merged_clock,Clock,11,12,18,1,3,293.9985,0.7848160514505896
merged_clock,Clock,11,12,18,1,3,295.0103,0.7863425932308449
merged_clock,Clock,11,12,18,1,3,296.0102,0.7878433693744158
merged_clock,Clock,11,12,18,1,3,297.0093,0.7893352916039464
merged_clock,Clock,11,12,18,1,3,297.9989,0.7908053998726654
merged_clock,Clock,11,12,18,1,3,298.9991,0.792283603793543
merged_clock,Clock,11,12,18,1,3,299.9987,0.7937531469333265
merged_clock,Clock,11,12,18,1,3,300.9995,0.7952168057106038
merged_clock,Clock,11,12,18,1,3,302.0092,0.7966855782566056
merged_clock,Clock,12,13,19,0,0,0.0111871,0.19560661467821713
merged_clock,Clock,12,13,19,0,0,1.008122,0.19708886796964545
merged_clock,Clock,12,13,19,0,0,2.009342,0.19858600630378742
merged_clock,Clock,12,13,19,0,0,3.01029,0.2000912728783467
merged_clock,Clock,12,13,19,0,0,4.012894,0.20160759100028403
merged_clock,Clock,12,13,19,0,0,5.012518,0.20312793614378957
merged_clock,Clock,12,13,19,0,0,6.011678,0.20465609660834505
merged_clock,Clock,12,13,19,1,1,7.012534,0.2061953939580228
merged_clock,Clock,12,13,19,1,1,8.012196,0.20774139249254014
merged_clock,Clock,12,13,19,1,1,9.014396,0.20929988495158372
merged_clock,Clock,12,13,19,1,1,10.01344,0.21086200959456883
merged_clock,Clock,12,13,19,1,1,11.01306,0.2124335674519641
merged_clock,Clock,12,13,19,1,1,12.01485,0.21401710192591744
merged_clock,Clock,12,13,19,1,1,13.0143,0.21560548106904126
merged_clock,Clock,12,13,19,1,1,14.01455,0.21720367137724927
merged_clock,Clock,12,13,19,1,1,15.01391,0.21880897061768345
merged_clock,Clock,12,13,19,1,1,16.01548,0.22042637114604252
merged_clock,Clock,12,13,19,1,1,17.01406,0.22204746098688094
merged_clock,Clock,12,13,19,1,1,18.0144,0.2236799357437817
merged_clock,Clock,12,13,19,1,1,19.01565,0.22532242941785952
merged_clock,Clock,12,13,19,1,1,20.01563,0.2269713608222194
merged_clock,Clock,12,13,19,1,1,21.01543,0.22862849684879877
merged_clock,Clock,12,13,19,1,1,22.01529,0.23029422611733594
merged_clock,Clock,12,13,19,1,1,23.01496,0.2319681248962622
merged_clock,Clock,12,13,19,1,1,24.01564,0.23365220267090078
merged_clock,Clock,12,13,19,1,1,25.01589,0.2353440293874781
merged_clock,Clock,12,13,19,1,1,26.016,0.2370440798138208
merged_clock,Clock,12,13,19,1,1,27.01539,0.23875134172884102
merged_clock,Clock,12,13,19,1,1,28.01522,0.2404677825979341
merged_clock,Clock,12,13,19,1,1,29.01563,0.24219364014756498
merged_clock,Clock,12,13,19,1,1,30.01614,0.2439280786442835
merged_clock,Clock,12,13,19,1,1,31.01577,0.24566937603460587
merged_clock,Clock,12,13,19,1,1,32.01576,0.2474196651740445
merged_clock,Clock,12,13,19,1,1,33.0156,0.24917804287301232
merged_clock,Clock,12,13,19,1,1,34.0147,0.25094344621692494
merged_clock,Clock,12,13,19,1,1,35.01602,0.2527210911997116
merged_clock,Clock,12,13,19,1,1,36.01648,0.25450550891588036
merged_clock,Clock,12,13,19,1,1,37.01661,0.2562976155773219
merged_clock,Clock,12,13,19,1,1,38.01633,0.25809723607448776
merged_clock,Clock,12,13,19,1,1,39.01587,0.25990474488732745
merged_clock,Clock,12,13,19,1,1,40.00611,0.2617035215971893
merged_clock,Clock,12,13,19,1,1,41.01639,0.2635469599308561
merged_clock,Clock,12,13,19,1,1,42.01607,0.2653792417317212
merged_clock,Clock,12,13,19,1,1,43.0164,0.26722083656878376
merged_clock,Clock,12,13,19,1,1,44.01625,0.26906964664040156
merged_clock,Clock,12,13,19,1,1,45.01569,0.270925751967803
merged_clock,Clock,12,13,19,1,1,46.01624,0.272791957570355
merged_clock,Clock,12,13,19,1,1,47.01646,0.27466555937504855
merged_clock,Clock,12,13,19,1,1,48.01652,0.2765468338464477
merged_clock,Clock,12,13,19,1,1,49.01628,0.2784354769126416
merged_clock,Clock,12,13,19,1,1,50.01647,0.28033283969167266
merged_clock,Clock,12,13,19,1,1,51.01644,0.2822376522047375
merged_clock,Clock,12,13,19,1,1,52.01611,0.28414971968818664
merged_clock,Clock,12,13,19,1,1,53.01606,0.2860701212638022
merged_clock,Clock,12,13,19,1,1,54.00663,0.2879801564901315
merged_clock,Clock,12,13,19,0,0,55.01663,0.28993545215530947
merged_clock,Clock,12,13,19,1,1,56.0057,0.29185782538589905
merged_clock,Clock,12,13,19,1,1,57.00594,0.2938095069691774
merged_clock,Clock,12,13,19,1,2,58.00592,0.2957682795118577
merged_clock,Clock,12,13,19,1,2,59.0167,0.2977558817820722
merged_clock,Clock,12,13,19,1,2,60.01779,0.2997319927642928
merged_clock,Clock,12,13,19,1,2,61.00571,0.30168943580139446
merged_clock,Clock,12,13,19,1,2,62.01745,0.3037015770204812
merged_clock,Clock,12,13,19,1,2,63.00681,0.30567651157260944
merged_clock,Clock,12,13,19,1,2,64.00627,0.307678888288542
merged_clock,Clock,12,13,19,1,2,65.00667,0.3096904139658369
merged_clock,Clock,12,13,19,1,2,66.0068,0.31170862966446755
merged_clock,Clock,12,13,19,1,2,67.00623,0.31373261178728584
merged_clock,Clock,12,13,19,1,2,68.00655,0.31576550856684943
merged_clock,Clock,12,13,19,1,2,69.00725,0.31780624149582376
merged_clock,Clock,12,13,19,1,2,70.0069,0.31985185546247424
merged_clock,Clock,12,13,19,1,2,71.00654,0.32190440763998296
merged_clock,Clock,12,13,19,1,2,72.00589,0.3239632593421305
merged_clock,Clock,12,13,19,1,2,73.00656,0.32603168064838234
merged_clock,Clock,12,13,19,1,2,74.00774,0.32810794469645815
merged_clock,Clock,12,13,19,1,2,75.0063,0.3301855157107569
merged_clock,Clock,12,13,19,1,2,76.0173,0.3322957343484241
merged_clock,Clock,12,13,19,1,2,77.01709,0.3343891854241789
merged_clock,Clock,12,13,19,1,2,78.00648,0.3364673030772422
merged_clock,Clock,12,13,19,1,2,79.00738,0.33857605907737226
merged_clock,Clock,12,13,19,1,2,80.00748,0.34068954998226386
merged_clock,Clock,12,13,19,1,2,81.00877,0.3428119388172435
merged_clock,Clock,12,13,19,1,2,82.00806,0.3449363437676069
merged_clock,Clock,12,13,19,1,2,83.00819,0.34706876938210934
merged_clock,Clock,12,13,19,1,2,84.00889,0.349208575500787
merged_clock,Clock,12,13,19,1,2,85.00765,0.3513503136829328
merged_clock,Clock,12,13,19,1,2,86.00846,0.3535024553926768
merged_clock,Clock,12,13,19,1,2,87.00851,0.3556589041505794
merged_clock,Clock,12,13,19,1,2,88.00794,0.3578199053635132
merged_clock,Clock,12,13,19,1,2,89.00771,0.35998742989139154
merged_clock,Clock,12,13,19,1,2,90.00766,0.36216106161330563
merged_clock,Clock,12,13,19,1,2,91.00752,0.3643401633290839
merged_clock,Clock,12,13,19,1,2,92.00755,0.36652520942925326
merged_clock,Clock,12,13,19,1,2,93.00887,0.3687185865146785
merged_clock,Clock,12,13,19,1,2,94.00878,0.37091430063927844
merged_clock,Clock,12,13,19,1,2,95.0084,0.3731147230900379
merged_clock,Clock,12,13,19,1,2,96.0089,0.3753223664098244
merged_clock,Clock,12,13,19,1,2,97.00879,0.37753383695213655
merged_clock,Clock,12,13,19,1,2,98.00745,0.37974769042076695
merged_clock,Clock,12,13,19,1,2,99.00846,0.3819718035423566
merged_clock,Clock,12,13,19,1,2,100.0082,0.3841980337814191
merged_clock,Clock,12,13,19,1,2,101.0088,0.3864310352731835
merged_clock,Clock,12,13,19,1,2,102.0081,0.38866593709250324
merged_clock,Clock,12,13,19,1,2,103.0087,0.3909084221914852
merged_clock,Clock,12,13,19,1,2,104.0086,0.393153964127845
merged_clock,Clock,12,13,19,1,2,105.0088,0.3954047017675188
merged_clock,Clock,12,13,19,1,2,106.0089,0.39765967440079486
merged_clock,Clock,12,13,19,1,2,107.0094,0.3999198804275641
merged_clock,Clock,12,13,19,1,2,108.0097,0.4021839059210147
merged_clock,Clock,12,13,19,1,2,109.0098,0.40445167693860146
merged_clock,Clock,12,13,19,1,2,110.0093,0.4067221476695594
merged_clock,Clock,12,13,19,1,2,111.0108,0.40900118095796884
merged_clock,Clock,12,13,19,1,2,112.0113,0.4112818340804248
merged_clock,Clock,12,13,19,1,2,113.0099,0.4135619814153346
merged_clock,Clock,12,13,19,1,2,114.0104,0.41585017149276166
merged_clock,Clock,12,13,19,1,2,115.0104,0.41814085795972183
merged_clock,Clock,12,13,19,1,2,116.0103,0.42043485308069584
merged_clock,Clock,12,13,19,1,2,117.0103,0.42273251807520207
merged_clock,Clock,12,13,19,1,2,118.011,0.42503514734769704
merged_clock,Clock,12,13,19,1,2,119.0105,0.4273382545238224
merged_clock,Clock,12,13,19,1,2,120.0106,0.4296459075624953
merged_clock,Clock,12,13,19,1,2,121.0102,0.43195547589332434
merged_clock,Clock,12,13,19,1,2,122.0111,0.43427100888130354
merged_clock,Clock,12,13,19,1,2,123.0116,0.4365884771669588
merged_clock,Clock,12,13,19,1,2,124.0112,0.4389066464784057
merged_clock,Clock,12,13,19,1,2,125.0108,0.4412274851476074
merged_clock,Clock,12,13,19,1,2,126.0111,0.44355250926632755
merged_clock,Clock,12,13,19,1,2,127.0116,0.44588047044854673
merged_clock,Clock,12,13,19,1,2,128.0111,0.448208479178257
merged_clock,Clock,12,13,19,1,2,129.0099,0.4505371583627028
merged_clock,Clock,12,13,19,1,2,130.011,0.4528733502275109
merged_clock,Clock,12,13,19,1,2,131.0099,0.45520648567910565
merged_clock,Clock,12,13,19,1,2,132.0116,0.4575481195290537
merged_clock,Clock,12,13,19,1,2,133.0112,0.4598867379953025
merged_clock,Clock,12,13,19,1,2,134.011,0.46222758884733317
merged_clock,Clock,12,13,19,1,2,135.0112,0.4645710360504354
merged_clock,Clock,12,13,19,1,2,136.0114,0.46691604868774106
merged_clock,Clock,12,13,19,1,2,137.0117,0.46926277474402833
merged_clock,Clock,12,13,19,1,2,138.0124,0.4716117924394006
merged_clock,Clock,12,13,19,1,2,139.0119,0.4739592361489546
merged_clock,Clock,12,13,19,1,2,140.0126,0.47631066470594274
merged_clock,Clock,12,13,19,1,2,141.0127,0.4786617088259543
merged_clock,Clock,12,13,19,1,2,142.0116,0.48101089904254457
merged_clock,Clock,12,13,19,1,2,143.0115,0.4833632987910041
merged_clock,Clock,12,13,19,1,2,144.0123,0.4857185191344293
merged_clock,Clock,12,13,19,1,2,145.0119,0.48807157191159767
merged_clock,Clock,12,13,19,1,2,146.0106,0.49042303357342687
merged_clock,Clock,12,13,19,1,2,147.0095,0.49277538627511747
merged_clock,Clock,12,13,19,1,2,148.0128,0.49513840972761913
merged_clock,Clock,12,13,19,1,2,149.0116,0.4974910472541458
merged_clock,Clock,12,13,19,1,2,150.0129,0.499849690656744
merged_clock,Clock,12,13,19,1,2,151.0131,0.5022057887928346
merged_clock,Clock,12,13,19,1,2,152.013,0.5045610342171076
merged_clock,Clock,12,13,19,1,2,153.0128,0.5069158616136676
merged_clock,Clock,12,13,19,1,2,154.0131,0.5092715679279148
merged_clock,Clock,12,13,19,1,2,155.0118,0.5116230545856032
merged_clock,Clock,12,13,19,1,2,156.0112,0.513975714957638
merged_clock,Clock,12,13,19,1,2,157.0115,0.5163298745820999
merged_clock,Clock,12,13,19,1,2,158.0129,0.5186858580884928
merged_clock,Clock,12,13,19,1,2,159.0138,0.5210398628137878
merged_clock,Clock,12,13,19,1,2,160.0113,0.5233849714926251
merged_clock,Clock,12,13,19,1,2,161.0132,0.52573933804547
merged_clock,Clock,12,13,19,1,2,162.0131,0.5280879027890758
merged_clock,Clock,12,13,19,1,2,163.0128,0.5304347235107744
merged_clock,Clock,12,13,19,1,2,164.0125,0.5327801990467239
merged_clock,Clock,12,13,19,1,2,165.0142,0.5351289477489846
merged_clock,Clock,12,13,19,1,2,166.0134,0.5374702420435379
merged_clock,Clock,12,13,19,1,2,167.0146,0.5398145995238445
merged_clock,Clock,12,13,19,1,2,168.014,0.542152985370695
merged_clock,Clock,12,13,19,1,2,169.0144,0.5444918333800723
merged_clock,Clock,12,13,19,1,2,170.0139,0.5468266183779136
merged_clock,Clock,12,13,19,1,2,171.0134,0.5491593450244614
merged_clock,Clock,12,13,19,1,2,172.0138,0.5514920109233387
merged_clock,Clock,12,13,19,1,2,173.0135,0.5538208147859895
merged_clock,Clock,12,13,19,1,2,174.0141,0.556149317013841
merged_clock,Clock,12,13,19,1,2,175.014,0.5584737599012702
merged_clock,Clock,12,13,19,1,2,176.0143,0.5607965283857121
merged_clock,Clock,12,13,19,1,2,177.0146,0.5631166718111654
merged_clock,Clock,12,13,19,1,2,178.0154,0.5654351869184335
merged_clock,Clock,12,13,19,1,2,179.0144,0.5677467143321195
merged_clock,Clock,12,13,19,1,2,180.0144,0.5700575859736647
merged_clock,Clock,12,13,19,1,2,181.0142,0.5723649512957993
merged_clock,Clock,12,13,19,1,2,182.0138,0.5746686808452146
merged_clock,Clock,12,13,19,1,2,183.0142,0.5769710673690795
merged_clock,Clock,12,13,19,1,2,184.0148,0.5792705358127954
merged_clock,Clock,12,13,19,1,2,185.0134,0.581561986429682
merged_clock,Clock,12,13,19,1,2,186.0141,0.5838547434268797
merged_clock,Clock,12,13,19,1,2,187.0155,0.5861454820171035
merged_clock,Clock,12,13,19,1,2,188.0152,0.5884285998761588
merged_clock,Clock,12,13,19,1,2,189.0157,0.5907097597631262
merged_clock,Clock,12,13,19,1,2,190.0155,0.5929854253744479
merged_clock,Clock,12,13,19,1,2,191.0159,0.5952584585756673
merged_clock,Clock,12,13,19,1,2,192.0149,0.5975242324360542
merged_clock,Clock,12,13,19,1,2,193.0139,0.5997858847367071
merged_clock,Clock,12,13,19,1,2,194.0151,0.6020482526499483
merged_clock,Clock,12,13,19,1,2,195.0153,0.6043039997618926
merged_clock,Clock,12,13,19,1,2,196.0149,0.6065539440416856
merged_clock,Clock,12,13,19,1,2,197.0161,0.6088030064940897
merged_clock,Clock,12,13,19,1,2,198.016,0.6110445522056297
merged_clock,Clock,12,13,19,1,2,199.0155,0.6132804919124298
merged_clock,Clock,12,13,19,1,2,200.0149,0.6155114277775664
merged_clock,Clock,12,13,19,1,2,201.0149,0.6177388736463673
merged_clock,Clock,12,13,19,1,2,202.0162,0.6199642960502513
merged_clock,Clock,12,13,19,1,2,203.017,0.6221835374362027
merged_clock,Clock,12,13,19,1,2,204.016,0.6243937256988964
merged_clock,Clock,12,13,19,1,2,205.0163,0.6266015698115283
merged_clock,Clock,12,13,19,1,2,206.0161,0.6288030773909911
merged_clock,Clock,12,13,19,1,2,207.0155,0.6309983784862152
merged_clock,Clock,12,13,19,1,2,208.0161,0.6331908747678574
merged_clock,Clock,12,13,19,1,2,209.0168,0.6353781047929736
merged_clock,Clock,12,13,19,1,2,210.0161,0.6375567015026752
merged_clock,Clock,12,13,19,1,2,211.0167,0.6397324786837885
merged_clock,Clock,12,13,19,1,2,212.0168,0.6419014731373187
merged_clock,Clock,12,13,19,1,2,213.0174,0.6440657293303936
merged_clock,Clock,12,13,19,1,2,214.0169,0.6462217805581765
merged_clock,Clock,12,13,19,1,2,215.0167,0.648372491846246
merged_clock,Clock,12,13,19,1,2,216.0177,0.6505198142476502
merged_clock,Clock,12,13,19,1,2,217.017,0.6526573978396711
merged_clock,Clock,12,13,19,1,2,218.0148,0.6547856602883536
merged_clock,Clock,12,13,19,1,2,219.0061,0.656893933224712
merged_clock,Clock,12,13,19,1,2,220.006,0.659014225863283
merged_clock,Clock,12,13,19,1,2,221.0061,0.6611286260095365
merged_clock,Clock,12,13,19,1,2,222.006,0.6632361654068728
merged_clock,Clock,12,13,19,1,2,223.0159,0.665358232858217
merged_clock,Clock,12,13,19,1,2,224.0162,0.6674535602088995
merged_clock,Clock,12,13,19,1,2,225.0068,0.6695220518070746
merged_clock,Clock,12,13,19,1,2,226.0167,0.6716240891283631
merged_clock,Clock,12,13,19,1,2,227.0168,0.6736990129611227
merged_clock,Clock,12,13,19,1,2,228.0056,0.67574381191619
merged_clock,Clock,12,13,19,1,2,229.0059,0.6778056003966976
merged_clock,Clock,12,13,19,1,2,230.0066,0.6798613035058415
merged_clock,Clock,12,13,19,1,2,231.0064,0.6819081746841038
merged_clock,Clock,12,13,19,1,2,232.0061,0.68394788727054
merged_clock,Clock,12,13,19,1,2,233.016,0.6860012316622691
merged_clock,Clock,12,13,19,1,2,234.0058,0.6880066459491786
merged_clock,Clock,12,13,19,1,2,235.0168,0.6900477853345449
merged_clock,Clock,12,13,19,1,2,236.0063,0.6920383753164205
merged_clock,Clock,12,13,19,1,2,237.0071,0.6940444426695482
merged_clock,Clock,12,13,19,1,2,238.0069,0.6960412048156378
merged_clock,Clock,12,13,19,1,2,239.0063,0.698029817351179
merged_clock,Clock,12,13,19,1,2,240.0069,0.7000133819445813
merged_clock,Clock,12,13,19,1,2,241.0089,0.701992246866023
merged_clock,Clock,12,13,19,1,2,242.0078,0.7039574961349885
merged_clock,Clock,12,13,19,1,1,243.0075,0.7059167965909379
merged_clock,Clock,12,13,19,1,1,244.0072,0.7078684812718345
merged_clock,Clock,12,13,19,1,1,245.0076,0.7098139002997023
merged_clock,Clock,12,13,19,1,1,246.0073,0.7117502826307857
merged_clock,Clock,12,13,19,1,1,247.0076,0.7136801309644839
merged_clock,Clock,12,13,19,1,1,248.0071,0.7156006707358731
merged_clock,Clock,12,13,19,1,1,249.0073,0.7175147677118137
merged_clock,Clock,12,13,19,1,1,250.0063,0.7194187695947916
merged_clock,Clock,12,13,19,1,1,251.0064,0.7213169746708178
merged_clock,Clock,12,13,19,1,1,252.0073,0.72320880410495
merged_clock,Clock,12,13,19,1,1,253.0071,0.7250906220211732
merged_clock,Clock,12,13,19,1,1,254.0065,0.7269637341880685
merged_clock,Clock,12,13,19,1,1,255.0074,0.7288316414550265
merged_clock,Clock,12,13,19,1,1,256.0089,0.730692635596835
merged_clock,Clock,12,13,19,1,1,257.0083,0.7325416292647405
merged_clock,Clock,12,13,19,1,1,258.0089,0.7343847865676489
merged_clock,Clock,12,13,19,1,1,259.0085,0.7362179729879113
merged_clock,Clock,12,13,19,1,1,260.0081,0.738042964794892
merged_clock,Clock,12,13,19,1,1,261.0073,0.7398591276255362
merged_clock,Clock,12,13,19,1,1,262.0075,0.7416689243358763
merged_clock,Clock,12,13,19,1,1,263.007,0.7434691796534145
merged_clock,Clock,12,13,19,1,1,264.0101,0.7452676945810311
merged_clock,Clock,12,13,19,1,1,265.0092,0.7470507177384446
merged_clock,Clock,12,13,19,1,1,266.0094,0.748827467792809
merged_clock,Clock,12,13,19,1,1,267.0097,0.7505960657161448
merged_clock,Clock,12,13,19,1,1,268.0096,0.7523556322426934
merged_clock,Clock,12,13,19,1,1,269.0101,0.7541078647152195
merged_clock,Clock,12,13,19,1,1,270.01,0.7558507141944181
merged_clock,Clock,12,13,19,1,1,271.0106,0.7575863433912282
merged_clock,Clock,12,13,19,1,1,272.0101,0.7593117238158882
merged_clock,Clock,12,13,19,1,1,273.0105,0.7610302140905907
merged_clock,Clock,12,13,19,1,1,274.0101,0.7627389154669741
merged_clock,Clock,12,13,19,1,1,275.0096,0.7644390255373249
merged_clock,Clock,12,13,19,1,1,276.0098,0.7661318221243658
merged_clock,Clock,12,13,19,1,1,277.0098,0.7678158411374431
merged_clock,Clock,12,13,19,1,1,278.0095,0.7694908723967248
merged_clock,Clock,12,13,19,1,1,279.009,0.7711571166950751
merged_clock,Clock,12,13,19,1,1,280.0096,0.7728166899941582
merged_clock,Clock,12,13,19,1,1,281.0111,0.77446920439961
merged_clock,Clock,12,13,19,1,1,282.0099,0.7761087339117076
merged_clock,Clock,12,13,19,1,1,283.0103,0.7777424492422511
merged_clock,Clock,12,13,19,1,1,284.0102,0.779366742403413
merged_clock,Clock,12,13,19,1,1,285.01,0.7809824094421396
merged_clock,Clock,12,13,19,1,1,286.0091,0.782588371415001
merged_clock,Clock,12,13,19,1,1,287.0109,0.7841901427624832
merged_clock,Clock,12,13,19,1,1,288.0114,0.7857813104699902
merged_clock,Clock,12,13,19,1,1,289.0109,0.7873622907389888
merged_clock,Clock,12,13,19,1,1,290.0112,0.7889360299231565
merged_clock,Clock,12,13,19,1,1,291.012,0.7905019828162844
merged_clock,Clock,12,13,19,1,1,292.0116,0.7920575326015854
merged_clock,Clock,12,13,19,1,1,293.0122,0.7936061021916785
merged_clock,Clock,12,13,19,1,1,294.0125,0.7951456537064993
merged_clock,Clock,12,13,19,1,1,295.0118,0.7966751263896702
merged_clock,Clock,12,13,19,1,1,296.0118,0.798197143275463
merged_clock,Clock,12,13,19,1,1,297.0102,0.7997081901539844
merged_clock,Clock,12,13,19,1,1,298.0108,0.8012140837998009
merged_clock,Clock,12,13,19,1,1,299.0104,0.8027099457855738
merged_clock,Clock,12,13,19,1,1,300.0097,0.8041968494911113
merged_clock,Clock,12,13,19,1,1,301.0105,0.8056774657676743
merged_clock,Clock,13,14,20,0,0,0.0,0.20001138587371564
merged_clock,Clock,13,14,20,0,0,0.6838388,0.2010326097842738
merged_clock,Clock,13,14,20,0,0,1.996385,0.20300364615274416
merged_clock,Clock,13,14,20,0,0,2.997726,0.2045170097603545
merged_clock,Clock,13,14,20,0,0,3.999298,0.2060390909290235
merged_clock,Clock,13,14,20,0,0,4.999687,0.20756773141339185
merged_clock,Clock,13,14,20,0,0,6.000605,0.20910554089207664
merged_clock,Clock,13,14,20,1,3,7.000906,0.21065075918145137
merged_clock,Clock,13,14,20,1,3,8.001806,0.21220526579092658
merged_clock,Clock,13,14,20,1,3,9.001246,0.2137658513255969
merged_clock,Clock,13,14,20,1,3,10.00166,0.2153363091584791
merged_clock,Clock,13,14,20,1,3,11.0016,0.21691437145692702
merged_clock,Clock,13,14,20,0,0,12.00146,0.21850065060900364
merged_clock,Clock,13,14,20,0,0,13.00144,0.22009546183709608
merged_clock,Clock,13,14,20,0,0,14.00173,0.22169910942284177
merged_clock,Clock,13,14,20,0,0,15.00065,0.22330888317049422
merged_clock,Clock,13,14,20,0,0,16.00011,0.2249278442030863
merged_clock,Clock,13,14,20,0,0,17.00224,0.22655947447896116
merged_clock,Clock,13,14,20,0,0,18.00202,0.22819560370512673
merged_clock,Clock,13,14,20,0,0,19.00236,0.2298409588052203
merged_clock,Clock,13,14,20,0,0,20.00108,0.2314919354233257
merged_clock,Clock,13,14,20,0,0,21.00156,0.23315411318468976
merged_clock,Clock,13,14,20,0,0,22.00247,0.23482529735357868
merged_clock,Clock,13,14,20,0,0,23.00267,0.23650357227629862
merged_clock,Clock,13,14,20,0,0,24.00306,0.23819042711287822
merged_clock,Clock,13,14,21,0,0,0.0111566,0.20002801553459756
merged_clock,Clock,13,14,21,0,0,1.008044,0.2015181296549333
merged_clock,Clock,13,14,21,0,0,2.008584,0.20302203269664082
merged_clock,Clock,13,14,21,0,0,3.009267,0.20453450105109086
merged_clock,Clock,13,14,21,0,0,4.010024,0.2060554364117048
merged_clock,Clock,13,14,21,0,0,5.011356,0.20758561098341508
merged_clock,Clock,13,14,21,0,0,6.011967,0.2091230455889457
merged_clock,Clock,13,14,21,0,0,7.012537,0.2106687753654457
merged_clock,Clock,13,14,21,0,0,8.01291,0.21222255784595728
merged_clock,Clock,13,14,21,0,0,9.01293,0.21378414390100461
merged_clock,Clock,13,14,21,0,0,10.01203,0.21535263071994493
merged_clock,Clock,13,14,21,0,0,11.01296,0.21693234753016657
merged_clock,Clock,13,14,21,0,0,12.01133,0.21851635027942437
merged_clock,Clock,13,14,21,0,0,13.01141,0.2201114039497632
merged_clock,Clock,13,14,21,0,0,14.01271,0.2217167580893189
merged_clock,Clock,13,14,21,0,0,15.01378,0.22333009645418683
merged_clock,Clock,13,14,21,0,0,16.01327,0.22494921475279647
merged_clock,Clock,13,14,21,0,0,17.00288,0.22656052059217546
merged_clock,Clock,13,14,21,0,0,18.0029,0.22819704630524293
merged_clock,Clock,13,14,21,0,0,19.00287,0.22984180169879798
merged_clock,Clock,13,14,21,0,0,20.00299,0.2314951026827861
merged_clock,Clock,13,14,21,0,0,21.00261,0.23315586039243077
merged_clock,Clock,13,14,21,0,0,22.01272,0.23484245444604135
merged_clock,Clock,13,14,21,0,0,23.01328,0.23652142048494565
merged_clock,Clock,13,14,21,0,0,24.01357,0.2382081952469427
merged_clock,Clock,13,14,21,0,0,25.0139,0.23990328751741324
merged_clock,Clock,13,14,21,0,0,26.01383,0.2416059327797452
merged_clock,Clock,13,14,21,0,0,27.01273,0.2433150273456432
merged_clock,Clock,13,14,21,0,0,28.01382,0.24503608229944265
merged_clock,Clock,13,14,21,0,0,29.01269,0.246761493501274
merged_clock,Clock,13,14,21,0,0,30.01339,0.24849824046989968
merged_clock,Clock,13,14,21,0,0,31.01192,0.25023935974051936
merged_clock,Clock,13,14,21,0,0,32.01183,0.251991005705789
merged_clock,Clock,13,14,21,0,0,33.00271,0.2537348360144176
merged_clock,Clock,13,14,21,0,0,34.01265,0.2555203897836559
merged_clock,Clock,13,14,21,0,0,35.01145,0.25729434719326943
merged_clock,Clock,13,14,21,0,0,36.01286,0.2590809934200459
merged_clock,Clock,13,14,21,0,0,37.01249,0.26087249534390333
merged_clock,Clock,13,14,21,0,0,38.01188,0.2626715598253235
merged_clock,Clock,13,14,21,0,0,39.01241,0.2644806586288356
merged_clock,Clock,13,14,21,0,0,40.01308,0.26629797407949923
merged_clock,Clock,13,14,21,0,0,41.01354,0.26812283422847194
merged_clock,Clock,13,14,21,0,0,42.01328,0.2699542818591854
merged_clock,Clock,13,14,21,0,0,43.01295,0.2717934670775127
merged_clock,Clock,13,14,21,0,0,44.00275,0.2736222071325096
merged_clock,Clock,13,14,21,0,0,45.00262,0.2754773210037844
merged_clock,Clock,13,14,21,0,0,46.01408,0.27736184741646264
merged_clock,Clock,13,14,21,0,0,47.01381,0.27923230423098744
merged_clock,Clock,13,14,21,0,0,48.0031,0.28109082062961066
merged_clock,Clock,13,14,21,0,0,49.00273,0.28297638985461
merged_clock,Clock,13,14,21,0,0,50.01266,0.28488914182392366
merged_clock,Clock,13,14,21,0,0,51.0137,0.2867927081091511
merged_clock,Clock,13,14,21,0,0,52.01368,0.2887018372671677
merged_clock,Clock,13,14,21,0,0,53.01442,0.29061995445598554
merged_clock,Clock,13,14,21,0,0,54.00314,0.29252240074872526
merged_clock,Clock,13,14,21,0,0,55.00397,0.29445557068689504
merged_clock,Clock,13,14,21,0,0,56.00494,0.29639643069554533
merged_clock,Clock,13,14,21,0,0,57.00359,0.29834015126788643
merged_clock,Clock,13,14,21,0,0,58.00418,0.3002949788038592
merged_clock,Clock,13,14,21,0,0,59.0043,0.3022561680888592
merged_clock,Clock,13,14,21,0,0,60.00469,0.30422513079635727
merged_clock,Clock,13,14,21,0,0,61.00396,0.3061990791151777
merged_clock,Clock,13,14,21,0,0,62.00404,0.3081817684740403
merged_clock,Clock,13,14,21,0,0,63.0042,0.31017171626155293
merged_clock,Clock,13,14,21,0,0,64.00417,0.31216834144251276
merged_clock,Clock,13,14,21,0,0,65.00488,0.3141734434445829
merged_clock,Clock,13,14,21,0,0,66.00522,0.31618475125290585
merged_clock,Clock,13,14,21,0,0,67.00533,0.3182025139454901
merged_clock,Clock,13,14,21,0,0,68.0047,0.32022560703052805
merged_clock,Clock,13,14,21,0,0,69.00309,0.322253496273835
merged_clock,Clock,13,14,21,0,0,70.00442,0.32429409697403133
merged_clock,Clock,13,14,21,0,0,71.00477,0.32633939752178276
merged_clock,Clock,13,14,21,0,0,72.00478,0.32839063879792585
merged_clock,Clock,13,14,21,0,0,73.00455,0.33044792995703737
merged_clock,Clock,13,14,21,0,0,74.00511,0.33251338480073556
merged_clock,Clock,13,14,21,0,0,75.00506,0.33458401669217014
merged_clock,Clock,13,14,21,0,0,76.00513,0.3366612932975144
merged_clock,Clock,13,14,21,0,0,77.00486,0.33874420085932333
merged_clock,Clock,13,14,21,0,0,78.00437,0.34083291076821787
merged_clock,Clock,13,14,21,0,0,79.00454,0.3429291978715598
merged_clock,Clock,13,14,21,0,0,80.00353,0.3450291560346048
merged_clock,Clock,13,14,21,0,0,81.00387,0.3471380146472729
merged_clock,Clock,13,14,21,0,0,82.00471,0.34925395575019696
merged_clock,Clock,13,14,21,0,0,83.00375,0.35137204634092356
merged_clock,Clock,13,14,21,0,0,84.00348,0.35349745005789934
merged_clock,Clock,13,14,21,0,0,85.00488,0.3556322442342583
merged_clock,Clock,13,14,21,0,0,86.00269,0.35776510470189155
merged_clock,Clock,13,14,21,0,0,87.00475,0.3599127318273191
merged_clock,Clock,13,14,21,0,0,88.00514,0.3620623879816708
merged_clock,Clock,13,14,21,0,0,89.00536,0.36421721564744935
merged_clock,Clock,13,14,21,0,0,90.00529,0.3663768590708262
merged_clock,Clock,13,14,21,0,0,91.00585,0.3685432744791731
merged_clock,Clock,13,14,21,0,0,92.00555,0.37071311510986316
merged_clock,Clock,13,14,21,0,0,93.00659,0.37289112853947887
merged_clock,Clock,13,14,21,0,0,94.00609,0.37507092960199456
merged_clock,Clock,13,14,21,0,0,95.00773,0.3772604993366554
merged_clock,Clock,13,14,21,0,0,96.00613,0.37944797763345134
merged_clock,Clock,13,14,21,0,0,97.00587,0.381643318417031
merged_clock,Clock,13,14,21,0,0,98.00389,0.38383972217269124
merged_clock,Clock,13,14,21,0,0,99.00591,0.38604970161467583
merged_clock,Clock,13,14,21,0,0,100.0061,0.38826033597466114
merged_clock,Clock,13,14,21,0,0,101.0077,0.39047869043422045
merged_clock,Clock,13,14,21,0,0,102.0086,0.39270004078519744
merged_clock,Clock,13,14,21,0,0,103.0074,0.39492116989022163
merged_clock,Clock,13,14,21,0,0,104.0066,0.3971475311170441
merged_clock,Clock,13,14,21,0,0,105.0075,0.3993819608900487
merged_clock,Clock,13,14,21,0,0,106.0072,0.4016179054487086
merged_clock,Clock,13,14,21,0,0,107.0075,0.4038592854777672
merged_clock,Clock,13,14,21,0,0,108.0076,0.40610423929857603
merged_clock,Clock,13,14,21,0,0,109.0074,0.4083524544605645
merged_clock,Clock,13,14,21,0,0,110.0079,0.4106060760180917
merged_clock,Clock,13,14,21,0,0,111.0082,0.41286302518551576
merged_clock,Clock,13,14,21,0,0,112.0079,0.415122261957591
merged_clock,Clock,13,14,21,0,0,113.0091,0.41738849499460456
merged_clock,Clock,13,14,21,0,0,114.0081,0.41965322062847166
merged_clock,Clock,13,14,21,0,0,115.0096,0.4219270038398302
merged_clock,Clock,13,14,21,0,0,116.0084,0.42419797389908426
merged_clock,Clock,13,14,21,0,0,117.0071,0.42647192353805874
merged_clock,Clock,13,14,21,0,0,118.0075,0.4287528506031541
merged_clock,Clock,13,14,21,0,0,119.0076,0.43103612877326747
merged_clock,Clock,13,14,21,0,0,120.0074,0.4333216621457157
merged_clock,Clock,13,14,21,0,0,121.0079,0.43561162597714587
merged_clock,Clock,13,14,21,0,0,122.008,0.4379034476717439
merged_clock,Clock,13,14,21,0,0,123.0081,0.4401979050672258
merged_clock,Clock,13,14,21,0,0,124.0075,0.44249330750572213
merged_clock,Clock,13,14,21,0,0,125.0076,0.4447927837267509
merged_clock,Clock,13,14,21,0,0,126.0077,0.4470946265081643
merged_clock,Clock,13,14,21,0,0,127.0081,0.44939944288888783
merged_clock,Clock,13,14,21,0,0,128.009,0.4517075780868739
merged_clock,Clock,13,14,21,0,0,129.0099,0.4540177927562182
merged_clock,Clock,13,14,21,0,0,130.0087,0.45632512270604086
merged_clock,Clock,13,14,21,0,0,131.0082,0.45863595203662655
merged_clock,Clock,13,14,21,0,0,132.0084,0.4609502219345707
merged_clock,Clock,13,14,21,0,0,133.0092,0.4632675195344238
merged_clock,Clock,13,14,21,0,0,134.0093,0.46558477789439023
merged_clock,Clock,13,14,21,0,0,135.0094,0.4679035580249906
merged_clock,Clock,13,14,21,0,0,136.0092,0.4702230171069179
merged_clock,Clock,13,14,21,0,0,137.0081,0.4725416727810522
merged_clock,Clock,13,14,21,0,0,138.0091,0.4748663696242934
merged_clock,Clock,13,14,21,0,0,139.0077,0.4771866243878081
merged_clock,Clock,13,14,21,0,0,140.009,0.47951410786487575
merged_clock,Clock,13,14,21,0,0,141.0088,0.4818390031183475
merged_clock,Clock,13,14,21,0,0,142.0087,0.4841648979745509
merged_clock,Clock,13,14,21,0,0,143.0098,0.48649428427460417
merged_clock,Clock,13,14,21,0,0,144.0079,0.48881729598104434
merged_clock,Clock,13,14,21,0,0,145.009,0.491147753525668
merged_clock,Clock,13,14,21,0,0,146.0096,0.493477423404925
merged_clock,Clock,13,14,21,0,0,147.0088,0.49580414308842063
merged_clock,Clock,13,14,21,0,0,148.0108,0.4981375473800073
merged_clock,Clock,13,14,21,0,0,149.0104,0.5004654537690951
merged_clock,Clock,13,14,21,0,0,150.0094,0.5027919186132223
merged_clock,Clock,13,14,21,0,0,151.0105,0.5051231659232213
merged_clock,Clock,13,14,21,0,0,152.0103,0.5074511706612168
merged_clock,Clock,13,14,21,0,0,153.0096,0.5097776800978052
merged_clock,Clock,13,14,21,0,0,154.0102,0.5121067847915006
merged_clock,Clock,13,14,21,0,0,155.0106,0.5144349378196797
merged_clock,Clock,13,14,21,0,0,156.011,0.5167624290657761
merged_clock,Clock,13,14,21,0,0,157.011,0.5190882707059048
merged_clock,Clock,13,14,21,0,0,158.0114,0.5214142075866784
merged_clock,Clock,13,14,21,0,0,159.0111,0.5237375853933169
merged_clock,Clock,13,14,21,0,0,160.0118,0.5260622751942879
merged_clock,Clock,13,14,21,0,0,161.0123,0.5283853752424681
merged_clock,Clock,13,14,21,0,0,162.0113,0.5307037771359044
merged_clock,Clock,13,14,21,0,0,163.0103,0.5330208191494799
merged_clock,Clock,13,14,21,0,0,164.0104,0.5353390187156698
merged_clock,Clock,13,14,21,0,0,165.0097,0.5376538196628875
merged_clock,Clock,13,14,21,0,0,166.0093,0.5399676693128468
merged_clock,Clock,13,14,21,0,0,167.0115,0.5422858657286831
merged_clock,Clock,13,14,21,0,0,168.0111,0.5445961690919423
merged_clock,Clock,13,14,21,0,0,169.0128,0.5469094504510332
merged_clock,Clock,13,14,21,0,0,170.0104,0.5492112411781593
merged_clock,Clock,13,14,21,0,0,171.012,0.5515201038127915
merged_clock,Clock,13,14,21,0,0,172.0118,0.5538226383912124
merged_clock,Clock,13,14,21,0,0,173.0113,0.5561221990613171
merged_clock,Clock,13,14,21,0,0,174.013,0.558424369932421
merged_clock,Clock,13,14,21,0,0,175.0134,0.5607210561122122
merged_clock,Clock,13,14,21,0,0,176.0137,0.5630149347377829
merged_clock,Clock,13,14,21,0,0,177.0136,0.5653051780136886
merged_clock,Clock,13,14,21,0,0,178.0129,0.5675912762544909
merged_clock,Clock,13,14,21,0,0,179.013,0.5698763461086249
merged_clock,Clock,13,14,21,0,0,180.0129,0.5721579556604475
merged_clock,Clock,13,14,21,0,0,181.0128,0.5744365350784576
merged_clock,Clock,13,14,21,0,0,182.0122,0.576710811989991
merged_clock,Clock,13,14,21,0,0,183.0139,0.5789870401096583
merged_clock,Clock,13,14,21,0,0,184.0133,0.5812547258773862
merged_clock,Clock,13,14,21,0,0,185.0027,0.5834963225178473
merged_clock,Clock,13,14,21,0,0,186.0117,0.5857787913564778
merged_clock,Clock,13,14,21,0,0,187.0128,0.5880397462369729
merged_clock,Clock,13,14,21,0,0,188.0118,0.5902922476605915
merged_clock,Clock,13,14,21,0,0,189.0127,0.5925452566694943
merged_clock,Clock,13,14,21,0,0,190.0121,0.5947910236718712
merged_clock,Clock,13,14,21,0,0,191.0132,0.5970366263347479
merged_clock,Clock,13,14,21,0,0,192.0134,0.5992761545774168
merged_clock,Clock,13,14,21,0,0,193.013,0.6015102149055414
merged_clock,Clock,13,14,21,0,0,194.0139,0.6037429463241571
merged_clock,Clock,13,14,21,0,0,195.0132,0.6059677990246568
merged_clock,Clock,13,14,21,0,0,196.0029,0.6081669613294295
merged_clock,Clock,13,14,21,0,0,197.0136,0.610408255204968
merged_clock,Clock,13,14,21,0,0,198.0126,0.6126190555690803
merged_clock,Clock,13,14,21,0,0,199.0025,0.6148051308696769
merged_clock,Clock,13,14,21,0,0,200.0141,0.6170343462969619
merged_clock,Clock,13,14,21,0,0,201.0126,0.6192298950289702
merged_clock,Clock,13,14,21,0,0,202.0122,0.621422987082296
merged_clock,Clock,13,14,21,0,0,203.0119,0.6236113257150437
merged_clock,Clock,13,14,21,0,0,204.0137,0.6257992254974745
merged_clock,Clock,13,14,21,0,0,205.0121,0.6279745890544799
merged_clock,Clock,13,14,21,0,0,206.0025,0.6301274213902132
merged_clock,Clock,13,14,21,0,0,207.013,0.6323186142859638
merged_clock,Clock,13,14,21,0,0,208.0023,0.6344585677608927
merged_clock,Clock,13,14,21,0,0,209.012,0.6366371553330996
merged_clock,Clock,13,14,21,0,0,210.0123,0.638789980417781
merged_clock,Clock,13,14,21,0,0,211.0026,0.6409157850847789
merged_clock,Clock,13,14,21,0,0,212.0024,0.6430563965818655
merged_clock,Clock,13,14,21,0,0,213.0128,0.6452139257738839
merged_clock,Clock,13,14,21,0,0,214.0122,0.6473421695726396
merged_clock,Clock,13,14,21,0,0,215.012,0.6494653916650026
merged_clock,Clock,13,14,21,0,0,216.0024,0.6515628650088056
merged_clock,Clock,13,14,21,0,0,217.0024,0.6536747212804374
merged_clock,Clock,13,14,21,0,0,218.0024,0.6557805398475481
merged_clock,Clock,13,14,21,0,0,219.0037,0.6578829749269931
merged_clock,Clock,13,14,21,0,0,220.0035,0.6599761009293509
merged_clock,Clock,13,14,21,0,0,221.0034,0.6620632216109085
merged_clock,Clock,13,14,21,0,0,222.0034,0.6641442408907786
merged_clock,Clock,13,14,21,0,0,223.0045,0.6662211816957805
merged_clock,Clock,13,14,21,0,0,224.0039,0.6682881959695622
merged_clock,Clock,13,14,21,0,0,225.0049,0.6703520101940242
merged_clock,Clock,13,14,21,0,0,226.0045,0.6724064290489175
merged_clock,Clock,13,14,21,0,0,227.003,0.674452015162655
merged_clock,Clock,13,14,21,0,0,228.0028,0.6764936176766716
merged_clock,Clock,13,14,21,0,0,229.0032,0.6785297285734925
merged_clock,Clock,13,14,21,0,0,230.0022,0.6805562327828322
merged_clock,Clock,13,14,21,0,0,231.0033,0.6825801883798106
merged_clock,Clock,13,14,21,0,0,232.0036,0.6845956675251207
merged_clock,Clock,13,14,21,0,0,233.0042,0.6866048061074658
merged_clock,Clock,13,14,21,0,0,234.0034,0.6886041941965778
merged_clock,Clock,13,14,21,0,0,235.0032,0.6905977591967981
merged_clock,Clock,13,14,21,0,0,236.0034,0.6925850459490511
merged_clock,Clock,13,14,21,0,0,237.003,0.6945640377103363
merged_clock,Clock,13,14,21,0,0,238.004,0.6965386058324038
merged_clock,Clock,13,14,21,0,0,239.0049,0.698505770283609
merged_clock,Clock,13,14,21,0,0,240.0044,0.7004629227842436
merged_clock,Clock,13,14,21,0,0,241.0053,0.7024155165809588
merged_clock,Clock,13,14,21,0,0,242.0053,0.7043590078271721
merged_clock,Clock,13,14,21,0,0,243.0063,0.7062970597042365
merged_clock,Clock,13,14,21,0,0,244.0049,0.708223028792441
merged_clock,Clock,13,14,21,0,0,245.0067,0.7101476955743778
merged_clock,Clock,13,14,21,0,0,246.007,0.7120619721414023
merged_clock,Clock,13,14,21,0,0,247.008,0.7139700045689916
merged_clock,Clock,13,14,21,0,0,248.0067,0.7158661017190672
merged_clock,Clock,13,14,21,0,0,249.0064,0.7177564701637106
merged_clock,Clock,13,14,21,0,0,250.0057,0.719638470418835
merged_clock,Clock,13,14,21,0,0,251.0063,0.7215151896276771
merged_clock,Clock,13,14,21,0,0,252.0063,0.7233830658047328
merged_clock,Clock,13,14,21,0,0,253.006,0.7252426180035682
merged_clock,Clock,13,14,21,0,0,254.0054,0.7270938495964104
merged_clock,Clock,13,14,21,0,0,255.0051,0.7289378036288393
merged_clock,Clock,13,14,21,0,0,256.0062,0.7307764846765699
merged_clock,Clock,13,14,21,0,0,257.0051,0.7326032589912606
merged_clock,Clock,13,14,21,0,0,258.0047,0.7344234180001906
merged_clock,Clock,13,14,21,0,0,259.0055,0.7362378010381415
merged_clock,Clock,13,14,21,0,0,260.0052,0.7380422311301174
merged_clock,Clock,13,14,21,0,0,261.0052,0.7398392261348238
merged_clock,Clock,13,14,21,0,0,262.006,0.7416296802151902
merged_clock,Clock,13,14,21,0,0,263.0056,0.7434099166125304
merged_clock,Clock,13,14,21,0,0,264.0062,0.7451838287180709
merged_clock,Clock,13,14,21,0,0,265.0059,0.7469480932451502
merged_clock,Clock,13,14,21,0,0,266.0063,0.7487054920541972
merged_clock,Clock,13,14,21,0,0,267.0061,0.7504537519874361
merged_clock,Clock,13,14,21,0,0,268.0059,0.7521938218530458
merged_clock,Clock,13,14,21,0,0,269.0059,0.7539261060551229
merged_clock,Clock,13,14,21,0,0,270.006,0.7556504244858806
merged_clock,Clock,13,14,21,0,0,271.006,0.7573663396869271
merged_clock,Clock,13,14,21,0,0,272.006,0.7590740469523797
merged_clock,Clock,13,14,21,0,0,273.0071,0.7607753940553686
merged_clock,Clock,13,14,21,0,0,274.0065,0.762465603082271
merged_clock,Clock,13,14,21,0,0,275.0058,0.7641474186527252
merged_clock,Clock,13,14,21,0,0,276.0055,0.7658216465140923
merged_clock,Clock,13,14,21,0,0,277.0069,0.7674904467916907
merged_clock,Clock,13,14,21,0,0,278.0059,0.7691469519875523
merged_clock,Clock,13,14,21,0,0,279.006,0.7707970382481768
merged_clock,Clock,13,14,21,0,0,280.0074,0.7724408683609402
merged_clock,Clock,13,14,21,0,0,281.0076,0.7740744753474552
merged_clock,Clock,13,14,21,0,0,282.0067,0.7756979796930498
merged_clock,Clock,13,14,21,0,0,283.0073,0.7773155357528652
merged_clock,Clock,13,14,21,0,0,284.0067,0.7789228910984788
merged_clock,Clock,13,14,21,0,0,285.0068,0.780522991684925
merged_clock,Clock,13,14,21,0,0,286.007,0.7821148960258406
merged_clock,Clock,13,14,21,0,0,287.0069,0.7836980200707903
merged_clock,Clock,13,14,21,0,0,288.007,0.7852730870097333
merged_clock,Clock,13,14,21,0,0,289.0068,0.7868393750774014
merged_clock,Clock,13,14,21,0,0,290.0067,0.7883974590355968
merged_clock,Clock,13,14,21,0,0,291.0067,0.7899473360968414
merged_clock,Clock,13,14,21,0,0,292.007,0.7914892856966196
merged_clock,Clock,13,14,21,0,0,293.0064,0.7930215754301724
merged_clock,Clock,13,14,21,1,3,294.0073,0.794547755270961
merged_clock,Clock,13,14,21,1,3,295.0069,0.7960636372166565
merged_clock,Clock,13,14,21,1,3,296.0074,0.7975725151319301
merged_clock,Clock,13,14,21,1,3,297.0061,0.7990703996613885
merged_clock,Clock,13,14,21,1,3,298.008,0.8005646924907556
merged_clock,Clock,13,14,21,1,3,299.0076,0.8020472402722053
merged_clock,Clock,13,14,21,1,3,300.0077,0.80352219008427
merged_clock,Clock,13,14,21,1,3,301.0084,0.8049897146564965
merged_clock,Clock,13,14,23,0,0,0.0,0.20001138587371564
merged_clock,Clock,13,14,23,0,0,0.9982342,0.20150342595587412
merged_clock,Clock,13,14,23,0,0,2.000526,0.20300988733727862
merged_clock,Clock,13,14,23,0,0,3.000793,0.20452165790454488
merged_clock,Clock,13,14,23,0,0,3.999719,0.20603973218808902
merged_clock,Clock,13,14,23,0,0,5.000658,0.20756921895961988
merged_clock,Clock,13,14,23,0,0,6.000513,0.20910539911342804
merged_clock,Clock,13,14,23,0,0,7.001402,0.21065152731317552
merged_clock,Clock,13,14,23,0,0,8.002209,0.21220589252268635
merged_clock,Clock,13,14,23,0,0,9.001521,0.21376628133959255
merged_clock,Clock,13,14,23,0,0,10.00158,0.2153361830687914
merged_clock,Clock,13,14,23,0,0,11.00055,0.21691271002232723
merged_clock,Clock,13,14,23,0,0,12.00204,0.21850157293648403
merged_clock,Clock,13,14,23,0,0,13.00199,0.22009634172738637
merged_clock,Clock,13,14,23,0,0,14.0019,0.22169938227740604
merged_clock,Clock,13,14,23,0,0,15.00248,0.2233118384906894
merged_clock,Clock,13,14,23,0,0,16.00356,0.22493344457887066
merged_clock,Clock,13,14,23,0,0,16.99234,0.22654331619974036
merged_clock,Clock,13,14,23,0,0,18.00213,0.22819578520326966
merged_clock,Clock,13,14,23,0,0,19.00258,0.2298413236394877
merged_clock,Clock,13,14,23,0,0,20.00245,0.23149420813438104
merged_clock,Clock,13,14,23,0,0,21.00214,0.23315507891293302
merged_clock,Clock,13,14,23,0,0,22.00294,0.23482608271695332
merged_clock,Clock,13,14,23,0,0,23.00375,0.23650538817595138
merged_clock,Clock,13,14,23,0,0,23.99251,0.23817259541232144
merged_clock,Clock,13,14,23,0,0,24.99268,0.2398672419947186
merged_clock,Clock,13,14,23,0,0,25.99331,0.24157091068168055
merged_clock,Clock,13,14,23,1,1,26.99233,0.24328004304509404
merged_clock,Clock,13,14,23,1,1,27.99275,0.2449997737913273
merged_clock,Clock,13,14,23,1,1,29.00434,0.24674703555338556
merged_clock,Clock,13,14,23,1,1,29.99229,0.24846153802000728
merged_clock,Clock,13,14,23,1,1,30.99279,0.2502059256580605
merged_clock,Clock,13,14,23,1,1,31.99316,0.25195822663505474
merged_clock,Clock,13,14,23,1,1,33.00367,0.2537365316569803
merged_clock,Clock,13,14,23,1,1,33.99289,0.25548537526755066
merged_clock,Clock,13,14,23,1,1,34.99303,0.2572615568746861
merged_clock,Clock,13,14,23,1,1,35.99273,0.25904499915522844
merged_clock,Clock,13,14,23,1,1,36.99239,0.26083639461639024
merged_clock,Clock,13,14,23,1,1,37.99338,0.26263818891859925
merged_clock,Clock,13,14,23,1,1,38.99241,0.2644444169455945
merged_clock,Clock,13,14,23,1,1,39.99234,0.2662602266964469
merged_clock,Clock,13,14,23,1,1,40.99243,0.26808425332323704
merged_clock,Clock,13,14,23,1,1,41.99356,0.2699180835734785
merged_clock,Clock,13,14,23,1,1,42.99372,0.27175801415248113
merged_clock,Clock,13,14,23,1,1,43.99422,0.27360641512171346
merged_clock,Clock,13,14,23,1,1,44.99426,0.27546177458600146
merged_clock,Clock,13,14,23,1,1,45.99385,0.27732407884499
merged_clock,Clock,13,14,23,1,1,46.99342,0.2791940790089604
merged_clock,Clock,13,14,23,1,1,47.99352,0.2810727825048816
merged_clock,Clock,13,14,23,1,1,48.99342,0.28295879025423737
merged_clock,Clock,13,14,23,1,1,49.99279,0.28485143274902097
merged_clock,Clock,13,14,23,1,1,50.99308,0.2867534235994285
merged_clock,Clock,13,14,23,1,1,51.99316,0.2886625868043196
merged_clock,Clock,13,14,23,1,1,52.99363,0.29058002964821655
merged_clock,Clock,13,14,23,1,1,53.99338,0.29250358923617237
merged_clock,Clock,13,14,23,1,1,54.99331,0.29443493700964923
merged_clock,Clock,13,14,23,1,1,55.99312,0.29637346538160986
merged_clock,Clock,13,14,23,1,1,56.99214,0.298317828166512
merged_clock,Clock,13,14,23,1,1,58.00339,0.3002934332209264
merged_clock,Clock,13,14,23,1,1,58.99253,0.3022330486932481
merged_clock,Clock,13,14,23,1,1,59.99322,0.3042025206557298
merged_clock,Clock,13,14,23,1,1,60.99241,0.30617622075291445
merged_clock,Clock,13,14,23,1,1,62.00363,0.30818095780805344
merged_clock,Clock,13,14,23,1,1,62.99332,0.31015003203676395
merged_clock,Clock,13,14,23,1,1,63.99334,0.3121466723526705
merged_clock,Clock,13,14,23,1,1,64.9931,0.31414979994546605
merged_clock,Clock,13,14,23,1,1,65.99414,0.3161624398118753
merged_clock,Clock,13,14,23,1,1,66.99364,0.31817887750390694
merged_clock,Clock,13,14,23,1,1,67.99326,0.3202024168722015
merged_clock,Clock,13,14,23,1,1,68.99331,0.32223359708121385
merged_clock,Clock,13,14,23,1,1,69.99294,0.3242706748661864
merged_clock,Clock,13,14,23,1,1,70.99304,0.32631538344881106
merged_clock,Clock,13,14,23,1,1,71.99434,0.32836918060001574
merged_clock,Clock,13,14,23,1,1,72.99424,0.3304266864990654
merged_clock,Clock,13,14,23,1,1,73.99388,0.33249016591181324
merged_clock,Clock,13,14,23,1,1,74.9944,0.3345619123684217
merged_clock,Clock,13,14,23,1,1,75.99446,0.3366391052957994
merged_clock,Clock,13,14,23,1,1,76.99354,0.33872057664261856
merged_clock,Clock,13,14,23,1,1,77.99458,0.34081242525102345
merged_clock,Clock,13,14,23,1,1,78.99346,0.3429059455805325
merged_clock,Clock,13,14,23,1,1,79.99506,0.34501132875921325
merged_clock,Clock,13,14,23,1,1,80.99474,0.34711875099484246
merged_clock,Clock,13,14,23,1,1,81.99532,0.34923408831526503
merged_clock,Clock,13,14,23,1,1,82.99506,0.35135359742258215
merged_clock,Clock,13,14,23,1,1,83.99451,0.35347834941118633
merged_clock,Clock,13,14,23,1,1,84.99424,0.3556095250642008
merged_clock,Clock,13,14,23,1,1,85.99445,0.3577474686880108
merged_clock,Clock,13,14,23,1,1,86.99361,0.35988881135020245
merged_clock,Clock,13,14,23,1,1,87.99483,0.3620401946708491
merged_clock,Clock,13,14,23,1,1,88.99535,0.3641956239338632
merged_clock,Clock,13,14,23,1,1,89.99509,0.36635480064590636
merged_clock,Clock,13,14,23,1,1,90.99504,0.368519838358559
merged_clock,Clock,13,14,23,1,1,91.995,0.37069020228160793
merged_clock,Clock,13,14,23,1,1,92.99534,0.3728666152965311
merged_clock,Clock,13,14,23,1,1,93.99495,0.3750466086316205
merged_clock,Clock,13,14,23,1,1,94.99651,0.3772359551268122
merged_clock,Clock,13,14,23,1,1,95.9971,0.37942818059069955
merged_clock,Clock,13,14,23,1,1,96.99723,0.381624332632265
merged_clock,Clock,13,14,23,1,1,97.99645,0.38382333385879147
merged_clock,Clock,13,14,23,1,1,98.99647,0.3860288479557228
merged_clock,Clock,13,14,23,1,1,99.99609,0.38823818930046994
merged_clock,Clock,13,14,23,1,1,100.9956,0.3904518633425329
merged_clock,Clock,13,14,23,1,1,101.9969,0.39267405769408203
merged_clock,Clock,13,14,23,1,1,102.9967,0.394897343127808
merged_clock,Clock,13,14,23,1,1,103.9955,0.3971227733868689
merged_clock,Clock,13,14,23,0,0,104.9961,0.3993564912788963
merged_clock,Clock,13,14,23,0,0,105.9961,0.4015930546831805
merged_clock,Clock,13,14,23,0,0,106.9959,0.40383327744677694
merged_clock,Clock,13,14,23,0,0,107.9969,0.4060802077786815
merged_clock,Clock,13,14,23,0,0,108.9957,0.40832611488345266
merged_clock,Clock,13,14,23,0,0,109.9959,0.4105790383787608
merged_clock,Clock,13,14,23,0,0,110.9962,0.41283592579936523
merged_clock,Clock,13,14,23,0,0,111.9973,0.4150982940974108
merged_clock,Clock,13,14,23,0,0,112.9961,0.4173590457393752
merged_clock,Clock,13,14,23,0,0,113.9966,0.4196271191395898
merged_clock,Clock,13,14,23,0,0,114.9973,0.4218990609899788
merged_clock,Clock,13,14,23,0,0,115.9978,0.4241738620612138
merged_clock,Clock,13,14,23,0,0,116.9979,0.42645095929243904
merged_clock,Clock,13,14,23,0,0,117.998,0.4287311791905752
merged_clock,Clock,13,14,23,0,0,118.9974,0.4310128255248401
merged_clock,Clock,13,14,23,0,0,119.997,0.43329787569725264
merged_clock,Clock,13,14,23,0,0,120.9973,0.4355873561576347
merged_clock,Clock,13,14,23,0,0,121.998,0.43788051371414544
merged_clock,Clock,13,14,23,0,0,122.9987,0.4401763285936949
merged_clock,Clock,13,14,23,1,1,123.9988,0.44247332043450294
merged_clock,Clock,13,14,23,1,1,124.9984,0.4447716172961012
merged_clock,Clock,13,14,23,1,1,125.9981,0.44707252517923596
merged_clock,Clock,13,14,23,1,1,126.9981,0.44937638819497727
merged_clock,Clock,13,14,23,1,1,127.9989,0.45168427329805366
merged_clock,Clock,13,14,23,1,1,128.9993,0.45399330473287247
merged_clock,Clock,13,14,23,1,1,129.999,0.456302694807578
merged_clock,Clock,13,14,23,1,1,130.9996,0.4586160826710789
merged_clock,Clock,13,14,23,1,1,131.999,0.4609284304853957
merged_clock,Clock,13,14,23,1,1,132.9998,0.4632457480229366
merged_clock,Clock,13,14,23,1,1,133.9991,0.4655611528750899
merged_clock,Clock,13,14,23,1,1,135.0,0.4678817585652688
merged_clock,Clock,13,14,23,1,1,135.9996,0.4702007447593856
merged_clock,Clock,13,14,23,1,1,137.0003,0.47252356906049
merged_clock,Clock,13,14,23,1,1,137.9992,0.474843401010671
merged_clock,Clock,13,14,23,1,1,139.0002,0.47716917746266185
merged_clock,Clock,13,14,23,1,1,140.0006,0.47949456083442143
merged_clock,Clock,13,14,23,1,1,141.0006,0.48181991039499655
merged_clock,Clock,13,14,23,1,1,142.001,0.48414700618538997
merged_clock,Clock,13,14,23,1,1,143.0011,0.48647404397482014
merged_clock,Clock,13,14,23,1,1,144.0009,0.48880099346561134
merged_clock,Clock,13,14,23,1,1,144.9999,0.4911265456387514
merged_clock,Clock,13,14,23,1,1,146.0004,0.4934559992992817
merged_clock,Clock,13,14,23,1,1,147.001,0.4957859858528533
merged_clock,Clock,13,14,23,1,1,148.0006,0.49811377462254314
merged_clock,Clock,13,14,23,1,1,149.0018,0.5004454118968923
merged_clock,Clock,13,14,23,1,1,150.0019,0.5027744713392696
merged_clock,Clock,13,14,23,1,3,151.0009,0.5051008165786556
merged_clock,Clock,13,14,23,1,3,152.0006,0.5074285752372761
merged_clock,Clock,13,14,23,1,3,153.0009,0.5097574327271551
merged_clock,Clock,13,14,23,1,3,154.0014,0.5120863284597438
merged_clock,Clock,13,14,23,1,3,155.0004,0.5144111845097024
merged_clock,Clock,13,14,23,1,3,155.9997,0.516736126983365
merged_clock,Clock,13,14,23,1,3,156.9989,0.5190601322512405
merged_clock,Clock,13,14,23,1,3,157.9997,0.5213870019699058
merged_clock,Clock,13,14,23,1,3,158.9994,0.5237104266619745
merged_clock,Clock,13,14,23,1,3,159.999,0.5260325420194475
merged_clock,Clock,13,14,23,1,3,161.0,0.5283568260359226
merged_clock,Clock,13,14,23,1,3,161.9996,0.5306766242752458
merged_clock,Clock,13,14,23,1,3,163.0005,0.5329981049432764
merged_clock,Clock,13,14,23,1,3,163.9998,0.5353144449925626
merged_clock,Clock,13,14,23,1,3,164.9999,0.5376310999931999
merged_clock,Clock,13,14,23,1,3,166.0,0.5399461665411985
merged_clock,Clock,13,14,23,1,3,167.0003,0.5422599692854004
merged_clock,Clock,13,14,23,1,3,168.0001,0.5445707871248868
merged_clock,Clock,13,14,23,1,3,169.0021,0.5468847593750703
merged_clock,Clock,13,14,23,1,3,170.0007,0.5491888595807762
merged_clock,Clock,13,14,23,1,3,171.0015,0.5514959150035298
merged_clock,Clock,13,14,23,1,3,172.0013,0.5537984732968512
merged_clock,Clock,13,14,23,1,3,173.0021,0.5561010411596488
merged_clock,Clock,13,14,23,1,3,174.0025,0.5584002553405742
merged_clock,Clock,13,14,23,1,3,175.0028,0.5606967582055592
merged_clock,Clock,13,14,23,1,3,175.9926,0.5629665694691239
merged_clock,Clock,13,14,23,1,3,177.0027,0.5652802384956437
merged_clock,Clock,13,14,23,1,3,178.0038,0.5675704841503602
merged_clock,Clock,13,14,23,1,3,179.0034,0.569854430837285
merged_clock,Clock,13,14,23,1,3,180.0034,0.5721363129278775
merged_clock,Clock,13,14,23,1,3,180.9927,0.5743907717344254
merged_clock,Clock,13,14,23,1,3,182.0031,0.5766900966548822
merged_clock,Clock,13,14,23,1,3,183.003,0.57896230091621
merged_clock,Clock,13,14,23,1,3,184.0024,0.581229988959939
merged_clock,Clock,13,14,23,1,3,185.0018,0.5834942844022359
merged_clock,Clock,13,14,23,1,3,185.9999,0.5857520963168329
merged_clock,Clock,13,14,23,1,3,187.0019,0.5880151604776088
merged_clock,Clock,13,14,23,1,3,188.0031,0.5902726529510574
merged_clock,Clock,13,14,23,1,3,189.0022,0.5925216457549944
merged_clock,Clock,13,14,23,1,3,190.0024,0.5947692353472896
merged_clock,Clock,13,14,23,1,3,191.0039,0.5970158002790745
merged_clock,Clock,13,14,23,1,3,192.0037,0.599254444931866
merged_clock,Clock,13,14,23,1,3,193.0038,0.6014896701571514
merged_clock,Clock,13,14,23,1,3,194.0028,0.6037182240921107
merged_clock,Clock,13,14,23,1,3,194.9935,0.6059239827466459
merged_clock,Clock,13,14,23,1,3,195.9927,0.6081443344671036
merged_clock,Clock,13,14,23,1,3,197.0033,0.6103854382306485
merged_clock,Clock,13,14,23,1,3,198.004,0.6126000302777361
merged_clock,Clock,13,14,23,1,3,198.9929,0.6147839573714912
merged_clock,Clock,13,14,23,1,3,200.0045,0.617013219002235
merged_clock,Clock,13,14,23,1,3,200.9928,0.6191863920958327
merged_clock,Clock,13,14,23,1,3,202.0033,0.6214034581583109
merged_clock,Clock,13,14,23,1,3,203.0034,0.6235927421290208
merged_clock,Clock,13,14,23,1,3,204.0026,0.6257749931062452
merged_clock,Clock,13,14,23,1,3,204.9932,0.6279334442213593
merged_clock,Clock,13,14,23,1,3,205.9934,0.6301076435357332
merged_clock,Clock,13,14,23,1,3,206.994,0.6322774702712488
merged_clock,Clock,13,14,23,1,3,207.9929,0.6344382607857713
merged_clock,Clock,13,14,23,1,3,208.9937,0.6365977294590832
merged_clock,Clock,13,14,23,1,3,209.9931,0.6387487204543595
merged_clock,Clock,13,14,23,1,3,210.9936,0.6408965170582027
merged_clock,Clock,13,14,23,1,3,211.9932,0.643036722664657
merged_clock,Clock,13,14,23,1,3,212.9935,0.6451727642260396
merged_clock,Clock,13,14,23,1,3,213.9937,0.6473028074237701
merged_clock,Clock,13,14,23,1,3,214.9946,0.6494285005466431
merged_clock,Clock,13,14,23,1,3,215.9942,0.6515455357652974
merged_clock,Clock,13,14,23,1,3,216.9937,0.6536563793229794
merged_clock,Clock,13,14,23,1,3,217.9947,0.6557643684012341
merged_clock,Clock,13,14,23,1,3,218.9939,0.6578624356971113
merged_clock,Clock,13,14,23,1,3,219.9934,0.6599549844401198
merged_clock,Clock,13,14,23,1,3,220.994,0.6620436312997809
merged_clock,Clock,13,14,23,1,3,221.9946,0.6641259465650814
merged_clock,Clock,13,14,23,1,3,222.9935,0.6661983919538098
merged_clock,Clock,13,14,23,1,3,223.9935,0.6682667060043671
merged_clock,Clock,13,14,23,1,3,224.9933,0.6703281378827777
merged_clock,Clock,13,14,23,1,3,226.0038,0.6724049887750368
merged_clock,Clock,13,14,23,1,3,226.9932,0.6744319471899592
merged_clock,Clock,13,14,23,1,3,227.993,0.6764736151862442
merged_clock,Clock,13,14,23,1,3,228.9936,0.6785102262295789
merged_clock,Clock,13,14,23,1,3,229.994,0.6805396385094046
merged_clock,Clock,13,14,23,1,3,230.9936,0.6825606320151514
merged_clock,Clock,13,14,23,1,3,231.994,0.6845763621097569
merged_clock,Clock,13,14,23,1,3,232.9937,0.6865837627481619
merged_clock,Clock,13,14,23,1,3,233.9941,0.6885856016492585
merged_clock,Clock,13,14,23,1,3,234.9933,0.6905780476598528
merged_clock,Clock,13,14,23,1,3,235.9945,0.6925674021086083
merged_clock,Clock,13,14,23,1,3,236.9939,0.6945460351821049
merged_clock,Clock,13,14,23,1,3,237.9933,0.6965175440704521
merged_clock,Clock,13,14,23,1,3,238.9939,0.69848418724247
merged_clock,Clock,13,14,23,1,3,239.9943,0.7004431794063875
merged_clock,Clock,13,14,23,1,3,240.9942,0.7023939159016036
merged_clock,Clock,13,14,23,1,3,241.9942,0.7043374888392266
merged_clock,Clock,13,14,23,1,3,242.9944,0.7062740601316969
merged_clock,Clock,13,14,23,1,3,243.9944,0.7082028201158496
merged_clock,Clock,13,14,23,1,3,244.9943,0.7101239082240952
merged_clock,Clock,13,14,23,1,3,245.9946,0.7120382781872995
merged_clock,Clock,13,14,23,1,3,246.9949,0.7139450982410386
merged_clock,Clock,13,14,23,1,3,247.9954,0.7158447065380948
merged_clock,Clock,13,14,23,1,3,248.9957,0.7177362842650764
merged_clock,Clock,13,14,23,1,3,249.9943,0.7196170186025926
merged_clock,Clock,13,14,23,1,3,250.9944,0.7214929118536104
merged_clock,Clock,13,14,23,1,3,251.9948,0.723361619702066
merged_clock,Clock,13,14,23,1,3,252.9941,0.7252205248520686
merged_clock,Clock,13,14,23,1,3,253.9945,0.7270737108908873
merged_clock,Clock,13,14,23,1,3,254.9945,0.7289183119951335
merged_clock,Clock,13,14,23,1,3,255.995,0.7307559577652014
merged_clock,Clock,13,14,23,1,3,256.9954,0.7325855493101938
merged_clock,Clock,13,14,23,1,3,257.9954,0.7344065060187981
merged_clock,Clock,13,14,23,1,3,258.9947,0.7362182579232444
merged_clock,Clock,13,14,23,1,3,259.9962,0.738026017035111
merged_clock,Clock,13,14,23,1,3,260.9958,0.7398223726956485
merged_clock,Clock,13,14,23,1,3,261.9972,0.7416139372795207
merged_clock,Clock,13,14,23,1,3,262.998,0.7433963595602343
merged_clock,Clock,13,14,23,1,3,263.9974,0.7451682819132913
merged_clock,Clock,13,14,23,1,3,264.9976,0.74693347730467
merged_clock,Clock,13,14,23,1,3,265.9971,0.7486893922985063
merged_clock,Clock,13,14,23,1,3,266.9977,0.7504391111571358
merged_clock,Clock,13,14,23,1,3,267.9981,0.7521803092336685
merged_clock,Clock,13,14,23,1,3,268.9977,0.7539119713402851
merged_clock,Clock,13,14,23,1,3,269.998,0.7556366191778603
merged_clock,Clock,13,14,23,1,3,270.9981,0.757352809164203
merged_clock,Clock,13,14,23,1,3,271.9973,0.7590592295786028
merged_clock,Clock,13,14,23,1,3,272.9978,0.7607596135285958
merged_clock,Clock,13,14,23,1,3,273.9975,0.7624504141281176
merged_clock,Clock,13,14,23,1,3,274.9981,0.7641345071712912
merged_clock,Clock,13,14,23,1,3,275.9986,0.7658101241982933
merged_clock,Clock,13,14,23,1,3,276.9987,0.7674768001912663
merged_clock,Clock,13,14,23,1,3,277.9982,0.7691342315109705
merged_clock,Clock,13,14,23,1,3,278.9988,0.7707851852098822
merged_clock,Clock,13,14,23,1,3,279.9991,0.7724273262162618
merged_clock,Clock,13,14,23,1,3,280.9967,0.7740567261845898
merged_clock,Clock,13,14,23,1,3,281.9972,0.7756825470400465
merged_clock,Clock,13,14,23,1,3,282.9969,0.7772987553318529
merged_clock,Clock,13,14,23,1,3,283.9963,0.7789061973487923
merged_clock,Clock,13,14,23,1,3,284.9965,0.7805065308192679
merged_clock,Clock,13,14,23,1,3,285.9962,0.7820977460615022
merged_clock,Clock,13,14,23,1,3,287.0023,0.7836907432611764
merged_clock,Clock,13,14,24,0,0,0.0,0.20001138587371564
merged_clock,Clock,13,14,24,0,0,0.9972577,0.20150196233931458
merged_clock,Clock,13,14,24,0,0,1.997322,0.2030050583436531
merged_clock,Clock,13,14,24,0,0,2.997987,0.2045174054132291
merged_clock,Clock,13,14,24,0,0,3.999626,0.20603959049332413
merged_clock,Clock,13,14,24,0,0,4.999724,0.20756778767113654
merged_clock,Clock,13,14,24,0,0,6.000389,0.20910520811639663
merged_clock,Clock,13,14,24,0,0,7.00076,0.21065053317385435
merged_clock,Clock,13,14,24,0,0,8.000076,0.2122025717508487
merged_clock,Clock,13,14,24,0,0,9.000281,0.21376434030919034
merged_clock,Clock,13,14,24,0,0,10.00013,0.21533389995406985
merged_clock,Clock,13,14,24,0,0,11.00133,0.21691394440246833
merged_clock,Clock,13,14,24,0,0,12.00118,0.21850020461612935
merged_clock,Clock,13,14,24,0,0,13.00014,0.2200933833541148
merged_clock,Clock,13,14,24,0,0,14.00016,0.2216965862959463
merged_clock,Clock,13,14,24,0,0,15.00186,0.22331083694527015
merged_clock,Clock,13,14,24,0,0,16.00245,0.2249316448897982
merged_clock,Clock,13,14,24,0,0,17.002,0.22655908530080965
merged_clock,Clock,13,14,24,0,0,18.00234,0.2281961294241648
merged_clock,Clock,13,14,24,0,0,19.00251,0.22984120726989274
merged_clock,Clock,13,14,24,0,0,20.00308,0.23149525124759607
merged_clock,Clock,13,14,24,0,0,21.00178,0.2331544785091913
merged_clock,Clock,13,14,24,0,0,22.00285,0.2348259326677126
merged_clock,Clock,13,14,24,0,0,23.00216,0.23650271245437854
merged_clock,Clock,13,14,24,0,0,24.00199,0.23818861843175476
merged_clock,Clock,13,14,24,0,0,25.00317,0.239885060188145
merged_clock,Clock,13,14,24,0,0,26.00204,0.2415858104394199
merged_clock,Clock,13,14,24,0,0,27.00143,0.2432956489906871
merged_clock,Clock,13,14,24,0,0,28.00184,0.24501543790154118
merged_clock,Clock,13,14,24,0,0,29.00246,0.24674378275872727
merged_clock,Clock,13,14,24,0,0,30.00175,0.2484779942835437
merged_clock,Clock,13,14,24,0,0,31.00178,0.2502216356393564
merged_clock,Clock,13,14,24,0,0,32.00206,0.2519738522676415
merged_clock,Clock,13,14,24,0,0,33.00281,0.2537350176900487
merged_clock,Clock,13,14,24,0,0,34.00353,0.25550422728622973
merged_clock,Clock,13,14,24,0,0,35.00357,0.25728031811630836
merged_clock,Clock,13,14,24,0,0,36.00293,0.25906323802562814
merged_clock,Clock,13,14,24,0,0,37.00312,0.26085566757653145
merged_clock,Clock,13,14,24,0,0,38.00257,0.2626547673594987
merged_clock,Clock,13,14,24,0,0,39.00232,0.26446237494837993
merged_clock,Clock,13,14,24,0,0,40.00309,0.26627979075965663
merged_clock,Clock,13,14,24,0,0,41.00271,0.2681030378031068
merged_clock,Clock,13,14,24,0,0,42.00307,0.2699355415638068
merged_clock,Clock,13,14,24,0,0,43.00212,0.2717735002749706
merged_clock,Clock,13,14,24,0,0,44.00304,0.27362274390135716
merged_clock,Clock,13,14,24,0,0,45.00259,0.2754772642640446
merged_clock,Clock,13,14,24,0,0,46.004,0.2773430303946401
merged_clock,Clock,13,14,24,0,0,47.00352,0.27921301600542703
merged_clock,Clock,13,14,24,0,0,48.00317,0.28109094988623307
merged_clock,Clock,13,14,24,0,0,49.00343,0.2829777093105894
merged_clock,Clock,13,14,24,0,0,50.00389,0.28487249849664814
merged_clock,Clock,13,14,24,0,0,51.00224,0.28677087410098706
merged_clock,Clock,13,14,24,0,0,52.00346,0.28868228825770137
merged_clock,Clock,13,14,24,1,1,53.00407,0.29060007955516576
merged_clock,Clock,13,14,24,1,1,54.00354,0.29252317293308805
merged_clock,Clock,13,14,24,1,1,55.00352,0.2944546995521816
merged_clock,Clock,13,14,24,1,1,56.00364,0.296393903645424
merged_clock,Clock,13,14,24,1,1,57.00396,0.2983408728236701
merged_clock,Clock,13,14,24,1,1,58.00496,0.30029650199148195
merged_clock,Clock,13,14,24,1,1,59.00573,0.30225897845649347
merged_clock,Clock,13,14,24,1,1,60.00475,0.3042252511456107
merged_clock,Clock,13,14,24,1,1,61.00447,0.30620009070277565
merged_clock,Clock,13,14,24,1,1,62.00492,0.3081835186074458
merged_clock,Clock,13,14,24,1,1,63.00469,0.3101726894861566
merged_clock,Clock,13,14,24,1,1,64.00511,0.3121702184516344
merged_clock,Clock,13,14,24,1,1,64.99493,0.3141534597245406
merged_clock,Clock,13,14,24,1,1,66.00532,0.3161849510148099
merged_clock,Clock,13,14,24,1,1,67.00607,0.3182040095639648
merged_clock,Clock,13,14,24,1,1,67.99484,0.3202056191961014
merged_clock,Clock,13,14,24,1,1,69.00481,0.322256988788327
merged_clock,Clock,13,14,24,1,1,70.00437,0.3242940035330233
merged_clock,Clock,13,14,24,1,1,71.00468,0.326339210030371
merged_clock,Clock,13,14,24,1,1,72.00489,0.32839085824265796
merged_clock,Clock,13,14,24,1,1,73.00464,0.33044811865110313
merged_clock,Clock,13,14,24,1,1,74.00573,0.3325146624941944
merged_clock,Clock,13,14,24,1,1,75.00567,0.3345852825308293
merged_clock,Clock,13,14,24,1,1,75.99514,0.33664051781521487
merged_clock,Clock,13,14,24,1,1,76.99528,0.3387242061870046
merged_clock,Clock,13,14,24,1,1,78.00524,0.34083473102220646
merged_clock,Clock,13,14,24,1,1,79.00544,0.34293108755367485
merged_clock,Clock,13,14,24,1,1,79.99489,0.34501095936982856
merged_clock,Clock,13,14,24,1,1,81.00591,0.3471423313203213
merged_clock,Clock,13,14,24,1,1,82.00529,0.3492551833487194
merged_clock,Clock,13,14,24,1,1,82.99491,0.3513532734771483
merged_clock,Clock,13,14,24,1,1,83.99503,0.35347947009947817
merged_clock,Clock,13,14,24,1,1,84.99577,0.3556127985389194
merged_clock,Clock,13,14,24,1,1,85.99571,0.3577501630540968
merged_clock,Clock,13,14,24,1,1,87.00577,0.3599149094275577
merged_clock,Clock,13,14,24,1,1,87.99568,0.36204203314761924
merged_clock,Clock,13,14,24,1,1,88.9959,0.3641968088307943
merged_clock,Clock,13,14,24,1,1,90.00615,0.36637872342111893
merged_clock,Clock,13,14,24,1,1,90.99528,0.3685203510687427
merged_clock,Clock,13,14,24,1,1,91.99603,0.37069244048447936
merged_clock,Clock,13,14,24,1,1,92.99611,0.372868293809618
merged_clock,Clock,13,14,24,1,1,93.99627,0.3750494904670928
merged_clock,Clock,13,14,24,1,1,94.99651,0.3772359551268122
merged_clock,Clock,13,14,24,1,1,95.99587,0.3794254863496371
merged_clock,Clock,13,14,24,1,1,96.99593,0.3816214814414011
merged_clock,Clock,13,14,24,1,1,97.99715,0.38382486342359173
merged_clock,Clock,13,14,24,1,1,98.99685,0.3860296901794019
merged_clock,Clock,13,14,24,1,1,99.99517,0.38823614683318536
merged_clock,Clock,13,14,24,1,1,100.9969,0.3904547557650707
merged_clock,Clock,13,14,24,0,0,101.995,0.39266983740591965
merged_clock,Clock,13,14,24,0,0,102.996,0.3948957977171276
merged_clock,Clock,13,14,24,0,0,103.996,0.39712389640652423
merged_clock,Clock,13,14,24,0,0,104.9956,0.39935536612790534
merged_clock,Clock,13,14,24,0,0,105.9973,0.4015957361503784
merged_clock,Clock,13,14,24,0,0,106.9973,0.4038364086482139
merged_clock,Clock,13,14,24,0,0,107.9975,0.40608154475584807
merged_clock,Clock,13,14,24,0,0,108.9971,0.4083292742312788
merged_clock,Clock,13,14,24,0,0,109.9962,0.4105797091533548
merged_clock,Clock,13,14,24,0,0,110.9959,0.412835253920467
merged_clock,Clock,13,14,24,0,0,112.0059,0.4151177409913828
merged_clock,Clock,13,14,24,0,0,112.9967,0.4173603937557917
merged_clock,Clock,13,14,24,0,0,113.9967,0.4196273441505036
merged_clock,Clock,13,14,24,0,0,114.9986,0.4219020077929926
merged_clock,Clock,13,14,24,0,0,115.9968,0.4241715880332152
merged_clock,Clock,13,14,24,0,0,116.9969,0.42644868209759274
merged_clock,Clock,13,14,24,0,0,117.9978,0.4287307266178041
merged_clock,Clock,13,14,24,0,0,118.9974,0.4310128255248401
merged_clock,Clock,13,14,24,0,0,119.9981,0.4333003887044336
merged_clock,Clock,13,14,24,0,0,120.9978,0.43558850936021765
merged_clock,Clock,13,14,24,0,0,121.9984,0.43788142337026087
merged_clock,Clock,13,14,24,0,0,122.9985,0.44017585573519863
merged_clock,Clock,13,14,24,0,0,123.9979,0.4424712516079461
merged_clock,Clock,13,14,24,0,0,124.998,0.4447707046518561
merged_clock,Clock,13,14,24,0,0,125.998,0.44707229678821636
merged_clock,Clock,13,14,24,0,0,126.997,0.4493738558848732
merged_clock,Clock,13,14,24,0,0,127.9977,0.45168150982883887
merged_clock,Clock,13,14,24,0,0,128.9973,0.4539886890296596
merged_clock,Clock,13,14,24,0,0,129.9972,0.4562985336760902
merged_clock,Clock,13,14,24,0,0,130.9967,0.45860937723105405
merged_clock,Clock,13,14,24,0,0,131.9994,0.4609293840789131
merged_clock,Clock,13,14,24,0,0,132.9988,0.46324341536930125
merged_clock,Clock,13,14,24,0,0,134.0001,0.46556348707670675
merged_clock,Clock,13,14,24,0,0,134.9995,0.46788059074052885
merged_clock,Clock,13,14,24,0,0,135.9992,0.47019982412436245
merged_clock,Clock,13,14,24,0,0,137.0005,0.47252402962391404
merged_clock,Clock,13,14,24,0,0,137.999,0.4748429047763658
merged_clock,Clock,13,14,24,0,0,138.999,0.47716637603068407
merged_clock,Clock,13,14,24,0,0,139.9979,0.47948828167461993
merged_clock,Clock,13,14,24,0,0,141.0,0.48181852635205835
merged_clock,Clock,13,14,24,0,0,141.9993,0.48414303023776034
merged_clock,Clock,13,14,24,0,0,143.001,0.48647383091926877
merged_clock,Clock,13,14,24,0,0,144.0002,0.4887993596636346
merged_clock,Clock,13,14,24,0,0,145.0008,0.49112864155915315
merged_clock,Clock,13,14,24,0,0,146.0003,0.49345578612422186
merged_clock,Clock,13,14,24,0,0,147.0005,0.4957848132724643
merged_clock,Clock,13,14,24,0,0,148.0006,0.49811377462254314
merged_clock,Clock,13,14,24,0,0,149.0002,0.5004416806971201
merged_clock,Clock,13,14,24,0,0,150.0011,0.5027725880282343
merged_clock,Clock,13,14,24,0,0,151.0014,0.5051019891202929
merged_clock,Clock,13,14,24,0,0,152.0006,0.5074285752372761
merged_clock,Clock,13,14,24,0,0,153.0003,0.5097560473795714
merged_clock,Clock,13,14,24,0,0,153.9996,0.5120821377478921
merged_clock,Clock,13,14,24,0,0,154.9993,0.5144086280957778
merged_clock,Clock,13,14,24,1,1,155.9995,0.5167356655424946
merged_clock,Clock,13,14,24,1,1,157.0002,0.5190631483587269
merged_clock,Clock,13,14,24,1,1,157.9998,0.5213872502616368
merged_clock,Clock,13,14,24,1,1,158.9987,0.5237087957154186
merged_clock,Clock,13,14,24,1,1,160.0011,0.5260374325900983
merged_clock,Clock,13,14,24,1,1,161.0008,0.5283586679258155
merged_clock,Clock,13,14,24,1,1,162.0005,0.5306787129632851
merged_clock,Clock,13,14,24,1,2,163.0013,0.5329999447283106
merged_clock,Clock,13,14,24,1,2,164.0016,0.5353186172338971
merged_clock,Clock,13,14,24,1,2,165.0016,0.5376350573963633
merged_clock,Clock,13,14,24,1,2,166.0018,0.5399503329355003
merged_clock,Clock,13,14,24,1,2,167.0019,0.5422636738314778
merged_clock,Clock,13,14,24,1,2,168.001,0.5445728670447879
merged_clock,Clock,13,14,24,1,2,169.0002,0.5468803565198814
merged_clock,Clock,13,14,24,1,2,170.0,0.5491872407782767
merged_clock,Clock,13,14,24,1,2,171.0013,0.5514954579451953
merged_clock,Clock,13,14,24,1,2,172.0004,0.5537964009876757
merged_clock,Clock,13,14,24,1,2,173.0014,0.5560994271156782
merged_clock,Clock,13,14,24,1,2,174.0037,0.55840298927617
merged_clock,Clock,13,14,24,1,2,175.0031,0.5606974234258982
merged_clock,Clock,13,14,24,1,2,176.002,0.562988111920383
merged_clock,Clock,13,14,24,1,2,177.0022,0.5652790858208526
merged_clock,Clock,13,14,24,1,2,178.0022,0.5675668210872161
merged_clock,Clock,13,14,24,1,3,179.0028,0.5698530720117656
merged_clock,Clock,13,14,24,1,3,180.0025,0.5721342599855322
merged_clock,Clock,13,14,24,1,3,181.0029,0.5744139836734268
merged_clock,Clock,13,14,24,1,3,182.0028,0.5766894373684329
merged_clock,Clock,13,14,24,1,3,183.0023,0.5789607070610184
merged_clock,Clock,13,14,24,1,3,184.0016,0.5812281898954637
merged_clock,Clock,13,14,24,1,3,185.0015,0.5834935935149402
merged_clock,Clock,13,14,24,1,3,186.0011,0.5857548210274262
merged_clock,Clock,13,14,24,1,3,187.0017,0.5880146783995048
merged_clock,Clock,13,14,24,1,3,188.0026,0.5902715185117271
merged_clock,Clock,13,14,24,1,3,189.0025,0.5925223321248183
merged_clock,Clock,13,14,24,1,3,190.0028,0.594770160330922
merged_clock,Clock,13,14,24,1,3,191.0029,0.5970135432471048
merged_clock,Clock,13,14,24,1,3,192.0025,0.5992517824013446
merged_clock,Clock,13,14,24,1,3,193.0027,0.6014872170289775
merged_clock,Clock,13,14,24,1,3,194.0041,0.603721114614277
merged_clock,Clock,13,14,24,1,3,195.0025,0.6059440074383025
merged_clock,Clock,13,14,24,1,3,196.0031,0.6081674016679484
merged_clock,Clock,13,14,24,1,3,197.0018,0.6103821255038256
merged_clock,Clock,13,14,24,1,3,198.0033,0.6125984785544266
merged_clock,Clock,13,14,24,1,3,199.003,0.6148062417089334
merged_clock,Clock,13,14,24,1,3,200.0043,0.6170127823444219
merged_clock,Clock,13,14,24,1,3,201.0046,0.6192122996971148
merged_clock,Clock,13,14,24,1,3,202.0056,0.6214085076267308
merged_clock,Clock,13,14,24,1,3,203.0037,0.6235933760454873
merged_clock,Clock,13,14,24,1,3,204.0036,0.6257771900248589
merged_clock,Clock,13,14,24,1,3,205.0035,0.6279558599172785
merged_clock,Clock,13,14,24,1,3,206.0032,0.6301289452938754
merged_clock,Clock,13,14,24,1,3,207.0051,0.6323014959660835
merged_clock,Clock,13,14,24,1,3,208.0037,0.6344615676144113
merged_clock,Clock,13,14,24,1,3,209.0046,0.6366212076402112
merged_clock,Clock,13,14,24,1,3,210.0045,0.6387732208544684
merged_clock,Clock,13,14,24,1,3,211.0034,0.6409175188577452
merged_clock,Clock,13,14,24,1,3,212.0034,0.643058549916646
merged_clock,Clock,13,14,24,1,3,213.0024,0.6451917345977031
merged_clock,Clock,13,14,24,1,3,214.004,0.6473247115868536
merged_clock,Clock,13,14,24,1,3,215.0028,0.6494459107882976
merged_clock,Clock,13,14,24,1,3,216.0035,0.6515651884523129
merged_clock,Clock,13,14,24,1,3,217.0036,0.6536772633753463
merged_clock,Clock,13,14,24,1,3,218.0037,0.6557832671392345
merged_clock,Clock,13,14,24,1,3,219.0036,0.6578827829743134
merged_clock,Clock,13,14,24,1,3,220.0041,0.659977376829784
merged_clock,Clock,13,14,24,1,3,221.0049,0.6620663382000559
merged_clock,Clock,13,14,24,1,3,222.0051,0.6641477601933036
merged_clock,Clock,13,14,24,1,3,223.0055,0.6662232362113422
merged_clock,Clock,13,14,24,1,3,224.0052,0.6682908742885202
merged_clock,Clock,13,14,24,1,3,225.0047,0.6703516018592439
merged_clock,Clock,13,14,24,1,3,226.0028,0.6724029535998871
merged_clock,Clock,13,14,24,1,3,227.0046,0.6744552609332656
merged_clock,Clock,13,14,24,1,3,228.0048,0.6764976927550047
merged_clock,Clock,13,14,24,1,3,229.0058,0.6785349993703851
merged_clock,Clock,13,14,24,1,3,229.996,0.6805436866890486
merged_clock,Clock,13,14,24,1,3,231.0059,0.6825854546292727
merged_clock,Clock,13,14,24,1,3,231.9953,0.6845789709869068
merged_clock,Clock,13,14,24,1,3,233.0062,0.6866088128228537
merged_clock,Clock,13,14,24,1,3,234.0062,0.6886097718421993
merged_clock,Clock,13,14,24,1,3,234.9954,0.6905822390770396
merged_clock,Clock,13,14,24,1,3,235.9953,0.6925689758530998
merged_clock,Clock,13,14,24,1,3,237.0062,0.6945703399624882
merged_clock,Clock,13,14,24,1,3,238.0056,0.6965417605188685
merged_clock,Clock,13,14,24,1,3,239.0058,0.6985075364020598
merged_clock,Clock,13,14,24,1,3,240.0071,0.7004682014766004
merged_clock,Clock,13,14,24,1,3,240.9955,0.7023964414747226
merged_clock,Clock,13,14,24,1,3,241.9959,0.7043407744656363
merged_clock,Clock,13,14,24,1,3,242.9959,0.7062769498793658
merged_clock,Clock,13,14,24,1,3,243.9962,0.7082062861973393
merged_clock,Clock,13,14,24,1,3,244.996,0.7101271852708531
merged_clock,Clock,13,14,24,1,3,246.0052,0.7120585332385544
merged_clock,Clock,13,14,24,1,3,247.0047,0.7139637345668943
merged_clock,Clock,13,14,24,1,3,248.005,0.7158628925038574
merged_clock,Clock,13,14,24,1,3,249.0054,0.7177545984695834
merged_clock,Clock,13,14,24,1,3,250.0056,0.7196382696711879
merged_clock,Clock,13,14,27,0,0,0.0110925,0.20002791998607772
merged_clock,Clock,13,14,27,0,0,1.01893,0.2015344473302127
merged_clock,Clock,13,14,27,0,0,2.009226,0.2030230004533128
merged_clock,Clock,13,14,27,0,0,3.010703,0.20453667746787135
merged_clock,Clock,13,14,27,0,0,4.012049,0.20605852264309063
merged_clock,Clock,13,14,27,0,0,5.011549,0.20758590690347706
merged_clock,Clock,13,14,27,0,0,6.011959,0.20912303309989907
merged_clock,Clock,13,14,27,0,0,7.011798,0.21066763048577244
merged_clock,Clock,13,14,27,0,0,8.013364,0.2122232648178051
merged_clock,Clock,13,14,27,0,0,9.012961,0.21378419317647956
merged_clock,Clock,13,14,27,0,0,10.0135,0.2153549455031634
merged_clock,Clock,13,14,27,0,0,11.01286,0.21693218907283504
merged_clock,Clock,13,14,27,0,0,12.01302,0.218519038525558
merged_clock,Clock,13,14,27,0,0,13.01301,0.22011396293886243
merged_clock,Clock,13,14,27,0,0,14.01287,0.22171701562962928
merged_clock,Clock,13,14,27,0,0,15.01381,0.2233301457639931
merged_clock,Clock,13,14,27,0,0,16.01416,0.22495066139810535
merged_clock,Clock,13,14,27,0,0,17.01406,0.22657876896760618
merged_clock,Clock,13,14,27,0,0,18.01282,0.22821332215852103
merged_clock,Clock,13,14,27,0,0,19.01204,0.22985692068436053
merged_clock,Clock,13,14,27,0,0,20.01213,0.2315102503143856
merged_clock,Clock,13,14,27,0,0,21.01253,0.2331723830746818
merged_clock,Clock,13,14,27,0,0,22.01254,0.23484215433312539
merged_clock,Clock,13,14,27,0,0,23.01226,0.23651970396213548
merged_clock,Clock,13,14,27,0,0,24.01391,0.23820876915577197
merged_clock,Clock,13,14,27,0,0,25.01341,0.23990245485835626
merged_clock,Clock,13,14,27,0,0,26.01408,0.241606359264614
merged_clock,Clock,13,14,27,0,0,27.01375,0.24331677746807903
merged_clock,Clock,13,14,27,0,0,28.01477,0.24503771917667383
merged_clock,Clock,13,14,27,0,0,29.01468,0.24676494130068935
merged_clock,Clock,13,14,27,0,0,30.01326,0.24849801484259793
merged_clock,Clock,13,14,27,0,0,31.01198,0.25023946308078193
merged_clock,Clock,13,14,27,0,0,32.01356,0.2519940466537991
merged_clock,Clock,13,14,27,0,0,33.01426,0.25375521113508687
merged_clock,Clock,13,14,27,0,0,34.01423,0.25552318837713045
merged_clock,Clock,13,14,27,0,0,35.01481,0.25730032294419425
merged_clock,Clock,13,14,27,0,0,36.01467,0.2590842335409047
merged_clock,Clock,13,14,27,0,0,37.01414,0.26087546220145735
merged_clock,Clock,13,14,27,0,0,38.0146,0.2626764669345512
merged_clock,Clock,13,14,27,0,0,39.01488,0.2644851380811873
merged_clock,Clock,13,14,27,0,0,40.01426,0.26630011947180887
merged_clock,Clock,13,14,27,0,0,41.01546,0.268126348731194
merged_clock,Clock,13,14,27,0,0,42.01442,0.2699563758369863
merged_clock,Clock,13,14,27,0,0,43.01394,0.27179528868081787
merged_clock,Clock,13,14,27,0,0,44.01429,0.2736435724520189
merged_clock,Clock,13,14,27,0,0,45.01337,0.27549730802773925
merged_clock,Clock,13,14,27,0,0,46.01431,0.2773622747614457
merged_clock,Clock,13,14,27,0,0,47.01359,0.27923189657372827
merged_clock,Clock,13,14,27,0,0,48.01471,0.2811126726939079
merged_clock,Clock,13,14,27,0,0,49.01568,0.28300086168240807
merged_clock,Clock,13,14,27,0,0,50.01482,0.2848932394009335
merged_clock,Clock,13,14,27,0,0,51.01583,0.2867967712050404
merged_clock,Clock,13,14,27,0,0,52.01593,0.2887061426791495
merged_clock,Clock,13,14,27,0,0,53.0158,0.290622606456985
merged_clock,Clock,13,14,27,0,0,54.0154,0.29254603748613894
merged_clock,Clock,13,14,27,0,0,55.01407,0.29447511255261566
merged_clock,Clock,13,14,27,0,0,56.01479,0.2964155655383609
merged_clock,Clock,13,14,27,0,0,57.0152,0.2983627952079787
merged_clock,Clock,13,14,27,0,0,58.01595,0.3003180137542831
merged_clock,Clock,13,14,27,0,0,59.01684,0.3022808098966502
merged_clock,Clock,13,14,27,0,0,60.01731,0.30425002109653104
merged_clock,Clock,13,14,27,0,0,61.01645,0.306223795603329
merged_clock,Clock,13,14,27,0,0,62.01598,0.3082054828714531
merged_clock,Clock,13,14,27,0,0,63.01549,0.31019422251044243
merged_clock,Clock,13,14,27,0,0,64.01623,0.3121924530855401
merged_clock,Clock,13,14,27,0,0,65.01556,0.3141948673700539
merged_clock,Clock,13,14,27,0,0,66.01579,0.31620604932714286
merged_clock,Clock,13,14,27,0,0,67.01708,0.31822625925880776
merged_clock,Clock,13,14,27,0,0,68.01788,0.32025234101706357
merged_clock,Clock,13,14,27,0,0,69.01695,0.32228170083582874
merged_clock,Clock,13,14,27,0,0,70.01685,0.3243194822997903
merged_clock,Clock,13,14,27,0,0,71.01693,0.3263643031246109
merged_clock,Clock,13,14,27,0,0,72.01638,0.32841446466358676
merged_clock,Clock,13,14,27,0,0,73.01495,0.3304693785319265
merged_clock,Clock,13,14,27,0,0,74.01651,0.33253695154311297
merged_clock,Clock,13,14,27,0,0,75.01495,0.33460453939504087
merged_clock,Clock,13,14,27,0,0,76.01586,0.33668362486759146
merged_clock,Clock,13,14,27,0,0,77.01755,0.3387706755825964
merged_clock,Clock,13,14,27,0,0,78.01757,0.3408605344257869
merged_clock,Clock,13,14,27,0,0,79.01694,0.34295522147404295
merged_clock,Clock,13,14,27,0,0,80.01778,0.34505914217375394
merged_clock,Clock,13,14,27,0,0,81.01844,0.3471687795449974
merged_clock,Clock,13,14,27,0,0,82.01799,0.3492820779495409
merged_clock,Clock,13,14,27,0,0,83.01645,0.35139899972903715
merged_clock,Clock,13,14,27,0,0,84.01694,0.35352610190500816
merged_clock,Clock,13,14,27,0,0,85.01832,0.35566092506150465
merged_clock,Clock,13,14,27,0,0,86.01842,0.3577987611636337
merged_clock,Clock,13,14,27,0,0,87.01836,0.3599419252484008
merged_clock,Clock,13,14,27,0,0,88.01799,0.36209003195191336
merged_clock,Clock,13,14,27,1,3,89.01899,0.3642466089045692
merged_clock,Clock,13,14,27,1,3,90.0183,0.3664050062364258
merged_clock,Clock,13,14,27,1,3,91.0181,0.3685698207287145
merged_clock,Clock,13,14,27,1,3,92.01809,0.37074037251725006
merged_clock,Clock,13,14,27,1,3,93.01811,0.3729162241293053
merged_clock,Clock,13,14,27,1,3,94.01764,0.3750961507810755
merged_clock,Clock,13,14,27,1,3,95.01756,0.3772820219542941
merged_clock,Clock,13,14,27,1,3,96.01851,0.37947513855723014
merged_clock,Clock,13,14,27,1,3,97.01912,0.38167245190112503
merged_clock,Clock,13,14,27,1,3,98.01918,0.3838734072893327
merged_clock,Clock,13,14,27,1,3,99.01951,0.38607971948956427
merged_clock,Clock,13,14,27,1,3,100.0196,0.3882901975792396
merged_clock,Clock,13,14,27,1,3,101.0185,0.39050264254612777
merged_clock,Clock,13,14,27,1,3,102.0171,0.39271892255153673
merged_clock,Clock,13,14,27,1,3,103.0192,0.3949474427437538
merged_clock,Clock,13,14,27,1,3,104.0182,0.3971734124412905
merged_clock,Clock,13,14,27,1,3,105.0207,0.3994114544932215
merged_clock,Clock,13,14,27,1,3,106.02,0.40164654850467474
merged_clock,Clock,13,14,27,1,3,107.0095,0.4038637684955926
merged_clock,Clock,13,14,27,1,3,108.0191,0.40613007111277943
merged_clock,Clock,13,14,27,1,3,109.0198,0.40838035712907766
merged_clock,Clock,13,14,27,1,3,110.0191,0.41063132539541053
merged_clock,Clock,13,14,27,1,3,111.0197,0.41288898802969887
merged_clock,Clock,13,14,27,1,3,112.0089,0.415124539701705
merged_clock,Clock,13,14,27,1,3,113.0193,0.4174116020117764
merged_clock,Clock,13,14,27,1,3,114.0192,0.41967840518344324
merged_clock,Clock,13,14,27,1,3,115.0193,0.42194905338933913
merged_clock,Clock,13,14,27,0,0,116.0173,0.4242182322880466
merged_clock,Clock,13,14,27,0,0,117.0192,0.42649949383544883
merged_clock,Clock,13,14,27,0,0,118.0198,0.4287809107015057
merged_clock,Clock,13,14,27,0,0,119.0096,0.43104069533941697
merged_clock,Clock,13,14,27,0,0,120.0098,0.43332715942440403
merged_clock,Clock,13,14,27,0,0,121.0107,0.43561803857278386
merged_clock,Clock,13,14,27,0,0,122.009,0.4379057393327407
merged_clock,Clock,13,14,27,0,0,123.018,0.4402206201540501
merged_clock,Clock,13,14,27,0,0,124.009,0.44249676143076405
merged_clock,Clock,13,14,27,0,0,125.0098,0.4447978559774498
merged_clock,Clock,13,14,27,0,0,126.0095,0.4470987727267101
merged_clock,Clock,13,14,27,0,0,127.0099,0.4494035931085951
merged_clock,Clock,13,14,27,0,0,128.0105,0.4517110280585065
merged_clock,Clock,13,14,27,0,0,129.0213,0.45404411322505617
merged_clock,Clock,13,14,27,0,0,130.0093,0.4563264980074653
merged_clock,Clock,13,14,27,0,0,131.0209,0.45866535046884754
merged_clock,Clock,13,14,27,0,0,132.0093,0.46095227040910597
merged_clock,Clock,13,14,27,0,0,133.009,0.46326706006926044
merged_clock,Clock,13,14,27,0,0,134.0183,0.4656056444320661
merged_clock,Clock,13,14,27,1,2,135.0096,0.4679040180798443
merged_clock,Clock,13,14,27,1,2,136.0103,0.470225566572389
merged_clock,Clock,13,14,27,1,2,137.0105,0.4725472349954156
merged_clock,Clock,13,14,27,1,2,138.0104,0.47486941793594867
merged_clock,Clock,13,14,27,1,2,139.0104,0.4771929010391318
merged_clock,Clock,13,14,27,1,2,140.019,0.4795373444345794
merged_clock,Clock,13,14,27,1,2,141.0098,0.481841309863608
merged_clock,Clock,13,14,27,1,2,142.0099,0.48416770244518414
merged_clock,Clock,13,14,27,1,2,143.0113,0.48649779969960966
merged_clock,Clock,13,14,27,1,2,144.0116,0.4888258912166255
merged_clock,Clock,13,14,27,1,2,145.0109,0.49115215851790406
merged_clock,Clock,13,14,27,1,2,146.0108,0.4934802302132451
merged_clock,Clock,13,14,27,1,2,147.0107,0.49580854915116807
merged_clock,Clock,13,14,27,1,2,148.0109,0.49813776058863274
merged_clock,Clock,13,14,27,1,2,149.0112,0.5004673016012097
merged_clock,Clock,13,14,27,1,2,150.0111,0.5027958629043563
merged_clock,Clock,13,14,27,1,2,151.0102,0.5051224552925481
merged_clock,Clock,13,14,27,1,2,152.0108,0.5074523430644593
merged_clock,Clock,13,14,27,1,2,153.0114,0.509781871654741
merged_clock,Clock,13,14,27,1,2,154.0109,0.5121084184551362
merged_clock,Clock,13,14,27,1,2,155.0107,0.514435150853555
merged_clock,Clock,13,14,27,1,2,156.0103,0.5167607962806364
merged_clock,Clock,13,14,27,1,2,157.0111,0.5190884836067399
merged_clock,Clock,13,14,27,1,2,158.0107,0.5214125759626546
merged_clock,Clock,13,14,27,1,2,159.0117,0.5237390035999755
merged_clock,Clock,13,14,27,1,2,160.0122,0.5260632320395158
merged_clock,Clock,13,14,27,1,2,161.0119,0.5283844543032188
merged_clock,Clock,13,14,27,1,2,162.011,0.5307030691105545
merged_clock,Clock,13,14,27,1,2,163.0109,0.5330221989800268
merged_clock,Clock,13,14,27,1,2,164.0102,0.5353385237071131
merged_clock,Clock,13,14,27,1,2,165.0107,0.5376561163548544
merged_clock,Clock,13,14,27,1,2,166.01,0.5399692934898842
merged_clock,Clock,13,14,27,1,2,167.011,0.5422847014520777
merged_clock,Clock,13,14,27,1,2,168.0117,0.5445975791944312
merged_clock,Clock,13,14,27,1,2,169.0114,0.5469062099806106
merged_clock,Clock,13,14,27,1,2,170.0124,0.5492158511994308
merged_clock,Clock,13,14,27,1,2,171.0132,0.5515228812912796
merged_clock,Clock,13,14,27,1,2,172.0111,0.5538210227096981
merged_clock,Clock,13,14,27,1,2,173.0098,0.5561187253899327
merged_clock,Clock,13,14,27,1,2,174.0115,0.5584209350219212
merged_clock,Clock,13,14,27,1,2,175.0128,0.5607196906756083
merged_clock,Clock,13,14,27,1,2,176.0125,0.563012172039584
merged_clock,Clock,13,14,27,1,2,177.0113,0.5652999386465671
merged_clock,Clock,13,14,27,1,2,178.0124,0.5675901599059551
merged_clock,Clock,13,14,27,1,2,179.0121,0.569874290474778
merged_clock,Clock,13,14,27,1,2,180.0115,0.5721547892972018
merged_clock,Clock,13,14,27,1,2,181.0128,0.5744365350784576
merged_clock,Clock,13,14,27,1,2,182.0121,0.5767105690981769
merged_clock,Clock,13,14,27,1,2,183.0128,0.5789845454190549
merged_clock,Clock,13,14,27,1,2,184.0131,0.5812542761188971
merged_clock,Clock,13,14,27,1,2,185.0134,0.5835205378764174
merged_clock,Clock,13,14,27,1,2,186.0142,0.5857844476051034
merged_clock,Clock,13,14,27,1,2,187.0148,0.5880442570218778
merged_clock,Clock,13,14,27,1,2,188.013,0.5902949633959603
merged_clock,Clock,13,14,27,1,2,189.0133,0.5925466293839368
merged_clock,Clock,13,14,27,1,2,190.0127,0.5947923597362283
merged_clock,Clock,13,14,27,1,2,191.0129,0.5970359423975888
merged_clock,Clock,13,14,27,1,2,192.0126,0.5992743795895769
merged_clock,Clock,13,14,27,1,2,193.0123,0.6015086476570649
merged_clock,Clock,13,14,27,1,2,194.0129,0.6037407019618292
merged_clock,Clock,13,14,27,0,0,195.0138,0.6059691226502294
merged_clock,Clock,13,14,27,0,0,196.0139,0.6081913829152686
merged_clock,Clock,13,14,27,0,0,197.014,0.6104091678738867
merged_clock,Clock,13,14,27,0,0,198.0153,0.6126250262013949
merged_clock,Clock,13,14,27,0,0,199.0154,0.6148335747100704
merged_clock,Clock,13,14,27,0,0,200.0137,0.6170334729994211
merged_clock,Clock,13,14,27,0,0,201.0133,0.6192314367002717
merged_clock,Clock,13,14,27,0,0,202.014,0.6214269329472129
merged_clock,Clock,13,14,27,0,0,203.0149,0.6236178649155323
merged_clock,Clock,13,14,27,0,0,204.0157,0.6258035859294724
merged_clock,Clock,13,14,27,0,0,205.0156,0.6279821935058145
merged_clock,Clock,13,14,27,0,0,206.0157,0.6301560769706054
merged_clock,Clock,13,14,27,0,0,207.0146,0.6323220841750126
merged_clock,Clock,13,14,27,0,0,208.0148,0.6344855660668877
merged_clock,Clock,13,14,27,0,0,209.0162,0.6366462305870869
merged_clock,Clock,13,14,27,0,0,210.0147,0.6387951295699655
merged_clock,Clock,13,14,27,0,0,211.0141,0.6409404501123349
merged_clock,Clock,13,14,27,0,0,212.0139,0.643080996456245
merged_clock,Clock,13,14,27,0,0,213.0145,0.6452175374751148
merged_clock,Clock,13,14,27,0,0,214.0139,0.6473457714501184
merged_clock,Clock,13,14,27,0,0,215.0152,0.6494721872024389
merged_clock,Clock,13,14,27,0,0,216.0154,0.6515903586282803
merged_clock,Clock,13,14,27,0,0,217.0155,0.653702362069296
merged_clock,Clock,13,14,27,0,0,218.0154,0.6558078764716768
merged_clock,Clock,13,14,27,0,0,219.0161,0.657908984037041
merged_clock,Clock,13,14,27,0,0,220.0133,0.6599966107475729
merged_clock,Clock,13,14,27,0,0,221.0157,0.6620888535484826
merged_clock,Clock,13,14,27,0,0,222.016,0.6641704291375291
merged_clock,Clock,13,14,27,0,0,223.0163,0.6662456142182728
merged_clock,Clock,13,14,27,0,0,224.0161,0.6683133717377551
merged_clock,Clock,13,14,27,0,0,225.0156,0.6703740284811107
merged_clock,Clock,13,14,27,0,0,226.0158,0.6724295982259122
merged_clock,Clock,13,14,27,0,0,227.0152,0.6744769509897943
merged_clock,Clock,13,14,27,0,0,228.0145,0.6765174456177
merged_clock,Clock,13,14,27,0,0,229.0143,0.6785522686627664
merged_clock,Clock,13,14,27,0,0,230.015,0.680582158488121
merged_clock,Clock,13,14,27,0,0,231.0147,0.6826031932309236
merged_clock,Clock,13,14,27,0,0,232.0167,0.6846220004346766
merged_clock,Clock,13,14,27,0,0,233.0171,0.6866306810458702
merged_clock,Clock,13,14,27,0,0,234.0177,0.688632752384018
merged_clock,Clock,13,14,27,0,0,235.0167,0.6906246070781188
merged_clock,Clock,13,14,27,0,0,236.0168,0.6926116165705901
merged_clock,Clock,13,14,27,0,0,237.0172,0.6945920806654945
merged_clock,Clock,13,14,27,0,0,238.0165,0.6965632118959992
merged_clock,Clock,13,14,27,0,0,239.0155,0.6985265741869263
merged_clock,Clock,13,14,27,0,0,240.0154,0.7004844249209249
merged_clock,Clock,13,14,27,0,0,241.0162,0.7024367598340301
merged_clock,Clock,13,14,27,0,0,242.0153,0.7043784244557875
merged_clock,Clock,13,14,27,0,0,243.0169,0.7063175520267552
merged_clock,Clock,13,14,27,0,0,244.017,0.7082463206210763
merged_clock,Clock,13,14,27,0,0,245.0175,0.7101684098165181
merged_clock,Clock,13,14,27,0,0,246.0175,0.712082022206467
merged_clock,Clock,13,14,27,0,0,247.0189,0.7139907588493603
merged_clock,Clock,13,14,27,0,0,248.0175,0.7158865707935723
merged_clock,Clock,13,14,27,0,0,249.0157,0.7177740349262252
merged_clock,Clock,13,14,27,0,0,250.0172,0.719660064617628
merged_clock,Clock,13,14,27,0,0,251.0182,0.7215374663075136
merged_clock,Clock,13,14,27,0,0,252.019,0.7234067292780532
merged_clock,Clock,13,14,27,0,0,253.0187,0.7252662111379532
merged_clock,Clock,13,14,27,0,0,254.0191,0.7271191767904722
merged_clock,Clock,13,14,27,0,0,255.0179,0.7289613665465404
merged_clock,Clock,13,14,27,0,0,256.0189,0.7307997510430204
merged_clock,Clock,13,14,27,0,0,257.0168,0.7326246432738311
merged_clock,Clock,13,14,27,0,0,258.0172,0.7344461510558639
merged_clock,Clock,13,14,27,0,0,259.0182,0.7362607657708894
merged_clock,Clock,13,14,27,0,0,260.0174,0.7380642153097061
merged_clock,Clock,13,14,27,0,0,261.0188,0.7398636295356493
merged_clock,Clock,13,14,27,0,0,262.0185,0.7416519589417445
merged_clock,Clock,13,14,27,0,0,263.0108,0.7434191351401732
merged_clock,Clock,13,14,27,0,0,264.0196,0.7452075255981363
merged_clock,Clock,13,14,27,0,0,265.0177,0.7469688877572287
merged_clock,Clock,13,14,27,0,0,266.017,0.7487242653224764
merged_clock,Clock,13,14,27,0,0,267.0185,0.7504753661288618
merged_clock,Clock,13,14,27,0,0,268.0191,0.7522167656788977
merged_clock,Clock,13,14,27,0,0,269.0094,0.7539321711568641
merged_clock,Clock,13,14,27,0,0,270.0097,0.7556567758001502
merged_clock,Clock,13,14,27,0,0,271.0201,0.7573904739407773
merged_clock,Clock,13,14,27,0,0,272.0097,0.7590803376492813
merged_clock,Clock,13,14,27,0,0,273.0197,0.7607967613034281
merged_clock,Clock,13,14,27,0,0,274.0097,0.762471009158841
merged_clock,Clock,13,14,27,0,0,275.0197,0.7641707810436787
merged_clock,Clock,13,14,27,0,0,276.0195,0.7658450468202316
merged_clock,Clock,13,14,27,1,1,277.0191,0.7675107381020244
merged_clock,Clock,13,14,27,1,1,278.0207,0.7691714324766408
merged_clock,Clock,13,14,27,1,1,279.0197,0.7708195879666176
merged_clock,Clock,13,14,27,1,1,280.0204,0.77246215486358
merged_clock,Clock,13,14,27,1,1,281.0213,0.7740967971224442
merged_clock,Clock,13,14,27,1,1,282.0106,0.7757042613581046
merged_clock,Clock,13,14,27,1,1,283.0107,0.7773210470139698
merged_clock,Clock,13,14,27,1,1,284.0201,0.7789443811362063
merged_clock,Clock,13,14,27,1,1,285.0201,0.780544223917008
merged_clock,Clock,13,14,27,1,1,286.0099,0.7821194982516736
merged_clock,Clock,13,14,27,1,1,287.02,0.7837186929535678
merged_clock,Clock,13,14,27,1,1,288.01,0.7852778325802777
merged_clock,Clock,13,14,27,1,1,289.011,0.7868459072600085
merged_clock,Clock,13,14,27,1,1,290.011,0.7884040985860756
merged_clock,Clock,13,14,27,1,1,291.0101,0.7899525720393549
merged_clock,Clock,13,14,27,1,1,292.011,0.7914954316537898
merged_clock,Clock,13,14,27,1,1,293.0103,0.7930275480510908
merged_clock,Clock,13,14,27,1,1,294.011,0.7945533704214187
merged_clock,Clock,13,14,27,1,1,295.0106,0.7960692215705826
merged_clock,Clock,13,14,27,1,1,296.0206,0.7975923880287933
merged_clock,Clock,13,14,27,1,1,297.0204,0.7990917599476147
merged_clock,Clock,13,14,27,1,1,298.0102,0.8005679604590626
merged_clock,Clock,13,14,27,1,1,299.0202,0.8020658802629159
merged_clock,Clock,13,14,27,1,1,300.0211,0.8035418920239146
merged_clock,Clock,13,14,27,1,1,301.0101,0.8049922137545683
merged_clock,Clock,13,14,28,0,0,0.0111128,0.20002795024558104
merged_clock,Clock,13,14,28,0,0,1.009833,0.2015208111981028
merged_clock,Clock,13,14,28,0,0,2.010395,0.20302476240456985
merged_clock,Clock,13,14,28,0,0,3.011393,0.2045377232236439
merged_clock,Clock,13,14,28,0,0,4.0115,0.20605768549853595
merged_clock,Clock,13,14,28,0,0,5.012748,0.20758774380682632
merged_clock,Clock,13,14,28,0,0,6.014083,0.20912630524886355
merged_clock,Clock,13,14,28,0,0,7.013341,0.21067002070425653
merged_clock,Clock,13,14,28,0,0,8.015121,0.21222600212209122
merged_clock,Clock,13,14,28,0,0,9.014697,0.2137869108063883
merged_clock,Clock,13,14,28,0,0,10.01435,0.21535628304177354
merged_clock,Clock,13,14,28,0,0,11.0154,0.21693620787843904
merged_clock,Clock,13,14,28,0,0,12.0133,0.21851948454612602
merged_clock,Clock,13,14,28,0,0,13.01444,0.22011624896684912
merged_clock,Clock,13,14,28,0,0,14.01499,0.2217204234599513
merged_clock,Clock,13,14,28,0,0,15.01424,0.22333084072489956
merged_clock,Clock,13,14,28,0,0,16.01418,0.22495069237559315
merged_clock,Clock,13,14,28,0,0,17.01338,0.22657766052273393
merged_clock,Clock,13,14,28,0,0,18.01521,0.22821724338131888
merged_clock,Clock,13,14,28,0,0,19.01558,0.2298627583657923
merged_clock,Clock,13,14,28,0,0,20.01401,0.23151336400977882
merged_clock,Clock,13,14,28,0,0,21.01581,0.2331778473980763
merged_clock,Clock,13,14,28,0,0,22.01543,0.23484699129175962
merged_clock,Clock,13,14,28,0,0,23.01588,0.2365257936464008
merged_clock,Clock,13,14,28,0,0,24.01619,0.23821262210763072
merged_clock,Clock,13,14,28,0,0,25.01628,0.23990732772387574
merged_clock,Clock,13,14,28,0,0,26.0155,0.24160878144795025
merged_clock,Clock,13,14,28,0,0,27.01602,0.24332067029440246
merged_clock,Clock,13,14,28,0,0,28.01654,0.24504076944149955
merged_clock,Clock,13,14,28,0,0,29.01629,0.24676772862581017
merged_clock,Clock,13,14,28,0,0,30.01612,0.24850299194727896
merged_clock,Clock,13,14,28,0,0,31.01567,0.25024591356957865
merged_clock,Clock,13,14,28,0,0,32.01504,0.2519966455449518
merged_clock,Clock,13,14,28,0,0,33.01624,0.25375870354454905
merged_clock,Clock,13,14,28,0,0,34.0147,0.25552402660711304
merged_clock,Clock,13,14,28,0,0,35.01396,0.2572988154166559
merged_clock,Clock,13,14,28,0,0,36.01606,0.25908671651451304
merged_clock,Clock,13,14,28,0,0,37.01563,0.26087813444750335
merged_clock,Clock,13,14,28,0,0,38.01526,0.26267765758846373
merged_clock,Clock,13,14,28,0,0,39.01506,0.26448546298162723
merged_clock,Clock,13,14,28,0,0,40.0174,0.266305833628668
merged_clock,Clock,13,14,28,0,0,41.01774,0.2681305117811135
merged_clock,Clock,13,14,28,0,0,42.01627,0.2699597724448199
merged_clock,Clock,13,14,28,0,0,43.01559,0.27179833408103937
merged_clock,Clock,13,14,28,0,0,44.01618,0.27364706869420347
merged_clock,Clock,13,14,28,0,0,45.01551,0.2755012870989631
merged_clock,Clock,13,14,28,0,0,46.01629,0.2773659713124817
merged_clock,Clock,13,14,28,0,0,47.01807,0.27924029295646613
merged_clock,Clock,13,14,28,0,0,48.01582,0.2811147624460015
merged_clock,Clock,13,14,28,0,0,49.01778,0.28300483468986887
merged_clock,Clock,13,14,28,0,0,50.01649,0.28489641034175334
merged_clock,Clock,13,14,28,0,0,51.01685,0.28679871190878176
merged_clock,Clock,13,14,28,0,0,52.01536,0.28870505537659114
merged_clock,Clock,13,14,28,0,0,53.01762,0.2906261009663039
merged_clock,Clock,13,14,28,0,0,54.01741,0.29254991331195207
merged_clock,Clock,13,14,28,0,0,55.01841,0.2944835142367705
merged_clock,Clock,13,14,28,0,0,56.01595,0.29641781848711013
merged_clock,Clock,13,14,28,0,0,57.01751,0.2983672958459414
merged_clock,Clock,13,14,28,0,0,58.01589,0.300317894283543
merged_clock,Clock,13,14,28,0,0,59.01643,0.30228000047611936
merged_clock,Clock,13,14,28,0,0,60.01655,0.3042485166638634
merged_clock,Clock,13,14,28,0,0,61.01838,0.3062276156609185
merged_clock,Clock,13,14,28,0,0,62.01884,0.30821116538532123
merged_clock,Clock,13,14,28,0,0,63.01641,0.3101960549844602
merged_clock,Clock,13,14,28,0,0,64.0168,0.31219359765084165
merged_clock,Clock,13,14,28,0,0,65.01732,0.31419840492066986
merged_clock,Clock,13,14,28,0,0,66.01808,0.31621065940145127
merged_clock,Clock,13,14,28,0,0,67.01823,0.3182285721644993
merged_clock,Clock,13,14,28,0,0,68.01816,0.320252897987668
merged_clock,Clock,13,14,28,0,0,69.01759,0.3222830047654361
merged_clock,Clock,13,14,28,0,0,70.01744,0.3243206815094503
merged_clock,Clock,13,14,28,0,0,71.01709,0.32636463124762444
merged_clock,Clock,13,14,28,0,0,72.01596,0.32841360252804486
merged_clock,Clock,13,14,28,0,0,73.01692,0.3304734355997204
merged_clock,Clock,13,14,28,0,0,74.0185,0.33254106871061206
merged_clock,Clock,13,14,28,0,0,75.01855,0.33461199228166055
merged_clock,Clock,13,14,28,0,0,76.01823,0.33668854521208
merged_clock,Clock,13,14,28,0,0,77.01774,0.3387710735867362
merged_clock,Clock,13,14,28,0,0,78.01897,0.34086345652909084
merged_clock,Clock,13,14,28,0,0,79.01764,0.34295669483854313
merged_clock,Clock,13,14,28,0,0,80.01952,0.3450628202585776
merged_clock,Clock,13,14,28,0,0,81.01741,0.34716660502077096
merged_clock,Clock,13,14,28,0,0,82.01808,0.349282271787984
merged_clock,Clock,13,14,28,0,0,83.01849,0.35140334086810726
merged_clock,Clock,13,14,28,0,0,84.01945,0.35353144581832785
merged_clock,Clock,13,14,28,0,0,85.01937,0.3556631726658589
merged_clock,Clock,13,14,28,0,0,86.01777,0.35779737307222975
merged_clock,Clock,13,14,28,0,0,87.0088,0.3599214095167034
merged_clock,Clock,13,14,28,0,0,88.00897,0.36207062854715366
merged_clock,Clock,13,14,28,0,0,89.00903,0.36422513164892933
merged_clock,Clock,13,14,28,0,0,90.00906,0.36638502594465533
merged_clock,Clock,13,14,28,0,0,91.01865,0.3685710116071626
merged_clock,Clock,13,14,28,0,0,92.00906,0.37072075837520957
merged_clock,Clock,13,14,28,0,0,93.01897,0.37291808555131817
merged_clock,Clock,13,14,28,0,0,94.01846,0.37509794993996787
merged_clock,Clock,13,14,28,0,0,95.01842,0.377283892057189
merged_clock,Clock,13,14,28,0,0,96.01799,0.3794740005612845
merged_clock,Clock,13,14,28,0,0,97.01869,0.3816715126390785
merged_clock,Clock,13,14,28,0,0,98.02034,0.3838759622937465
merged_clock,Clock,13,14,28,0,0,99.00938,0.3860573491840629
merged_clock,Clock,13,14,28,0,0,100.0092,0.3882671893835045
merged_clock,Clock,13,14,28,0,0,101.0099,0.39048357892265523
merged_clock,Clock,13,14,28,0,0,102.0094,0.3927018204712043
merged_clock,Clock,13,14,28,0,0,103.0204,0.3949501091241586
merged_clock,Clock,13,14,28,0,0,104.0199,0.3971771900396961
merged_clock,Clock,13,14,28,0,0,105.0094,0.39938620587815415
merged_clock,Clock,13,14,28,0,0,106.0093,0.4016226023856102
merged_clock,Clock,13,14,28,0,0,107.0091,0.4038628787350529
merged_clock,Clock,13,14,28,0,0,108.0092,0.4061078389230194
merged_clock,Clock,13,14,28,0,0,109.0197,0.4083801339053863
merged_clock,Clock,13,14,28,0,0,110.0095,0.41060968795737157
merged_clock,Clock,13,14,28,0,0,111.01,0.41286709100038277
merged_clock,Clock,13,14,28,0,0,112.0107,0.41512859478543035
merged_clock,Clock,13,14,28,0,0,113.0104,0.41739143303948645
merged_clock,Clock,13,14,28,0,0,114.0103,0.4196582055793332
merged_clock,Clock,13,14,28,0,0,115.0095,0.4219267784922673
merged_clock,Clock,13,14,28,0,0,116.01,0.4242016193487424
merged_clock,Clock,13,14,28,0,0,117.0105,0.4264796591680699
merged_clock,Clock,13,14,28,0,0,118.0109,0.42876061408329574
merged_clock,Clock,13,14,28,0,0,119.012,0.43104618569210745
merged_clock,Clock,13,14,28,0,0,120.0113,0.43333057996164814
merged_clock,Clock,13,14,28,0,0,121.0113,0.43561941894359935
merged_clock,Clock,13,14,28,0,0,122.0116,0.437911687167538
merged_clock,Clock,13,14,28,0,0,123.0119,0.44020662679030265
merged_clock,Clock,13,14,28,0,0,124.0118,0.4425031959150895
merged_clock,Clock,13,14,28,0,0,125.0108,0.44480015516754146
merged_clock,Clock,13,14,28,0,0,126.011,0.44710223377070696
merged_clock,Clock,13,14,28,0,0,127.0124,0.44940934363652635
merged_clock,Clock,13,14,28,0,0,128.0108,0.45171173213492016
merged_clock,Clock,13,14,28,0,0,129.0105,0.45401916691088434
merged_clock,Clock,13,14,28,0,0,130.0117,0.45633206974825485
merged_clock,Clock,13,14,28,0,0,131.0111,0.4586426575360398
merged_clock,Clock,13,14,28,0,0,132.0108,0.4609557669462736
merged_clock,Clock,13,14,28,0,0,133.0106,0.46327077113582354
merged_clock,Clock,13,14,28,0,0,134.0097,0.46558573280111204
merged_clock,Clock,13,14,28,0,0,135.0104,0.46790589368865815
merged_clock,Clock,13,14,28,0,0,136.0105,0.4702260268927091
merged_clock,Clock,13,14,28,0,0,137.011,0.4725484041241424
merged_clock,Clock,13,14,28,0,0,138.0112,0.4748712611020442
merged_clock,Clock,13,14,28,0,0,139.0102,0.47719240458057266
merged_clock,Clock,13,14,28,0,0,140.0111,0.47951896802556254
merged_clock,Clock,13,14,28,0,0,141.0099,0.48184155828237457
merged_clock,Clock,13,14,28,0,0,142.0102,0.48416837693827
merged_clock,Clock,13,14,28,0,0,143.0106,0.4864961662696429
merged_clock,Clock,13,14,28,0,0,144.012,0.4888268146720811
merged_clock,Clock,13,14,28,0,0,145.0106,0.49115148355932714
merged_clock,Clock,13,14,28,0,0,146.012,0.49348300149274915
merged_clock,Clock,13,14,28,0,0,147.0115,0.49581043238786354
merged_clock,Clock,13,14,28,0,0,148.0123,0.49814102978764
merged_clock,Clock,13,14,28,0,0,149.012,0.5004691494333114
merged_clock,Clock,13,14,28,0,0,150.0118,0.502797497475355
merged_clock,Clock,13,14,28,0,0,151.0124,0.505127607364459
merged_clock,Clock,13,14,28,0,0,152.0128,0.5074569971492495
merged_clock,Clock,13,14,28,0,0,153.0126,0.5097846778658193
merged_clock,Clock,13,14,28,0,0,154.0121,0.5121112240942546
merged_clock,Clock,13,14,28,0,0,155.012,0.5144381688328917
merged_clock,Clock,13,14,28,0,0,156.0126,0.5167661560739932
merged_clock,Clock,13,14,28,0,0,157.013,0.5190929190392259
merged_clock,Clock,13,14,28,0,0,158.0121,0.5214158392102454
merged_clock,Clock,13,14,28,0,0,159.0126,0.523741095454098
merged_clock,Clock,13,14,28,0,0,160.0124,0.5260636927427054
merged_clock,Clock,13,14,28,0,0,161.0119,0.5283844543032188
merged_clock,Clock,13,14,28,0,0,162.013,0.5307077066743491
merged_clock,Clock,13,14,28,0,0,163.0129,0.5330268337917548
merged_clock,Clock,13,14,28,0,0,164.0133,0.5353457366820554
merged_clock,Clock,13,14,28,0,0,165.0129,0.5376612044052123
merged_clock,Clock,13,14,28,0,0,166.0124,0.5399748721784601
merged_clock,Clock,13,14,28,0,0,167.0136,0.5422906992357123
merged_clock,Clock,13,14,28,0,0,168.0131,0.5446008224274415
merged_clock,Clock,13,14,28,0,0,169.0124,0.5469085346663167
merged_clock,Clock,13,14,28,0,0,170.0131,0.5492174699835218
merged_clock,Clock,13,14,28,0,0,171.0138,0.5515242524503611
merged_clock,Clock,13,14,28,0,0,172.0135,0.5538265722197094
merged_clock,Clock,13,14,28,0,0,173.014,0.5561284095510275
merged_clock,Clock,13,14,28,0,0,174.0137,0.5584259822354213
merged_clock,Clock,13,14,28,0,0,175.0137,0.560721756335755
merged_clock,Clock,13,14,28,0,0,176.0139,0.5630153893586307
merged_clock,Clock,13,14,28,0,0,177.0143,0.565306784750016
merged_clock,Clock,13,14,28,0,0,178.0135,0.5675926716891952
merged_clock,Clock,13,14,28,0,0,179.0138,0.5698781578517129
merged_clock,Clock,13,14,28,0,0,180.0135,0.5721593474665975
merged_clock,Clock,13,14,28,0,0,181.0143,0.5744399403484532
merged_clock,Clock,13,14,28,0,0,182.0144,0.5767158086133672
merged_clock,Clock,13,14,28,0,0,183.0134,0.578985896710299
merged_clock,Clock,13,14,28,0,0,184.0142,0.5812567670872938
merged_clock,Clock,13,14,28,0,0,185.0128,0.5835191906701936
merged_clock,Clock,13,14,28,0,0,186.0135,0.5857828610986252
merged_clock,Clock,13,14,28,0,0,187.0139,0.5880422254488274
merged_clock,Clock,13,14,28,0,0,188.0138,0.5902967509656027
merged_clock,Clock,13,14,28,0,0,189.015,0.5925504386589479
merged_clock,Clock,13,14,28,0,0,190.0154,0.5947984233952777
merged_clock,Clock,13,14,28,0,0,191.0153,0.5970413454908614
merged_clock,Clock,13,14,28,0,0,192.015,0.5992797386795375
merged_clock,Clock,13,14,28,0,0,193.0144,0.6015133493962526
merged_clock,Clock,13,14,28,0,0,194.0154,0.6037462788540996
merged_clock,Clock,13,14,28,0,0,195.0154,0.6059726862498107
merged_clock,Clock,13,14,28,0,0,196.0153,0.6081944990842122
merged_clock,Clock,13,14,28,0,0,197.0166,0.6104149142900526
merged_clock,Clock,13,14,28,0,0,198.0156,0.6126256671147172
merged_clock,Clock,13,14,28,0,0,199.0165,0.6148359982909668
merged_clock,Clock,13,14,28,0,0,200.0164,0.617039418125437
merged_clock,Clock,13,14,28,0,0,201.0146,0.6192342854343955
merged_clock,Clock,13,14,28,0,0,202.0159,0.6214310794320095
merged_clock,Clock,13,14,28,0,0,203.0147,0.6236174311944455
merged_clock,Clock,13,14,28,0,0,204.015,0.6258020547877393
merged_clock,Clock,13,14,28,0,0,205.0149,0.6279806659791904
merged_clock,Clock,13,14,28,0,0,206.0154,0.6301554144241902
merged_clock,Clock,13,14,28,0,0,207.0155,0.6323240339161782
merged_clock,Clock,13,14,28,0,0,208.0162,0.6344885987908184
merged_clock,Clock,13,14,28,0,0,209.0153,0.6366442905953168
merged_clock,Clock,13,14,28,0,0,210.0164,0.6387988028310109
merged_clock,Clock,13,14,28,0,0,211.0156,0.6409436558569575
merged_clock,Clock,13,14,28,0,0,212.0163,0.6430861186163568
merged_clock,Clock,13,14,28,0,0,213.0176,0.6452241426156362
merged_clock,Clock,13,14,28,0,0,214.0176,0.6473536241339523
merged_clock,Clock,13,14,28,0,0,215.0165,0.6494749377598762
merged_clock,Clock,13,14,28,0,0,216.0159,0.6515914235016869
merged_clock,Clock,13,14,28,0,0,217.0159,0.6537031986776964
merged_clock,Clock,13,14,28,0,0,218.0158,0.655808710671686
merged_clock,Clock,13,14,28,0,0,219.0164,0.6579096238555845
merged_clock,Clock,13,14,28,0,0,220.0166,0.6600035003808461
merged_clock,Clock,13,14,28,0,0,221.016,0.6620894895646068
merged_clock,Clock,13,14,28,0,0,222.0175,0.6641735361506613
merged_clock,Clock,13,14,28,0,0,223.0178,0.6662487432866918
merged_clock,Clock,13,14,28,0,0,224.0176,0.66831645956296
merged_clock,Clock,13,14,28,0,0,225.018,0.6703789911301735
merged_clock,Clock,13,14,28,0,0,226.0181,0.6724343258871676
merged_clock,Clock,13,14,28,0,0,227.018,0.6744826932680729
merged_clock,Clock,13,14,28,0,0,228.0176,0.6765237601796219
merged_clock,Clock,13,14,28,0,0,229.0186,0.678561011637194
merged_clock,Clock,13,14,28,0,0,230.0179,0.6805880294701305
merged_clock,Clock,13,14,28,0,0,231.0177,0.6826092599573389
merged_clock,Clock,13,14,28,0,0,232.0178,0.6846242408256266
merged_clock,Clock,13,14,28,0,0,233.018,0.6866324855195312
merged_clock,Clock,13,14,28,0,0,234.017,0.6886313504147111
merged_clock,Clock,13,14,28,0,0,235.0178,0.6906268240968044
merged_clock,Clock,13,14,28,0,0,236.0177,0.692613402022136
merged_clock,Clock,13,14,28,0,0,237.0187,0.694595065798342
merged_clock,Clock,13,14,28,0,0,238.0185,0.6965671475599519
merged_clock,Clock,13,14,28,0,0,239.0183,0.6985320519135234
merged_clock,Clock,13,14,28,0,0,240.0186,0.7004906875130318
merged_clock,Clock,13,14,28,0,0,241.0184,0.7024410380897419
merged_clock,Clock,13,14,28,0,0,242.0192,0.7043859718784493
merged_clock,Clock,13,14,28,0,0,243.018,0.7063196749246473
merged_clock,Clock,13,14,28,0,0,244.0168,0.7082459387966354
merged_clock,Clock,13,14,28,0,0,245.0174,0.7101682050189777
merged_clock,Clock,13,14,28,0,0,246.0177,0.7120824010514349
merged_clock,Clock,13,14,28,0,0,247.0178,0.7139886689487142
merged_clock,Clock,13,14,28,0,0,248.0176,0.715886744256505
merged_clock,Clock,13,14,28,0,0,249.0175,0.717777432623391
merged_clock,Clock,13,14,28,0,0,250.0193,0.7196640220101042
merged_clock,Clock,13,14,28,0,0,251.0192,0.7215393226481057
merged_clock,Clock,13,14,28,0,0,252.0187,0.7234061889001853
merged_clock,Clock,13,14,28,1,3,253.0184,0.7252656446908886
merged_clock,Clock,13,14,28,1,3,254.0191,0.7271191767904722
merged_clock,Clock,13,14,28,1,3,255.0188,0.7289630234851778
merged_clock,Clock,13,14,28,1,3,256.019,0.7307999747519177
merged_clock,Clock,13,14,28,1,3,257.009,0.7326103872061203
merged_clock,Clock,13,14,28,1,3,258.009,0.7344312360936405
merged_clock,Clock,13,14,28,1,3,259.0089,0.7362439839770389
merged_clock,Clock,13,14,28,1,3,260.0201,0.7380691066277908
merged_clock,Clock,13,14,28,1,3,261.0089,0.7398459016520287
merged_clock,Clock,13,14,28,1,3,262.0198,0.7416543011312222
merged_clock,Clock,13,14,28,1,3,263.0199,0.743435294153535
merged_clock,Clock,13,14,28,1,3,264.0095,0.7451896586089476
merged_clock,Clock,13,14,28,1,3,265.0092,0.746953896478468
merged_clock,Clock,13,14,28,1,3,266.0198,0.7487291857970721
merged_clock,Clock,13,14,28,1,3,267.02,0.7504779746476254
merged_clock,Clock,13,14,28,1,3,268.0094,0.7521999156177825
merged_clock,Clock,13,14,28,1,3,269.0094,0.7539321711568641
merged_clock,Clock,13,14,28,1,3,270.0103,0.7556578255934038
merged_clock,Clock,13,14,28,1,3,271.01,0.7573731831151167
merged_clock,Clock,13,14,28,1,3,272.0204,0.7590985332487638
merged_clock,Clock,13,14,28,1,3,273.0203,0.7607977442688295
merged_clock,Clock,13,14,28,1,3,274.0092,0.7624701338950484
merged_clock,Clock,13,14,28,1,3,275.0203,0.7641717544419123
merged_clock,Clock,13,14,28,1,3,276.0095,0.7658283251983816
merged_clock,Clock,13,14,28,1,3,277.0092,0.7674942515064086
merged_clock,Clock,13,14,28,1,3,278.0089,0.7691519491834312
merged_clock,Clock,13,14,28,1,3,279.011,0.7708052246291015
merged_clock,Clock,13,14,28,1,3,280.0101,0.7724453156571478
merged_clock,Clock,13,14,28,1,3,281.0095,0.7740775577344956
merged_clock,Clock,13,14,28,1,3,282.0099,0.7757031237429975
merged_clock,Clock,13,14,28,1,3,283.0117,0.7773226216421235
merged_clock,Clock,13,14,28,1,3,284.0094,0.7789271990163725
merged_clock,Clock,13,14,28,1,3,285.0087,0.7805260110373401
merged_clock,Clock,13,14,28,1,3,286.0101,0.7821198373602767
merged_clock,Clock,13,14,28,1,3,287.0098,0.7837025981052154
merged_clock,Clock,13,14,28,1,3,288.0103,0.7852783119266004
merged_clock,Clock,13,14,28,1,3,289.0108,0.7868456211820744
merged_clock,Clock,13,14,28,1,3,290.0102,0.7884028655382258
merged_clock,Clock,13,14,28,1,3,291.0107,0.7899535154422334
merged_clock,Clock,13,14,28,1,3,292.0105,0.7914946810096858
merged_clock,Clock,13,14,28,1,3,293.0114,0.7930292278277755
merged_clock,Clock,13,14,28,1,2,294.0107,0.7945529527695163
merged_clock,Clock,13,14,28,1,2,295.0113,0.7960702830464802
merged_clock,Clock,13,14,28,1,2,296.0103,0.7975769212577705
merged_clock,Clock,13,14,28,1,2,297.0109,0.7990775655879129
merged_clock,Clock,13,14,28,1,2,298.0119,0.8005705021843912
merged_clock,Clock,13,14,28,1,2,299.0108,0.8020519793782299
merged_clock,Clock,13,14,28,1,2,300.0102,0.8035258702865897
merged_clock,Clock,13,14,28,1,2,301.0107,0.8049931062837128
merged_clock,Clock,14,15,22,0,0,0.0,0.2010482105758185
merged_clock,Clock,14,15,22,0,0,1.000974,0.20253284060394702
merged_clock,Clock,14,15,22,0,0,2.003568,0.2040280564920667
merged_clock,Clock,14,15,22,0,0,2.999172,0.20552095619814226
merged_clock,Clock,14,15,22,0,0,4.004295,0.2070363282661785
merged_clock,Clock,14,15,22,0,0,4.999187,0.20854439072238343
merged_clock,Clock,14,15,22,0,0,6.004433,0.21007634924727925
merged_clock,Clock,14,15,22,0,0,7.008282,0.21161440614145874
merged_clock,Clock,14,15,22,0,0,8.002911,0.21314644471619554
merged_clock,Clock,14,15,22,0,0,9.006618,0.21470064908852532
merged_clock,Clock,14,15,22,0,0,10.00285,0.2162514053246775
merged_clock,Clock,14,15,22,0,0,11.00888,0.2178256274499376
merged_clock,Clock,14,15,22,0,0,12.00174,0.21938733273646938
merged_clock,Clock,14,15,22,0,0,13.00911,0.22098007070995251
merged_clock,Clock,14,15,22,0,0,14.00245,0.22255871955747816
merged_clock,Clock,14,15,22,0,0,15.00674,0.22416293669755835
merged_clock,Clock,14,15,22,0,0,16.0,0.22575760668085995
merged_clock,Clock,14,15,22,0,0,17.00529,0.22737975469850571
merged_clock,Clock,14,15,22,0,0,18.00072,0.2289940817453239
merged_clock,Clock,14,15,22,0,0,19.00576,0.23063215253555472
merged_clock,Clock,14,15,22,0,0,20.00023,0.23226105374532713
merged_clock,Clock,14,15,22,0,0,21.00535,0.2339155331716969
merged_clock,Clock,14,15,22,0,0,21.99837,0.2355581172424659
merged_clock,Clock,14,15,22,0,0,23.00469,0.23723082791788988
merged_clock,Clock,14,15,22,0,0,23.99946,0.23889236438991557
merged_clock,Clock,14,15,22,0,0,25.00485,0.24057973440325678
merged_clock,Clock,14,15,22,1,1,25.99836,0.24225514562440761
merged_clock,Clock,14,15,22,1,1,27.00395,0.24395899476695554
merged_clock,Clock,14,15,22,1,1,28.00946,0.24567080560242685
merged_clock,Clock,14,15,22,1,1,29.00419,0.24737221530486622
merged_clock,Clock,14,15,22,1,1,30.00806,0.24909725973706434
merged_clock,Clock,14,15,22,1,1,31.00277,0.2508144730023602
merged_clock,Clock,14,15,22,1,1,32.00785,0.2525575721996223
merged_clock,Clock,14,15,22,1,1,33.00269,0.25429078820702516
merged_clock,Clock,14,15,22,1,1,34.00766,0.2560495958707191
merged_clock,Clock,14,15,22,1,1,35.00272,0.2577989007070337
merged_clock,Clock,14,15,22,1,1,36.00747,0.25957313471524723
merged_clock,Clock,14,15,22,1,1,36.9996,0.26133284803197426
merged_clock,Clock,14,15,22,1,1,38.00627,0.26312621376017986
merged_clock,Clock,14,15,22,1,1,38.99976,0.26490383178292565
merged_clock,Clock,14,15,22,1,1,40.00533,0.2667108692752546
merged_clock,Clock,14,15,22,1,1,40.99976,0.26850558421688026
merged_clock,Clock,14,15,22,1,1,42.00514,0.270327809324632
merged_clock,Clock,14,15,22,1,1,42.99894,0.27213668230612376
merged_clock,Clock,14,15,22,1,1,44.00431,0.27397430639217857
merged_clock,Clock,14,15,22,1,1,44.99878,0.27579958468965743
merged_clock,Clock,14,15,22,1,1,46.00489,0.27765387445597783
merged_clock,Clock,14,15,22,1,1,47.0092,0.27951248043762317
merged_clock,Clock,14,15,22,1,1,48.00323,0.2813595397950032
merged_clock,Clock,14,15,22,1,1,49.00968,0.283237225667703
merged_clock,Clock,14,15,22,1,1,50.0032,0.2850981996151607
merged_clock,Clock,14,15,22,1,1,51.00922,0.2869900596406294
merged_clock,Clock,14,15,22,1,1,52.0018,0.2888639786743472
merged_clock,Clock,14,15,22,1,1,53.0089,0.2907727140355365
merged_clock,Clock,14,15,22,1,1,54.00255,0.29266323025189744
merged_clock,Clock,14,15,22,1,1,55.00832,0.29458413034630454
merged_clock,Clock,14,15,22,1,1,56.00201,0.29648914839134893
merged_clock,Clock,14,15,22,1,1,57.00761,0.29842423451194877
merged_clock,Clock,14,15,22,1,1,57.99846,0.3003380134143678
merged_clock,Clock,14,15,22,1,1,59.00563,0.3022904783715904
merged_clock,Clock,14,15,22,1,1,60.0009,0.3042269176411824
merged_clock,Clock,14,15,22,1,1,61.00551,0.3061885853941404
merged_clock,Clock,14,15,22,1,1,61.99966,0.30813677311473237
merged_clock,Clock,14,15,22,1,1,63.0064,0.310116616022259
merged_clock,Clock,14,15,22,1,1,63.99938,0.3120762320642561
merged_clock,Clock,14,15,22,1,1,65.00513,0.31406792904009034
merged_clock,Clock,14,15,22,1,1,65.9985,0.316041857234189
merged_clock,Clock,14,15,22,1,1,67.00328,0.31804523455212363
merged_clock,Clock,14,15,22,1,1,68.00936,0.3200579676726559
merged_clock,Clock,14,15,22,1,1,69.00479,0.322056009044716
merged_clock,Clock,14,15,22,1,1,70.00838,0.32407702971588975
merged_clock,Clock,14,15,22,1,1,71.00202,0.3260845157469892
merged_clock,Clock,14,15,22,1,1,72.00929,0.3281260620301573
merged_clock,Clock,14,15,22,1,1,73.00296,0.3301464254761517
merged_clock,Clock,14,15,22,1,1,74.00823,0.3321967832991918
merged_clock,Clock,14,15,22,1,1,75.00237,0.3342307119547701
merged_clock,Clock,14,15,22,1,1,76.00737,0.3362931361420646
merged_clock,Clock,14,15,22,1,1,77.00177,0.3383399731511488
merged_clock,Clock,14,15,22,1,1,78.00689,0.340415041356749
merged_clock,Clock,14,15,22,1,1,79.00884,0.34248968292951854
merged_clock,Clock,14,15,22,1,1,80.00656,0.34456155741951816
merged_clock,Clock,14,15,22,1,1,80.99937,0.3466291111668943
merged_clock,Clock,14,15,22,1,1,82.00517,0.3487296592039942
merged_clock,Clock,14,15,22,1,1,82.99969,0.35081242124373235
merged_clock,Clock,14,15,22,1,1,84.00191,0.3529170859595882
merged_clock,Clock,14,15,22,1,1,84.99885,0.3550163400410066
merged_clock,Clock,14,15,22,1,1,86.0044,0.35713939974083164
merged_clock,Clock,14,15,22,1,1,86.99889,0.35924463454615285
merged_clock,Clock,14,15,22,1,1,88.00349,0.3613767697982015
merged_clock,Clock,14,15,22,1,1,89.00752,0.3635131937117008
merged_clock,Clock,14,15,22,1,1,90.00366,0.36563815060512866
merged_clock,Clock,14,15,22,1,1,91.008,0.3677859121419929
merged_clock,Clock,14,15,22,1,1,92.0039,0.3699208054551431
merged_clock,Clock,14,15,22,1,1,93.00881,0.37208019915901963
merged_clock,Clock,14,15,22,1,1,94.0022,0.37421985181590417
merged_clock,Clock,14,15,22,1,1,95.00798,0.3763912296081884
merged_clock,Clock,14,15,22,1,1,96.00266,0.3785435374964494
merged_clock,Clock,14,15,22,1,1,97.00711,0.3807218409803526
merged_clock,Clock,14,15,22,1,1,98.00116,0.3828823303211733
merged_clock,Clock,14,15,22,1,1,99.00732,0.38507385708252767
merged_clock,Clock,14,15,22,1,1,100.0006,0.3872419328104895
merged_clock,Clock,14,15,22,1,1,101.0059,0.38944077803983396
merged_clock,Clock,14,15,22,1,1,101.9992,0.39161781593467326
merged_clock,Clock,14,15,22,1,1,103.0059,0.39382862479258657
merged_clock,Clock,14,15,22,1,1,103.9993,0.39601450032741226
merged_clock,Clock,14,15,22,1,1,105.0047,0.3982310206966276
merged_clock,Clock,14,15,22,1,1,105.9986,0.40042628618783865
merged_clock,Clock,14,15,22,1,1,107.0035,0.40264993947676286
merged_clock,Clock,14,15,22,1,1,107.9985,0.4048556136298412
merged_clock,Clock,14,15,22,1,1,109.0031,0.4070864852400406
merged_clock,Clock,14,15,22,1,1,110.0076,0.4093209742261502
merged_clock,Clock,14,15,22,1,1,111.0022,0.4115371308263864
merged_clock,Clock,14,15,22,1,1,112.008,0.4137819146380043
merged_clock,Clock,14,15,22,1,1,113.0031,0.41600632296164775
merged_clock,Clock,14,15,22,1,1,114.0076,0.4182552346393443
merged_clock,Clock,14,15,22,1,1,114.9989,0.4204779333090342
merged_clock,Clock,14,15,22,1,1,116.0066,0.4227407034067721
merged_clock,Clock,14,15,22,1,1,117.0013,0.42497746561520133
merged_clock,Clock,14,15,22,1,1,118.0067,0.42724142350881983
merged_clock,Clock,14,15,22,1,1,119.0003,0.4294818030693273
merged_clock,Clock,14,15,22,1,1,120.0045,0.4317490335726789
merged_clock,Clock,14,15,22,1,1,121.0003,0.43400010987626153
merged_clock,Clock,14,15,22,1,1,122.0044,0.43627272825986957
merged_clock,Clock,14,15,22,1,1,122.9991,0.43852669790271825
merged_clock,Clock,14,15,22,1,1,124.0044,0.44080727809248105
merged_clock,Clock,14,15,22,1,1,124.9989,0.4430658114428218
merged_clock,Clock,14,15,22,1,1,126.0041,0.44535103077274074
merged_clock,Clock,14,15,22,1,1,127.0092,0.4476383547104045
merged_clock,Clock,14,15,22,1,1,128.0039,0.44990419791823355
merged_clock,Clock,14,15,22,1,1,129.0084,0.45219446665085794
merged_clock,Clock,14,15,22,1,1,130.0032,0.4544646062415341
merged_clock,Clock,14,15,22,1,1,131.0085,0.4567606269067711
merged_clock,Clock,14,15,22,1,1,132.0024,0.4590324226220904
merged_clock,Clock,14,15,22,1,1,133.0067,0.46132973567353763
merged_clock,Clock,14,15,22,1,1,134.0019,0.4636078676595596
merged_clock,Clock,14,15,22,1,1,135.0055,0.46590671461221617
merged_clock,Clock,14,15,22,1,1,136.001,0.46818850365315917
merged_clock,Clock,14,15,22,1,1,137.007,0.47049567194510566
merged_clock,Clock,14,15,22,1,1,138.0008,0.4727760834631638
merged_clock,Clock,14,15,22,1,1,139.0064,0.4750847521024034
merged_clock,Clock,14,15,22,1,1,140.0006,0.47736830018053855
merged_clock,Clock,14,15,22,1,1,141.0053,0.47967692202075246
merged_clock,Clock,14,15,22,1,1,141.9996,0.4819625218470247
merged_clock,Clock,14,15,22,1,1,143.0043,0.48427277441646055
merged_clock,Clock,14,15,22,1,1,143.9991,0.486560918473844
merged_clock,Clock,14,15,22,1,1,145.0036,0.48887195557052715
merged_clock,Clock,14,15,22,1,1,146.009,0.49118554031129696
merged_clock,Clock,14,15,22,1,1,147.0034,0.49347418050382974
merged_clock,Clock,14,15,22,1,1,148.0084,0.4957875056576852
merged_clock,Clock,14,15,22,1,1,149.0029,0.49807680912399566
merged_clock,Clock,14,15,22,1,1,150.0071,0.500388533904143
merged_clock,Clock,14,15,22,1,1,151.0033,0.5026818361276612
merged_clock,Clock,14,15,22,1,1,152.0067,0.5049916037532203
merged_clock,Clock,14,15,22,1,1,153.0012,0.5072806837246038
merged_clock,Clock,14,15,22,1,1,154.0069,0.5095951970100546
merged_clock,Clock,14,15,22,1,1,155.0018,0.5118844783715044
merged_clock,Clock,14,15,22,1,1,156.005,0.514192354926765
merged_clock,Clock,14,15,22,1,1,157.0015,0.5164841874045579
merged_clock,Clock,14,15,22,1,1,158.0064,0.5187946542583867
merged_clock,Clock,14,15,22,1,1,158.9998,0.5210779141430001
merged_clock,Clock,14,15,22,1,1,160.0075,0.5233931356522012
merged_clock,Clock,14,15,22,1,1,160.9989,0.5256699007495956
merged_clock,Clock,14,15,22,1,1,162.0055,0.5279804759549818
merged_clock,Clock,14,15,22,1,1,162.9993,0.5302605245879423
merged_clock,Clock,14,15,22,1,1,164.0038,0.5325638303577734
merged_clock,Clock,14,15,22,1,1,165.009,0.5348673569893144
merged_clock,Clock,14,15,22,1,1,166.0014,0.5371400885283055
merged_clock,Clock,14,15,22,1,1,167.0084,0.5394446852568889
merged_clock,Clock,14,15,22,1,1,168.0029,0.5417189933807622
merged_clock,Clock,14,15,22,1,1,168.9988,0.5439947710588696
merged_clock,Clock,14,15,22,1,1,170.0026,0.5462867529907255
merged_clock,Clock,14,15,22,1,1,171.0087,0.5485820286515604
merged_clock,Clock,14,15,22,1,1,172.002,0.5508460726085062
merged_clock,Clock,14,15,22,1,1,173.0081,0.5531371504516777
merged_clock,Clock,14,15,22,1,1,174.0015,0.555397072366118
merged_clock,Clock,14,15,22,1,1,175.0074,0.5576831259175115
merged_clock,Clock,14,15,22,1,1,176.0012,0.5599392828000337
merged_clock,Clock,14,15,22,1,1,177.0057,0.5622172087729729
merged_clock,Clock,14,15,22,1,1,178.0003,0.564470096222487
merged_clock,Clock,14,15,22,1,1,179.0055,0.5667442686171604
merged_clock,Clock,14,15,22,1,1,180.0004,0.568992408266003
merged_clock,Clock,14,15,22,1,1,181.0063,0.571262519974555
merged_clock,Clock,14,15,22,1,1,181.9992,0.573500355652015
merged_clock,Clock,14,15,22,1,1,183.0047,0.5757635001995943
merged_clock,Clock,14,15,22,1,1,183.9991,0.577998556287021
merged_clock,Clock,14,15,22,1,1,185.0039,0.5802537615881166
merged_clock,Clock,14,15,22,1,1,185.9996,0.5824852203058019
merged_clock,Clock,14,15,22,1,1,187.0029,0.5847302973133397
merged_clock,Clock,14,15,22,1,1,188.0091,0.5869783343878905
merged_clock,Clock,14,15,22,1,1,189.0034,0.5891962583425809
merged_clock,Clock,14,15,22,1,1,190.0086,0.5914348047295478
merged_clock,Clock,14,15,22,1,1,191.0028,0.593645127358294
merged_clock,Clock,14,15,22,1,1,192.0077,0.5958753821636777
merged_clock,Clock,14,15,22,1,1,193.0021,0.5980784460919064
merged_clock,Clock,14,15,22,1,1,194.0079,0.6003027406321201
merged_clock,Clock,14,15,22,1,1,195.0012,0.6024953467416649
merged_clock,Clock,14,15,22,1,1,196.0064,0.6047100096993745
merged_clock,Clock,14,15,22,1,1,197.0011,0.6068973550434201
merged_clock,Clock,14,15,22,1,1,198.0061,0.6091030031278801
merged_clock,Clock,14,15,22,1,1,199.0004,0.61128076438274
merged_clock,Clock,14,15,22,1,1,200.0061,0.6134790142998197
merged_clock,Clock,14,15,22,1,1,200.9999,0.6156466826425664
merged_clock,Clock,14,15,22,1,1,202.0023,0.6178285124854894
merged_clock,Clock,14,15,22,1,1,202.9989,0.6199929890670602
merged_clock,Clock,14,15,22,1,1,204.004,0.6221711017164484
merged_clock,Clock,14,15,22,1,1,204.9987,0.6243218520660229
merged_clock,Clock,14,15,22,1,1,206.0042,0.6264909553395513
merged_clock,Clock,14,15,22,1,1,207.0072,0.6286496372314936
merged_clock,Clock,14,15,22,1,1,208.0036,0.6307890262230965
merged_clock,Clock,14,15,22,1,1,208.9984,0.6329198591816203
merged_clock,Clock,14,15,22,1,1,210.0027,0.6350657968718969
merged_clock,Clock,14,15,22,1,1,211.0065,0.6372053085039516
merged_clock,Clock,14,15,22,1,1,212.0023,0.6393224231009705
merged_clock,Clock,14,15,22,1,1,213.0079,0.6414548819875714
merged_clock,Clock,14,15,22,1,1,214.0013,0.6435559772260848
merged_clock,Clock,14,15,22,1,1,215.0067,0.6456768601050357
merged_clock,Clock,14,15,22,1,1,216.0005,0.6477676655974464
merged_clock,Clock,14,15,22,1,1,217.0071,0.6498796159146885
merged_clock,Clock,14,15,22,1,1,217.9998,0.6519566939787363
merged_clock,Clock,14,15,22,1,1,219.0065,0.6540571636804586
merged_clock,Clock,14,15,22,1,1,220.0002,0.6561246329799485
merged_clock,Clock,14,15,22,1,1,221.005,0.6582092160592984
merged_clock,Clock,14,15,22,1,1,221.9992,0.6602658005021168
merged_clock,Clock,14,15,22,1,1,223.004,0.6623381674993014
merged_clock,Clock,14,15,22,1,1,223.9989,0.6643840168268033
merged_clock,Clock,14,15,22,1,1,225.0036,0.6664437661683985
merged_clock,Clock,14,15,22,1,1,225.9981,0.6684763503918612
merged_clock,Clock,14,15,22,1,1,227.003,0.6705238738810593
merged_clock,Clock,14,15,22,1,1,227.9983,0.6725454515918111
merged_clock,Clock,14,15,22,1,1,229.0027,0.6745790292593361
merged_clock,Clock,14,15,22,1,1,230.0077,0.6766072803452086
merged_clock,Clock,14,15,22,1,1,231.0015,0.6786063889838366
merged_clock,Clock,14,15,22,1,1,232.0083,0.6806250269921748
merged_clock,Clock,14,15,22,1,1,232.9994,0.6826055920011797
merged_clock,Clock,14,15,22,1,1,234.0069,0.684612150775985
merged_clock,Clock,14,15,22,1,1,235.0008,0.6865849091059221
merged_clock,Clock,14,15,22,1,1,236.0067,0.6885746545282379
merged_clock,Clock,14,15,22,1,1,237.0007,0.6905340413346146
merged_clock,Clock,14,15,22,1,1,238.0053,0.6925073705749045
merged_clock,Clock,14,15,22,1,1,238.9998,0.6944539774567323
merged_clock,Clock,14,15,22,1,1,240.0057,0.6964158548461429
merged_clock,Clock,14,15,22,1,1,240.9991,0.6983463358929931
merged_clock,Clock,14,15,22,1,1,242.0057,0.700295363406921
merged_clock,Clock,14,15,22,1,1,242.9979,0.7022094024207709
merged_clock,Clock,14,15,22,1,1,244.0028,0.7041407952747427
merged_clock,Clock,14,15,22,1,1,244.9987,0.7060476708674885
merged_clock,Clock,14,15,22,1,1,246.0038,0.70796487125072
merged_clock,Clock,14,15,22,1,1,247.0082,0.7098733744106768
merged_clock,Clock,14,15,22,1,1,248.0007,0.7117520274515917
merged_clock,Clock,14,15,22,1,1,249.0081,0.713651448034828
merged_clock,Clock,14,15,22,1,1,250.0022,0.7155184155215073
merged_clock,Clock,14,15,22,1,1,250.9977,0.7173806519495033
merged_clock,Clock,14,15,22,1,1,252.0028,0.7192533564007176
merged_clock,Clock,14,15,22,1,1,253.0074,0.7211175151120125
merged_clock,Clock,14,15,22,1,1,254.0015,0.7229547017309282
merged_clock,Clock,14,15,22,1,1,255.0057,0.7248029863239778
merged_clock,Clock,14,15,22,1,1,256.0016,0.7266283638084446
merged_clock,Clock,14,15,22,1,1,257.0052,0.728460233442195
merged_clock,Clock,14,15,22,1,1,257.9996,0.7302677231004019
merged_clock,Clock,14,15,22,1,1,259.0047,0.732086897959629
merged_clock,Clock,14,15,22,1,1,260.0,0.733880657582533
merged_clock,Clock,14,15,22,1,1,261.0054,0.7356848313785285
merged_clock,Clock,14,15,22,1,1,261.9995,0.7374610185929718
merged_clock,Clock,14,15,22,1,1,263.005,0.7392497059881126
merged_clock,Clock,14,15,22,1,1,264.0086,0.7410271428614879
merged_clock,Clock,14,15,22,1,1,265.0041,0.742782397888634
merged_clock,Clock,14,15,22,1,1,265.9979,0.7445269178371736
merged_clock,Clock,14,15,22,1,1,267.0028,0.7462830162008854
merged_clock,Clock,14,15,22,1,1,267.9983,0.7480147617586899
merged_clock,Clock,14,15,22,1,1,269.0023,0.7497533616052677
merged_clock,Clock,14,15,22,1,1,270.0084,0.7514875723428704
merged_clock,Clock,14,15,22,1,1,271.0029,0.7531938706644079
merged_clock,Clock,14,15,22,1,1,272.0079,0.7549101608787665
merged_clock,Clock,14,15,22,1,1,273.0007,0.7565976728032365
merged_clock,Clock,14,15,22,1,1,274.007,0.7583000519638039
merged_clock,Clock,14,15,22,1,1,275.002,0.7599753868024451
merged_clock,Clock,14,15,22,1,1,276.0071,0.7616595942683141
merged_clock,Clock,14,15,22,1,1,276.9994,0.7633143415240495
merged_clock,Clock,14,15,22,1,1,278.0064,0.764985548265449
merged_clock,Clock,14,15,22,1,1,278.9993,0.7666252849595181
merged_clock,Clock,14,15,22,1,1,280.0048,0.7682777090712763
merged_clock,Clock,14,15,22,1,1,280.9991,0.7699037246640767
merged_clock,Clock,14,15,22,1,1,282.0041,0.771539011219696
merged_clock,Clock,14,15,22,1,1,282.9991,0.7731500328310678
merged_clock,Clock,14,15,22,1,1,284.0046,0.7747698310314857
merged_clock,Clock,14,15,22,1,1,284.9987,0.7763631612552225
merged_clock,Clock,14,15,22,1,1,286.0029,0.7779645665002426
merged_clock,Clock,14,15,22,1,1,286.9979,0.7795431760927881
merged_clock,Clock,14,15,22,1,1,288.0019,0.7811278934263305
merged_clock,Clock,14,15,22,1,1,289.0057,0.7827041078591632
merged_clock,Clock,14,15,22,1,1,290.0014,0.7842594588682344
merged_clock,Clock,14,15,22,1,1,291.0084,0.7858242237118492
merged_clock,Clock,14,15,22,1,1,292.0014,0.7873591686220837
merged_clock,Clock,14,15,22,1,1,293.0075,0.7889061454787349
merged_clock,Clock,14,15,22,1,1,293.9986,0.7904219608674575
merged_clock,Clock,14,15,22,1,1,295.0063,0.7919549510226362
merged_clock,Clock,14,15,22,1,1,296.0003,0.7934590265950991
merged_clock,Clock,14,15,22,1,1,297.0054,0.7949716707192438
merged_clock,Clock,14,15,22,1,1,298.001,0.7964619108901726
merged_clock,Clock,14,15,22,1,1,299.0046,0.7979559427856103
merged_clock,Clock,14,15,22,1,1,299.9992,0.7994284775820933
merged_clock,Clock,14,15,22,1,1,301.0032,0.8009067597757751
merged_clock,Clock,14,15,22,1,1,301.9981,0.8023635607000946
merged_clock,Clock,15,16,25,0,0,0.0109367,0.1999160768102494
merged_clock,Clock,15,16,25,0,0,1.008663,0.20141723722002028
merged_clock,Clock,15,16,25,0,0,2.009546,0.20293160016946962
merged_clock,Clock,15,16,25,0,0,3.010498,0.20445453921241544
merged_clock,Clock,15,16,25,0,0,4.010725,0.20598484146923518
merged_clock,Clock,15,16,25,0,0,5.011413,0.20752432119980468
merged_clock,Clock,15,16,25,0,0,6.011243,0.20907094571541743
merged_clock,Clock,15,16,25,0,0,7.012115,0.2106276589186014
merged_clock,Clock,15,16,25,0,0,8.011875,0.212191109842939
merged_clock,Clock,15,16,25,0,0,9.011871,0.21376339538760436
merged_clock,Clock,15,16,25,0,0,10.01258,0.21534527578541926
merged_clock,Clock,15,16,25,0,0,11.01142,0.2169326554380711
merged_clock,Clock,15,16,25,0,0,12.01252,0.21853209651521133
merged_clock,Clock,15,16,25,0,0,13.01193,0.22013729517367578
merged_clock,Clock,15,16,25,0,0,14.01174,0.2217515841523192
merged_clock,Clock,15,16,25,0,0,15.01193,0.2233749409706359
merged_clock,Clock,15,16,25,0,0,16.01191,0.2250063995600519
merged_clock,Clock,15,16,25,0,0,17.01226,0.22664690790891628
merged_clock,Clock,15,16,25,0,0,18.01225,0.22829525797039268
merged_clock,Clock,15,16,25,0,0,19.01215,0.22995187944694837
merged_clock,Clock,15,16,25,0,0,20.01249,0.2316176496936821
merged_clock,Clock,15,16,25,0,0,21.0132,0.23329245506985488
merged_clock,Clock,15,16,25,0,0,22.01326,0.23497456745232542
merged_clock,Clock,15,16,25,0,0,23.01189,0.2366626437044956
merged_clock,Clock,15,16,25,0,0,24.01275,0.23836286575750368
merged_clock,Clock,15,16,25,0,0,25.0133,0.24007092889327622
merged_clock,Clock,15,16,25,0,0,26.01248,0.24178499111118268
merged_clock,Clock,15,16,25,0,0,27.01404,0.2435114830976752
merged_clock,Clock,15,16,25,0,0,28.01354,0.24524273907659475
merged_clock,Clock,15,16,25,0,0,29.0142,0.24698430808690658
merged_clock,Clock,15,16,25,0,0,30.01283,0.2487306116488535
merged_clock,Clock,15,16,25,0,0,31.01357,0.2504888702782832
merged_clock,Clock,15,16,25,0,0,32.01442,0.25225557695577516
merged_clock,Clock,15,16,25,0,0,33.01496,0.25402997515783593
merged_clock,Clock,15,16,25,0,0,34.01524,0.25581211465130815
merged_clock,Clock,15,16,25,0,0,35.01544,0.2576023023782156
merged_clock,Clock,15,16,25,0,0,36.01461,0.25939878819695045
merged_clock,Clock,15,16,25,0,0,37.01428,0.26120429908150805
merged_clock,Clock,15,16,25,0,0,38.01431,0.2630185728522794
merged_clock,Clock,15,16,25,0,0,39.01611,0.26484416350046036
merged_clock,Clock,15,16,25,0,0,40.01501,0.2666725220787681
merged_clock,Clock,15,16,25,0,0,41.01563,0.2685120553508705
merged_clock,Clock,15,16,25,0,0,42.01564,0.27035847734963736
merged_clock,Clock,15,16,25,0,0,43.01561,0.27221279330575987
merged_clock,Clock,15,16,25,0,0,44.01484,0.27407366902505204
merged_clock,Clock,15,16,25,0,0,45.01449,0.27594322906153823
merged_clock,Clock,15,16,25,0,0,46.01508,0.2778224346552898
merged_clock,Clock,15,16,25,0,0,47.01564,0.27970943635559115
merged_clock,Clock,15,16,25,0,0,48.01593,0.28160374309324404
merged_clock,Clock,15,16,25,0,0,49.01516,0.2835038087006215
merged_clock,Clock,15,16,25,0,0,50.01533,0.28541340384317637
merged_clock,Clock,15,16,25,0,0,51.01501,0.2873297580894564
merged_clock,Clock,15,16,25,0,0,52.01573,0.28925577928156204
merged_clock,Clock,15,16,25,0,0,53.00544,0.29116811436945833
merged_clock,Clock,15,16,25,0,0,54.01606,0.29312852261021444
merged_clock,Clock,15,16,25,0,0,55.01467,0.29507320396269526
merged_clock,Clock,15,16,25,0,0,56.0151,0.2970289220612746
merged_clock,Clock,15,16,25,0,0,57.01494,0.2989909495725181
merged_clock,Clock,15,16,25,0,0,58.01416,0.30095916912649184
merged_clock,Clock,15,16,25,0,0,59.01472,0.3029373983603843
merged_clock,Clock,15,16,25,0,0,60.01535,0.3049230952075604
merged_clock,Clock,15,16,25,0,0,61.01516,0.30691444053908956
merged_clock,Clock,15,16,25,0,0,62.01466,0.308912392165651
merged_clock,Clock,15,16,25,0,0,63.01603,0.31092127200069664
merged_clock,Clock,15,16,25,0,0,64.01446,0.31293136844276687
merged_clock,Clock,15,16,25,0,0,65.01379,0.3149503425445545
merged_clock,Clock,15,16,25,0,0,66.01531,0.3169807954977297
merged_clock,Clock,15,16,25,0,0,67.01608,0.3190167035021115
merged_clock,Clock,15,16,25,0,0,68.00542,0.32103615736120444
merged_clock,Clock,15,16,25,0,0,69.00575,0.32308489923334854
merged_clock,Clock,15,16,25,0,0,70.00568,0.32513960647810225
merged_clock,Clock,15,16,25,0,0,71.00495,0.3271997254996642
merged_clock,Clock,15,16,25,0,0,72.00629,0.32927079642471013
merged_clock,Clock,15,16,25,0,0,73.00543,0.3313439697823389
merged_clock,Clock,15,16,25,0,0,74.00616,0.33342699999892267
merged_clock,Clock,15,16,25,0,0,75.00613,0.3355149749744065
merged_clock,Clock,15,16,25,0,0,76.00635,0.33760993091316543
merged_clock,Clock,15,16,25,0,0,77.00689,0.33971195449088987
merged_clock,Clock,15,16,25,0,0,78.00537,0.34181596473808734
merged_clock,Clock,15,16,25,0,0,79.00629,0.343931369862955
merged_clock,Clock,15,16,25,0,0,80.00504,0.3460484001952973
merged_clock,Clock,15,16,25,0,0,81.01606,0.3481976469497649
merged_clock,Clock,15,16,25,0,0,82.00549,0.3503070113654145
merged_clock,Clock,15,16,25,0,0,83.00686,0.35244778990726444
merged_clock,Clock,15,16,25,0,0,84.00643,0.35459066184196286
merged_clock,Clock,15,16,25,0,0,85.00588,0.3567391220999094
merged_clock,Clock,15,16,25,0,0,86.00666,0.35889622636863744
merged_clock,Clock,15,16,25,0,0,87.0071,0.3610583264197699
merged_clock,Clock,15,16,25,0,0,88.00744,0.36322584030762994
merged_clock,Clock,15,16,25,0,0,89.00849,0.3654004848172191
merged_clock,Clock,15,16,25,0,0,90.00787,0.3675769899476054
merged_clock,Clock,15,16,25,0,0,91.0076,0.36975965603496236
merged_clock,Clock,15,16,25,0,0,92.0072,0.3719473927179822
merged_clock,Clock,15,16,25,0,0,93.00748,0.37414186394056004
merged_clock,Clock,15,16,25,0,0,94.00749,0.3763409530741964
merged_clock,Clock,15,16,25,0,0,95.00755,0.37854525086327945
merged_clock,Clock,15,16,25,0,0,96.00679,0.3807527548894617
merged_clock,Clock,15,16,25,0,0,97.00749,0.3829684460679911
merged_clock,Clock,15,16,25,0,0,98.00799,0.38518855308501443
merged_clock,Clock,15,16,25,0,0,99.00748,0.38741120761062636
merged_clock,Clock,15,16,25,0,0,100.0077,0.3896401932949192
merged_clock,Clock,15,16,25,0,0,101.0075,0.3918728616431861
merged_clock,Clock,15,16,25,0,0,102.0075,0.3941105069770168
merged_clock,Clock,15,16,25,0,0,103.0085,0.3963548449273195
merged_clock,Clock,15,16,25,0,0,104.0072,0.3985983916005145
merged_clock,Clock,15,16,25,0,0,105.0081,0.4008511548536549
merged_clock,Clock,15,16,25,0,0,106.0074,0.40310449998056036
merged_clock,Clock,15,16,25,0,0,107.0079,0.40536465039018293
merged_clock,Clock,15,16,25,0,0,108.0076,0.4076270218136854
merged_clock,Clock,15,16,25,0,0,109.0064,0.40989127342556114
merged_clock,Clock,15,16,25,0,0,110.0064,0.41216207359220025
merged_clock,Clock,15,16,25,0,0,111.0075,0.41443911974500286
merged_clock,Clock,15,16,25,0,0,112.0066,0.4167152703658558
merged_clock,Clock,15,16,25,0,0,113.0084,0.41900114426246465
merged_clock,Clock,15,16,25,0,0,114.0076,0.4212845508341164
merged_clock,Clock,15,16,25,0,0,115.0076,0.42357316386954086
merged_clock,Clock,15,16,25,0,0,116.0077,0.4258652881343589
merged_clock,Clock,15,16,25,0,0,117.0074,0.4281596916585569
merged_clock,Clock,15,16,25,0,0,118.0083,0.4304599432404735
merged_clock,Clock,15,16,25,0,0,119.0079,0.43276019628281787
merged_clock,Clock,15,16,25,0,0,120.009,0.43506683436640786
merged_clock,Clock,15,16,25,0,0,121.0092,0.4373741914732924
merged_clock,Clock,15,16,25,0,0,122.0093,0.4396840323811527
merged_clock,Clock,15,16,25,0,0,123.0092,0.44199602980962494
merged_clock,Clock,15,16,25,0,0,124.0095,0.44431146302690555
merged_clock,Clock,15,16,25,0,0,125.0086,0.4466265403034218
merged_clock,Clock,15,16,25,0,0,126.0092,0.44894742260717374
merged_clock,Clock,15,16,25,0,0,127.0097,0.45127028207471975
merged_clock,Clock,15,16,25,0,0,128.0092,0.45359296124811993
merged_clock,Clock,15,16,25,0,0,129.0099,0.45592044956829747
merged_clock,Clock,15,16,25,0,0,130.0093,0.45824680888552344
merged_clock,Clock,15,16,25,0,0,131.0102,0.46057851052505483
merged_clock,Clock,15,16,25,0,0,132.0095,0.4629082378587956
merged_clock,Clock,15,16,25,0,0,133.0077,0.4652369862760234
merged_clock,Clock,15,16,25,0,0,134.0095,0.4675756604005325
merged_clock,Clock,15,16,25,0,0,135.0095,0.469911553036177
merged_clock,Clock,15,16,25,0,0,136.0107,0.47225154704577993
merged_clock,Clock,15,16,25,0,0,137.0109,0.4745904410801451
merged_clock,Clock,15,16,25,0,0,138.01,0.4769278796583711
merged_clock,Clock,15,16,25,0,0,139.0108,0.4792703300666065
merged_clock,Clock,15,16,25,0,0,140.0103,0.4816106192000841
merged_clock,Clock,15,16,25,0,0,141.0108,0.4839540746771561
merged_clock,Clock,15,16,25,0,0,142.0089,0.48629258662570995
merged_clock,Clock,15,16,25,0,0,143.0096,0.4886378145625476
merged_clock,Clock,15,16,25,0,0,144.0099,0.490982612759063
merged_clock,Clock,15,16,25,0,0,145.0105,0.49332848753020814
merged_clock,Clock,15,16,25,0,0,146.0107,0.49567372582098995
merged_clock,Clock,15,16,25,0,0,147.0102,0.49801750851986537
merged_clock,Clock,15,16,25,0,0,148.0104,0.5003630601373684
merged_clock,Clock,15,16,25,0,0,149.0101,0.5027073791963731
merged_clock,Clock,15,16,25,0,0,150.0106,0.505053475517891
merged_clock,Clock,15,16,25,0,0,151.0108,0.5073986338172178
merged_clock,Clock,15,16,25,0,0,152.0106,0.5097425365649729
merged_clock,Clock,15,16,25,0,0,153.0103,0.5120857607005417
merged_clock,Clock,15,16,25,0,0,154.0103,0.514429168831804
merged_clock,Clock,15,16,25,0,0,155.0111,0.5167738013084014
merged_clock,Clock,15,16,25,0,0,156.0117,0.5191172667354714
merged_clock,Clock,15,16,25,0,0,157.0116,0.5214582126309696
merged_clock,Clock,15,16,25,0,0,158.0121,0.523799644506099
merged_clock,Clock,15,16,25,0,0,159.0119,0.5261383891533187
merged_clock,Clock,15,16,25,0,0,160.0125,0.528477842139248
merged_clock,Clock,15,16,25,0,0,161.0125,0.5308146546244884
merged_clock,Clock,15,16,25,0,0,162.0125,0.5331501166034032
merged_clock,Clock,15,16,25,0,0,163.0128,0.5354848386431076
merged_clock,Clock,15,16,25,0,0,164.0123,0.5378161208436282
merged_clock,Clock,15,16,25,0,0,165.0127,0.5401478481231667
merged_clock,Clock,15,16,25,0,0,166.0126,0.5424766823539962
merged_clock,Clock,15,16,25,0,0,167.0127,0.5448040876438317
merged_clock,Clock,15,16,25,0,0,168.0128,0.5471295727631763
merged_clock,Clock,15,16,25,0,0,169.0122,0.5494513725465847
merged_clock,Clock,15,16,25,0,0,170.0125,0.5517730737681272
merged_clock,Clock,15,16,25,0,0,171.0121,0.5540909290265899
merged_clock,Clock,15,16,25,0,0,172.0117,0.5564064343320242
merged_clock,Clock,15,16,25,0,0,173.0119,0.5587208679075346
merged_clock,Clock,15,16,25,0,0,174.0118,0.5610320477528996
merged_clock,Clock,15,16,25,0,0,175.0123,0.5633419914751832
merged_clock,Clock,15,16,25,0,0,176.0129,0.5656494014946984
merged_clock,Clock,15,16,25,0,0,177.0133,0.5679535482922003
merged_clock,Clock,15,16,25,0,0,178.0132,0.5702535657553323
merged_clock,Clock,15,16,25,0,0,179.0139,0.5725524107152262
merged_clock,Clock,15,16,25,0,0,180.0139,0.5748465175080667
merged_clock,Clock,15,16,25,0,0,181.0143,0.5771383135070883
merged_clock,Clock,15,16,25,0,0,182.0145,0.5794263405984565
merged_clock,Clock,15,16,25,0,0,183.0142,0.5817098457719434
merged_clock,Clock,15,16,25,0,0,184.0145,0.5839911756193972
merged_clock,Clock,15,16,25,0,0,185.0142,0.586267593287667
merged_clock,Clock,15,16,25,0,0,186.0137,0.5885398455728806
merged_clock,Clock,15,16,25,0,0,187.014,0.5908101625205137
merged_clock,Clock,15,16,25,0,0,188.0132,0.5930740921726884
merged_clock,Clock,15,16,25,0,0,189.0133,0.59533614432502
merged_clock,Clock,15,16,25,0,0,190.0137,0.5975948078617692
merged_clock,Clock,15,16,25,0,0,191.0134,0.5998477577596529
merged_clock,Clock,15,16,25,0,0,192.0127,0.6020956011513013
merged_clock,Clock,15,16,25,0,0,193.0147,0.604345204006344
merged_clock,Clock,15,16,25,0,0,194.0139,0.606584147989692
merged_clock,Clock,15,16,25,0,0,195.0151,0.6088230886021244
merged_clock,Clock,15,16,25,0,0,196.0146,0.6110536474859304
merged_clock,Clock,15,16,25,0,0,197.0139,0.6132791250829192
merged_clock,Clock,15,16,25,0,0,198.0137,0.6155009993463992
merged_clock,Clock,15,16,25,0,0,199.0151,0.6177216142538011
merged_clock,Clock,15,16,25,0,0,200.0146,0.6199331079848613
merged_clock,Clock,15,16,25,0,0,201.0137,0.6221387591379236
merged_clock,Clock,15,16,25,0,0,202.015,0.6243442007196125
merged_clock,Clock,15,16,25,0,0,203.0145,0.6265405449959799
merged_clock,Clock,15,16,25,0,0,204.0159,0.6287358604184029
merged_clock,Clock,15,16,25,0,0,205.015,0.6309208401004087
merged_clock,Clock,15,16,25,0,0,206.0155,0.6331035233394681
merged_clock,Clock,15,16,25,0,0,207.0151,0.6352788036862034
merged_clock,Clock,15,16,25,0,0,208.0154,0.63745006116019
merged_clock,Clock,15,16,25,0,0,209.0158,0.6396159563447095
merged_clock,Clock,15,16,25,0,0,210.0051,0.6417522608356354
merged_clock,Clock,15,16,25,0,0,211.0149,0.6439270279226748
merged_clock,Clock,15,16,25,0,0,212.0147,0.6460744364205676
merged_clock,Clock,15,16,25,0,0,213.0148,0.6482166221295467
merged_clock,Clock,15,16,25,0,0,214.0144,0.6503517848637062
merged_clock,Clock,15,16,25,0,0,215.0162,0.6524856094058683
merged_clock,Clock,15,16,25,0,0,216.0154,0.6546077937240176
merged_clock,Clock,15,16,25,0,0,217.0051,0.6567037660819134
merged_clock,Clock,15,16,25,0,0,218.0052,0.6588155910948345
merged_clock,Clock,15,16,25,0,0,219.0053,0.660921100672738
merged_clock,Clock,15,16,25,0,0,220.0061,0.663021765862431
merged_clock,Clock,15,16,25,0,0,221.0054,0.6651128549381968
merged_clock,Clock,15,16,25,0,0,222.0057,0.6671995788368917
merged_clock,Clock,15,16,25,0,0,223.0055,0.6692786883550975
merged_clock,Clock,15,16,25,0,0,224.0052,0.6713510491597833
merged_clock,Clock,15,16,25,0,0,225.0155,0.6734386063593303
merged_clock,Clock,15,16,25,0,0,226.0138,0.6754946211195553
merged_clock,Clock,15,16,25,0,0,227.0146,0.6775490491328496
merged_clock,Clock,15,16,25,0,0,228.0149,0.679595580301444
merged_clock,Clock,15,16,25,0,0,229.0147,0.6816342318023095
merged_clock,Clock,15,16,25,0,0,230.0157,0.6836683951443321
merged_clock,Clock,15,16,25,0,0,231.0149,0.6856918835922524
merged_clock,Clock,15,16,25,0,0,232.015,0.6877101852385722
merged_clock,Clock,15,16,25,0,0,233.015,0.6897211767371191
merged_clock,Clock,15,16,25,0,0,234.0144,0.6917238330175403
merged_clock,Clock,15,16,25,0,0,235.0157,0.6937230743441706
merged_clock,Clock,15,16,25,0,0,236.0154,0.6957118720572218
merged_clock,Clock,15,16,25,0,0,237.0053,0.6976740016649834
merged_clock,Clock,15,16,25,0,0,238.0157,0.6996693658570078
merged_clock,Clock,15,16,25,0,0,239.0154,0.7016361582203803
merged_clock,Clock,15,16,25,0,0,240.0149,0.7035951389290453
merged_clock,Clock,15,16,25,0,0,241.0154,0.7055486178390702
merged_clock,Clock,15,16,25,0,0,242.0054,0.7074741952633351
merged_clock,Clock,15,16,25,0,0,243.0075,0.7094157655997032
merged_clock,Clock,15,16,25,0,0,244.0066,0.7113439172898834
merged_clock,Clock,15,16,25,0,0,245.007,0.7132669342523967
merged_clock,Clock,15,16,25,0,0,246.0073,0.715182065529209
merged_clock,Clock,15,16,25,0,0,247.0075,0.7170893337840295
merged_clock,Clock,15,16,25,0,0,248.0077,0.7189888195745914
merged_clock,Clock,15,16,25,0,0,249.0076,0.7208799401555197
merged_clock,Clock,15,16,25,0,0,250.0075,0.7227632700551031
merged_clock,Clock,15,16,25,0,0,251.0079,0.7246396603476738
merged_clock,Clock,15,16,25,0,0,252.0079,0.7265074170140953
merged_clock,Clock,15,16,25,0,0,253.0069,0.7283653847297282
merged_clock,Clock,15,16,25,0,0,254.0063,0.7302161788263771
merged_clock,Clock,15,16,25,0,0,255.0065,0.7320604613183077
merged_clock,Clock,15,16,25,0,0,256.0063,0.7338959757983053
merged_clock,Clock,15,16,25,0,0,257.0063,0.7357238450543155
merged_clock,Clock,15,16,25,0,0,258.0074,0.7375456436781862
merged_clock,Clock,15,16,25,0,0,259.0079,0.7393582846043025
merged_clock,Clock,15,16,25,0,0,260.0083,0.7411625803285615
merged_clock,Clock,15,16,25,0,0,261.0082,0.742957853401746
merged_clock,Clock,15,16,25,0,0,262.008,0.7447447453437288
merged_clock,Clock,15,16,25,0,0,263.0072,0.7465224241132874
merged_clock,Clock,15,16,25,0,0,264.007,0.7482929312884657
merged_clock,Clock,15,16,25,0,0,265.007,0.750055587910933
merged_clock,Clock,15,16,25,0,0,266.0083,0.751812291833409
merged_clock,Clock,15,16,25,0,0,267.009,0.7535596424310945
merged_clock,Clock,15,16,25,0,0,268.009,0.755297478148544
merged_clock,Clock,15,16,25,0,0,269.0093,0.7570275369801135
merged_clock,Clock,15,16,25,0,0,270.0096,0.7587492711253061
merged_clock,Clock,15,16,25,0,0,271.0086,0.760460423023559
merged_clock,Clock,15,16,25,0,0,272.0091,0.7621657850727808
merged_clock,Clock,15,16,25,0,0,273.0092,0.7638621048468343
merged_clock,Clock,15,16,25,0,0,274.0088,0.7655492254883064
merged_clock,Clock,15,16,25,0,0,275.0083,0.7672278120690655
merged_clock,Clock,15,16,25,0,0,276.0082,0.768898669813282
merged_clock,Clock,15,16,25,0,0,277.0087,0.7705620822600802
merged_clock,Clock,15,16,25,0,0,278.0089,0.7722166155873771
merged_clock,Clock,15,16,25,0,0,279.0101,0.7738643221950116
merged_clock,Clock,15,16,25,0,0,280.0094,0.7755004849495278
merged_clock,Clock,15,16,25,0,0,281.0099,0.777130152560556
merged_clock,Clock,15,16,25,0,0,282.0094,0.7787497869671212
merged_clock,Clock,15,16,25,0,0,283.0105,0.7803635291432358
merged_clock,Clock,15,16,25,0,0,284.0092,0.7819649407869118
merged_clock,Clock,15,16,25,0,0,285.0096,0.7835606820080575
merged_clock,Clock,15,16,25,0,0,286.0087,0.7851458285215104
merged_clock,Clock,15,16,25,0,0,287.0098,0.7867256958330237
merged_clock,Clock,15,16,25,0,0,288.0092,0.7882944031378797
merged_clock,Clock,15,16,25,0,0,289.009,0.7898553193249087
merged_clock,Clock,15,16,25,0,0,290.0102,0.7914098986820767
merged_clock,Clock,15,16,25,0,0,291.0107,0.7929549583866505
merged_clock,Clock,15,16,25,0,0,292.0106,0.7944905638990428
merged_clock,Clock,15,16,25,0,0,293.0109,0.7960183607203517
merged_clock,Clock,15,16,25,0,0,294.0102,0.7975361686121254
merged_clock,Clock,15,16,25,0,0,295.0095,0.7990455337709841
merged_clock,Clock,15,16,25,0,0,296.0102,0.8005485632486308
merged_clock,Clock,15,16,25,0,0,297.0101,0.802041954260719
merged_clock,Clock,15,16,25,0,0,298.0105,0.8035276308612483
merged_clock,Clock,15,16,25,0,0,299.0102,0.8050038347654379
merged_clock,Clock,15,16,25,0,0,300.0106,0.8064726461240523
merged_clock,Clock,15,16,25,0,0,301.0089,0.8079300127042386
merged_clock,Clock,16,17,26,0,0,0.0113172,0.21501030001417784
merged_clock,Clock,16,17,26,0,0,1.020213,0.21649298180981624
merged_clock,Clock,16,17,26,0,0,2.021003,0.21797104765915745
merged_clock,Clock,16,17,26,0,0,3.010084,0.21943895809248976
merged_clock,Clock,16,17,26,0,0,4.010108,0.2209303205892752
merged_clock,Clock,16,17,26,0,0,5.012858,0.2224330252689401
merged_clock,Clock,16,17,26,0,0,6.011718,0.22393714103934165
merged_clock,Clock,16,17,26,0,0,7.013069,0.22545225759642182
merged_clock,Clock,16,17,26,0,0,8.013658,0.22697346437749638
merged_clock,Clock,16,17,26,0,0,9.013366,0.22850055944391076
merged_clock,Clock,16,17,26,0,0,10.01286,0.23003454286512076
merged_clock,Clock,16,17,26,0,0,11.01364,0.23157772014669117
merged_clock,Clock,16,17,26,0,0,12.01349,0.23312667000261447
merged_clock,Clock,16,17,26,0,0,13.01354,0.23468313003306127
merged_clock,Clock,16,17,26,0,0,14.01414,0.23624764127140277
merged_clock,Clock,16,17,26,0,0,15.01382,0.23781789241919726
merged_clock,Clock,16,17,26,0,0,16.01321,0.23939485205131814
merged_clock,Clock,16,17,26,0,0,17.01385,0.24098094553544622
merged_clock,Clock,16,17,26,0,0,18.01427,0.24257384916628777
merged_clock,Clock,16,17,26,0,0,19.01353,0.24417203287685815
merged_clock,Clock,16,17,26,0,0,20.01479,0.24578054772119715
merged_clock,Clock,16,17,26,0,0,21.01464,0.2473939141502151
merged_clock,Clock,16,17,26,0,0,22.01448,0.249014355947419
merged_clock,Clock,16,17,26,0,0,23.01319,0.25064003181444944
merged_clock,Clock,16,17,26,0,0,24.01201,0.25227293999653055
merged_clock,Clock,16,17,26,0,0,25.01227,0.2539152481282231
merged_clock,Clock,16,17,26,0,0,26.01334,0.2555659330267025
merged_clock,Clock,16,17,26,0,0,27.01274,0.2572208765838459
merged_clock,Clock,16,17,26,0,0,28.01198,0.2588825462504733
merged_clock,Clock,16,17,26,0,0,29.01301,0.260554178860054
merged_clock,Clock,16,17,26,0,0,30.01246,0.26223013237181353
merged_clock,Clock,16,17,26,0,0,31.01304,0.2639149237341949
merged_clock,Clock,16,17,26,0,0,32.01484,0.2656087075470226
merged_clock,Clock,16,17,26,0,0,33.01384,0.2673046544846308
merged_clock,Clock,16,17,26,0,0,34.01444,0.26901019357169004
merged_clock,Clock,16,17,26,0,0,35.015,0.27072252859742085
merged_clock,Clock,16,17,26,0,0,36.01351,0.27243817418070326
merged_clock,Clock,16,17,26,0,0,37.01483,0.2741654576107787
merged_clock,Clock,16,17,26,0,0,38.01518,0.2758978514940345
merged_clock,Clock,16,17,26,0,0,39.01557,0.2776370845819342
merged_clock,Clock,16,17,26,0,0,40.0161,0.27938329150002733
merged_clock,Clock,16,17,26,0,0,41.01439,0.28113226957757087
merged_clock,Clock,16,17,26,0,0,42.01492,0.28289185055483823
merged_clock,Clock,16,17,26,0,0,43.01577,0.28465865034951465
merged_clock,Clock,16,17,26,0,0,44.01613,0.2864312036175322
merged_clock,Clock,16,17,26,0,0,45.01538,0.2882083763173243
merged_clock,Clock,16,17,26,0,0,46.01403,0.28999101654403897
merged_clock,Clock,16,17,26,0,0,47.01443,0.29178330562581584
merged_clock,Clock,16,17,26,0,0,48.01531,0.293582950540793
merged_clock,Clock,16,17,26,0,0,49.01404,0.29538519007323893
merged_clock,Clock,16,17,26,0,0,50.01517,0.29719818467482323
merged_clock,Clock,16,17,26,0,0,51.01485,0.29901494568086784
merged_clock,Clock,16,17,26,0,0,52.01511,0.30083911786220163
merged_clock,Clock,16,17,26,0,0,53.01611,0.30267097017937844
merged_clock,Clock,16,17,26,0,0,54.0168,0.30450855039836977
merged_clock,Clock,16,17,26,0,0,55.01367,0.30634533803655656
merged_clock,Clock,16,17,26,0,0,56.01415,0.30819497122191847
merged_clock,Clock,16,17,26,0,0,57.01557,0.31005253805061805
merged_clock,Clock,16,17,26,0,0,58.01624,0.31191484492177474
merged_clock,Clock,16,17,26,0,0,59.01735,0.3137840779419059
merged_clock,Clock,16,17,26,0,0,60.0164,0.3156555090696547
merged_clock,Clock,16,17,26,0,0,61.01616,0.31753427233867726
merged_clock,Clock,16,17,26,0,0,62.01513,0.31941750758497384
merged_clock,Clock,16,17,26,0,0,63.01645,0.32131110422171916
merged_clock,Clock,16,17,26,0,0,64.01677,0.3232086966095116
merged_clock,Clock,16,17,26,0,0,65.01552,0.3251091322528019
merged_clock,Clock,16,17,26,0,0,66.01594,0.3270185367540508
merged_clock,Clock,16,17,26,0,0,67.01578,0.3289325781072012
merged_clock,Clock,16,17,26,0,0,68.01536,0.3308518159757272
merged_clock,Clock,16,17,26,0,0,69.01659,0.3327798770592551
merged_clock,Clock,16,17,26,0,0,70.01553,0.33470914173732425
merged_clock,Clock,16,17,26,0,0,71.01682,0.33664849093579724
merged_clock,Clock,16,17,26,0,0,72.01563,0.33858853513044357
merged_clock,Clock,16,17,26,0,0,73.01627,0.34053759158888197
merged_clock,Clock,16,17,26,0,0,74.01597,0.342490207537277
merged_clock,Clock,16,17,26,0,0,75.01445,0.3444457925993167
merged_clock,Clock,16,17,26,0,0,76.01627,0.34641323234738636
merged_clock,Clock,16,17,26,0,0,77.01598,0.3483817707999547
merged_clock,Clock,16,17,26,0,0,78.01716,0.3503583950368328
merged_clock,Clock,16,17,26,0,0,79.01733,0.352338174037473
merged_clock,Clock,16,17,26,0,0,80.01788,0.3543238117487025
merged_clock,Clock,16,17,26,0,0,81.01685,0.356311322120243
merged_clock,Clock,16,17,26,0,0,82.01688,0.3583058969480067
merged_clock,Clock,16,17,26,0,0,83.01686,0.36030531092938184
merged_clock,Clock,16,17,26,0,0,84.0173,0.36231050115613156
merged_clock,Clock,16,17,26,0,0,85.01675,0.36431848487097407
merged_clock,Clock,16,17,26,0,0,86.01566,0.3663301427881931
merged_clock,Clock,16,17,26,0,0,87.01645,0.368350249420725
merged_clock,Clock,16,17,26,0,0,88.01517,0.3703707969969979
merged_clock,Clock,16,17,26,0,0,89.01643,0.37240106645604126
merged_clock,Clock,16,17,26,0,0,90.01666,0.37443373580507666
merged_clock,Clock,16,17,26,0,0,91.01783,0.37647275795255275
merged_clock,Clock,16,17,26,0,0,92.01857,0.3785152922652468
merged_clock,Clock,16,17,26,0,0,93.01792,0.3805593016702513
merged_clock,Clock,16,17,26,0,0,94.0176,0.3826082267041435
merged_clock,Clock,16,17,26,0,0,95.0162,0.38465910559794386
merged_clock,Clock,16,17,26,0,0,96.01846,0.38672165128373925
merged_clock,Clock,16,17,26,0,0,97.01847,0.38878360773113846
merged_clock,Clock,16,17,26,1,3,98.01989,0.3908524703319263
merged_clock,Clock,16,17,26,1,3,99.01813,0.3929186734606222
merged_clock,Clock,16,17,26,1,3,100.0189,0.3949939741447284
merged_clock,Clock,16,17,26,1,3,101.0185,0.39707063942624554
merged_clock,Clock,16,17,26,1,3,102.0187,0.3991522591866829
merged_clock,Clock,16,17,26,1,3,103.0191,0.401237943403934
merged_clock,Clock,16,17,26,1,3,104.0173,0.40332263350544084
merged_clock,Clock,16,17,26,1,3,105.018,0.405416028578485
merged_clock,Clock,16,17,26,1,3,106.0178,0.4075109964026717
merged_clock,Clock,16,17,26,1,3,107.0181,0.40961037369460473
merged_clock,Clock,16,17,26,1,3,108.0183,0.4117128582985883
merged_clock,Clock,16,17,26,1,3,109.019,0.4138195992157706
merged_clock,Clock,16,17,26,1,1,110.0183,0.4159265687242841
merged_clock,Clock,16,17,26,1,1,111.0199,0.4180414517727668
merged_clock,Clock,16,17,26,1,1,112.0194,0.42015492930333614
merged_clock,Clock,16,17,26,1,1,113.0176,0.42226857439391013
merged_clock,Clock,16,17,26,1,1,114.0182,0.4243901692928873
merged_clock,Clock,16,17,26,1,1,115.0192,0.4265153970716561
merged_clock,Clock,16,17,26,1,1,116.0183,0.42863930115099763
merged_clock,Clock,16,17,26,1,1,117.0205,0.43077243425039874
merged_clock,Clock,16,17,26,1,1,118.021,0.43290452823097475
merged_clock,Clock,16,17,26,1,1,119.0207,0.4350373835034823
merged_clock,Clock,16,17,26,1,1,120.019,0.4371696624778999
merged_clock,Clock,16,17,26,1,1,121.0189,0.43930769363100586
merged_clock,Clock,16,17,26,1,1,122.0202,0.4414509862329824
merged_clock,Clock,16,17,26,1,1,123.0196,0.4435923737592868
merged_clock,Clock,16,17,26,1,1,124.0186,0.44573500798983307
merged_clock,Clock,16,17,26,1,1,125.0191,0.4478828725819344
merged_clock,Clock,16,17,26,1,1,126.0187,0.45003076463019587
merged_clock,Clock,16,17,26,1,3,127.0185,0.4521809479256174
merged_clock,Clock,16,17,26,1,3,128.0198,0.4543361540181413
merged_clock,Clock,16,17,26,1,3,129.02,0.456490688654796
merged_clock,Clock,16,17,26,1,3,130.02,0.4586464248422659
merged_clock,Clock,16,17,26,1,3,131.0198,0.4608032820808451
merged_clock,Clock,16,17,26,1,3,132.0206,0.46296374989585193
merged_clock,Clock,16,17,26,1,1,133.0192,0.4651208613272006
merged_clock,Clock,16,17,26,1,1,134.0188,0.4672814556610073
merged_clock,Clock,16,17,26,1,1,135.0101,0.46942532106131896
merged_clock,Clock,16,17,26,1,1,136.01,0.4715889088633889
merged_clock,Clock,16,17,26,1,1,137.0103,0.4737544567177173
merged_clock,Clock,16,17,26,1,1,138.0218,0.4759452553662841
merged_clock,Clock,16,17,26,1,1,139.0108,0.478088203254338
merged_clock,Clock,16,17,26,1,1,140.0213,0.48027856900298527
merged_clock,Clock,16,17,26,1,1,141.0097,0.4824217762824329
merged_clock,Clock,16,17,26,1,1,142.0104,0.48459230996142105
merged_clock,Clock,16,17,26,1,1,143.0104,0.4867619020289877
merged_clock,Clock,16,17,26,1,1,144.0205,0.4889538829989287
merged_clock,Clock,16,17,26,1,3,145.0096,0.49110074590182823
merged_clock,Clock,16,17,26,1,3,146.0203,0.49329481121508406
merged_clock,Clock,16,17,26,1,3,147.0098,0.495443117450833
merged_clock,Clock,16,17,26,1,3,148.0096,0.4976139559445545
merged_clock,Clock,16,17,26,1,3,149.01,0.4997861765693607
merged_clock,Clock,16,17,26,1,3,150.0115,0.5019608239074387
merged_clock,Clock,16,17,26,1,3,151.0107,0.5041303612543195
merged_clock,Clock,16,17,26,1,3,152.0099,0.5062997761997401
merged_clock,Clock,16,17,26,1,3,153.0102,0.5084713056799203
merged_clock,Clock,16,17,26,1,3,154.0103,0.5106421181301932
merged_clock,Clock,16,17,26,1,3,155.0104,0.5128125292712218
merged_clock,Clock,16,17,26,1,3,156.0102,0.5149817621966207
merged_clock,Clock,16,17,26,1,3,157.0123,0.5171554610063792
merged_clock,Clock,16,17,26,1,3,158.0117,0.5193226550668097
merged_clock,Clock,16,17,26,1,3,159.0118,0.5214906104710875
merged_clock,Clock,16,17,26,1,3,160.011,0.5236558392415375
merged_clock,Clock,16,17,26,1,3,161.0115,0.5258229879161247
merged_clock,Clock,16,17,26,1,3,162.0114,0.5279878430534227
merged_clock,Clock,16,17,26,1,3,163.0117,0.53015253738864
merged_clock,Clock,16,17,26,1,3,164.011,0.5323139202411623
merged_clock,Clock,16,17,26,1,3,165.0126,0.534479070286781
merged_clock,Clock,16,17,26,1,3,166.0117,0.5366375172997924
merged_clock,Clock,16,17,26,1,3,167.0105,0.5387939336291642
merged_clock,Clock,16,17,26,1,3,168.0116,0.5409538684801783
merged_clock,Clock,16,17,26,1,3,169.0105,0.5431075299751471
merged_clock,Clock,16,17,26,1,3,170.0114,0.5452638859476772
merged_clock,Clock,16,17,26,1,3,171.0101,0.5474138173875038
merged_clock,Clock,16,17,26,1,3,172.0112,0.5495671318222555
merged_clock,Clock,16,17,26,1,3,173.01,0.5517136414623852
merged_clock,Clock,16,17,26,1,3,174.0108,0.5538625488055542
merged_clock,Clock,16,17,26,1,3,175.0111,0.5560083324850852
merged_clock,Clock,16,17,26,1,3,176.0119,0.5581531401783465
merged_clock,Clock,16,17,26,1,3,177.0113,0.5602927767159688
merged_clock,Clock,16,17,26,1,3,178.0129,0.5624348389202155
merged_clock,Clock,16,17,26,1,3,179.0128,0.5645709917294087
merged_clock,Clock,16,17,26,1,3,180.0109,0.566700877462261
merged_clock,Clock,16,17,26,1,3,181.0108,0.5688321695836374
merged_clock,Clock,16,17,26,1,3,182.0117,0.5709630253620571
merged_clock,Clock,16,17,26,1,3,183.012,0.573089956724054
merged_clock,Clock,16,17,26,1,3,184.0132,0.5752161315516429
merged_clock,Clock,16,17,26,1,3,185.0126,0.5773357107375096
merged_clock,Clock,16,17,26,1,3,186.0134,0.5794553850319885
merged_clock,Clock,16,17,26,1,3,187.0132,0.5815700371266164
merged_clock,Clock,16,17,26,1,3,188.0123,0.5836802141799001
merged_clock,Clock,16,17,26,1,3,189.0131,0.585790930467795
merged_clock,Clock,16,17,26,1,3,190.0116,0.5878936205063399
merged_clock,Clock,16,17,26,1,3,191.0115,0.5899960889730308
merged_clock,Clock,16,17,26,1,3,192.0121,0.5920967138721001
merged_clock,Clock,16,17,26,1,3,193.0119,0.5941923171230876
merged_clock,Clock,16,17,26,1,3,194.011,0.5962830274349766
merged_clock,Clock,16,17,26,1,3,195.0132,0.5983767126082087
merged_clock,Clock,16,17,26,1,3,196.0129,0.6004616007320969
merged_clock,Clock,16,17,26,1,3,197.0136,0.6025449495524212
merged_clock,Clock,16,17,26,1,3,198.0128,0.6046214831802663
merged_clock,Clock,16,17,26,1,3,199.0135,0.6066973485312461
merged_clock,Clock,16,17,26,1,3,200.0128,0.6087664633261851
merged_clock,Clock,16,17,26,1,3,201.0122,0.6108318957536207
merged_clock,Clock,16,17,26,1,3,202.0134,0.6128970367747479
merged_clock,Clock,16,17,26,1,3,203.0135,0.6149558988905115
merged_clock,Clock,16,17,26,1,3,204.0143,0.6170120626620897
merged_clock,Clock,16,17,26,1,3,205.0136,0.6190609851192796
merged_clock,Clock,16,17,26,1,3,206.0133,0.6211065194436058
merged_clock,Clock,16,17,26,1,3,207.0134,0.6231485343495516
merged_clock,Clock,16,17,26,1,3,208.0132,0.625185595184302
merged_clock,Clock,16,17,26,1,3,209.0131,0.6272184488534164
merged_clock,Clock,16,17,26,1,3,210.0125,0.6292457642512764
merged_clock,Clock,16,17,26,1,3,211.013,0.6312707879323997
merged_clock,Clock,16,17,26,1,3,212.0125,0.6332891655561687
merged_clock,Clock,16,17,26,1,3,213.0133,0.6353055184168007
merged_clock,Clock,16,17,26,1,3,214.0138,0.6373164905158333
merged_clock,Clock,16,17,26,1,3,215.0132,0.6393204994283996
merged_clock,Clock,16,17,26,1,3,216.0142,0.6413228681340628
merged_clock,Clock,16,17,26,1,3,217.0134,0.6433167034632576
merged_clock,Clock,16,17,26,1,3,218.0134,0.6453071929525857
merged_clock,Clock,16,17,26,1,3,219.0123,0.6472904860139467
merged_clock,Clock,16,17,26,1,3,220.013,0.6492722779172847
merged_clock,Clock,16,17,26,1,3,221.0139,0.6512493254102422
merged_clock,Clock,16,17,26,1,3,222.015,0.6532215709569981
merged_clock,Clock,16,17,26,1,3,223.0143,0.655185035381553
merged_clock,Clock,16,17,26,1,3,224.016,0.6571479355607829
merged_clock,Clock,16,17,26,1,3,225.015,0.6591001751415679
merged_clock,Clock,16,17,26,1,3,226.0143,0.6610476260581792
merged_clock,Clock,16,17,26,1,3,227.0151,0.6629925718846581
merged_clock,Clock,16,17,26,1,3,228.0155,0.6649312170324487
merged_clock,Clock,16,17,26,1,3,229.0142,0.6668610455794894
merged_clock,Clock,16,17,26,1,3,230.0146,0.6687885544121575
merged_clock,Clock,16,17,26,1,3,231.0143,0.6707090713669284
merged_clock,Clock,16,17,26,1,3,232.0152,0.6726262089169374
merged_clock,Clock,16,17,26,1,3,233.0148,0.6745351279402314
merged_clock,Clock,16,17,26,1,3,234.0155,0.676440358977648
merged_clock,Clock,16,17,26,1,3,235.015,0.6783374709823805
merged_clock,Clock,16,17,26,1,3,236.0149,0.6802294675128151
merged_clock,Clock,16,17,26,1,3,237.0148,0.6821155793012883
merged_clock,Clock,16,17,26,1,3,238.015,0.6839962785887315
merged_clock,Clock,16,17,26,1,3,239.0146,0.6858698616159298
merged_clock,Clock,16,17,26,1,3,240.0134,0.6877358990323931
merged_clock,Clock,16,17,26,1,3,241.0145,0.6896001518901274
merged_clock,Clock,16,17,26,1,3,242.0148,0.6914567978749381
merged_clock,Clock,16,17,26,1,3,243.0147,0.6933065165722491
merged_clock,Clock,16,17,26,1,2,244.0141,0.6951491364204634
merged_clock,Clock,16,17,26,1,2,245.0134,0.6969853282827281
merged_clock,Clock,16,17,26,1,2,246.0144,0.6988183762821525
merged_clock,Clock,16,17,26,1,2,247.0143,0.7006430689304782
merged_clock,Clock,16,17,26,1,2,248.0141,0.7024612474217188
merged_clock,Clock,16,17,26,1,2,249.0156,0.7042761078449387
merged_clock,Clock,16,17,26,1,2,250.0161,0.706082742357845
merged_clock,Clock,16,17,26,1,2,251.0166,0.7078829177106327
merged_clock,Clock,16,17,26,1,2,252.0161,0.7096747986789472
merged_clock,Clock,16,17,26,1,2,253.0166,0.7114619639433488
merged_clock,Clock,16,17,26,1,2,254.0155,0.7132397270286552
merged_clock,Clock,16,17,26,1,2,255.0153,0.7150125176990875
merged_clock,Clock,16,17,26,1,2,256.0163,0.7167807992660011
merged_clock,Clock,16,17,26,1,2,257.0157,0.7185396136795843
merged_clock,Clock,16,17,26,1,2,258.0173,0.7202956662783245
merged_clock,Clock,16,17,26,1,2,259.0164,0.7220405855915298
merged_clock,Clock,16,17,26,1,2,260.0162,0.7237800655617074
merged_clock,Clock,16,17,26,1,2,261.0159,0.7255125869247581
merged_clock,Clock,16,17,26,1,2,262.0167,0.7272402295206727
merged_clock,Clock,16,17,26,1,2,263.0167,0.7289596988983891
merged_clock,Clock,16,17,26,1,2,264.0157,0.7306706217810512
merged_clock,Clock,16,17,26,1,2,265.0155,0.7323761123641679
merged_clock,Clock,16,17,26,1,2,266.0157,0.7340753546193103
merged_clock,Clock,16,17,26,1,2,267.0159,0.7357677518725083
merged_clock,Clock,16,17,26,1,2,268.0164,0.7374536924818477
merged_clock,Clock,16,17,26,1,2,269.0162,0.7391315655034764
merged_clock,Clock,16,17,26,1,2,270.017,0.7408041131201947
merged_clock,Clock,16,17,26,1,2,271.0178,0.7424696735671447
merged_clock,Clock,16,17,26,1,2,272.0171,0.7441257550724156
merged_clock,Clock,16,17,26,1,2,273.0175,0.7457766425674088
merged_clock,Clock,16,17,26,1,2,274.0162,0.7474177418987858
merged_clock,Clock,16,17,26,1,2,275.0173,0.7490556983987715
merged_clock,Clock,16,17,26,1,2,276.0175,0.7506850878767432
merged_clock,Clock,16,17,26,1,2,277.0181,0.7523080875744197
merged_clock,Clock,16,17,26,1,2,278.0172,0.7539215756158639
merged_clock,Clock,16,17,26,1,2,279.0174,0.7555296822692029
merged_clock,Clock,16,17,26,1,2,280.0188,0.7571326150017673
merged_clock,Clock,16,17,26,1,2,281.0179,0.7587247548175273
merged_clock,Clock,16,17,26,1,2,282.0179,0.7603111622756275
merged_clock,Clock,16,17,26,1,2,283.0176,0.7618899315767156
merged_clock,Clock,16,17,26,1,2,284.0172,0.7634613935174069
merged_clock,Clock,16,17,26,1,2,285.0172,0.7650263022410848
merged_clock,Clock,16,17,26,1,2,286.0167,0.7665832167867375
merged_clock,Clock,16,17,26,1,2,287.0182,0.768136057712274
merged_clock,Clock,16,17,26,1,2,288.0184,0.7696796984134376
merged_clock,Clock,16,17,26,1,2,289.0186,0.7712160763968373
merged_clock,Clock,16,17,26,1,2,290.0186,0.7727449524965896
merged_clock,Clock,16,17,26,1,2,291.0187,0.7742667874704062
merged_clock,Clock,16,17,26,1,2,292.0193,0.7757820799586211
merged_clock,Clock,16,17,26,1,2,293.0187,0.777288382842249
merged_clock,Clock,16,17,26,1,2,294.0177,0.7787868125614392
merged_clock,Clock,16,17,26,1,2,295.0201,0.7802831001039625
merged_clock,Clock,16,17,26,1,2,296.0089,0.7817519337424866
merged_clock,Clock,16,17,26,1,2,297.019,0.7832450877673905
merged_clock,Clock,16,17,26,1,2,298.0097,0.7847023602512886
merged_clock,Clock,16,17,26,1,2,299.0191,0.7861798249764543
merged_clock,Clock,16,17,26,1,2,300.0201,0.7876377025014261
merged_clock,Clock,16,17,26,1,2,301.019,0.7890852627052887
merged_clock,Clock,17,18,30,0,0,0.0,0.22136388511478
merged_clock,Clock,17,18,30,0,0,0.9999792,0.22282060657470085
merged_clock,Clock,17,18,30,0,0,2.004788,0.2242912378866119
merged_clock,Clock,17,18,30,0,0,2.99668,0.22574971893336343
merged_clock,Clock,17,18,30,0,0,4.00343,0.2272369042703
merged_clock,Clock,17,18,30,0,0,4.997688,0.22871241131086822
merged_clock,Clock,17,18,30,0,0,6.001186,0.23020845189462452
merged_clock,Clock,17,18,30,0,0,6.998924,0.23170269216326805
merged_clock,Clock,17,18,30,0,0,8.00406,0.23321484807066495
merged_clock,Clock,17,18,30,0,0,8.995449,0.23471303666244875
merged_clock,Clock,17,18,30,0,0,10.00218,0.23624122460467792
merged_clock,Clock,17,18,30,0,0,11.00547,0.2377710127242091
merged_clock,Clock,17,18,30,0,0,12.00087,0.2392954916149034
merged_clock,Clock,17,18,30,0,0,12.9966,0.24082716673673657
merged_clock,Clock,17,18,30,0,0,14.00091,0.24237880569935316
merged_clock,Clock,17,18,30,0,0,15.00556,0.24393775898096723
merged_clock,Clock,17,18,30,0,0,16.00177,0.24549030824056306
merged_clock,Clock,17,18,30,0,0,17.00652,0.24706290367605196
merged_clock,Clock,17,18,30,0,0,17.99968,0.2486239981767542
merged_clock,Clock,17,18,30,0,0,19.00499,0.2502108978814778
merged_clock,Clock,17,18,30,0,0,20.00038,0.2517887735550196
merged_clock,Clock,17,18,30,0,0,21.00265,0.2533842112900988
merged_clock,Clock,17,18,30,0,0,21.99645,0.25497274841324613
merged_clock,Clock,17,18,30,0,0,23.00518,0.2565918330586221
merged_clock,Clock,17,18,30,0,0,23.99806,0.25819203765984
merged_clock,Clock,17,18,30,0,0,25.00475,0.2598211262211199
merged_clock,Clock,17,18,30,0,0,25.99721,0.2614337044359352
merged_clock,Clock,17,18,30,0,0,27.00311,0.2630747052308243
merged_clock,Clock,17,18,30,0,0,27.99697,0.26470254975172586
merged_clock,Clock,17,18,30,0,0,29.00288,0.2663566848434165
merged_clock,Clock,17,18,30,0,0,29.99674,0.2679974551896254
merged_clock,Clock,17,18,30,0,0,31.00117,0.2696621679866537
merged_clock,Clock,17,18,30,0,0,31.99794,0.2713206220921566
merged_clock,Clock,17,18,30,0,0,32.99901,0.27299265467235073
merged_clock,Clock,17,18,30,0,0,34.00613,0.2746812771031302
merged_clock,Clock,17,18,30,0,0,35.00093,0.2763555964747398
merged_clock,Clock,17,18,30,0,0,35.99554,0.27803588663862605
merged_clock,Clock,17,18,30,0,0,36.99783,0.2797354896748237
merged_clock,Clock,17,18,30,0,0,38.00521,0.28145011611339177
merged_clock,Clock,17,18,30,0,0,39.0009,0.2831511092902023
merged_clock,Clock,17,18,30,0,0,40.0038,0.2848706916347298
merged_clock,Clock,17,18,30,0,0,41.00013,0.2865852173842313
merged_clock,Clock,17,18,30,0,0,42.00479,0.28832031627159227
merged_clock,Clock,17,18,30,0,0,42.9991,0.2900436727816154
merged_clock,Clock,17,18,30,0,0,44.00304,0.29178989012992085
merged_clock,Clock,17,18,30,0,0,44.99727,0.29352529163772284
merged_clock,Clock,17,18,30,0,0,46.00503,0.2952904587553843
merged_clock,Clock,17,18,30,0,0,46.99549,0.2970313119321625
merged_clock,Clock,17,18,30,0,0,48.00256,0.29880741891395535
merged_clock,Clock,17,18,30,0,0,48.99692,0.30056708035827484
merged_clock,Clock,17,18,30,0,0,50.00111,0.3023501135404082
merged_clock,Clock,17,18,30,0,0,50.99635,0.3041231547792385
merged_clock,Clock,17,18,30,0,0,52.00238,0.3059213554345273
merged_clock,Clock,17,18,30,0,0,52.99729,0.3077055129756179
merged_clock,Clock,17,18,30,0,0,54.00202,0.3095131298520109
merged_clock,Clock,17,18,30,0,0,54.99564,0.3113065017454256
merged_clock,Clock,17,18,30,0,0,55.99984,0.3131247430469566
merged_clock,Clock,17,18,30,0,0,57.00648,0.31495318905504016
merged_clock,Clock,17,18,30,0,0,58.00112,0.3167654870007053
merged_clock,Clock,17,18,30,0,0,59.00549,0.31860116958590756
merged_clock,Clock,17,18,30,0,0,60.00083,0.3204259289973566
merged_clock,Clock,17,18,30,0,0,60.99555,0.3222550447446258
merged_clock,Clock,17,18,30,0,0,61.99899,0.32410573662457043
merged_clock,Clock,17,18,30,0,0,63.00394,0.325964743723985
merged_clock,Clock,17,18,30,0,0,63.99825,0.3278094671814712
merged_clock,Clock,17,18,30,0,0,65.00445,0.3296816804663563
merged_clock,Clock,17,18,30,0,0,65.99821,0.33153606604380453
merged_clock,Clock,17,18,30,0,0,67.00327,0.33341688273332004
merged_clock,Clock,17,18,30,0,0,67.99731,0.33528228544340094
merged_clock,Clock,17,18,30,0,0,69.00223,0.3371733616677908
merged_clock,Clock,17,18,30,0,0,69.99654,0.3390496102121247
merged_clock,Clock,17,18,30,0,0,71.00023,0.34094870881518397
merged_clock,Clock,17,18,30,0,0,71.99614,0.34283814322186823
merged_clock,Clock,17,18,30,0,0,73.00099,0.34474960271074356
merged_clock,Clock,17,18,30,0,0,73.99584,0.34664699636061375
merged_clock,Clock,17,18,30,0,0,75.00096,0.3485689391594423
merged_clock,Clock,17,18,30,0,0,76.00616,0.35049596791052423
merged_clock,Clock,17,18,30,0,0,77.00009,0.35240621674883954
merged_clock,Clock,17,18,30,0,0,78.0049,0.35434216964186427
merged_clock,Clock,17,18,30,0,0,79.00005,0.35626424322916045
merged_clock,Clock,17,18,30,0,0,80.00594,0.3582117670357772
merged_clock,Clock,17,18,30,0,0,80.99896,0.36013897178325677
merged_clock,Clock,17,18,30,0,0,82.00391,0.3620939200420841
merged_clock,Clock,17,18,30,0,0,82.99937,0.36403492995692815
merged_clock,Clock,17,18,30,0,0,84.00315,0.3659966608559945
merged_clock,Clock,17,18,30,0,0,84.99638,0.36794215580261563
merged_clock,Clock,17,18,30,0,0,86.00302,0.3699183028824704
merged_clock,Clock,17,18,30,0,0,86.99828,0.3718764136976731
merged_clock,Clock,17,18,30,0,0,88.00369,0.37385876798001416
merged_clock,Clock,17,18,30,0,0,88.99768,0.3758227755971808
merged_clock,Clock,17,18,30,0,0,90.00156,0.37781047358983477
merged_clock,Clock,17,18,30,0,0,90.99709,0.37978572523801446
merged_clock,Clock,17,18,30,0,0,92.00238,0.3817843717793062
merged_clock,Clock,17,18,30,0,0,92.9968,0.383765363650081
merged_clock,Clock,17,18,30,0,0,94.00124,0.38577023473707206
merged_clock,Clock,17,18,30,0,0,95.00658,0.3877807756588362
merged_clock,Clock,17,18,30,0,0,96.00197,0.3897752079531881
merged_clock,Clock,17,18,30,0,0,97.00596,0.3917906098194027
merged_clock,Clock,17,18,30,0,0,98.00156,0.39379281472791394
merged_clock,Clock,17,18,30,0,0,98.99548,0.39579522396921335
merged_clock,Clock,17,18,30,0,0,100.0009,0.39782434237483316
merged_clock,Clock,17,18,30,0,0,101.0066,0.39985755024231323
merged_clock,Clock,17,18,30,0,0,102.0006,0.40187050906676985
merged_clock,Clock,17,19,31,0,0,0.0,0.22136388511478
merged_clock,Clock,17,19,31,0,0,1.000985,0.2228220752535181
merged_clock,Clock,17,19,31,0,0,2.005424,0.2242921710611132
merged_clock,Clock,17,19,31,0,0,3.009673,0.22576886852975178
merged_clock,Clock,17,19,31,0,0,4.004768,0.22723888538503165
merged_clock,Clock,17,19,31,0,0,5.009557,0.22873006581800326
merged_clock,Clock,17,19,31,0,0,6.003664,0.23021215481995366
merged_clock,Clock,17,19,31,0,0,7.010209,0.23171963203338306
merged_clock,Clock,17,19,31,0,0,8.003902,0.23321461080272235
merged_clock,Clock,17,19,31,0,0,9.006798,0.2347302254362218
merged_clock,Clock,17,19,31,0,0,10.00172,0.236240525271915
merged_clock,Clock,17,19,31,0,0,11.0068,0.23777304430361124
merged_clock,Clock,17,19,31,0,0,12.00354,0.2392995902237154
merged_clock,Clock,17,19,31,0,0,13.00835,0.24084528133164
merged_clock,Clock,17,19,31,0,0,14.00084,0.24237869790526742
merged_clock,Clock,17,19,31,0,0,15.00701,0.2439400147391183
merged_clock,Clock,17,19,31,0,0,16.00122,0.24548945032108604
merged_clock,Clock,17,19,31,0,0,17.00685,0.24706342124477382
merged_clock,Clock,17,19,31,0,0,18.00081,0.2486257797819829
merged_clock,Clock,17,19,31,0,0,19.00702,0.2502141111882471
merged_clock,Clock,17,19,31,0,0,20.01085,0.2518054075981234
merged_clock,Clock,17,19,31,0,0,21.00574,0.2533891401889123
merged_clock,Clock,17,19,31,0,0,22.00872,0.25499240218293673
merged_clock,Clock,17,19,31,0,0,23.00411,0.25659011203257787
merged_clock,Clock,17,19,31,0,0,24.01078,0.2582125805570968
merged_clock,Clock,17,19,31,0,0,25.0045,0.2598207210508227
merged_clock,Clock,17,19,31,0,0,26.0085,0.2614520852457687
merged_clock,Clock,17,19,31,0,0,27.0036,0.2630755034061959
merged_clock,Clock,17,19,31,0,0,28.00868,0.2647217698243457
merged_clock,Clock,17,19,31,0,0,29.00358,0.26635783821861037
merged_clock,Clock,17,19,31,0,0,30.00844,0.26801680837025676
merged_clock,Clock,17,19,31,0,0,31.00222,0.26966391321268807
merged_clock,Clock,17,19,31,0,0,32.00934,0.27133962389442495
merged_clock,Clock,17,19,31,0,0,33.0018,0.27299732759439926
merged_clock,Clock,17,19,31,0,0,34.00806,0.2746845197184421
merged_clock,Clock,17,19,31,0,0,35.00208,0.27635753265719815
merged_clock,Clock,17,19,31,0,0,36.00603,0.27805364255371007
merged_clock,Clock,17,19,31,0,0,37.01082,0.27975755714512873
merged_clock,Clock,17,19,31,0,0,38.00394,0.2814479499712769
merged_clock,Clock,17,19,31,0,0,39.00128,0.2831517621674911
merged_clock,Clock,17,19,31,0,0,40.00355,0.28487026571193647
merged_clock,Clock,17,19,31,0,0,41.00896,0.2866004417482414
merged_clock,Clock,17,19,31,0,0,42.00296,0.2883171482728136
merged_clock,Clock,17,19,31,0,0,43.00796,0.2900590591606303
merged_clock,Clock,17,19,31,0,0,44.00217,0.29178837464395124
merged_clock,Clock,17,19,31,0,0,45.01014,0.29354779680939136
merged_clock,Clock,17,19,31,0,0,46.00392,0.2952885109879675
merged_clock,Clock,17,19,31,0,0,47.00853,0.2970542684142829
merged_clock,Clock,17,19,31,0,0,48.00261,0.298807506524716
merged_clock,Clock,17,19,31,0,0,49.00852,0.3005876371297422
merged_clock,Clock,17,19,31,0,0,50.00158,0.30235094806375
merged_clock,Clock,17,19,31,0,0,51.00639,0.3041410715745799
merged_clock,Clock,17,19,31,0,0,52.00257,0.305921696921382
merged_clock,Clock,17,19,31,0,0,53.00808,0.3077248905104168
merged_clock,Clock,17,19,31,0,0,54.01061,0.30952860380809055
merged_clock,Clock,17,19,31,0,0,55.00464,0.3113227697282968
merged_clock,Clock,17,19,31,0,0,56.01059,0.3131442383045295
merged_clock,Clock,17,19,31,0,0,57.00418,0.3149490043255836
merged_clock,Clock,17,19,31,0,0,58.00952,0.3167808160767182
merged_clock,Clock,17,19,31,0,0,59.00356,0.3185976362627669
merged_clock,Clock,17,19,31,0,0,60.00906,0.32044103694188475
merged_clock,Clock,17,19,31,0,0,61.00537,0.32227313459683116
merged_clock,Clock,17,19,31,0,0,62.00978,0.32412567045457685
merged_clock,Clock,17,19,31,0,0,63.00252,0.3259621147841209
merged_clock,Clock,17,19,31,0,0,64.01038,0.32783201323725536
merged_clock,Clock,17,19,31,0,0,65.00336,0.3296796475166713
merged_clock,Clock,17,19,31,0,0,66.00802,0.3315544006316081
merged_clock,Clock,17,19,31,0,0,67.00256,0.3334155530758381
merged_clock,Clock,17,19,31,0,0,68.00945,0.3353051105923107
merged_clock,Clock,17,19,31,0,0,69.00372,0.33717617956756385
merged_clock,Clock,17,19,31,0,0,70.00982,0.33907470907703846
merged_clock,Clock,17,19,31,0,0,71.00265,0.34095329112348366
merged_clock,Clock,17,19,31,0,0,72.008,0.3428606811542906
merged_clock,Clock,17,19,31,0,0,73.00281,0.34475306134330524
merged_clock,Clock,17,19,31,0,0,74.00819,0.34667057051654315
merged_clock,Clock,17,19,31,0,0,75.01201,0.3485900909532323
merged_clock,Clock,17,19,31,0,0,76.00611,0.35049588004237636
merged_clock,Clock,17,19,31,0,0,77.00114,0.3524082280760702
merged_clock,Clock,17,19,31,0,0,78.00519,0.3543427289155462
merged_clock,Clock,17,19,31,0,0,79.00102,0.356266116926626
merged_clock,Clock,17,19,31,0,0,80.00417,0.3582083359305832
merged_clock,Clock,17,19,31,0,0,81.00095,0.3601428409075042
merged_clock,Clock,17,19,31,0,0,82.0044,0.3620948858860043
merged_clock,Clock,17,19,31,0,0,83.01079,0.3640572255575307
merged_clock,Clock,17,19,31,0,0,84.00543,0.36600112415873287
merged_clock,Clock,17,19,31,0,0,85.00938,0.3679676342332694
merged_clock,Clock,17,19,31,0,0,86.00385,0.3699199372320191
merged_clock,Clock,17,19,31,0,0,87.01024,0.37189996059608926
merged_clock,Clock,17,19,31,0,0,88.00443,0.3738602287011699
merged_clock,Clock,17,19,31,0,0,89.00955,0.37584625685586764
merged_clock,Clock,17,19,31,0,0,90.00391,0.37781513120740573
merged_clock,Clock,17,19,31,0,0,91.00847,0.37980831847276714
merged_clock,Clock,17,19,31,0,0,92.0016,0.38178282305779554
merged_clock,Clock,17,19,31,0,0,93.00795,0.3837875907196837
merged_clock,Clock,17,19,31,0,0,94.00253,0.38577281083392323
merged_clock,Clock,17,19,31,0,0,95.00549,0.38777860697368355
merged_clock,Clock,17,19,31,0,0,96.00258,0.38977643203279466
merged_clock,Clock,17,19,31,0,0,97.00802,0.3917947487399874
merged_clock,Clock,17,19,31,0,0,98.01157,0.39381297855007025
merged_clock,Clock,17,19,31,0,0,99.00378,0.3958119465299086
merged_clock,Clock,17,19,31,0,0,100.0088,0.3978402928352074
merged_clock,Clock,17,19,31,0,0,101.0042,0.3998527028989256
merged_clock,Clock,17,19,31,0,0,102.0094,0.40188833815730524
merged_clock,Clock,17,19,31,0,0,103.0055,0.40390889922551926
merged_clock,Clock,17,19,31,0,0,104.0091,0.4059479740785653
merged_clock,Clock,17,19,31,0,0,105.0045,0.407973594065629
merged_clock,Clock,17,19,31,0,0,106.0071,0.41001703573415
merged_clock,Clock,17,19,31,0,0,107.0044,0.41205275703593264
merged_clock,Clock,17,19,31,0,0,108.009,0.41410642835799805
merged_clock,Clock,17,19,31,0,0,109.0036,0.4161425989211985
merged_clock,Clock,17,19,31,0,0,110.0081,0.41820195172509894
merged_clock,Clock,17,19,31,0,0,111.0021,0.4202425776502117
merged_clock,Clock,17,19,31,0,0,112.0071,0.42230858024425655
merged_clock,Clock,17,19,31,0,0,113.0019,0.4243562788809947
merged_clock,Clock,17,19,31,0,0,114.007,0.42642783466682416
merged_clock,Clock,17,19,31,0,0,115.0018,0.4284806922246317
merged_clock,Clock,17,19,31,0,0,116.0058,0.43055503561321257
merged_clock,Clock,17,19,31,0,0,117.0008,0.4326132023792182
merged_clock,Clock,17,19,31,0,0,118.0058,0.4346944062961236
merged_clock,Clock,17,19,31,0,0,119.0009,0.4367573894748718
merged_clock,Clock,17,19,31,0,0,120.0067,0.43884477354524304
merged_clock,Clock,17,19,31,0,0,121.01,0.4409291383431352
merged_clock,Clock,17,19,31,0,0,122.0059,0.44300017410669734
merged_clock,Clock,17,19,31,0,0,123.0113,0.44509299052586143
merged_clock,Clock,17,19,31,0,0,124.0053,0.4471639969585135
merged_clock,Clock,17,19,31,0,0,125.0097,0.4492585171969561
merged_clock,Clock,17,19,31,0,0,126.0034,0.45133252003548846
merged_clock,Clock,17,19,31,0,0,127.0085,0.45343201789779847
merged_clock,Clock,17,19,31,0,0,128.0037,0.4555124635802743
merged_clock,Clock,17,19,31,0,0,129.0084,0.4576143898840777
merged_clock,Clock,17,19,31,0,0,130.0016,0.45969369926468073
merged_clock,Clock,17,19,31,0,0,131.0083,0.4618027127238148
merged_clock,Clock,17,19,31,0,0,132.0119,0.4639065987385066
merged_clock,Clock,17,19,31,0,0,133.0072,0.4659943533876516
merged_clock,Clock,17,19,31,0,0,134.0103,0.4680996694405874
merged_clock,Clock,17,19,31,0,0,135.0068,0.4701922759016156
merged_clock,Clock,17,19,31,0,0,136.0014,0.47228192254922735
merged_clock,Clock,17,19,31,0,0,137.0053,0.4743920780542536
merged_clock,Clock,17,19,31,0,0,138.0007,0.47648530427152247
merged_clock,Clock,17,19,31,0,0,139.0049,0.47859785003987526
merged_clock,Clock,17,19,31,0,0,140.0098,0.4807126389993055
merged_clock,Clock,17,19,31,0,0,141.0047,0.482807076005988
merged_clock,Clock,17,19,31,0,0,142.0097,0.4849233911897209
merged_clock,Clock,17,19,31,0,0,143.0044,0.48701851820426484
merged_clock,Clock,17,19,31,0,0,144.0098,0.48913667073285266
merged_clock,Clock,17,19,31,0,0,145.0037,0.49123096835770863
merged_clock,Clock,17,19,31,0,0,146.0092,0.4933500471377566
merged_clock,Clock,17,19,31,0,0,147.004,0.4954467868183508
merged_clock,Clock,17,19,31,0,0,148.0089,0.49756497947309575
merged_clock,Clock,17,19,31,0,0,149.0036,0.49966177323524097
merged_clock,Clock,17,19,31,0,0,150.0071,0.5017771057796276
merged_clock,Clock,17,19,31,0,0,151.0025,0.5038753282172184
merged_clock,Clock,17,19,31,0,0,152.0071,0.5059927748036748
merged_clock,Clock,17,19,31,0,0,153.0009,0.5080872716442848
merged_clock,Clock,17,19,31,0,0,154.0058,0.5102048589579724
merged_clock,Clock,17,19,31,0,0,155.0012,0.5123020855166829
merged_clock,Clock,17,19,31,0,0,156.0054,0.5144173907637388
merged_clock,Clock,17,19,31,0,0,157.011,0.516535135577299
merged_clock,Clock,17,19,31,0,0,158.007,0.5186320829030685
merged_clock,Clock,17,19,31,0,0,159.0012,0.5207245851286945
merged_clock,Clock,17,19,31,0,0,160.0058,0.5228382192062921
merged_clock,Clock,17,19,31,0,0,161.0113,0.5249529607669828
merged_clock,Clock,17,19,31,0,0,162.003,0.5270377834992512
merged_clock,Clock,17,19,31,0,0,163.0103,0.5291544248741018
merged_clock,Clock,17,19,31,0,0,164.0049,0.5312433614583035
merged_clock,Clock,17,19,31,0,0,165.0098,0.5333528185787413
merged_clock,Clock,17,19,31,0,0,166.0037,0.535438009268893
merged_clock,Clock,17,19,31,0,0,167.0093,0.5375464934220875
merged_clock,Clock,17,19,31,0,0,168.0029,0.5396285126090505
merged_clock,Clock,17,19,31,0,0,169.0088,0.5417348943565765
merged_clock,Clock,17,19,31,0,0,170.0034,0.54381613416469
merged_clock,Clock,17,19,31,0,0,171.0055,0.5459115049769856
merged_clock,Clock,17,19,31,0,0,172.0014,0.5479923438837128
merged_clock,Clock,17,19,31,0,0,173.0066,0.5500908983157381
merged_clock,Clock,17,19,31,0,0,174.0016,0.5521663874506775
merged_clock,Clock,17,19,31,0,0,175.0069,0.5542615165388749
merged_clock,Clock,17,19,31,0,0,176.0123,0.5563549415109339
merged_clock,Clock,17,19,31,0,0,177.0065,0.5584230804569511
merged_clock,Clock,17,19,31,0,0,178.011,0.5605105882081797
merged_clock,Clock,17,19,31,0,0,179.0068,0.5625779104486798
merged_clock,Clock,17,19,31,0,0,180.0011,0.564639930225333
merged_clock,Clock,17,19,31,0,0,181.0064,0.5667224945246006
merged_clock,Clock,17,19,31,0,0,182.0111,0.5688014737850345
merged_clock,Clock,17,19,31,0,0,183.0049,0.5708555264337323
merged_clock,Clock,17,19,31,0,0,184.0102,0.5729308465865687
merged_clock,Clock,17,19,31,0,0,185.005,0.5749820020580247
merged_clock,Clock,17,19,31,0,0,186.0099,0.5770513353629145
merged_clock,Clock,17,19,31,0,0,187.0043,0.5790963927618984
merged_clock,Clock,17,19,31,0,0,188.0083,0.5811584383739125
merged_clock,Clock,17,19,31,0,0,189.0121,0.5832172459053705
merged_clock,Clock,17,19,31,0,0,190.0077,0.5852563848906358
merged_clock,Clock,17,19,31,1,1,191.004,0.5872940104128256
merged_clock,Clock,17,19,31,1,1,192.0085,0.5893454020548327
merged_clock,Clock,17,19,31,1,1,193.0027,0.5913727050876181
merged_clock,Clock,17,19,31,1,1,194.0076,0.5934186656181488
merged_clock,Clock,17,19,31,1,1,195.0103,0.595456926798276
merged_clock,Clock,17,19,31,1,1,196.0065,0.5974787191933045
merged_clock,Clock,17,19,31,1,1,197.0118,0.5995156145530179
merged_clock,Clock,17,19,31,1,1,198.007,0.6015286920586806
merged_clock,Clock,17,19,31,1,1,199.0122,0.6035585068783091
merged_clock,Clock,17,19,31,1,1,200.0032,0.605556150807744
merged_clock,Clock,17,19,31,1,1,201.0105,0.6075830363718643
merged_clock,Clock,17,19,31,1,1,202.0041,0.6095787552145785
merged_clock,Clock,17,19,31,1,1,203.0108,0.6115970363156027
merged_clock,Clock,17,19,31,1,1,204.0051,0.6135866969079707
merged_clock,Clock,17,19,31,1,1,205.0095,0.615592757582853
merged_clock,Clock,17,19,31,1,1,206.0035,0.6175741405841951
merged_clock,Clock,17,19,31,1,1,207.0092,0.6195749127705177
merged_clock,Clock,17,19,31,1,1,208.0047,0.621551384992758
merged_clock,Clock,17,19,31,1,1,209.0079,0.6235390800737962
merged_clock,Clock,17,19,31,1,1,210.0019,0.6255044518352256
merged_clock,Clock,17,19,31,1,1,211.0076,0.6274887301851625
merged_clock,Clock,17,19,31,1,1,212.0027,0.6294478966818814
merged_clock,Clock,17,19,31,1,1,213.0061,0.631419101106821
merged_clock,Clock,17,19,31,1,1,214.0013,0.633369853476057
merged_clock,Clock,17,19,31,1,1,215.0081,0.6353389289359306
merged_clock,Clock,17,19,31,1,1,216.0116,0.637297031438949
merged_clock,Clock,17,19,31,1,1,217.0064,0.639233677464597
merged_clock,Clock,17,19,31,1,1,218.0115,0.6411858153693987
merged_clock,Clock,17,19,31,1,1,219.0054,0.6431115829344625
merged_clock,Clock,17,19,31,1,1,220.0112,0.645055714320533
merged_clock,Clock,17,19,31,1,1,221.0064,0.6469746454130226
merged_clock,Clock,17,19,31,1,1,222.0103,0.6489055865984259
merged_clock,Clock,17,19,31,1,1,223.0056,0.6508151757290837
merged_clock,Clock,17,19,31,1,1,224.0085,0.6527344608319844
merged_clock,Clock,17,19,31,1,1,225.0041,0.6546348903349382
merged_clock,Clock,17,19,31,1,1,226.0092,0.6565484379217398
merged_clock,Clock,17,19,31,1,1,227.003,0.6584355027899813
merged_clock,Clock,17,19,31,1,1,228.0096,0.6603417465299631
merged_clock,Clock,17,19,31,1,1,229.0022,0.6622164186161997
merged_clock,Clock,17,19,31,1,1,230.0075,0.6641099148168906
merged_clock,Clock,17,19,31,1,1,231.0025,0.6659788029667192
merged_clock,Clock,17,19,31,1,1,232.0071,0.667860445296847
merged_clock,Clock,17,19,31,1,1,233.0013,0.6697173638811256
merged_clock,Clock,17,19,31,1,1,234.0075,0.6715913391857918
merged_clock,Clock,17,19,31,1,1,235.0014,0.67343703245913
merged_clock,Clock,17,19,31,1,1,236.0064,0.6752978782864832
merged_clock,Clock,17,19,31,1,1,237.0116,0.6771535976729156
merged_clock,Clock,17,19,31,1,1,238.0048,0.6789817108304803
merged_clock,Clock,17,19,31,1,1,239.0119,0.6808297942035759
merged_clock,Clock,17,19,31,1,1,240.0056,0.682647738655266
merged_clock,Clock,17,19,31,1,1,241.0098,0.6844792448293759
merged_clock,Clock,17,19,31,1,1,242.0046,0.6862879751278731
merged_clock,Clock,17,19,31,1,1,243.0095,0.6881093690353782
merged_clock,Clock,17,19,31,1,1,244.0036,0.6899054509690566
merged_clock,Clock,17,19,31,1,1,245.0084,0.6917150845772084
merged_clock,Clock,17,19,31,1,1,246.0024,0.693499459744852
merged_clock,Clock,17,19,31,1,1,247.0089,0.6953004084666745
merged_clock,Clock,17,19,31,1,1,248.0018,0.6970711906693051
merged_clock,Clock,17,19,31,1,1,249.0075,0.6988588576457972
merged_clock,Clock,17,19,31,1,1,250.0024,0.7006213724191431
merged_clock,Clock,17,19,31,1,1,251.007,0.70239509688613
merged_clock,Clock,17,19,31,1,1,252.0019,0.704145703398136
merged_clock,Clock,17,19,31,1,1,253.0078,0.7059095557798596
merged_clock,Clock,17,19,31,1,1,254.0016,0.7076461772731062
merged_clock,Clock,17,19,31,1,1,255.006,0.7093951737302463
merged_clock,Clock,17,19,31,1,1,256.0015,0.7111225693445932
merged_clock,Clock,17,19,31,1,1,257.0061,0.7128595760422761
merged_clock,Clock,17,19,31,1,1,258.0115,0.714591694625629
merged_clock,Clock,17,19,31,1,1,259.0063,0.7162993255341106
merged_clock,Clock,17,19,31,1,1,260.0111,0.7180179124010935
merged_clock,Clock,17,19,31,1,1,261.0058,0.7197129287042211
merged_clock,Clock,17,19,31,1,1,262.0091,0.7214162934007484
merged_clock,Clock,17,19,31,1,1,263.0046,0.7231001508442512
merged_clock,Clock,17,19,31,1,1,264.0077,0.724790442769829
merged_clock,Clock,17,19,31,1,1,265.0049,0.7264645021130002
merged_clock,Clock,17,19,31,1,1,266.0084,0.7281426402483229
merged_clock,Clock,17,19,31,1,1,267.0024,0.7297985823828467
merged_clock,Clock,17,19,31,1,1,268.0084,0.7314679715494556
merged_clock,Clock,17,19,31,1,1,269.0017,0.7331099246397536
merged_clock,Clock,17,19,31,1,1,270.0081,0.7347669425389189
merged_clock,Clock,17,19,31,1,1,271.0023,0.73639744187885
merged_clock,Clock,17,19,31,1,1,272.0071,0.7380388049542983
merged_clock,Clock,17,19,31,1,1,273.0021,0.7396576057516134
merged_clock,Clock,17,19,31,1,1,274.0055,0.741283481329179
merged_clock,Clock,17,19,31,1,1,275.0112,0.742906467665714
merged_clock,Clock,17,19,31,1,1,276.0066,0.7445062379121018
merged_clock,Clock,17,19,31,1,1,277.0003,0.746096774684139
merged_clock,Clock,17,19,31,1,1,278.006,0.7476998431566704
merged_clock,Clock,17,19,31,1,1,279.0105,0.749294257769135
merged_clock,Clock,17,19,31,1,1,280.0047,0.7508657320233254
merged_clock,Clock,17,19,31,1,1,281.0099,0.752447866179587
merged_clock,Clock,17,19,31,1,1,282.0057,0.7540085922342775
merged_clock,Clock,17,19,31,1,1,283.0083,0.755573225185738
merged_clock,Clock,17,19,31,1,1,284.0044,0.7571210331061766
merged_clock,Clock,17,19,31,1,1,285.009,0.7586753148747486
merged_clock,Clock,17,19,31,1,1,286.0031,0.7602066642935676
merged_clock,Clock,17,19,31,1,1,287.0073,0.7617467598201546
merged_clock,Clock,17,19,31,1,1,288.0027,0.7632666535646269
merged_clock,Clock,17,19,31,1,1,289.009,0.7647964168014977
merged_clock,Clock,17,19,31,1,1,290.0021,0.7662993681978116
merged_clock,Clock,17,19,31,1,1,291.0077,0.7678143946245413
merged_clock,Clock,17,19,31,1,1,292.0008,0.769303878302671
merged_clock,Clock,17,19,31,1,1,293.0079,0.7708075257553478
merged_clock,Clock,17,19,31,1,1,294.0009,0.772283321933723
merged_clock,Clock,17,19,31,1,1,295.0032,0.7737661885044925
merged_clock,Clock,17,19,31,1,1,296.0112,0.7752505484720659
merged_clock,Clock,17,19,31,1,1,297.0046,0.7767066480505881
merged_clock,Clock,17,19,31,1,1,298.0083,0.7781709829964739
merged_clock,Clock,17,19,31,1,1,299.006,0.7796197743452885
merged_clock,Clock,17,19,31,1,1,300.0085,0.7810686740566186
merged_clock,Clock,17,19,31,1,3,301.0046,0.7825015086789192
merged_clock,Clock,18,20,32,0,0,0.0110804,0.21122450762860204
merged_clock,Clock,18,20,32,0,0,1.011041,0.21269810157141775
merged_clock,Clock,18,20,32,0,0,2.016676,0.21418761020706514
merged_clock,Clock,18,20,32,0,0,3.011486,0.2156685370413842
merged_clock,Clock,18,20,32,0,0,4.016891,0.21717276445116815
merged_clock,Clock,18,20,32,0,0,5.011039,0.21866758929592625
merged_clock,Clock,18,20,32,0,0,6.015488,0.2201854144549499
merged_clock,Clock,18,20,32,0,0,7.01065,0.2216966471643413
merged_clock,Clock,18,20,32,0,0,8.014598,0.2232287233125902
merged_clock,Clock,18,20,32,0,0,9.018079,0.22476761186207883
merged_clock,Clock,18,20,32,0,0,10.01411,0.2263025096692827
merged_clock,Clock,18,20,32,0,0,11.00884,0.22784278938034117
merged_clock,Clock,18,20,32,0,0,12.01504,0.22940833431575847
merged_clock,Clock,18,20,32,0,0,13.00929,0.23096268952144558
merged_clock,Clock,18,20,32,0,0,14.01207,0.23253782957792632
merged_clock,Clock,18,20,32,0,0,15.01844,0.2341261217715298
merged_clock,Clock,18,20,32,0,0,16.01151,0.2357007915852574
merged_clock,Clock,18,20,32,0,0,17.01897,0.23730574663839837
merged_clock,Clock,18,20,32,0,0,18.01219,0.23889536980438805
merged_clock,Clock,18,20,32,0,0,19.018,0.24051257345692817
merged_clock,Clock,18,20,32,0,0,20.01223,0.24211849526517437
merged_clock,Clock,18,20,32,0,0,21.01826,0.2437508868895055
merged_clock,Clock,18,20,32,0,0,22.01056,0.24536829224506532
merged_clock,Clock,18,20,32,0,0,23.01604,0.24701455483217022
merged_clock,Clock,18,20,32,0,0,24.01034,0.248649790615041
merged_clock,Clock,18,20,32,0,0,25.01539,0.2503100533413619
merged_clock,Clock,18,20,32,0,0,26.00949,0.2519594722857405
merged_clock,Clock,18,20,32,0,0,27.01463,0.25363452381910173
merged_clock,Clock,18,20,32,0,0,28.00904,0.2552989140088727
merged_clock,Clock,18,20,32,0,0,29.0132,0.2569868878144637
merged_clock,Clock,18,20,32,0,0,30.00926,0.25866844069629324
merged_clock,Clock,18,20,32,0,0,31.01427,0.2603723490489087
merged_clock,Clock,18,20,32,0,0,32.00863,0.26206533804999593
merged_clock,Clock,18,20,32,0,0,33.0139,0.26378410828290255
merged_clock,Clock,18,20,32,0,0,34.01863,0.2655091632677537
merged_clock,Clock,18,20,32,0,0,35.01357,0.26722448706754975
merged_clock,Clock,18,20,32,0,0,36.01921,0.26896540289556603
merged_clock,Clock,18,20,32,0,0,37.01136,0.270689969564579
merged_clock,Clock,18,20,32,0,0,38.01687,0.2724448347698093
merged_clock,Clock,18,20,32,0,0,39.01275,0.2741898938757426
merged_clock,Clock,18,20,32,0,0,40.01619,0.27595521875912643
merged_clock,Clock,18,20,32,0,0,41.01143,0.27771304578510153
merged_clock,Clock,18,20,32,0,0,42.0158,0.27949397279179533
merged_clock,Clock,18,20,32,0,0,43.01032,0.28126429903593037
merged_clock,Clock,18,20,32,0,0,44.01684,0.2830629268907674
merged_clock,Clock,18,20,32,0,0,45.01042,0.28484523541217205
merged_clock,Clock,18,20,32,0,0,46.01677,0.28665731296682984
merged_clock,Clock,18,20,32,0,0,47.00881,0.2884503570727083
merged_clock,Clock,18,20,32,0,0,48.01413,0.2902741950246654
merged_clock,Clock,18,20,32,0,0,49.00892,0.2920856168096033
merged_clock,Clock,18,20,32,0,0,50.01486,0.29392407693292966
merged_clock,Clock,18,20,32,0,0,51.00885,0.29574731911094454
merged_clock,Clock,18,20,32,0,0,52.01189,0.29759379129561775
merged_clock,Clock,18,20,32,0,0,53.00847,0.2994349302250246
merged_clock,Clock,18,20,32,0,0,54.0122,0.3012958582073745
merged_clock,Clock,18,20,32,0,0,55.01799,0.30316718603325954
merged_clock,Clock,18,20,32,0,0,56.01407,0.3050268977083926
merged_clock,Clock,18,20,32,0,0,57.01657,0.3069050486973053
merged_clock,Clock,18,20,32,0,0,58.01276,0.30877773753392457
merged_clock,Clock,18,20,32,0,0,59.01617,0.3106703749827835
merged_clock,Clock,18,20,32,0,0,60.00939,0.31255005241151324
merged_clock,Clock,18,20,32,0,0,61.01475,0.31445900056497605
merged_clock,Clock,18,20,32,0,0,62.01167,0.31635813397778945
merged_clock,Clock,18,20,32,0,0,63.01693,0.318279382386637
merged_clock,Clock,18,20,32,0,0,64.00983,0.32018309086846686
merged_clock,Clock,18,20,32,0,0,65.0164,0.3221191586764604
merged_clock,Clock,18,20,32,0,0,66.0104,0.3240370403803759
merged_clock,Clock,18,20,32,0,0,67.0154,0.3259821908076136
merged_clock,Clock,18,20,32,0,0,68.00903,0.3279112348128657
merged_clock,Clock,18,20,32,0,0,69.01451,0.32986921502175065
merged_clock,Clock,18,20,32,0,0,70.00904,0.33181169842742075
merged_clock,Clock,18,20,32,0,0,71.01378,0.3337799501361386
merged_clock,Clock,18,20,32,1,2,72.01909,0.3357551363975349
merged_clock,Clock,18,20,32,1,2,73.01382,0.3377152042555364
merged_clock,Clock,18,20,32,1,2,74.01805,0.33969967497495845
merged_clock,Clock,18,20,32,1,2,75.01324,0.34167183392459244
merged_clock,Clock,18,20,32,1,2,76.0176,0.3436677479552765
merged_clock,Clock,18,20,32,1,2,77.01219,0.3456496971453611
merged_clock,Clock,18,20,32,1,2,78.01801,0.3476594927109806
merged_clock,Clock,18,20,32,1,2,79.01147,0.3496499179783135
merged_clock,Clock,18,20,32,1,2,80.01809,0.3516720839685247
merged_clock,Clock,18,20,32,1,2,81.01084,0.35367161162057387
merged_clock,Clock,18,20,32,1,2,82.01569,0.35570073644828953
merged_clock,Clock,18,20,32,1,2,83.00967,0.35771300624636704
merged_clock,Clock,18,20,32,1,2,84.01677,0.3597569854506289
merged_clock,Clock,18,20,32,1,2,85.01046,0.3617787422827558
merged_clock,Clock,18,20,32,1,2,86.01457,0.3638266860831981
merged_clock,Clock,18,20,32,1,2,87.00938,0.3658605245229318
merged_clock,Clock,18,20,32,1,2,88.01499,0.3679213380179345
merged_clock,Clock,18,20,32,1,2,89.00937,0.3699638760837543
merged_clock,Clock,18,20,32,1,2,90.01464,0.37203353522264315
merged_clock,Clock,18,20,32,1,2,91.01879,0.37410558069910427
merged_clock,Clock,18,20,32,1,2,92.01122,0.37615799141925566
merged_clock,Clock,18,20,32,1,2,93.01852,0.3782456938488206
merged_clock,Clock,18,20,32,1,2,94.01377,0.38031288625160387
merged_clock,Clock,18,20,32,1,2,95.01805,0.3824032338467169
merged_clock,Clock,18,20,32,1,2,96.01261,0.3844776478346245
merged_clock,Clock,18,20,32,1,2,97.01575,0.386574212250391
merged_clock,Clock,18,20,32,1,2,98.01261,0.3886618435899413
merged_clock,Clock,18,20,32,1,2,99.01852,0.3907725562596389
merged_clock,Clock,18,20,32,1,2,100.0113,0.3928597500666198
merged_clock,Clock,18,20,32,1,2,101.0157,0.3949753623049486
merged_clock,Clock,18,20,32,1,2,102.0107,0.39707504660958254
merged_clock,Clock,18,20,32,1,2,103.0147,0.39919759400303384
merged_clock,Clock,18,20,32,1,2,104.0102,0.40130590329761445
merged_clock,Clock,18,20,32,1,2,105.0154,0.40343847696861723
merged_clock,Clock,18,20,32,1,2,106.0096,0.4055512901927847
merged_clock,Clock,18,20,32,1,2,107.0156,0.4076927680306425
merged_clock,Clock,18,20,32,1,2,108.0097,0.40981234412747386
merged_clock,Clock,18,20,32,1,2,109.0142,0.4119575169519244
merged_clock,Clock,18,20,32,1,2,110.0082,0.414083568638761
merged_clock,Clock,18,20,32,1,2,111.0138,0.4162376863936149
merged_clock,Clock,18,20,32,1,1,112.0179,0.41839178136706173
merged_clock,Clock,18,20,32,1,1,113.0144,0.4205326561211212
merged_clock,Clock,18,20,32,1,1,114.018,0.42269181627414376
merged_clock,Clock,18,20,32,1,1,115.0132,0.4248358257552158
merged_clock,Clock,18,20,32,1,1,116.0172,0.4270016555445415
merged_clock,Clock,18,20,32,1,1,117.0128,0.4291521491790943
merged_clock,Clock,18,20,32,1,1,118.0175,0.4313250009978618
merged_clock,Clock,18,20,32,1,1,119.0129,0.43348034989273854
merged_clock,Clock,18,20,32,1,1,120.0177,0.4356586066245518
merged_clock,Clock,18,20,32,1,1,121.011,0.4378143825168861
merged_clock,Clock,18,20,32,1,1,122.0157,0.43999728752639594
merged_clock,Clock,18,20,32,1,1,123.0121,0.4421644522205907
merged_clock,Clock,18,20,32,1,1,124.0152,0.44434841322363094
merged_clock,Clock,18,20,32,1,1,125.0103,0.4465170928905615
merged_clock,Clock,18,20,32,1,1,126.0166,0.44871225295607575
merged_clock,Clock,18,20,32,1,1,127.0105,0.45088231521551
merged_clock,Clock,18,20,32,1,1,128.0149,0.45307719830345305
merged_clock,Clock,18,20,32,1,1,129.0176,0.4552702015531688
merged_clock,Clock,18,20,32,1,1,130.0147,0.4574526789502949
merged_clock,Clock,18,20,32,1,1,131.0191,0.45965280652033813
merged_clock,Clock,18,20,32,1,1,132.0146,0.461834967693866
merged_clock,Clock,18,20,32,1,1,133.0088,0.46401574637386334
merged_clock,Clock,18,20,32,1,1,134.0134,0.46622071663982695
merged_clock,Clock,18,20,32,1,1,135.0188,0.4684287841847274
merged_clock,Clock,18,20,32,1,1,136.0134,0.47061434312054123
merged_clock,Clock,18,20,32,1,1,137.0154,0.4728173039572331
merged_clock,Clock,18,20,32,1,1,138.0115,0.4750083653086225
merged_clock,Clock,18,20,32,1,1,139.0172,0.4772214808797945
merged_clock,Clock,18,20,32,1,1,140.0108,0.4794088814237354
merged_clock,Clock,18,20,32,1,1,141.0175,0.4816259088856446
merged_clock,Clock,18,20,32,1,1,142.0103,0.4838130322397156
merged_clock,Clock,18,20,32,1,1,143.0176,0.48603272330443453
merged_clock,Clock,18,20,32,1,1,144.01,0.48822013617206483
merged_clock,Clock,18,20,32,1,1,145.0161,0.49043821158411766
merged_clock,Clock,18,20,32,1,1,146.0108,0.4926315285400813
merged_clock,Clock,18,20,32,1,1,147.0163,0.4948489208656024
merged_clock,Clock,18,20,32,1,1,148.0093,0.4970389531895134
merged_clock,Clock,18,20,32,1,1,149.0147,0.4992564607596085
merged_clock,Clock,18,20,32,1,1,150.0185,0.5014704638138591
merged_clock,Clock,18,20,32,1,1,151.0144,0.503667010403581
merged_clock,Clock,18,20,32,1,1,152.0169,0.5058779524989766
merged_clock,Clock,18,20,32,1,1,153.0127,0.5080738602995096
merged_clock,Clock,18,20,32,1,1,154.0087,0.5102699275791884
merged_clock,Clock,18,20,32,1,1,155.0125,0.5124827856388525
merged_clock,Clock,18,20,32,1,1,156.0175,0.514697810966373
merged_clock,Clock,18,20,32,1,1,157.0109,0.5168866766908992
merged_clock,Clock,18,20,32,1,1,158.0174,0.5191037623017476
merged_clock,Clock,18,20,32,1,1,159.012,0.5212938924466174
merged_clock,Clock,18,20,32,1,1,160.018,0.5235083228002779
merged_clock,Clock,18,20,32,1,1,161.0096,0.5256901091670377
merged_clock,Clock,18,20,32,1,1,162.0173,0.5279063443974051
merged_clock,Clock,18,20,32,1,1,163.0103,0.5300891542048236
merged_clock,Clock,18,20,32,1,1,164.0173,0.5323015801930633
merged_clock,Clock,18,20,32,1,1,165.0189,0.5345008795244099
merged_clock,Clock,18,20,32,1,1,166.0151,0.5366869884821202
merged_clock,Clock,18,20,32,1,1,167.01,0.5388688112628365
merged_clock,Clock,18,20,32,1,1,168.0143,0.5410697710586314
merged_clock,Clock,18,20,32,1,1,169.0091,0.5432483193501423
merged_clock,Clock,18,20,32,1,1,170.014,0.5454473435843581
merged_clock,Clock,18,20,32,1,1,171.0084,0.5476216184515077
merged_clock,Clock,18,20,32,1,1,172.013,0.5498163359210719
merged_clock,Clock,18,20,32,1,1,173.018,0.5520100150773923
merged_clock,Clock,18,20,32,1,1,174.0129,0.5541796206271008
merged_clock,Clock,18,20,32,1,1,175.0199,0.5563735463324885
merged_clock,Clock,18,20,32,1,1,176.0122,0.5585333099856308
merged_clock,Clock,18,20,32,1,1,177.0179,0.5607199418306636
merged_clock,Clock,18,20,32,1,1,178.0117,0.562878416244156
merged_clock,Clock,18,20,32,1,1,179.0178,0.565061179003551
merged_clock,Clock,18,20,32,1,1,180.0106,0.5672126053124479
merged_clock,Clock,18,20,32,1,1,181.0175,0.5693919986898939
merged_clock,Clock,18,20,32,1,1,182.0107,0.5715391034086845
merged_clock,Clock,18,20,32,1,1,183.0149,0.5737072562283279
merged_clock,Clock,18,20,32,1,1,184.0101,0.5758532126761838
merged_clock,Clock,18,20,32,1,1,185.0164,0.5780201843635345
merged_clock,Clock,18,20,32,1,1,186.0087,0.5801540549394256
merged_clock,Clock,18,20,32,1,1,187.0147,0.5823143364781949
merged_clock,Clock,18,20,32,1,1,188.0101,0.5844487735981877
merged_clock,Clock,18,20,32,1,1,189.0145,0.5865992755735454
merged_clock,Clock,18,20,32,1,1,190.0089,0.5887251297400458
merged_clock,Clock,18,20,32,1,1,191.0141,0.5908707180465884
merged_clock,Clock,18,20,32,1,1,192.0196,0.5930135008005069
merged_clock,Clock,18,20,32,1,1,193.0127,0.5951263468721427
merged_clock,Clock,18,20,32,1,1,194.0189,0.5972635225358135
merged_clock,Clock,18,20,32,1,1,195.0131,0.5993715705830192
merged_clock,Clock,18,20,32,1,1,196.017,0.6014964376230338
merged_clock,Clock,18,20,32,1,1,197.0139,0.6036027356723063
merged_clock,Clock,18,20,32,1,1,198.0189,0.6057222707594413
merged_clock,Clock,18,20,32,1,1,199.011,0.6078106876507581
merged_clock,Clock,18,20,32,1,1,200.017,0.60992434523255
merged_clock,Clock,18,20,32,1,1,201.0121,0.6120110589751568
merged_clock,Clock,18,20,32,1,1,202.0165,0.614113101340376
merged_clock,Clock,18,20,32,1,1,203.0116,0.6161915078929073
merged_clock,Clock,18,20,32,1,1,204.0152,0.6182833755250091
merged_clock,Clock,18,20,32,1,1,205.0103,0.6203532064253152
merged_clock,Clock,18,20,32,1,1,206.0148,0.6224381565822877
merged_clock,Clock,18,20,32,1,1,207.0102,0.6244997407794765
merged_clock,Clock,18,20,32,1,1,208.0152,0.62657666608894
merged_clock,Clock,18,20,32,1,1,209.0089,0.6286256469105075
merged_clock,Clock,18,20,32,1,1,210.0144,0.6306942815821118
merged_clock,Clock,18,20,32,1,1,211.019,0.6327562481214961
merged_clock,Clock,18,20,32,1,1,212.0146,0.6347949860654287
merged_clock,Clock,18,20,32,1,1,213.0184,0.6368456212325506
merged_clock,Clock,18,20,32,1,1,214.0145,0.6388756075093874
merged_clock,Clock,18,20,32,1,1,215.0192,0.6409181188717973
merged_clock,Clock,18,20,32,1,1,216.0108,0.6429290179339289
merged_clock,Clock,18,20,32,1,1,217.0188,0.6449680022869687
merged_clock,Clock,18,20,32,1,1,218.0127,0.646973326161771
merged_clock,Clock,18,20,32,1,1,219.0183,0.6489970096142026
merged_clock,Clock,18,20,32,1,1,220.0118,0.6509910956240434
merged_clock,Clock,18,20,32,1,1,221.0171,0.6530035207103883
merged_clock,Clock,18,20,32,1,1,222.0114,0.654988527404052
merged_clock,Clock,18,20,32,1,1,223.0159,0.656988439917766
merged_clock,Clock,18,20,32,1,1,224.0093,0.6589607711434966
merged_clock,Clock,18,20,32,1,1,225.0162,0.6609543435533117
merged_clock,Clock,18,20,32,1,1,226.0101,0.6629165635985058
merged_clock,Clock,18,20,32,1,1,227.0162,0.6648971815811496
merged_clock,Clock,18,20,32,1,1,228.0197,0.6668668960332378
merged_clock,Clock,18,20,32,1,1,229.0147,0.6688141904403009
merged_clock,Clock,18,20,32,1,1,230.009,0.6707543841394051
merged_clock,Clock,18,20,32,1,1,231.0148,0.6727110931044985
merged_clock,Clock,18,20,32,1,1,232.0199,0.674660454431712
merged_clock,Clock,18,20,32,1,1,233.0121,0.676578895535917
merged_clock,Clock,18,20,32,1,1,234.0193,0.6785202814661173
merged_clock,Clock,18,20,32,1,1,235.0128,0.6804292315133611
merged_clock,Clock,18,20,32,1,1,236.0184,0.6823552922370165
merged_clock,Clock,18,20,32,1,1,237.0118,0.6842518634104817
merged_clock,Clock,18,20,32,1,1,238.0171,0.6861649605628678
merged_clock,Clock,18,20,32,1,1,239.0134,0.688054674161558
merged_clock,Clock,18,20,32,1,1,240.0174,0.6899526939426179
merged_clock,Clock,18,20,32,1,1,241.0109,0.691824591075516
merged_clock,Clock,18,20,32,1,1,242.0174,0.693714574834348
merged_clock,Clock,18,20,32,1,1,243.0108,0.6955736099860664
merged_clock,Clock,18,20,32,1,1,244.0148,0.697445997865963
merged_clock,Clock,18,20,32,1,1,245.0102,0.6992958822628146
merged_clock,Clock,18,20,32,1,1,246.0142,0.7011552404813861
merged_clock,Clock,18,20,32,1,1,247.0095,0.7029919350081575
merged_clock,Clock,18,20,32,1,1,248.0159,0.7048424545823945
merged_clock,Clock,18,20,32,1,1,249.02,0.7066820693842322
merged_clock,Clock,18,20,32,1,1,250.0159,0.708500002340806
merged_clock,Clock,18,20,32,1,1,251.0192,0.7103247215314011
merged_clock,Clock,18,20,32,1,1,252.0122,0.712124058693753
merged_clock,Clock,18,20,32,1,1,253.0195,0.7139424551125805
merged_clock,Clock,18,20,32,1,1,254.0143,0.7157315183200568
merged_clock,Clock,18,20,32,1,1,255.0187,0.7175310094416393
merged_clock,Clock,18,20,32,1,1,256.0135,0.7193064258146359
merged_clock,Clock,18,20,32,1,1,257.0157,0.7210881795566138
merged_clock,Clock,18,20,32,1,1,258.0135,0.7228552137499127
merged_clock,Clock,18,20,32,1,1,259.0182,0.7246274703992404
merged_clock,Clock,18,20,32,1,1,260.012,0.726373579895731
merged_clock,Clock,18,20,32,1,1,261.0171,0.7281324924390334
merged_clock,Clock,18,20,32,1,1,262.0101,0.7298632820494426
merged_clock,Clock,18,20,32,1,1,263.0161,0.7316096369343089
merged_clock,Clock,18,20,32,1,1,264.0101,0.7333280822427306
merged_clock,Clock,18,20,32,1,1,265.0136,0.7350558693944019
merged_clock,Clock,18,20,32,1,1,266.0092,0.7367629039093967
merged_clock,Clock,18,20,32,1,1,267.0129,0.7384767370985731
merged_clock,Clock,18,20,32,1,1,268.0095,0.740171230726577
merged_clock,Clock,18,20,32,1,1,269.0145,0.7418728136268353
merged_clock,Clock,18,20,32,1,1,270.0187,0.7435657789635234
merged_clock,Clock,18,20,32,1,1,271.0134,0.7452355050233931
merged_clock,Clock,18,20,32,1,1,272.0087,0.7468990776690629
merged_clock,Clock,18,20,32,1,1,273.0116,0.7485680708985811
merged_clock,Clock,18,20,32,1,1,274.0177,0.7502350362871877
merged_clock,Clock,18,20,32,1,1,275.0121,0.7518753252989681
merged_clock,Clock,18,20,32,1,1,276.0184,0.7535279335558905
merged_clock,Clock,18,20,32,1,1,277.0122,0.7551527088690271
merged_clock,Clock,18,20,32,1,1,278.0174,0.756788715801195
merged_clock,Clock,18,20,32,1,1,279.0111,0.7583987396492815
merged_clock,Clock,18,20,32,1,1,280.0171,0.7600212268073002
merged_clock,Clock,18,20,32,1,1,281.0084,0.7616127306122739
merged_clock,Clock,18,20,32,1,1,282.0154,0.763222026988316
merged_clock,Clock,18,20,32,1,1,283.0103,0.7648045875591712
merged_clock,Clock,18,20,32,1,1,284.0168,0.7663981260307658
merged_clock,Clock,18,20,32,1,1,285.0093,0.7679621219533738
merged_clock,Clock,18,20,32,1,1,286.0151,0.7695396152115893
merged_clock,Clock,18,20,32,1,1,287.0084,0.7710900962019424
merged_clock,Clock,18,20,32,1,1,288.0136,0.7726517209174879
merged_clock,Clock,18,20,32,1,1,289.0085,0.7741899029446451
merged_clock,Clock,18,20,32,1,1,290.0133,0.7757358753564818
merged_clock,Clock,18,20,32,1,1,291.0176,0.7772735627126783
merged_clock,Clock,18,20,32,1,1,292.0125,0.7787894271891165
merged_clock,Clock,18,20,32,1,1,293.0178,0.7803135838713339
merged_clock,Clock,18,20,32,1,1,294.0131,0.7818151630507888
merged_clock,Clock,18,20,32,1,1,295.0174,0.7833228100937674
merged_clock,Clock,18,20,32,1,1,296.0108,0.7848066739495032
merged_clock,Clock,18,20,32,1,1,297.0173,0.7863025574035737
merged_clock,Clock,18,20,32,1,1,298.0109,0.7877718139302415
merged_clock,Clock,18,20,32,1,1,299.0171,0.7892521727793275
merged_clock,Clock,18,20,32,1,1,300.0103,0.7907060127834755
merged_clock,Clock,18,20,32,1,1,301.0146,0.7921685116226399
merged_clock,Clock,19,21,34,0,0,0.0,0.19972743531672693
merged_clock,Clock,19,21,34,0,0,0.9994476,0.2012314938786124
merged_clock,Clock,19,21,34,0,0,1.994875,0.2027379084226433
merged_clock,Clock,19,21,34,0,0,2.999612,0.20426692324165951
merged_clock,Clock,19,21,34,0,0,4.004817,0.20580521072359811
merged_clock,Clock,19,21,34,0,0,4.99759,0.20733288099743588
merged_clock,Clock,19,21,34,0,0,6.003958,0.20889000120438944
merged_clock,Clock,19,21,34,0,0,6.999044,0.21043811001136004
merged_clock,Clock,19,21,34,0,0,8.003263,0.2120089435106394
merged_clock,Clock,19,21,34,0,0,8.995165,0.21356890550349547
merged_clock,Clock,19,21,34,0,0,10.00279,0.2151621407836556
merged_clock,Clock,19,21,34,0,0,10.99703,0.21674264957027617
merged_clock,Clock,19,21,34,0,0,12.00305,0.21835041395481747
merged_clock,Clock,19,21,34,0,0,12.99624,0.2199460880038552
merged_clock,Clock,19,21,34,0,0,14.00247,0.221571234245153
merged_clock,Clock,19,21,34,0,0,14.99544,0.22318336641883738
merged_clock,Clock,19,21,34,0,0,16.00013,0.22482301816458192
merged_clock,Clock,19,21,34,0,0,16.99496,0.22645498883396134
merged_clock,Clock,19,21,34,0,0,18.00122,0.22811421308400243
merged_clock,Clock,19,21,34,0,0,18.99453,0.2297604641265223
merged_clock,Clock,19,21,34,0,0,19.99986,0.2314351101058387
merged_clock,Clock,19,21,34,0,0,20.99475,0.23310074052880178
merged_clock,Clock,19,21,34,0,0,21.99822,0.23478917429325638
merged_clock,Clock,19,21,34,0,0,23.00279,0.23648792913861297
merged_clock,Clock,19,21,34,0,0,23.99924,0.23818131620945082
merged_clock,Clock,19,21,34,0,0,25.00447,0.23989804950336288
merged_clock,Clock,19,21,34,0,0,25.99812,0.24160330777603706
merged_clock,Clock,19,21,34,0,0,27.00302,0.24333625699214537
merged_clock,Clock,19,21,34,0,0,27.99656,0.24505788671364373
merged_clock,Clock,19,21,34,0,0,29.00081,0.2468064189726182
merged_clock,Clock,19,21,34,0,0,29.9968,0.24854883032897304
merged_clock,Clock,19,21,34,0,0,31.00224,0.2503161058417115
merged_clock,Clock,19,21,34,0,0,31.99723,0.25207323675016263
merged_clock,Clock,19,21,34,0,0,33.00143,0.2538549015786971
merged_clock,Clock,19,21,34,0,0,33.99636,0.25562829418936445
merged_clock,Clock,19,21,34,0,0,35.00084,0.25742693762256585
merged_clock,Clock,19,21,34,0,0,35.99483,0.2592149230079812
merged_clock,Clock,19,21,34,0,0,37.00138,0.26103370430896566
merged_clock,Clock,19,21,34,0,0,37.99451,0.2628363055766539
merged_clock,Clock,19,21,34,0,0,39.00093,0.26467118090506186
merged_clock,Clock,19,21,34,0,0,40.00412,0.2665083044386403
merged_clock,Clock,19,21,34,0,0,40.99927,0.26833871000687126
merged_clock,Clock,19,21,34,0,0,42.0052,0.2701970072367241
merged_clock,Clock,19,21,34,0,0,42.99892,0.27204069121522184
merged_clock,Clock,19,21,34,0,0,44.00444,0.27391426540128355
merged_clock,Clock,19,21,34,0,0,44.99876,0.2757748524129602
merged_clock,Clock,19,21,34,0,0,46.00415,0.27766409053052993
merged_clock,Clock,19,21,34,0,0,46.99654,0.27953669250661695
merged_clock,Clock,19,21,34,0,0,48.00307,0.28144385243264985
merged_clock,Clock,19,21,34,0,0,48.99766,0.28333614305538796
merged_clock,Clock,19,21,34,0,0,50.00279,0.2852562742821266
merged_clock,Clock,19,21,34,0,0,50.99631,0.2871619010551143
merged_clock,Clock,19,21,34,0,0,52.00176,0.28909811859440016
merged_clock,Clock,19,21,34,0,0,52.99492,0.2910182584908603
merged_clock,Clock,19,21,34,0,0,54.00145,0.29297189829072395
merged_clock,Clock,19,21,34,0,0,54.99595,0.29490970788712845
merged_clock,Clock,19,21,34,0,0,55.99979,0.29687326176457113
merged_clock,Clock,19,21,34,0,0,57.00555,0.29884812298986707
merged_clock,Clock,19,21,34,0,0,57.99947,0.3008071186013889
merged_clock,Clock,19,21,34,0,0,59.00527,0.30279695482406593
merged_clock,Clock,19,21,34,0,0,59.99879,0.3047697948585032
merged_clock,Clock,19,21,34,0,0,61.0052,0.3067755616901521
merged_clock,Clock,19,21,34,0,0,61.99875,0.30876289753006053
merged_clock,Clock,19,21,34,0,0,63.00438,0.3107816314267378
merged_clock,Clock,19,21,34,0,0,63.99794,0.3127832327470253
merged_clock,Clock,19,21,34,0,0,65.00394,0.31481702235989323
merged_clock,Clock,19,21,34,0,0,65.999,0.31683572053412673
merged_clock,Clock,19,21,34,0,0,67.00326,0.31888008610203655
merged_clock,Clock,19,21,34,0,0,67.99685,0.3209096226023652
merged_clock,Clock,19,21,34,0,0,69.00348,0.322972718830874
merged_clock,Clock,19,21,34,0,0,69.99559,0.3250128251478457
merged_clock,Clock,19,21,34,0,0,71.00234,0.32708984700794697
merged_clock,Clock,19,21,34,0,0,71.99658,0.32914772933011033
merged_clock,Clock,19,21,34,0,0,73.00164,0.33123468572516085
merged_clock,Clock,19,21,34,0,0,73.99619,0.33330638130333157
merged_clock,Clock,19,21,34,0,0,75.00118,0.33540637870209494
merged_clock,Clock,19,21,34,0,0,75.99455,0.3374885164043735
merged_clock,Clock,19,21,34,0,0,77.00041,0.33960327275555824
merged_clock,Clock,19,21,34,0,0,77.99456,0.3416997121432844
merged_clock,Clock,19,21,34,0,0,78.99947,0.34382515787826823
merged_clock,Clock,19,21,34,0,0,80.00282,0.3459535538455802
merged_clock,Clock,19,21,34,0,0,80.99977,0.34807449851912237
merged_clock,Clock,19,21,34,0,0,82.00466,0.35021845257689166
merged_clock,Clock,19,21,34,0,0,82.99812,0.3523439880505036
merged_clock,Clock,19,21,34,0,0,84.00308,0.3545000873712771
merged_clock,Clock,19,21,34,0,0,84.99735,0.3566390883776831
merged_clock,Clock,19,21,34,0,0,86.00452,0.3588116723187508
merged_clock,Clock,19,21,34,0,0,86.99879,0.36096214099887
merged_clock,Clock,19,21,34,0,0,88.0018,0.3631371833635609
merged_clock,Clock,19,21,34,0,0,88.99684,0.3653004840316079
merged_clock,Clock,19,21,34,0,0,90.00277,0.36749299512344297
merged_clock,Clock,19,21,34,0,0,90.99629,0.36966386108594723
merged_clock,Clock,19,21,34,0,0,92.00132,0.3718652427392691
merged_clock,Clock,19,21,34,0,0,92.99554,0.374048188888478
merged_clock,Clock,19,21,34,0,0,94.00105,0.37626117048359164
merged_clock,Clock,19,21,34,0,0,94.99522,0.37845425614123335
merged_clock,Clock,19,21,34,0,0,96.00096,0.3806779587622822
merged_clock,Clock,19,21,34,0,0,97.00477,0.38290237891161505
merged_clock,Clock,19,21,34,0,0,97.99976,0.38511212268392153
merged_clock,Clock,19,21,34,0,0,98.99446,0.38732595181490664
merged_clock,Clock,19,21,34,0,0,99.99865,0.3895656349368216
merged_clock,Clock,19,21,34,0,0,101.0051,0.391815039195411
merged_clock,Clock,19,21,34,0,0,101.9998,0.39404272468417034
merged_clock,Clock,19,21,34,0,0,103.0052,0.39629884947057537
merged_clock,Clock,19,21,34,0,0,103.9966,0.3985278709064566
merged_clock,Clock,19,21,34,0,0,105.0012,0.40079088416633174
merged_clock,Clock,19,21,34,0,0,105.9983,0.4030411951938777
merged_clock,Clock,19,21,34,0,0,107.0029,0.4053125667722245
merged_clock,Clock,19,21,34,0,0,107.9961,0.40756215924112776
merged_clock,Clock,19,21,34,0,0,109.0011,0.4098424179217622
merged_clock,Clock,19,21,34,0,0,109.9978,0.4121076953062374
merged_clock,Clock,19,21,34,0,0,111.0016,0.414392867766188
merged_clock,Clock,19,21,34,0,0,111.9963,0.4166609601379668
merged_clock,Clock,19,21,34,0,0,113.0009,0.41895521892084014
merged_clock,Clock,19,21,34,0,0,113.9953,0.4212296394774047
merged_clock,Clock,19,21,34,0,0,115.0012,0.4235337630782189
merged_clock,Clock,19,21,34,0,0,115.996,0.425815752278223
merged_clock,Clock,19,21,34,0,0,117.0011,0.42812456389313364
merged_clock,Clock,19,21,34,0,0,118.0053,0.4304344549207747
merged_clock,Clock,19,21,34,0,0,118.9996,0.4327245545517828
merged_clock,Clock,19,21,34,0,0,120.0041,0.4350410530468678
merged_clock,Clock,19,21,34,0,0,120.9999,0.437340315031021
merged_clock,Clock,19,21,34,0,0,122.0042,0.4396619309497804
merged_clock,Clock,19,21,34,0,0,122.9982,0.4419623227410789
merged_clock,Clock,19,21,34,0,0,124.0037,0.44429187702811485
merged_clock,Clock,19,21,34,0,0,124.9974,0.446596495675341
merged_clock,Clock,19,21,34,0,0,126.0027,0.4489303650466472
merged_clock,Clock,19,21,34,0,0,126.9956,0.4512376444853402
merged_clock,Clock,19,21,34,0,0,128.0025,0.4535796172080513
merged_clock,Clock,19,21,34,0,0,128.997,0.4558947372326381
merged_clock,Clock,19,21,34,0,0,129.9998,0.45823114779945995
merged_clock,Clock,19,21,34,0,0,130.9974,0.460557259703807
merged_clock,Clock,19,21,34,0,0,132.0014,0.4629000148019705
merged_clock,Clock,19,21,34,0,0,132.996,0.46522245357755876
merged_clock,Clock,19,21,34,0,0,134.001,0.4675707243849961
merged_clock,Clock,19,21,34,0,0,134.9956,0.4698960952635357
merged_clock,Clock,19,21,34,0,0,136.0013,0.4722487312128251
merged_clock,Clock,19,21,34,0,0,136.9946,0.47457359361584744
merged_clock,Clock,19,21,34,0,0,137.9994,0.47692650588565916
merged_clock,Clock,19,21,34,0,0,138.9942,0.47925698834092306
merged_clock,Clock,19,21,34,0,0,139.9981,0.4816096908939916
merged_clock,Clock,19,21,34,0,0,140.9945,0.483945677829576
merged_clock,Clock,19,21,34,0,0,141.9991,0.48630154904398837
merged_clock,Clock,19,21,34,0,0,143.0028,0.4886559528875498
merged_clock,Clock,19,21,34,0,0,143.9971,0.49098876936207164
merged_clock,Clock,19,21,34,0,0,145.0011,0.49334475273997075
merged_clock,Clock,19,21,34,0,0,145.9977,0.49568366267026454
merged_clock,Clock,19,21,34,0,0,147.0029,0.4980429609696761
merged_clock,Clock,19,21,34,0,0,147.9971,0.5003765237039085
merged_clock,Clock,19,21,34,0,0,149.0017,0.5027344594387348
merged_clock,Clock,19,21,34,0,0,149.9979,0.5050725772458217
merged_clock,Clock,19,21,34,0,0,151.0009,0.5074264432518478
merged_clock,Clock,19,21,34,0,0,151.9956,0.5097605040409948
merged_clock,Clock,19,21,34,0,0,153.0017,0.512120841801718
merged_clock,Clock,19,21,34,0,0,153.9948,0.5144501859542643
merged_clock,Clock,19,21,34,0,0,154.9999,0.5168070214801312
merged_clock,Clock,19,21,34,0,0,156.0051,0.5191633598760147
merged_clock,Clock,19,21,34,0,0,156.9993,0.5214930711572434
merged_clock,Clock,19,21,34,0,0,157.9948,0.5238248852250866
merged_clock,Clock,19,21,34,0,0,158.9985,0.5261748768331524
merged_clock,Clock,19,21,34,0,0,160.0049,0.5285299923877177
merged_clock,Clock,19,21,34,0,0,160.9986,0.5308541539051987
merged_clock,Clock,19,21,34,0,0,162.0039,0.5332041130109513
merged_clock,Clock,19,21,34,0,0,162.9992,0.5355292235983334
merged_clock,Clock,19,21,34,0,0,164.0025,0.5378714503371561
merged_clock,Clock,19,21,34,0,0,164.9986,0.5401952111050738
merged_clock,Clock,19,21,34,0,0,166.0025,0.5425354302144954
merged_clock,Clock,19,21,34,0,0,166.9952,0.5448476614006382
merged_clock,Clock,19,21,34,0,0,168.0004,0.5471870674783347
merged_clock,Clock,19,21,34,0,0,168.9962,0.5495025450829677
merged_clock,Clock,19,21,34,0,0,170.0016,0.5518381661116619
merged_clock,Clock,19,21,34,0,0,171.0052,0.5541673259415096
merged_clock,Clock,19,21,34,0,0,172.0028,0.556480213711721
merged_clock,Clock,19,21,34,0,0,172.9959,0.5587802009775278
merged_clock,Clock,19,21,34,0,0,174.0015,0.5611065985881649
merged_clock,Clock,19,21,34,0,0,174.9959,0.5634044480190215
merged_clock,Clock,19,21,34,0,0,176.0004,0.5657228787669434
merged_clock,Clock,19,21,34,0,0,176.9951,0.5680158695309753
merged_clock,Clock,19,21,34,0,0,177.9991,0.570327329197264
merged_clock,Clock,19,21,34,0,0,179.0031,0.5726357262722767
merged_clock,Clock,19,21,34,0,0,179.9992,0.5749228639146241
merged_clock,Clock,19,21,34,0,0,181.0041,0.5772269361839399
merged_clock,Clock,19,21,34,0,0,182.0009,0.5795091165236319
merged_clock,Clock,19,21,34,0,0,183.0034,0.5818009394902978
merged_clock,Clock,19,21,34,0,0,183.9991,0.5840737142666738
merged_clock,Clock,19,21,34,0,0,185.0036,0.5863629682623932
merged_clock,Clock,19,21,34,0,0,185.998,0.5886255316413027
merged_clock,Clock,19,21,34,0,0,187.0041,0.5909109163078476
merged_clock,Clock,19,21,34,0,0,187.9978,0.593164272729709
merged_clock,Clock,19,21,34,0,0,189.0042,0.5954424282122515
merged_clock,Clock,19,21,34,0,0,189.9981,0.597688265879197
merged_clock,Clock,19,21,34,0,0,191.0018,0.5999521218942262
merged_clock,Clock,19,21,34,0,0,191.9958,0.6021898905277249
merged_clock,Clock,19,21,34,0,0,193.0028,0.6044525782251077
merged_clock,Clock,19,21,34,0,0,193.9958,0.6066794201573178
merged_clock,Clock,19,21,34,0,0,195.0008,0.608928651988393
merged_clock,Clock,19,21,34,0,0,195.9953,0.6111498762082112
merged_clock,Clock,19,21,34,0,0,197.0005,0.6133903102537218
merged_clock,Clock,19,21,34,0,0,197.9951,0.6156023936736249
merged_clock,Clock,19,21,34,0,0,199.0003,0.6178332157749346
merged_clock,Clock,19,21,34,0,0,200.0032,0.6200539855153646
merged_clock,Clock,19,21,34,0,0,200.9986,0.62225317267513
merged_clock,Clock,19,21,34,0,0,202.0045,0.6244704880876957
merged_clock,Clock,19,21,34,0,0,203.0001,0.62665997304992
merged_clock,Clock,19,21,34,0,0,204.0043,0.6288631044849309
merged_clock,Clock,19,21,34,0,0,204.9988,0.6310396754807047
merged_clock,Clock,19,21,34,0,0,206.0033,0.6332327536737695
merged_clock,Clock,19,21,34,0,0,206.9986,0.6354003149729862
merged_clock,Clock,19,21,34,0,0,208.0043,0.6375849749242036
merged_clock,Clock,19,21,34,0,0,208.9964,0.6397345145758434
merged_clock,Clock,19,21,34,0,0,210.0023,0.6419082683984509
merged_clock,Clock,19,21,34,0,0,210.9965,0.644051013779976
merged_clock,Clock,19,21,34,0,0,212.0011,0.6462103094588647
merged_clock,Clock,19,21,34,0,0,212.9958,0.648342492798651
merged_clock,Clock,19,21,34,0,0,214.0008,0.6504907295675543
merged_clock,Clock,19,21,34,0,0,214.9956,0.652611211274362
merged_clock,Clock,19,21,34,0,0,216.0012,0.6547485527831358
merged_clock,Clock,19,21,34,0,0,216.9952,0.6568550854052067
merged_clock,Clock,19,21,34,0,0,217.9999,0.6589780607554925
merged_clock,Clock,19,21,34,0,0,218.995,0.6610744888705264
merged_clock,Clock,19,21,34,0,0,219.999,0.6631832732100921
merged_clock,Clock,19,21,34,0,0,221.0044,0.665288514981031
merged_clock,Clock,19,21,34,0,0,221.9991,0.6673649046751076
merged_clock,Clock,19,21,34,0,0,223.0045,0.6694570366663078
merged_clock,Clock,19,21,34,0,0,223.998,0.671517838280572
merged_clock,Clock,19,21,34,0,0,225.0036,0.6735970347614691
merged_clock,Clock,19,21,34,0,0,225.9976,0.6756455668801339
merged_clock,Clock,19,21,34,0,0,227.0022,0.6777091104111366
merged_clock,Clock,19,21,34,0,0,227.9973,0.6797463503018344
merged_clock,Clock,19,21,34,0,0,229.0022,0.6817967132871332
merged_clock,Clock,19,21,34,0,0,229.9964,0.6838183420745364
merged_clock,Clock,19,21,34,0,0,231.0031,0.6858583255038873
merged_clock,Clock,19,21,34,0,0,231.9965,0.6878643639140031
merged_clock,Clock,19,21,34,0,0,232.9998,0.6898832462111882
merged_clock,Clock,19,21,34,0,0,233.9961,0.6918809014187205
merged_clock,Clock,19,21,34,0,0,235.0015,0.6938895653282564
merged_clock,Clock,19,21,34,0,0,235.9947,0.6958666657158293
merged_clock,Clock,19,21,34,0,0,236.9994,0.6978593033318662
merged_clock,Clock,19,21,34,0,0,238.003,0.6998423500822258
merged_clock,Clock,19,21,34,0,0,239.0001,0.7018051710059837
merged_clock,Clock,19,21,34,0,0,240.0047,0.7037752542323379
merged_clock,Clock,19,21,34,0,0,240.9989,0.7057175181398192
merged_clock,Clock,19,21,34,0,0,242.0035,0.7076725201790308
merged_clock,Clock,19,21,34,0,0,242.9972,0.709598800690592
merged_clock,Clock,19,21,34,0,0,244.0031,0.7115410864218883
merged_clock,Clock,19,21,34,0,0,244.9968,0.7134521971868247
merged_clock,Clock,19,21,34,0,0,246.0017,0.7153771225378592
merged_clock,Clock,19,21,34,0,0,246.9965,0.7172750378181101
merged_clock,Clock,19,21,34,0,0,248.0024,0.7191862711799112
merged_clock,Clock,19,21,34,0,0,248.9962,0.7210667883653784
merged_clock,Clock,19,21,34,0,0,250.0026,0.7229632363706553
merged_clock,Clock,19,21,34,0,0,250.9962,0.7248277665359464
merged_clock,Clock,19,21,34,0,0,252.0011,0.7267055471280414
merged_clock,Clock,19,21,34,0,0,252.9957,0.7285561887887275
merged_clock,Clock,19,21,34,0,0,254.0012,0.7304191177568503
merged_clock,Clock,19,21,34,0,0,254.9948,0.7322520238695254
merged_clock,Clock,19,21,34,0,0,255.9983,0.7340951822014258
merged_clock,Clock,19,21,34,0,0,257.0043,0.7359347660879091
merged_clock,Clock,19,21,34,0,0,258.0005,0.7377483476297009
merged_clock,Clock,19,21,34,0,0,258.994,0.7395490250465926
merged_clock,Clock,19,21,34,0,0,259.9998,0.7413638143178648
merged_clock,Clock,19,21,34,0,0,261.0038,0.7431671778793155
merged_clock,Clock,19,21,34,0,0,261.9991,0.7449467236232269
merged_clock,Clock,19,21,34,0,0,263.0036,0.746734452305832
merged_clock,Clock,19,21,34,0,0,263.9961,0.7484926835236909
merged_clock,Clock,19,21,34,0,0,265.0033,0.7502686678813667
merged_clock,Clock,19,21,34,0,0,265.9961,0.7520110462160206
merged_clock,Clock,19,21,34,0,0,267.0021,0.7537682851778902
merged_clock,Clock,19,21,34,0,0,267.9958,0.7554957387602402
merged_clock,Clock,19,21,34,0,0,269.0,0.7572331489142435
merged_clock,Clock,19,21,34,0,0,269.996,0.7589480520303502
merged_clock,Clock,19,21,34,0,0,270.9995,0.7606675021472887
merged_clock,Clock,19,21,34,0,0,271.9954,0.7623655507181174
merged_clock,Clock,19,21,34,0,0,272.9984,0.7640673751535039
merged_clock,Clock,19,21,34,0,0,273.9958,0.7657512486663637
merged_clock,Clock,19,21,34,0,0,274.9999,0.7674380639066641
merged_clock,Clock,19,21,34,0,0,275.9947,0.7691008253725764
merged_clock,Clock,19,21,34,0,0,277.0002,0.7707730695477089
merged_clock,Clock,19,21,34,0,0,278.0027,0.7724317497513751
merged_clock,Clock,19,21,34,0,0,278.9988,0.7740715233524955
merged_clock,Clock,19,21,34,0,0,279.9942,0.7757017159039449
merged_clock,Clock,19,21,34,0,0,280.9988,0.7773385066886593
merged_clock,Clock,19,21,34,0,0,282.0044,0.7789683352993308
merged_clock,Clock,19,21,34,0,0,282.9954,0.7805661438003543
merged_clock,Clock,19,21,34,0,0,284.0026,0.7821815543248021
merged_clock,Clock,19,21,34,0,0,284.998,0.783769575297487
merged_clock,Clock,19,21,34,0,0,286.002,0.7853628646213087
merged_clock,Clock,19,21,34,0,0,286.9969,0.7869331932511149
merged_clock,Clock,19,21,34,0,0,288.0016,0.7885105129012271
merged_clock,Clock,19,21,34,0,0,288.9962,0.7900635408476693
merged_clock,Clock,19,21,34,0,0,290.0,0.7916224524020259
merged_clock,Clock,19,21,34,0,0,290.9965,0.7931615373292783
merged_clock,Clock,19,21,34,0,0,292.0005,0.7947037024687975
merged_clock,Clock,19,21,34,0,0,292.9958,0.7962240743874937
merged_clock,Clock,19,21,34,0,0,294.0011,0.7977512159178041
merged_clock,Clock,19,21,34,0,0,294.9947,0.7992521453662601
merged_clock,Clock,19,21,34,0,0,295.9992,0.800761083784002
merged_clock,Clock,19,21,34,0,0,297.0035,0.8022611680416614
merged_clock,Clock,19,21,34,0,0,297.9991,0.803739845327528
merged_clock,Clock,19,21,34,0,0,299.0047,0.8052248448668363
merged_clock,Clock,19,21,34,0,0,299.9994,0.8066853597559933
merged_clock,Clock,19,21,34,0,0,301.0025,0.8081497936241689
merged_clock,Clock,19,21,34,0,0,301.9968,0.8095929879728856
